Time(ms),Gyro X,Gyro Y,Gyro Z,Acc X,Acc Y,Acc Z,Rot X,Rot Y
11358,  -0.3,   0.9,   0.1,   7.5,   8.2,1017.3,   0.3,  -0.0
11386,   0.4,   0.0,  -0.6,  -4.7,   3.6,1001.2,   0.3,  -0.0
11390,   0.1,   0.8,  -0.2, -10.3,  10.9,1000.5,   0.3,  -0.0
11394,  -0.5,   1.8,   0.1,  -5.7,  -3.0,1003.2,   0.3,   0.0
11398,  -0.3,  -0.1,   0.2,   6.3,   1.2,1004.6,   0.3,  -0.0
11402,  -0.6,   0.4,  -0.2,  12.4,  -6.7,1008.0,   0.2,  -0.0
11416,   0.4,   0.9,  -0.2,   6.5,  -6.9, 987.0,   0.2,  -0.0
11420,   0.8,   1.5,   0.8, -14.0,  -8.9,1000.2,   0.2,  -0.0
11424,  -0.6,   1.4,   0.2,  -7.4,  -8.4,1011.7,   0.2,   0.0
11428,   0.4,  -0.5,   0.6,  -3.3,   2.1, 996.1,   0.2,   0.0
11432,  -0.6,   1.2,   0.1,  15.5,   9.2,1003.7,   0.2,  -0.0
11446,  -0.7,   0.9,   0.7,  -1.1,   7.0, 995.8,   0.2,  -0.0
11450,   0.1,  -0.2,   0.1,  -5.7,   4.3, 998.5,   0.2,  -0.0
11454,   0.2,   1.3,   0.4,  -1.5, -10.1,1010.7,   0.2,   0.0
11458,  -0.5,   2.0,  -0.2, -17.4, -11.3,1009.3,   0.1,   0.0
11462,  -0.4,   0.9,   0.1,   4.6,  -9.1, 988.5,   0.1,   0.0
11476,   0.2,   0.8,   0.3,  -8.4,  -2.3, 999.3,   0.1,   0.1
11488,   0.4,   0.7,   0.0,  14.1,   2.6, 992.2,   0.1,   0.1
11512,  -0.6,   0.8,   0.5,  15.8,   0.4, 987.3,   0.0,   0.0
11536,  -0.0,   0.0,  -0.9,   6.0,  -9.3,1001.7,  -0.1,   0.0
11560,  -0.4,  -0.4,   0.0,  10.2,   2.1,1007.3,  -0.0,  -0.0
11588,  -0.7,  -0.2,  -0.2,   2.6,  -4.7,1006.3,  -0.0,  -0.0
11612,   0.2,   0.6,   0.1,   1.9,   9.5,1010.5,  -0.0,  -0.0
11636,  -0.2,   0.4,   0.1,  16.8,  -4.7, 995.8,  -0.0,  -0.0
11660,  -0.1,   1.5,  -0.5,  13.6,  -7.6, 978.3,  -0.1,  -0.1
11688,  -0.5,   0.8,   0.3,   3.8,  -3.2, 997.5,  -0.1,  -0.1
11712,   0.5,   0.9,  -0.2,   2.1,   5.8,1021.7,  -0.0,  -0.1
11736,  -0.6,   1.7,   0.0,   0.9,   6.0,1005.4,  -0.0,  -0.1
11764,  -0.0,   1.1,  -0.1,  -7.2, -11.8, 997.1,  -0.0,  -0.1
11792,   0.1,   2.1,  -0.3, -28.6, -11.3,1005.6,  -0.1,  -0.1
11812,  -0.4,  -0.4,   0.1,  -5.5,   5.3,1001.7,  -0.0,  -0.0
11836,  -0.1,   0.3,  -0.1,  -4.5, -20.6, 997.5,  -0.0,  -0.1
11864,   0.1,  -0.1,   0.2,  -1.8,   1.6,1002.7,  -0.0,  -0.1
11888,  -0.1,   1.1,   0.2,  -9.4,  10.2, 999.0,  -0.0,  -0.0
11912,   0.5,   0.3,  -0.2, -16.7,   1.9,1010.2,  -0.0,  -0.0
11936,   0.1,   0.3,  -0.5,  -5.0,  -9.1, 998.0,  -0.0,  -0.0
11964,   0.1,  -0.1,   0.4,  -1.5,  -0.1,1002.4,  -0.0,  -0.0
11988,   0.1,   0.4,   0.4,   2.6, -12.8,1011.0,  -0.0,  -0.0
12012,  -0.0,   0.2,  -0.5,  -7.2,  -9.1, 992.9,  -0.0,  -0.0
12036,  -0.4,   1.3,   0.1,   8.5,   9.9,1003.4,  -0.0,  -0.0
12064,   0.3,  -1.5,  -0.2,   4.6,  -0.8, 999.5,  -0.0,  -0.0
12088,   0.2,  -0.8,  -0.2,  12.9, -11.3,1006.1,   0.0,  -0.0
12112,  -0.3,   0.9,   0.1,  -4.2,  -6.9,1008.5,  -0.0,  -0.0
12136,  -0.7,   0.7,   0.3,  -5.7,   4.6,1001.0,   0.0,  -0.0
12164,   0.1,  -0.1,  -0.1, -17.2, -22.5, 999.7,  -0.0,   0.0
12188,  -0.0,   1.8,   1.0,  -2.5,  -1.8, 997.3,  -0.0,   0.0
12212,   0.4,   1.9,  -0.0,   4.3,  13.1,1003.9,  -0.0,   0.0
12236,  -0.1,   1.5,  -0.0,  -2.3,   5.1,1013.9,  -0.0,   0.1
12264,  -0.3,   1.0,  -0.3,   0.2, -13.7,1005.4,  -0.1,   0.1
12292,  -0.3,   1.1,   0.0,  -2.8, -18.4, 989.7,  -0.1,   0.1
12312,   0.1,  -1.4,   0.5, -11.1, -14.0, 996.1,  -0.1,   0.1
12336,  -0.3,   1.1,  -0.3,  -7.9,  -0.1,1008.3,  -0.1,   0.0
12364,  -0.3,   1.2,   0.1,  15.8,  -8.4, 994.6,  -0.1,   0.0
12388,   0.1,   1.1,  -0.2,   1.9,  -3.2,1008.8,  -0.1,   0.0
12412,  -0.4,   1.6,   0.1,  29.2,  -0.1,1025.1,  -0.2,   0.0
12436,   0.2,  -0.1,  -0.2, -22.8,   0.4,1010.2,  -0.1,   0.0
12464,  -0.5,   2.1,   0.1,  17.2,   1.6, 996.1,  -0.1,   0.0
12488,   0.4,   0.3,  -0.0, -13.8,  -8.6, 999.5,  -0.1,   0.0
12512,  -0.3,   1.5,  -0.5,  11.6,  -0.8, 992.9,  -0.1,   0.0
12536,   0.1,   0.7,   0.1,   9.2,   0.7,1012.4,  -0.1,  -0.0
12564,   0.6,  -2.2,   0.1,  -8.6,  -4.0, 991.2,  -0.1,  -0.0
12588,  -0.1,   0.3,  -0.2,  21.4,   5.5,1002.2,  -0.1,   0.0
12612,  -0.3,   0.6,  -0.6,  -8.1,  -4.9, 998.3,  -0.1,  -0.0
12636,   0.1,   1.4,  -0.5,   7.7,  -2.0, 997.5,  -0.1,  -0.1
12664,   0.1,   0.1,   0.3, -11.8,  -4.2,1002.2,  -0.1,  -0.0
12687,  -0.1,  -2.1,   0.5, -15.2,   8.2, 994.6,  -0.1,  -0.0
12711,  -0.4,   0.1,   0.6, -23.5, -11.8, 995.1,  -0.0,   0.0
12739,  -0.9,   0.3,   1.1,  -8.9,  -7.1, 996.6,  -0.1,  -0.0
12763,   0.1,  -0.5,   0.1,  12.9,  -0.1, 982.2,  -0.1,  -0.0
12791,   0.1,  -0.2,  -0.2,   5.5,   4.1, 994.6,  -0.1,  -0.0
12815,   0.3,  -0.1,   0.1,  16.8,  -2.5,1010.2,  -0.0,  -0.1
12839,   0.1,   0.4,   0.1, -21.3, -12.8, 999.5,  -0.0,  -0.1
12863,  -0.0,   1.2,   0.4,  -2.8,   2.9,1012.7,   0.0,  -0.0
12887,  -0.4,   0.8,  -0.1,  14.8,   8.2, 998.8,   0.1,  -0.1
12915,   0.4,   1.6,   0.3, -10.6,  -5.7,1007.6,   0.0,  -0.1
12939,  -1.0,   0.2,   1.0,   2.6, -25.7,1000.7,  -0.0,  -0.0
12963,  -0.0,   0.1,   0.2,  -1.8, -14.0, 997.8,  -0.2,   0.0
12987,  -0.5,  -0.8,  -0.8,  -4.5,  -9.3, 997.1,  -0.2,   0.0
13015,  -0.1,  -1.5,  -1.4,  26.8, -16.2, 985.3,  -0.3,  -0.1
13039,   0.6,   0.5,  -0.5,   2.1,  -4.7, 989.5,  -0.3,  -0.2
13063,  -0.3,   0.2,  -1.1,   9.7,   4.8, 999.7,  -0.3,  -0.1
13087,   0.3,  -0.5,  -0.8,   8.7,  20.9, 990.2,  -0.2,  -0.1
13115,   0.2,  -0.1,  -1.4, -14.7,   5.8,1009.3,  -0.2,  -0.1
13139,  -0.8,   2.0,  -0.7, -19.9,   7.7, 995.1,  -0.2,  -0.0
13163,   0.2,   0.7,  -1.1, -36.2,  15.3,1002.9,  -0.2,   0.1
13187,  -0.3,   1.3,  -0.6,  -3.5, -11.3,1004.9,  -0.1,   0.1
13215,   0.4,   0.1,  -0.2,  18.2,  -7.6, 995.3,  -0.1,   0.0
13239,  -0.6,   0.3,  -0.8,  -2.5, -15.4,1010.5,  -0.1,   0.0
13263,  -1.0,   0.1,   0.1,   6.5, -25.9,1009.8,  -0.2,   0.0
13291,  -0.6,  -0.4,  -0.0, -13.8, -59.9,1033.2,  -0.3,   0.0
13315,   0.5,  -1.3,  -0.5, -11.6, -51.8, 978.5,  -0.4,   0.0
13339,   0.3,  -0.5,  -0.5,  39.0,  18.0,1031.2,  -0.5,  -0.0
13363,  -0.1,   0.2,  -0.6, -24.7, -29.6, 997.8,  -0.5,   0.0
13387,  -0.6,   0.6,  -0.8, -17.7, -26.7,1012.7,  -0.6,   0.0
13415,   0.1,   1.0,  -0.2,  39.0,  15.1,1015.4,  -0.5,  -0.0
13439,  -0.4,   2.5,  -0.2, -19.4,  12.4, 990.7,  -0.3,   0.0
13463,  -0.1,   1.6,   0.2,  23.1,   3.6, 967.5,  -0.2,  -0.0
13487,  -0.0,   1.5,  -0.1,  54.1, -35.2, 966.8,  -0.2,  -0.1
13515,  -0.1,  -0.3,  -0.2,  -0.6,  22.2,1000.2,  -0.1,  -0.0
13539,   0.1,  -0.1,  -0.2, -39.1,  23.1,1004.4,   0.1,   0.1
13563,   0.5,  -1.0,  -0.0, -41.8,  33.9, 991.7,   0.3,   0.1
13587,  -0.6,   0.4,   0.8,   7.7,  51.0, 971.9,   0.6,   0.0
13615,  -1.2,   1.5,   1.3,  16.3,  46.6, 998.3,   0.9,   0.0
13639,  -0.9,   1.5,   1.7,  23.1,  30.7,1001.9,   1.1,  -0.0
13663,  -0.7,   1.6,   1.8,  37.0, -50.1, 997.1,   1.0,   0.1
13687,  -1.0,   1.2,   2.5, -60.9,  42.9, 996.8,   1.1,   0.0
13715,  -0.3,   1.0,   1.5,  62.2, -92.4,1009.8,   0.6,  -0.2
13739,   0.2,  -1.0,   1.0, -26.5, -36.7,1017.1,   0.4,   0.1
13763,  -0.3,   1.2,  -0.2,  -1.3, -41.1,1015.6,   0.1,   0.0
13791,  -0.1,  -0.1,  -0.4,   2.8, -34.5,1012.4,   0.1,   0.0
13815,   0.1,   1.5,  -0.2,  -8.1,  -6.7, 987.3,  -0.1,  -0.0
13839,  -0.6,  -0.1,   0.4,  18.7,  -8.9, 977.8,  -0.1,  -0.1
13863,  -0.9,  -1.0,  -0.8,  69.3, -46.7,1007.1,  -0.3,  -0.2
13891,   0.4,   0.6,  -2.3,  36.3,  -9.3, 997.1,  -0.5,  -0.5
13915,  -0.1,   0.6,  -2.2,  -4.7, -11.3, 977.3,  -0.5,  -0.4
13939,   0.3,  -1.0,  -2.7,   2.6,  -3.2,1002.7,  -0.5,  -0.3
13963,   0.3,   0.6,  -2.6, -31.8,  30.2, 980.5,  -0.4,  -0.3
13991,  -0.1,   0.2,  -2.4,   0.9,  30.9, 991.7,  -0.1,  -0.2
14015,   0.3,  -0.4,  -0.8,  -8.4,  31.4, 992.9,   0.1,  -0.1
14039,  -0.4,   2.8,   0.2, -34.3,  51.0,1010.7,   0.4,   0.0
14063,  -0.9,   2.3,   2.3, -33.0,  46.8, 993.4,   0.7,   0.2
14091,  -0.4,   2.2,   3.9, -20.8,  61.7, 994.6,   1.0,   0.5
14115,  -0.6,   1.5,   4.1,  12.4,  42.4, 978.0,   1.2,   0.5
14139,  -0.9,   1.2,   3.5,  28.7,  51.9,1022.2,   1.4,   0.3
14163,  -0.4,   1.4,   2.7,  16.3,  58.3,1007.1,   1.5,   0.3
14191,  -0.6,   2.5,   3.0,   7.5,  31.7, 993.6,   1.6,   0.2
14215,  -0.1,  -0.7,   2.0,  -0.6,  29.5, 994.9,   1.6,   0.2
14239,  -1.5,   2.0,   3.2,  20.9,  38.3, 979.2,   1.7,   0.2
14263,  -1.0,   0.6,   3.6,  -5.5,  25.6,1012.7,   1.7,   0.2
14291,  -1.1,   2.3,   4.1, -12.3,   2.1, 992.2,   1.7,   0.3
14314,  -0.6,   1.5,   4.2,  28.7,  21.4,1004.4,   1.5,   0.3
14338,  -0.6,   1.0,   3.7,  11.1,  24.1, 987.3,   1.4,   0.3
14366,  -0.7,   2.8,   3.1,  -6.9,  13.4,1009.5,   1.4,   0.2
14390,  -0.3,   1.5,   3.3,  -4.0,  -5.9,1002.2,   1.3,   0.1
14414,  -0.4,   0.9,   2.2,  27.3, -17.4,1007.6,   1.2,   0.0
14438,  -1.4,   1.5,   1.3,  -2.3,   9.2, 996.1,   1.0,  -0.1
14466,  -1.0,   1.0,  -0.7,  19.9,  30.7,1028.1,   1.1,  -0.2
14490,  -1.0,   0.2,  -1.9,   1.4,   4.8, 988.0,   1.1,  -0.3
14514,  -1.0,   1.5,  -2.2,   5.8,  49.7,1007.1,   1.2,  -0.3
14538,  -0.2,   0.6,  -2.2,   1.4,  74.9,1004.6,   1.4,  -0.4
14566,  -0.3,   1.4,  -1.4, -30.4,  57.6,1011.5,   1.8,  -0.3
14590,   0.1,   0.7,  -0.8,  14.6,  32.4,1017.6,   1.9,  -0.3
14614,  -0.1,   1.3,  -0.6, -26.5,  44.9,1030.5,   1.9,  -0.2
14638,   0.4,   1.0,  -1.1,  31.4,  20.7,1005.8,   2.0,  -0.2
14666,   1.5,  -0.5,  -1.3,  81.9,  91.0, 998.3,   2.2,  -0.1
14690,   0.2,  -0.7,  -2.4, -37.2,  24.6, 981.7,   2.4,  -0.3
14714,  -0.3,  -1.5,  -1.1,  57.3,  63.7, 981.4,   2.5,  -0.2
14738,  -0.1,   2.1,  -2.3, -70.2,   6.8,1029.8,   2.5,  -0.3
14766,   0.1,   1.0,  -1.1, 111.0,   7.3,1051.3,   2.5,  -0.3
14794,   0.9,   1.4,  -1.4, -47.7,  47.1, 977.0,   2.6,  -0.3
14814,   0.9,   1.9,  -1.5, -11.6,  31.7, 981.4,   2.6,  -0.3
14842,   0.2,  -1.5,  -2.6, -38.4,  79.5,1024.4,   2.8,  -0.1
14866,  -2.9,  -1.3,  -4.9,   3.6,  51.9, 962.4,   2.9,  -0.3
14890,  -4.5,   1.5,  -3.9,  65.1,   5.5, 977.3,   2.6,  -0.6
14914,  -0.4,   0.6,  -1.5, 190.6, -24.0,1120.8,   1.9,  -0.7
14942,   2.8,   0.8,  -1.7,  13.1,  73.7,1003.7,   1.7,  -0.3
14966,   3.6,   0.7,  -3.8, -68.4, 114.7,1010.0,   2.1,  -0.1
14990,   0.5,   0.3,  -3.6,-119.5,  37.3, 931.6,   2.4,   0.0
15014,   0.4,   0.7,  -3.6, -56.2, -52.3,1030.0,   2.2,  -0.2
15042,  -0.4,  -1.5,  -2.4,  22.6, -51.3,1013.7,   1.6,  -0.1
15066,   0.4,   0.4,  -3.0,  67.1,  30.9,1006.3,   1.6,  -0.6
15090,   0.5,   1.2,  -3.0, -59.7,  61.2,1020.3,   1.7,  -0.4
15114,   0.2,   1.8,  -4.7, -45.7,  24.8, 952.4,   1.6,  -0.3
15142,   1.4,  -0.6,  -3.9, -47.7,  27.5, 966.3,   1.4,  -0.2
15166,   0.8,   1.1,  -3.9, -45.5, -10.8, 992.4,   1.3,  -0.2
15190,   0.2,  -0.7,  -4.2,  60.5,  38.0,1021.0,   1.4,  -0.5
15214,  -0.1,   3.1,  -3.3, -62.8, -30.6, 981.2,   1.3,  -0.4
15242,   0.2,   2.9,  -2.4,   4.3, -24.2,1007.6,   1.1,  -0.4
15266,   0.8,  -0.8,  -1.9,  61.7,  38.8,1020.5,   1.2,  -0.2
15294,   1.0,   1.9,  -2.7,   5.8,  13.4, 977.0,   1.2,  -0.2
15314,   0.1,   1.4,  -3.4, -28.9,  12.6, 984.4,   1.1,   0.0
15342,  -0.5,   0.4,  -5.1,  -5.2,  56.8, 975.3,   1.1,   0.0
15366,  -1.2,  -1.0,  -5.8, 153.7,  12.9,1018.3,   0.9,  -0.2
15390,  -2.5,   3.2,  -7.4,  35.3, -73.1,1028.8,   0.6,  -0.7
15414,  -1.1,   1.3,  -6.7, -79.2,  78.1,1002.7,   0.9,  -0.6
15442,   2.6,  -3.7,  -3.4,  18.0, -94.1,1022.7,   0.5,   0.1
15466,   2.8,   0.5,  -5.2, 193.5,  30.5, 962.9,   0.8,  -0.3
15490,   1.8,   0.3,  -4.8, -82.6,  86.1, 965.1,   1.1,   0.0
15514,  -0.4,  -0.3,  -3.5,-159.3,  20.0, 901.1,   1.3,   0.2
15542,  -1.2,  -1.9,  -2.1,  86.6,   0.4,1057.8,   1.0,  -0.1
15566,  -0.2,   1.2,  -2.0,   9.7, -23.3,1050.8,   1.0,  -0.3
15590,   1.2,   1.1,  -1.1, -34.5,  12.4, 971.4,   0.9,  -0.1
15614,   0.4,   1.7,  -2.9,  16.8, -43.3,1085.7,   1.0,  -0.3
15642,   0.6,  -0.5,  -1.7,  -6.4, -34.2, 999.7,   0.9,  -0.0
15666,   0.3,  -1.3,  -3.6,  94.6,   0.7, 966.8,   0.8,   0.1
15690,   0.4,   0.6,  -3.8, -28.4,  18.0, 910.9,   0.9,   0.2
15714,  -0.9,  -1.1,  -3.7,  60.5, -67.0,1033.7,   0.8,  -0.0
15742,   0.8,  -0.1,  -2.7, -41.6,  34.6,1068.1,   0.8,   0.1
15766,   1.2,  -1.6,  -1.4, -58.4,  19.2,1048.8,   1.0,   0.4
15794,   0.7,  -0.8,  -0.2,  32.4, -63.1,1065.4,   0.9,   0.3
15818,   0.4,   0.7,   0.3, -62.6, -71.8, 948.7,   0.8,   0.5
15842,  -0.1,  -0.9,   0.8, 227.0, -35.7, 988.8,   0.8,   0.0
15866,   1.2,   3.9,   1.7,-213.0,  62.9, 961.7,   0.9,   0.3
15890,  -0.7,   1.7,   3.6,  -8.6, 113.2, 902.8,   1.5,   0.4
15918,   1.4,   3.9,   5.7,-142.2, -20.8, 896.0,   1.0,   1.0
15940,   1.2,  -0.4,   4.9,  46.1,  78.3, 942.4,   1.1,   0.9
15968,  -1.7,   5.6,   3.9,-139.0,  -9.1,1040.0,   1.3,   0.6
15992,  -1.8,   2.1,   5.8,-112.4, -17.4, 960.7,   1.2,   0.7
16016,  -1.4,  -0.1,   6.5,  10.9, -36.4,1056.9,   0.9,   0.9
16040,  -1.3,   2.8,   4.5,  39.5,  84.2,1024.9,   0.9,   0.8
16068,  -1.1,   2.5,   6.1,-115.8,  -8.6,1046.9,   0.8,   1.0
16092,  -1.3,   4.7,   4.8, -55.3,  10.7, 956.8,   0.7,   0.9
16116,   0.4,  -0.8,   3.8, -44.0,  24.3, 957.3,   0.5,   0.9
16140,  -0.9,  -0.8,   3.5, -83.3,  21.7,1020.3,   0.5,   0.8
16168,  -1.5,   0.9,   5.5,  12.6, -57.9,1067.1,   0.6,   0.6
16192,  -1.2,  -0.4,   4.4,  79.7, -78.2,1146.2,   0.3,   0.6
16216,  -0.6,  -1.1,   3.5,  25.3,  12.9, 952.9,   0.3,   0.9
16240,  -1.4,   1.7,   2.9,  34.8,  -5.4,1049.5,   0.4,   0.6
16268,  -1.5,   1.0,   4.2,  20.9, -38.9, 992.9,   0.4,   0.4
16296,  -2.3,  -0.9,   3.5, -48.7, -68.4,1029.3,   0.3,   0.4
16316,  -1.5,  -0.1,   1.8, 117.3,  71.0, 970.4,   0.4,   0.1
16340,  -1.4,   2.1,   3.3,  92.2,  17.0, 933.1,   0.5,  -0.4
16368,  -0.3,  -1.1,   4.0,   5.3,-164.6,1134.3,   0.3,   0.1
16392,   2.3,   0.6,   3.5, -95.3,   7.7, 860.1,   0.2,   0.4
16416,   1.2,  -0.9,   2.0, 117.1,  55.6, 980.2,   0.4,   0.3
16440,  -0.7,  -1.0,   2.4,  35.8, -17.2,1065.4,   0.8,   0.2
16468,   0.8,  -2.5,   2.7,  19.9,  20.2,1121.6,   0.6,   0.0
16492,  -1.5,  -0.7,   1.2, 120.3,  56.1,1016.8,   0.7,  -0.1
16516,  -1.1,  -0.1,  -0.0,  95.6, 103.7, 944.3,   0.8,  -0.2
16540,  -1.7,  -0.5,   0.6, 145.4,  33.1, 969.0,   0.8,  -0.3
16568,  -2.0,   0.1,   1.1,  40.2,  15.8,1071.0,   0.9,  -0.1
16592,  -1.4,   1.3,   0.7, -86.5,  87.3,1077.9,   1.0,   0.0
16616,  -0.8,   2.0,   0.3,   9.9,   2.9,1002.4,   0.8,  -0.0
16640,  -0.7,   2.6,  -0.2,-161.5, -64.3, 987.3,   0.8,  -0.1
16668,  -2.1,  -0.1,   0.1,  71.0,  28.7, 989.2,   1.0,  -0.3
16692,  -1.5,   1.5,  -0.9,   6.0,  41.2, 949.0,   1.0,  -0.3
16716,  -2.0,   0.9,   0.7, -11.8,  25.1, 957.3,   1.1,  -0.2
16740,  -2.1,  -0.4,   0.3,   6.3,  36.8,1059.3,   1.1,   0.1
16768,  -3.8,  -0.5,  -1.3,  -9.4, -39.1, 960.4,   1.1,  -0.1
16796,  -2.2,   2.6,   1.2,-130.0,-143.4,1172.6,   0.9,   0.1
16816,   4.2,  -1.3,   2.8, 174.7,  79.0, 904.5,   0.7,   0.1
16844,   1.8,   0.3,  -0.9,-104.6,  56.8, 884.0,   1.4,   0.4
16868,  -0.5,  -0.8,  -0.3, 146.9,   3.4,1016.6,   1.7,   0.6
16892,  -0.4,  -1.5,   3.0, -84.6,  16.8,1049.8,   1.5,   0.8
16916,   1.2,  -1.2,   4.0,  -9.1,  82.5, 918.2,   1.2,   0.5
16944,   2.6,  -0.6,   4.1,-114.8,  99.5, 952.1,   1.4,   0.7
16968,   1.6,   0.7,   4.1,  99.0,  20.0, 871.3,   1.3,   0.4
16992,   2.5,  -0.7,   4.1,  45.3,  -0.3, 943.6,   1.4,   0.4
17016,   0.5,  -4.4,   5.5, 165.9, -50.6, 916.2,   1.4,   0.5
17044,  -0.7,   3.3,   3.8, -48.7, -29.4, 934.8,   0.8,   0.5
17068,  -1.2,   1.3,   4.1,-141.7,   9.5,1116.7,   0.7,   0.6
17092,  -0.3,  -1.3,   4.2,  33.1,   1.2, 918.9,   0.7,   0.6
17116,  -2.0,   0.7,   3.1,  21.2, 122.5, 848.6,   1.1,   0.2
17144,  -3.5,   6.1,   5.0,-194.7, 114.4,1136.5,   1.3,   0.0
17168,   0.8,  -3.3,   9.4, 135.9, -87.2,1157.7,   0.2,   0.4
17192,   3.0,   1.2,   5.5, 131.3,  70.2, 981.4,   0.7,  -0.3
17216,   1.6,   2.1,   7.8,-180.0, -65.5, 915.3,   1.0,   0.9
17244,   2.1,   2.8,   7.2,  49.0, -71.8, 983.6,   0.7,   0.9
17268,  -1.1,  -0.6,   5.6,  69.3,-110.2,1167.2,   0.6,   0.8
17296,   0.2,  -1.2,   5.3,  91.0, -94.3,1072.7,   0.4,   0.7
17316,   0.1,  -0.1,   4.8,  -7.2, -53.8,1001.9,   0.3,   0.5
17344,   2.2,   0.7,   3.4, 169.1, -50.6,1022.9,   0.2,   0.1
17368,   2.8,   5.4,   2.2, -39.6,  92.0,1141.1,   0.4,   0.1
17392,   0.4,  -3.2,   2.7, -31.8,  15.6,1063.0,   0.9,   0.6
17416,   1.4,   0.5,   4.4, -10.1,   1.2, 964.6,   0.6,   0.4
17444,  -2.9,   3.4,   4.2,  97.1,  12.1,1006.3,   0.8,   0.2
17468,  -0.6,   3.9,   3.1,-346.3,  43.9, 989.5,   0.9,   0.8
17492,   2.1,  -3.8,   2.7, 103.7,  73.9, 854.7,   0.2,   0.8
17516,   2.1,  -1.5,   0.6, 271.4,  -7.1, 966.8,  -0.1,  -0.9
17544,   1.9,  -0.2,  -0.5,-124.8, 126.2,1107.2,   0.4,  -0.0
17566,  -0.7,  -1.0,  -2.5, 153.0,-189.8,1022.9,   0.2,  -0.3
17594,  -1.0,   0.5,  -3.6,-117.0,  21.9, 884.8,  -0.0,  -0.2
17618,  -0.8,   4.5,  -2.8,   4.1,  43.9, 922.6,  -0.1,  -0.7
17642,  -0.3,   0.9,  -3.0, -53.1,  16.3,1028.3,  -0.2,  -0.8
17666,   2.2,  -0.8,  -2.7,  36.8,  70.7, 986.6,  -0.3,  -0.9
17694,   1.6,   0.4,  -2.7, 125.4, -27.7,1034.2,  -0.2,  -0.9
17718,   2.0,   1.8,  -2.4,-167.6,  67.6, 931.9,   0.0,  -0.5
17742,  -1.2,   0.8,  -2.6, 143.7,-110.9,1060.5,  -0.1,  -0.6
17794,  -2.0,   1.3,  -4.9, 254.6, 110.8, 838.6,  -0.3,  -0.9
17798,  -3.0,   2.4,  -5.9, 103.7, 111.8, 856.7,  -0.2,  -1.0
17818,  -6.6,   1.2,  -6.3, -27.7,  15.3, 932.6,   0.1,  -0.4
17842,  -1.2,  -5.2,  -2.9, 478.9, -16.4, 976.3,  -0.8,  -0.5
17870,   0.1,   0.8,  -7.3, 237.2,  -9.3,1079.8,  -1.4,  -1.6
17894,  -0.4,   5.6,  -7.0, -16.2, 142.3, 978.7,  -0.7,  -1.1
17918,   0.5,  -2.5,  -6.2, -16.7,  32.2, 967.3,  -0.6,  -0.8
17942,  -0.6,   2.1,  -6.0,  37.3,  19.7, 961.7,  -0.5,  -0.7
17970,  -0.7,  -1.2,  -5.5, -75.5, -67.0,1036.6,  -0.6,  -0.5
17994,  -1.0,  -6.2,  -5.5,  32.6,-140.2,1060.3,  -0.6,  -0.6
18018,   1.4,   2.0,  -6.4,  18.2,  -1.0,1006.3,  -0.6,  -0.9
18042,   0.8,   2.6,  -6.4, -58.2,  63.7,1092.3,  -0.4,  -0.8
18070,  -0.3,   4.0,  -6.4,-163.7, -50.4, 950.9,  -0.2,  -0.5
18094,  -1.3,   0.9,  -7.0,-286.5, -68.2, 952.6,  -0.4,  -0.3
18118,  -1.7,  -2.2,  -7.4,  53.6,  77.6,1112.8,  -0.3,  -0.4
18142,  -3.9,  -3.6,  -6.1, 352.9, -70.4,1020.7,  -0.4,  -1.4
18170,  -1.3,   6.1,  -3.6,-352.6,-192.7,1302.0,  -0.9,  -0.7
18194,   1.3,  -3.8,  -5.7,  68.0, -17.9,1015.9,  -0.5,  -1.0
18218,  -0.2,   3.2,  -7.3, -76.0, -15.9,1036.9,  -0.3,  -0.8
18242,  -1.7,  -0.2,  -4.8, 204.0, -63.1, 922.1,  -0.3,  -0.9
18270,  -2.1,   1.0,  -4.4,   3.1,  -7.9, 925.8,  -0.4,  -0.7
18297,  -2.3,  -3.7,  -4.6, 171.3,  -1.8, 963.1,  -0.5,  -1.0
18317,  -3.5,   2.8,  -4.1,  72.2, -91.4, 978.7,  -0.5,  -0.9
18345,   1.8,   3.1,  -2.2,-204.2,-357.7,1588.1,  -1.4,  -1.2
18369,   7.9,   2.8,  -2.1,-241.3,  20.0, 961.7,  -1.1,  -0.7
18393,   9.7,  -0.7,  -3.9,-236.4, 108.1, 898.7,  -0.3,  -0.4
18417,   3.4,   2.1,  -4.4, -85.8,  -8.1, 958.7,   0.2,  -0.2
18445,   4.9,  -5.0,  -1.7, 305.1, -85.0,1087.9,  -0.3,  -0.3
18469,   5.7,  -5.4,  -4.2, 133.0,  82.5, 929.4,  -0.0,  -0.6
18493,   1.8,  -3.4,  -6.0, -57.2,  48.5, 980.7,   0.4,  -0.4
18517,   3.3,  -3.5,  -4.8, 458.9,-145.1, 926.0,   0.5,  -0.7
18545,   1.2,   2.9,  -4.4,-286.0, -72.3,1070.5,   0.4,  -0.8
18569,   4.0,   3.1,  -2.0,-206.4,  31.9,1012.9,   0.5,  -0.6
18593,   3.8,  -3.8,  -2.5, 280.2, 125.9, 907.5,   0.8,  -0.8
18617,   2.9,   2.0,  -1.5,  -7.9, -39.6,1041.0,   1.0,  -0.4
18645,   3.0,  -0.3,  -0.4, 142.7,  72.2, 974.1,   1.2,  -0.4
18669,   2.7,  -0.8,   1.9,  59.2,  -5.9, 991.2,   1.3,   0.0
18693,   3.5,   0.9,   0.6,-149.3,  33.4,1032.5,   1.4,   0.2
18717,   3.0,  -2.4,   1.1,-106.0, -56.0,1125.5,   1.5,   0.5
18745,   1.2,   1.9,   0.6,   5.3,  55.8, 995.8,   2.0,   0.0
18769,  -1.0,   5.7,  -0.3, -46.5, -15.4,1064.9,   2.2,  -0.4
18797,   5.0,  -3.2,   4.7,  22.1, -91.4, 925.3,   2.2,  -0.6
18821,   4.3,   2.5,   1.0,  78.3, 141.5, 957.3,   2.9,  -1.0
18845,   1.8,  -1.6,   3.7, -29.1, -65.7,1001.7,   3.2,  -0.0
18869,   1.0,  -0.5,   4.2, 149.1, -48.4,1013.4,   3.1,  -0.4
18893,   1.2,   0.9,   6.1, -49.6, -56.7,1061.0,   3.0,  -0.4
18921,   3.8,   3.5,   7.0,-329.2, 169.4,1043.7,   3.3,  -0.2
18945,   1.7,  -4.4,   7.2, -21.1, -30.1,1064.9,   3.3,   0.3
18969,  -0.9,   4.9,   4.4, 124.7, -19.1,1076.4,   2.8,  -0.0
18993,  -2.9,  -2.7,   5.1, 210.4, -55.5, 900.6,   2.8,   0.3
19021,  -2.7,   1.8,   4.5, -96.5, -92.4, 953.4,   2.2,   0.2
19045,  -1.9,  -0.3,   3.4, -30.1,  20.7,1046.6,   2.1,   0.5
19069,  -3.1,  -1.3,   1.6,-159.0,   0.2, 988.3,   2.3,   0.8
19093,  -2.3,  -1.1,   1.8, 126.4,  -9.1, 905.0,   2.0,   0.1
19121,   2.7,   3.5,   3.0,-267.2, -62.6,1035.6,   1.2,   0.6
19145,   2.9,   1.6,   1.5,  92.7, 182.6, 923.6,   1.6,   0.3
19169,   0.5,   1.5,  -1.6,-170.3, 143.7, 992.9,   2.2,   0.6
19195,   1.0,  -4.2,   0.6,  97.8, -24.0,1028.6,   1.9,   0.5
19219,  -0.9,   1.4,  -0.4,-180.3, -40.3, 946.8,   1.7,   0.5
19243,  -0.3,  -3.0,   1.1,  86.3,  75.1, 965.3,   1.9,   0.3
19271,  -1.4,   3.7,   1.4, -74.1,  -2.0, 989.5,   2.0,   0.2
19299,  -1.6,   1.7,   0.3, -30.8,  18.0, 885.2,   1.9,   0.3
19319,  -2.5,   1.2,  -1.2, -58.7,  32.2, 976.1,   2.1,   0.5
19343,   0.8,   1.5,   0.0, 123.2,  43.1, 968.7,   1.9,   0.0
19371,   1.3,   0.9,   1.9,  -7.2,  73.2,1119.6,   2.1,  -0.0
19395,   1.0,  -0.4,   0.8,  19.7, -44.7,1007.1,   2.3,   0.1
19419,   1.7,  -1.2,  -0.0,  -7.9, 152.0, 952.9,   2.3,   0.6
19443,  -0.6,  -6.1,  -2.4, 492.1, 169.6, 854.5,   2.9,   0.3
19471,   2.7,   2.2,   0.7,-279.1,-221.7,1057.6,   2.1,   0.2
19495,   3.9,  -1.9,  -0.5,  76.6, 256.0, 956.8,   2.7,   0.2
19519,   2.9,  -0.4,  -2.8, -67.5,  80.0,1058.3,   3.1,  -0.1
19543,   2.8,  -0.5,  -3.0,-125.1,  82.5, 960.9,   3.5,   0.0
19571,  -1.3,  -2.2,  -1.1,  83.9,  -7.1,1048.3,   3.7,   0.2
19595,  -0.4,  -0.3,  -0.5, 100.5, -74.5,1026.6,   3.4,  -0.0
19619,   1.2,  -0.3,  -1.4,  68.0,  81.7,1071.5,   3.3,   0.0
19643,   2.7,   1.2,  -2.5, -31.6, 103.7, 891.8,   3.4,   0.0
19671,   1.3,   3.2,  -3.3,-168.1, 134.9, 911.9,   3.9,   0.2
19695,   0.8,  -0.2,  -2.3, -68.9,  54.6,1089.3,   3.9,   0.4
19719,  -0.3,  -1.2,  -0.9,  34.6, 141.0, 970.7,   3.8,   0.3
19743,  -4.6,   3.4,  -1.3, 133.2, 158.6, 799.1,   4.2,  -0.5
19771,  -3.9,   0.7,   1.7,-351.9,-410.5,1480.5,   3.5,   0.6
19799,   0.8,   0.9,  -0.3,  18.5, 123.0, 879.9,   3.6,   0.6
19819,   0.7,   7.2,  -3.0,-282.8,  46.6,1010.0,   3.7,   0.3
19847,   1.1,  -3.0,  -0.3, 187.2,  83.2, 985.3,   3.6,   0.6
19871,  -2.6,   0.8,  -1.1, -31.8,-170.7,1170.2,   3.1,   1.0
19895,  -0.5,  -1.4,  -1.3, 146.2,  32.6, 964.1,   2.9,   0.8
19919,   1.3,  -1.5,  -1.4,-255.0,  28.5, 863.5,   2.7,   1.2
19947,   1.6,   2.1,  -2.5,  58.5,  36.8,1045.9,   3.0,   0.5
19971,   0.6,  -0.8,  -1.4,-185.1,  39.5,1017.3,   3.2,   1.1
19995,  -0.5,   0.4,  -1.0, -63.6,  41.4,1033.9,   3.1,   0.8
20019,  -2.3,  -1.2,   1.7,-213.0, 212.6, 849.8,   3.3,   1.4
20047,  -5.7,   4.4,  -1.3, 211.1,  75.6, 801.7,   3.4,  -0.1
20071,   1.2,  -7.7,   5.1,  54.8,  32.2,1067.6,   2.7,   0.9
20095,   1.5,   3.2,   2.1, -21.6, 215.5,1037.8,   3.3,   0.1
20119,   1.5,  -3.0,   3.7,-288.9,  26.1, 973.1,   3.3,   0.9
20147,   2.6,   1.2,   3.9, -11.8,  55.4, 947.0,   3.2,   0.5
20171,  -0.2,  -1.6,   5.3, -39.4, -78.7,1048.3,   3.3,   1.0
20195,   2.6,   1.9,   4.9,-100.4,  51.0, 856.4,   3.1,   1.0
20219,   1.5,   3.0,   3.1,  35.3,  33.1,1094.0,   3.4,   0.3
20247,   1.3,   0.8,   6.9,-204.2, -76.2, 932.6,   3.3,   1.2
20271,   2.8,  -1.8,   6.9, 274.6,-127.3,1110.6,   3.0,   0.6
20299,   0.1,   3.5,   5.6,-162.4, 202.6, 865.2,   3.2,   0.9
20319,  -5.6,   0.1,   3.7, 203.3,-228.6,1887.2,   3.7,   0.2
20347,   2.1,   1.8,   6.4,-225.7,-182.4,1054.9,   2.4,   1.1
20371,   0.7,   0.2,   1.6, 165.7,  95.6, 883.8,   3.0,  -0.2
20395,   1.1,  -0.1,   2.2,  61.0,  43.1, 890.1,   2.9,   0.3
20419,   1.2,   0.7,   1.8,-172.7,  41.4, 953.8,   2.9,   0.4
20447,  -1.7,  -2.3,   2.8, 435.0, -85.8,1247.3,   2.8,   0.2
20471,   0.1,  -3.0,   2.8,-142.7,   4.3, 917.0,   2.7,   1.1
20495,   2.3,  -5.2,   1.4, 281.9,  32.9, 974.1,   2.6,   0.6
20519,   4.2,  -0.2,   0.8, -56.2, 141.3, 981.9,   2.8,   0.4
20547,   2.2,   0.8,   1.4, 234.3,   2.6,1095.7,   3.2,   0.0
20571,  -0.9,   6.5,   1.1,-300.9,  80.0, 791.5,   3.4,   0.5
20595,   0.1,   1.3,   3.4,-247.2, 172.8,1149.9,   3.9,   1.1
20619,   3.8,   3.0,   3.7, -88.2,   7.3, 908.2,   2.5,   0.6
20647,   3.2,   5.3,   0.3,-262.5, 250.2,1036.9,   3.1,   0.0
20671,   1.3,  -2.7,   1.4,  40.0,  80.5,1061.8,   3.1,   0.5
20695,   0.2,  -2.4,   1.4, 168.4,  12.9, 968.3,   2.9,   0.4
20719,   0.2,  -1.2,   2.0, 171.3, -94.8,1008.0,   2.6,   0.5
20747,   2.2,   0.3,   0.9,  89.0,  30.5, 972.9,   2.2,   0.4
20771,   2.4,   1.7,  -1.7, -20.1, -14.5, 863.8,   2.2,   0.2
20799,   1.1,  -1.6,  -1.8, 186.7,  21.4,1106.4,   2.1,  -0.0
20822,   2.2,   1.2,  -1.0,-151.5,-102.4, 854.2,   1.8,   0.2
20846,   0.3,  -4.0,  -1.6,  50.2, 207.5, 874.0,   2.2,   0.4
20870,  -4.6,   3.2,  -3.0, 118.8, 170.8,1096.4,   2.8,   0.1
20898,   2.3,  -3.2,   0.5, 293.1, -28.6,1125.0,   1.4,   0.1
20922,   1.2,  10.0,  -1.1, -80.2,  82.7, 831.0,   2.0,  -0.3
20946,   1.2,  -0.4,   2.4,-326.0,  93.9, 941.4,   2.1,   0.9
20970,  -1.7,  -1.3,   0.7, -58.2,   4.1, 941.9,   2.0,   0.9
20998,  -1.7,  -4.1,   1.9, 239.7,  81.0, 979.7,   2.2,   0.8
21022,   0.1,   2.9,   1.8,  16.0,  29.0, 966.1,   2.0,   0.7
21046,   2.2,  -0.3,   1.2,-220.8, 145.9, 948.7,   2.2,   1.1
21070,   3.7,  -4.4,  -0.1, 114.4, 164.7,1170.6,   2.2,   0.9
21098,   0.8,  -0.4,  -1.4,-139.0, -88.9,1105.5,   2.3,   1.1
21122,  -0.4,  -4.1,  -1.4, 182.8, -60.1,1105.7,   2.2,   0.7
21146,  -3.2,  -4.4,  -2.2,  52.7, 102.0, 898.7,   2.8,   0.8
21170,  -0.0,  -7.5,   1.7, 315.8, -48.4,1245.1,   2.2,   1.0
21198,   3.2,  -2.1,   1.0, 248.7, 150.1, 900.4,   1.9,   0.1
21222,   1.2,  -0.8,   0.2,-177.8, 249.4,1035.4,   3.2,   0.6
21246,  -0.7,   0.3,   1.4,-287.2, -11.5,1043.9,   2.9,   1.3
21270,  -1.1,  -2.0,   2.7,  10.2, -22.8,1028.8,   2.7,   0.9
21298,  -2.9,  -4.0,   4.6, 187.7, 112.0, 947.7,   2.7,   0.6
21322,  -2.5,   3.8,   3.7, -70.9, -50.8, 961.4,   2.4,   0.5
21346,   1.7,   0.9,   3.7, -63.8, 139.6, 915.8,   2.3,   0.6
21370,   1.5,   2.1,   3.1,-144.6, 121.0,1048.6,   2.6,   0.4
21398,  -0.5,   2.5,   4.4, -70.9, -57.2, 873.0,   2.6,   0.3
21422,   1.8,  -0.8,   6.4,  85.9,  18.7, 930.7,   2.3,   0.2
21446,  -1.7,   1.2,   3.7, -63.3, 200.1, 890.1,   2.9,   0.3
21470,  -1.3,  -8.0,   8.1,-346.5,-183.7,1230.2,   2.7,   1.6
21498,  -0.1,   0.1,   5.0, 520.7, -21.8,1047.8,   2.1,  -0.6
21522,   1.2,   2.6,   4.6,-322.1, 191.8, 866.2,   2.4,   0.0
21546,   1.5,   1.1,   1.4,  -2.5, -18.1, 878.2,   2.4,  -0.3
21570,   0.4,   3.0,   1.1,  75.6,  99.8,1113.5,   2.5,  -0.3
21598,   0.9,  -1.6,   1.7, 100.3, 138.6,1098.4,   2.3,  -0.3
21622,   1.6,  -2.0,   2.8,  -9.1,  16.3, 885.2,   2.3,   0.0
21646,   1.9,  -0.7,   2.0, 186.0, -10.3,1082.3,   2.2,  -0.1
21670,   0.9,   1.0,   1.7,  27.7, -33.5,1016.6,   2.4,  -0.0
21698,  -0.7,  -1.4,   1.7,   4.8,-182.0, 974.1,   2.2,   0.0
21722,  -0.4,  -0.5,   1.7, -25.7, 148.6, 751.9,   2.3,   0.0
21746,  -1.7,  -0.7,  -0.9,  84.9, 129.6, 749.3,   2.7,  -0.5
21770,   2.1,  -7.7,   4.5,   6.8,  21.7, 992.4,   2.2,   0.3
21797,   0.2,  -3.2,   0.9, 472.8,  37.0, 832.0,   2.2,  -0.3
21821,   0.2,   5.3,  -1.6,   4.8, 175.0,1093.2,   2.3,  -0.2
21849,  -0.3,   2.1,  -1.0,-178.8,  16.3,1019.8,   2.7,   0.3
21873,  -1.1,  -3.1,  -0.1,  43.6,  -4.7,1010.5,   2.5,   0.5
21897,  -2.7,  -2.9,   0.7, 106.6, -51.8, 974.4,   2.3,   0.4
21921,  -1.0,  -3.2,  -0.1, 189.9,   1.4, 873.5,   2.1,   0.2
21949,   0.2,   0.9,  -1.7,  46.1,  -4.2,1036.4,   2.0,  -0.2
21973,  -1.2,  -2.9,  -1.3,   1.1, -85.5,1022.9,   2.1,   0.2
21997,  -1.0,  -2.1,  -2.4, 189.6,   6.3, 939.4,   1.9,  -0.2
22021,  -1.5,   1.4,  -3.8,   9.7, -65.7,1026.4,   1.7,  -0.2
22049,  -3.9,  -1.3,  -3.3, 134.9,  26.1, 871.6,   1.9,  -0.2
22073,  -4.7,  -0.7,  -4.1,-286.5,-153.6,1279.0,   2.0,  -0.2
22097,  -1.2,   0.2,  -2.8, 244.5,-257.4, 997.5,   1.0,  -0.9
22121,   1.4,   7.3,  -6.3, -64.0, 102.5,1038.3,   1.5,  -1.6
22149,   0.7,  -1.5,  -3.5, -37.9,  55.8, 916.2,   2.0,  -0.4
22173,  -1.0,  -1.1,  -4.4, 123.2, -57.9, 975.8,   1.7,  -0.4
22197,  -1.8,  -5.1,  -3.4, 196.4,-173.2,1083.0,   1.2,  -0.1
22221,  -1.2,  -0.4,  -5.2, 185.0, -27.9,1134.0,   1.1,  -0.6
22249,  -1.4,  -2.7,  -4.4, 155.7, -29.4, 983.9,   1.0,  -0.6
22273,   0.5,  -0.4,  -3.7, 105.1, 105.6, 947.5,   1.0,  -0.5
22301,  -0.6,  -1.3,  -3.9,  73.4,-176.3,1108.4,   0.8,  -0.6
22321,   0.2,   4.5,  -5.6,-216.4, -13.5,1007.3,   0.9,  -0.4
22349,   2.2,  -3.3,  -3.5, 206.0, 154.2, 883.5,   0.8,  -0.5
22373,  -1.0,   4.0,  -4.5,-238.9, 169.4, 830.6,   1.3,  -0.4
22397,  -4.7,  -3.5,  -5.5, 111.0, 149.3, 918.7,   1.9,  -0.2
22421,  -2.9,  -4.4,  -0.7, 187.7,-406.6,1266.6,   0.9,  -0.2
22447,   2.5,  -1.8,  -3.7, -44.0,  86.6,1087.4,   0.9,  -0.5
22471,   2.5,   1.2,  -4.9,-111.2,  86.4,1119.9,   1.5,  -0.6
22499,   2.7,  -1.2,  -3.6,-232.0, 106.4, 881.6,   1.9,  -0.1
22523,   2.1,   3.4,  -4.0,-214.9,  83.7, 912.3,   1.9,  -0.2
22547,  -0.3,   2.0,  -3.1, -75.3, 137.4, 946.8,   2.2,  -0.3
22571,  -1.6,  -0.9,  -0.9, 114.9,  68.8,1051.0,   2.3,  -0.2
22599,   0.2,   1.1,  -1.9, -51.6,-106.8,1102.0,   2.1,  -0.2
22623,   1.6,   1.2,  -1.3, 106.8,  96.6, 996.1,   2.2,  -0.4
22647,   0.5,   2.5,  -3.2,-275.7,  27.0,1009.3,   2.6,  -0.0
22671,  -0.6,   2.8,  -0.9, -66.5, -20.3,1028.1,   2.4,   0.0
22699,  -2.8,  -0.6,  -1.3, 113.7,  39.7,1017.6,   2.7,  -0.1
22723,  -5.0,   4.3,  -2.6, -23.0,-232.7,1403.1,   2.7,  -0.3
22747,   3.0,   1.7,   1.7, 102.0,-195.6,1023.7,   1.5,   0.2
22771,   5.1,  -2.6,  -0.8, 216.0, 131.8, 835.2,   2.5,  -0.0
22799,   1.8,   0.9,  -2.6,-116.1,  24.6, 954.6,   2.5,   0.2
22823,  -1.9,  -2.4,  -0.8,  38.0, -19.1, 987.5,   2.2,   0.5
22847,  -2.3,  -1.5,   0.1, -51.4,  36.8, 897.2,   1.9,   0.3
22875,  -1.5,  -2.7,   0.3,  64.1, 115.7, 959.0,   1.8,   0.2
22899,  -1.8,   0.3,  -0.3,  -2.0,  66.6,1046.1,   1.9,   0.0
22923,   0.8,  -0.1,  -1.3, -80.9,  61.2, 916.2,   1.8,  -0.0
22947,   1.6,  -4.1,  -1.6,  49.5, 111.0,1032.5,   1.9,  -0.1
22975,   1.2,   0.1,  -1.2, -24.7, 126.6,1084.7,   2.4,  -0.1
22999,  -0.7,  -0.4,  -0.8,-247.4, -90.2, 973.9,   2.6,   0.2
23023,  -0.2,  -3.5,   1.2,  49.7,  81.2,1005.6,   2.5,   0.3
23047,  -3.2,   0.5,  -0.3,-192.2, 248.5, 921.6,   3.2,   0.4
23075,  -8.1,  -1.3,   1.2, 259.4, -17.9, 886.7,   3.5,  -0.4
23099,   2.5,  -2.6,   6.0,  17.2, -60.9, 980.0,   2.3,   0.2
23123,   3.0,  -1.9,   4.1, 441.6,  39.2, 869.1,   2.7,  -0.5
23147,   1.7,  -0.8,   2.1,  -7.7, 229.9, 983.9,   3.3,  -0.0
23175,  -0.1,  -1.5,   1.2,  21.6,  42.4, 944.3,   3.6,   0.3
23199,   1.6,   1.8,   4.8,-237.4,  84.9, 810.0,   3.3,   0.7
23223,   1.6,   0.1,   3.4,  46.3,  90.8, 980.5,   3.0,   0.1
23247,   0.4,   3.1,   2.1, -84.8, 120.8, 973.1,   3.1,   0.1
23275,  -0.0,   1.7,   2.4,-171.7, -22.3,1203.8,   3.3,   0.0
23303,  -2.6,   0.3,   2.3,-182.2,-194.4,1159.4,   3.0,   0.2
23323,  -1.3,   4.4,   1.8,-222.7,  70.2,1112.3,   2.9,   0.2
23347,  -1.9,  -1.3,   2.0,  -6.2,  94.7, 958.2,   2.8,   0.4
23375,  -1.8,  -0.4,   0.7, 123.0,  -0.1, 970.4,   2.6,  -0.4
23399,  -1.7,   1.8,  -0.9, -59.9, 159.8, 855.0,   3.1,  -0.3
23423,  -7.5,   2.7,  -2.5,   0.4,-223.5,1449.7,   3.6,  -0.7
23447,  -0.7,  -4.6,   1.7, 302.9,-203.2,1040.0,   2.4,  -0.5
23475,   2.8,   5.9,  -2.2, 166.9,  44.4, 959.7,   2.3,  -1.3
23499,   3.3,  -4.0,  -0.8, -50.4,  40.5, 995.8,   2.7,  -0.3
23523,   3.5,  -1.2,  -2.4, -67.0,  89.8, 917.7,   3.1,  -0.3
23547,   2.4,  -4.8,  -0.8, -20.1, 202.3, 955.3,   3.1,  -0.2
23575,  -0.3,  -1.0,  -1.2, -15.5, -43.8,1000.0,   2.9,  -0.4
23599,   1.2,   0.7,  -0.5, 103.4,  83.7, 935.5,   2.9,  -0.8
23623,   2.1,   4.5,  -0.9,-144.1, 124.2, 899.2,   3.0,  -0.8
23647,   2.6,   2.5,   0.6,  16.0, 160.3, 849.6,   3.2,  -0.6
23675,   1.5,   5.0,   0.3,  51.9,  61.2, 836.2,   3.2,  -0.6
23699,  -1.4,  -2.6,   0.5, -82.1, 190.6, 784.9,   3.8,   0.2
23723,   3.5,  -1.9,   2.1, 407.6,-234.4,1279.5,   2.7,  -0.1
23747,   5.5,   0.9,  -0.8,-263.0, 185.7, 907.0,   2.9,   0.2
23775,   1.6,  -1.2,  -3.3, -16.2,  14.8,1266.1,   3.9,   0.0
23803,   0.7,  -0.4,  -2.6,-105.8,  -6.2, 963.6,   3.9,   0.1
23823,   0.2,  -1.0,  -1.9,  51.9,  12.1, 980.9,   3.8,  -0.6
23851,   0.2,  -2.2,  -0.9,  47.0,  97.6, 965.8,   3.7,  -0.2
23875,   0.3,   1.4,  -1.9,  56.3,  62.7, 890.6,   3.7,  -0.3
23899,   1.1,   1.0,  -2.2,-115.1,  60.0, 996.8,   3.6,  -0.1
23923,   1.2,   3.0,  -3.9, -98.0,  28.3,1010.5,   3.6,  -0.5
23951,   3.3,   0.6,  -3.3,  17.2, 210.1,1017.1,   3.8,  -0.4
23975,   3.0,  -0.6,  -1.6, -48.9,  94.2, 970.2,   3.8,  -0.2
23999,  -0.7,  -1.7,  -2.9, 137.4, 228.0, 847.4,   4.4,   0.0
24023,  -5.1,   9.2,  -4.6,-410.2,-134.3,1384.5,   4.4,  -0.7
24051,   0.7,  -1.7,   2.0, 185.7, 181.1, 851.3,   4.0,  -0.4
24073,   1.2,   6.1,  -0.9,  -4.5,  92.5, 981.2,   4.2,  -1.0
24101,   0.9,   1.7,  -0.5,  13.3,  92.0,1089.6,   4.4,  -0.3
24125,  -1.4,  -0.5,   0.3, -39.6, -15.2, 990.5,   4.3,  -0.0
24149,  -2.8,  -3.3,   2.3, 146.4, -73.3,1038.8,   4.0,  -0.0
24173,  -0.7,  -0.5,   1.4,   7.5,  93.4, 936.0,   3.8,   0.1
24201,   0.2,  -3.2,  -1.1,-252.8, 138.4, 909.2,   3.8,   0.5
24225,  -2.9,  -4.0,  -3.2, 161.5,  77.6, 960.7,   3.7,   0.1
24249,  -1.7,  -2.2,  -3.0,  43.1,  26.5,1125.2,   3.1,  -0.1
24273,  -3.4,  -4.1,  -2.4, -34.8, 129.1, 877.7,   3.3,   0.1
24301,  -4.5,  -3.5,  -2.2, 405.9, 106.1, 942.1,   3.2,  -0.4
24325,  -1.9,   8.1,  -0.5,-380.9,  -8.1,1440.2,   2.9,  -0.6
24349,   1.8,  -2.2,   3.4,  37.8, -34.5,1024.9,   2.3,  -0.0
24373,   3.2,   8.3,  -0.9,-278.2, 193.3, 856.2,   2.9,  -0.7
24401,   2.1,  -4.8,   2.7, 219.6,  57.1,1007.3,   2.8,  -0.0
24425,   0.5,  -0.2,   2.0, -57.5,  26.1, 932.8,   2.5,  -0.3
24449,  -1.0,  -1.1,   3.1, 119.3,  30.7,1067.1,   2.4,  -0.2
24473,  -1.5,   3.1,   1.9,-205.9, -49.9,1011.0,   2.3,  -0.0
24501,  -0.1,   2.1,   2.3, -46.0, -12.8,1048.3,   2.3,  -0.1
24525,   0.8,   1.5,   2.6, -72.8, -83.8,1120.3,   2.0,  -0.1
24549,   2.3,   0.4,   3.3, -38.2,  49.3,1014.4,   2.0,  -0.0
24573,   1.1,   0.1,   3.3,  73.6, -40.3,1033.4,   2.1,  -0.1
24601,   0.6,   1.5,   2.8,-164.4, 105.6, 955.3,   2.2,   0.3
24625,  -4.8,  -0.4,   0.2, 114.9, 103.2, 886.7,   3.0,  -0.2
24649,  -2.4,  -2.6,   4.2,-120.4,-223.0,1404.8,   2.2,   0.5
24673,   1.5,  -0.7,   4.5, -29.4, 111.5, 943.6,   2.0,   0.2
24701,   1.9,  -2.1,   1.2, 107.8, 207.2,1031.0,   2.6,  -0.1
24725,   0.4,   0.7,   0.6,-106.5, -30.8, 946.8,   2.6,   0.2
24749,   0.1,  -1.2,   1.4,  91.5, -20.1, 893.1,   2.4,   0.2
24773,   0.4,   0.7,   1.6, 139.3,  91.5, 982.4,   2.5,  -0.1
24801,  -0.5,   2.3,   1.3,  82.2,  -4.9,1030.3,   2.4,  -0.1
24825,   2.4,   2.6,   1.9, -99.9, -44.0,1048.3,   2.2,   0.2
24849,   2.2,  -1.6,   2.3, 114.4,   3.8,1047.6,   2.2,   0.1
24877,   2.5,  -2.3,   2.7,   2.8,  59.7, 953.8,   2.5,   0.2
24901,   2.2,  -1.5,   2.5,  69.0,  -1.3,1023.4,   2.3,   0.1
24925,  -1.0,   1.1,   0.3,-112.6, 108.6, 801.3,   2.7,   0.3
24949,  -4.5,  -3.3,  -2.0, 183.3, 117.6, 837.1,   3.3,   0.1
24977,  -6.7,  -4.5,   1.9,  64.9,-631.7,1567.4,   2.3,  -0.0
25001,   0.4,   2.8,   0.1,-100.2,  76.8, 948.7,   1.8,  -0.2
25025,   0.7,   0.7,  -4.4,-255.9, 116.9, 969.2,   2.3,  -0.6
25049,   0.5,  -0.1,  -3.8,  69.0, 130.3, 949.0,   2.5,  -0.3
25077,  -1.4,  -1.5,  -3.7, 146.4,  56.6, 889.1,   2.6,  -0.4
25101,  -1.8,   0.8,  -3.7,-116.8,  62.4,1077.1,   2.4,  -0.4
25125,  -2.0,  -0.8,  -1.3,  32.1,  16.0,1111.6,   2.4,  -0.4
25149,  -1.0,  -0.1,  -1.1,-170.5, -24.5,1057.4,   2.3,  -0.2
25177,   1.8,  -1.2,  -1.3,  43.4,  79.0, 970.4,   2.4,  -0.3
25201,   0.4,  -2.9,  -0.5,  31.7,  89.3, 884.3,   2.8,  -0.1
25225,  -1.8,  -2.7,   0.6,  93.9, -52.1,1034.2,   2.8,  -0.4
25249,  -1.6,   1.5,   2.0,-128.3,  31.7,1021.7,   2.6,   0.0
25277,  -3.8,  -1.9,   1.2, -75.5, 138.6, 874.7,   3.1,   0.3
25305,  -1.2,  -5.2,   3.4, 473.3,-216.1,1381.1,   2.9,  -0.2
25325,   1.3,   8.9,   2.7,-156.8,  38.3, 701.4,   2.2,  -0.5
25349,   1.4,  -2.7,   2.8,-170.5, 269.2, 961.2,   3.1,  -0.2
25377,  -1.3,  -0.2,   1.7,-135.8,  33.4, 905.3,   3.8,   0.2
25401,  -1.0,  -1.9,   5.0, 111.5, -37.4,1013.7,   3.5,   0.4
25425,   0.2,   3.7,   5.5, -21.6,  78.3,1048.6,   3.3,   0.1
25449,  -0.4,   1.5,   6.6,-106.0,  68.5,1055.7,   3.4,   0.3
25477,  -0.9,  -0.4,   6.3, 133.5,  90.0, 971.9,   3.6,   0.4
25501,   0.2,  -1.9,   7.3,  -3.5,  83.7,1113.3,   3.8,   0.7
25525,   1.2,  -2.6,   7.0, 312.7, -37.4, 891.3,   3.6,   0.4
25549,   1.8,   4.1,   5.2,  38.5,   4.6,1081.5,   3.4,   0.1
25577,  -0.1,   0.4,   5.9,-125.3,  89.8, 972.9,   3.5,   0.8
25601,  -2.3,   1.8,   5.6, -36.2, 166.7, 857.2,   4.1,   0.5
25625,  -4.6,   6.5,   7.1,-538.7,  -9.3,1383.3,   4.2,   0.8
25649,   0.2,   1.7,   9.5,  68.8,-100.4, 881.1,   3.1,   0.1
25677,   3.3,   6.2,   5.3,-317.5, 235.8, 855.2,   3.1,   0.1
25699,   1.9,  -1.2,   4.8, -22.1, 155.7,1126.0,   3.5,   0.5
25727,   1.5,  -4.2,   4.3,  19.0,-119.9,1007.1,   3.1,   0.7
25751,   0.6,  -2.5,   4.5, 263.1, -38.2,1029.5,   2.9,   0.1
25775,  -0.3,   1.8,   3.0,-127.3,  38.3, 839.3,   2.9,   0.4
25803,   0.7,   0.9,   2.8,-100.4, -31.3,1000.2,   2.8,   0.5
25827,   2.6,   0.4,   4.1,-159.3,  99.3, 967.8,   2.9,   0.5
25851,   2.5,   5.3,   1.9, -18.4,  66.1,1043.9,   2.9,  -0.0
25875,   2.6,   0.9,   2.2,  98.3, 118.1, 954.8,   2.8,  -0.0
25903,  -2.4,   0.6,   1.1, 313.6, 164.7, 848.1,   3.5,  -0.4
25927,   4.1,  -7.5,   6.4, 162.5, 107.8,1195.8,   3.0,   0.5
25951,   2.3,   4.0,   3.3, -35.7,  68.3, 871.6,   3.1,  -0.3
25975,   2.7,  -1.0,   1.6, 105.4,   9.5,1280.3,   2.9,  -0.4
26003,   2.4,   4.3,  -1.6,-100.2, 136.4,1017.8,   3.5,  -0.3
26027,   0.3,  -1.0,  -0.2,  26.0,  87.6, 940.7,   3.5,  -0.2
26051,  -0.9,  -4.9,   0.1, 357.3, -82.6,1079.3,   3.2,  -0.4
26075,  -1.6,  -2.1,  -0.9, 192.1,  -2.3,1009.0,   3.1,  -0.4
26103,   1.8,   2.3,  -0.9, -66.5, -12.5, 987.0,   3.0,  -0.6
26127,   2.8,  -0.3,  -1.4,-139.2,  23.6,1064.0,   3.3,  -0.3
26151,   1.6,  -0.3,  -1.9,  74.1, -78.7,1091.5,   3.3,  -0.6
26175,  -0.9,   2.9,  -4.5, -98.5, 106.4, 922.8,   3.6,  -0.6
26203,   1.1,   6.8,  -3.3,-771.8, 300.5,1354.7,   4.0,   0.1
26227,   2.1,  -5.9,  -1.1, -69.2,  13.6, 832.0,   3.4,  -0.2
26251,   0.1,   9.9,  -6.3,-222.7, 183.8, 872.1,   3.6,  -1.8
26275,  -0.0,   1.8,  -3.5,-174.2,  39.0, 978.7,   3.6,  -0.6
26303,   2.1,  -1.4,  -3.3,  76.3,  43.4, 932.1,   3.6,  -0.7
26327,   1.9,  -1.9,  -2.2, 231.4,  97.1, 935.3,   3.4,  -0.6
26351,   1.1,  -2.4,  -2.2,  -0.1,  67.3, 907.5,   3.1,  -0.3
26375,   1.9,  -3.6,  -3.3, 116.6,  58.5,1046.4,   3.1,  -0.5
26403,   2.9,  -2.2,  -1.7, -75.3,  88.6, 929.4,   3.0,  -0.2
26427,   2.8,  -1.2,  -1.3,  43.6,-111.4,1119.6,   3.0,  -0.4
26451,   1.5,  -1.6,  -0.9, 137.4,  14.3, 943.8,   3.0,  -0.6
26475,  -1.8,   8.0,  -2.5,-272.3,-115.5,1150.1,   3.5,  -0.2
26503,   0.1,  -1.9,   0.5, 319.7, -89.2,1043.4,   2.7,  -0.4
26527,   2.0,   5.1,  -2.2, -94.6,  32.6,1020.5,   2.6,  -1.0
26551,  -0.4,   1.7,  -1.8,  57.8,  23.6,1165.8,   3.4,  -0.5
26575,  -0.0,  -2.1,   0.2,-108.5,  -6.9,1050.3,   3.1,   0.1
26603,  -0.3,  -0.5,  -1.8,   8.9,   1.6, 975.8,   2.9,  -0.4
26627,  -1.4,  -4.8,  -1.0,  50.7,   3.4, 979.0,   2.7,  -0.0
26651,  -0.4,  -0.1,  -2.7, 122.2, -41.3, 990.5,   2.5,  -0.5
26675,   1.2,   1.4,  -2.1, -43.8,  67.8, 824.9,   2.4,  -0.4
26703,   2.2,   2.0,  -2.5,-186.9, 148.6, 881.6,   2.7,  -0.1
26727,   1.2,  -3.8,  -3.0, -60.6,  84.2, 928.9,   3.0,  -0.1
26751,  -0.7,   1.0,  -1.5,  73.9,  -2.3, 947.7,   2.8,  -0.3
26775,  -3.2,   2.8,  -2.0, -90.7, 181.8, 950.2,   3.2,  -0.3
26803,  -1.2,  -6.3,   0.9, 310.5, -73.8, 939.9,   3.0,  -0.8
26827,  -0.4,   2.0,  -0.8, 311.4,  42.7, 886.7,   2.9,  -1.7
26851,  -1.2,   0.0,  -1.6,   4.1, 175.2,1161.6,   3.5,  -0.9
26879,  -3.3,   2.1,  -2.2,-283.3,  15.1, 949.2,   3.3,  -0.3
26903,  -4.5,  -0.8,  -1.8,-103.4, -80.4, 968.0,   2.8,  -0.4
26927,  -2.9,  -1.8,  -1.4, 102.7,  36.6, 919.9,   2.7,  -0.6
26951,  -0.9,  -4.4,  -0.9, 280.7, 157.2, 970.9,   2.7,  -0.8
26979,  -0.1,   3.1,  -2.0,-186.1,  93.4, 958.5,   2.7,  -0.5
27003,   1.4,  -3.0,  -0.8,  63.9,  89.8, 980.5,   2.6,  -0.3
27027,  -0.0,  -1.8,  -2.2, 311.0,  72.7, 940.7,   2.6,  -0.8
27051,   0.3,   1.8,  -1.7, -12.0,  63.7,1009.8,   2.3,  -0.6
27079,  -1.5,   0.5,  -1.5, 202.1,  62.4, 994.6,   2.7,  -0.7
27103,  -4.3,   3.0,  -1.3,-292.3, 152.3, 782.7,   3.2,  -0.3
27127,  -5.1,  -2.3,   2.6,-319.2, -35.2,1222.2,   3.2,   0.3
27151,  -3.7,   2.0,   2.5, 201.6,-190.5, 891.8,   2.1,  -0.2
27179,   1.8,   3.3,  -0.9, -72.3, 191.3,1118.6,   1.9,  -0.8
27203,   0.1,  -0.2,  -0.5, 135.2, 126.9, 918.9,   2.6,  -0.6
27227,  -0.1,   0.8,   0.0,  45.1,  50.0,1132.1,   2.7,  -0.3
27251,  -0.7,  -0.4,  -0.8,  17.5,  -5.2,1026.8,   2.7,  -0.3
27279,  -1.6,  -2.9,  -0.3, 140.8, -93.6,1160.9,   2.6,  -0.1
27307,  -0.9,  -2.4,   1.2, -40.4,  46.6,1029.3,   2.6,  -0.2
27326,   0.5,  -1.6,   0.0,  66.3,  72.7, 985.3,   2.5,  -0.2
27354,  -1.7,  -0.1,  -1.9, -47.4, -22.3, 927.5,   2.6,  -0.0
27378,  -3.1,   0.4,  -2.2,  28.5,  17.5, 972.6,   2.5,  -0.2
27402,  -1.9,  -1.1,  -2.6, -84.1, 197.9, 905.8,   2.6,   0.1
27426,  -3.7,   0.0,  -3.2,  88.1, 181.3, 883.5,   2.8,  -0.3
27454,  -3.1,   1.9,   0.7, -68.7,-379.7,1353.3,   2.2,   0.0
27478,   3.3,   2.7,  -0.7, 106.1,-119.5, 941.9,   1.3,  -0.8
27502,   2.7,   3.4,  -3.2,-169.5, 285.3, 892.3,   2.6,  -0.6
27526,   0.4,  -2.8,  -4.2, -85.0,  40.5, 980.5,   3.2,   0.1
27554,  -2.7,  -0.8,  -3.1, -51.1,-118.7,1007.1,   2.8,  -0.0
27578,  -1.0,   1.5,  -2.2,-101.6,  51.7,1004.6,   2.4,  -0.1
27602,  -2.0,  -1.3,  -3.1, -95.5,   7.3,1042.2,   2.4,  -0.2
27626,  -0.9,   1.3,  -3.3, -88.2,  90.5,1038.8,   2.4,  -0.4
27654,  -0.3,   2.3,  -4.3, -82.4,  15.1,1011.7,   2.5,  -0.4
27678,   2.7,   0.6,  -3.2,  66.3, 126.2, 944.6,   2.4,  -0.5
27702,   3.0,  -2.7,  -4.2,  51.2, 153.3,1088.9,   2.6,  -0.3
27726,   4.1,  -2.2,  -4.4, -33.5, -10.1, 990.2,   2.7,  -0.0
27754,   1.4,  -5.1,  -4.2, 280.7,  83.7, 901.8,   2.7,  -0.5
27778,  -4.0,  -3.7,  -5.6, -75.5, 141.3, 759.8,   3.5,   0.1
27806,  -5.4,   3.0,  -4.1,-383.4,  28.3,1285.4,   3.4,   0.6
27826,  -1.8,   2.8,  -1.4, -20.8,-158.0, 991.2,   2.5,   0.1
27854,   0.2,   4.8,  -4.4, -65.5, -31.6,1237.5,   3.0,  -0.6
27878,   0.5,   4.0,  -1.5,   0.6, -39.9, 962.6,   3.2,   0.1
27902,   1.0,   1.2,  -0.7,  85.1,  47.5, 939.0,   3.1,   0.2
27930,   0.5,  -2.0,  -0.2, 207.2, 100.5, 925.0,   3.1,   0.3
27954,   0.1,   3.9,  -0.6, -99.4,  56.8,1005.6,   3.0,   0.4
27978,   2.0,   0.7,  -0.9, -16.9,  37.8, 997.5,   2.8,   0.3
28002,   1.3,   3.7,  -0.5,-352.1, 120.8, 946.0,   3.1,   0.5
28030,   0.5,   2.0,   0.1,  26.0,  15.1, 908.4,   2.7,   0.3
28054,   0.5,  -1.3,   0.0, 159.3,  85.4, 906.2,   2.6,   0.2
28078,   1.2,   1.0,   0.7, 113.2, 212.3, 955.1,   2.7,   0.2
28102,  -2.1,  -0.1,  -0.5, -27.9, 154.0, 894.0,   3.1,   0.4
28130,  -1.8,   5.4,   0.3,-616.3, -87.2,1392.1,   3.1,   0.6
28154,   4.4,   1.8,   1.5,  37.0, -67.4,1098.4,   1.7,   0.1
28178,   3.7,   5.0,  -3.7,-117.0, 160.6, 956.5,   2.5,  -0.3
28202,   3.0,  -3.5,  -2.0, -42.3, 124.2, 961.2,   3.2,   0.7
28230,   0.4,  -2.2,  -1.7,  75.8, -28.4, 940.4,   3.3,   0.6
28254,  -1.8,  -2.1,   0.5, 140.5,  52.7,1001.5,   3.0,   0.4
28278,  -3.3,  -3.3,  -0.6,  19.7,  11.9,1061.8,   3.0,   0.4
28306,  -2.8,  -1.0,  -0.3,  77.6,  22.6, 949.0,   2.9,   0.3
28330,  -0.1,  -0.6,  -0.9,  67.8,  75.1, 914.5,   2.7,   0.0
28354,   0.7,  -1.0,  -1.5, 197.4,  42.7,1074.7,   2.6,  -0.1
28378,   1.3,   1.6,  -1.7, -65.8,  46.1, 860.1,   2.9,   0.0
28402,   2.8,   2.1,   1.1, -96.0,  77.1, 983.1,   3.2,   0.1
28430,   1.2,   2.0,   1.9, -51.8, 130.3,1105.9,   3.5,   0.2
28454,  -0.9,   5.5,   0.8,-224.7,   6.3, 979.5,   3.5,   0.3
28478,  -2.9,  -2.0,   1.7,  95.4, 160.1, 877.2,   3.9,   0.5
28502,  -7.8,   1.0,   0.3, 317.5,  36.3,1050.0,   4.3,  -0.2
28530,  -3.1,   3.7,   2.5,-150.5,-210.8,1018.8,   2.9,   0.4
28554,  -0.8,   1.6,   0.3, 279.7,  34.4, 903.3,   3.2,  -0.3
28578,  -3.3,   1.7,   0.3,-138.8, -54.3, 990.7,   3.5,   0.3
28602,  -2.1,   0.2,   0.6, -61.4,  24.1,1038.8,   3.3,   0.6
28630,  -3.6,  -1.0,   0.0, 118.8, -10.1,1070.3,   3.0,   0.3
28654,  -2.8,   0.8,  -0.3, -53.1,  13.4,1057.6,   2.9,   0.5
28678,  -0.3,   1.5,  -0.9,-164.6, -22.5,1042.7,   2.7,   0.5
28702,   1.5,  -1.7,  -1.6, -33.3,  29.0, 925.0,   2.7,   0.5
28730,  -1.7,  -1.4,  -3.6, 187.4,  65.4,1029.0,   3.0,   0.2
28754,  -1.5,   3.9,  -3.5,-156.3,  45.3,1042.2,   2.8,   0.2
28778,  -1.5,  -1.5,  -2.2, -67.5,  33.6,1083.7,   2.5,   0.4
28806,  -2.8,  -0.1,  -2.8, -53.3, 103.7, 915.5,   2.5,   0.5
28830,  -4.2,   2.8,  -2.5, 124.4,  80.5, 841.8,   2.6,  -0.1
28854,   0.4,   4.2,  -0.0,   2.1, -73.1,1256.3,   1.7,  -0.3
28878,   3.3,   2.9,  -1.3, -44.8, 128.8, 850.6,   2.0,   0.0
28906,   2.7,  -0.3,  -4.2,-152.4, 186.5, 916.5,   2.8,   0.1
28930,   0.2,  -1.6,  -2.8,  10.9,  81.5, 930.7,   3.1,   0.6
28956,  -0.4,   0.4,  -2.4,  11.9, 103.9, 918.0,   2.7,   0.4
28980,  -0.7,   0.1,  -2.0, -55.5,  57.6,1009.0,   2.3,   0.3
29004,  -0.3,  -3.5,  -2.0,  41.4,  54.9,1046.4,   2.5,   0.1
29028,  -0.2,   0.6,  -2.9,-110.9,  57.6,1010.5,   2.6,   0.4
29056,  -0.7,  -1.9,  -5.0,  38.7, -20.8,1018.3,   2.7,   0.3
29080,  -0.5,  -4.1,  -3.6, 181.6, -45.0,1003.9,   2.6,   0.1
29104,   0.7,  -1.3,  -3.3, -62.1,  95.1, 985.1,   2.9,  -0.0
29128,   0.7,   0.9,  -2.6,-225.2,  94.2, 870.3,   3.0,   0.2
29156,  -0.0,  -3.2,  -3.6, 111.2, 109.6, 883.5,   3.1,   0.1
29180,  -2.7,   3.9,  -2.4,-221.5,  43.4, 808.6,   3.2,  -0.2
29204,   5.2,  -4.2,   2.2,-107.0,  76.1,1134.3,   2.8,   0.5
29228,   4.3,  -1.0,  -0.1, -68.2,  98.8, 983.1,   3.0,   0.1
29256,   1.1,   0.3,  -1.1,-265.2, 145.4, 953.6,   3.5,   0.1
29280,  -0.7,  -4.3,   0.5,  77.1,  -0.3, 944.3,   3.4,   0.2
29308,   0.3,   2.8,   1.0,-205.7, 145.0, 909.2,   3.6,   0.5
29328,  -1.0,   0.8,   2.2,  11.9,   7.7,1050.0,   3.4,   0.3
29356,   0.4,  -1.8,   2.3, -48.2,  68.8,1019.5,   3.6,   0.6
29380,   0.5,  -0.7,   1.9, 166.9, 104.9,1093.5,   3.7,   0.2
29404,   0.1,   5.0,   3.6,-158.8,  -8.9,1035.4,   3.6,   0.3
29428,  -1.1,   0.7,   5.6, -90.7, -15.7,1025.1,   3.5,   0.7
29456,  -0.6,   0.7,   4.5, 135.7,  49.7, 982.4,   3.3,   0.5
29480,  -1.3,  -0.1,   3.2, -34.3,  75.1, 958.0,   3.0,   0.9
29504,  -3.7,   2.0,   1.1, 105.6, 112.7, 850.8,   3.3,   0.1
29528,  -2.0,   9.6,   1.1,-641.4, 202.1, 970.4,   3.3,   0.2
29556,   3.4,   1.2,   2.7, -40.4,  69.8, 898.9,   2.5,   0.1
29580,   2.9,   5.1,  -0.9, -43.1, 174.0, 870.6,   2.8,  -0.2
29604,   1.0,  -0.4,   0.9, 113.7,  70.7,1083.2,   3.0,   0.3
29628,  -0.3,  -3.3,   2.5, 120.0,  60.0,1017.6,   3.0,   0.5
29656,  -0.5,   2.6,   3.2,-104.8,  14.3,1098.6,   2.8,   0.5
29680,  -0.3,  -1.7,   3.9,  97.1,  29.7,1046.1,   2.7,   0.6
29704,   0.1,   3.2,   3.5,  40.4, -45.2,1068.3,   2.5,   0.3
29728,   1.6,  -1.2,   2.8, 247.0,  84.9,1001.2,   2.7,   0.2
29756,  -1.1,   4.1,   1.2,-151.7, -18.9, 982.9,   2.7,   0.3
29780,   0.4,   5.3,   0.5,-168.1,  92.2, 963.6,   2.5,   0.1
29808,  -2.0,  -3.0,   1.1, 127.6,  30.9,1055.7,   2.4,  -0.1
29828,  -3.1,   1.0,  -1.1, 186.0, 136.9, 954.3,   2.7,  -0.7
29856,  -6.8,   8.0,   0.9, 142.5, -73.6,1499.7,   2.9,  -1.1
29880,   1.8,  -1.9,   4.1,-130.7,-125.1, 918.0,   2.0,  -0.0
29904,   3.5,  -0.8,   2.2, 402.3, 161.3, 929.7,   2.2,  -0.8
29932,   2.5,   1.7,   1.1,-181.0,  61.5,1008.3,   2.5,   0.1
29956,   0.7,  -3.0,   1.5,-106.8,  28.5,1009.8,   2.7,   0.3
29980,  -0.2,  -2.1,   2.3,   0.2,  87.6,1029.5,   2.7,  -0.0
30004,   0.2,  -1.0,   2.3, 173.5,   0.2,1028.6,   2.5,  -0.3
30032,   0.8,   0.9,   1.1,-178.8,  31.2,1039.1,   2.5,  -0.1
30056,   2.2,  -2.4,   1.1, 116.9,  77.1, 948.5,   2.6,  -0.2
30080,   0.2,  -3.3,   0.1, 221.6,  72.4,1114.7,   3.1,  -0.4
30104,  -1.0,  -2.1,   1.0,  75.4,  11.9, 842.5,   3.2,  -0.2
30132,  -1.2,  -1.8,   2.7, 182.5,   3.1,1070.3,   3.0,  -0.5
30156,  -4.2,   2.2,   0.8,-371.4,-155.3,1312.0,   3.4,   0.1
30180,   1.5,  -4.3,   3.1, 364.9,-150.0, 902.8,   2.4,  -0.5
30204,   3.2,   7.9,  -1.1, -21.6, 186.7, 928.9,   2.7,  -1.2
30232,  -0.3,  -1.6,  -0.9, -11.3,  51.7, 858.6,   3.6,  -0.3
30256,  -2.3,  -0.9,  -0.2,  31.9, -46.9, 933.8,   3.3,  -0.2
30280,  -3.2,   0.6,  -0.1, 137.6, -26.2,1007.3,   3.1,  -0.7
30308,  -2.2,   0.0,   0.9, -57.9,  40.0, 974.1,   3.0,  -0.6
30332,  -1.2,   2.3,   1.4,  52.9,  66.1, 922.8,   2.9,  -0.7
30356,   0.5,   0.9,   1.4,   1.9, -45.2,1143.8,   2.8,  -0.6
30380,  -0.1,   5.4,  -0.7,-195.2, 169.9,1013.2,   2.9,  -0.6
30404,   0.4,  -3.0,   0.1,  -0.8,  31.7, 884.0,   2.7,  -0.5
30432,   0.7,   4.0,   0.1, -49.6,  57.3, 905.8,   2.4,  -0.6
30456,  -2.2,  -2.1,  -0.9, -55.5, 188.4, 892.3,   3.1,  -0.2
30480,  -7.5,   0.5,  -1.6,   8.9,  44.1, 801.7,   3.3,  -0.4
30504,  -6.8,  -1.3,   4.1, 186.9,-682.4,1376.7,   2.4,  -0.5
30532,   1.4,   1.9,   2.0,  47.8, 203.1,1010.2,   2.1,  -0.5
30556,   1.6,   1.7,  -1.7,-127.5,  31.7, 986.3,   2.4,  -0.4
30582,   0.7,   0.6,  -2.7,-219.1,  46.8, 991.9,   2.7,  -0.1
30606,   0.4,  -0.8,  -2.1,  61.9, 140.1, 959.0,   2.7,  -0.2
30630,  -0.6,  -0.1,  -1.4,  61.7,  47.8, 988.8,   2.5,  -0.3
30654,  -0.9,   1.8,  -1.6, -60.6,  -5.7, 947.7,   2.2,  -0.1
30682,   1.9,   2.3,  -2.7,-116.5,   0.7,1051.0,   2.3,  -0.1
30706,   2.8,  -1.2,  -3.6, -50.1, 276.5, 858.9,   2.8,   0.0
30730,   2.9,   1.8,  -4.9,-105.3, 141.0, 880.8,   2.7,  -0.3
30754,   1.6,   2.7,  -3.7,-241.5, 189.9, 911.4,   2.9,  -0.0
30782,  -3.4,  -2.9,  -4.5, 200.8, 175.7, 928.7,   3.7,  -0.5
30810,   2.7,  -0.4,   1.7, 151.8,  91.0,1054.9,   3.8,  -0.6
30830,   4.4,  -0.9,   1.6,  95.6, 202.6, 859.1,   4.2,  -0.7
30854,   2.9,  -0.1,  -1.2,-150.5, 189.6, 997.1,   5.1,  -0.5
30882,   0.5,   3.6,  -0.5,-345.5, -10.1, 887.9,   5.0,   0.1
30906,  -1.2,  -2.2,   1.7,  15.1, -40.3,1169.9,   4.6,  -0.3
30930,  -0.0,   1.5,   2.3,-263.8, -10.8,1001.5,   4.1,  -0.1
30958,   0.7,   0.9,   2.8, 120.5,  80.0,1049.3,   4.0,  -0.3
30982,   2.2,   0.9,   1.6,-142.2,  46.1,1083.2,   3.9,  -0.1
31006,   4.9,   2.8,   2.2,  84.6,  12.9,1017.3,   3.9,  -0.4
31030,   4.4,  -0.7,   3.6,  76.1,  78.3, 975.3,   4.1,  -0.1
31058,  -0.1,   2.8,   2.0,  15.8,  79.5, 955.6,   4.3,  -0.1
31082,  -7.0,   1.0,   3.0,-193.0, 144.7, 726.6,   5.0,   0.6
31106,  -3.9,  -2.1,   6.1, 191.6,-332.3,1196.8,   3.9,   0.5
31130,  -0.7,   3.6,   4.1,  92.2,  56.8,1131.6,   3.5,  -0.1
31158,   0.5,   2.9,   1.2,-210.3, 179.4,1069.6,   4.0,  -0.1
31182,   1.5,  -0.2,   1.1, 141.3, 134.7, 874.3,   3.9,   0.2
31206,  -0.3,  -0.1,   1.1,  47.3,  34.4,1004.4,   3.6,   0.2
31230,  -1.9,   0.6,   1.2, 123.5,  39.2, 979.7,   3.4,   0.1
31258,  -1.4,   0.9,   2.0,  64.6,   5.8, 997.5,   3.1,   0.1
31282,   1.6,   2.0,   1.9,-135.3,  22.6,1068.6,   3.1,   0.2
31310,   1.4,  -1.4,   3.0, 103.7, -24.7,1033.7,   3.1,   0.0
31330,   0.9,  -0.1,   3.1,-105.1,  51.7,1069.3,   2.7,   0.1
31358,  -2.5,  -0.2,   0.6, 133.7, 183.8, 883.3,   3.4,  -0.3
31382,  -3.2,   7.4,   0.3,-392.7,  86.8,1128.4,   3.1,  -0.1
31406,   1.0,  -0.4,   2.5, 191.1, -11.1, 914.8,   2.1,  -0.8
31430,   1.2,  -0.4,  -0.5, -31.6, 162.5,1074.9,   2.6,  -0.7
31458,  -0.3,   1.4,  -1.5,-126.3,  20.7, 957.3,   2.8,  -0.2
31482,  -1.4,  -1.2,  -0.3, 222.1,  -8.9, 872.1,   2.6,  -0.2
31506,  -3.1,  -3.1,  -0.8, 411.5, -97.0,1192.4,   2.5,  -0.5
31530,  -1.2,   3.2,  -1.7,-161.2,  65.6, 976.8,   2.3,  -0.3
31558,   0.2,  -3.2,  -1.3, 159.1, -10.6, 981.2,   2.2,  -0.3
31582,   1.4,  -0.1,  -2.2,-102.6,  26.5,1099.1,   2.4,  -0.1
31606,  -1.7,  -3.8,  -1.9, 113.9,-192.7,1129.4,   2.6,  -0.2
31630,   0.6,   1.2,  -1.6, 138.1,  47.5,1087.6,   2.4,  -0.5
31658,  -2.6,  -1.4,  -2.2, -79.4, 199.6, 897.9,   3.1,  -0.3
31682,  -1.8,  -1.9,  -0.2,-241.1,   6.3,1355.0,   3.0,   0.2
31706,   1.9,   1.4,   1.8, 175.2,-169.0, 824.9,   2.0,  -0.8
31730,   3.3,   7.3,  -3.0,-218.1, 325.9, 898.4,   2.5,  -1.2
31758,  -0.3,  -1.9,  -2.5,  -5.9,  18.7,1004.1,   3.3,  -0.3
31782,  -1.2,  -0.8,  -1.0, -33.5,-135.3,1069.1,   2.8,  -0.3
31810,  -2.3,   3.2,  -1.4,-134.6, -47.4,1119.4,   2.6,  -0.1
31830,  -0.6,  -0.2,  -0.7,  10.4,  28.0,1024.6,   2.5,   0.2
31858,   2.5,   0.7,  -1.7, 194.3,  71.7, 951.4,   2.6,  -0.2
31882,   4.9,  -1.0,  -2.0,  95.1, 120.3, 926.3,   2.5,  -0.2
31906,   4.7,   0.2,  -2.8, 144.0, 205.5, 822.3,   2.8,  -0.3
31934,   1.8,  -0.6,  -3.0,  68.0, -90.2, 973.9,   2.6,  -0.1
31958,  -0.8,   0.1,  -2.9,-206.6, 164.7, 896.7,   3.3,   0.2
31982,  -3.9,   8.1,  -3.9,-539.1, -61.8, 960.4,   3.3,  -0.2
32006,   2.7,   0.6,  -0.9,  55.8,  30.9,1020.3,   2.3,  -0.5
32034,   3.2,   9.6,  -5.0,-409.8, 113.2, 843.7,   3.1,  -0.4
32058,   3.8,  -0.4,  -3.4,  14.1, 141.8,1020.7,   3.5,  -0.1
32082,   0.2,  -0.7,  -2.8,  56.6,   9.5,1129.9,   3.5,  -0.1
32106,  -0.1,   1.9,  -1.0,   3.3, -11.5, 998.8,   3.3,   0.0
32134,   0.4,   4.5,  -1.6,-323.6,   7.5, 947.7,   2.9,   0.1
32158,   2.2,  -0.7,  -1.9, -90.9, 105.4, 876.2,   2.9,   0.2
32182,   4.4,  -1.2,  -1.9, 150.1, 214.5, 975.8,   3.2,  -0.3
32208,   2.7,   2.3,  -0.4,-152.2, 139.3, 906.0,   3.5,   0.1
32232,   1.9,   0.7,   0.9,  21.6,  62.4, 887.4,   3.3,   0.2
32256,  -2.1,   1.5,  -0.6,   2.6, 270.2, 997.3,   3.8,   0.3
32284,  -4.7,  -1.0,   2.3,  61.7,-341.4,1425.8,   3.3,   0.2
32312,   4.2,   2.7,   2.6,-248.4, 260.2, 920.9,   3.7,   0.6
32332,   3.3,   8.4,  -2.4,-503.7, 162.8, 884.3,   4.5,   0.2
32356,   0.7,  -4.9,  -0.0, 313.1,  32.9,1109.9,   4.7,   0.6
32384,   0.5,   1.2,  -1.2,  14.1, -18.1, 896.0,   4.1,   0.6
32408,  -0.2,  -4.4,  -1.1, 343.7,  44.4,1033.2,   3.8,   0.2
32432,  -0.5,  -1.8,  -1.7,  71.0, 104.9, 893.3,   3.8,   0.2
32456,   0.4,  -1.6,  -1.8,  95.1, 105.6, 966.3,   3.8,   0.2
32484,   1.6,   0.3,  -1.7, -40.4,  50.0, 970.0,   4.0,   0.1
32508,   1.6,  -0.4,  -0.4, -64.8,   8.2,1002.9,   4.1,   0.2
32532,   2.0,   0.4,   0.9,  85.1,  50.5,1041.7,   3.8,   0.2
32556,  -0.9,   0.4,   0.0, -42.1, 225.8,1074.9,   4.4,   0.2
32584,  -8.2,  -2.1,  -0.9, 310.7, 123.2, 839.6,   5.3,   0.1
32608,  -5.2,  -3.3,   4.9, 238.9,-115.3,1196.8,   4.0,   0.2
32632,  -1.2,   2.8,   2.3,  13.3, 152.3, 875.5,   3.9,  -0.2
32656,  -2.9,  -1.0,   0.1, -16.7,  72.9,1133.5,   4.2,   0.1
32684,  -0.9,   7.9,  -2.4,-323.3,  -4.2,1000.5,   4.1,  -0.1
32708,  -2.8,   0.4,   0.7,  77.6, -28.9, 991.9,   3.9,   0.3
32732,  -1.8,   1.9,  -0.5, 112.5,   0.9, 996.6,   3.8,  -0.1
32756,  -1.5,  -1.7,   0.7,  26.5,  73.7,1053.9,   3.6,   0.4
32784,  -0.7,   1.0,  -0.6, 103.9,  33.9, 960.9,   3.5,  -0.1
32812,  -0.4,  -0.6,  -0.8, 123.5,  18.2,1101.8,   3.5,  -0.3
32832,   0.2,   0.2,  -1.1, -19.4,  95.6, 921.6,   3.2,  -0.1
32856,  -2.9,   0.9,  -2.4, -97.3, 173.5, 991.0,   3.4,   0.1
32884,  -7.4,   1.5,  -3.0, 225.0,  -7.9, 865.5,   3.5,  -0.9
32908,  -1.0,  -0.7,   3.1,-401.2,-383.9,1501.7,   2.5,  -0.6
32932,   4.4,  -4.0,   2.2,  71.4, 209.2, 927.5,   2.9,  -0.4
32960,   0.9,  -1.9,  -3.6, -43.1, 112.2,1016.1,   3.6,  -0.4
32984,  -0.8,  -0.4,  -1.7, -53.3, -21.8, 908.7,   3.3,  -0.2
33008,  -4.0,  -0.1,  -1.4,-116.3,-167.5,1145.7,   2.7,  -0.2
33032,  -2.4,   1.2,  -0.3,  31.7,   5.5, 941.9,   2.4,  -0.3
33060,  -2.3,   3.1,  -2.8,-253.3, -69.6, 950.9,   2.3,  -0.3
33084,   0.4,  -0.7,  -1.9, 138.1,  25.3, 971.7,   2.4,  -0.4
33108,   1.7,   1.0,  -1.9, 125.6,  76.1,1012.0,   2.6,  -0.8
33132,   1.7,   2.3,  -0.3,-171.2,  74.6, 932.6,   2.8,  -0.3
33160,   2.4,   0.6,   0.8, -95.5,  93.9, 957.5,   2.8,   0.0
33184,   0.9,  -1.3,   0.0,  42.6, -70.9,1486.3,   2.7,   0.4
33208,   3.3,  -2.7,   0.2,-101.6,-331.4, 869.1,   1.8,   0.4
33232,   4.8,  -0.2,  -3.0,  11.9, 253.1, 827.4,   2.7,  -0.0
33260,   0.4,   2.6,  -4.3,-178.8,  26.8, 997.8,   3.8,   0.4
33284,  -0.9,  -3.3,  -2.0,-207.8, 175.7, 921.4,   3.8,   0.6
33312,  -2.3,   1.8,  -2.0,-167.1,  64.4, 911.4,   3.8,   0.9
33332,   0.7,   0.6,   0.6,  61.2, 127.4, 989.7,   3.8,   0.5
33360,   1.3,   1.7,  -0.3, -57.5, 175.0, 918.4,   4.3,   0.5
33384,   2.2,   2.2,   0.8, 297.5,  24.3,1165.8,   4.2,   0.1
33408,  -0.4,  -1.3,   2.1, -55.7,  48.3,1115.5,   4.4,   0.8
33432,  -3.3,  -3.8,   2.3, 185.2,   2.1,1247.8,   4.2,   1.1
33460,  -4.2,   2.3,   2.6,-231.3,-123.1, 929.2,   3.9,   1.2
33484,  -3.4,  -5.0,   5.2,  74.6, 167.9, 847.6,   4.3,   1.2
33508,  -7.1,   8.4,   3.3,-177.6, 157.2,1045.6,   5.2,   0.3
33532,   0.1,   1.4,   6.4,   7.2, 142.5,1036.4,   3.8,   0.9
33560,  -0.5,   8.7,   2.5,-248.9,  82.9, 987.5,   4.0,   0.2
33584,   0.8,  -3.0,   5.4, 115.2,  41.0,1145.3,   4.1,   0.8
33608,  -0.6,  -1.7,   4.8, -36.2,  11.2,1128.2,   4.1,   1.2
33632,  -1.3,  -5.4,   5.3, 251.9,  -1.5, 994.1,   4.2,   0.8
33660,  -1.8,   5.1,   3.7,-185.1,  65.1, 761.7,   3.8,   1.0
33684,  -0.9,   2.1,   5.0,  69.5,  91.7,1178.5,   3.8,   0.8
33708,  -1.1,   1.0,   4.5,-232.5, -13.7, 833.2,   3.5,   0.9
33732,  -2.7,   2.1,   3.3, -54.5,  38.0, 985.1,   3.4,   0.7
33760,  -5.0,  -1.9,   3.5, 141.8,  -8.4,1049.1,   3.7,   0.8
33784,   0.7,  -0.4,   8.0, 257.5,   2.1,1035.6,   2.6,   0.5
33812,   4.0,   0.3,   6.0, 137.9, 201.1,1004.6,   2.9,   0.4
33835,  -1.2,  -3.2,   2.0,   8.2,  60.7,1026.4,   3.9,   0.9
33859,  -1.3,  -0.7,   3.1, -21.1, -22.0, 945.5,   3.9,   1.2
33883,  -0.3,   1.3,   3.5, 224.0, -51.3,1169.9,   3.4,   0.8
33907,   0.8,   1.8,   4.1,-174.6, 119.6, 898.7,   3.2,   1.2
33935,   1.3,   0.1,   2.8, 122.0,  30.7, 981.7,   2.8,   0.5
33959,   2.0,   1.1,   2.7,  41.2, 140.8, 945.8,   2.9,   0.5
33983,   2.2,   2.0,   2.1,   0.2,  58.5,1131.3,   3.4,   0.6
34011,   1.6,   3.0,   0.6, -97.7,  24.6, 871.1,   3.2,   0.3
34035,  -2.7,   3.3,  -0.2,-777.4,-213.2,1411.6,   3.4,   0.8
34059,  -0.3,  -6.0,   1.6, 346.1,-292.1, 944.3,   3.0,   0.2
34083,   4.0,   5.5,  -0.5, 123.7, 224.8, 998.8,   3.0,  -1.2
34111,   2.8,  -0.5,   0.7,  59.0, 167.7, 933.8,   4.0,   0.2
34135,   2.1,  -0.1,   1.5,  21.4,  44.1, 942.9,   3.7,   0.2
34159,   0.8,  -3.4,   1.8, 260.7, -16.2,1083.5,   3.5,   0.0
34183,   0.3,   4.3,  -0.2,-340.2,  13.1,1061.5,   3.5,   0.0
34211,   1.7,  -0.5,   0.3, 258.0, 193.8,1009.3,   3.7,  -0.2
34235,   0.5,   2.5,   1.4,-261.3,  20.2, 850.6,   3.6,   0.1
34259,   0.5,  -2.5,   2.3, 498.7,  66.8,1228.5,   3.3,  -0.3
34283,  -3.8,   3.1,   0.5, -58.9, 184.7, 806.4,   4.1,  -0.0
34311,  -5.4,   4.3,   4.1, -83.6,-399.2,1460.9,   3.6,   0.1
34335,   1.9,   3.4,   2.0,-115.1, -74.5, 998.8,   2.8,  -0.3
34359,   2.1,   2.8,  -0.6,  24.8,  38.5,1088.1,   3.2,  -0.4
34383,   2.0,  -3.9,  -0.1,  18.7,  65.9, 948.7,   3.4,   0.3
34411,  -1.3,   4.0,  -1.9,-181.2, -11.8,1030.3,   3.2,   0.2
34435,   0.1,   0.1,  -0.1,  99.5,  -4.9,1025.6,   2.9,   0.0
34459,   1.4,   5.1,  -1.0,-218.1,  72.7,1068.6,   2.9,   0.1
34483,  -1.7,  -2.7,  -2.1, 304.4, 139.3, 962.6,   3.4,  -0.2
34511,  -2.6,   1.0,  -3.2,-339.0, -34.0,1003.2,   2.8,   0.1
34535,  -4.7,  -2.7,  -2.6, 309.7,  47.8, 954.6,   3.0,  -0.9
34559,   1.3,  -7.8,   0.8, 313.6, -81.4, 837.6,   2.0,  -0.4
34583,   1.6,   3.1,  -2.8,  98.8,  91.0, 720.7,   2.1,  -1.5
34611,   1.8,  -5.8,  -1.4,  63.1, 176.7, 969.5,   2.9,  -0.5
34635,  -1.4,  -1.3,  -3.5,  59.0,  61.0, 773.4,   2.9,  -0.8
34659,   0.6,  -2.9,  -1.3,  -6.9, 168.6, 959.7,   2.7,  -0.7
34683,  -2.0,   5.6,  -3.1, -40.1,   9.0, 962.1,   2.4,  -1.0
34711,   0.5,   3.4,  -0.9,-326.0, -53.0, 996.3,   2.2,  -0.5
34735,   2.5,  -3.6,  -0.7, 238.0, 219.9, 930.9,   2.5,  -0.7
34759,  -0.7,   4.0,  -2.6,-208.6,-130.2, 891.1,   2.3,  -0.7
34783,  -1.0,   0.2,  -1.3,  48.0, 223.6, 913.1,   2.7,  -0.8
34811,  -0.6,   6.7,  -0.3,-836.3,  -6.2,1435.8,   2.6,  -0.1
34835,  -0.4,  -3.3,   0.1, 373.0,-238.8,1044.9,   1.8,  -1.1
34859,  -0.3,   5.6,  -4.1, -37.2, -20.8,1230.2,   1.5,  -1.7
34883,  -0.1,   2.5,  -2.5, -66.7,  -9.3, 872.5,   2.2,  -1.1
34911,  -0.1,   2.9,  -2.9,  30.4, 119.8,1027.8,   2.4,  -0.8
34935,  -1.2,  -0.3,  -1.4,-169.8, -98.5,1007.6,   2.0,  -0.2
34959,   0.9,  -2.3,  -0.6, 350.3,  37.0,1066.9,   1.6,  -0.7
34987,   2.4,   0.5,  -2.2,  49.0, 123.5,1030.3,   1.8,  -0.6
35011,   1.0,  -5.9,  -1.4, 177.4, 131.3, 883.0,   2.3,  -0.5
35035,   0.1,  -1.3,  -0.9, 131.3,  31.9, 958.5,   2.1,  -0.5
35059,  -2.8,   3.4,  -3.5, 109.3, 162.8, 985.3,   2.4,  -0.8
35087,  -2.1,  -8.2,   2.7, 633.7,-331.1,1238.0,   1.7,  -0.7
35111,   4.6,   9.2,  -1.1,-316.0, 210.4, 831.5,   1.5,  -0.7
35135,   1.8,  -2.7,  -3.3, 226.7, 118.8,1033.4,   2.9,  -0.4
35159,   0.1,   2.2,  -1.7,-189.8, -30.1, 802.5,   2.8,   0.3
35187,  -0.4,  -1.5,  -1.4,  19.2, -41.3,1019.8,   2.5,   0.2
35211,  -1.7,  -1.2,  -1.7, 103.4, -45.2, 998.8,   2.1,   0.0
35235,  -0.4,   2.9,  -4.2,  84.9,  53.2, 977.8,   2.3,  -0.4
35259,   2.2,  -0.2,  -3.4, 200.1,  82.2, 971.7,   2.2,  -0.6
35287,   0.6,   3.4,  -4.9,  16.5, -42.5,1036.1,   2.5,  -0.5
35315,   2.6,  -0.1,  -4.2, -13.3,  52.2, 906.2,   2.6,  -0.5
35335,  -1.2,  -2.0,  -5.3,  50.7, 242.6, 911.4,   3.1,  -0.5
35359,  -5.3,   2.3,  -6.1,-473.5,-330.6,1359.6,   3.2,  -0.6
35387,   1.3,   0.5,  -5.2, 119.5, -40.6,1115.5,   2.5,  -1.2
35411,   0.9,   0.1,  -5.7, -81.9, 171.1, 898.7,   3.4,  -1.1
35435,  -2.2,   1.2,  -4.7,-109.7,  -7.4, 859.1,   3.5,  -0.6
35461,   0.2,  -4.2,  -2.9, 276.0,  64.9, 983.9,   3.2,  -0.7
35485,  -1.2,   3.9,  -4.4, -56.7,  54.1, 898.9,   2.9,  -1.0
35509,  -0.6,   1.6,  -3.5, -20.8,  61.7,1157.7,   2.9,  -0.6
35537,  -0.0,  -0.9,  -1.9, -22.1,  20.0, 942.4,   2.8,  -0.7
35561,   1.2,   0.5,  -0.4,-141.9,  79.5,1071.8,   2.9,  -0.4
35585,   1.7,   2.0,  -0.8, -54.8,  50.5, 898.9,   2.9,  -0.2
35609,  -0.6,   1.4,  -0.2, -99.0,  96.4,1023.2,   3.1,  -0.0
35637,  -5.0,   4.3,  -1.4,  89.0,  86.4, 731.2,   3.7,  -0.8
35661,  -4.5,   6.5,   2.0,-495.7, 191.3,1195.1,   3.5,  -0.6
35685,  -2.0,  -0.1,   3.9,  73.2,  46.8, 978.5,   3.2,  -0.3
35709,  -1.0,   4.5,   1.0,-109.9,  44.1, 927.7,   2.8,  -0.7
35737,   0.2,   4.0,   2.0,  63.1,  95.6, 939.4,   3.0,  -0.3
35761,  -0.5,  -4.5,   1.9, 201.3, 111.8,1008.5,   2.8,  -0.1
35785,  -2.4,   2.4,   0.8, -46.2,  73.4, 986.8,   2.7,  -0.3
35813,  -1.4,  -0.8,   1.2,-121.9, -15.4,1078.8,   2.6,  -0.2
35837,  -2.5,   0.4,  -0.5,  94.6,  55.8,1063.5,   2.8,  -0.6
35861,  -1.7,   4.5,  -1.0,-129.5,  20.2, 911.6,   2.5,  -0.7
35885,  -1.8,  -0.8,   1.0, -79.4,  73.4, 944.8,   2.6,  -0.3
35909,  -1.8,  -6.5,   2.5, 145.9, 116.9, 994.4,   2.7,  -0.2
35937,   4.1,  -0.7,   6.1,-141.4,-150.0, 986.3,   1.6,  -0.1
35961,   8.4,   0.4,   5.0,-220.8, 337.6, 897.0,   1.6,  -0.1
35985,   1.6,  -0.7,   0.6, -49.2, 129.1,1023.2,   3.2,  -0.1
36013,   0.3,  -0.4,   4.3,-147.8,   5.1,1058.3,   3.2,   0.4
36037,  -0.5,  -0.1,   5.5, -61.6, -16.4, 968.3,   2.6,   0.3
36061,  -1.8,  -1.0,   6.6, 202.1, -70.9,1045.9,   2.4,  -0.1
36085,  -0.7,   2.0,   5.3,  46.5, -23.3, 974.1,   2.3,   0.0
36113,  -0.3,   3.4,   4.4, 181.6,-107.7,1209.9,   2.4,  -0.2
36137,  -0.4,  -1.6,   4.7,   7.5,  10.2, 984.9,   2.6,   0.4
36161,   1.8,  -4.8,   3.6, 253.3,  44.6,1045.2,   2.4,   0.1
36185,   0.3,  -4.7,   3.4,  18.5,  66.3,1030.0,   2.3,   0.5
36213,  -1.4,  -1.0,   1.7,  89.0, 173.3, 830.1,   2.6,   0.3
36237,  -1.1,  -3.6,   3.7, 184.0,-141.7,1357.9,   2.4,   0.2
36261,   3.3,  -1.5,   3.4,-147.3, -14.0,1065.9,   1.8,   0.0
36285,   3.7,  -4.4,   1.9,  45.3, 167.2, 907.2,   2.6,  -0.1
36313,   2.3,   0.4,   0.8,-286.0,  55.6, 878.9,   2.7,   0.3
36337,   0.3,   1.2,   2.2, -30.6,  28.0, 926.3,   2.6,   0.1
36361,   1.9,  -1.0,   4.1, -15.7, 105.2, 953.6,   2.5,   0.0
36385,   0.8,   0.3,   2.5,  59.5, 134.7,1013.9,   2.6,  -0.4
36413,   1.4,   4.0,   3.0,  12.9, -15.4,1075.9,   2.7,  -0.4
36437,   1.5,  -2.1,   3.4, -40.9,  28.0, 959.5,   3.1,   0.1
36461,   0.8,  -0.9,   1.6, 185.2, -40.3, 916.0,   2.9,  -0.3
36485,  -0.8,  -0.4,  -0.0,-165.4, 158.9, 857.4,   3.1,  -0.0
36513,  -2.0,  -3.4,   2.2,-301.1,-326.5,1176.3,   2.8,   0.6
36537,   2.2,  -2.5,   0.8, 175.0,  16.3, 872.8,   2.8,  -1.0
36561,   3.5,   3.2,  -3.4,-555.3, 209.9, 782.9,   3.4,  -1.1
36585,   1.4,  -2.1,  -0.8, -30.8,   9.9, 979.7,   3.8,  -0.7
36613,   1.2,  -4.6,  -0.5, 152.3,   9.5,1073.5,   3.4,  -0.8
36637,  -2.2,   2.0,  -1.1,  43.4,   3.4, 977.5,   3.3,  -1.0
36661,  -0.9,  -2.4,  -0.1, -61.1, -46.2,1029.3,   3.0,  -0.8
36685,   0.5,  -2.9,  -1.5, 104.9, -37.9, 969.0,   3.1,  -1.1
36713,   3.1,  -4.3,  -0.6, -46.0, -15.0,1123.8,   3.1,  -0.7
36737,   1.2,  -1.6,  -1.3, 137.6,-102.6, 957.8,   3.0,  -1.3
36761,   1.5,  -1.4,   0.6, 132.0,  13.6, 914.1,   2.7,  -1.2
36785,  -1.5,   1.0,  -1.7, 181.3, 255.8, 766.3,   3.8,  -1.4
36813,   1.0,  -6.9,   2.4, 456.7, -14.0, 889.9,   3.7,  -2.1
36837,   4.1,  -0.4,   2.0,  89.3,  91.7, 747.5,   3.3,  -2.7
36861,   1.3,  -3.3,   0.5,  56.8, 170.1, 849.4,   3.8,  -2.2
36885,  -0.1,   1.2,  -0.6, -96.3, -57.4,1089.1,   3.7,  -2.1
36913,   0.7,   1.5,   0.8,-249.8,  22.9,1009.3,   3.7,  -1.7
36937,  -1.6,  -1.7,   0.5,  84.1,  57.3,1053.5,   3.8,  -1.8
36961,   0.1,   2.1,   1.3, -42.1,   0.4,1032.2,   3.5,  -1.4
36989,  -0.3,  -1.1,  -0.3, -11.6, 146.2, 956.8,   3.9,  -1.3
37013,  -0.9,  -6.9,  -0.3, 201.1, -66.2,1179.7,   3.6,  -1.4
37037,   0.4,   1.0,  -1.1, 113.4,  90.5, 949.0,   3.3,  -1.7
37061,  -1.9,   0.6,  -2.7,  44.1, 210.4, 863.3,   4.0,  -1.6
37087,  -2.6,   0.3,   2.3,-107.0,-441.5,1298.8,   3.3,  -1.3
37111,   6.9,   1.3,  -0.2,-133.1, 152.3,1031.5,   2.5,  -1.4
37139,   2.7,  -4.3,  -3.3, -21.6,  75.6, 972.2,   4.3,  -1.3
37163,   0.7,   3.1,  -2.4,  18.7,  26.3, 888.9,   4.2,  -0.8
37187,  -1.4,  -7.3,   0.8,  45.6, -97.5,1014.1,   3.8,  -0.3
37211,  -2.3,   2.5,   0.3,   2.1,  77.8, 948.2,   3.6,  -0.6
37239,  -2.3,  -3.7,   1.4, 246.5,  25.3,1120.6,   3.5,  -0.6
37263,   0.3,  -0.8,   0.0,  72.7, 147.9, 983.6,   3.4,  -0.6
37287,  -1.8,  -2.0,  -1.4,  65.3,  93.7, 995.1,   3.8,  -0.6
37315,  -1.4,   1.6,  -0.0, -72.6, -16.7, 915.8,   3.7,  -0.4
37339,  -1.9,  -0.2,   1.4,  22.6,  78.1, 937.2,   3.7,  -0.3
37363,  -3.8,   2.2,  -0.2,  19.7, 258.2, 824.5,   4.1,  -0.5
37387,  -4.3, -12.4,   6.0,-519.6,-398.0,1357.7,   3.3,   1.0
37411,   2.2,  -0.2,   1.8, 391.0,  21.7, 872.8,   2.7,  -1.2
37439,   4.4,  -4.0,   0.5,-359.9, 259.5,1026.4,   3.3,  -0.4
37463,   1.2,  -1.1,  -1.9, -74.3, -63.8, 898.9,   3.5,  -0.3
37487,   0.9,   2.3,  -1.7,  76.1, 145.7, 810.8,   3.5,  -0.6
37511,  -0.4,   0.0,  -1.6,  34.8,  97.6, 844.0,   3.0,  -0.6
37539,   0.5,  -2.9,   0.3, 287.8, 151.8, 924.1,   3.0,  -0.9
37563,   1.3,  -2.4,  -0.1,  73.6, 178.4, 956.3,   3.1,  -0.5
37587,   0.1,  -8.0,  -0.8, 241.4,  52.9, 905.0,   3.0,  -0.5
37611,   0.3,  -4.1,  -1.2,  84.4,  -7.6, 984.1,   2.6,  -0.5
37639,  -0.0,  -4.3,  -2.4, 322.2,  73.2,1038.3,   2.8,  -0.8
37663,  -2.9,   0.1,  -3.4, -50.1, 176.4, 778.1,   3.6,  -0.6
37687,  -7.7,   1.2,  -2.2,-455.9,  58.5,1099.1,   4.0,  -0.1
37711,  -1.5,  -7.8,   1.3, 327.8,-185.4, 881.3,   2.6,  -0.7
37739,   1.0,  -0.2,  -3.1, 102.0, 242.9,1051.0,   2.6,  -1.2
37763,   1.0,  -1.5,  -4.7,  72.2, 149.6, 979.2,   3.2,  -0.9
37787,  -0.6,   1.0,  -4.6,-193.0,  49.5, 989.7,   3.2,  -0.7
37815,  -2.8,  -2.4,  -2.5, -86.0, -59.6,1238.8,   3.0,  -0.7
37839,  -0.8,  -4.8,  -2.3,  24.6,  79.0, 961.4,   3.0,  -0.7
37863,  -0.0,  -0.3,  -3.7,  -5.5,  98.8, 982.7,   3.0,  -1.1
37887,  -1.8,  -6.5,  -2.6, 399.8, 101.3, 963.1,   3.4,  -1.1
37911,  -0.9,  -3.3,  -3.9, 313.4,  30.0,1014.9,   3.0,  -1.4
37939,  -2.9,  -2.1,  -4.6,  20.9,  79.8, 875.7,   3.2,  -1.0
37963,  -5.3,  -3.3,  -3.6,  55.8, -98.5,1172.6,   3.1,  -0.9
37987,   3.9,   2.6,  -2.7,  87.8,  53.2, 808.8,   2.0,  -1.4
38015,   2.0,   0.4,  -6.0,-506.9, 176.4, 787.8,   3.4,  -0.8
38039,  -1.8,  -6.1,  -4.1, 157.6,  46.8,1103.3,   3.7,  -0.5
38063,  -2.0,  -1.9,  -5.1,   6.8, -13.0,1043.7,   3.1,  -0.6
38087,  -4.0,  -0.5,  -4.6,-114.6, -21.8,1067.1,   2.7,  -0.6
38115,  -1.6,  -4.0,  -3.3, 106.1,  -1.3,1110.6,   2.5,  -0.7
38139,   0.2,   0.0,  -5.5, -91.4,  36.3,1047.4,   2.5,  -1.0
38163,   2.2,   0.3,  -5.5, -13.8,  87.1,1050.5,   2.8,  -1.0
38187,   1.7,  -1.6,  -3.6, -14.0,  60.0,1075.7,   3.0,  -0.6
38215,   0.5,  -3.8,  -1.6, 113.9, -48.6,1015.6,   2.8,  -0.4
38239,  -3.7,   3.5,  -4.7,-161.7, 187.9, 946.3,   3.5,  -0.9
38263,   1.4,  -5.7,   1.9, 237.5,  15.3, 968.7,   2.5,  -0.5
38287,   2.1,   0.7,   0.0, -56.2, 117.1, 917.5,   3.1,  -0.7
38315,  -0.3,  -5.3,   0.1,  89.8,  33.9,1075.7,   3.1,  -0.9
38339,  -2.6,  -2.2,  -0.8,-136.8, -15.2, 906.7,   3.1,  -0.5
38363,  -0.6,  -1.7,   1.4, 209.4, -49.9,1045.2,   2.6,  -0.6
38387,  -1.6,   2.0,   0.0,-164.9,  30.0, 879.4,   2.6,  -0.7
38415,   0.1,   2.1,   0.6,-126.1, 128.4, 866.9,   2.9,  -0.4
38439,  -0.3,  -5.1,   1.6, 125.2, 194.3,1042.2,   2.9,  -0.1
38463,  -1.8,   5.3,   0.3, -14.5,  40.0, 964.8,   2.6,  -0.4
38487,  -2.3,  -1.3,   1.9, -26.9, -33.8,1064.2,   2.3,   0.1
38515,  -2.6,  -0.4,   2.2, 169.3,-214.4,1277.6,   2.3,  -0.5
38539,   5.3,  -0.4,   3.3, 137.4, 114.4, 919.4,   1.8,  -0.2
38563,   2.8,  -4.1,   1.1, 362.2, 116.6, 958.0,   2.7,  -0.2
38587,   1.4,  -3.5,   3.1, 266.3,   2.1,1113.3,   2.9,   0.4
38615,   1.0,  -3.0,   2.4, -44.0,  -7.1, 973.6,   2.4,   0.4
38639,   1.2,  -0.3,   3.6,   5.0,  48.0,1069.1,   2.5,   0.3
38663,   1.3,  -2.7,   3.6,  86.3,  91.0, 991.7,   2.3,   0.3
38687,   1.9,  -1.5,   2.2,  60.2,  -1.8, 974.8,   2.4,   0.1
38713,   2.6,   1.0,   2.5,-230.1,  64.4,1077.1,   2.6,   0.2
38737,   1.1,   1.2,   1.4,-129.5, -25.0,1110.3,   2.5,   0.2
38765,   1.4,  -5.4,   1.7, 202.8,  92.7,1074.9,   2.5,   0.1
38789,  -0.4,   0.7,  -0.8,-293.3,  44.4, 998.5,   2.6,   0.3
38817,   3.5,  -0.3,   1.7,  15.8, 124.0, 834.7,   2.8,   0.3
38837,  -0.3,  -3.9,  -0.5, 230.6,  -9.6,1192.9,   3.6,   0.0
38865,   1.3,  -4.3,   0.0, -26.2, 126.6, 856.9,   3.6,   0.7
38889,  -0.4,  -4.2,   0.3, 185.0, -40.6,1047.6,   3.4,   0.2
38913,  -0.3,  -1.5,   0.6,  44.3,   4.3, 978.7,   3.4,   0.3
38937,   1.3,  -1.6,  -0.1,  68.8,  81.7,1081.8,   3.5,   0.1
38965,   2.7,  -4.8,   1.2,-121.4,  38.5,1005.6,   3.5,   0.3
38989,   0.7,  -3.7,  -1.1,  35.8, -51.6,1020.0,   3.5,   0.1
39013,  -0.9,   3.8,  -3.5, -75.0,  95.6, 986.3,   3.4,  -0.2
39041,  -3.4,  -2.6,  -2.9, -57.7, 103.7, 782.7,   3.8,  -0.1
39065,  -3.3,  -4.2,  -0.3,-435.4,  71.2,1276.4,   4.2,   0.2
39089,  -0.5,   3.7,  -1.3, -52.8,-151.4, 735.6,   2.7,  -0.7
39113,   1.3,   2.0,  -3.1, -42.8, 223.6,1023.4,   3.4,  -1.2
39141,   0.6,  -3.5,  -1.9, -15.7,  64.1,1114.5,   3.7,  -0.8
39165,   2.7,   0.1,  -1.7,-191.0, 132.0, 914.1,   3.6,  -0.5
39189,   1.3,  -5.2,  -1.6, 241.1, 101.5, 845.2,   3.5,  -0.7
39213,   0.5,   0.2,  -1.3,  43.4, 197.0, 765.9,   3.6,  -0.8
39241,   2.7,   2.1,   1.5, -60.4, -57.7,1178.2,   3.2,  -0.8
39265,   2.6,   5.1,   2.9,-271.6,  49.3, 802.5,   3.5,  -0.4
39289,   0.8,  -2.4,   4.2, 373.5,  63.2, 922.6,   3.6,  -0.6
39317,  -0.3,   5.2,   4.4,-397.1, -36.0,1147.9,   3.5,  -0.0
39341,   5.1,   1.5,   4.6, 183.3, 125.4, 851.3,   2.4,  -1.0
39365,   0.1,   4.8,  -0.5,-105.6, 117.9,1056.6,   3.4,  -1.0
39389,   1.2,  -0.8,   0.9,  60.2, 150.8, 913.3,   3.3,  -0.3
39413,  -0.9,   0.0,   0.1,-120.7, -74.0, 957.0,   2.8,  -0.3
39441,   0.8,  -2.7,   0.1, 131.0, 125.7, 978.7,   2.6,  -0.5
39465,  -0.2,  -1.0,  -1.6,   1.1,  -3.7,1161.9,   2.6,  -0.5
39489,   1.8,   2.1,  -1.2,-128.5,  40.5, 820.3,   2.5,  -0.2
39513,   2.6,  -7.6,  -0.5, 314.1, -39.9,1290.3,   2.7,  -0.1
39541,   4.2,   2.0,  -1.5,  92.4,  38.3, 901.1,   2.4,  -0.2
39565,  -0.4,  -3.5,  -2.7, 185.2, 291.7, 892.1,   3.2,  -0.3
39589,   0.5,   8.2,  -0.9,-786.2, 261.2,1263.7,   3.5,  -0.2
39613,  -1.8,  -4.5,   4.4, 109.3,-123.6,1353.0,   3.1,   0.3
39641,   0.7,   2.6,   0.5,-541.1,  86.4,1069.6,   3.2,   0.4
39665,   0.1,  -3.2,   1.7, 180.3, -16.2,1078.1,   3.1,   0.0
39689,  -1.8,  -2.4,   2.1, 154.7,   6.8, 972.9,   3.1,  -0.0
39713,  -0.9,   0.2,   2.2, 307.8,  -5.7,1083.5,   2.9,  -0.1
39741,   0.6,   0.9,   2.1, -97.3, -38.4, 884.8,   2.7,   0.2
39765,  -0.7,  -4.0,   2.9, 374.2, -10.8, 939.0,   2.9,   0.3
39789,  -0.3,   3.5,   0.7, 205.7, -50.6,1049.1,   2.7,  -0.1
39817,   0.3,  -3.6,   2.8, 144.2, 300.2,1014.6,   2.9,  -0.3
39841,  -2.8,  -3.3,  -0.1, 404.9,-175.8,1574.9,   2.9,  -0.9
39865,   2.7,   5.0,   3.3,-118.2,  -3.5, 728.3,   2.0,  -0.6
39889,   1.0,  -1.6,   2.6, 226.7, 161.3,1074.5,   2.6,  -0.4
39913,  -0.7,  -1.4,   1.7, -80.7, -25.9,1026.1,   2.7,   0.2
39941,  -0.5,  -1.5,   2.3,  35.6,  59.3,1093.0,   2.4,   0.0
39965,  -1.7,  -1.3,   3.4, 202.8, -11.1,1096.4,   2.3,  -0.2
39989,  -1.1,   1.8,   1.4,-350.7, -45.5, 967.5,   2.3,   0.5
40017,   0.8,   0.7,   1.3,  43.6, -36.0,1022.2,   2.0,  -0.3
40041,  -0.6,  -1.5,   2.3,-138.8,   3.4, 857.2,   2.2,   0.6
40065,   0.9,   0.3,   1.5, -54.8,  23.6, 861.1,   2.2,   0.2
40089,   1.3,  -3.8,   3.2, 153.2, 152.8, 960.2,   2.2,   0.2
40117,  -0.8,  -4.6,   2.2,-347.3,   2.9,1100.1,   2.4,   1.1
40141,   1.8,   1.2,   2.5, 300.0, 193.0, 840.1,   1.9,  -0.0
40165,   1.3,   5.4,  -1.1,-429.8, 263.4,1052.5,   2.4,   0.0
40189,   0.8,  -0.7,   1.2, 115.4,  14.6,1001.7,   2.7,   0.2
40217,  -0.2,   0.4,   2.2, -14.5,  67.1,1022.7,   2.5,   0.2
40241,  -1.2,  -2.1,   3.9,-109.9,  52.7,1006.6,   2.5,   0.5
40265,  -0.3,  -0.5,   1.8, 241.9,  13.1,1049.8,   2.4,   0.0
40289,   1.3,   0.1,   2.8,  53.1,  39.2,1012.9,   2.3,   0.1
40317,  -0.6,   0.2,   0.6,  97.3, -83.3,1102.8,   2.1,  -0.0
40340,   0.5,  -1.9,  -0.3, 164.2, -37.7,1045.6,   1.9,  -0.3
40364,  -0.1,   0.0,  -1.6,-147.1,  54.6, 818.3,   2.0,  -0.0
40392,  -3.7,  -3.3,  -2.3, 248.0, 240.9, 792.0,   3.2,  -0.7
40416,  -0.3,  -6.5,   1.0, 269.0,  38.5,1001.7,   2.4,  -0.0
40440,   1.8,  -5.5,  -1.7, 438.9, 130.1, 903.6,   1.9,  -1.2
40464,   0.3,  -2.6,  -1.8, -42.3, 262.6, 868.2,   2.8,  -0.6
40492,   0.8,  -5.6,  -1.0,-217.9,  85.4, 863.3,   2.7,  -0.3
40516,   0.2,  -9.4,  -1.6, 330.5,  90.8, 988.0,   2.4,  -0.7
40540,  -0.1,   2.3,  -5.3,-444.2, 100.8, 894.5,   2.3,  -0.4
40564,  -0.5,  -3.9,  -3.1, 248.0,  -7.4,1004.9,   2.3,  -0.8
40592,  -2.1,  -3.3,  -1.2, -33.5, -23.5,1047.1,   2.4,  -0.5
40616,   0.5,  -0.1,  -1.1, 192.8,  34.1,1099.6,   2.3,  -0.9
40640,  -1.8,   0.9,  -2.4,-245.7, 123.2, 851.8,   2.5,  -0.6
40664,  -2.4,  11.9,  -2.4,-440.8, -45.0,1429.4,   2.8,  -0.7
40692,   6.0,   6.1,   0.6,  54.1,  83.2,1008.8,   1.3,  -1.4
40716,   4.1,   5.9,  -4.8,-595.3, 200.4, 928.7,   3.0,  -0.9
40740,   2.5,  -9.6,  -0.3, 274.1, -12.3,1035.1,   3.1,  -0.1
40764,  -0.9,  -3.5,  -0.3, 100.3, -13.2, 894.0,   2.6,  -0.4
40792,  -1.1,  -3.9,  -0.3,  99.5, -30.6, 967.5,   2.5,  -0.4
40820,  -0.2,  -0.7,  -1.5, 110.8,  81.7,1068.1,   2.5,  -0.4
40840,   0.5,   3.0,  -3.3,-232.3,  76.6, 940.2,   2.4,  -0.3
40864,   3.0,   2.1,  -4.8,-204.2, 240.4,1054.4,   2.6,  -0.7
40892,   1.2,  -0.8,  -4.7, -85.5,  28.3, 882.6,   2.7,  -0.5
40916,   2.5,   0.6,  -3.1,   2.1,  37.0, 955.8,   2.3,  -0.8
40940,  -3.1,  -3.3,  -4.7, 139.3,  40.0,1036.9,   3.4,  -0.5
40964,  -0.9,  -1.7,  -3.0,   5.0, -39.4, 867.2,   2.9,  -0.7
40992,  -1.3,  -1.3,  -3.7,  86.1, 150.3,1022.4,   3.3,  -0.7
41016,  -0.6,  -0.8,  -2.2,-224.9, -42.8, 985.6,   3.6,  -0.3
41040,  -0.6,   0.2,  -1.7, -41.8,  93.0, 952.1,   3.6,  -0.6
41068,  -1.8,  -1.1,  -2.0,-208.3, -33.3,1144.0,   3.5,  -0.2
41092,   0.5,   0.1,  -2.5,-341.6,  56.3, 807.1,   3.5,  -0.1
41116,   1.5,  -1.4,  -3.0, 141.8, 159.4, 891.8,   3.5,  -0.6
41140,  -0.6,   0.9,  -2.9,-103.6, 186.7, 815.4,   3.8,  -0.4
41168,   0.4,   1.7,  -0.9, 153.0, 103.0, 994.9,   3.3,  -0.5
41192,  -3.4,  -2.7,  -0.3,-296.7, 111.0, 953.1,   3.5,   0.4
41216,  -2.3,  -0.8,  -0.9, 507.2,  36.1, 837.4,   3.4,  -1.2
41240,   6.0,  -0.7,   2.2,-163.9, 240.4, 950.9,   2.8,   0.1
41268,   2.2,   3.1,  -2.8, 153.5,  97.1,1004.1,   4.1,  -0.7
41292,   0.8,  -2.7,   0.2,-158.8,  -4.9, 878.2,   4.0,   0.5
41320,  -1.7,   1.6,   0.3,  53.4, -48.4,1022.9,   3.8,   0.5
41340,   0.2,  -2.5,   1.8,   8.2,  62.2, 970.2,   3.7,   0.5
41368,  -0.5,   1.2,  -0.1,  51.2,  -3.0,1131.6,   3.5,  -0.1
41392,   1.3,   1.1,   0.8,  90.5,  22.6,1091.5,   3.5,   0.0
41416,   1.2,   1.3,  -0.0,-105.1, 166.7, 923.8,   3.7,   0.5
41440,   1.5,  -1.7,   0.9, 107.3,  80.3, 948.7,   3.1,   0.5
41468,  -0.3,   4.2,  -0.6,-341.4, 252.9, 858.6,   3.2,   0.9
41492,  -6.0, -10.3,  -2.7, 758.7, 237.5, 926.7,   4.2,   0.3
41516,  -7.0, -11.6,   3.5, 505.5,-1134.3,1578.8,   2.7,   0.6
41540,   5.2,  -1.1,   2.0,   7.2, 211.1, 706.5,   4.1,   0.9
41568,   2.0,  -5.7,  -1.4, -87.5,  83.2,1047.6,   4.9,   0.9
41592,   0.5,  -0.3,  -2.3, 114.7, -90.4,1205.1,   4.9,   0.3
41616,   1.8,   1.9,  -1.7,-386.6,  68.8, 922.1,   4.7,   0.5
41640,   1.2,  -4.8,   0.9, 490.4, 166.4, 904.0,   4.7,  -0.1
41668,  -0.6,  -0.4,   1.1,-101.4, -46.5,1112.3,   4.6,   0.2
41692,   2.2,   3.2,   2.3, -65.5,  58.5, 789.8,   4.6,   0.1
41716,   3.9,  -1.0,   2.5, 276.3, 116.6, 899.6,   4.4,   0.0
41740,  -0.2,   3.6,   0.3,-318.9,  90.8, 839.1,   4.5,   0.4
41768,  -0.7,  -0.2,   3.1,-242.5,  71.5,1169.2,   4.8,   1.1
41792,   0.9,   3.2,   0.8, 240.2,-132.4, 880.4,   3.5,  -0.0
41820,  -0.4,  -4.3,  -0.7, -51.8, 176.4, 882.3,   3.6,  -0.0
41840,   0.1,   0.9,  -1.1, -24.5, 196.5, 962.1,   4.1,  -0.2
41868,  -2.8,  -2.1,   0.0, 152.0,  30.2,1057.8,   3.9,  -0.3
41892,  -2.1,   2.7,   1.4,-141.0, -75.7,1042.2,   3.4,  -0.2
41916,  -0.0,   0.2,   1.9,-228.4,  94.4, 991.2,   3.1,   0.3
41940,   1.0,   0.9,   0.0,   3.3, 100.5, 919.9,   3.1,  -0.0
41966,  -1.1,  -0.2,  -0.8, 120.8,  34.6,1053.7,   3.2,  -0.1
41990,  -1.4,   2.1,  -0.7, 103.4, -78.9,1005.6,   2.7,  -0.1
42018,  -5.5,  -5.9,  -0.2, 197.7, 181.1, 827.1,   3.3,   0.1
42042,   4.0,  -6.1,   5.2, 241.9, 168.4,1041.2,   2.3,   0.1
42066,   5.5,   1.7,   0.6,  72.7, 244.3,1002.9,   2.1,  -0.7
42094,  -1.8,  -0.7,  -0.9,-254.2, 103.7,1009.0,   3.9,   0.2
42118,  -1.8,   0.7,   0.5,  32.1, -31.6,1052.7,   3.4,  -0.1
42142,  -2.6,   2.1,   2.5,-270.8, -78.7,1096.4,   2.9,   0.1
42166,  -3.3,   1.7,   2.5, -84.8,-203.7, 991.9,   2.4,   0.1
42194,  -0.4,  -0.5,   2.4, 168.4,  98.6, 940.2,   2.4,  -0.2
42218,   2.2,   0.6,   0.1,  -9.1, 175.5, 968.5,   2.6,  -0.0
42242,  -0.3,   0.9,   0.6,-193.7, -64.0,1018.3,   2.5,   0.4
42266,   2.2,  -1.2,   0.5, 218.9, -68.9,1020.0,   2.0,  -0.1
42294,  -1.8,  -2.6,  -0.3, -58.9, 209.2, 863.0,   2.8,   0.4
42322,  -2.9,  -5.4,   4.5,  22.1,-280.6,1129.4,   2.4,   0.3
42342,   6.2,  -0.4,   4.0,  25.8,  97.1,1016.6,   2.2,  -0.1
42366,   3.3,   6.4,   0.9,-335.3, -20.1,1126.2,   2.9,  -0.1
42394,   2.9,  -4.4,   4.3, 139.6,  12.1,1030.3,   3.4,   0.3
42418,   2.0,  -0.7,   4.6,  96.1, 167.2, 888.7,   3.5,   0.2
42442,   0.1,   1.6,   5.5, 179.4, -77.7, 958.7,   3.4,   0.1
42466,   0.9,   3.4,   6.7,  46.1, -68.4,1181.9,   3.0,   0.0
42494,  -1.5,   1.2,   4.8, -66.0, -64.3,1117.7,   3.2,   0.3
42518,  -1.0,   4.4,   3.0,-340.2, -35.2, 998.5,   2.8,   0.3
42542,  -2.9,  -6.2,   5.8, 258.5,  72.2, 871.6,   2.8,   0.5
42566,  -5.5,   5.9,   2.7,-197.8, 133.5, 801.3,   3.0,   0.2
42594,   2.2,  -0.5,   6.9, 192.1, 115.2, 786.6,   2.2,  -0.0
42618,   4.4,   8.2,   3.3,-159.3,  87.1, 968.0,   2.1,  -0.4
42642,   2.7,  -3.6,   4.2, 155.4,  64.1,1142.3,   2.9,   0.3
42666,   1.9,  -0.3,   2.8, -49.9, 115.9, 932.8,   2.9,   0.5
42694,  -1.5,  -1.5,   4.0,  -7.7, -38.6,1096.4,   2.5,   0.6
42718,  -0.9,  -1.3,   3.4,  13.1,  56.8, 831.8,   2.4,   0.5
42742,   0.5,  -3.8,   4.2, 310.7,  58.0,1017.1,   2.2,   0.1
42766,   0.1,   3.0,   1.6,-139.0,  99.8,1010.2,   2.6,   0.2
42794,   0.7,  -1.7,   2.7, 294.8,  79.3,1127.2,   2.6,   0.3
42822,  -2.6,  -2.5,   1.9,-100.2, 121.3,1039.8,   2.6,   0.4
42842,  -4.2,  -3.5,   3.8,-247.9,-369.0,1712.1,   2.3,   0.8
42866,  -0.6,   4.3,   0.8,-121.2,-279.6, 969.0,   1.7,  -0.2
42894,   1.8,   2.8,  -1.1,-127.8, 127.9, 994.6,   2.2,  -0.8
42918,   1.6,  -0.8,  -0.9, -97.3, 122.0, 728.3,   3.0,  -0.1
42942,   1.9,  -2.7,   0.3, -10.3, -18.4, 928.5,   2.5,  -0.0
42966,   1.2,  -3.7,  -0.9, 214.5, 125.4, 874.3,   2.4,  -0.4
42994,  -0.3,  -1.4,   0.9, -37.9, -16.9, 995.6,   2.5,   0.0
43018,   2.2,   1.8,   0.6,  -3.5,  56.6,1327.1,   2.5,  -0.4
43042,   0.9,   0.1,  -1.0,-324.5,  -2.0,1004.1,   2.7,   0.1
43070,   1.8,   0.1,  -2.2,  23.6, 103.2, 953.4,   2.6,  -0.4
43094,   0.1,   0.1,  -2.2,-288.4,  54.1,1022.2,   3.0,  -0.1
43118,  -0.7,  -6.8,  -1.6, 426.2,-157.5,1112.0,   2.6,  -0.8
43142,   1.2,   8.2,  -4.4,-130.0,  20.0, 758.8,   2.2,  -1.4
43170,   0.3,  -1.4,  -2.3, 198.4,  94.7, 960.7,   2.9,  -0.9
43194,  -0.4,  -4.3,  -2.2, 178.4,-198.6,1249.5,   2.7,  -0.6
43218,   0.2,  -0.4,  -2.8,-178.6,   7.7, 897.0,   2.6,  -0.4
43242,  -0.5,  -1.2,  -3.3,-135.1,   2.4, 881.3,   2.2,  -0.0
43270,   1.6,   1.7,  -4.2, -21.6,  38.8, 970.2,   2.3,  -0.8
43294,   2.6,  -3.3,  -4.1, 124.9,  71.5,1101.1,   2.4,  -0.6
43322,   0.8,  -1.3,  -3.3,  55.3, -11.8,1054.2,   2.3,  -0.6
43342,  -0.3,  -6.2,  -2.0, 200.6, 113.7, 875.7,   2.8,  -0.4
43370,  -0.5,  -3.3,  -1.4,  54.8, -29.4,1180.2,   2.6,  -0.3
43394,   2.0,   8.8,  -2.3,-153.9, -94.3, 834.9,   1.6,  -1.1
43418,   3.5,  -1.0,  -1.1,-405.1, 285.8,1047.4,   2.4,  -0.3
43442,   1.8,  -4.1,  -1.9, -56.5,  81.7, 864.7,   2.8,  -0.1
43470,   0.8,  -2.3,  -2.5, 138.8,  56.6, 968.7,   2.5,  -0.3
43494,  -2.0,  -1.8,  -2.1,  71.9, -50.4, 988.8,   2.3,  -0.3
43518,  -0.1,  -2.9,  -2.5, 143.5, 141.3, 991.4,   2.2,  -0.5
43542,   1.6,  -4.0,  -2.2,  62.4,  26.3, 975.1,   2.1,  -0.3
43570,  -0.1,   1.3,  -4.1,-193.2,  49.5, 950.9,   2.7,  -0.1
43592,   0.4,  -1.7,  -3.8, 129.6, -52.3,1028.8,   2.3,  -0.7
43620,  -1.5,  -3.9,  -1.9,-220.8, 149.6, 978.3,   2.5,   0.0
43644,  -6.7,  -2.4,  -4.8, 335.9,  96.1,1116.0,   3.0,  -0.9
43668,  -2.8,   3.5,  -0.0,-137.8, -64.0, 839.8,   2.3,  -0.4
43692,   1.3,  -1.8,  -0.7, 148.4,  73.7,1071.3,   2.1,  -0.6
43720,   0.5,  -6.3,  -1.6, 147.1,  -6.2,1096.4,   2.3,  -0.1
43744,   0.1,   2.3,  -3.6,-236.2,  17.3, 912.8,   2.5,   0.0
43768,   0.5,  -2.2,  -1.2, -24.5,  69.5, 830.1,   2.4,   0.2
43792,   1.1,  -3.1,  -0.5, -36.5,  80.0, 974.8,   2.1,   0.3
43820,   2.4,   0.1,  -1.9, -34.8,  23.9, 882.3,   2.2,   0.3
43844,   2.1,  -4.1,  -1.1,  13.6, 118.3, 898.2,   2.5,   0.7
43868,   1.4,  -3.2,  -2.0, 219.4, -13.7,1005.8,   2.3,   0.0
43892,   0.2,   1.2,  -1.6,-215.4,  49.0,1036.6,   2.2,   0.3
43920,  -2.3,  -3.3,  -1.3,  72.9, 112.7, 851.6,   2.7,   0.4
43944,  -3.2,   3.2,  -1.3, -71.6, -53.0,1226.3,   2.7,  -0.4
43968,  -0.4,  -2.0,   0.3, -45.0,  71.7, 919.7,   2.3,   0.1
43992,   1.1,   3.1,  -1.7, -53.3, 130.8, 950.2,   2.3,  -0.3
44020,  -0.2,   2.0,  -2.1, 119.1, -52.1,1060.5,   2.3,  -0.2
44044,   0.5,   0.3,  -1.4, -73.3,  19.2,1040.3,   2.4,   0.0
44068,  -1.0,  -2.6,   0.3, -96.5, -52.3, 995.1,   2.3,   0.5
44096,   0.1,   0.3,  -1.1, -48.7,  -4.5,1090.6,   2.2,   0.1
44120,  -0.1,  -0.2,   0.0, -69.2,-109.9,1083.7,   2.1,   0.0
44144,  -0.1,  -0.5,   0.5,-219.3, -66.2,1033.2,   2.4,   0.3
44168,   0.7,   0.7,  -1.1, -88.5,  48.3, 929.9,   2.4,   0.1
44196,  -0.9,  -3.0,  -0.9, -18.6,  30.2, 910.4,   2.3,   0.3
44220,  -5.5,  -5.4,  -3.2,  -0.8, 107.4, 798.1,   2.6,   0.4
44244,  -4.8,  -6.2,  -0.4, 491.4,-213.9,1133.3,   1.7,  -0.1
44268,   2.1,   1.7,  -3.2, -64.0, 225.3, 829.8,   1.5,  -0.2
44296,   0.8,  -1.0,  -4.4, -87.5, 162.5, 973.1,   2.4,  -0.0
44324,   0.4,   2.3,  -3.3,-217.1,   3.8,1002.4,   2.4,   0.3
44344,  -0.3,  -1.7,  -1.5, 163.2, -73.3,1159.4,   2.0,   0.1
44368,   0.7,   1.0,  -1.3,-102.1,  91.0, 926.0,   2.0,   0.3
44396,  -1.3,  -0.8,  -1.3, 119.1, -92.4,1162.8,   1.9,  -0.0
44420,   0.7,   2.0,  -0.8, -58.7, -14.7,1040.5,   1.9,   0.2
44444,   3.4,   3.6,   0.0,-268.2,  27.8, 959.2,   1.9,   0.5
44468,   1.7,  -0.2,   0.6, -39.4,-109.2,1034.4,   1.6,   0.3
44496,   1.6,   3.1,  -0.5,-186.1, 164.0, 956.8,   1.8,   0.5
44520,  -1.7,  -4.8,  -0.0, -33.5,  85.6, 874.0,   2.4,   1.1
44544,  -4.2,  -0.5,   1.0, 163.0,-361.1,1358.6,   2.1,   0.0
44568,   2.4,   2.1,   0.6,-166.8,  94.9, 993.2,   1.6,   0.5
44596,   3.0,   0.1,  -2.7,-102.1, 117.4,1043.0,   2.2,   0.1
44620,   1.5,  -0.4,  -1.4,  82.2, -23.7,1036.4,   2.2,   0.1
44644,  -1.0,   2.8,  -1.4,  27.3,  86.6,1025.1,   2.4,   0.1
44668,  -1.1,  -0.6,  -0.5, 151.0,  64.6,1075.2,   2.3,   0.1
44696,  -1.7,  -2.2,   1.7, 119.5, -16.4, 996.8,   2.0,   0.3
44720,   0.7,   1.5,   0.1,  40.0,  36.1, 945.1,   2.0,   0.1
44744,   2.0,  -1.7,   1.4, 136.4,  -1.3,1068.1,   1.8,   0.3
44768,   0.6,   2.7,  -0.7,-160.2,  89.5, 963.4,   2.3,   0.3
44796,   0.8,  -0.4,   0.8, 278.5, 112.2, 949.2,   2.1,   0.2
44824,  -0.1,  -0.9,   0.5,-119.0,  88.3,1012.2,   2.1,   0.3
44844,  -4.2,  -4.9,  -0.8, 189.9, -65.3,1218.2,   2.4,   0.4
44868,   1.4,  -1.8,   1.1, 212.8, -50.4, 756.3,   1.3,   0.1
44896,   2.4,   0.8,  -2.9, 142.2, 227.7,1086.2,   1.8,  -0.8
44920,  -1.0,   1.2,  -4.2,-184.9,  41.9, 994.6,   2.6,   0.2
44944,  -1.1,  -1.6,  -2.4, -34.5, -43.8, 977.8,   2.3,  -0.1
44968,  -2.0,  -3.0,  -1.3, 181.1,  80.3, 973.1,   2.1,  -0.2
44996,  -1.5,   0.9,  -1.7, -99.2, -21.3,1036.1,   2.0,  -0.2
45020,  -0.2,   0.8,  -1.6, -90.4,  62.7, 896.2,   2.0,  -0.2
45044,   0.3,  -1.2,  -1.8, -38.2, -48.2,1081.5,   2.1,   0.0
45072,   1.5,  -3.5,  -1.4, 157.1, 102.7,1014.9,   2.1,  -0.1
45096,   1.1,  -1.1,  -0.8,  76.8,   2.9, 915.3,   2.0,  -0.2
45120,   0.1,  -3.0,   0.2,  92.2,   6.8,1022.9,   2.2,  -0.1
45144,   1.5,  -1.0,   1.1,  -6.9,   3.6, 980.0,   2.3,   0.0
45172,   0.8,  -1.6,   0.5, -28.6,  64.1, 955.1,   2.6,   0.3
45196,  -0.7,   2.5,   0.6, -13.3,  40.7, 984.4,   2.7,  -0.2
45222,   4.9,  -2.7,   1.8, 189.9, 219.7, 871.6,   2.3,   0.1
45246,   4.4,   2.0,  -1.5,-194.9,  27.0, 932.6,   2.7,  -0.2
45270,   2.7,  -0.2,  -0.9, 221.1,  92.2, 982.2,   3.3,  -0.3
45294,   1.0,  -0.7,  -0.0,-122.9, -69.2,1077.9,   3.4,   0.4
45322,   0.1,   0.2,   0.7, -92.6, -40.1, 945.8,   3.3,   0.5
45346,   1.9,   0.0,   0.8, -89.9, 175.0,1003.4,   3.5,   0.3
45370,   1.2,  -0.6,  -0.3, -68.9,   0.7,1113.8,   3.4,   0.3
45394,   2.1,  -0.4,  -1.0,  -9.6, -11.8, 962.6,   3.5,   0.0
45422,   2.4,  -0.2,  -1.4,  18.2, 217.2,1039.1,   3.9,   0.2
45446,   0.7,  -0.5,  -3.9, -45.0,  -7.9,1025.4,   3.8,   0.3
45470,   0.2,  -1.9,  -3.9, -19.9,  59.5, 961.4,   3.5,   0.3
45494,  -0.8,  -1.9,  -5.2,-123.6, 138.9,1097.6,   3.6,   0.2
45522,   0.7,   2.8,  -4.4,-191.0, 166.9,1070.1,   3.6,  -0.0
45546,   7.8,  -3.7,  -3.8,  39.7, 206.0, 783.2,   2.7,   0.0
45570,   5.3,  -1.3,  -7.3, 153.0, 317.6, 816.9,   4.1,  -0.5
45594,   0.2,  -9.3,  -6.0, 147.6, 163.5, 921.6,   5.0,  -0.1
45622,  -1.5,  -6.0,  -5.3, 138.1,   8.7,1044.9,   4.5,   0.0
45646,  -2.3,  -3.2,  -3.4,  96.8,  -1.5,1029.0,   4.1,  -0.3
45670,  -0.7,  -1.6,  -4.6,  48.5,  72.9,1017.1,   4.2,  -0.4
45694,   0.4,   0.1,  -4.9,  73.4,  71.7,1047.4,   4.2,  -0.6
45722,   0.2,   0.0,  -5.4, -16.4, 108.6, 925.0,   4.3,  -0.2
45746,   0.5,  -0.3,  -3.9,  97.1, 131.8, 974.4,   4.2,  -0.4
45770,  -1.5,  -2.7,  -1.4, -43.3, 123.5,1017.1,   4.1,  -0.2
45794,  -1.7,  -1.1,   0.5,  99.5,  20.2,1049.8,   3.8,  -0.2
45822,  -1.3,  -0.7,   0.2, -75.8,   1.2, 917.7,   3.7,  -0.1
45846,  -2.5,   4.0,  -0.9,  86.8,  70.5, 807.6,   3.9,  -0.9
45870,  -2.6,  -1.5,  -0.2, -18.9, 191.3, 934.1,   4.1,  -0.3
45894,  -1.7,  -2.5,   1.1,-161.7,  29.2, 923.8,   3.7,   0.5
45922,  -1.8,  -1.3,  -1.4, 243.3, -38.9, 914.5,   3.3,  -0.4
45946,  -2.5,  -4.2,   0.7, -65.0,  44.9, 987.3,   3.3,   0.3
45970,  -3.9,  -3.0,  -0.3, -89.0, -46.9,1081.3,   3.1,   0.4
45994,  -4.9,  -1.0,  -1.7, 234.3, 152.5, 951.6,   3.3,  -0.1
46022,  -3.1,  -0.8,   0.1, -55.7, -63.1,1286.9,   2.9,   0.2
46046,  -0.1,  -1.3,  -1.1, 110.8,  34.8, 820.8,   2.7,  -0.1
46070,  -0.9,  -1.3,  -1.8, 221.1,  52.4,1131.6,   3.0,  -0.5
46098,  -1.4,   1.4,  -1.3,-201.5,  39.0,1024.2,   3.1,   0.1
46122,  -3.0,  -4.7,   1.1, 115.9, -31.8,1131.8,   2.9,   0.3
46146,  -4.4,   2.5,  -0.9,-113.9, -40.6, 938.0,   2.9,   0.2
46170,  -4.2,  -0.8,  -0.5, -29.1, 142.0, 895.3,   3.0,   0.2
46198,  -1.4,  -7.2,   1.9,  12.4, -22.0,1034.4,   2.6,   0.7
46222,  -1.8,  -0.6,   1.3, -39.1, 133.0, 846.9,   2.5,   0.5
46246,  -3.7,  -0.2,   0.6,-109.9,  89.0,1032.2,   2.8,   0.4
46270,  -4.2,  -0.8,   2.0,  13.8, -42.1,1045.4,   2.6,   0.5
46298,  -3.5,  -1.3,   2.3, 102.9, 133.5, 933.8,   2.6,   0.4
46326,  -4.2,   0.7,   2.2,-142.4,  36.8,1009.0,   2.5,   0.6
46346,  -3.2,  -1.8,   4.5,  70.7,  71.2, 959.0,   2.3,   0.9
46370,  -4.3,  -1.6,   3.7,  39.7,  79.5, 958.2,   2.2,   0.9
46398,  -5.0,  -3.2,   3.6, 143.7, -75.5,1079.1,   1.7,   0.8
46422,  -4.3,  -1.2,   5.0, -35.2, -40.6, 978.3,   1.4,   0.8
46446,  -1.8,  -0.5,   5.9, -32.1, 101.3,1066.2,   1.3,   0.7
46470,  -1.0,   0.8,   6.6,-199.8,  44.9, 896.5,   1.3,   1.1
46498,  -1.6,   1.0,   5.2, 120.8,  40.2, 972.9,   1.3,   0.7
46522,  -2.1,  -3.3,   7.5, -98.5,-269.1,1197.3,   0.8,   1.2
46546,   3.6,  -4.9,   5.5, 122.5, 114.4, 883.8,   0.5,   1.2
46570,   4.6,  -0.4,   2.3, -77.0, 110.3, 829.1,   0.9,   0.7
46598,  -0.1,  -0.8,   3.0, -26.9,  41.0,1056.6,   1.6,   0.9
46622,  -1.6,  -1.6,   5.4, -57.5,  59.7,1041.5,   1.7,   1.0
46646,  -2.0,  -1.6,   7.0, 111.0, -27.2, 959.9,   1.0,   0.8
46670,  -2.5,  -3.2,   6.9, 104.9, 115.9, 902.6,   1.2,   0.7
46698,  -2.0,  -0.4,   6.1,  64.9,   3.8,1002.2,   1.2,   0.6
46722,   0.5,  -0.8,   6.7, -72.1,  23.4,1018.8,   1.0,   0.7
46746,  -1.0,   0.2,   5.2,   0.4,  -4.0,1018.1,   0.8,   0.5
46770,  -0.7,   1.2,   5.9, -42.6,   7.3, 894.5,   0.6,   0.6
46798,   0.8,   1.2,   5.6, -93.6,  16.0, 966.5,   0.4,   0.5
46826,   0.4,  -3.7,   4.0, 142.2,  90.8, 951.9,   0.5,   0.2
46845,  -4.4,  -1.9,   2.6, 133.0,  36.1,1133.5,   0.8,   0.2
46873,   2.2,  -2.0,   5.1, 241.1,-150.2, 926.3,  -0.4,   0.0
46897,   2.3,   2.5,   3.6, -50.4,  63.2, 947.0,  -0.2,  -0.3
46921,   0.7,  -1.8,   2.9, 102.0, -72.1,1016.3,   0.5,  -0.2
46945,  -1.0,   0.4,   1.0,-125.6,  34.6, 874.3,   0.7,   0.2
46973,  -1.3,  -1.5,   1.2,  10.7,   4.8,1032.9,   0.5,  -0.2
46997,  -1.5,   2.6,   1.3, -32.8, -29.9,1068.3,   0.5,  -0.3
47021,  -0.9,   1.0,   0.6, -32.3,  -6.9, 970.9,   0.3,  -0.4
47049,   0.5,   1.2,   0.1,-153.6,  26.3,1085.4,   0.3,  -0.4
47073,  -1.5,  -1.3,  -1.7, -75.0,  -1.3, 999.5,   0.5,  -0.2
47097,  -1.8,  -2.6,  -0.9, 104.7,-112.9,1116.2,   0.0,  -0.4
47121,  -0.6,  -1.5,  -0.6,  68.5, -15.7, 945.1,  -0.2,  -0.5
47149,  -1.4,  -4.1,  -0.8,  90.5,  18.7, 972.4,  -0.1,  -0.4
47173,  -2.3,   1.1,  -2.3, -66.0,  45.8, 897.9,   0.2,  -0.6
47197,  -3.4,   1.9,  -0.1,-377.5, -29.1,1051.3,   0.2,   0.0
47221,  -2.0,  -4.9,   0.9, 286.0, -11.3, 980.2,  -0.6,  -0.8
47249,  -1.1,   4.0,  -1.1,-386.1,  71.7, 962.4,  -0.6,  -0.7
47273,   0.1,   1.0,  -0.6,  20.2, -31.6,1088.6,  -0.4,  -0.8
47297,  -1.2,  -0.7,   0.1, -94.3, -19.8,1025.6,  -0.4,  -0.4
47325,  -2.3,  -0.4,  -0.8, -57.7,  11.4, 993.4,  -0.4,  -0.4
47349,  -2.4,  -1.2,  -1.0,  -7.7, -75.3,1033.9,  -0.8,  -0.4
47373,  -2.3,  -0.9,  -0.3,  95.1, -30.3,1003.4,  -1.0,  -0.5
47397,  -0.9,  -3.0,  -0.8, 143.7, -13.7, 974.6,  -1.2,  -0.7
47421,  -1.2,   2.5,  -1.6,-160.2, -16.4,1020.0,  -1.2,  -0.6
47449,  -0.3,  -4.8,  -0.4,  51.4,   6.5,1012.4,  -1.2,  -0.3
47473,  -0.1,  -0.7,  -2.0,   0.9,   2.9,1002.4,  -1.3,  -0.6
47497,   0.5,  -0.5,  -2.1,  -6.7,  46.3,1012.9,  -1.5,  -0.6
47521,  -0.8,   0.3,  -2.7,  59.2,   1.9, 978.3,  -1.4,  -0.6
47549,  -2.0,  -2.1,  -2.7,  38.0,  75.6, 934.3,  -0.9,  -0.7
47573,  -4.9,   0.5,  -2.7,  59.0,  51.9, 897.9,  -0.5,  -1.2
47597,  -7.0,  -3.5,   1.6,-174.6,-467.1,1362.0,  -1.0,  -0.4
47621,  -1.4,  -0.7,   1.9, -48.9,-111.4, 979.0,  -1.2,  -0.7
47649,   0.4,  -0.6,   0.0, -30.8, 112.2, 979.5,  -1.1,  -0.9
47673,  -2.1,   1.8,  -1.7,-125.1, -41.3, 934.6,  -0.9,  -0.7
47697,  -1.3,  -0.4,  -1.7,  38.0,  52.4, 993.6,  -1.1,  -0.6
47721,  -2.0,  -1.0,  -2.2, -22.3,   9.7, 998.0,  -1.1,  -0.6
47749,  -1.7,  -2.5,  -2.8, 126.4, -11.5, 976.1,  -1.2,  -0.7
47773,  -2.6,  -0.9,  -2.8, 134.2,  -0.6, 993.9,  -1.3,  -0.8
47797,  -2.1,  -1.1,  -2.7,  -2.3, -71.1,1003.4,  -1.5,  -0.7
47825,   0.4,  -1.9,  -3.4,  41.2,  65.4, 876.0,  -1.4,  -0.8
47849,  -0.0,  -3.2,  -3.9, -46.0,  44.4, 984.6,  -1.1,  -0.7
47873,  -0.2,  -5.4,  -2.9, 146.4,   3.6, 917.0,  -0.9,  -0.7
47897,  -0.0,  -0.7,  -2.2,  97.1,  53.4,1004.9,  -0.9,  -0.8
47921,   0.1,   1.4,  -1.9,-141.0,  39.7, 981.9,  -0.8,  -0.5
47949,  -2.0,   0.7,  -2.0, 260.2,  34.8,1080.6,  -0.6,  -1.1
47973,  -3.3,   5.4,  -3.0,-228.1,  11.4, 970.2,  -0.4,  -1.0
47997,   3.4,  -1.8,   1.6,  50.9,  60.2, 724.6,  -0.7,  -0.5
48021,   2.4,  -3.5,  -2.4, 311.4, 102.0, 939.9,  -0.5,  -1.1
48049,   0.1,   0.3,  -2.4,-196.4, -38.6, 990.0,  -0.4,  -0.4
48073,  -0.6,  -5.2,  -3.3, 158.4, -24.7,1065.7,  -0.7,  -0.5
48097,  -1.2,  -3.8,  -5.2, 260.2,  51.4,1003.7,  -0.6,  -0.9
48125,  -1.2,  -3.5,  -5.0,   6.3, -43.5,1130.6,  -0.6,  -0.7
48149,   0.2,  -1.4,  -4.7, 133.9,  16.5, 996.1,  -0.5,  -0.8
48173,  -0.3,  -0.4,  -6.8,-114.1, -10.1,1018.3,  -0.4,  -0.8
48197,   0.4,  -1.1,  -5.4,  18.7, -18.6,1052.5,  -0.4,  -0.6
48225,   0.9,   1.3,  -5.5, -16.0,  -7.1, 944.3,  -0.5,  -1.0
48249,   1.1,   0.0,  -4.8,  57.0, -45.0,1104.2,  -0.2,  -0.9
48273,   0.6,   0.3,  -5.1,-109.0,  37.5, 945.1,  -0.0,  -0.5
48297,   0.7,  -4.5,  -5.2,  21.4,  27.5,1004.9,   0.0,  -0.3
48325,  -2.7,   0.4,  -5.7, 264.1, -50.4,1025.4,  -0.1,  -0.5
48349,   3.9,  -3.3,  -2.0,-168.3,   5.8, 853.3,  -0.6,   0.5
48373,   4.7,  -4.0,  -3.9, 160.3, -14.5,1056.1,  -0.2,   0.0
48397,   2.3,   3.5,  -6.4,-306.0,  90.5, 976.1,   0.4,   0.2
48425,  -0.7,  -0.5,  -4.6, -42.6,  72.2,1055.7,   0.7,   0.3
48449,   0.1,  -1.9,  -3.5, -94.3, -40.6, 953.4,   0.4,   0.2
48475,  -0.4,   0.1,  -4.5,-134.6, -46.2,1030.0,   0.2,  -0.0
48499,   1.8,  -0.5,  -3.2,  -2.0,  53.2,1034.7,   0.3,  -0.1
48523,   2.2,  -1.0,  -4.9,-132.7,  63.7, 997.3,   0.2,  -0.1
48547,   0.1,   0.6,  -4.8,   3.1,  14.1,1066.4,   0.5,  -0.4
48575,   1.2,  -0.5,  -0.7, -24.7,   6.0,1000.2,   0.4,  -0.2
48599,   0.4,   4.2,  -0.9,-288.9,  18.0,1102.3,   0.4,   0.0
48623,   1.0,  -2.3,  -0.3,-112.6, -55.2,1084.5,   0.4,   0.3
48647,   0.5,   2.8,  -2.6,  79.5, -17.6, 899.9,   0.1,  -0.3
48675,  -0.9,   2.7,  -3.8, -95.8, 111.5, 997.3,   0.5,  -0.4
48699,  -1.7,   2.5,  -2.9,-214.2,-108.2,1281.2,   0.9,  -0.0
48723,   1.5,  -4.1,  -1.0, 373.9, -36.9,1031.5,   0.2,  -0.1
48747,   0.9,   0.3,  -3.8, 213.1,  46.1, 990.0,   0.4,  -0.7
48775,   1.6,  -4.2,  -2.1, 191.3,  54.4,1030.0,   0.4,  -0.2
48799,   0.8,  -0.4,  -2.5,  72.7,  15.3,1021.0,   0.3,  -0.3
48827,  -2.2,  -1.5,  -2.5,  42.9, -95.5,1076.4,   0.1,  -0.3
48847,  -0.1,  -1.7,  -1.1, 108.1, -41.6,1044.9,  -0.3,  -0.2
48875,   0.1,  -0.4,  -2.9,  13.1,  -0.1,1015.1,  -0.3,  -0.3
48899,  -1.3,  -0.5,  -1.4,  10.4, -84.3,1041.7,  -0.4,  -0.3
48923,  -1.4,  -1.7,   0.1, -12.8,  -5.4,1054.9,  -0.3,   0.1
48947,  -0.7,  -1.8,   0.1,  22.4, -76.2,1050.5,  -0.3,   0.1
48975,  -0.4,  -5.4,   0.0,  66.8,  31.9, 937.5,  -0.4,   0.5
48999,  -3.4,  -6.8,   0.5,  82.4,   6.8, 933.3,  -0.3,   0.9
49023,  -3.8,  -2.7,  -1.3, 169.1,  -6.7, 967.5,  -0.4,  -0.3
49047,  -3.4,   1.8,   0.1,-224.2, 139.8, 922.8,   0.0,  -0.2
49075,   0.1,   2.6,   4.9,-363.6, -93.3, 941.9,  -0.1,   0.3
49099,   3.7,  -3.1,   6.3, -36.2,  74.4, 863.3,  -0.3,   0.4
49123,   2.1,  -0.2,   3.3,  -0.8, 181.6, 934.3,   0.2,   0.3
49151,  -2.0,  -2.7,   4.4,  86.3,   9.7,1070.3,   0.6,   0.7
49175,  -0.5,  -1.4,   6.3, -32.1, -41.3, 945.1,   0.4,   0.7
49199,  -0.3,  -1.0,   5.9,  30.4,  54.4,1113.8,   0.5,   0.5
49223,  -0.0,   1.2,   4.7,-181.2, -52.6,1007.6,   0.3,   0.8
49251,   1.7,  -2.9,   4.9, 131.0,  27.8,1015.4,   0.3,   0.4
49275,   0.7,   0.3,   5.2,  60.7,  61.7,1011.5,   0.4,   0.3
49299,   0.5,  -0.7,   8.3,-351.9,  57.1, 982.4,   0.7,   1.0
49327,   0.1,  -3.7,   8.0, 153.2,  68.8, 861.8,   0.8,   0.7
49351,  -1.4,  -4.5,   8.4, 504.6, -17.9, 972.4,   0.5,  -0.1
49375,   1.2,   9.5,   7.5,-611.4,  42.7,1195.5,   0.4,   0.8
49399,   7.6,  -2.9,   8.0, 249.9, -11.5, 901.6,  -0.4,   0.2
49423,   4.7,   2.8,   1.1, -22.8,   4.3, 867.9,  -0.1,  -0.2
49451,   3.2,   1.6,   1.6,-219.8, -37.9, 948.7,  -0.1,   0.3
49475,   0.7,  -6.5,   3.3, 338.8, -19.1,1063.2,  -0.1,  -0.0
49499,  -1.1,  -3.4,   3.1,  17.5,   9.9, 919.4,  -0.3,   0.1
49523,  -0.3,  -1.2,   1.0, -20.6,  60.7,1047.4,  -0.4,  -0.2
49551,   0.8,  -0.8,   0.1,  47.5,   2.6,1022.9,  -0.6,  -0.2
49575,   2.6,   0.3,  -1.4,  24.3, -30.8,1122.1,  -0.7,  -0.5
49599,   2.9,   1.2,  -1.4, -82.8,  22.2, 919.4,  -0.6,  -0.2
49623,   1.9,  -3.6,  -1.3,  98.3,   2.1, 974.8,  -0.3,  -0.1
49651,   1.8,  -3.6,  -0.5, -12.8,  63.4, 952.6,  -0.2,   0.0
49675,  -0.6,  -4.3,  -0.3, -22.5,  76.1, 909.7,  -0.2,   0.2
49699,  -5.2,  -8.0,  -2.5, 259.9, 136.7, 996.6,   0.5,  -0.1
49723,  -5.0,  -6.8,   2.7, -28.2,-502.5,1419.7,  -0.7,  -0.1
49751,   1.2,   1.5,  -0.8, -83.6, 119.1, 938.7,  -0.5,  -0.7
49775,   1.6,   0.5,  -1.6,-243.2,  41.0,1095.7,  -0.1,  -0.5
49799,  -0.2,  -0.1,  -1.4,-124.8,-140.0,1044.4,  -0.1,  -0.2
49827,   1.3,  -0.1,   0.1, 137.1,  -0.8,1093.5,  -0.1,  -0.3
49851,   1.0,  -1.1,   0.4, -93.1, -10.8, 956.0,  -0.3,  -0.0
49875,   1.3,  -3.4,  -0.2,  70.2, -70.4, 993.9,  -0.4,   0.0
49899,   1.5,  -0.1,  -1.6, -12.5, -30.6, 982.7,  -0.4,  -0.1
49923,   1.6,   1.2,  -1.4, -97.0, -36.2, 966.5,  -0.6,  -0.3
49951,   1.3,  -0.5,   0.7,  45.3,  39.0, 978.5,  -0.4,  -0.3
49975,   0.5,   3.2,   0.0,  17.0,  49.5, 954.6,  -0.6,  -0.5
49999,  -0.4,  -1.6,  -0.8,  70.5,  16.5, 969.7,  -0.8,  -0.4
50023,  -4.5,  -4.5,  -1.2, 153.2,  48.0, 897.2,  -0.5,  -0.1
50051,  -5.7,   2.9,  -3.3, 118.1, -47.4, 941.4,  -0.9,  -1.2
50075,  -0.9,  -0.6,  -0.2,-187.1,-119.9,1109.4,  -1.5,  -0.3
50101,   1.3,  -1.0,  -1.6,  17.0, -62.3, 966.8,  -1.5,  -0.4
50125,   0.8,   0.1,  -4.1,-154.6,   9.2, 996.6,  -1.0,  -0.4
50149,   0.1,  -2.1,  -2.1, -15.0, -55.0, 907.5,  -1.0,  -0.0
50177,  -1.0,  -2.1,  -2.4, 109.5, -19.1,1019.0,  -1.2,  -0.6
50201,  -1.0,  -1.3,  -2.4,  34.8,  95.1, 965.1,  -1.2,  -0.5
50225,  -0.4,  -1.5,  -1.9, -80.2, -19.1, 954.1,  -1.2,  -0.4
50249,  -0.3,  -3.9,  -2.1, 215.7, -80.9,1026.1,  -1.5,  -0.3
50277,   0.3,  -3.7,  -3.8,  12.1,-132.9,1011.7,  -1.7,  -0.0
50301,   1.6,  -1.5,  -4.9, 126.6,   2.1, 962.1,  -1.5,  -0.4
50329,   0.4,  -1.1,  -3.6, -47.2,  33.4,1080.1,  -1.5,  -0.3
50349,   0.8,  -0.8,  -3.1, -83.8,  34.8,1003.4,  -1.3,  -0.2
50377,  -0.3,  -4.3,  -1.4, -17.4, -10.8, 969.5,  -1.3,   0.2
50401,  -1.6,  -1.5,  -1.1, 343.9, -13.2,1017.1,  -1.5,  -0.5
50425,  -1.1,   0.9,  -0.9, -25.2,   1.6,1042.7,  -1.6,  -0.5
50449,  -2.2,   5.6,  -2.1,-302.8,-107.7,1144.0,  -1.3,  -0.2
50477,  -0.6,  -1.0,   0.3, -54.5, -82.8, 932.1,  -2.0,  -0.0
50501,   0.1,   3.9,  -3.0, -56.7,  -5.2, 992.4,  -2.0,  -0.5
50525,  -0.6,   3.3,  -3.1,-242.5, -35.7, 961.2,  -1.7,  -0.3
50549,   0.3,  -1.9,  -2.0, -35.5, -25.5,1122.5,  -1.8,  -0.2
50577,  -0.5,  -0.7,  -1.7, 110.5, -54.0,1033.2,  -1.9,  -0.5
50601,  -1.0,  -0.1,  -1.4, -39.9, -33.3, 973.9,  -1.8,  -0.2
50625,  -0.5,  -1.9,  -2.0, -76.0,  22.2,1020.5,  -1.7,  -0.0
50649,  -0.9,  -2.6,  -2.0,  41.9, -32.8,1014.1,  -1.6,  -0.1
50677,   0.5,  -2.6,  -2.6,  55.6, -77.9, 979.5,  -1.8,  -0.3
50701,   1.6,  -1.5,  -2.3, 169.3,  33.9, 978.7,  -1.8,  -0.6
50725,   1.4,  -0.9,  -2.2, -65.8, -47.7,1021.7,  -1.7,  -0.2
50749,   1.3,  -0.2,  -2.0,  -6.4,  -6.7,1013.7,  -1.4,  -0.1
50777,   0.1,  -2.5,  -1.3,  52.9, -73.6,1031.0,  -1.2,   0.1
50801,  -0.3,  -4.4,  -0.1,  49.0, -80.1,1059.3,  -1.4,   0.3
50829,  -2.3,   2.1,  -1.8,-110.2, -36.0, 919.9,  -1.5,   0.5
50849,  -1.9,   2.5,  -3.0,-266.7,  49.0, 946.0,  -1.2,   0.5
50877,  -1.5,  -3.0,  -1.1,  19.9,-235.4,1260.2,  -1.0,   0.8
50901,   1.1,  -1.8,  -1.5, 110.0, -79.4, 948.7,  -1.4,   0.5
50925,   0.8,  -0.7,  -2.6, -67.2,   3.1, 920.9,  -1.2,   0.3
50949,   0.2,  -1.6,  -1.6,  57.8,  30.5, 859.1,  -0.9,   0.4
50977,  -0.9,  -3.6,  -0.9, 227.7, -46.9, 966.1,  -1.0,   0.2
51001,  -1.0,   1.3,  -0.2,-106.3,-122.6,1006.8,  -1.2,   0.2
51025,  -0.1,   0.3,  -2.2,-140.5, -51.6, 991.2,  -1.4,   0.3
51049,   1.4,  -2.1,  -2.5,   0.6,  19.7, 971.4,  -1.5,   0.3
51077,   1.8,  -0.3,  -3.4, -43.8,  59.7, 988.8,  -1.4,   0.2
51101,   0.7,  -1.0,  -3.0,  20.2,   5.3, 988.3,  -1.3,   0.0
51125,  -0.6,  -1.0,  -2.0, -51.4, -36.0, 978.3,  -1.2,   0.1
51153,   0.4,  -1.5,  -0.9,   7.5, -23.5,1036.4,  -1.3,   0.3
51177,  -0.9,  -3.7,  -0.3,  -3.7, -53.8,1016.8,  -1.2,   0.4
51201,   1.0,  -1.8,  -1.7,  59.0,   7.0, 977.0,  -1.5,   0.3
51225,  -0.1,   0.9,  -1.2, -14.7, -29.1,1058.1,  -1.6,  -0.0
51253,   2.1,  -0.5,  -0.7,   1.9,  24.3, 950.2,  -1.9,   0.0
51277,   0.5,  -1.1,  -1.9,  35.8,  51.0, 916.2,  -1.2,   0.2
51301,  -2.0,  -1.6,  -2.0, -25.0,-134.1,1075.9,  -1.1,   0.3
51329,  -0.1,  -2.4,   0.8,  65.8,-113.6,1041.0,  -1.2,   0.2
51353,   1.5,  -2.1,   0.5,  38.0, -17.4,1012.0,  -1.4,  -0.1
51377,   1.3,  -0.7,  -1.5, -12.8,  14.3, 941.6,  -1.0,   0.1
51401,  -0.1,   1.8,  -1.8, -89.0, -40.3,1011.7,  -0.9,   0.3
51425,   0.7,   1.5,  -0.5,  10.9, -59.1,1016.6,  -1.0,   0.3
51453,   0.6,  -0.2,   0.5, -52.3,  11.7,1055.4,  -1.0,   0.3
51477,  -0.0,  -1.3,   1.0,  71.7, -26.2,1023.9,  -1.0,   0.3
51501,  -0.1,  -1.4,   0.9, -51.8,-117.7,1029.0,  -1.1,   0.5
51525,  -0.2,   0.0,   0.4, -69.4, -76.0, 968.3,  -1.1,   0.4
51553,  -0.1,  -2.2,   0.1,  30.7, -64.3, 960.9,  -1.0,   0.6
51577,  -1.2,  -1.3,  -1.1, -10.1, -67.0, 923.3,  -1.2,   0.6
51601,   0.5,   1.8,   0.3, -82.8,  -9.8, 969.7,  -1.3,   0.4
51625,  -0.1,  -2.6,   2.0, -12.0,  -9.6,1006.1,  -1.0,   0.5
51653,   1.3,  -1.3,   2.1,-154.1,  62.2,1015.9,  -0.8,   0.8
51677,   1.1,  -3.9,   3.1, -45.7,   5.8, 984.4,  -0.8,   0.9
51701,   0.7,  -0.7,   3.6, -60.1, -27.9, 959.7,  -0.8,   0.9
51727,  -0.1,  -2.7,   4.1, -38.2, -51.6, 982.7,  -0.9,   1.0
51751,  -0.4,  -3.1,   2.7, 131.0,  38.0, 986.1,  -0.8,   0.6
51775,  -3.0,   0.8,   4.7,  44.3, -42.5, 998.5,  -0.8,   0.4
51803,  -1.8,  -0.6,   5.7, -41.3,  11.4, 963.6,  -0.7,   0.6
51831,  -1.1,  -0.9,   7.9,  19.4, -33.8,1075.9,  -0.7,   0.6
51851,   1.0,  -0.1,   8.8, -48.9, -91.9,1063.0,  -1.2,   0.6
51875,   0.1,   0.2,   8.8,  41.2, -80.1, 994.1,  -1.2,   0.4
51903,   0.2,   0.0,   9.0, -45.5, -67.4,1009.3,  -1.2,   0.5
51927,   1.0,   1.1,   8.9, -19.9, -61.8,1013.9,  -1.3,   0.6
51951,   1.5,   0.0,   9.2, -51.1, -45.2,1036.6,  -1.4,   0.8
51975,   1.3,  -1.5,  10.0, -29.1,  -7.6, 999.7,  -1.5,   0.9
52003,  -1.3,   1.7,  11.5, -93.3, 108.8, 755.8,  -1.4,   1.0
52027,  -0.2,  -0.8,  12.4, -75.0,-106.8, 916.5,  -2.2,   1.3
52051,   0.8,   0.1,  11.9,  20.9, -57.0,1003.9,  -2.3,   1.2
52075,   0.7,   0.2,  11.6, -11.6, -42.3,1018.3,  -2.4,   1.1
52103,  -0.8,   0.8,  11.1,  10.9,-109.2,1034.7,  -2.5,   1.1
52127,  -0.8,   0.0,  10.6, 135.9,-183.4, 936.0,  -2.7,   1.0
52151,   0.7,  -0.4,   9.8, -73.8, -40.8, 933.3,  -2.7,   1.0
52179,   0.2,  -0.8,  10.0,  27.0,-106.5,1034.4,  -2.8,   1.0
52203,   1.5,   0.6,  10.0, -14.7, -91.6,1011.7,  -3.1,   0.9
52227,   1.7,   0.3,  11.4, -48.9, -20.1, 961.4,  -2.8,   0.9
52251,   1.2,  -0.7,  11.2, -80.4, -98.9, 984.1,  -2.8,   1.1
52279,   0.9,  -1.3,  11.3, -37.7, -73.8,1027.3,  -2.8,   1.0
52303,   0.5,   0.4,  11.6, -78.7, -80.9, 994.1,  -2.9,   1.0
52331,   0.4,   0.7,  11.5, -16.7, -94.5,1016.3,  -3.0,   1.1
52351,   0.7,  -0.5,  10.3,  -2.3, -89.7,1016.6,  -3.2,   1.0
52379,   1.1,  -0.2,   9.7, -39.9, -82.6,1003.9,  -3.4,   1.0
52403,   0.3,   0.1,   8.9,  30.9, -76.7, 990.2,  -3.4,   1.0
52427,   0.4,   0.0,   9.4, -10.6, -72.3, 990.0,  -3.6,   0.9
52451,  -0.3,  -1.2,   9.0,   2.1, -47.4,1019.5,  -3.7,   0.9
52479,   0.1,  -1.8,   8.4,  13.8, -90.9,1006.6,  -3.9,   0.7
52503,  -0.1,  -2.3,   8.1,  18.0,-110.7,1029.5,  -4.1,   0.6
52527,   0.7,  -0.9,   7.2,   0.2,-105.8,1025.9,  -4.4,   0.5
52551,   0.2,  -0.1,   3.8,   5.0,-113.6,1021.7,  -4.7,   0.3
52579,  -0.3,  -0.1,   2.1,  28.7,-119.7,1024.6,  -5.0,   0.0
52603,   0.2,  -0.4,   0.9,  33.1,-115.1,1013.4,  -5.3,  -0.2
52627,  -0.1,  -0.6,  -1.7,  28.5, -72.6,1008.8,  -5.4,  -0.2
52651,   0.1,  -1.2,  -2.4,  28.2, -27.4,1001.9,  -5.2,  -0.3
52679,  -0.0,  -0.6,  -0.6, -25.2, -56.7, 999.5,  -5.1,  -0.3
52703,   0.4,   0.7,  -1.1, -23.0, -24.7, 998.8,  -4.8,  -0.1
52727,   1.2,  -1.6,  -1.4, -13.3, -16.7,1008.8,  -4.5,  -0.0
52751,   1.0,  -1.3,  -1.1,  15.1,  -6.7, 982.7,  -4.1,  -0.1
52779,   0.6,  -1.3,  -0.8,  -5.0,   9.2,1022.9,  -3.6,  -0.2
52803,   1.2,  -1.6,  -1.2, -29.6,  11.9,1010.2,  -3.2,  -0.1
52831,   0.6,  -1.6,  -0.7, -14.7,  24.1, 980.0,  -3.1,  -0.1
52851,   0.2,  -0.4,  -0.5,   7.2,  26.5,1000.2,  -2.7,  -0.1
52879,  -0.9,  -0.7,  -0.6, -31.8,   8.2,1010.5,  -2.2,   0.0
52903,  -0.7,  -1.1,   0.6, -19.9,  -7.1,1020.5,  -2.0,   0.1
52927,  -0.3,  -0.8,   0.6,  -2.0,  -4.9,1000.0,  -1.9,   0.1
52951,  -0.4,  -1.7,  -0.2,   3.6,  -4.5, 995.8,  -1.7,   0.1
52979,  -0.3,  -1.4,  -0.6, -28.6, -25.9, 990.0,  -1.6,   0.1
53003,  -1.1,  -0.2,   0.5,   5.5, -37.2,1020.3,  -1.6,   0.2
53027,  -0.7,  -1.5,   0.3, -25.2, -38.2,1026.6,  -1.6,   0.3
53051,  -0.4,   0.2,   0.7,   9.2, -33.5,1025.9,  -1.6,   0.3
53079,  -0.1,  -1.6,   0.5,   9.2, -44.7, 999.7,  -1.6,   0.3
53103,  -0.1,  -1.8,   0.0,  -0.8, -13.2,1018.3,  -1.6,   0.3
53127,  -0.6,  -1.5,  -0.2, -17.7, -15.0, 986.1,  -1.6,   0.3
53155,   0.2,  -0.5,  -0.9,   7.7, -33.3,1003.7,  -1.5,   0.3
53179,   0.5,  -0.2,  -0.5,  -2.3, -16.2,1001.9,  -1.4,   0.3
53203,   0.3,  -0.3,   0.5,   3.1,  -7.9,1017.3,  -1.3,   0.3
53227,   0.4,  -2.2,   0.0,   1.9,  -5.7,1001.2,  -1.2,   0.3
53255,   0.5,  -2.4,   0.0, -17.2, -25.5,1001.5,  -1.1,   0.3
53279,   0.4,  -2.5,  -0.2,  -5.2, -12.3,1019.3,  -1.0,   0.3
53303,   0.4,  -0.7,   0.0,  -5.0,  13.9,1007.3,  -0.9,   0.3
53331,   0.2,   0.3,  -0.2, -24.7,  -9.1,1039.8,  -0.8,   0.3
53354,  -0.6,   0.4,   0.1, -13.3, -12.5, 989.7,  -0.8,   0.3
53378,   0.1,  -1.4,  -0.3,  -7.4, -20.6,1007.8,  -0.8,   0.4
53402,   0.3,   0.6,  -0.3, -10.1, -12.3, 989.5,  -0.8,   0.3
53430,  -0.3,  -0.8,   0.1, -14.2, -32.3, 996.1,  -0.8,   0.4
53454,  -0.6,  -0.6,  -0.0,  -2.5, -10.3, 991.7,  -0.8,   0.4
53478,  -0.0,  -0.2,  -0.4,  -6.2, -10.3,1010.0,  -0.8,   0.4
53502,  -0.3,  -1.5,   0.1, -14.7, -33.0,1010.5,  -0.8,   0.4
53530,   0.1,  -1.0,   0.7,  -6.7, -10.8,1003.9,  -0.8,   0.3
53554,  -0.0,  -1.5,  -0.0,   0.4, -25.5, 991.9,  -0.8,   0.3
53578,   0.4,  -1.8,   0.3,  -9.4,   2.6, 993.4,  -0.8,   0.3
53602,   0.1,  -1.3,   0.0,   6.5, -21.1, 991.2,  -0.8,   0.3
53630,   0.5,  -0.8,  -0.2, -18.6,  -7.9, 996.8,  -0.7,   0.3
53654,   0.5,  -0.2,  -0.1,  -5.0,  -9.6, 989.7,  -0.7,   0.3
53678,   0.4,  -0.5,  -0.5,  17.7,   3.1,1003.9,  -0.6,   0.3
53702,  -0.1,  -1.6,   0.1, -30.6, -20.1,1006.8,  -0.6,   0.3
53730,   0.5,  -1.4,   0.2, -10.8, -24.5, 995.1,  -0.6,   0.3
53754,   0.3,  -1.2,  -0.1, -13.0, -17.2,1001.2,  -0.7,   0.3
53778,  -0.9,  -0.4,  -0.3,  12.9, -15.4, 991.7,  -0.7,   0.3
53802,  -0.3,  -0.5,  -0.2,  -3.5,  -8.4,1009.3,  -0.7,   0.2
53830,  -0.2,  -1.3,   0.2, -23.5, -20.1,1010.7,  -0.6,   0.2
53854,   0.4,  -1.1,   0.7,   3.1, -22.8,1034.4,  -0.7,   0.3
53878,  -0.2,  -1.3,  -0.1,  12.1,  -8.9,1005.4,  -0.7,   0.2
53902,   0.6,  -1.2,   0.3,  -6.9, -30.1,1013.4,  -0.8,   0.3
53930,  -0.9,  -1.0,  -0.3,   4.1,  -9.3, 983.9,  -0.7,   0.3
53954,   0.4,  -1.4,  -0.8,   8.0,  -8.4,1015.1,  -0.7,   0.2
53978,  -0.3,  -1.0,   0.6,  -7.9, -27.2,1004.4,  -0.7,   0.1
54002,   0.4,   0.1,  -0.2,   9.2,  -2.3, 994.4,  -0.6,   0.1
54030,   0.1,  -1.3,  -1.1, -27.9, -31.1,1016.6,  -0.6,   0.1
54054,   0.1,  -0.6,   0.5, -17.4,  -7.4,1000.0,  -0.7,   0.2
54078,   0.6,  -1.4,   0.8,  -9.8,  -4.0,1015.1,  -0.6,   0.2
54102,  -0.5,  -1.7,   0.1, -16.0, -15.0,1029.8,  -0.6,   0.2
54130,   0.2,  -0.9,  -0.2, -19.6, -29.9, 998.0,  -0.7,   0.3
54154,  -0.6,  -1.5,   0.2,  -0.8, -20.8,1013.2,  -0.7,   0.3
54178,  -0.0,  -1.2,  -0.3,  -7.2, -21.8,1004.4,  -0.7,   0.3
54206,  -0.4,  -1.5,  -0.4, -13.3,  -9.8,1004.9,  -0.7,   0.3
54230,  -0.4,  -0.7,  -0.0, -18.6, -10.8,1002.9,  -0.8,   0.4
54254,   0.7,  -2.1,   0.1,   5.5, -16.2,1014.1,  -0.8,   0.4
54278,  -0.3,  -0.4,  -0.6, -27.7, -24.2,1017.1,  -0.8,   0.4
54306,   0.2,  -1.5,   0.5, -10.8, -29.4,1025.6,  -0.8,   0.4
54334,   0.7,  -0.2,  -0.3, -24.3, -10.3,1006.1,  -0.8,   0.4
54354,   0.5,  -1.3,   0.5, -15.5, -24.7, 993.4,  -0.7,   0.4
54378,   0.4,  -1.3,   0.1,   0.4, -31.1,1010.5,  -0.8,   0.4
54406,  -0.0,  -1.3,  -0.2, -20.1, -11.1,1001.9,  -0.8,   0.4
54430,   0.5,   0.3,   0.5,  -6.9,  -8.1, 985.6,  -0.8,   0.5
54454,   0.8,  -2.1,   0.8,   3.3, -12.3, 992.4,  -0.8,   0.4
54478,   0.3,  -0.9,   0.0,  -5.5, -13.0,1011.0,  -0.8,   0.4
54506,   0.2,  -2.6,  -0.3,   6.0, -22.0,1018.5,  -0.8,   0.3
54530,  -0.4,  -1.4,  -0.4,   7.5,  -4.7, 998.8,  -0.8,   0.3
54554,  -0.4,  -1.6,  -0.3, -15.7, -36.9,1006.1,  -0.8,   0.3
54578,  -0.3,  -0.7,  -1.1, -35.7,  -8.6,1000.2,  -0.8,   0.3
54606,  -0.0,  -1.6,  -0.9,   8.9,   2.1, 979.2,  -0.8,   0.2
54630,   0.1,  -0.3,  -1.4, -17.7, -18.1,1002.4,  -0.8,   0.2
54654,   0.3,  -0.8,  -0.8,  -1.5,  -4.9,1011.2,  -0.7,   0.3
54678,   0.2,  -2.6,  -0.7, -14.7,  -1.5, 995.1,  -0.7,   0.3
54706,  -0.0,  -1.7,  -0.6,  16.0, -23.3,1017.6,  -0.7,   0.2
54730,  -0.0,  -1.4,  -1.7,  14.3, -16.7,1040.8,  -0.8,   0.2
54754,  -0.2,  -1.0,  -2.0,  -1.8, -23.5,1005.6,  -0.8,   0.2
54778,  -0.6,  -1.3,  -0.8, -25.0, -37.9,1003.2,  -0.7,   0.2
54806,  -0.6,   0.3,  -0.3, -38.2, -39.4,1003.9,  -0.7,   0.3
54834, -24.5,  11.2,   5.3,-628.3,-980.3,-138.9,  -3.2,   1.3
54854,  -3.1,  -1.2,   2.5,  25.1, -94.1,1008.3,  -3.0,   1.5
54878,   0.2,  -1.7,   0.4,  26.0,  20.2, 941.4,  -2.9,   1.3
54906,  -0.1,  -1.6,  -0.3,  23.1,  15.6,1025.9,  -2.5,   1.2
54930,   0.5,  -1.7,   0.1,   3.6, -33.5,1042.5,  -2.4,   1.2
54954,   0.5,  -0.8,  -0.6,  14.3,   6.8,1046.1,  -2.3,   1.1
54980,   0.3,   0.0,  -0.6, -20.8, -15.9,1004.4,  -2.1,   1.1
55004,  -0.0,  -0.8,   0.2, -19.9, -10.8,1013.4,  -2.0,   1.0
55028,   0.1,  -1.7,   0.0,   5.8, -14.7,1017.3,  -1.9,   1.0
55056,  -0.3,  -0.7,  -0.3, -74.8, -14.0, 992.4,  -1.8,   1.0
55080,  -1.2,  -0.8,   0.8,  62.4,  -2.8, 960.9,  -1.8,   0.7
55104,  -0.2,  -0.9,   1.7, 261.4,  19.2,1068.6,  -2.1,   0.6
55132,  -0.3,   1.0,  -0.7,  -1.3, -19.4, 960.4,  -2.1,   0.7
55156,   0.2,   1.2,  -1.4,  15.8, -23.5, 962.4,  -2.1,   0.5
55180,  -0.2,   0.0,  -0.8,  35.3, -22.3,1029.3,  -2.1,   0.5
55204,   0.2,  -1.0,  -0.9, -29.4, -49.9,1016.8,  -2.1,   0.6
55232,  -0.1,  -1.8,  -2.0,  34.1,  -6.9, 996.6,  -2.1,   0.5
55256,   0.2,  -1.2,  -1.0, -16.9, -21.5,1005.6,  -2.0,   0.4
55280,   0.4,  -2.6,  -1.6,   7.7, -42.1,1001.9,  -2.0,   0.4
55304,   0.9,  -1.3,  -1.5, -30.6, -44.3,1012.7,  -1.9,   0.4
55332,   1.5,  -0.5,  -0.9,  15.8, -10.6,1011.0,  -1.9,   0.3
55356,   1.2,  -1.2,  -1.0, -36.5, -14.2,1011.2,  -1.7,   0.4
55380,   0.4,  -1.1,  -1.4,  16.0, -44.7,1015.4,  -1.6,   0.3
55404,   0.2,  -0.7,  -1.9,  11.6, -30.1,1016.6,  -1.6,   0.2
55432,  -0.2,  -1.7,  -1.9,   7.0, -41.1,1019.0,  -1.7,   0.1
55456,  -0.7,  -0.7,  -3.0,  36.8, -19.8, 992.7,  -1.7,  -0.1
55480,   0.4,  -1.4,  -3.6,  11.4, -55.5,1000.5,  -1.7,  -0.1
55504,   0.6,  -2.2,  -3.3,  -5.9, -33.8, 993.9,  -1.8,  -0.2
55532,   0.6,  -1.0,  -3.5,  12.1, -14.0,1025.9,  -1.7,  -0.2
55556,   0.6,  -1.6,  -2.7,   1.4, -37.7,1004.9,  -1.6,  -0.2
55580,   0.1,  -0.9,  -3.9, -30.1, -20.8,1013.9,  -1.7,  -0.0
55604,  -0.1,  -2.7,  -5.1,  41.4, -77.7,1015.1,  -1.8,  -0.1
55632,  -0.0,  -0.5,  -4.9,  37.8, -21.8, 991.2,  -2.0,  -0.4
55656,  -0.3,  -0.9,  -4.5,  -4.0, -21.8,1014.9,  -1.9,  -0.4
55680,  -0.0,  -0.4,  -4.4, -32.8, -44.0,1038.8,  -1.9,  -0.3
55704,  -1.2,  -2.4,  -6.0,   2.4, -98.9,1036.6,  -2.1,  -0.2
55732,  -0.6,  -1.6,  -6.8,  47.5, -37.7,1009.8,  -2.2,  -0.4
55756,  -0.2,  -0.4,  -6.5,  -8.6,   5.3, 989.5,  -2.1,  -0.5
55780,  -0.7,  -0.9,  -5.1, -39.1,  14.3,1014.9,  -1.9,  -0.3
55804,  -0.5,  -2.6,  -5.6, -48.7,  15.8, 998.8,  -1.6,  -0.1
55832,  -0.1,  -2.6,  -6.4,  34.8, -44.5,1029.0,  -1.7,  -0.2
55856,  -0.2,  -1.5,  -6.0,  54.6,  12.9, 976.8,  -1.5,  -0.4
55880,   0.1,  -2.1,  -4.2,   2.4,  29.2, 985.6,  -1.1,  -0.5
55904,  -0.1,  -1.6,  -5.2, -61.4,   7.0,1003.9,  -0.8,  -0.2
55932,  -0.5,  -2.1,  -5.0,  -7.2,  -9.8,1001.0,  -0.9,  -0.1
55956,  -0.5,  -1.3,  -4.5,  26.3, -10.3,1004.4,  -0.8,  -0.2
55980,  -1.0,  -0.8,  -3.9,  -2.5,  -0.1, 986.1,  -0.7,  -0.3
56004,  -0.8,  -1.2,  -3.9, -34.3,  14.8,1018.1,  -0.7,  -0.2
56032,  -0.0,  -0.8,  -3.8,  -3.5,  20.7,1016.3,  -0.5,  -0.0
56056,   0.1,  -2.2,  -4.1, -22.8, -23.3,1001.7,  -0.5,   0.1
56080,  -0.6,  -0.7,  -3.9,  14.8,  -8.9,1003.7,  -0.6,   0.0
56104,   0.3,  -2.2,  -2.5, -12.5,  -0.8,1000.0,  -0.5,   0.0
56132,   0.1,  -0.8,  -2.4, -14.2,  -3.2, 997.8,  -0.5,   0.1
56156,   0.1,  -1.9,  -2.2, -23.8, -28.9,1010.0,  -0.5,   0.2
56180,  -0.0,  -2.4,  -2.7,  44.6, -23.3, 991.2,  -0.6,   0.1
56208,   0.7,  -0.3,  -3.2,  -0.3, -21.5,1020.3,  -0.7,   0.0
56232,  -0.1,  -1.6,  -3.9,   6.0, -31.1,1001.5,  -0.7,  -0.0
56256,  -0.1,  -2.1,  -3.2,  -7.2, -56.0,1002.7,  -0.9,   0.1
56280,  -0.2,  -0.9,  -5.0,  31.2, -25.2,1012.4,  -1.1,   0.0
56308,  -0.5,  -2.4,  -6.0,  20.4, -34.0,1007.8,  -1.2,  -0.1
56336,   0.1,  -1.8,  -5.0, -10.1, -48.6,1002.7,  -1.2,  -0.1
56356,  -0.3,  -1.4,  -4.7, -14.5, -43.5,1016.1,  -1.3,  -0.0
56380,   0.1,  -1.0,  -5.2,   3.6, -48.4, 995.8,  -1.4,   0.0
56408,   0.4,  -1.7,  -4.7,   0.4, -33.0,1000.7,  -1.5,  -0.0
56432,   0.2,  -2.6,  -4.6,  44.6,  -9.3,1000.2,  -1.4,  -0.1
56456,   0.3,  -2.4,  -5.3,  13.6, -48.2,1010.0,  -1.5,  -0.2
56480,  -0.6,  -0.9,  -5.6, -12.3, -54.3,1008.8,  -1.7,  -0.1
56508,  -0.9,  -0.1,  -6.1, -21.8, -39.4, 991.4,  -1.7,  -0.2
56532,  -0.4,  -1.6,  -6.0,  -8.1, -21.3,1001.5,  -1.7,  -0.3
56556,  -0.4,  -1.5,  -6.1, -35.7, -54.8,1011.5,  -1.8,  -0.1
56580,  -0.1,  -2.1,  -6.7, -36.2, -41.8, 997.8,  -1.8,  -0.0
56606,  -0.3,  -1.3,  -5.8, -38.4, -31.3,1014.4,  -1.8,  -0.0
56630,  -0.4,  -2.7,  -5.7,   9.9, -26.4,1015.6,  -1.8,  -0.0
56658,  -0.3,   0.1,  -6.6, -49.9, -24.5,1007.6,  -1.8,   0.1
56682,   0.8,  -2.5,  -6.2,  16.8, -43.8, 995.1,  -1.9,   0.1
56706,  -0.0,  -2.3,  -7.5,   2.6, -15.2, 998.5,  -1.8,  -0.1
56730,   0.1,  -1.9,  -6.9,   7.2,   6.5, 991.7,  -1.8,  -0.1
56758,  -1.2,  -1.0,  -6.3, -40.9,  -6.9, 988.8,  -1.7,  -0.1
56782,  -1.6,  -1.9,  -6.7,   3.3, -15.9,1006.3,  -1.7,  -0.1
56806,  -0.6,   0.5,  -5.9,-142.4, -12.8,1022.9,  -1.8,   0.1
56834,   1.3,  -1.2,  -4.1, -27.4,  -2.5, 993.4,  -1.8,   0.1
56858,   1.7,  -1.2,  -4.3, -47.2, -28.1, 998.3,  -1.7,   0.3
56882,   0.6,  -1.0,  -2.7,   5.0, -38.6,1007.1,  -1.6,   0.5
56906,  -0.2,  -0.7,  -3.0,   8.9,  -6.2, 990.2,  -1.6,   0.4
56930,  -0.1,  -3.4,  -2.5, 152.3, -11.1,1012.7,  -1.5,   0.3
56958,   1.3,  -1.4,  -6.6, -10.1,   6.0,1027.8,  -1.6,   0.1
56982,   1.3,   1.1,  -8.6, -41.8, -15.0, 984.9,  -1.4,  -0.2
57006,   0.4,  -0.8,  -7.8, -27.4,   2.9, 993.2,  -1.3,  -0.2
57030,  -0.6,  -1.2,  -5.1,  26.5,  27.0, 979.0,  -1.1,  -0.1
57058,  -1.0,   0.5,  -2.5,   4.1,  32.9,1005.4,  -0.9,   0.3
57082,  -0.5,  -1.8,  -1.3,  47.5,  20.4,1013.4,  -0.6,   0.6
57106,   0.1,  -1.9,  -0.2,   0.6,  -5.9, 996.6,  -0.5,   0.8
57130,   0.7,  -1.5,   0.0, -20.3, -31.3,1032.0,  -0.5,   0.9
57158,   0.2,  -1.8,   0.5, -16.9,   2.4, 988.5,  -0.5,   0.8
57182,  -1.3,   0.3,   0.5,  56.3, -25.7,1002.7,  -0.6,   0.7
57206,  -0.2,  -1.5,   0.5, -47.4, -13.5,1029.3,  -0.7,   0.8
57234,   0.5,  -1.3,  -2.0,  -9.8, -32.0,1013.4,  -0.7,   0.6
57258,   1.3,  -1.0,  -2.4,  -5.0, -24.5, 993.2,  -0.7,   0.6
57282,   1.0,  -0.8,  -1.2,  -3.7,   5.3, 997.1,  -0.7,   0.5
57306,   0.3,  -0.3,  -1.4,   1.9,   4.1,1027.3,  -0.6,   0.7
57334,   0.4,  -0.8,  -0.6,   6.0,  -4.0,1026.6,  -0.6,   0.7
57358,   0.3,  -2.0,   1.4, -22.1,   1.9,1002.4,  -0.5,   0.8
57382,   0.2,  -1.0,   2.7, -31.3, -10.1, 986.6,  -0.3,   0.9
57406,  -0.1,  -1.1,   4.4, -51.4,  26.3,1007.6,  -0.2,   1.0
57434,   1.3,  -1.6,   4.9, -24.5, -11.5, 983.6,  -0.1,   1.1
57458,   1.0,  -1.5,   5.4, -41.6, -11.3, 977.8,  -0.0,   1.1
57482,   1.6,  -1.7,   5.0,   0.6,  -7.9,1018.8,  -0.0,   1.1
57506,   0.6,  -0.8,   5.6, -12.8, -20.8, 984.4,   0.0,   1.0
57534,   0.8,   0.1,   5.0, -38.4, -17.4,1022.2,   0.0,   1.0
57558,   0.4,  -1.6,   4.5,  29.5,   9.7,1037.3,   0.1,   0.9
57582,   1.0,  -2.8,   5.2,   9.9,  -5.2, 992.9,   0.1,   0.9
57606,   0.7,  -1.6,   4.7,  27.3,   2.6,1005.1,   0.1,   0.6
57634,  -0.4,  -2.7,   4.8, -13.8,  11.9,1017.3,   0.2,   0.7
57658,   0.6,  -1.5,   4.8,  -7.9, -17.6,1016.1,   0.2,   0.7
57682,   0.7,   1.4,   5.0,   3.3, -34.7, 997.5,   0.0,   0.5
57706,   1.2,  -0.5,   4.4,  15.1,  -8.6,1006.3,   0.0,   0.5
57734,   0.9,  -1.3,   2.4,  79.0, -14.2, 983.6,  -0.1,   0.2
57758,  -0.1,  -0.7,   2.9, -43.3, -36.9,1001.2,  -0.2,   0.2
57782,   0.7,  -1.0,   3.0,  42.9, -39.1,1003.4,  -0.3,  -0.0
57806,   1.0,  -0.5,   2.7,  24.1, -11.1,1038.1,  -0.2,   0.0
57834,   0.4,  -2.5,   0.3, -22.5, -32.0,1017.6,  -0.3,  -0.0
57858,   0.2,  -1.6,  -0.5,  68.8, -59.4, 996.8,  -0.4,  -0.2
57882,  -0.3,  -3.3,   0.1,   7.2, -11.5, 981.7,  -0.6,  -0.2
57906,  -0.4,  -1.7,  -2.0,  58.3, -54.8,1013.2,  -0.7,  -0.5
57934,   0.1,  -2.1,  -2.6,  18.0, -41.1, 984.1,  -0.8,  -0.4
57958,  -0.1,  -1.8,  -4.3,  95.1, -26.2,1012.4,  -1.1,  -0.7
57982,  -0.5,  -1.8,  -5.5, -31.8,  -6.2,1049.5,  -1.0,  -0.8
58006,  -0.3,  -2.2,  -7.1,  53.6, -68.4,1017.3,  -1.2,  -1.1
58034,  -0.3,  -1.5,  -9.7,  57.8, -21.8,1017.3,  -1.4,  -1.1
58058,  -1.5,  -0.8, -11.0,  50.9, -36.0, 976.8,  -1.6,  -1.3
58082,  -2.9,  -1.5, -12.4,  86.8, -36.0, 976.6,  -1.7,  -1.5
58106,  -2.5,  -0.4, -13.4,-139.7, -15.4, 951.6,  -2.0,  -1.4
58134,   0.9,  -6.5, -12.4, 150.3,  10.9, 951.9,  -2.0,  -1.2
58158,   1.0,  -0.4, -15.3,-121.2,   7.5,1006.3,  -2.0,  -1.2
58182,  -0.6,  -2.4, -13.6,   4.1,  34.4, 932.4,  -1.8,  -1.0
58210,  -2.7,  -1.4, -12.7, -97.3, -34.2,1046.9,  -1.9,  -1.0
58232,  -1.5,  -2.7, -13.7, 182.8, -66.5,1018.1,  -2.0,  -1.3
58260,  -1.4,   0.1, -14.3, -46.0,  31.4,1006.3,  -2.0,  -1.0
58284,  -1.3,  -1.8, -13.7, -19.6, -14.2,1033.9,  -1.9,  -0.8
58308,  -0.2,   0.9, -13.8, -55.0, -26.2,1064.2,  -1.8,  -0.9
58336,  -1.0,  -0.8, -12.1, -22.1, -20.6,1028.6,  -1.8,  -0.9
58360,  -0.5,   1.0, -12.4, -39.4, -89.2,1092.0,  -1.9,  -0.7
58384,  -0.7,  -0.8, -11.6, -16.7, -51.6,1025.9,  -1.8,  -0.3
58408,  -0.3,  -1.7, -12.1,  -0.3, -29.9,1012.7,  -1.8,  -0.1
58432,  -0.3,  -0.6, -11.4, -19.1,  26.8, 996.8,  -1.6,  -0.0
58460,  -0.6,  -3.0,  -9.5, -61.4, -17.4, 961.4,  -1.5,   0.4
58484,  -0.9,  -2.9,  -7.7, -20.1,  -6.2,1021.2,  -1.3,   0.6
58508,   0.4,  -1.5,  -6.7, -40.1,  18.0, 985.3,  -1.1,   0.8
58532,  -0.3,  -1.0,  -6.0,  -3.0,  31.4, 973.4,  -0.8,   0.8
58560,  -0.7,  -1.6,  -3.1, -26.9,  16.8,1027.1,  -0.5,   1.0
58584,  -0.4,  -1.8,  -1.9,  10.2, -10.8, 993.2,  -0.4,   1.1
58608,  -0.6,  -1.6,  -1.0,  24.8,   3.4,1002.4,  -0.3,   1.3
58632,  -0.5,  -1.3,  -2.0,  -2.3,   0.9,1031.0,  -0.2,   1.2
58660,  -1.8,  -0.2,  -0.2,   6.3,-213.9,1120.6,  -0.2,   1.0
58684,   0.9,  -2.7,   3.7,  -7.4,   4.3,1056.6,   0.1,   1.7
58708,   2.6,   1.2,   2.7,-214.2, -11.3,1008.5,   0.3,   1.7
58732,   1.9,  -0.8,   4.0, -25.7,  34.1, 991.4,   0.6,   1.8
58760,  -0.1,   1.2,   6.3, -47.0,  -3.7, 977.0,   0.8,   1.5
58784,   0.7,  -2.2,   7.3,  51.9,   3.6,1006.6,   0.8,   1.5
58808,   0.3,  -3.2,   7.9,  82.7,   4.6,1028.6,   0.7,   1.5
58836,   0.9,  -1.6,   7.5, -12.0,  -1.3,1035.4,   0.8,   1.5
58860,  -0.3,   0.8,   9.7,  21.9,   6.5,1019.5,   0.8,   1.4
58884,  -0.1,  -0.4,  11.2, -10.3,  27.0, 961.9,   0.8,   1.6
58908,   0.2,  -0.8,  13.3,  -8.4,  -1.8, 986.6,   0.6,   1.7
58932,   2.6,   0.9,  11.1,  98.3,  -9.1,1001.9,   0.7,   1.2
58960,   2.1,  -1.9,   9.5,  75.1,   7.7,1004.4,   0.8,   1.1
58984,   1.9,  -1.4,  10.5, -24.0, -50.8, 988.8,   0.7,   0.8
59008,   0.7,  -0.7,  11.0,   7.5, -13.7, 976.6,   0.6,   0.9
59032,   1.2,   0.4,   9.3,-103.8, -32.8,1001.9,   0.4,   0.9
59060,   1.5,  -3.2,   9.2,  80.2,  36.8, 988.8,   0.5,   0.6
59084,   1.1,  -0.7,   7.7, -47.0,  41.7, 994.9,   0.6,   0.3
59108,   0.7,  -1.7,   7.9, -50.9,  56.1, 994.1,   0.6,   0.3
59132,   0.1,  -2.5,   7.1,  60.5,  32.4, 996.3,   0.6,   0.0
59160,   0.5,  -0.4,   4.8, -30.6,  79.3, 991.0,   0.7,  -0.1
59184,   0.9,  -0.9,   5.8,  -4.7,  43.6, 960.9,   0.9,  -0.3
59208,   1.3,   0.1,   5.0,  -0.3,  29.2, 994.6,   1.0,  -0.5
59236,   1.0,  -1.6,   6.2,  50.2,  41.9, 991.9,   1.0,  -0.5
59260,   0.9,  -1.7,   5.5,  14.6,  62.9, 989.2,   1.1,  -0.5
59284,   1.0,  -1.4,   3.7,  50.0,  -0.3,1007.1,   1.1,  -0.8
59308,   1.0,   0.7,   3.3,   8.2,   2.6, 996.8,   0.8,  -0.8
59335,  -0.2,  -1.4,   0.1, 109.3, -51.8,1042.5,   0.7,  -0.9
59359,  -1.2,  -1.5,  -1.5,  92.9,   6.0, 961.9,   0.6,  -1.1
59383,  -1.2,  -0.7,  -1.7, -14.7, -32.0,1107.2,   0.5,  -1.3
59411,   1.6,  -3.7,  -1.0,  66.3, -15.4,1007.1,   0.3,  -1.0
59435,   2.2,  -1.9,  -5.5,  30.7,  11.9, 993.2,   0.2,  -1.6
59459,   1.1,  -2.4,  -4.2,  23.8,  52.7,1010.2,   0.3,  -1.2
59483,   0.2,  -0.7,  -3.5,  35.1,  10.7, 980.2,   0.4,  -1.5
59511,  -0.7,  -1.0,  -3.7,  50.0, -24.5,1005.6,   0.3,  -1.2
59535,   0.4,  -0.7,  -3.2, -26.5,  -5.7, 990.5,   0.1,  -1.1
59559,   0.7,  -3.3,  -2.2, 103.9,  -2.8, 969.2,  -0.1,  -1.1
59583,   0.5,  -2.2,  -1.8, -44.5,  -3.7,1031.7,  -0.0,  -0.9
59611,   1.6,  -0.9,  -2.8,   8.0, -22.5,1009.8,  -0.4,  -1.2
59635,   0.7,  -0.5,  -5.3, -20.1,   9.0, 998.8,  -0.3,  -1.1
59659,   0.1,   0.1,  -6.6,  66.6, -28.6, 989.7,  -0.5,  -1.5
59683,   0.4,  -1.8,  -5.6,  -2.5,  -2.0, 991.0,  -0.7,  -1.3
59711,   1.9,  -1.8,  -5.6, -58.4,  26.8,1000.2,  -0.7,  -1.1
59735,   0.2,  -1.2,  -6.1, -49.2, -25.9,1009.3,  -0.8,  -1.1
59759,   0.5,  -2.5,  -5.3,  83.7,  -6.7, 983.9,  -0.8,  -0.9
59783,   1.0,  -0.7,  -5.4,  69.3,  25.3,1003.9,  -0.7,  -1.0
59811,   1.8,  -0.2,  -4.7,  10.4,  35.6, 981.9,  -0.7,  -1.0
59839,  -0.3,   0.3,  -4.3, -17.9, -29.4,1010.2,  -0.7,  -0.9
59858,   1.0,   0.3,  -4.7, -15.5,  19.0,1010.5,  -0.6,  -1.0
59886,   1.0,  -1.7,  -3.1,   5.0,  32.4, 956.5,  -0.4,  -0.7
59910,   0.4,   0.3,  -2.0,  -8.9,   9.9, 998.0,  -0.3,  -0.6
59934,   1.2,  -1.0,  -1.5,   2.4,  18.2, 984.6,  -0.2,  -0.5
59958,   0.4,  -1.3,  -1.6, -96.3,  52.9,1020.3,   0.1,  -0.2
59986,  -1.7,  -1.9,  -0.2,  51.2,  28.0, 989.2,   0.2,   0.0
60010,  -2.1,  -2.6,   1.0, -20.3,  21.9, 987.5,   0.3,   0.3
60034,   0.6,  -1.6,   2.7,  15.8,  75.9,1121.3,   0.1,   0.5
60058,   1.3,  -0.7,   3.4, -39.4,  44.1, 897.0,   0.3,   0.6
60086,   2.0,  -1.6,   4.1,  10.7,   8.5,1004.1,   0.5,   0.7
60110,   0.2,  -1.5,   4.6, -40.9, -16.9, 951.9,   0.4,   0.8
60134,  -0.5,  -0.7,   5.6,  32.1,  13.6,1028.3,   0.4,   0.7
60158,   0.1,  -0.6,   5.7, -78.7, -24.0,1031.0,   0.5,   0.8
60186,  -0.5,  -1.2,   8.7, -68.0, -14.5,1013.4,   0.5,   0.9
60210,  -0.9,  -1.4,   9.4, -52.8, -11.3,1030.3,   0.4,   0.9
60234,  -0.3,  -1.1,   9.1,  66.8,  40.0, 985.1,   0.4,   0.5
60262,   0.8,   0.7,   8.5, -41.8,  17.3,1006.6,   0.5,   0.6
60286,   1.5,  -0.4,   9.5, -25.2, -24.5, 955.3,   0.5,   0.6
60310,   0.1,  -2.6,  11.1,  72.4,  19.0,1026.6,   0.3,   0.7
60338,  -0.9,   0.9,  12.1,-106.0, -26.7,1035.9,   0.2,   0.9
60362,   1.4,   0.6,  11.8,  24.1,  20.7, 982.2,   0.3,   0.5
60386,   0.9,   0.4,  11.0, -58.4, -30.1,1049.5,   0.4,   0.3
60410,  -0.7,   0.6,   9.8, -51.8, -26.7,1015.1,   0.3,   0.3
60434,  -0.4,  -1.9,  11.0,  21.6, -79.2,1033.7,   0.2,   0.2
60462,   0.5,  -2.4,  11.8,  31.4, -14.0,1027.1,   0.1,  -0.1
60486,   0.7,   0.1,  11.3,  22.9,  36.8, 975.1,   0.3,  -0.2
60510,   1.2,  -1.0,  10.8,   2.1,  38.8, 997.5,   0.1,  -0.2
60534,   0.8,  -3.3,  10.2, 172.3,  57.8,1019.8,   0.2,  -0.5
60562,   0.1,  -1.9,   8.0,  53.6, -24.5, 984.9,   0.2,  -0.8
60586,   0.5,  -1.5,   6.9,  27.0,   0.7, 975.8,   0.1,  -1.1
60610,   0.3,  -1.3,   4.8,  93.4,  -0.3, 966.3,  -0.0,  -1.3
60634,  -0.1,  -1.2,   2.5,  57.5,  38.8, 957.0,  -0.1,  -1.6
60662,  -2.2,   1.5,  -0.0, -28.6,-158.5,1101.3,  -0.2,  -2.1
60686,   1.9,   0.3,   4.0,-338.7,  35.8, 994.6,  -0.2,  -1.4
60710,   2.2,  -0.9,   1.7,  -5.9,   0.4,1036.1,  -0.3,  -1.9
60734,   1.4,  -1.5,   0.8, 110.0,  55.1, 974.6,  -0.1,  -1.6
60762,   1.8,  -2.1,  -2.1,  14.6, -14.5,1026.8,   0.0,  -1.9
60786,   0.2,  -1.9,  -0.8,  34.6, -15.9, 950.2,   0.1,  -1.8
60810,   0.1,  -0.8,  -1.0,  -7.2, -42.3, 987.3,  -0.1,  -1.7
60838,  -1.5,  -1.6,  -2.4,  70.0,   5.5, 995.3,  -0.1,  -1.8
60862,  -0.6,  -0.5,  -3.0,  79.3, -63.1, 997.1,  -0.2,  -1.9
60886,   0.2,  -0.2,  -3.7, -21.3,  -8.6, 992.7,  -0.3,  -1.9
60910,  -0.9,  -2.9,  -5.5,  67.8,   3.8, 988.8,  -0.4,  -1.9
60934,  -1.5,  -1.0,  -6.7,  46.1, -58.4, 990.7,  -0.7,  -1.9
60962,  -0.7,  -1.5,  -7.0,  70.0,  35.8, 972.6,  -0.8,  -1.9
60986,   0.2,  -0.1,  -7.6, -23.8,  14.1, 985.3,  -1.0,  -1.9
61010,   0.4,  -4.0,  -8.0,  -2.8,  26.3, 943.6,  -0.8,  -1.5
61034,  -0.7,  -4.3,  -7.5,  98.5,  20.0, 978.5,  -0.9,  -1.4
61062,  -0.5,  -0.7,  -7.7,  -8.9,  -0.1, 949.7,  -1.0,  -1.4
61086,  -1.1,  -2.4,  -7.2,  -2.8, -16.4, 996.3,  -1.0,  -1.2
61110,  -0.4,  -3.2,  -6.8,  26.8, -25.0,1052.2,  -0.9,  -1.2
61134,  -1.4,   0.3,  -7.3, -50.1, -48.2, 986.3,  -1.1,  -1.1
61162,  -1.0,  -2.0,  -7.5,  44.3,  -2.5, 966.1,  -1.2,  -1.3
61186,  -2.6,   0.3,  -7.6,  32.9,  -7.9, 985.6,  -1.2,  -1.5
61210,  -0.0,  -1.1,  -6.1,-150.0,  71.0,1149.9,  -1.5,  -1.1
61238,   1.6,   0.6,  -7.0,  43.9, -63.8, 933.1,  -1.2,  -1.0
61262,   1.4,  -3.0,  -7.2, -19.6,  15.1, 989.7,  -1.1,  -0.7
61286,  -1.2,  -0.1,  -6.5,   5.8, -33.0,1032.9,  -0.9,  -0.7
61310,  -1.1,  -1.4,  -4.1,-125.1, -40.1,1025.9,  -1.0,  -0.4
61338,  -0.6,  -3.0,  -3.0,-127.8, -75.3,1045.2,  -1.1,  -0.3
61362,   0.2,  -0.7,  -3.8,  -5.5, -29.9, 963.4,  -1.1,  -0.6
61386,   1.0,   0.3,  -4.2,-103.1,  73.9, 968.5,  -0.8,  -0.4
61410,   0.2,  -0.8,  -4.1,  64.1, -17.9,1012.2,  -0.5,  -0.7
61438,   0.4,   1.5,  -3.2, -11.8, -12.8,1027.1,  -0.4,  -0.5
61462,   1.2,   0.1,  -2.2,-143.9,  -5.9, 975.8,  -0.4,  -0.3
61488,   2.1,  -2.9,  -1.3, 142.2,  79.3, 994.1,  -0.3,  -0.3
61512,   1.5,   0.7,  -1.5,-181.7,  30.7,1012.0,  -0.3,  -0.0
61536,   0.2,  -1.3,   0.2, -64.8,  13.4,1017.6,  -0.1,   0.1
61560,   1.9,  -0.5,   1.2,-139.7,  30.5, 990.2,   0.0,   0.3
61588,   2.6,  -0.8,   3.3,  36.0,  96.1, 973.4,   0.4,   0.2
61612,   0.7,  -0.4,   4.4,-147.8, 102.0,1011.5,   0.8,   0.7
61636,  -0.5,  -1.8,   5.0,   0.2,   8.2, 950.4,   1.0,   0.7
61660,  -1.2,  -0.2,   4.9, 100.0, -34.5, 933.6,   0.8,   0.3
61688,  -2.2,   1.2,   5.1,-109.5,  22.4,1016.8,   0.6,   0.3
61712,   3.3,  -4.6,   6.7, 120.3, 136.4,1023.4,   0.7,   0.5
61736,   2.8,  -0.2,   4.2, -55.5,  -2.3,1012.7,   0.9,   0.2
61760,   1.2,   0.8,   5.3, -77.0,  23.6, 939.4,   1.1,   0.3
61788,  -0.6,  -1.1,   7.4, 118.3,  21.9, 952.4,   1.0,   0.1
61812,   0.5,   1.2,   6.1, 158.4,   1.6, 966.3,   1.0,  -0.3
61840,   1.9,  -1.0,   3.7,  12.9, 107.8,1001.2,   1.2,  -0.3
61860,   1.5,  -1.6,   4.8, -12.5,  -6.9, 991.0,   1.3,  -0.4
61888,  -0.0,  -0.2,   6.4, -40.9, -49.4, 967.3,   1.0,  -0.4
61912,   0.4,  -0.8,   6.9, -68.7,  56.8,1069.3,   0.9,  -0.2
61936,  -0.1,   0.1,   6.8, -80.7, -28.9,1026.1,   1.0,  -0.2
61960,  -0.0,  -0.2,   5.7,  76.8,  22.4, 980.5,   1.1,  -0.5
61988,   0.7,  -1.0,   4.8,  28.7,  39.2, 950.7,   0.9,  -0.6
62012,   1.6,  -2.1,   4.4,  -6.9,  54.1,1001.2,   0.8,  -0.6
62036,  -0.1,   0.3,   3.2,   3.1, -54.0,1027.6,   0.9,  -0.8
62060,   0.5,  -1.1,   2.2,  88.1,  -9.1,1052.7,   0.9,  -0.9
62088,   0.9,  -2.8,   2.6,  17.5,  39.2, 994.1,   0.8,  -0.9
62112,  -1.0,  -0.5,   1.9, 122.7,  -3.7, 994.4,   0.8,  -1.1
62136,   0.6,  -1.2,   0.9,  15.3,  31.4,1003.4,   0.8,  -0.9
62160,   0.4,  -3.2,   0.5,  -8.9,  27.8,1008.0,   0.7,  -0.9
62188,  -1.4,  -0.1,  -0.7,  18.5, -52.8,1005.4,   0.5,  -1.1
62212,  -1.2,  -1.5,  -0.6,  60.2,  -4.7,1004.9,   0.5,  -1.3
62236,  -0.7,  -1.0,  -2.7,  81.2,  19.7, 944.1,   0.5,  -1.6
62264,  -3.7,  -0.6,  -4.5, -48.9,-148.5,1147.4,   0.3,  -1.5
62288,   1.6,  -8.1,  -1.6, 233.8,  48.0, 970.0,   0.3,  -1.2
62312,   0.8,  -0.1,  -3.9, -39.9, -33.8, 936.3,   0.2,  -1.6
62340,  -1.0,  -2.4,  -2.2, -35.2, -29.1,1010.7,   0.1,  -1.6
62364,  -0.8,  -1.8,  -1.4, -50.4, -27.2,1047.6,  -0.1,  -1.4
62388,  -0.4,   0.7,  -4.9,  94.2,   6.8,1009.3,  -0.1,  -2.0
62412,  -0.5,  -4.6,  -5.8, 142.7,  63.7, 981.7,   0.2,  -1.8
62436,  -0.3,  -0.2,  -6.2,  60.7,   0.4, 956.8,   0.0,  -2.1
62464,  -0.9,  -0.6,  -4.7,  72.4,  -0.6, 997.5,  -0.1,  -1.9
62488,  -0.6,  -0.7,  -4.2,   5.8,  19.2, 978.7,  -0.0,  -1.7
62512,  -0.2,  -0.8,  -4.9,  12.6, -46.2,1034.4,   0.1,  -1.6
62536,   0.4,   0.3,  -5.3, -18.6,  20.7, 970.4,   0.1,  -1.5
62564,  -0.8,  -2.7,  -4.1, -32.6,  20.0,1029.3,   0.2,  -1.2
62588,  -0.2,  -1.0,  -3.3, -35.2,  34.4, 989.2,   0.2,  -1.0
62612,  -1.0,  -1.6,  -3.0,  19.7,  57.8, 980.0,   0.4,  -1.0
62636,  -0.3,  -2.4,  -2.0,  56.8,  -0.1,1024.2,   0.4,  -0.9
62664,  -0.7,  -0.5,  -2.0, -60.1, -23.3,1016.3,   0.4,  -0.8
62688,  -0.2,  -1.9,  -1.7, -20.6,  61.7, 974.8,   0.5,  -0.7
62712,  -0.7,  -1.3,  -2.0, -43.5,  14.3,1035.9,   0.4,  -0.6
62736,   0.1,   0.7,  -1.6,  54.1,  32.9,1014.4,   0.3,  -0.8
62764,  -1.1,  -1.5,  -0.8,  45.8,   5.8, 965.8,   0.3,  -0.7
62788,  -0.3,  -0.5,  -1.7,  11.1,  26.8, 935.3,   0.3,  -0.6
62812,  -2.5,   1.0,  -1.3,  81.2,  29.7,1037.8,   0.2,  -0.8
62840,   2.7,  -2.1,   2.2, -53.1,  73.2, 983.9,   0.4,  -0.7
62864,   2.1,   0.7,   1.6, -85.3,   7.3, 980.5,   0.4,  -0.9
62888,  -0.1,   0.5,   3.0,-108.7,  15.6, 974.8,   0.6,  -0.3
62912,  -0.6,  -3.7,   4.5,  65.6,   5.8,1022.0,   0.6,  -0.3
62936,  -0.9,  -1.2,   6.4,  30.7, -24.5, 992.7,   0.5,  -0.2
62964,   0.5,   0.3,   5.3, 157.1,  30.0, 944.8,   0.4,  -0.6
62988,   1.2,  -1.7,   3.3,  -8.6,  78.5,1057.1,   0.4,  -0.4
63012,   1.5,  -1.9,   4.3, -20.6, -13.2, 960.2,   0.5,  -0.6
63036,  -0.6,  -1.5,   5.2, -56.7,  22.4, 986.6,   0.5,  -0.4
63064,  -0.3,   0.9,   7.5,-118.7,  -8.1,1012.2,   0.5,  -0.1
63088,   0.1,  -0.4,   8.5,  -4.5, -13.0, 983.4,   0.6,  -0.1
63114,   0.4,  -0.5,   8.5,  -6.9, -26.2,1018.5,   0.4,   0.1
63138,  -0.2,   0.9,   8.1, -29.6, -23.0, 959.9,   0.3,  -0.0
63162,  -0.3,  -1.1,   9.2, -33.0,  56.3,1002.7,   0.3,   0.2
63190,   0.8,  -0.1,   9.4, -61.9,  21.4, 998.8,   0.1,   0.0
63214,   1.3,  -0.5,   9.5,  60.5, -22.5, 988.0,   0.0,  -0.0
63238,   1.5,  -1.5,  10.0,  27.0,  85.1,1011.2,  -0.1,   0.1
63262,   2.4,  -2.0,   9.6, 125.6,  22.2, 993.2,  -0.1,  -0.2
63290,   0.7,  -1.4,   8.6,  -5.0, -27.9,1026.4,  -0.2,  -0.1
63314,   1.2,  -1.0,   8.8, -17.9, -18.9,1043.0,  -0.2,  -0.1
63342,   1.3,   0.6,   8.6, -25.5, -13.0,1013.7,  -0.2,  -0.1
63362,  -0.4,  -0.6,   7.6,  32.4, -36.0, 958.2,  -0.2,  -0.2
63390,  -0.1,  -0.3,   6.4,  16.8,   8.2, 969.0,  -0.1,  -0.6
63414,  -0.9,  -0.5,   7.2,  65.6,  14.3, 980.7,  -0.1,  -0.7
63438,   0.7,  -2.5,   8.6, -48.2, -45.5,1195.8,  -0.3,  -0.3
63462,   1.3,   0.3,   8.9, -15.0, -66.2,1029.5,  -0.1,  -0.4
63490,   3.2,  -1.0,   5.8, 133.2,  -4.2,1026.8,  -0.1,  -0.8
63514,   2.2,  -3.6,   3.6, 132.0,   6.3, 996.3,   0.1,  -0.9
63538,   1.5,  -3.5,   3.7,  56.3, -58.9, 981.9,  -0.0,  -0.9
63562,   0.4,  -1.8,   4.0,   6.0, -10.8,1024.9,  -0.1,  -1.0
63590,   1.2,  -2.9,   3.5,  64.1, -30.1, 991.9,  -0.0,  -1.0
63614,   1.8,  -2.1,   3.1,  54.1,  19.2, 999.3,  -0.1,  -1.1
63638,   0.3,  -0.2,   0.9,  67.3, -69.9,1015.1,  -0.1,  -1.3
63662,   1.9,  -1.2,   1.5,  67.8,  48.0, 947.0,  -0.2,  -1.3
63690,   0.8,  -0.5,  -0.3,  43.4, -39.9,1015.9,  -0.2,  -1.5
63714,   1.0,  -1.7,  -1.6,  19.4,  14.8, 991.2,  -0.2,  -1.4
63738,   1.5,  -2.1,  -1.6,  33.1,  40.5,1007.6,  -0.2,  -1.4
63762,   1.5,  -0.6,  -0.3, -49.9,   4.1,1009.3,  -0.3,  -1.3
63790,   2.6,  -3.7,  -0.1, -40.4,  27.8,1014.4,  -0.3,  -1.0
63814,   1.2,  -1.2,  -1.9, -19.6, -29.6,1030.5,  -0.2,  -1.1
63842,   1.3,  -0.2,  -2.5,  -1.8, -31.1,1004.9,  -0.3,  -1.1
63862,   1.1,   0.1,  -2.7,  50.2,  17.0, 998.8,  -0.2,  -1.2
63890,   0.4,  -1.1,  -3.5,  56.6,  -1.3, 990.7,  -0.1,  -1.3
63914,   0.4,  -1.1,  -3.6, -46.2,  43.9,1028.3,  -0.1,  -1.0
63938,   1.0,  -2.6,  -4.1,  98.8, -29.9,1042.2,  -0.2,  -1.2
63962,   0.4,  -0.1,  -5.5, -10.1, -22.5, 938.5,  -0.4,  -1.1
63990,  -0.7,  -1.4,  -5.9,  27.3, -41.3, 993.2,  -0.4,  -1.3
64014,   1.1,  -1.5,  -4.8, -82.1, -55.7,1097.4,  -0.8,  -1.1
64038,   4.5,  -4.3,  -0.6,  68.8, -11.8, 999.5,  -0.6,  -0.7
64062,   2.1,   1.2,  -3.9, -39.1,  36.6, 949.9,  -0.5,  -0.8
64090,   1.2,   0.9,  -5.6, -99.4,  50.0, 957.8,  -0.3,  -0.8
64114,   0.8,   0.9,  -5.0, -34.3,  29.7,1028.3,  -0.3,  -0.9
64138,   0.7,  -1.5,  -4.1,  26.0, -22.3,1012.0,  -0.4,  -1.0
64162,  -0.7,  -0.4,  -4.3, -78.2, -64.8,1014.9,  -0.5,  -0.8
64190,  -0.1,  -0.2,  -4.2,  33.6,  41.7, 948.2,  -0.3,  -0.8
64214,   0.2,   0.2,  -4.4,  -2.0,  24.8, 949.5,  -0.1,  -0.7
64238,  -0.1,  -1.0,  -4.4, -38.2,  16.8,1023.9,  -0.2,  -0.6
64266,   0.4,  -0.1,  -3.8, -34.8,   3.4,1052.2,  -0.2,  -0.6
64290,   0.7,  -1.1,  -4.1,  55.1,  43.1, 977.3,   0.1,  -0.6
64314,   0.8,   0.2,  -3.3,  11.1,  25.8, 960.9,   0.2,  -0.5
64342,   0.5,  -1.2,  -3.6,  75.6,   2.6,1051.3,   0.2,  -0.6
64366,   0.8,  -0.1,  -2.8,  58.5,  -7.6,1001.7,   0.3,  -0.8
64390,  -0.2,  -1.2,  -3.3, -33.8,  24.6, 980.5,   0.5,  -0.7
64414,  -0.1,   1.4,  -1.8, -73.3,  50.2, 964.6,   0.7,  -0.6
64438,   0.2,   0.1,  -0.6,  41.9,  64.4, 986.3,   1.0,  -0.6
64466,   1.2,  -1.8,  -0.2,  76.6,  23.4,1020.3,   1.3,  -0.3
64490,   1.5,   1.6,  -0.8, -59.7,   4.1, 976.3,   1.3,  -0.4
64514,  -0.7,  -0.6,  -0.8,  72.9,  40.2, 970.9,   1.4,  -0.5
64538,   0.3,   0.9,  -0.3, -83.1,  31.4,1105.2,   1.3,  -0.3
64566,   1.9,  -1.6,   2.7,  10.2,  56.8, 927.2,   1.7,   0.1
64590,   1.9,  -0.8,   3.0,  47.0,  37.3,1051.0,   1.7,   0.2
64614,   0.5,   0.1,   3.3, -84.3,  41.4, 959.2,   1.7,   0.3
64638,  -0.1,   1.7,   1.4, -24.0,  12.1,1001.5,   1.7,   0.1
64666,   1.1,  -2.6,   3.3, 135.7,  78.8,1012.0,   2.0,   0.1
64690,   0.2,   1.0,   2.7, -43.8, -15.2,1022.9,   1.9,   0.2
64714,  -0.4,   0.7,   3.0, -20.8,  -4.0, 974.8,   2.0,   0.2
64740,   0.1,  -0.6,   3.5, -14.0,  67.1,1000.5,   2.0,   0.3
64764,   0.5,  -0.6,   4.2,  60.7,  87.6,1001.7,   2.2,   0.2
64788,   0.7,  -1.1,   5.5,  36.0,  66.6,1014.6,   2.2,   0.2
64816,  -1.3,   1.1,   4.8, -47.7,  61.5, 988.3,   2.1,   0.2
64844,  -0.9,   1.0,   4.5, -41.1,  -7.1, 991.4,   2.1,   0.3
64864,   0.1,  -0.3,   4.8, -53.6,  37.0, 975.1,   2.2,   0.4
64888,   0.9,  -0.5,   3.9,  64.4,  28.0,1026.8,   2.0,   0.0
64916,   0.7,   1.4,   5.7, -36.0,  15.6, 977.3,   1.9,  -0.1
64940,   1.4,  -0.4,   4.4,  32.1,  33.1, 990.0,   1.6,   0.0
64964,   1.3,   0.1,   2.6, -20.1,  22.9,1009.0,   1.6,   0.0
64988,   1.3,  -0.1,   2.2,  -1.5, -17.6,1000.2,   1.5,  -0.1
65016,   1.1,  -3.0,   3.5,  30.9, -25.0,1027.8,   1.3,  -0.3
65040,   1.2,  -1.0,   3.5, -36.7, -23.5,1013.4,   1.2,  -0.3
65064,  -0.1,   0.9,   1.9,  50.0,   6.3,1053.7,   1.2,  -0.5
65088,  -0.1,  -1.6,   1.7,  56.3,  13.1, 992.9,   1.4,  -0.4
65116,   1.3,  -1.0,   3.0,   8.7,  -4.0,1043.4,   1.2,  -0.6
65140,  -0.6,   1.2,   1.4,   9.2, -12.3, 993.9,   1.2,  -0.8
65164,  -1.9,  -0.1,  -0.3,-187.8,-141.4,1063.7,   0.9,  -0.4
65188,   3.3,  -3.8,   2.0,  17.7, 136.9,1037.3,   1.3,  -0.2
65216,   3.8,   0.5,  -0.1,   9.9,  21.4, 997.5,   1.4,  -1.0
65240,   2.7,  -0.8,  -0.8, 102.2,  39.7,1007.1,   1.5,  -1.0
65264,   2.0,   0.1,  -4.3,  24.1,  13.9, 971.9,   1.5,  -1.2
65292,  -0.3,   0.3,  -6.1, 121.7,  20.4, 968.5,   1.6,  -1.5
65316,   0.2,  -0.5,  -7.5,  36.8,  25.3,1007.3,   1.6,  -1.6
65344,   0.4,  -0.7,  -7.6,  10.7,  27.3, 986.8,   1.6,  -1.6
65364,   1.2,  -0.8,  -6.4,  29.5,  83.9,1006.1,   1.6,  -1.4
65392,  -0.4,  -1.2,  -7.2, -33.5,  27.0, 964.6,   1.7,  -1.1
65416,  -0.6,  -1.2,  -6.5, -18.4,  43.1,1061.8,   1.9,  -1.2
65440,   0.2,  -0.5,  -6.7,  50.5,  38.5, 973.4,   2.0,  -1.1
65464,  -0.3,  -1.0,  -7.4, -31.3, -10.6,1023.2,   1.9,  -1.0
65492,  -0.4,  -1.3,  -8.0,  -4.0,  42.7, 983.9,   1.9,  -1.1
65516,  -0.0,  -1.9,  -8.9,  15.5,  53.4, 989.7,   1.8,  -1.1
65540,   1.2,  -1.5,  -8.9,   5.8,  13.9, 966.3,   1.7,  -1.1
65564,   0.7,  -0.5,  -9.0,  35.1,   5.3,1002.4,   1.7,  -1.1
65592,   0.7,  -1.0,  -9.9, -61.9,  45.6, 968.7,   1.7,  -0.8
65616,   0.5,  -1.7,  -9.8, -12.5,  34.6, 986.1,   1.7,  -0.6
65640,   1.2,  -1.0,  -9.6,  29.5,  55.8,1044.9,   1.8,  -0.6
65664,   0.9,  -0.4,  -9.1, -27.2,  34.1, 992.2,   1.9,  -0.4
65692,   1.6,   0.5,  -6.8, -48.9,  39.5,1012.9,   1.9,  -0.1
65716,   1.5,  -0.9,  -5.2, -46.2,  76.6, 990.0,   2.2,   0.1
65740,   0.5,  -0.6,  -4.3, -35.7,  96.4,1011.7,   2.6,   0.3
65764,   0.3,  -1.5,  -2.2,   1.9,  34.1,1008.8,   2.7,   0.5
65792,   0.1,   1.7,  -0.2, -19.6,  58.8,1014.4,   2.7,   0.5
65816,   0.4,  -0.2,   0.1, -26.9,  45.1,1010.2,   2.7,   0.8
65844,   1.0,  -2.6,   0.3,  51.2,  88.6,1090.1,   2.8,   0.7
65864,   1.0,  -1.4,   0.3,  42.4,  80.0,1014.4,   2.9,   0.6
65892,  -0.2,  -1.0,   1.4, -47.4,  49.7, 984.4,   3.0,   0.7
65916,   0.1,   1.5,   1.7, -24.3,   4.3, 981.7,   3.0,   0.7
65940,   0.8,  -0.7,   1.3, -27.7,  48.3,1067.9,   2.8,   0.8
65964,   1.3,  -1.8,   2.8,  56.3, 118.1, 984.9,   3.1,   0.8
65992,   1.9,   0.2,   7.4, -60.1,  68.5,1045.9,   3.4,   0.9
66016,   2.4,  -1.3,  10.0, -98.2,  58.5,1018.8,   3.5,   1.3
66040,   1.9,  -0.7,   9.7, -36.7,  23.9,1011.7,   3.4,   1.3
66064,   0.9,   0.9,  10.6,  10.9,  61.0, 996.1,   3.3,   1.3
66092,   2.5,  -0.4,  10.9,  30.2,  24.1,1015.9,   3.1,   0.9
66116,   2.1,   2.7,   7.5, -41.8,   1.2, 991.4,   3.0,   0.6
66140,   2.2,   0.2,   6.1,  77.3, -16.2,1027.3,   2.9,   0.7
66164,   1.6,   0.7,   6.3,  40.0,   1.6, 998.8,   2.6,   0.5
66192,   2.4,  -0.1,   6.4, -39.6,  62.9,1002.7,   2.5,   0.4
66216,   1.5,   0.7,   7.1,  -5.9,  36.6, 980.2,   2.6,   0.6
66240,   1.3,  -0.1,   7.4, -44.3,  25.6,1024.9,   2.4,   0.7
66268,   1.3,  -1.1,   6.9,   0.9,  51.0, 988.5,   2.4,   0.8
66292,   0.8,  -0.4,   6.7,  45.8,  43.6,1008.0,   2.4,   0.5
66316,   0.9,   0.1,   6.9,  16.3,  10.7, 974.1,   2.4,   0.4
66344,   0.6,  -0.2,   7.0,  29.7,   9.5,1022.0,   2.3,   0.3
66367,   1.5,  -1.4,   5.8, -24.0,  21.7, 978.0,   2.3,   0.3
66391,   1.4,  -0.5,   4.8,  34.1,  33.6, 989.7,   2.3,   0.1
66415,   0.8,  -1.9,   4.2,  36.8,  24.1,1018.8,   2.3,  -0.1
66443,   1.5,  -0.3,   3.9,   5.0,  20.9, 998.5,   2.1,  -0.2
66467,   1.0,  -0.4,   2.3,  34.1,  49.3, 989.5,   2.0,  -0.3
66491,   0.8,  -0.7,   2.0,  27.3,  30.7,1000.5,   2.0,  -0.3
66515,   1.1,  -0.4,   1.3, -25.2,  16.8,1024.6,   2.1,  -0.4
66543,   1.5,  -1.4,   1.7,  74.1,  56.3, 984.9,   2.3,  -0.5
66567,   0.9,  -0.8,   0.1,   6.8,  67.1,1009.5,   2.3,  -0.7
66591,   1.1,  -2.2,   0.8,  62.4,  62.2, 993.2,   2.4,  -0.7
66615,   1.4,  -1.6,  -0.2,   1.9,  48.3, 988.0,   2.5,  -0.9
66643,   1.4,  -1.6,  -0.2,  32.9,  69.8, 984.1,   2.5,  -1.0
66667,   1.2,  -1.8,  -1.1,   1.4,  80.0, 991.0,   2.5,  -0.9
66691,   1.3,  -0.4,  -0.8,   1.6,  67.3, 990.7,   2.6,  -0.9
66715,   1.5,  -1.6,  -2.1,  36.3,  38.8,1009.3,   2.7,  -0.9
66743,   0.5,  -1.0,  -3.8,  14.1,  24.6,1007.1,   2.6,  -1.0
66767,   0.5,  -2.7,  -4.6,  77.3,  38.3, 994.9,   2.5,  -1.1
66791,   1.3,  -1.3,  -6.6,  25.6,  47.3,1008.3,   2.4,  -1.3
66815,   0.8,   0.3,  -6.3,  -7.9,  56.8,1007.1,   2.4,  -1.2
66843,   0.7,  -1.9,  -7.0,  66.8,   7.3, 988.8,   2.4,  -1.4
66867,   0.8,  -0.2,  -7.7,  28.2,  51.9, 940.7,   2.2,  -1.3
66891,   1.0,  -0.8,  -6.3, -25.5,  61.0, 995.1,   2.3,  -1.2
66915,   0.5,  -1.0,  -7.2, -10.1,  58.3, 968.5,   2.4,  -1.1
66943,   0.4,  -0.8,  -6.3,  38.0,  11.4, 997.5,   2.3,  -1.2
66967,  -0.6,   0.4,  -6.6, -34.0,  25.1, 984.1,   2.1,  -1.2
66991,  -1.5,  -0.2,  -7.7, 148.1,  16.5, 978.7,   2.0,  -1.4
67015,  -0.1,  -0.8,  -7.4,-136.1,  10.2,1032.0,   1.7,  -0.9
67043,   1.4,  -1.9,  -6.0,  36.5,  34.1, 965.1,   1.7,  -0.6
67067,   1.8,  -0.5,  -6.0, -21.6,   0.7,1015.4,   1.6,  -0.5
67091,   1.3,  -1.1,  -5.9, -31.3,  44.1, 970.9,   1.6,  -0.2
67115,  -0.0,  -2.8,  -4.7,  19.9,  40.7, 978.5,   1.6,  -0.1
67143,   1.3,  -0.7,  -7.7, -63.8,  64.1, 994.6,   1.7,  -0.2
67167,   0.3,  -1.3,  -8.9,  -2.0,  42.2,1011.7,   1.8,  -0.3
67191,  -0.9,  -0.2,  -8.5,  -8.6,  30.9,1030.5,   1.8,  -0.3
67215,  -0.1,  -0.9,  -7.5, -11.8,  82.7, 982.9,   2.0,  -0.3
67243,   0.1,  -1.1,  -4.5,   5.8,  81.0,1005.4,   2.4,  -0.1
67267,   0.8,  -0.7,  -3.8,  -1.1,  63.9, 958.0,   2.5,   0.1
67291,   1.0,  -0.3,  -2.4,  10.9,  64.6, 979.0,   2.6,   0.2
67319,   0.6,   0.3,  -3.5,  19.9,  27.0,1054.7,   2.7,   0.3
67347,   1.9,  -3.0,  -2.2,   1.4, 133.7,1043.2,   2.8,   0.3
67367,   2.3,  -2.0,  -1.5,  40.0, 123.7, 996.3,   3.1,   0.3
67391,   1.8,  -1.3,   0.0, -56.5,  43.4, 995.6,   3.2,   0.3
67419,   0.5,  -1.3,   1.3,  -3.0, 107.8, 979.5,   3.4,   0.5
67443,   1.3,   0.4,   1.6, -46.7, 126.9, 979.0,   3.7,   0.6
67467,   1.6,  -0.1,   2.0, -35.5, 125.9,1001.2,   4.1,   0.6
67491,   1.5,  -0.2,   1.9,  30.4, 100.0,1002.2,   4.3,   0.6
67519,   1.7,  -1.9,   2.7,  50.9,  87.8,1042.7,   4.4,   0.6
67543,   1.6,   1.4,   3.7, -25.2,  82.7, 981.2,   4.5,   0.6
67567,   2.1,  -2.4,   5.0, -26.9, 123.0,1026.4,   4.7,   0.9
67591,   2.1,  -0.8,   5.4, -28.4,  59.0, 973.9,   4.8,   0.9
67619,   0.1,   0.3,   5.8,  53.6,  18.2, 962.9,   4.8,   0.9
67643,   0.1,   1.7,   4.8,  -5.2,  44.6, 971.4,   4.6,   0.7
67667,  -0.4,  -0.8,   4.4,  53.4,  66.8, 991.4,   4.7,   0.6
67691,   0.2,   0.1,   3.7,  -0.1,  47.1, 979.0,   4.6,   0.4
67719,  -1.2,   0.1,   3.1, -18.9,  57.3, 957.0,   4.4,   0.4
67743,  -1.6,   1.7,   2.0, -25.5,  65.4, 982.4,   4.4,   0.4
67767,  -0.3,  -2.3,   2.6,  21.2,  60.5,1022.0,   4.2,   0.5
67791,   2.2,  -0.8,   5.1,  43.9,  46.6,1003.2,   4.0,   0.3
67819,   2.1,  -0.1,   5.8, -51.1,  80.3, 985.3,   4.0,   0.5
67847,   0.1,  -0.2,   6.3, -25.2,  13.4,1003.4,   3.9,   0.6
67867,   0.4,  -1.0,   5.8,  70.5,  67.8, 974.6,   3.9,   0.4
67891,   0.7,  -0.2,   3.9,  51.4,  43.6,1024.2,   3.8,   0.1
67919,   0.4,  -0.7,   3.5,  83.9,  35.6, 999.7,   3.6,  -0.2
67943,   1.4,  -0.1,   2.5, -39.4,  41.9,1002.4,   3.4,  -0.3
67967,   0.9,  -1.2,   2.1,  22.1,  69.5, 996.1,   3.4,  -0.3
67993,   1.1,  -1.9,   2.0, -74.1,  61.5, 995.1,   3.5,  -0.0
68017,   1.3,  -1.8,   2.7,  33.1,  70.2,1002.4,   3.5,   0.0
68041,   0.1,  -1.2,   1.7,  -5.2,  35.3,1014.4,   3.3,   0.1
68069,  -0.4,  -1.6,   0.2,  58.5,  57.8,1002.2,   3.3,  -0.1
68093,   0.1,  -1.6,  -1.1,  33.4,  64.6,1003.9,   3.3,  -0.3
68117,  -0.6,  -0.9,  -0.9,  29.9,  48.8, 978.7,   3.4,  -0.3
68141,   0.1,  -1.1,  -0.4, -32.3,  90.5, 992.4,   3.4,  -0.3
68169,   0.8,  -0.1,  -0.3,   5.3,  49.3, 978.0,   3.5,  -0.3
68193,   0.2,  -1.6,  -1.0,   8.9,  46.1, 994.9,   3.5,  -0.4
68217,   0.2,  -0.5,  -1.2,  43.9,  23.6,1006.1,   3.4,  -0.5
68245,   1.1,  -2.2,  -3.0,  70.0,  59.3, 970.9,   3.2,  -0.5
68269,   0.1,  -0.1,  -4.1,  14.6,  26.5, 967.3,   3.1,  -0.6
68293,   0.5,  -1.6,  -5.2,  68.3,  34.8, 972.2,   2.9,  -0.8
68317,   0.1,   0.7,  -5.5, -35.2,  98.6, 987.3,   2.8,  -0.9
68345,  -1.0,  -0.8,  -6.8, -16.9,  61.2, 999.5,   2.7,  -0.9
68369,  -0.9,  -1.5,  -6.3,  24.1,  19.2,1021.0,   2.7,  -0.9
68393,  -0.4,   0.3,  -6.0,   8.7,  47.8, 984.4,   2.7,  -0.9
68417,  -0.6,   0.1,  -6.2, -34.5,  55.6,1047.4,   2.7,  -0.8
68445,  -0.3,  -0.4,  -6.9,   4.3,  68.8,1002.9,   2.8,  -0.7
68469,  -0.6,   0.6,  -7.3, -29.1,  91.2,1005.8,   2.9,  -0.6
68493,  -1.0,  -1.1,  -6.9, -53.8,  30.9, 997.3,   2.9,  -0.5
68517,  -1.6,  -0.5,  -8.0,  23.6,  33.1,1003.9,   2.9,  -0.5
68545,  -2.6,  -0.1,  -7.9,  46.1,  66.8, 965.3,   2.9,  -0.5
68569,  -1.7,  -0.2,  -8.0,   7.7, -75.3,1055.7,   2.6,  -0.4
68593,   0.4,  -3.3,  -6.4, -23.5, 104.9,1072.7,   2.7,  -0.1
68617,   0.8,  -0.5,  -4.7, -49.2,  47.3, 973.9,   2.9,   0.0
68645,  -0.6,  -2.0,  -3.0, -63.8,  88.1, 996.8,   3.1,   0.6
68669,  -0.7,  -0.5,  -2.3, -41.6,  69.0, 953.6,   3.1,   0.9
68693,  -0.4,  -2.2,   0.1,  13.8,  77.3, 979.0,   3.3,   1.0
68717,  -1.0,   0.4,   0.9, -32.8,   3.8,1048.8,   3.2,   1.0
68745,  -0.8,   0.6,  -0.7,   9.4,  72.4,1030.3,   3.2,   0.9
68769,  -1.0,   1.8,  -2.0, -57.0,  76.1,1022.4,   3.3,   0.9
68793,  -0.1,  -1.4,  -0.6, -12.5, 107.1, 982.4,   3.5,   0.8
68817,  -0.3,  -0.7,   2.3,  38.5,  91.0,1008.0,   3.5,   0.7
68845,  -0.1,  -1.4,   3.3, -19.4,  96.4, 992.7,   3.5,   0.7
68869,  -0.0,  -0.2,   4.9, -65.8,  98.3,1007.3,   3.7,   1.0
68893,   0.8,  -0.1,   6.9,  32.4,  98.1, 995.6,   3.9,   0.9
68917,   0.4,  -0.9,   8.3, -41.8,  54.1,1016.6,   4.0,   1.0
68945,   0.2,  -0.1,   7.5, -61.6,  30.0,1001.7,   3.8,   1.2
68969,   0.7,  -1.8,   8.3,  48.5,  69.8, 982.2,   3.8,   1.2
68993,  -0.2,   0.8,   9.3,  27.3,  99.8, 975.6,   3.9,   0.9
69017,   0.1,   0.6,  10.6,  64.4,  30.5,1036.6,   3.9,   0.9
69045,   0.3,  -0.2,  10.8, -26.9,  18.2, 995.6,   3.6,   1.1
69069,  -0.9,   0.6,   8.7, -24.3,  28.7, 966.1,   3.5,   0.9
69093,   0.3,   1.0,  10.2, -26.9,  70.5, 995.8,   3.5,   0.9
69117,   1.4,   0.1,  10.9,  11.4,  34.8, 981.2,   3.4,   0.9
69145,   0.1,  -0.7,  11.4,  21.6,   4.1,1056.4,   3.2,   0.9
69169,   0.5,  -0.2,  11.6, -21.6,  55.4, 969.2,   3.2,   1.1
69193,   0.5,   2.1,  11.9, -42.3,  58.5, 992.7,   3.2,   0.9
69217,   0.4,   0.3,  13.5,  -1.3,  46.8, 989.7,   3.3,   0.9
69245,   2.2,  -0.8,  13.2,   0.9,  31.4,1016.3,   3.2,   0.8
69269,   1.6,   0.0,  11.3,  19.0,  21.4, 993.9,   2.9,   0.7
69293,   0.2,  -0.6,   9.1,  49.0,  28.0,1014.9,   2.8,   0.4
69321,  -0.4,  -1.6,   8.2,  14.8,  38.3, 970.2,   2.6,   0.1
69349,  -1.8,  -0.1,   8.1, -11.8,   5.1, 943.3,   2.5,   0.1
69369,  -3.1,   4.0,   6.1,  99.8,  23.9, 919.9,   2.3,  -0.4
69393,   0.2,   1.2,   4.0,-123.1, 128.8,1028.6,   2.1,  -0.5
69421,   1.4,  -0.8,   3.4,  85.9,  -6.7, 970.2,   2.3,  -0.8
69445,   1.3,  -0.4,   4.1,-176.4,  31.2,1009.0,   2.1,  -0.5
69469,  -0.0,  -1.2,   2.7,  64.1,   3.4, 987.3,   2.1,  -0.4
69493,   0.7,  -0.3,   2.5,   7.5,  61.9,1023.4,   2.2,  -0.5
69521,   1.6,  -1.2,   2.8, -34.0,  65.6,1023.2,   2.4,  -0.6
69545,   1.9,  -0.2,   1.1, -71.1,  48.5,1011.7,   2.5,  -0.7
69569,   0.5,  -0.7,   0.8, -41.6,  77.8, 983.6,   2.5,  -0.8
69593,   0.4,  -0.5,   1.1,  11.1,  52.7, 955.1,   2.5,  -0.9
69619,  -0.4,  -0.1,  -0.2,  31.2,  93.9, 954.8,   2.7,  -1.1
69643,  -0.4,  -1.6,  -0.6,  36.8,  97.3, 965.6,   2.9,  -1.1
69671,  -0.0,   0.3,  -1.2, -19.1,  43.4, 999.7,   2.9,  -1.0
69695,  -0.7,  -0.1,  -2.0,   1.1,  52.9, 988.0,   2.9,  -1.0
69719,  -0.3,  -1.2,  -2.9,  43.6,  52.9,1041.5,   2.8,  -1.0
69743,   0.9,   0.1,  -3.7, -24.7,  23.4,1007.8,   2.8,  -1.0
69771,   0.1,   0.0,  -4.9,  16.0,  43.6,1028.1,   2.7,  -1.1
69795,   0.7,  -1.0,  -6.4, -39.6,  79.0,1037.8,   2.7,  -0.9
69819,   0.1,  -0.6,  -6.6,  22.4,  71.0, 977.8,   2.8,  -1.1
69847,  -0.1,  -2.4,  -4.9, 153.2,  67.8, 959.9,   2.8,  -1.3
69871,  -0.1,  -0.4,  -5.4,  -0.6,  56.3, 983.9,   2.8,  -1.3
69895,  -0.6,  -1.0,  -4.7,  -6.2,  52.7, 951.9,   2.9,  -1.2
69919,  -0.1,  -1.2,  -3.5,  -6.7, 121.8,1006.3,   3.0,  -0.9
69943,  -1.4,   0.4,  -5.0,  61.2,   0.4,1060.3,   2.9,  -1.1
69971,  -0.9,  -1.3,  -6.2, 111.7,  75.4,1014.1,   2.9,  -1.1
69995,  -2.1,  -0.4,  -6.9, -54.5,-152.7,1060.0,   2.7,  -1.0
70019,   0.5,  -1.3,  -4.9, -19.9,  66.1,1126.5,   2.8,  -0.7
70043,   1.3,   0.3,  -6.3, -32.8,  77.8, 943.3,   3.2,  -0.7
70071,   1.1,  -1.8,  -4.1, -32.6,  87.8,1008.0,   3.5,  -0.2
70095,  -0.4,  -1.3,  -5.3, -11.6,  41.0, 965.8,   3.5,  -0.3
70119,  -1.3,  -2.1,  -3.9, -26.0, 127.4, 995.6,   3.6,  -0.1
70143,  -0.3,   0.0,  -4.6, -66.2,  20.4,1065.2,   3.6,  -0.3
70171,  -0.7,  -0.7,  -3.6,  71.7,  49.7,1018.3,   3.6,  -0.3
70195,  -0.4,  -1.3,  -3.8,  21.2,  92.2, 983.1,   3.7,  -0.2
70219,  -0.6,  -1.3,  -3.1,   3.1,  82.9,1003.9,   3.8,  -0.2
70243,  -0.4,  -1.9,  -0.6, -28.9,  87.3, 991.9,   3.9,   0.1
70271,  -1.0,   0.3,  -0.3, -42.1,  84.2, 988.5,   4.0,   0.1
70295,  -0.4,   0.9,   1.2, -30.6,  67.1, 995.8,   4.0,   0.4
70319,   0.8,  -0.1,   1.2, -32.8,  59.5,1013.2,   4.0,   0.2
70347,  -0.4,  -1.1,   2.3, -48.7,  53.2, 997.3,   4.0,   0.3
70371,   0.4,   1.2,   3.7,  -2.5,  56.8,1027.1,   4.0,   0.4
70395,  -0.6,  -1.0,   3.9,   0.9,  51.4, 972.9,   3.8,   0.6
70419,  -0.4,  -0.6,   4.1,   6.5,  65.9, 999.5,   3.8,   0.6
70447,   0.4,  -0.2,   4.2,  31.7, -19.1,1036.9,   3.6,   0.5
70471,  -0.3,  -0.2,   3.6, -36.5,  56.6, 962.1,   3.5,   0.6
70495,   0.8,  -2.1,   3.9,  29.9,  11.4,1030.5,   3.4,   0.4
70519,   1.4,  -0.7,   3.7,  -5.0,  29.5, 976.6,   3.3,   0.3
70547,   0.5,  -0.5,   3.4, -73.8,  88.3,1010.7,   3.3,   0.3
70571,   1.1,  -1.6,   4.1, -31.8,  70.0,1010.7,   3.4,   0.5
70595,   1.5,  -2.2,   4.8, -35.7,  73.7,1002.7,   3.4,   0.5
70619,  -0.1,  -0.5,   5.5,  12.9,  26.1, 995.8,   3.4,   0.5
70647,  -0.4,   0.4,   6.9,  28.2,  36.6, 996.1,   3.2,   0.3
70671,  -1.5,  -0.4,   6.1, -36.5,  31.2, 996.8,   3.0,   0.3
70695,  -1.4,   0.7,   5.5, 114.7, -12.8, 994.9,   2.8,   0.1
70719,   1.2,   2.3,   3.7, -15.7,  14.3, 948.2,   2.7,  -0.0
70747,   2.6,  -1.5,   2.0,  -4.2,  25.1, 959.2,   2.8,  -0.3
70771,   1.9,  -1.6,   2.6, -45.3,  39.2, 980.9,   2.8,  -0.1
70795,   0.7,  -2.2,   2.1,  11.1,   5.8, 965.8,   2.7,   0.0
70819,  -0.7,  -2.0,   2.7,  -5.0,  31.7, 997.8,   2.7,  -0.0
70847,  -0.3,  -1.7,   2.7, 114.7,  53.9,1039.3,   2.7,  -0.2
70871,  -0.3,  -1.0,   2.3,  -4.5,  41.9, 986.8,   2.6,  -0.1
70895,  -1.0,  -0.1,   0.9,  36.5,  38.8, 990.0,   2.5,  -0.2
70919,  -1.2,   1.3,   0.3,  38.0,  24.3, 976.1,   2.4,  -0.4
70947,  -1.5,  -0.1,   0.1,   3.8,  27.3, 983.6,   2.4,  -0.5
70971,  -0.0,   0.0,  -0.8, -43.8,  32.4,1020.7,   2.4,  -0.6
70995,   0.5,  -2.4,  -1.6, -11.6,  59.7, 969.2,   2.4,  -0.5
71019,  -0.2,  -3.9,  -1.7,   6.0,  39.2,1019.3,   2.5,  -0.4
71047,  -0.3,  -1.2,  -3.1, -40.6,  11.9, 993.2,   2.4,  -0.6
71071,   0.2,  -1.0,  -2.5,  36.5,  66.3,1013.4,   2.4,  -0.6
71095,  -0.4,   1.5,  -3.5, -77.2,  76.4,1059.6,   2.4,  -0.6
71119,   0.5,  -2.3,  -4.9,  36.0,  90.5, 984.4,   2.4,  -0.8
71147,   0.2,  -1.3,  -4.9,  50.7,  44.9, 969.0,   2.4,  -0.8
71171,  -0.6,   0.4,  -4.9, -25.0,  81.7,1009.0,   2.4,  -0.9
71195,   0.8,  -1.2,  -4.5,  -5.9,  56.8,1001.5,   2.4,  -0.8
71219,   0.5,  -1.7,  -4.9, -26.7,  40.7,1050.0,   2.4,  -0.6
71245,  -0.7,  -0.2,  -6.1, -16.0,  73.4, 991.4,   2.5,  -0.6
71273,  -1.0,  -3.2,  -5.4, 154.0,  45.6, 961.4,   2.6,  -0.7
71297,  -1.6,  -1.6,  -6.0,  50.2,  33.9, 968.0,   2.5,  -0.8
71321,  -2.5,  -1.2,  -4.8,  75.6,  40.0, 955.3,   2.5,  -0.8
71349,  -0.4,  -0.6,  -4.4,-163.2, 130.1,1049.5,   2.6,  -0.6
71373,   1.6,  -3.3,  -1.7, 356.8,  42.7,1053.2,   2.8,  -0.9
71397,   2.1,   2.6,  -5.6,-162.4, 114.7, 987.3,   2.9,  -0.5
71421,   0.4,  -1.4,  -5.0, -14.7,  33.4,1018.3,   3.1,  -0.4
71445,  -0.7,   1.9,  -5.2,-101.2,  58.8, 981.2,   3.0,  -0.3
71473,   0.2,  -2.4,  -2.8, -39.6, 113.9, 966.1,   3.2,  -0.2
71497,   0.5,  -0.7,  -4.2, -79.4,  30.2, 991.9,   3.3,  -0.2
71521,  -0.0,  -1.2,  -3.8, -20.1,  59.7,1039.8,   3.4,  -0.0
71545,  -1.3,  -0.5,  -5.0,  69.3,  31.2,1016.1,   3.4,  -0.3
71573,   0.2,   0.7,  -4.2,  10.2, 109.6,1041.2,   3.6,  -0.1
71597,   1.4,  -1.2,  -3.6, -21.1,  75.1, 965.1,   3.7,   0.1
71621,  -0.0,  -1.3,  -2.9,  40.2,  60.5, 985.6,   3.8,   0.0
71645,   0.1,   0.1,  -3.0, -24.0,  94.4,1003.9,   3.9,   0.1
71673,   0.1,  -1.2,  -1.5, -28.6, 111.0, 967.0,   4.2,   0.1
71697,   0.2,   0.4,   0.1, -53.1, 137.9, 973.1,   4.2,   0.3
71721,  -0.1,   0.1,   0.4,  20.2,  90.3, 995.1,   4.4,   0.4
71745,   1.0,  -2.4,   1.9,  12.1,  71.0, 993.6,   4.4,   0.6
71773,   1.4,  -0.9,   2.3,  12.6,  55.1, 988.0,   4.4,   0.4
71797,   0.5,  -0.1,   2.8,  10.7,  87.1, 991.0,   4.4,   0.6
71821,   1.2,  -0.2,   2.9, -19.6,  76.8,1009.0,   4.4,   0.6
71849,   0.8,   1.1,   2.3, -15.5,  55.4, 959.7,   4.5,   0.7
71873,   0.5,  -0.7,   3.2, -52.8,  44.4,1034.9,   4.3,   0.7
71897,   0.1,   0.3,   2.8,  -2.5,  45.1, 982.4,   4.2,   0.7
71921,  -0.6,  -0.7,   1.9,  10.2,  50.2, 990.7,   3.9,   0.7
71945,   0.4,  -1.8,   0.7,  23.6,  -3.0, 977.8,   3.7,   0.4
71973,   0.5,  -1.0,   1.4,  47.3,  15.6, 974.8,   3.5,   0.1
71997,  -1.5,  -0.2,   2.2, -52.3,  17.3, 984.1,   3.3,   0.2
72021,   0.8,   2.1,   3.6,-117.0,  63.7,1026.4,   3.0,   0.5
72045,   1.0,  -2.2,   5.5,  71.0,  34.8, 953.6,   2.9,   0.7
72073,   1.7,   0.1,   4.5, -12.5,  59.5, 944.3,   2.8,   0.5
72097,   1.2,   1.8,   4.2, -70.2, 103.0, 969.7,   2.9,   0.5
72121,   0.4,   0.0,   3.7,  25.3,  26.5,1020.3,   2.9,   0.2
72145,   0.3,  -1.2,   3.7,  22.4,  37.8, 980.5,   2.6,   0.2
72173,  -0.3,  -0.7,   3.0, -18.9,  77.6, 962.4,   2.7,   0.1
72197,  -1.0,   2.2,   2.5,  76.1,  91.2, 969.5,   2.8,  -0.0
72221,  -0.1,  -2.2,   1.7,  33.6,  40.0,1001.2,   2.7,  -0.0
72245,   0.1,  -2.9,   1.5,  -5.9,  14.6,1006.8,   2.4,   0.1
72273,  -0.7,   2.8,   0.6,  44.1,  14.3, 991.4,   2.2,  -0.1
72297,  -0.1,  -1.4,  -0.8, 132.7,   4.1,1009.0,   2.1,  -0.2
72321,   0.8,  -0.7,  -0.3,  19.2,  14.8,1023.9,   2.0,  -0.2
72349,  -0.6,   1.1,  -1.1, -29.9, -15.9, 994.6,   1.9,  -0.1
72373,   0.1,  -2.6,  -2.0, 101.0, -17.4,1051.3,   1.8,  -0.2
72397,  -0.2,   1.8,  -3.3, -35.2, -50.1, 983.4,   1.5,  -0.3
72421,  -0.3,   1.4,  -3.5,  51.9, 105.4, 971.2,   1.5,  -0.4
72449,  -4.3,   3.8,  -3.8,3143.5, 543.4,2709.0,   1.6,  -1.4
72473,-549.0, 107.1, 324.6, -53.8, 952.8,   0.5,  -1.0,   3.0
72497,-159.7, -39.2, 229.8,-432.7,-258.9,  75.7,  -6.7,   2.0
72521, 213.0, -68.6, -37.2,-765.0,-265.0,-211.7,  -8.6,   8.2
72549, 635.4, -96.3,-231.2,-1745.7,5837.6,-1239.5,   2.2,   7.4
72573, 425.9,-241.3,  28.8,4726.7,-2289.9,3629.6,   1.1,   7.9
72597,  -9.4,  20.8,  -6.1,-805.7, 293.6, 413.6,  -1.0,   9.9
72621,  -2.1,  -1.3,  -3.1,-236.2, -88.4, 931.1,  -1.2,   9.6
72649,  -0.9,  -4.1,  -1.1, 210.6,  12.1, 959.5,  -1.0,   8.8
72673,   0.2,   0.3,  -3.5, -91.6,  82.9, 920.6,  -0.4,   8.5
72697,   0.3,   0.5,  -6.6,-209.6,  12.6, 945.5,   0.0,   7.8
72721,   0.9,  -3.0,  -5.9, -78.2,  58.3, 929.2,   0.2,   7.1
72749,  -0.7,  -1.9,  -6.4, -53.3, 106.1,1009.0,   0.3,   6.3
72773,   0.4,  -2.5,  -6.0,-103.4, 221.4, 957.3,   1.0,   5.9
72797,   1.5,  -0.9,  -5.6,-120.4, 218.7, 936.3,   1.9,   5.4
72821,   1.1,   1.2,  -3.6,-196.6,  35.6,1145.7,   2.1,   5.3
72849,   2.6,  -3.0,  -3.0, -45.7,-175.1, 991.0,   1.9,   5.3
72872,   0.2,   0.4,  -5.3,  70.7,-142.2,1002.9,   1.4,   4.6
72896,  -0.1,   1.4,  -5.5, 148.6, 185.5, 965.8,   1.7,   3.7
72924,   0.4,   1.1,  -2.5,-141.7, 228.0, 944.3,   2.6,   3.3
72948,   0.4,   1.1,  -1.6,  12.4, 134.7, 955.1,   3.1,   3.0
72972,   0.4,   0.6,  -1.8,  43.6, 154.7, 996.3,   3.6,   2.9
72996,   0.6,  -0.2,  -0.4,-184.4, 177.7, 945.5,   4.0,   3.2
73024,   0.5,  -0.6,   1.4,  -1.3,  33.1, 958.7,   4.2,   3.4
73048,   1.1,  -2.8,   0.9, -91.6,  94.2,1000.2,   4.1,   3.4
73072,  -0.1,  -0.4,  -1.1,  12.4,  25.8, 997.1,   4.1,   3.0
73096,  -0.2,   0.6,  -0.3, -38.2,  64.1,1002.4,   4.1,   2.7
73124,   2.1,  -2.0,   2.1,-108.7, 192.8, 951.9,   4.5,   2.9
73148,   2.9,  -1.6,   2.0, -45.5,  66.8, 939.7,   4.7,   2.8
73172,   1.5,  -3.5,   1.1,  83.4,  56.1, 946.5,   4.7,   2.4
73196,   0.4,   0.4,   0.8, 117.1,  18.0, 947.0,   4.6,   1.7
73224,  -0.1,  -1.1,  -0.2, -46.0,  86.6, 949.0,   4.5,   1.4
73248,  -2.8,  -3.5,   0.9,   5.5,   2.9,1018.8,   4.5,   1.4
73272,  -0.1,  -0.5,  -1.1, -11.3,  52.4,1008.0,   4.4,   1.1
73300,  -0.3,  -2.3,  -0.2,   2.1, 110.0,1065.4,   4.8,   1.1
73324,  -0.2,   0.2,   0.9,-101.6,   3.6,1015.4,   4.6,   1.0
73352,  -0.8,   3.3,   1.9, -26.5,   4.1,1026.1,   4.6,   1.1
73372,  -1.4,  -0.9,   2.2, -72.1,  24.6, 977.3,   4.5,   1.2
73400,  -1.0,  -1.6,   1.9,   9.9, 131.3, 980.9,   4.5,   1.0
73424,   0.4,  -4.1,   1.4, -12.0, 126.6, 991.7,   4.7,   0.9
73448,   0.1,  -4.4,   1.4,  10.7,  33.9, 965.6,   4.6,   0.8
73472,  -1.0,   0.1,   1.9,  12.9,  69.8, 973.1,   4.3,   0.7
73500,   0.2,  -1.0,   1.7,  -3.7,  47.5, 980.7,   4.2,   0.5
73524,  -0.7,   1.0,   1.5, -31.1,  98.6, 992.4,   4.3,   0.4
73548,  -0.2,  -3.3,   0.8,  80.5,  59.5, 957.8,   4.3,   0.2
73572,  -0.3,  -0.7,   0.4, -17.9,  54.9,1000.0,   4.1,  -0.0
73600,  -1.2,  -2.2,  -0.2,  15.5,  43.9, 985.1,   4.0,  -0.1
73624,  -0.7,   1.5,  -0.7, -26.9,  27.5,1012.0,   3.9,  -0.2
73648,  -0.6,   3.4,  -0.7, -29.9,   7.0, 949.2,   3.7,  -0.3
73672,   0.4,  -0.5,  -0.2,   5.5,  49.3,1023.7,   3.8,  -0.1
73700,   0.3,  -2.3,  -1.4, -61.1,  53.4,1029.3,   3.8,   0.1
73724,   0.6,  -4.0,  -1.5,  24.6,  52.4, 994.9,   3.8,   0.1
73748,  -0.4,  -1.6,  -1.3,  44.6,  31.7, 997.8,   3.6,  -0.2
73772,  -0.7,  -0.5,  -2.3, -32.6,  17.8,1034.4,   3.3,  -0.2
73800,  -1.2,  -1.3,  -4.3,  19.7,  24.3, 981.9,   3.0,  -0.4
73824,  -2.3,   0.4,  -4.9, -10.8,  67.6, 975.3,   2.9,  -0.4
73852,  -2.5,  -3.2,  -6.0, 119.3,  42.4, 938.5,   2.8,  -0.6
73872,  -0.0,  -3.3,  -4.1,  32.6,  35.8,1088.6,   2.3,  -0.5
73900,   0.4,   1.0,  -5.0,  -5.5,  34.1, 970.0,   2.2,  -0.8
73924,  -1.6,  -1.6,  -4.7, -20.1,  33.4, 998.8,   2.3,  -0.5
73948,  -1.8,  -3.7,  -5.4, 198.6,  34.8, 979.7,   2.0,  -0.7
73972,   0.1,  -0.2,  -5.2,   9.9, 128.1,1019.5,   2.3,  -0.5
74000,  -0.3,  -1.4,  -6.9, -29.1,  12.6, 977.3,   2.5,  -0.5
74024,  -1.0,  -0.5,  -7.1,  18.2,  17.8,1019.0,   2.4,  -0.5
74048,  -0.7,  -1.6,  -7.5,-106.0,  26.3,1010.2,   2.3,  -0.4
74072,  -2.0,  -0.2,  -6.5, -24.7,  56.6, 964.6,   2.5,  -0.4
74100,  -1.6,  -1.5,  -6.3,   4.8,  67.6, 974.6,   2.6,  -0.2
74124,  -0.5,  -2.7,  -6.6, -50.9,  88.6,1015.6,   2.7,   0.1
74148,  -0.5,  -1.0,  -6.0, -56.0,  71.7,1015.1,   2.8,   0.4
74172,   0.2,  -0.8,  -4.4, -41.1,  65.1, 987.3,   3.0,   0.5
74200,  -1.2,   0.4,  -3.5, -33.0,  44.9,1017.8,   2.9,   0.4
74224,   0.4,  -2.2,  -2.7,  31.7,  37.0, 998.3,   2.8,   0.4
74248,   0.9,  -0.4,  -3.5, -64.3,  20.7, 984.9,   2.6,   0.5
74272,   1.2,  -0.1,  -3.3,-127.8,  65.1, 975.6,   2.6,   0.6
74300,   0.6,  -0.1,  -2.8,  37.8,  52.7, 995.6,   2.5,   0.5
74324,   0.5,  -0.7,  -2.2, -49.9,   8.5,1012.0,   2.4,   0.5
74352,   0.8,   1.4,  -1.3, -32.1,  36.6, 981.4,   2.4,   0.6
74376,   0.8,  -1.4,  -0.5,  45.8,  33.6,1022.9,   2.4,   0.6
74400,   0.7,   0.2,   1.1, -74.5,  39.7,1011.0,   2.3,   0.9
74424,   0.9,   0.3,   1.9,  -0.3,  69.8, 998.3,   2.4,   1.1
74448,   0.8,  -1.3,   3.4, -92.6,  58.5,1000.0,   2.5,   1.4
74476,  -1.0,  -1.1,   4.0, -25.7,   8.0, 995.3,   2.5,   1.4
74498,  -2.0,   0.3,   3.1,  31.9,  11.7, 942.1,   2.3,   1.2
74526,  -3.2,   3.1,   1.7,-154.1,-116.3,1044.2,   2.1,   1.1
74550,   1.9,  -0.6,   5.8,-114.3, 175.7,1008.0,   2.3,   1.5
74574,   2.6,   0.1,   4.5, -82.1, 113.2, 981.9,   2.5,   1.1
74598,   0.5,   0.5,   5.4, -31.8,  18.2, 992.4,   2.7,   1.3
74626,   0.7,  -3.3,   6.6, -33.0,  11.7, 984.9,   2.6,   1.1
74650,  -1.4,   1.8,   9.7,-119.2,  59.0, 974.4,   2.8,   1.5
74674,   1.8,  -3.8,  12.4, 276.0,  29.0,1022.4,   2.7,   1.4
74698,   1.6,   1.4,   7.7, -45.0,  75.9,1023.2,   2.7,   1.1
74726,   0.7,  -1.1,   7.6, -65.0,  24.1, 979.2,   3.0,   1.1
74750,  -0.6,  -0.7,   8.6,  62.7,  -5.7,1053.5,   2.8,   1.0
74774,   0.2,   1.7,   6.9,   5.5,  46.8, 959.9,   2.7,   0.9
74798,   0.8,  -3.2,   7.0,  -5.5,  98.1, 989.7,   2.8,   0.7
74826,  -0.3,  -1.0,   7.3,  24.6,  55.8, 976.6,   2.9,   0.3
74854,   1.8,  -2.9,   7.4, -17.4,  31.4, 990.2,   3.0,   0.2
74874,   1.5,  -0.1,   5.9,   7.2,  30.0, 980.5,   3.0,   0.2
74898,   1.8,   1.0,   5.2,   7.2,  59.7, 992.7,   2.9,   0.1
74926,   1.3,  -3.4,   5.0,  51.9,  57.8, 982.2,   3.0,   0.0
74950,   0.2,  -0.8,   4.2,  31.4,  -3.5,1014.6,   2.9,  -0.1
74974,   0.1,   0.4,   4.7,  31.2,  26.3,1020.3,   2.7,  -0.1
74998,   0.4,   1.6,   3.6,   1.1,   5.3,1014.9,   2.6,  -0.3
75026,   0.2,   1.7,   2.8, -46.0, -51.3,1047.1,   2.5,  -0.4
75050,   1.1,  -1.5,   2.6,  49.2,  59.0, 948.0,   2.6,  -0.5
75074,   1.0,   2.1,   1.4, -12.8,  43.6, 955.6,   2.6,  -0.6
75098,  -0.6,  -3.9,   0.5,  -6.2,  32.2, 963.4,   2.6,  -0.5
75126,  -0.3,  -0.1,  -0.1, -48.2, -26.9, 977.8,   2.3,  -0.7
75150,   0.5,   2.3,  -2.2,  10.9,  35.8, 967.0,   2.3,  -1.1
75174,  -0.3,  -2.2,  -2.8, 113.7,  41.4, 990.7,   2.2,  -1.1
75198,  -1.2,  -1.3,  -1.8,  18.2,-153.1,1140.1,   2.0,  -1.0
75226,   2.3,  -6.5,   0.5,  84.1, 121.8, 983.6,   2.1,  -0.5
75250,   1.8,  -0.7,  -1.2,-111.2,  19.2, 966.8,   2.2,  -0.5
75274,   0.2,   0.4,   0.1,  77.3,  20.2, 927.7,   2.2,  -0.5
75298,   0.8,   0.9,  -3.6,-119.2, 116.9,1038.3,   2.2,  -0.4
75326,   0.3,  -1.9,  -3.3,  96.4,  31.9,1031.5,   2.2,  -0.5
75354,  -0.9,   2.6,  -2.7, -14.2,  21.2,1001.7,   2.2,  -0.4
75374,  -1.2,   2.4,  -1.6, -56.2,  63.9,1037.1,   2.1,  -0.3
75402,   0.3,  -2.8,  -1.6,  38.7,  69.8, 986.8,   2.1,  -0.2
75426,  -0.7,   0.6,  -3.0, -39.6,   1.9,1042.7,   2.2,  -0.0
75450,  -0.7,  -1.9,  -1.8, 100.0,  -1.8,1105.9,   2.3,  -0.2
75474,  -0.6,   0.4,  -1.5, -28.2,   9.9, 987.3,   2.3,  -0.2
75502,   0.9,  -2.4,  -1.2, -71.9,  46.8, 986.8,   2.3,  -0.1
75526,  -0.2,  -0.4,  -1.1,  -9.8,  -4.5,1083.0,   2.3,   0.0
75550,  -0.4,  -3.2,  -1.8,  65.1,  97.3, 975.1,   2.5,  -0.0
75574,  -0.6,  -0.8,  -1.1,  72.7,  72.9, 984.4,   2.6,   0.1
75602,   1.0,  -0.1,   0.4,-128.3,  56.6, 970.2,   2.5,   0.3
75626,  -0.4,   0.4,  -0.1, -47.0,  37.5,1004.1,   2.5,   0.4
75650,   0.5,   0.1,   0.8,  19.4,   2.9, 999.3,   2.5,   0.5
75674,   1.3,   0.2,   1.6,   8.2,  50.0,1038.8,   2.5,   0.3
75702,   0.5,  -2.4,   3.0, -46.7, 115.4, 974.6,   2.6,   0.7
75726,   0.6,  -1.2,   3.0,  35.1,  17.3, 957.0,   2.6,   0.6
75750,  -1.0,   1.6,   1.5,-105.3,  38.5, 987.8,   2.6,   0.6
75774,  -2.0,  -0.1,   2.1,  12.4,  33.1, 982.7,   2.5,   0.4
75802,  -4.0,   0.7,   3.3,-121.7,-329.2,1304.2,   2.2,   0.3
75826,  -0.4,  -1.9,   7.8, -25.0,  56.1, 887.7,   2.2,   0.9
75854,   0.4,  -1.2,   7.2, -61.9, 109.3, 990.7,   2.3,   0.9
75874,   1.0,   1.7,   5.3,  68.0,  80.5, 890.6,   2.4,   0.4
75902,  -0.4,   2.2,   3.8, -71.6,   4.1,1029.0,   2.7,   0.3
75926,   0.4,   2.9,   5.1, -67.2,   5.3,1005.8,   2.6,   0.0
75950,   1.3,   1.0,   5.8,  24.6,  91.0, 991.0,   2.5,   0.1
75974,  -0.1,  -0.1,   5.7,   5.0,  14.8, 995.6,   2.5,   0.3
76002,   0.7,  -0.7,   4.4,  64.6,  16.0,1026.8,   2.4,   0.1
76026,  -0.2,  -1.6,   5.6, -24.0,  37.3,1008.3,   2.4,   0.1
76050,   0.5,  -2.8,   5.9, 122.5,   8.0,1058.8,   2.3,  -0.0
76074,   1.5,   0.3,   5.2,   8.9,  41.2, 937.5,   2.2,  -0.1
76102,   1.3,  -1.5,   2.7, -35.7,  70.0, 993.2,   2.2,  -0.2
76124,   1.0,  -2.2,   3.1, -91.4, 117.1,1060.0,   2.3,  -0.1
76152,  -0.1,  -3.7,   2.9,   4.6,  34.8, 986.8,   2.5,  -0.4
76176,   0.8,   1.5,   2.2,-169.0,  10.2, 979.5,   2.4,  -0.5
76200,   1.1,  -0.8,   1.6, -33.3,  98.6,1015.4,   2.6,  -0.5
76224,   0.1,  -0.7,   1.4,  24.8, 103.9, 977.5,   3.0,  -0.6
76252,  -1.5,  -1.9,   1.1, 165.4,  32.9, 979.5,   3.2,  -0.8
76276,  -2.7,   2.2,   1.4, -95.1,  74.4, 930.9,   3.0,  -0.7
76300,  -3.1,  -0.1,   2.0, -67.5,  46.6, 992.9,   2.8,  -0.5
76351,   2.6,   4.3,  -3.5, -66.5,  22.9, 927.5,   2.6,  -0.3
76355,   2.8,   0.1,  -4.1, -99.9,  22.6, 988.3,   2.5,  -0.2
76375,   1.8,  -2.7,  -3.5,  38.7,  37.8, 929.4,   2.7,  -0.3
76403,  -0.4,  -0.1,  -2.4, -38.9, -39.9,1103.5,   2.2,  -0.3
76427,  -0.3,  -4.6,  -2.5,  39.0,  72.9, 950.4,   2.3,  -0.2
76451,  -1.8,   2.2,  -4.0,  10.7,  10.7,1027.6,   2.4,  -0.6
76475,   0.7,  -0.4,  -4.1, -47.9,  45.8, 997.5,   2.4,  -0.4
76503,  -0.4,  -0.4,  -5.4,  -6.2,  45.3, 929.7,   2.4,  -0.5
76527,  -0.9,   0.3,  -4.9,  54.6,  -9.3,1037.1,   2.3,  -0.5
76551,   0.8,  -1.3,  -5.2, -38.4,  93.9, 985.6,   2.3,  -0.6
76575,   0.7,   1.0,  -4.7, -57.2, 116.9, 950.4,   2.3,  -0.5
76603,   0.9,  -0.2,  -5.0,  12.1,  -5.4, 991.7,   2.2,  -0.4
76627,   0.8,   2.3,  -3.8, -45.5,  22.2,1008.5,   2.1,  -0.2
76651,   1.3,   1.0,  -3.5,  43.6,  25.6, 956.8,   2.1,  -0.3
76675,   1.5,   0.6,  -4.6, -25.5,  45.8, 987.8,   2.1,  -0.2
76703,  -0.4,   0.4,  -4.2,  73.9,  61.7, 963.9,   2.2,  -0.3
76727,   0.3,   1.4,  -6.3, -80.4, 102.0,1043.4,   2.3,  -0.2
76751,   0.6,  -0.5,  -5.6, -16.9,  91.7, 986.3,   2.6,  -0.0
76775,  -0.3,   1.3,  -3.9, -33.3,  41.4, 982.4,   2.7,  -0.1
76803,  -1.4,  -1.2,  -5.1,  47.3,  -2.3, 952.1,   2.6,  -0.2
76827,  -0.0,  -5.0,  -4.6,  71.4, 165.5,1112.0,   2.6,   0.1
76855,   0.6,  -3.7,  -3.2,  16.5,  70.2, 967.8,   2.6,   0.0
76875,   0.4,  -3.2,  -2.0,  99.3,  56.6, 999.7,   2.6,   0.1
76903,   0.5,  -1.0,  -3.8,-128.5, 182.3, 987.8,   2.8,   0.3
76927,  -1.1,   1.1,  -3.4, -14.5,  58.5, 989.5,   3.1,   0.3
76951,  -1.3,  -0.4,  -2.4,  10.4, 127.6, 935.8,   3.3,   0.4
76975,   0.1,  -0.2,  -0.0, -81.6, 102.0, 977.5,   3.5,   0.7
77003,   0.9,  -0.7,   2.1, -93.8,  43.4, 995.6,   3.6,   0.7
77027,  -0.6,   0.2,   3.0,  60.5,   6.5,1032.0,   3.7,   0.7
77051,  -0.1,   0.4,   2.4,  16.8,  84.7, 983.1,   3.8,   1.0
77075,  -0.6,  -1.8,   3.8,  89.8, 101.0, 909.4,   4.0,   0.9
77103,   0.1,  -0.2,   5.1,  54.6,  50.2,1011.2,   3.9,   0.9
77127,   1.0,  -0.8,   5.1,-113.1,  50.7,1037.3,   3.7,   1.0
77151,   0.4,   1.8,   3.7, -87.5,  50.5, 996.8,   3.6,   0.9
77175,   1.1,   0.3,   4.5,  19.4,  63.2, 977.8,   3.6,   0.9
77203,   1.1,   0.6,   5.0, -72.6, 111.8,1012.2,   3.6,   0.9
77227,   0.5,  -2.1,   4.5, 156.9,  23.4,1023.4,   3.6,   0.9
77251,   0.2,  -1.3,   3.9, -30.4,  45.3, 976.1,   3.6,   1.0
77275,   0.5,  -2.1,   5.5,  87.3,  -5.9, 999.5,   3.5,   0.7
77303,   1.6,  -0.3,   5.5, -46.7, 109.6, 990.0,   3.5,   0.5
77327,   0.2,  -1.0,   4.0,  -2.0,  44.1, 964.3,   3.5,   0.6
77355,  -1.5,   2.5,   5.2, -39.6, 134.2, 990.7,   3.6,   0.7
77379,   0.4,   3.5,   6.6,-361.4,  33.1,1149.6,   3.1,   1.0
77403,   3.1,  -7.7,  11.5, 230.1, 122.2, 985.3,   3.3,   1.1
77427,   3.9,   1.1,   3.4,  92.9,  51.4, 959.9,   3.4,  -0.2
77451,   2.1,  -3.7,   1.8, 142.0,  88.6,1010.0,   3.8,   0.1
77479,   0.7,   1.0,   0.9, -50.6, -39.1, 948.2,   3.5,  -0.6
77503,   0.4,  -0.2,   3.0,  50.5, 106.9,1031.2,   3.5,  -0.5
77527,  -0.1,  -1.0,   1.7,  -6.2,  68.3, 970.9,   3.6,  -0.5
77551,   0.2,  -0.2,   2.7,  27.7,  93.2, 986.8,   3.6,  -0.5
77579,  -0.3,  -0.2,   4.1,  40.9,  58.8, 949.7,   3.6,  -0.6
77603,  -0.0,  -0.5,   3.0, -13.8,  61.2,1004.9,   3.6,  -0.5
77627,   0.5,  -1.9,   2.7,  69.5,  71.2,1018.1,   3.6,  -0.5
77651,   0.7,  -0.6,   3.3,  62.9,  72.7, 982.2,   3.7,  -0.4
77679,   0.1,   0.8,   3.0,  10.4,  47.8,1010.2,   3.6,  -0.6
77703,  -0.1,  -2.3,   1.4,  73.9,  50.2, 961.2,   3.7,  -0.5
77727,  -0.1,  -1.2,   1.5,  69.7,  30.5, 956.5,   3.5,  -0.7
77753,  -0.7,   2.7,  -0.2,  -1.1,  -4.2,1036.1,   3.4,  -0.9
77777,  -1.5,   0.6,  -0.4,  26.3,  36.6,1027.6,   3.5,  -0.9
77801,  -0.3,  -2.3,  -0.8,   4.6,  39.0, 981.7,   3.3,  -0.9
77829,  -0.0,  -1.1,  -1.4, -11.3,  64.1,1009.8,   3.1,  -0.8
77857,  -0.2,  -0.6,  -3.3, -47.2,  16.3,1056.4,   3.1,  -0.8
77877,  -0.4,  -0.2,  -2.8, -60.9,   9.2,1002.2,   3.0,  -0.6
77901,   0.1,  -1.6,  -2.4,  -3.7,  54.1, 973.9,   2.9,  -0.6
77929,  -0.6,  -0.4,  -3.0, -98.5,  28.3, 952.6,   2.8,  -0.5
77953,  -1.5,   1.7,  -5.5,  -9.4, -75.0,1026.4,   2.4,  -1.0
77977,  -1.1,   0.6,  -5.0,  23.4,  42.9, 973.9,   2.3,  -1.1
78001,  -2.6,   3.5,  -5.7,  67.5,  87.3, 977.0,   2.4,  -1.4
78029,  -3.7,  -0.3,  -6.6,  82.9,  58.8, 955.3,   2.3,  -1.5
78053,   1.8,  -1.7,  -5.2, -45.0, 110.3,1145.5,   1.8,  -0.8
78077,   1.4,   0.4,  -7.7,  49.2,  25.1, 982.4,   2.2,  -1.3
78101,   0.7,   0.3,  -8.0,  12.1,  -7.4,1078.6,   2.4,  -1.2
78129,  -0.6,   0.4,  -6.6,  80.2, -15.2,1051.3,   2.1,  -1.0
78153,  -1.1,  -0.8,  -5.2,  87.3,  64.9, 955.1,   2.1,  -0.8
78177,  -0.8,   1.2,  -6.0,  42.2, 157.9, 985.1,   2.3,  -0.8
78201,  -0.6,   0.3,  -4.7,  36.5,  -0.6,1089.1,   2.3,  -0.6
78229,   0.4,  -1.0,  -4.2, -62.6,  94.4,1000.2,   2.3,  -0.3
78253,   0.4,   0.4,  -4.4,-100.2,  60.2,1032.2,   2.4,  -0.2
78277,   0.8,   0.4,  -2.4, -14.5,  86.8,1008.5,   2.5,  -0.2
78301,  -1.0,   0.3,  -3.0, -15.2,  74.2, 977.0,   2.6,  -0.1
78329,  -1.1,   1.4,  -2.8,  -5.0, -19.4,1059.8,   2.3,  -0.1
78357,  -0.1,  -2.1,  -2.8,  -1.5,  23.9, 984.1,   2.3,  -0.1
78377,   1.2,  -1.6,  -2.2, -69.7,  96.9, 907.7,   2.3,   0.1
78405,   0.3,   0.9,  -0.8, -67.0,  15.3,1008.8,   2.2,   0.1
78429,   1.2,   0.8,  -1.5, -56.5,  67.1, 995.3,   2.3,   0.1
78453,  -0.2,   1.0,  -1.4, -33.8, -23.3,1030.0,   2.2,  -0.1
78477,   0.4,   2.0,   0.1, -11.3,  66.6, 993.9,   2.4,  -0.0
78505,   0.4,   1.5,  -0.9, -16.9,  28.7, 956.3,   2.5,  -0.1
78529,   0.1,  -0.8,  -0.7,  43.6,  85.9, 958.2,   2.6,  -0.2
78553,  -2.0,  -0.1,  -2.7, 114.2,  90.3, 980.0,   2.8,  -0.4
78577,  -4.0,   1.1,  -3.1, -36.7,  60.7, 944.8,   2.9,  -0.4
78605,   1.9,  -5.8,   5.0, -59.7, 202.8,1009.5,   2.7,   0.5
78629,   0.5,  -0.3,   4.6, -38.9,   2.4, 997.3,   2.7,   0.4
78653,   0.5,  -1.3,   4.2, 146.9,  77.8, 977.3,   2.6,   0.5
78677,   0.8,  -0.2,   0.7,-141.4, 146.7,1042.5,   2.6,   0.5
78705,   0.5,  -2.1,   1.9, 226.2,  86.4, 992.4,   2.8,   0.1
78729,   0.4,   0.3,   2.3, -53.1,  90.0, 973.1,   2.7,   0.2
78753,   0.8,  -0.5,   1.8, -33.8,  80.0,1051.3,   2.6,   0.3
78777,  -0.0,  -0.1,   1.9, 125.2,  72.9, 978.0,   2.8,  -0.0
78805,  -0.4,  -0.1,   2.5,-126.1,  78.3, 987.8,   2.9,   0.2
78829,   1.3,  -1.2,   3.8,  23.4, 109.8, 971.9,   3.1,   0.2
78857,   0.7,  -1.2,   4.8, -15.2,  29.7,1004.9,   3.1,   0.2
78877,   0.8,  -0.9,   5.2,  40.0,  54.6, 970.0,   3.0,   0.1
78905,   0.1,   1.6,   4.6,  82.7,  16.5,1029.3,   2.9,  -0.1
78929,   0.4,   1.6,   3.9,  22.6,   7.5, 978.0,   2.8,  -0.2
78953,  -0.3,   0.3,   3.3, 114.9,  31.9, 959.2,   2.9,  -0.4
78977,   0.2,   1.2,   1.5,  91.5,  12.9,1084.5,   2.8,  -0.7
79005,   1.6,   1.4,   0.9, -33.5,  87.8,1072.7,   2.9,  -0.7
79029,   1.2,  -0.3,   0.2,   4.1,  55.6,1016.3,   3.0,  -0.8
79053,  -0.1,   2.4,   0.9,-163.4,  90.0,1003.7,   3.2,  -0.6
79077,  -1.5,   1.7,   2.3, -11.6,  43.9, 988.8,   3.4,  -0.6
79105,  -0.9,  -1.4,   2.8, -24.5, -35.0,1131.8,   3.1,  -0.3
79129,   0.5,   0.2,   3.7,-164.9,  46.1,1050.5,   3.2,   0.2
79153,   2.4,  -0.4,   1.2,  39.7,  69.8, 926.7,   3.5,  -0.3
79177,   1.5,  -1.4,  -0.4, -10.8,  84.9, 934.8,   3.6,  -0.2
79205,  -0.3,   0.1,  -1.7,  26.3,  25.1, 984.4,   3.5,  -0.7
79229,  -1.2,  -1.0,  -1.5, -41.3,  -4.2, 996.3,   3.2,  -0.6
79253,  -1.5,  -0.9,  -1.9, -11.6,  62.4,1020.7,   3.2,  -0.7
79277,  -0.5,  -0.2,  -2.5,   0.9,  34.6, 979.5,   3.1,  -0.9
79305,  -0.4,  -0.9,  -3.6,  19.2,  23.9, 979.5,   3.1,  -0.9
79329,  -0.8,   0.1,  -3.8,  35.1,  22.4, 987.8,   2.9,  -0.8
79357,   0.2,  -1.6,  -2.2, -14.2,  77.3,1004.4,   3.0,  -0.8
79380,   0.1,  -0.6,  -2.4,  48.7,  77.3, 989.7,   3.0,  -0.8
79404,  -0.1,   0.1,  -2.8,  18.2, -33.5, 992.7,   2.9,  -0.8
79428,   0.4,  -0.2,  -2.8,  45.6,  71.2, 939.9,   2.8,  -0.8
79456,  -0.7,   2.4,  -3.1,  37.3,  70.5, 977.3,   2.8,  -0.8
79480,   0.1,  -2.4,  -3.1,  12.6,  80.3,1009.5,   2.9,  -0.7
79504,  -1.2,   1.5,  -3.3,   3.8, -44.0,1017.6,   2.6,  -0.7
79528,   1.0,  -1.8,  -2.0, -15.5,  75.9, 942.9,   2.7,  -0.5
79556,  -0.0,   1.7,  -3.8, -75.3,  63.9, 996.3,   2.7,  -0.4
79580,   0.4,   0.9,  -4.0, -13.5,  25.8,1046.9,   2.8,  -0.4
79604,   0.5,   0.1,  -3.1, -46.7,  38.8,1030.3,   2.8,  -0.3
79628,   1.0,  -0.2,  -2.3,  59.7,  50.7, 990.2,   2.8,  -0.2
79656,   0.6,  -0.8,  -3.0,  12.4,  77.8, 947.5,   2.8,  -0.2
79680,  -1.5,   0.8,  -4.4, -26.2,  56.8, 982.4,   2.9,  -0.4
79704,  -2.8,  -0.2,  -3.6,  13.8,  29.0, 922.8,   2.9,  -0.4
79728,  -1.5,   1.6,  -0.8,-162.7,  62.9,1017.3,   2.6,   0.0
79756,   0.7,   2.1,  -1.5,  34.3,  21.7, 958.0,   2.6,  -0.0
79780,   0.4,   2.9,  -2.4,-108.2, 108.6, 962.9,   2.8,   0.2
79804,   0.2,   1.5,  -2.0,  34.8,  21.9, 984.6,   2.8,   0.1
79828,   1.2,  -0.9,  -1.1, -41.1,  39.2,1034.4,   2.6,   0.1
79856,   0.3,   0.3,  -1.1, -41.3,  59.5, 978.0,   2.6,   0.2
79880,   0.2,  -4.3,  -1.7,  30.4,  32.4, 992.2,   2.7,   0.3
79904,   0.1,  -0.2,  -1.9,  34.1,  58.3, 994.1,   2.7,   0.1
79928,  -0.3,   0.6,  -0.5, -13.3,  72.4,1030.3,   2.6,   0.3
79956,   0.5,   0.7,   0.0, -33.8,  54.4, 992.4,   2.5,   0.3
79980,  -0.1,   1.2,  -0.3,  19.2,   0.7,1015.6,   2.4,   0.3
80004,  -0.1,   0.9,   2.3, -23.0,   1.2, 943.3,   2.4,   0.5
80028,   1.6,  -0.6,   2.7,  27.3, -24.7,1044.4,   2.2,   0.6
80056,   1.2,   0.6,   3.9, -99.2,   9.7,1016.3,   2.3,   1.0
80080,  -0.3,  -1.5,   4.1,  74.4,  -6.9,1047.6,   2.2,   0.9
80104,   0.2,   1.7,   3.6, -64.3,  69.8,1043.7,   2.0,   1.0
80128,  -0.1,  -0.8,   4.6,  17.0,  75.6,1001.9,   2.2,   0.8
80156,  -0.6,   0.4,   6.4, -98.7,  22.4,1057.1,   2.5,   1.0
80180,  -0.6,   0.6,   5.4,  10.2,   1.4, 980.7,   2.3,   0.8
80204,  -1.5,   1.0,   5.0,  59.5,  76.8, 966.5,   2.3,   0.6
80228,   1.7,  -0.8,   6.7,-241.3, 195.2,1062.0,   2.2,   1.1
80256,   1.6,   1.6,   6.3,  24.8,  -9.6, 936.3,   2.4,   0.4
80280,   1.3,   1.4,   4.8, -58.4, 133.7, 962.1,   2.6,   0.7
80304,  -0.3,  -1.4,   5.2,  44.1,  54.1, 953.8,   2.7,   0.5
80328,  -0.7,  -0.5,   6.6,  71.0,  20.9,1095.0,   2.6,   0.3
80356,   0.6,  -1.7,   5.8,  24.3,  78.5,1056.6,   2.6,   0.2
80380,   0.4,  -0.8,   4.4, -54.8,  61.2, 926.3,   2.8,   0.2
80404,  -0.3,  -0.4,   5.2,  15.5,  18.2,1020.3,   2.8,  -0.0
80432,  -0.1,  -0.8,   5.1, -48.2, 102.5, 994.9,   2.9,  -0.1
80456,  -0.3,  -0.1,   5.3, -68.4,  86.1, 962.9,   2.9,  -0.0
80480,   1.2,  -1.0,   4.8,  77.6,  54.4,1003.9,   2.9,  -0.2
80504,   0.6,   0.3,   4.5, -39.6, -29.1,1009.5,   2.8,  -0.3
80532,   1.5,  -3.1,   4.4,  77.8,  47.5,1079.1,   2.9,  -0.4
80556,   0.7,   0.0,   3.7, -61.9,   1.2,1008.3,   2.9,  -0.3
80580,   1.6,   0.1,   3.0,  25.3,  51.4,1012.4,   2.9,  -0.4
80604,   0.5,   1.2,   1.4,  25.6,  88.3,1007.6,   2.9,  -0.7
80632,   1.1,  -0.4,   1.1,  -7.2,  56.8, 965.3,   2.9,  -0.6
80656,   0.7,  -1.5,   0.5, -51.8,  86.1, 974.6,   2.9,  -0.5
80680,  -0.4,   0.1,   1.0,  51.7,  46.6, 925.5,   2.9,  -0.7
80704,  -1.4,   2.1,  -2.7, 218.7,  27.3, 948.2,   2.7,  -1.5
80732,   3.2,  -0.9,  -1.6,-167.3, 147.9, 977.8,   2.7,  -0.9
80756,   2.0,  -0.7,  -3.6, 170.3, -29.1, 980.7,   2.7,  -1.8
80780,  -1.2,  -0.7,  -3.1,   9.4,  90.3,1045.9,   2.7,  -1.2
80804,  -1.7,   0.7,  -3.8,  10.2,   9.5,1007.1,   2.7,  -1.2
80832,  -0.1,  -1.7,  -2.3,  48.0, 116.4, 966.8,   2.7,  -0.9
80860,  -0.4,  -0.7,  -3.3,  53.1,  96.9, 996.6,   2.7,  -1.0
80880,  -1.4,  -0.3,  -4.9, 143.2,  32.6,1007.1,   2.7,  -1.1
80904,  -0.1,  -0.4,  -4.1, -76.3,  21.2, 991.4,   2.6,  -0.7
80932,  -0.0,   0.9,  -3.7,  54.6, -31.1,1058.6,   2.4,  -0.9
80956,   0.4,   0.9,  -4.7, -41.6,  -3.5,1004.4,   2.3,  -0.8
80980,  -0.0,  -1.3,  -6.0,  15.3, -25.5,1020.3,   2.1,  -0.7
81006,  -0.6,  -0.5,  -7.3,  13.1,  -2.8,1064.0,   2.1,  -0.7
81030,  -0.1,  -1.4,  -8.0,  52.2, -26.7,1063.7,   2.2,  -0.8
81054,   0.4,  -2.5,  -6.7, 119.5,  32.9,1015.4,   2.2,  -0.8
81082,   0.2,   3.0,  -6.4,-328.2, 146.4,1031.2,   2.3,  -0.3
81106,   0.5,  -1.9,  -5.0,-100.2, 197.4,1017.3,   3.0,   0.0
81130,  -2.0,  -1.1,  -5.7,  53.6,  89.0, 967.8,   3.4,  -0.3
81154,  -5.0,  -1.1,  -5.4, 142.5,  80.3, 889.4,   3.6,  -0.5
81182,   0.9,  -4.1,   1.0,-126.8, 123.7, 889.6,   3.1,   0.5
81206,   1.3,   1.0,  -1.7, 203.3, 145.2, 927.2,   3.1,  -0.4
81230,   0.5,   0.5,  -5.5, -83.6, 227.5,1026.6,   3.8,   0.3
81254,   0.4,   2.1,  -3.9,-223.2, -58.4, 985.3,   3.8,   0.3
81282,  -0.6,  -2.8,  -1.4, 129.1,  71.7,1046.4,   3.7,  -0.1
81306,  -0.6,  -3.0,  -0.7, -53.6,  91.2,1052.5,   3.7,   0.4
81330,  -0.9,  -0.2,  -0.9,   8.5,  76.4, 997.1,   4.1,   0.5
81358,   0.1,  -0.8,   0.5, -93.6,  68.8,1023.9,   4.1,   0.6
81382,   0.3,   1.7,   0.5, -77.2,  20.2, 980.2,   4.0,   0.3
81406,  -0.6,   3.2,   1.7,  14.1,  52.7,1050.3,   4.3,   0.4
81430,  -0.3,  -0.7,   3.6,  76.3, 128.6,1034.9,   4.4,   0.6
81458,  -0.7,   1.0,   4.0, -30.4,  55.1,1010.5,   4.5,   0.5
81482,   0.7,   0.0,   6.1,  18.5,  72.4,1010.2,   4.5,   0.7
81506,   0.6,   0.9,   5.9,  29.5,  62.4, 992.2,   4.6,   0.7
81530,   0.9,  -1.6,   7.0,  44.6,  97.1, 959.2,   4.6,   0.8
81558,   0.5,  -0.8,   6.6,  86.6,   2.1,1015.1,   4.5,   0.7
81582,  -0.7,   2.1,   6.0, 121.0, -25.5, 967.0,   4.3,   0.4
81606,  -1.3,   0.7,   6.2, -35.5,  34.6, 932.1,   4.1,   0.4
81630,  -1.5,  -0.4,   6.3,  36.5,  76.4, 933.3,   4.0,   0.3
81658,  -2.9,   3.8,   5.0,-238.9,-208.6,1159.7,   3.5,   0.3
81682,   2.2,  -5.5,   5.7, 291.2, 157.6, 983.6,   3.8,   0.3
81706,   1.8,   0.8,   3.1, -20.1,  61.0, 913.6,   3.7,  -0.1
81730,  -0.2,  -0.8,   3.0,  76.3, -21.8,1008.3,   3.6,  -0.0
81758,  -0.7,   0.0,   3.9,   8.5,  41.4,1057.6,   3.6,   0.2
81782,   0.5,  -0.2,   3.0,   8.2,  81.0, 982.9,   3.8,  -0.0
81806,  -0.4,  -0.8,   3.1,  59.5,  14.6, 967.8,   3.8,  -0.2
81830,  -0.3,  -0.1,   1.9,  10.2,  -2.3,1052.5,   3.7,  -0.1
81858,  -0.6,  -1.6,   0.4, 166.7,  17.0,1072.7,   3.6,  -0.3
81882,  -0.9,  -1.3,  -1.4,  75.4,  26.8,1023.9,   3.6,  -0.5
81906,   0.1,  -0.2,  -1.7, -61.6,  61.9,1000.5,   3.6,  -0.6
81930,   0.3,   0.3,  -1.6, -29.9,  35.1, 942.9,   3.6,  -0.7
81958,  -0.7,  -0.8,  -2.7, -16.4,  56.6, 920.6,   3.4,  -0.5
81982,   1.0,   1.4,  -4.4, -16.9,  41.2,1003.2,   3.2,  -0.7
82006,  -0.1,  -1.3,  -4.6,  -0.6,  22.9,1048.1,   3.2,  -0.6
82030,   0.1,  -0.5,  -6.0, 160.1,  -1.5, 985.3,   3.0,  -0.9
82058,  -1.1,  -2.2,  -6.9,  28.2,  72.4, 960.4,   2.8,  -0.9
82082,   0.1,  -1.5,  -6.8, -54.5,  94.2,1010.7,   2.8,  -0.8
82106,   0.7,  -2.0,  -7.2, -41.8, 118.6, 991.4,   2.8,  -0.9
82130,  -0.9,   0.3,  -9.0,  43.4,  13.1, 990.5,   2.7,  -1.0
82158,  -2.8,  -0.8, -10.8,  50.9,  -9.1, 974.8,   2.5,  -1.1
82182,  -4.6,  -1.0, -11.3, 169.3,  56.6, 959.2,   2.6,  -1.3
82206,  -1.0,  -2.2,  -9.2,-119.0,  10.9,1351.1,   2.0,  -0.7
82230,  -0.1,  -0.7,  -7.3,  43.4, -39.9, 932.6,   2.0,  -0.7
82258,  -0.3,   0.0,  -9.9, -54.3,  97.3,1057.4,   1.9,  -0.6
82282,  -0.6,  -0.9, -10.0,  72.2,  13.9, 976.1,   2.1,  -0.5
82306,  -1.2,  -1.2,  -9.7, -17.4, -26.7, 986.6,   1.8,  -0.6
82330,  -1.7,  -0.9, -11.1, -11.8,  28.5,1035.6,   1.7,  -0.5
82358,  -1.2,  -1.7, -10.3,   0.4,  68.8, 998.3,   1.7,  -0.5
82382,  -2.8,  -0.8,  -9.6,   5.8, -35.5, 951.9,   1.6,  -0.4
82406,  -1.0,  -0.7,  -9.0,-152.4,  80.3,1028.3,   1.5,  -0.1
82434,   0.1,  -1.0,  -8.2, 109.3,  56.8, 964.3,   1.5,  -0.3
82458,   0.5,   3.0,  -9.2, -92.4, -32.0, 981.2,   1.4,  -0.3
82482,  -0.2,   0.9,  -8.0, -25.7,  54.4, 980.5,   1.5,  -0.2
82506,  -0.3,  -0.6,  -7.1,  91.7, 131.0, 948.0,   1.7,   0.2
82534,   0.2,  -1.6,  -6.6,  -2.5, 144.7, 960.4,   2.0,   0.5
82558,   0.4,  -0.1,  -4.7, -85.8,  88.6,1002.7,   2.0,   0.6
82582,  -1.5,   0.1,  -4.5, 113.0, 158.9,1082.5,   2.6,   0.6
82606,  -2.6,   3.2,  -5.0, -75.8,  26.3, 954.1,   2.6,   0.7
82632,  -1.6,   3.5,  -2.7,-202.5,-226.4,1152.3,   2.3,   0.9
82656,   3.6,  -4.8,   1.9,   3.8, 181.8, 975.1,   2.8,   1.5
82684,   1.2,  -0.5,  -0.6,-150.7, 129.1,1016.8,   3.3,   1.4
82708,  -0.6,  -1.2,   0.4,  -3.7,  56.1, 957.0,   3.4,   1.6
82732,  -1.3,  -1.0,   2.6,-113.9,  60.2, 977.8,   3.4,   1.7
82756,  -1.7,  -3.5,   4.5, -46.2,  25.1,1079.8,   3.3,   1.9
82784,  -0.1,   0.9,   5.0, 132.5,  22.2, 987.3,   3.2,   1.6
82808,   0.2,  -0.8,   3.6, -49.2, 128.4,1059.6,   3.3,   1.8
82832,  -0.3,   0.7,   4.3, -63.3, -10.6, 953.1,   3.5,   1.6
82860,  -0.0,  -1.4,   8.2,  27.3,  19.0,1011.5,   3.5,   1.6
82884,  -0.0,   2.3,   9.7,-100.2,  89.8, 998.5,   3.4,   1.8
82908,  -0.1,   0.4,  10.0, -30.1,  44.9,1013.2,   3.6,   1.8
82932,  -0.3,  -1.3,  12.4, -38.7,  12.1, 994.6,   3.6,   2.0
82956,  -0.6,  -1.0,  13.5,  49.2,  50.5,1008.5,   3.5,   1.8
82984,   0.3,  -1.3,  12.5,  52.7, 122.0,1013.2,   3.5,   1.6
83008,   1.5,   0.4,  13.1,  -6.9,  57.3, 958.2,   3.5,   1.5
83032,   1.5,  -0.6,  14.3,  80.7,  28.7,1093.5,   3.4,   1.4
83056,   0.5,   0.6,  13.1, -20.8,  10.9, 923.3,   3.3,   1.2
83084,   0.4,   1.9,  11.4,  12.6,   4.3,1110.3,   3.1,   1.0
83108,   1.2,  -2.6,  11.7, -61.1,  57.8, 963.9,   3.1,   1.0
83132,   0.5,  -0.7,   9.9, 127.6,  60.5,1001.2,   3.1,   0.4
83156,  -1.4,  -0.2,   8.4,  62.2,  48.3, 931.1,   3.1,   0.1
83184,  -3.5,   0.5,   9.3,  -4.5,  63.2, 919.2,   3.1,  -0.1
83208,   2.4,   0.9,  13.1,-304.3,  97.3,1181.6,   2.6,   0.3
83232,   3.2,  -2.0,   8.5, 331.9, 199.9,1106.4,   3.0,  -0.6
83256,   0.7,   3.5,   6.7,-189.8,  96.4,1079.6,   3.3,  -0.4
83284,  -0.1,   3.0,   5.3, -47.4,   7.5,1059.8,   3.0,  -0.8
83308,  -0.4,  -1.6,   5.3,  -3.3,  75.9, 920.4,   2.9,  -0.6
83332,  -1.2,   2.6,   3.3,  87.6, -38.2,1052.0,   3.0,  -1.2
83360,   0.3,  -0.1,   3.5,  -2.3,  40.5, 931.9,   3.0,  -1.3
83384,   0.3,   2.1,   1.9,  -7.2,  39.2, 975.3,   3.0,  -1.3
83408,  -0.1,  -1.3,   1.3,  77.6,  64.1, 973.4,   3.0,  -1.4
83432,   0.3,  -1.0,   0.3, 138.3,  49.7, 968.0,   3.0,  -1.5
83460,  -0.1,  -0.8,   0.9,  52.7,  56.8, 987.3,   2.9,  -1.5
83484,  -0.1,  -1.0,  -0.7, 118.1,  48.8,1001.9,   2.7,  -1.7
83508,  -0.1,   1.9,  -2.7, -12.0,  49.0, 993.2,   2.6,  -1.5
83532,   0.2,   1.0,  -4.2,  15.8,  -5.7,1015.4,   2.4,  -1.5
83560,   0.2,   1.6,  -4.7,  47.5,  48.8,1025.1,   2.3,  -1.7
83584,   1.1,  -1.6,  -4.9,   3.6,   6.5, 970.2,   2.2,  -1.6
83608,   0.6,  -0.1,  -6.7, -47.7,   7.3,1043.9,   2.0,  -1.3
83632,   0.8,  -1.3,  -6.3,  30.4,  70.7, 990.2,   2.1,  -1.2
83660,   0.8,  -2.2,  -5.2,  78.0,  64.9, 997.1,   2.3,  -1.0
83684,   0.5,  -0.4,  -6.4,   7.0,  59.7,1045.4,   2.3,  -1.1
83708,  -1.1,  -1.0,  -6.7,  35.8,  25.6, 912.1,   2.4,  -1.0
83732,  -3.1,  -0.3,  -6.8,  12.1,  57.6, 921.4,   2.2,  -1.0
83760,  -5.4,   2.9,  -9.1,  69.3,  56.1, 869.1,   2.2,  -1.3
83784,   1.8,   0.6,  -7.4,-226.6, 159.8,1040.0,   1.8,  -0.8
83808,   2.5,   0.8,  -7.7,   6.0, -16.7,1039.1,   2.1,  -0.9
83832,   0.7,  -0.7,  -6.6, -20.8,  12.4,1103.7,   2.0,  -0.7
83860,   0.7,  -2.9,  -5.8,   0.2,  28.7, 989.5,   2.0,  -0.7
83884,  -0.3,  -1.9,  -4.6,  63.9,  66.8, 978.7,   1.9,  -0.4
83908,   1.5,  -1.5,  -4.4, -53.8,  83.4, 962.6,   2.0,  -0.2
83932,   0.5,  -1.0,  -5.0,  -6.2,  -1.5,1056.4,   2.0,  -0.3
83960,   0.2,  -0.6,  -4.7,  23.6,  17.8,1001.2,   2.0,  -0.1
83984,   0.5,  -1.0,  -4.8,  25.6,  70.0,1000.0,   2.0,   0.0
84008,  -0.1,   0.6,  -4.5,  11.6,  -7.9, 988.8,   1.9,  -0.1
84032,   0.7,  -0.8,  -2.9, -20.3,  53.6,1034.2,   1.9,   0.1
84060,   0.6,  -3.5,  -1.7, -18.9,  86.4,1004.6,   2.3,   0.7
84084,   0.2,  -0.4,  -2.6, -79.7,  64.1, 978.0,   2.4,   0.7
84108,   0.8,  -2.9,  -0.3, -50.1,  53.6,1003.4,   2.5,   0.9
84132,  -0.6,   2.6,  -0.2,-134.8,  38.0, 993.9,   2.5,   0.8
84160,   0.2,   1.2,   1.1, -30.4,  61.7, 993.2,   2.7,   0.9
84184,  -0.8,  -5.2,   2.7, 138.8,  70.7,1023.4,   2.9,   1.1
84208,  -0.9,   1.0,   1.6,  78.5,   3.1,1021.0,   2.6,   0.8
84232,  -1.5,  -0.4,   0.6, -31.6,  48.0, 981.2,   2.6,   0.6
84258,  -1.7,   1.8,   0.5, -20.6,  83.2, 983.9,   2.5,   0.4
84282,   1.6,   0.1,   4.7, -27.2, -39.4,1118.4,   2.1,   0.8
84310,   2.0,  -2.2,   7.1, -12.0,  79.0, 990.7,   2.3,   1.1
84334,   0.7,  -2.2,   9.5, -90.7, -26.9, 988.8,   2.2,   1.7
84362,   1.2,   1.7,   4.2,-179.3,  36.3, 978.5,   2.2,   2.0
84382,   1.4,  -0.4,   6.5,  80.5,  80.3, 986.8,   2.4,   1.7
84410,   1.3,   0.3,   7.1, -64.8,  37.8, 996.6,   2.2,   1.6
84434,   1.0,   0.6,   5.9, 149.6,  18.5,1015.1,   2.1,   1.2
84458,   0.4,  -0.5,   5.4,  43.1,  41.9, 995.1,   2.2,   1.2
84486,   1.2,  -0.8,   6.1, -75.8,  68.3, 992.2,   2.1,   1.0
84510,   1.4,  -2.7,   3.5, 123.9,  60.2,1000.7,   2.2,   0.7
84534,   0.4,   2.0,   4.1,  21.4,  28.5,1012.2,   2.3,   0.6
84558,   0.5,  -1.6,   5.5, -31.8,  30.7, 988.0,   2.3,   0.7
84586,   2.1,  -1.1,   4.2,   9.9,  62.9, 957.8,   2.2,   0.6
84610,   1.5,  -1.2,   2.8, 125.2,  -4.9,1075.7,   2.3,   0.1
84634,   0.5,   0.3,   2.0,-113.4, -22.5,1081.8,   2.6,   0.4
84658,   0.4,  -0.9,   1.7, -18.6,-123.1,1073.5,   2.4,   0.2
84686,   3.3,  -2.0,   1.7, 113.7, 110.0, 986.8,   2.6,  -0.1
84710,   1.1,   0.6,  -0.8, -36.7,  98.3, 955.1,   2.9,  -0.2
84734,  -0.3,  -1.5,  -0.8, -38.2,  80.0,1001.9,   3.1,  -0.2
84758,  -2.3,  -0.8,   0.3, 104.4,  25.1, 969.2,   3.1,  -0.4
84786,  -5.9,   3.4,  -0.5,  61.2,-447.8,1465.1,   2.5,  -0.7
84810,   3.2,  -0.8,  -0.5,   8.0, 185.5, 931.6,   2.8,  -0.3
84834,   2.3,  -0.2,  -3.0,  38.2,  36.1, 974.6,   3.2,  -1.0
84862,   0.7,  -0.6,  -3.3,  74.6, -25.2, 980.0,   3.1,  -1.1
84886,   0.3,   2.3,  -2.6, -33.8, -64.5,1051.7,   2.7,  -0.8
84910,   0.1,   1.1,  -2.8, -19.4,  53.2, 926.0,   2.9,  -0.9
84934,   0.2,  -3.0,  -2.0,  98.3,  48.0,1014.6,   3.0,  -0.7
84958,   0.5,  -3.3,  -1.3, 131.8,  39.0, 930.2,   2.9,  -0.6
84986,   1.6,  -1.0,  -3.1, -41.3,  81.5, 977.5,   2.8,  -0.6
85010,  -0.6,  -0.7,  -4.6,  37.8,  62.7, 979.5,   2.7,  -0.8
85034,   0.8,  -0.7,  -4.4,  41.9, -41.6,1010.7,   2.5,  -1.1
85058,   0.4,  -1.9,  -4.6, 165.2,  57.1, 992.2,   2.4,  -1.1
85086,   0.4,   0.6,  -6.9,-117.5,  36.8, 945.8,   2.1,  -0.8
85110,   1.3,  -4.1,  -7.8,  31.4,  26.1,1046.1,   2.3,  -0.8
85134,   0.8,  -1.5,  -6.8, -26.0,   2.4, 980.0,   2.2,  -0.8
85158,   0.3,  -0.2,  -5.8,-123.4,  98.1,1020.3,   2.3,  -0.7
85186,  -0.5,  -0.4,  -4.7, -35.5,  89.5, 939.4,   2.6,  -0.5
85210,  -2.7,  -3.9,  -4.0, 214.3, 122.7, 913.6,   2.9,  -0.5
85234,  -2.5,   7.2,  -4.5,-522.5, 109.3,1230.7,   2.4,  -0.1
85258,   3.9,  -4.3,   0.9, 264.3, 128.1, 909.2,   2.9,  -0.2
85286,   2.9,   1.4,  -2.2,  82.9, 178.9, 889.6,   2.9,  -0.3
85310,   1.5,  -0.4,  -6.7,  94.2, 177.2,1039.5,   3.3,  -0.3
85334,  -2.1,   2.1,  -8.3,-165.1, -21.1, 910.4,   3.4,  -0.4
85362,  -1.8,  -0.2,  -6.3,-107.3, -70.6,1095.2,   3.2,  -0.3
85386,  -1.0,  -2.2,  -4.9,  -4.2,  73.4,1012.7,   3.4,   0.0
85410,  -0.4,  -1.4,  -6.4, -43.8,  70.2, 988.8,   3.6,   0.0
85434,   0.4,  -2.2,  -4.5, -30.6, 106.9,1031.5,   3.7,   0.2
85462,  -0.3,  -1.8,  -4.0,  -7.4,  49.0, 962.4,   3.7,   0.1
85486,   0.3,  -1.3,  -1.6,  76.3, 131.5,1007.6,   3.8,   0.1
85510,  -0.3,   1.6,  -1.9, -39.9,  -0.3,1028.1,   3.8,   0.3
85534,   0.6,   1.0,  -0.6,-147.8,  79.8,1003.4,   3.9,   0.6
85562,   0.1,  -3.3,   0.1, 153.5, 100.5, 952.9,   4.0,   0.5
85586,   1.0,   0.0,   0.0,  82.2,  68.5, 961.2,   4.0,   0.6
85610,   1.1,   1.4,  -0.1,-146.3,  46.6, 947.0,   4.0,   0.7
85634,   0.3,   1.0,   1.5, -14.2,  66.3,1043.2,   4.0,   0.7
85662,   0.2,  -1.5,   2.4,  32.9, 101.5, 991.4,   4.1,   1.0
85686,  -0.2,   3.0,   1.4, 100.7,  96.4, 935.8,   4.1,   0.7
85710,  -3.0,   2.8,   1.7, -38.2,  80.3, 938.5,   4.2,   0.7
85734,   1.3,  -0.5,   5.6, -78.0, 103.9,1369.4,   3.8,   1.2
85762,   0.9,   1.2,   6.2, -54.3,  35.6, 991.0,   3.8,   1.3
85786,  -0.4,   0.9,   5.1,  58.3,  58.3, 999.3,   3.7,   1.2
85810,  -0.0,  -1.9,   3.3, -15.0,  66.6,1061.0,   3.9,   1.4
85834,  -1.8,  -2.5,   4.7,  87.1,   4.3, 988.8,   4.0,   1.1
85862,  -1.0,  -0.3,   6.9,-106.0,  19.7,1066.4,   3.9,   1.2
85885,  -0.4,   2.1,   5.8, -82.1,  31.4,1096.4,   3.9,   0.9
85909,  -0.5,  -1.2,   6.6, -12.0,  58.8, 948.2,   4.0,   0.9
85937,  -1.0,   1.2,   5.8, -85.0,  73.2, 938.0,   4.0,   0.8
85961,  -1.4,   1.4,   6.5,  47.0,  21.4,1006.1,   3.8,   0.5
85985,  -0.6,  -0.5,   7.7,  68.0,  -1.8, 993.2,   3.6,   0.5
86009,   2.0,   0.3,   7.8,  89.0,   9.7, 955.6,   3.5,   0.4
86037,   0.2,  -2.3,   6.2, -31.6,  79.3, 940.2,   3.6,   0.5
86061,   0.4,  -0.8,   5.3,  62.9,  80.3, 982.2,   3.7,   0.2
86085,  -0.4,   0.4,   4.0,  87.3,  10.7,1038.3,   3.6,  -0.3
86109,  -0.4,   3.4,   4.2, -85.8,  18.2, 990.2,   3.6,  -0.4
86137,  -0.4,  -0.5,   2.5,  26.8, 114.7,1035.4,   3.8,  -0.4
86161,  -1.2,  -1.8,   2.5, 164.0,  -1.5, 978.7,   3.9,  -0.4
86185,   1.0,  -1.3,   4.8, -32.3,  92.0,1103.7,   3.7,  -0.3
86209,   1.2,  -2.9,   6.2,  92.9,  50.5, 880.6,   3.9,  -0.1
86237,   1.0,   1.7,  -1.0, -45.0, 130.1, 995.8,   4.1,  -0.7
86261,  -1.0,  -0.7,  -1.3, 123.2,  49.0, 926.3,   4.2,  -0.9
86285,  -1.1,  -0.4,  -0.9,  10.4,  72.7, 983.6,   4.0,  -1.0
86309,  -1.3,  -0.4,  -1.6,  28.5,  75.4,1037.6,   4.0,  -1.1
86337,  -0.1,  -2.4,  -1.9,  68.3,  97.8, 979.7,   4.0,  -0.7
86365,   0.1,  -0.1,  -2.6,  11.9,  18.7, 986.1,   3.9,  -0.8
86385,  -0.3,   0.1,  -3.3, -32.6,  22.2,1003.9,   3.8,  -0.9
86409,  -1.6,  -0.3,  -3.1,-133.4,  27.8, 969.7,   3.7,  -0.8
86437,  -0.9,   0.2,  -3.6,  65.3,   5.1,1070.3,   3.5,  -0.8
86461,  -0.7,   1.0,  -3.3,  -4.7,  55.8, 963.4,   3.4,  -0.7
86485,   0.2,   0.4,  -3.9, -47.4,  31.9, 983.6,   3.1,  -0.6
86513,   0.5,   0.1,  -3.9,  30.2,  61.2, 932.8,   2.9,  -0.6
86537,  -1.1,   0.7,  -4.2, -28.2, 116.6,1023.4,   2.9,  -0.4
86561,  -0.8,   1.2,  -3.7,   3.8,  24.1, 976.8,   2.8,  -0.5
86585,  -0.9,   1.7,  -3.3,  -2.0, -16.9,1071.3,   2.6,  -0.5
86613,   0.1,   1.2,  -4.3, -43.8,  60.2,1008.8,   2.6,  -0.3
86637,  -0.9,  -0.9,  -4.1,  14.8,  43.4,1046.9,   2.7,  -0.0
86661,  -1.2,   1.4,  -3.3,-136.1, 104.9, 935.8,   2.8,   0.2
86685,  -1.7,   1.6,  -3.1,  -7.4,  46.3, 966.8,   2.7,   0.0
86713,  -2.1,   2.6,  -2.3,   8.0,  74.4, 920.2,   2.7,   0.0
86737,  -0.3,   1.0,  -0.8,-253.3,  91.7,1041.7,   2.5,   0.6
86761,   1.0,  -4.0,   0.3, 286.5, 130.8, 930.7,   2.8,   0.2
86785,   0.7,   1.5,  -3.9, -70.2,  90.8,1008.8,   3.0,   0.2
86813,  -0.4,  -2.0,  -3.0,   9.2,   7.5,1012.7,   3.1,   0.2
86837,  -0.4,  -0.4,  -0.5,  44.8,  59.0,1009.0,   3.1,   0.2
86865,  -0.6,  -1.8,  -0.2, -72.8, 117.6, 988.0,   3.2,   0.3
86885,  -1.0,  -0.6,   0.8,   3.6,  56.1, 958.5,   3.3,   0.4
86913,  -1.0,   0.4,   1.8, -29.1,  40.7, 984.4,   3.3,   0.4
86937,  -1.6,   1.2,   1.7,  57.0,  45.6, 987.3,   3.4,   0.3
86961,  -0.4,   1.1,   1.8, -37.4,  71.7, 959.9,   3.3,   0.4
86985,  -1.3,   1.5,   2.8, -29.1,  41.9,1030.5,   3.2,   0.5
87013,   0.3,   1.4,   3.7,  -7.4,  53.9,1049.5,   3.0,   0.5
87037,   1.6,   0.6,   3.7, -29.9, 133.7,1028.3,   3.1,   0.7
87061,   0.4,  -0.5,   4.1,  -4.5,  49.7, 969.7,   3.1,   1.0
87085,  -0.3,   0.5,   4.2, -86.0,  25.8, 939.0,   3.0,   1.0
87113,   1.0,   1.0,   5.9,  -5.0,  88.1,1006.3,   2.9,   0.9
87137,   0.9,   1.2,   6.1,  -7.7, -39.4,1041.5,   2.7,   0.8
87161,   0.7,   0.6,   6.7,   3.1,  51.4,1018.1,   2.7,   0.8
87185,   0.1,   0.6,   6.1, -16.4, 112.2, 995.1,   2.8,   0.9
87213,   0.3,  -0.2,   5.6,  35.8,  48.3, 996.3,   2.8,   0.7
87237,  -0.8,  -0.9,   5.7,  66.3,  39.5, 921.1,   2.6,   0.6
87261,  -3.7,   0.0,   6.1, -19.4,  -2.5, 910.9,   2.6,   0.6
87285,   0.5,   1.4,   8.0, -11.3, 107.4,1064.2,   2.1,   0.7
87313,   2.6,   0.1,   6.3,  87.3, 120.3, 848.6,   2.6,   0.3
87337,   2.5,   1.4,   4.5, -72.8,  34.6, 988.8,   2.7,   0.4
87365,   1.7,   0.8,   5.8, -97.7,  69.8, 944.6,   2.8,   0.5
87385,   1.2,  -1.6,   5.9,  -5.2,  79.8, 956.8,   2.7,   0.5
87413,  -0.3,   1.2,   5.0,  -9.6,  48.3,1053.9,   2.8,   0.4
87437,   1.3,   0.1,   5.0,-127.3,  43.1, 976.3,   2.9,   0.4
87461,   1.3,  -0.9,   5.2,  21.4,  24.6,1004.6,   2.9,   0.2
87489,   0.9,  -1.0,   4.1, -91.4,  30.0, 930.9,   2.7,   0.3
87511,   1.0,  -1.4,   3.7,  22.9,  72.2,1036.4,   2.6,   0.1
87539,  -0.1,   2.6,   3.0,  91.7,  14.6, 920.9,   2.5,  -0.3
87563,   0.3,   0.6,   2.5, -36.2,  25.3,1076.6,   2.5,  -0.1
87587,   1.2,  -0.3,   1.5, -53.1, -13.7, 988.5,   2.3,  -0.3
87611,   2.1,  -0.1,   0.6,  66.1,  -1.8, 965.1,   2.2,  -0.6
87639,   1.3,  -0.8,  -0.1,  90.7,  33.4, 970.7,   2.3,  -0.6
87663,   0.2,  -0.7,  -0.3,  14.8, 106.1,1009.5,   2.2,  -0.5
87687,   0.4,  -0.7,  -0.6, -65.8,  69.5, 977.8,   2.4,  -0.4
87711,   0.4,  -2.1,   0.6,  76.1,  64.6, 980.5,   2.5,  -0.5
87739,  -3.6,   0.3,   1.0, -72.6,  -3.0, 946.8,   2.6,  -0.4
87763,  -2.2,   2.0,  -3.3,  88.1,  60.5,1010.2,   2.1,  -1.2
87787,   0.7,  -1.8,  -1.8, -10.8, 163.8,1191.9,   2.1,  -0.6
87811,   1.2,   2.3,  -2.5, 136.4, -49.1, 951.4,   2.1,  -1.2
87839,  -0.6,  -2.2,  -2.2,  27.7,  77.6,1002.2,   2.1,  -0.7
87867,  -0.9,  -0.2,  -3.5,   6.0,  58.0, 971.9,   2.1,  -0.7
87887,  -1.4,  -1.0,  -4.4,  72.2,  21.7,1111.3,   2.2,  -0.7
87911,  -0.6,  -1.5,  -5.8, -15.7,  60.5,1029.3,   2.2,  -0.7
87939,  -0.5,   0.6,  -6.3,  20.9,  19.2,1032.7,   2.1,  -0.9
87963,   0.2,  -0.6,  -6.1, -41.3, -19.4,1072.3,   2.0,  -0.8
87987,   0.8,   2.0,  -8.3,-100.4, -25.9,1043.9,   1.9,  -0.9
88011,   0.4,   0.6,  -9.3,-142.2, -25.2,1122.8,   2.0,  -0.9
88039,   1.3,  -0.8,  -6.9,  26.0,  52.4, 925.0,   2.3,  -0.9
88063,   1.1,  -4.4,  -6.4, 102.0,  95.4, 951.4,   2.6,  -0.7
88087,   1.3,  -0.4,  -6.3,  64.6,  99.5, 982.2,   2.5,  -0.6
88111,   1.7,   1.7,  -7.0,  25.3, 102.2,1038.3,   2.6,  -0.6
88139,   1.0,  -1.6,  -6.3,  84.4,  76.6,1014.1,   2.9,  -0.5
88163,   0.4,  -0.4,  -6.6,  14.1,  20.9, 964.1,   3.0,  -0.4
88187,  -0.2,   0.7,  -7.5, -34.5,  72.0, 962.9,   3.2,  -0.3
88211,  -1.6,  -0.1,  -8.2, -67.7,  81.2, 928.7,   3.3,  -0.2
88239,  -5.6,  -1.7,  -7.9, 313.9,   0.7,1222.2,   3.5,  -0.7
88263,  -0.5,   0.1,  -8.2, -84.1, 138.6, 934.8,   3.4,   0.0
88287,   0.3,  -0.8,  -9.9, 104.2,  90.8,1019.3,   3.8,  -0.3
88311,  -0.4,  -1.2,  -6.8,-112.4, -26.4, 988.3,   3.8,   0.0
88339,  -0.2,  -0.1,  -6.0, -32.6, 104.4,1034.2,   3.8,   0.3
88367,   0.1,  -1.2,  -5.0, -46.7, 134.0, 984.9,   3.9,   0.3
88387,  -0.7,  -3.5,  -4.2,  -4.0,  87.6, 995.8,   4.1,   0.7
88411,  -0.1,  -0.6,  -3.6, -27.4,  88.3,1002.7,   4.2,   0.6
88439,  -0.6,   1.1,  -3.1, -84.8,  97.1, 987.3,   4.3,   0.7
88463,  -0.4,   0.9,  -3.3, -42.6,  74.2,1015.9,   4.4,   0.7
88487,  -0.5,   2.9,  -2.4, -43.5,  26.5, 959.2,   4.4,   0.7
88515,   0.2,  -0.3,  -1.6, -33.8,  64.1, 970.0,   4.5,   0.8
88539,   0.8,  -0.7,  -0.9, -64.0,  21.9, 975.6,   4.3,   0.9
88563,   0.4,  -1.5,  -0.5, -15.2, 103.0, 979.5,   4.5,   1.3
88587,   0.2,  -2.8,  -0.1,  16.8,  42.2,1005.4,   4.4,   1.3
88615,   1.2,   1.3,   1.6, -40.1,  88.3, 978.5,   4.3,   1.4
88639,   0.5,  -0.7,   3.9,  29.7, 106.9,1018.1,   4.3,   1.5
88663,   1.7,  -1.6,   5.5, -47.0, 115.4, 953.1,   4.2,   1.7
88687,   0.4,   0.7,   5.2,  22.6,  57.1,1018.8,   4.2,   1.5
88715,   1.0,  -1.0,   6.1,  56.3,  27.8, 958.2,   4.1,   1.6
88739,  -0.2,   0.3,   5.0, -26.9,  87.3, 962.1,   4.0,   1.5
88763,  -1.8,   0.6,   3.9,   3.1,  47.5, 948.0,   3.9,   1.4
88787,  -2.3,   0.4,   4.8,-161.2,  35.1,1057.4,   3.5,   1.5
88815,  -0.3,  -3.8,   7.7,  78.0,  64.6,1023.4,   3.4,   1.5
88839,   0.7,  -0.9,   2.7, 206.5,  83.2,1012.0,   3.4,   0.9
88867,   1.0,   0.1,   1.3, -23.3,  32.6,1017.6,   3.4,   0.9
88887,   0.8,  -0.2,   0.1,  49.5, -45.2,1034.7,   3.1,   0.6
88915,  -0.5,  -0.5,   2.1, -43.8,  83.9,1033.7,   3.0,   0.7
88939,  -0.3,  -0.5,   1.7,-103.1,  68.3, 960.2,   3.2,   0.8
88963,  -0.7,  -1.0,   2.1,  20.2, 106.6, 981.2,   3.4,   0.7
88987,  -0.0,  -0.9,   0.9,  -0.1, 133.2, 999.3,   3.4,   0.6
89015,  -0.3,   0.6,   0.5,  20.7,  16.8, 975.3,   3.3,   0.3
89039,  -0.4,   0.8,  -0.3, -14.5,  36.6,1018.3,   3.2,   0.0
89063,  -0.3,   0.3,  -1.1, -50.9,  32.9, 976.8,   3.2,  -0.0
89087,  -1.4,   0.1,  -2.5,   5.8, 124.0,1043.4,   3.3,   0.0
89115,   0.2,  -0.2,  -2.2, -34.8,  45.8,1005.8,   3.4,   0.1
89137,   0.2,  -0.2,  -2.3,  47.5,  91.2,1011.2,   3.5,   0.0
89165,  -0.7,  -2.4,  -1.4, -28.4,  63.4, 987.0,   3.4,   0.2
89189,  -1.2,   1.4,  -2.6, -60.9, -20.8,1045.9,   3.2,   0.1
89213,  -0.7,  -1.4,  -2.1, -56.7, 113.5,1020.0,   3.3,   0.2
89237,  -1.0,   0.0,  -2.8,  62.2,  16.3,1023.9,   3.1,   0.1
89265,  -0.1,  -3.5,  -4.5,  66.8,  50.7, 986.1,   2.9,   0.0
89289,  -1.6,   0.6,  -6.4,  -0.3,  25.3, 985.6,   2.6,  -0.1
89313,  -1.4,  -0.1,  -7.3,  -8.6,  37.0, 978.0,   2.6,  -0.2
89337,  -2.0,   1.2,  -8.3,-159.5, -42.8,1106.2,   2.2,  -0.3
89365,   1.5,  -3.7,  -4.3, 207.4,  92.7, 939.7,   2.3,  -0.7
89389,   0.9,  -1.0,  -4.5,-120.0,  41.7, 977.8,   2.2,  -0.5
89413,  -1.6,  -0.4,  -3.6,  45.3,  23.9, 996.6,   2.2,  -0.3
89441,  -0.7,  -0.6,  -5.8, 102.7,  81.7,1026.8,   2.2,  -0.6
89465,  -1.4,  -1.6,  -7.1,  79.7,  27.8, 979.7,   2.4,  -0.7
89489,  -1.0,   0.2,  -5.6,  39.5,  32.9, 996.8,   2.2,  -0.8
89513,  -0.4,   1.0,  -6.9, -99.9,  61.2, 952.1,   2.2,  -0.6
89541,  -2.1,   0.5,  -6.1,  68.8,  73.9,1036.4,   2.4,  -0.4
89565,  -0.9,   0.6,  -4.3, -45.7,  92.5, 947.0,   2.4,  -0.2
89589,   0.1,   1.4,  -4.1,-124.4,  77.1,1026.1,   2.4,  -0.1
89613,  -0.5,  -0.3,  -3.8,  10.7,   0.4,1064.9,   2.5,  -0.0
89641,   0.3,   0.9,  -3.0,  -5.0,  76.6,1026.6,   2.5,   0.2
89665,  -0.0,   2.5,  -2.8,-119.2,  61.0, 959.5,   2.5,   0.5
89689,   1.2,   0.0,  -2.3, -25.2,  37.0,1043.4,   2.5,   0.5
89713,  -0.1,   0.3,  -1.6, -37.9,  46.1,1016.1,   2.6,   0.6
89741,   0.1,   0.4,  -1.6,  -6.9,  85.9, 995.6,   2.6,   0.6
89765,   0.7,  -1.3,  -0.8,  99.3,  59.0, 992.7,   2.9,   0.7
89789,   0.1,   1.8,   0.6, -25.7,  63.9, 981.9,   3.1,   0.8
89813,   0.4,  -1.1,   1.5,  53.6,  77.8, 974.8,   3.3,   0.8
89841,  -0.3,   4.0,   1.2, -47.0, 110.3, 948.0,   3.5,   1.0
89869,  -2.9,   1.3,  -0.2,  14.6, 121.8, 930.7,   3.5,   1.0
89889,  -0.8,  -1.6,   2.2,-116.8, 189.6,1021.2,   3.3,   1.3
89913,   0.8,  -1.4,   5.8,  31.2, 124.7, 942.4,   3.7,   1.4
89941,   0.8,   0.3,   7.0, -11.3, 102.0, 970.0,   3.9,   1.6
89965,  -1.0,   0.6,   7.7,-137.3, -43.5,1043.2,   3.8,   2.1
89989,   0.1,   1.0,   7.0,  61.4,  81.7, 967.8,   3.9,   1.6
90013,   0.6,   0.3,   7.4, -49.2, 137.9,1045.6,   4.1,   1.8
90041,   0.1,   2.5,   8.5,  15.3,  16.3,1024.6,   4.0,   1.6
90065,   0.6,   3.5,   8.5,-157.8,  10.4, 973.1,   3.8,   1.8
90089,  -0.4,   0.7,  10.1, -85.0,  65.1, 992.4,   3.7,   2.0
90113,  -0.4,  -1.8,  10.6,  36.8,  35.1,1013.7,   3.7,   1.9
90141,   0.3,   3.7,  10.6, -72.8,  -7.6,1008.0,   3.6,   1.6
90165,   1.3,  -0.9,  12.3,  74.4,  36.8, 990.7,   3.6,   1.7
90189,   0.3,   2.9,  12.4, -26.7,  -2.5,1033.4,   3.3,   1.6
90213,  -0.3,   2.8,  13.3, -97.7,  54.9, 979.0,   3.3,   1.7
90241,   0.8,  -1.4,  14.6,   6.5, 104.4,1018.8,   3.2,   1.8
90265,   1.6,  -0.7,  15.1, 124.4,  22.9,1071.5,   3.2,   1.5
90289,   0.5,   1.8,  15.9, -18.6,   9.7,1002.2,   3.1,   1.6
90313,   0.8,   2.6,  14.4, -83.1,  51.7,1008.0,   2.9,   1.5
90341,   0.3,   1.0,  13.8,  33.4,  18.2,1038.8,   2.7,   1.2
90369,   1.3,   0.4,  14.5, -46.5,  -1.0,1016.1,   2.7,   1.3
90389,  -0.0,   1.0,  13.1, -73.3, -11.5,1002.7,   2.6,   1.1
90413,  -0.7,  -0.2,  11.6, -48.7,  21.2, 983.4,   2.5,   1.0
90441,  -1.0,   0.2,  12.4,   6.0,  -8.4, 976.3,   2.2,   0.8
90465,  -1.9,  -1.1,  12.7, 117.8,  37.3,1024.2,   2.1,   0.4
90489,   0.7,   6.4,   8.9, -62.3,-115.5,1132.3,   1.9,  -0.4
90517,   3.0,  -3.4,   9.5, 184.2,  62.2, 995.6,   2.2,  -0.5
90541,   1.7,   2.0,   7.2,  17.7,  -2.3, 961.9,   1.9,  -1.0
90565,   1.2,  -1.4,   7.0, 123.2,  48.0, 984.1,   1.8,  -0.8
90589,   0.5,   0.6,   6.5, -33.3,  15.8, 967.3,   1.8,  -0.8
90617,  -0.6,  -0.7,   5.1,  68.0,  -3.2, 981.7,   1.9,  -1.2
90641,   0.3,  -0.1,   4.2,   0.9,  52.9,1020.3,   1.9,  -1.2
90665,   0.8,   0.5,   2.7,  80.2,  17.5, 925.8,   1.9,  -1.7
90689,   1.6,  -2.6,   3.3, 101.7,   4.6,1078.1,   1.6,  -1.6
90717,   0.9,   0.9,   0.8,  -5.0,  73.4, 986.3,   1.5,  -1.7
90741,   0.2,  -1.7,  -0.3,  68.8,  11.4, 949.2,   1.5,  -1.7
90767,   0.2,  -0.4,  -1.5, 109.3,  78.5, 946.8,   1.4,  -1.8
90791,  -0.4,   0.6,  -5.0, -94.6,  -2.0,1037.8,   1.2,  -1.9
90815,   0.1,   1.5,  -5.3,-113.9,  41.4, 949.2,   1.0,  -1.7
90839,   0.6,   1.2,  -7.4,  20.9, -55.0,1027.6,   0.8,  -2.1
90867,   1.1,  -2.7,  -8.4, 149.8,  90.0,1088.1,   0.9,  -2.4
90891,  -0.1,   1.4,  -9.6,-116.8,  54.9, 978.3,   0.8,  -2.2
90915,  -0.9,  -0.7,  -8.1, -40.4,  70.7,1041.0,   1.0,  -2.0
90939,  -0.0,  -1.2,  -5.6, -95.1,  15.1,1084.5,   1.0,  -1.6
90967,  -0.6,   0.7,  -9.7,  78.3,  35.6, 936.8,   1.4,  -1.8
90991,  -1.8,  -1.1, -11.1,  85.6,  91.5, 918.7,   1.6,  -1.6
91015,  -6.1,   3.4, -13.2, -57.0, 152.5, 835.7,   1.8,  -1.9
91039,  -0.7,  -9.8,  -6.1, 355.6, 128.4, 920.6,   1.4,  -1.3
91067,  -0.1,   2.9, -11.6,-158.5, 110.8, 946.0,   1.2,  -1.8
91091,  -1.6,  -1.8,  -9.9,  75.6, -43.3,1005.6,   1.3,  -1.3
91115,  -1.3,  -2.6, -10.0,-100.2,  73.9, 996.8,   1.2,  -1.0
91139,  -1.3,  -2.1, -10.0, 134.9,  75.4, 978.5,   1.4,  -0.9
91167,  -2.1,  -2.7,  -9.7,  23.4,   9.2, 986.6,   1.5,  -0.7
91191,  -2.1,  -0.4,  -8.5, -43.5, -86.7,1042.5,   1.4,  -0.6
91215,  -0.7,  -1.3,  -6.1, -34.5, -24.2, 991.7,   1.3,  -0.1
91239,  -0.1,  -0.8,  -6.2,-145.8, 146.4, 967.5,   1.6,   0.2
91267,  -1.5,  -2.2,  -5.5,-151.0,  37.3, 946.0,   1.8,   0.4
91291,  -1.1,  -1.9,  -4.4,  95.6,  40.5, 921.1,   1.9,   0.3
91315,  -1.6,   1.0,  -5.1, -34.8,  25.3,1036.1,   1.7,   0.3
91339,  -0.6,   0.3,  -4.7, -20.6,  22.6, 966.1,   1.9,   0.6
91367,  -1.7,  -3.4,  -3.9, 109.0,  87.6, 994.6,   1.9,   0.4
91391,  -3.7,   0.3,  -4.7,  -6.4, -12.3, 957.0,   1.8,   0.2
91415,   3.0,  -3.3,   1.7,-141.9, 143.0,1033.4,   1.4,   1.0
91439,   3.5,   2.6,  -0.8, -90.7,  51.4,1053.2,   1.8,   0.2
91467,   0.4,   2.5,  -2.5,-216.9,  77.3, 920.6,   2.5,   0.7
91491,  -1.0,  -0.8,   0.5,  11.4,  23.1, 955.3,   2.6,   0.6
91515,  -0.9,  -2.6,   2.5, 113.2, -81.4,1050.3,   2.2,   0.7
91543,  -0.4,  -2.5,   1.7,  93.9,  99.5,1031.5,   2.3,   0.7
91567,  -0.1,   0.2,   2.2, -34.5,  33.9,1022.7,   2.4,   0.7
91591,  -0.1,   2.6,   1.3,-136.3,  47.3,1057.8,   2.4,   0.5
91615,   0.4,  -0.8,   3.0, -47.4,  40.5, 987.3,   2.3,   0.6
91643,  -1.0,   1.4,   4.4, -33.5, -12.3, 970.7,   2.2,   0.5
91667,   0.2,  -0.8,   4.4,  64.6, 141.5, 990.7,   2.4,   0.6
91691,  -2.1,   1.0,   2.5,  49.5,  94.9, 939.2,   2.5,   0.5
91715,  -1.0,   1.2,   3.3, -28.2,  77.1, 979.0,   2.4,   0.6
91743,  -0.4,   0.4,   2.9, 110.3, 101.0, 993.6,   2.5,   0.4
91767,   0.3,   0.7,   3.7,   9.4,  54.4, 972.6,   2.4,   0.4
91791,  -0.6,   1.6,   3.7,  15.5,  32.2, 958.7,   2.2,   0.2
91815,  -3.1,   1.0,   2.9,  48.7,   0.7, 959.2,   2.1,   0.1
91843,  -1.7,   5.6,   0.3,-276.9,-398.3,1044.9,   1.6,  -0.0
91871,   3.3,  -2.2,   1.1, 229.4, 149.1,1003.9,   1.8,  -0.3
91891,   2.1,   3.8,   0.0,-370.0,  13.4, 973.1,   1.7,  -0.2
91915,   1.1,  -2.4,   2.0,  13.3, -13.0,1004.6,   1.5,  -0.1
91943,  -0.3,   0.4,   1.3,-211.0,  31.9, 967.8,   1.7,   0.2
91967,  -0.6,  -0.6,   0.2,  76.8,   8.5, 996.6,   2.0,  -0.1
91991,   1.9,   1.6,  -0.1,  18.7,  32.4,1029.3,   2.2,  -0.3
92015,   0.7,  -1.1,  -1.3, 117.1,  44.4, 978.3,   2.3,  -0.4
92043,   0.7,  -0.7,  -0.5,  -2.3,  78.8,1043.9,   2.2,  -0.2
92067,   2.0,   0.9,   0.5, -35.7,  -2.0, 911.1,   2.2,  -0.2
92091,   2.8,  -2.4,  -0.2, 156.4,  75.4,1054.7,   2.4,  -0.3
92115,   1.8,   1.5,  -2.4, -93.1,  27.8,1059.6,   2.4,  -0.4
92143,   0.9,   0.4,  -3.2, -88.7,  10.2,1007.3,   2.5,  -0.4
92167,   1.8,  -0.7,  -3.7,  32.9,  64.1,1034.4,   2.5,  -0.4
92191,   0.8,   0.8,  -3.9,   0.2, 114.4, 991.4,   2.8,  -0.4
92215,  -0.1,  -2.2,  -4.2, 154.7,  83.7, 988.5,   3.0,  -0.5
92243,  -4.6,   1.0,  -4.9,  14.3,-164.6,1257.8,   2.6,  -0.6
92267,   1.3,  -2.6,   1.0,-124.6,  65.9, 930.7,   2.4,   0.3
92291,   3.5,   2.3,  -6.0, -63.6,  96.4,1052.5,   2.8,  -0.7
92315,   1.3,  -0.8,  -6.7,  92.2,  83.7,1015.1,   3.4,  -0.4
92343,   0.3,  -1.9,  -3.3, -21.3,   2.1,1014.9,   3.2,  -0.2
92371,  -0.8,   2.9,  -4.4,-116.8,  84.2, 927.7,   3.3,   0.0
92390,   0.7,  -1.0,  -3.5,  53.4, 147.9,1017.3,   3.4,   0.2
92418,  -0.1,   0.8,  -5.8, -57.2,  70.5, 954.3,   3.3,   0.1
92442,   1.2,  -1.8,  -4.8, 153.0,   4.1, 968.3,   3.2,  -0.2
92466,   0.4,   0.2,  -4.0,  67.5, 145.0, 956.8,   3.3,  -0.0
92494,   0.1,   0.2,  -3.5, -85.8,  98.6, 947.0,   3.4,   0.4
92518,   1.6,  -2.2,  -2.9,  39.7, 110.5,1027.8,   3.5,   0.4
92542,   1.2,  -0.9,  -2.5,  21.2,  80.3,1052.5,   3.6,   0.7
92566,   2.6,   0.0,  -1.7, -80.4, 132.0, 953.8,   3.7,   0.8
92594,   1.0,  -1.5,  -1.9,  57.5,  94.7, 948.7,   3.8,   0.7
92618,   0.1,   1.8,  -1.9, -35.5,  68.5, 929.2,   4.0,   0.8
92642,   0.8,   0.4,  -1.1, -51.4, 116.9, 937.7,   4.0,   0.8
92666,   0.1,   0.1,  -0.8, -40.6, 115.7, 977.3,   4.0,   0.9
92694,   2.8,  -2.1,   1.6, -54.3, 125.7,1002.9,   4.0,   1.2
92718,   4.2,  -1.1,   0.8, 217.4, 135.2, 956.8,   4.2,   0.6
92742,   3.1,   1.0,  -0.3,-162.2, 165.7, 975.3,   4.6,   0.9
92766,  -0.1,  -0.7,   1.3,  88.5,  77.8,1021.5,   4.7,   0.8
92794,   0.4,   1.2,   4.1,-153.2,  70.7,1036.4,   4.6,   1.2
92818,  -1.4,  -1.5,   5.9,  40.7,  49.0,1054.4,   4.8,   1.3
92842,   0.8,   0.5,   5.8, -66.7,  97.8,1062.5,   4.7,   1.3
92870,  -0.1,  -0.3,   6.0, 107.8,  22.6,1042.5,   4.7,   1.2
92894,  -0.1,   1.0,   3.2,  16.0,  38.8,1023.4,   4.5,   1.3
92918,   0.6,   0.5,   2.3, -27.7,  27.0,1047.1,   4.4,   1.2
92942,   0.6,   2.8,   2.9, -43.8,  17.8, 969.0,   4.3,   1.0
92966,  -0.4,  -2.7,   2.7,  16.8,  48.5,1011.7,   4.3,   1.0
92994,   0.6,   1.8,   0.1,-211.5, 147.2,1063.7,   4.2,   1.0
93018,  -0.2,  -1.3,   1.9, -22.1,  99.5, 988.8,   4.4,   1.1
93042,   0.2,  -0.7,   2.3,  28.5,  44.6,1014.1,   4.3,   0.8
93066,  -0.3,  -0.1,   3.2,  52.4,  73.9, 962.9,   4.2,   0.6
93094,  -0.7,   0.3,   2.5,  21.6,  98.1, 966.8,   4.2,   0.6
93118,   0.1,  -1.6,   1.6,  51.9, 106.1, 975.1,   4.3,   0.5
93142,   0.6,   0.4,  -1.1, 105.1,  61.9, 976.8,   4.1,   0.3
93166,  -0.4,   0.4,  -1.4,   3.6,  68.5, 981.4,   4.1,   0.1
93194,  -3.0,   1.8,  -1.6, -36.5,  75.4, 969.2,   3.9,  -0.0
93218,  -6.8,   2.4,  -1.5,-135.1,-440.5,1509.0,   3.6,  -0.1
93242,   0.3,  -5.4,   5.8, 330.7,  44.4, 832.5,   3.5,   0.3
93266,   3.5,   3.1,  -7.0,-250.8, 170.1,1095.2,   3.6,  -0.5
93294,   0.9,  -3.0,  -4.8, 164.7, -56.7, 982.7,   3.7,  -0.6
93318,  -0.2,   2.6,  -4.8, -65.3, -19.6, 991.0,   3.3,  -0.9
93342,  -1.0,  -0.6,  -5.5,  34.8,   8.7,1022.4,   3.2,  -0.9
93370,  -0.0,   0.3,  -5.3,  76.6,  91.5,1004.4,   3.2,  -1.0
93394,  -0.1,  -1.0,  -6.7,  35.8,  14.8,1039.8,   3.1,  -0.8
93418,   0.4,  -3.0,  -6.4,  62.9,  32.4, 964.6,   3.1,  -0.6
93442,  -0.3,  -1.6,  -6.0,  54.8,  82.5,1039.1,   3.0,  -0.8
93466,  -0.8,   1.5,  -6.1, -27.2,  35.1, 962.9,   2.8,  -0.7
93494,  -0.1,   0.9,  -5.9, -39.1,  49.5, 954.6,   2.7,  -0.7
93518,   0.1,   1.3,  -7.0,  91.7,  31.2, 921.1,   2.5,  -0.6
93542,   0.4,  -2.7,  -7.8,  32.4,  86.8, 936.5,   2.5,  -0.3
93570,   0.9,  -3.2,  -7.5, 126.4,  -6.7,1032.9,   2.4,  -0.5
93594,   1.2,   0.8,  -7.2, -67.7,   7.5, 905.5,   2.2,  -0.3
93618,   0.4,   2.0,  -7.8,-102.9, 186.9, 969.0,   2.5,  -0.1
93642,  -1.4,   1.1,  -7.7,-104.8,  89.0, 948.7,   2.7,   0.1
93670,  -2.8,  -0.2,  -7.5, -70.2,-283.0,1143.5,   2.3,   0.0
93694,   1.9,  -4.5,  -3.6,   3.3, 168.6, 926.3,   2.7,   0.7
93718,   1.2,   1.5,  -7.1, -43.5,  77.1,1018.5,   2.8,   0.1
93742,  -2.0,   1.4,  -6.1,-100.7, 100.0, 873.3,   3.2,   0.6
93770,  -3.1,   2.7,  -5.6, -97.0,  93.4, 942.9,   3.3,   0.5
93794,  -1.2,  -0.4,  -4.4,  68.0,  95.9, 970.2,   3.4,   0.5
93818,  -0.4,  -1.7,  -2.9, -24.3, 112.5, 982.4,   3.6,   0.8
93842,   0.1,  -3.0,  -2.0, -73.1, 123.0, 987.8,   3.7,   1.1
93870,  -1.6,  -0.2,  -2.4,  59.2, -53.0,1013.4,   3.5,   1.0
93894,  -0.5,  -1.1,  -0.6, -10.6,  63.9,1026.4,   3.7,   1.1
93918,  -0.2,   0.8,  -0.2,-122.6,  49.7, 979.2,   3.7,   1.1
93942,  -0.7,   2.6,   0.1,-191.7,  73.2, 977.0,   3.7,   1.3
93970,  -1.4,  -0.5,   1.4, -24.5,  11.9, 963.6,   3.8,   1.6
93994,   0.4,  -1.6,   3.7,  35.6,  18.0,1030.0,   3.6,   1.6
94020,  -0.1,   1.8,   5.3,  24.3,  90.8, 967.0,   3.9,   1.6
94044,  -0.4,   1.2,   5.9, -89.0,  75.1,1021.5,   3.9,   1.8
94068,  -1.4,   0.4,   7.4,-109.0,  90.3,1068.8,   4.0,   2.1
94092,  -0.9,  -0.5,   7.5, 102.7,  56.3, 961.9,   3.9,   1.6
94120,  -3.4,   3.2,   5.8, 112.2,  16.8,1210.4,   3.9,   1.2
94144,   2.2,   0.3,   8.6,-180.7, 176.0, 967.5,   3.8,   1.8
94168,   2.2,   2.6,   7.7, -37.2, 102.5, 986.3,   4.1,   1.4
94192,  -0.1,   2.0,   8.7, -67.0, 104.7, 959.7,   4.4,   1.4
94220,   0.1,   3.8,   9.2,-178.6,  61.5, 979.2,   4.4,   1.4
94244,  -0.0,   1.0,  11.1,  13.3, 132.0, 923.8,   4.6,   1.4
94268,  -1.6,  -0.2,  10.3, -99.7, 142.0,1021.0,   4.4,   1.5
94292,  -1.1,  -0.7,  10.0,  76.3, 110.8, 927.7,   4.4,   1.4
94320,  -1.8,   0.2,   8.0, -72.3,  38.3, 944.3,   4.2,   0.9
94344,  -0.6,  -0.2,   9.6, 171.3,  56.8,1020.7,   4.1,   0.5
94372,  -0.9,   1.4,   7.7,  36.0,  97.1, 987.3,   4.1,   0.5
94392,  -0.5,   0.9,   6.7, -13.5,  34.1, 955.1,   3.9,   0.4
94420,  -0.9,   1.9,   7.2,-122.9,  84.9, 942.4,   4.1,   0.5
94444,  -1.5,   0.6,   6.9,  18.5,  75.6, 965.6,   4.2,   0.4
94468,  -0.3,  -0.5,   5.9,  50.2,  15.1, 955.1,   3.9,   0.2
94496,  -1.4,   0.1,   4.7,  11.4,  49.7, 986.1,   3.8,   0.0
94520,  -0.1,   0.3,   4.5, 148.8,  26.8, 977.3,   3.7,  -0.4
94544,  -0.9,  -1.2,   3.2,  13.1,  61.9,1011.2,   3.7,  -0.4
94568,  -1.0,   1.0,   0.6,  10.9,  58.3, 928.2,   3.7,  -0.6
94596,  -1.7,   0.0,   0.4, 162.0,  38.3, 948.7,   3.5,  -0.9
94620,  -2.9,   3.1,   1.0,  16.8,  30.2, 939.0,   3.3,  -0.9
94644,  -4.8,   0.2,   1.5, -28.2,  20.7, 931.1,   3.1,  -0.8
94668,   2.6,  -1.7,   2.2, -17.7, 187.2, 861.1,   2.6,  -0.4
94696,   3.4,  -2.1,  -4.7, 151.3,  80.3, 973.1,   2.7,  -1.1
94720,   1.3,   0.6,  -5.0,   2.1, -54.5, 918.9,   2.6,  -1.2
94744,  -0.3,  -0.2,  -5.0,   9.9,  51.2,1030.0,   2.2,  -1.2
94768,  -0.7,   0.2,  -5.7,  75.4,  96.4, 991.0,   2.2,  -1.2
94796,   0.1,   0.1,  -6.6, -40.1,  77.6,1018.8,   2.3,  -0.9
94820,   1.0,  -0.6,  -7.3,  -0.3,  37.8, 960.7,   2.2,  -1.1
94844,   0.6,   1.0,  -5.5, -72.3,  31.4,1016.6,   2.1,  -1.0
94872,   0.5,   1.0,  -5.9,  32.6,  52.7, 985.8,   2.1,  -1.0
94896,   0.3,   1.1,  -6.6, -86.0,  42.4, 955.6,   1.9,  -0.8
94920,   0.4,   1.2,  -7.2,  45.8,  10.7,1083.2,   1.8,  -0.9
94944,   1.1,   0.1,  -8.7, -66.0, -45.7,1019.5,   1.7,  -0.9
94968,  -1.4,  -1.2,  -9.3, 189.1,  40.7, 985.6,   2.1,  -0.9
94996,  -0.8,   0.1,  -8.8,-145.6, -17.6,1016.1,   2.0,  -0.6
95020,  -0.8,   0.7,  -8.1,-121.2,  33.4,1004.1,   2.0,  -0.4
95044,  -1.2,  -2.1,  -7.4,  93.2, 122.7, 988.5,   2.5,  -0.3
95068,  -3.2,   0.1,  -8.5, -49.4,  13.6, 956.5,   2.4,  -0.2
95096,  -5.4,   3.2,  -9.1,  10.2,-117.7,1166.0,   2.3,  -0.3
95120,   1.2,  -1.1,  -4.7, -96.8, -31.8,1072.0,   2.0,   0.4
95144,   1.2,  -0.3,  -5.2, -56.5,  54.4, 981.7,   2.4,   0.4
95168,  -0.4,   0.9,  -6.2,  56.6,  41.2, 966.3,   2.6,   0.4
95196,  -0.6,  -2.6,  -5.6,  74.9, 100.5,1006.8,   2.8,   0.7
95220,   0.1,  -1.0,  -5.2,  21.6,  18.2,1023.7,   2.8,   0.4
95244,  -0.3,  -0.1,  -3.9,-133.9,  55.8, 983.4,   2.8,   1.0
95268,  -0.5,  -1.3,  -2.7,  22.6, -37.7,1081.5,   2.7,   1.0
95296,  -0.1,   0.7,  -2.5, -29.1,  34.1,1010.7,   2.9,   1.0
95320,  -0.7,   1.5,  -0.8, -22.5,  11.2, 996.1,   2.9,   1.1
95344,  -0.9,  -0.7,  -1.2,  38.2, -37.4,1041.0,   2.9,   1.0
95372,  -1.1,   3.6,  -1.2, -28.6, -55.2,1041.7,   2.7,   1.2
95396,   0.9,   2.0,   0.3,  26.5,  85.9, 980.9,   3.1,   1.4
95420,   1.0,  -2.2,   2.0,  34.1,  26.8,1019.3,   3.0,   1.6
95444,  -0.2,  -0.9,   3.0,  43.4, -88.4,1101.8,   2.9,   1.7
95468,   0.9,   0.1,   4.7, -57.2,  93.7, 967.0,   3.1,   2.1
95496,   0.7,  -2.4,   7.5, -45.5,  43.9, 968.3,   3.2,   2.2
95520,   0.5,  -1.0,   7.7, 141.0, -13.5,1004.9,   3.1,   1.8
95544,  -0.4,   1.4,   5.0,-158.3,  27.5, 974.4,   2.8,   1.9
95572,   1.8,  -1.4,   6.3,  33.1,  89.8,1124.5,   2.8,   1.8
95596,   3.0,   0.9,   8.7,  10.4,  46.1, 860.6,   3.0,   1.7
95620,   1.2,   0.1,  11.4, -95.3,  -8.1,1011.0,   2.9,   2.2
95646,   2.8,   1.7,   8.0,-171.7, 197.9, 961.4,   3.0,   1.7
95670,   1.0,  -2.1,   7.8, 216.7, 122.7,1072.5,   3.4,   1.6
95694,   0.1,   2.8,   7.1, -27.7,   4.6,1036.6,   3.3,   1.2
95722,   0.1,   0.5,   9.1, -89.4, 117.9, 937.0,   3.3,   1.4
95746,  -1.4,  -0.1,   8.4,  22.1, 127.1, 986.6,   3.4,   1.3
95770,  -1.4,  -0.6,   7.8, -59.9, 139.3, 939.4,   3.6,   1.1
95794,  -0.2,   0.4,   9.0, -23.8,  50.5, 975.3,   3.4,   0.8
95822,   1.3,   1.2,   9.1, -36.7,  43.1,1057.8,   3.4,   0.7
95846,   0.1,   4.3,   7.3,-184.2, 111.8, 941.2,   3.5,   0.8
95874,  -1.8,   1.2,   6.0,  -3.0,  51.0, 978.5,   3.5,   0.8
95894,  -0.6,   2.6,   6.4, -59.2, 130.5, 952.6,   3.5,   0.7
95922,  -0.6,   1.0,   7.4,  18.0,  56.3, 980.7,   3.5,   0.5
95946,  -0.3,  -2.0,   6.7, 152.3,  95.4, 982.7,   3.6,   0.2
95970,  -2.0,   1.5,   3.6,  -5.7,  -9.8, 965.6,   3.5,   0.1
95994,  -2.5,   1.2,   3.3,  22.1,  74.4, 910.4,   3.4,  -0.1
96022,  -3.2,   1.0,   4.1,  71.2,  49.5, 922.4,   3.2,  -0.5
96046,  -2.6,   2.6,  -0.5, 191.8,-172.4,1268.8,   2.8,  -1.0
96070,   3.0,  -3.2,  -0.0,  44.8,  96.6, 937.0,   3.0,  -0.1
96094,   2.2,   1.2,  -3.0, 104.4, -30.3,1019.5,   2.8,  -1.1
96122,   0.6,  -0.2,  -1.1, -77.7,  68.8, 963.4,   2.7,  -0.6
96146,  -0.8,   2.3,  -1.7,-126.3,  42.2, 948.2,   2.7,  -0.5
96170,  -0.9,   0.4,  -0.9,  50.0,  59.3,1000.2,   2.6,  -0.5
96194,  -0.7,   2.0,  -4.1,  44.6,  -6.7,1060.0,   2.6,  -0.6
96222,  -0.1,   0.2,  -3.2, -73.6,  55.8,1020.0,   2.5,  -0.6
96246,  -1.4,  -0.8,  -3.1,  81.0,  16.0,1010.5,   2.3,  -0.7
96270,  -1.0,   1.4,  -3.3, -57.0, -10.1, 983.6,   2.0,  -0.6
96294,  -0.4,   3.4,  -2.5, -63.8,  22.4,1065.4,   1.8,  -0.5
96322,  -0.6,   1.2,  -3.5,  54.1,  22.6, 944.3,   1.9,  -0.4
96346,   0.9,   0.1,  -5.0, -49.6,  -3.2, 956.3,   1.6,  -0.3
96374,   1.3,   0.9,  -5.8, -68.4,  71.0,1021.2,   1.7,  -0.2
96394,   1.0,  -0.4,  -4.8, -87.0, -70.4,1016.1,   1.5,  -0.0
96422,   2.0,   0.2,  -3.5, -26.5,  70.0,1038.8,   1.5,  -0.1
96446,   0.7,   0.7,  -4.6,-118.7,  47.8,1066.6,   1.6,   0.1
96470,   1.2,  -0.3,  -3.7, -14.0, 160.6, 965.6,   2.0,   0.3
96494,  -1.8,  -1.3,  -3.7,  31.2, 106.1, 966.3,   2.2,   0.2
96522,  -4.8,   0.6,  -2.3, 175.0,-257.6,1713.6,   1.8,   0.1
96546,   1.0,   2.6,  -0.1,-171.2,  52.7, 906.7,   1.6,   0.8
96570,   2.6,   0.8,  -6.4,-145.3, 123.5,1112.5,   2.2,   0.3
96598,   0.6,  -2.1,  -3.6, 189.9,  40.7,1026.4,   2.3,   0.3
96622,  -0.2,   3.1,  -3.4,-181.0,  49.5,1028.3,   2.2,   0.4
96646,  -0.2,   2.3,  -1.6,-103.4,  38.8,1065.2,   2.1,   0.5
96670,  -0.6,   1.1,  -0.8, -13.8,  71.2, 995.8,   2.3,   0.6
96698,  -0.1,  -1.2,  -0.4,  62.2, -17.9,1009.0,   2.4,   0.7
96722,  -0.6,  -0.3,  -0.4, 101.5,  37.3,1008.5,   2.5,   0.6
96746,  -0.7,  -1.2,   0.6,  72.4,  14.8, 953.6,   2.4,   0.6
96770,   0.2,   0.0,   1.5,  45.1, -16.7, 988.8,   2.2,   0.6
96798,   1.0,   1.9,   1.2, -39.9,  73.9, 979.7,   2.5,   0.8
96822,   0.4,   2.4,   2.0,-107.5,   5.5, 977.5,   2.6,   0.8
96846,   0.6,  -1.8,   4.3,  15.8,  12.6,1012.4,   2.5,   1.1
96874,   1.7,   0.9,   3.7, -88.2, 119.6, 989.5,   2.6,   1.2
96898,  -1.0,   0.3,   3.9, -47.9,  74.4,1010.0,   2.9,   1.0
96922,  -3.3,  -0.9,   4.5,   6.8,  11.9, 967.0,   2.8,   1.0
96946,   2.8,  -4.1,  11.5, -34.8, 178.6, 935.0,   2.4,   1.7
96970,   4.7,   7.0,   2.7,-175.1,  29.2, 958.7,   2.5,   0.3
96998,   2.6,  -0.5,   3.2,   9.7,  14.1, 913.3,   3.2,   0.6
97022,   1.8,  -0.2,   4.8,  81.0,  36.1, 955.3,   2.9,   0.4
97046,   1.3,  -4.4,   6.0, 146.2, 122.2, 898.9,   3.0,   0.6
97070,  -0.0,  -2.2,   5.5,  94.2,  71.7,1018.8,   3.2,   0.6
97098,   1.1,  -3.7,   5.3,  76.6, 110.3, 924.5,   3.3,   0.6
97122,   0.4,   0.9,   4.5, -65.8,  28.7,1010.5,   3.2,   0.3
97146,   1.0,  -0.3,   6.0,  10.9, 126.2, 923.6,   3.2,   0.3
97170,   0.1,   1.5,   3.7, -73.6,  88.3, 962.6,   3.1,  -0.0
97198,   0.1,  -2.9,   2.8,  41.7, -34.0, 975.1,   3.3,   0.1
97222,   0.4,  -0.9,   2.7, 104.7,  68.5,1035.9,   3.3,  -0.2
97246,  -0.6,   0.5,   0.8, -40.6,  12.9, 939.4,   3.4,  -0.4
97272,  -1.4,  -2.2,   0.6,  98.3,  87.6,1004.1,   3.6,  -0.3
97296,  -2.0,   1.5,  -0.3,  76.6,  36.3, 977.3,   3.8,  -0.7
97320,  -2.4,   0.7,   1.3,-114.6, -16.7, 981.7,   3.5,  -0.5
97348,  -2.8,  -1.2,   1.7, -20.6, 137.6, 898.2,   3.6,  -0.4
97376,  -1.0,   6.2,  -0.8,-455.7,-218.1,1251.2,   3.4,   0.1
97396,   0.4,  -3.4,   0.3,-180.7,  68.8, 824.7,   3.6,   0.6
97420,   0.8,  -1.0,  -3.1, 107.8,  91.2, 924.3,   3.6,  -0.4
97448,  -1.4,  -3.3,  -3.7,  71.2,  44.4, 918.2,   3.3,  -0.3
97472,  -1.4,   2.1,  -5.4,  15.1,  94.2, 921.9,   3.2,  -0.7
97496,  -1.5,   1.6,  -6.0, -54.5,  52.9, 956.8,   3.2,  -0.7
97524,  -1.0,   2.2,  -5.2, 115.6, -35.7,1023.2,   3.0,  -0.7
97548,  -1.2,   4.1,  -6.4, -33.5, -87.0,1079.3,   2.8,  -0.8
97572,  -0.9,   1.2,  -4.4,-129.2, -60.1,1060.0,   2.7,  -0.5
97596,  -0.3,  -1.2,  -5.6,  58.3,  15.1, 969.0,   2.5,  -0.5
97624,  -0.3,   1.1,  -6.4, -50.4,  -5.2,1059.6,   2.3,  -0.7
97648,  -0.4,  -0.8,  -5.6, -77.0,   4.1, 916.2,   2.5,  -0.1
97672,  -1.3,   1.5,  -6.0, -68.4, -40.3, 984.4,   2.2,  -0.3
97696,   0.4,  -2.2,  -5.1, 144.4,   1.4,1071.0,   2.2,  -0.3
97724,   0.8,  -1.9,  -6.7,  -8.4, 136.7, 983.4,   2.5,  -0.1
97748,  -1.8,   0.1,  -8.8,   2.4, -12.5, 879.9,   2.4,  -0.3
97772,  -4.2,  -0.5,  -7.8, 143.0,  99.5, 953.8,   2.4,  -0.5
97796,   1.2,  -3.0,  -2.8,-204.7, 181.8, 894.5,   2.1,   0.6
97824,   1.4,   1.1,  -6.7, 143.0, 152.8, 966.3,   2.4,  -0.4
97848,  -1.0,   1.2,  -8.3, -29.6, -55.5,1016.3,   2.7,   0.3
97876,  -1.2,   0.9,  -6.6,   8.5,  13.1,1023.2,   2.6,   0.4
97896,  -1.8,   1.5,  -4.6,  78.5,  81.7, 946.0,   2.7,   0.2
97924,  -1.5,   1.1,  -4.2, -60.6,  11.4,1053.7,   2.8,   0.8
97948,   0.3,  -2.1,  -3.6,-120.2, 127.6, 960.9,   3.1,   1.1
97972,  -1.2,  -0.1,  -4.0, 104.7, -26.7, 955.1,   3.0,   0.8
97996,  -0.3,  -1.2,  -2.2,-140.0,  77.8, 926.7,   2.9,   1.0
98024,   0.5,   2.6,  -2.6,  62.2,  85.1, 914.5,   2.9,   0.7
98048,  -0.6,   1.0,  -2.7, -80.2, 139.3, 943.3,   3.0,   1.0
98072,   0.6,   1.7,  -1.8,  60.7,  80.3,1075.4,   3.0,   1.0
98096,   0.1,  -0.2,   0.0, -44.0,  80.5, 963.1,   3.1,   1.3
98124,  -0.0,  -1.2,   2.7, -45.7, 120.1,1036.4,   3.4,   1.5
98148,  -1.0,  -0.8,   2.3,-106.0,  30.5, 928.5,   3.5,   1.6
98172,  -2.3,   0.6,   2.8, -38.9,  60.7,1006.1,   3.3,   1.5
98196,   1.2,  -2.6,   6.7, -68.0, 135.4,1050.8,   3.1,   1.8
98224,   3.3,  -1.3,   7.4,  71.4,  79.3, 982.9,   3.2,   1.4
98248,   2.9,  -0.4,   2.3, -41.1,  84.4, 996.3,   3.5,   1.2
98272,   0.7,  -3.7,   3.2, 161.0, 142.0, 939.9,   3.8,   1.3
98296,   0.1,   0.1,   5.8, -13.0,  -1.3, 966.8,   3.5,   1.0
98324,   1.0,   2.4,   6.4, -81.1, 117.9, 961.9,   3.4,   1.2
98348,   0.2,  -1.0,   7.0, -36.5, 118.3, 972.9,   3.7,   1.3
98376,   0.6,   1.8,   6.7, -65.3, -22.5,1017.6,   3.6,   1.4
98396,   0.5,  -0.1,   6.4, -77.5,  42.7, 999.3,   3.5,   1.3
98424,   1.4,   0.3,   6.4,   8.2,  33.1,1042.2,   3.3,   1.0
98448,  -0.4,  -0.2,   5.4,  61.9,  99.8, 973.6,   3.6,   0.7
98472,  -0.6,   0.4,   4.1,  24.6, 133.7,1013.2,   3.6,   0.5
98496,  -1.0,   2.0,   4.1,-104.1,  48.5, 980.2,   3.6,   0.4
98524,  -0.3,  -1.1,   4.8, 134.9, -24.7,1068.1,   3.6,   0.2
98548,  -0.9,   0.3,   4.4, -18.2,  63.7, 999.5,   3.8,   0.3
98572,  -0.0,   0.0,   3.0,  33.1,  32.2, 996.3,   3.6,  -0.1
98600,  -0.5,   1.7,   2.1,  88.1,  96.9, 947.5,   3.6,  -0.5
98624,  -0.6,   1.7,   0.1,-150.5,  67.8, 890.9,   3.6,  -0.5
98648,  -2.8,  -1.0,  -0.5,  75.4,  73.9, 969.2,   3.4,  -0.5
98672,  -3.6,   2.0,  -2.1, 140.5,   7.0, 973.1,   3.0,  -1.0
98700,   1.5,   0.9,  -3.0,-248.9, 165.0, 965.6,   2.7,  -0.4
98724,   1.6,  -1.9,  -5.9, 115.9,   8.7, 963.6,   2.7,  -1.2
98748,  -0.3,   0.3,  -5.7,  22.6, -16.7,1019.0,   2.3,  -1.0
98772,  -0.0,  -0.8,  -6.1,  54.6,  53.2, 998.8,   2.2,  -0.9
98800,  -1.9,   1.2,  -6.4,  57.3,  33.1, 986.6,   2.2,  -0.8
98824,  -1.7,  -2.4,  -6.8,  77.3,  74.2, 983.4,   2.1,  -0.6
98848,   0.1,  -4.1,  -7.2, 259.9,  35.1,1047.8,   2.0,  -0.8
98876,  -1.2,   0.3,  -9.1,  19.9,  13.1, 967.8,   1.9,  -0.8
98899,  -0.7,   0.2,  -9.2,  38.2,  21.2, 984.4,   1.8,  -0.7
98923,  -0.2,  -1.0,  -9.7,  66.1,  76.8, 947.7,   1.6,  -0.7
98947,   1.2,  -1.8,  -9.6, 120.5,  15.3, 965.1,   1.4,  -0.5
98975,   0.1,  -0.1, -12.1, -46.2,  39.0, 980.5,   1.6,  -0.2
98999,  -0.5,  -0.5, -12.6, -20.8, -15.9,1035.6,   1.5,  -0.2
99023,   0.8,  -0.2, -10.0,  13.6, 102.7,1068.6,   1.5,  -0.2
99047,  -0.7,   2.1,  -9.6,-191.0,  45.1,1072.7,   1.8,   0.1
99075,  -2.9,   1.7, -10.6, -47.7, -35.2, 958.7,   1.6,   0.1
99099,  -4.7,   0.1, -11.9, 134.4, -13.7,1140.6,   1.6,  -0.1
99123,   2.1,   1.4,  -6.9,-192.7, 162.8, 940.2,   1.3,   0.8
99147,   2.6,   0.0,  -7.2, -73.3, 103.7, 981.9,   1.5,   0.6
99175,   1.3,  -0.2,  -4.4, -11.8, -81.9, 926.3,   1.3,   1.2
99199,   0.4,  -0.7,  -6.3,  27.7, 116.4,1052.5,   1.6,   1.3
99223,   1.4,  -2.1,  -4.8,  56.1,  63.4, 941.2,   2.1,   1.3
99247,   0.8,   0.4,  -3.5,-130.9, -37.7, 978.5,   2.1,   1.4
99275,   0.6,  -1.3,  -0.1,  83.2,  42.9, 968.3,   2.1,   1.7
99299,   0.8,  -0.4,  -0.3, -29.1,  81.5, 955.8,   2.1,   1.7
99323,   1.6,   2.0,   0.3,-204.2,  99.8, 924.3,   2.2,   1.9
99347,   1.8,  -1.4,   1.7,-167.1, 210.6,1003.7,   2.7,   2.0
99375,  -0.1,  -2.3,   3.3,  14.8,  30.0,1001.5,   2.7,   1.9
99399,  -0.3,   0.5,   4.8, -38.4,  -7.6,1029.5,   2.7,   1.9
99423,  -0.1,  -0.6,   6.9,-165.4,  68.3,1013.7,   3.0,   2.1
99447,  -1.7,   1.3,   8.0,-109.7,  56.3,1067.6,   3.4,   2.2
99475,  -1.6,   1.2,   8.4, -20.6, -44.7,1143.5,   3.2,   1.9
99499,   6.2,  -1.7,  13.4,-401.9, 223.1, 822.7,   3.2,   2.8
99523,   5.2,  -0.3,  10.4,  -0.1, 152.0, 995.3,   3.6,   1.7
99551,   1.5,  -3.0,  14.1, -87.2,  17.5, 921.1,   3.9,   2.2
99575,   0.4,   8.8,   9.1, -73.8,  38.0,1014.4,   3.9,   0.8
99599,   1.5,  -0.1,  11.3,  82.7, 276.3, 959.2,   4.5,   1.3
99623,   0.4,   3.2,  11.9, -20.1, -29.6, 945.5,   4.2,   1.0
99651,  -0.1,  -1.3,  12.4, 158.1,  57.3, 992.4,   4.0,   1.0
99675,   0.7,   0.3,  11.5,   1.1, 100.5, 957.5,   3.9,   1.0
99699,  -0.9,  -2.0,  10.0, 144.4, -10.1,1017.6,   4.0,   0.5
99723,   0.4,   3.2,   9.8, -21.1,  52.9, 917.0,   3.7,   0.4
99751,   0.2,   1.7,   6.7,  56.8, -22.5, 982.7,   3.5,  -0.0
99775,  -0.1,  -1.6,   6.0, 177.9, -30.1,1032.0,   3.4,  -0.2
99799,   1.3,   1.4,   4.2, 146.9, -26.7, 948.5,   3.1,  -0.6
99823,   0.3,  -2.6,   0.9, 176.4, -32.3, 968.3,   3.2,  -0.8
99851,   1.5,  -2.2,   1.4, 113.4, 104.7, 963.1,   3.1,  -0.9
99879,   1.0,   1.9,  -1.4, -89.0,  56.1, 968.0,   3.1,  -0.8
99899,   1.0,   1.6,  -3.9, -79.4,  73.9,1070.3,   3.2,  -1.0
99923,  -1.5,  -1.5,  -4.6,   6.0,  69.5, 941.9,   3.5,  -0.9
99951,  -3.5,   3.2,  -5.5,  29.9,  30.2, 938.0,   3.2,  -1.6
99975,  -8.5,  -1.8,  -6.1,  90.2, 102.0, 870.6,   3.4,  -1.7
99999,   1.6,  -1.0,  -6.2, 302.2, 119.6, 579.1,   3.3,  -1.7
100023,   2.1,   2.6, -13.3, -36.7, 145.2, 901.1,   3.6,  -2.3
100051,  -1.8,   0.7, -10.5,   1.9,-103.3, 906.5,   3.5,  -1.9
100075,  -1.9,   0.1, -10.5, -39.6,  27.3,1030.3,   3.1,  -1.7
100099,  -2.7,   1.2, -11.4,  50.9, -17.9, 921.9,   3.0,  -1.3
100123,  -1.3,  -2.2, -11.1,-197.1,  56.1, 971.9,   2.9,  -0.7
100151,  -1.0,  -1.0, -11.2,  33.4,  69.8, 997.5,   2.8,  -0.9
100175,  -1.3,  -0.1, -11.9, -35.2,  94.9,1023.2,   2.7,  -0.9
100199,  -0.6,   1.8, -13.8,-140.7,  15.8,1038.1,   2.5,  -0.8
100223,   0.2,   1.4, -14.0, -51.6,  37.0, 991.0,   2.3,  -0.8
100251,  -0.3,   1.5, -13.5, -49.9,  41.9, 943.1,   2.2,  -0.6
100275,  -0.7,   0.6, -13.6,-162.2,  29.0,1062.5,   2.1,  -0.2
100299,  -1.0,   2.0, -13.0,-153.2, -20.8, 968.7,   2.2,  -0.1
100323,  -2.1,  -1.9, -12.0, -90.4,  67.1, 976.1,   2.4,   0.4
100351,  -2.8,  -0.5, -10.9, 125.2,-108.0,1345.0,   2.4,   0.3
100379,   4.9,  -5.5,  -3.5, -78.9, 245.8, 898.9,   2.7,   0.3
100399,   3.4,   3.5,  -8.1,-275.7, 112.2, 942.4,   3.0,  -0.5
100423,   0.8,   0.3,  -7.4,-147.3, 131.8,1000.0,   3.6,   0.3
100451,  -2.1,   2.3,  -5.0, -51.4,  -3.0, 928.7,   3.6,   0.1
100475,  -1.4,  -4.7,  -2.0, 378.1, 181.1, 884.0,   3.6,   0.0
100499,  -0.4,  -2.0,  -6.3,   8.0, 100.3,1017.8,   3.7,   0.4
100525,  -0.6,   0.9,  -5.5,   3.8,   5.8, 958.5,   4.1,   0.5
100549,   0.7,  -1.0,  -1.7, -33.0,  28.7,1075.2,   3.9,   0.8
100577,   1.4,   0.6,   0.5, -78.0, 106.4, 997.3,   3.9,   1.1
100601,   0.2,   2.1,   0.7, -85.3,   7.7,1023.4,   4.1,   1.2
100625,  -0.9,  -0.2,   3.3, -30.4,  77.3,1012.9,   4.4,   1.7
100649,  -0.6,  -2.2,   5.2,  24.8,  -4.0,1045.4,   4.3,   1.8
100677,   1.0,  -1.3,   5.9, -48.2, 108.8, 998.0,   4.3,   2.0
100701,   1.6,  -0.5,   7.1,   4.1,  83.4, 999.3,   4.2,   1.9
100725,   0.8,   2.1,   8.1,-103.4,  18.7,1040.0,   4.1,   2.0
100749,  -0.0,   1.8,   9.6, -44.8,  -0.6, 944.8,   4.1,   2.0
100777,  -1.0,   0.5,   9.2,  -9.8,  15.3, 973.6,   3.9,   1.9
100801,  -1.9,   4.8,   7.4,  11.4,-205.1,1406.5,   3.6,   1.6
100825,   1.0,   1.9,  11.0,-170.3,-103.1,1086.4,   3.5,   2.1
100849,   1.5,  -1.0,  10.5,  98.3,  24.8,1086.9,   3.5,   1.5
100877,  -0.1,   3.1,  14.0,-207.6,   7.3,1070.8,   3.4,   1.8
100901,   3.3,   3.4,  11.0,  92.0,  95.4, 992.4,   3.4,   0.9
100925,   1.5,  -1.1,   9.6, 122.5, 153.5,1005.6,   3.8,   1.1
100949,   1.4,  -0.9,  12.0, 172.5,  42.9, 916.0,   3.7,   0.8
100977,   0.4,  -0.5,  13.1,  59.5,  51.4, 991.4,   3.5,   1.1
101001,  -0.3,  -2.5,  12.4,  81.2,  34.8, 927.5,   3.5,   1.2
101025,  -0.7,  -1.9,  10.1, 102.2, 108.6, 898.4,   3.6,   1.1
101049,   0.4,   0.5,  11.0,  22.9, -53.8, 971.4,   3.3,   0.8
101077,   1.1,   0.6,  10.6, -18.2,  60.7,1037.3,   3.1,   0.8
101101,   0.4,  -0.2,   8.1, -61.4, -24.2,1043.2,   3.1,   0.6
101125,  -0.1,  -0.3,   6.4, 145.4,   5.3,1034.4,   3.2,   0.2
101149,  -0.2,   0.3,   6.7, -17.9,  74.9, 985.3,   3.3,   0.1
101177,   1.0,  -2.2,   6.9, 176.9,  54.4, 908.9,   3.4,  -0.3
101201,  -0.9,  -0.3,   5.9,-130.5,  22.6, 932.6,   3.2,  -0.2
101225,  -2.6,   0.8,   3.5, 245.8, 125.2, 899.2,   3.4,  -1.0
101249,   2.4,  -5.5,  10.0, 175.0, 155.0, 890.4,   3.1,  -0.5
101277,   3.2,   4.6,   4.9, -22.3,  54.4, 933.1,   3.2,  -1.4
101301,   1.4,   2.8,   3.3,-131.9, 101.3, 973.4,   3.6,  -0.9
101325,   0.2,   1.5,   4.6,  77.8, -18.4,1011.7,   3.5,  -1.1
101349,   0.5,  -0.5,   5.4,  72.4,  59.5, 982.2,   3.4,  -1.1
101377,   0.5,   1.7,   3.4, -89.9,  36.1, 936.5,   3.4,  -1.0
101401,   0.4,   0.4,   0.8,  98.5,  86.8, 981.9,   3.4,  -1.0
101425,   1.1,   2.9,   0.6, -41.8,  71.5, 972.9,   3.4,  -1.0
101449,   0.8,   0.3,   0.9,  77.3,  13.9, 974.4,   3.5,  -1.0
101477,   1.8,   1.3,   1.4, -87.2,  33.9,1008.8,   3.3,  -0.8
101501,   0.7,   2.5,   0.3,-172.4,  73.7,1030.8,   3.3,  -0.5
101525,  -0.3,   0.2,   1.2,-143.4,  94.4, 907.0,   3.3,   0.0
101549,   0.2,   0.1,   1.8,  76.3,  91.0, 949.9,   3.3,   0.0
101577,   1.5,   0.4,   1.6,-112.9,  23.4,1031.0,   3.5,   0.4
101601,   0.8,   1.4,   1.7,-308.7,  66.3,1012.7,   3.5,   0.5
101625,  -1.0,   0.8,   2.1,   1.1,  34.6, 979.5,   3.4,   0.3
101653,  -3.8,   1.0,   2.8, -36.2,  51.9,1064.9,   3.3,   0.4
101677,  -1.6,   4.2,   3.4,-235.9, 300.7,1013.4,   3.2,   0.3
101701,   2.8,  -5.4,   5.9,  96.1, 305.1, 983.9,   3.7,   0.8
101725,   0.7,   5.0,   3.6,-280.6,   2.4,1015.9,   3.8,   0.4
101753,  -0.1,   0.3,   4.2,  23.1,  35.6,1137.2,   3.7,   0.6
101777,  -1.2,  -0.4,   4.8,  36.0, 108.3, 942.1,   3.9,   0.8
101801,  -0.6,   1.5,   5.6,  40.2,  46.8,1004.4,   3.9,   0.4
101825,   0.1,   0.6,   7.1, -34.5,  -7.4, 888.4,   4.0,   0.6
101853,  -0.1,   2.2,   6.5, -19.1,  96.1, 972.6,   4.0,   0.6
101881,   0.3,  -1.8,   8.8,  -5.7,  42.4, 936.8,   4.0,   0.6
101901,   1.5,   1.4,   8.8,  65.3,  87.3,1037.1,   3.9,   0.3
101925,   0.4,   0.0,   9.5,  30.4,  -1.0,1015.4,   3.7,   0.4
101953,  -0.3,   2.2,  11.1,-270.6,  96.4,1018.1,   3.5,   0.8
101977,   1.0,  -1.4,   9.1,   0.6,  87.1,1009.8,   3.8,   0.9
102001,   1.1,  -2.3,   7.5,  50.9, -25.5, 999.5,   3.6,   0.7
102025,   2.4,   1.0,   9.4, 171.1,  -6.2,1039.3,   3.2,   0.3
102053,   0.1,  -0.4,  10.5,-151.9,  74.9, 989.2,   2.9,   0.3
102077,  -0.4,   2.9,   5.3, -47.2, 134.0, 945.1,   3.0,  -0.2
102101,  -4.0,  -2.6,   3.3, 295.6, 176.7, 843.3,   3.5,  -0.5
102127,   1.0,   2.2,   5.3,-230.6,  16.3, 944.8,   2.9,  -0.3
102151,   2.2,   1.0,   4.4, 136.6,  66.8, 969.7,   2.9,  -0.8
102175,   0.7,   3.3,   3.8,-227.9, 125.2, 939.9,   2.9,  -0.3
102203,  -0.7,   0.2,   3.4,  59.7,  40.2,1018.3,   2.9,  -0.3
102227,  -0.6,   0.4,   3.0,-100.2, 149.3, 971.4,   3.0,   0.1
102251,  -1.2,   1.0,   0.9,  90.7,  -0.8,1028.8,   3.1,  -0.2
102275,  -1.0,   0.6,   0.8,  11.1,  81.2, 946.5,   3.2,  -0.1
102303,  -0.9,   1.8,  -1.8, 170.1,  58.0,1013.4,   3.3,  -0.5
102327,  -0.7,  -0.1,  -3.6, -75.8,  37.5,1040.3,   3.3,  -0.5
102351,  -0.7,   1.0,  -4.1,  56.3, -75.3,1020.3,   3.0,  -0.8
102379,   0.8,  -0.8,  -5.1, 113.7,  48.8, 996.8,   3.0,  -1.0
102403,  -1.2,   1.0,  -6.2, -27.7,  49.0, 982.4,   3.1,  -0.9
102427,  -1.4,   1.0,  -5.0,-103.4, 111.0, 903.3,   3.1,  -0.4
102451,  -2.0,  -0.8,  -4.7,-132.2,  79.0,1010.5,   3.0,  -0.4
102475,  -1.8,  -2.0,  -5.8, 236.2, 112.5, 953.4,   3.0,  -0.7
102503,  -1.9,   0.7,  -9.7, -42.8,  73.4, 904.5,   3.1,  -0.5
102527,   1.6,  -0.1,  -7.3, -62.8,-152.9,1056.4,   2.5,  -0.2
102551,   1.2,   0.1,  -9.1,-116.5,  42.7, 949.0,   2.7,  -0.5
102579,  -0.6,  -1.5,  -8.2,  35.3,  41.7,1008.8,   2.9,  -0.2
102603,  -1.6,  -1.3, -10.4, 101.2, -51.3,1098.1,   2.8,  -0.5
102627,  -1.2,  -1.2, -11.0, -84.6,  51.0,1020.3,   2.5,  -0.1
102651,  -0.7,   0.2, -12.2,-100.7,  43.6, 991.2,   2.7,  -0.2
102679,  -0.3,   0.7, -11.3, -74.3,  72.2,1049.1,   2.5,  -0.1
102703,  -0.4,   2.3, -10.0,-122.9,  73.2, 991.7,   2.5,   0.0
102727,  -0.6,   0.4,  -8.9,   8.9, 236.8,1038.3,   2.7,   0.1
102751,  -2.0,  -3.6,  -8.7,  10.2, 139.6, 962.9,   3.0,   0.5
102779,  -1.5,  -0.4,  -9.1, -89.7, 107.8, 888.7,   3.0,   0.5
102803,  -1.2,  -3.3,  -6.9,  36.5,  76.6,1009.5,   3.1,   0.7
102827,  -2.3,  -3.0,  -7.3,  43.9,  73.7,1031.7,   3.2,   0.8
102851,  -2.5,  -1.8,  -7.2,  34.8, -25.2,1054.2,   3.1,   0.9
102879,  -1.7,   0.9,  -8.6, -61.1,  20.9, 982.2,   3.1,   1.0
102903,  -1.9,   1.0,  -7.8,-118.2,  80.0, 947.0,   3.0,   0.9
102927,  -4.3,  -0.5,  -7.3, -53.8, 101.7, 880.1,   3.2,   0.8
102951,  -3.4,  -5.3,  -2.5,-141.0, -47.7,1173.8,   2.8,   1.4
102979,   1.0,   0.7,  -5.5,  50.2,  13.1, 978.3,   2.9,   1.0
103003,  -1.5,  -0.9,  -4.4, 108.1, -22.0,1001.0,   3.2,   1.3
103027,  -1.8,   0.3,  -2.8,-158.3, -63.1, 990.5,   3.0,   1.4
103051,  -1.5,   0.0,  -1.1, -13.3,  28.7,1072.5,   3.0,   1.4
103079,  -0.1,   0.9,  -0.7,-153.6,  78.5,1070.5,   3.1,   1.5
103103,  -0.9,   1.2,  -0.1, -13.0,  56.6, 923.6,   3.2,   1.5
103127,  -0.4,   1.0,   1.0,  26.5,  35.1, 992.2,   3.1,   1.5
103151,  -0.9,   2.9,   1.4,  17.0,  -0.3, 961.9,   2.9,   1.4
103179,   0.3,  -0.7,   5.2, -24.7,  40.0,1004.6,   2.9,   1.7
103203,  -0.8,  -1.3,   5.4,  50.0,   3.8, 988.5,   2.8,   1.7
103227,  -0.1,  -1.3,   6.4,  95.1,   5.5,1057.4,   2.8,   1.6
103251,  -0.3,   0.7,   6.6, -24.3, -42.8,1039.8,   2.8,   1.8
103279,   0.1,  -1.2,   5.6,  14.3,   5.5, 989.2,   2.6,   1.6
103303,  -1.1,   0.4,   4.9,  38.0, -51.1,1073.5,   2.6,   1.3
103327,  -1.7,   1.9,   3.7,  42.2, -18.9, 950.4,   2.5,   0.8
103351,  -3.3,   1.4,   1.7, -58.7,  37.3, 944.6,   2.3,   0.6
103379,   2.2,  -1.3,   5.2,  44.3, 110.0, 811.0,   2.5,   0.4
103403,   2.6,  -1.0,   1.6, 155.9,  39.2,1016.1,   2.8,  -0.3
103427,  -0.0,   1.5,   3.9,-157.6,   7.0, 913.3,   3.1,   0.5
103451,  -1.2,  -0.3,   3.3, -79.9,   5.5, 970.7,   3.0,   0.5
103479,  -0.1,   0.1,   5.2, 111.5,  86.4,1032.7,   2.8,   0.7
103503,  -0.4,  -0.3,   5.1,   3.6, -11.1,1021.7,   3.0,   0.5
103527,   0.6,   1.2,   5.6,-103.4, -17.2,1025.6,   3.0,   0.6
103551,  -0.1,   0.3,   4.9,-114.8,   4.8, 928.5,   2.9,   0.5
103579,   0.4,   2.3,   5.9,  64.4,  -4.9,1024.9,   2.8,   0.3
103603,   0.1,  -0.3,   4.0,   6.5,  39.5, 988.8,   2.9,   0.0
103627,  -0.3,   1.2,   3.0, 105.1, 115.2,1012.9,   3.0,  -0.2
103655,  -1.4,   0.9,   2.5,  16.0, -51.6,1026.4,   2.9,  -0.2
103679,   0.6,  -0.7,   1.7,  14.3, 112.7, 958.5,   2.8,  -0.3
103703,  -0.1,   0.5,   0.1, 109.3, -15.7,1024.2,   2.8,  -0.5
103729,  -1.5,  -1.7,   2.0, -95.1,  48.8,1030.0,   3.0,  -0.1
103753,  -2.5,   1.0,   1.3, -84.6,  48.3, 936.0,   2.9,  -0.1
103777,   1.3,  -2.9,   2.3, -78.5,  41.9,1041.5,   2.4,   0.3
103805,   4.3,  -0.4,  -1.5, 128.3,  51.9, 898.9,   3.2,  -0.1
103829,   3.0,  -4.7,  -1.8,  74.9,   7.5, 986.1,   3.2,   0.1
103853,   0.1,   0.2,  -2.2, -81.1,  34.6, 906.5,   3.0,  -0.1
103881,  -0.8,  -2.7,  -1.4,  96.8,  84.7,1018.8,   3.0,  -0.3
103905,  -0.0,  -1.1,  -2.0, -88.2,  52.7, 981.2,   2.9,  -0.4
103929,   1.2,  -1.0,  -1.4,  10.2,  -6.2, 960.7,   3.0,  -0.5
103953,   0.4,  -0.1,  -1.6,  -2.5,  34.8, 945.8,   3.1,  -0.3
103977,  -0.3,  -0.7,  -1.4,  43.1,  67.8, 996.3,   3.0,  -0.4
104005,   0.8,   1.0,  -0.6,  66.3,  77.1, 942.9,   2.9,  -0.4
104029,   0.7,  -0.9,  -1.4,  55.8,  46.8,1073.7,   2.8,  -0.2
104053,   1.5,  -0.9,  -2.6,   5.8,  36.6, 991.2,   2.9,  -0.1
104077,   1.3,  -0.2,  -2.2, -46.7,  64.9, 981.2,   3.0,  -0.1
104105,   1.5,  -1.0,  -2.1,  23.6, 102.2,1007.6,   3.1,  -0.1
104129,   1.4,   0.9,  -4.1, -64.3,  51.7, 990.7,   3.2,  -0.1
104153,   3.3,  -0.9,  -2.8,-159.8, 185.0, 977.8,   3.5,   0.2
104177,   0.3,  -1.2,  -2.5, -96.8, 115.4,1061.3,   3.9,   0.1
104205,  -2.0,  -0.5,  -1.4,  25.8,  74.2, 987.5,   4.1,   0.1
104229,   2.1,  -1.0,  -2.6, 165.7, 249.9,1173.8,   4.0,  -0.1
104253,   2.5,  -2.4,  -1.6, 130.3, 180.1, 904.3,   4.6,   0.2
104277,   0.8,   0.9,  -2.5,  57.0,  76.1, 997.1,   4.6,   0.0
104305,  -0.9,  -1.4,  -0.9,  42.9,  92.7, 970.9,   4.7,   0.2
104329,  -0.1,   0.1,   0.5,-149.3, 137.1, 975.6,   4.8,   0.6
104353,   0.8,  -0.2,   1.4, -36.7,  65.4, 961.9,   4.8,   0.7
104381,  -0.1,   0.1,   1.6, -95.1,  83.9, 963.1,   4.9,   0.8
104405,  -1.4,  -1.1,   1.5,  -2.5,  27.3, 987.8,   4.9,   0.8
104429,  -0.5,   0.4,   3.7,  19.0,  46.6, 987.5,   4.9,   0.9
104453,  -0.7,   0.5,   2.4,  49.7,  23.1, 986.1,   4.8,   0.8
104477,  -1.4,   2.5,   2.8, -15.0,  12.9, 982.4,   4.7,   0.9
104505,   0.7,  -0.6,   2.9, -22.8,  52.9, 975.6,   4.7,   1.1
104529,   0.3,   1.8,   2.3, -92.1,  11.7,1020.7,   4.5,   1.1
104553,   0.1,  -0.8,   2.2, -66.5,  30.9, 987.5,   4.2,   1.1
104577,   1.3,  -0.8,   1.5,  34.6, 118.3,1012.7,   3.9,   0.8
104605,   0.1,  -2.2,  -0.0, -30.1,  65.9, 960.7,   3.7,   0.9
104629,  -0.3,  -1.2,   0.0, -37.7, -27.9,1019.0,   3.5,   0.6
104653,   0.5,  -2.1,   0.6,  -1.5, 126.4,1014.9,   3.7,   0.7
104681,  -0.3,   0.0,   0.9, -52.3,  29.0, 949.2,   3.7,   0.7
104705,  -2.1,  -1.6,   1.9,  43.4,  40.5, 983.1,   3.5,   0.6
104729,  -1.9,   1.2,   0.5, 114.9,  43.6, 945.5,   3.3,   0.2
104753,  -0.8,   4.3,  -4.6,-143.6, -83.6,1242.2,   3.2,  -0.1
104781,   2.2,  -5.4,  -0.2, 314.4, 114.4, 974.1,   3.5,  -0.0
104805,   0.5,   2.5,  -2.4,-119.2,  -9.6, 984.6,   3.1,  -0.3
104829,  -0.9,  -0.5,  -1.6,  15.8,  18.2, 954.6,   3.1,   0.2
104853,  -0.6,  -1.0,  -2.6, -57.9,  82.5, 946.0,   3.0,   0.2
104881,   0.3,   0.1,  -4.0,  -0.8,  10.9, 968.3,   2.9,   0.2
104905,  -0.3,  -1.3,  -5.3,  80.5,  58.3,1037.3,   2.8,   0.1
104929,  -1.4,   1.2,  -7.1,  -0.3, -48.2,1029.0,   2.5,  -0.3
104953,   0.1,   0.2,  -7.7,  -7.4,  66.3, 967.8,   2.2,  -0.2
104981,  -0.3,  -2.8,  -7.8, 106.4,   0.7, 981.2,   2.0,  -0.4
105005,   0.4,  -0.3,  -8.3,  25.3,  50.2, 952.4,   1.9,  -0.2
105029,  -0.1,  -0.4,  -8.3, -50.4,  71.0, 968.3,   1.9,  -0.1
105053,  -0.8,  -1.0,  -8.3, -58.7,  39.0,1036.4,   1.9,  -0.0
105081,  -0.8,  -1.0,  -8.5, -84.3,  15.6,1080.6,   2.0,  -0.0
105105,  -0.6,  -2.7,  -7.6, -20.8,  81.7,1076.2,   2.1,   0.1
105129,  -1.4,   2.3,  -7.4, -98.2, -84.8,1152.8,   1.8,  -0.0
105153,  -0.3,  -1.0,  -7.0,  11.9,  -4.0,1036.6,   1.7,  -0.0
105181,  -1.7,   0.0, -10.0,  29.0,  61.7, 924.8,   1.6,  -0.2
105205,  -2.8,  -2.0, -11.0,  70.7,  74.4, 887.2,   1.6,  -0.3
105229,   1.2,  -2.4,  -6.8,-166.6, 191.6, 976.8,   1.2,   0.4
105253,   1.9,  -1.7,  -7.1,-137.5,  60.5, 979.0,   1.1,   0.3
105281,  -0.9,   3.3,  -8.4, 135.2,  -9.1, 945.1,   1.1,   0.0
105305,  -0.5,  -1.4,  -9.5,  29.9,  99.3,1143.1,   1.4,   0.3
105331,  -0.5,  -3.2,  -7.1,  74.6,  -1.3,1100.6,   1.7,   0.4
105355,   0.2,   1.4,  -5.8,-100.2,  67.1, 973.9,   1.6,   0.4
105383,  -1.2,   3.0,  -5.6, -84.8,  36.3,1058.3,   1.6,   0.6
105403,  -1.5,   3.6,  -5.7, -51.4, -67.4,1091.3,   1.6,   0.7
105431,  -0.1,  -0.1,  -3.7,   1.9, 118.8,1118.9,   2.0,   1.0
105455,  -1.6,  -0.9,  -4.3, -19.4,  18.7, 949.5,   2.2,   1.1
105479,  -1.6,   0.3,  -2.4, 148.4,  71.7, 921.1,   2.4,   0.8
105503,  -0.0,  -3.8,  -1.0,  45.1, 120.1, 879.1,   2.6,   1.1
105531,  -2.0,  -0.1,  -0.5,  32.9,  42.9, 877.7,   3.1,   1.3
105555,  -1.2,  -1.0,   0.7,  39.2, -49.6, 965.3,   2.9,   1.3
105579,  -0.7,   0.1,   1.2, 149.1, 148.9, 910.4,   3.1,   1.2
105607,  -1.2,   2.7,   1.1,-258.4, 155.5,1083.5,   3.0,   1.5
105631,  -0.3,  -0.5,   4.2,  -1.5, -12.0, 953.8,   3.3,   1.6
105655,  -2.0,  -0.1,   3.7,-122.2, 135.9,1001.5,   3.4,   2.0
105679,  -3.6,  -2.4,   6.9, -87.0,  -0.3,1000.0,   3.1,   2.4
105707,  -1.3,   2.3,   4.3,-256.2,  50.2, 953.6,   3.0,   1.8
105731,  -0.6,  -4.9,   5.9, 271.6,  70.2,1015.9,   3.5,   1.5
105755,  -1.4,   3.8,   4.7,-199.1,  49.7, 933.8,   3.3,   1.6
105779,  -2.4,   0.6,   3.6,-125.1,  50.7, 915.0,   3.2,   1.6
105807,  -0.6,  -1.1,   6.9, 126.1,  51.7, 955.6,   3.2,   1.5
105831,  -0.3,   1.7,   8.8,-121.9,  48.8, 980.5,   3.2,   1.5
105855,   1.0,   0.4,   9.9, -54.0,  57.6, 960.2,   3.1,   1.4
105883,   1.5,   2.2,  11.1,-143.4,  76.1,1070.1,   3.2,   1.6
105907,   0.8,   3.9,  10.5,-114.3,  21.7,1015.1,   3.5,   1.5
105931,   1.2,  -1.8,  10.8, -22.3,  76.8,1027.1,   3.6,   1.5
105955,   0.9,   1.9,  11.6, -39.9,  53.2, 987.3,   3.7,   1.3
105979,   0.3,  -2.1,  11.6,  50.5, 115.9,1021.5,   3.9,   1.0
106007,  -2.5,   2.0,   8.6, -11.1,-283.5,1365.0,   3.8,   0.7
106031,   1.9,  -5.1,  12.8, 220.9, -28.1, 818.1,   3.8,   0.7
106055,   3.0,   6.1,   3.7,-156.1, 137.6, 954.6,   3.9,  -0.5
106079,  -0.6,  -1.7,   6.4,  -9.6,  63.4, 924.3,   4.2,  -0.2
106107,  -1.7,   1.7,   6.1, -58.9, -48.6, 953.4,   3.7,  -0.5
106131,  -1.0,  -1.3,   5.8, 120.0,  49.0,1042.0,   3.6,  -0.5
106155,  -1.2,  -0.4,   4.7, 133.0,  -0.1,1031.0,   3.5,  -0.6
106179,  -0.0,   1.8,   4.1, -15.2,   8.0, 960.2,   3.2,  -0.6
106207,  -0.6,   4.0,   1.9,-144.4,  -8.6, 977.5,   3.0,  -0.9
106231,  -1.2,  -0.2,   1.4,  90.2,  37.8,1024.9,   2.9,  -0.9
106255,  -0.9,   0.1,   1.7,-136.3,  33.4,1009.3,   2.7,  -0.7
106279,  -2.2,   1.1,   0.7,  85.1, -81.9,1066.9,   2.5,  -1.1
106307,  -0.9,  -0.4,   0.1,  22.6, -22.8,1122.3,   2.2,  -1.0
106331,  -0.1,  -0.2,  -2.1, -34.5,  72.9,1000.7,   2.1,  -0.9
106355,  -0.8,   0.5,  -4.2,  19.0,  60.5, 984.9,   2.1,  -1.0
106383,   0.2,  -1.1,  -4.9, 128.1, -21.1,1089.6,   2.0,  -1.2
106407,  -1.6,   4.0,  -5.4,-226.2,   9.2, 954.1,   2.0,  -1.1
106431,  -3.9,  -0.8,  -2.9, -19.1, 105.9, 973.9,   2.5,  -0.8
106455,   5.5,  -3.0,   2.2,-203.2, 225.5, 988.0,   1.9,   0.0
106479,   3.0,   0.6,  -3.4, 101.7, 136.2,1095.2,   2.5,  -0.7
106507,   1.2,   1.4,  -3.8,  10.2,  28.3,1021.0,   2.6,  -0.6
106531,  -0.0,   1.2,  -3.8, -28.2,   9.7,1043.4,   2.3,  -0.5
106555,  -1.2,  -0.6,  -4.5, 102.5,  36.8,1050.5,   2.3,  -0.5
106579,   0.4,  -0.5,  -5.5, -37.7,  39.5,1098.4,   2.3,  -0.3
106607,   0.8,  -0.5,  -5.4,-126.5,  73.7,1032.0,   2.6,  -0.3
106631,   0.1,  -0.4,  -5.7, -23.3,  45.6,1019.0,   2.6,  -0.2
106655,   1.6,  -1.1,  -5.0,  45.6,  85.6,1087.9,   2.7,  -0.3
106683,   0.7,  -1.6,  -3.9,   2.4,  51.4, 971.9,   2.9,   0.0
106707,   0.6,   0.9,  -3.9, -40.1,  53.2, 984.1,   2.9,   0.1
106731,  -0.1,  -2.9,  -3.5, 208.7, -17.6,1049.3,   3.2,   0.2
106755,  -1.2,  -0.1,  -2.4, 116.1,  42.7,1093.5,   3.3,   0.2
106783,   0.2,   3.0,  -2.0,-228.4,  77.3,1044.7,   3.5,   0.5
106807,  -0.4,  -2.0,  -1.5,  23.6,  91.5, 957.5,   3.8,   0.6
106831,  -1.9,  -2.1,   0.5,  72.2,  64.6, 916.0,   3.8,   0.7
106855,  -4.5,  -0.7,   1.3,  31.2, 136.7, 893.8,   3.8,   0.8
106883,  -1.8,  -3.9,   5.7,-480.3,  47.5,1406.5,   3.8,   1.0
106907,   1.4,   9.0,   4.6, 131.8,-103.1, 810.3,   3.9,  -0.5
106933,   0.9,  -2.3,   2.8, 109.3, 267.0,1013.9,   4.7,   0.5
106957,  -0.6,   2.3,   3.3,-125.3,  89.3,1003.7,   4.5,   0.5
106981,   0.1,  -1.3,   8.1,-102.1, 188.2,1034.4,   4.2,   0.8
107005,   0.8,   2.3,   5.3,-333.8, 129.8,1025.9,   4.2,   0.9
107033,  -0.3,   2.8,   5.5,-110.2,  -5.2, 995.3,   4.5,   0.7
107057,  -0.4,  -1.3,   6.9,  17.2, -14.5, 998.8,   4.5,   0.6
107081,  -0.1,   0.4,   6.3,  54.8,  47.5, 955.6,   4.2,   0.4
107105,   0.6,  -0.1,   7.9,  16.5, 113.0, 999.7,   4.2,   0.5
107133,  -0.4,  -0.7,   6.1, -36.7,  83.7, 967.5,   4.1,   0.5
107157,  -0.2,   0.6,   6.1,  38.0,  51.4,1005.8,   3.9,   0.4
107181,  -0.4,   0.1,   6.5, -89.0,  61.5,1029.5,   4.1,   0.5
107205,   0.8,  -0.5,   8.4, -56.0,  76.6, 970.0,   4.0,   0.4
107233,   1.2,   2.5,   7.5,  58.8,  62.4,1067.4,   4.0,   0.3
107257,   0.4,  -0.1,   6.7, -74.3, 107.8, 941.4,   4.3,   0.6
107281,   0.3,  -0.1,   7.6, -38.4,  76.1,1017.6,   4.4,   0.4
107305,  -0.9,  -0.1,   8.8, -99.4, -12.3, 956.8,   4.3,   0.5
107333,  -0.7,   2.9,   5.7, 148.1, 100.5, 951.6,   4.1,  -0.5
107357,  -1.8,   2.2,   2.7,  17.0, 105.2, 956.3,   4.3,  -0.4
107385,  -2.2,   2.6,   3.3,-138.5, -38.2,1114.5,   4.2,  -0.2
107405,   0.9,   1.6,   5.9, -93.8,  39.2, 923.1,   3.9,   0.2
107433,   1.6,   0.7,   2.5, -22.3,  51.9,1028.6,   4.0,  -0.0
107457,   0.5,  -0.3,   1.9, -51.6,   5.5, 971.4,   3.9,   0.1
107481,   0.2,  -0.2,   0.2,  39.0,  50.0,1044.4,   3.8,  -0.1
107505,  -0.9,   0.1,  -0.5,  46.3,  33.6, 962.6,   3.7,  -0.3
107533,  -0.2,  -0.4,  -0.6,  51.9,  11.2, 988.8,   3.6,  -0.5
107557,  -0.8,   0.6,  -1.8,   4.8,  27.5,1032.5,   3.4,  -0.6
107581,  -2.0,   0.7,  -2.4, -46.7,  41.7,1003.7,   3.3,  -0.5
107605,  -1.5,  -0.9,  -3.5, -76.7,  38.8,1008.0,   3.1,  -0.4
107633,  -1.2,   1.7,  -4.2, -52.8,  21.2, 964.6,   2.8,  -0.5
107657,  -0.5,  -1.3,  -4.2, -18.2,  46.8, 984.6,   2.6,  -0.4
107681,   0.5,   0.6,  -5.4,  59.5,  -7.9, 960.4,   2.3,  -0.7
107709,  -1.0,   0.9,  -6.7, -25.0, -12.0,1050.8,   2.1,  -0.6
107733,   0.2,  -0.2,  -5.8, -25.2,  -3.0, 980.5,   2.0,  -0.4
107757,   0.2,  -0.1,  -5.7, -32.3,  65.9, 961.2,   1.9,  -0.4
107781,  -0.8,  -1.5,  -5.9,  86.1,  -5.7,1054.7,   1.8,  -0.4
107809,  -0.6,  -1.5,  -6.3, -30.8, 105.4, 978.0,   1.8,  -0.4
107833,  -1.0,   0.1,  -5.3, -36.0,  16.0, 968.3,   1.6,  -0.3
107857,  -2.6,   1.1,  -6.1, -28.4,  14.8, 984.6,   1.6,  -0.1
107885,  -2.3,  -0.3,  -5.9, 139.6,  18.2, 953.8,   1.5,  -0.3
107909,   2.6,   1.3,  -6.3, -51.8, -36.4,1214.6,   1.0,   0.1
107933,   3.0,  -0.1,  -6.3,  -0.6, -43.5, 974.1,   1.5,  -0.0
107957,   1.5,  -0.7,  -6.1, -19.9,  15.1, 980.9,   1.7,   0.1
107981,  -0.4,   0.6,  -5.2, -18.9,  46.6, 942.9,   1.5,   0.4
108009,  -0.6,   0.6,  -5.9, -31.3,  29.7, 964.1,   1.4,   0.4
108033,   1.2,  -3.1,  -4.9,  21.6, 122.7,1038.8,   1.6,   0.4
108057,  -1.2,   0.3,  -4.9,  56.1, -19.4,1042.7,   1.7,   0.2
108081,  -0.0,  -0.5,  -4.1,  50.2,  40.7,1005.8,   1.7,   0.4
108109,   0.2,  -2.2,  -3.1, -25.0,  65.9, 964.1,   1.7,   0.5
108133,   1.3,   0.4,  -2.6,-130.7, 158.4, 971.7,   1.7,   0.6
108157,   0.6,  -1.0,  -1.1, -40.9, 134.9,1012.4,   1.8,   0.8
108181,  -0.5,  -3.5,   0.2, 105.6,  74.2,1036.9,   2.2,   1.0
108209,  -0.1,  -0.7,  -0.4, -29.6, 112.7,1017.3,   2.2,   1.0
108233,  -0.8,   0.9,  -0.4, -23.3,  61.5, 971.4,   2.2,   0.9
108257,   0.4,   1.0,   1.6,  16.5,  82.5, 998.3,   2.3,   0.9
108281,   0.1,   0.6,   2.1, -97.3,  92.2,1018.5,   2.4,   1.1
108309,  -0.8,   0.7,   1.6, -31.3, -36.0,1113.3,   2.2,   1.1
108333,  -1.1,  -1.0,   2.6,  -8.1,  -2.8,1007.8,   2.2,   1.1
108357,  -3.8,   0.3,   2.8, -38.7,  49.5, 959.5,   2.2,   1.0
108385,   3.7,  -2.7,   4.7,  79.7,  73.7, 932.6,   2.4,   0.8
108409,   3.3,   0.0,   0.6,  41.7,  92.0,1006.1,   2.8,   0.5
108433,  -0.3,   0.4,   1.6,-106.5,-116.8,1013.4,   2.8,   0.7
108457,  -1.2,   1.7,   2.8, -56.5,  50.7, 946.0,   2.6,   0.7
108481,   0.1,   0.3,   3.7, -99.2,  63.9,1021.0,   2.6,   0.8
108509,   0.6,   0.9,   4.8, -12.5,  75.1, 977.8,   2.8,   0.8
108531,   1.3,   0.1,   4.7, -61.4, 104.2,1005.8,   2.8,   0.8
108559,  -0.2,   1.5,   4.0, -55.0,  26.1,1045.9,   2.9,   0.6
108583,   0.4,  -2.4,   4.4,  52.7,  70.7, 955.8,   3.0,   0.6
108607,   0.5,  -0.4,   4.5,   4.6,   0.7,1036.6,   2.8,   0.4
108635,   0.9,   0.9,   3.2,  37.8,  -4.9,1024.4,   2.7,   0.2
108659,   0.5,   1.4,   2.7, -39.6, -19.8,1018.8,   2.7,   0.1
108683,   1.0,  -0.9,   1.6,  65.3,  11.4,1013.4,   2.6,  -0.0
108707,   1.2,  -1.5,   0.1,  62.4,  -9.8, 970.7,   2.5,  -0.1
108735,   1.5,  -0.5,  -1.1,  59.5,  80.7,1046.1,   2.6,  -0.4
108759,  -0.4,   0.2,  -0.6, -46.7,   4.1,1052.7,   2.7,  -0.2
108783,  -1.6,  -0.1,  -0.2, -31.3,  42.2, 913.3,   2.8,  -0.1
108807,  -2.5,   1.8,  -2.3,  71.2,  29.7, 939.7,   2.6,  -0.6
108835,   1.6,  -2.1,  -3.3, -62.1,  29.5,1229.2,   2.3,  -0.4
108859,   1.7,   0.3,  -4.2,  44.3, -70.6,1000.7,   2.6,  -0.9
108887,  -0.4,   2.0,  -4.2, -61.6, -13.2,1102.5,   2.5,  -0.8
108907,  -0.5,   1.5,  -6.6, -10.6,   6.0, 925.3,   2.3,  -0.7
108935,   0.1,  -1.9,  -4.7, -75.0,  90.3,1032.5,   2.2,  -0.3
108959,   0.7,  -1.6,  -6.3, -78.7,  73.7,1032.5,   2.1,  -0.4
108983,  -1.0,  -0.5,  -8.5,  17.7, 128.6, 957.8,   2.2,  -0.4
109007,  -1.7,  -0.2,  -8.7, -13.0,  61.7, 968.5,   2.1,  -0.5
109035,  -1.2,  -0.9,  -6.8,  64.9,  59.7, 963.4,   2.0,  -0.3
109059,  -0.4,   1.2,  -8.8, -78.0, -75.3, 878.7,   1.7,  -0.4
109083,   0.2,  -4.2,  -8.2,   2.6, 163.5, 969.5,   1.9,   0.1
109107,  -0.7,  -2.4,  -7.8, 105.4,  45.1, 965.6,   1.9,  -0.1
109135,  -1.4,  -0.1,  -8.5,  57.3, -44.7, 984.1,   1.9,  -0.1
109159,  -2.1,  -0.8,  -8.8,-114.8, -77.9,1045.4,   1.9,   0.4
109183,  -2.9,  -1.5,  -8.8, 103.9,  38.3, 954.3,   2.1,   0.3
109207,  -4.0,   1.3,  -9.6,-104.6,   1.2, 995.1,   1.9,   0.3
109235,   3.3,  -4.1,  -0.8,-100.4, 170.6, 914.3,   2.1,   1.5
109259,   3.0,   0.7,  -4.6,   3.1,  87.8, 963.4,   2.3,   0.8
109283,   1.0,  -0.4,  -7.7, -83.3, 114.4,1025.9,   2.7,   1.1
109307,  -1.2,  -1.5,  -5.3, 120.0,  80.5,1003.2,   3.2,   0.9
109335,  -2.3,   1.5,  -2.1, -67.0, -28.9, 987.5,   3.0,   1.0
109359,  -1.2,  -1.5,  -0.5,  39.5, 141.5, 996.6,   3.0,   1.4
109387,  -1.7,  -1.4,  -1.3, -31.1,  17.8,1004.4,   3.0,   1.4
109407,  -0.2,  -1.4,  -1.0, -18.6,  94.9, 974.1,   3.0,   1.4
109435,  -0.7,   1.2,   1.9,-135.6, -71.6,1011.2,   3.0,   1.4
109459,  -1.2,  -0.6,   3.0, -60.1,  95.4,1080.6,   3.2,   1.5
109483,  -0.9,   0.3,   4.2,-187.3,  99.3, 961.9,   3.2,   2.2
109507,   0.9,  -2.4,   6.1, -10.8, 147.4, 984.4,   3.2,   2.4
109535,  -0.5,   0.1,   6.6,  16.8,  17.5, 991.2,   3.3,   2.2
109559,  -1.2,   1.6,   7.9, -90.2,  -6.9,1081.3,   3.2,   2.2
109583,  -0.4,  -1.2,   7.4, -18.6,  53.4, 968.3,   3.2,   2.3
109607,  -1.2,   0.3,   7.2,  61.4, -16.7, 962.1,   2.9,   2.0
109635,  -1.7,   0.4,   6.1, -39.9,  49.7, 949.0,   2.9,   1.7
109659,  -2.9,   2.1,   7.2,-213.5,-289.1,1076.2,   2.5,   1.8
109683,   1.3,  -7.4,  12.4, 203.3,  43.1, 928.2,   2.5,   2.1
109711,   2.9,   2.7,   5.2,-171.2,  91.2, 984.6,   2.5,   1.4
109735,   1.3,  -1.8,   6.7, 211.3, -18.1, 964.6,   2.8,   1.0
109759,  -0.3,   0.6,   5.0, 103.7, -17.6, 980.0,   2.7,   0.8
109783,  -0.8,  -0.4,   3.9, 164.7,  55.6,1030.3,   2.6,   0.5
109811,   0.4,  -1.5,   4.1, 148.1,  81.0, 945.1,   2.8,   0.3
109835,   1.1,  -0.3,   4.1, -23.8,  94.7, 997.5,   2.8,   0.4
109859,   0.2,  -0.2,   2.1,   1.6,  86.6, 975.3,   2.7,   0.2
109887,  -0.3,  -2.8,   1.1, 101.7,  70.2, 919.2,   2.8,   0.0
109911,   0.4,  -1.1,   1.1,  27.3,  94.7, 928.7,   2.8,  -0.1
109935,   1.1,  -0.3,   1.7, -16.4,  -4.7,1032.7,   2.6,  -0.3
109959,   0.1,   2.8,  -0.1, -22.8,   5.5,1085.9,   2.5,  -0.3
109983,   0.5,  -1.0,  -1.4,-103.8,  13.1, 997.5,   2.5,  -0.1
110011,   0.1,   1.9,  -2.3,  62.7,  60.7,1038.1,   2.4,  -0.6
110035,   0.2,   1.0,  -1.7, -50.9, -10.1,1081.0,   2.4,  -0.5
110059,  -0.3,   1.6,  -3.8,-237.4,   9.9,1031.2,   2.4,  -0.2
110083,  -1.8,   1.5,  -4.7, -38.9,  27.5, 949.7,   2.3,  -0.3
110111,  -4.5,   1.0,  -8.8, 174.2,  35.6, 874.5,   2.0,  -1.1
110133,   2.9,  -2.4,  -8.0,-125.6, 187.9,1084.7,   2.0,  -0.3
110161,   2.6,  -1.6,  -9.9, 263.8,   9.9, 932.1,   2.2,  -1.4
110185,  -1.5,   2.2,  -9.7,-129.0, -86.7,1098.4,   1.9,  -0.7
110209,  -1.7,  -0.6,  -7.8, -11.8,  70.0, 907.5,   1.8,  -0.3
110233,  -1.3,  -2.6,  -6.9,  92.2, 132.7, 965.8,   1.9,  -0.1
110261,  -0.5,  -1.3,  -6.9, -52.3,  48.5,1032.2,   1.8,   0.1
110285,  -1.2,   2.3,  -7.3,-123.6,  -3.2,1036.1,   1.5,   0.2
110309,  -0.4,   0.7,  -7.6, -88.0, -69.2,1147.0,   1.2,   0.2
110333,  -0.7,   0.3,  -8.8,-105.1, -53.8,1045.6,   1.1,   0.2
110361,   0.8,  -1.7,  -6.7, -61.6, 131.0,1103.5,   1.3,   0.3
110389,  -0.3,  -2.8,  -7.5,  26.5,  38.8, 975.6,   1.3,   0.2
110409,  -0.6,  -0.4,  -6.1,  -5.7,  12.4, 959.7,   1.2,   0.4
110433,   0.6,  -2.3,  -6.2, 133.5,  39.7,1071.0,   1.4,   0.4
110461,  -1.2,   0.7,  -7.5,-133.6,  76.4,1007.6,   1.8,   0.8
110485,  -2.5,   0.9,  -5.9, -54.0,  57.6, 918.9,   1.8,   0.6
110509,   0.6,   0.4,  -4.3,-254.5, 113.9,1229.0,   1.5,   1.0
110533,   1.5,   3.2,  -3.0,  -2.5,  42.9, 902.8,   2.1,   0.6
110561,   0.8,  -1.4,  -3.7,  98.3, 147.6, 959.7,   2.6,   1.0
110585,   1.2,   0.4,  -3.5,-167.6, 106.1,1040.0,   2.7,   1.1
110609,   1.8,  -1.6,   0.6, -42.1, 159.1, 934.6,   2.9,   1.3
110633,  -1.5,   2.3,   1.2,-105.6,  37.8,1051.3,   2.9,   1.4
110661,  -0.7,   1.3,   3.1,  -8.4,   3.1,1051.3,   2.8,   1.6
110685,  -1.5,  -1.0,   3.8,  -8.4,  17.5,1042.2,   2.9,   1.7
110709,   0.8,   0.4,   4.1,-105.3,  58.0, 963.9,   2.8,   1.7
110737,   1.6,   1.9,   4.2, -63.3,   5.8,1041.5,   2.6,   1.6
110761,   1.2,  -1.2,   6.6,-115.6, 104.2, 992.2,   2.6,   1.9
110785,   0.3,  -0.7,   6.9,-104.1,  52.7, 976.8,   2.7,   2.0
110809,  -0.1,  -2.0,   7.1,  70.0,  42.4,1049.1,   2.7,   2.0
110837,  -0.0,  -2.2,   7.7, -31.3, 119.6, 902.8,   2.8,   2.1
110861,  -0.0,  -1.4,   7.3, 201.1,  29.2,1000.0,   2.8,   1.6
110889,  -0.3,  -0.8,   5.8,  47.8,  71.7, 861.1,   2.9,   1.5
110909,  -1.4,   2.5,   4.7,  62.4,  42.2, 905.3,   2.8,   1.0
110937,  -7.0,   3.2,   5.5,-300.9,-514.7,1366.9,   2.5,   1.1
110961,  -2.5,  -4.9,  13.3, -14.2, -51.8, 915.8,   2.6,   1.8
110985,   1.3,   3.6,   6.1, -68.2, 145.9, 926.0,   2.5,   0.6
111009,   0.7,  -0.7,   5.5,  56.1, 104.4, 965.8,   2.9,   1.0
111037,   1.0,   0.5,   6.1, -69.9,  37.3, 956.0,   2.7,   0.6
111061,   2.1,   1.5,   6.7,   3.6,  77.6, 958.2,   2.5,   0.5
111085,   0.1,  -0.2,   6.3,  47.8,  80.5,1009.0,   2.8,   0.4
111109,   0.5,  -2.6,   6.3,  81.2,  39.0, 962.9,   2.9,   0.5
111137,   1.0,   1.1,   5.4, -90.2,  41.0, 894.8,   2.8,   0.4
111161,   0.9,  -0.6,   5.4, -39.6, 103.9,1062.7,   2.9,   0.2
111185,  -0.0,   1.7,   3.7,-168.1,-108.0,1023.9,   2.9,  -0.0
111209,  -0.4,  -1.7,   3.7, 138.8,  42.4,1078.8,   3.0,  -0.2
111237,   0.3,   0.8,   2.4, -21.1, 100.0, 998.8,   3.0,  -0.2
111261,  -1.4,  -1.3,   2.0,  24.6,  78.3,1003.2,   3.0,  -0.1
111285,  -1.8,   1.7,  -0.3, -89.9, -33.3, 990.5,   2.6,  -0.4
111309,  -2.0,  -1.1,   0.3, 124.2,  97.8,1002.9,   2.6,  -0.5
111337,   0.5,   3.9,   0.3,-158.0,   9.0, 986.8,   2.1,  -0.4
111361,   3.8,  -5.2,  -1.3, 296.3, 211.6,1001.2,   2.5,  -0.3
111389,   1.3,  -0.4,  -2.4,-163.4, -14.5, 987.5,   2.5,  -0.2
111409,  -1.6,  -2.4,  -1.4,  41.9, -38.4, 984.9,   2.2,  -0.3
111437,  -0.7,  -0.9,  -2.7, -70.2,  93.9, 991.9,   1.9,  -0.1
111461,  -1.5,   0.1,  -4.4,  23.8,  31.7, 979.7,   2.0,  -0.1
111485,  -0.4,  -1.2,  -2.7,  20.2,  52.4, 937.5,   1.8,   0.1
111509,  -0.3,  -1.2,  -4.8,  58.8, -28.6,1025.9,   1.6,  -0.4
111537,  -0.4,   0.1,  -6.0,  -3.3,  48.3, 915.3,   1.6,  -0.2
111561,  -0.2,  -0.9,  -5.2,  89.5,  69.0,1067.6,   1.5,  -0.2
111585,  -1.2,   3.7,  -6.7,-237.6,  56.6, 921.6,   1.6,   0.1
111609,   0.4,  -3.7,  -5.5,   6.3, 120.3, 934.3,   1.5,   0.3
111637,  -0.7,   0.1,  -6.3,  15.1,  32.2,1015.6,   1.7,   0.1
111661,   0.1,  -0.5,  -5.0, -78.7, 175.0, 969.7,   2.0,   0.5
111685,  -0.9,  -1.6,  -5.0, 142.0,   3.1, 827.6,   2.0,   0.2
111713,  -5.5,   1.2,  -5.1,  82.9,  91.0, 834.5,   2.0,   0.1
111735,  -0.4,  -4.1,   0.2,-179.8,  61.5,1299.5,   1.5,   1.2
111763,   1.9,   2.0,  -5.3,  60.7, 106.9, 971.9,   1.9,   0.2
111787,   1.0,  -0.4,  -4.4,  11.1,  95.6, 962.6,   2.4,   0.7
111811,  -1.4,  -1.9,  -2.0, -41.1,  44.4, 958.2,   2.3,   0.9
111835,  -0.5,  -3.5,  -0.3,  11.9,  79.3, 943.8,   2.0,   1.1
111863,  -2.3,  -0.6,  -1.6,-166.6,  47.3, 986.6,   2.0,   1.3
111891,  -1.5,   0.4,  -0.3, 104.2,   4.1,1022.0,   2.0,   1.2
111911,  -1.3,   0.9,   0.6,   1.4,-133.6,1132.1,   1.9,   1.2
111935,   0.3,   2.9,   0.0,-117.8,-100.7, 991.2,   1.8,   1.0
111963,  -0.0,  -0.3,   2.1,  94.4, 105.9,1024.9,   2.2,   1.5
111987,   0.2,  -1.0,   2.8,-111.4,  38.8, 989.7,   2.0,   1.7
112011,  -0.4,   1.5,   3.1, -12.5,   4.6, 914.3,   2.0,   1.6
112035,   0.2,   0.0,   3.0, -70.6, 119.6, 947.0,   2.2,   1.7
112063,  -1.4,   0.2,   3.8,  11.1,  27.5, 901.4,   2.4,   1.6
112087,  -2.6,  -1.2,   2.8, 228.9,-197.3,1525.1,   2.2,   1.2
112111,   1.5,  -1.5,   9.4, -82.8, -50.8, 734.9,   2.0,   2.1
112135,   1.9,   2.0,   4.0, 243.3,  81.7, 953.1,   2.2,   0.6
112163,  -0.1,  -1.7,   3.9, -61.4, 116.4, 969.5,   2.6,   1.4
112187,  -0.6,  -2.9,   3.7, 119.5,  39.0,1184.1,   2.6,   0.9
112211,  -1.4,   3.7,   4.9,-155.4, -54.5,1031.5,   2.4,   1.2
112235,   1.0,  -2.1,   6.4,   1.9, 134.0,1091.3,   2.6,   1.3
112263,   1.0,  -1.6,   5.5,  -2.8,  55.8,1016.8,   2.8,   1.2
112287,   0.1,  -0.8,   6.3,  46.5, -12.3, 950.7,   2.8,   1.1
112311,   1.9,  -2.2,   6.0,  47.3,   5.5, 991.4,   2.5,   1.1
112335,   1.5,  -0.1,   4.9, 121.3,  28.3,1001.0,   2.5,   0.6
112363,   0.8,  -1.1,   3.3,  64.6, -42.1, 989.5,   2.5,   0.4
112391,   1.6,   1.1,   1.8,  42.6,  29.0, 952.4,   2.5,   0.4
112411,   1.3,  -1.5,  -0.3, 180.8,  57.3, 990.0,   2.5,   0.1
112435,   2.3,   0.5,  -2.2,  33.6, 135.4,1125.5,   2.4,  -0.2
112463,  -1.0,   1.5,  -1.4, -24.7,  49.0, 921.6,   3.0,  -0.1
112487,  -4.6,  -2.3,   0.2, -12.3, -42.8, 860.6,   3.0,  -0.1
112511,   1.5,  -3.3,   3.0, 238.4, 483.3,1245.3,   3.1,   0.4
112535,  -1.0,   0.4,  -1.8, -51.8, -67.0, 876.0,   3.4,   0.1
112563,  -2.1,   3.1,   0.8, -90.4, -10.3, 955.8,   3.2,   0.3
112587,  -2.1,  -0.4,  -1.2,  79.0,  29.5, 991.2,   3.0,   0.3
112611,  -2.3,   0.4,  -2.9, 126.1,  18.7,1005.1,   2.9,   0.4
112635,  -2.9,  -3.2,  -3.8,  37.3,  83.2, 988.0,   3.2,   0.6
112663,  -1.7,  -1.3,  -4.9, -78.2,  64.9, 944.6,   3.1,   0.5
112687,  -0.6,  -1.8,  -5.0,  27.3, 126.6, 914.3,   3.1,   0.4
112711,  -2.6,  -0.1,  -6.4,-119.0,  -4.5, 981.4,   3.2,   0.4
112739,  -3.5,  -2.2,  -6.1,  56.1,  83.7,1064.4,   3.5,   0.5
112763,  -1.5,  -0.1,  -6.1, -45.7,  86.1, 981.7,   3.4,   0.5
112787,  -2.1,  -0.2,  -5.8, -57.0, 123.0,1006.3,   3.6,   0.4
112811,  -1.4,   0.5,  -3.9,-119.7, -17.2, 983.4,   3.5,   0.5
112839,  -2.0,  -1.5,  -2.8,  37.0,  70.0,1013.9,   3.9,   0.7
112863,  -1.2,  -1.8,  -1.8, 107.3,  31.9, 960.2,   3.9,   0.7
112891,  -3.7,  -1.2,  -1.4,  13.3,  63.4, 982.9,   3.8,   0.6
112911,  -4.2,   2.2,  -1.1, -46.7,  38.8, 906.0,   3.7,   0.5
112939,  -3.1,  -2.2,   2.2,-158.0, 101.3,1055.2,   3.4,   1.1
112963,  -1.2,  -2.1,   2.7,  14.3, -32.0,1044.7,   3.3,   1.1
112987,  -0.7,   3.4,  -1.4,-135.1,  81.7, 997.3,   3.2,   0.8
113011,  -1.6,   0.6,  -1.4,  -8.6,  33.9, 990.2,   3.2,   0.7
113039,  -1.0,  -0.5,   1.1, -75.0,  11.2, 973.9,   2.9,   0.6
113063,  -0.9,  -0.5,   2.5,  18.0,  86.4, 978.0,   2.9,   0.9
113087,  -0.8,   3.6,   1.4,-171.5, 147.2, 986.6,   3.1,   1.2
113111,  -3.1,  -0.2,   2.1, -52.6,  15.3, 959.7,   3.1,   1.3
113139,  -0.6,  -1.6,   3.0,  -0.1,  19.0,1018.8,   2.7,   1.4
113163,  -1.4,   1.5,   2.4, -39.6,  -2.5,1005.6,   2.5,   1.1
113187,  -1.0,   0.2,   3.9,   3.6,  43.6, 963.1,   2.4,   1.3
113211,  -1.6,   0.9,   3.5, -30.8,  37.8, 964.8,   2.2,   1.3
113239,  -1.4,  -1.6,   4.4, -76.7, -18.1, 952.1,   2.0,   1.4
113263,  -0.6,  -2.4,   4.1,  -9.4,  37.3,1020.3,   1.9,   1.4
113287,  -1.2,  -0.3,   3.4, -14.5, -12.3, 991.7,   1.8,   1.3
113311,  -1.0,  -0.4,   3.7,  -2.5, -52.1,1030.5,   1.6,   1.3
113337,  -0.5,  -1.6,   5.6,  13.8,  28.5,1001.5,   1.4,   1.3
113361,  -0.3,   1.4,   4.3, -88.2,   1.4, 992.7,   1.3,   1.2
113389,  -0.8,  -2.1,   4.6,  44.1,  -3.0, 993.6,   1.2,   1.1
113413,  -2.7,   0.0,   5.8,  10.2, -26.7, 969.7,   1.0,   1.1
113437,  -2.9,   0.4,   5.0, -27.2,  14.1, 979.5,   0.7,   1.1
113461,  -1.6,  -0.4,   4.2,  45.1,  94.2,1038.3,   0.5,   0.8
113489,  -0.3,  -1.6,   3.1, 137.6,  15.3, 964.1,   0.6,   0.5
113513,  -1.9,   0.5,   1.9, -15.7,  21.7, 974.4,   0.5,   0.4
113537,  -4.0,   1.2,   2.8,-130.2,   6.8, 970.2,   0.3,   0.6
113561,  -5.3,  -2.2,   4.4, -68.9,  42.4, 963.9,   0.2,   0.9
113589,   1.2,   2.1,   0.9, -70.4, 138.9,1124.7,  -0.2,   0.2
113613,   3.8,   0.8,   0.6, 185.7,  53.6, 861.3,   0.6,   0.0
113637,   2.0,   0.2,  -0.5, -21.3, -44.0, 974.8,   0.4,   0.0
113661,   0.6,  -1.2,  -0.1, -43.8, -91.6,1105.9,  -0.0,   0.2
113689,  -0.2,  -3.2,   0.3, 122.2,  93.7,1027.6,   0.4,   0.3
113713,   0.4,  -0.6,  -1.3, -84.3, -12.0, 975.8,   0.5,   0.1
113737,   0.9,  -1.9,  -1.2, -18.6,  66.1, 936.3,   0.7,   0.1
113765,   0.4,  -1.1,  -3.6, -27.7,  14.1, 998.3,   0.6,  -0.1
113789,   1.6,   0.5,  -4.2, -32.6,  48.8, 926.3,   0.8,  -0.2
113813,   0.2,  -2.7,  -3.2,  40.0,  74.9, 962.4,   1.0,  -0.1
113837,  -1.6,  -0.2,  -4.4,  -3.0,  42.7, 970.9,   0.9,  -0.1
113865,  -3.7,  -1.8,  -4.7, 122.2,  13.9,1035.9,   0.8,  -0.4
113893,   1.6,  -0.6,  -5.2, -91.4, 178.6, 956.8,   1.1,  -0.3
113913,   1.1,  -0.7,  -8.0,  50.5,  30.7,1024.9,   1.3,  -0.8
113937,   1.2,  -2.2,  -5.6,   6.3,   4.6, 965.8,   1.4,  -0.6
113965,  -0.7,   1.0,  -5.8,  25.3,  45.8,1003.9,   1.3,  -0.7
113989,  -1.1,   0.5,  -4.7, -27.4,  57.6, 975.8,   1.5,  -0.3
114013,  -0.9,   0.4,  -5.0, -54.3,  52.2, 996.1,   1.5,  -0.2
114037,   0.5,  -1.5,  -5.0,  44.1,  24.8, 993.9,   1.4,  -0.1
114065,  -1.1,  -0.5,  -6.0,  -6.9,  24.8,1013.4,   1.4,  -0.1
114089,  -1.0,  -0.8,  -6.0,  44.6,  28.7, 974.4,   1.2,  -0.1
114113,  -1.1,  -1.2,  -5.2,   3.3,   3.8,1012.0,   1.1,  -0.0
114137,  -0.9,  -1.6,  -5.5, -51.8, -10.8, 989.2,   0.9,   0.1
114165,  -0.4,   0.9,  -6.1, -38.2,  -4.9,1025.4,   0.7,   0.2
114189,  -0.2,   0.1,  -5.6, -82.8,  46.1, 992.7,   0.6,   0.4
114213,  -0.3,  -2.6,  -5.2,  -2.3,  37.0,1028.8,   0.7,   0.5
114237,  -0.4,  -2.1,  -4.7,  21.2,  17.8, 981.9,   0.6,   0.6
114265,  -0.7,  -0.7,  -3.8, -44.3,   9.9, 965.3,   0.6,   0.8
114289,  -1.2,  -1.3,  -4.2, -20.6,  39.0, 984.1,   0.7,   0.9
114313,  -0.1,  -1.2,  -1.6, -28.4,  45.1, 978.7,   0.8,   1.1
114337,  -0.1,   0.1,  -0.4,  39.0,  45.6,1002.7,   0.8,   1.1
114365,  -0.3,  -1.6,   0.4,  27.3,  34.6,1021.5,   1.1,   1.3
114393,  -1.7,  -1.7,  -1.0, -72.3,  11.4, 983.6,   1.1,   1.4
114413,  -2.8,  -0.5,  -0.0,  28.2,  51.7, 994.6,   1.1,   1.2
114437,  -2.2,   0.3,   0.1,  31.4,  39.5, 934.8,   1.1,   1.1
114465,   1.0,  -1.0,   2.7,-100.4,  21.2, 932.6,   0.8,   1.6
114489,   1.6,  -0.3,   2.6,  16.0,  62.9,1004.9,   1.0,   1.3
114513,   0.1,   0.5,   3.9,-132.4, -36.2, 961.9,   1.0,   1.5
114537,   0.4,  -1.3,   3.4,  77.8,  35.1,1013.2,   1.1,   1.2
114565,   0.2,  -0.3,   1.6, -42.1,  20.2, 998.3,   1.2,   1.1
114589,  -0.3,  -0.3,   3.1,  35.8,  27.0, 998.5,   1.2,   1.0
114613,  -0.4,  -0.8,   3.7,  40.0,   3.6,1056.1,   1.2,   0.9
114637,  -1.2,  -0.3,   5.6, -23.8, -46.7,1067.4,   1.1,   1.3
114665,  -1.1,   2.3,   5.6,   9.4,   5.8,1026.8,   1.0,   1.0
114689,  -0.4,   0.1,   6.2, -39.4,  41.4, 993.4,   1.0,   1.1
114713,  -1.3,  -1.3,   4.8, -65.3, -26.7,1018.5,   0.9,   1.1
114741,  -0.4,  -1.8,   5.2,  -1.1,   4.8,1023.9,   0.7,   1.1
114765,   0.5,   0.6,   4.5,  33.4,  -9.6,1068.8,   0.5,   0.9
114789,   0.9,  -2.2,   4.5, -54.5,   7.7,1010.2,   0.4,   1.0
114813,  -0.6,   0.2,   3.7,  14.6, -29.6, 991.7,   0.3,   0.7
114841,  -0.6,   0.0,   4.1, -28.4, -15.4,1082.3,   0.4,   0.9
114865,  -1.7,   1.0,   3.2,  26.0,  23.9, 997.3,   0.5,   0.8
114893,  -1.5,  -0.4,   4.2, -13.3, -26.4,1016.3,   0.4,   0.8
114913,   0.2,  -3.5,   4.4,  80.2,  27.5, 972.9,   0.5,   0.7
114939,  -0.3,   1.5,   3.5,  11.1,  11.7, 959.0,   0.5,   0.5
114963,   0.1,  -1.0,   3.5, -59.2,  44.9, 976.1,   0.6,   0.6
114991,  -0.4,   1.0,   3.3,  23.4,  -4.5, 998.0,   0.6,   0.4
115015,  -0.2,  -1.0,   3.8, -29.9,  29.7,1005.6,   0.8,   0.5
115039,  -0.7,   0.9,   2.7, -38.9, -42.5, 989.5,   0.6,   0.5
115063,  -0.6,  -1.2,   3.6,  38.2,  18.7, 991.0,   0.6,   0.5
115091,  -1.6,  -1.5,   3.0,  24.6,  24.8, 954.6,   0.5,   0.3
115115,  -3.2,  -0.1,   2.9, -76.7,  -3.0, 965.1,   0.4,   0.4
115139,  -5.0,  -0.7,   2.5, 151.8, -32.0, 910.6,   0.2,   0.1
115163,   0.5,  -3.2,   1.3,  28.0,  83.4,1062.0,  -0.3,   0.3
115191,   1.2,  -1.9,  -3.9, 141.0, -38.9,1002.9,  -0.3,  -0.5
115215,   0.5,   1.8,  -3.1,-143.2,  -9.6, 968.5,  -0.3,  -0.6
115239,  -0.8,   0.7,  -2.8, -60.6,  36.8, 993.9,  -0.4,  -0.3
115263,  -0.1,  -1.4,  -3.0,  39.5,  -1.8,1015.6,  -0.2,  -0.3
115291,   0.4,  -1.6,  -3.1,  13.8,  59.0,1009.5,  -0.0,  -0.1
115315,  -0.3,  -1.0,  -3.0,  26.5, -44.5, 986.3,  -0.1,  -0.2
115339,  -1.2,  -1.1,  -3.8, -55.5, -11.1,1011.2,  -0.3,  -0.2
115363,  -0.8,   1.0,  -5.6,   7.2, -17.4,1052.5,  -0.4,  -0.6
115391,   0.1,  -1.4,  -6.8, -46.0, -27.7,1016.1,  -0.4,  -0.6
115415,  -0.8,  -1.1,  -7.5, -24.0,  -4.7, 976.3,  -0.4,  -0.6
115439,  -0.4,   0.4,  -7.0, -24.0,   8.0, 980.0,  -0.6,  -0.6
115463,  -0.3,  -2.0,  -5.6,  73.4,  -8.9,1017.8,  -0.6,  -0.5
115491,   0.4,  -0.2,  -6.2,  41.7, -43.3,1055.4,  -0.7,  -0.4
115515,   0.7,   0.6,  -6.9, -53.8, -40.8, 994.1,  -0.8,  -0.4
115539,   0.5,  -0.2,  -6.0, -13.5,   9.2, 984.6,  -0.8,  -0.3
115563,   0.4,  -1.8,  -7.2, -36.0, -21.8, 993.6,  -0.8,  -0.2
115591,   0.5,  -2.0,  -7.0, -65.8, -25.5, 998.0,  -0.8,   0.1
115615,  -0.9,  -1.2,  -7.2,  76.1, -37.2,1011.5,  -0.8,  -0.0
115639,   0.2,  -1.0,  -6.5, -14.7,  32.9, 986.8,  -0.8,   0.1
115663,   0.8,  -1.3,  -5.2,  15.8,  32.6, 973.6,  -0.7,   0.1
115691,  -0.4,  -0.2,  -6.1,-114.6, -41.1,1024.2,  -0.5,   0.3
115715,  -1.0,  -1.2,  -6.6,  31.4,  15.8, 981.7,  -0.3,   0.3
115739,  -1.0,  -2.6,  -6.5, -28.9,  15.6, 950.9,  -0.3,   0.4
115767,  -0.2,  -0.2,  -5.8, -69.7,  73.7,1091.1,  -0.4,   0.5
115791,   0.9,  -0.8,  -5.5,  78.0,  -5.7, 932.6,  -0.2,   0.3
115815,   0.7,  -2.1,  -4.9, -27.9,  13.4,1012.2,  -0.1,   0.4
115839,  -0.9,  -2.0,  -3.6, -57.0, -14.0,1000.2,   0.0,   0.8
115867,  -0.7,  -2.5,  -1.2, -25.2,  17.0, 989.7,  -0.1,   0.9
115895,  -0.3,   1.2,  -4.7, -64.5,  31.2, 989.7,  -0.1,   1.1
115915,   0.8,  -2.5,  -5.2,  77.3,  61.7, 987.5,   0.3,   1.0
115939,   0.5,  -1.1,  -4.6, 113.0,  30.7, 941.4,   0.4,   0.6
115967,  -0.1,  -0.6,  -3.6,  11.9, -51.8,1020.0,   0.3,   0.5
115991,  -0.9,   0.3,  -1.7, -26.0,  35.3, 996.1,   0.4,   0.8
116015,  -0.1,   1.0,  -0.7, -95.8,  14.1,1035.6,   0.5,   0.8
116039,   0.4,  -0.2,  -0.8, -31.8,   2.6,1018.8,   0.7,   0.8
116067,   0.7,   0.8,  -0.7,  36.5, -35.0, 986.6,   0.7,   0.8
116091,   0.4,   0.1,  -0.7, -28.6,  39.2, 987.3,   0.6,   0.9
116115,  -0.4,   0.5,  -0.3,  24.6,   0.4, 981.2,   0.5,   0.9
116139,  -0.3,   0.7,  -0.2,  -3.0, -17.2, 980.9,   0.4,   0.9
116167,  -0.0,  -1.0,   0.0, -39.4, -20.8,1036.4,   0.3,   1.0
116191,   0.3,  -0.9,  -0.9,  -7.2,   5.5, 983.4,   0.3,   1.0
116215,  -0.3,  -1.8,  -1.9, -19.6, -46.9, 977.0,   0.3,   0.9
116239,   0.3,  -1.3,  -1.1,  37.0,  13.1,1003.2,   0.3,   0.9
116267,   0.5,  -0.7,  -0.3,  27.7,  -8.6, 991.0,   0.2,   0.8
116291,   1.2,   0.7,  -0.6, -37.9,  13.6, 995.3,   0.2,   0.9
116315,   0.8,  -1.2,  -1.0,  12.6,  22.9, 985.8,   0.3,   0.9
116339,   0.2,  -0.7,  -0.5, -27.7,  13.1,1012.4,   0.4,   0.8
116367,  -0.6,  -0.7,  -0.9,  -2.8, -20.8, 982.2,   0.2,   0.7
116395,  -0.3,  -1.3,  -0.9,  19.9, -36.2, 979.0,   0.2,   0.6
116415,  -0.9,  -0.7,  -1.5, -40.9,  16.5, 997.3,   0.1,   0.7
116439,  -0.2,  -0.4,  -1.5, -58.7,  18.0, 990.0,   0.2,   0.6
116467,   1.3,   1.4,  -0.5,-175.4,  78.1,1039.3,   0.0,   0.6
116491,   3.2,  -1.5,   1.6, -16.2,  33.6,1044.4,   0.1,   0.7
116515,   1.5,   0.5,   0.9,-113.4, -39.1,1011.2,   0.1,   0.8
116541,   0.8,  -0.6,   0.3,  30.7,  -9.1,1000.2,   0.1,   0.7
116565,  -0.7,  -0.4,   0.9, -25.2, -60.4, 997.5,   0.0,   0.6
116589,  -0.8,  -0.6,   0.7, -24.0, -67.9,1002.2,  -0.1,   0.6
116617,   1.2,  -0.8,  -1.6, -11.8,  22.4,1008.0,  -0.0,   0.3
116641,   0.1,  -2.0,  -3.6,  43.1,  15.8, 988.3,   0.2,   0.1
116665,   1.1,  -1.3,  -1.7, -20.8, -14.0,1030.5,   0.0,   0.0
116689,  -0.6,  -0.7,  -0.2, -32.6, -36.9,1024.4,  -0.0,   0.1
116717,  -0.4,   0.7,  -0.2,   9.4,  11.9,1000.0,   0.0,   0.3
116741,  -0.8,   0.9,  -0.2, -70.4,  10.2, 972.9,   0.1,   0.5
116765,  -1.2,  -1.9,  -0.8, -53.1,-108.7,1015.9,  -0.0,   0.4
116793,   0.8,   0.6,  -1.7,  -8.4,  24.3, 988.3,   0.0,   0.2
116817,  -0.1,   0.0,  -1.9,  -5.5,   3.6, 997.5,  -0.0,   0.2
116841,  -0.2,   0.9,  -2.2, -13.8, -17.2,1002.7,  -0.0,   0.1
116865,  -0.4,  -0.1,  -1.9,   4.6, -10.6, 996.8,  -0.0,   0.2
116893,   1.3,   0.4,  -1.9, -20.6,  53.6,1019.8,   0.0,   0.3
116917,   0.9,  -1.0,  -3.3,  13.6,  -3.0,1020.7,   0.3,   0.1
116941,   1.3,  -1.3,  -2.7,  28.5,  28.0,1002.4,   0.5,   0.3
116965,   0.2,   0.3,  -3.5, -76.0,  14.6,1050.8,   0.6,   0.4
116993,   0.2,  -2.2,  -3.0,  48.0, -49.4,1051.3,   0.6,   0.5
117017,   0.4,   1.7,  -2.0, -92.4,  20.0,1006.6,   0.7,   0.6
117041,   1.2,  -2.1,  -1.6, -53.1,  20.9, 979.7,   0.9,   0.7
117065,   0.8,  -0.2,  -2.2, -39.4,  49.3, 961.7,   1.1,   0.7
117093,  -0.3,  -1.6,  -2.0,  39.0,   7.7, 990.2,   1.0,   0.7
117117,  -2.3,   0.2,  -3.7, -12.0, -17.9, 952.6,   0.8,   0.5
117141,  -2.6,  -0.2,  -3.6,  14.3,  10.7, 968.7,   0.6,   0.5
117165,  -2.1,  -0.9,  -4.1,-142.9,-120.4,1045.2,   0.2,   0.5
117193,   1.2,  -2.8,  -2.6,  99.0,  55.8, 956.0,   0.5,   0.6
117217,   1.9,  -0.5,  -0.8, -10.1,  67.3,1003.2,   0.6,   0.5
117241,   1.1,  -0.7,   1.2, -56.2,  -1.3, 962.9,   0.6,   0.6
117265,   0.3,   0.6,   3.4, -88.7,  20.2,1034.7,   0.5,   0.8
117293,  -1.6,   1.6,   3.9, -71.9,-128.0,1042.5,   0.2,   1.0
117317,   0.5,   1.2,   0.6, 110.3,  57.3,1002.9,   0.3,   0.4
117341,   1.6,  -0.4,  -0.9,  48.3,   2.4,1034.7,   0.5,   0.5
117365,   1.2,  -0.1,  -1.4,  47.5, -28.9,1041.2,   0.5,   0.1
117393,   0.6,   0.3,  -1.7,-153.9,  18.5, 987.0,   0.6,   0.3
117417,  -0.0,  -0.5,  -1.6,  -9.8,  65.1,1003.7,   0.9,   0.3
117441,   1.3,   0.4,  -1.3, -36.2,  85.9,1008.5,   1.1,   0.3
117465,   0.3,   0.3,  -0.7,  12.6,  68.0, 990.7,   1.6,   0.4
117493,   0.1,  -1.0,  -0.1, -26.2,  97.6,1003.2,   1.9,   0.7
117517,   0.6,  -1.1,   0.4,  29.2, -15.4,1135.7,   2.0,   0.7
117541,  -0.8,   0.8,   0.4, -46.5,  53.4,1014.6,   2.2,   0.8
117565,   0.5,   0.4,   1.4, -21.8,  38.8, 972.9,   2.3,   0.9
117593,  -0.5,  -0.8,   0.7,   1.6,  49.3,1009.0,   2.4,   0.8
117617,   0.3,   0.1,  -0.0, -37.9,  23.4,1000.2,   2.5,   0.8
117641,   0.4,  -0.7,   0.8,  17.5,  47.3, 979.2,   2.6,   0.8
117665,   0.7,  -1.0,   0.8,  20.2,  60.7, 991.7,   2.7,   0.7
117693,   0.3,  -1.2,   1.5, -41.6,  45.3, 992.9,   2.7,   0.9
117717,   0.1,  -0.1,   2.9, -19.1,  36.3, 979.2,   2.7,   1.0
117741,  -0.7,  -1.0,   4.3,  50.7,  22.9,1025.6,   2.7,   0.9
117769,   0.1,  -0.1,   3.6, -34.8,   4.3,1007.1,   2.5,   0.9
117793,   0.2,  -1.0,   3.3,   2.1,  32.2,1040.5,   2.3,   0.9
117817,   0.1,   0.5,   3.5,  22.1,  17.8, 979.0,   2.0,   0.7
117841,  -0.6,  -1.1,   2.7,  45.6,  19.7,1025.1,   2.1,   0.6
117869,  -0.3,  -0.5,   3.0, -13.0,  -5.7,1007.6,   1.8,   0.6
117897,  -0.3,  -0.7,   3.2,  10.4,  -7.6, 972.9,   1.8,   0.6
117917,  -0.4,  -1.2,   2.8, 115.2,  32.4,1017.6,   1.8,   0.4
117941,  -1.7,   0.4,   1.7, -14.5,  42.2, 972.2,   1.8,   0.3
117969,  -0.7,   1.6,   2.7, -42.8,  20.2, 984.6,   1.6,   0.4
117993,   1.1,   0.8,   3.1,   4.6,  13.1,1032.9,   1.6,   0.3
118017,   1.0,  -0.1,   3.6, -38.7,  10.9, 978.0,   1.5,   0.3
118041,   0.5,  -0.4,   3.0,  -7.7,  23.9,1010.5,   1.5,   0.4
118069,   0.1,  -0.5,   2.3, -28.2,  29.2, 973.4,   1.4,   0.3
118093,  -0.7,   0.4,   2.3,  29.2,   8.5,1001.7,   1.4,   0.2
118117,  -0.9,   0.0,   2.4, -28.9,  12.6,1016.3,   1.3,   0.2
118143,  -0.1,   0.6,   0.6,  16.3,  46.8, 980.2,   1.3,   0.1
118167,   0.1,   0.1,  -0.5,  24.1,  62.2,1022.0,   1.4,  -0.1
118191,   0.1,  -1.0,  -1.9,  18.5,  39.5,1004.9,   1.6,  -0.2
118219,   0.2,  -1.3,  -0.9, -52.6,  65.6,1008.8,   1.7,  -0.1
118243,   0.2,  -0.4,  -0.1, -60.1, 100.0, 992.7,   1.9,   0.1
118267,  -0.6,   0.2,   0.4, -37.2,  69.5,1002.9,   2.2,   0.1
118291,   0.2,  -0.9,   1.1,  21.2,  70.0,1002.4,   2.4,   0.1
118319,   0.1,  -1.5,   0.7,  16.8,  71.2, 997.3,   2.6,   0.1
118343,  -0.7,  -2.2,   0.1,   6.8,  54.6, 981.7,   2.7,   0.0
118367,  -0.7,   1.2,   1.0, -19.4,  58.8,1007.6,   2.8,   0.1
118395,  -0.4,   0.8,  -0.0, -29.6,  69.8,1004.4,   2.9,   0.1
118419,   0.1,  -1.5,  -0.9, -10.3,  97.8, 997.1,   3.1,   0.2
118443,  -1.0,  -1.0,  -0.3,   8.0,  51.9,1004.9,   3.2,   0.2
118467,  -0.6,  -0.3,  -0.1, -33.8,  73.7, 997.3,   3.4,   0.3
118491,  -0.9,  -0.6,  -0.3,  -1.8,  65.1, 999.7,   3.5,   0.4
118519,  -0.8,  -0.8,  -0.0,  21.9,  20.9,1006.6,   3.3,   0.3
118543,  -0.8,  -0.5,   0.5,  20.4,  25.6, 997.8,   3.1,   0.3
118567,  -1.2,  -0.3,  -0.1,  12.9, -14.2,1000.7,   2.8,   0.2
118591,  -0.9,  -0.5,  -0.6,  14.6, -18.9,1003.4,   2.4,   0.2
118619,  -0.6,   0.1,  -0.2,  11.9, -10.6, 987.0,   2.1,   0.2
118643,   0.1,   0.0,   0.5,  -2.3, -27.7, 997.8,   1.8,   0.2
118667,  -0.3,   0.2,   0.2,  -6.9, -48.6,1009.8,   1.4,   0.3
118691,   0.2,   0.0,  -0.6,  -1.5, -14.2, 987.5,   1.2,   0.3
118719,   0.6,  -1.0,  -0.3,  20.7,  13.4,1009.0,   1.2,   0.3
118743,   0.3,   0.9,   0.1, -18.4,  -2.3,1000.0,   1.1,   0.3
118767,   0.1,  -0.7,  -0.8, -33.3,  13.6,1001.9,   1.0,   0.3
118795,   0.4,  -0.4,  -0.3,  38.0,  40.0, 991.2,   1.1,   0.4
118819,  -0.1,  -0.5,   0.1, -17.2,  38.3,1004.6,   1.1,   0.4
118843,   0.1,  -0.8,   0.4,  14.6,  27.3, 992.4,   1.1,   0.3
118867,  -0.1,  -0.4,   0.1, -16.7,  -1.0, 996.3,   1.0,   0.4
118895,   0.4,  -1.0,  -0.7, -29.1,  29.7,1007.6,   1.0,   0.4
118919,  -0.7,   0.0,  -0.2, -20.1,  18.7, 999.5,   1.0,   0.5
118943,  -0.4,   0.7,   0.4, -46.5,  -4.0,1022.2,   0.9,   0.5
118967,  -0.4,  -0.5,   0.1, -26.9,  -1.3, 998.0,   0.8,   0.6
118995,  -0.0,  -0.1,   0.4, -32.3,  18.5,1019.3,   0.7,   0.7
119019,  -0.0,  -0.1,   0.1,  -5.7,  12.1, 994.4,   0.7,   0.8
119043,  -0.2,  -1.8,   0.1, -27.9,  19.0, 994.9,   0.7,   0.7
119067,  -0.2,  -2.2,   0.2, -16.2,  -7.9, 999.7,   0.7,   0.6
119095,  -0.1,  -0.3,  -0.1,  -4.0,  27.0, 999.0,   0.6,   0.6
119119,  -0.7,  -0.5,  -0.6,   4.8,   6.5,1007.8,   0.6,   0.5
119143,  -0.7,   0.3,   0.3, -10.1,  -0.3,1006.3,   0.6,   0.4
119167,   0.2,  -1.3,   0.5,  -5.7,  -8.6, 993.9,   0.6,   0.4
119195,   0.2,  -0.9,  -0.0,   3.8,  21.9, 982.4,   0.5,   0.4
119219,   0.1,   0.6,  -0.4,   4.3,   0.9, 997.1,   0.5,   0.4
119243,  -0.6,   1.0,  -0.5,   0.6, -11.8, 983.4,   0.4,   0.3
119267,   0.1,  -1.2,  -0.8, -13.0, -10.8, 991.9,   0.2,   0.3
119295,   0.5,  -0.1,  -0.9, -34.0,  -0.8, 999.7,   0.1,   0.3
119319,   0.2,  -0.1,  -0.9,  -5.2,   9.7,1012.9,   0.1,   0.3
119343,  -0.3,  -0.2,  -0.9,   7.2,  25.1, 997.3,   0.1,   0.3
119367,   0.1,   0.0,   0.0, -21.3,   1.9,1002.9,   0.2,   0.3
119395,  -0.6,   0.9,  -0.3, -24.5,  13.6, 987.3,   0.1,   0.4
119419,  -0.4,  -0.5,  -0.5,  16.0,  26.3, 999.7,   0.2,   0.3
119443,  -0.0,   0.4,  -0.3,   0.6,  36.6,1008.3,   0.4,   0.4
119467,  -0.3,   0.5,   0.1, -27.9,  28.7,1004.9,   0.5,   0.4
119495,  -0.6,   1.5,  -0.3, -25.0,  20.7, 981.9,   0.6,   0.5
119519,  -0.3,  -0.3,   0.2, -18.9,  -3.0,1013.7,   0.6,   0.6
119543,  -1.0,   2.3,   0.1, -14.5,   5.5,1009.0,   0.6,   0.6
119567,   0.1,  -0.2,   0.4, -23.5,  -2.5, 990.5,   0.6,   0.6
119595,  -0.8,   0.7,  -0.0, -15.2,  -4.9,1004.9,   0.4,   0.7
119619,  -0.4,   1.4,  -0.3,  34.3,   5.5, 991.2,   0.4,   0.7
119643,  -0.7,   1.6,  -0.6, -85.8, -11.5,1002.9,   0.3,   0.8
119667,   0.7,  -1.0,   0.1, -26.7,  20.7,1028.1,   0.3,   0.8
119695,   0.4,   0.6,  -0.0, -76.7,  12.9, 991.9,   0.3,   0.8
119719,  -0.3,  -0.4,   1.0,  -0.3,   1.2, 992.9,   0.3,   0.7
119745,   0.1,  -0.5,   0.3,  -6.4,  18.2,1001.5,   0.3,   0.7
119769,  -1.1,  -0.9,   0.5,  25.3,  19.0,1026.8,   0.4,   0.6
119793,   1.2,   0.1,   0.3,  21.4,   8.7, 980.7,   0.4,   0.4
119821,   0.1,   0.7,  -0.3, -98.0,  24.6, 954.8,   0.5,   0.6
119845,   0.1,  -0.7,   0.1, -79.7,  39.5, 887.0,   0.6,   0.6
119869,  -0.3,   2.5,   0.1,-174.6, -13.0, 841.1,   0.7,   0.6
119897,  -0.7,  -0.9,   0.9,  58.3,  -3.5, 999.3,   0.6,   0.5
119921,  -0.6,   1.2,   0.4, -58.7,  -3.2, 998.0,   0.5,   0.7
119945,   0.1,  -1.6,   0.0,  26.5, -39.9,1016.6,   0.2,   0.5
119969,  -0.9,  -0.2,  -1.3,  43.9, -20.6, 996.3,   0.2,   0.3
119993,  -0.3,  -1.0,  -0.7, -42.3,  22.2,1011.0,   0.2,   0.4
120021,  -1.2,  -1.4,   0.3, 142.2, -31.6, 950.7,   0.1,   0.4
120045,  -0.4,   1.0,   0.0, -62.6,  -8.6, 992.9,   0.1,   0.6
120069,   0.2,  -0.2,   0.0, -21.6,   5.1, 997.1,   0.1,   0.6
120093,  -0.1,  -1.5,   0.6,  21.9,   6.5,1004.9,   0.1,   0.4
120121,  -0.0,  -1.0,  -0.6,  -1.1,   5.5, 998.0,   0.1,   0.3
120145,   0.1,  -0.2,  -0.6, -30.1,  28.5,1006.1,   0.3,   0.4
120169,  -1.2,  -0.1,  -0.4,  89.8,  29.5,1038.6,   0.4,   0.4
120193,   0.3,   0.1,  -0.4,  66.1,  32.4,1009.0,   0.6,   0.4
120221,  -0.2,  -0.9,   0.5, -30.8,  10.7,1016.1,   0.7,   0.6
120245,  -0.6,   1.0,   0.6, -30.8,   9.0,1007.3,   0.8,   0.6
120269,   0.1,   0.6,  -0.2,  -9.8,   9.0,1003.2,   0.9,   0.5
120293,  -0.7,   0.9,   0.6,   1.9, -13.0, 998.8,   0.8,   0.5
120321,  -0.8,   1.5,   0.1, -87.5, -21.3, 918.0,   0.5,   0.7
120345,  -0.5,   0.1,   0.1,  -3.3, -34.5, 995.6,   0.3,   0.7
120369,  -0.9,   0.4,   0.0, -44.0,  10.7, 999.7,   0.3,   0.8
120397,   1.1,  -0.7,  -0.6,  12.6, -27.2,1022.7,   0.3,   0.7
120421,   1.9,  -9.9,  -0.6, 163.2, 261.9,1035.9,   0.7,   0.8
120445,  -0.9,   1.0,  -0.6,-208.1,-162.2, 850.1,   0.3,   0.8
120469,   0.9,  -2.7,  -0.3,  66.1,  77.3,1001.9,   0.6,   0.6
120493,   0.4,   2.2,  -0.5, -92.4,  56.6,1008.3,   0.8,   0.5
120521,  -0.3,  -0.9,   0.3, 100.0,  -9.1,1045.6,   0.7,   0.5
120545,   0.2,  -0.2,   0.8, -25.7,  11.9,1014.1,   0.6,   0.7
120569,  -0.2,   0.3,  -0.0,  15.1,  -0.8,1014.4,   0.6,   0.7
120593,  -0.0,  -0.5,   0.4, -34.8, -27.7,1012.9,   0.5,   0.7
120621,  -0.1,  -0.5,  -0.3,  36.8,  18.7,1026.4,   0.5,   0.6
120645,  -0.3,  -0.8,   0.5, -18.6,  32.4,1007.6,   0.4,   0.6
120669,   0.1,  -0.2,   0.3, -10.3,   3.4,1012.7,   0.4,   0.6
120693,  -0.3,   0.3,  -0.6, -31.3,   7.0, 998.0,   0.4,   0.7
120721,   0.3,  -0.2,  -1.3,  -7.2,  11.7,1000.0,   0.4,   0.7
120745,   0.6,   0.5,  -2.3,  12.4, -35.2,1053.9,   0.4,   0.6
120769,  -0.1,  -0.3,   2.4,-183.4,  99.8, 939.4,   0.4,   1.2
120797,  -0.7,   1.0,  -0.9, 102.9,  83.4, 972.6,   0.5,   0.6
120821,  -0.6,  -1.5,  -1.6, -27.4, -10.6,1003.9,   0.4,   0.7
120845,  -0.6,  -1.6,  -1.3, 166.4,  63.7, 939.9,   0.5,   0.3
120869,  -0.4,  -8.8,   0.3, 716.5,-573.3, 753.4,  -0.3,  -0.2
120897,  -0.3,  -2.8,   0.5,-429.8, 166.2, 928.2,  -0.1,   0.2
120921,   0.1,  -5.1,   1.2, 154.5,  49.3, 999.0,   0.0,   0.1
120945,  -0.8,  -1.9,  -0.5,  22.4,  51.7, 982.4,   0.2,   0.2
120969,  -0.4,   0.0,   0.2, -94.1,  21.2, 979.7,   0.2,   0.4
120997,  -1.0,   1.0,  -0.2,  15.8,  51.9,1008.5,   0.3,   0.0
121021,  -0.8,   1.2,  -0.2,   1.6,  -7.4,1009.0,   0.3,  -0.1
121045,  -0.6,   1.4,  -0.1, -26.2,  20.2, 991.9,   0.3,  -0.1
121069,  -0.1,  -0.2,   0.1, -12.3,  -7.1,1033.7,   0.3,  -0.1
121097,  -0.7,   0.1,  -0.3, -35.7,   7.5,1013.2,   0.4,   0.1
121121,  -0.1,  -0.8,  -0.2, -36.9,  -4.0, 998.0,   0.4,   0.2
121145,  -0.1,  -0.4,   1.0, -10.6, -21.3,1042.2,   0.3,   0.2
121169,  -0.7,  -0.6,   0.5, -24.5, -12.0, 994.1,   0.2,   0.3
121197,   1.5,  -1.9,  -0.4, -39.4,   6.3,1004.6,   0.3,   0.4
121221,   0.5,  -0.8,   0.0,  12.6,  -2.5, 972.6,   0.3,   0.4
121245,   0.5,  -0.1,  -0.3,  -9.1,  33.1,1006.8,   0.4,   0.4
121269,   0.4,  -1.5,  -0.2, -13.8,   7.7,1004.6,   0.4,   0.3
121297,  -0.0,  -1.6,   0.5,   9.9,  25.6,1003.7,   0.5,   0.3
121321,   0.3,   0.2,   0.0,  -2.0,   3.6, 987.5,   0.5,   0.3
121347,   1.0,  -0.2,  -0.0, -20.6,  21.7,1007.1,   0.5,   0.2
121371,   0.3,   1.5,   0.4,  -4.5,  24.1,1004.1,   0.6,   0.2
121399,  -0.3,  -0.6,  -0.4, -10.1,   4.1,1011.7,   0.6,   0.2
121419,   0.1,   0.6,   0.3,   3.8,   6.3, 991.7,   0.6,   0.2
121447,  -1.5,   0.8,  -0.1,  -4.2,   5.3,1024.6,   0.6,   0.2
121471,  -0.1,   0.9,   0.6,  29.5,  30.9,1018.8,   0.6,   0.3
121495,   0.1,  -0.4,  -0.3,  19.4,  20.2,1017.6,   0.5,   0.3
121519,  -0.3,   0.4,  -0.3, -12.8,   9.7,1019.3,   0.5,   0.3
121547,  -0.4,   0.4,  -0.8,  -2.0,  16.3,1015.1,   0.5,   0.4
121571,  -0.6,   1.0,   0.1, -44.0, -19.4, 960.4,   0.4,   0.5
121595,   0.7,  -0.5,   0.0,  -2.8,  15.1, 991.9,   0.5,   0.5
121619,   0.6,  -0.4,  -1.1,   3.1,  -1.5, 987.5,   0.5,   0.5
121647,   0.2,  -1.7,  -0.3, -13.8,  15.3,1006.3,   0.5,   0.5
121671,   0.5,  -0.6,  -0.2,  -0.1,  16.0,1003.7,   0.6,   0.4
121695,   0.5,  -0.1,   0.1,  18.5,   2.1, 997.3,   0.6,   0.4
121719,  -0.1,  -0.7,   0.1,  -0.6,   9.2,1006.6,   0.7,   0.3
121747,  -0.6,  -1.5,  -0.0,   8.9,   5.8,1004.1,   0.7,   0.4
121771,   0.9,  -0.9,  -0.4, -33.3,  27.8,1005.6,   0.7,   0.4
121795,   1.9,  -2.1,   0.1,   0.9,  14.3,1005.8,   0.7,   0.4
121823,  -0.0,   1.4,  -0.6,  18.5,   2.9, 997.1,   0.7,   0.4
121847,   1.0,  -0.4,   0.0, -24.0,  -9.1,1016.6,   0.7,   0.4
121871,   1.7,  -1.9,   0.5, -16.4,  11.7, 973.6,   0.8,   0.5
121899,   2.7,   0.1,  -0.7,   9.2,  11.7, 996.6,   0.9,   0.5
121923,   1.9,   0.3,  -0.5,  -5.7,   6.5, 980.9,   0.9,   0.5
121947,   2.8,  -1.5,  -0.6, -34.3,   0.7,1006.1,   0.8,   0.5
121971,   2.0,  -1.9,  -0.5,  -2.0,  22.4,1006.3,   0.9,   0.4
121995,   3.7,  -1.5,   0.0,   6.3,  16.3, 984.4,   1.0,   0.4
122023,   1.5,  -1.3,  -0.8,  -1.8,  27.8, 997.1,   1.1,   0.3
122047,  -0.4,  -0.3,  -0.9,  12.6,  15.8,1018.3,   1.2,   0.3
122071,  -0.3,   1.1,  -0.3,   0.6,  29.2,1007.1,   1.2,   0.2
122095,  -0.6,  -0.2,  -0.8,   1.4,   9.5, 999.5,   1.1,   0.2
122123,   0.7,   0.1,   0.2,  -3.0,  21.2,1003.4,   1.1,   0.2
122147,   0.1,  -1.1,  -0.8,   1.1,  26.1,1001.7,   1.2,   0.2
122171,  -0.3,  -0.4,  -0.9,  13.1,  30.2,1002.2,   1.2,   0.2
122195,   0.4,  -1.4,  -0.0,  25.6,  41.0,1014.1,   1.2,   0.1
122223,  -0.5,   1.5,  -0.0,   2.4,  17.0, 997.1,   1.2,   0.1
122247,  -0.7,   0.3,   0.0, -12.0,  24.8, 992.9,   1.2,   0.2
122271,   0.2,   0.9,  -0.2, -13.8,  14.6,1020.3,   1.2,   0.2
122295,  -0.6,   0.8,  -0.6,   0.9,  23.6, 978.0,   1.2,   0.2
122323,   0.4,   1.0,  -0.2,   1.4,  27.3, 980.2,   1.2,   0.2
122347,   0.8,  -0.9,   0.2,   3.3,  30.0,1001.7,   1.2,   0.2
122371,   0.2,  -0.9,   0.1, -53.8,  21.2, 981.4,   1.3,   0.3
122399,  -0.6,  -0.8,  -0.4,  -8.4,  32.4,1008.5,   1.3,   0.3
122423,  -0.6,   0.2,  -0.6, -40.1,   2.6, 988.3,   1.2,   0.3
122447,   1.0,   0.7,  -0.5, -85.3,-121.6, 844.2,   1.3,   0.2
122471,  -1.2,   0.4,  -0.1,  54.1,   4.3,1008.3,   1.1,   0.2
122495,  -1.1,   1.7,  -0.5, -41.8,  31.2, 984.9,   1.2,   0.3
122523,   0.1,  -0.1,  -0.7,   2.4,   2.6, 981.9,   1.2,   0.2
122547,  -0.4,   0.9,  -0.6,   2.8,   8.2,1011.5,   1.2,   0.3
122571,   0.4,   0.6,   0.3, -19.1,  30.2, 995.6,   1.2,   0.3
122595,  -0.7,  -1.5,  -0.4,  -1.5,  15.1, 998.8,   1.2,   0.3
122623,  -0.3,  -1.2,  -0.3,  16.5,  24.6,1002.7,   1.2,   0.3
122647,   0.2,   2.6,  -0.4, -26.9,  29.7, 999.0,   1.3,   0.2
122671,   0.2,   2.4,  -0.2, -24.7,  22.9, 997.5,   1.3,   0.3
122695,   1.0,  -2.0,   0.6,  -1.5,  41.7, 992.4,   1.5,   0.4
122723,   1.0,  -2.8,   0.6,  14.3,  25.6,1007.8,   1.6,   0.2
122747,  -1.0,   1.4,  -0.2,  22.9,  40.5,1025.6,   1.6,   0.1
122771,  -1.2,   3.1,  -0.6,   0.2,  19.2,1003.9,   1.5,   0.2
122799,  -0.5,  -1.0,  -0.6,   3.1,  21.7, 997.3,   1.4,   0.2
122823,  -0.2,  -2.6,  -0.8,  11.4,  20.7,1010.5,   1.4,   0.2
122847,  -1.4,  -0.7,  -0.7, -35.2,  12.6, 983.4,   1.4,   0.2
122871,   1.3,  -2.4,  -1.3, -15.0,  34.1, 997.5,   1.4,   0.2
122899,   1.0,  -1.3,  -0.6,  12.1,  24.3, 996.6,   1.4,   0.2
122923,   1.8,  -2.2,  -0.2, -15.2, -15.0, 962.1,   1.4,   0.1
122949,   0.4,  -1.6,  -0.9,  21.6,  34.4,1012.2,   1.5,   0.0
122973,   1.2,  -2.4,  -0.3,  27.3,  24.8,1013.7,   1.6,  -0.1
122997,   1.5,   0.6,  -0.8, -33.0,  37.5,1015.4,   1.7,  -0.1
123021,  -0.1,   0.9,  -0.6,   7.5,  21.7,1011.5,   1.7,  -0.1
123049,  -0.7,   0.2,  -0.5,  10.4,  26.5, 990.0,   1.7,  -0.1
123073,  -1.7,   0.9,  -0.6,  -6.7,  32.9,1002.7,   1.7,  -0.1
123097,  -4.2,   2.4,  -0.6, -23.3,  40.7,1002.7,   1.7,  -0.0
123121,  -5.2,   0.0,  -0.4,  18.2,  17.8,1033.9,   1.6,   0.0
123149,  -1.8,  -0.6,  -0.3,   1.9,   7.5,1014.1,   1.5,   0.1
123173, -15.9,  -0.2,  -0.9,  17.5,   1.9,1043.0,   1.4,   0.0
