Time(ms),Gyro X,Gyro Y,Gyro Z,Acc X,Acc Y,Acc Z,Rot X,Rot Y
157060,   0.3,  -1.5,   0.3,  -2.0,  -0.3, 995.3,   1.2,   0.1
157088,   0.2,   0.7,  -0.1,   8.2,  20.4,1008.8,   1.2,   0.1
157092,   0.1,   0.6,   0.0, -28.4,   1.4,1008.8,   1.2,   0.1
157096,  -0.0,  -0.7,  -0.2,  -1.8,  21.9,1002.7,   1.2,   0.1
157100,  -0.9,   1.4,  -0.6, -18.2,   5.5,1013.9,   1.1,   0.2
157114,   0.4,   0.6,   0.2,   3.6,   9.2,1003.4,   1.1,   0.2
157118,  -0.7,   1.2,   0.1,  -9.8,   3.1, 983.9,   1.1,   0.2
157122,  -1.0,   0.1,   0.5,   2.1,  31.2, 993.6,   1.1,   0.2
157126,  -0.7,   0.0,   0.1, -30.1,  13.6,1004.1,   1.1,   0.2
157130,  -0.3,  -0.7,  -0.5,   1.6,  -4.0,1016.3,   1.0,   0.2
157144,   0.7,   0.6,  -0.2, -29.4,   9.2,1006.6,   1.0,   0.3
157148,  -0.6,   0.4,  -0.2,  10.2,   9.2, 988.3,   1.0,   0.2
157152,   0.3,  -0.8,  -0.2, -13.3,  20.0,1006.6,   1.0,   0.3
157156,  -0.6,   1.2,   0.4, -19.1,   9.9,1015.4,   1.0,   0.3
157176,  -0.3,   0.1,   0.7, -22.3,  15.1, 993.6,   1.0,   0.3
157204,  -0.1,  -0.6,  -0.0, -14.2,   5.1, 990.7,   0.9,   0.3
157228,  -0.3,   0.3,   0.3,  -0.6,   3.8,1027.1,   0.8,   0.4
157252,  -0.7,   1.2,  -0.2,  -2.3,   2.6,1005.6,   0.8,   0.4
157276,  -0.3,   1.1,  -0.2, -21.1,   9.5,1014.4,   0.8,   0.4
157304,   0.2,   0.6,  -0.3,  11.9,   3.1, 999.7,   0.7,   0.4
157328,  -0.3,  -1.6,   0.1, -12.3,   1.4,1001.5,   0.7,   0.5
157352,  -0.2,   0.5,   0.5,  -1.3,  -2.3,1005.1,   0.6,   0.5
157376,   0.1,   0.9,  -0.2, -18.2,  15.8,1001.2,   0.6,   0.5
157404,   0.3,   0.8,   0.1, -10.8,   9.5,1002.4,   0.6,   0.5
157432,  -0.1,   0.1,   0.1,  -5.0,  10.4,1008.0,   0.6,   0.5
157452,  -0.4,  -1.4,   0.1,  -4.2,  14.1,1006.8,   0.6,   0.5
157476,  -0.9,  -0.9,   0.1, -15.0,   1.6,1010.5,   0.5,   0.5
157504,  -1.4,   1.6,  -0.2, -16.0,   3.4, 994.4,   0.5,   0.5
157528,  -0.6,   1.8,   0.0,  -3.7,   9.7, 991.9,   0.5,   0.5
157552,   0.2,   0.4,  -0.1,   3.1,  12.4, 979.5,   0.5,   0.5
157576,  -0.4,   1.2,  -0.3, -13.5,  17.3, 996.8,   0.5,   0.5
157604,  -0.3,  -0.2,  -0.7,   6.0,   9.9, 991.4,   0.5,   0.6
157628,  -0.2,  -0.1,   0.3,  -4.7,  20.0, 995.1,   0.5,   0.6
157652,  -0.9,   1.7,  -0.8,  -3.5,  -8.6, 998.3,   0.4,   0.6
157676,  -0.1,   0.4,  -0.8,   9.7,   4.1, 995.8,   0.4,   0.6
157704,  -0.7,   1.0,   0.2,   5.5,   2.9,1004.6,   0.4,   0.5
157728,  -0.3,  -0.1,  -0.1, -27.9,  17.3,1004.9,   0.4,   0.5
157752,  -0.3,  -0.6,  -0.3,  -4.0,  10.9, 994.6,   0.4,   0.5
157776,  -0.3,  -0.9,   0.0,  -8.1,  38.3,1007.8,   0.5,   0.5
157804,  -1.2,   2.6,  -0.2, -25.2,  24.8, 997.5,   0.6,   0.5
157828,   0.1,   0.6,  -0.2,   8.5,  14.3, 994.9,   0.6,   0.5
157852,  -0.2,  -1.2,  -0.3, -26.9,  16.5, 999.3,   0.5,   0.5
157880,   0.2,   1.3,   0.2,   8.2,  -2.0,1019.3,   0.6,   0.5
157904,  -0.4,   0.8,  -0.1,  -6.4,  12.4,1006.3,   0.5,   0.5
157932,   0.2,  -0.1,   0.9, -11.6,   0.7,1012.0,   0.5,   0.5
157952,  -0.6,   0.9,  -0.2,   7.5,   3.1,1005.1,   0.5,   0.5
157980,  -0.9,   0.4,  -0.5,   4.6,  -0.3, 995.6,   0.5,   0.5
158004,  -0.4,   0.4,   0.1,  -7.2,  10.4, 994.9,   0.5,   0.5
158028,  -0.1,  -0.7,   0.3, -19.1,  11.2,1015.1,   0.5,   0.6
158052,  -0.4,   1.0,  -0.1,  11.6,  21.9, 992.2,   0.6,   0.5
158080,  -0.4,   2.1,   0.7,   8.5,   9.2, 997.1,   0.6,   0.5
158104,   0.2,  -0.8,   0.8,  -3.0,  14.3,1008.0,   0.6,   0.4
158128,  -0.4,   1.4,   0.3, -21.1,   9.2,1009.5,   0.6,   0.4
158152,  -0.9,   2.0,   0.0, -18.2,   3.8, 999.3,   0.6,   0.4
158180,   0.1,  -0.8,   0.4,  18.5,   4.8, 986.3,   0.6,   0.4
158204,  -0.4,   2.2,   0.0, -33.0,   5.5, 988.0,   0.6,   0.5
158228,  -0.6,   2.8,  -0.0, -13.3,   7.0, 996.3,   0.6,   0.5
158252,  -0.2,  -1.3,  -0.5, -19.9,  14.8,1015.9,   0.6,   0.5
158280,  -0.7,   0.7,   0.3,  -8.4,  13.6, 996.3,   0.6,   0.5
158304,   0.1,  -1.1,  -0.0, -11.8,  -2.0, 996.1,   0.6,   0.6
158328,  -0.1,  -0.8,   0.3,  19.9,  15.1, 993.9,   0.6,   0.5
158352,   0.1,  -2.1,  -0.2, -39.9,  23.9,1005.8,   0.6,   0.5
158380,  -0.4,  -1.9,   0.3,  47.0,   9.0, 997.8,   0.6,   0.5
158404,  -0.4,   1.2,   0.2, -48.2,  17.3, 996.8,   0.6,   0.5
158435,  -0.3,  -0.5,   0.5,  -4.7,  14.3, 998.5,   0.6,   0.5
158455,  -0.4,   0.9,  -0.2, -65.0,  10.7, 991.7,   0.6,   0.5
158479,  -0.7,   1.1,  -0.4,  11.6,  19.0,1020.7,   0.6,   0.5
158503,  -0.3,   0.9,   0.0, -41.1, -19.8, 990.2,   0.6,   0.5
158527,  -0.9,  -1.4,  -0.2, -30.4,  22.6,1001.2,   0.6,   0.5
158555,  -0.1,   0.9,  -0.0, -32.8,   9.9,1002.2,   0.6,   0.6
158579,  -0.3,   0.0,  -0.3, -33.8,  14.6,1016.3,   0.7,   0.7
158603,  -0.2,  -0.2,   0.1, -29.9,   8.0,1025.4,   0.6,   0.8
158627,  -0.8,   0.6,   0.1,  -8.1,   6.3, 996.1,   0.6,   0.8
158655,   0.1,   1.8,  -0.1, -41.1,   4.1, 988.8,   0.6,   0.7
158679,  -0.4,   0.0,  -0.8, -36.9,   2.1,1008.5,   0.6,   0.8
158703,  -0.7,   1.2,   0.1,  12.1,  -3.0, 988.8,   0.5,   0.8
158727,   0.2,   0.9,  -0.1, -35.2,  16.3,1010.0,   0.5,   0.8
158755,  -0.2,  -0.4,   0.4, -26.7,  32.2, 970.2,   0.6,   0.9
158779,  -0.6,   0.5,   0.8, -38.2,  46.6, 997.5,   0.7,   1.0
158803,  -0.1,  -0.8,   0.9,   4.1,  20.0, 997.5,   0.8,   0.9
158827,   0.4,  -1.2,   0.4,   5.5, -13.7,1003.2,   0.7,   0.8
158855,  -0.4,   0.9,   0.2,   1.1,  14.3,1003.7,   0.6,   0.7
158879,  -0.4,   0.3,  -0.9, -23.5,  26.3, 971.9,   0.7,   0.7
158903,  -0.4,   0.4,   0.7, -25.0,   0.9,1007.8,   0.8,   0.6
158931,  -1.4,   1.6,   1.3, -43.5, -16.7,1014.4,   0.7,   0.7
158955,   0.3,   0.6,   0.6, -21.1,   0.4,1009.5,   0.6,   0.7
158979,   0.2,   0.6,  -0.2,  21.9,  -8.6, 993.9,   0.5,   0.6
159003,   0.9,  -2.1,  -0.3,   3.3, -35.7, 996.6,   0.3,   0.5
159031,   0.2,   0.9,  -0.9,   3.1, -30.8,1007.6,   0.1,   0.4
159055,   1.0,   0.1,  -0.6, -45.0,  18.7,1012.4,   0.2,   0.6
159079,   2.0,  -1.9,   0.9, -36.5, 242.9, 950.4,   1.0,   0.8
159103,  -3.0,  -7.2,  -0.5,-137.5,-356.3,1207.3,   1.3,   1.3
159131,  -2.3,  -2.4,   1.3, 605.9,  22.6, 988.8,   0.5,   0.6
159155,  -1.4,   0.9,   4.1, -43.3,  69.5, 726.6,   1.1,   0.6
159179,   1.0,  -0.4,   5.9,-159.8,  45.1, 971.7,   1.5,   0.9
159203,   0.7,   2.1,  -0.0,-281.1,  50.5,1038.1,   1.6,   0.8
159231,  -1.2,   0.4,  -2.7, -66.2, -52.8,1044.2,   1.2,   0.5
159255,  -0.3,   2.8,  -2.3,-100.9,   2.4, 993.6,   1.1,   0.2
159279,  -0.6,   3.5,  -0.8, -47.0,  20.4, 992.2,   1.1,   0.2
159303,   0.5,  -1.6,   0.7,  39.0,   1.9, 978.0,   1.1,   0.5
159331,  -0.5,  -0.1,   1.2,  16.5,  21.2,1002.4,   0.9,   0.7
159355,  -0.3,   0.0,   1.6,  63.4,  32.6,1012.2,   0.9,   0.7
159379,  -0.3,  -0.4,   2.5,  31.9,  43.4,1007.1,   1.0,   0.8
159403,   0.4,   1.0,   0.7,  32.4,  63.9,1038.3,   1.2,   0.8
159431,   0.7,  -1.8,  -0.5, -19.1,   9.2,1025.6,   1.2,   0.7
159455,  -0.5,   0.0,  -0.2, -33.5, -44.7,1040.3,   1.0,   0.5
159479,   0.1,  -0.2,  -0.9,  43.9, -34.5, 996.6,   0.8,   0.3
159503,  -0.5,   2.5,  -1.0,  12.6,   5.1, 975.6,   0.7,   0.2
159531,  -0.3,   1.2,  -0.6, -18.9,  16.8, 992.9,   0.7,   0.4
159555,  -0.9,   2.0,  -0.5,  64.9,  -7.6, 988.8,   0.6,   0.4
159579,   0.1,  -0.4,  -0.0, -17.2, -51.8, 973.4,   0.5,   0.4
159603,  -1.2,  -0.7,  -0.4,  28.7, -27.9, 969.7,   0.2,   0.5
159631,   0.6,   1.0,   0.9, -69.9,  28.7,1011.0,  -0.1,   0.5
159655,   0.4,  -2.1,  -0.9,  37.3, -46.5, 991.9,  -0.3,   0.6
159679,   0.3,  -3.3,  -0.8, -52.6,   4.3,1002.7,  -0.4,   0.7
159703,  -0.5,   0.1,  -0.6,   3.3, -25.0,1000.2,  -0.4,   0.5
159731,  -0.7,   0.8,  -0.8, -24.3,  -3.5, 992.4,  -0.4,   0.6
159755,   0.4,  -2.4,  -0.5, -69.2,   6.8,1007.1,  -0.4,   0.6
159779,  -0.7,   0.9,  -0.6,   3.6,  16.5,1001.9,  -0.3,   0.5
159803,  -0.4,   0.9,   0.7,  -1.8,  15.6,1004.9,  -0.1,   0.5
159831,  -0.7,  -0.1,   0.9, -37.2,  16.5,1014.6,  -0.0,   0.6
159855,  -0.0,  -0.4,   1.5,   2.4, -29.6,1003.9,  -0.1,   0.7
159879,  -1.4,   2.0,   1.4,   6.0, -40.8, 997.1,  -0.4,   0.7
159930,   1.0,   0.2,   0.7, -38.9,  85.4, 971.9,  -0.5,   0.8
159934,  -0.1,  -1.3,   0.1, -17.4, 129.1, 979.7,  -0.4,   0.8
159954,   1.0,   0.3,   0.6,   3.6, 111.3, 998.0,   0.4,   0.7
159982,   0.4,   0.7,   0.2, -25.7,  -1.3,1002.4,   0.4,   0.5
160006,  -0.4,  -1.0,   1.6, -18.4,  52.7,1003.7,   0.5,   0.6
160032,   1.1,  -0.5,   2.0,  27.7,  16.8, 984.9,   0.6,   0.4
160056,  -0.4,   0.6,   0.5, -15.5, 138.4, 998.3,   1.1,   0.4
160080,  -0.9,   0.1,  -0.0,  -4.2,  86.1, 968.7,   1.8,   0.5
160104,  -0.3,   0.6,  -0.1, -23.8,  50.5,1004.6,   2.1,   0.4
160132,  -0.5,   1.0,  -0.1, -23.5,  45.1, 990.0,   2.2,   0.6
160156,  -0.1,   0.4,  -0.5,   9.2,  14.1, 983.4,   2.2,   0.7
160180,  -0.3,  -0.4,  -0.2, -26.7,  77.3,1001.0,   2.4,   0.7
160204,   0.1,  -0.1,   0.1, -12.0,  86.1, 973.9,   2.6,   0.8
160232,   0.1,   1.0,   0.8, -39.6,  82.7, 980.2,   3.1,   0.9
160256,   0.6,  -0.8,   1.6, -41.6,  79.8,1003.9,   3.3,   1.0
160280,   0.2,  -1.5,   0.8,   8.5,  61.9,1000.0,   3.4,   0.9
160304,  -0.3,  -0.2,   1.9,  -0.1,  50.7,1003.9,   3.5,   0.8
160332,  -0.1,   0.5,   1.4,  -0.3,  29.7,1011.2,   3.3,   0.7
160356,  -0.3,   0.1,   1.7, -16.4,  88.3,1002.2,   3.5,   0.8
160380,  -0.4,   2.1,   1.0,  24.1, 102.0, 978.5,   3.7,   0.8
160404,  -0.7,   0.1,   2.1, -32.3,  87.1, 963.4,   3.9,   0.8
160432,   0.8,  -0.8,   3.4,   2.4,  88.3,1009.8,   4.0,   0.8
160456,  -0.2,  -0.1,   3.0, -33.3,  72.9, 977.0,   4.2,   0.9
160480,   0.2,   1.3,   1.9, -40.6, 141.3,1010.0,   4.5,   1.0
160504,  -1.5,  -0.7,   1.9,  16.0,  71.0, 978.0,   4.8,   0.9
160532,  -2.3,  -0.6,   1.2, -79.7,  -0.6, 971.2,   4.7,   0.9
160556,  -0.0,  -2.2,  -0.1, 127.8,  22.6,1037.8,   4.7,   0.5
160580,   0.5,   0.4,   1.1,   3.1, 160.8, 951.6,   4.9,   0.7
160604,   0.4,   1.7,  -0.3,  28.0, 112.7, 969.5,   5.0,   0.4
160632,   0.9,   0.3,   0.8, -59.4, 215.5,1034.4,   5.6,   0.6
160656,   0.5,  -0.2,   0.9, -26.9,  87.8,1012.4,   5.9,   0.6
160680,   0.4,  -0.1,   0.5,  29.5,  62.7,1027.6,   5.9,   0.5
160704,  -0.6,   0.2,   0.8, -13.5,  71.0, 951.4,   5.9,   0.6
160732,  -0.1,   2.1,   0.5, -46.0,  84.4,1009.8,   5.9,   0.5
160756,  -0.9,   1.9,  -1.4, -24.5, 126.2, 973.6,   6.0,   0.5
160780,  -2.3,   0.9,  -1.3,  -4.0,  38.0,1011.7,   6.1,   0.7
160804,  -0.4,   0.7,  -1.4, -24.3, 156.4, 980.5,   6.0,   0.6
160832,  -2.5,   2.7,  -1.2,-191.2, 107.8, 934.8,   6.0,   1.2
160856,  -2.9,   1.8,   2.4,-196.1,  72.0,1090.6,   5.8,   1.4
160880,  -4.6,   3.9,   2.1, -96.8,  20.9,1069.6,   5.9,   0.9
160932,  -3.1,   2.3,   6.6,-144.6, -95.0,1167.5,   5.3,   1.1
160936,  -2.3,   3.1,   6.7,-121.7,  49.3,1023.2,   5.2,   1.2
160956,  -0.4,  -2.8,   5.3,  10.4,-108.2, 964.6,   4.5,   1.4
160980,   1.7,  -1.0,   1.9, -68.2, 107.6, 876.5,   4.3,   1.5
161008,  -0.7,  -4.8,   0.2, 105.1, 110.8, 959.2,   4.6,   1.3
161032,  -0.6,   0.9,  -0.1,  91.2, -97.2,1011.7,   3.8,   0.8
161056,  -1.8,  -3.8,   1.1, -87.7, -15.9, 853.3,   3.5,   1.0
161080,  -2.4,  -0.9,   1.4, -12.8, 137.4, 995.6,   3.2,   1.0
161108,  -4.3,   2.5,   3.7, 183.3, -95.5,1051.7,   2.9,   0.5
161132,   2.4,   4.8,   4.4,-502.3,-453.7, 920.9,   1.0,   1.1
161156,   4.8,  -5.3,   3.4, 120.5, 388.4, 924.3,   1.8,   1.2
161180,   1.5,   5.2,  -1.3,-112.6,  86.6, 881.3,   2.2,   0.8
161208,  -1.8,  -6.1,   2.2, 452.8,-143.9,1075.2,   1.8,   0.9
161232,  -2.3,  -0.4,   2.3,-200.5, -29.4, 975.8,   1.1,   1.1
161256,  -2.8,  -1.3,   3.6, 138.8,-231.0,1008.8,   0.1,   0.8
161280,  -0.9,  -1.8,   2.8,-110.7,  39.7,1023.9,  -0.3,   1.0
161308,  -0.0,  -0.4,   2.5,  -4.5,  58.0,1053.2,  -0.6,   0.8
161332,   1.0,   2.6,   3.0, -12.5,-138.5,1044.9,  -1.5,   0.8
161356,   1.3,  -1.2,   3.3, 123.7,  72.2,1009.3,  -1.7,   0.7
161380,   2.4,  -2.1,  -1.4,-133.6, 103.2,1072.7,  -1.1,   1.1
161408,   3.0,  -1.5,   0.6,  96.6,  29.2, 936.0,  -0.4,   0.7
161436,   0.2,   0.2,   3.0, 106.8, -15.0,1136.0,  -0.4,   0.6
161456,   1.9,   1.3,   3.4, -16.2,  85.6, 954.8,  -0.5,   0.6
161480,  -0.0,   0.7,   2.0,-190.3, 286.8, 868.6,   0.5,   1.0
161508,  -5.1,   1.7,   0.9, 287.8, -14.7,1343.0,   1.6,   0.4
161532,   5.2,  -1.0,   3.1,  50.5, 246.8, 925.5,   1.2,   0.5
161556,   0.1,  -1.9,   1.9, 226.2, 152.0, 975.6,   2.3,   0.2
161580,   0.8,  -0.7,   2.2, 155.2,   8.2,1078.8,   2.2,   0.4
161608,   0.8,   0.6,   0.5,-140.0, 178.9,1069.6,   2.7,   0.6
161630,   0.9,  -3.7,   0.8, -23.3, 197.2,1048.8,   3.0,   0.9
161658,  -2.4,   1.6,   0.2, 249.9,  88.1, 975.8,   3.5,   0.2
161682,  -1.2,   5.0,   1.6, -78.2, 167.9, 947.5,   3.5,   0.4
161706,  -6.2,  -1.9,   3.0,  -6.4, -36.7, 942.4,   3.8,   0.6
161730,  -4.2,   2.9,   3.7, 111.0, -54.8,1169.2,   3.1,   0.2
161758,  -1.5,  -1.9,   4.4,  74.9,  86.6,1037.6,   2.5,   0.7
161782,  -2.9,   0.6,   2.6,-129.7, 416.9, 657.7,   3.0,   1.1
161806,  -4.4,   1.4,   0.5, 404.2, 307.3, 963.4,   3.3,   0.0
161830,   3.0,   0.0,   5.8,-219.1,-114.8, 825.7,   1.9,   0.9
161858,   3.8,  -6.1,   1.7, 365.2, 292.7,1009.8,   2.6,   0.7
161882,   2.7,   0.7,   0.5, 164.0, -57.7, 885.5,   1.8,   0.5
161906,  -0.8,   0.5,  -1.9,-100.4,  80.7, 736.6,   2.5,   0.8
161934,  -1.4,   4.0,  -0.5,-174.9,-143.1,1046.4,   2.3,   1.1
161958,  -2.6,   2.0,   0.6,  -2.0,-259.1, 986.1,   1.9,   0.9
161982,   2.1,  -1.2,   2.4, 179.1,  -7.9, 901.4,   1.5,   0.6
162006,   2.6,   4.2,   0.7,-171.7,  94.9, 967.8,   1.9,   0.9
162034,   3.9,  -1.7,   2.4, -28.4, -92.4, 824.2,   1.8,   0.9
162058,  -0.9,   0.1,   2.5, 210.4, 127.6, 946.5,   1.8,   0.6
162082,  -1.5,  -2.8,   9.1, 265.5,-432.0,1301.0,   0.7,   0.8
162106,   3.2,  12.8,   4.1,-603.1, 231.6,1012.4,   0.7,   0.7
162134,   4.3,  -5.2,   5.1,  98.8,  33.1,1082.0,   0.8,   1.3
162158,   4.9,   1.0,   2.7, 109.0, -44.3, 910.9,   0.3,   1.0
162182,   0.6,   0.7,   2.8,  74.6,-150.5,1027.3,   0.0,   0.9
162206,   0.3,   3.3,   3.4, 226.5, -26.4, 825.7,  -0.6,   0.3
162234,   0.1,   0.4,   5.7,-117.8,-171.5, 956.0,  -1.4,   0.9
162258,   1.5,   3.6,   2.8,-125.8,  97.3,1065.7,  -1.4,   0.8
162282,   7.4,  -3.2,  -0.7,   1.9,  46.3,1037.8,  -0.8,   1.5
162306,   5.1,   2.1,   0.3, -71.6,  36.3,1005.6,   0.1,   0.9
162334,   0.7,   6.2,   2.5, -15.7, 114.2, 772.9,   0.7,   0.4
162358,  -8.9,   4.3,   1.0,-113.9,-272.3,1565.9,   1.4,   0.8
162382,  -1.0,  14.6,   2.5,-317.7,  51.9, 519.8,   0.9,   1.0
162406,  -2.0,  -8.2,   2.5, 200.4, 198.9, 965.1,   2.1,   1.4
162434,   1.7,   4.1,  -0.5,-134.4,  70.5, 980.5,   2.2,   1.6
162458,   4.2,  -8.0,   0.6, 338.3, 361.8,1298.8,   2.7,   1.9
162482,   3.3,  -0.7,  -0.3, 153.0,  76.6,1213.1,   2.6,   1.6
162506,  -1.5,   3.2,  -0.8,-365.3,  53.6, 906.5,   2.7,   2.4
162534,  -4.7,   4.9,  -1.4,-136.6,-207.8,1080.1,   1.8,   1.7
162558,  -3.5,   2.0,  -2.4,-205.2,  84.7, 790.3,   1.8,   1.9
162582,  -5.8,   0.6,  -1.6,  15.3, 229.4, 918.4,   2.0,   1.8
162606,  -2.3,   4.1,  -1.4,-579.7, 270.7,1030.5,   2.2,   2.3
162634,   1.7,  -1.6,  -3.5,  92.9,  48.5, 750.5,   1.3,   1.5
162658,  -4.1,   8.8,  -6.6,-286.9,-110.2,1202.4,   2.6,   1.2
162682,  -1.9,  -5.9,  -1.5, 331.0,-101.6,1174.8,   2.9,   1.2
162706,  -1.7,   3.1,  -5.5,-149.7, -14.5,1069.3,   2.4,   1.2
162734,  -5.7,   2.6,  -7.4, 464.3, 245.5,1183.8,   2.3,  -0.1
162758,   1.1,  -8.4,  -4.1, 263.8, -39.6, 633.8,   0.9,   0.7
162782,   8.5,   6.8,  -1.2,-131.9,   5.1, 744.1,  -0.8,  -0.2
162806,   8.0, -14.6,  -2.0, 296.5,  75.6,1467.5,   0.4,   0.4
162834,  10.2,   8.9,  -8.5,-249.4, 354.2, 893.8,   0.7,  -0.4
162858,   4.6,  -7.4, -10.3,-291.8,   1.9,1018.5,   1.4,   0.7
162882,   6.0,  -1.5,  -6.1,-136.1,  36.3, 982.9,   0.8,  -0.2
162934,   3.1,   1.1,  -3.9,-151.9,-121.4,1053.9,   0.7,   0.1
162938,   4.5,  -3.9,  -2.6,  40.2, 165.0,1047.4,   0.9,   0.0
162958,   4.9,  -0.7,  -3.4,-235.4, -39.9, 979.5,   0.9,   0.0
162982,   8.6,  -1.6,  -4.4,   0.6, 101.5, 873.0,   0.7,  -0.2
163010,   6.2,   2.1,  -5.0,-152.4,-159.5, 969.2,   0.5,  -0.0
163034,   1.6,  -1.7,  -5.8,-219.6, 125.4, 935.3,   1.5,   0.0
163058,  -3.2,   5.6,  -2.8,  29.2,-566.2,1341.3,   0.9,  -0.7
163082,   3.7,   1.2,   1.6,-322.6,  62.9, 830.3,  -0.2,   0.5
163110,   3.2,   0.2,  -2.9, 150.6,  40.5, 965.1,   0.2,  -0.2
163134,   7.1,  -4.6,  -6.5, 258.5, 168.4, 975.8,   1.3,  -0.0
163158,  10.1,  -4.6,  -7.8, 112.7, 256.8,1073.5,   1.6,   0.4
163182,   3.6,  -8.8,  -8.9, 181.6,  67.6, 844.0,   3.3,   0.4
163210,  -0.9,  -3.5,  -4.4,  68.0, 310.0,1019.0,   2.6,  -0.4
163232,  -4.8,  -4.1,  -6.7, 165.7,  69.8, 909.2,   3.0,  -0.6
163260,  -5.8,   1.6,  -9.1,-152.9, 203.1, 939.2,   4.0,  -0.5
163284,  -3.0,  -1.9,  -7.2,-149.7,  70.2, 981.2,   4.4,  -0.1
163308,  -0.9,  -5.2,  -6.9, 253.8, 122.2, 941.4,   5.0,  -0.1
163332,   1.2,   7.6,  -7.7,-278.9, 114.7, 969.7,   4.7,  -0.5
163360,  -1.2,  -6.0,  -4.7, 461.8,  68.5, 900.4,   5.4,  -0.4
163384,  -9.2,   2.8,  -8.0,-229.3, 239.4, 855.2,   5.8,  -0.5
163408,  -8.6,  -5.1,  -0.3, 385.9,-181.7,1098.4,   4.5,  -0.4
163436,  -5.1,   4.9,  -3.0,-475.9, -48.2, 707.0,   4.2,   0.4
163460,  -1.1,  -6.9,  -3.3,  87.3, 259.9, 983.1,   4.4,   0.7
163484,   0.7,   2.3,  -5.2, -34.0, 136.7, 999.7,   4.6,   0.4
163508,   2.6,  -2.0,  -6.7, 132.0, 131.3, 921.6,   4.8,   0.4
163532,  -0.0,  -5.8,  -6.1,  39.0,  54.6,1024.6,   4.9,   1.0
163560,  -5.3,  14.0,  -6.9, -23.5,-174.9,1339.1,   4.0,  -1.5
163584,  -0.2,  -4.8,  -1.7, 103.9, -52.6, 699.2,   3.2,  -0.3
163608,   0.2,  -2.7,  -5.3, 340.2,  77.3,1026.4,   3.1,  -1.2
163632,   0.1,   2.5,  -4.6,-135.6, -17.4, 907.0,   2.9,  -0.4
163660,   4.0,  -5.2,  -3.9, 205.2,  -9.1,1085.4,   2.4,  -0.0
163684,   2.6,  -0.1,  -6.7,-236.4,-184.9,1043.4,   2.0,   0.6
163708,   5.2,  -1.9,  -3.8, 243.6, -86.5,1210.9,   1.8,   0.2
163732,   0.4,   2.8,  -5.3,-630.0,-149.5, 869.4,   2.1,   1.3
163760,  -1.7,  -7.3,  -4.0, 230.4,-238.8, 912.3,   1.2,   0.8
163784,  -3.7,   2.2,  -5.5,  44.8,-157.5,1492.7,   0.9,   0.1
163808,   2.1,  -4.9,  -2.8,  46.3,-376.0, 841.1,  -0.4,   0.6
163832,  -0.3,   0.7,  -5.3, 106.1,  14.1, 732.7,   0.3,  -0.2
163860,  -2.1,   6.3,  -4.6,-296.5,-310.1,1116.2,  -0.4,   0.4
163884,  -0.6,  -1.0,  -4.1,  26.0,-301.6,1092.0,  -0.9,   0.6
163908,  -1.0,  -0.2,  -4.2,  11.1,-268.1,1053.0,  -1.6,   0.6
163936,   1.8,  -2.9,  -1.7, -22.3, 156.7,1005.1,  -1.5,   0.6
163960,   3.2,  -0.2,   0.8,  22.6, 103.9,1007.1,  -1.0,   0.4
163984,   5.4,   1.7,   4.4,-103.4, 209.4,1238.8,  -0.6,   0.4
164008,   4.3,  -0.4,   3.6, -82.1, 192.1, 951.6,  -0.2,   1.3
164036,   0.1,  -0.2,  -0.3, 202.1,  20.4, 978.3,  -0.4,   1.0
164060,  -1.5,   0.9,  -2.3, -27.4, 124.2, 895.5,  -0.3,   0.2
164084,  -5.1,  -7.3,   2.7, 115.9,-541.3,1491.0,  -0.0,   0.9
164108,   1.2,   3.0,   0.6,  82.4, -53.5, 827.4,  -0.1,   0.4
164136,   1.8,  -0.3,  -1.1,-198.1,-211.7,1200.9,   0.5,   0.9
164160,   0.2,  -1.9,  -1.1,-138.3,-110.7,1068.8,   0.9,   1.4
164184,  -1.3,  -1.8,  -1.6, 254.6, -91.4,1089.3,   1.3,   0.9
164208,  -2.2,  -2.5,   0.3,  55.1, -83.3, 848.1,   1.8,   0.9
164236,  -2.0,   3.5,   1.1,-116.3,  32.6, 922.4,   2.1,   0.9
164260,   1.6,  -1.5,   4.0, 124.7,  92.7,1063.7,   1.8,   1.0
164284,  -1.8,  -1.8,   3.3,  71.0, 189.6, 941.2,   2.8,   1.3
164308,  -0.9,   0.3,   5.4,  63.9,  72.9, 972.9,   2.4,   1.2
164336,  -1.5,   7.3,   5.2, 118.6,-109.7, 966.5,   2.0,   0.2
164360,  -2.5,   1.5,   3.9,-143.2, -32.5,1711.7,   2.4,   1.3
164384,   1.8,  -2.9,   7.8, -46.2,-347.5, 826.9,   0.8,   2.0
164408,  -0.3,  -5.5,   2.8, 170.1, -89.2, 945.8,   1.9,   1.5
164436,  -1.8,   2.5,   3.9, -28.4, 125.9, 915.8,   1.9,   1.6
164460,  -2.6,   1.5,   4.7,   4.1, -55.0,1100.1,   1.7,   1.5
164484,  -3.2,   1.8,   3.8,-147.1,-175.4, 986.1,   1.5,   1.6
164508,  -1.9,  -1.0,   4.8,  36.3,  -2.3, 969.2,   1.3,   1.7
164536,   0.6,  -0.2,   3.8,  40.2, -35.2, 963.9,   1.0,   1.9
164560,   1.0,   4.2,   3.1,  10.7, -21.3,1009.0,   1.2,   1.6
164584,   1.0,   1.1,   5.4,-146.1,  71.0,1000.5,   1.4,   1.9
164608,  -0.7,   2.8,   5.5, -50.4, -67.0, 926.3,   0.9,   1.8
164636,  -1.1,  -1.0,   3.6, -12.5, -26.4,1043.4,   0.6,   2.0
164660,  -5.5,   0.4,   2.0, -84.8, -53.8, 935.5,   0.8,   2.0
164684,  -5.1,   1.0,   2.6, 365.2,  17.0, 977.5,   0.6,   0.7
164708,  -1.1,   3.2,   3.6,-356.0,  31.7, 857.2,  -0.2,   1.7
164736,  -0.7,  -2.3,   2.2, 364.2,-130.7, 948.0,  -0.4,   1.2
164760,  -0.1,   1.4,   0.3,-101.6,-140.0, 991.9,  -0.6,   1.3
164784,  -0.9,  -0.7,  -0.3, -22.8, -57.7,1014.1,  -0.9,   1.4
164808,  -0.3,   0.1,   0.5,  66.8,  36.1,1104.2,  -1.2,   1.2
164834,  -1.0,  -0.3,  -1.1,  28.5,  60.5,1008.5,  -1.6,   1.1
164858,   0.6,  -2.1,  -1.4, 107.8, -36.7, 940.4,  -2.3,   1.0
164886,   0.6,   1.7,  -0.7,-170.5, 159.4, 987.3,  -2.0,   1.3
164910,   2.9,  -1.2,   3.6,  -2.0,  31.4, 975.8,  -1.3,   1.4
164938,   2.6,  -1.1,   3.3,   9.2, 153.7,1030.3,  -1.1,   1.3
164962,   0.2,  -1.2,   2.5,  74.1,  -3.7,1069.6,  -1.1,   1.3
164986,  -1.8,   0.3,   2.8,  65.1, -33.0, 999.7,  -1.2,   1.0
165010,  -1.6,   1.0,   2.5, -25.2,  16.3, 984.4,  -1.0,   0.7
165034,  -0.1,   0.9,   2.7, -62.1, -35.7,1032.2,  -0.6,   1.1
165062,   0.8,   2.2,   2.5,-224.4,  59.7,1019.8,  -0.4,   1.4
165086,  -1.5,  -1.2,   0.6,  -8.9,  74.2, 970.4,   0.4,   1.6
165110,  -3.5,   0.6,   0.5, -78.9, -23.3,1147.2,   0.8,   1.5
165134,  -0.3,   0.1,   4.4,-147.8,-135.8,1057.4,   0.2,   1.6
165162,   1.3,  -1.9,   4.1, 132.0, 103.7,1020.5,   0.5,   1.3
165186,   3.0,   0.7,   2.0,  41.4, 154.7, 958.7,   1.2,   1.2
165210,   2.5,   0.1,   2.6, -13.8,  91.0,1002.9,   2.0,   1.3
165234,   1.3,  -1.6,   5.1,  -0.6,  58.3, 965.1,   2.6,   1.5
165262,   1.2,   0.7,   6.1,-160.5, 280.5, 994.1,   3.2,   1.5
165286,  -0.4,  -3.5,   8.0, 101.2,  26.8,1019.3,   3.2,   1.5
165310,  -2.0,   6.1,   6.8,-185.1,  50.5,1011.0,   3.7,   1.3
165334,  -0.0,   0.1,   8.0,-211.3,  87.8,1005.1,   3.9,   1.5
165362,   1.8,   2.6,   7.7,  69.5, -27.7,1003.2,   3.8,   1.2
165386,   1.5,   3.1,   7.8,-227.9,  53.2, 910.6,   4.0,   1.6
165410,   1.7,   1.5,   9.2, -29.1, 113.7,1045.6,   4.4,   1.5
165438,  -0.1,   0.6,  10.4, -34.3,   9.2, 991.7,   4.4,   1.5
165462,  -0.3,   2.3,   9.4,  29.7, -12.5, 961.2,   3.4,   1.3
165486,  -0.4,   3.4,   7.9,   0.6,  39.5, 848.9,   3.1,   1.2
165510,  -2.7,   1.4,   6.9,   7.7, 322.2, 977.0,   4.2,   1.6
165534,  -1.1,   0.5,   9.1, -20.6, -33.8,1101.8,   4.0,   1.7
165562,   3.0,  -4.4,   7.9, 357.3, -22.8,1005.1,   2.8,   1.5
165586,   2.0,   5.0,   3.4,-179.0,  88.3, 993.2,   3.4,   1.1
165610,   1.6,   2.6,   2.0, -55.0, -36.7,1078.4,   3.7,   0.9
165634,   1.6,   1.4,   3.1, -86.0,  31.7,1047.4,   3.5,   1.3
165662,  -1.9,   1.6,   5.2,   4.6,-169.0,1111.1,   2.8,   1.2
165686,  -2.0,   1.4,   4.1,-137.8,-125.6,1013.2,   2.3,   1.3
165710,  -0.7,   1.6,   4.1, -92.1, -73.1, 998.8,   1.7,   1.3
165734,   0.7,  -3.2,   4.3, 190.1,-134.6,1057.1,   1.0,   0.8
165762,   1.5,   0.4,   2.2, -75.3, -23.3, 988.0,   0.7,   0.8
165786,   1.6,   1.0,   2.3,   4.6, -56.7,1020.7,   0.5,   0.9
165810,   0.8,  -0.2,   3.3,  21.6,-163.6, 927.7,   0.1,   0.9
165834,  -0.1,   1.6,   2.5, -36.0, -73.3,1039.8,  -0.6,   1.0
165862,  -0.4,   1.0,   3.2, -29.4, -74.0,1056.6,  -1.4,   0.8
165886,   1.9,   0.9,   1.4,-148.5, 174.3, 935.8,  -0.5,   0.9
165910,   4.8,  -4.3,  -0.5,  91.0, 132.0,1009.5,   0.0,   0.6
165938,   0.1,  -2.1,  -2.0, -34.3,  69.8, 960.7,   0.1,   0.5
165962,  -2.6,   1.0,  -0.0, 129.8,  42.7,1013.9,   0.1,  -0.2
165986,  -6.4,   7.3,   0.5, -94.1, -56.7,1125.2,   0.3,  -0.3
166010,  -2.0,  -4.3,   1.9,-103.1,  -0.8, 997.5,  -0.1,   0.4
166038,  -0.1,  -2.4,  -1.9,  73.6, 117.6, 991.0,   0.6,   0.2
166062,   0.5,   0.4,  -2.2,  65.6,  95.4, 906.5,   1.0,  -0.1
166086,   2.9,   0.4,  -3.8, -48.4,  91.0,1017.8,   1.1,  -0.2
166110,   1.7,  -0.5,  -3.3,-111.7,  59.3, 959.7,   1.7,   0.2
166138,   1.1,  -1.8,  -3.5,  10.7, 142.0, 921.9,   2.6,   0.0
166162,   0.2,   1.0,  -3.1,   3.3,  99.8, 919.7,   3.0,  -0.1
166186,  -0.9,  -1.8,  -3.5, 113.0, 213.1, 972.9,   3.6,  -0.3
166210,   0.8,  -0.1,  -4.1,-137.0, 198.7, 935.8,   3.9,  -0.2
166238,   1.0,  -3.6,  -3.9, 246.3, 165.7, 977.3,   4.4,  -0.4
166262,   1.8,   1.7,  -5.2,  -0.1, 247.5,1008.0,   4.8,  -0.5
166286,   0.2,  -2.9,  -5.3,  45.3,  57.8, 991.2,   5.1,  -0.2
166310,  -0.0,  -0.5,  -6.3,-162.4, 140.1, 946.3,   5.4,  -0.3
166338,  -2.3,  -1.0,  -6.0,  79.7,  80.0, 935.5,   5.5,  -0.4
166362,  -3.6,   5.5,  -6.1,-182.9,  -8.4, 948.2,   5.5,  -0.7
166386,  -4.8,  -0.4,  -4.2,-154.6,  84.7,1075.2,   5.7,  -0.4
166410,  -5.1,   1.5,  -4.7,-319.4,-239.6,1201.2,   5.0,  -0.2
166441,  -0.4,   1.0,  -3.0, 178.9, -38.2,1027.8,   4.9,  -0.3
166461,   0.9,   8.0,  -5.0,-457.8, 131.0, 925.8,   5.2,  -0.4
166485,  -1.6,  -0.7,  -4.9,  19.2,  70.7,1084.7,   5.8,   0.1
166513,  -0.4,   0.9,  -3.6,-136.6,  28.3,1024.6,   5.5,   0.8
166537,  -0.3,  -0.4,  -2.6,  63.1,  12.9,1120.1,   4.9,   0.3
166561,  -1.2,   0.6,  -0.8, -13.3,  54.1,1063.2,   4.3,   0.3
166585,  -2.0,  -2.6,  -1.4, 113.9, -10.1,1058.6,   4.0,   0.3
166613,  -0.3,  -0.2,  -2.3, -21.1,  66.1,1040.5,   3.6,   0.4
166637,   0.2,   2.0,  -1.7, -15.0,  36.3, 961.9,   3.2,   0.3
166661,   1.2,  -0.2,  -0.8,  45.8, -20.8,1127.9,   3.0,   0.5
166685,   0.4,   4.6,  -1.2,-116.3,-219.8,1145.0,   2.5,   0.5
166713,   1.0,  -0.2,  -0.6, 185.2, -50.6,1043.4,   1.9,   0.6
166737,   0.1,  -0.9,  -2.5,  69.7, 107.4,1080.8,   1.4,   0.6
166761,  -2.1,  -2.7,  -3.8,-133.4,  99.1, 908.2,   1.4,   0.9
166785,  -5.3,  -1.3,  -2.2, 106.1,-301.8,1117.7,   0.8,   0.8
166813,   0.4,   2.9,  -0.1,  37.3, -71.1, 950.2,  -1.0,   0.5
166837,   1.2,   2.3,  -2.5, -67.5,  90.3,1002.2,  -1.2,   0.5
166861,   3.3,  -0.2,   0.3,  83.7, 241.6, 932.1,  -0.2,   1.0
166885,   3.0,   0.8,  -1.1, -60.6,   9.2, 942.6,   0.5,   0.9
166913,   1.8,  -2.0,  -1.3,   9.4, -28.4, 926.3,   0.6,   1.6
166941,  -1.0,  -3.3,   0.8, 226.2, -46.2, 955.1,   0.5,   1.3
166961,  -2.0,  -0.1,  -0.0, -26.2,  70.7,1010.0,   0.6,   0.9
166989,  -2.9,  -0.7,  -0.5,  70.5,  83.4,1026.4,   0.9,   0.8
167013,  -1.1,   0.9,  -3.5, -72.6,  71.0,1019.0,   1.4,   0.8
167037,   0.5,   0.1,  -3.6, -46.7,  90.0,1018.8,   1.8,   1.0
167061,   0.2,   0.3,  -3.7,  -3.3,  -7.1,1001.2,   2.0,   1.0
167089,   0.2,  -1.1,  -2.7, 125.9, 133.2, 934.3,   2.4,   1.0
167113,  -1.2,  -0.4,  -2.1,  23.1, 107.4, 965.6,   2.7,   1.1
167137,  -0.1,  -0.5,  -1.9,  32.1,  36.8, 960.7,   2.9,   0.8
167161,  -0.1,  -1.5,  -2.2, -51.4,  99.1, 949.0,   3.7,   0.9
167189,  -0.1,   1.2,  -2.0, -70.6,  98.3,1070.8,   4.3,   0.7
167213,   0.1,   1.5,  -1.8,-245.0, 173.3, 927.7,   4.8,   1.0
167237,  -1.5,  -1.4,  -1.2, -73.8, 174.5, 892.3,   5.4,   1.1
167261,  -6.7,   3.5,  -4.0,  92.4, 130.5, 850.6,   6.2,   0.4
167289,   1.3,   0.1,   0.2,-142.9, 164.2, 889.1,   5.4,   0.7
167313,   2.1,  -4.5,   0.2,  97.1, 226.0,1135.2,   5.9,   0.7
167337,  -0.3,   0.5,   0.9,  51.9, 101.5,1234.1,   6.1,   0.8
167361,  -1.0,  -2.0,   0.6,   2.4,  56.8, 897.4,   6.3,   0.9
167389,  -4.8,  -0.2,   2.2,  72.4,-196.6, 905.5,   5.9,   1.0
167413,  -3.8,   2.3,   2.7, -45.5, -41.1, 941.6,   5.3,   0.8
167441,  -1.2,   2.4,   0.9,  52.9, -46.0,1102.8,   5.2,   0.9
167461,   0.5,   0.3,   0.7,-106.3,  30.0, 960.7,   4.8,   1.0
167489,   1.3,  -1.6,  -0.8,-159.0, 102.7,1039.5,   5.0,   0.9
167513,   0.7,  -1.4,  -0.8, -56.2, -71.1, 957.3,   5.0,   0.9
167537,   0.1,  -2.2,   0.4, -13.0, -77.2,1059.3,   4.6,   0.8
167561,  -1.0,   0.6,  -0.0, 128.3,  89.0,1059.8,   4.4,   0.4
167589,  -3.0,   0.1,   2.3, -13.8,-340.9,1300.3,   4.1,   1.4
167613,   3.1,  -2.0,   4.2, 475.7,-136.1,1004.6,   2.4,   0.4
167637,   2.6,   8.0,  -1.9,-296.5, 149.6, 977.0,   3.3,   0.7
167661,   2.1,   1.4,  -0.9,  70.7,  38.0,1032.0,   3.8,   0.6
167689,   0.2,  -3.8,  -0.2, 167.9,  -6.9,1016.3,   3.4,   0.7
167713,  -1.0,   1.8,   0.6,-215.9, -62.8, 877.9,   2.4,   1.2
167737,  -1.0,  -4.1,   2.7, 242.8,  12.6,1005.4,   2.0,   0.8
167761,  -0.9,   2.1,   0.3, -69.9,  45.1, 959.9,   1.3,   0.7
167789,  -0.5,   0.6,  -1.0,  37.8,  21.7, 971.7,   0.9,   0.7
167813,   1.3,  -1.4,  -1.6,  23.6, -32.8, 986.6,   0.3,   0.6
167837,   0.8,   0.8,  -0.5, 123.5, -56.5, 965.8,  -0.1,   0.5
167861,  -0.4,  -1.3,   0.7, -84.8, -15.4, 915.3,  -0.3,   0.7
167889,  -1.2,  -1.5,   2.0, 158.1, -26.2, 974.8,  -0.8,   0.5
167913,  -0.6,   3.1,   3.9,-176.8,  -1.0, 971.9,  -1.2,   0.8
167941,   0.9,   1.8,   3.6, -46.7, -50.8,1020.0,  -1.4,   0.9
167961,   3.7,  -0.2,   1.7, -57.5,  14.6,1011.7,  -1.1,   0.9
167989,   1.3,  -2.6,   0.3, -64.3,  67.6,1000.2,  -0.7,   1.2
168013,  -2.2,  -0.1,   0.8,  -1.8,  41.7, 963.4,  -0.3,   1.0
168039,  -4.2,   6.5,   3.0,-315.3, -37.7,1040.0,  -0.2,   0.9
168063,  -1.0,  -1.2,   7.4,  88.8,-298.2,1123.8,  -1.2,   0.8
168087,   3.1,  -0.2,   4.7, 128.3, 131.8, 965.1,  -1.0,   0.5
168115,   5.2,  -0.2,  -1.1, -18.6, 155.9, 983.9,   0.0,   1.0
168139,   4.9,  -0.4,  -1.6,  -9.8, 139.6, 843.7,   0.9,   1.2
168163,   1.2,  -5.2,  -0.6,  19.9,  34.1, 969.5,   1.6,   1.3
168187,   0.7,  -2.9,   1.3, 157.4,  45.6, 923.6,   1.5,   0.9
168215,  -2.6,  -1.6,   1.4, 122.5,  34.6, 989.7,   1.6,   0.7
168239,  -2.0,  -1.4,   1.1,  81.5,  61.7,1081.5,   1.8,   0.5
168263,  -0.1,   0.4,  -0.9,-148.8,  68.0, 982.2,   2.2,   0.6
168287,   1.0,  -0.1,  -1.8, -26.9, 198.2, 931.9,   2.9,   0.5
168315,  -0.1,   0.9,  -2.5, -46.0,  12.6,1001.2,   3.6,   0.6
168339,   0.8,   1.7,  -1.3,-184.9, 114.2, 909.7,   3.9,   0.8
168363,  -0.7,  -3.0,   0.1,-148.3, 206.7, 940.9,   4.4,   1.0
168387,   0.2,  -2.8,  -0.1, 186.9, 134.7,1149.4,   4.7,   0.7
168415,  -0.9,  -3.0,  -1.6,  38.0, 112.7, 945.5,   4.7,   0.7
168443,  -0.7,   3.3,  -2.9, -45.3, 137.9, 947.5,   4.8,   0.8
168463,   0.8,  -1.0,  -1.7,-139.0, 191.6, 948.7,   4.9,   1.0
168487,  -2.8,   0.3,  -1.6,  -9.1, 129.3, 996.1,   5.4,   0.9
168515,  -4.7,  -1.3,  -0.7, -39.1, 125.4, 863.3,   5.5,   1.0
168539,  -7.5,   1.7,  -0.1, 249.4, 110.0, 914.5,   5.7,   0.2
168563,   0.5,   6.8,   5.2, -26.0, -39.1, 819.8,   4.0,   0.2
168587,  -0.2,  -2.0,   2.0, -98.5, 290.2, 907.0,   4.4,   0.6
168615,   0.7,   5.1,  -0.5, -55.5, 188.4, 964.3,   4.3,   0.7
168639,   0.8,   0.4,  -0.5,-111.7,   6.0, 949.2,   4.2,   1.0
168663,   0.3,   0.1,   1.1,  30.9,  28.3,1019.8,   4.2,   0.8
168687,   0.4,  -2.4,   2.4, 148.8,  52.4, 996.1,   3.8,   0.7
168715,  -0.3,   0.8,   1.8, -62.6,  58.0, 937.0,   3.5,   0.8
168739,   1.2,  -0.6,   1.1,  18.5, -42.1,1006.6,   3.1,   0.6
168763,   2.6,   1.8,   1.6,-130.7, 243.8, 936.8,   3.2,   1.2
168787,   1.9,  -1.1,   1.6, 163.2,  98.6,1040.5,   2.8,   0.8
168815,  -1.2,   0.8,   1.6, -42.3,-143.1,1022.0,   2.3,   0.9
168839,  -0.6,   0.9,   1.7, -76.0,  47.8,1046.1,   1.8,   0.8
168863,  -2.5,  -3.0,   1.2, -43.3,-118.0, 926.7,   1.5,   1.0
168887,  -1.5,   0.6,   0.7, -30.8,  -0.8, 960.9,   1.1,   0.6
168915,  -1.8,   1.4,  -0.2, -41.1,  70.2,1112.8,   1.2,   0.5
168943,   0.8,   2.3,   4.1, -52.1,-203.9,1010.2,   1.0,   0.6
168963,   2.7,   4.2,   3.9,-129.2, -67.4, 970.0,   0.5,   0.3
168987,   1.5,   1.2,   1.5,-148.8,  -2.5,1010.5,   0.7,   0.7
169015,   2.2,  -0.4,   0.9,  11.4, -19.4, 985.3,   0.5,   0.7
169039,   1.5,   0.7,   0.9,  27.3, -77.0,1039.1,   0.1,   0.7
169063,  -0.7,   4.4,   1.6,-114.1, -79.7, 999.7,  -0.5,   0.6
169091,  -0.1,  -0.5,   4.5, 100.3, -62.8,1001.0,  -1.1,   0.6
169115,   1.2,   0.8,   2.7,  57.5,  74.4,1051.3,  -1.2,   0.5
169139,   4.1,  -2.5,  -0.8, -80.7,  84.7, 949.5,  -0.6,   0.7
169163,   4.4,  -1.2,  -2.3,  39.5,  58.0, 993.9,  -0.4,   0.5
169191,   2.7,  -1.9,  -1.3,  69.5,  75.4, 943.6,   0.1,   0.5
169215,   0.5,   0.2,   0.8, -10.6,  40.7, 985.8,   0.4,   0.3
169239,  -0.3,   2.5,   1.7,  10.7,  91.5, 992.7,   0.8,   0.2
169263,  -0.1,   2.6,   1.6, -33.8,  74.2, 971.4,   1.1,   0.2
169291,   1.8,   1.4,   0.5, -60.4, 117.6, 980.2,   1.7,   0.3
169315,   2.2,   0.4,   0.6,  -4.2, 110.8,1032.9,   2.2,   0.4
169339,   1.6,  -0.8,   1.1, -40.1,  92.5, 997.3,   2.6,   0.6
169363,   0.6,  -0.4,   0.2, 112.2,  83.9, 967.5,   2.7,   0.3
169391,   0.2,   0.6,   0.1, -16.9,  78.8,1026.6,   2.9,   0.3
169415,   1.3,   0.4,   0.5,  71.0,  94.7,1032.9,   3.3,   0.2
169443,   1.4,   0.0,  -0.3,  14.3, 161.6, 950.4,   3.5,   0.1
169463,   2.2,  -1.2,  -0.7, -27.7, 174.0, 969.0,   3.9,   0.2
169491,  -1.2,  -1.2,  -1.9, -24.5, 196.0,1010.0,   4.8,   0.3
169515,  -0.3,  -2.4,   0.0, -53.8,   0.4, 976.1,   4.4,   0.6
169539,  -0.9,  -1.8,  -0.3,  93.7,  58.8, 934.1,   4.5,   0.1
169563,   0.7,   1.5,  -1.4,  13.1, 195.2, 957.0,   4.5,  -0.0
169591,   1.8,   2.6,  -2.0,-136.8, 114.4,1004.9,   4.9,   0.1
169615,  -0.1,  -4.1,  -2.2,  70.0, 110.0, 918.4,   5.4,   0.6
169641,  -1.7,   0.3,  -2.0,-109.9,  59.3,1026.4,   5.4,   0.6
169665,  -1.4,  -4.4,   0.4,  78.8,  36.8,1033.2,   5.2,   0.5
169689,  -1.7,  -1.1,  -0.5, -31.8,  68.5,1055.4,   5.1,   0.5
169713,  -0.4,  -3.4,  -0.5, -23.3,  51.7, 984.4,   5.0,   0.5
169741,  -2.3,   3.9,  -1.9,-120.4,  15.1, 906.0,   5.0,   0.3
169765,  -0.6,  -0.7,  -0.3, 101.5,  91.0, 934.6,   4.9,   0.2
169789,  -0.6,   0.3,   0.0,  21.4, 141.0, 944.6,   5.1,   0.2
169813,  -1.9,   1.8,   1.1, -36.5, -76.0,1038.6,   4.7,   0.2
169841,  -2.4,  -0.6,   2.8,  94.9,  97.8, 947.7,   4.2,   0.3
169865,  -0.9,   3.5,   2.4, -63.3,  41.2, 883.5,   3.7,   0.3
169889,  -0.7,   3.8,   2.7, -64.5, 115.7, 961.9,   3.7,   0.4
169913,  -2.7,   0.9,   1.9,-183.7,  72.0, 943.8,   3.9,   0.7
169941,  -1.3,   0.6,   1.3,-151.5, -50.6,1097.2,   3.8,   0.9
169965,   1.0,  -3.9,   4.2, 171.5, -71.4,1008.3,   2.6,   0.8
169989,   1.4,   4.6,   2.7,  65.1, -21.5, 985.6,   2.0,  -0.1
170017,   1.0,   0.9,   0.3, -59.9,  38.0, 887.0,   2.6,   0.7
170041,   1.9,   3.1,  -0.8,-268.6,  34.4, 941.4,   2.6,   1.2
170065,   0.6,   0.6,   0.4, -56.0, -51.8, 923.3,   2.3,   1.1
170089,  -1.2,   0.1,   2.6, -31.8, -20.3, 971.2,   1.5,   1.1
170117,  -2.3,   3.5,   1.6,  -5.0, -25.9, 986.1,   0.9,   0.6
170141,  -1.2,   0.7,   0.6, -21.1, -25.5,1083.0,   0.5,   0.8
170165,   0.4,   1.2,  -0.2, -85.8, -61.6, 961.7,  -0.0,   0.8
170189,   0.5,  -0.8,  -0.5,   8.9, -46.9, 962.6,  -0.3,   0.8
170217,  -1.2,   0.3,   1.0, -80.4, -92.1,1006.3,  -0.9,   0.8
170241,  -1.7,  -0.8,   3.3, 124.2,-107.7, 992.4,  -1.4,   0.6
170265,   0.8,  -2.2,   1.9, 135.9,  -8.4,1023.4,  -1.7,   0.7
170289,   2.7,  -1.1,  -1.6, -97.0, 181.6,1027.1,  -1.1,   1.0
170317,   3.0,   0.0,  -2.6, 110.0,  -3.7, 957.8,  -0.6,   0.6
170341,   1.6,  -1.5,  -4.1,-102.9,  87.6,1026.4,  -0.1,   0.8
170365,  -0.6,   0.1,  -1.7,  88.1,   4.3, 933.1,   0.0,   0.4
170389,  -2.3,   1.7,  -0.8, -14.0, 117.6, 940.4,   0.3,   0.1
170417,  -1.7,   0.6,   0.1, -59.2, 102.2,1009.5,   0.9,   0.3
170445,  -0.4,  -0.5,  -0.8,  10.2, 117.4, 990.0,   1.0,   0.2
170465,  -0.3,   0.4,  -0.9, -33.0,  97.8,1000.7,   1.4,   0.3
170489,   0.4,  -1.3,  -1.3, -20.6,  44.4, 980.2,   1.6,   0.3
170517,  -0.4,   0.4,  -1.7,   8.9,  56.3, 967.8,   1.7,   0.2
170541,  -2.3,  -0.2,  -3.1,  15.5, 149.6, 965.3,   2.2,   0.2
170565,  -2.8,  -0.1,  -3.9, -47.0, 129.3, 960.7,   2.7,   0.1
170589,  -2.3,   0.9,  -4.1,-173.2,  60.5,1180.9,   3.1,   0.2
170617,   0.2,  -4.1,  -1.9,  76.1, 153.3, 989.7,   3.5,   0.4
170641,   0.5,   1.8,  -4.9,  -1.1,   9.2,1003.7,   3.7,  -0.1
170665,   0.5,   0.1,  -4.0,  47.8, 186.5, 961.2,   4.1,  -0.2
170689,  -0.3,   1.4,  -5.0, -12.8, 126.9, 991.2,   4.8,  -0.2
170717,  -0.4,  -0.1,  -3.8,  13.8,  94.2, 975.8,   5.3,   0.1
170741,  -1.0,   0.9,  -3.3,-122.9, 124.2, 960.9,   5.6,   0.2
170765,  -2.1,  -0.3,  -2.2, -85.8,  80.5, 969.2,   5.8,   0.3
170789,  -1.4,   0.2,  -4.4,  92.0, 141.8,1084.0,   5.9,  -0.0
170817,  -1.3,   1.0,  -3.9,  28.2,  85.4,1161.9,   5.9,   0.0
170841,  -0.3,  -0.2,  -4.0, -33.0, -17.4,1089.8,   5.9,   0.2
170865,  -0.2,   1.0,  -4.2, 149.1,  77.1, 990.2,   6.1,   0.1
170889,   0.2,   4.3,  -3.1,-108.0, 129.8,1050.3,   6.4,   0.3
170917,  -2.8,  -3.4,   1.3,  75.1, -83.6, 925.8,   6.5,   0.5
170945,  -2.9,   3.9,   2.3,-176.6,-154.4, 943.8,   6.2,   0.8
170965,  -2.0,  -1.2,   1.8,  21.6,  96.1,1057.8,   6.0,   0.8
170989,  -2.8,   1.8,   1.4,  39.7, 211.6,1070.8,   5.7,   0.8
171017,  -3.1,   1.7,  -0.8, 100.3,  74.9, 976.1,   5.1,   0.6
171041,  -2.7,  -3.7,   0.8, 151.0,   8.2,1058.1,   4.7,   1.0
171065,   2.6,   0.1,   1.1, -89.4, 197.0, 875.7,   3.5,   1.0
171093,  -0.6,  -2.5,  -1.6, 165.9, 259.9, 951.9,   4.5,   0.6
171117,   0.3,   0.9,  -1.8,-148.3,  75.1, 916.0,   4.6,   0.6
171141,  -0.6,   0.7,  -0.6, -26.9,  31.4, 985.1,   4.2,   0.9
171165,  -1.7,  -1.3,   0.6,  -0.1,  28.7,1049.5,   3.8,   0.7
171193,  -2.7,   1.8,   0.5, -95.3,-111.4,1071.0,   3.3,   0.8
171217,  -1.7,  -0.9,   1.3, -55.3, -18.1, 972.4,   3.0,   0.9
171243,   0.5,  -1.2,   0.3,  42.9,   7.0, 984.4,   2.6,   0.7
171267,  -0.0,   0.9,  -1.6, -29.9, -95.5, 933.3,   2.3,   0.8
171291,   0.7,  -2.9,  -0.7, 151.3,  17.8,1000.7,   1.8,   0.6
171315,  -0.7,  -1.6,  -2.2,  49.0,  99.3, 935.5,   1.8,   0.9
171343,  -0.7,   1.3,  -3.7, -33.5, -38.9, 986.3,   1.1,   0.6
171367,  -1.8,   0.4,  -3.3, -14.0, -97.5,1017.3,   0.4,   0.6
171391,  -1.0,   2.1,  -3.0, -40.6, -19.1, 986.6,   0.0,   0.2
171415,  -0.0,  -0.2,  -2.2, -69.2, -72.3, 988.0,  -0.4,   0.4
171443,  -0.4,  -1.2,   0.5, -39.6, -50.8, 991.0,  -0.5,   0.4
171467,  -0.4,  -2.1,  -2.4,-102.9, 146.2, 958.2,   0.0,   0.7
171491,  -1.3,  -5.9,  -4.4,  22.1, 149.1,1038.6,   1.0,   1.0
171515,  -3.1,  -1.2,  -2.8,  78.8,  35.3, 924.1,   0.9,   0.1
171543,  -1.5,   1.0,   1.1,  58.3,-202.7,1190.4,   0.3,  -0.1
171567,   0.3,   4.4,   0.2,-254.2,  73.4, 961.7,   0.3,   0.1
171591,   0.7,  -0.7,  -2.9,   8.7,  95.1,1011.0,   0.9,   0.3
171615,   0.5,   1.2,  -4.4,  22.6, 128.8, 967.3,   1.6,   0.3
171643,  -0.4,  -1.6,  -2.8, 101.5,  82.7, 969.7,   2.2,   0.5
171667,  -0.6,   0.3,  -2.4,   3.1,  64.6,1026.8,   2.4,   0.3
171691,  -1.5,  -0.9,  -3.4,  35.6,  35.6,1014.1,   2.6,   0.3
171715,  -1.1,  -1.8,  -3.0,   4.3,  71.5,1043.2,   2.6,   0.4
171743,  -0.6,  -0.8,  -3.9, -38.4, 119.3,1008.8,   3.0,   0.4
171767,   0.4,  -0.8,  -3.1,  21.4, 149.3, 983.6,   3.6,   0.5
171791,  -0.8,  -0.6,  -3.5,  51.4,  93.0, 960.4,   4.0,   0.5
171815,   0.1,  -1.2,  -2.7,  19.0, 101.0, 993.9,   4.2,   0.6
171843,  -1.0,   1.4,  -4.2, -86.3,   8.0,1132.1,   4.6,   0.2
171867,   0.1,   0.5,  -4.3,-159.3, 112.2,1001.0,   5.1,   0.5
171891,   0.9,  -2.0,  -2.8, -15.5,  60.7,1048.6,   5.2,   0.3
171915,   1.5,   0.5,  -2.7,  85.9, 182.3, 945.3,   5.4,   0.2
171943,   0.6,   2.0,  -2.6, 103.7, 120.1, 992.4,   5.5,   0.2
171967,  -3.1,  -1.5,  -2.7,  52.2, 201.1, 916.7,   5.9,   0.4
171991,  -4.3,  -2.2,  -2.0, 102.0,  84.2, 993.2,   5.9,   0.2
172015,  -1.7,   1.7,   1.7,-412.4, -14.7,1039.3,   4.8,   0.3
172043,   0.1,   2.9,  -0.0, 176.4, -77.0, 787.3,   4.1,  -0.1
172067,  -0.3,   2.4,  -3.6,-175.4,  30.5, 926.7,   4.2,   0.3
172091,  -1.5,   1.4,  -1.1, -63.1,  -1.0, 903.6,   4.3,   0.6
172119,  -0.2,  -1.1,  -0.2,  66.8,  51.7,1058.8,   4.4,   0.7
172143,  -1.7,   3.0,  -0.8,   8.9, -46.7,1127.7,   4.1,   0.5
172167,  -1.4,   0.2,  -0.2, -33.5,  30.2, 999.3,   3.5,   0.6
172191,  -2.1,   4.5,  -1.3, -65.5, -17.2, 950.9,   3.1,   0.5
172219,  -0.2,   2.3,  -2.0,-147.3, -68.9,1139.6,   2.6,   0.7
172243,   1.7,   2.9,  -2.6,-260.1, -35.0, 994.1,   2.5,   1.1
172267,   2.4,  -1.2,  -1.8,  49.5, -50.8, 963.4,   2.4,   0.8
172291,   3.0,   0.4,   0.2,  16.8, 173.0, 968.7,   2.5,   0.8
172319,   1.2,   1.0,   1.7,  -5.9, -98.9, 993.6,   2.4,   0.9
172343,   0.4,  -1.9,   1.7,  14.8,  23.4, 972.4,   2.3,   1.0
172367,   2.1,   1.4,   1.5,  61.0, 125.7, 942.1,   2.0,   0.5
172391,   1.3,   1.2,   3.7,  76.6,-171.5,1189.4,   1.8,   0.5
172419,   2.6,   1.1,   2.0,-134.1,-105.3, 928.7,   0.8,   1.1
172447,   2.7,  -2.1,  -1.8,  22.4, -53.0, 916.7,   0.7,   1.0
172467,   1.3,  -1.5,  -1.2, 161.8, -67.9, 996.1,   0.3,   0.9
172491,  -1.1,  -0.3,  -0.8,  98.1, -43.5, 978.0,  -0.3,   0.7
172519,  -2.8,  -0.7,   1.6,-116.1, -97.0,1058.8,  -1.2,   1.2
172543,  -1.0,  -1.5,   0.8, 266.0,  23.9,1128.7,  -1.5,   0.8
172567,   2.9,  -1.4,  -3.1,-448.1, 155.5,1142.3,  -1.1,   1.7
172591,   4.4,  -7.2,  -1.6, -71.6, -12.0, 945.5,  -0.4,   1.9
172619,   2.8,  -2.0,  -0.3,  10.7, 176.0, 920.2,   0.8,   1.3
172643,   0.9,   1.5,   2.8,-124.6,  37.3,1015.9,   0.6,   0.9
172667,  -3.2,   2.3,   2.8, -95.1,  67.8,1065.9,   1.1,   1.1
172691,  -0.6,   3.4,   1.2, -55.5, 108.3,1007.8,   1.4,   1.0
172719,   0.3,  -1.3,  -0.1, -62.8,  95.1,1048.1,   2.2,   1.3
172743,   1.2,   1.4,   0.3, -48.7,  88.6,1010.5,   2.7,   0.9
172767,   0.7,  -0.3,  -0.5, -66.5,  77.8, 934.8,   3.1,   1.1
172791,  -0.6,   1.2,   0.3, 162.3,  84.9,1041.0,   3.2,   0.8
172819,  -2.4,   2.5,  -0.8,-273.5, 127.9, 931.9,   3.6,   1.3
172841,   0.2,   0.4,   1.0, -57.0, 185.2, 955.6,   3.9,   1.3
172869,   1.3,  -1.0,   0.2,-170.3, 140.3, 957.8,   4.7,   1.4
172893,   0.9,  -1.5,   0.8, -11.6, 188.7,1000.7,   5.4,   1.6
172917,  -2.4,   2.1,  -0.5,  68.3, 159.6,1026.6,   6.0,   1.1
172945,  -1.8,   3.2,   2.5,-384.4, -62.1,1305.9,   5.9,   1.5
172969,   1.4,  -1.8,   4.5, 125.9,  85.6,1029.3,   5.6,   1.0
172993,   0.2,  -1.0,   1.6,  69.3,  91.7, 911.4,   5.9,   1.0
173017,   0.1,   6.1,   1.4,-239.6, 261.4, 928.5,   6.3,   1.2
173045,  -0.1,  -4.0,   3.4, 376.9,  42.2,1043.7,   5.9,   1.0
173069,  -1.5,   3.7,   1.4,-340.7,  11.9, 946.8,   5.5,   1.3
173093,  -0.6,  -0.4,   3.0, -59.7,  70.2,1079.6,   5.1,   1.3
173117,  -1.7,  -1.7,   2.4,  46.1, -66.0, 847.2,   4.4,   1.2
173145,  -1.5,   1.8,   0.3,  34.6,  71.0,1011.0,   4.4,   1.0
173169,   0.1,   1.9,   2.1,-267.2,  86.1, 837.4,   4.1,   1.4
173193,  -2.1,  -2.6,   1.8,  78.3,-172.9, 995.6,   3.7,   1.3
173217,  -1.5,   0.6,  -0.8,  86.3,  -8.4, 959.5,   3.3,   1.0
173245,  -0.1,  -0.7,  -1.6, -16.0, -12.8, 975.3,   3.0,   1.0
173269,   0.7,  -2.8,  -1.4, -97.7, 148.4, 946.0,   3.1,   1.1
173293,  -3.0,  -2.5,  -1.1, 188.6,   5.1, 960.2,   3.1,   0.7
173317,  -3.5,   1.2,   2.6,  14.3,-135.1,1058.1,   2.6,   0.6
173345,   4.0,   0.6,   2.5,-138.5,  72.7, 928.5,   1.3,   0.8
173369,   2.8,  -1.6,  -0.9, 102.2,  91.5,1004.9,   1.9,   0.7
173393,   3.3,   1.2,  -1.9,  -0.3,  15.3, 906.0,   2.3,   0.6
173417,   1.9,  -0.9,   0.1, -59.4, -64.0,1042.5,   2.1,   0.8
173445,  -1.0,  -0.2,   1.6, -93.8, -80.9, 957.8,   1.9,   0.9
173469,  -1.2,  -1.1,   2.5, 120.8, -33.5, 963.4,   1.4,   0.6
173493,  -1.4,   0.5,   0.1,-111.9,  31.2, 995.6,   1.3,   0.6
173517,  -0.4,  -0.5,  -1.1,   5.3, -75.0,1016.6,   1.0,   0.3
173545,   0.2,   2.7,   0.1, -76.0, -64.0,1021.5,   0.4,   0.4
173569,  -0.3,   0.8,   0.6, -73.8, -95.3,1026.1,  -0.1,   0.6
173593,  -1.7,   3.3,  -0.1,-178.1,-104.8, 996.3,  -0.6,   0.6
173617,  -1.5,   3.2,   2.4,-162.9, -63.3, 965.3,  -1.1,   0.9
173645,   2.2,  -1.0,   2.5,  68.0, 125.4,1045.2,  -0.5,   0.6
173669,   4.8,   0.8,  -1.3, -45.7, -25.9,1035.9,   0.1,   0.7
173693,   3.3,  -1.0,  -1.7, -38.7, 110.3, 992.7,   0.6,   0.8
173717,   1.4,  -0.8,   0.1,  31.9, -10.8,1012.7,   0.8,   0.4
173745,  -0.8,   0.3,   0.6,  -1.5, 141.5, 985.6,   1.1,   0.3
173769,  -1.3,   0.5,   0.5, -50.1,  96.9, 992.9,   1.5,   0.4
173793,  -0.0,  -0.5,   0.4, -26.9, 108.3, 990.2,   2.0,   0.6
173817,   0.5,  -0.4,   0.0,  43.9,  41.7,1017.8,   2.4,   0.6
173845,   1.3,  -0.8,  -1.1,  -5.5,  96.6, 990.0,   2.7,   0.7
173869,  -0.7,  -1.7,  -0.7,  17.5, 152.8, 974.1,   3.1,   0.7
173893,  -1.7,  -0.7,  -1.1,  22.1,  80.0, 967.8,   3.5,   0.5
173917,  -1.1,  -1.0,   0.3,  31.7,  41.0,1172.4,   3.5,   0.3
173945,   0.8,   1.0,  -0.6, -22.8, 185.5, 947.5,   3.7,   0.4
173969,   2.4,  -1.3,  -2.4, -13.8, 169.6, 987.5,   4.3,   0.4
173993,   1.1,   1.1,  -2.7, -75.0, 172.8, 978.0,   4.9,   0.4
174017,  -0.4,  -1.8,  -2.2,  60.2, 169.1, 941.4,   5.5,   0.3
174045,  -1.3,  -0.7,  -2.4,  40.9, 125.4, 974.1,   5.8,   0.3
174069,  -2.6,  -1.1,  -0.7, -31.6, 168.6,1032.9,   6.1,   0.4
174093,  -1.6,  -0.2,  -0.5, -23.0, 148.6,1025.6,   6.2,   0.4
174121,  -2.8,  -2.5,  -0.8, 127.6, 101.0, 980.2,   6.2,   0.3
174145,  -1.1,  -1.3,  -1.4, 112.5,  43.1, 970.2,   6.2,   0.2
174169,  -0.5,   3.9,  -2.0,-157.6, 132.3,1050.0,   6.4,   0.5
174193,  -0.3,  -0.8,  -0.8,   7.0, 177.2, 932.4,   6.4,   0.6
174221,  -2.4,   0.5,  -0.6, -49.9,  -1.3,1040.5,   6.7,   0.6
174245,  -3.9,   1.1,   2.5, -93.3,  56.6, 906.2,   6.4,   0.8
174269,  -2.9,  -1.7,   3.7, 218.2,  40.7,1061.5,   6.1,   0.2
174293,  -1.5,   0.0,   3.9,  82.9,  49.3, 818.1,   5.5,   0.4
174321,  -3.4,   3.2,   0.7,  32.1,  -6.9, 981.4,   5.4,   0.3
174345,  -3.7,   2.0,   0.8, -37.2,  77.3, 884.0,   5.3,   0.6
174369,  -5.7,   3.6,   1.2, -37.4,-167.5,1613.0,   5.3,   0.3
174393,  -1.3,  -4.2,   6.3,-130.7,-270.6,1049.8,   3.9,   1.2
174421,   0.4,   3.9,   0.9, -47.2, 134.5, 985.8,   4.1,   0.8
174451,  -0.1,   3.9,   1.6,-143.9,  98.6,1035.9,   4.2,   1.0
174471,   1.9,  -0.7,   2.3,-237.9,-140.4,1033.9,   3.7,   1.3
174495,  -1.2,  -0.7,   2.5, 104.9, -32.5, 957.3,   3.7,   1.1
174519,  -2.3,   0.9,   2.8,   9.9, -79.4,1074.0,   3.3,   1.1
174543,  -1.8,  -2.5,   3.2,  29.7, -17.2, 984.6,   2.9,   1.2
174571,  -1.1,   0.2,   1.6, -33.5, -67.4, 983.1,   2.3,   1.2
174595,   1.1,   0.9,   1.7, -25.5,  -4.7,1000.0,   1.8,   1.1
174619,   1.5,   0.4,   1.4,  10.7,  39.7, 969.2,   1.5,   1.0
174643,   0.8,  -1.3,   2.2, 132.0,  36.1,1003.7,   1.3,   0.8
174671,  -0.9,   0.7,   4.2,  24.3,-103.3,1001.2,   0.7,   1.0
174695,  -1.0,   1.7,   3.9, -11.8, -95.3, 986.1,   0.2,   1.1
174719,  -0.1,  -0.7,   3.9,  13.3, -65.7, 979.7,  -0.3,   1.0
174743,  -1.0,   1.5,   2.3, -25.0,-135.8,1023.7,  -1.0,   0.8
174771,  -0.1,   1.6,   3.9, -78.7,  66.6, 999.5,  -1.2,   1.1
174795,   0.8,  -1.0,   6.2, 105.1, 150.1,1007.1,  -0.4,   1.2
174819,   2.1,  -1.5,   4.5,-179.5, -96.5,1022.7,   0.1,   1.5
174843,   2.9,  -2.5,   4.7, -83.1,-142.2,1034.7,  -0.3,   1.7
174871,   1.9,   0.6,   2.6,  47.8,  27.5, 986.1,  -0.1,   0.7
174895,   2.4,   3.8,   3.7, -71.9, 125.2, 970.0,   0.2,   0.5
174919,   0.5,   3.0,   3.7, -37.4, 124.2, 974.6,   1.0,   0.7
174947,   0.7,   0.9,   2.6, -40.1, 165.0, 966.3,   1.2,   0.7
174971,   0.3,  -0.6,   3.9, -37.4, 101.3, 997.5,   1.8,   1.0
174995,  -0.2,  -0.4,   4.1, -10.3,  53.4,1006.6,   1.9,   0.9
175019,  -1.2,   0.0,   3.2,  31.9,  87.6,1018.8,   2.1,   0.6
175043,  -0.3,   1.4,   3.4,  50.0, 152.3,1014.4,   2.2,   0.5
175071,  -0.4,   3.1,   2.9, -53.6, 144.7, 994.6,   2.8,   0.5
175095,   0.2,   2.3,   2.6, -50.1, 149.6,1024.9,   3.5,   0.7
175119,  -0.0,   0.8,   2.5, -70.6, 194.0, 949.5,   4.1,   0.8
175147,  -0.3,  -0.3,   2.5,  99.8, 188.9,1029.0,   4.7,   0.6
175171,  -1.5,   0.5,   2.6, -94.6,  81.2, 909.2,   4.8,   0.7
175195,  -1.7,  -1.4,   1.8,  65.3,  82.9,1022.0,   5.0,   0.5
175219,  -0.6,  -2.2,   1.2, 131.5, 102.2, 991.0,   5.1,   0.4
175247,  -1.2,   3.5,   1.6, -20.3, 109.8, 985.3,   5.4,   0.3
175271,   1.3,  -1.6,   2.3,  43.9, 192.3, 987.8,   5.5,   0.4
175295,  -0.8,   0.1,   0.9,  38.5, 227.7, 960.2,   6.1,   0.7
175319,  -2.8,   1.5,   0.1,  34.3, 108.8, 946.8,   6.4,   0.4
175347,  -5.8,   0.3,   2.8,-202.0,-323.3,1357.9,   6.0,   1.0
175371,  -1.2,  -1.1,   3.0, 184.5,-146.8, 974.8,   5.3,   0.6
175395,  -0.7,   5.3,   0.9, 105.6, -46.5, 849.1,   4.8,  -0.6
175419,   1.3,   2.6,   1.4, -84.8,   4.3, 894.5,   4.7,  -0.1
175447,   1.9,   2.1,   1.1,-270.3, -77.7, 963.6,   4.6,   0.3
175471,   1.3,  -1.0,   1.6,  21.9, 197.9, 953.6,   4.5,   0.5
175495,   0.6,   2.8,   1.1,-218.8, 132.0, 999.7,   4.6,   0.8
175519,  -0.0,  -4.5,   2.3,  95.9, -27.4,1062.2,   3.9,   0.8
175547,   1.2,  -2.4,   1.2, -14.2,  -9.8,1036.4,   3.5,   0.4
175571,   1.0,  -0.1,  -2.4, 141.3,  23.1, 962.9,   3.2,   0.1
175595,   1.4,   2.8,  -3.1,  93.7,  64.4, 949.2,   2.9,   0.1
175619,   1.3,   0.2,  -4.9,  -9.1,  16.3, 877.7,   2.5,   0.2
175647,  -1.3,  -0.3,  -4.2, -41.8,  39.2, 977.5,   2.7,   0.3
175671,  -1.7,  -1.3,  -1.8, -16.2,  41.7, 965.1,   2.5,   0.2
175695,  -4.2,  -0.7,  -2.1,  27.7,  15.1, 909.9,   2.4,   0.2
175719,  -4.9,  -4.4,   0.5, -77.2,-658.8,1458.2,   1.6,   0.8
175747,   4.8,  -0.8,  -2.5,-433.4, 111.3, 957.5,   1.1,   1.2
175771,   1.8,  -4.0,  -2.5, 362.5,-247.1, 949.7,   0.9,  -0.2
175795,   3.4,   6.8,  -1.6,-251.3,  97.8, 957.0,   1.0,  -0.4
175819,   0.3,   1.4,   0.4, -41.8, -48.9,1084.9,   1.4,   0.2
175847,  -0.6,  -0.8,   0.3, -16.9,-117.7, 962.9,   0.9,   0.5
175871,  -1.1,  -1.2,   1.6,  32.1, -57.0,1014.6,   0.2,   0.5
175895,  -2.1,   0.1,   3.4, -36.0,-124.6, 991.0,  -0.4,   0.4
175919,  -0.6,  -3.4,   0.1,  57.8, -36.4, 997.8,  -1.2,   0.1
175947,   1.6,   0.6,  -8.7,-126.8,  90.8, 986.6,  -1.1,   0.2
175971,   3.5,  -4.3,  -5.8, 193.5, 164.0, 981.4,  -0.3,  -0.1
175995,   1.3,   0.6,  -5.0, -17.9,  59.0, 952.6,   0.1,  -0.4
176019,  -0.4,  -1.3,  -2.5,   8.7,  11.2,1010.7,   0.3,  -0.1
176045,  -1.7,  -0.1,  -1.0, -23.3, 112.2, 973.9,   0.6,   0.0
176073,   0.3,  -1.6,  -2.0, -43.5, 135.9,1009.0,   1.2,  -0.0
176097,  -0.0,  -1.6,  -2.4, -47.4, 116.4, 993.4,   1.9,   0.2
176121,   1.6,  -1.3,  -2.8,  25.8, 129.6, 984.1,   2.4,  -0.0
176145,   0.8,   1.4,  -3.6,  28.0,  91.7, 979.0,   2.7,  -0.2
176173,  -0.1,   0.3,  -3.2,  77.1, 101.7, 968.3,   2.9,  -0.3
176197,  -1.0,  -0.5,  -2.6, -38.7, 163.0, 981.2,   3.4,  -0.2
176221,  -1.1,  -0.6,  -2.2,  57.8,  98.1, 992.7,   3.8,  -0.2
176245,  -1.5,   0.3,  -2.3, -96.3, 163.5, 970.9,   4.3,   0.0
176273,  -4.0,   1.8,  -3.1,  73.9, 126.6, 954.8,   4.9,  -0.2
176297,  -6.5,   3.9,  -3.1,-121.2, 169.6, 940.2,   5.5,  -0.1
176321,  -6.8,   2.0,  -0.7,-225.7,   0.4,1331.3,   5.5,  -0.1
176345,  -5.2,   1.5,   2.1,  98.8,  30.5, 928.9,   4.9,  -0.1
176373,  -3.4,   5.1,  -2.0,-134.1, 179.4, 920.4,   5.3,  -0.3
176397,  -2.3,   0.8,  -2.5,  42.2, 209.7,1010.2,   5.3,  -0.2
176421,  -1.7,   0.2,  -1.1,  11.4, 130.5,1040.3,   5.3,   0.2
176449,  -4.8,   2.6,  -0.9, -20.8, 112.5,1011.2,   5.3,   0.2
176473,  -3.4,   0.4,   1.2, -88.0, -12.0,1023.9,   4.7,   0.6
176497,  -4.2,  -0.4,   3.0,  37.8, -46.5, 940.7,   4.0,   0.7
176521,  -3.0,   2.3,   2.8, -25.2,  69.5, 944.1,   3.7,   0.7
176545,   0.2,  -0.5,   4.3,  45.8,  61.9,1115.0,   3.8,   0.8
176573,  -0.3,   1.0,   0.6,-160.5, -58.4, 904.5,   3.5,   1.1
176597,  -0.4,   2.0,  -1.6, -63.1, -74.5,1023.4,   3.2,   0.9
176621,  -0.9,   2.3,  -1.5, -82.4,  28.5,1016.6,   2.7,   0.8
176645,  -2.0,  -0.7,  -0.8, -15.2,  31.7,1025.6,   2.6,   0.8
176673,  -2.4,  -0.2,  -0.2,  11.9, -12.3, 983.6,   2.4,   0.5
176697,  -3.1,   1.1,  -0.9, -27.9, -95.5,1347.6,   2.5,   0.6
176721,   0.3,  -1.6,   0.4,-208.3,-445.9,1093.7,   1.1,   1.1
176745,   1.5,  -1.4,   0.6, 242.8, -36.7, 960.7,   0.8,   0.5
176773,   4.2,   0.5,  -0.5,-102.4, 258.2, 934.3,   0.9,   0.2
176797,   3.3,  -0.2,  -2.1,  36.5,  10.4, 897.9,   1.2,   0.5
176821,   0.9,  -1.3,  -0.7,  79.3,-147.0, 869.1,   1.0,   0.6
176845,  -0.9,  -0.8,  -1.4,  52.9, -64.8,1002.7,   0.7,   0.5
176873,  -1.4,   0.4,  -0.2,   8.2, -65.3,1017.8,   0.3,   0.4
176897,  -2.0,   1.6,  -0.7, -16.4, -65.5,1033.7,  -0.1,   0.2
176921,  -0.6,   1.0,  -1.1, -50.6, -43.3,1059.8,  -0.4,   0.2
176949,   0.4,   0.4,  -1.6, -22.3, -57.0,1017.8,  -0.5,   0.2
176973,  -0.3,  -0.6,  -1.3,  25.6,-199.5,1017.8,  -1.3,   0.3
176997,  -0.3,  -0.7,   0.8, -30.1,  -3.5, 969.0,  -1.7,   0.6
177021,   1.1,  -2.1,   0.8,   3.1,  19.0,1025.4,  -1.5,   0.7
177045,   4.1,  -0.9,  -1.6,-121.9, 107.1, 992.4,  -0.9,   0.6
177073,   4.0,  -2.2,  -1.3,  93.4, -39.4,1044.2,  -0.7,   0.7
177097,   3.3,   0.6,  -0.6, -48.7,  61.9, 956.8,  -0.2,   0.4
177121,   2.0,  -0.9,   0.8,  -7.2, 134.5, 982.2,   0.4,   0.4
177149,   1.3,  -0.2,   1.1,  39.2,  98.8, 953.6,   1.2,   0.5
177173,   1.3,  -0.3,   0.8, -45.5,  99.1, 967.5,   1.6,   0.5
177197,   1.3,   0.0,   1.1, -18.6,  93.9,1070.8,   2.0,   0.6
177221,   0.8,   2.9,   0.2,   8.0, 134.0, 982.2,   2.3,   0.4
177249,   1.8,   0.5,   0.5, -21.6, 129.8, 919.7,   2.8,   0.4
177273,   0.5,  -0.4,   0.3,  74.9, 163.3, 973.4,   3.4,   0.7
177297,   0.9,   3.3,   0.1,-178.3, -40.3,1257.8,   3.6,   0.8
177321,   1.4,  -2.5,   1.4,-237.1, 146.4, 868.6,   3.9,   1.2
177349,   0.7,   0.1,  -0.1, 351.2, 127.9,1003.4,   4.4,   0.1
177373,   1.3,  -0.4,  -0.2, -80.7, 226.0, 936.0,   4.9,   0.2
177397,   0.7,  -0.2,   0.5, -86.3,  72.2, 993.4,   5.3,   0.3
177421,  -1.4,   0.1,   0.5,  40.0,  86.1,1062.5,   5.8,   0.4
177449,  -0.7,  -0.9,   2.8,-102.6,  57.3,1079.1,   5.8,   0.5
177473,  -0.8,   0.1,   3.3,-152.4, 154.7, 971.4,   5.9,   0.5
177497,  -1.9,   1.4,   2.5, 186.2,  29.5,1023.7,   5.7,   0.1
177521,  -1.9,   1.7,   2.5,  15.5,  41.4, 946.5,   5.4,   0.2
177549,  -0.7,   4.3,   1.1, -76.0,   5.5,1006.8,   4.9,   0.2
177573,   0.3,   0.4,   3.3, -46.5, 167.2, 976.3,   5.0,   0.4
177597,  -2.0,  -0.7,   3.8,  -0.3,  24.6, 923.1,   4.8,   0.7
177621,  -0.8,  -1.9,   4.4,  83.2,  75.1,1022.4,   4.5,   0.7
177647,  -3.1,   0.7,   4.3, -27.7, -70.4, 999.5,   3.9,   0.7
177671,  -1.6,   3.5,   4.1, -53.1, 130.1,1057.8,   3.6,   0.7
177699,  -1.4,   1.2,   3.4,  19.2,  20.4, 973.1,   3.5,   0.5
177723,  -0.6,   0.3,   3.4, -18.9, 165.0, 911.9,   3.7,   0.4
177747,  -1.5,  -2.6,   5.8,  61.2,-162.2,1088.1,   3.1,   0.8
177771,   1.3,  -1.2,   4.1, -42.6,   1.4, 900.9,   2.2,   1.1
177799,  -0.4,  -2.8,   1.3, 205.7, -75.0,1028.8,   1.7,   0.6
177823,   1.6,   2.8,   2.0, -90.9,  15.1, 917.5,   1.3,   0.4
177847,   1.5,  -0.2,   1.3, -56.7,  40.7,1038.3,   1.7,   0.6
177871,   1.0,   2.1,   1.2, -61.9, -90.4, 982.4,   1.5,   0.7
177899,   1.5,  -1.6,   3.1,  29.5, -31.6, 986.6,   1.1,   0.8
177923,   0.3,   2.3,   3.8,  61.9, -38.4,1014.1,   0.7,   0.5
177951,  -0.1,   1.8,   5.8,   4.1, -52.3,1034.7,   0.6,   0.5
177971,  -0.7,   0.9,   4.4,  29.2,  -6.4,1007.8,   0.4,   0.5
177999,   0.8,   1.5,   3.4, -79.2, -75.0,1028.6,  -0.0,   0.5
178023,   0.5,   0.0,   3.6, -23.3,-100.2, 974.8,  -0.5,   0.7
178047,  -0.4,   1.2,   3.3, -25.2,  -4.0,1014.1,  -0.7,   0.7
178075,  -0.9,  -0.2,   4.0, -38.4, -82.8, 982.7,  -1.6,   0.8
178099,   0.1,  -2.2,   0.4, -16.2,  40.2, 982.7,  -1.6,   0.8
178123,   1.4,  -3.2,  -1.3,  18.0,  68.3,1021.2,  -1.0,   0.9
178147,   1.9,  -0.5,  -2.7,   4.1,  39.0, 964.1,  -0.7,   0.5
178175,   0.6,  -1.2,  -2.6, -26.0, -64.0,1044.7,  -0.7,   0.3
178199,  -0.6,  -0.2,  -3.3,  68.8,  40.0, 983.6,  -0.5,  -0.0
178223,  -1.1,  -0.2,  -3.4,   7.7,  81.5, 986.1,  -0.1,  -0.1
178247,  -1.1,  -0.5,  -4.3,  44.8,  73.4,1018.5,   0.4,  -0.2
178275,  -0.7,   0.1,  -3.9, -25.7,  67.6,1033.4,   0.9,  -0.1
178299,   0.4,   0.1,  -3.9, -37.4,  55.8,1001.2,   1.3,  -0.3
178323,   1.0,  -1.0,  -3.1, -20.6,  88.6, 969.2,   1.7,  -0.1
178347,   0.7,  -0.2,  -4.6, -34.5, 108.3, 971.9,   2.2,  -0.2
178375,  -0.2,  -1.6,  -3.9,  15.5,  90.3,1030.8,   2.7,  -0.0
178399,   0.2,  -0.5,  -4.1,  29.2,  88.1, 988.8,   3.1,   0.0
178423,  -0.9,   2.1,  -5.7, -36.0,  98.6, 971.7,   3.5,  -0.2
178451,   1.3,   0.7,  -4.6,  63.1, 162.0, 979.0,   3.7,  -0.2
178475,   1.6,   0.7,  -4.8,  54.6, 151.8, 977.5,   4.4,  -0.1
178499,   2.4,  -1.0,  -5.5, -89.7, 159.1,1041.5,   5.1,   0.3
178523,   1.8,  -1.1,  -3.4,   3.6, 138.9, 950.2,   5.4,   0.4
178547,  -0.4,   0.1,  -3.5, -90.9, 128.6, 904.8,   5.7,   0.5
178575,  -1.0,   1.8,  -3.6, -17.7, 133.7,1042.7,   6.1,   0.3
178599,  -0.6,   0.5,  -2.2, -26.0,  77.8,1074.0,   6.0,   0.2
178623,  -0.6,   1.7,  -1.0, -83.6,  -0.8,1011.0,   6.0,   0.3
178647,   0.3,   0.2,  -1.9,  89.0,  48.0,1006.3,   6.1,   0.2
178675,   0.8,  -0.3,  -0.3, -18.9, 104.2, 969.7,   6.0,   0.5
178699,  -0.9,  -2.1,   0.7,   7.0, -73.6, 956.0,   5.9,   0.8
178723,  -1.4,  -4.3,   1.9, 251.1, -94.1, 994.1,   5.3,   0.7
178747,  -0.9,   3.0,  -1.0, -37.2,-145.6, 955.1,   4.6,   0.5
178775,  -0.6,   0.7,  -2.6, -58.7, 118.8, 991.2,   4.4,   0.4
178799,  -0.6,   0.7,  -2.4,-107.0, 159.8, 999.7,   4.6,   0.5
178823,  -2.6,   0.7,  -1.6,-122.4,  68.0,1085.2,   4.8,   0.7
178847,  -1.8,   1.0,   1.2, -74.8,-147.3,1053.2,   4.0,   1.1
178875,   0.4,   2.1,   2.7,  73.6,  -7.1, 930.2,   3.2,   0.2
178899,   1.0,   2.9,   1.1,-142.9, 133.2, 989.2,   3.7,   0.6
178923,  -0.1,  -0.8,   0.6,  -8.9, -32.5,1011.0,   3.6,   0.7
178951,  -0.9,   2.9,  -0.3, -76.0,  11.2, 939.9,   3.5,   0.9
178975,  -1.8,   0.7,   1.4, -17.9,-113.6,1085.4,   2.7,   0.8
178999,  -2.6,   1.4,   1.4, -58.9,-110.2,1150.6,   2.1,   0.6
179023,  -2.2,  -1.5,   1.2, 100.5,-116.8, 990.0,   1.6,   0.6
179047,  -0.3,   1.2,  -0.1,  12.6, -44.7, 970.4,   1.3,   0.5
179075,   0.8,  -1.2,   0.4,  43.9, -19.4, 913.1,   1.0,   0.4
179099,   0.3,   0.6,   2.2, -47.0,  -0.1, 980.2,   0.5,   0.6
179123,  -1.7,   2.1,   2.7,  40.0, -55.2,1038.1,   0.2,   0.7
179151,  -0.4,  -1.4,   3.3,  33.4, -62.1, 995.3,  -0.5,   0.9
179175,  -1.0,   3.5,   2.2,  14.1, -39.4,1015.6,  -1.1,   0.6
179199,   2.1,   1.9,  -0.9,-104.6,  92.7, 979.0,  -1.2,   0.8
179223,   2.8,  -1.5,  -2.0, -57.7, 147.9, 956.3,  -0.4,   0.9
179249,   1.6,  -0.7,  -0.6, -13.0,  48.3, 966.5,  -0.1,   0.7
179273,  -0.1,  -0.8,   0.2, -22.1, -18.6, 984.4,  -0.0,   0.8
179301,  -0.8,   1.3,   0.3,  43.1,  74.9, 983.6,   0.2,   0.4
179325,  -2.2,   2.0,  -0.5,  -5.5,  81.7,1001.7,   0.6,   0.3
179349,  -1.0,   1.5,  -0.8, -26.5, 128.1, 971.9,   1.3,   0.4
179373,  -1.8,  -0.5,  -0.6, -14.5, 113.2, 970.9,   1.8,   0.4
179401,  -2.9,   0.1,  -0.5,  21.4,  77.6, 988.8,   2.1,   0.4
179425,  -1.8,  -1.9,   0.5, -41.3,  -8.4,1063.0,   2.0,   0.7
179453,  -0.4,  -0.1,  -1.5, -57.0,  62.9, 973.9,   2.0,   0.8
179473,  -0.3,   1.3,  -2.4, -50.9,  87.1, 983.6,   2.2,   0.6
179501,   0.4,   2.0,  -1.6, -40.4, 117.1, 942.9,   2.6,   0.2
179525,   0.4,   2.3,  -3.3, -98.7,  77.8,1072.5,   3.2,   0.4
179549,   0.1,  -0.8,  -3.2, -87.2, 103.0,1038.6,   3.9,   0.5
179573,  -0.9,   0.1,  -2.7,  -3.7, 112.5, 986.8,   4.1,   0.5
179601,  -2.6,   1.8,  -3.1,  71.2,  92.5, 898.4,   4.3,   0.3
179625,  -2.8,   1.8,  -1.2, -21.8,  24.1,1007.8,   4.3,   0.3
179649,  -1.4,   0.0,  -2.3, -36.7, 108.1,1016.3,   4.4,   0.3
179673,   0.2,  -0.3,  -3.8,  70.5, 104.2,1038.8,   4.4,   0.1
179701,   0.1,  -0.1,  -4.0,  55.3, 119.6,1044.2,   4.7,   0.1
179725,   0.1,   3.2,  -3.4, -47.0,  37.0, 972.6,   4.7,  -0.1
179749,  -0.1,  -2.4,  -1.7,-122.9, 136.2, 959.0,   5.0,   0.3
179773,  -3.1,  -1.2,  -2.1, 104.4,  60.2, 989.7,   5.0,   0.1
179801,  -2.9,   1.6,  -0.8, -25.7,  67.3, 918.7,   4.6,   0.1
179825,  -3.5,   2.9,   0.5,   5.3, -13.5,1054.9,   4.2,   0.2
179849,  -2.1,   0.9,  -0.8, -45.3,  27.8, 983.4,   3.8,   0.4
179873,  -1.0,   0.3,  -1.3, -47.2, 255.1, 977.5,   3.9,   0.7
179901,  -0.9,  -1.7,  -1.4, -98.7,-173.9,1074.0,   3.6,   1.2
179925,   3.5,  -8.4,  -1.8, 283.4, -12.0,1030.8,   2.8,   1.2
179953,   2.1,  -1.8,  -1.7, 270.2, -21.3, 967.5,   2.8,   0.8
179973,   2.1,   0.8,  -1.3, -32.6, 228.0, 976.1,   3.2,   0.9
180001,   0.1,   2.5,  -1.6,-140.0,  64.4,1079.6,   3.6,   1.2
180025,  -0.1,  -1.2,  -0.1, -73.6,  48.0, 919.4,   3.5,   1.4
180049,  -0.9,  -0.2,   1.6, -42.6,-101.1, 997.5,   3.1,   1.3
180073,  -1.1,  -0.8,   2.8, 143.0, -26.9,1026.1,   2.6,   0.9
180101,  -0.7,  -0.7,   1.2,   2.1,  38.0, 988.3,   2.2,   1.0
180125,   1.2,   0.6,   0.4,  -8.9, -14.7,1047.4,   1.9,   0.9
180149,  -0.3,  -0.1,  -0.6, -17.4, -64.5, 995.8,   1.5,   0.9
180177,  -0.5,   1.4,   0.6,  -7.4, -60.9, 994.9,   1.0,   0.8
180201,  -0.3,   2.0,   2.2,  48.3, -39.6, 985.6,   0.6,   0.8
180225,   0.3,   1.2,   0.9, -72.3, -24.7, 994.9,   0.3,   0.9
180249,   0.8,   1.5,   1.6,  28.2, -69.4,1014.6,  -0.2,   0.8
180277,   0.7,   0.1,   1.5, -66.0,-143.4,1008.5,  -0.7,   1.0
180301,   0.8,   1.4,   0.2,  29.9,  64.6,1006.3,  -0.9,   1.0
180325,   3.9,  -1.7,  -1.9,-122.2, 131.0,1013.7,  -0.1,   1.2
180349,   3.4,  -3.9,  -1.3, 217.0,  41.0, 964.6,   0.4,   0.7
180377,   0.5,  -0.8,  -2.0,  33.6,  45.6, 983.9,   0.7,   0.5
180401,   0.2,   1.7,  -0.9,  11.6, 124.0,1059.1,   0.8,   0.1
180425,  -2.8,   2.1,  -1.6,   4.8,  61.9, 976.1,   1.2,   0.1
180453,  -1.9,   1.5,  -1.7,-106.0, 172.3, 987.3,   1.3,   0.2
180477,  -2.0,  -0.1,  -2.0, -24.7,  95.4, 979.2,   1.8,   0.4
180501,  -2.8,   0.7,  -1.6, -82.1,  85.9, 990.5,   2.1,   0.5
180525,  -2.0,  -1.2,  -0.5, -27.4,  16.8, 999.5,   1.8,   0.6
180549,  -1.2,  -0.3,  -1.6, 105.1,  97.8, 948.7,   1.8,  -0.0
180577,  -0.9,   3.8,  -1.8, -95.3, 150.3,1030.3,   2.1,   0.2
180601,   0.1,  -0.4,  -2.7,  37.8,  90.3, 992.9,   2.6,   0.3
180625,   0.5,  -1.1,  -2.8, -53.3, 151.5, 992.4,   3.1,   0.5
180649,   0.4,   0.7,  -3.1, -32.6,  43.6, 975.6,   3.4,   0.5
180677,  -0.4,  -2.1,  -2.1,  -1.1,  99.1, 998.5,   3.8,   0.6
180701,  -1.5,   0.7,  -0.6, -72.8,  94.4, 983.4,   3.8,   0.6
180725,  -1.0,  -0.2,  -0.5,  73.9,  73.4,1042.0,   4.1,   0.4
180749,  -0.5,  -1.7,  -0.9, -51.4, 115.2,1004.4,   4.3,   0.7
180777,  -0.3,  -0.6,   0.6,  84.9, 111.0, 990.2,   4.4,   0.6
180801,   0.7,  -0.1,   0.2, -49.4,  83.2,1015.6,   4.3,   0.7
180825,   0.2,   0.3,   1.2,-133.9,  76.4, 981.9,   4.5,   1.0
180851,  -0.9,   1.4,   0.1,  -9.1,  45.3, 946.5,   4.5,   0.9
180875,  -0.5,   1.5,  -1.1, -65.3,  14.1, 990.0,   4.4,   0.8
180899,  -1.3,   1.5,   0.3, -79.7,  89.0,1057.1,   4.1,   0.9
180927,  -1.7,   0.3,   0.1,  25.3,  68.3, 962.1,   4.1,   0.8
180955,  -3.3,  -0.5,  -0.3,-108.5,  18.2, 944.3,   4.0,   0.9
180975,  -1.6,  -1.3,  -0.1,  26.3,  80.3, 973.6,   3.7,   0.8
180999,  -2.9,  -2.9,  -0.6,  34.6,  -8.9, 969.7,   3.1,   0.8
181027,  -0.4,  -3.0,   1.6,  91.0,   3.8, 980.9,   2.3,   0.7
181051,  -0.2,   3.3,   0.1, -45.0,  75.1, 969.5,   2.1,  -0.1
181075,   1.2,  -0.6,   0.6,  86.8, 140.3,1042.2,   2.7,   0.3
181099,   2.4,   1.7,   0.1,-158.0, 137.1,1016.3,   2.9,   0.8
181127,   1.9,  -0.2,   0.0,-119.7,  50.5,1008.3,   2.9,   0.8
181151,   0.6,   1.2,   1.8, -49.4,  94.4,1020.3,   2.6,   0.6
181175,  -1.4,  -0.2,   2.5, -97.7,   7.7, 960.9,   2.2,   0.6
181203,  -1.2,   0.2,   1.4,  85.9, -15.9,1015.4,   1.8,   0.4
181227,  -0.1,   0.1,   0.4, -10.6, -13.0, 973.4,   1.6,   0.5
181251,   1.4,   1.5,   0.0, -83.1, -15.4, 971.9,   1.3,   0.6
181275,   0.4,  -1.4,   0.6,  10.7, -15.9, 952.6,   1.1,   0.6
181303,   0.3,   1.7,   1.3, -30.6, -27.2, 954.3,   0.8,   0.5
181327,   1.2,   2.6,   2.0,-116.8,   7.3,1007.6,   0.6,   0.6
181351,  -0.0,  -1.9,   2.5,  34.8, -34.0, 996.8,   0.5,   0.8
181375,   0.6,   0.7,   1.3, -13.8,-104.6,1019.0,   0.0,   0.6
181403,   0.7,   0.4,   0.6, -33.8, -72.3, 969.2,  -0.4,   0.6
181427,   0.1,  -0.9,   1.7, 189.9, -72.1,1024.4,  -0.8,   0.5
181455,   0.9,   0.5,  -0.1, -93.6, -11.5, 998.5,  -0.9,   0.6
181475,   2.5,  -0.7,  -3.3, -73.1, 119.3,1007.8,  -0.4,   0.9
181503,   2.7,  -2.6,  -2.4,  42.4,  30.2, 986.8,   0.4,   0.8
181527,   0.9,  -2.0,  -2.6, -69.2,  82.2, 987.5,   0.8,   0.6
181551,  -0.3,  -1.8,  -0.6, 111.2, -87.0,1046.4,   0.7,   0.5
181575,  -1.5,  -1.2,  -0.8,  79.3,  -2.8,1032.0,   0.6,   0.3
181603,   0.2,  -0.4,  -1.4,  27.3, 112.0, 984.1,   0.8,   0.2
181627,   2.7,   0.7,  -2.2, -13.3,  91.7, 981.7,   1.2,  -0.0
181651,   2.3,  -0.4,  -3.0, -42.3, 129.8, 961.2,   1.8,   0.2
181675,   1.6,  -0.7,  -3.8, -36.5, 104.9, 930.2,   2.4,   0.2
181703,  -0.9,  -1.2,  -3.9, -19.6,   1.6, 985.8,   2.6,   0.3
181727,  -1.4,  -0.9,  -3.5, -36.9,  60.2, 992.7,   2.8,   0.2
181751,  -2.6,   1.9,  -3.3,   8.9, 106.9, 985.6,   3.0,   0.1
181775,  -2.3,   0.6,  -3.4,   6.0,  71.7,1054.2,   3.4,   0.1
181803,  -0.8,  -1.5,  -3.6, -35.5, 129.1,1025.6,   3.9,   0.1
181827,   0.4,   0.1,  -3.6, -17.4, 108.1, 950.4,   4.2,   0.1
181851,   0.4,  -1.4,  -2.5,  40.2, 137.6,1025.6,   4.5,   0.1
181875,  -0.5,   0.7,  -2.7, -30.4, 127.4, 963.4,   4.7,   0.1
181903,  -1.4,  -0.4,  -2.2,  75.1, 168.9,1010.5,   5.2,   0.1
181927,  -0.4,   1.1,  -1.0, -44.8,  71.0,1005.8,   5.2,   0.2
181955,  -0.1,  -1.3,  -1.2,  86.8, 193.3,1034.9,   5.4,   0.1
181975,  -0.2,   0.9,  -1.5,  33.1, 108.1,1089.8,   5.5,   0.2
182003,   0.7,  -3.5,  -0.0,  70.7,  54.9,1082.5,   5.4,   0.5
182027,  -0.7,   2.4,  -1.3,  55.3,  72.2,1070.8,   5.7,  -0.0
182051,   0.5,  -2.4,   1.2,   9.4, 117.6, 976.3,   5.6,   0.3
182075,  -0.6,   3.6,   1.1, -30.4,  60.2, 950.9,   5.8,   0.2
182103,  -4.5,  -2.1,   2.3, -30.4,  58.8, 922.4,   6.2,   0.9
182127,   0.7,  -1.7,   7.5, 285.1,-145.1,1214.3,   4.8,   0.7
182151,   1.9,   4.8,   6.2,-122.4, -53.3, 936.0,   3.9,   0.6
182179,   2.5,  -0.5,   5.5,  26.8,  58.0,1000.5,   4.3,   0.8
182203,   3.8,  -0.4,   3.0,   2.1,  10.7, 995.3,   4.3,   0.9
182227,   4.4,   2.7,   2.8, -27.9, 100.8,1027.8,   4.6,   0.8
182251,   2.1,   0.9,   5.5,  57.5, -65.3, 989.7,   4.4,   1.0
182279,   0.4,   2.8,   5.3, -55.5,  50.7, 948.2,   4.0,   0.9
182303,   0.5,   1.6,   5.4, -26.5,  74.6, 921.6,   3.6,   1.0
182327,   0.6,  -0.6,   4.7,  17.7,  17.8,1024.2,   3.4,   0.9
182351,   1.2,  -0.7,   3.6, 105.4, -79.2, 983.9,   3.0,   0.9
182379,   1.9,   1.0,   5.2,   2.6,  54.9, 951.4,   2.8,   1.0
182403,   2.3,  -0.7,   5.0,  14.6, -18.9,1035.9,   2.6,   1.2
182427,   0.7,   1.2,   4.1,  29.7, -82.1, 992.9,   2.1,   0.8
182457,   1.2,   0.3,   5.0,  75.6, -38.4, 928.9,   2.0,   0.7
182477,   0.9,   1.2,   4.1, -37.2,  -8.1,1048.1,   1.5,   0.6
182501,   0.5,   1.5,   4.1,   3.1, -30.3, 951.2,   1.2,   0.4
182529,  -0.4,   1.2,   3.6, -41.6, -29.4, 969.7,   0.9,   0.6
182553,  -1.4,   1.4,   4.0, -63.3, -20.3, 980.5,   0.6,   0.6
182577,  -2.9,   1.2,   5.5,-128.3,-113.1,1026.6,  -0.0,   0.7
182601,  -1.5,  -0.2,   6.7,  23.8,-101.1,1080.6,  -0.9,   0.6
182629,   2.1,   0.1,   4.8,   0.6, 113.9,1010.7,  -0.8,   0.6
182653,   5.1,  -0.4,   2.0, -94.1,  89.5, 998.5,  -0.1,   0.7
182677,   4.0,  -1.3,   2.2,  49.7,  60.7,1013.2,   0.3,   0.8
182701,   2.8,   0.4,   1.2,  23.4,  39.7, 945.1,   0.3,   0.5
182729,   0.4,   0.6,   2.2,  44.3,  57.6, 999.5,   0.8,   0.3
182753,  -0.3,   0.7,   1.9,  -6.7,  77.1, 987.8,   1.1,   0.4
182777,   0.4,   1.0,   1.8, -28.9,  89.8,1021.2,   1.5,   0.4
182801,   1.0,   0.8,   0.5, -34.3, 110.5,1005.1,   2.0,   0.5
182829,   0.8,  -0.7,   1.1,   1.1,  97.6, 986.6,   2.4,   0.4
182853,   0.7,   0.5,   1.2, -50.1, 100.8, 987.0,   2.8,   0.3
182877,   0.5,   0.2,   1.2,  37.5, 129.8, 997.8,   3.2,   0.2
182901,  -0.4,   0.8,   0.8, -82.4, 152.5,1015.4,   3.6,   0.3
182929,  -0.3,  -0.4,   1.6,  19.4,  98.3,1004.9,   4.0,   0.3
182957,   0.8,  -1.5,   0.8,  -0.3, 139.6,1026.8,   4.2,   0.2
182977,   0.5,   0.9,  -0.1,  92.4, 165.0, 991.2,   4.7,  -0.2
183001,   0.1,   0.2,  -0.3,   4.3,  79.0, 995.3,   5.2,  -0.1
183029,   1.7,   0.6,   0.5,-147.5, 218.0, 954.1,   5.7,   0.3
183053,   0.6,  -0.4,   1.2,  23.6,  68.3,1036.6,   5.8,   0.3
183077,   0.4,  -1.0,  -0.4,  77.8, 184.3, 999.3,   6.1,   0.1
183101,  -0.0,   0.5,  -1.6, -38.9, 173.0, 912.8,   6.3,   0.1
183129,  -0.3,  -0.6,  -1.1,  13.8, 117.4, 975.3,   6.4,  -0.0
183153,  -1.1,  -1.0,  -1.4,  27.3, 109.1, 986.1,   6.5,  -0.2
183177,  -2.3,  -0.2,  -2.8, 122.0, 208.9, 955.1,   6.9,  -0.3
183205,  -2.6,   1.8,  -0.8,-311.4,  65.9,1141.3,   6.9,   0.1
183229,  -1.8,  -1.4,   0.8, -42.8, 200.1, 838.6,   6.5,   0.3
183253,  -3.2,  -2.1,  -0.4, 230.4, 153.0,1001.2,   6.2,  -0.0
183277,  -4.1,   2.6,   0.4,  34.3, -30.6,1038.3,   5.6,  -0.1
183305,  -4.0,  -1.5,   0.6, 143.5, 132.5,1054.9,   5.4,  -0.1
183329,  -3.4,  -0.8,  -0.3,  49.2,   1.6,1041.5,   4.8,  -0.1
183353,  -2.5,   1.5,  -0.3,-205.9,  30.5, 933.8,   4.2,   0.1
183377,  -0.4,  -4.7,   1.6,  24.6,  36.8,1020.5,   3.9,   0.3
183405,  -1.6,   1.5,  -0.3,-119.7,  25.1, 873.3,   4.0,   0.5
183429,  -0.9,   2.2,   0.9,  19.2,  56.8, 987.3,   3.6,   0.4
183457,  -1.1,   1.0,   0.8,  28.7, -57.2, 979.0,   3.5,   0.4
183477,  -0.6,   3.2,  -0.2,-102.4,  96.6, 966.8,   3.3,   0.3
183505,  -1.2,   0.2,   0.5,   3.1,  39.7,1016.8,   3.3,   0.5
183529,   0.8,  -0.1,   0.2, -24.3,  98.8, 963.1,   2.8,   0.5
183553,  -1.2,   0.7,  -0.6,   1.6, -65.7,1023.7,   2.2,   0.4
183577,  -0.2,  -0.2,  -0.5, -58.7,  53.6, 983.1,   1.9,   0.3
183605,  -0.7,  -0.1,  -0.0, -17.9,   0.7,1010.5,   1.8,   0.3
183629,  -1.0,   2.0,   0.2, -94.8, -18.9, 962.9,   1.6,   0.2
183653,  -1.0,   2.5,   2.7,-199.3, -26.4,1016.1,   1.2,   0.5
183677,  -1.0,  -1.2,   3.0, 117.8,-293.5,1208.0,  -0.2,   0.3
183705,   2.0,   3.5,   0.8,-201.3, -20.6, 959.9,  -1.1,   0.6
183729,   2.6,   0.1,  -1.5,  53.4, -21.1, 958.5,  -1.2,   0.2
183753,   1.8,  -4.6,  -0.8, 197.4, -16.7,1045.9,  -1.5,   0.1
183777,   0.5,   1.4,  -0.6,   0.2,  38.5, 959.0,  -1.3,   0.2
183805,   1.3,  -4.8,   0.3, 253.8, 140.6,1017.3,  -0.3,   0.5
183829,   1.7,   0.8,   0.1, 148.6,  -4.7,1005.1,  -0.2,   0.2
183853,   0.4,  -1.6,  -1.6, -36.0,  77.3,1022.7,   0.2,   0.2
183877,   0.1,  -0.9,  -1.1,   1.9,  79.0,1014.1,   0.4,   0.1
183905,  -1.1,   0.7,  -1.7,  60.5, 118.1, 984.6,   1.0,  -0.1
183929,  -0.7,  -1.2,  -1.1, -15.5, 122.0, 981.4,   1.5,   0.0
183957,  -0.6,   0.4,  -1.1,  -5.0,  73.4, 985.3,   1.5,   0.0
183977,  -0.6,  -0.8,  -1.3, -35.5,  62.4, 991.2,   1.7,   0.1
184005,  -0.1,  -0.4,  -1.2, -36.5,  75.1, 996.6,   2.0,   0.2
184029,   0.1,  -0.6,  -1.1,  -6.4, 120.5, 965.8,   2.3,   0.2
184055,  -0.9,   0.7,  -0.7, -33.5,  93.0, 956.8,   2.7,   0.2
184079,  -0.9,   0.0,   0.2, -22.8, 138.4, 982.7,   3.2,   0.4
184103,  -1.2,   0.6,  -0.8, -39.9, 113.9,1040.5,   3.6,   0.4
184127,  -0.3,  -0.5,  -0.9,  13.3, 147.2,1003.2,   4.0,   0.4
184155,  -0.3,   1.1,  -0.0,   9.7, 126.4, 994.6,   4.4,   0.2
184179,  -0.0,   3.5,  -0.6, -56.5, 110.0, 959.2,   4.7,   0.1
184203,  -0.6,   0.6,   1.1, -86.5, 163.8, 959.2,   5.2,   0.4
184231,  -0.4,   0.7,   0.3,  -3.0,  71.2,1044.9,   5.4,   0.3
184255,  -0.4,   1.8,  -0.3, -52.3,  30.7, 950.2,   5.6,   0.3
184279,  -0.4,   1.4,   1.4, -24.0, 104.2,1050.5,   5.8,   0.4
184303,  -0.6,   1.7,   0.5,  37.0,  40.2,1016.3,   5.9,   0.3
184331,   0.7,   1.8,   0.0,  -6.2, 186.7, 960.2,   6.3,   0.2
184355,  -1.5,   0.2,  -0.4, -95.1, 186.9, 939.4,   6.8,   0.3
184379,  -3.8,  -1.8,   0.9, -57.7,-186.3,1023.2,   6.4,   0.6
184403,  -0.3,   0.6,  -0.6, 183.8,  90.5, 854.7,   5.9,   0.2
184431,  -2.0,   0.1,  -1.1, 143.5, -53.5,1002.4,   5.6,  -0.1
184459,  -2.0,   3.1,  -2.2, -23.8, 154.0, 940.4,   5.7,   0.0
184479,  -3.7,  -2.1,   0.9, -34.8,  74.2,1007.1,   5.7,   0.6
184503,  -2.6,  -0.8,   1.2,-111.9,  37.8, 992.9,   5.3,   0.7
184531,  -4.1,   0.3,   2.1, -87.2, -84.0,1017.6,   4.8,   0.6
184555,  -2.5,  -1.2,   2.0, -61.6, 109.8, 956.3,   4.9,   0.5
184579,  -1.4,   1.2,   1.4, -16.9, -25.7, 962.1,   4.6,   0.5
184603,  -1.3,  -0.2,  -0.7, -34.8,  38.5,1012.4,   4.2,   0.7
184631,  -3.2,  -1.8,  -1.4, 138.8,  -6.4,1028.8,   4.2,   0.6
184655,  -3.9,   0.0,  -2.0,-121.4, -69.9, 982.4,   3.5,   0.6
184679,  -3.3,   0.3,  -3.7,   3.6, -19.1, 999.0,   2.9,   0.5
184703,  -1.7,  -2.5,  -5.9,  47.0, -38.9, 897.9,   2.5,   0.4
184731,  -2.1,  -0.4,  -7.5,  23.4,  25.3,1050.5,   2.3,   0.1
184755,  -2.1,  -3.9,  -6.6,  81.2,   8.7, 965.1,   1.9,   0.1
184779,  -2.3,  -1.3,  -4.9,  19.2,  24.8, 982.2,   1.9,  -0.1
184803,  -3.0,   0.8,  -0.8,  32.6,  77.8, 908.4,   1.8,  -0.1
184831,  -2.1,   0.6,   0.8,-103.6,  -5.2, 994.4,   1.8,   0.4
184855,  -0.6,  -2.1,   2.9,  58.8, -68.4,1083.5,   0.8,   0.4
184879,  -1.0,   0.0,   0.9,  77.3, -16.7, 949.5,   0.5,   0.2
184903,   1.8,   3.2,   3.0, 101.5, -13.7,1030.3,  -0.4,  -0.3
184931,  -0.0,   2.3,   2.3, -61.6,  12.4, 978.5,  -0.5,   0.1
184959,   1.2,   2.1,   2.0, -89.2, -71.8,1002.4,  -0.6,   0.2
184979,  -0.4,   0.6,   2.2, -36.9,-103.1, 980.5,  -0.9,   0.5
185003,  -1.3,   0.1,  -0.8,  18.7,-104.3, 995.3,  -1.5,   0.1
185031,  -0.6,   0.1,  -3.6, -60.9,  14.3,1015.1,  -1.4,   0.3
185055,   0.3,  -1.2,  -0.1,  63.4,  48.8, 964.3,  -0.9,   0.2
185079,   0.7,   2.3,  -0.9, -25.0,  37.8,1065.7,  -0.7,  -0.0
185103,   0.2,  -0.7,  -1.1, -48.7,  61.0, 986.3,  -0.3,   0.4
185131,  -0.3,  -0.6,  -0.9,  95.6,  73.7, 987.5,  -0.0,   0.1
185155,  -1.7,   0.7,  -1.1,  12.1,  52.4, 994.1,   0.3,   0.0
185179,  -1.8,   0.1,   0.3, -20.1,  65.1,1024.6,   0.6,   0.0
185207,  -0.4,   0.9,  -0.2, -20.1,  16.0,1010.2,   0.7,   0.0
185231,   0.5,   0.5,   0.2,  -5.5,  44.6,1014.4,   1.0,   0.1
185255,   0.6,  -0.6,  -1.1, -27.2,  65.4,1003.9,   1.1,   0.2
185279,  -0.4,   1.0,  -1.4, -16.2,  80.5, 990.0,   1.4,   0.2
185307,  -1.5,  -1.2,  -1.6,  47.3, 101.0, 989.7,   1.9,   0.0
185331,  -2.6,   0.8,  -1.4,  14.6,  57.8, 993.6,   2.1,   0.0
185355,  -1.5,  -1.0,  -0.5, -13.5, 100.5,1037.8,   2.3,   0.2
185379,  -0.3,  -0.4,  -1.1,  32.1,  30.9,1021.5,   2.4,   0.1
185407,  -0.0,  -1.5,  -2.6, -34.8, 110.5, 947.3,   2.9,   0.2
185431,  -0.7,   1.0,  -2.5,  -5.7, 173.5, 999.7,   3.4,   0.1
185459,  -1.4,  -0.3,  -2.2, -34.5, 142.0, 992.7,   3.5,   0.2
185479,  -0.7,  -0.5,  -0.8,-299.4,  42.9,1062.5,   3.6,   0.6
185507,   3.6,  -3.3,   0.3, 181.8, 125.4, 940.4,   3.2,   0.5
185531,   2.6,   4.2,  -2.7, 258.2,  85.4,1046.1,   3.5,  -0.5
185555,   4.6,   2.3,  -3.0,-214.2, 333.2, 923.6,   4.3,  -0.1
185579,   2.3,  -1.5,  -2.6, -48.9, 132.0, 989.2,   5.2,   0.0
185607,   0.8,  -1.7,  -1.1,-130.2,  25.8, 971.4,   5.4,   0.6
185631,  -0.7,   1.7,  -0.4, -61.6,  34.6, 944.1,   5.3,   0.4
185657,  -2.5,  -0.5,   1.4, 183.0, -72.6, 900.4,   5.1,   0.2
185681,  -0.8,   2.9,  -0.8,  33.4,  74.4, 990.7,   4.8,  -0.0
185705,   0.1,   0.5,   0.4, -34.8,  37.8,1025.1,   4.8,   0.1
185729,   0.1,   1.2,  -0.5, -26.2,  -5.2,1040.8,   4.8,   0.1
185757,   1.7,   2.8,  -0.6,-134.4,   9.5,1011.5,   4.5,   0.3
185781,   1.3,   1.4,   1.4,-146.8, 128.6, 961.9,   4.4,   0.7
185805,   1.0,  -1.1,   2.0,  91.0, -79.2,1043.4,   3.9,   0.6
185829,   1.8,   0.3,   0.5, -34.3,   7.5,1087.4,   4.0,   0.6
185857,   2.2,  -1.1,   1.2, 141.0,  27.8,1018.5,   3.8,   0.4
185881,   0.9,   1.9,   0.5, 108.8, 204.0, 895.7,   4.2,   0.0
185905,  -1.1,  -1.9,   3.3,-166.8,-301.1,1189.4,   3.8,   1.1
185929,   2.1,  -1.8,   4.6, 126.6,  15.6, 762.4,   3.1,   0.7
185957,   0.7,   7.3,   4.3, -14.0, -91.1, 877.7,   2.9,   0.9
185981,   0.2,   3.6,   2.8,-258.6,  78.1, 939.4,   3.6,   1.6
186005,   1.8,   2.0,   2.6,-131.9,  56.8,1047.6,   3.3,   1.9
186029,  -0.2,  -0.2,   3.4, 104.2, -55.0,1000.2,   2.9,   1.8
186057,  -0.0,   1.0,   3.0,  59.0,  95.6, 970.0,   2.2,   1.5
186081,   0.1,   3.1,   3.1,-128.0,  -6.2, 954.3,   1.7,   1.3
186105,   0.1,  -3.0,   3.4,  75.8, -94.3, 976.3,   1.2,   1.3
186129,   0.1,   1.7,   1.4,  20.2, -46.7,1016.3,   1.0,   1.2
186157,   2.2,  -0.7,   1.5, -15.0, -20.8,1032.5,   0.6,   1.2
186181,  -0.3,  -0.4,   2.3, -36.2, -46.0,1099.1,   0.2,   1.2
186205,  -0.6,   0.3,   3.4,  37.5, -99.4,1006.3,  -0.3,   1.1
186233,  -1.3,   0.4,   3.6, -35.7, -86.2, 999.7,  -1.1,   0.9
186257,  -0.0,  -0.8,  -0.0, -44.5,  31.4, 983.6,  -1.2,   0.8
186281,   1.8,  -2.0,  -1.9, -77.5,  66.3,1014.9,  -0.5,   1.1
186305,   2.3,  -0.2,  -1.8,  93.9,  18.5, 986.3,  -0.3,   0.6
186333,   0.8,  -3.0,  -2.0,  51.9,  35.1, 988.3,  -0.4,   0.4
186357,   0.4,  -1.2,  -2.3,  31.4,   9.5,1007.6,  -0.3,   0.1
186381,  -0.7,   0.1,  -3.8, -37.9,  63.7,1009.0,  -0.1,  -0.1
186405,  -1.2,  -0.1,  -2.5,  32.9, 137.9, 995.3,   0.4,  -0.1
186433,   0.6,  -1.8,  -2.0, -17.4,  94.2,1004.1,   1.1,  -0.0
186461,   0.3,  -1.4,  -1.4,  23.6,  93.2, 971.9,   1.1,  -0.1
186481,  -0.2,  -0.7,  -1.1,  23.8,  48.5, 983.4,   1.4,  -0.1
186505,  -2.3,   1.4,  -1.5,   1.9,  89.0, 991.0,   1.6,  -0.1
186533,  -1.2,  -2.5,  -0.6, 142.0,  45.3,1092.8,   1.7,   0.0
186557,   0.1,  -1.2,  -2.7, -14.0, 123.0, 988.8,   2.1,   0.0
186581,  -0.6,   1.0,  -5.4, -30.4, 133.0, 960.9,   2.7,  -0.1
186605,  -0.5,  -1.3,  -4.2, 102.9,  94.7,1000.7,   3.1,  -0.4
186633,  -0.6,  -0.5,  -3.6, -74.3, 180.8, 923.8,   3.8,  -0.2
186657,   1.2,  -0.4,  -2.6, -45.3, 183.0, 966.5,   4.1,   0.0
186681,  -1.4,  -0.8,  -2.2, -40.9, 100.0, 977.3,   4.7,   0.1
186705,  -2.0,  -0.5,  -1.8,  34.6, 187.2, 982.4,   5.0,  -0.1
186733,  -2.0,   2.5,  -2.7, -57.9,  55.8, 959.0,   5.1,  -0.2
186757,  -2.0,  -0.3,  -2.2,  10.9, 111.5,1018.8,   5.5,  -0.1
186781,  -2.3,  -0.2,  -1.3,  56.8,  41.4, 992.2,   5.4,  -0.1
186805,  -0.8,   2.3,  -2.8,-107.3, 145.7, 932.8,   5.6,  -0.1
186833,   0.4,   3.5,  -2.2, -25.2,  93.0,1069.3,   5.6,  -0.1
186857,  -1.5,  -0.7,  -1.4,-104.1, 139.8, 989.7,   6.2,   0.3
186881,  -2.0,   2.2,   0.3,   4.1,  69.3, 937.7,   5.9,   0.2
186905,  -2.0,   0.1,   2.0,   8.7,  89.5, 964.1,   5.9,   0.3
186933,  -2.8,   2.0,   1.9, -57.7,  51.2, 944.1,   5.6,   0.2
186961,  -4.4,   2.3,   0.6,-196.9, 115.4, 973.4,   5.6,   0.5
186981,  -6.0,   2.1,   1.1,  52.4,  45.3, 953.4,   5.7,   0.2
187005,  -1.9,   1.7,   2.9,-210.0, -72.8,1032.9,   4.4,   0.8
187033,  -0.1,   3.2,   3.1, 169.8, -82.1, 912.3,   3.2,  -0.0
187057,   1.4,   3.7,  -0.3,-232.0,  93.9, 968.0,   3.5,   0.3
187081,   0.8,  -0.2,  -0.6, -25.5, 130.1,1020.7,   4.1,   0.5
187105,   1.8,  -3.7,   0.3,  45.8, 184.5, 943.8,   4.4,   1.1
187133,  -1.0,  -1.6,   2.3, 140.8,  45.1, 982.9,   3.7,   0.7
187157,  -0.8,   0.7,   0.9, -49.2, -36.7, 994.1,   3.0,   0.8
187181,  -1.7,  -0.4,   1.7, -36.9, -78.9,1023.2,   2.6,   0.8
187209,  -0.6,   2.8,  -0.2, -83.8, -41.3,1047.4,   2.3,   0.7
187233,   1.6,   2.7,  -1.8,-114.6, -58.2, 997.5,   2.0,   0.5
187259,   1.8,  -1.8,  -0.2,  81.2, -48.9,1027.6,   1.9,   0.4
187283,   1.0,   0.4,   1.1, -44.8,  36.8, 883.3,   1.8,   0.6
187307,  -0.6,  -1.0,   1.4, -31.3, -21.3, 962.6,   1.5,   0.7
187331,  -0.4,   1.8,   1.9, -28.9,   6.0, 994.6,   1.1,   0.4
187359,   0.5,   1.6,   1.1, -35.2, -48.4,1065.4,   0.9,   0.4
187383,   1.1,   0.1,   0.1, -18.9,  56.1,1015.6,   0.8,   0.3
187407,  -0.6,   1.3,  -0.0,  15.1,  58.5,1000.7,   0.8,   0.4
187431,  -1.7,   1.0,   1.7,-101.2, -97.5,1031.2,   0.4,   0.8
187459,  -0.7,  -3.3,   0.8, 102.7, -44.0, 972.4,   0.2,   0.6
187483,  -0.3,   0.7,   0.2,  32.6, -86.5, 990.2,  -0.1,   0.1
187507,   0.5,   1.8,   2.7,  37.8, -60.1,1007.1,  -0.6,  -0.0
187531,   1.9,   1.2,   0.4, -42.8, -75.5,1005.6,  -0.8,   0.1
187559,   3.0,  -1.6,  -7.2, -73.6,  56.3, 988.8,  -0.9,   0.4
187583,   2.7,  -1.2,  -6.7,  31.7, 109.6,1023.7,  -0.3,   0.3
187607,   2.1,  -1.9,  -3.9,  15.8,  85.1, 978.3,   0.5,  -0.2
187631,   0.5,  -1.3,  -2.2, -76.0,   5.8,1041.0,   0.6,  -0.1
187659,  -0.2,   1.0,  -2.8,  52.2,  76.1, 953.1,   0.9,  -0.1
187683,  -0.1,  -1.0,  -3.0,  15.3,  97.1, 964.3,   1.1,  -0.2
187707,   0.1,   1.4,  -3.4,  -5.2,  84.2, 996.1,   1.8,  -0.3
187731,   1.3,  -0.7,  -2.0,  29.5, 126.6, 984.4,   2.3,  -0.3
187759,   0.7,  -0.6,  -1.9, -53.8,  60.2,1023.2,   2.5,  -0.0
187783,  -0.4,   1.0,  -2.6, -26.0,  52.4, 982.4,   2.7,   0.0
187807,   0.3,  -1.8,  -2.6,  42.6,  83.4,1003.7,   2.9,  -0.0
187831,   0.1,   2.3,  -3.8,  11.9,  61.0,1025.4,   3.1,  -0.2
187859,   1.7,  -0.8,  -3.5,  -6.9, 171.3,1041.2,   3.7,   0.2
187883,   0.6,  -0.5,  -4.4, -53.8,  88.3,1076.6,   4.3,   0.3
187907,  -0.3,  -1.3,  -3.8, -38.2, 113.9, 935.3,   4.7,   0.3
187931,  -1.4,  -0.7,  -3.1, 219.4, 106.9,1027.1,   5.0,  -0.1
187959,  -1.3,  -1.6,  -2.2,   8.9, 151.5, 943.6,   5.1,  -0.1
187983,  -0.1,  -1.8,  -2.7,  10.4, 140.8,1004.4,   5.3,  -0.1
188007,  -2.6,   1.2,  -4.1, -26.7, 138.6,1019.3,   5.8,  -0.2
188031,  -3.2,  -6.6,   0.0,-200.3,-160.5,1188.2,   5.5,   0.7
188059,   2.0,   8.9,  -1.8,  62.4, -39.9, 905.0,   5.0,  -0.4
188083,   2.7,   2.1,  -1.8,-379.0, 122.0, 861.6,   5.6,   0.3
188107,   1.5,  -0.4,  -2.1, 107.1,  86.8,1002.2,   6.3,   0.3
188131,  -2.5,   2.0,  -0.7,-193.9,  10.2,1122.5,   6.5,   0.8
188159,  -2.1,  -1.3,   1.9, 159.6, 108.3,1037.3,   5.9,   0.6
188183,  -3.2,   2.3,   1.9,-151.9,  -5.7,1031.0,   5.5,   0.7
188207,  -2.6,   0.1,  -0.0,  66.8,  29.7, 981.4,   5.0,   0.5
188235,  -1.2,  -0.5,   0.1, -27.4,  70.2, 994.6,   4.5,   0.6
188259,  -0.0,  -0.8,   1.2, 131.3,  -1.0, 967.3,   4.0,   0.5
188283,  -0.8,  -0.4,   0.6,  25.8,  28.0, 884.0,   3.9,   0.5
188307,   1.7,   1.0,   1.8,   2.6, 109.1,1079.8,   4.0,   0.6
188335,  -0.0,   2.3,   1.9, -86.3,  44.1, 967.0,   3.6,   0.8
188359,   1.0,  -0.2,   1.5,   1.6,  -3.2,1131.1,   3.0,   0.7
188383,  -1.0,   2.0,   1.7,  55.1, -42.5, 954.1,   2.6,   0.5
188407,  -0.1,   1.1,   1.6,   2.8, -26.9, 999.5,   2.3,   0.7
188435,  -0.5,   1.1,   1.4,   1.1,  99.5, 917.5,   2.5,   0.9
188463,  -3.1,  -1.4,   0.6,   6.8,  40.7,1018.5,   2.4,   0.9
188483,  -1.0,  -0.5,   2.2,  23.6, -98.5,1105.7,   1.6,   1.0
188507,  -0.1,   1.0,   3.4, -66.0,  53.4,1010.7,   0.7,   0.7
188535,   2.6,   3.7,   2.6,-157.1,  36.6,1009.3,   0.6,   0.4
188559,   1.9,   0.3,   1.1,  21.6,  56.1, 980.0,   1.0,   0.8
188583,   1.8,   0.4,   1.7, -33.0,  41.9,1021.7,   0.8,   1.0
188607,  -0.4,   1.9,   2.2, -38.4, -65.0, 949.7,   0.4,   1.0
188635,  -0.4,  -0.5,   4.4,  -4.0, -20.8, 965.6,  -0.3,   1.0
188659,  -2.1,   0.9,   3.6, -61.1, -89.4,1013.7,  -0.7,   0.9
188683,  -0.1,  -0.4,   2.5, -16.0,-113.8, 986.6,  -1.1,   0.9
188707,   0.8,  -0.4,  -0.3, 128.3, -37.7,1001.0,  -1.4,   0.5
188735,   3.1,  -2.8,  -4.3,-120.4,  77.1, 956.0,  -0.8,   0.8
188759,   2.9,  -2.1,  -2.5, -13.3,  93.2, 966.1,  -0.2,   0.6
188783,   1.6,  -1.5,  -0.6,  11.6,  29.5,1000.5,   0.1,   0.5
188807,   0.2,  -0.7,  -0.3, -30.6,  79.8,1014.4,   0.4,   0.6
188835,   0.4,   0.7,  -0.7,  19.2,  65.4, 987.0,   0.7,   0.3
188857,   1.1,   0.0,  -1.3,  13.8,  98.1,1048.8,   1.1,   0.2
188885,   1.3,  -0.1,  -1.7,  14.3, 139.8, 992.2,   2.0,   0.3
188909,   1.2,  -1.0,  -2.4, -33.8, 107.6, 967.0,   2.3,   0.3
188933,  -0.6,   1.0,  -3.8,  22.9,  88.3, 976.3,   2.7,   0.1
188961,  -0.0,  -1.3,  -2.4, 120.3, 121.3, 995.3,   2.8,  -0.1
188985,  -1.2,   1.9,  -3.6, -67.0,  93.7,1023.9,   3.1,  -0.1
189009,  -0.6,  -0.3,  -2.8,-101.6, 137.9, 995.3,   3.5,   0.1
189033,  -0.0,   0.9,  -3.0, -12.5, 126.4,1023.7,   4.1,   0.2
189057,   0.1,   0.6,  -3.5, -39.9,  86.8, 953.1,   4.3,   0.4
189085,  -0.1,  -0.5,  -4.1, -59.7, 181.1, 995.3,   5.1,   0.4
189109,  -2.8,   0.7,  -3.8,  -4.7, 123.5, 918.7,   5.5,   0.1
189133,  -4.6,  -1.0,  -2.8,   8.9, 125.7, 987.5,   5.8,   0.2
189157,  -6.7,   0.6,  -4.1,  -1.1,  51.2,1302.7,   6.0,   0.2
189185,  -1.4,  -1.4,  -1.4,  77.6,  76.1, 965.1,   5.3,   0.1
189209,  -0.0,  -0.2,  -3.6, 209.6, 190.9,1029.5,   5.7,  -0.2
189233,  -0.6,   1.9,  -4.4,-191.2, 115.9, 975.3,   6.1,   0.3
189261,  -0.3,  -1.9,  -2.2, 101.0, 134.7, 992.7,   6.4,   0.4
189285,  -2.2,   2.7,  -2.4, -41.3,  49.0,1031.2,   6.3,   0.3
189309,  -3.8,   2.2,  -1.1,-114.3,  38.8,1052.7,   6.2,   0.3
189333,  -4.8,   1.7,   0.1,  52.7,  15.6, 991.4,   5.9,   0.3
189361,  -3.5,   0.7,  -0.3,  93.7,  68.3,1035.9,   5.5,   0.1
189385,  -2.5,  -1.0,  -1.3,  56.6, -64.3, 909.7,   5.0,  -0.0
189409,  -1.7,   0.7,  -1.9,-157.3,-135.8, 825.2,   4.4,   0.5
189433,  -0.2,  -1.1,  -0.6,  10.7,  21.9, 986.3,   4.0,   0.5
189461,  -2.6,   2.8,  -0.2, -42.3, -91.6, 961.4,   3.8,   0.7
189485,  -0.6,   2.1,   1.6,-148.3,  90.5, 981.9,   3.2,   1.0
189509,  -1.0,   0.3,  -0.0, -43.3,  70.5,1033.2,   2.9,   1.1
189533,   0.4,  -1.6,  -1.1, -14.0,  49.0,1063.7,   2.4,   1.0
189561,  -1.6,  -1.6,  -3.4, -13.5, 169.9, 931.1,   2.8,   1.0
189585,  -4.7,  -0.4,  -1.1, 154.0, -51.1,1043.2,   2.7,   0.5
189609,  -3.2,   5.3,   1.2, -88.2,-280.3,1061.5,   1.4,   0.4
189633,  -1.0,   1.2,  -0.2, -25.5, 112.0, 999.3,   1.4,   0.8
189661,   1.4,   1.0,  -1.4, -72.3,  40.0, 926.0,   1.4,   0.8
189685,   0.4,   0.3,  -1.9, -20.1, -41.3,1051.0,   1.3,   0.7
189709,  -1.8,  -2.4,   0.8, -36.5,  -2.0, 955.6,   1.0,   1.0
189733,  -2.0,   0.1,   1.6,  74.6,  41.7,1044.9,   0.4,   0.6
189761,  -2.1,  -0.4,   1.7,  17.2,  -4.0, 978.5,   0.1,   0.8
189785,  -0.8,  -0.8,  -0.0,   1.6,  11.2,1044.2,  -0.3,   0.7
189809,   0.6,   0.2,  -0.9, -16.9, -10.6,1007.1,  -0.5,   0.6
189833,  -0.3,   1.0,   0.8,  19.7, -80.1, 973.1,  -1.0,   0.6
189861,  -2.0,   1.2,   1.4, -10.1,-110.4,1002.7,  -1.5,   0.6
189885,  -2.5,   0.4,   2.7, -17.4,-113.3, 970.9,  -1.9,   0.7
189909,  -1.3,   1.7,  -0.1, -32.3, -29.9,1012.9,  -2.5,   0.6
189933,   1.5,  -1.5,  -5.1, -47.4,  37.3,1042.2,  -2.3,   0.7
189961,   3.7,  -0.9,  -4.9, -41.6, 149.1, 985.6,  -2.1,   0.7
189985,   1.8,  -1.6,  -3.0,  -8.6,  47.5,1000.0,  -1.5,   0.5
190009,   1.5,  -0.8,  -2.5,  11.1,  16.0,1015.9,  -1.3,   0.6
190033,  -0.4,  -0.1,  -1.7,  23.8,  76.6, 994.6,  -0.8,   0.4
190061,  -0.3,   0.1,  -0.8,  15.8, 121.8, 959.9,   0.0,   0.3
190085,  -0.3,   1.2,   0.0,   0.9,  88.8,1002.7,   0.6,   0.4
190109,   0.8,   0.9,  -0.1, -39.4,  89.3, 975.3,   1.2,   0.5
190133,   0.7,   0.4,   0.1, -13.0,  36.1, 999.3,   1.4,   0.6
190161,   0.5,   0.6,  -0.8,  -3.0,  68.8,1032.5,   1.7,   0.5
190185,   1.8,   0.1,  -1.3, -46.5,  73.4, 994.6,   2.0,   0.4
190209,   0.8,  -0.4,  -0.8, -12.0, 142.5, 970.4,   2.4,   0.6
190237,   0.2,   0.0,  -2.4, -93.3, 176.7, 950.4,   3.2,   0.7
190261,  -1.5,  -1.6,  -3.2,   0.9, 161.8, 930.4,   4.0,   0.7
190285,  -2.5,   1.1,  -1.9, 134.4,  63.9,1041.5,   4.3,   0.3
190309,   0.9,  -0.1,   0.5, -82.8,  68.8,1048.6,   3.8,   0.5
190337,   1.4,   0.2,  -2.5,  33.4, 140.6, 996.6,   4.4,   0.3
190361,   2.6,   1.4,  -2.3, -36.2, 187.4, 949.5,   5.0,   0.4
190385,   2.4,  -1.0,  -2.2,-117.5, 115.4,1013.2,   5.3,   0.6
190409,   0.5,  -0.5,  -2.5,  20.2, 128.4, 996.8,   5.7,   0.5
190437,  -1.5,   0.1,  -1.6,-117.0, 100.5, 980.2,   5.8,   0.6
190468,  -1.4,   2.4,  -1.8,-112.9, 112.0, 968.7,   5.9,   0.8
190484,  -1.4,   1.8,  -2.4, -40.4, 140.3, 914.5,   6.0,   0.3
190512,  -1.6,   1.8,  -1.9,   8.0,  61.2, 963.1,   5.9,   0.2
190536,   0.5,  -0.5,  -0.5,  62.4,  72.9, 934.3,   5.7,   0.3
190560,  -0.1,   2.2,  -1.5, -51.8,  55.4, 926.3,   5.6,   0.4
190584,  -0.2,   2.3,  -0.6,   1.1,  74.6, 974.1,   5.6,   0.1
190612,   0.1,  -0.6,   2.5,  61.2,  48.5, 968.3,   5.2,   0.4
190636,   1.5,   0.0,   1.5,  28.5,   5.1,1042.7,   4.5,   0.5
190660,   1.7,   1.4,   1.6, -36.2, 146.4, 952.6,   4.4,   0.6
190684,   1.2,  -1.0,   0.4,  62.4, 155.0,1051.0,   4.4,   0.7
190712,  -2.1,   5.1,   3.0, -72.3, -16.9, 978.7,   4.2,   0.5
190736,   2.2,   6.0,   2.3,-349.4,  -7.9,1096.7,   3.2,   0.6
190760,   5.2,   2.5,   2.8,-129.2, 171.3, 842.5,   2.8,   1.1
190784,   4.1,  -1.6,  -1.6,  32.1,  92.7, 955.3,   3.2,   0.9
190812,   1.8,  -1.0,   0.9,  42.4,  15.6, 995.1,   3.1,   1.0
190836,   0.1,   0.6,   3.1, -15.0, -40.3,1011.2,   2.7,   0.9
190860,  -2.3,   0.3,   2.7,  50.9,  -1.8,1035.4,   2.1,   0.8
190884,  -0.9,  -1.3,   2.1,  86.8,  61.5,1005.6,   1.8,   0.8
190912,   1.2,   0.6,   0.9,  14.3, -57.4,1085.7,   1.3,   0.7
190936,   1.8,   1.6,  -0.2,-105.6,  20.2,1008.5,   1.2,   0.7
190964,   0.7,  -0.7,   1.2,   4.1,   0.4, 975.3,   1.2,   0.7
190984,  -0.6,   0.3,   1.7, -19.1, -64.0,1011.0,   0.7,   0.7
191012,  -0.9,  -0.4,   2.6,  -7.4, -37.4,1021.2,   0.2,   0.6
191036,   0.2,   2.1,   1.2, -21.6, -78.2,1015.9,  -0.3,   0.7
191060,   1.5,   1.1,   1.9, -22.3,-112.9,1015.6,  -0.8,   0.7
191084,   0.2,   1.5,   0.8,  -3.7, -60.9, 998.0,  -1.2,   0.7
191112,   0.7,   0.6,  -2.0, -28.2,  43.9, 978.5,  -0.9,   0.6
191136,   1.6,  -1.8,  -1.9, -98.5, 109.8,1017.3,  -0.5,   0.9
191160,   1.5,  -1.6,  -1.5,  64.1,  44.1, 992.9,  -0.1,   0.6
191184,   0.2,  -0.5,  -0.9,  48.7,  75.9, 990.7,   0.2,   0.4
191212,   0.2,   0.7,  -0.1,  44.6,  81.2, 990.5,   0.4,   0.3
191236,  -0.5,  -0.4,  -0.8,  29.2,  90.8,1011.5,   0.8,   0.2
191260,   0.5,   0.3,  -0.6, -22.3,  92.7, 980.0,   1.3,   0.2
191288,   0.2,  -0.2,  -0.3,   1.9,  76.1,1004.9,   1.8,   0.3
191312,   0.8,   0.1,  -1.1, -48.7,  69.0,1006.6,   2.0,   0.3
191336,  -0.0,  -0.3,  -1.3, -58.2,  65.9, 973.6,   2.3,   0.4
191360,  -0.3,  -1.3,  -1.3, -28.2, 149.3,1010.2,   2.7,   0.5
191388,  -1.8,  -2.4,  -2.0,  85.4, 136.7,1015.6,   3.3,   0.4
191412,  -2.0,   1.7,  -0.9,-114.6,  85.1, 982.4,   3.5,   0.4
191436,   2.0,  -3.7,   0.9,  78.0, 140.3,1022.0,   3.6,   0.4
191464,   2.9,   2.6,  -1.0,-109.7, 163.5, 979.0,   3.8,   0.6
191488,   2.1,  -0.7,  -1.6,   0.9, 181.6, 986.1,   4.5,   0.7
191512,  -0.4,   0.7,  -1.1,  20.2, 172.5, 980.7,   5.0,   0.5
191536,  -1.6,  -1.2,  -0.3, -25.2, 142.8, 934.3,   5.4,   0.5
191560,  -2.0,  -1.2,   0.8,  29.5, 120.8, 976.1,   5.5,   0.5
191588,  -1.4,  -1.6,  -1.1, -62.3, 101.5,1012.4,   5.6,   0.5
191612,  -1.2,  -0.2,  -1.7,  13.8, 120.5, 966.5,   5.9,   0.4
191636,   0.4,  -0.8,  -1.2,  86.3, 126.9,1041.5,   6.1,   0.3
191660,  -0.1,   2.6,  -1.7,-129.2, 141.3, 934.8,   6.2,   0.6
191688,   0.4,  -4.1,  -0.1, 188.4, 124.9, 951.9,   6.4,   0.6
191712,  -1.8,  -0.1,   0.5, 117.3, 159.1,1063.2,   6.6,   0.5
191736,  -1.5,   2.5,   1.4,-102.6,  50.7,1081.8,   6.4,   0.4
191760,  -2.9,  -0.5,   0.9,  21.6,   7.3, 939.0,   6.3,   0.4
191788,  -2.2,   2.6,   0.8, -47.9,  49.5, 988.8,   5.8,   0.5
191812,  -2.3,  -1.6,   2.5,  57.0, -85.8,1011.0,   5.4,   0.6
191836,  -0.9,  -0.5,   2.8, 152.0, -52.3, 950.7,   4.8,   0.5
191860,  -2.6,   0.7,   0.8,-130.5,  88.6, 898.9,   4.9,   0.7
191888,  -2.8,  -1.5,   1.9,  75.4,  -2.5,1074.9,   5.0,   0.7
191912,  -0.9,   1.8,   3.7, 211.3,-159.2,1047.8,   4.2,   0.4
191936,   2.6,   2.5,   2.0,  47.8, 171.3, 962.1,   3.6,   0.5
191964,   2.6,   2.7,  -0.2,-219.6, -16.2, 882.3,   3.6,   0.9
191988,   1.3,  -0.7,   0.7, -15.5,  -9.8,1013.4,   4.0,   0.9
192012,   0.5,   0.1,   2.0, -88.2, -80.9,1038.8,   3.5,   0.9
192036,  -1.1,  -0.2,   2.9,  -8.1, -35.5,1007.6,   2.9,   1.0
192062,  -1.2,  -0.4,   2.0,  25.8,  41.0,1022.9,   2.4,   0.9
192086,  -0.9,   0.9,  -0.9,  -3.5, -46.7, 984.1,   2.0,   0.6
192110,  -0.5,  -0.2,  -1.6, -29.9, -55.5, 978.5,   1.7,   0.6
192138,   0.1,   0.7,  -1.6, -65.0, -22.8, 942.9,   1.4,   0.7
192162,  -1.8,  -0.9,   0.1,  95.6, -46.9,1021.2,   0.8,   0.4
192186,  -1.3,   0.3,   0.8,   4.8,  -4.7, 997.1,   0.3,   0.6
192210,  -0.3,  -0.1,   0.9, -15.7,  -2.8, 997.1,  -0.0,   0.5
192238,   0.7,   0.7,   0.9,  65.8, -92.4,1060.5,  -0.5,   0.4
192262,  -0.7,   0.8,   0.6, -36.9, -78.9,1002.7,  -1.0,   0.5
192286,  -0.2,   0.6,   2.3,  -5.2,   2.4, 988.8,  -1.3,   0.5
192314,   0.8,  -1.3,  -1.4, -45.0, 129.3, 963.6,  -0.7,   0.5
192338,   2.1,  -1.2,   0.0,  79.5,   9.0,1002.9,  -0.3,   0.3
192362,  -0.0,  -2.0,  -2.2, -34.3,  36.8,1031.0,  -0.2,   0.4
192386,  -0.1,   0.7,  -1.5,  43.4,  38.5, 987.3,  -0.1,   0.2
192414,   0.3,   1.6,  -1.3,  29.0,  99.1,1028.6,   0.2,  -0.2
192438,   0.2,  -0.2,  -1.4, -25.5, 103.7, 968.0,   0.6,  -0.0
192466,   0.8,  -1.0,  -2.2,   5.3, 131.5, 987.5,   0.7,  -0.1
192486,   1.6,  -0.7,  -1.7, -17.4,  90.3, 977.0,   1.1,  -0.0
192514,  -1.5,   0.3,  -0.9, -15.2, 103.9, 965.1,   1.7,   0.1
192538,  -2.6,  -0.4,  -0.6,   7.5,  81.7, 972.9,   2.0,   0.0
192562,  -2.9,   0.5,  -1.0, -20.3, 127.9, 963.1,   2.4,   0.0
192586,  -4.2,   0.9,   0.1, 142.7,  70.0,1118.6,   2.8,  -0.2
192614,  -0.8,   5.7,   0.6,-220.8, -44.7,1150.6,   2.5,  -0.0
192638,   3.8,  -0.1,  -1.1,  -5.9, 178.6,1010.2,   3.0,   0.1
192662,   4.3,   0.8,  -3.1, -79.4, 137.4, 952.4,   3.7,   0.2
192686,   2.1,  -2.4,  -2.4, -26.7, 141.0, 973.6,   4.5,   0.4
192714,   0.3,  -1.2,  -1.6,  70.0, 124.7, 944.3,   5.0,   0.2
192738,  -2.9,  -0.6,  -1.0,  55.3, 102.0,1083.2,   5.4,   0.2
192762,  -3.7,   2.2,   0.3,-100.9,  67.6,1067.1,   5.2,   0.4
192786,  -2.1,   0.0,  -0.5,  58.5,  94.7,1013.2,   5.5,   0.2
192814,   0.2,   0.4,  -1.9,  69.3, 109.8, 981.2,   5.9,   0.1
192838,   0.8,  -1.3,  -2.4, -27.4, 129.6, 985.3,   6.2,   0.3
192862,  -0.3,  -0.7,  -1.0, 140.5, 127.1, 976.6,   6.3,   0.1
192886,  -1.0,  -0.2,  -1.3, -16.7, 127.4,1003.7,   6.4,   0.2
192914,  -2.9,   3.1,  -1.4, -71.4, 110.8,1096.2,   6.6,   0.2
192938,  -2.3,   3.0,   0.1,-127.0,   4.1, 951.2,   6.2,   0.2
192966,  -2.8,   4.2,  -1.1,  85.9,  45.3,1026.6,   6.2,   0.3
192986,  -1.4,   0.3,  -0.5,   5.5, 152.8, 964.8,   6.0,   0.5
193014,  -1.2,   7.0,  -0.3,-194.7,  38.8,1089.6,   5.8,   0.4
193038,  -1.1,  -2.1,  -0.1,  19.2,  96.1,1040.8,   5.1,   0.6
193062,  -2.7,  -0.2,  -1.3, 169.1,  45.8, 968.0,   4.9,   0.5
193086,  -5.5,  -1.0,  -2.5, 157.4,  36.6,1064.2,   4.8,   0.7
193114,  -5.7,   3.8,   0.4, -61.1, -18.6,1214.6,   4.3,   0.4
193138,  -2.6,   0.2,   3.3,-105.6,-206.1,1135.0,   3.1,   1.0
193162,   0.8,   1.0,   0.6, -24.3,  97.8,1007.8,   3.1,   1.0
193186,   0.7,  -1.3,  -3.7,  14.6, 154.0, 877.7,   3.4,   0.9
193214,  -0.7,  -0.5,  -1.0,  98.8, -38.9, 985.3,   3.4,   0.6
193238,  -1.2,  -0.8,   0.5, 120.5,   1.4, 961.7,   2.8,   0.4
193262,  -3.2,   2.8,   0.4, -88.5,  -8.9,1002.2,   2.5,   0.6
193290,  -0.9,  -0.8,   0.0,  -1.1, -25.7, 953.6,   2.2,   0.6
193314,  -0.0,   0.1,  -0.6,  41.9, -19.1,1009.8,   1.7,   0.5
193338,   1.9,   0.5,  -3.0,-101.2,  36.3,1040.0,   1.6,   0.5
193362,   1.2,  -1.4,  -2.2, -23.0, -25.2, 926.3,   1.4,   0.6
193390,  -0.9,   1.9,  -0.5,-138.3,  35.1, 942.4,   1.3,   0.5
193414,  -1.8,  -0.4,   1.2,  30.2, -25.2, 978.7,   0.9,   0.5
193438,  -0.9,   0.4,   1.6, -22.3, -46.9,1010.5,   0.3,   0.6
193466,  -0.3,   2.0,   0.2,-123.4, -42.5, 960.2,   0.2,   0.8
193490,   0.5,  -1.1,   0.9, -11.8, -27.2, 987.3,  -0.3,   0.8
193514,  -1.1,   1.2,   1.4,  26.5,-106.3, 984.1,  -1.0,   0.5
193538,  -1.8,   2.3,   1.6, -50.6, -69.6,1007.8,  -1.7,   0.6
193562,  -0.6,  -0.4,  -1.3, -33.3,  95.9, 972.2,  -1.4,   0.7
193590,   0.9,  -2.4,  -2.0, -47.9, 155.9, 986.3,  -0.5,   1.0
193614,   0.7,   0.2,  -0.1, -22.8,  45.8, 973.1,  -0.1,   0.6
193638,  -0.1,   1.4,   2.0,-103.1,-120.2,1017.6,  -0.4,   0.7
193664,   2.0,  -1.0,   2.7,  45.6,  88.3, 970.4,  -0.6,   0.6
193688,   1.3,   1.2,   0.2,  25.6, 110.8, 992.2,  -0.0,   0.5
193712,   2.2,  -0.6,  -0.7, -52.3, 135.4,1013.4,   0.8,   0.6
193740,   1.8,  -0.6,  -0.9,  22.1, 142.5, 987.0,   1.6,   0.6
193764,  -0.7,  -1.6,  -0.3,  22.6,  74.2,1002.4,   1.9,   0.5
193788,  -0.4,   1.2,   1.2, -21.3,  81.0, 972.4,   2.1,   0.5
193812,  -1.3,  -0.7,   1.9,  85.4,  91.5,1014.4,   2.2,   0.5
193840,  -0.3,   2.4,   1.4,-151.7, 120.3,1019.8,   2.6,   0.7
193864,   0.4,  -0.2,   2.0,  50.7,  85.4,1047.8,   3.2,   0.5
193888,   1.2,   0.7,   2.2, -47.4, 147.6, 964.1,   3.9,   0.7
193912,  -0.2,   2.5,   2.9,  -7.9,  94.4, 961.7,   4.3,   0.6
193940,  -0.4,  -1.6,   3.4,  88.8, 129.3,1051.3,   4.5,   0.6
193968,  -0.3,  -0.4,   3.0, -24.0, 140.8,1004.1,   4.6,   0.6
193988,  -1.3,   1.1,   2.5,  25.8,  25.3,1005.4,   4.7,   0.5
194012,  -0.9,   2.3,   2.2, -31.3,  88.8, 951.9,   5.1,   0.7
194040,   2.2,   1.5,   1.6, -27.9, 199.4, 980.9,   5.2,   0.6
194064,   1.0,  -1.0,   1.6,  33.6, 156.7,1054.9,   5.8,   0.8
194088,   0.9,   3.0,   2.8, -59.9,  10.2,1121.3,   5.7,   0.7
194112,   1.6,   4.2,   1.9,-113.1,  44.4, 955.6,   5.6,   0.8
194140,  -1.2,   3.7,  -0.0, -43.8, 128.6, 973.4,   6.0,   0.6
194164,  -2.3,   3.2,   1.4,-441.5, 194.0, 962.1,   6.0,   1.2
194188,   3.1,   0.4,   4.0, 142.7,  87.1, 846.4,   4.6,   0.5
194212,   0.1,   0.5,  -0.9,  98.1, 258.0, 907.2,   5.2,   0.2
194240,  -1.8,   0.3,   0.8, -37.2,  30.5,1004.4,   4.9,   0.5
194264,  -0.0,   1.2,   1.8, 110.8,  31.4, 938.0,   4.7,   0.5
194288,  -0.4,  -3.0,   2.1,  -2.3,  40.0,1058.6,   4.5,   0.8
194316,  -1.2,   2.0,   2.0, -98.7,  36.8, 968.5,   4.3,   1.0
194340,  -1.4,   0.1,   0.9,  78.5, -26.2,1131.1,   3.8,   0.6
194364,  -1.4,   3.0,  -0.9,-132.7, -70.4, 955.1,   3.3,   0.5
194388,  -0.1,  -2.3,  -0.5,  97.6, -44.7, 977.3,   3.0,   0.5
194416,  -0.9,   0.4,  -1.2,-155.6, 102.2,1031.0,   3.2,   0.6
194440,  -1.8,   0.7,  -0.1,  46.1, -94.3,1030.0,   2.6,   0.5
194468,  -0.9,  -0.1,  -0.8,   8.7, 110.0, 932.6,   2.6,   0.4
194488,  -0.4,   0.1,  -0.9,  44.8, -67.4,1025.4,   2.0,   0.3
194516,  -0.3,  -0.2,   0.1, -37.4,   0.4, 958.2,   1.8,   0.4
194540,  -0.1,  -2.1,   0.5,  62.2,  41.9,1030.0,   1.6,   0.3
194564,  -1.9,   0.8,   0.1,-120.7,  37.8, 959.7,   1.6,   0.3
194588,  -3.6,   0.9,   2.0,  -1.3,  -5.2,1063.7,   1.6,   0.2
194616,  -2.6,  -0.3,   4.2,-171.0,-352.6,1147.0,   0.5,   0.9
194640,   0.6,  -0.3,   3.9, 189.1,-133.1,1018.8,  -0.5,   0.3
194664,   1.8,   2.3,   2.9, -15.0, -46.9, 973.9,  -0.7,   0.3
194688,   2.5,   2.9,   3.0, -28.9, -25.7,1009.5,  -0.6,   0.3
194716,   1.3,  -0.5,   2.5,  57.5,-109.7, 990.0,  -0.8,   0.4
194740,   0.5,  -1.1,  -2.2, -38.2,  17.3,1011.2,  -1.1,   0.5
194764,   0.5,  -2.2,  -2.6,  56.1,  23.1,1004.6,  -1.2,   0.5
194788,   0.3,  -0.7,   0.7,  45.1, 107.1,1003.9,  -0.5,   0.3
194816,   1.1,   1.8,   0.2,-124.1,  58.5,1024.9,  -0.4,   0.1
194840,   0.9,  -0.8,   0.0,  13.8,  83.9, 995.6,  -0.0,   0.2
194864,  -0.9,   0.4,  -0.9,  53.9,  79.8, 949.0,   0.4,   0.1
194888,  -0.4,   0.9,  -0.3,  10.2,  93.0, 958.7,   0.8,   0.0
194916,   0.1,  -0.7,   0.1, -40.6,  66.8, 963.4,   1.2,   0.1
194940,  -0.3,  -0.1,   0.8,  64.6,  50.5,1050.5,   1.3,   0.1
194968,   0.6,   1.4,  -0.3, -39.6,  54.9, 978.3,   1.4,   0.1
194988,   1.2,   1.3,  -1.2, -38.4, 156.9,1006.1,   1.8,  -0.1
195016,   0.2,  -0.2,   0.0, -11.1, 106.9,1016.3,   2.6,   0.2
195040,  -0.0,  -0.5,   1.3, -39.6, 105.9,1051.3,   3.2,   0.2
195064,  -1.4,  -0.2,   1.4,   6.3,  90.5,1059.1,   3.7,   0.4
195088,  -1.2,   1.7,   1.6,  55.1, 141.5, 992.4,   4.1,   0.4
195116,  -0.6,  -0.3,   1.3, 142.7,  99.1, 974.6,   4.3,   0.3
195140,  -0.9,   2.0,   0.7, -35.2, 157.9,1000.0,   4.6,   0.2
195164,  -0.4,   2.8,   0.8,-270.3,  78.8,1091.1,   5.0,   0.6
195188,   6.6,  -5.6,   3.5, 443.3, 198.9, 963.1,   4.0,   0.3
195216,   4.6,   4.6,  -3.5,-267.4, 285.1, 897.0,   4.9,   0.1
195240,   1.8,  -0.4,  -0.9, -16.9, 202.1, 940.4,   5.6,   0.5
195266,  -2.3,  -0.4,  -2.2,  25.8, 101.3,1104.5,   5.8,   0.6
195290,  -3.4,   2.6,  -0.1,-117.8, -25.5, 967.8,   5.3,   0.7
195314,  -4.7,   1.7,   0.7,-183.2, -17.9, 935.8,   4.7,   0.7
195342,  -1.3,   2.4,   0.8, -32.6,  -2.5, 907.9,   4.1,   0.3
195366,   0.3,  -1.2,   1.7,  67.3,  26.8, 966.5,   4.0,   0.4
195390,   3.0,   1.0,  -0.6, -17.7,  70.0, 963.9,   3.8,   0.5
195414,   1.2,   1.4,  -0.5,-112.9,  64.1, 861.8,   4.0,   0.8
195442,  -1.0,   0.5,  -0.2, -60.9,  -4.5,1062.2,   3.9,   0.9
195470,  -0.4,   0.9,   0.8, -37.2,-122.1,1018.3,   3.7,   0.9
195490,  -0.1,   1.3,  -1.6, -38.4, -27.2,1053.7,   3.3,   0.8
195514,   1.1,   0.0,  -2.1,  85.1,  62.2,1067.6,   2.8,   0.6
195542,   1.9,   1.6,  -2.2,  19.7, -17.6,1020.3,   2.4,   0.5
195566,   0.2,   3.0,  -3.8,-110.4,  64.1, 897.2,   2.7,   0.6
195590,  -2.0,  -0.4,  -3.0, -71.9,  87.6, 909.2,   3.1,   1.1
195614,  -7.4,   0.0,  -3.0, 105.6,-177.6,1281.0,   3.0,   0.5
195642,  -1.4,  -0.8,   4.2,  94.9,-135.6,1016.8,   1.1,   0.6
195666,   1.1,   0.2,   0.7, 120.3,  71.0,1053.0,   1.0,   0.3
195690,   4.1,   2.6,  -1.1, -67.7,  53.2, 961.7,   1.1,   0.8
195714,   2.9,   1.5,  -2.6, -90.7, -50.1,1068.8,   1.3,   0.9
195742,   1.5,  -2.2,   1.7,  77.1,-121.2, 965.1,   0.8,   0.9
195766,  -1.4,   0.8,   1.1, -64.0, -75.7,1066.6,   0.4,   0.9
195790,  -1.9,   0.4,   1.9, -20.3,-135.3,1026.6,  -0.0,   0.8
195814,  -0.5,   0.0,   2.3, -39.6, -54.5,1068.1,  -0.3,   0.8
195842,   1.4,   1.9,   1.7, -68.9, -71.4, 981.7,  -0.7,   0.8
195866,   2.2,  -0.4,  -0.2,  39.2, -20.1, 972.2,  -1.0,   0.7
195890,   2.6,  -0.7,  -4.2, -49.6,  57.3,1003.4,  -0.8,   0.8
195914,   2.4,  -0.9,  -2.4,  30.4, 146.2, 999.7,   0.0,   1.1
195942,   2.4,  -1.3,  -1.1,  37.5,  20.9,1044.4,   0.2,   0.4
195970,   1.0,  -0.7,  -1.5,  34.3, -13.0, 990.5,   0.1,   0.4
195990,  -0.2,  -0.2,  -3.0,  87.3,  94.9,1008.8,   0.3,   0.0
196014,   0.4,   1.8,  -3.0, -10.8,  81.7, 963.4,   0.6,  -0.1
196042,  -0.2,   0.5,  -2.5,   1.1,  94.2, 975.8,   1.3,  -0.1
196066,  -0.2,   0.0,  -1.8,   4.6,  60.7,1011.7,   1.7,  -0.2
196090,   0.3,  -0.3,  -0.5,   6.8,  82.5, 963.6,   1.9,  -0.2
196114,   0.1,   0.1,  -1.7, -33.8,  55.8, 998.8,   2.1,  -0.0
196142,   1.0,  -0.8,  -0.9,  19.7, 147.6, 989.7,   2.5,   0.1
196166,   1.0,   0.6,  -0.8, -41.3, 103.0,1023.2,   2.9,   0.1
196190,   0.4,  -2.2,  -1.9, -39.6, 155.2, 982.7,   3.5,   0.2
196214,  -1.6,  -0.5,  -1.7,  -1.8, 129.1, 949.5,   4.1,   0.3
196242,  -2.8,  -0.7,  -0.2, 296.5,  93.2, 957.5,   4.3,  -0.3
196266,  -0.3,   4.2,   0.9,-179.3,  -4.5,1099.6,   4.1,  -0.2
196290,   4.0,  -0.4,   0.9,  89.8, 121.0, 993.9,   4.3,  -0.0
196318,   2.7,   0.8,  -3.0,-140.7, 172.8, 991.9,   5.1,   0.5
196342,   1.8,  -1.5,  -2.1,  84.4, 115.2,1012.7,   5.5,   0.5
196366,  -0.0,   0.7,  -0.2, -40.4,  62.2,1080.6,   5.8,   0.3
196390,  -1.7,   1.9,  -0.1,-149.7, 101.7, 939.9,   5.8,   0.4
196418,  -0.7,  -1.3,   0.1, 191.6,  40.5,1081.3,   5.9,   0.2
196442,  -0.8,   3.5,  -0.7,-179.5,  18.7,1025.1,   5.8,   0.3
196470,   0.2,  -1.1,  -2.4, 119.5,  81.2, 941.4,   5.9,   0.1
196490,  -0.1,   1.7,  -1.0,  62.2, 141.3, 965.6,   5.8,   0.2
196518,  -0.0,   2.9,  -0.2, -49.2,  37.8, 832.5,   5.5,   0.4
196542,  -1.2,   0.0,  -0.3,   7.5,  31.7,1047.8,   5.2,   0.5
196566,  -1.2,   3.5,  -0.9,  36.0, -46.5, 957.3,   4.7,   0.2
196590,   0.3,   2.9,   0.6, -59.9,  -5.4, 947.3,   4.3,   0.3
196618,   0.8,   2.1,   1.0,  15.3,  54.6,1061.8,   4.4,   0.4
196642,   1.6,   0.6,   1.2,-192.0,  46.1, 971.2,   3.9,   1.1
196666,   0.9,  -0.2,   0.1, -27.4,  90.5,1049.5,   3.9,   1.1
196690,   0.5,   2.5,  -1.9,  -8.4, 154.5, 959.2,   4.0,   0.8
196718,  -3.4,  -4.9,  -0.5, -29.1, -97.7,1091.5,   3.7,   1.3
196742,  -0.9,  -4.0,  -2.7,  73.9, -90.6, 922.4,   2.0,   0.9
196766,  -1.4,  -1.5,  -5.6, 190.1,  86.1,1003.7,   1.9,   0.3
196790,   0.7,   0.3,  -5.9, -47.0, 223.6, 948.0,   2.3,   0.4
196818,  -0.8,   0.9,  -5.8, -91.4,  -1.3,1000.7,   2.5,   0.5
196842,  -1.0,   0.0,  -4.7, -61.4, -34.7, 970.7,   2.5,   0.5
196868,  -2.1,   0.1,  -2.4, -14.2,  -1.8, 991.4,   2.1,   0.5
196892,  -2.3,  -0.2,  -2.1, -65.5, -11.5,1041.2,   1.7,   0.4
196916,  -1.4,   0.8,  -2.1,   2.8, -53.0,1004.1,   1.2,   0.3
196940,  -0.4,   0.0,  -2.2,  91.0, -25.7, 977.5,   0.9,   0.2
196968,   0.5,   1.2,  -2.4, -36.0, -39.6, 998.3,   0.8,   0.2
196992,  -0.6,  -0.4,  -1.6, -31.8, -40.1, 976.6,   0.5,   0.4
197016,  -1.7,   0.4,  -0.4, -58.9, -52.6,1008.3,   0.2,   0.5
197040,  -0.7,   1.2,   0.1, -68.0, -25.2,1013.4,  -0.3,   0.7
197068,  -1.0,  -1.3,   0.9,  88.3, -85.0,1009.5,  -0.9,   0.7
197092,   0.8,  -0.9,  -2.9,  -2.0,   5.8,1019.3,  -1.3,   0.5
197116,   2.7,  -2.0,  -4.6, -35.2, 139.6,1056.9,  -1.0,   0.7
197140,   2.3,  -1.0,  -2.9,  62.7,  77.3, 973.6,  -0.2,   0.6
197168,   1.6,  -0.8,  -1.3, -82.4,  81.2,1007.1,   0.2,   0.6
197192,   0.3,  -0.6,   0.1,  37.3,  30.5,1014.6,   0.4,   0.6
197216,  -0.4,   1.2,  -0.0,   2.6,  81.7, 998.5,   0.8,   0.4
197240,  -0.2,   0.7,  -0.3,  -4.7, 140.8, 983.1,   1.4,   0.3
197268,   1.2,   0.9,  -0.5, -10.8, 153.7, 969.2,   2.1,   0.3
197292,   0.1,   0.9,  -0.2,  -0.6,  98.3, 990.2,   2.6,   0.5
197316,   0.5,  -1.9,   0.4, -18.9,  72.4,1012.9,   2.8,   0.5
197344,   1.1,  -0.4,   0.9,  21.2,  83.4, 981.4,   3.0,   0.5
197368,   0.4,   0.4,   1.4, -37.7, 114.2, 971.9,   3.4,   0.5
197392,  -0.3,  -1.1,   1.8,   6.0, 139.1, 958.0,   3.9,   0.6
197416,   1.0,   0.3,   0.6, -20.6, 209.4, 959.9,   4.6,   0.6
197468,  -3.2,   1.4,  -0.3,  68.8, 171.8, 994.6,   5.5,   0.8
197472,  -2.9,   3.9,  -0.4, -57.9, 216.5, 972.9,   5.7,   0.9
197492,  -5.2,   2.8,  -0.3,-112.1,  -0.3,1166.2,   6.0,   0.9
197516,  -1.5,   3.7,   1.6,-173.2,  66.6,1062.0,   5.6,   1.3
197544,   0.2,  -2.3,   1.1, 108.6, 123.7, 981.4,   5.8,   1.2
197568,  -1.1,   0.4,  -1.0,  59.2, 109.6, 999.5,   6.2,   0.9
197592,  -1.5,   0.7,  -1.7, -13.0,  94.2, 982.9,   6.5,   0.8
197616,  -2.1,  -1.2,  -0.6,  75.4, 184.7, 930.4,   6.6,   0.8
197644,  -2.8,  -0.5,   0.8,  -2.0, 114.7,1008.3,   6.6,   0.8
197668,  -4.0,   1.0,   0.5,  98.3,  20.9,1043.4,   6.5,   0.6
197692,  -2.7,   2.6,  -0.4, -93.8,  79.8,1040.8,   6.3,   0.7
197716,  -1.7,   1.3,  -0.8,  14.3, 106.1,1059.3,   6.1,   0.6
197744,  -2.6,  -1.5,  -1.2,  78.8,  31.9,1032.0,   5.9,   0.7
197768,  -0.9,   0.3,  -1.7,  15.3,  68.3, 969.0,   5.6,   0.5
197792,  -4.3,   2.1,  -2.0,  43.4, -27.9, 982.7,   5.4,   0.4
197816,  -3.4,   3.3,  -1.9,-119.7,   9.9, 966.5,   5.0,   0.4
197844,  -3.7,   0.1,  -0.9,  51.2, -44.5, 994.1,   4.4,   0.4
197868,  -3.3,   3.9,  -0.6, -61.9,  53.4,1084.9,   4.1,   0.5
197892,  -1.8,   2.5,  -0.6, -26.2,  23.9,1137.0,   3.9,   0.6
197916,  -3.2,  -0.2,  -0.9, -78.0,  14.1,1046.1,   3.6,   0.8
197944,  -0.6,   4.4,   0.3, -85.5,-466.1,1203.4,   2.0,   0.7
197972,   4.1,   2.1,  -4.9,-112.4, 160.3, 970.0,   2.3,   0.8
197992,   3.8,  -0.7,  -8.0, -40.1, 112.2, 961.9,   2.8,   0.5
198016,   2.4,  -1.7,  -7.2,   1.1,  56.6, 966.5,   3.1,   0.4
198044,  -1.4,  -2.6,  -3.0, -24.7, -52.8, 997.3,   2.5,   0.5
198068,  -2.6,  -1.6,  -1.8, 118.6,  27.3, 977.8,   2.0,   0.4
198092,  -2.5,  -0.1,  -1.2,  22.9,  11.9,1000.2,   1.6,   0.5
198116,  -0.2,   1.2,  -2.7,  61.4,  12.4, 996.3,   1.5,   0.3
198144,   0.2,   0.0,  -2.0,  76.1,  50.0,1017.8,   1.5,   0.2
198168,  -0.4,   2.7,  -3.1,-111.7, -36.4,1018.3,   1.1,   0.4
198192,  -1.3,   0.7,  -1.3, -34.0, -58.2,1015.9,   0.7,   0.4
198216,  -2.3,   0.6,  -0.9, -47.7,   0.4,1035.6,   0.2,   0.5
198244,  -0.9,   1.2,  -1.3,  10.4,   0.4,1010.0,  -0.1,   0.5
198268,   0.8,  -1.2,  -1.6, -14.0, -32.8, 995.3,  -0.5,   0.7
198292,   0.5,   0.1,  -1.3,  64.9, -36.0,1006.8,  -0.9,   0.6
198320,  -0.2,  -1.0,  -1.3,   6.8, -49.9,1020.7,  -1.5,   0.5
198344,   0.8,   0.7,  -5.6, -69.9, 109.8, 969.0,  -1.2,   0.7
198368,   2.5,  -4.2,  -4.9, 174.5,  76.4, 989.5,  -0.2,   0.8
198392,   1.9,   1.6,  -4.3, -62.1,  13.9,1017.1,  -0.1,   0.2
198420,  -0.1,  -2.1,  -1.7,  88.8, -26.9, 991.2,  -0.0,   0.4
198444,  -0.2,   1.0,  -2.8, -38.7,  68.3, 983.1,   0.1,   0.2
198474,   0.3,   0.7,  -1.9,  10.4, 123.7, 999.5,   0.2,   0.2
198494,   0.5,  -1.2,  -2.6, -45.5, 133.5, 969.7,   0.8,   0.4
198518,   0.3,  -2.2,  -2.5, -13.8,  83.9, 995.1,   1.4,   0.5
198542,   0.4,  -1.9,  -3.3, -63.8,  55.8, 960.2,   1.7,   0.5
198570,  -1.7,  -0.2,  -2.7,  25.1,  42.9, 959.5,   1.9,   0.2
198594,  -2.5,   2.8,  -2.1,  11.6, 122.0, 992.4,   2.2,  -0.1
198618,  -2.1,   1.7,  -2.4,   0.6, 144.2,1023.2,   2.9,  -0.1
198642,   0.8,   0.4,  -1.6,-219.3,  82.9,1032.9,   3.1,   0.5
198670,   1.2,  -0.7,  -2.0,  74.1,  31.4,1029.8,   3.7,   0.3
198694,   1.5,   2.3,  -2.9,-157.3,  93.0, 955.8,   4.1,   0.4
198718,  -0.7,   0.0,  -1.7,   2.8, 173.8, 972.6,   4.8,   0.2
198742,  -0.3,  -0.6,  -1.4,  -9.6,  78.8, 998.3,   4.8,   0.2
198770,  -2.2,  -0.1,  -1.3,  21.6, 106.1, 924.8,   5.3,   0.2
198794,  -1.5,   0.1,  -0.0, -90.9, 110.5,1003.2,   5.3,   0.3
198818,  -0.8,  -0.2,  -1.3,  59.0, 129.6, 951.4,   5.4,   0.2
198842,   0.2,   0.6,  -1.6, -30.4, 143.0,1026.8,   5.4,   0.2
198870,  -1.4,  -1.0,  -0.3, -49.6,  51.0,1011.7,   5.5,   0.4
198894,  -0.1,  -0.8,   1.2, -64.3,  56.1, 962.4,   5.2,   0.5
198918,  -3.0,   1.9,   0.5,  90.2,  14.3,1013.9,   5.2,   0.4
198942,  -0.6,   3.2,   0.9,   3.8,  23.1,1067.6,   4.9,   0.3
198970,  -1.4,  -1.4,   1.8,  59.2,  44.9, 932.1,   4.9,   0.2
198994,  -1.3,   1.4,  -0.1, 138.3,  59.5,1044.9,   4.4,   0.1
199018,  -2.3,   3.4,  -0.2, -34.0, -35.0,1017.3,   3.9,   0.1
199042,  -0.1,   4.1,   4.4, 163.0, -77.5, 956.3,   3.0,  -0.5
199070,   0.4,   4.9,   2.0,-142.4, 238.0,1013.2,   4.0,   0.1
199094,   4.6,  -1.4,   2.3,-128.3,-226.4,1177.0,   2.9,   1.1
199118,   5.7,  -2.3,   0.8,  64.6, 130.3, 919.7,   2.7,   1.1
199142,   3.5,  -1.9,  -1.7,  73.4, 118.6,1007.6,   3.0,   0.4
199170,  -0.7,  -0.5,   1.9, -21.8,  31.4,1032.9,   3.0,   0.4
199194,  -1.2,  -0.5,   2.8, -22.1, -52.3,1007.8,   2.9,   0.7
199218,  -1.0,  -0.5,   2.7,  95.6, -63.8,1041.5,   2.4,   0.6
199242,   0.4,   0.9,   1.2, -14.2, -26.7, 999.5,   2.0,   0.8
199270,   0.1,  -0.1,   2.3,  39.2, -69.9,1057.6,   1.6,   0.5
199294,  -0.6,   2.1,   1.8, -68.9, -98.0,1036.4,   1.4,   0.5
199318,  -0.1,   0.2,   3.1,  -5.9,-102.6,1043.0,   1.2,   0.6
199346,   0.4,  -0.5,   2.5, -18.4, -20.8,1008.5,   0.8,   0.6
199370,   0.5,  -1.0,   1.9,  -5.9, -92.6,1034.4,   0.4,   0.7
199394,   0.6,   0.1,   1.3,  49.7, -57.4, 978.0,   0.0,   0.6
199418,   1.3,   0.9,   1.4,  81.5, -45.2, 991.0,  -0.3,   0.5
199470,   1.3,   1.6,   2.7, -22.3, -31.8,1005.6,  -0.6,   0.5
199474,  -0.4,   0.1,   2.0,  31.2, -16.9,1019.0,  -0.6,   0.5
199494,  -0.8,   1.8,   3.5, -20.6, -62.8, 986.6,  -0.9,   0.6
199518,   0.5,   1.2,   3.6, -28.2, -50.8,1019.3,  -1.4,   0.5
199546,   2.1,  -0.6,  -1.6,-136.1,  81.0,1034.7,  -1.3,   0.9
199570,   3.0,  -1.0,  -1.6,  92.7,  98.6, 999.3,  -0.5,   0.8
199594,   2.7,  -0.8,  -0.8, -51.1,  44.9,1019.3,  -0.1,   0.4
199618,   1.0,  -0.2,  -0.1, -25.2,  49.0, 978.0,   0.2,   0.6
199646,   0.1,  -1.5,  -0.2,  28.2,  78.3,1011.2,   0.5,   0.5
199670,   0.6,  -0.4,  -0.6,  -4.7,  95.9,1012.2,   1.0,   0.5
199694,   0.1,   1.1,  -1.1,  -8.6, 124.7, 964.8,   1.5,   0.5
199718,   0.7,  -0.8,  -0.3,  29.2, 112.2, 959.7,   1.9,   0.4
199746,   0.7,   2.2,  -0.4, -44.8,  74.9, 956.3,   2.3,   0.2
199770,  -0.3,   1.7,  -0.9, -23.3, 132.5, 970.0,   2.8,   0.4
199794,   0.4,  -1.3,  -0.4, -43.3,  26.1,1104.2,   2.9,   0.6
199818,   1.8,   0.1,  -0.8,  38.5, 122.7, 958.0,   3.2,   0.5
199846,   0.7,   0.3,  -1.9, -58.9, 127.4,1006.3,   3.7,   0.6
199870,   0.1,   0.9,  -2.5,   3.8, 154.7, 963.1,   4.3,   0.4
199894,  -1.0,   0.4,  -2.2,  45.8, 123.7, 970.9,   4.7,   0.3
199918,  -0.3,   0.1,  -1.4,  29.2, 107.1,1037.3,   4.9,   0.3
199946,  -0.3,  -2.3,  -1.6,  38.0,  73.7, 961.4,   5.2,   0.3
199974,  -1.4,   1.0,  -3.1, -42.6,  65.9,1046.4,   5.2,   0.4
199994,  -0.6,   1.8,  -3.4,  28.5, 174.7, 958.2,   5.4,   0.3
200018,  -0.8,  -1.1,  -2.4, -19.1, 111.5, 991.2,   5.5,   0.5
200046,  -1.0,  -0.9,  -2.4, 109.5, 113.0, 990.5,   5.5,   0.3
200068,  -0.9,   3.4,  -3.1, -29.4,  71.7,1022.0,   5.5,   0.2
200096,  -1.3,   0.0,  -1.8, -15.5,  77.1, 991.0,   5.7,   0.3
200120,  -0.4,   1.5,  -0.3, -70.6, 131.5,1009.5,   5.6,   0.2
200144,  -2.1,  -1.4,  -0.0, -55.3,  53.4,1042.5,   5.7,   0.5
200168,  -2.6,   3.5,  -0.5,  19.2,   6.5, 939.2,   5.4,   0.4
200196,  -2.8,   1.7,  -1.4,  10.7,  51.0, 980.9,   5.0,   0.4
200220,  -3.2,  -0.1,  -1.8, 191.1,  91.5,1106.9,   4.5,   0.1
200244,  -2.5,   0.1,  -2.0, -42.6, -52.6, 986.3,   3.8,   0.3
200272,  -3.8,  -1.7,  -0.5,  76.8,  28.7,1108.9,   3.5,   0.3
200296,  -3.1,   5.7,   1.9, -69.2, -40.6, 963.1,   3.0,   0.2
200320,  -0.2,   0.9,   1.1,-236.2,  56.1,1144.5,   3.2,   1.0
200344,   6.2,  -2.4,   1.1,  62.4, -78.7, 957.5,   1.8,   1.2
200372,   4.1,  -1.6,  -3.9,  19.2,  22.6, 917.5,   2.5,   0.9
200396,   1.8,   0.1,  -3.5,  32.4,  24.3, 974.1,   2.6,   0.4
200420,  -0.4,   0.1,  -1.9, -36.0,  56.1, 999.3,   2.5,   0.3
200444,  -3.2,  -0.5,  -1.7, -17.9, -17.4, 995.3,   2.2,   0.6
200472,  -1.7,  -0.7,  -2.5, -24.0,   8.0,1014.6,   2.1,   0.5
200496,   0.2,   1.1,  -2.2, -58.9,  27.5, 991.0,   1.7,   0.5
200520,   1.2,   0.4,  -1.3, -39.6, -74.3, 988.3,   1.4,   0.3
200544,   0.2,   0.0,  -0.8,  41.9,  -7.9,1024.2,   1.1,   0.2
200572,  -1.2,   2.3,   0.3, -45.3, -51.3,1014.4,   0.7,   0.4
200596,   0.7,   0.6,   0.7, -38.2,   1.6,1020.0,   0.3,   0.6
200620,  -0.5,   0.1,   0.3, -54.8, -57.9,1030.3,  -0.1,   0.7
200644,   0.1,   0.2,  -0.5,  25.6,-108.5,1016.8,  -0.7,   0.5
200672,  -1.2,   0.4,  -0.3,  -8.9, -22.8,1004.6,  -1.3,   0.6
200696,   1.6,  -0.1,  -1.4, -30.4, 110.8, 937.2,  -1.0,   0.6
200720,   2.4,  -3.7,  -2.0, -53.6,  81.0, 988.3,  -0.1,   1.0
200744,   0.8,  -0.2,  -2.3, -40.9,  13.6,1006.6,  -0.1,   0.8
200772,   0.5,   1.5,  -1.7,  64.1,  52.2, 977.8,   0.1,   0.5
200796,  -0.0,   1.0,  -1.2,   6.5,  89.3,1001.5,   0.4,   0.4
200820,   1.8,   1.6,  -2.4, -31.3, 118.3, 996.1,   0.9,   0.5
200844,   0.2,   0.3,  -1.1, -26.2, 114.9, 992.7,   1.6,   0.6
200872,   0.8,   0.1,  -1.4, -36.2,  61.9,1009.8,   2.1,   0.7
200896,   1.2,   0.9,  -1.5, -30.8,  72.2, 988.3,   2.3,   0.8
200920,   0.3,   0.6,  -0.8, -23.0,  81.0, 981.2,   2.6,   0.8
200944,  -0.8,  -0.4,  -0.2,  16.5, 115.2, 987.5,   3.0,   0.8
200972,  -0.9,  -1.0,  -1.4, -21.8, 126.2, 985.1,   3.0,   0.8
200996,   0.5,  -1.9,  -0.6,  15.8, 167.2, 958.5,   3.5,   0.8
201020,   0.5,  -1.6,  -2.4,  76.6, 161.8,1010.2,   4.1,   0.5
201044,   0.7,   3.5,  -3.5,-111.2, 132.7, 980.7,   4.3,   0.1
201072,  -0.8,  -0.5,  -2.2,  90.2, 167.2, 941.4,   5.2,   0.2
201096,  -2.6,   1.0,  -3.1,  13.8, 180.6, 930.7,   5.9,   0.2
201120,  -4.8,   2.3,  -2.5, -34.5, 117.1, 968.5,   6.2,   0.3
201144,   1.5,   3.5,   1.7, -34.0, 229.9, 749.7,   5.7,   0.6
201172,   0.4,  -3.0,   0.9, 355.6,  37.0,1013.2,   5.8,   0.5
201196,   0.1,   2.8,  -0.9, -19.6,  49.0,1018.3,   6.1,   0.5
201220,   0.7,  -0.5,  -2.1, -91.9, 223.8, 980.7,   6.4,   0.5
201244,   0.5,  -1.5,   0.1,  72.7, 137.6,1011.2,   6.4,   0.6
201272,  -2.3,  -0.5,  -0.2, -35.7,  59.5,1066.9,   6.2,   0.8
201296,  -1.4,   0.2,  -0.5,  95.6, 123.2,1026.1,   5.9,   0.6
201320,  -3.0,   1.7,  -0.9, -10.3,   7.3, 998.3,   5.7,   0.6
201348,  -0.0,  -2.1,   1.1, 107.3, -17.2,1163.6,   5.1,   0.7
201372,  -0.6,   0.8,   1.5,  77.8, -49.4,1030.8,   4.7,   0.6
201396,   0.5,   4.1,   0.7,-207.1, 155.2, 934.8,   4.9,   0.9
201420,   0.4,  -0.4,   1.4, -51.4,   6.5, 987.3,   4.6,   1.1
201472,  -0.6,   2.8,  -1.6,-120.9,  33.4, 976.3,   4.0,   1.1
201476,  -1.0,   1.2,  -1.9, -55.5, -35.2, 949.7,   3.9,   1.2
201496,  -1.5,   0.9,  -1.5, -88.0, 162.0,1068.8,   3.8,   1.3
201520,  -1.4,  -4.4,  -2.1, 160.8, -10.3,1059.1,   3.2,   1.1
201548,  -1.7,  -0.5,  -1.3,  27.3,  34.8, 969.2,   2.7,   1.1
201572,  -1.3,   0.8,  -1.7, -26.5,  65.1, 955.6,   2.5,   0.8
201596,  -1.7,   1.8,  -0.2,  68.3,   9.5, 921.1,   2.6,   0.7
201620,  -3.4,   3.3,  -0.8, -82.4,  86.4, 907.7,   2.9,   0.7
201648,  -3.7,   1.8,   0.9,-159.0,-261.5,1059.6,   1.8,   0.9
201670,  -0.2,  -1.2,   1.7,  40.0,  31.4, 992.4,   1.2,   0.9
201698,   0.2,  -1.4,  -0.4, -16.2,  -8.4, 988.5,   0.9,   0.6
201722,   1.7,  -0.6,   0.1,  36.8,  15.3,1063.5,   0.7,   0.6
201746,   0.5,  -0.2,  -0.4, -46.7,  -0.8, 968.5,   0.4,   0.7
201770,  -1.7,   0.1,   0.6, -15.0, -78.2,1013.7,  -0.2,   0.7
201798,  -1.3,   1.1,   1.3,  54.1, -95.8,1012.2,  -1.0,   0.8
201822,  -1.3,   0.4,   0.3,  23.4,  14.3,1000.7,  -1.3,   0.9
201846,   0.8,   0.6,  -2.4,-100.4,  94.4, 982.7,  -0.9,   0.8
201870,   2.7,  -2.2,  -2.7,  38.0,  25.6, 998.5,  -0.2,   0.9
201898,   0.8,  -1.5,  -2.2, -49.2,  23.9,1005.1,  -0.1,   0.7
201922,  -0.7,   1.4,  -2.2, -31.6,   8.0,1016.8,  -0.1,   0.6
201946,  -1.7,  -0.3,  -1.4,  13.6,  52.9,1014.1,   0.2,   0.5
201974,  -1.2,   1.1,  -2.4, -44.3, 101.7, 971.4,   0.2,   0.5
201998,   0.3,   0.5,  -1.9, -14.5,  86.4,1005.8,   0.7,   0.6
202022,   0.8,   0.7,  -1.7, -35.2,  59.0, 995.8,   1.1,   0.6
202046,   0.5,  -0.6,  -0.9,   0.9,  67.6, 978.5,   1.5,   0.7
202070,  -0.3,   1.0,  -1.1, -31.6,  87.3, 950.7,   1.8,   0.6
202098,   0.6,   0.3,  -0.2,   2.1,  91.0, 992.2,   2.2,   0.6
202122,  -0.1,  -0.8,   0.5,   5.5, 153.5, 972.4,   3.0,   0.8
202146,  -0.0,  -0.6,  -0.1,  40.2, 164.2,1007.8,   3.4,   0.7
202170,  -0.9,   0.1,  -1.2, -49.6, 168.1, 991.4,   3.9,   0.9
202198,  -0.7,   0.3,  -0.6, -18.2, 162.5, 945.1,   4.4,   0.9
202222,  -2.0,   0.5,   1.4, 182.0,  46.1,1007.3,   4.7,   0.6
202246,   0.3,   1.8,   1.1,  88.3, 110.8, 970.7,   4.9,   0.3
202270,  -0.4,   3.1,   1.0, -33.3,  87.6, 913.3,   5.2,   0.7
202298,   1.2,  -0.6,   2.0,-284.0, -57.9,1213.1,   5.3,   1.5
202322,   3.8,  -0.6,   1.7, 136.1,  39.5, 874.7,   5.2,   1.1
202346,   1.9,   4.0,  -0.8,-203.5, 138.9, 931.9,   5.6,   1.0
202374,  -1.1,  -0.1,   0.9,  38.0, 133.2, 904.8,   6.0,   0.9
202398,  -2.1,   1.3,   1.7,  -2.3,  -0.3,1054.4,   5.9,   1.0
202422,  -3.1,   0.9,   0.6,  33.4, -18.9,1010.0,   5.6,   0.8
202446,  -1.4,   0.7,   1.6,-217.6, -46.5,1095.4,   4.9,   0.9
202474,  -0.1,  -0.4,   0.9, 205.5, 134.9,1056.4,   5.0,   0.7
202498,   0.7,   3.2,   0.9,  13.6,  99.5,1043.0,   4.7,   0.6
202522,  -0.6,   1.7,   0.8,-120.9,   3.1, 983.6,   4.6,   1.0
202546,   1.3,  -0.6,   0.4, -36.9,  26.3,1025.1,   4.3,   1.0
202574,   0.7,  -0.1,   0.5, -72.6, -46.5,1013.7,   4.0,   0.9
202598,   0.2,  -1.5,   0.3, 118.3,  63.2, 992.7,   3.8,   0.7
202622,   0.5,   3.7,  -0.6,-130.5,   7.0, 949.7,   3.3,   0.8
202646,   1.0,  -1.6,  -0.9,  65.8, -26.4, 997.3,   2.9,   1.1
202674,  -1.2,  -5.3,  -2.7, 163.0, -35.7, 968.0,   2.8,   0.9
202698,  -1.9,  -0.8,  -1.3,  58.3,   3.1, 972.6,   2.3,   0.4
202722,  -1.5,   2.3,  -0.7, -44.0,  31.4, 995.3,   1.8,   0.3
202746,  -1.2,   0.1,  -0.9, -33.3,  10.2, 969.7,   2.0,   0.4
202774,  -1.6,   0.0,  -1.3,  59.0, -40.8,1144.5,   2.0,   0.3
202798,  -0.1,   3.2,   1.4,-212.2,-191.7, 968.5,   0.9,   0.7
202822,   1.4,  -2.2,   1.2,-117.3,  11.9,1021.0,   0.5,   0.9
202846,   0.4,  -0.1,  -0.8,  21.4, -46.7,1022.0,   0.2,   0.5
202874,   0.3,  -0.3,  -1.9, -21.8, -10.6,1044.4,  -0.1,   0.7
202898,   0.6,   0.6,  -3.0, -22.3, -16.2, 993.4,  -0.6,   0.5
202922,  -0.4,   0.4,  -2.5, -24.0, -36.9, 975.6,  -1.0,   0.5
202946,   0.8,   0.7,  -0.0, -17.9,  -8.9, 978.0,  -1.0,   0.5
202974,   2.5,   0.8,   0.2, -24.3, 125.7,1040.3,  -0.8,   0.5
202998,   2.9,  -1.8,  -2.1,   7.5, -51.3, 995.8,  -0.5,   0.7
203022,   1.5,  -2.5,  -2.0,  43.1,  50.7,1013.4,  -0.3,   0.4
203046,  -0.0,   0.8,  -1.1,  76.6,  52.9,1000.2,  -0.0,   0.1
203074,  -1.2,   1.8,  -0.8, -30.8, 100.3, 993.2,   0.5,  -0.0
203098,  -0.5,   1.8,   0.1, -32.3,  99.5,1006.6,   1.0,   0.1
203122,   0.4,   1.0,   0.6, -31.1,  95.6, 977.8,   1.4,   0.4
203146,   0.6,  -0.1,  -0.4, -38.7, 102.7,1018.5,   1.7,   0.6
203174,   0.3,   0.6,   0.7,  33.6,  91.5, 960.2,   2.1,   0.5
203198,  -0.1,   1.5,   1.8,  -7.9,  50.2, 990.0,   2.3,   0.5
203222,   0.5,  -0.7,   2.5,  -7.4, 101.7, 989.5,   2.6,   0.5
203246,   0.6,   0.7,   2.4, -48.2, 123.7,1005.4,   3.1,   0.7
203272,  -0.1,   1.4,   1.4,  39.0, 104.9, 970.2,   3.5,   0.6
203300,  -0.8,   0.9,   0.7, -31.6, 109.3, 979.7,   4.0,   0.4
203324,  -1.9,  -0.8,   1.6,  27.0, 127.6, 983.9,   4.3,   0.5
203348,  -2.8,   1.1,   1.9, -95.5,  67.3, 997.1,   4.4,   0.4
203372,  -2.0,   4.6,   2.3, -30.4,  20.2, 986.6,   4.4,   0.2
203400,  -0.9,   2.8,   1.3, -72.6, 128.6,1009.5,   5.0,   0.4
203424,  -1.2,   1.3,   1.4, -64.5, 166.9, 954.3,   5.3,   0.6
203448,  -0.5,   0.8,   2.8,-264.5, -51.8,1269.0,   5.1,   1.1
203476,   0.5,  -3.3,   4.0, 200.6,  99.1, 994.9,   5.3,   0.7
203500,  -0.8,   3.9,   1.0, -39.6, 125.2,1001.2,   5.2,   0.4
203524,  -1.8,  -0.5,   0.8,  44.6, 100.5, 931.9,   5.2,   0.4
203548,  -0.9,   0.3,   1.0,   6.5, 107.4,1024.9,   5.0,   0.4
203572,  -2.6,  -1.1,   1.1,  34.1,  -4.2, 929.7,   4.5,   0.4
203600,  -2.3,   3.0,   1.7,-128.3, -12.0, 946.5,   4.0,   0.5
203624,  -2.3,   1.7,   2.0,  -6.9, -19.1,1011.5,   3.8,   0.5
203648,  -1.0,   2.0,   0.9, -58.7,  72.4,1058.8,   3.5,   0.7
203672,  -1.0,  -0.1,   0.8,  -5.7,  57.6, 993.9,   3.2,   0.8
203700,   0.2,  -0.4,  -0.8,   6.0,   9.0, 956.5,   2.6,   0.6
203724,  -0.1,   0.8,  -0.5, 115.9,   8.2, 953.6,   2.5,   0.3
203748,   0.6,   0.1,  -0.3, -41.1,  20.7, 981.2,   2.4,   0.4
203772,   1.0,   3.6,   0.6, -76.3,  79.3, 956.0,   2.4,   0.5
203800,   0.5,  -0.8,   2.3,  75.4,  36.1, 968.5,   2.3,   0.6
203824,   1.8,   2.1,   1.4,-179.3,  84.4, 981.4,   2.1,   0.9
203848,   0.3,  -1.6,   0.8,  82.9,  18.7,1032.9,   1.8,   0.7
203872,   0.4,   2.2,   0.9,  94.6,  10.9, 925.8,   1.4,   0.2
203900,   0.4,   4.7,   2.3, -16.9, -37.7, 984.9,   1.0,  -0.1
203924,  -0.3,   0.7,   2.9, -29.1,  22.2,1012.7,   1.0,   0.4
203948,  -2.5,   2.5,   1.1, -10.6, -12.0,1001.0,   0.8,   0.6
203976,  -1.5,   1.7,   1.3, -74.8,-236.6,1002.4,   0.4,   0.7
204000,  -0.4,  -1.8,   1.7,  54.6, -91.9,1037.8,  -0.5,   0.6
204024,  -0.4,  -0.2,   0.3,  28.2, -17.6,1040.0,  -0.8,   0.4
204048,   2.6,   1.4,   0.9,-141.0,  89.0,1024.4,  -0.7,   0.7
204072,   2.7,  -1.3,   0.6,-110.7,  56.1, 972.6,  -0.1,   1.0
204100,   2.7,  -2.6,  -1.6,  30.9,  13.1, 999.0,   0.1,   1.0
204124,  -0.4,  -0.1,  -0.4,  43.9,   7.0, 979.5,   0.0,   0.8
204148,  -0.7,   2.6,   0.8,  -3.5,  89.3, 984.6,   0.2,   0.4
204172,  -1.2,  -0.5,   0.8, -55.7,  88.3,1002.2,   0.8,   0.4
204200,  -0.3,   0.9,  -0.5,   7.2, 106.9, 988.8,   1.4,   0.5
204224,   0.5,   1.4,  -0.4, -33.0, 103.2, 968.0,   1.9,   0.6
204248,  -0.3,   1.0,  -0.3, -12.0,  61.9, 994.4,   2.2,   0.4
204272,   0.2,   0.1,   0.6,  85.6,  48.0,1013.7,   2.4,   0.4
204300,  -0.4,   1.0,   0.9, -71.6, 104.9, 971.4,   2.8,   0.3
204324,  -0.3,  -0.7,   1.2,  61.7, 126.6,1036.6,   3.1,   0.4
204348,   0.5,   2.3,  -0.6, -68.0, 155.5, 976.3,   3.6,   0.4
204376,   0.1,  -1.1,   0.3,  22.6,  98.3,1040.8,   4.1,   0.5
204400,  -0.4,   3.4,   1.1,  18.0, 133.2, 948.0,   4.5,   0.3
204424,   0.2,   1.3,   2.7,-124.8, 127.1,1003.9,   4.8,   0.8
204448,   0.3,  -0.5,   3.4, 115.2, 147.2,1047.8,   5.1,   0.5
204476,  -1.5,   2.9,   2.2,-202.5, -12.5, 974.1,   5.0,   0.8
204500,  -0.4,  -0.5,   3.0, 123.7, 120.5,1014.4,   5.0,   0.6
204524,  -0.5,   3.4,   1.8, -69.9, 138.4, 963.9,   5.1,   0.6
204548,  -1.4,  -0.4,   1.6,  61.4,  80.3, 971.9,   5.0,   0.6
204576,  -2.5,   2.8,   1.9,  32.6, -28.6, 928.7,   4.8,   0.1
204600,  -2.1,   5.6,   0.6, -98.7, 117.6, 995.3,   4.6,   0.0
204624,  -1.2,   1.9,   2.2,-289.9,-118.2,1216.3,   4.4,   0.8
204648,   2.4,   1.3,   1.4,  20.4, 172.3, 925.3,   4.0,   0.8
204676,   1.5,   2.0,  -0.6,-131.9,  -7.4, 939.2,   4.0,   0.6
204700,   0.3,  -0.7,   1.6, -61.9,  26.8, 910.4,   4.2,   1.0
204724,  -1.6,  -0.4,   1.4,  -1.5, -76.7,1037.1,   3.7,   0.8
204748,   0.2,   0.7,   1.2, 129.8, -37.7, 978.3,   3.3,   0.7
204776,  -0.3,  -0.2,  -0.6,  82.4,  82.5, 985.1,   3.1,   0.7
204800,   0.4,   0.5,  -1.9,  59.5,  72.9, 976.3,   3.1,   0.5
204824,   1.7,   1.1,  -1.3,  22.1,  22.9, 997.3,   2.9,   0.5
204848,   0.8,   2.2,  -0.6, -58.2,  63.2,1086.4,   2.7,   0.5
204874,  -0.3,   0.1,   0.8, -30.4,   5.1,1017.3,   2.5,   0.6
204898,  -0.6,   1.4,   0.1,  17.0, -26.9,1057.1,   2.0,   0.4
204926,   1.5,  -0.4,   1.4,  36.3,  -6.7, 967.3,   1.6,   0.5
204950,   1.7,   1.4,   1.8,  55.6,  14.6,1075.9,   1.3,   0.4
204978,   1.4,  -1.5,   1.5, -22.3,  12.4,1014.1,   1.3,   0.4
204998,   1.4,  -1.2,   2.4,  34.3, -22.8, 991.0,   1.0,   0.5
205026,   0.8,   0.7,   3.5, -28.6, -46.7, 960.2,   0.7,   0.6
205050,   2.0,   0.0,   3.3,  -3.3, -74.8, 995.3,   0.2,   0.5
205074,   0.6,  -0.1,   2.7, -25.5, -97.0, 987.8,  -0.1,   0.7
205098,   0.7,   1.1,   2.1, -33.8, -25.9, 998.3,  -0.4,   0.6
205126,  -0.2,   0.7,   1.7,  56.8, -91.4,1013.7,  -1.1,   0.5
205150,  -0.1,  -0.1,  -1.1, -13.0,  32.2, 996.1,  -1.1,   0.4
205174,   1.9,  -1.6,  -1.9, -71.6, 124.2,1005.8,  -0.6,   0.8
205198,   1.9,   0.6,  -0.5, 114.7,  38.8, 969.5,  -0.0,   0.3
205226,   1.0,  -1.6,   1.4, -24.0,  62.7,1056.4,   0.5,   0.5
205250,   1.5,   2.0,   0.2, -34.3, -20.3,1039.1,   0.3,   0.5
205274,   1.1,   0.6,  -0.5,  43.1,  65.1, 952.6,   0.4,   0.4
205298,   0.8,   0.4,  -1.1,  14.1, 112.7, 972.9,   0.9,   0.2
205326,   1.6,   0.4,  -0.9, -16.2, 111.0, 967.3,   1.6,   0.2
205350,   1.8,   1.2,  -1.0, -32.8, 129.8,1012.9,   2.1,   0.2
205374,   1.3,   0.1,  -1.2, -48.4, 108.1, 976.1,   2.6,   0.4
205402,   0.3,   0.9,  -1.5,   9.4, 121.5,1042.2,   3.1,   0.3
205426,  -0.3,   1.8,  -0.6, -48.9, 108.3, 973.6,   3.5,   0.4
205450,  -0.1,  -0.7,  -0.3, -15.7, 136.4, 964.1,   4.0,   0.4
205478,  -0.4,   1.5,  -1.8,   8.5, 159.6, 984.9,   4.2,   0.4
205502,   0.2,   0.7,  -2.1,-102.4, 104.4,1000.2,   4.5,   0.5
205526,  -0.3,  -0.6,  -2.2, -59.2, 149.3, 945.8,   5.0,   0.5
205550,  -0.7,   0.1,  -1.3,  17.5, 136.4,1001.5,   5.2,   0.5
205574,  -0.8,   0.7,  -1.6,  10.2, 146.2, 967.0,   5.5,   0.6
205602,  -1.3,   1.5,  -1.1, -59.4, 130.5, 991.9,   5.8,   0.5
205626,  -0.1,  -1.2,  -0.5,  29.0, 106.6, 998.8,   5.9,   0.3
205650,  -2.0,   2.9,  -0.2,-120.0, 156.4, 983.1,   6.1,   0.6
205674,  -2.9,  -1.3,   1.2,  45.3,  28.3,1036.9,   6.1,   0.7
205702,  -2.1,   0.4,   0.3, -26.7,  19.2,1104.5,   5.6,   0.8
205726,  -2.8,   2.8,  -0.3,-118.7,   3.1, 984.9,   5.2,   0.8
205750,  -2.5,  -0.2,  -0.4,  88.5, -25.9,1091.8,   4.9,   0.6
205774,  -2.7,   2.3,  -1.4, -44.8,  35.6,1002.9,   4.4,   0.5
205802,  -3.7,  -1.5,  -1.3, 143.5, -36.0,1016.6,   4.0,   0.6
205826,  -3.5,   3.4,  -0.8,  61.7,  24.3, 943.3,   3.7,   0.3
205850,  -2.3,   1.5,   0.8, -25.7, -32.5, 950.4,   3.3,   0.7
205874,   1.3,  -0.8,   0.2, -27.4,  76.4, 933.1,   2.7,   0.9
205902,   0.1,  -0.1,  -1.9,  76.6, -36.4,1015.1,   2.9,   0.7
205926,  -0.6,   0.7,  -2.3, -22.8,   7.0, 944.3,   2.8,   0.6
205950,  -1.4,  -1.2,  -1.7, -61.4,  38.3,1056.6,   2.7,   0.6
205978,  -1.8,   2.0,  -0.9, -17.4, -53.3,1022.7,   2.6,   0.6
206002,  -2.3,   1.5,  -0.6, -42.8, -50.1,1015.6,   2.0,   0.7
206026,  -1.5,   2.4,  -1.6,  -4.0, -67.4,1056.6,   1.6,   0.5
206050,  -0.5,   0.1,  -1.7,   1.9, -12.8,1015.6,   1.3,   0.6
206074,   0.2,  -1.0,  -2.4,  26.3, -36.2,1019.5,   0.9,   0.6
206102,  -1.0,   2.0,  -2.0, -29.1,   9.5,1007.8,   0.5,   0.8
206126,  -0.7,   0.8,  -1.4, -62.8, -31.6, 989.7,   0.2,   0.9
206150,  -0.8,  -0.2,  -2.1,   7.5, -30.1, 974.1,  -0.1,   0.9
206174,  -0.3,  -0.3,  -0.8, -20.8, -39.4,1042.7,  -0.3,   0.8
206202,  -0.6,   0.7,  -0.7,  -8.6,-134.8,1006.3,  -0.9,   0.8
206226,   0.1,   1.7,   0.3, -90.9, -58.7, 980.9,  -1.3,   0.9
206250,   1.6,  -0.2,   1.1,  35.3,  27.0, 992.2,  -1.3,   0.9
206274,   3.9,  -0.9,  -1.4, -81.6,  56.8, 998.0,  -0.8,   1.2
206302,   1.3,   0.8,  -2.9,   1.4, -25.0, 996.3,  -0.6,   1.1
206326,   0.5,  -0.3,  -2.2,  -9.6,  31.2, 986.6,  -0.5,   0.9
206350,  -0.1,  -0.4,  -1.4,  16.0,  39.5,1012.7,  -0.3,   0.8
206378,   0.3,   0.2,  -1.6, -24.5, 104.4,1001.0,   0.1,   0.8
206402,   0.4,  -0.2,  -1.4, -27.9, 114.4,1005.1,   0.7,   0.9
206426,   0.6,  -0.1,  -0.4, -11.1, 115.4, 981.4,   1.3,   0.9
206450,   1.1,   0.8,   0.6, -27.4,  76.8, 988.5,   1.7,   0.8
206480,  -0.1,  -0.1,   0.6, -24.0,  87.1, 989.7,   1.8,   0.8
206500,   0.4,   1.8,   1.6, -19.4,  98.8, 996.3,   2.1,   0.8
206528,   0.1,   0.3,   2.2, -19.4,  73.4, 981.7,   2.5,   0.9
206552,  -0.1,   1.1,   2.0, -38.7, 123.5, 985.8,   3.0,   0.9
206576,  -0.0,  -0.1,   0.3, -30.4, 151.3, 989.7,   3.6,   1.0
206600,  -0.3,   0.6,  -0.2,  44.6,  84.7,1011.2,   4.0,   0.9
206628,  -0.4,   0.6,   0.1, -63.6, 100.3,1003.7,   4.3,   0.8
206652,   0.7,  -0.4,   0.8,  18.7, 133.5,1090.8,   4.4,   0.9
206676,   2.9,  -1.1,  -0.1,  19.9, 156.7, 982.7,   4.5,   1.2
206700,   2.8,  -0.4,  -1.0, -51.4, 123.5, 986.6,   5.1,   1.2
206728,   0.2,  -0.3,  -1.2,  48.7, 119.8,1005.6,   5.7,   0.9
206752,  -0.7,   0.9,  -0.8, -17.4, 124.0, 971.7,   5.9,   0.8
206776,  -2.1,  -1.3,  -0.9,  46.1,  44.9, 975.8,   6.0,   0.7
206800,  -0.8,   1.7,  -1.5,-156.8,  59.3,1044.2,   5.9,   0.6
206828,  -1.0,   0.1,  -1.2,  70.7,  82.7, 986.3,   5.9,   0.5
206852,  -1.6,   1.7,  -0.9, -50.6,  41.9,1068.6,   5.7,   0.6
206876,  -1.0,   0.4,  -1.1, -71.6,  64.6, 945.1,   5.8,   0.7
206900,  -0.8,  -0.7,   0.2,   5.0,  52.2, 922.8,   5.7,   0.7
206928,  -0.9,   0.3,  -0.9,  49.5,  63.7, 992.2,   5.4,   0.6
206952,  -0.9,   1.4,  -0.8,-114.1,  81.7,1032.2,   5.2,   0.8
206980,  -1.2,  -0.7,  -0.6, 174.5,  46.6,1042.0,   5.2,   0.5
207000,  -0.1,   1.4,   1.3, 149.6, -50.1,1080.8,   4.7,   0.4
207028,   0.5,   0.3,   1.6, -54.5,  -2.8, 960.2,   4.2,   1.0
207052,   0.6,   1.2,   1.0, -97.7,  16.0,1065.9,   4.0,   1.0
207076,   0.1,  -1.2,   1.4, -16.2,  44.1, 972.6,   3.9,   1.1
207100,   0.1,   0.3,  -1.1,  23.8,   6.0,1021.7,   3.8,   0.8
207128,  -1.8,   3.7,   1.9,  22.9, -55.2, 991.9,   3.2,   0.5
207152,  -1.4,   3.9,   1.6, -32.3,  10.2, 994.4,   3.1,   0.4
207176,  -2.6,   2.5,   0.9,   8.5,   9.7, 947.5,   3.2,   0.8
207200,   0.3,   2.6,   0.9, -37.9,-112.9,1036.1,   2.4,   1.1
207228,   1.5,  -0.5,   1.1,  82.9, -77.5,1012.9,   1.7,   1.1
207252,   0.7,   0.1,   0.4,  64.4, -20.8, 978.0,   1.4,   0.8
207276,   1.1,  -0.1,   0.0, -20.8,   9.0, 998.0,   1.2,   0.9
207300,   0.2,   0.4,  -0.9, -67.7, -33.8, 999.0,   1.0,   1.0
207328,  -1.3,   0.6,   0.1,  14.1, -76.0,1018.8,   0.6,   1.0
207352,  -0.9,   1.5,  -0.3, -53.3,  -7.6,1012.0,   0.2,   1.0
207376,  -0.9,  -0.5,   0.6,  34.8, -72.6,1000.0,  -0.1,   0.9
207404,  -0.4,   1.3,  -0.8, -18.2, -35.0,1018.8,  -0.6,   0.9
207428,  -1.0,   0.7,   1.1, -18.2, -75.5, 994.9,  -1.1,   0.9
207452,   0.4,  -0.1,  -0.6, -56.2,  25.6, 997.8,  -1.1,   1.0
207480,   2.9,  -1.6,  -2.1, -54.5, 136.7, 975.3,  -1.0,   1.0
207504,   1.1,  -1.0,  -1.7,  47.8, -14.0, 986.6,  -0.8,   0.6
207528,   1.1,  -0.7,  -0.5,  34.1,  16.8, 986.6,  -0.8,   0.5
207552,  -1.4,   0.9,  -1.1,  22.1,  56.6, 993.2,  -0.7,   0.4
207576,  -0.4,   0.3,  -1.1,   0.4,  98.3,1003.9,  -0.3,   0.3
207604,   0.3,  -1.0,  -2.7, -56.7, 112.0,1026.6,   0.4,   0.5
207628,   1.4,  -0.1,  -2.6, -11.8,  97.3, 978.5,   0.9,   0.5
207652,   0.8,  -0.8,  -2.2, -10.1,  57.8, 997.1,   1.3,   0.4
207676,   0.7,   0.3,  -2.7, -12.8, 101.0, 982.9,   1.6,   0.4
207704,  -0.3,   0.2,  -2.2,   1.6,  97.6,1003.7,   2.1,   0.3
207728,  -0.2,   0.6,  -1.6,   1.4, 130.5, 971.2,   2.5,   0.3
207752,   0.1,   0.9,  -1.4, -30.6, 115.4,1012.9,   3.1,   0.4
207776,  -0.3,   0.7,  -2.1, -60.9, 116.4, 999.0,   3.5,   0.6
207804,   0.4,   0.9,  -1.8,  20.4, 148.9, 990.7,   4.1,   0.6
207828,   0.1,  -0.8,  -2.4, -43.8, 100.8,1010.7,   4.5,   0.7
207852,  -1.2,   1.5,  -2.7, -83.6,  84.9,1012.4,   4.6,   0.8
207876,  -0.4,  -2.3,  -2.0,  24.8, 150.8, 957.3,   5.0,   0.8
207904,   0.5,  -0.6,  -3.1, -41.8, 123.0, 960.4,   5.3,   0.8
207928,  -0.9,   0.3,  -1.4,  -8.1, 113.5,1003.9,   5.5,   0.8
207952,  -0.5,  -1.5,  -2.0,  -5.9, 157.9, 946.5,   5.7,   0.8
207980,  -1.0,   1.1,  -1.6,  70.0, 133.0, 992.7,   5.8,   0.8
208004,  -1.5,   2.9,  -0.9, -85.8, 157.2, 965.6,   6.0,   0.7
208028,  -3.0,   2.5,  -1.2,  18.0, 156.4, 951.9,   6.3,   0.8
208052,  -2.6,  -1.5,   0.8, -51.1,-151.4,1163.6,   5.9,   1.3
208078,   1.2,   0.8,   0.3,-112.1,  15.3, 928.2,   5.5,   1.2
208102,  -1.0,   1.7,  -1.6,-118.0,  33.1, 947.7,   5.5,   1.1
208126,  -1.3,   0.3,   0.3,  21.2,  40.0,1030.0,   5.5,   1.1
208154,  -1.5,   1.3,   0.9,  -1.5,  99.8,1043.0,   5.1,   1.0
208178,  -1.8,   4.5,   1.2, -79.9,  73.4,1012.0,   4.8,   1.1
208202,  -1.5,  -0.4,   1.3,  39.0, -15.0,1066.6,   4.3,   1.2
208226,   0.2,   1.4,  -0.2,  32.6,  72.9,1120.3,   3.8,   1.2
208254,  -1.2,   0.1,  -0.8,  26.3,  -6.9,1057.6,   3.5,   1.3
208278,   0.4,  -0.5,  -0.3,  16.0,  17.0,1012.7,   3.2,   1.2
208302,  -0.7,   0.3,  -1.7,  17.5, -47.7,1003.7,   2.9,   1.1
208330,  -0.8,   0.4,  -0.6, -25.2,  -9.3, 987.5,   2.4,   1.1
208354,  -1.2,   2.5,  -0.0,  11.6, -28.6, 966.8,   2.0,   0.9
208378,  -0.7,   1.1,  -0.1, -31.6,   5.3, 954.1,   1.7,   1.0
208402,   0.7,   0.4,   0.4,   3.6,  40.7, 996.6,   1.6,   0.9
208430,  -0.0,  -0.8,   1.3, -22.3, -18.6, 986.1,   1.5,   1.1
208454,   0.5,   0.3,   1.2, -67.7, -33.0,1010.2,   0.9,   1.2
208482,  -0.1,   0.7,   0.5, -16.9, -45.7,1056.6,   0.8,   1.2
208502,  -0.1,   2.1,  -0.8, -31.1, -25.2,1012.2,   0.5,   1.2
208530,  -0.6,   1.1,  -2.4,  13.3, -24.5,1019.8,   0.1,   1.1
208554,  -0.3,  -1.0,  -2.6,  26.0, -15.2, 987.0,  -0.2,   1.1
208578,  -1.1,   0.7,  -2.3, -24.5, -62.6,1008.8,  -0.6,   1.1
208602,  -0.5,   0.8,  -2.8, -50.1, -63.8, 991.9,  -0.9,   1.1
208630,   0.7,  -0.8,  -1.3, -47.2,  64.6, 992.9,  -0.7,   1.3
208654,   1.3,   0.4,  -0.1, -36.5,  38.8, 982.2,  -0.2,   1.3
208678,   1.2,  -2.6,  -0.7, -41.1,  22.2,1004.4,  -0.1,   1.4
208702,  -0.1,  -0.6,  -0.8,  83.7,  -3.5, 990.0,  -0.1,   1.1
208730,  -0.4,   2.0,  -0.8,  21.4,  35.6, 986.3,   0.1,   0.7
208754,  -0.1,   1.3,   0.5, -40.9,  78.1, 984.6,   0.4,   0.8
208778,   0.6,  -0.7,   0.4, -62.3,  95.6, 994.4,   0.8,   1.0
208802,  -0.9,   0.9,   0.1, -38.7,  82.7,1003.4,   1.2,   1.1
208830,  -0.9,   1.9,  -0.5, -22.1,  58.3, 994.9,   1.5,   1.1
208854,  -0.1,  -0.4,  -0.9,  19.2,  48.3,1013.7,   1.6,   1.1
208878,  -0.4,   0.7,   0.3, -36.5,  56.6,1011.2,   1.8,   1.1
208902,  -0.0,   1.4,   0.0, -24.0,  65.4, 972.6,   2.0,   1.2
208930,   0.6,   1.2,  -0.5, -58.4, 112.2, 966.5,   2.5,   1.2
208954,   0.7,   0.5,  -0.7, -33.8, 117.4, 978.7,   3.0,   1.2
208982,   0.4,  -1.4,  -0.7,  -8.1, 136.2, 979.5,   3.2,   1.1
209002,  -0.1,  -1.8,  -0.2,  29.7, 138.1,1025.6,   3.6,   1.0
209030,  -0.0,   1.5,  -0.0, -73.1, 121.5,1014.6,   4.0,   1.0
209054,  -0.6,   1.4,   0.4, -30.6,  63.9,1013.7,   4.2,   1.1
209078,   0.1,   0.9,  -0.3,   3.1, 110.5, 975.3,   4.4,   1.0
209102,   0.5,   1.2,  -1.8, -83.1, 116.1,1007.6,   4.7,   1.0
209130,  -0.6,   0.2,  -0.8,  13.1,  78.1, 995.8,   4.9,   1.0
209154,  -0.5,  -0.1,  -0.8, -57.7, 101.5,1007.1,   5.0,   1.0
209178,  -0.7,   0.0,  -0.6,  12.6, 112.5, 996.8,   5.1,   0.9
209202,  -1.8,   0.7,  -1.0, -35.2,  82.2,1003.9,   5.0,   1.0
209230,  -0.8,  -0.7,  -1.3, -35.7,  67.6, 970.7,   5.1,   0.9
209254,  -1.4,  -0.1,  -1.7,  -0.8,  33.1, 987.5,   5.0,   0.9
209278,  -0.2,  -1.2,  -2.4,  55.3,  73.4,1015.4,   5.0,   0.9
209302,  -1.8,   1.6,  -3.8,  -8.6,  29.7, 952.1,   4.9,   0.7
209330,  -0.4,  -0.5,  -3.1,  -3.5,  81.7,1013.4,   4.8,   0.7
209354,  -0.2,  -0.6,  -2.3,  30.2,  99.1, 987.0,   4.7,   0.6
209378,  -1.4,  -0.4,  -2.7,   8.5,  91.7, 968.0,   4.5,   0.7
209406,  -1.0,  -0.7,  -1.4,-122.9,  37.8,1009.5,   4.4,   1.1
209430,  -1.5,  -0.7,  -1.4,  -6.2,  33.4, 928.0,   4.2,   1.0
209454,  -1.7,  -0.7,  -2.1, -22.5,  74.9,1018.3,   4.0,   1.2
209482,  -1.7,   0.7,  -2.0, -50.4,-116.8,1003.7,   3.8,   1.2
209506,  -1.0,   1.7,   0.0, 110.8,  -0.3, 992.9,   3.2,   0.8
209530,   0.5,   5.3,  -0.8, -85.3,  50.2, 959.9,   3.0,   0.7
209554,   0.8,   0.9,  -0.9, -33.8,  42.7, 971.2,   3.1,   0.9
209578,   0.6,   1.0,  -1.8, -43.8,  28.5,1023.7,   3.1,   1.1
209606,  -0.4,   0.2,   0.0,  36.0, -45.5,1024.4,   2.6,   1.1
209630,   0.6,   2.2,  -0.8, -86.5, -29.4,1032.2,   1.6,   1.1
209654,   1.8,  -1.3,  -1.8,  38.0,  11.2, 974.4,   1.2,   0.9
209680,   2.1,   0.1,  -2.4, -72.1,  57.1, 984.4,   1.3,   0.8
209704,   2.4,  -1.0,  -2.5, -51.1,  10.2, 958.5,   1.3,   0.9
209728,   1.5,   0.7,  -1.7, -29.9, -36.9, 979.2,   1.3,   1.0
209756,  -0.1,   0.8,  -0.2,  -0.3, -20.1, 988.0,   1.0,   0.9
209780,  -0.9,   0.7,   0.9, -33.3, -37.7,1011.0,   0.7,   1.0
209804,  -0.4,   1.2,   1.2, -14.7, -22.8, 995.8,   0.5,   1.0
209828,   1.2,  -0.2,   0.1,  15.3, -17.2,1016.8,   0.2,   1.0
209856,   0.4,   1.1,  -0.4, -73.8, -49.1, 992.9,  -0.2,   1.0
209880,   0.1,   0.7,   0.7, -58.2, -54.3,1024.2,  -0.7,   1.1
209904,   0.1,   0.6,   2.7, -35.7,  32.9, 983.1,  -0.7,   1.3
209928,   3.3,   0.6,   2.0, -36.0, 135.7,1031.0,  -0.2,   1.4
209956,   2.3,  -1.3,  -0.4,  45.3, -23.5,1008.5,   0.1,   1.5
209984,   0.6,   1.3,   1.1,  38.0,  -9.8,1021.5,   0.0,   1.5
210004,   0.5,   1.7,   2.3,  14.6,  51.7, 998.8,   0.2,   1.2
210028,  -0.3,   2.3,   3.5, -51.8, 100.8, 984.6,   0.7,   1.3
210056,  -0.4,   2.3,   3.7, -41.1, 134.0, 996.1,   1.4,   1.4
210080,   0.6,   1.5,   1.6, -39.1,  90.5,1003.7,   1.9,   1.5
210104,   0.8,   1.0,   1.7, -17.9,  68.5, 995.1,   2.1,   1.4
210128,   0.6,  -0.3,   1.6,  22.6,  58.8,1005.1,   2.3,   1.3
210156,   0.5,   1.1,   2.1, -23.3,  91.5, 995.8,   2.5,   1.2
210180,   0.4,   1.2,   2.8, -28.6, 112.5, 972.2,   2.8,   1.2
210204,   0.5,   1.1,   2.6, -33.8, 146.9,1009.3,   3.3,   1.3
210228,   1.2,  -1.1,   3.3,  -3.3, 146.9,1006.3,   3.7,   1.4
210256,   1.8,   0.3,   2.7, -45.0, 156.4, 989.5,   4.2,   1.4
210280,   1.1,  -0.4,   2.8, -43.8, 134.7, 987.0,   4.7,   1.4
210304,   1.0,   0.1,   2.6,  -6.7, 123.2, 986.1,   5.0,   1.3
210328,  -0.5,   0.9,   2.6, -24.0, 135.2, 996.6,   5.3,   1.2
210356,  -0.1,   0.3,   2.6,  15.3, 122.7, 986.1,   5.6,   1.2
210380,  -0.6,   3.4,   1.6, -22.3,  96.1, 991.7,   5.8,   1.1
210404,   0.6,  -0.1,   2.0, -13.3,  65.1, 969.7,   5.8,   1.1
210432,   1.9,   2.1,   2.3, -43.5, 116.6,1006.6,   5.9,   1.0
210456,   1.5,   0.3,   1.1,   2.1, 181.1, 987.3,   6.1,   1.0
210484,   1.4,   2.1,   1.7,-115.6, 139.3, 980.2,   6.3,   1.1
210504,   0.2,   1.0,   2.2, -19.6,  68.5,1017.3,   6.4,   1.1
210532,   0.8,   0.7,   1.9, -24.3, 112.5,1002.4,   6.2,   1.0
210556,   0.4,   0.7,   0.6,  34.6, 107.1, 998.3,   6.3,   0.9
210580,   0.5,  -1.0,   0.6, -36.7, 147.9, 977.5,   6.4,   1.0
210604,  -0.4,   0.8,   0.3,  35.6, 127.4,1026.1,   6.5,   0.8
210632,  -0.1,   2.9,   1.2, 146.6,  62.7, 963.9,   6.3,   0.3
210656,  -2.2,   2.9,   0.3, -36.0, 141.5, 962.4,   6.5,   0.4
210680,  -2.0,   4.2,   0.5,-174.4,  81.5,1066.4,   6.6,   0.7
210704,   2.0,  -3.2,   1.9, -36.7,  95.4,1022.4,   5.7,   1.1
210732,   2.4,   0.5,  -0.8,  49.0,  88.8, 963.4,   5.7,   0.7
210756,   0.4,  -1.3,  -1.2, -31.1, 163.8, 987.0,   5.8,   0.9
210780,  -1.2,  -0.2,  -1.0,   7.2,  99.3,1007.6,   5.7,   0.7
210804,  -2.5,  -0.4,  -1.3,  20.4,  13.1, 988.8,   5.5,   0.8
210832,  -2.6,  -0.7,  -1.5, -17.7,  37.3,1021.5,   5.0,   0.8
210856,  -2.6,   1.1,  -3.1, -12.0, -28.9, 988.8,   4.4,   0.7
210880,  -1.5,   0.8,  -3.9, -87.0,  -0.8, 996.3,   4.0,   0.5
210904,  -0.5,  -0.7,  -4.3,  -6.9,  13.4, 976.1,   3.8,   0.4
210932,  -0.4,  -1.6,  -4.7, -41.6,  63.2, 982.7,   3.6,   0.4
210956,   1.0,  -1.0,  -2.2, -49.6,  47.3, 994.9,   3.4,   0.5
210984,  -0.8,  -0.5,  -1.9,  74.6,   3.1,1042.7,   3.3,   0.4
211004,  -0.1,   0.2,  -0.3,  62.9,  51.9,1011.7,   3.1,   0.3
211032,  -1.1,   2.5,   2.0,  -3.3,   0.9,1049.8,   2.7,   0.3
211056,  -1.7,   2.1,   1.4,  19.2, -18.9, 993.6,   2.5,   0.3
211080,  -0.3,   2.8,   0.8, -96.3,  53.4, 998.0,   2.2,   0.7
211104,  -0.3,  -1.1,   1.2,  32.9, -44.7,1023.4,   1.6,   0.8
211132,  -1.3,   0.3,  -0.3,   9.9, -81.6,1024.6,   1.0,   0.9
211156,  -1.6,   0.8,  -0.9, -11.3,-105.0,1024.2,   0.4,   0.9
211180,  -0.6,  -1.2,  -1.3,  19.0, -42.3,1028.1,  -0.1,   0.9
211204,  -0.5,  -0.2,  -2.4,  -9.4,-106.8,1016.8,  -0.6,   0.9
211232,  -0.9,   2.0,  -2.7, -14.7, -92.1, 996.3,  -1.2,   1.0
211256,  -0.7,   0.1,  -1.3, -68.4, -72.1, 974.8,  -1.8,   1.1
211282,   1.2,  -1.0,  -2.0, -85.8, 113.7,1000.7,  -1.3,   1.3
211306,   3.0,  -1.2,  -3.0, -79.9,  42.2,1014.6,  -0.7,   1.3
211330,   0.6,  -1.6,  -3.9,  48.3,  -7.6,1004.9,  -0.6,   1.3
211358,  -0.7,   0.4,  -2.5,  54.8,  20.2, 985.3,  -0.6,   0.7
211382,  -1.6,   2.3,  -0.8,  13.8,  52.7, 995.6,  -0.4,   0.5
211406,  -0.2,   1.1,  -1.9, -36.0, 145.4, 996.3,   0.1,   0.7
211430,  -0.2,   1.2,  -2.2,  -0.3, 139.8, 996.6,   0.8,   0.8
211482,   0.4,  -0.7,  -2.8, -36.2,  66.6, 990.5,   1.3,   0.8
211486,   0.2,  -0.6,  -3.0, -17.7,  84.9, 987.3,   1.4,   0.8
211506,  -0.3,  -0.7,  -2.2,  15.8,  56.3, 993.2,   1.6,   0.7
211530,  -0.6,   0.6,  -2.4, -33.8,  69.3,1002.2,   1.9,   0.7
211558,  -0.0,   0.5,  -2.0, -32.3, 138.4, 984.1,   2.4,   0.8
211582,  -0.4,  -1.2,  -2.5, -23.3, 164.5, 985.6,   3.0,   0.9
211606,   0.6,  -1.1,  -2.8, -40.9, 134.9,1012.2,   3.5,   1.0
211630,  -0.4,  -0.9,  -2.7, -39.1, 122.7,1001.9,   4.0,   1.0
211658,  -0.5,  -0.7,  -1.7,  15.3, 120.8,1000.7,   4.5,   1.0
211682,  -1.4,  -0.1,  -3.0, -17.2, 156.2, 965.8,   4.9,   1.0
211706,  -2.8,  -0.1,  -2.6, -30.1, 161.8, 980.0,   5.3,   1.0
211730,  -2.8,  -1.2,  -2.2, -26.2, 142.8, 988.8,   5.7,   1.0
211758,  -3.7,   0.9,  -2.2, -50.4, 141.0, 950.7,   6.0,   1.0
211782,  -4.1,  -1.7,  -0.6, -33.8,  47.5,1032.2,   6.0,   1.1
211806,  -0.9,  -0.7,  -0.9,  -4.7,  71.2,1022.4,   5.8,   1.1
211830,  -0.6,   0.7,  -0.9, -43.5, 118.6, 976.6,   6.0,   1.1
211858,  -0.7,   0.8,  -0.7, -53.8, 100.8, 961.4,   6.2,   1.1
211882,  -1.2,   1.2,  -0.5,  34.1, 176.9, 944.6,   6.7,   1.0
211906,  -3.2,  -0.1,  -0.4,  27.3, 122.0,1046.1,   6.9,   1.0
211930,  -3.4,   3.1,   2.0,   0.2, 105.4,1006.3,   6.8,   0.8
211958,  -1.2,   1.2,   2.0, -35.5, 183.0,1014.6,   6.6,   0.9
211986,  -3.1,   1.0,   2.3,   8.7,  67.1, 977.5,   6.6,   0.9
212006,  -2.3,   1.3,   2.5,  14.3, 151.1, 912.6,   6.6,   1.0
212030,  -3.4,   3.2,   2.2,-199.8,  31.9,1027.3,   6.5,   1.3
212058,  -1.9,  -3.5,   4.4, 142.7, 106.4, 878.2,   5.9,   1.2
212082,  -2.5,   2.0,   3.1,-114.3,  56.8,1048.1,   5.7,   1.0
212106,  -1.0,   1.4,   4.1, -64.8,  64.6, 988.5,   5.4,   1.2
212130,  -1.2,   2.7,   4.8,-152.9,  69.0,1039.8,   5.2,   1.3
212158,  -1.7,  -1.4,   5.4,  69.5,  50.7, 947.5,   5.0,   1.5
212182,  -2.1,  -1.7,   4.8, -89.2,  32.4,1047.8,   4.8,   1.7
212206,  -1.1,  -3.7,   4.8,   7.2, -66.0, 952.1,   4.0,   1.5
212230,  -3.7,   0.1,   4.7,   9.7,  22.9, 872.1,   3.5,   1.2
212258,  -1.3,   3.7,   4.5,  89.5,  81.7, 941.2,   3.1,   0.3
212282,  -2.3,   4.1,   3.7,-291.3, 148.4, 969.5,   3.5,   1.0
212306,  -0.8,  -2.6,   3.6,  42.2,-119.9,1170.4,   2.9,   1.2
212330,   0.5,   2.2,   1.4, -17.9,  37.3, 939.0,   2.6,   1.0
212358,  -0.3,  -0.1,   3.3, -28.2,  26.3, 963.1,   2.6,   0.9
212382,  -2.6,   0.4,   3.9, -29.4,  30.2, 975.3,   2.4,   0.8
212406,  -2.8,  -0.4,   3.8,  52.7,  36.8,1025.4,   2.1,   0.9
212434,  -2.8,   1.8,   3.3, -41.1,  41.7,1024.4,   1.8,   0.9
212458,  -1.7,  -0.1,   3.1, -31.6, -17.2,1007.6,   1.4,   0.9
212486,  -2.1,   0.9,   3.7,  -1.8,  17.5, 977.8,   1.2,   0.9
212506,  -1.4,   0.8,   3.3,  20.2, -60.4,1020.0,   0.8,   0.8
212534,  -2.6,   2.2,   3.1, -10.8, -40.8, 986.8,   0.6,   0.9
212558,  -1.9,   1.5,   4.1, -88.7,  -0.3,1016.1,   0.1,   1.1
212582,  -1.7,   1.2,   4.6,   7.0, -63.8, 988.8,  -0.3,   1.1
212606,  -1.8,   1.0,   4.8,  34.3, -48.2,1003.9,  -0.6,   1.1
212634,  -1.1,   1.1,   4.6,  12.6, -18.1, 984.4,  -1.1,   1.1
212658,  -1.2,   2.0,   3.5, -38.4, -13.2,1009.0,  -1.4,   1.1
212682,  -0.2,   0.3,   1.4, -61.4,  14.8,1004.6,  -1.3,   1.2
212706,   0.8,  -1.7,   0.1,   2.1,  79.3,1020.5,  -0.8,   1.2
212734,  -1.0,  -1.0,   1.4,   7.0,   0.7,1008.5,  -0.8,   1.0
212758,  -2.0,   0.7,   2.4, -42.8,  49.7, 996.6,  -0.7,   0.9
212782,  -2.5,   0.6,   2.5,   3.8,  -4.0, 987.3,  -0.6,   0.8
212806,  -0.7,   0.5,   1.8, -47.9,  44.4,1020.0,  -0.4,   0.9
212834,  -0.3,   0.4,   0.9,  12.1,  34.6,1007.3,  -0.1,   0.8
212858,  -1.5,   2.3,   0.1, -38.4,  19.0,1001.7,   0.0,   0.8
212884,  -0.6,  -1.3,   0.2,  43.6,   1.6,1005.1,   0.1,   0.6
212908,  -2.5,   0.2,  -0.3, -21.6,  45.8, 988.8,   0.3,   0.6
212932,  -1.6,  -0.8,  -0.5,   6.0,  38.3, 974.4,   0.4,   0.6
212956,  -1.7,   0.2,  -1.2, -31.8, 120.1, 994.4,   0.8,   0.5
212984,  -1.7,  -0.5,  -0.8,  25.3,  56.6, 973.4,   0.8,   0.4
213008,  -2.3,   3.2,  -0.2,  81.7,  20.4,1106.2,   1.2,   0.1
213032,  -1.5,   2.0,  -0.5,-127.8, -10.6,1035.6,   1.2,   0.4
213056,   1.1,  -1.8,   0.3,   1.9,  38.0, 980.7,   1.2,   0.6
213084,   0.2,   1.5,  -2.3, -52.6, 142.0, 978.5,   2.0,   0.5
213108,  -1.2,  -0.3,  -1.4,   6.3,  84.2, 905.0,   2.3,   0.5
213132,  -2.5,  -0.9,  -1.5, -35.2,  58.5, 985.6,   2.5,   0.4
213156,  -2.3,  -0.2,  -0.8,  67.1,  44.4,1065.2,   2.5,   0.3
213184,  -2.0,   1.4,  -0.5,  -7.2, 160.6,1004.4,   2.6,   0.5
213208,  -1.8,  -0.3,  -0.6,   3.3,  58.0,1010.7,   2.5,   0.4
213232,  -1.7,   0.3,   0.1,  -6.7, 103.0, 992.9,   2.6,   0.5
213256,  -2.5,  -1.0,   0.3, -10.8, 121.0, 878.9,   2.6,   0.6
213284,  -1.4,   0.2,   0.3, -82.8, 100.5, 903.1,   2.3,   0.4
213308,  -2.5,   0.6,   1.0,  16.3, -21.1, 977.3,   2.1,   0.5
213332,  -2.0,   0.6,   1.1,  66.3,  -4.5, 956.8,   1.8,   0.3
213356,  -2.0,   1.4,  -0.3, -49.6,  30.7, 976.1,   1.7,   0.4
213384,  -2.0,   1.7,  -0.1, -27.9, -58.9,1040.5,   1.4,   0.3
213408,  -1.5,   1.0,   0.8, -56.0,  -0.8, 991.0,   1.2,   0.3
213432,  -0.3,   1.7,   0.5, -42.1, -11.8,1022.7,   1.0,   0.3
213484,   1.3,  -0.7,   1.0,  -2.5,  30.2,1064.9,   1.0,   0.4
213488,   1.9,   0.0,   0.2, -19.1,  48.8, 970.2,   1.1,   0.4
213508,   1.5,   0.5,  -0.4, -14.0, -12.0, 948.5,   0.9,   0.4
213532,  -0.3,  -1.5,  -2.0,  17.7, 111.8,1003.2,   1.2,   0.4
213560,  -3.5,  -0.1,  -2.1,  86.3,  24.8, 907.9,   1.5,   0.1
213584,  -2.9,   0.2,   2.4,  62.2, -74.8,1117.4,   1.0,   0.1
213608,   0.9,   1.7,   2.3, -20.3, -81.1,1113.8,   0.2,   0.0
213632,   2.1,   0.0,   0.0, -86.5,  -0.1, 986.1,   0.3,   0.3
213660,   2.8,  -0.5,  -0.7, -22.1,  21.2,1029.3,   0.6,   0.3
213684,   1.9,  -0.1,   0.2, -76.0, -31.6, 955.6,   0.6,   0.4
213708,  -0.3,   0.8,   2.5,  48.0, -66.0,1019.3,   0.5,   0.3
213732,  -1.8,   1.2,   3.6, -53.6, -78.4, 979.5,   0.3,   0.3
213760,  -1.0,  -0.8,   2.7,  89.0, -32.0,1021.0,   0.1,   0.3
213784,  -0.0,   3.1,   2.2, -44.5, -41.8,1056.9,  -0.1,   0.4
213808,   1.5,   1.2,   1.4,  29.9,  -0.3,1001.0,  -0.3,   0.3
213832,   0.8,   1.2,   2.3, -25.5,  13.6, 938.7,  -0.3,   0.4
213860,  -0.2,   1.1,   4.2, -30.8, -40.1, 980.5,  -0.5,   0.6
213884,   0.2,  -0.6,   4.6, -31.8, -58.9,1026.4,  -0.8,   0.6
213908,   1.2,  -2.4,   1.2,  76.6, -68.9,1025.6,  -1.1,   0.5
213932,   2.2,  -0.2,  -2.4, -46.7,  -5.9,1032.7,  -1.1,   0.4
213960,   2.1,   0.1,  -1.8, -62.8,  72.9,1014.4,  -0.5,   0.3
213988,   0.2,   0.7,   3.7,  48.0,  32.6,1004.4,  -0.5,   0.2
214008,  -0.1,   1.1,   3.7,  21.4,  -0.8,1005.6,  -0.4,   0.3
214032,  -0.4,  -1.0,   3.3,  31.2,  -4.9, 988.3,  -0.3,   0.4
214060,  -0.3,  -0.8,   2.4,  81.5,  32.6,1001.2,  -0.2,   0.2
214084,  -0.2,   0.1,   1.2,  80.5,  30.0, 986.3,   0.1,   0.1
214108,  -0.8,   0.8,   1.0, -44.3, 100.8, 973.6,   0.5,   0.1
214132,  -2.8,  -0.4,   0.6, -55.7, -19.8, 969.5,   0.7,   0.2
214160,  -4.2,   1.7,   1.1,  30.9,  36.1, 947.0,   1.0,  -0.0
214184,  -2.6,   2.8,   3.1, -42.1,  51.7,1048.6,   1.1,  -0.1
214208,  -0.1,   1.7,   3.4, -49.9, -14.0,1156.7,   0.8,   0.2
214232,   0.8,   0.4,   2.8, -54.5,  66.1,1069.1,   1.0,   0.4
214260,   1.5,  -0.1,   2.0,  32.4, 114.9, 980.0,   1.2,   0.4
214284,  -1.9,   1.0,   2.3,  32.6, -76.5, 859.9,   1.4,   0.4
214308,  -2.1,   0.2,   3.1, -46.5,  47.1, 974.8,   1.3,   0.5
214332,  -1.5,   1.0,   3.1, -36.0,  41.2, 995.1,   1.4,   0.4
214360,  -3.0,  -1.0,   2.2,  51.7,  -2.3, 993.9,   1.4,   0.4
214384,  -2.1,  -0.6,   3.4,  22.9, -10.1,1030.5,   1.2,   0.4
214408,  -1.4,   0.7,   3.1,  66.6, -24.7,1047.4,   1.0,   0.3
214436,  -1.0,   1.2,   2.7, -28.4,  23.1, 994.4,   0.9,   0.4
214460,  -1.5,   2.7,   3.3, -52.1, -11.8,1004.1,   0.7,   0.5
214491,   0.8,   2.0,   3.5, -23.0,  18.0, 979.0,   0.7,   0.5
214511,   1.3,   0.8,   2.9, -36.5, -28.1, 852.5,   0.7,   0.6
214535,   0.1,  -0.4,   2.9, 166.2,  63.7,1009.5,   1.2,   0.4
214559,  -1.0,   1.6,   3.1,  21.6, -26.9, 970.4,   1.1,   0.3
214583,  -1.7,  -0.7,   3.9, -20.8, 119.1, 987.0,   1.0,   0.5
214611,  -2.0,   0.6,   2.7, -90.9, -70.9, 963.4,   0.6,   0.5
214635,  -2.2,   0.5,   1.6,-147.1,  10.4, 982.4,   0.7,   0.7
214659,  -2.9,  -0.7,   1.0, 147.1,  42.9,1037.6,   0.7,   0.2
214683,  -4.0,   2.0,   5.0, -16.2,-114.6,1070.8,   0.1,   0.2
214711,   0.5,   3.5,   5.7, -90.2, 152.8, 976.6,  -0.7,   0.3
214735,   1.1,   0.8,   2.7, -67.5,  73.4, 971.2,  -0.1,   0.6
214759,   1.8,   0.2,   0.8,-108.0,  39.2, 996.8,  -0.0,   0.8
214783,   0.5,   0.2,   2.2, -54.3,   7.0, 992.2,  -0.1,   0.9
214811,  -3.3,  -0.2,   3.6,  88.5, -94.5, 988.8,  -0.7,   0.5
214835,  -3.0,   1.9,   2.4, -19.1,  80.7,1012.2,  -0.9,   0.2
214859,  -2.6,   0.3,   1.4, -21.6, -94.1,1107.2,  -0.9,   0.3
214883,  -0.7,  -0.7,   1.5,  74.1, -85.0,1050.0,  -1.0,   0.3
214911,   0.5,   0.6,   1.6, -72.6, -11.5, 941.9,  -1.1,   0.3
214935,  -0.4,   1.2,   2.9,  65.8, -52.1, 980.5,  -1.1,   0.1
214959,  -1.1,   0.8,   3.5, -21.1, -62.6, 973.6,  -1.0,   0.2
214987,  -0.6,   3.5,   4.1,-123.6, -41.1, 971.9,  -1.1,   0.4
215011,  -0.7,   0.7,   4.4,  -4.5, -15.0,1013.2,  -1.1,   0.3
215035,  -0.1,   0.8,   3.0,  11.6,   7.7,1009.5,  -1.3,   0.2
215059,   0.7,   0.1,   3.1,  91.7,  14.8,1002.9,  -1.3,   0.2
215083,  -0.6,   0.7,   3.7,  -5.0, -14.2, 991.2,  -1.4,   0.2
215111,   0.4,   1.9,   4.2, -48.4,  41.2,1012.2,  -1.3,   0.3
215135,   0.2,   0.1,   4.4, -31.6, -27.7, 989.5,  -1.4,   0.3
215159,  -0.3,   1.8,   4.2,  50.2,  48.5, 977.3,  -1.2,   0.4
215183,  -1.5,   2.7,   5.3,  29.7, -66.2,1194.6,  -1.0,   0.2
215211,  -1.3,   0.8,   6.1,   4.1,-155.8,1139.1,  -1.6,   0.6
215235,   1.9,  -0.5,   4.4,  29.2,  -6.2, 986.1,  -1.6,   0.5
215259,   0.7,   1.5,   2.6, -78.2, -23.0, 946.5,  -1.4,   0.5
215283,   0.3,  -2.0,   3.0,  42.2,  31.7, 978.3,  -1.0,   0.5
215311,  -1.5,   1.8,   5.3,  70.5, -50.8,1063.5,  -1.0,   0.1
215335,  -2.1,   3.4,   5.8, -26.5, -36.0, 997.8,  -1.1,   0.1
215359,  -0.3,   1.2,   5.9, -20.8, -48.6,1066.4,  -1.1,   0.3
215383,   1.3,   0.4,   5.7,  17.5, -34.2,1007.3,  -1.1,   0.5
215411,   1.3,  -0.3,   4.2, 124.9, -70.6,1076.9,  -1.3,   0.2
215435,  -0.4,   0.8,   0.4,  -9.1, -22.0, 972.4,  -1.5,   0.2
215459,   0.4,  -1.6,   1.2, 165.7, -36.2, 988.8,  -1.4,  -0.0
215487,   0.3,   1.4,   1.7,-140.2,  92.7, 990.0,  -1.3,   0.1
215511,  -0.0,  -0.1,   3.6,  19.9,   4.1,1001.5,  -0.8,   0.2
215535,  -0.7,   1.0,   3.6, -64.3, -15.2, 979.7,  -0.8,   0.3
215559,   0.3,   1.4,   3.6, -12.3, -29.4,1022.0,  -0.9,   0.3
215587,  -1.4,   0.6,   2.0,  57.5,  47.1, 975.6,  -0.3,   0.2
215611,  -0.2,   0.1,   2.3, -23.8,  18.2,1013.4,  -0.3,   0.1
215635,   1.1,  -0.3,   0.8, -33.5, -56.5,1038.1,  -0.3,   0.0
215659,   0.5,   0.6,   0.4,-128.0,  32.4, 980.5,  -0.3,   0.2
215687,   1.5,   1.5,  -0.9,  54.1,  77.8,1017.6,  -0.2,  -0.1
215711,   0.1,   1.8,  -0.7, -88.7,  42.7, 966.8,   0.2,   0.1
215735,  -1.5,  -0.2,  -0.6, -38.7,  47.1, 973.4,   0.6,   0.0
215759,  -2.3,  -0.5,   1.5, -15.5,-172.4,1108.1,   0.4,   0.2
215787,   3.3,  -1.9,   0.0,  84.4, 131.0, 958.0,  -0.3,   0.2
215811,   2.0,  -1.0,  -2.4, 106.4,  50.2, 980.9,   0.1,  -0.1
215835,   1.8,   0.8,  -1.7, -59.9,  73.2, 996.6,   0.2,  -0.1
215859,  -0.4,  -2.0,  -3.1, 174.7,  14.6, 989.2,   0.3,  -0.3
215887,  -1.0,   2.5,  -2.0,-105.3, -34.7,1016.6,  -0.0,  -0.5
215911,  -0.3,  -2.0,  -1.4, 115.6,  28.5, 964.3,   0.2,  -0.4
215935,   0.3,   1.8,  -1.8, -43.8,  24.3,1033.7,   0.2,  -0.3
215959,  -0.4,  -0.4,  -0.1,  16.0,  -1.3, 967.0,   0.2,  -0.1
215987,  -0.2,  -0.2,   0.5, -99.4,   7.3, 988.5,   0.2,   0.0
216011,  -0.6,  -1.0,  -0.2, -11.8,  51.2,1037.8,   0.2,  -0.2
216035,   0.4,  -3.3,  -0.5,   3.6,  -4.5, 973.9,   0.2,  -0.2
216059,   0.1,   0.3,  -2.1,  -1.3,  -4.7,1087.6,   0.1,  -0.4
216085,  -0.0,   0.4,  -2.4, -36.5, -20.3,1104.0,   0.2,  -0.3
216109,  -1.1,   0.1,  -0.6, -94.8, -55.5,1031.2,   0.1,  -0.2
216137,   0.6,  -0.2,  -2.4,  63.9, -11.8,1006.3,  -0.1,  -0.4
216161,   1.4,  -2.0,  -1.3,  57.3,  -7.9, 929.7,  -0.1,  -0.3
216185,   0.9,  -1.2,  -3.7,  44.3, -50.1,1002.2,  -0.2,  -0.4
216209,   0.9,  -2.2,  -3.3, 130.0, -41.6, 965.6,   0.2,  -0.3
216237,  -1.5,   1.8,  -1.8,-101.4, 106.1, 935.0,   0.5,  -0.5
216261,  -3.2,   0.1,   1.2, -88.7,-124.3,1119.6,   0.6,  -0.3
216285,   1.3,  -3.3,   2.4,  95.1,-111.9,1059.8,  -0.4,  -0.2
216309,   1.0,   1.2,  -1.1,   2.6,  58.3,1008.0,  -0.0,  -0.2
216337,   0.2,  -0.4,   0.2, 234.5, -52.6,1049.5,   0.1,  -0.6
216361,   1.6,   5.0,   1.9, -81.4, -20.3, 915.0,  -0.2,  -0.8
216385,  -0.6,  -1.0,   2.4, 102.9,  38.3, 964.8,   0.2,  -0.3
216413,  -1.1,   1.0,   2.3, -52.3,   1.9,1031.5,   0.0,  -0.1
216437,  -1.5,   2.6,   2.7,-144.6, -21.5, 992.7,  -0.3,   0.0
216461,  -1.2,   1.8,   2.0,  -2.5, -78.2,1008.8,  -0.9,  -0.1
216489,  -1.0,   0.4,   0.0,  56.1,-145.3, 998.0,  -1.1,  -0.2
216513,  -1.2,   1.1,  -1.0, -51.4, -25.2,1004.9,  -1.4,   0.0
216537,   0.4,  -1.2,  -0.6,  22.9, -23.3, 999.3,  -1.5,   0.1
216561,   0.8,  -0.6,  -0.0,   8.0, -25.5,1005.6,  -1.5,   0.1
216585,  -1.0,   0.7,  -0.2,  -6.4, -46.7,1014.4,  -1.5,   0.2
216613,  -1.1,   2.0,   0.0, -12.8, -49.4,1026.6,  -1.9,  -0.0
216637,  -0.8,   0.0,  -1.2,  66.1, -71.4,1023.7,  -2.3,  -0.3
216661,  -0.4,  -0.5,  -4.9,   6.8, -54.0, 960.7,  -2.5,  -0.5
216685,   0.1,   0.1,  -5.9,   8.0, -24.7, 957.0,  -2.5,  -0.5
216713,   0.2,  -0.8,  -5.6,  39.7, -41.3,1018.5,  -2.7,  -0.4
216737,  -1.5,  -0.2,  -4.7, -85.8,  22.4, 998.8,  -2.4,  -0.3
216761,  -1.0,  -1.8,  -3.9,  78.5, -37.9, 992.2,  -2.2,  -0.5
216785,  -0.9,   0.0,  -5.9, -22.5, -38.9,1013.4,  -2.2,  -0.3
216813,  -1.7,   1.2,  -9.9,  86.8, -95.0,1006.6,  -2.5,  -0.7
216837,  -2.9,   0.6,  -9.9,  53.4,  25.8, 974.6,  -2.5,  -1.1
216861,  -4.0,   0.6, -10.4,   5.0,  -6.4, 972.4,  -2.4,  -1.2
216885,  -2.5,  -2.6, -10.0,  51.9, -51.8,1023.7,  -2.5,  -1.0
216913,  -1.0,  -4.0, -10.8,  49.2, -98.0,1036.4,  -3.0,  -0.9
216937,  -1.7,   0.9, -10.3,  67.5, -82.3,1044.2,  -3.2,  -1.2
216961,  -0.1,   1.0, -10.3,  17.2,   2.9, 996.1,  -3.2,  -1.3
216989,   0.7,  -0.2, -10.7,  17.2,  -0.6, 973.9,  -3.2,  -1.3
217013,   0.4,   0.6, -11.1, -47.2,  29.2, 968.5,  -2.9,  -1.1
217037,  -0.7,  -0.4, -10.2,  21.9,  55.1,1030.8,  -2.4,  -1.0
217061,   0.1,  -0.1,  -8.7, -39.9, -45.2,1010.7,  -2.3,  -0.9
217085,  -0.7,  -0.8,  -8.8, -48.9, -36.2,1003.4,  -2.3,  -0.8
217113,  -0.9,  -0.6,  -7.4,   4.1,  18.2,1001.5,  -1.9,  -0.6
217137,  -0.6,  -0.1,  -6.1, -25.5,  -5.2,1011.2,  -1.7,  -0.4
217161,  -0.1,  -0.3,  -4.7, -36.7,  15.1,1004.1,  -1.4,  -0.0
217185,  -0.1,  -0.2,  -4.6, -41.8,  17.8,1010.5,  -1.2,   0.1
217213,  -0.3,  -0.1,  -3.6,  64.9, -25.5,1004.4,  -1.2,   0.1
217237,  -1.1,  -0.5,  -4.4,   7.0,  -1.3, 999.7,  -1.2,   0.1
217261,  -0.4,  -0.8,  -3.7,   9.4,  -7.9,1011.7,  -1.1,   0.2
217285,  -1.0,  -0.1,  -4.4,  -8.1, -26.7, 996.6,  -1.0,   0.1
217313,  -1.5,   0.9,  -4.4,  28.0,  -3.2, 985.8,  -1.1,   0.0
217337,  -1.0,   1.4,  -3.8,  -6.7, -12.5,1006.8,  -1.3,   0.1
217361,  -0.6,   0.5,  -3.2, -27.4, -21.5, 994.6,  -1.2,   0.1
217385,  -0.3,  -1.3,  -3.1,  19.7, -20.1,1009.5,  -1.2,   0.1
217413,   0.5,  -1.0,  -3.0,  -9.6,  -2.3,1016.8,  -1.2,   0.1
217437,   0.3,  -1.2,  -3.6,   8.9, -25.7, 988.0,  -1.1,   0.1
217461,  -0.7,   0.3,  -1.9,  17.2, -24.0,1014.4,  -1.1,   0.1
217489,  -0.8,   1.5,  -2.0, -31.1, -20.6,1007.3,  -1.1,   0.2
217513,  -0.7,   0.3,  -1.4, -27.4, -16.4,1013.7,  -1.0,   0.2
217537,  -0.9,   1.1,  -0.8, -34.0, -30.8,1044.7,  -1.1,   0.3
217561,  -0.8,   1.5,  -1.0,  23.1, -17.2, 993.9,  -1.1,   0.3
217589,  -0.6,   1.6,  -0.1, -42.8, -25.2, 992.2,  -1.1,   0.3
217613,  -0.7,   0.7,   1.1, -19.6, -24.5, 992.9,  -1.2,   0.4
217637,  -0.6,   1.2,   0.9,   0.4, -35.7, 993.9,  -1.3,   0.4
217661,  -0.0,   0.6,   1.5, -18.9, -18.1, 984.9,  -1.4,   0.4
217687,   0.1,  -0.8,  -1.3,  31.2, -47.2, 998.0,  -1.4,   0.3
217711,   0.2,  -2.2,  -1.3,  55.3,  58.5,1017.8,  -1.2,   0.1
217739,  -0.4,  -0.4,  -2.2, -51.4,  -7.6, 974.4,  -1.3,   0.2
217763,  -2.0,  -0.3,  -1.8,  33.4,  -3.0,1018.5,  -1.1,   0.2
217787,  -2.0,   1.7,   0.3,   0.4, -33.3,1020.0,  -1.1,   0.2
217811,  -2.2,   2.4,   1.4,  -5.5, -43.3,1000.7,  -1.1,   0.2
217839,  -1.5,   0.9,   4.0, -49.4, -58.7,1017.6,  -1.4,   0.3
217863,  -2.1,   1.2,   2.6, -40.9,-122.9,1018.1,  -1.8,   0.3
217887,  -0.3,   0.8,   1.9,  28.5, -92.8,1007.1,  -2.3,   0.1
217911,  -0.1,   2.1,   0.3,  45.6,-103.3,1005.6,  -2.7,  -0.0
217939,   0.5,   2.3,   0.5, -22.5, -67.7,1001.7,  -3.0,   0.1
217963,  -0.0,  -0.1,  -0.2,  15.1, -97.2,1003.2,  -3.1,  -0.1
217991,   0.2,   0.3,  -0.6, -25.0, -71.1,1004.1,  -3.2,  -0.1
218011,   0.2,   0.9,   0.1, -11.6, -69.6, 995.8,  -3.3,  -0.1
218039,  -0.3,   0.6,   0.1,  19.9, -51.6,1001.2,  -3.4,  -0.2
218063,   0.3,   0.1,  -0.2, -13.0, -59.4, 980.5,  -3.4,  -0.2
218087,  -0.7,  -0.8,   0.0,   0.6, -43.3,1003.4,  -3.5,  -0.2
218111,  -0.6,   0.7,  -0.5,   6.8, -36.9,1001.5,  -3.4,  -0.2
218139,   0.1,   0.7,  -0.3, -12.0, -41.8,1017.1,  -3.3,  -0.1
218163,  -0.5,   0.1,   1.1, -26.9, -24.7,1016.1,  -3.1,   0.1
218187,   0.2,   0.5,   1.9, -20.8, -27.2,1003.4,  -2.9,   0.2
218211,  -0.5,   1.2,   3.7,  18.7, -10.6,1012.9,  -2.7,   0.3
218239,   0.8,   1.2,   5.6, -33.3,  11.4, 992.9,  -2.4,   0.5
218263,   0.5,   0.5,   6.0, -37.4,  25.6,1014.1,  -2.1,   0.6
218287,   0.8,   0.5,   8.0, -21.6,  -5.9,1008.0,  -1.8,   0.8
218311,   0.1,   0.1,   8.9, -43.3, -18.6, 998.5,  -1.8,   0.9
218339,  -0.3,   1.2,   8.4,  10.9, -28.1,1002.9,  -1.8,   0.9
218363,   0.2,   1.0,  10.1, -14.5,  -2.8,1001.5,  -1.5,   0.9
218387,   0.5,   1.2,  10.2, -29.9,  13.6, 992.4,  -1.3,   1.0
218411,   1.5,  -0.3,  10.2, -40.9,  -2.0,1022.4,  -1.1,   1.0
218439,   1.9,  -1.0,  10.9,   3.8,  17.8,1017.3,  -0.8,   1.1
218463,   1.2,   1.2,  11.8, -18.6,  17.5, 977.5,  -0.5,   1.1
218491,   0.3,   1.2,  13.3, -38.2,  18.2, 997.1,  -0.5,   1.2
218515,   1.9,   1.2,  14.2, -37.9,  34.4,1012.7,  -0.1,   1.3
218539,   1.6,   1.0,  15.2, -38.2,  31.9, 999.7,   0.2,   1.3
218563,   2.0,   1.3,  17.1,  20.4,  32.9, 977.3,   0.5,   1.3
218587,   1.6,   1.0,  17.6, -20.3,  40.2, 984.6,   0.7,   1.3
218615,   1.2,   2.2,  18.8, -32.6,  45.3, 971.7,   1.0,   1.4
218639,   0.8,   2.0,  19.7, -34.0,  24.6,1012.2,   1.2,   1.4
218663,   1.2,   2.3,  21.8, -23.3,  48.3, 998.8,   1.4,   1.5
218687,   1.3,   1.8,  23.7, -27.2,  42.2,1013.4,   1.5,   1.5
218715,   2.1,   2.3,  25.4, -81.9,  17.8, 974.1,   1.6,   1.6
218739,   1.8,   2.2,  26.5, -56.5,  26.8, 998.8,   1.6,   1.7
218763,   0.2,   2.1,  26.6,  50.2,  45.6,1018.5,   1.6,   1.5
218787,   0.6,   2.9,  27.1, -45.3,  15.3, 975.3,   1.5,   1.5
218815,   0.9,   2.5,  27.5,  38.0, -33.8, 995.3,   1.3,   1.3
218839,   1.1,   3.2,  27.4, -35.2, -36.9,1009.5,   1.2,   1.4
218863,   2.2,   1.7,  28.2,  39.2,  14.1, 999.3,   1.1,   1.5
218887,   2.9,   3.6,  28.2, -68.7, -12.5, 932.8,   1.0,   1.5
218915,   2.3,   2.5,  28.7, -59.4,   7.0, 970.0,   1.0,   1.6
218939,   2.2,   2.5,  30.4,-113.6, -29.1,1013.9,   0.9,   1.7
218963,   1.6,   3.1,  29.9,  44.3,  -2.0,1013.2,   0.8,   1.5
218991,   1.7,   1.0,  30.5,  -2.8,  -4.5, 989.2,   0.9,   1.5
219015,   2.2,   2.9,  30.5,  62.4,   3.1,1012.7,   0.8,   1.3
219039,   2.0,   3.2,  31.9,  22.9,  23.6, 967.3,   0.7,   1.5
219063,   1.5,   2.7,  32.6, -83.8, -23.5, 979.5,   0.6,   1.6
219087,   1.5,   1.8,  34.1,  33.4,  -5.4, 971.4,   0.6,   1.8
219115,   3.1,   3.8,  35.2,-248.4, -31.3,1000.7,   0.4,   1.9
219139,   3.3,  -0.1,  36.2,  37.5, -47.9,1066.2,   0.4,   1.8
219163,   3.3,   3.3,  37.3,  44.3,   6.3,1033.2,   0.3,   1.6
219187,   2.3,   2.1,  37.3, -21.1,  -4.9, 971.2,   0.4,   1.6
219215,   2.5,   3.5,  37.6,  95.9,  25.1, 982.7,   0.5,   1.4
219239,   0.4,   5.4,  39.2,   3.8,  97.3, 946.5,   0.7,   1.5
219263,   2.8,  -1.7,  44.8, 327.3,-213.4,1229.5,   0.4,   1.9
219289,   4.6,   7.6,  43.2,-160.2,  -0.1, 916.2,   0.4,   2.1
219313,   5.7,   4.2,  44.5,  55.3,   4.6,1000.5,   0.7,   2.1
219337,   3.3,   6.2,  44.9,-351.2, -46.7, 893.8,   0.7,   2.8
219365,   1.9,   2.6,  48.8,  59.5,  41.0, 944.1,   0.8,   2.9
219389,   2.1,   3.7,  49.0,  41.9, -48.6,1097.6,   0.5,   2.8
219413,   2.2,   7.3,  47.9,-317.0,-152.2,1043.9,   0.4,   3.1
219441,   3.3,   2.9,  49.7,   8.2,  44.9,1050.0,   0.5,   3.0
219465,   2.3,   2.5,  51.3,  12.6,  -5.9, 928.7,   0.6,   3.1
219493,   1.5,   4.9,  53.2,-175.1, -77.7,1089.8,   0.5,   3.4
219513,   3.3,   8.9,  51.9,-284.8, -97.5, 941.2,   0.1,   3.1
219541,   3.7,  -0.4,  49.2, 206.7,-133.1,1103.5,  -0.3,   2.6
219565,   3.7,   7.1,  46.7,-239.6, -81.4, 966.8,  -0.4,   2.6
219589,   3.3,   2.8,  48.4,  27.0,   8.5,1057.4,  -0.3,   2.8
219613,   3.1,   6.6,  49.7,-193.9,  39.7,1009.0,  -0.3,   3.3
219641,   3.1,   1.2,  52.1, 342.4, -11.5,1034.4,  -0.5,   3.1
219665,   0.4,   6.9,  50.6,-200.8,  94.9, 933.3,  -0.4,   3.0
219689,   0.6,  -4.1,  56.5, -18.9,-642.4,1271.0,  -1.0,   3.6
219713,   4.0,   4.6,  50.1, 246.7,-135.6,1030.8,  -1.6,   2.3
219741,   4.6,   2.9,  46.7,  60.5,-164.6, 935.5,  -1.8,   1.9
219765,   3.5,   5.0,  45.4, -33.0, -31.1,1088.1,  -2.0,   1.9
219789,   2.6,   5.6,  45.4,-130.2, -22.3,1040.5,  -1.7,   2.1
219813,   2.8,   5.0,  46.5,-236.7,  -8.1,1003.4,  -1.2,   2.2
219841,   2.6,   4.3,  48.1,  -9.4, -55.2,1032.2,  -1.4,   2.3
219865,   1.9,   4.1,  50.8,-109.7,   0.2,1031.2,  -1.2,   2.8
219889,   1.6,   1.4,  53.2, 131.3, -68.2,1115.7,  -1.0,   2.8
219913,   1.9,   4.8,  51.9, -37.4, -88.0, 984.9,  -1.1,   2.5
219941,   1.6,   5.1,  50.3, -14.2, -33.3,1023.7,  -1.3,   2.1
219965,   1.7,   6.7,  49.3, -99.4,  16.0,1025.1,  -1.2,   2.3
219993,   3.5,  -0.9,  51.7, 191.6,  -2.0,1006.3,  -1.2,   1.9
220013,   1.6,   0.7,  50.8, 115.4, -98.7,1082.5,  -1.2,   2.1
220041,   1.8,   4.9,  48.1, -54.0, -71.1,1030.3,  -1.2,   1.9
220065,   3.6,   2.5,  49.6,  27.7,  55.8, 966.1,  -1.1,   2.2
220089,   4.8,  11.1,  49.6,-363.4,  52.7, 911.6,  -1.1,   2.4
220113,   4.3,   3.4,  51.1,  41.7,   2.9,1024.9,  -1.1,   2.4
220141,   4.5,   5.3,  50.6,-119.0, -37.2, 971.4,  -1.2,   2.4
220165,   5.4,   3.4,  50.7,  12.4,  63.2, 954.8,  -1.1,   2.2
220189,   3.5,   2.9,  49.6, 126.9, -63.3,1080.3,  -1.0,   2.1
220213,   3.2,   7.9,  49.6, -18.2, -51.1, 972.9,  -1.2,   2.1
220241,   3.7,   6.6,  49.2,-240.3, -10.8, 970.4,  -1.3,   2.3
220265,   2.3,   2.4,  48.6, 135.2, -35.7, 982.9,  -1.2,   2.1
220289,   2.2,   7.8,  49.3,-126.8, 159.8, 998.5,  -0.8,   2.3
220313,  -0.4,   6.8,  48.9,-146.6,-115.1,1192.6,  -0.6,   2.5
220341,   2.8,   3.1,  51.4, -36.9, -16.2,1002.9,  -1.2,   2.9
220365,   4.5,   3.1,  50.9, -70.9, 112.2,1003.7,  -1.5,   2.7
220389,   3.7,   0.6,  49.9, 230.6, -42.8, 988.0,  -1.5,   2.5
220413,   1.9,   1.6,  50.6, -46.2,-119.2, 991.7,  -1.5,   2.9
220441,   1.9,   3.4,  48.7, 198.9,-135.1,1018.3,  -1.8,   2.4
220465,   1.5,   6.6,  45.3,-133.6,-135.3, 909.4,  -2.1,   2.1
220493,   3.2,   4.2,  44.0, -28.9,   5.3, 928.9,  -2.1,   2.1
220517,   0.6,   4.5,  45.0,  -6.9, -62.1, 974.4,  -2.0,   2.4
220541,  -0.4,   7.0,  46.5,-198.8, -85.5,1023.7,  -1.8,   2.9
220565,   0.8,   0.9,  51.2,   3.1,-199.3,1215.1,  -2.2,   3.1
220589,   4.3,   4.6,  50.0,-184.4,-128.0, 978.5,  -2.9,   3.0
220617,   4.1,   4.0,  48.4, -30.6,   0.9, 976.3,  -2.5,   2.6
220641,   2.9,   5.7,  49.0,-120.4, -41.6, 923.8,  -2.4,   2.9
220665,   2.5,   5.6,  49.8,  74.4, -40.3, 956.8,  -2.6,   2.9
220689,   2.6,   8.1,  50.1,-121.9,-144.8,1042.5,  -2.9,   3.1
220717,   3.2,   7.4,  48.5,-218.6, -35.7,1011.7,  -3.2,   3.0
220741,   2.8,   5.3,  47.1, -79.7,-106.5,1074.5,  -3.4,   2.8
220765,   4.7,   5.8,  46.2,-101.9, 141.8, 981.7,  -3.1,   2.6
220789,   3.1,   8.1,  45.5,-180.5, -45.5,1064.4,  -2.9,   3.0
220817,   2.5,   1.0,  48.7,  -1.5, -13.7,1042.0,  -2.8,   3.3
220841,   2.1,   4.9,  50.6, -57.2,  18.7, 999.5,  -2.6,   3.4
220865,   1.5,   0.6,  51.5, 161.3, -57.4,1023.4,  -2.6,   3.3
220891,   1.9,   4.6,  51.6, -99.4, -82.6,1057.4,  -2.6,   3.5
220915,   2.2,   3.7,  51.8,-233.5,-109.2, 988.0,  -2.6,   3.6
220939,   2.0,   1.7,  52.6,  71.7, -65.3,1036.6,  -2.5,   3.6
220967,   3.6,   0.7,  51.3,  44.8,  32.4, 935.8,  -2.6,   3.5
220995,   2.7,   6.2,  46.7, -14.0,-168.5, 927.0,  -2.7,   3.5
221015,   3.0,   4.9,  44.6, -13.3, 104.4,1021.5,  -2.6,   3.4
221039,   1.1,   6.3,  46.1, -37.2,  59.5, 921.1,  -2.0,   3.5
221067,   3.2,   4.3,  52.2,-375.6, -78.7,1012.9,  -2.3,   4.6
221091,   3.6,   1.1,  53.2, 144.0,  71.7, 976.1,  -2.3,   4.2
221115,   2.0,   3.9,  51.2, 157.4,   4.6, 993.6,  -2.1,   3.6
221139,   2.1,  11.0,  50.2,-340.2, -31.3, 958.2,  -2.1,   3.9
221167,   2.2,   1.9,  51.7,  96.4,-116.3, 963.9,  -2.5,   3.5
221191,   2.0,   4.6,  51.0, -47.2,  -7.6, 959.5,  -2.4,   3.4
221215,   3.2,   6.5,  52.3,-100.4, -99.2,1062.2,  -2.5,   3.6
221239,   3.1,   4.8,  52.6, -12.3, -61.3,1064.2,  -2.5,   3.6
221267,   2.0,   7.1,  51.6,-239.6, -66.5,1140.9,  -2.0,   3.7
221291,   3.2,   6.5,  54.0,-119.5, -43.3, 982.7,  -2.4,   4.0
221315,   2.7,   3.9,  53.7,  70.0,  -2.8, 981.4,  -2.2,   3.7
221339,   4.0,   6.1,  53.4, -91.4,  53.6,1039.3,  -2.1,   3.9
221367,   2.6,   4.3,  53.1,  10.2, -17.9,1029.8,  -2.1,   4.0
221391,   2.0,   5.3,  52.2,-213.0, 155.2, 948.2,  -1.8,   4.1
221415,   1.5,   2.3,  53.3,  23.8,  63.9, 963.4,  -1.9,   4.1
221439,   2.8,  -5.7,  57.2, 418.1,-390.0,1201.2,  -2.5,   4.2
221467,   6.0,   6.9,  49.2,-457.6,  17.3,1033.7,  -2.8,   3.9
221495,   4.3,   3.9,  46.4, 243.6,  82.5,1030.8,  -2.6,   3.6
221515,   2.5,   5.9,  46.0, 126.6,  -4.0, 921.1,  -2.4,   3.6
221543,   0.4,   3.6,  47.1,-231.8,-120.4, 891.1,  -2.5,   4.2
221567,   1.2,   2.6,  47.2,  94.6,-124.3,1102.8,  -2.6,   3.7
221591,   1.3,   5.0,  46.1,-146.1,-152.9, 984.6,  -2.7,   3.6
221615,   3.0,   2.6,  45.6,  -5.2, -10.8,1044.4,  -2.7,   3.2
221643,   3.3,   4.5,  43.6, -47.7, -95.0, 972.9,  -2.9,   2.9
221667,   2.4,   3.5,  44.5,-127.0, 109.3, 998.8,  -2.4,   3.2
221691,   1.4,   2.1,  46.0, -77.7,  -7.4,1027.6,  -2.3,   3.4
221715,   1.6,   0.9,  46.3, 184.0, -73.3,1029.5,  -2.3,   2.8
221743,   2.6,   7.0,  40.7,-201.7, -47.2, 977.3,  -2.7,   2.2
221767,   2.6,   4.3,  38.0,-143.2, -27.7,1009.0,  -2.7,   2.1
221791,   3.0,   3.8,  38.4, -10.8,  17.0,1058.3,  -2.7,   2.1
221815,   2.3,   4.2,  37.5,-174.4, -26.4,1024.6,  -2.8,   2.2
221843,   0.6,   3.2,  36.8, 154.0, -26.7, 982.9,  -2.6,   1.7
221867,   1.0,   7.0,  33.5,-246.9,  20.4, 966.8,  -2.6,   1.9
221891,   1.4,   2.0,  33.3,  21.9,-140.4, 997.8,  -3.1,   1.7
221915,   4.8,   4.8,  28.8, -64.3,  68.0, 984.9,  -3.5,   1.2
221943,   3.7,   3.4,  25.5,  19.2, -36.9,1028.3,  -3.4,   0.9
221967,   3.3,   3.2,  24.6,-148.0,   7.0,1012.9,  -3.1,   1.3
221995,   1.1,   1.6,  27.2,  19.9,  15.6,1029.8,  -3.1,   1.1
222015,   1.3,   2.0,  26.9, -14.2, -59.1,1001.9,  -2.9,   1.2
222043,   1.6,   1.8,  27.9, -65.0, -25.5, 990.5,  -2.9,   1.2
222067,   1.5,   2.9,  25.5,  57.0, -19.1, 993.4,  -2.8,   0.8
222091,   1.6,   3.3,  24.6, -45.5, -38.2, 998.5,  -2.7,   0.8
222115,   1.0,   1.6,  24.3,  60.7, -17.9,1023.9,  -2.5,   0.8
222143,   1.3,   3.4,  25.1,-124.6,  -5.9, 981.9,  -2.4,   0.9
222167,   0.8,   1.5,  25.1,  30.2, -28.9,1005.1,  -2.2,   1.0
222191,   0.7,   4.0,  25.7,  20.2,  28.5,1033.9,  -2.0,   1.1
222215,   1.2,   2.6,  26.6, -88.0,  13.9, 973.6,  -1.8,   1.3
222243,   1.5,   1.5,  27.7,  55.6,  15.3, 991.2,  -1.5,   1.4
222267,   1.2,   1.5,  27.1,  -5.2, -16.9,1007.8,  -1.4,   1.4
222291,   0.2,   2.8,  27.9, -32.3,   3.1, 987.3,  -1.2,   1.5
222315,  -0.0,   2.3,  29.5, -14.0, -24.5,1011.5,  -1.1,   1.8
222343,   2.4,   4.0,  29.4,-102.6, -48.9,1058.1,  -1.3,   1.9
222367,   3.2,   4.3,  29.0,-188.6, -23.0,1004.6,  -1.3,   2.2
222391,   4.2,   1.6,  29.2, -76.0,  31.9, 987.5,  -0.9,   2.2
222415,   2.7,   1.5,  29.9, -73.3,  33.4, 974.8,  -0.7,   2.5
222443,   1.6,   0.7,  29.3, -59.4, -68.2,1053.5,  -0.6,   2.5
222467,   0.8,   3.2,  27.7,-142.9, -65.3, 973.1,  -0.6,   2.3
222498,   1.0,   0.8,  25.7, 106.4, -35.7, 959.5,  -0.7,   2.1
222518,   0.5,   1.8,  23.5,  52.2, -92.8,1001.9,  -1.1,   1.7
222542,   0.6,   3.4,  20.5,  -7.9, -57.4, 967.8,  -1.5,   1.5
222566,   0.4,   2.1,  16.5,  19.9, -79.4, 979.2,  -1.9,   1.1
222594,   0.7,   1.1,  13.8,  15.5, -46.5,1022.7,  -2.2,   0.8
222618,  -0.6,   1.6,  12.2,  23.1, -75.3, 998.3,  -2.4,   0.5
222642,  -0.2,   1.7,  10.6,  31.2, -44.5,1002.9,  -2.6,   0.2
222666,  -1.2,   2.6,  10.3,  29.0,  -5.7, 968.5,  -2.7,   0.1
222694,  -1.2,   1.3,   9.2,  34.8, -68.4, 987.5,  -2.8,  -0.2
222718,  -1.0,   1.0,   7.6,  19.9, -39.1, 992.4,  -2.9,  -0.4
222742,  -0.2,   1.0,   6.4,  13.8, -52.3,1012.0,  -3.0,  -0.5
222766,  -0.3,   2.1,   4.2, -33.5, -54.5,1006.6,  -3.0,  -0.5
222794,  -0.3,   1.7,   3.6, -30.1, -49.4, 998.5,  -3.0,  -0.4
222818,   0.2,  -0.7,   3.1,   6.0, -55.7,1027.6,  -3.0,  -0.3
222842,  -0.4,  -0.1,   1.2, -30.4, -25.7, 977.5,  -2.9,  -0.1
222866,  -0.6,   1.9,   0.6, -44.0, -25.2,1003.2,  -2.8,  -0.1
222894,  -0.3,   1.2,   2.4, -43.3, -15.4,1002.7,  -2.7,   0.1
222918,   0.2,   0.7,   1.3, -36.9, -18.4,1010.0,  -2.6,   0.3
222942,  -0.9,   1.2,   1.0, -38.9, -10.8,1002.2,  -2.5,   0.4
222966,  -1.2,   1.3,   0.9, -40.4, -18.4,1027.3,  -2.3,   0.5
222994,  -0.7,  -0.7,   0.7, -38.2,  -5.2,1003.2,  -2.4,   0.4
223018,  -0.5,   0.4,  -0.1, -19.1,  -4.0,1006.6,  -2.3,   0.4
223042,  -0.6,  -0.3,   0.0, -25.2, -13.2,1018.1,  -2.2,   0.5
223066,  -0.1,   0.6,  -0.6, -27.2, -25.9, 994.9,  -2.1,   0.5
223094,  -0.1,   0.0,  -1.1, -23.0,  -9.1, 999.0,  -2.0,   0.5
223118,  -0.2,   0.7,  -1.4, -30.8, -19.1,1007.3,  -1.9,   0.5
223142,  -0.3,   0.7,  -2.0,  -8.9,  -5.9, 994.9,  -1.8,   0.6
223166,   0.1,  -0.8,  -1.6,   0.2,  16.5,1009.5,  -1.6,   0.6
223194,  -0.2,  -0.4,  -1.3,  58.3, -23.0,1032.5,  -1.5,   0.5
223218,  -0.4,   0.1,  -2.4, -79.2, -25.2, 991.0,  -1.4,   0.6
223242,  -0.4,  -0.3,  -1.7,  -9.8,  51.4,1022.4,  -1.2,   0.7
223266,   0.6,   0.5,  -1.3,  59.2,  -7.9, 997.5,  -1.0,   0.7
223294,  -0.2,   2.6,  -0.3,-116.1,  12.6, 999.3,  -0.8,   1.0
223318,   0.4,   0.3,   1.2, -36.7,   2.6, 998.0,  -0.6,   1.1
223342,  -0.6,   0.9,   0.8, -10.6,  13.9,1012.4,  -0.5,   1.1
223366,  -0.6,   1.0,   1.7, -51.1,  -5.9, 999.7,  -0.4,   1.3
223394,   0.1,  -1.3,   1.2,  -3.3, -23.3,1001.2,  -0.4,   1.2
223418,   0.2,   0.7,  -0.5,   4.8, -17.9, 991.7,  -0.5,   1.2
223442,   0.1,  -0.4,  -1.2,   9.2,  -9.3,1011.2,  -0.5,   1.1
223466,  -0.4,   0.7,  -3.1, -42.8, -36.0,1026.4,  -0.5,   1.2
223494,  -0.1,   0.9,  -3.5, -47.0,  59.5, 989.2,  -0.4,   1.2
223518,   0.8,  -0.8,  -1.3, -35.5, 121.0,1003.4,   0.2,   1.3
223542,  -0.1,   0.8,   1.4, -98.7,  78.5, 983.6,   1.0,   1.6
223570,  -0.2,   0.3,   3.0, -34.8,  27.0,1012.2,   1.2,   1.6
223594,   0.3,   0.1,   2.8, -18.9,  14.1,1002.2,   1.2,   1.6
223618,  -0.8,   1.8,   1.9,  15.1,  22.2, 999.5,   1.2,   1.3
223642,  -1.0,   1.6,   1.2,  -8.4,  25.6,1006.6,   1.3,   1.2
223670,   0.4,   0.2,   0.3, -45.3,  24.1,1010.0,   1.4,   1.3
223694,   0.2,  -0.7,   0.9,  -8.1,  15.6, 987.5,   1.3,   1.3
223718,   0.4,   0.9,  -0.2, -36.2,  15.1,1002.9,   1.4,   1.3
223742,   0.2,   2.3,   0.6, -73.1,  28.5,1008.0,   1.5,   1.5
223770,   1.5,  -1.6,   1.7, -32.3,  37.3, 996.3,   1.7,   1.5
223794,   0.5,  -0.3,   2.8, -45.3,  49.7, 991.0,   1.8,   1.6
223818,   0.9,   0.7,   1.8,   6.5,  32.4,1002.9,   1.9,   1.5
223842,   0.4,   1.2,   0.9,  -5.9,  38.8,1002.9,   1.9,   1.4
223870,   1.0,  -0.8,   0.3, -11.1,  29.5,1003.2,   2.0,   1.2
223894,   0.2,   2.8,   0.4, -33.8,  38.0, 990.2,   2.1,   1.3
223918,   0.4,   0.8,   1.4, -33.0,  47.8, 994.4,   2.2,   1.4
223942,   0.6,   0.7,   1.1, -39.1,  62.4, 995.1,   2.4,   1.5
223970,   0.2,   0.7,   2.8, -34.5,  44.9, 995.8,   2.5,   1.5
223998,  -0.1,   1.4,   3.1, -48.7,  47.1,1018.3,   2.6,   1.6
224018,  -0.3,   1.8,   3.0,  -8.9,  29.2,1010.7,   2.6,   1.6
224042,   0.7,   0.1,   3.1, -33.0,  54.6, 997.5,   2.6,   1.6
224070,   0.4,   2.6,   2.7, -28.4,  41.0, 980.2,   2.6,   1.6
224092,   0.4,   0.5,   3.0, -39.4,  63.4,1003.4,   2.7,   1.7
224120,   0.5,   0.3,   2.7, -30.1,  32.4,1024.2,   2.6,   1.8
224144,  -0.4,   2.6,   3.3, -44.5, -12.5,1002.2,   2.5,   1.8
224168,  -0.7,  -0.2,   3.0, -33.3,  12.9,1010.5,   2.6,   1.8
224192,   0.5,   0.6,   3.6, -26.7,  16.0,1027.8,   2.4,   1.7
224220,  -0.4,   2.9,   3.4, -32.3,  18.7, 991.4,   2.3,   1.7
224244,   0.8,   0.4,   2.9,  -7.9,  31.7,1003.4,   2.2,   1.7
224268,   0.4,   1.9,   2.3, -37.9,  34.4, 972.6,   2.2,   1.7
224292,  -0.1,  -0.2,   2.0, -21.1,  -1.0, 997.3,   2.1,   1.7
224320,  -0.4,  -0.1,   1.4, -23.8,  21.4, 979.0,   2.0,   1.6
224344,  -0.3,   0.9,   1.2,  -8.6,  10.7,1005.8,   1.8,   1.5
224368,   0.2,   2.1,   1.9,   6.0,  23.6, 992.2,   1.7,   1.5
224392,   0.5,   3.3,   2.3,-181.7,  42.2,1021.2,   1.8,   1.7
224420,  -0.0,   0.5,   2.0,  23.8, -78.9,1045.9,   1.7,   1.6
224444,  -1.3,  -0.4,   0.5,   7.0, -52.3,1014.4,   1.4,   1.5
224468,  -1.5,   2.0,   1.1, -32.8, -22.3,1040.8,   1.1,   1.4
224496,  -1.0,   2.1,   1.4, -38.2,  -1.3, 998.3,   1.1,   1.5
224520,   0.5,   2.5,   0.8, -79.7,  16.5, 991.4,   0.8,   1.4
224544,  -0.5,  -0.5,  -1.7, -29.1, -40.1,1013.7,   0.7,   1.5
224568,  -0.3,   1.5,  -1.8, -31.8,   7.3, 996.6,   0.4,   1.4
224596,  -1.4,   0.7,  -1.6,   3.1,  18.2, 970.9,   0.6,   1.4
224620,  -1.5,   1.5,  -1.4, -22.3,  23.4, 988.5,   0.6,   1.3
224644,  -1.4,   2.5,  -0.2, -40.1,   4.8, 967.5,   0.6,   1.5
224668,  -2.3,   1.0,  -0.2, -46.0,  14.8, 948.7,   0.8,   1.5
224696,  -2.5,  -0.4,  -0.5, -42.1, -64.3,1023.4,   0.6,   1.6
224720,  -2.5,  -0.2,  -1.6,  23.8, -86.2,1020.5,   0.1,   1.5
224744,  -0.9,  -0.9,  -3.4, -33.5, -82.8,1014.6,  -0.4,   1.5
224768,  -0.1,  -0.7,  -2.9,  91.0,  19.7,1012.7,  -0.4,   1.2
224796,   0.7,   2.8,  -3.3, -93.3,  86.1, 994.6,  -0.4,   1.1
224820,   1.3,  -0.5,  -2.7, -98.5,  31.4, 987.5,  -0.2,   1.5
224844,   0.3,  -0.4,  -2.7, -38.9, -13.0,1005.8,  -0.3,   1.5
224868,  -1.1,  -0.4,  -1.8, -42.8, -53.5, 967.5,  -0.5,   1.6
224896,  -0.3,  -1.0,  -1.6,  -5.7, -70.4,1015.1,  -0.9,   1.4
224920,  -1.1,   0.0,  -1.1,   8.0, -87.2,1005.1,  -1.2,   1.3
224944,  -0.9,   1.0,  -1.3, -33.5, -62.8,1013.9,  -1.4,   1.3
224968,   0.8,  -0.3,  -2.4, -50.1,  43.9, 993.4,  -1.2,   1.5
224996,   0.8,   1.4,  -4.2, -44.3,  87.6, 993.9,  -1.1,   1.5
225020,   0.3,  -0.1,  -3.2, -36.9, -20.1,1012.7,  -1.0,   1.4
225044,  -1.0,   0.3,  -2.3,  -4.0,   7.7,1022.7,  -0.9,   1.3
225068,  -1.4,  -0.8,  -1.7,  14.8,  45.3,1011.2,  -0.9,   1.2
225096,  -1.7,   2.0,  -2.2, -75.8,  46.1,1006.3,  -0.6,   1.3
225120,  -0.8,  -0.4,  -2.5, -23.0,  51.7,1000.7,  -0.2,   1.4
225144,  -0.2,  -0.5,  -3.0,  15.1,  17.3, 995.6,  -0.1,   1.4
225168,  -0.4,   0.1,  -3.5, -25.0,  15.3,1014.4,  -0.0,   1.4
225196,  -1.0,   1.0,  -2.5, -16.4,  -4.2,1055.2,  -0.1,   1.3
225220,  -1.0,   1.4,  -2.6, -41.3,  50.7, 998.3,   0.1,   1.3
225244,  -0.2,   0.3,  -2.4, -60.9,  10.2,1010.2,   0.2,   1.4
225268,  -0.3,   0.3,  -3.2,  15.5,   5.5, 977.3,   0.3,   1.4
225296,  -0.4,   0.9,  -3.0, -29.6,  45.6, 987.3,   0.6,   1.5
225320,  -0.7,  -1.1,  -3.4,  10.7, -15.9,1013.7,   0.7,   1.4
225344,  -1.2,  -0.5,  -2.3, -50.4,  43.1, 965.8,   0.8,   1.4
225368,  -2.1,   0.6,  -2.6, -34.0,  12.6,1034.9,   0.8,   1.3
225396,  -1.0,  -0.5,  -3.3, -25.0, -18.4, 996.1,   0.6,   1.4
225420,  -0.7,   3.3,  -3.3, -83.1, -45.5,1042.5,   0.5,   1.4
225444,   0.4,  -0.4,  -3.8, -59.4, -12.5,1008.8,   0.4,   1.4
225468,  -0.7,   2.1,  -4.9, -30.1,  -4.5, 989.2,   0.5,   1.4
225496,  -1.4,  -1.0,  -4.4, -63.3,  -1.5, 979.5,   0.4,   1.4
225520,  -2.1,  -1.6,  -4.4, -19.9,  20.4, 986.6,   0.6,   1.3
225544,  -4.0,   0.3,  -3.8, -38.7,   4.1, 964.8,   0.6,   1.3
225572,  -3.6,   1.9,  -0.7,  50.5, -62.6,1044.4,   0.2,   1.1
225596,  -2.4,   4.0,  -1.8, -84.8, -61.6,1072.5,  -0.4,   1.1
225620,   0.2,   0.1,  -2.2, -66.5,  -2.5, 972.6,  -0.5,   1.4
225644,   0.3,   2.9,  -1.5, -78.0, -12.5,1007.6,  -0.5,   1.3
225672,  -0.3,   1.2,   0.5, -38.9, -16.7,1005.4,  -0.5,   1.7
225694,  -1.0,   0.7,   1.0, -46.7,  -7.6, 992.7,  -0.5,   1.9
225722,  -1.0,  -0.2,   1.2,   5.3, -31.1, 998.3,  -0.7,   2.0
225746,  -2.0,  -0.6,   0.9, -22.8, -66.2,1016.1,  -0.9,   1.9
225770,  -0.5,   0.1,   1.8, -80.2, -32.5, 980.7,  -1.0,   2.0
225794,  -0.6,   0.1,   0.1, -15.5, -38.2,1021.0,  -1.2,   1.9
225822,   0.1,  -1.3,  -0.9, -53.6,   2.6, 989.7,  -1.0,   1.9
225846,  -0.9,   0.3,  -2.7,   6.8, -28.6,1030.8,  -1.0,   1.7
225870,  -1.5,   0.4,  -3.3, -22.5, -21.5,1004.6,  -1.1,   1.5
225894,  -2.1,  -1.9,  -2.4,   5.0, -53.3, 995.6,  -1.3,   1.4
225922,  -0.3,   0.7,  -2.7, -59.2,  18.7,1017.1,  -1.2,   1.4
225946,  -0.1,  -0.7,  -2.0, -20.1,  -1.5,1004.1,  -1.1,   1.4
225970,  -1.2,   0.6,  -2.1, -15.5, -15.7,1011.5,  -1.1,   1.3
225998,  -0.8,  -0.6,  -2.7,  -0.6, -49.1,1018.3,  -1.2,   1.2
226022,  -1.5,  -0.4,  -3.8, -23.0, -23.7,1004.9,  -1.4,   1.1
226046,  -1.0,   1.0,  -5.2,   3.8, -46.9,1001.7,  -1.6,   1.0
226070,  -0.3,  -0.1,  -5.2,  -7.9, -31.1,1010.0,  -1.7,   1.0
226094,  -0.4,  -0.7,  -5.8, -26.5, -28.4, 994.1,  -1.8,   1.0
226122,  -0.1,   2.0,  -6.5, -11.6, -29.6, 998.8,  -1.8,   1.0
226146,  -1.2,  -0.1,  -6.7, -18.9, -28.6,1001.2,  -1.7,   1.1
226170,  -0.7,   2.0,  -4.4, -32.8,  -6.4, 983.1,  -1.6,   1.0
226194,   0.1,   1.5,  -2.5, -32.6,  74.2, 998.5,  -1.3,   1.2
226222,  -0.1,  -1.2,  -0.3,   1.6,  -3.2,1002.7,  -1.0,   1.4
226246,   0.4,   0.4,   0.9, -45.7,  35.8, 991.9,  -0.7,   1.5
226270,  -0.1,   0.3,   0.2,  15.5,   6.3, 988.5,  -0.6,   1.6
226294,   0.1,   0.6,  -1.9, -13.8,  28.3, 982.2,  -0.5,   1.4
226322,  -0.5,  -0.5,   0.5,  16.5,  26.3, 992.2,  -0.2,   1.4
226346,  -1.0,   2.3,   0.2,  -6.2,  38.3,1009.8,  -0.1,   1.3
226370,  -0.7,   1.3,   1.4,-113.9,  69.0, 991.0,   0.3,   1.7
226394,   0.1,   0.3,   2.7, -68.7, -22.3, 985.6,   0.3,   1.9
226422,  -1.0,  -0.3,   2.8, -46.0,  30.5, 970.0,   0.6,   2.0
226446,  -0.4,  -0.1,   1.7, -39.6,  34.4, 967.0,   0.8,   1.9
226470,  -1.1,  -1.4,   3.4,  -9.8,  50.5, 953.1,   1.1,   1.8
226498,  -2.6,   2.3,   3.9,  -5.2,  39.2, 998.8,   1.1,   1.8
226522,  -2.3,   2.3,   5.3,  50.5,  13.9,1043.9,   1.0,   1.9
226546,   0.6,   3.8,   6.6,-115.8, -40.1,1088.6,   0.5,   2.2
226570,   2.4,   2.0,   5.0,-100.7,  80.3, 985.3,   0.6,   2.3
226598,   1.8,   1.1,   5.3, -51.8,  35.1, 967.5,   1.1,   2.2
226622,   0.7,   1.3,   7.4, -88.0,  83.2, 972.4,   1.4,   2.4
226646,  -1.1,  -0.7,   8.6, -24.7,  -0.8, 985.3,   1.4,   2.4
226670,  -1.4,   1.4,   8.4, -32.8,   1.9, 977.3,   1.3,   2.3
226698,  -1.7,   2.5,   8.2, -16.2, -24.0, 998.5,   1.1,   2.2
226722,  -1.8,   2.3,   7.5,  20.9,  -7.1,1012.7,   0.9,   2.1
226746,  -1.1,   2.0,   6.3, -42.3, -23.3, 992.9,   0.9,   2.1
226770,  -0.7,   1.7,   6.4, -91.1,  25.8, 974.8,   0.9,   2.2
226798,  -2.1,   2.3,   7.7, -99.9, -53.8, 998.0,   0.7,   2.3
226822,  -2.3,  -0.2,   8.8,   3.1, -58.2,1014.4,   0.5,   2.2
226846,  -1.6,   2.0,   7.2, -67.7,  20.4, 967.3,   0.3,   2.1
226870,  -0.3,   1.7,   5.5, -34.5, -16.7, 964.1,   0.1,   2.0
226898,   0.2,  -0.5,   4.3,  44.1,  -9.1,1029.3,  -0.0,   1.8
226922,  -0.6,   1.0,   4.7, -45.5, -34.0, 984.6,  -0.2,   1.8
226946,  -1.5,  -0.1,   4.0, -39.9, -28.4,1027.8,  -0.1,   2.0
226970,  -2.0,   0.3,   4.5, -25.5, -61.3, 997.3,  -0.2,   1.9
226998,  -1.7,   0.9,   3.7, -21.6, -41.6,1018.5,  -0.3,   1.9
227022,  -1.7,   1.2,   3.4,   4.3, -31.3, 990.0,  -0.5,   1.8
227046,  -0.7,   1.2,   3.6, -58.4, -64.0,1026.8,  -0.7,   1.8
227070,  -0.9,  -0.1,   2.1, -35.2,   1.6, 990.2,  -0.7,   1.8
227098,  -1.8,   1.6,   2.3, -69.7,  36.1, 974.4,  -0.7,   1.8
227122,  -1.8,  -0.1,   2.8,   1.4, -36.0, 986.8,  -1.0,   1.7
227146,  -2.4,  -0.7,   2.9,  -3.0,  -7.1, 988.3,  -1.0,   1.7
227170,  -2.2,   2.8,   1.3,-196.9, -47.9,1009.0,  -0.8,   1.7
227198,  -0.5,  -0.8,   4.4, 132.0, -95.0,1206.0,  -1.5,   1.6
227222,  -0.6,   5.1,   3.9, -35.7, -74.0, 921.9,  -2.0,   1.3
227246,   2.0,   4.8,   2.7, -99.4,  21.2,1012.0,  -2.0,   1.3
227270,   1.0,   2.5,   0.5, -51.6,  29.2, 970.9,  -1.3,   1.7
227296,   0.8,  -0.5,   0.3, -13.0, -36.4,1013.9,  -1.3,   1.8
227320,  -1.0,   2.1,   0.9,  35.6,-112.6, 998.3,  -1.5,   1.8
227348,  -1.7,  -0.8,   1.1, -27.7, -58.4, 995.6,  -1.8,   1.6
227372,  -0.3,  -0.1,   0.5,  22.1,  34.1, 998.8,  -1.8,   1.4
227396,   0.2,  -1.4,  -0.2,  57.5,   3.6, 999.7,  -1.7,   1.4
227420,  -0.0,  -0.5,  -1.1,  -1.5, -21.1, 994.9,  -1.7,   1.5
227448,  -0.1,   0.9,  -0.3, -12.8,   4.6, 966.3,  -1.8,   1.5
227472,  -1.2,   1.6,  -0.3,-113.9, -17.2, 969.2,  -1.7,   1.6
227500,  -1.0,   0.5,   0.1,  71.0, -23.0, 967.8,  -1.8,   1.5
227524,  -0.4,   0.1,  -0.6, -74.8, -60.4,1033.2,  -1.9,   1.5
227548,  -1.4,  -0.1,  -1.5,  13.8, -14.7,1013.7,  -1.8,   1.2
227572,  -0.6,  -0.1,  -1.3, -35.5, -48.4, 985.3,  -1.9,   1.2
227596,  -1.3,   1.7,  -1.7, -85.3, -76.5,1004.4,  -1.9,   1.3
227624,  -1.4,   0.0,  -2.0,  -6.7,  -3.0,1024.4,  -1.8,   1.3
227648,  -0.4,   1.1,  -1.3, -37.9, -62.1, 994.9,  -1.9,   1.3
227672,  -0.6,  -0.6,  -2.9, -35.7, -46.0, 999.0,  -1.9,   1.2
227696,   0.3,  -0.4,  -2.1, -28.6,  -0.1, 969.2,  -1.9,   1.1
227724,  -0.6,   1.0,  -2.2, -32.6, -63.8, 981.2,  -1.9,   1.1
227748,   0.3,   0.3,  -1.7,  15.8, -18.6, 993.4,  -2.0,   1.2
227772,  -0.9,   0.2,  -2.6, -37.7,  17.0, 988.0,  -1.8,   1.2
227796,  -0.7,   1.0,  -2.4, -31.8,  10.4, 991.4,  -1.6,   1.2
227824,  -2.2,   0.9,  -1.9, -21.3,  -4.2, 987.8,  -1.3,   1.2
227848,  -2.0,  -0.7,  -0.9,  26.0,-101.1,1120.1,  -1.5,   1.3
227872,  -0.1,   2.0,  -2.4,-155.1, -34.0, 996.6,  -1.9,   1.5
227896,   0.2,  -2.5,  -5.3,  30.4, -20.1, 968.7,  -1.6,   1.3
227924,  -0.6,  -1.8,  -5.0,  59.7,   6.3,1001.7,  -1.4,   1.1
227948,  -1.4,   2.7,  -3.0, -49.6,   2.4, 961.4,  -1.4,   0.8
227972,  -1.8,   0.7,  -3.1, -39.6,  17.5,1005.6,  -1.1,   1.1
228000,  -1.4,  -2.1,  -3.5, -19.6, -11.1, 998.0,  -1.1,   1.0
228024,  -1.2,  -0.1,  -3.1, -14.0, -65.5,1001.2,  -1.2,   0.8
228048,  -1.3,   0.3,  -2.8, -17.9, -25.9, 985.6,  -1.2,   0.8
228072,  -0.4,   2.2,  -3.2,-153.6,  37.0, 991.0,  -1.1,   0.8
228096,  -0.8,   0.3,  -4.0,  60.0,  -3.0,1014.1,  -1.0,   0.7
228124,  -0.6,  -0.2,  -4.1, -91.6,  42.4, 983.6,  -1.0,   0.9
228148,  -4.1,   1.3,  -4.9,  52.7,  17.0, 951.6,  -0.8,   0.8
228172,  -3.4,   1.8,  -0.4,  -6.7, -57.0, 977.5,  -0.9,   0.8
228196,  -1.4,   4.0,   0.7, -40.4,-107.2,1070.1,  -1.4,   0.8
228224,   1.2,   1.6,  -1.3, -39.9,  41.4,1015.1,  -1.1,   1.1
228248,   3.5,   2.3,  -2.0,-120.9,  42.9, 977.5,  -1.0,   1.2
228272,   1.2,   0.9,  -0.0,  33.6,   4.6, 997.1,  -0.7,   1.1
228296,  -2.5,   1.2,   4.5,  23.8, -46.7, 992.4,  -0.9,   1.4
228324,  -2.1,   2.9,   6.9, -85.3,-110.4,1042.7,  -1.4,   1.6
228348,  -0.6,   0.5,   7.1, -22.8,  39.0,1041.7,  -1.2,   2.0
228372,  -0.9,   4.6,   7.8, -74.1,  27.0, 924.5,  -0.9,   2.1
228396,  -2.3,   2.3,   8.1, -78.5, -69.9,1054.4,  -0.8,   2.3
228424,  -2.8,   1.5,  10.5,  47.8,-123.4,1095.7,  -1.5,   2.6
228448,  -4.1,   3.3,   8.3, -70.4, -36.0, 992.4,  -1.7,   2.6
228472,  -3.5,   4.5,   7.1, -75.5,-100.9, 978.7,  -2.0,   2.4
228500,  -2.0,   0.7,   6.0, -34.0, -43.8,1012.0,  -2.0,   2.4
228524,  -0.2,   2.3,   3.6,  30.2, -25.5,1013.9,  -2.3,   2.1
228548,  -0.7,   0.9,   0.7, -63.1, -24.0, 995.6,  -2.1,   2.1
228572,  -1.4,  -0.4,  -0.1, -29.1,  35.8, 968.3,  -2.0,   2.1
228600,  -2.6,   0.9,   1.5,  30.4, -67.9, 984.4,  -2.0,   1.9
228624,  -2.6,  -0.2,   2.0,   3.3, -34.2, 998.8,  -1.9,   1.7
228648,  -2.7,   1.4,   0.8, -48.4, -32.3, 980.0,  -2.0,   1.7
228672,  -1.5,  -1.3,   1.0, -11.6, -58.2,1004.9,  -2.0,   1.5
228700,  -2.3,   2.9,  -0.4, -65.5,-102.1,1012.0,  -2.2,   1.3
228724,  -2.7,  -0.2,  -0.2, -52.1, -48.9, 989.7,  -2.2,   1.4
228748,  -2.3,   1.3,  -0.0, -42.3,  17.3, 993.2,  -2.2,   1.3
228772,  -2.9,   0.7,  -0.1, -23.5, -64.0,1014.9,  -2.4,   1.3
228800,  -3.7,   1.7,  -0.4, -31.6, -54.0,1021.0,  -2.5,   1.3
228824,  -2.9,   1.3,  -1.1, -36.0, -17.9,1043.2,  -2.6,   1.4
228848,  -1.9,   2.9,  -1.6, -69.9, -29.4, 977.8,  -2.6,   1.5
228872,  -2.5,   2.0,   0.0, -50.9,   4.8, 993.2,  -2.5,   1.5
228898,  -3.3,   1.0,  -0.3,  -4.2, -51.3, 983.1,  -2.3,   1.5
228922,  -2.9,   1.4,  -0.9, -86.8,  -8.4, 988.0,  -2.4,   1.5
228950,  -2.5,   0.9,  -2.4,  -5.7, -43.3, 999.3,  -2.4,   1.5
228974,  -2.1,   1.0,  -3.1, -43.1, -52.8,1028.3,  -2.5,   1.5
229002,  -2.6,   1.8,  -3.0, -31.1, -10.6, 999.7,  -2.5,   1.5
229022,  -2.9,  -0.8,  -2.4, -61.9, -98.5, 983.1,  -2.6,   1.7
229050,  -2.3,  -1.0,  -2.9, -57.5, -53.8,1017.1,  -2.8,   1.8
229074,  -1.7,  -2.1,  -3.8,  22.9,  12.4, 936.0,  -2.8,   1.8
229098,  -2.1,   1.4,  -3.1,  23.4, -24.5,1007.3,  -2.7,   1.4
229122,  -1.2,   2.0,  -1.2, -33.3, -44.0, 999.0,  -2.8,   1.3
229150,  -0.9,   1.2,  -1.7, -86.8, -71.1, 972.2,  -2.6,   1.6
229174,  -0.4,   0.1,  -3.0, -29.6,  31.2,1059.3,  -2.4,   1.7
229198,  -0.8,  -2.1,  -3.9, -13.8,-136.3, 977.8,  -2.4,   1.7
229222,  -2.9,   0.6,  -3.5,  10.4,-161.4,1007.1,  -2.7,   1.4
229250,  -3.2,   0.5,  -2.5, -32.6, -30.3,1040.8,  -2.7,   1.4
229274,  -2.8,   0.9,  -2.5,  -2.0, -83.3, 974.4,  -2.7,   1.4
229298,  -2.7,   3.4,  -2.0, -99.2,-116.0,1039.8,  -2.9,   1.5
229322,  -2.8,  -0.6,  -2.1,  61.2, -95.5, 985.8,  -3.2,   1.4
229350,  -2.3,   1.8,  -1.3, -57.7, -45.5, 952.6,  -3.3,   1.4
229374,  -2.3,  -0.2,  -0.6, -73.3, -83.1,1018.1,  -3.3,   1.5
229398,  -0.6,  -1.5,  -0.6,   5.0,  25.6, 993.9,  -3.3,   1.6
229422,  -1.4,   0.9,  -1.7, -37.7, -45.0, 981.7,  -3.3,   1.6
229450,  -0.7,  -0.5,  -2.5, -27.2, -39.6, 981.9,  -3.3,   1.6
229474,  -0.3,  -0.7,  -3.2, -39.9, -53.3, 996.3,  -3.2,   1.7
229502,   0.2,   2.0,  -2.5,-116.8,   8.5, 978.0,  -3.1,   1.8
229522,  -0.0,  -3.8,  -3.2,  50.9, -71.1,1058.8,  -2.9,   1.7
229550,  -0.7,  -1.1,  -4.3, -60.4,   3.6, 970.9,  -2.9,   1.6
229574,  -1.3,  -2.2,  -2.9,  -1.1, -73.8,1154.3,  -2.6,   1.8
229598,  -0.3,  -1.5,  -3.3,-198.6,-168.3,1042.2,  -3.4,   1.9
229626,   0.7,   2.1,  -3.1,  94.2, -70.6,1069.6,  -3.5,   0.9
229650,   0.7,  -0.2,  -4.1, -68.7,  90.5, 931.1,  -2.6,   1.1
229674,   1.6,  -1.9,  -3.9, -98.0, -37.9, 972.2,  -2.6,   1.3
229698,  -1.9,  -0.4,  -3.5,  74.1,-130.4, 997.8,  -2.7,   1.1
229726,  -2.5,   0.1,  -2.8, -58.2, -93.3, 995.1,  -2.7,   1.1
229750,  -2.0,   2.1,  -2.3, -72.3, -52.1, 969.7,  -2.8,   1.1
229774,  -1.2,  -0.1,  -0.8,   6.3, -18.6, 982.7,  -2.8,   1.1
229798,   0.4,  -1.7,  -1.6,  62.7, -51.1,1071.5,  -2.8,   1.0
229826,   0.5,   0.3,   0.9,  14.8,  36.3,1016.3,  -2.9,   1.2
229850,   0.5,   2.8,   3.1,-147.1, -48.6, 955.8,  -2.8,   1.3
229874,   0.6,   0.3,   3.4,  -2.3,  23.4, 979.5,  -2.6,   1.6
229898,   0.4,   0.6,   5.3,  43.6,  -5.7,1000.7,  -2.5,   1.7
229926,  -0.2,   3.5,   5.8,-139.2,  -0.6, 968.3,  -2.9,   1.8
229950,   1.4,   1.7,   6.6,  81.9,  -9.1,1056.9,  -3.0,   1.8
229974,   0.3,   0.4,   6.3, -78.5,  68.0, 976.6,  -2.7,   2.0
230002,  -1.7,   2.6,   6.1, -11.3, 144.7, 940.2,  -2.5,   2.1
230026,  -0.8,   1.7,   7.0,-149.0,-117.5,1008.8,  -2.8,   2.6
230050,   3.1,   3.2,   7.4,  73.6,  62.7,1058.6,  -3.7,   1.8
230074,   1.9,   3.8,   4.1,-129.0,  81.7,1008.0,  -3.0,   1.8
230098,   2.8,  -0.1,   3.4,-219.3, -41.6,1068.6,  -2.6,   2.0
230126,   2.0,  -2.4,   7.1, -94.6,-142.6,1066.6,  -2.3,   2.4
230150,   0.1,  -0.2,   7.4, -78.5,  -3.0,1025.4,  -2.7,   2.3
230174,  -1.1,  -0.5,   8.7,  65.6, -43.8, 943.6,  -2.7,   2.1
230198,  -1.0,  -1.5,   8.2,  95.1, -81.1, 965.1,  -2.8,   1.9
230226,   0.2,   3.9,   6.7, -87.2,  37.0,1034.4,  -2.6,   1.9
230250,   0.8,   3.5,   5.9, -62.8,-119.5,1070.8,  -2.6,   1.6
230274,   0.3,  -1.0,   5.3,  -9.4, -34.2, 962.6,  -2.6,   1.9
230298,   0.5,   2.0,   4.7, -25.5,  -8.1, 873.0,  -2.8,   1.7
230326,  -0.0,   2.9,   2.7,-151.9, -54.0, 932.4,  -3.1,   1.7
230350,   1.1,  -2.1,   1.5, -46.5,  61.2,1024.4,  -3.0,   1.8
230374,  -0.8,  -2.2,  -0.5, 166.2, -35.7, 942.1,  -2.7,   1.3
230398,  -0.3,   0.2,   0.8,-215.4, -75.3,1065.7,  -2.7,   1.7
230426,   3.7,  -3.1,   1.9, 105.1,  -4.5, 792.5,  -3.5,   1.4
230450,   1.4,  -1.5,  -1.4,  -9.4,  -0.8, 937.5,  -2.8,   1.2
230474,  -1.0,   2.0,   1.4,  61.4, -78.2, 995.6,  -2.8,   0.4
230504,  -1.5,  -0.3,   0.1, -45.0,  -2.5, 981.7,  -2.8,   0.4
230524,  -0.6,   0.3,   2.2,-150.0, -34.0,1006.8,  -3.0,   0.6
230548,  -2.8,   0.0,   0.8, -55.0,-137.5,1039.1,  -2.9,   0.4
230576,  -1.8,   1.5,   1.7,-162.4,  -6.4,1093.0,  -3.0,   0.5
230600,  -1.8,   2.7,   1.7,  -7.9,-115.1,1023.9,  -3.2,   0.3
230624,  -1.5,   2.1,   2.6, -47.4, -99.2, 996.3,  -3.2,   0.5
230652,  -1.4,   3.9,   1.4,-171.0,-105.8,1143.5,  -3.3,   0.8
230676,  -1.0,   1.2,   1.6,-197.6,-148.3, 972.9,  -3.1,   1.2
230700,   0.1,  -0.2,   0.3,  89.8,-123.8, 951.4,  -3.4,   0.9
230724,  -1.1,   2.3,  -1.4,-119.5,  80.3, 989.2,  -3.3,   0.9
230752,  -3.2,   0.1,  -1.6, 178.9, -46.0, 953.4,  -3.4,   0.7
230776,  -2.8,   5.0,  -2.0,-285.2,-145.3, 972.2,  -3.6,   0.7
230800,   0.7,  -2.1,  -0.3,   9.9, -27.4,1106.7,  -4.4,   1.2
230824,   1.9,  -3.0,  -4.2, 235.8,  -2.0, 954.3,  -4.1,   0.8
230852,   0.2,   2.3,  -5.3,  50.5,-153.9, 995.8,  -4.5,   0.2
230876,  -0.1,  -0.2, -10.3,-130.5, -48.9,1022.0,  -4.6,   0.3
230900,  -2.9,  -0.9, -10.2,  94.4,-166.8,1037.6,  -4.9,   0.2
230924,  -2.5,   0.1, -10.5,  55.1, -13.5,1099.4,  -4.9,   0.3
230952,   0.3,   2.1,  -9.2,-128.3, -76.2,1050.0,  -4.7,   0.3
230976,  -0.3,   2.2,  -8.0, -18.4,-150.5, 989.7,  -4.4,   0.1
231004,   0.6,   2.3,  -4.9, -33.0,  63.9,1034.9,  -4.3,   0.1
231024,   1.0,   3.4,  -4.5,-170.3, -14.7, 991.0,  -4.2,   0.3
231052,  -0.5,  -1.5,  -2.5,  68.0,-171.2, 961.9,  -4.1,   0.6
231076,  -0.9,  -0.5,  -3.6,  17.7, -85.8,1101.3,  -4.1,   0.4
231100,   0.1,   1.4,  -6.0,  83.4,-193.9,1006.3,  -4.6,   0.2
231124,   0.4,   0.9,  -7.4, -16.7,  44.9, 945.8,  -4.3,   0.3
231152,  -2.9,   3.0, -10.3, -94.6, -72.3,1125.0,  -4.0,   0.2
231176,   0.3,  -0.8,  -8.7, -90.9,-264.2,1108.1,  -4.7,   0.6
231200,  -0.8,   0.9,  -9.3,  88.8,-139.7,1056.9,  -4.7,   0.2
231224,   1.8,  -0.1,  -9.6, -29.4, -23.0,1072.0,  -4.7,   0.2
231252,   0.5,   2.6,  -9.3, -35.2, -93.6,1077.6,  -3.9,   0.2
231276,  -0.1,   1.5,  -9.5, -25.5,  -2.3,1090.1,  -3.8,   0.3
231300,  -0.1,   2.3,  -5.5,-205.4, -18.9, 912.8,  -3.7,   0.6
231324,   0.5,   0.7,  -3.3, -38.9,  53.4,1067.1,  -3.4,   0.5
231352,  -0.6,   1.3,  -1.5, -38.7, -78.4, 905.5,  -3.5,   0.7
231376,   0.4,   0.9,   0.5,  83.9,   7.0, 991.2,  -3.3,   0.7
231400,   1.6,   5.3,   1.7,-116.3,  29.2,1039.1,  -3.4,   0.9
231424,   1.2,   2.8,   3.6,  48.0, -19.8, 965.6,  -3.2,   1.2
231452,  -0.9,   3.5,   6.3,-203.7,  -1.3, 971.7,  -2.8,   1.8
231476,  -1.4,   3.5,   9.5, -13.5,  -5.7, 982.2,  -3.0,   1.8
231504,  -2.3,   2.5,   9.6, -48.2,-203.7,1021.0,  -3.2,   1.9
231524,   0.1,   0.3,   8.0, -77.2,  33.1, 959.5,  -3.3,   2.3
231552,  -3.3,  -3.9,   1.9,  34.8,-432.7,1142.6,  -3.7,   2.7
231576,   0.1,   4.1,  -0.6, -58.2, -98.5, 892.1,  -4.2,   2.2
231600,   1.9,  -0.7,  -1.1,  23.4,  -6.2,1020.5,  -3.6,   2.0
231628,   0.4,  -1.8,   1.5, -39.4, -83.6, 898.4,  -3.3,   2.3
231652,   0.9,  -1.6,   2.1, -14.2, 119.8, 942.6,  -3.0,   2.4
231676,  -0.5,   1.0,   3.4, -45.0, -20.8,1033.9,  -3.3,   2.3
231700,   0.4,  -0.4,   5.2, -42.1,  28.5,1127.2,  -3.3,   2.2
231728,   1.5,  -1.1,   9.0, 103.4, -74.0,1072.3,  -3.2,   1.9
231752,   1.7,   1.7,   8.0,  53.9,  45.6,1166.0,  -2.8,   2.0
231776,  -0.4,   3.2,   8.0,-136.3,-252.5,1076.2,  -2.7,   2.1
231800,  -1.9,  -1.0,   9.2,  57.5,-263.2,1064.4,  -2.9,   2.2
231828,   0.9,   3.7,   9.0,-274.7,  -2.0,1073.0,  -3.1,   2.4
231852,  -0.7,   2.3,   7.2,-214.0, -42.1, 962.9,  -2.8,   2.3
231876,   0.1,   2.0,   5.2, 111.5,  30.0, 909.9,  -2.7,   1.9
231900,  -2.4,  -0.9,   7.0, -71.4,-197.8,1158.9,  -2.6,   2.4
231928,   2.2,   1.4,   4.4, -78.9,  32.4, 857.2,  -3.2,   2.4
231952,   0.7,   0.3,   3.0,   4.1,-156.6,1076.9,  -3.3,   2.2
231976,   0.1,   3.8,   1.7,  -9.1,-358.0,1152.1,  -3.7,   1.3
232004,   0.5,   1.4,  -0.4,  12.9, -19.4,1053.9,  -3.6,   1.3
232028,  -0.7,   1.0,  -3.3, -33.3, -89.7,1016.6,  -3.6,   1.0
232052,  -1.8,   0.9,  -3.4, -59.4,-120.7, 974.6,  -3.7,   1.0
232076,  -2.8,  -0.4,  -2.6, -91.4,-212.2, 968.0,  -3.9,   1.2
232102,  -1.9,   0.7,  -2.5,  38.7,-109.9, 974.8,  -4.2,   0.8
232126,  -0.6,   3.5,  -3.5, -73.8,-136.3,1103.3,  -4.2,   0.7
232150,  -0.4,  -1.8,  -3.0,  20.4, -38.4,1060.5,  -3.9,   1.0
232178,  -0.3,   1.1,  -4.9,  54.6,  18.0, 975.8,  -4.4,   0.5
232202,  -1.0,   1.5,  -7.2, -91.6, -10.1, 997.3,  -4.2,   0.7
232226,  -1.8,  -1.9,  -8.8, 133.0,-129.7, 959.2,  -4.7,   0.4
232250,  -5.4,   1.5, -10.9,-146.3,-203.9, 957.5,  -5.0,   0.6
232278,  -3.1,   0.7, -12.3, -50.9,-190.0,1288.8,  -5.1,   0.3
232302,  -2.0,  -4.0, -14.0, -44.8,-344.5,1199.9,  -5.6,   0.6
232326,  -0.1,   1.5, -10.0, 145.4,-238.8, 956.8,  -6.5,   0.1
232350,   0.7,  -0.4,  -9.0, -76.7,  52.7, 924.8,  -6.1,   0.3
232378,  -0.2,   2.1,  -6.5,-126.3,  -1.0, 960.4,  -5.1,   0.5
232402,  -1.7,   0.0,  -4.9, -80.7,-188.5, 988.3,  -5.3,   0.8
232426,  -2.5,   2.1,  -2.0,-217.4,-130.4,1070.1,  -5.4,   1.1
232450,  -2.5,   0.6,  -4.1, -36.0,-330.9, 884.5,  -6.2,   1.0
232478,  -1.7,  -7.3,  -5.3, 114.9, -82.6,1000.7,  -5.5,   1.4
232506,   0.3,   2.8,  -7.8,-145.8, -85.3,1006.6,  -5.5,   1.6
232526,  -0.3,  -2.1,  -8.8, -63.1,   4.8,1032.0,  -5.2,   1.8
232550,  -0.5,  -0.4,  -7.8, -81.9,  -4.0, 938.0,  -5.3,   1.8
232578,   0.4,   0.0,  -7.1, -97.7, -34.2,1008.0,  -5.0,   1.7
232602,  -0.1,  -3.2,  -6.3,  82.7,   7.5,1073.2,  -4.6,   1.8
232626,  -0.4,  -0.1,  -5.2, -89.7, -74.5,1013.7,  -4.7,   1.8
232654,  -0.0,   0.3,  -5.0, -29.1, -89.2, 986.3,  -4.9,   1.5
232678,   0.6,  -0.1,  -5.1, -37.2,  19.2,1019.8,  -4.7,   1.6
232702,   1.3,  -1.2,  -5.0, -64.0,  56.8, 964.3,  -4.3,   1.5
232726,  -2.8,  -1.3,  -5.0, -98.7,  58.8, 899.9,  -3.5,   1.6
232754,  -5.3,  -0.3,  -1.8,  21.6,  -2.5, 953.8,  -3.3,   1.2
232778,  -3.8,   0.9,   3.7,  54.6,-158.5, 992.2,  -3.8,   0.9
232802,   1.2,   2.9,   2.3,  53.4,  55.8, 984.1,  -3.9,   0.9
232826,   3.0,   2.3,  -1.5,  19.2, 103.5, 967.3,  -3.4,   1.0
232854,   2.2,   2.0,  -2.4, -66.2, -27.2, 969.0,  -2.8,   1.2
232878,   0.7,   1.0,  -1.1, -58.7,   0.7, 939.2,  -2.6,   1.4
232902,  -0.0,  -1.3,   1.1, 177.9, -90.2, 927.2,  -3.0,   1.4
232926,  -1.0,  -1.9,   1.0, -73.8, -40.3, 965.1,  -3.1,   1.7
232954,   0.1,  -0.8,   0.1,  30.4, -58.9,1022.4,  -3.2,   1.4
232978,   1.6,   0.9,  -0.6, -25.2,  28.5, 992.2,  -2.9,   1.4
233006,   2.5,   1.8,  -0.3,-117.8, -36.0,1025.1,  -2.8,   1.5
233026,   1.3,  -0.2,   0.0, -28.4, -49.4,1006.3,  -2.7,   1.6
233054,   0.1,   2.2,   2.2, -87.2, -37.4,1088.6,  -2.6,   1.5
233078,  -1.1,  -1.0,   3.4, -28.4,-115.1, 969.2,  -2.4,   1.8
233102,  -0.1,   0.4,   3.1,  10.9, -67.7,1120.3,  -2.5,   1.7
233126,   0.1,   4.3,   1.9, -23.8,-136.8, 951.9,  -2.5,   1.5
233154,   0.2,   2.9,   2.6, -13.3, -53.0,1057.6,  -2.5,   1.3
233178,  -1.0,   9.0,   2.9,-189.0, 131.0, 846.2,  -1.9,   0.9
233202,  -2.8,   8.1,   3.4,-612.4,  18.7,1100.3,  -1.4,   2.0
233226,   1.5,  -4.6,   8.2, 313.9, -30.8,1025.4,  -2.3,   2.0
233254,   1.4,   3.3,   3.0,-238.6, -38.2, 922.8,  -2.3,   2.1
233278,   1.1,  -1.3,   5.7, 143.0,  40.7,1055.7,  -2.5,   2.0
233302,   1.3,   1.8,   3.6,  29.9,  87.1,1023.4,  -2.5,   1.8
233326,  -0.4,   1.4,   4.2,  -8.9, -62.3,1044.7,  -2.4,   2.1
233354,   2.9,  -0.4,   3.1, 175.7,-127.3,1127.9,  -2.5,   2.0
233378,  -0.5,   0.9,   2.4, -72.6, -30.3,1056.6,  -2.4,   2.1
233402,   0.4,   3.2,   2.3, -34.3,-167.8, 938.7,  -2.8,   1.9
233426,   0.3,   1.5,   1.3,-158.3,  -2.3, 981.4,  -2.6,   2.1
233454,   0.5,   4.6,   2.4,-137.3, -41.3, 946.8,  -2.4,   1.7
233478,  -0.2,  -0.1,   3.7, -84.3,-111.9,1058.6,  -2.3,   1.8
233506,   0.4,   0.4,   4.4,-150.7,-102.4, 963.9,  -2.3,   1.9
233526,   0.2,   2.3,   2.3, -15.0, 155.0, 949.7,  -2.0,   1.8
233554,  -1.4,  -0.2,   4.5,-176.8, 134.0, 984.1,  -1.7,   2.3
233578,   0.1,  -2.5,   5.8, 280.4,-179.8,1078.4,  -3.0,   1.8
233602,   2.0,   4.7,   2.3,-162.4,  71.7, 971.9,  -2.9,   1.4
233630,   0.3,   0.1,   0.9, -14.5,  21.4, 939.0,  -2.2,   1.8
233654,   0.1,   2.3,  -0.9,-144.4, -24.0, 995.3,  -2.0,   1.8
233678,  -0.4,  -2.1,   1.5, -29.4,-145.8, 944.3,  -2.6,   2.1
233704,  -2.9,  -0.3,  -0.2, 139.1, -17.2,1007.3,  -2.6,   1.7
233728,  -2.0,   3.5,   0.6,-152.4,-157.5, 922.4,  -3.0,   1.9
233752,   0.4,  -0.5,  -1.1,  -6.7, -32.8,1015.4,  -3.1,   1.7
233780,  -0.6,   1.2,  -1.3, -66.0,-219.1,1094.2,  -3.0,   1.7
233804,   0.1,  -1.9,  -1.4,  -0.1, -63.1, 943.6,  -3.1,   1.9
233828,   0.2,  -0.7,  -0.9,  65.6,  17.5, 967.8,  -3.1,   1.7
233852,  -1.4,   0.2,   0.5,  36.0, -57.0, 991.7,  -3.3,   1.5
233880,  -2.0,   1.9,   0.4,-141.2, -68.9, 985.3,  -3.4,   1.6
233904,  -3.4,  -0.2,   0.0, -34.3, -72.8, 915.0,  -2.8,   1.6
233928,  -6.4,   2.8,  -0.8,-179.3,  28.5, 898.7,  -2.7,   1.7
233952,  -3.1,  -3.5,   5.3, 227.9,-333.3,1266.6,  -3.5,   1.8
233980,   0.3,   4.2,   4.9, -23.5,  58.8,1083.7,  -4.1,   1.3
234008,   1.1,   0.5,   2.6,-120.7, -79.4,1090.1,  -4.1,   1.4
234028,   0.4,   2.6,   1.2,-101.9,-135.8,1002.4,  -4.0,   1.4
234052,   0.5,   0.3,   0.1, -29.1,-158.3, 913.8,  -4.0,   1.6
234080,  -0.2,  -1.0,   2.8,-143.2, -46.7, 989.5,  -4.2,   2.0
234104,  -0.7,  -1.6,   2.5, 136.6, -24.0, 950.4,  -4.3,   1.7
234128,   1.5,  -0.8,   1.7, -40.6,   9.0, 990.5,  -4.4,   1.7
234152,   2.5,  -2.7,   0.0,  77.6,  70.2, 976.6,  -4.3,   1.5
234180,   2.6,   4.2,  -1.7,-164.1,-146.8, 983.4,  -4.5,   1.3
234204,   3.5,  -1.6,  -0.5, -56.5, -31.8,1016.1,  -3.9,   1.7
234228,   1.3,  -0.4,   0.6,-108.5, -88.0, 974.1,  -3.9,   1.8
234252,   0.9,   2.7,   0.8, -76.5, -75.5, 921.6,  -3.8,   1.7
234280,  -0.1,  -0.8,   0.8,  46.3,   0.2, 979.2,  -3.5,   1.7
234304,  -0.4,  -1.1,   0.3, 102.0,-399.0,1324.9,  -3.8,   1.8
234328,   3.5,   4.4,   1.8,-207.6, -34.2, 914.3,  -4.3,   1.4
234352,   3.2,   1.9,  -1.9, -99.0,  -0.3,1003.4,  -3.8,   1.1
234380,   1.0,  -2.1,  -1.3, -21.6, -93.3,1005.4,  -2.7,   1.6
234404,  -0.2,  -3.7,   0.6, 140.3,-154.1,1130.1,  -3.0,   1.8
234428,  -2.6,  -0.4,   0.4, -41.6,-253.2, 991.9,  -3.4,   1.6
234452,  -1.5,  -1.5,   0.9,  43.9, -73.1,1036.4,  -3.5,   1.6
234480,   0.7,  -0.9,   0.2,  88.1, -75.0, 987.5,  -3.4,   1.3
234508,   0.8,   0.2,   0.0,  -5.2,  44.1,1003.7,  -3.3,   1.3
234528,   0.8,   1.3,  -0.6,   2.6, -86.5, 985.3,  -3.0,   1.2
234552,   2.2,   2.6,  -0.4, -71.4, -37.4, 950.4,  -3.1,   1.3
234580,   1.0,  -1.3,   1.3, -13.0, -19.6, 997.8,  -2.7,   1.8
234604,   1.5,   1.5,   0.5,  69.5,-139.2,1059.8,  -2.8,   1.4
234628,   1.6,   3.1,   0.6, -66.5,   5.5, 991.4,  -2.8,   1.7
234656,  -0.3,   1.9,  -0.6, -20.3, 181.6, 963.6,  -2.3,   1.5
234680,  -2.6,   6.0,  -1.0,-504.7,-228.1,1167.2,  -1.7,   1.9
234704,   0.5,  -7.7,   3.4, 119.8,-611.1, 848.1,  -3.8,   2.5
234728,   0.8,   4.1,  -0.0, 268.7, -27.2, 917.7,  -3.2,   0.8
234756,   2.5,   1.9,  -1.9, -90.9,  66.3, 914.3,  -2.2,   1.5
234780,   2.8,  -2.6,  -2.4,  16.3,  16.0,1006.6,  -2.2,   1.7
234804,   0.4,  -1.5,  -3.1, 180.8,-113.1, 943.1,  -2.5,   1.6
234828,  -1.7,  -1.3,  -1.7, -62.6,   8.7, 967.8,  -2.6,   1.8
234856,  -2.4,   0.8,  -0.2, -15.7,-107.0,1014.1,  -2.6,   1.7
234880,  -0.8,   1.6,  -0.6,-224.2, -60.1,1017.8,  -2.5,   1.7
234904,  -1.0,   2.6,  -0.6,-242.8, -22.8,1120.8,  -2.4,   1.8
234928,  -1.2,   0.5,  -2.0,  77.8,-196.6,1025.1,  -2.8,   1.4
234956,  -1.9,   2.0,  -3.5,-156.3, -14.5,1031.2,  -2.8,   1.5
234980,  -2.0,   0.9,  -2.5, -90.2,  13.6,1038.1,  -2.8,   1.4
235008,  -2.8,  -0.5,  -1.1,  22.4, -64.3, 947.7,  -2.9,   1.3
235028,  -2.7,   0.2,  -2.8,  68.8,  38.3, 879.6,  -2.7,   1.1
235056,  -5.1,   1.8,  -3.5,   2.1,   2.6, 888.9,  -2.1,   1.1
235080,  -2.8,   1.7,  -0.3,-211.5,-337.7,1090.1,  -3.1,   1.9
235104,   1.3,  -2.1,  -0.6, 186.9,  22.2,1064.0,  -3.1,   1.1
235128,   1.0,  -0.4,  -3.0, -87.5,  98.3, 951.2,  -2.6,   1.2
235156,   1.2,  -1.0,  -3.1, -12.5, -90.4,1045.2,  -2.5,   1.2
235180,  -0.0,   3.8,  -3.8, -43.3,  -1.3,1014.1,  -2.4,   1.1
235204,  -1.4,  -2.1,  -1.9,-144.6,   8.0, 955.3,  -2.4,   1.6
235228,  -2.7,   3.9,  -2.0,  33.4,-176.8, 961.9,  -2.8,   1.2
235256,   0.1,  -3.8,   0.0, 114.7,  18.7, 962.6,  -2.7,   1.4
235280,   2.5,  -0.5,  -0.8, 119.8, -81.9, 962.4,  -2.9,   1.0
235306,   0.8,   0.9,  -0.1, -80.4,  30.2, 924.3,  -2.1,   1.3
235330,   1.3,   0.3,   1.9, -87.7, -27.7,1054.7,  -2.3,   1.4
235354,  -2.6,   1.5,   2.6, -38.4,-114.8,1110.6,  -2.4,   1.7
235378,  -4.3,  -0.5,   3.4,-111.9,-107.2, 985.3,  -2.3,   2.0
235406,  -3.1,   1.7,   3.0, -82.4,-321.8,1258.0,  -2.7,   1.9
235430,   2.3,   2.0,   4.5,  -1.5, -82.6, 819.3,  -3.7,   1.6
235454,  -0.8,   3.7,  -1.3, -71.9, -48.9, 917.7,  -2.5,   1.7
235478,   0.6,   0.6,   0.7, -59.2,   7.0, 869.9,  -2.6,   2.1
235506,  -0.7,  -1.3,   0.3, -11.3, -43.5, 899.6,  -2.6,   2.0
235530,  -2.9,  -0.6,   2.5,  52.4, -60.4,1033.2,  -3.0,   2.1
235554,  -0.8,   1.5,   2.3, -35.5,  79.5,1017.6,  -3.1,   2.0
235578,   0.5,  -0.4,   2.5,   8.2,  35.8, 985.3,  -3.2,   1.8
235606,   2.1,   3.8,   1.4, -96.5,  13.1, 990.2,  -3.0,   1.8
235630,   0.6,  -1.4,   1.0,  29.0,-103.3, 894.8,  -2.8,   1.8
235654,  -0.4,   0.6,   2.4,-162.9, -64.5, 914.5,  -3.1,   2.2
235682,   0.7,   2.5,   1.6,-117.3,-180.7,1005.6,  -3.3,   1.8
235706,  -2.4,  -1.6,   1.6, 102.0, -42.8, 954.8,  -2.7,   1.8
235730,  -6.4,   4.5,  -0.6, -13.5,  26.3, 856.4,  -1.9,   1.2
235754,  -1.5,  -7.7,   4.6, 328.0, -76.5,1215.6,  -2.9,   1.7
235782,  -4.0,   0.3,   6.1,  96.4, -71.1,1086.7,  -3.4,   1.0
235806,  -0.6,   1.2,   5.4, -84.1,  54.6,1084.9,  -3.5,   1.2
235830,   1.9,   4.6,   2.9,-150.2, -60.9,1048.3,  -3.4,   1.4
235854,   0.5,   2.1,   1.4,-154.1,  34.6, 840.1,  -3.1,   1.5
235882,  -1.3,   1.8,   2.3, -86.8,-159.0,1008.5,  -3.6,   1.6
235906,  -0.5,  -0.1,   3.1, -74.8, -94.8,1109.6,  -3.8,   1.8
235930,   1.1,  -0.6,   1.7,  75.8,-110.4,1079.6,  -4.2,   1.5
235954,   0.8,  -2.0,   1.1, 283.9, -45.5, 964.8,  -3.9,   1.5
235982,   2.8,   4.0,  -1.6,-164.4,  23.6, 966.1,  -4.1,   1.4
236010,   1.0,   2.3,   1.7,  69.0,-143.1, 954.6,  -4.2,   1.4
236030,  -0.9,   1.4,  -1.1,-141.9,  73.9, 878.7,  -3.6,   1.5
236054,   3.7,  -1.6,   2.5,-143.6,-142.4, 945.8,  -4.3,   2.1
236082,   1.8,  -2.2,   0.6, 219.6,-190.0,1046.1,  -4.0,   1.4
236106,   1.1,   1.6,  -0.2, -28.6,-120.4, 988.8,  -4.0,   0.8
236130,   0.7,   3.1,  -3.0,-191.7,  21.4,1053.5,  -3.4,   1.4
236154,   0.8,  -0.4,  -1.8,  68.5, -47.7, 990.7,  -3.6,   1.3
236182,  -1.5,  -0.6,  -0.6,-101.4,-171.2,1083.7,  -3.8,   1.4
236206,  -0.7,   2.5,   0.9, -48.2, -50.6,1016.8,  -3.8,   1.4
236230,  -0.7,  -0.6,   1.1, 111.0, -66.0,1026.6,  -3.8,   1.2
236254,   2.2,   2.8,   0.2, -28.2,  -7.1, 957.8,  -4.0,   1.2
236282,   2.4,   0.7,  -0.1,  65.1, -65.3,1027.6,  -4.2,   1.1
236306,   1.8,   1.0,   0.5,-119.7, -22.0, 906.0,  -3.9,   1.5
236330,   2.4,  -2.8,   0.3, 113.9, -54.8, 961.7,  -3.8,   1.5
236354,   1.6,   0.7,  -1.3, -49.2, -66.0, 885.7,  -3.9,   1.7
236382,  -0.9,  -0.3,  -2.8, -44.3, 101.7, 907.5,  -3.4,   1.5
236406,  -4.4,  -2.9,  -1.3,-176.6, -81.9,1115.7,  -3.1,   2.0
236430,  -2.8,  -3.5,  -3.0,  73.2,-116.3, 765.9,  -3.9,   2.0
236454,  -3.5,   7.9,  -3.1, -72.6,-144.8, 929.9,  -4.1,   1.0
236482,  -2.0,  -0.3,  -3.1, 161.3,  15.8,1025.6,  -4.1,   1.0
236510,  -1.7,   3.8,  -3.3, -66.2,-104.8,1049.1,  -4.2,   1.1
236530,   0.1,  -0.1,  -3.0, -25.2, -40.1, 987.3,  -4.1,   1.2
236554,  -1.2,   0.9,  -1.6, -30.6, -82.1, 949.7,  -4.1,   1.4
236582,  -1.0,  -3.1,   1.1,  73.2, -51.1,1062.0,  -4.2,   1.6
236606,  -1.6,   1.0,   2.2, -43.3,-132.4, 943.6,  -4.2,   1.5
236630,  -0.1,   2.0,   2.3, -82.6, -73.6,1046.6,  -4.1,   1.6
236658,  -0.1,   1.0,   3.0,  77.8,-166.1, 935.5,  -4.1,   1.5
236682,  -0.3,   2.8,   0.4,-174.6,-113.6, 966.5,  -4.1,   1.7
236706,  -0.0,   2.9,   2.4, -93.1, -52.1, 997.3,  -4.3,   1.7
236730,  -0.6,  -0.4,   2.2, -25.7,  31.4,1026.1,  -4.0,   1.9
236758,  -3.1,   2.1,   0.0,   6.0, -43.3, 940.4,  -3.8,   1.5
236782,  -6.1,  -1.9,   4.2, 174.5,-360.9,1196.3,  -4.1,   1.7
236806,   0.9,   2.5,   2.7,  64.1,-130.7, 922.6,  -5.0,   1.3
236830,   2.6,   3.1,  -2.0,-328.7,  37.8, 830.3,  -4.3,   2.1
236858,   0.4,  -2.1,  -3.1,  63.9,-111.1, 924.3,  -4.1,   1.8
236882,  -0.3,   1.0,  -2.6, -26.0,-118.5,1084.7,  -4.4,   1.9
236908,  -1.0,  -1.4,  -2.5, -46.7, -87.0,1012.0,  -4.4,   2.0
236932,  -1.2,  -1.6,  -2.6,  93.9,  51.9,1085.7,  -4.5,   1.7
236956,  -0.6,   0.9,  -4.6,-100.9,  20.0,1002.2,  -4.4,   1.6
236980,  -0.6,  -3.5,  -3.8, 117.1, -31.8, 986.8,  -4.3,   1.4
237008,  -0.3,   2.8,  -3.8, -14.7,   0.4, 974.1,  -4.2,   1.4
237032,  -0.4,   0.7,  -2.7, -37.7,  -9.1, 960.4,  -3.8,   1.5
237056,  -0.4,  -0.1,  -1.7, -72.8,-167.8, 957.5,  -3.8,   1.6
237080,  -1.1,  -0.9,  -1.1, -32.6,-139.0,1121.1,  -3.7,   1.7
237108,   0.2,   2.0,  -0.1,  -3.5,  57.1,1015.1,  -3.6,   1.5
237132,  -1.2,   2.1,  -1.7,  16.5, -36.4,1036.1,  -3.4,   1.4
237156,  -1.0,   1.8,  -1.4,-124.6,-275.0,1072.5,  -3.9,   1.8
237180,   2.9,  -3.2,  -1.5,  55.8,  99.1, 811.8,  -4.0,   1.8
237208,   1.5,   3.2,  -3.3, -60.6, -33.3, 937.0,  -3.5,   1.0
237232,  -1.3,  -1.1,  -3.5,-158.8,-101.6, 982.9,  -2.9,   1.7
237256,  -0.7,  -0.4,  -0.5, 113.4, -56.5,1061.0,  -3.2,   1.8
237280,  -1.2,  -0.6,  -2.0,   6.5,  -6.9,1038.3,  -3.4,   1.5
237308,  -2.6,   2.1,  -1.3,  11.9,-112.6,1050.5,  -3.1,   1.5
237332,  -1.5,   1.7,  -1.2, -69.2, -56.7, 976.6,  -3.3,   1.4
237356,  -1.6,   0.2,  -0.6,   6.0, -83.8, 917.2,  -3.1,   1.6
237380,  -0.9,  -1.1,   0.5,  91.2,-107.7, 960.7,  -3.1,   1.5
237408,  -0.7,   3.9,  -0.3,-333.1,  22.9, 839.3,  -3.1,   2.0
237432,  -2.2,  -3.2,   0.5, 206.0,-139.0,1078.4,  -3.1,   1.7
237456,  -0.2,   3.1,  -1.8, -67.5,-100.9,1019.0,  -3.3,   1.6
237480,  -1.2,   0.6,  -1.9, -27.4,-177.8,1010.5,  -3.2,   1.6
237508,   0.4,   0.2,  -3.0, -39.1,  54.9, 947.3,  -3.0,   1.6
237532,  -3.1,  -0.7,  -2.7, -99.0,  36.1, 865.2,  -2.3,   1.9
237556,  -8.2,   1.2,  -2.8,  69.3,  28.0, 847.4,  -1.9,   1.2
237580,  -3.4,   4.4,   1.3,-221.0,-336.7,1072.3,  -3.2,   1.5
237608,  -1.5,  -2.4,   1.2, 253.3, -28.1,1059.8,  -3.1,   1.4
237632,   1.3,   0.8,  -1.4, 131.0,  46.6, 939.2,  -2.8,   1.2
237656,   1.6,   0.3,  -3.0, -86.8,  21.4,1055.4,  -2.8,   1.2
237684,  -1.3,  -0.2,  -1.3,  26.0, -66.2,1044.2,  -2.7,   1.6
237708,  -2.0,   0.7,  -0.6, -67.2, -26.9,1126.2,  -3.0,   1.7
237732,  -2.6,   1.2,  -0.6,-224.9, -93.1, 939.7,  -3.1,   1.8
237756,  -0.5,  -1.7,  -0.5,  59.5, -46.9, 896.7,  -3.2,   1.6
237784,  -0.3,  -0.9,  -3.3, -29.9, -85.0,1025.1,  -3.3,   1.6
237808,   0.7,  -1.0,  -5.3,  78.8, -61.6, 946.5,  -3.4,   1.2
237832,  -1.1,  -0.6,  -5.6,  73.9, -39.4,1010.5,  -3.7,   1.1
237856,  -1.5,   0.9,  -4.6,-176.4,  36.1, 920.6,  -3.4,   1.2
237884,  -2.8,  -1.7,  -3.6,   8.7,   7.0, 944.8,  -3.1,   1.4
237908,  -2.7,   1.0,   0.5,   7.7,-165.6, 996.1,  -3.2,   1.0
237932,   4.0,   5.3,   1.2,-147.3, -39.9, 986.8,  -4.5,   1.0
237956,   4.0,   0.4,   0.1,  16.8, 119.8, 951.4,  -2.9,   1.4
237984,   1.6,   1.5,  -1.2,-116.8,  70.7, 936.8,  -2.4,   1.3
238012,  -0.0,  -1.0,   4.0, -78.0,-167.3, 926.0,  -2.5,   1.3
238032,  -1.8,   2.0,   5.2,-196.1, -14.0, 977.5,  -2.9,   1.5
238056,  -1.5,  -0.1,   7.5,  52.9,  11.9, 996.3,  -3.0,   1.5
238084,  -1.2,   4.8,   4.1,-210.5,-134.6,1107.7,  -3.2,   1.7
238108,   1.5,   0.7,   2.5, -47.9, -51.8,1056.6,  -3.3,   1.3
238132,   1.4,   4.7,   3.1,-221.5, -75.0, 960.9,  -3.5,   1.5
238156,   2.3,   1.2,   4.0,  48.3, -40.6,1069.6,  -3.6,   1.6
238184,   0.7,  -1.0,   5.3,  41.4,   6.8,1021.7,  -3.1,   2.1
238208,   1.3,   2.8,   6.1,-137.3,-135.8,1051.3,  -3.4,   2.1
238232,   1.9,   0.3,   6.9,  84.9, -45.5, 911.4,  -3.3,   2.0
238256,  -0.9,   4.1,   3.8, -86.3, 161.3, 883.5,  -2.5,   1.8
238284,  -0.8,  -7.7,   7.2, -73.3,-366.5, 913.3,  -3.3,   3.0
238308,  -1.7,  -1.3,   6.5, 446.2,-145.1,1025.1,  -3.2,   1.6
238332,  -0.1,   2.4,   5.1,  59.0, -82.8,1059.6,  -3.6,   1.3
238356,   0.3,   3.6,   3.0,-245.4, -67.2,1017.1,  -3.0,   1.7
238384,   3.4,   1.6,   3.0, -26.5, -87.5, 983.1,  -3.2,   1.7
238408,   2.0,   0.6,   0.9, -96.3,  28.7, 983.6,  -3.1,   1.8
238432,   0.8,  -0.5,   2.3, -84.6, -24.0, 923.1,  -3.0,   1.9
238456,   1.1,   2.1,   1.6, -34.5, -19.6, 902.3,  -3.3,   1.7
238484,   0.7,  -1.0,   2.7, -58.4, -95.8,1173.3,  -3.3,   1.8
238515,   1.3,  -1.0,   0.4,  31.9, -28.9,1092.5,  -3.2,   1.7
238531,   1.6,  -0.5,   0.1,  28.5,-196.8,1105.2,  -3.5,   1.6
238559,   0.8,   3.4,  -1.6, -95.3, -52.3,1064.4,  -3.6,   1.5
238583,  -1.7,   0.7,   0.6,  70.0,  57.6, 970.4,  -3.1,   1.5
238607,  -4.0,   2.8,   0.6, -51.6,  88.1, 839.3,  -2.6,   1.1
238631,  -6.8,  -2.1,   7.0, -44.0,-456.1,1333.5,  -2.9,   1.7
238659,   1.2,   5.8,   6.1,-201.3, -49.6, 928.0,  -3.7,   1.4
238683,   2.1,   2.9,   2.5,-149.0, -48.6, 928.2,  -3.2,   1.6
238707,   3.7,   5.2,   2.0,-165.9,-190.5,1122.3,  -3.1,   1.6
238735,   2.7,   0.4,   2.2, -74.3,  27.8, 888.9,  -2.8,   1.9
238759,   1.2,  -1.0,   3.7, -77.2, -29.1, 998.0,  -3.1,   2.0
238783,  -0.4,  -1.0,   4.1, 165.0,  28.5, 998.8,  -3.1,   1.8
238807,   0.8,   2.3,   3.4, -63.1,-268.1,1022.9,  -3.6,   1.7
238835,   3.0,  -1.4,   1.1, 192.3,  53.4, 980.9,  -3.6,   1.5
238859,   2.2,   2.4,   0.2,  40.2,-102.8, 961.2,  -3.5,   1.3
238883,   2.1,   6.1,  -0.3,-126.1,  68.8,1025.4,  -3.3,   1.6
238907,   1.2,   4.8,   1.5,-119.0,-104.8, 969.5,  -3.2,   1.7
238935,  -0.6,   1.6,   0.3,  39.0,  46.3, 990.5,  -2.9,   1.5
238959,  -1.7,  -1.0,  -0.1, -75.5,-293.8,1226.6,  -2.9,   1.9
238983,   0.5,  -0.1,   0.6, -76.7,-124.8,1051.0,  -3.7,   2.1
239011,  -1.1,   2.7,  -1.3, 257.0,-114.1,1025.9,  -3.8,   1.8
239035,   1.2,   4.6,  -2.2,-104.3,   6.5,1067.4,  -3.4,   1.7
239059,  -0.4,  -0.1,  -3.6,-167.6, -72.3,1007.6,  -3.2,   2.3
239083,  -2.3,  -0.2,  -2.7, 165.7,-125.1,1095.2,  -3.2,   2.1
239107,  -1.0,   1.2,  -3.8,  67.1,-131.2, 955.8,  -3.7,   1.9
239135,  -1.8,   0.1,  -3.9, -80.7, -96.0, 909.2,  -3.7,   1.9
239159,   0.7,   0.0,  -6.4, -49.6,  31.2, 982.9,  -3.9,   1.7
239183,   0.8,  -0.5,  -7.5,-130.0,  26.8, 980.7,  -3.5,   1.7
239207,   0.2,  -1.8,  -8.3, -16.2, -25.2,1004.9,  -3.8,   1.6
239235,  -1.5,  -0.4,  -9.0, -39.6, -24.5, 997.1,  -4.0,   1.5
239259,  -0.9,  -1.9,  -8.5, -12.8, -52.6,1026.6,  -4.0,   1.5
239283,  -0.6,  -1.8,  -9.6,  60.5, -12.5,1039.1,  -3.9,   1.2
239307,  -1.1,   0.9,  -8.6,-110.9,   5.1, 928.2,  -3.7,   1.3
239335,  -2.3,  -0.6,  -9.2, -39.6,   6.5, 919.9,  -3.2,   1.1
239359,  -0.4,  -6.6,  -7.1,  70.7,  19.7,1075.4,  -3.5,   1.4
239383,   0.2,   0.7,  -4.2,  89.5, 129.6,1057.8,  -4.0,   1.0
239407,   0.4,  -1.3,  -4.2, -16.0,  99.3,1045.6,  -4.0,   0.9
239435,   1.1,  -0.3,  -6.2, -91.4, -29.4,1026.8,  -3.4,   0.9
239459,   0.6,   0.9,  -5.6,-129.2,  13.4, 964.1,  -3.4,   1.2
239483,  -1.0,  -0.5,  -5.6, -12.5,-120.7, 911.4,  -3.5,   1.1
239511,  -1.9,   1.2,  -4.4, -39.6, -87.2, 984.6,  -3.6,   1.1
239535,  -1.8,   3.8,  -3.3, -63.1,-122.1,1040.8,  -3.6,   1.1
239559,  -0.3,   1.0,  -4.3,-115.3,-137.8, 969.2,  -3.6,   1.2
239583,   0.7,   3.1,  -3.7, -19.6,  20.7, 993.2,  -3.6,   1.2
239607,   1.3,   1.9,  -3.8,-107.0, -46.2,1005.8,  -3.6,   1.2
239635,   1.3,   0.5,  -2.7,-140.2,   7.3,1196.3,  -3.2,   1.4
239659,   0.8,   1.3,  -1.1,  55.6, -72.8,1093.5,  -3.3,   1.3
239683,   0.3,   1.7,  -0.8,-156.8, -84.8, 989.7,  -3.4,   1.5
239711,  -0.8,   1.7,  -2.1,   3.8,  72.9, 907.9,  -2.9,   1.4
239735,  -3.1,   3.7,  -0.5, 114.7, -87.2,1341.3,  -2.9,   1.1
239759,  -0.1,   4.5,   0.1,-210.5,-446.6,1179.9,  -3.9,   1.2
239783,   3.0,  -0.1,   0.9, -62.6,  82.2, 958.5,  -3.1,   1.6
239811,   1.1,  -0.6,  -0.5,  15.8,  87.1, 950.2,  -2.4,   1.7
239835,  -1.2,   3.0,  -0.0, -43.5,-128.2, 990.7,  -2.6,   1.9
239859,  -3.2,   2.2,   2.0,  73.9, -33.3, 952.1,  -2.6,   2.1
239883,  -2.5,   0.2,   1.4, -38.9, -70.4,1098.4,  -2.9,   1.9
239911,  -1.7,  -1.9,   2.5, 223.5,  -7.9,1052.2,  -3.0,   1.6
239935,  -0.8,   1.9,   0.0,  84.4, -43.8,1150.4,  -2.9,   1.6
239959,   0.1,   2.4,  -0.6, -39.6, -83.8, 934.8,  -3.1,   1.9
239983,  -0.4,   1.0,   0.6,  43.6,-176.3, 882.3,  -3.2,   1.9
240011,  -0.1,   1.0,  -0.3, -96.3, -54.0, 968.0,  -3.1,   1.9
240035,  -2.1,  -1.2,   0.6,-104.3,-115.5,1047.6,  -2.9,   2.3
240059,  -0.6,   2.0,   0.6,   7.5, -96.7,1056.9,  -3.1,   1.8
240083,   0.5,   2.7,  -0.4,-157.6, -42.5, 990.7,  -3.0,   1.9
240109,   1.8,   1.4,  -1.0,   4.6,   8.2, 970.0,  -2.9,   1.8
240133,  -4.2,  -2.8,  -2.8,  26.8,  12.9, 903.3,  -2.0,   2.0
240161,  -6.7,   2.5,   1.9,  59.2,-280.1,1302.2,  -2.3,   1.6
240185,  -1.8,   2.0,   5.1, -98.0,-338.9, 980.2,  -4.0,   1.6
240209,  -0.3,   2.0,   3.0, 170.8,  11.7, 928.7,  -2.9,   1.4
240233,   3.5,   1.2,   0.5, -93.8, -39.6, 927.7,  -2.9,   1.6
240261,   1.7,   2.0,   0.1,-160.2, -12.0, 883.8,  -2.3,   1.9
240285,  -1.0,  -0.1,   2.2, -85.0,-135.3, 983.9,  -2.5,   2.2
240309,  -3.5,   1.0,   3.6,  35.3, -95.0,1053.2,  -2.6,   1.9
240333,  -2.8,   0.6,   2.7, -51.6, -66.0,1110.1,  -2.9,   1.8
240361,  -0.7,   2.4,   1.4, -20.8, -33.5,1002.4,  -3.1,   1.7
240385,  -0.4,   3.6,   0.3, 125.4,-124.3,1024.6,  -3.1,   1.4
240409,  -0.6,   0.8,  -0.0, -40.4, -55.7,1080.3,  -3.0,   1.8
240433,  -2.4,   2.6,   1.5, -31.6,-156.3,1028.6,  -3.1,   1.8
240461,  -2.4,   0.1,   3.2,  19.0,  35.3,1020.0,  -3.3,   1.8
240485,  -2.3,   3.1,   2.2, -85.8,  23.9,1003.7,  -3.2,   1.8
240513,  -2.0,   2.1,   2.4, -86.8,-106.8,1043.7,  -3.3,   1.9
240533,  -1.1,  -0.1,   1.0,  51.4,  13.9, 956.0,  -3.2,   1.8
240561,  -2.8,   0.4,   1.9,  80.5,  78.3, 902.1,  -2.7,   1.9
240585,  -2.6,   2.1,   6.5, 172.5,-120.7,1091.8,  -3.2,   1.9
240609,   1.4,   3.7,   6.1,-194.7,  -3.0, 880.6,  -3.7,   1.9
240633,   1.0,   4.4,   2.6,-185.9,  14.6, 932.1,  -3.0,   2.1
240661,   0.7,   3.4,   1.4,-185.4, -67.9, 995.6,  -2.8,   2.2
240685,  -0.5,   2.1,   2.3,-155.8, -84.0, 930.9,  -2.9,   2.3
240709,  -2.0,   0.4,   2.3, 111.0, -74.3,1088.6,  -3.0,   2.1
240737,  -1.0,   2.7,   2.2,-112.9,   0.4, 993.2,  -3.1,   2.2
240761,  -0.9,   1.9,   1.9,  71.2, -33.5,1037.8,  -3.1,   1.8
240785,   1.0,   2.5,   2.3,  79.0, -19.6,1007.3,  -3.2,   1.8
240809,   1.9,   6.3,   1.7,-224.7, 105.6,1050.0,  -2.9,   2.0
240837,   0.4,  -0.9,   3.3,  97.8,-198.6,1026.1,  -3.0,   1.8
240861,  -0.6,  -1.5,   4.7,  44.3, -82.1,1093.2,  -3.1,   2.1
240885,  -1.7,   3.4,   3.4, -12.0, -80.6,1082.8,  -2.9,   1.9
240909,  -3.6,   0.1,   1.9, -15.5, -67.9, 946.0,  -2.5,   2.0
240937,  -0.4,  -2.7,   3.3,-133.6,-559.6,1178.7,  -3.8,   2.4
240961,   0.5,   1.4,   1.5, 202.1,   1.9, 970.2,  -3.4,   1.5
240985,  -0.5,   2.8,  -0.5,-129.5, -51.8, 885.2,  -3.0,   1.6
241013,   0.2,   0.2,  -1.7,-101.9, -59.4, 920.4,  -2.9,   1.7
241037,  -2.1,  -3.8,   0.8,  16.8,-169.7, 889.1,  -3.1,   2.0
241061,  -2.8,   0.6,  -0.3,  70.5,  21.9, 993.4,  -3.4,   1.6
241085,  -2.4,   0.7,   0.2,  87.8, -45.5,1065.9,  -3.5,   1.5
241109,  -1.0,   1.4,  -2.5, -89.2, -84.0,1032.7,  -3.6,   1.2
241137,  -0.6,  -0.5,  -2.9,  91.7, -86.0,1077.6,  -3.2,   1.2
241161,   2.8,   1.5,  -2.0, -79.9,  73.4,1054.4,  -3.5,   1.3
241185,   1.6,   0.1,  -1.4,  67.5, -44.0, 937.5,  -3.2,   1.5
241209,   3.2,   0.2,  -2.5,-126.1, 151.5, 976.1,  -3.0,   1.4
241237,   0.6,  -0.1,  -2.7,  58.3, -36.0, 935.8,  -2.9,   1.0
241261,  -4.1,   0.2,  -4.8, -40.4,  52.7, 794.7,  -1.9,   1.2
241285,  -9.7,  -1.9,  -0.3, -58.9,-695.9,1515.4,  -2.5,   1.5
241309,  -3.6,   3.5,   1.1,  83.2,-150.5,1071.0,  -3.2,   0.9
241337,  -2.1,   2.3,  -0.6,-231.8,-206.4, 969.2,  -3.0,   1.2
241361,   1.1,   1.1,  -2.4,  48.3, -79.2,1100.1,  -2.8,   0.8
241385,  -0.5,   2.1,  -1.1,-103.1, -58.7,1035.6,  -2.9,   1.1
241409,  -2.2,   2.4,  -0.1,-204.4, -58.9,1090.6,  -3.0,   1.3
241437,  -1.8,  -1.0,   0.9, 280.7, -64.3,1114.7,  -3.3,   1.1
241461,  -0.5,   2.3,   0.7,  41.4, -69.6,1147.7,  -3.4,   1.3
241485,   2.5,  -2.5,   1.2, -39.6, -32.3,1062.7,  -3.6,   1.7
241513,   2.4,   2.6,  -1.1, 102.5, -84.5,1029.5,  -3.5,   1.6
241537,   1.8,   4.0,  -1.9,-255.7,-112.4, 942.1,  -3.5,   1.6
241561,  -0.3,   0.3,  -0.5, -55.5, 102.2, 886.2,  -3.0,   1.5
241585,  -4.1,  -6.8,   1.6, -81.6,-323.1,1297.8,  -3.0,   2.1
241609,   1.6,   0.9,   2.0, 258.9, -17.4, 837.6,  -4.0,   1.3
241637,   0.6,   0.9,  -1.4,-141.9, -99.4,1001.9,  -3.3,   1.1
241661,   1.7,   1.9,  -1.4, -23.3,-124.3,1093.2,  -3.0,   1.2
241685,   1.4,   0.6,   0.5,  76.1, -50.1,1209.2,  -2.7,   1.5
241711,  -0.1,   2.4,   1.4,-161.0,-185.4, 982.7,  -3.1,   1.4
241735,  -1.6,  -1.3,   2.9,  73.9,-146.8,1138.9,  -2.9,   1.7
241763,   1.2,   3.5,   2.1,-125.6, -34.2, 936.8,  -3.3,   1.5
241787,   0.7,   0.3,   2.2,  37.0,-151.7, 983.9,  -3.3,   1.4
241811,   4.8,   0.3,   1.2,  47.0,  18.5,1084.0,  -3.3,   1.1
241835,   0.4,   3.8,   1.7,-190.5,-158.8, 822.5,  -3.1,   1.7
241863,   3.3,   3.4,   1.9, -86.3,  46.6, 764.1,  -3.0,   1.5
241887,  -2.9,   2.3,   1.7,-192.5, 300.7, 808.6,  -1.9,   2.1
241911,  -2.9,  -6.6,   6.7, 241.6,-387.0,1326.9,  -2.7,   2.3
241935,  -0.2,   5.2,   5.3, 156.4,-108.0, 943.8,  -3.4,   1.5
241963,  -0.1,  -1.0,   1.2, 162.8,  35.8, 977.0,  -3.1,   1.6
241987,   2.2,   4.5,  -0.3,-124.8, -10.3, 988.5,  -3.1,   1.5
242015,   0.5,   1.5,  -0.6,  77.6,-214.4, 966.1,  -3.3,   1.4
242035,   0.7,   1.4,  -1.0, -53.1, -21.8, 996.3,  -3.3,   1.7
242063,  -1.3,   0.7,  -0.7, -35.2, -68.7, 905.0,  -3.4,   1.6
242087,  -0.1,  -2.0,  -0.1, 145.7, -43.3,1031.5,  -3.5,   1.4
242111,   0.1,   0.1,  -1.4,  61.7, -93.1,1011.5,  -3.5,   1.6
242135,   2.3,  -1.4,  -1.5, -11.8,  41.4, 920.2,  -3.8,   1.6
242163,   2.3,  -1.0,  -3.2,  17.2,-108.5,1013.4,  -4.1,   1.3
242187,  -1.4,   0.8,  -4.6, -92.1, -66.2, 907.0,  -3.2,   1.3
242211,  -5.4,  -0.7,  -0.9,-323.6,-422.7,1239.5,  -3.3,   1.3
242235,   2.4,  -4.0,   3.1, 425.9, -55.5, 972.6,  -4.2,   0.7
242263,   1.0,   3.6,  -5.5,-310.9,-118.0,1026.1,  -3.6,   0.9
242287,   0.7,   1.8,  -4.7, -93.8,-197.6,1091.3,  -3.2,   0.8
242311,   2.2,  -1.4,  -3.3, -64.5, -13.5, 951.6,  -3.5,   0.9
242335,   0.1,  -0.4,  -3.6,  51.2, -38.6,1029.8,  -3.3,   0.8
242363,  -2.1,  -0.4,  -1.8, -29.9, -35.7, 971.4,  -3.3,   0.9
242387,  -3.6,   1.3,  -1.4,  82.4, -77.0,1106.2,  -3.5,   0.9
242411,   1.2,   2.3,  -1.8, -63.8,  54.4, 908.4,  -3.5,   0.9
242435,   1.5,   2.5,  -1.7, -46.2,  37.0, 984.1,  -3.4,   0.9
242463,  -0.3,   1.4,  -1.8, 140.8,-113.1,1005.1,  -3.1,   0.7
242487,  -0.1,   2.3,  -1.8,-136.8, -94.5, 964.8,  -3.2,   0.9
242515,  -3.4,   0.7,   0.0,-153.6,  33.1, 861.8,  -3.2,   1.1
242535,  -4.5,   5.8,  -1.1,-247.2,-149.2,1065.7,  -3.2,   0.9
242563,   0.8,  -1.3,   4.1, 138.6, -79.9,1096.7,  -4.1,   1.0
242587,  -0.3,   3.0,   0.8, -97.7, 144.2, 958.5,  -3.2,   1.2
242611,   0.7,  -1.0,   1.6, 154.9, -56.5,1006.8,  -3.4,   1.3
242635,  -2.2,   4.5,   0.5,-110.4,-107.7, 890.4,  -3.6,   1.5
242663,  -4.1,   0.1,   2.5, -14.2,-182.2,1060.0,  -3.4,   1.6
242687,  -1.2,  -1.1,   2.8,  -1.8,  -8.9, 997.1,  -3.8,   1.6
242711,  -2.5,   2.8,   0.6, -88.7,-148.3, 977.8,  -3.8,   1.6
242739,  -2.8,   1.2,  -0.8, -10.3,-106.8,1048.8,  -3.9,   1.9
242763,  -0.8,   1.0,  -1.3, -52.1, -74.5, 928.5,  -4.3,   1.7
242787,  -3.3,  -0.6,  -2.0, 163.7, -60.9, 947.5,  -4.4,   1.5
242811,  -3.2,   3.0,  -1.4,-106.0, -49.1, 960.7,  -4.4,   1.7
242839,  -2.5,  -0.3,  -1.9,  30.2, -59.9,1065.2,  -4.3,   1.5
242863,  -2.3,   0.7,  -3.3,   8.5,  99.1, 883.8,  -3.8,   1.3
242887,  -3.3,  -1.7,  -1.6,-330.4,-433.7,1346.9,  -3.9,   2.3
242911,  -0.0,  -8.4,   2.0, 629.8,-184.9, 923.8,  -4.6,   1.4
242939,  -0.6,   6.4,  -3.9,-487.4,-172.4, 886.0,  -4.7,   1.3
242963,  -0.3,  -1.2,  -2.5, 241.9,-141.4, 969.2,  -4.1,   1.1
242987,   1.8,   1.1,  -3.3,-104.8,  25.3, 847.6,  -3.8,   1.5
243015,  -0.6,   2.9,  -2.9, -32.3, -64.5,1048.6,  -3.8,   1.5
243039,  -1.0,   1.2,  -2.0,-170.0, -42.5,1092.3,  -4.0,   1.9
243063,  -2.1,   1.1,   0.0, -24.5, -59.4,1043.9,  -4.2,   1.6
243087,  -0.3,   0.5,  -1.4,  27.7, -29.1, 955.1,  -4.0,   1.6
243111,  -0.4,   0.9,  -2.4, -39.4,-288.9, 908.2,  -3.9,   1.7
243139,  -1.0,   2.1,  -2.7, -86.3, -53.3, 855.7,  -3.8,   1.6
243163,   1.5,  -1.3,  -2.5, 123.2,  55.4, 987.8,  -4.0,   1.5
243187,  -2.0,   2.0,  -2.5,-162.4, 140.3, 998.3,  -3.3,   1.7
243211,  -2.1,  -1.2,  -0.0, -42.3,-541.8,1320.5,  -3.9,   2.0
243239,   4.0,   7.1,  -0.0,-224.4,  76.6,1058.8,  -4.5,   1.3
243263,   3.2,   2.3,  -3.7,-143.2,  28.0,1108.9,  -3.6,   1.3
243287,   0.6,   2.8,  -3.5,   0.6,-256.4,1127.4,  -3.2,   1.4
243313,  -0.4,   1.0,  -1.6,-102.4,-155.1, 887.0,  -3.1,   1.7
243337,  -1.7,   0.6,   1.4,  78.0,-128.5, 951.4,  -3.4,   1.5
243361,  -2.3,   4.2,   1.5, -43.3,  -9.6,1023.4,  -3.5,   1.4
243389,  -0.4,   0.7,   1.0, 134.2,   8.7,1061.3,  -3.3,   1.3
243413,   2.8,   1.7,   1.3,  87.3,  36.1, 930.4,  -3.6,   1.2
243437,   3.3,   2.5,   1.6, -48.9,  18.5, 961.7,  -3.5,   1.5
243461,   2.4,  -4.1,   1.7, 140.5,  90.5, 917.0,  -3.0,   1.9
243489,   0.8,   2.2,   1.3,  -6.4,-232.0,1060.3,  -3.3,   1.9
243517,  -2.3,   3.2,   0.1,-109.2,  80.0,1050.8,  -3.2,   2.0
243537,  -4.0,   0.9,  -0.3,-288.2,-140.2,1016.3,  -2.9,   2.4
243561,   0.2,  -1.8,   0.1,-206.1,-159.0, 975.8,  -4.3,   2.7
243589,  -0.3,   0.7,  -2.1,  81.2,-125.1,1030.8,  -4.0,   1.1
243613,   0.3,   2.1,  -2.7, -74.3,  13.6, 901.8,  -3.6,   1.4
243637,   1.8,   0.9,  -0.9, -29.4,-126.5,1019.3,  -3.4,   1.7
243661,  -1.0,  -0.7,  -0.2,  94.9,-121.2, 910.6,  -3.5,   1.4
243689,  -0.8,   2.8,   0.8,-103.8, -65.5, 941.4,  -3.4,   1.7
243713,  -0.4,   0.4,   2.5, -99.2,-126.0, 944.1,  -3.6,   1.8
243737,   1.7,   2.4,   2.3,  61.4, -30.3,1105.9,  -3.4,   1.5
243765,   2.2,   0.7,   2.2,  91.7, -43.3,1164.3,  -3.6,   1.6
243789,   0.7,   0.1,   1.2,-101.6,-242.7,1026.4,  -3.3,   1.7
243813,   2.6,   0.7,   2.8,-110.2, -44.0,1025.9,  -3.6,   1.7
243837,  -0.9,  -1.3,   1.9,  18.0,  99.1, 998.0,  -3.2,   1.6
243865,  -3.3,   4.2,   2.3, -19.9,-128.7,1144.0,  -2.9,   1.4
243889,   0.2,   2.8,   3.5,-105.8,-466.9,1189.9,  -4.0,   1.7
243913,   2.4,  -1.7,   2.0,-185.4,  62.2, 967.8,  -3.8,   1.7
243937,   0.7,   0.9,  -0.2, -39.6,-129.7, 967.0,  -3.5,   1.5
243965,   1.1,   1.8,   0.1, -56.0,-119.0, 914.1,  -3.3,   1.6
243989,  -0.3,   2.8,  -0.3,-171.7, -75.7, 875.2,  -3.4,   1.7
244017,  -0.3,  -3.9,   1.9, 116.4, -85.0,1069.3,  -3.4,   1.4
244037,  -0.2,  -1.9,   1.9,  59.7,   3.4,1071.8,  -3.7,   1.3
244065,  -1.5,   1.8,   0.8,-166.6,-175.8, 937.0,  -3.5,   1.2
244089,   1.6,   2.5,   1.6,  12.4,  11.2, 993.6,  -3.8,   1.1
244113,   1.6,   0.5,   2.1,  96.8,   5.3, 988.8,  -3.6,   0.9
244137,   1.7,   2.0,   3.2, -29.4,   4.6,1011.0,  -3.2,   1.0
244165,   1.4,   0.1,   5.3,  39.2,  -3.7, 981.4,  -3.0,   1.3
244189,  -1.0,   2.6,   4.2,  47.5, -21.8, 988.0,  -3.1,   1.3
244213,  -6.2,   3.5,   3.6,   6.5,-222.2,1341.5,  -2.5,   1.4
244237,  -4.0,   4.2,   3.8,-433.2,-415.3,1177.2,  -3.5,   2.0
244265,   0.4,   2.6,   5.2, 266.8, -19.6,1042.2,  -3.5,   0.9
244289,  -1.5,   0.9,   1.6,-106.5,-104.3, 985.6,  -3.3,   1.2
244313,  -2.1,   0.6,   1.9, -86.3,-166.3, 998.3,  -3.1,   1.6
244337,  -2.3,   0.2,   2.1,   3.3,-208.3,1051.0,  -3.5,   1.5
244365,  -1.5,  -1.8,   2.7,  99.8, -84.5, 959.0,  -3.7,   1.8
244389,  -2.3,   3.2,   1.2,   4.1,-185.6,1081.0,  -4.0,   1.6
244413,  -2.1,   3.1,  -0.2,-203.0,-170.5,1020.5,  -3.9,   1.7
244437,  -1.8,   0.7,   0.5,   6.3,-199.8, 970.9,  -4.0,   1.6
244465,  -2.0,   4.7,  -2.2,-164.1, -77.9,1002.4,  -4.1,   1.5
244489,  -2.2,   0.7,  -0.8, -13.0, -60.1, 963.4,  -4.2,   1.7
244517,  -1.8,   4.4,  -1.7,-107.8,-104.6, 953.6,  -4.3,   1.9
244537,  -0.6,   3.3,  -1.3,-187.8,-128.5,1086.2,  -4.4,   1.9
244565,  -1.7,   0.6,  -1.9, 156.2,   5.5, 895.0,  -3.9,   1.5
244589,  -3.5,   1.2,  -2.5,  82.4, -78.2,1436.0,  -3.5,   1.5
244613,  -1.2,  -4.2,  -0.2,-173.7,-415.8,1072.5,  -4.7,   2.3
244637,  -1.8,  -4.6,   0.3, 247.7,-177.8, 882.3,  -4.6,   1.6
244665,   1.0,   1.2,  -1.4,-117.8, -39.4, 962.9,  -4.8,   1.1
244689,  -0.4,   4.8,  -4.9,-193.2,-100.7, 975.1,  -4.2,   1.4
244713,   1.0,  -2.4,  -2.9, 142.0,-154.6, 924.1,  -4.2,   1.3
244741,  -0.3,   4.3,  -4.6,-266.4,-112.1, 985.8,  -4.5,   1.4
244765,  -2.3,  -4.3,  -1.1, 197.4,-146.3, 999.0,  -4.2,   1.3
244789,  -2.0,   1.2,  -1.5,  71.0, -84.5,1008.5,  -4.5,   1.2
244813,  -1.0,  -1.8,  -2.2, -73.3, -27.7,1171.1,  -4.4,   1.3
244841,   1.7,   0.6,  -2.5,  79.5, -93.8,1072.3,  -4.6,   1.0
244865,   2.9,   0.0,  -2.8,-146.3,  11.7, 969.2,  -4.3,   1.4
244889,   1.4,   0.8,  -2.7, -39.4, -87.5, 882.6,  -4.0,   1.4
244915,  -0.9,   2.6,  -1.4,  21.2,-118.5, 986.3,  -4.0,   1.4
244939,  -0.4,   0.8,   1.2,-155.1, -70.9, 914.5,  -3.7,   1.6
244963,  -0.8,   3.1,  -0.6,-172.9,  -7.1,1022.7,  -3.5,   1.4
244991,   0.7,   1.2,   1.7,  51.7,-234.4,1006.8,  -3.8,   1.5
245019,   1.6,   4.0,   2.7, -45.0,-141.4, 896.0,  -3.8,   1.6
245039,   4.9,   1.8,  -1.2, -87.7, 213.8,1055.2,  -3.2,   1.7
245063,   4.8,   1.8,  -0.8,-155.6,  35.6, 928.9,  -2.6,   2.2
245091,   1.2,  -2.2,   0.3,  98.5,-142.2,1045.4,  -3.1,   2.4
245115,   0.2,  -1.6,   0.4,  -3.3,-148.3, 932.8,  -3.3,   2.2
245139,  -0.6,  -0.4,  -0.3,  31.4,-122.6, 969.0,  -3.5,   2.0
245163,   1.3,  -0.2,  -2.1, -19.4, -53.0,1094.0,  -3.3,   1.9
245191,   1.5,   2.9,  -2.9,-126.5,-123.8, 982.4,  -3.4,   1.7
245215,   2.4,  -0.7,  -3.8, -43.1, -78.9, 978.7,  -3.5,   1.8
245239,   3.0,   1.2,  -2.9,   7.7,   1.9,1027.8,  -3.4,   1.6
245263,   2.2,  -2.4,  -1.3,  19.2, -99.4,1041.7,  -3.3,   1.7
245291,   2.6,  -1.0,  -1.0, -27.7,  45.8, 997.8,  -2.9,   1.7
245315,   2.6,  -1.0,  -2.8,  79.0, -73.6,1035.6,  -3.1,   1.5
245339,   2.2,   1.0,  -3.2, -16.4, -39.1, 955.6,  -3.0,   1.3
245363,   2.7,   2.5,  -3.3, -36.9,  91.5, 937.0,  -2.7,   1.3
245391,  -1.1,  -2.3,  -4.6, -45.7,  36.6, 854.7,  -2.0,   1.6
245415,  -2.2,  -1.5,  -2.8,-181.5,-126.0,1040.0,  -2.4,   1.7
245439,  -0.6,  -1.5,  -0.2,  35.1,  11.4, 959.0,  -2.9,   1.3
245463,  -1.2,   0.7,  -3.5,-129.7,  19.7,1043.4,  -2.5,   1.2
245491,   0.2,  -2.1,  -2.4, -40.9, -41.8, 994.1,  -2.4,   1.1
245519,  -1.1,   3.0,  -3.4, -43.3,  30.5, 952.4,  -2.3,   1.2
245539,  -1.7,  -0.2,  -2.5, -32.1, -29.6, 969.7,  -2.3,   1.4
245563,  -2.0,  -1.6,  -1.3, -37.7, -79.2,1038.8,  -2.5,   1.5
245591,  -2.4,  -1.0,  -0.8, -59.7, -60.1,1045.6,  -2.4,   1.5
245615,  -0.2,  -2.1,  -1.3,  -2.3, -56.7, 982.4,  -2.6,   1.4
245639,   0.7,   0.9,  -3.4,   5.3, -27.7, 987.3,  -2.6,   1.4
245663,   0.2,   0.5,  -3.6, -24.7, -51.8,1015.1,  -2.5,   1.2
245691,  -0.7,  -1.2,  -1.2, -63.3,  78.8,1065.4,  -2.2,   1.4
245715,  -2.6,  -0.1,   0.8, -66.7,-111.4,1002.4,  -2.3,   1.4
245739,  -1.6,  -0.1,   1.7, -26.9,-109.7,1053.0,  -2.4,   1.4
245767,  -1.3,   0.7,   0.8, -20.3, -78.7,1035.9,  -2.6,   1.3
245791,  -0.5,  -0.1,   0.9, -16.7,  53.6, 941.2,  -2.5,   1.5
245815,  -2.0,   4.0,  -0.2, -47.2, -33.0, 945.5,  -2.4,   1.3
245839,  -4.0,   0.3,   1.5, -41.6, 141.0, 928.9,  -1.8,   1.7
245867,  -6.7,   1.0,   3.3,-177.8, -67.0,1023.9,  -1.7,   2.4
245891,  -3.6,  -1.5,   5.4, 154.9,-237.4, 999.3,  -3.5,   1.8
245915,  -0.8,   2.0,   2.1, -20.1, 203.8,1120.8,  -3.2,   1.5
245939,   1.0,   0.8,  -0.3,  50.0, 146.9, 988.8,  -2.8,   1.4
245967,  -0.3,  -1.2,  -2.2, -23.3,-140.2,1020.3,  -2.7,   1.4
245991,  -1.0,  -0.6,  -0.7, -70.6,-102.6, 976.6,  -2.9,   1.7
246019,  -2.3,  -1.5,   1.5,  70.0, -12.5,1006.1,  -2.9,   1.5
246039,  -3.9,   1.8,   1.7,  32.1, -89.9,1052.7,  -3.2,   1.4
246067,  -2.9,  -1.2,   1.3, -89.7,-103.8,1001.7,  -3.4,   1.5
246091,  -1.7,   0.4,   0.6, -51.8,-130.2, 980.0,  -3.7,   1.3
246115,  -0.4,  -1.3,   0.1,   5.0,-100.9,1022.7,  -3.6,   1.1
246139,   1.2,   0.7,   0.1, -62.6, -15.9, 998.3,  -3.7,   1.3
246167,  -0.0,   0.7,   2.1, -80.2, -15.0,1090.8,  -3.4,   1.4
246191,  -0.4,   0.1,   3.9,-100.9, -44.3, 961.4,  -3.3,   1.5
246215,   1.4,  -0.8,   4.5,  54.6,  -9.3,1018.5,  -3.4,   1.5
246239,   0.6,   1.7,   3.7, -54.3,-141.2, 936.0,  -3.5,   1.5
246267,   1.0,   1.7,   0.3, -41.3,  47.5,1017.3,  -3.2,   1.3
246291,  -0.5,   4.0,   1.2,-106.3,-109.2,1054.7,  -3.0,   1.4
246315,  -0.1,   2.3,   3.3, -18.4,-211.5,1075.2,  -3.8,   1.4
246339,   2.4,  -0.7,   3.1,  77.1, 129.1, 920.9,  -3.5,   1.5
246367,   2.0,  -0.4,   1.1, -22.5, -18.1, 956.3,  -2.9,   1.7
246391,  -0.1,   0.1,  -0.5,-196.9,  -9.6, 940.7,  -2.8,   2.1
246415,  -1.2,  -3.1,   3.0,  56.3,-106.3, 991.9,  -3.1,   2.0
246439,  -3.1,   0.5,   3.3,   6.8,  -8.9,1018.8,  -3.0,   1.8
246467,  -0.8,   0.7,   2.9,-118.2,  34.1, 938.2,  -3.0,   1.7
246491,  -1.7,   1.0,   1.4,  39.5, -49.1,1047.6,  -2.9,   1.6
246522,   0.3,   3.1,   1.9,  30.7,  61.2, 978.7,  -2.7,   1.7
246542,  -0.7,   0.4,   1.2, -53.6,-110.2,1053.9,  -2.8,   1.7
246566,  -0.7,   0.1,   2.0,-171.5, -77.5, 993.9,  -2.7,   1.9
246590,   0.1,  -4.6,   2.7,  36.3, -91.4,1017.8,  -2.8,   2.0
246614,   0.4,   0.9,  -0.9,  47.8, -96.7, 986.8,  -2.8,   1.7
246642,  -0.7,  -1.2,  -1.4, 133.0,-133.6,1050.5,  -2.8,   1.7
246666,  -0.7,  -0.9,  -2.8, -60.9, -17.9, 954.8,  -2.6,   1.7
246690,  -2.1,  -1.9,  -2.5,  23.4, -13.0, 996.1,  -2.3,   1.5
246714,  -5.6,  -1.6,  -0.5, -65.3,-442.9,1250.2,  -2.2,   1.8
246742,   1.0,  -1.3,   1.1,  73.2,  18.5,1126.5,  -3.2,   1.2
246766,   0.3,   2.6,  -0.8,-157.3,  92.0, 939.0,  -2.9,   1.1
246790,   1.6,   2.3,  -2.8,-168.3,  21.7, 986.6,  -2.7,   1.0
246818,   0.8,  -1.2,  -1.0, -88.2,-106.5, 949.9,  -2.4,   1.5
246842,  -1.4,   0.1,  -1.4, -99.9,-123.1, 993.2,  -2.6,   1.2
246866,  -3.5,  -2.4,   1.6,  53.1,-112.9,1095.4,  -2.7,   1.6
246890,  -3.6,   0.2,   1.2, -22.1,-121.2,1012.0,  -2.9,   1.5
246918,  -2.9,   0.4,  -0.3,  36.5,-180.0,1091.5,  -3.0,   1.4
246942,  -2.1,  -0.1,  -0.6, -77.0,-183.9, 932.6,  -3.3,   1.5
246966,  -0.8,  -0.1,  -1.0, 121.0,  -8.1, 917.2,  -3.4,   1.1
246990,  -3.1,   2.9,  -1.3, -51.4,-102.1, 945.1,  -3.4,   1.1
247018,  -3.2,  -1.2,   0.2,  31.4,  51.4,1043.4,  -3.3,   1.0
247042,  -2.0,  -1.9,   0.9, -77.7,   5.1, 984.1,  -3.5,   1.3
247066,  -2.6,  -0.4,  -0.0, 119.3,   6.0, 981.4,  -3.2,   1.0
247090,  -2.5,   3.5,  -0.0,-337.0, -11.5,1083.7,  -3.1,   1.5
247118,   1.6,  -2.9,   2.2, 625.9, -26.9, 938.7,  -4.3,   0.9
247142,   2.5,   7.2,  -1.7,-128.3,  28.0, 946.3,  -4.1,   0.5
247166,   1.5,   2.8,  -3.0, -83.3, -54.8,1208.0,  -3.1,   0.9
247190,   3.2,  -1.0,  -0.3,-281.3,  11.7, 996.8,  -3.1,   1.6
247218,  -0.1,  -1.2,  -1.4,  67.3,-139.5,1015.6,  -3.3,   1.3
247242,  -1.8,  -1.8,  -0.1,   4.3,-144.4,1017.6,  -3.5,   1.2
247266,   0.3,  -1.2,   0.2,  31.2, -79.9, 981.7,  -3.8,   1.2
247290,   0.5,   1.5,  -1.4,  42.4, -69.2,1147.0,  -3.7,   0.8
247318,   2.6,   0.3,  -1.3, -20.8, -49.1,1028.3,  -3.7,   1.2
247342,   0.8,  -0.9,  -1.3,  49.5, -18.6, 999.0,  -3.4,   1.1
247366,   1.0,   2.9,  -0.5, -89.2,-116.5, 918.4,  -3.8,   1.3
247390,   1.1,   0.7,   0.5,-139.7, -10.3, 918.2,  -3.6,   1.4
247418,  -2.6,  -3.5,  -1.3, 206.0,  56.1, 869.1,  -3.0,   1.2
247442,  -3.7,  -2.7,   1.3,  19.9,-328.4,1364.5,  -3.4,   1.5
247466,   1.3,   4.8,   1.2,  37.3, -62.1, 972.6,  -4.3,   0.8
247490,   2.9,  -0.2,  -0.0,-220.3,  61.9, 993.9,  -3.6,   1.4
247518,   4.1,   0.8,  -0.9, -30.6, -89.4, 961.2,  -3.5,   1.5
247542,   3.3,  -2.4,  -0.9,  19.2, -91.1, 964.1,  -3.2,   1.7
247566,  -0.7,   3.2,   0.0,-139.2,-122.9, 970.7,  -3.4,   1.6
247590,   1.0,  -1.0,   1.9, -61.1,   5.5,1049.3,  -3.3,   1.6
247618,   1.4,   0.8,   0.8, -39.9, -95.8,1118.9,  -3.4,   1.5
247642,   2.7,   1.6,   0.5, -82.8,-172.4,1195.8,  -3.3,   1.4
247666,   1.5,  -2.1,   0.1,   1.6,-165.8,1042.7,  -3.2,   1.7
247690,   1.5,  -0.8,  -0.2,  67.1,-142.4, 968.5,  -3.3,   1.5
247718,   1.2,   1.8,   0.6,  56.6,  -7.1, 902.6,  -3.3,   1.4
247742,  -2.3,  -1.2,  -0.5,  82.2,  42.7, 828.8,  -2.7,   1.4
247766,   1.3,  -2.4,   2.2,  39.7,-360.4,1509.5,  -3.2,   1.8
247794,   1.5,  -0.7,   1.4, -18.4,  39.5,1102.0,  -3.2,   1.7
247818,   2.8,  -0.5,  -1.0, -29.4,  48.3,1176.7,  -3.4,   1.2
247842,   3.3,   1.0,  -2.3, -58.2,  17.3, 966.5,  -3.1,   1.4
247866,  -0.2,  -1.7,  -0.2, 121.3,-170.2, 992.9,  -2.9,   1.4
247894,  -0.8,  -2.1,  -0.0, -10.3, -47.7,1021.2,  -2.9,   1.6
247918,  -0.7,  -0.8,   1.5, -24.7, -93.1,1006.3,  -3.1,   1.4
247942,  -1.2,  -2.2,   1.3, 102.9,-134.8, 949.5,  -3.3,   1.4
247966,   1.6,  -2.1,   2.0, 170.8,-106.0,1132.1,  -3.3,   1.2
247994,   3.4,   2.1,  -0.3, -52.8, 191.1,1032.9,  -2.9,   1.3
248022,   1.8,  -0.2,   0.1, -67.0,-218.6,1066.6,  -3.0,   1.3
248042,   0.5,   0.5,   1.6,-116.8,  23.9, 913.3,  -2.9,   1.6
248066,  -3.2,  -1.2,   0.9, -93.8, -61.6,1019.3,  -2.6,   1.9
248094,  -1.2,  -1.6,   1.9,-150.5,-537.2,1315.4,  -3.6,   2.1
248116,   3.5,  -1.3,   0.8, 300.2,  66.6, 911.4,  -4.0,   1.0
248144,   3.7,   2.8,  -4.8,-170.7, 107.4, 851.8,  -3.0,   0.9
248168,   2.2,   2.1,  -4.6,  -0.6, -45.7, 954.8,  -2.0,   1.1
248192,   1.0,   0.3,  -2.0,-197.3, -72.1,1011.0,  -2.3,   1.8
248216,  -1.2,  -1.0,   0.8,-241.1,-170.2, 935.8,  -2.9,   1.8
248244,  -2.5,   1.4,   1.2,  90.5,   6.8,1014.9,  -3.0,   1.4
248268,  -0.6,  -1.9,   1.9, 119.1, -84.8,1042.5,  -3.1,   1.4
248292,   0.4,   4.2,   1.2, -26.5, -71.6,1028.8,  -3.0,   1.2
248316,  -0.3,   1.1,  -0.9, -64.0,-232.7,1021.7,  -3.0,   1.4
248344,  -1.7,  -0.6,   0.2,  39.2, -30.3,1082.8,  -3.0,   1.4
248368,  -1.5,   0.6,   1.2,-282.6,-204.4, 987.3,  -3.5,   1.7
248392,  -2.1,  -4.6,   2.0, 257.2,  41.0, 939.4,  -3.1,   1.5
248416,  -3.0,   2.0,  -0.9, -20.8,  25.3, 862.3,  -2.9,   1.4
248444,  -0.7,  -4.3,  -0.9,-343.6,-540.6,1353.7,  -3.7,   2.1
248468,   1.6,  -3.1,  -1.1, 253.6, -11.1,1001.0,  -3.7,   1.1
248492,   2.3,   0.3,  -3.5,-140.7,  -8.1,1018.1,  -3.5,   1.0
248520,   0.1,  -0.5,  -2.7,-125.1, -96.7, 911.4,  -3.5,   1.1
248544,   1.5,  -4.4,  -1.3, 164.7,   3.1,1012.4,  -3.5,   1.1
248568,   1.3,  -0.8,  -2.2,-189.8, 146.2, 844.7,  -3.5,   1.2
248592,   0.4,  -1.6,  -2.0,  -6.4, 117.4, 982.4,  -3.2,   1.1
248616,  -0.7,   1.4,  -0.7, -10.8, -18.1, 995.1,  -3.4,   1.0
248644,  -0.4,  -1.8,  -1.6,  95.4, 150.1,1029.8,  -3.0,   0.9
248668,   0.1,   0.7,  -2.9,  -2.5, -45.0, 927.0,  -3.4,   0.8
248692,  -3.1,   0.2,  -2.2,-159.0, -35.0,1000.5,  -3.5,   1.0
248716,  -3.5,  -0.7,  -0.6, -23.3, -44.3,1085.9,  -3.6,   0.9
248744,  -3.9,  -0.6,   0.5,  64.9,-116.5,1048.3,  -3.4,   1.0
248768,  -5.8,   0.0,  -1.4, -61.6,-229.8,1369.1,  -3.4,   1.0
248792,  -0.5,  -2.3,   4.4, -12.5,-460.3,1020.3,  -4.6,   1.3
248820,   3.8,   3.9,  -0.2,  82.7, 101.7, 923.8,  -4.2,   0.4
248844,   2.1,  -0.1,  -0.7, -13.3,  89.8, 824.0,  -3.0,   1.2
248868,   0.7,  -2.8,   0.5, -24.0, -25.0, 878.7,  -3.0,   1.6
248892,  -0.8,  -0.2,   1.6, -53.8, -21.3, 961.9,  -3.1,   1.6
248920,  -2.1,   0.3,   2.5,  16.3, -89.7,1147.9,  -3.7,   1.5
248944,  -2.0,   0.4,   1.9,-106.5,-100.9,1064.4,  -3.6,   1.5
248968,   0.5,   0.1,   1.2, 133.9,  -0.6,1109.4,  -3.7,   1.1
248992,   2.1,   4.0,   0.0,-185.6, -37.9,1062.2,  -3.6,   1.3
249020,   1.2,  -0.6,  -0.6, -82.1, -25.7, 984.9,  -3.6,   1.3
249044,   0.1,   1.7,  -0.0,-156.8, -43.8, 910.9,  -3.8,   1.5
249068,  -0.7,  -1.2,  -0.3,  -3.3, -85.5,1050.8,  -3.9,   1.3
249092,  -0.8,  -1.6,   0.0, -11.1,  54.1, 850.1,  -3.2,   1.5
249120,  -2.8,  -1.6,  -1.6, 159.6, -47.2, 948.2,  -3.1,   1.2
249144,  -1.8,  -1.0,   2.2, -93.1,-440.0,1010.2,  -3.9,   1.5
249168,   0.6,   5.9,   2.5,-146.6,  59.0, 988.8,  -4.0,   0.9
249192,   0.3,   0.6,   0.8, -58.9,  38.0,1002.4,  -3.2,   1.2
249220,  -0.4,   1.3,   0.6,-126.8,-107.2, 933.8,  -3.0,   1.5
249244,   0.3,  -1.3,   2.3, 155.4,  -1.5, 991.2,  -3.2,   1.3
249268,  -1.2,   2.3,   2.3, -38.2,-103.8, 964.8,  -3.5,   1.3
249292,  -0.7,  -0.9,   2.8,  60.7,-102.4, 878.7,  -3.4,   1.5
249320,   0.5,   2.8,   0.1, -85.8,  -5.7, 918.7,  -3.6,   1.4
249344,   1.1,   0.3,   1.0, -31.3, -31.6,1039.8,  -3.4,   1.6
249368,   0.2,   0.3,  -1.3,  50.0, -30.1, 974.6,  -3.5,   1.5
249392,  -1.5,   0.1,  -0.8, -65.3, -60.9, 959.9,  -3.6,   1.4
249420,  -1.2,   1.9,  -1.1,-104.6, -74.5,1123.3,  -3.8,   1.3
249444,  -2.5,  -1.5,  -0.2, -41.8, -46.7, 967.8,  -3.5,   1.6
249468,  -4.3,   0.1,  -2.2, -62.8, -47.4, 930.2,  -3.2,   1.3
249492,  -5.1,  -1.5,  -0.2,-173.7,-205.4,1201.4,  -3.2,   1.8
249520,  -1.6,   5.3,   2.3,-165.1, -83.6, 910.9,  -3.3,   2.1
249544,   0.2,  -1.9,   0.6, -98.5, 107.1,1025.4,  -2.8,   2.0
249568,   2.1,   2.1,  -2.2, -44.8,  34.8,1092.0,  -2.5,   1.9
249592,   3.2,   1.4,  -0.4,-103.8, 148.6,1070.1,  -2.3,   2.1
249620,  -1.7,  -3.8,  -0.4, 263.8,-119.7, 994.4,  -2.7,   2.0
249644,  -2.1,  -2.2,  -0.3, 153.7,-102.4, 983.1,  -2.9,   1.8
249668,  -0.1,   0.6,  -1.3, -11.8,  53.9, 948.5,  -3.2,   1.8
249692,  -0.4,   0.4,  -1.1,  16.3, -60.1, 961.9,  -3.1,   1.8
249718,  -0.1,   0.6,  -3.5, -59.9, -91.6,1052.2,  -3.0,   1.7
249742,  -1.1,  -0.2,  -3.0, -67.5,-115.5,1097.2,  -3.3,   1.9
249770,   0.4,   1.1,  -2.4, -90.2,   4.3, 981.9,  -3.3,   1.9
249794,  -2.5,  -0.8,  -2.6,-172.4,  82.2,1047.6,  -2.8,   1.9
249818,  -4.0,  -4.2,  -0.8,  95.6,-300.6,1290.8,  -3.6,   2.2
249846,   3.4,   1.0,  -1.1,  77.6,  80.7, 868.4,  -3.8,   1.3
249870,   3.7,   2.3,  -5.8, -60.6, -15.7,1001.2,  -3.4,   0.8
249894,   4.1,   0.1,  -6.2, -85.3, -66.5, 974.8,  -2.8,   1.4
249918,   0.7,   2.1,  -3.5,-100.4, -71.6,1008.3,  -2.8,   1.4
249946,  -0.2,  -2.1,  -0.5,  60.0, -43.3, 994.1,  -3.1,   1.5
249970,   0.8,  -2.2,  -0.5,  84.1,   9.0, 918.0,  -3.3,   1.3
249994,  -0.3,  -1.3,  -1.3, 118.3, -10.1, 954.8,  -3.1,   1.1
250022,   5.4,   2.3,  -0.5, -68.0,  91.5,1077.1,  -2.8,   1.2
250046,   3.7,   2.8,  -0.8, -26.7,  63.7, 971.4,  -2.4,   1.4
250070,   1.7,   0.4,   0.6, -30.1,-206.4, 997.1,  -2.3,   1.7
250094,   4.0,   0.0,   1.5,  29.7,  57.6, 877.7,  -2.6,   1.6
250118,   1.5,  -1.4,   1.6,  14.6, 129.3, 931.4,  -2.1,   1.8
250146,  -1.0,   2.1,  -1.5,-144.4,-370.4,1257.6,  -2.5,   2.1
250170,   2.2,   5.6,   0.5,-309.2,  55.4, 987.3,  -2.7,   1.5
250194,   2.7,  -2.2,  -3.5,  43.4, 187.4,1094.0,  -2.2,   1.5
250218,   2.1,  -1.7,  -2.7,   9.7,  50.0,1103.3,  -1.8,   1.6
250246,   0.4,  -4.5,  -0.8, 165.2, 105.6, 966.3,  -2.1,   1.6
250270,  -2.2,   0.5,  -0.4,  40.9, -22.5, 961.4,  -2.2,   1.6
250294,  -0.6,  -0.8,  -0.1,  81.0,  87.8, 950.4,  -2.2,   1.5
250318,   1.2,   2.0,   0.3, -14.0,  29.0, 908.4,  -2.3,   1.4
250346,   1.2,  -2.6,  -0.3,  12.6, 110.0, 962.9,  -1.8,   1.7
250370,   0.7,   2.9,  -0.5, -19.4, -42.5, 924.8,  -2.5,   1.4
250394,  -1.0,  -1.8,  -0.8, -18.4, -16.4, 935.5,  -2.3,   1.5
250418,  -3.1,  -1.2,  -1.5,-130.0,  43.6, 949.2,  -2.0,   1.8
250446,  -6.5,  -1.1,  -1.3,-112.1, -39.9, 759.8,  -1.8,   1.8
250470,  -3.6,  -3.2,   0.3, 172.5,-288.6,1345.4,  -2.7,   1.8
250494,  -0.1,   3.8,  -0.0,-152.2, 161.3,1055.2,  -3.3,   1.3
250522,  -0.9,  -0.7,  -2.0,  32.1, -25.9,1031.2,  -3.3,   1.3
250546,  -0.9,  -2.2,  -4.3, 124.7,-149.0,1067.1,  -3.2,   1.2
250570,  -0.6,   1.7,  -3.1,-209.8, -77.7, 953.4,  -3.3,   1.5
250594,  -1.4,  -1.8,  -0.9, -16.2, -45.0, 929.9,  -3.6,   1.6
250618,  -2.9,  -2.4,  -1.1,  25.8, -45.5, 926.3,  -3.4,   1.6
250646,   0.8,  -0.3,  -2.2,  47.5,-116.5,1077.6,  -3.9,   1.4
250670,  -0.6,  -4.8,  -1.7, 113.9,-136.1, 942.6,  -3.5,   1.6
250694,   2.2,   0.3,  -3.4, -91.4, -20.3, 938.2,  -3.7,   1.2
250718,   1.5,  -1.8,  -2.1,   7.0, -70.9, 918.4,  -3.5,   1.4
250746,  -1.7,  -1.9,  -2.5,  41.9, 174.5, 809.8,  -2.6,   1.3
250770,   2.2,   3.2,   4.2,-212.7,-425.8, 740.2,  -4.1,   1.5
250794,   8.7,  -2.0,   1.4,   3.3, 566.8,1112.8,  -3.2,   1.8
250822,   3.4,   0.6,  -1.8, -84.1, -12.5,1075.7,  -2.6,   1.5
250846,   2.4,   0.5,  -1.7,-160.5,-101.1,1131.6,  -2.4,   1.8
250870,  -0.3,  -0.1,   0.5, -50.9, -71.1,1156.5,  -2.6,   1.6
250894,  -2.0,  -0.1,   2.3, -45.5,-149.2,1001.2,  -2.8,   1.6
250922,  -0.4,  -4.1,   2.9,  64.9, -28.1,1200.4,  -3.0,   1.6
250946,   1.1,   1.4,   1.4, -30.6, -86.0, 924.1,  -3.0,   1.5
250970,   3.9,  -0.4,   0.5,  83.4,-124.8,1041.2,  -3.0,   1.3
250994,   3.1,  -0.7,  -0.2,  88.3,  51.2, 922.1,  -2.4,   1.6
251022,   1.8,  -0.1,   1.4,-113.9,-260.8, 922.1,  -2.6,   1.7
251046,   0.2,  -1.3,   0.9, -75.8, 151.8, 899.9,  -2.0,   1.8
251070,  -7.5,  -0.8,   0.4, -99.9,  87.8, 850.6,  -0.9,   2.0
251094,  -2.1,   0.9,   6.4,-331.6,-620.7,1263.7,  -2.4,   2.3
251122,   2.4,  -2.6,   3.0, 196.2, 467.5, 935.5,  -2.2,   1.2
251146,   0.7,   4.8,   0.1,-180.7, 142.3,1008.8,  -1.4,   1.2
251170,   0.1,  -1.8,   1.7,-202.2,  32.9, 985.6,  -1.0,   1.9
251194,  -3.5,   0.9,   2.2, -36.0,-166.8, 939.2,  -1.4,   1.9
251222,  -5.1,   3.7,   3.9,-201.7, -53.0, 979.0,  -1.9,   1.9
251246,  -4.0,   2.6,   5.0,-139.2, -14.7, 973.4,  -2.1,   1.7
251270,  -5.3,  -2.2,   4.3, -43.1, -49.6,1058.3,  -1.9,   1.8
251294,  -3.8,  -1.0,   3.3, 206.9,-139.0,1165.8,  -2.5,   1.4
251320,  -3.1,   0.5,   1.6, -48.9,-154.9,1038.8,  -2.7,   1.7
251344,  -4.3,  -3.8,   2.9, 240.2, -66.7, 885.5,  -2.6,   1.8
251372,  -6.1,  -1.3,   2.0,  68.3, -41.6, 882.1,  -2.8,   1.9
251396,  -5.4,   4.5,   0.8,-413.9,-151.9,1185.3,  -2.8,   2.1
251420,   1.3,  -8.7,   3.4, 324.1,-110.7, 876.0,  -4.2,   1.8
251444,   2.4,   0.9,  -2.4, 144.2, 173.0, 908.7,  -3.5,   1.0
251472,   2.4,  -2.7,  -4.0,  43.1, -25.5,1123.8,  -2.7,   1.5
251496,  -0.1,  -4.6,  -3.6, 128.6, -40.8,1070.8,  -2.8,   1.4
251524,  -1.6,  -2.2,  -1.3,-180.0,-141.7,1012.0,  -3.0,   1.5
251544,  -1.7,  -0.8,  -0.4, -57.0,   8.5, 957.3,  -3.1,   1.3
251572,  -1.1,  -0.1,   0.2,  93.4, -72.6,1118.2,  -3.1,   0.9
251596,   1.0,  -1.3,  -0.2,-183.9, -16.7,1096.7,  -2.8,   1.5
251620,   0.5,  -4.1,  -2.1, 288.2,-161.7, 948.7,  -2.9,   0.8
251644,   2.3,  -1.7,  -1.1,  -4.0,  -2.3,1001.2,  -3.0,   0.9
251672,  -2.6,  -0.7,  -0.5,  19.4, -63.8, 903.3,  -2.3,   1.1
251696,  -4.0,   1.5,  -0.2,-207.8,-228.1,1328.6,  -2.2,   1.1
251720,  -2.1,  -7.3,   3.4,-251.3,-466.6, 969.5,  -3.1,   2.2
251744,   3.0,   0.7,   1.4, 387.1, -36.9,1040.0,  -3.1,   0.4
251772,   1.8,   4.0,  -1.9,-151.9, -69.9, 939.0,  -2.3,   0.7
251796,   4.3,   0.0,   0.1,-199.8, 103.5, 960.9,  -2.1,   1.3
251820,   1.4,   0.3,   1.6, -29.6,-146.8,1170.4,  -2.4,   1.2
251848,   0.1,   1.3,   1.9, -91.9,-120.9, 950.4,  -2.2,   1.2
251872,   1.5,   3.1,   4.1,-165.4,-114.6, 975.3,  -2.5,   1.3
251896,   0.7,  -2.1,   3.0, 142.2,   7.7,1122.1,  -2.0,   1.3
251920,  -1.5,   2.3,   2.5, -34.5,-183.9,1139.6,  -2.5,   1.3
251948,   0.6,  -0.5,   3.0, -77.5, 220.9,1062.0,  -2.3,   1.8
251972,  -2.2,  -0.2,   2.0,  95.9, 105.2, 800.3,  -2.0,   1.2
251996,  -5.4,  -2.9,   7.0, 582.7,-396.8,1375.5,  -2.5,   1.0
252024,   2.2,   5.9,   2.7,-439.0, 384.2, 967.3,  -2.0,   1.5
252048,  -0.1,   1.0,   2.3,  -6.9,-133.9,1091.3,  -1.7,   1.2
252072,   0.3,   4.7,   0.1,-345.3, -62.1, 881.6,  -2.0,   1.6
252096,   1.0,  -3.5,   2.2,  57.3,  76.4, 819.6,  -2.0,   1.6
252120,  -0.0,  -3.5,   2.5, 304.8,  74.2,1110.6,  -2.2,   1.2
252148,  -1.7,   0.0,   1.2,  15.8,-123.6,1011.7,  -2.6,   1.4
252172,   0.1,  -1.0,   1.1, -10.1,  72.2,1015.6,  -2.3,   1.6
252196,   1.9,  -0.6,   0.6,  13.3,  59.3, 925.5,  -2.8,   1.5
252220,   0.8,   2.5,  -1.3, -50.4,  24.8, 913.1,  -2.9,   1.3
252248,  -4.8,   1.0,  -3.0,  57.3,  47.8, 993.2,  -2.1,   1.2
252272,  -2.6,   2.6,   0.6,-604.8,  22.9,1099.4,  -2.2,   2.0
252296,  -1.3,  -8.1,   4.3, 338.1, 174.5, 926.3,  -2.7,   1.6
252320,  -0.6,   4.2,  -0.0,-117.8, 112.0,1067.6,  -2.9,   1.0
252348,  -1.0,   2.8,  -0.5, -66.2,  16.5,1001.5,  -2.8,   1.1
252372,  -1.2,  -0.5,  -0.2,   2.8, -42.1,1112.8,  -2.8,   1.3
252396,   0.4,  -2.1,   0.8,  70.2,   4.1,1060.5,  -3.1,   1.2
252420,  -2.3,  -0.7,   1.2, -35.2,-116.3, 924.5,  -3.2,   1.4
252448,   0.4,   2.9,   1.8,-212.2,  79.5, 914.5,  -3.2,   1.5
252472,  -1.3,   1.6,   1.2,-249.4,-100.7, 879.6,  -3.0,   1.5
252496,  -0.5,  -0.4,   2.6, 120.0,-293.5, 948.7,  -3.6,   1.3
252524,   0.2,   5.0,   0.0,  26.5, 301.7, 868.6,  -3.2,   1.3
252548,  -0.2,   6.1,   1.5,-691.2,-307.0,1553.9,  -3.3,   2.7
252572,   2.4,  -5.1,   4.7, 262.6, 104.2, 945.5,  -3.3,   1.9
252596,   1.5,   2.9,   2.2,-113.4, -27.2,1117.7,  -3.6,   1.1
252620,   0.2,   0.7,   1.9,  17.0,  10.4,1087.4,  -3.2,   1.6
252648,   1.6,   3.5,   2.6,-175.1,   3.6, 827.4,  -3.3,   1.8
252672,   0.2,  -0.8,   0.5, -19.6, -62.6,1034.7,  -3.4,   1.9
252696,  -0.1,  -2.6,   1.1, 115.9,-198.8, 919.7,  -3.8,   1.8
252720,   0.3,   1.1,   2.4,   7.7,-123.1, 867.4,  -3.7,   1.7
252748,   0.1,   1.5,  -0.0,-222.0, -20.8, 846.7,  -3.5,   1.9
252772,   1.8,   4.2,  -0.9,-168.5, -75.7, 824.7,  -3.6,   1.5
252796,  -2.0,  -5.8,  -1.1,  99.5, 148.6,1024.2,  -2.9,   1.5
252824,   0.5,   0.0,   1.9, -48.7,-477.8,1039.3,  -4.1,   1.8
252848,   0.4,   4.6,  -1.3, 106.6,-131.7,1007.6,  -3.6,   0.7
252872,   0.5,  -2.2,  -0.4,  51.2,-179.3,1143.5,  -3.2,   1.3
252896,  -0.6,  -4.2,   0.3, 155.7,-277.4,1153.6,  -3.3,   1.3
252922,  -0.7,   4.5,  -1.5,-121.4,-214.4, 830.3,  -3.5,   1.3
252946,  -1.0,   1.5,  -0.5, -15.7,-109.0,1065.7,  -3.4,   1.3
252974,   1.3,   0.4,   0.7,  35.8,-129.5, 940.2,  -3.8,   1.4
252998,   1.0,   1.7,  -0.4,-143.2,-115.3, 976.8,  -3.6,   1.6
253026,   1.5,   0.3,   0.0, -24.5, -88.9, 920.6,  -3.6,   1.6
253046,  -1.9,  -0.9,  -1.0,  25.3,-111.4, 907.7,  -3.6,   1.6
253074,  -3.1,  -3.1,  -0.5,-105.3,-271.8,1277.8,  -3.4,   2.0
253098,  -2.2,   3.8,  -1.2,-259.6,-235.9,1007.6,  -4.7,   1.9
253122,  -1.2,   0.4,  -2.8,  15.1,-266.2,1006.3,  -5.4,   1.3
253146,   0.3,  -1.2,  -4.5, -39.1,-153.6, 785.9,  -5.0,   1.4
253174,   3.0,   1.4,  -5.3, -61.1, -64.3, 863.5,  -4.9,   1.2
253198,   1.6,  -4.0,  -3.1, 248.9,-107.0,1027.1,  -4.5,   1.2
253222,   0.8,   1.9,  -1.2, -63.6,-141.2,1007.6,  -4.9,   1.1
253246,  -0.1,   1.4,  -0.5,-108.7,-139.5,1069.8,  -4.9,   1.5
253274,   1.3,  -5.6,   1.6,  59.5, -57.7,1071.3,  -4.5,   1.7
253298,   2.6,  -0.4,   1.1,  83.2,-213.4, 996.6,  -5.0,   1.1
253322,   0.9,   0.4,   0.3,  72.9, -36.2, 923.1,  -4.5,   1.1
253346,  -4.2,   5.4,   1.9,-369.7,-205.9,1151.4,  -4.1,   1.5
253374,   1.6,  -6.3,   5.3, 140.3, -71.8, 830.6,  -5.2,   2.0
253398,  -1.4,   7.3,   4.7, 135.9, -47.4,1058.8,  -4.9,   1.1
253422,   1.0,   1.8,   3.1,-189.3,  50.5, 893.8,  -4.8,   1.7
253446,  -0.3,  -1.7,   3.2, -21.6,  27.5, 789.8,  -4.5,   2.0
253474,   0.4,   4.2,   0.8,-159.3, -25.9, 969.7,  -5.0,   1.6
253498,  -2.6,  -1.0,   1.9,-124.6,-129.9,1058.6,  -5.0,   2.0
253526,  -1.6,   1.1,   2.2, -43.5, -93.3, 944.1,  -5.1,   2.0
253546,  -0.4,  -0.2,   1.4, -12.3,-197.3, 971.9,  -5.1,   1.9
253574,   1.1,   2.5,   1.0,-168.5, -92.8,1036.6,  -5.3,   1.8
253598,  -0.5,   1.4,   0.6, -21.6,-298.6,1029.3,  -5.0,   1.6
253622,   1.3,   2.1,   1.9,-226.2,-151.9,1060.5,  -5.1,   1.9
253646,  -1.1,   0.7,   2.2,-167.6,-175.1, 975.3,  -4.7,   1.8
253674,  -0.9,   4.0,   2.4,-253.7,  -3.7, 999.0,  -4.6,   2.0
253698,   4.8,  -5.2,   3.7,  86.1, -18.1, 947.3,  -5.3,   1.9
253722,   0.9,   1.9,   3.7, 305.8,-191.0,1096.9,  -5.4,   0.7
253746,   2.1,   3.3,   1.2,-203.2, 123.2,1087.6,  -4.9,   1.2
253774,   1.3,  -1.5,   0.7,  33.6,-135.8,1186.0,  -4.6,   1.9
253798,   0.2,  -3.9,   0.6, 130.8,-229.1, 947.0,  -4.9,   1.8
253822,  -0.7,  -3.1,   2.3, 105.6,-110.9,1037.1,  -5.1,   1.7
253850,  -1.9,   2.7,   0.8, -82.6,-146.1,1088.6,  -5.4,   1.4
253874,  -1.1,   0.8,  -1.1, -82.4,-225.4,1085.9,  -5.2,   1.4
253898,   2.4,   0.1,  -0.1, -49.2,  17.5,1038.3,  -5.0,   1.3
253922,   2.2,   3.0,  -1.7,-128.3, -28.9, 958.5,  -4.7,   1.5
253950,   1.5,  -1.8,   1.2, -18.4, -44.0, 950.4,  -4.8,   1.5
253974,   1.0,  -0.2,   0.2, -10.6, -40.8,1094.0,  -4.7,   1.2
253998,   0.3,  -0.7,   0.5,  17.0,  22.9, 906.5,  -4.4,   1.2
254026,  -0.8,  -2.1,  -1.7, 115.2,  88.8, 855.5,  -4.2,   0.9
254050,   1.3,  -3.2,   1.5,  66.8,-443.2,1090.3,  -4.8,   1.3
254074,   3.0,  -1.3,  -0.9, -85.8, 106.6, 886.7,  -4.3,   1.3
254098,   1.7,  -0.8,   3.0,  33.9, -47.4, 951.9,  -4.2,   0.8
254122,   1.5,  -1.0,   0.7, -61.9,  47.3, 999.5,  -3.9,   0.9
254150,  -0.3,  -0.5,   0.6, -89.7,-156.3,1063.5,  -3.5,   1.3
254174,   0.3,   1.8,  -0.3,-170.5, -87.2, 974.6,  -3.6,   1.2
254198,  -0.9,  -0.7,  -0.3,  28.5, -58.2,1115.5,  -3.6,   1.0
254222,  -1.4,   2.2,  -0.6,-108.5, -52.1, 960.4,  -3.5,   1.0
254250,  -1.3,   2.2,  -1.9, -49.6, -40.1, 956.0,  -3.4,   0.9
254274,  -0.5,   4.5,  -0.7,-209.8, -25.5,1162.1,  -3.4,   1.0
254298,  -1.2,   1.6,  -1.4,-152.9, -72.8,1034.2,  -3.2,   1.3
254322,  -1.7,  -0.5,   0.3,  -9.1,-134.3, 954.6,  -3.3,   1.0
254350,  -2.3,   1.2,   1.4, -89.4, -58.7, 980.0,  -3.3,   1.1
254374,  -4.1,   2.1,   0.8, -41.6,  20.7, 992.9,  -3.1,   1.1
254398,  -5.0,   0.6,   0.6,  78.8,-100.4, 950.7,  -3.2,   0.9
254422,  -1.5,  -1.0,   3.0,  35.6,-372.1,1148.7,  -3.8,   1.2
254450,   1.7,  -2.0,   0.6, -56.5,  42.7, 884.5,  -3.9,   1.5
254474,  -0.6,  -1.6,   0.3, 258.7,-105.8,1100.8,  -3.5,   1.0
254498,   0.3,   3.7,  -0.8,-214.0, -20.8,1114.7,  -3.6,   1.1
254529,  -0.7,  -1.5,  -0.6,  80.0, -54.8,1007.8,  -3.6,   0.9
254549,  -1.0,  -2.1,  -0.7, 139.1,  19.2, 993.2,  -3.8,   0.9
254573,  -0.7,   0.1,  -1.8,-139.2, -10.1, 940.9,  -3.8,   1.1
254597,  -1.7,  -3.9,  -0.8, 141.8,-164.1,1040.8,  -4.0,   0.9
254625,  -1.0,   2.8,  -2.2,-139.2, -72.3, 999.7,  -4.1,   0.8
254649,   0.1,  -0.8,  -1.1,  -0.3,-144.6,1116.7,  -4.2,   0.7
254673,  -1.2,  -1.6,  -1.1,  28.5,  22.9,1015.1,  -3.8,   1.1
254697,  -0.3,   0.0,  -1.7,-101.9,-142.2,1001.2,  -4.0,   1.1
254725,  -0.7,  -0.9,  -3.0, -16.4,-120.2, 975.8,  -4.2,   1.1
254749,  -1.1,  -0.9,  -2.2, -87.5,   5.1, 947.7,  -3.9,   1.3
254773,  -1.8,   0.6,  -3.7, -16.0, -55.0, 927.5,  -3.9,   1.0
254797,  -3.8,  -1.5,  -3.4, 133.7,  64.1, 912.1,  -3.0,   0.9
254825,  -0.6,  -1.3,  -0.6,-104.8, -68.4,1190.2,  -3.6,   1.5
254849,  -0.0,  -4.5,   0.1, -41.3, 130.1, 930.4,  -3.9,   1.6
254873,   1.4,  -0.5,  -1.6, 204.3, -50.1, 974.1,  -4.1,   0.6
254901,   1.5,   0.7,  -4.6,-217.4,  47.3,1045.4,  -3.3,   1.0
254925,   1.9,  -3.3,  -2.2,  -9.8,   8.0, 935.8,  -3.2,   1.2
254949,   0.7,  -0.2,  -2.6,  31.4,-101.4, 913.8,  -3.5,   1.1
254973,  -0.1,  -1.5,  -1.3, -42.3, -42.3, 924.5,  -3.3,   1.3
255025,   2.1,  -0.7,  -0.8,  22.1,  -5.4,1142.6,  -3.1,   1.2
255029,   0.3,   3.4,  -1.1,-269.6, -98.0,1028.3,  -3.1,   1.4
255049,   0.7,   0.2,  -3.1,-250.1, -68.7,1123.8,  -3.0,   1.5
255073,   0.3,  -0.5,  -2.9,-200.5,  19.2,1030.8,  -3.0,   1.3
255101,  -0.7,   1.6,  -3.9, -46.7, -50.1,1001.7,  -3.1,   1.1
255125,  -2.3,  -1.0,  -2.6, -34.3, -85.0, 924.5,  -2.9,   1.2
255149,  -3.3,   1.0,  -3.4,-108.7,  -5.9, 916.5,  -2.7,   1.1
255173,  -6.1,   0.9,  -3.3, 125.2, 120.1, 804.9,  -2.2,   0.7
255201,  -6.1,  -0.4,   1.3, 260.9,-385.8,1622.5,  -2.9,   1.0
255225,  -0.3,   6.3,   1.1,-331.9,  77.3,1107.4,  -3.3,   1.0
255249,  -0.4,   1.4,  -2.8,-122.6, -90.6,1021.2,  -3.1,   1.0
255273,   0.8,  -0.2,  -2.4, -29.4,-138.0,1097.4,  -3.0,   1.2
255301,  -1.0,  -0.4,  -3.1,-149.5,-119.2, 897.4,  -3.1,   1.5
255325,  -2.0,   0.6,  -2.5,-226.4,-140.7, 949.9,  -3.4,   1.7
255349,  -2.1,  -4.6,  -0.9, 187.9, -48.9,1078.4,  -3.4,   1.3
255373,  -1.7,  -2.7,  -1.1, 101.7, -22.0, 924.5,  -3.6,   1.2
255401,   0.6,  -0.4,  -2.7,  89.3,-105.0,1003.4,  -3.7,   1.1
255425,   1.1,  -3.3,  -3.5, 173.0,  22.6, 994.6,  -3.2,   1.2
255449,   0.8,   2.6,  -3.6, -65.0,-111.4, 952.9,  -3.4,   1.1
255473,  -0.3,   0.1,  -2.0, -81.9, -11.8, 925.3,  -3.4,   1.2
255501,  -2.5,   0.4,  -2.9, -35.5, -29.4,1011.2,  -3.0,   1.1
255529,  -0.6,  -1.3,   0.1, -81.1,-254.5,1127.7,  -3.2,   1.1
255549,   0.1,   5.9,   1.3,  51.9,-216.1, 934.3,  -3.8,   0.3
255573,   0.5,   4.1,  -3.7,-271.3, -61.1, 890.9,  -3.0,   0.7
255601,   2.9,  -1.2,  -1.6,-105.6, -94.3, 928.5,  -2.7,   1.3
255625,   1.2,  -3.0,  -0.5,  72.9, -77.5, 943.6,  -2.8,   1.3
255649,  -1.4,  -1.0,   1.4, -85.8, -77.0, 954.1,  -3.0,   1.4
255673,  -0.0,  -2.0,   1.2,  83.9,  69.5,1202.6,  -3.4,   1.4
255701,  -0.1,  -0.4,  -1.1,  64.6, -70.4,1017.6,  -3.6,   1.1
255725,   3.0,  -0.8,  -2.0,   8.0,  63.4,1145.5,  -3.3,   1.2
255749,   3.3,   0.3,  -1.3, -20.1, -21.8,1040.0,  -3.4,   1.2
255773,   3.5,   1.4,  -3.5,-273.5,  55.8, 890.9,  -3.0,   1.7
255801,   1.3,  -2.9,  -1.3, 205.0,-182.9, 938.7,  -3.5,   1.3
255825,   0.1,   0.6,  -2.5,-133.4,  92.2, 915.8,  -2.8,   1.5
255849,  -1.0,   1.2,  -3.3, -33.8, 112.0,1158.2,  -2.3,   1.4
255877,   3.5,  -0.3,   0.9, 273.4,-208.8, 959.0,  -3.8,   0.8
255901,   2.6,   3.2,  -3.6,-150.0,  33.1, 913.1,  -2.8,   1.1
255925,   5.3,  -2.6,  -1.6,  63.1, 126.6,1025.6,  -2.4,   1.4
255949,   3.3,  -0.4,  -1.0, -39.1,  33.4, 939.2,  -2.4,   1.6
255977,  -0.6,   1.0,   0.9,  19.7, -45.2,1150.4,  -2.4,   1.5
256001,   0.8,  -2.1,   2.7, -25.2,-117.0, 980.7,  -2.8,   1.8
256029,   1.4,   1.7,  -0.2, -31.3,   2.4,1001.7,  -2.7,   1.8
256049,   1.6,   1.3,  -0.3,  69.5,-145.8, 884.8,  -2.9,   1.6
256077,   2.2,  -2.5,  -0.9,  31.9,-130.2, 930.4,  -2.6,   1.8
256101,   2.6,   7.0,  -0.1,-123.4,-134.6, 884.5,  -2.7,   1.6
256127,   0.3,   0.1,   0.3, -26.5,  -5.2,1028.6,  -2.4,   1.9
256151,  -3.5,   1.9,   0.9,-194.7,  -7.4, 844.7,  -2.0,   2.1
256175,  -5.9,  -0.5,   0.0,  81.0, 198.9, 772.2,  -1.4,   1.9
256199, -13.6,  -4.5,   3.9,-468.3,-695.6,1425.0,  -1.5,   2.8
256227,   1.2,   2.9,   3.3,  64.1,-129.7,1103.5,  -2.9,   1.4
256251,  -0.2,   3.7,   0.0,-330.4,-405.3, 768.8,  -2.2,   1.8
256275,   0.5,   0.9,  -1.2, 125.9,-232.7,1076.2,  -1.8,   1.8
256299,  -0.4,   0.6,  -0.5, -55.5, -88.0,1089.1,  -1.7,   2.4
256327,  -0.1,   0.0,   0.3,  52.4, -96.3,1032.0,  -2.1,   2.2
256351,  -1.4,   1.7,   1.7,-110.9,  29.7, 924.3,  -2.5,   2.1
256375,   0.4,  -0.4,   1.2, -10.1,  73.2,1095.0,  -2.4,   1.9
256399,  -0.5,   3.9,  -0.6,-195.6, -90.4, 970.4,  -2.6,   2.2
256427,   0.8,   1.4,  -0.7,  27.0,-115.1,1147.2,  -2.9,   1.8
256451,   1.1,   5.6,  -0.4,-302.8, -20.6,1032.7,  -3.1,   1.8
256475,  -3.5,  -0.1,  -1.2,  34.8,-114.6, 980.5,  -2.8,   1.8
256499,  -5.2,   3.7,  -0.9,-281.8,-152.4,1109.6,  -2.9,   1.8
256527,   0.7,  -9.6,   1.6, 334.9,  81.7, 957.5,  -2.7,   1.2
256551,  -1.0,   2.6,  -0.3,  33.9, -11.3,1004.1,  -2.9,   0.3
256575,   0.4,  -0.2,  -0.9,  29.0,  95.6, 922.4,  -2.7,   0.6
256599,   0.6,  -1.3,  -1.2,  41.9, -68.9,1007.6,  -2.6,   0.8
256627,   1.0,  -1.5,  -1.3,  25.8,  -8.6, 933.1,  -2.8,   0.9
256651,  -0.1,  -1.6,  -1.1,  71.9,  60.5, 927.2,  -2.8,   0.8
256675,  -0.5,  -1.5,  -1.3,  13.6,  14.1, 931.9,  -2.9,   0.8
256699,   0.2,  -0.2,  -0.1,  63.9, -39.9,1040.0,  -2.9,   0.7
256727,   4.3,   2.4,  -0.2,-151.5,-126.5, 940.2,  -3.2,   0.8
256751,   4.0,  -1.9,  -1.2, -80.2,  36.3,1021.2,  -2.6,   1.2
256775,   4.0,   2.7,   0.3, -78.2, -49.4,1047.4,  -2.9,   1.1
256799,   0.9,   2.1,  -0.3,-164.6,  53.4, 908.4,  -2.6,   1.1
256827,  -4.6,  -4.4,   1.5, 192.3,-469.1,1182.6,  -2.4,   1.4
256851,   0.7,   1.1,   2.8, 255.8, -23.7, 926.3,  -3.2,   0.7
256875,   0.4,   3.7,  -1.4,-135.1,  61.9, 944.6,  -2.6,   0.9
256903,   1.4,   3.4,  -2.7,-184.9, -77.2, 907.5,  -2.4,   1.0
256927,   0.8,  -0.2,  -0.2,  -3.7,  83.4, 872.5,  -2.3,   1.3
256951,  -1.6,   2.5,  -0.2, -68.7,  14.6,1124.3,  -2.5,   1.1
256975,  -3.1,   1.2,   1.7,-114.3,-155.3,1065.7,  -2.9,   1.5
257027,   1.0,   1.0,   1.9, -18.4,  31.9,1108.1,  -3.0,   1.5
257031,   1.9,   0.5,   2.3,  -7.2,   9.9,1130.8,  -2.9,   1.5
257051,   0.5,   1.2,  -0.8,-125.3, -58.9, 986.8,  -2.7,   1.7
257075,  -1.9,   3.7,  -1.6,-186.6,-115.3, 992.4,  -2.9,   1.6
257103,  -2.2,   1.0,  -1.1, -97.3, -29.9,1087.4,  -2.8,   1.5
257127,  -1.8,  -1.6,   0.8, -99.2,-120.2,1218.0,  -3.2,   2.1
257151,   6.0, -10.3,   0.1, 465.5, 192.6,1008.3,  -4.2,   1.5
257175,   3.7,   7.3,  -5.5, 140.5, -16.2, 970.0,  -3.9,   0.7
257203,   3.3,  -0.8,  -6.1, -51.8, 205.0,1071.5,  -2.8,   1.6
257227,   0.3,  -0.8,  -4.1, -79.9, -43.3,1054.7,  -2.7,   1.8
257251,  -0.7,  -2.7,  -3.8, -30.6, -53.5,1001.0,  -3.3,   1.9
257275,  -2.3,  -5.5,  -2.2, 242.8, -59.9, 971.4,  -3.4,   1.5
257303,  -1.8,  -1.8,  -0.9, -28.9,-113.1, 968.3,  -3.6,   1.5
257327,  -1.3,  -0.7,  -1.6,  77.3,-147.0, 980.7,  -3.5,   1.2
257351,   1.6,  -0.7,  -2.0, 134.7, -85.0, 967.0,  -3.6,   1.0
257375,  -0.6,   0.1,  -0.0, -37.2, -46.9, 880.6,  -3.4,   1.3
257403,   0.7,  -1.6,   2.0,  98.5,  -5.7, 970.2,  -3.3,   1.2
257427,  -0.9,   3.2,   1.7,-186.1, -20.1, 966.5,  -3.3,   1.5
257451,  -2.8,  -2.0,   2.4,  26.8,  81.2, 939.4,  -2.6,   1.8
257475,   1.1,  -1.5,   1.6,  29.5,-168.3,1208.0,  -3.2,   1.9
257503,   2.5,   5.0,   1.6, -95.8,  76.1, 959.7,  -3.8,   1.3
257531,   1.4,   0.8,  -0.8, -11.8, -56.5,1028.1,  -3.8,   1.3
257551,   0.2,   2.7,  -1.4,-130.9,  55.4, 910.1,  -3.3,   1.6
257575,  -0.9,   0.6,  -0.1, -63.8,-100.9,1008.3,  -3.5,   2.0
257603,  -1.8,   0.9,   0.7,-128.3,   1.9,1010.2,  -3.7,   1.8
257627,  -2.0,  -0.8,  -0.0, -72.1, -95.3,1038.6,  -3.9,   1.7
257651,  -1.0,  -1.6,  -0.3,  43.6, -43.5,1071.3,  -4.0,   1.4
257675,  -0.9,   2.0,  -0.8, -40.6, -65.5, 994.4,  -3.7,   1.3
257703,  -0.8,  -3.4,   0.3,  74.4,-112.1,1108.9,  -3.8,   1.6
257725,  -1.1,  -0.1,  -0.8,  36.8,-192.2,1034.9,  -3.6,   1.4
257753,  -0.4,  -0.5,   0.9,-252.5,   2.6,1036.6,  -3.7,   1.8
257777,  -0.6,   0.0,   1.1,-132.9, 162.0,1022.4,  -3.4,   1.7
257801,  -4.7,  -0.4,  -0.6, 238.7,-282.8,1534.2,  -3.2,   1.2
257825,   2.2,  -0.7,   5.2,  78.0,-352.8,1019.0,  -4.4,   1.2
257853,   2.2,   2.3,  -0.4, 112.7, 243.3, 952.6,  -3.5,   1.0
257877,   1.4,  -2.2,   0.4,   6.0, -53.0, 979.0,  -2.9,   1.5
257901,  -0.9,   0.6,  -0.6,  44.3,-247.9,1056.6,  -2.9,   1.6
257929,  -3.1,  -3.1,   1.6, 123.0, -62.8, 894.5,  -3.3,   1.6
257953,  -2.8,  -1.3,   2.7, -48.9,-129.5, 940.9,  -3.6,   1.6
257977,  -1.7,   0.3,   0.8,  38.2, -67.0, 963.9,  -3.7,   1.4
258001,  -0.3,   4.0,  -0.9,-184.9, -26.4,1012.2,  -3.7,   1.2
258029,   1.2,  -1.6,   1.2,  -1.8, -33.8,1039.3,  -3.6,   1.2
258053,   0.3,   0.4,  -0.1,  51.2, -79.4,1049.5,  -3.8,   1.0
258077,  -0.7,  -1.3,   0.3, -40.9,-166.6, 992.7,  -3.9,   1.3
258101,  -0.7,  -1.0,   0.8, -54.3,-109.2, 996.1,  -3.9,   1.3
258129,  -2.3,  -1.0,  -0.6,  16.8,  28.0, 863.3,  -3.4,   1.2
258153,  -4.8,   3.2,  -2.8, -82.6, -78.7,1113.8,  -3.0,   1.0
258177,  -0.4,  -1.7,   1.7,  62.7,-295.7, 970.9,  -4.0,   1.4
258201,   0.5,  -0.5,   2.6, 247.5, -32.0,1006.6,  -4.1,   0.7
258229,   2.4,  -0.6,  -0.3,  -4.2, -16.4, 953.1,  -3.5,   0.9
258253,   2.4,   3.2,  -1.1,-268.6, -98.2,1079.8,  -3.3,   1.1
258277,   1.6,  -1.7,   0.4, 113.4, -28.4, 972.4,  -3.4,   1.2
258301,   0.8,   0.6,   0.1,-103.4, -35.5,1000.7,  -3.4,   1.2
258329,  -0.6,  -1.0,   0.3,  34.6,-100.4,1101.1,  -3.4,   1.1
258353,   0.5,   0.9,  -0.2, -29.6,-207.1,1128.2,  -3.5,   1.2
258377,   1.0,  -3.3,  -1.1, 188.1, -66.7, 981.9,  -3.2,   1.2
258401,   1.5,   2.2,  -1.6, -20.8, -69.4, 981.4,  -3.4,   1.0
258429,  -1.2,  -0.7,  -0.2, -26.0,-142.4,1037.1,  -3.6,   1.0
258453,  -1.5,   0.7,  -0.1,-100.7, 102.2, 951.9,  -3.1,   1.2
258477,  -3.5,   0.0,  -0.6,   5.8, -16.7, 960.9,  -2.9,   1.1
258501,  -1.8,  -4.0,   2.7, 133.2, -93.1,1220.0,  -3.1,   1.3
258529,   1.8,   2.5,   2.6,-103.4,-118.7,1019.0,  -3.1,   1.5
258553,   2.1,  -1.2,  -0.0, -25.0, -14.2,1022.7,  -2.5,   1.6
258577,   4.3,   1.9,  -1.8,-102.4,-235.4,1083.7,  -2.4,   1.6
258601,   2.9,  -5.1,  -0.3, -47.9,-147.5, 971.7,  -2.1,   2.0
258629,   2.2,  -1.8,  -0.2, -47.4, -83.6, 995.6,  -2.4,   1.7
258653,   0.4,  -1.6,   0.2,  38.2,-101.4,1015.1,  -2.3,   1.6
258677,   1.8,  -0.6,   0.2,  24.1,-120.7,1038.1,  -2.7,   1.4
258701,   3.4,   2.7,  -0.6,-125.6,  98.8, 891.8,  -2.2,   1.4
258729,   0.4,  -1.7,  -2.6,  87.1,-100.7, 975.6,  -2.1,   1.2
258753,  -0.9,   0.2,  -1.4, -37.2,-193.9, 963.6,  -2.4,   1.3
258777,  -2.1,  -1.6,   0.0,  85.9,-112.9,1191.6,  -2.6,   1.3
258801,  -4.6,  -1.9,  -0.2, -22.8,-175.1, 850.1,  -2.5,   1.5
258829,  -1.4,   2.6,   0.1, -92.4,-251.5,1129.4,  -3.4,   1.5
258853,   2.1,   4.3,   1.1,  87.3,   7.3, 869.4,  -3.6,   0.7
258877,   0.8,   1.7,  -3.4, -75.8,  79.8, 882.6,  -2.6,   0.9
258905,   0.4,  -0.8,  -2.1, -95.3,-181.2, 990.7,  -2.3,   1.5
258929,  -2.8,  -1.2,  -0.3, -11.1,-158.3,1214.6,  -2.6,   1.5
258953,  -2.3,  -3.2,   1.3,  -4.0,-126.8,1054.7,  -2.8,   1.4
258977,  -1.7,  -0.4,   0.5,-104.3,-108.7,1014.1,  -3.1,   1.4
259029,   1.7,   3.4,  -1.1,-175.9,  34.1, 884.0,  -2.7,   1.4
259033,   3.0,  -1.3,  -1.6, -65.0,  93.7,1045.9,  -2.5,   1.4
259053,  -0.5,  -2.2,  -0.2,  -4.2,-110.2, 946.0,  -2.3,   1.6
259077,   0.1,   0.7,  -0.5, -31.1, -57.9, 896.0,  -2.7,   1.6
259105,  -0.6,  -0.1,  -1.3,  60.5, -68.9, 991.4,  -2.8,   1.5
259129,  -0.8,  -3.3,  -1.4,-190.0,  56.3, 906.5,  -2.7,   1.8
259153,  -0.6,  -1.2,  -2.2, 102.7,  61.0, 910.9,  -2.4,   1.3
259177,  -5.8,   1.4,  -5.3, -50.4, -57.9,1166.2,  -2.0,   1.3
259205,  -1.2,  -6.6,   2.0, 307.3,-155.3, 853.3,  -3.2,   1.4
259229,  -1.7,   2.6,  -1.1,  39.7,  88.1, 915.0,  -3.1,   0.9
259253,  -0.1,  -1.6,  -0.1,  38.5, -10.8, 988.8,  -2.8,   1.0
259277,   1.6,   0.3,  -3.1, -96.8,  36.3, 974.4,  -2.8,   1.1
259305,  -1.7,  -2.7,  -1.7,  17.7,-133.9,1009.3,  -2.8,   1.1
259327,  -1.6,   2.5,  -2.1,-219.1,-121.9,1100.6,  -2.9,   1.1
259355,  -2.0,   0.4,   0.1,  52.7,-109.2,1064.7,  -3.0,   1.1
259379,  -0.0,   3.7,  -1.1,-175.4,  32.6, 983.4,  -3.0,   1.2
259403,   0.2,  -3.1,  -0.5,  92.9,  37.8,1062.7,  -2.7,   1.4
259427,   1.0,   2.4,  -2.8,-153.9, -69.9, 952.6,  -3.1,   1.1
259455,  -0.3,  -2.1,  -0.5,  61.9, -60.9, 959.5,  -3.0,   1.1
259479,  -0.7,  -0.1,  -1.3,  80.2,  31.7,1012.2,  -3.0,   0.8
259503,  -5.4,  -0.1,  -1.1, -33.5, -53.0, 929.2,  -2.5,   1.0
259531,  -7.5,   0.9,   1.3,-114.1,-546.0,1362.3,  -3.0,   1.1
259555,   0.5,   6.2,   2.8,  67.5,-271.3, 834.5,  -3.9,   0.3
259579,   2.2,   3.2,  -1.6,-114.8, -40.1, 978.5,  -3.1,   0.5
259603,   1.7,  -0.7,  -0.7,-144.1,  87.3, 953.1,  -2.3,   1.2
259627,  -0.0,   1.8,   1.1, -30.4, -15.4, 997.5,  -2.6,   1.1
259655,  -1.4,  -1.0,   1.9,  -6.9,-118.2, 972.4,  -3.0,   1.3
259679,  -2.6,  -4.0,   2.3, 111.2, -13.5,1069.8,  -3.1,   1.2
259703,  -0.7,  -1.5,   0.6, 129.6, -50.6, 934.8,  -3.3,   1.0
259727,   0.1,  -2.6,  -0.0, 152.7, -86.7,1008.0,  -3.3,   1.0
259755,   3.5,   2.8,   0.3,-115.6, -78.2, 983.9,  -3.2,   1.1
259779,   2.5,  -2.4,  -0.3, 124.9,   5.3, 952.9,  -2.9,   1.2
259803,   1.1,   2.8,   0.7,  -8.1, -87.2,1021.0,  -2.9,   1.1
259827,   1.0,   3.0,  -0.7,-200.8, -35.2, 892.8,  -3.0,   1.3
259855,  -4.8,   0.4,  -2.0,-301.6,-354.1,1319.3,  -2.2,   1.4
259879,   0.9,  -4.1,   2.0,  67.1,-238.1, 954.1,  -3.4,   1.5
259903,   2.0,  -0.8,  -0.7, 176.2,  38.5,1013.2,  -2.9,   0.7
259931,   1.2,   3.0,  -0.6,  24.6,  54.6,1134.8,  -2.4,   0.9
259955,   0.1,   5.0,  -1.1,-365.3,-220.3,1011.5,  -2.4,   1.4
259979,  -1.4,   1.9,   0.9,-156.3, -69.2,1122.1,  -2.3,   1.4
260003,  -2.6,   0.7,   1.9,-154.6,-202.2,1140.1,  -2.7,   1.5
260031,  -2.2,   2.5,   2.1, -66.7, -52.6, 948.0,  -2.7,   1.6
260055,   0.7,   1.0,   1.9, -27.2,-128.7,1134.3,  -3.0,   1.5
260079,   1.4,   1.3,   0.9,-120.2, -52.6, 956.5,  -2.8,   1.7
260103,   1.6,   0.2,  -0.6, -80.4, -10.1,1129.6,  -2.8,   1.7
260131,   1.0,  -0.1,   0.5, -17.4, -53.8, 988.8,  -2.8,   1.6
260155,  -0.3,  -1.9,   1.1, -10.6, 112.7, 984.9,  -2.7,   1.8
260179,  -4.6,  -6.0,   2.0, 176.7,-563.5,1198.0,  -3.0,   2.0
260203,   4.1,   2.5,   3.9, 406.9,-126.0, 768.1,  -4.0,   1.0
260231,   3.1,  -0.1,  -2.5,-136.3,  18.5, 932.1,  -2.9,   1.3
260255,   2.2,  -1.3,  -2.4,  88.5, -42.3, 950.4,  -2.3,   1.4
260279,   1.0,   0.0,   0.0, -97.7,-122.4, 999.3,  -2.4,   1.7
260303,  -2.1,  -3.0,   1.3, -42.3, -46.9, 988.0,  -2.4,   1.7
260331,  -3.2,   1.2,   1.7, -82.6, -98.0,1007.6,  -2.6,   1.6
260355,  -1.2,  -2.9,   2.3, 145.4,-107.0,1019.8,  -2.7,   1.4
260379,   1.3,   2.6,   1.4,  27.0, -55.0,1106.7,  -2.9,   1.2
260403,   2.3,   1.0,   0.7,-157.6, 121.3,1033.4,  -2.4,   1.5
260431,   1.0,   1.6,   0.3, -10.3, -77.9, 888.4,  -2.5,   1.2
260455,  -0.8,   3.7,   1.7,-144.1, -16.4, 966.8,  -2.5,   1.3
260479,  -2.8,   1.7,   2.5,-121.4,  39.5,1142.6,  -2.4,   1.6
260503,  -2.8,   2.9,   1.6,-293.8,-145.3,1155.0,  -2.5,   1.7
260531,   2.8,  -1.1,   1.0,  92.7, 137.4, 922.4,  -2.2,   1.5
260555,   0.4,   4.5,  -1.7,  -2.3,-209.8,1036.9,  -2.0,   0.6
260579,   2.8,  -0.6,  -1.2, -55.3,  38.3,1069.8,  -1.8,   1.3
260603,   1.0,  -1.6,   0.7,  85.4,   7.7,1038.8,  -1.8,   1.5
260631,  -0.4,  -1.3,   0.3,-135.6,   9.2, 976.3,  -1.8,   1.4
260655,  -1.1,   0.7,   2.1,  22.9, -86.5,1034.9,  -2.2,   1.2
260679,   0.5,  -0.5,   1.7, -28.4,  92.5,1030.8,  -2.0,   1.2
260703,   1.6,   0.8,   1.1, -33.8,  96.6, 967.0,  -1.9,   1.0
260731,   2.5,   3.4,   2.1,-166.1, -57.0,1077.1,  -2.1,   1.3
260755,   0.5,  -0.7,   1.1,   0.4,-173.9, 897.7,  -2.1,   1.4
260779,   0.9,  -0.5,   1.4, 124.7,-116.8,1019.8,  -2.1,   1.2
260803,  -0.6,  -0.7,   1.7, -66.5,  85.6, 940.9,  -2.1,   1.5
260831,  -4.2,  -2.1,  -0.2, 182.8, 124.2, 820.1,  -1.4,   1.1
260855,  -0.9,   0.4,   1.4, -49.4,-119.9,1160.4,  -1.9,   1.6
260879,   1.8,   6.1,   2.6,-268.6, 244.3, 938.2,  -2.6,   1.0
260907,   0.8,   1.1,   0.3, -71.1,  76.8,1125.7,  -2.3,   1.1
260929,   0.8,   1.3,  -1.6,-191.5, -28.9, 984.9,  -2.2,   1.2
260957,   0.7,  -5.2,  -0.6, -21.3,  78.8, 919.9,  -2.1,   1.4
260981,  -2.3,  -3.2,  -0.6, 160.6,-233.2,1059.3,  -2.6,   1.3
261005,  -2.3,   3.9,  -1.9,-296.5, -96.7, 852.3,  -2.8,   1.4
261033,  -0.5,  -2.6,  -1.3,  48.5, -81.9, 967.0,  -2.9,   1.3
261057,  -0.4,  -0.8,  -2.7, -73.1,-137.5, 975.3,  -2.6,   1.2
261081,  -0.9,  -0.2,  -3.6,-118.7,-123.1,1174.8,  -2.8,   1.2
261105,   0.7,   0.1,  -2.6,  41.4, -60.4,1089.1,  -2.9,   0.9
261129,  -1.5,  -1.9,  -2.4,  12.4, -33.3,1054.4,  -2.6,   0.8
261157,  -2.6,   1.5,  -0.6,-393.6, -76.7, 937.5,  -2.2,   1.5
261181,   1.2,  -7.6,   1.2, 363.9, 137.9, 904.5,  -2.9,   1.0
261205,  -2.8,   4.3,  -1.1,  29.9, -80.4, 939.9,  -2.5,   0.2
261229,  -2.9,  -1.1,  -1.9,  43.4, 147.6, 942.1,  -2.0,   0.7
261257,  -9.0,  -4.7,   2.3,  20.9,-838.4,1522.7,  -2.5,   1.4
261281,   1.2,   5.6,   4.7, 390.3,-242.7, 786.9,  -3.9,   0.0
261305,  -0.3,   4.8,  -2.6,-350.7, -39.6,1039.3,  -2.6,   0.6
261329,   6.7,   2.7,  -0.5, -87.7, 121.5,1172.4,  -2.4,   0.8
261357,   2.7,  -1.9,   0.8, 151.8,-263.5, 943.8,  -2.6,   1.1
261381,   3.0,   1.8,   1.4,  31.4, -95.3,1017.3,  -2.7,   1.1
261405,   2.1,   2.6,   1.2,-524.0, -99.2,1006.3,  -2.2,   1.8
261429,   8.0,  -5.7,   3.0,  73.6,-104.6, 890.4,  -3.4,   1.9
261457,   5.4,   1.4,  -3.4, -16.2, -13.5,1023.7,  -2.9,   0.8
261481,   3.2,  -2.4,  -3.8, 186.7, -16.7, 917.2,  -2.2,   1.0
261505,   3.9,   0.3,  -3.5, -74.3,  66.6, 864.7,  -2.3,   1.0
261533,   1.8,   3.1,  -2.7,  20.4,-113.3,1042.0,  -2.3,   1.1
261557,   1.6,  -1.2,  -0.9,-170.0, -49.1, 982.9,  -2.2,   1.5
261581,   2.3,  -2.2,  -1.0, 205.0,   0.2, 977.3,  -2.4,   1.0
261605,   2.9,   1.9,  -1.9,-172.4,  71.5, 971.2,  -2.3,   1.1
261629,   4.0,   1.5,  -1.3, -25.0, -79.7, 958.0,  -2.5,   1.0
261657,   3.3,   0.4,  -1.1,  27.3, -13.5,1038.8,  -2.2,   1.1
261681,   3.7,  -1.0,   0.5, -46.2,-119.2, 964.1,  -2.3,   1.3
261705,   3.3,  -0.8,   0.4, -26.5, 117.4, 990.0,  -1.9,   1.5
261729,   0.1,   0.4,  -2.2, -50.4,-214.2,1381.8,  -1.6,   1.2
261757,   7.6,  -0.7,   0.9, 110.3,  -6.2,1009.0,  -2.6,   1.2
261781,   7.4,   1.4,  -3.5,-134.1,  39.0,1082.8,  -2.1,   0.7
261805,   6.2,  -2.4,  -4.0,  15.1, 102.5, 863.8,  -1.1,   1.3
261829,   2.3,  -0.1,  -5.8, -34.0, -98.0,1015.1,  -1.2,   0.9
261857,   0.5,  -1.6,  -2.5,   5.5,  26.5,1019.8,  -1.6,   1.1
261881,  -5.3,  -3.8,  -1.3, 111.0,-127.5,1100.6,  -1.6,   1.2
261905,  -3.9,   0.9,  -1.2, 116.4,-203.2,1051.3,  -2.0,   0.9
261933,  -2.2,   2.5,  -1.6, -28.4,   6.3,1025.1,  -1.9,   0.7
261957,  -1.3,   3.4,  -1.3, 143.7, -45.5,1046.4,  -1.9,   0.6
261981,   0.5,   1.7,  -0.3,-109.2, -42.5, 930.2,  -2.0,   1.0
262005,  -2.1,  -0.4,  -0.4, -46.7, -83.1,1035.4,  -1.7,   1.2
262033,  -1.4,   0.4,  -0.0, 122.0,   4.8,1026.6,  -1.7,   1.1
262057,  -2.0,   1.6,  -1.4, -56.5,   6.8,1008.0,  -2.1,   1.2
262081,  -2.5,  -0.2,  -1.1, -91.6, -17.2, 999.0,  -1.9,   1.3
262105,  -2.3,  -0.5,  -2.5,   4.8, -55.0, 992.4,  -2.0,   1.1
262133,  -2.8,   0.3,  -0.5, -48.4,-183.9,1094.5,  -2.2,   1.2
262157,  -0.0,  -0.9,   1.0, 147.1,-123.1, 981.7,  -3.3,   0.8
262181,  -1.0,  -1.1,  -1.8,  57.0,  96.1, 985.8,  -2.8,   0.7
262205,  -0.6,   0.9,  -3.0, -64.5, -17.2, 999.0,  -2.5,   0.9
262233,  -0.2,  -1.2,  -2.4, -12.8,-128.2,1026.8,  -2.7,   1.0
262257,  -1.8,   0.1,  -0.9, -17.4,-116.0,1026.8,  -2.9,   1.2
262281,  -1.7,   1.5,  -0.9, -24.5, -36.2, 985.8,  -3.1,   1.1
262305,  -0.6,  -0.2,  -1.7, -26.2,  51.9, 901.1,  -3.1,   1.1
262333,   0.2,   0.2,  -1.9, -76.3, -76.7,1080.1,  -3.1,   1.2
262357,  -0.5,  -0.7,  -2.7, -34.3, -71.4, 988.8,  -3.1,   1.2
262381,  -0.3,   0.7,  -1.7,   4.3, -62.1, 976.3,  -3.3,   1.0
262405,  -0.6,   2.1,  -0.5, -98.2, -45.2,1050.3,  -3.2,   1.2
262433,  -0.1,   0.3,  -1.0, -56.2,-112.4,1032.0,  -3.4,   1.3
262457,   0.4,  -0.4,  -1.1, -31.1, -20.8,1000.7,  -3.5,   1.4
262481,   1.3,  -0.5,  -2.0,  15.8, -82.3,1034.7,  -3.5,   1.2
262505,   0.8,  -0.8,  -2.2, -97.3, -18.1, 981.9,  -3.4,   1.3
262536,   1.6,  -1.0,  -2.6,  -9.4, -71.8, 962.9,  -3.4,   1.3
262556,  -0.0,  -2.3,  -2.6,  23.8,   3.1,1039.3,  -3.1,   1.2
262580,  -2.8,  -0.4,  -3.6,  29.9,   5.5,1000.5,  -2.8,   1.2
262608,  -3.8,   2.5,  -1.3,-160.5, -80.1,1058.6,  -3.0,   1.1
262632,  -1.0,   4.0,   0.5,-143.9,-250.8,1028.1,  -3.7,   0.9
262656,   1.7,   0.0,   1.2, -17.9,  37.0,1086.2,  -3.5,   1.1
262680,   3.7,   0.2,  -0.6, -27.4,  22.2, 922.6,  -3.3,   1.1
262708,   3.5,   0.9,  -0.9, -35.7,   6.8,1001.9,  -2.8,   1.4
262732,   1.3,  -2.6,   0.1,  57.3, -38.2, 946.3,  -2.8,   1.4
262756,  -0.3,  -0.7,   1.2,  36.8, -57.4, 994.6,  -3.0,   1.5
262780,  -0.5,   0.3,   0.9,  -8.6, -63.8, 994.9,  -3.0,   1.5
262808,   0.7,  -0.8,   0.1, -39.9, -39.4,1103.0,  -3.2,   1.4
262832,   2.7,   0.8,  -0.8, -20.1,  -9.3, 879.4,  -2.8,   1.5
262856,   0.7,  -1.0,  -0.9, -37.9, -78.2,1037.1,  -2.8,   1.4
262884,   1.3,  -0.4,  -0.2,  43.6,   1.4, 991.4,  -2.7,   1.4
262908,  -0.3,   0.1,  -0.1,  20.4, -98.9,1032.5,  -2.7,   1.3
262932,   0.1,  -0.5,   0.0, -32.6,   6.3, 948.7,  -2.5,   1.5
262956,   0.9,   0.6,   0.2, -13.0, -25.0, 977.8,  -2.6,   1.4
262984,   2.2,   2.9,   0.8, -79.9, -25.5, 916.0,  -2.5,   1.5
263008,   3.7,  -0.5,  -0.1, -38.9, -41.6,1060.8,  -2.5,   1.5
263036,   3.2,   1.5,   0.5, -71.4, -10.8, 979.0,  -2.4,   1.6
263056,   0.7,   1.8,   0.9, -37.4, -25.2, 962.6,  -2.0,   1.6
263084,   0.5,   0.5,   0.9, -43.5, -30.3, 959.2,  -2.0,   1.6
263108,   0.6,  -0.4,   0.3,  28.2, -11.1, 993.2,  -1.8,   1.5
263132,   1.3,   1.5,  -0.3, -65.5,  41.9,1079.6,  -1.7,   1.4
263156,   0.7,   1.2,   0.5, -45.7, -28.1, 968.3,  -1.6,   1.5
263184,  -0.3,  -0.4,   0.1,  38.0, -30.3, 970.7,  -1.3,   1.4
263208,  -1.8,   0.0,   0.8, -41.1, -15.2, 991.4,  -1.3,   1.4
263232,  -3.0,   1.9,   0.6,-127.5, -50.1, 997.1,  -1.2,   1.6
263256,  -1.5,   0.1,   2.7,  57.0, -89.7,1048.8,  -1.6,   1.4
263284,   1.7,   0.8,   2.5,  23.8,  -7.9,1031.7,  -2.0,   1.3
263308,   3.4,   0.0,   0.3, -23.0,  36.3,1014.1,  -1.6,   1.3
263332,   2.6,   1.2,  -1.6, -44.3,  49.3, 951.4,  -1.4,   1.4
263356,   0.6,  -1.3,  -0.8, -32.6, -14.5, 991.7,  -1.2,   1.5
263384,  -1.5,  -1.4,   1.3, -16.4, -57.9, 991.2,  -1.3,   1.6
263408,  -1.4,  -0.3,   2.7, -12.8, -72.8,1002.2,  -1.4,   1.5
263432,  -1.5,  -0.3,   0.9, -13.0, -46.0,1033.7,  -1.4,   1.5
263456,  -0.7,   0.1,   0.1,   7.7, -22.0,1005.6,  -1.4,   1.3
263484,  -0.7,  -0.1,   0.8, -47.9, -41.1, 997.8,  -1.3,   1.3
263508,  -0.7,   0.8,   0.8, -27.7, -33.8,1000.7,  -1.3,   1.4
263536,  -0.9,   0.9,   1.4, -40.4, -18.4,1013.2,  -1.3,   1.4
263556,  -0.9,   1.0,   0.8, -27.2, -42.1,1007.6,  -1.4,   1.4
263584,  -0.7,  -0.8,   0.7, -20.1, -29.1,1060.0,  -1.4,   1.4
263608,  -0.6,   0.8,   0.6, -36.7, -49.4,1046.1,  -1.5,   1.4
263632,   0.2,   0.4,   0.2, -24.5, -27.4, 993.4,  -1.6,   1.4
263656,   0.2,  -1.2,   0.0,  -8.1, -46.7,1020.0,  -1.7,   1.3
263684,  -0.1,  -0.7,  -0.5,  -1.8,  -9.8, 980.7,  -1.6,   1.4
263708,  -0.4,   1.2,   0.5, -18.4, -14.0, 983.1,  -1.6,   1.3
263732,   0.2,  -1.5,   0.6,   8.0,  -8.4,1021.0,  -1.6,   1.3
263756,  -0.0,  -0.2,   1.0, -29.9, -16.7,1020.7,  -1.6,   1.3
263784,   0.3,   0.3,   1.0, -28.6, -19.8, 973.1,  -1.6,   1.4
263808,   0.8,   1.7,   0.5,   8.0,  -2.8,1023.9,  -1.5,   1.3
263832,  -0.4,   1.5,   1.1, -40.9, -52.3, 998.3,  -1.5,   1.4
263856,   0.6,   1.9,   1.6, -17.9,  -9.3,1032.5,  -1.4,   1.4
263884,   0.3,   1.1,   1.1, -28.6, -37.9,1003.2,  -1.5,   1.5
263908,  -0.7,   0.2,   1.0, -40.6, -58.9,1003.2,  -1.7,   1.5
263932,  -1.3,   1.2,   0.3, -23.8, -94.3,1012.9,  -1.8,   1.5
263960,  -0.9,   0.2,  -0.6,  -1.3, -91.9,1035.9,  -2.0,   1.4
263984,  -1.0,   1.1,  -1.3, -21.8, -94.3,1010.2,  -2.3,   1.3
264008,  -0.6,   0.0,  -1.6, -30.6, -77.0,1011.0,  -2.4,   1.4
264036,  -0.1,   0.1,  -1.1, -38.9, -70.4,1032.0,  -2.5,   1.4
264060,  -1.2,   1.4,   0.5, -86.0,-156.1, 907.7,  -2.6,   1.5
264084,   1.9,   1.5,   1.2, -43.3,  82.2, 934.6,  -2.6,   1.5
264108,   0.7,  -1.0,   1.1, -56.5, -92.1, 956.8,  -2.7,   1.6
264134,   0.2,   1.7,   0.3, -29.9, -87.2,1035.9,  -2.9,   1.5
264158,  -0.9,   0.3,   0.0, -33.0, -54.0,1064.0,  -3.0,   1.5
264182,  -0.9,   0.4,  -0.2, -42.1,-134.6, 995.1,  -3.2,   1.5
264210,   0.1,  -1.5,  -1.1, -25.2, -31.3, 960.9,  -3.2,   1.5
264234,   1.0,  -0.1,  -1.9, -18.2,-101.1, 972.9,  -3.0,   1.6
264258,   0.7,  -1.8,  -1.3,  10.9, -17.2,1062.0,  -3.0,   1.4
264282,  -0.5,   0.8,  -0.4, -72.8, -57.4, 993.9,  -3.0,   1.5
264310,   0.4,   0.7,  -0.4,  14.6, -51.3, 994.6,  -2.8,   1.4
264334,  -0.5,   1.1,  -0.7,  -8.4, -56.2,1045.4,  -2.9,   1.4
264358,   0.1,   1.1,  -0.8, -64.8, -55.7,1032.2,  -2.9,   1.5
264382,   0.4,   1.0,  -0.3, -27.2, -16.4,1021.0,  -2.8,   1.5
264410,   1.0,  -0.4,   0.8, -35.2,   4.6,1008.8,  -2.4,   1.6
264434,   0.9,  -0.6,   1.3, -32.8,  -9.6,1011.0,  -2.2,   1.6
264458,   0.3,  -0.6,   1.4, -31.3,  -6.2,1009.3,  -2.0,   1.6
264482,   0.1,  -1.7,   0.8, -24.5,  -4.0, 999.7,  -1.8,   1.6
264510,   0.4,   0.4,  -0.2, -42.1, -15.4,1011.7,  -1.7,   1.6
264538,  -0.0,  -0.1,  -0.0, -56.5,  -7.1, 993.6,  -1.6,   1.6
264558,  -0.5,   1.6,   0.5, -36.5,  -9.8,1019.5,  -1.5,   1.6
264582,  -0.3,  -0.4,  -0.1, -25.7,  -4.2,1008.5,  -1.4,   1.5
264610,  -0.0,   0.3,  -0.3, -42.1,  -5.2,1011.0,  -1.2,   1.6
264634,  -0.4,   0.6,  -0.3, -20.6, -25.0,1003.4,  -1.1,   1.6
264658,   0.7,   0.9,  -0.3,  -5.0,  -5.9,1022.7,  -1.0,   1.5
264682,   0.1,  -0.8,  -0.3, -23.3, -20.1,1010.7,  -1.0,   1.5
264710,  -0.4,   0.9,  -0.7,   6.3,   3.4,1028.6,  -0.9,   1.5
264734,  -0.4,  -0.1,  -0.3, -22.3, -10.1,1022.7,  -0.9,   1.5
264758,  -0.1,   0.6,  -1.0, -13.3,  16.8,1014.1,  -0.8,   1.5
264782,   0.1,   0.4,  -0.3,  -4.0, -11.8,1030.0,  -0.8,   1.5
264810,  -0.5,   1.6,   0.4,-116.1, -33.3, 985.3,  -0.8,   1.6
264834,   0.3,  -0.7,   0.8,  16.8,   1.9, 997.5,  -0.7,   1.6
264858,  -0.1,  -1.5,   0.8,  10.4, -13.5,1009.0,  -0.7,   1.5
264882,  -0.3,   0.0,   0.2, -48.2, -17.2, 973.9,  -0.7,   1.6
264910,  -0.4,  -0.1,  -0.2,  22.4, -14.2,1022.4,  -0.7,   1.5
264934,  -0.4,   0.4,  -0.5,  -8.9, -22.5,1004.9,  -0.7,   1.4
264958,  -0.1,   0.4,  -0.5, -58.7, -24.2, 995.3,  -0.6,   1.5
264986,   0.2,  -0.8,  -0.5, -16.7,  -7.6,1013.2,  -0.6,   1.5
265010,   0.4,  -1.4,  -0.9, -42.6, -23.5,1011.2,  -0.6,   1.5
265038,   0.2,  -0.4,  -0.3,  -6.7, -11.5,1032.7,  -0.5,   1.5
265058,  -0.6,  -0.1,  -0.6,   9.4,  -0.8,1020.5,  -0.5,   1.4
265086,  -0.4,   0.8,  -0.8, -42.8,   6.8, 982.4,  -0.5,   1.4
265110,  -0.7,  -0.5,  -0.2,  40.0,   4.8,1020.5,  -0.5,   1.3
265134,  -0.2,   1.3,   0.6, -61.9, -15.4, 997.5,  -0.4,   1.3
265158,   0.1,  -0.3,   0.2,   1.4, -21.1, 990.2,  -0.5,   1.3
265186,  -0.9,   0.3,   0.7, -36.5, -15.9, 988.3,  -0.5,   1.3
265210,  -0.5,   0.3,   1.0, -16.9,  -6.7,1020.3,  -0.5,   1.3
265234,  -0.3,  -1.3,   0.5, -36.2,  -2.8,1017.3,  -0.5,   1.4
265258,  -0.4,   1.4,   0.7,  -8.6, -17.9,1007.8,  -0.5,   1.4
265286,  -0.1,  -0.7,   0.6, -21.3, -25.5,1021.2,  -0.5,   1.5
265310,  -0.5,   0.6,  -0.8, -31.6, -33.3,1001.5,  -0.5,   1.5
265334,  -0.6,   0.9,  -0.8, -27.2, -25.9,1019.0,  -0.6,   1.5
265358,  -1.1,   0.7,  -1.3,  -0.1,   7.7,1019.3,  -0.6,   1.5
265386,   0.2,  -0.8,  -1.9, -11.6,   3.8, 998.8,  -0.5,   1.3
265410,  -0.9,   0.0,  -2.7,  26.8, -23.0,1023.7,  -0.5,   1.2
265434,  -0.9,   1.2,  -2.8, -77.7,   8.5, 984.9,  -0.4,   1.3
265458,  -0.1,  -0.7,  -2.2, -24.3,  13.4,1016.3,  -0.3,   1.3
265486,   0.1,   1.0,  -2.7, -36.2,  11.9, 983.9,  -0.2,   1.3
265510,  -0.7,  -0.7,  -1.6,  23.8,   4.3,1029.0,  -0.0,   1.3
265538,  -1.2,   0.1,   2.2, -53.3,  -2.8, 997.8,  -0.0,   1.3
265558,  -1.2,   3.0,   4.2, -73.3, -33.5,1010.7,  -0.1,   1.5
265586,   0.2,  -0.4,   3.5, -34.0, -11.5,1015.9,  -0.1,   1.7
265610,   0.4,   0.6,   2.4,  -8.6, -37.7,1016.8,  -0.2,   1.6
265634,  -0.5,   0.4,   2.2,   9.9, -45.7,1006.6,  -0.4,   1.4
265658,   0.3,   2.1,  -0.2,-135.3, -46.5,1153.6,  -0.7,   1.5
265686,  -1.2,  -0.1,   1.4, -84.6, -81.9, 956.0,  -0.8,   1.7
265710,   1.2,  -0.2,   0.1,  71.4,  53.4,1002.9,  -0.7,   1.7
265736,  -0.2,  -1.9,  -0.5,  14.6, -18.9,1032.9,  -0.7,   1.7
265760,  -0.0,  -0.2,  -1.1,  50.0, -56.2,1017.3,  -0.7,   1.2
265784,  -0.4,  -0.7,  -1.6, -25.5, -37.7,1025.9,  -0.7,   1.1
265808,  -0.4,  -0.9,  -1.4,   8.7,  -6.2,1012.7,  -0.7,   1.1
265836,  -0.9,  -0.5,  -3.0, -16.7,  -9.6, 989.5,  -0.6,   1.1
265860,  -0.4,  -0.5,  -1.7, -48.2,  18.0,1001.2,  -0.6,   1.2
265884,  -0.9,   0.3,  -2.2, -26.9,  -4.5,1000.2,  -0.5,   1.3
265912,  -0.4,   1.4,  -0.9, -35.2, -14.7, 993.2,  -0.5,   1.3
265936,  -0.1,  -1.6,  -0.6,  30.7,  -6.7, 983.6,  -0.5,   1.2
265960,  -0.6,  -0.1,  -1.3, -33.8, -13.5,1014.4,  -0.5,   1.3
265984,   0.2,  -0.1,  -1.9, -22.3, -36.2,1014.9,  -0.6,   1.2
266036,  -0.6,   2.3,  -0.1, -29.4,  -0.3,1006.3,  -0.6,   1.4
266040,  -0.1,  -0.5,  -0.6, -41.8,  -8.4,1018.1,  -0.6,   1.4
266060,   0.4,   1.0,  -0.7, -37.4, -10.6,1001.5,  -0.5,   1.4
266084,  -0.5,   1.2,  -0.1, -33.8,  -0.8, 991.0,  -0.5,   1.4
266112,  -0.7,   0.6,  -0.6,  -9.1,   4.6,1006.3,  -0.4,   1.5
266136,  -0.6,   0.3,  -0.2, -14.7,   1.2,1012.2,  -0.4,   1.5
266160,  -0.1,   0.9,  -0.5, -13.3,   5.1, 988.8,  -0.3,   1.5
266184,  -0.2,  -0.4,  -0.2, -28.9,  -9.1,1013.2,  -0.2,   1.5
266212,  -0.1,  -1.3,   0.1, -31.8,   8.7,1014.4,  -0.2,   1.5
266236,   0.1,  -0.5,   0.2, -34.8,  -2.0,1003.4,  -0.1,   1.6
266260,   0.4,  -0.4,   0.8, -33.8,  11.9, 996.6,  -0.1,   1.6
266284,  -0.3,   0.6,   1.9, -27.2, -12.0,1004.4,  -0.0,   1.6
266312,  -0.4,   1.2,   1.4,  -3.0,  -4.9,1017.8,  -0.1,   1.6
266336,  -0.4,  -0.1,   1.6,-190.5,  13.9,1002.4,   0.0,   1.9
266360,  -0.6,  -1.6,   3.0, 110.8, -20.8,1043.7,   0.1,   1.7
266384,  -0.3,   1.2,   1.6,  36.8, -64.8,1007.6,  -0.1,   1.6
266412,  -0.1,   0.1,  -0.0,  -6.9,   2.6,1061.8,  -0.3,   1.5
266436,   0.3,  -1.0,   0.2, -11.8,  -8.6,1011.5,  -0.4,   1.4
266460,  -0.1,   0.9,  -0.3,  16.5, -29.1,1020.0,  -0.5,   1.3
266484,  -0.7,   1.2,  -0.3, -34.8,   6.3,1006.6,  -0.5,   1.4
266512,   0.2,  -1.8,   2.2,  36.0,  20.9,1015.6,  -0.5,   1.6
266540,  -0.3,   4.0,   0.3, -86.5,  23.9,1003.2,  -0.4,   1.8
266560,  -0.3,   2.8,   0.8, -82.8,  47.1, 989.5,  -0.3,   1.8
266584,  -0.0,   0.4,   1.5,  22.4,   5.1,1084.5,  -0.2,   1.8
266612,  -6.5,   2.5,   0.7,-467.1,-721.0, 907.5,  -1.1,   1.8
266636,  -1.2,   4.1,  -1.8, -62.6,-125.3, 923.1,  -1.5,   2.2
266660,  -1.8,   4.3,  -3.1, -18.4,  44.6,1018.8,  -1.7,   2.1
266684,   1.3,   2.3,  -4.0, -36.7,  25.6,1020.0,  -1.8,   2.2
266712,  -0.3,   0.7,  -1.7, -51.8,  27.3, 963.4,  -1.4,   2.2
266736,   0.3,  -1.7,   0.0, -37.7,  15.1,1019.5,  -1.2,   2.4
266760,   0.3,   0.3,   1.7,  30.4,  -5.7,1015.4,  -1.0,   2.2
266784,  -0.0,  -1.5,   1.0,  12.6,  -2.0, 980.2,  -0.8,   2.0
266812,  -0.7,   1.1,   0.2,  24.1,  14.3,1004.4,  -0.8,   1.7
266836,  -0.6,   0.0,  -0.6, -25.5,  10.4, 997.5,  -0.7,   1.7
266860,  -1.0,   0.3,  -0.6, -65.3,  30.0,1001.2,  -0.5,   1.7
266884,  -5.3,   0.3,   2.2,-129.2,-916.3,1011.0,  -0.8,   2.0
266912,   3.2,  -2.4,  -3.8,  22.4, 102.2,1184.1,  -1.3,   1.3
266936,   1.1,  -3.5,  -1.7,-279.4,  66.6, 834.5,  -1.0,   2.1
266960,  -0.6,  -5.0,   0.5, 272.6, -20.3,1070.5,  -0.6,   1.8
266988,  -0.0,   0.8,   1.7,-209.1, -31.6, 933.8,  -0.5,   2.2
267012,  -0.7,  -2.5,   1.9,  93.7, -79.2,1001.5,  -0.5,   1.9
267040,  -0.4,   0.1,   0.0, -48.2, -42.1, 964.1,  -0.5,   1.9
267060,   0.4,   1.4,  -0.6, -53.6,   8.2, 996.6,  -0.5,   1.7
267088,  -0.6,  -0.7,  -0.0, -35.5,   0.9,1015.1,  -0.5,   1.6
267112,  -0.6,   0.3,  -0.5, -44.8,  -4.5,1027.3,  -0.5,   1.7
267136,  -0.1,  -0.7,  -0.0, -89.7,  -2.8,1015.1,  -0.5,   1.9
267160,  -1.0,  -0.2,  -0.3, -34.5, -24.2,1008.5,  -0.5,   1.9
267188,   0.1,   1.2,  -0.0, -20.6, -12.5,1020.3,  -0.6,   1.8
267212,  -0.4,  -1.0,  -1.0,   2.8, -23.5, 983.4,  -0.6,   1.6
267236,  -0.4,  -0.4,  -0.5, -20.1, -15.2, 990.5,  -0.6,   1.4
267260,  -0.1,  -0.8,  -0.2, -23.0,   9.7, 978.3,  -0.5,   1.4
267288,  -0.9,   0.1,   0.5, -41.1,  -6.7, 999.3,  -0.5,   1.5
267312,  -0.1,   0.8,   0.5,   1.4, -14.7,1014.1,  -0.5,   1.5
267338,   0.8,   1.1,   0.3, -13.3,  -9.8,1002.4,  -0.5,   1.4
267362,   0.4,   0.5,   0.2,   4.8,  -3.5,1015.6,  -0.5,   1.4
267386,  -0.0,   0.8,   0.4, -21.6,  -6.7,1020.0,  -0.5,   1.4
267410,  -0.1,   1.1,   0.1, -28.6,  10.2, 998.5,  -0.5,   1.4
267438,  -0.3,   0.7,  -0.1, -19.1,  -1.3,1001.9,  -0.4,   1.5
267462,  -0.3,   0.3,   0.1, -21.3, -10.6,1000.5,  -0.4,   1.4
267486,   0.2,  -0.2,   0.4, -38.4, -12.8,1019.8,  -0.4,   1.4
267510,   0.5,   0.1,   0.1, -13.0,  -2.5,1009.8,  -0.4,   1.4
267538,   0.6,   0.1,   0.0, -33.8, -12.0, 994.6,  -0.4,   1.4
267562,   0.5,   1.2,  -0.2, -32.6,  -0.3,1003.9,  -0.4,   1.4
267586,   0.5,  -0.5,  -0.0, -23.5,   0.4, 984.1,  -0.4,   1.5
267610,   1.0,  -2.3,   0.5, -30.8, -11.3,1012.2,  -0.3,   1.5
267638,   0.8,   0.7,   0.5, -29.1, -17.6, 997.8,  -0.3,   1.5
267662,   0.5,   0.6,   0.1, -17.7,   3.1, 999.3,  -0.3,   1.5
267686,   0.9,  -0.9,   0.4,  -7.9,   2.9,1002.4,  -0.3,   1.4
267710,   1.1,  -0.7,  -0.2, -34.0,  -1.8,1012.2,  -0.3,   1.4
267738,   1.0,  -0.7,  -0.2, -28.9,  -5.4,1001.9,  -0.2,   1.4
267762,   1.0,  -1.0,   0.0, -24.5,  -2.3,1005.1,  -0.2,   1.4
267786,  -0.0,  -0.6,   0.4, -30.4,   4.1, 997.3,  -0.2,   1.4
267810,   0.9,  -1.9,   0.1, -24.0,   0.2, 995.1,  -0.1,   1.4
267838,   0.5,  -2.3,  -0.2,  81.7,  16.3, 625.5,  -0.1,   1.3
267862,   1.7,  -2.1,  -0.2,  11.4, -32.0,1020.5,   0.4,   1.2
267886,   1.9,  -1.6,  -0.0, -66.7, -10.1, 984.9,   0.2,   1.2
267914,   1.2,  -0.8,   0.0,  11.1,   6.8,1018.8,   0.3,   1.2
267938,   2.2,  -2.2,  -0.0, -28.4, -15.0,1011.5,   0.3,   1.2
267962,   1.6,  -0.2,  -0.2, -16.7,   5.5, 994.1,   0.3,   1.1
267986,   1.4,  -0.5,  -0.5, -19.4,   4.3,1018.5,   0.3,   1.1
268037,   0.3,  -0.7,  -0.4, -36.0,  10.7,1027.6,   0.4,   1.1
268041,   0.6,  -1.0,  -0.6,  -1.1,  11.7, 995.1,   0.4,   1.1
268061,   0.2,  -0.8,  -0.5, -16.0,   9.2, 999.5,   0.5,   1.0
268089,   0.3,  -0.8,  -0.2,  -7.4,   3.6, 998.3,   0.5,   0.9
268113,   0.8,  -1.1,  -0.2, -23.3,  -3.2,1009.0,   0.5,   0.9
268137,  -0.3,  -0.2,  -0.5, -11.6,  -0.6, 998.0,   0.5,   0.8
268161,   0.8,  -0.6,   0.5, -83.3,  20.0, 969.5,   0.5,   0.8
268189,   0.6,   0.7,  -0.5, -18.4,  -4.0,1001.5,   0.4,   0.8
268213,   0.4,   0.7,  -0.3, -24.5,  -5.2,1001.7,   0.5,   0.8
268237,   0.5,   0.7,   0.2, -21.3,   2.9,1007.8,   0.5,   0.8
268261,  -0.0,  -2.0,  -0.5,  -4.5,  13.6,1026.4,   0.5,   0.8
268289,   0.8,  -0.3,  -0.2, -11.1,  22.9, 988.8,   0.7,   0.7
268313,   0.2,   1.1,  -0.2, -26.5,  -1.0,1012.0,   0.7,   0.7
268337,  -0.3,  -2.2,  -0.1, -11.3,  35.6, 989.2,   0.7,   0.6
268361,  -1.3,  -1.3,  -0.5, -20.8,   7.3,1018.3,   0.7,   0.6
268389,  -2.0,  -1.2,  -0.8,  -7.2,  -2.3,1012.9,   0.6,   0.6
268413,  -1.0,  -0.9,  -1.1,  -3.5,  -1.8,1006.8,   0.5,   0.5
268437,   0.5,   0.3,  -0.0,   1.6, -13.0,1023.9,   0.5,   0.4
268461,  -0.1,   1.6,   0.2,  -3.7,  12.6, 987.3,   0.5,   0.4
268489,   0.7,   0.0,  -0.3, -18.9,   0.4,1004.4,   0.5,   0.4
268513,   1.7,  -0.7,   0.6, -21.1,   6.0, 988.5,   0.5,   0.5
268541,  -0.1,  -0.3,  -0.6,  -7.7,   1.9,1014.4,   0.5,   0.4
268561,   0.2,   0.6,  -0.4,  -3.0,  -0.3,1022.2,   0.5,   0.4
268589,  -0.1,  -0.6,   0.4,   2.4,  11.7,1001.0,   0.5,   0.4
268613,  -0.3,  -1.9,  -0.5,   6.0,   5.5,1015.6,   0.4,   0.4
268637,  -0.6,  -1.4,  -0.7,   0.9,   0.4,1010.2,   0.5,   0.4
268661,  -0.8,  -1.0,  -0.7,   1.6,   4.1, 997.8,   0.5,   0.4
268689,  -0.6,   1.4,  -0.6,   4.6,   8.2, 992.2,   0.4,   0.4
268713,  -0.6,   0.5,  -0.6,   5.3,  10.7, 999.0,   0.4,   0.4
268737,  -1.4,   1.2,  -0.9, -13.3,   0.7, 995.1,   0.3,   0.4
268761,  -1.5,  -0.2,   0.1,  12.4,  30.7,1011.2,   0.3,   0.5
268789,  -2.0,   2.9,  -0.2,   8.9,  12.1, 998.8,   0.3,   0.4
268813,  -4.1,   5.6,  -0.3, -17.4,   0.4,1002.9,   0.3,   0.5
268837, -17.6,   7.2,   0.2,  25.8,-106.3,1038.6,   0.0,   0.7
