Time(ms),Gyro X,Gyro Y,Gyro Z,Acc X,Acc Y,Acc Z,Rot X,Rot Y
32332,  -0.5,   0.4,   0.2, 112.5,  30.5,1017.9,   0.3,  -1.0
32360,   0.3,   0.3,  -1.5,  54.9, -68.9,1005.9,   0.1,  -1.1
32364,   0.1,   2.0,  -2.0, -36.4, -40.3,1031.6,   0.0,  -1.0
32368,   0.3,   3.0,  -1.0,-103.0, -47.1, 994.0,  -0.1,  -0.6
32372,  -0.2,  -0.1,   0.5, -14.7, -25.9,1002.0,  -0.2,  -0.6
32386,  -0.2,   0.2,   1.2, -61.3,  47.8, 983.0,  -0.1,  -0.4
32390,   0.4,   0.4,   0.7,  -9.5,  56.9, 963.7,   0.1,  -0.3
32394,   0.5,  -1.4,   0.7,  37.6,  60.8,1001.5,   0.2,  -0.4
32398,  -0.8,   0.7,   0.2,  22.7,  36.4, 984.7,   0.3,  -0.4
32402,  -0.7,  -0.3,   1.0,  35.4,  21.2,1000.1,   0.3,  -0.5
32416,  -0.1,  -0.3,   0.5,   1.5,  13.9,1009.8,   0.4,  -0.5
32420,  -0.4,   0.3,  -0.3,  25.9,  -5.1, 998.6,   0.3,  -0.5
32424,   0.2,   0.0,  -2.4,  34.4,  -5.4,1004.5,   0.3,  -0.6
32428,  -0.3,   0.6,  -0.5,  -4.9, -10.8,1007.6,   0.3,  -0.5
32432,  -0.6,   0.9,  -0.6, -23.2,  -2.0, 983.5,   0.3,  -0.5
32446,  -0.8,  -0.3,   0.2,  18.5, -34.9,1009.3,   0.2,  -0.5
32450,   0.5,   1.9,  -1.4,   6.3, -33.5, 994.4,   0.1,  -0.5
32454,   0.6,   0.9,  -1.6,  23.7, -32.7, 997.6,   0.0,  -0.5
32458,   0.2,   0.6,  -0.7,  35.6, -31.5,1002.3,  -0.0,  -0.6
32482,   1.4,  -0.3,  -0.4,   7.6,  25.4, 982.5,  -0.0,  -0.5
32510,   1.1,   0.0,  -1.0,  14.6,   2.7, 998.1,   0.0,  -0.5
32534,   0.3,  -0.6,   0.3, -10.3,  -4.7, 989.8,  -0.0,  -0.4
32558,   0.2,   0.4,  -0.0,  -5.1, -11.7, 995.2,  -0.1,  -0.4
32582,  -0.5,   0.9,   0.1, -10.0,  -6.6,1004.0,  -0.1,  -0.4
32610,   0.6,  -0.3,  -0.9,  -3.7,  -0.7, 985.9,  -0.1,  -0.3
32634,   0.5,  -0.0,  -0.9,   8.3,   4.4,1008.6,  -0.1,  -0.3
32658,  -0.3,   0.6,  -0.4, -21.7, -18.8, 998.3,  -0.1,  -0.2
32682,  -0.3,   0.5,   0.4,  -3.9,  12.2,1007.1,  -0.0,  -0.2
32710,  -0.4,  -0.5,   1.5, -18.6,   3.2, 991.0,  -0.0,  -0.2
32734,  -0.6,  -0.9,   0.8,   8.3,   1.0, 994.4,  -0.0,  -0.3
32758,   0.3,   0.3,  -0.1, -25.6,   5.4, 985.2,   0.0,  -0.2
32782,  -0.5,   0.7,  -0.6,  -1.7,  -9.0, 989.1,  -0.0,  -0.2
32810,   1.4,   0.0,  -1.2,   1.2,   2.7, 997.4,  -0.0,  -0.2
32837,   1.1,   0.2,  -0.2,   2.7,   0.7, 994.2,   0.0,  -0.2
32857,  -1.1,  -0.1,   1.4,   9.0,  -3.4,1009.3,  -0.0,  -0.2
32885,   0.6,  -0.1,  -0.1,  15.9, -17.8,1008.4,  -0.0,  -0.2
32909,  -0.8,   0.4,   0.1,  -6.4,   7.8, 992.5,  -0.0,  -0.2
32933,   0.9,  -0.4,   0.5,  11.5,   5.6, 995.9,   0.0,  -0.2
32957,  -0.1,  -0.2,   0.3,  -5.9,   9.8, 983.2,   0.0,  -0.2
32985,  -0.4,  -0.8,  -0.4,  14.9,   9.0, 984.2,   0.1,  -0.2
33009,   0.8,   0.4,  -0.8,   6.1,   2.2,1001.5,   0.1,  -0.2
33033,   0.3,   0.5,  -0.3,  14.4, -11.5,1002.0,   0.1,  -0.2
33057,  -0.6,   0.7,  -0.1,   1.9,   0.7, 981.7,   0.1,  -0.2
33085,   1.2,   0.3,  -0.6,  -1.5,  19.0, 995.2,   0.1,  -0.2
33109,   0.7,   0.1,  -0.6,   6.3,  -8.3,1007.4,   0.1,  -0.2
33133,   0.8,  -0.0,   0.1, -15.6, -13.0, 998.1,   0.1,  -0.1
33157,   0.3,   0.4,  -0.4, -18.8, -13.7, 997.1,  -0.0,  -0.1
33185,   0.6,   0.0,  -0.7,  15.1,  11.2, 999.3,   0.0,  -0.1
33209,   0.0,  -0.1,  -0.4,  -9.8, -16.4, 997.4,   0.0,  -0.2
33233,   0.8,  -0.2,   0.3,  24.7,  -5.1,1002.7,   0.0,  -0.2
33257,  -0.3,   0.3,   0.3,   3.4,  -4.7, 990.0,  -0.0,  -0.2
33285,   0.2,   0.7,   0.4, -10.7,   7.1, 991.8,   0.0,  -0.2
33309,  -0.3,  -0.7,   0.2,  12.7,  12.4, 990.8,   0.0,  -0.2
33337,  -1.2,  -0.4,   0.5, -13.7,  -3.2, 998.8,   0.0,  -0.2
33361,   0.3,   0.4,  -1.9,   8.1, -14.2, 987.6,  -0.0,  -0.1
33385,  -0.6,   0.5,   1.0,  19.3,   2.9,1005.9,  -0.0,  -0.1
33409,   0.3,  -0.4,   0.7,   1.7,   7.1, 988.6,  -0.0,  -0.1
33433,  -0.8,  -0.6,   0.2,  10.7,   3.7,1011.8,  -0.0,  -0.2
33461,  -0.3,  -0.5,   0.4,  27.1,  -2.0,1016.9,  -0.0,  -0.2
33485,  -0.2,   1.1,   0.1, -17.1,  -3.7, 999.3,  -0.1,  -0.2
33509,   0.3,   0.7,  -0.3,   3.9,  32.2, 994.2,   0.0,  -0.2
33533,   0.1,  -0.3,  -0.2,  -3.2, -13.9, 988.8,   0.0,  -0.2
33561,   0.2,  -0.2,  -0.5,  -0.3,   1.5, 999.6,   0.0,  -0.2
33585,   0.0,   1.1,  -1.1, -10.3, -12.5, 987.1,  -0.0,  -0.2
33609,   0.5,   0.5,  -0.3,  15.4,   8.5, 999.1,   0.0,  -0.2
33636,  -0.1,  -1.4,  -0.3,  29.3,  -3.4, 994.4,  -0.0,  -0.2
33660,  -0.5,  -0.3,   0.2,   2.7,  14.6, 980.3,  -0.0,  -0.2
33684,  -0.4,  -1.5,   0.3,   7.1,  -1.7, 992.2,  -0.0,  -0.2
33708,   0.2,   0.7,  -1.4,  10.7,  12.7, 997.4,  -0.0,  -0.2
33736,   1.5,  -0.1,  -1.5,  32.7,  12.7,1030.1,   0.0,  -0.3
33760,   0.1,   0.3,   0.1, -14.9,  -2.7,1001.0,   0.0,  -0.2
33784,   0.5,   0.6,  -1.3, -10.5,  12.4, 990.3,   0.1,  -0.2
33808,   0.4,   0.2,  -1.3,  -6.6, -14.2,1009.6,   0.0,  -0.2
33836,  -1.2,  -1.1,   1.2,  35.2,  -0.5,1006.2,  -0.0,  -0.2
33860,  -0.6,  -0.4,  -0.1,  13.9,  -3.2,1013.7,  -0.1,  -0.2
33884,  -0.3,  -0.4,   0.5,  -3.4,  -9.3,1006.4,  -0.1,  -0.2
33908,  -0.2,  -0.1,   0.9,  24.2,   3.9,1015.2,  -0.1,  -0.2
33936,   0.0,   0.2,   0.7, -15.1,   3.2, 997.1,  -0.1,  -0.2
33960,  -0.2,   0.6,  -0.1,   5.6,  11.7, 999.6,  -0.0,  -0.2
33984,   0.2,  -0.4,  -0.1,  -0.3,   0.2,1019.6,   0.0,  -0.2
34008,  -0.1,   0.3,   0.5,   1.5,   9.8, 977.6,   0.0,  -0.2
34036,   0.0,  -0.3,   0.4, -26.9,  -2.9, 975.4,   0.1,  -0.1
34060,  -0.9,   0.0,   0.5,  -1.0,  -6.1, 995.7,   0.1,  -0.2
34084,   0.3,  -0.3,  -0.6,   9.3,   0.2, 990.5,   0.0,  -0.2
34108,  -0.7,  -0.0,  -0.3,   0.5,   5.8,1009.1,   0.0,  -0.2
34136,   0.8,  -0.1,  -0.9,  -0.3,   8.8, 996.4,   0.0,  -0.2
34160,  -0.6,  -0.1,   0.4, -10.0, -13.4, 980.8,  -0.0,  -0.2
34184,   0.7,   0.4,  -1.1,  -5.4,   6.1, 979.1,  -0.0,  -0.1
34208,   0.1,  -0.4,   0.2,  36.1,  -6.8,1001.5,  -0.0,  -0.2
34236,  -1.1,   0.0,   2.4,  -9.5,  12.0, 998.3,  -0.1,  -0.1
34260,  -0.7,  -0.8,   1.8,  27.6,  -1.5,1015.7,  -0.1,  -0.2
34284,  -0.2,   0.0,   0.4, -19.0,  -9.3,1001.5,  -0.1,  -0.1
34308,  -0.1,  -0.6,   0.3,   1.5, -14.9,1007.6,  -0.0,  -0.2
34336,  -1.2,   0.8,   0.1, -40.3,  -0.7, 969.1,  -0.1,  -0.1
34360,   0.1,  -0.8,  -0.1,  25.9,   3.9,1020.1,  -0.1,  -0.1
34384,   1.0,   0.7,  -1.2, -46.4,   0.5, 989.1,  -0.0,  -0.1
34412,   0.1,  -0.1,   0.1,   0.5,   6.1,1009.8,  -0.0,  -0.1
34436,   0.6,   0.2,  -0.4,  -3.4,  -8.1,1000.3,  -0.0,  -0.1
34460,  -0.6,  -0.6,  -0.4,  23.4,  -1.0,1003.2,  -0.0,  -0.2
34484,   0.3,   0.0,  -0.8,  22.7,  -0.3,1007.9,   0.0,  -0.2
34512,  -0.1,  -0.0,  -1.4, -18.1,  16.3, 999.1,   0.0,  -0.1
34536,   0.0,   0.6,  -0.6,  -1.7,  -3.2, 985.7,   0.0,  -0.1
34560,   0.5,  -0.3,   0.4, -14.9, -10.0,1008.8,  -0.0,  -0.1
34584,   0.2,  -1.0,  -0.1,  15.6,  -8.6,1019.6,  -0.1,  -0.2
34612,   0.3,   0.5,  -1.5, -27.8,  15.6, 989.6,  -0.0,  -0.1
34636,   0.6,  -0.9,  -1.7,   0.5,   4.4, 998.3,   0.0,  -0.2
34660,   0.3,   0.0,  -1.1, -17.6,   5.1, 982.7,   0.0,  -0.2
34684,   1.0,   0.3,  -0.7,  21.5, -10.3,1005.7,   0.0,  -0.2
34712,  -0.1,  -0.1,  -0.7,  -2.7,  10.0,1004.0,   0.0,  -0.2
34736,   0.0,   0.2,   0.2,   0.5,  -6.1,1006.9,   0.0,  -0.2
34760,   0.1,   0.4,  -0.3,  -2.9,  -9.0,1001.5,   0.0,  -0.1
34784,  -0.1,   0.4,   0.1, -10.7, -12.0, 997.1,   0.0,  -0.1
34812,   0.8,   1.5,  -1.8, -31.5,  -4.9, 979.6,  -0.1,  -0.1
34840,   0.8,   0.4,  -2.9, -22.2,  22.7, 982.2,  -0.0,  -0.0
34860,   0.2,   0.2,  -0.3,  -4.2,  -4.4, 999.1,  -0.0,  -0.1
34884,   0.5,  -0.1,  -0.7, -41.5,  -7.6, 990.0,  -0.0,  -0.1
34912,   0.3,  -1.1,  -0.6,  -6.6,   5.4,1004.5,   0.1,  -0.1
34936,   1.1,  -0.1,   0.1,   0.5,  -1.2, 990.3,   0.1,  -0.1
34960,   0.2,  -1.1,   0.4,  24.2,  15.1,1004.7,   0.1,  -0.1
34984,  -0.6,  -0.3,   0.1,  18.5,  11.5, 994.2,   0.1,  -0.1
35012,   0.2,   0.0,  -1.2,  33.9,  20.7,1030.6,   0.1,  -0.2
35036,   0.6,   1.3,  -0.4,  -7.1, -11.2, 987.4,   0.1,  -0.2
35060,   0.3,   1.1,  -0.4, -57.6, -10.5, 975.9,   0.0,  -0.1
35084,   1.1,  -0.1,  -0.4,  34.7,  -9.5,1012.5,  -0.1,  -0.2
35112,  -0.8,  -0.7,   1.5, -29.8,   1.9, 974.7,  -0.1,  -0.1
35136,   1.4,   0.7,  -2.1,  37.3,  19.5, 993.5,  -0.0,  -0.2
35160,   0.0,   1.0,   0.1, -26.6,  -1.7, 992.2,  -0.0,  -0.2
35184,   0.3,  -1.6,   0.8,  28.3,  12.9,1009.8,  -0.0,  -0.2
35212,   0.2,  -0.3,  -0.1,   8.5,   6.1, 990.0,  -0.1,  -0.2
35236,   0.5,  -0.4,  -1.4,  26.8,   3.2, 993.2,  -0.0,  -0.2
35262,   0.7,   1.0,  -0.4,  10.7,   9.0,1004.7,  -0.0,  -0.2
35286,  -0.4,  -0.1,   0.5,  13.7,  -8.3,1003.7,   0.0,  -0.2
35310,   0.7,   1.2,  -1.2, -12.7,   6.1, 989.1,  -0.0,  -0.2
35338,   0.5,   0.7,  -0.3,  -3.4,  -0.0, 993.2,  -0.0,  -0.1
35362,   1.3,   0.3,  -1.0,  17.6,  20.5,1003.0,   0.0,  -0.1
35386,   0.5,   0.2,   0.1,  12.7, -15.4, 999.3,  -0.0,  -0.1
35410,   0.4,   0.0,   0.4,  -6.1,  21.0, 998.6,   0.0,  -0.1
35434,  -0.1,   1.2,  -0.3,  72.3,  10.5, 976.4,   0.1,  -0.2
35462,  -1.2,   2.6,   1.8, -29.8, -36.4, 888.0,  -0.0,  -0.1
35486,   1.4,   0.8,  -0.1, -16.1,   7.6, 981.5,  -0.1,   0.1
35510,  -0.3,   1.0,   0.8, -70.3, -67.6, 901.7,  -0.0,   0.1
35538,  -0.5,  -0.6,  -0.3,  42.2,  -8.8, 989.1,   0.1,  -0.0
35562,   0.9,  -1.7,  -1.3,  34.9,   2.4,1032.8,   0.1,  -0.1
35586,  -0.1,  -0.9,  -3.2,  18.1,  18.3,1010.1,   0.1,  -0.1
35610,   0.3,   0.4,  -2.4, -25.6,  -1.0,1015.2,   0.2,  -0.1
35638,  -1.1,  -0.5,   0.8,  23.4,   0.2,1000.1,   0.2,  -0.0
35662,  -0.5,   0.8,   0.2,  -9.8,   8.8, 996.9,   0.1,  -0.0
35686,  -0.8,   0.0,   0.9,   9.8,   6.6, 988.3,   0.1,  -0.1
35710,   0.6,   0.8,  -2.1,  -9.5, -10.3, 980.8,   0.0,  -0.1
35738,   1.5,  -0.0,  -2.3,   3.9, -15.6,1017.6,  -0.0,  -0.1
35762,   0.4,  -0.8,  -1.3,   3.4,  -6.8,1017.1,  -0.0,  -0.1
35786,  -0.2,  -0.1,   1.0, -18.8,   5.8, 994.4,  -0.0,  -0.0
35810,   1.3,  -0.0,  -1.0, -11.5,   4.4, 977.1,   0.0,   0.0
35838,  -0.2,   0.0,   1.2, -16.4,   3.7, 990.0,   0.0,   0.0
35862,   0.4,   0.0,  -0.4,   4.6,  -1.0, 997.9,   0.0,   0.0
35886,  -0.1,   0.0,  -0.4,  -8.3,   6.1, 997.1,  -0.0,  -0.0
35910,   0.6,   0.7,  -0.7,  -8.3,   4.1, 999.1,   0.0,  -0.0
35938,  -0.6,  -0.6,  -0.5,   1.0,   5.1, 990.5,   0.1,  -0.0
35962,  -0.9,  -0.9,  -0.6,  14.2,   2.7, 996.6,   0.1,  -0.1
35986,   1.1,   1.3,  -2.5,   9.5,   1.5,1003.5,   0.1,  -0.1
36010,   0.2,   0.4,  -0.3,   1.9,  -1.2, 999.3,   0.0,  -0.1
36038,  -0.1,  -0.3,  -0.5,   3.7,  18.5,1006.4,   0.1,  -0.1
36062,   1.4,   0.2,  -1.3,   6.3,   9.8, 973.9,   0.0,  -0.1
36086,   0.4,   0.8,  -0.5,   7.6,   6.1,1005.2,   0.1,  -0.1
36110,  -0.8,  -0.3,   0.7,  -6.8,  -1.0, 992.0,   0.0,  -0.1
36138,  -0.2,   0.4,  -0.6, -16.6,  -2.0, 986.4,  -0.0,  -0.0
36162,  -0.1,  -0.8,   0.7,  -2.4, -10.3, 998.1,  -0.1,  -0.0
36186,   0.9,  -0.9,  -1.3,  12.0,  11.0, 997.4,  -0.1,  -0.1
36210,   1.1,   0.4,  -1.2, -11.0,   9.8,1009.8,  -0.1,  -0.0
36238,  -0.5,  -0.1,   1.4,  55.7,  13.9, 985.2,  -0.1,  -0.1
36262,  -0.5,   0.4,   0.2, 113.0,   8.8,1023.5,  -0.1,  -0.1
36286,   0.8,   0.2,   0.7,  21.5,  -5.6, 997.9,  -0.1,  -0.1
36310,   0.9,   0.5,   0.7, -27.3, -15.4, 998.8,  -0.1,   0.1
36338,  -0.0,   0.1,   0.1,  12.2,  20.3,1014.0,  -0.1,   0.0
36362,  -0.1,  -2.4,   1.1,  28.1,  -4.9,1001.8,  -0.1,  -0.1
36386,   0.5,  -0.3,   1.6, -31.0, -35.4,1015.9,  -0.1,   0.0
36410,   1.2,   0.5,  -1.1, -11.5,  -1.0, 998.3,  -0.2,   0.1
36438,  -0.3,  -0.7,   0.1,  26.1,  33.9, 983.5,  -0.0,   0.0
36462,  -0.3,  -0.3,   0.4,  18.8,  21.5,1006.7,   0.0,  -0.1
36486,   0.2,   0.0,  -1.4,  15.9,  -6.6,1006.7,   0.1,  -0.1
36510,  -0.6,  -0.7,  -0.6, -13.9,   1.7, 998.1,   0.1,  -0.1
36538,   0.5,  -0.4,  -1.9, -12.0,   4.1,1002.0,   0.1,  -0.1
36562,  -0.1,  -0.9,  -2.1,  21.2,  -2.2, 990.5,  -0.0,  -0.1
36586,   0.5,  -0.2,  -1.5,  35.9,  -9.8,1016.7,  -0.1,  -0.2
36614,   0.3,  -0.1,  -2.0,  -5.6,  16.1, 988.1,  -0.0,  -0.2
36638,   0.0,  -1.4,  -0.4,  13.7,   1.5, 988.6,  -0.1,  -0.2
36662,   0.2,  -0.7,  -0.9,  35.6, -20.0,1008.8,  -0.2,  -0.2
36686,   0.5,   0.4,  -0.6,  43.7,  -0.5, 987.9,  -0.1,  -0.3
36714,   0.7,   0.1,  -1.3, -32.5, -16.1,1013.7,  -0.2,  -0.2
36738,   0.3,   0.5,  -0.7, -16.6,   3.9,1006.7,  -0.2,  -0.1
36762,  -1.9,   0.5,   1.3,  16.8,-157.0,1207.1,  -0.1,   0.2
36786,  -0.7,  -1.3,   0.2,  80.1, -27.1, 969.5,  -0.0,   0.1
36814,   0.3,  -0.9,  -0.7,  51.5,  -5.9,1028.1,  -0.1,   0.1
36842,  -0.8,  -0.4,   0.9, -12.5,  -6.1,1007.4,  -0.1,   0.1
36862,   0.6,  -0.6,  -0.8,   0.5,   8.0,1010.1,  -0.1,   0.1
36888,   1.1,  -0.8,  -0.0,  42.5,  42.5,1018.9,   0.2,  -0.0
36912,   0.5,   0.5,  -0.5, -15.9,   7.8,1013.2,   0.1,  -0.1
36936,   0.7,   0.7,   2.3, -22.5, -32.0, 908.5,   0.1,  -0.0
36964,   0.4,   1.0,   1.2,  27.8,  -9.3,1021.5,   0.0,  -0.0
36988,  -0.3,  -0.1,   2.8,  -2.9,  34.7,1007.1,   0.1,   0.1
37012,  -0.6,  -0.6,   1.9, -16.9, -26.1,1000.1,   0.1,   0.1
37036,   0.5,  -1.1,   0.7,  23.2,   1.9, 983.0,  -0.0,   0.1
37064,   1.3,  -0.5,  -0.3,   9.0,  26.4, 965.9,  -0.0,   0.0
37088,   0.3,  -1.2,   0.1,  -6.6, -10.0,1011.8,  -0.1,  -0.0
37112,   1.0,  -0.3,  -0.1,   1.0,   1.5,1002.7,  -0.2,   0.0
37136,  -0.6,   0.8,   0.3, -68.1,  37.3, 970.8,  -0.0,   0.0
37164,  -0.2,  -1.1,   1.3,  48.3,  -5.4,1024.2,  -0.1,   0.0
37188,  -0.1,  -2.1,  -0.5, 199.5, -40.1,1029.1,  -0.1,  -0.2
37212,   0.2,   0.3,  -0.6, -34.2,-143.8, 977.8,  -0.1,  -0.0
37236,   1.3,  -1.7,  -2.8,  33.7,   1.2, 991.3,  -0.2,   0.1
37264,   0.3,  -0.6,  -0.6,  49.3,  14.6,1049.4,  -0.0,  -0.1
37288,   0.6,   1.1,   1.8,-158.0, 181.1, 969.8,  -0.1,   0.1
37312,   0.2,  -3.2,  -0.7, 258.8,-116.0,1047.9,  -0.1,  -0.1
37340,   0.6,   3.0,  -2.0,  12.2, -15.6,1007.1,  -0.1,  -0.1
37364,   0.8,   1.3,  -1.2,  59.3,  88.6, 979.6,   0.1,   0.1
37388,   0.8,   0.7,  -1.3,  55.4, -42.2,1025.9,   0.0,   0.1
37412,   0.6,   0.4,  -1.7, -46.1,  -1.5, 971.7,   0.1,   0.1
37436,   0.8,   1.2,   0.2, -72.5,  21.2, 989.1,   0.1,   0.2
37464,  -0.9,  -0.6,   1.7,   5.6,   4.1,1018.1,   0.1,   0.1
37488,  -0.1,   0.4,   0.3, -19.5,  -3.9, 992.7,   0.0,   0.1
37512,  -0.5,  -1.2,   2.1,  47.1,   0.7, 997.4,  -0.0,   0.1
37536,   0.7,   0.4,  -0.8,  48.1,   8.0,1002.5,   0.0,  -0.1
37564,  -0.2,  -0.6,  -0.6,   6.6, -16.1,1024.2,  -0.0,  -0.0
37588,   0.6,  -0.4,  -0.6,  24.9,  -0.5, 991.8,  -0.1,  -0.1
37612,  -0.5,   0.4,   0.2, -12.0,  -1.0, 999.3,  -0.1,  -0.1
37640,   0.2,   0.0,   1.0, -23.9,  -8.1, 995.7,  -0.1,  -0.1
37664,   0.5,  -0.6,  -0.7,  15.4,  -6.6, 987.6,  -0.1,  -0.1
37688,  -0.2,  -0.7,  -0.6,  36.1,  13.9,1009.6,  -0.1,  -0.2
37712,   0.4,   0.5,  -1.5,  -2.7,  11.2, 992.5,  -0.1,  -0.1
37740,  -0.8,  -1.5,  -0.7,  34.9,  -2.5,1006.9,  -0.0,  -0.1
37764,   0.2,  -0.1,  -1.1,  50.8,  -2.7,1012.5,  -0.0,  -0.2
37788,  -0.7,  -0.0,  -0.4,  -2.9,   1.0,1000.8,  -0.0,  -0.2
37812,   1.0,  -0.5,  -0.5,  60.3,  97.6,1096.7,   0.1,  -0.1
37840,   1.0,  -2.2,   0.1,  36.1, -23.7, 948.5,   0.1,  -0.2
37864,   0.5,  -1.5,   0.4, 155.0, -16.1,1038.9,  -0.0,  -0.4
37888,   0.1,   1.3,  -2.0,  35.2,  -3.7,1023.0,  -0.1,  -0.3
37912,  -0.4,   1.6,  -0.3,  34.7,  47.1,1056.9,   0.0,  -0.4
37940,  -0.9,  -1.6,   0.6,  16.6,  -4.2, 996.2,   0.0,  -0.3
37964,   0.5,   1.1,  -1.5, -29.8,  -3.7, 980.8,  -0.0,  -0.3
37988,  -0.3,   0.2,  -0.1, -36.6,  -6.4,1006.4,  -0.0,  -0.2
38012,  -0.6,   1.3,  -0.6, -29.3,   2.7, 996.4,  -0.1,  -0.2
38040,  -0.3,  -0.1,  -1.1,  15.6,  18.8, 981.0,  -0.0,  -0.3
38064,  -0.0,   0.4,  -0.2,   5.6, -22.5,1007.6,  -0.0,  -0.3
38088,  -0.0,   0.8,  -0.0,  -0.3, -14.9,1004.9,  -0.2,  -0.3
38112,  -0.5,   0.4,  -0.1,  -4.9,   1.0, 976.6,  -0.3,  -0.3
38140,  -0.1,   0.7,   0.5, -32.2, -27.4, 998.1,  -0.3,  -0.3
38164,   0.4,  -8.7,   0.2, 638.9,  64.0,1224.7,   0.0,  -0.9
38188,   1.1,   8.0,  -3.5,-107.2,-232.2,1023.3,  -0.2,  -0.2
38212,  -0.9,   2.7,  -0.4, -92.0,  -0.3, 913.4,  -0.1,   0.1
38240,  -2.0,   0.2,   0.5, -49.3, 168.7,1010.8,   0.0,   0.2
38264,  -0.1,  -0.2,   0.5,-106.5, 159.7,1010.1,   0.1,   0.3
38288,  -1.8,  -1.3,   4.5, -33.9,-184.6,1039.6,  -0.1,   0.8
38312,  -0.3,  -2.0,   3.8,  -5.9, -23.4, 972.5,  -0.1,   0.6
38340,   1.5,   0.7,  -0.0,  51.0,  18.8,1035.5,  -0.0,   0.5
38364,  -0.0,  -0.3,  -0.6, -19.8,  12.7,1004.7,  -0.1,   0.5
38388,  -0.3,   1.8,   1.0, -70.3,  -6.6,1006.4,  -0.1,   0.4
38412,   0.3,   1.1,  -0.9, -84.0,   0.7,1003.5,  -0.0,   0.4
38440,  -0.3,   0.0,   0.2, -52.5,  -0.0, 986.1,   0.0,   0.4
38464,  -0.6,  -1.2,   0.4,  33.7,   3.7,1026.7,  -0.0,   0.3
38488,   0.5,   0.3,   0.7,   4.6,  -2.2, 993.7,   0.0,   0.2
38514,  -0.8,  -0.6,   2.1,  -2.2,  22.4, 971.0,   0.1,   0.2
38538,  -0.9,   0.7,   0.5,  28.3, -24.4,1029.1,   0.0,   0.2
38562,   0.5,  -1.1,  -0.7,   8.3,  -1.7, 980.5,  -0.1,   0.1
38590,   0.2,   0.2,   0.1, -10.5,   2.9, 995.4,  -0.1,   0.1
38614,  -0.5,   0.4,  -1.7, -13.7,   4.6, 989.8,  -0.0,   0.2
38638,   0.9,   0.0,  -0.3,   9.0,   4.6,1013.7,   0.0,   0.1
38662,  -0.3,  -0.6,   1.0,  16.1,  -4.2,1013.7,   0.0,   0.1
38690,   0.5,  -0.1,   0.3,   6.8, -22.5,1014.0,  -0.1,   0.2
38714,  -0.5,  -1.1,   0.3, -15.9, -33.5, 989.8,  -0.2,   0.2
38738,   0.4,   1.0,  -1.5, -18.6,   7.6, 988.8,  -0.2,   0.2
38766,   0.2,  -0.3,   0.1,   2.2, -18.1, 996.9,  -0.2,   0.2
38790,   0.7,  -0.0,  -0.4, -11.0,  -6.1, 993.2,  -0.2,   0.1
38814,   1.2,  -0.1,  -2.3, -25.4, -49.3, 993.5,  -0.2,   0.1
38842,   0.3,   1.0,  -0.2,  42.7,  11.7, 972.2,  -0.2,   0.1
38866,   0.6,   1.2,   0.7,  18.3, -18.1, 992.2,  -0.2,   0.1
38890,   0.5,   6.4,  -0.4,-319.6, -37.1, 776.9,  -0.3,   0.4
38914,   0.5,  -0.6,  -0.2, -44.7, -28.6, 978.6,  -0.4,   0.2
38938,   0.3,  -0.3,  -0.4,  18.3,  -7.3,1034.7,  -0.4,   0.1
38966,  -0.1,   0.8,  -0.6,  45.9,   6.1,1025.2,  -0.3,   0.0
38990,   0.0,  -0.1,   1.3, -58.8,  -5.1,1001.0,  -0.2,   0.3
39014,  -0.3,  -1.7,  -0.1, -34.9,   1.2,1006.9,  -0.1,   0.3
39038,   0.5,   1.7,  -0.1, -62.8, -20.0, 976.1,  -0.2,   0.1
39066,  -0.2,   0.2,  -0.7, -64.5, -52.0,1038.4,  -0.3,   0.1
39090,  -1.6,  -2.0,  -2.6,   2.4,  23.9,1071.3,  -0.3,   0.1
39114,  -0.0,   5.5,  -3.7, -76.7,  81.3,1077.7,  -0.4,  -0.1
39138,  -0.8,  -1.8,  -1.1,  54.4, -57.9,1042.3,  -0.2,   0.1
39166,  -0.5,  -0.5,  -0.3,  22.2,  22.9, 993.2,  -0.1,  -0.0
39190,   1.1,  -0.3,  -1.3,  43.5,  11.7,1010.1,  -0.0,   0.1
39214,   1.3,   1.0,  -0.0,  38.6, -10.3,1020.6,  -0.1,  -0.1
39238,  -0.1,   1.7,   1.5, -14.4, -27.4, 966.4,  -0.2,  -0.1
39266,   0.6,  -0.1,  -0.8, 119.1, -27.1,1017.1,  -0.2,  -0.2
39290,   0.2,  -0.5,  -0.3,  69.6,  -4.9,1005.7,  -0.1,  -0.2
39314,   0.1,  -0.8,  -0.6,  55.9,  42.5, 979.6,  -0.1,  -0.1
39342,  -0.0,   0.4,  -0.4,   6.1,  25.1,1000.1,  -0.1,  -0.1
39366,   0.4,   4.3,  -0.7,-219.0,  16.6, 921.0,   0.1,   0.0
39390,   0.3,   2.8,   0.7,-163.8, -45.2, 958.8,  -0.1,   0.2
39414,   0.0,  -0.7,  -0.8,  12.0, -13.2, 983.5,  -0.2,   0.1
39438,   0.3,  -1.2,  -0.8,  74.7,  13.9,1001.3,  -0.2,   0.0
39466,  -0.6,   0.2,   0.4,  -0.5,   3.9,1016.9,  -0.2,  -0.1
39490,   1.3,   0.5,  -2.4, -52.3,  -6.1, 981.0,  -0.2,  -0.1
39514,  -0.2,  -1.3,   2.4,   4.6, -13.4,1005.7,  -0.2,  -0.1
39538,   0.5,   0.8,   0.5,   9.0, -11.5, 996.2,  -0.2,  -0.1
39566,   0.0,  -0.0,   1.2, 101.8,  28.1, 987.1,  -0.2,  -0.4
39590,  -0.6,   0.7,  -0.8,  43.0, -76.2, 983.0,  -0.3,  -0.3
39614,  -1.6,  -2.8,   2.3,  64.4, -62.5,1059.9,  -0.4,  -0.2
39638,   0.4,  -1.5,   1.0, 121.6,   1.5, 994.2,  -0.4,  -0.3
39666,  -0.0,   1.7,  -0.3,  15.4,   2.9,1002.7,  -0.4,  -0.4
39690,   0.7,   1.5,  -0.6,  12.9,  22.9, 982.5,  -0.3,  -0.4
39714,  -0.4,  -0.1,   0.9,  92.5,  60.8, 989.3,  -0.1,  -0.3
39738,  -0.1,  -1.4,   0.4,  99.8,  51.0,1025.7,   0.0,  -0.2
39766,  -0.1,   0.7,   1.0,  -8.6,  60.8, 967.8,   0.2,  -0.1
39790,   0.5,  -0.2,  -1.2,  11.0,   9.3,1018.1,   0.3,  -0.1
39814,   0.0,   0.7,  -0.5, -25.6,  42.0, 955.6,   0.4,  -0.0
39842,  -0.1,  -0.9,  -0.9,   9.0,   0.5,1018.9,   0.4,  -0.1
39866,  -0.7,   1.0,   0.3,   6.1,   1.7, 984.2,   0.3,  -0.0
39890,  -0.8,  -1.6,  -0.5,  41.0, -20.5,1031.8,   0.2,  -0.1
39914,   0.2,  -0.3,  -2.7, -30.3, -43.0, 999.6,   0.0,  -0.1
39942,  -0.5,  -1.7,  -1.9,  29.8, -40.3,1032.8,  -0.2,  -0.2
39966,   0.0,  -0.7,  -2.4,  36.6,  -9.0,1002.0,  -0.3,  -0.2
39990,  -0.3,  -2.0,  -1.6,  19.0,  15.6,1002.3,  -0.2,  -0.2
40014,   0.7,  -0.1,  -1.6,  13.9,  47.4, 999.3,  -0.2,  -0.3
40042,   0.3,  -0.0,  -0.3, -75.7, -13.9, 993.5,  -0.2,  -0.2
40066,   0.6,   2.1,  -0.9,  -8.8, -16.6,1044.7,  -0.2,  -0.3
40090,   0.3,  -0.4,  -0.3, -43.2,  52.2, 968.1,  -0.1,  -0.2
40114,  -0.5,  -0.7,   1.9,  36.6,  -2.0, 992.7,   0.1,  -0.2
40140,   0.0,   0.7,   0.6,   1.7,   1.0,1002.0,   0.1,  -0.2
40164,  -0.0,   0.2,   0.8, -19.8,   5.6, 987.6,   0.2,  -0.1
40192,   0.2,   0.7,   1.5,   4.4,   6.1,1005.7,   0.2,  -0.1
40216,  -0.8,   0.7,   2.3,  11.7,  42.2,1004.2,   0.4,  -0.1
40240,   0.3,   0.3,   0.1,   5.6,  54.4, 987.4,   0.7,   0.0
40264,   0.2,   0.0,   0.8,  -1.5,  62.5, 974.2,   0.9,   0.0
40292,   0.7,   0.8,  -0.1,  12.0,  42.0,1001.0,   1.2,  -0.1
40316,  -0.3,   1.1,   0.7,  -1.2,  42.2,1004.5,   1.3,  -0.1
40344,   0.6,   0.7,   3.0, -28.1,  20.5, 997.9,   1.4,  -0.1
40364,  -0.8,   1.0,   3.7, -24.7,  40.8, 986.1,   1.4,   0.0
40392,  -0.2,  -1.2,   3.4,   8.5,  45.9,1005.4,   1.5,   0.2
40416,  -0.4,  -0.4,   3.8,  -4.2,  19.8, 982.0,   1.5,   0.2
40440,  -0.3,   0.3,   2.9,  -4.6, -29.8, 996.4,   1.4,   0.1
40464,  -0.9,   0.1,   4.8,  -2.7,  -6.4, 995.2,   1.2,  -0.0
40492,   0.8,   0.1,   3.1, -20.5,   3.2, 996.4,   1.0,   0.1
40516,  -0.6,   0.4,   4.4,  19.0,  43.7, 995.7,   1.0,   0.0
40540,  -0.5,   1.6,   2.9,   5.1,   4.9, 999.3,   1.0,   0.0
40564,  -0.6,   1.1,   2.6,  48.1, -37.9,1012.3,   0.8,   0.0
40592,   0.9,   1.0,   0.8, -41.5,  38.6,1002.7,   0.6,   0.0
40616,  -0.6,  -0.2,   3.5, -11.5,  25.9, 982.5,   0.7,   0.1
40640,  -0.1,   0.0,   1.5,  58.1,   9.8, 999.8,   0.8,  -0.1
40664,   0.4,  -0.0,   4.1,  19.8,  55.9,1006.2,   1.0,  -0.0
40692,  -1.6,   0.4,   2.8,  10.5,  32.5,1000.3,   1.2,   0.1
40716,  -1.3,   0.2,   3.0,  66.4,  58.6, 997.4,   1.4,  -0.1
40740,  -0.1,   0.5,   3.2,  16.6,  43.9,1001.5,   1.6,  -0.0
40764,   0.0,   0.5,   3.2,   6.8,  49.8, 998.3,   1.9,   0.0
40792,  -0.3,   0.8,   3.9,  15.1,  23.4, 995.7,   1.9,  -0.0
40816,   0.2,  -0.9,   3.9, -32.2,   8.0,1080.4,   2.1,   0.1
40844,   0.6,  -0.0,   2.4,  29.0,  46.4,1003.7,   2.1,   0.1
40868,   3.2,   2.2,   2.2, -24.4, 111.1, 917.3,   2.5,  -0.1
40892,   1.4,   1.7,   3.7, -55.4, 178.9, 978.6,   3.0,  -0.1
40916,   0.8,   1.2,   4.5,   2.4,  31.7, 995.9,   3.0,   0.0
40940,  -0.1,  -2.6,   4.6, 137.2,  16.8,1039.9,   2.8,   0.0
40968,   0.6,   1.6,   1.3, -33.0,  33.9, 915.3,   2.8,   0.0
40992,   0.9,   1.8,   2.6,   7.1,  64.0,1039.1,   2.8,  -0.1
41016,   0.5,   1.0,   2.8, -68.1,  48.3, 957.6,   2.9,   0.0
41040,   0.0,  -0.6,   3.0,  52.7,  82.3,1183.7,   3.0,   0.1
41068,  -0.5,  -0.1,   2.1, -60.6,  51.0, 937.3,   3.1,   0.3
41092,  -1.1,   3.3,   1.2,-180.7,  26.4, 830.4,   3.0,   0.2
41116,  -2.0,  -3.4,   3.6, 128.7,  16.8, 970.0,   2.6,   0.3
41140,   0.0,  -4.2,   3.2, 154.0,  69.8, 932.7,   2.3,   0.5
41168,  -1.5,  -0.0,   2.3,  15.4, -96.0,1019.1,   2.0,   0.1
41192,   0.7,   1.9,   1.8,  44.9,  17.6, 964.2,   1.8,  -0.1
41216,   2.0,  -2.1,   0.7, 100.8,  48.1,1001.0,   1.8,   0.1
41240,   1.6,  -1.0,   1.5,  41.5, -12.0,1062.1,   1.7,   0.3
41268,   2.0,  -1.4,   2.1,  14.6,  55.4, 924.6,   2.0,   0.4
41292,   0.7,  -2.1,   2.7,  43.9, -41.0,1062.1,   1.8,   0.1
41316,   1.0,   3.6,   0.7, -45.7, -47.4, 974.2,   1.5,  -0.1
41344,  -0.6,   2.5,   0.1, -66.7, -71.8, 935.4,   1.4,   0.0
41368,   2.2,   1.0,  -2.3,   4.4, -22.2, 960.5,   1.2,  -0.0
41392,   0.8,   0.4,  -3.5, -30.5,  14.9,1005.4,   1.0,  -0.2
41416,   1.3,  -0.1,  -3.1, -45.7, -27.6, 991.3,   0.8,  -0.2
41440,   2.0,   0.4,  -1.8,   6.1,  -8.1,1002.5,   0.8,  -0.1
41468,   1.3,  -0.1,  -1.4, -12.5,  -1.0, 990.3,   0.9,  -0.0
41492,   1.3,  -1.7,  -2.3,   6.3,   3.2, 960.0,   1.1,   0.1
41516,   1.9,  -1.1,  -4.6, -30.5,  16.1, 951.0,   0.8,   0.1
41540,   1.2,  -1.7,  -6.7, 234.4, -42.2,1003.2,   0.7,  -0.6
41568,   0.4,  -1.3,  -5.4, 118.6,  23.4,1056.5,   0.6,  -0.7
41592,   0.4,   0.0,  -5.1,  32.7,  -6.1,1012.3,   0.4,  -0.5
41616,   0.5,   1.0,  -5.7,  -4.6,  64.2, 998.3,   0.3,  -0.4
41640,   0.0,   0.3,  -4.8,  49.8,  68.1, 962.2,   0.6,  -0.4
41668,  -2.2,   1.5,  -3.4,-155.8, -19.8, 944.9,   0.7,  -0.1
41692,  -1.5,  -0.7,  -3.8, -46.1,-155.0,1107.0,   0.1,   0.0
41716,  -0.3,   0.4,  -4.0, 126.0,   0.7,1068.9,  -0.2,  -0.3
41740,   0.0,   2.5,  -5.9, -56.4,  29.3, 946.8,  -0.3,  -0.4
41766,  -0.8,  -0.3,  -6.1, -64.2,  47.8,1025.7,   0.0,   0.0
41790,  -0.1,  -2.5,  -5.1,  45.4, 134.5, 984.9,   0.6,   0.2
41818,  -1.1,  -4.7,  -1.8,  54.2,  29.0,1076.5,   0.7,   0.2
41846,   1.1,  -0.6,  -2.6, -72.3, -51.3, 881.7,   0.7,   0.3
41866,  -0.1,  -0.9,  -2.6,  95.0,  38.3,1030.1,   0.6,  -0.0
41890,  -0.9,   0.3,  -0.7,-102.3,  59.8, 872.9,   0.8,   0.1
41918,   0.3,   1.9,   0.2,   1.2, 103.0, 911.4,   1.1,   0.1
41942,  -0.8,   0.0,   0.7, -49.8,  79.1, 927.3,   1.2,   0.3
41966,  -0.7,  -0.1,  -0.7, -29.5,   7.6, 950.7,   1.3,   0.3
41994,  -0.1,  -0.9,   2.1,  37.6, 112.8, 933.9,   1.3,   0.3
42018,  -1.2,   1.6,   3.1, -46.6, -27.6,1148.5,   1.2,   0.2
42042,   2.2,   6.8,   2.9,-336.2,  61.5, 885.8,   1.5,   0.9
42066,   0.8,  -1.9,   3.0, -27.3,  -5.1,1036.4,   1.4,   1.1
42094,   2.0,  -2.5,   1.6,  84.2,  55.7, 879.9,   1.7,   1.0
42118,  -0.9,  -3.6,   3.2, 178.5,-102.3,1028.1,   1.4,   0.8
42142,  -0.3,  -1.1,   4.4, 130.1,  22.0,1051.8,   1.2,   0.5
42166,  -2.0,   1.4,   5.7,  28.1,  81.0,1020.6,   1.0,   0.4
42194,  -0.9,  -1.3,   6.5,  95.2, -69.6,1111.4,   0.9,   0.5
42218,   1.4,   1.5,   5.3,  -4.9,  25.6, 959.0,   0.9,   0.4
42242,   0.1,   4.0,   6.2,  54.2, -26.1,1023.7,   1.0,  -0.1
42266,  -0.3,  -1.0,   5.5,  49.6,  -9.5,1027.9,   1.4,   0.7
42294,  -3.1,  -3.4,   6.2, 107.7,  17.1, 932.4,   1.5,   0.7
42318,  -0.3,  -0.4,   5.4,   0.7,  90.8, 935.6,   1.3,   0.5
42346,   0.3,  -1.2,   4.7,  87.2,  24.4,1039.6,   1.3,   0.3
42366,  -0.5,   2.4,   1.9,-162.6,   7.3, 921.9,   1.3,   0.4
42394,   1.4,   1.6,   1.6, -88.1,  57.8, 894.1,   1.4,   0.3
42418,  -0.3,  -3.7,   1.3, 184.3, 110.1, 970.0,   1.6,  -0.1
42442,  -2.0,   0.3,   1.0, -16.4, -23.9,1039.4,   1.5,   0.1
42466,   0.8,   6.0,   2.0,-404.8,  40.0, 785.2,   1.6,   0.6
42494,   3.8,   0.7,   5.5, -65.7, 110.8, 797.9,   1.7,   0.7
42518,  -1.8,  -3.9,   4.9,  95.2, 113.8,1107.7,   2.0,   0.7
42542,   0.8,   2.4,   4.1,-194.6, -72.8,1003.7,   1.8,   0.9
42566,  -1.1,   3.5,   3.7,-142.6,  29.0, 875.5,   2.0,   0.5
42594,  -5.2,   5.1,  -0.1,-186.5,  55.9, 892.6,   2.3,   0.3
42618,   3.6,  -3.3,   7.1, -76.2, 208.0, 766.4,   1.6,   1.3
42642,   0.4,  -1.0,   1.3, 186.5,  99.4, 900.9,   2.1,   0.3
42666,  -1.0,  -0.6,   1.6,  76.4,  19.3,1020.1,   2.0,   0.0
42694,   1.8,   2.6,   0.7, -67.9, 205.6, 974.9,   2.1,   0.3
42718,   4.9,  -2.0,   0.6, -18.3, 164.1, 927.8,   2.0,   0.9
42742,  -0.1,  -1.1,   1.7,  98.4, 176.5, 875.3,   2.3,   0.5
42766,   0.7,  -3.0,   1.9, 176.0, 159.9,1139.5,   2.3,   0.4
42794,  -3.3,  -1.4,   2.3,  95.0, -64.0,1126.5,   2.0,   0.8
42818,  -0.5,  -1.2,   2.1,  71.5,  90.8, 987.6,   1.8,   0.6
42846,   1.9,  -1.8,   0.2,  23.7, -54.7, 993.5,   1.8,   0.5
42866,   1.0,   1.8,   0.1, -47.4, -98.6, 957.3,   1.5,   0.5
42894,  -0.6,  -4.6,   3.3, 385.0,  -2.5,1132.1,   1.6,   0.3
42918,  -1.8,   3.3,   2.8, 188.5, 189.9, 968.8,   1.6,  -0.3
42942,   3.0,  15.1,   1.4,-407.2,-204.4,1183.7,   1.2,   0.3
42966,   3.3,  -6.5,   4.9, 335.4, 143.3,1035.2,   1.1,   1.0
42994,   1.6,   4.2,   1.0, -44.2, -90.3,1109.9,   2.2,   0.6
43018,   5.6,   6.8,  -1.5,-333.7,   2.4, 850.4,   1.9,   0.8
43042,   1.1,  -3.2,   1.3,-148.2,  79.3,1259.1,   1.8,   1.6
43070,   3.3,   3.8,  -0.2,-130.9,  24.4,1026.9,   1.9,   1.6
43094,   1.1,   3.2,   0.1,-289.1,  34.4, 741.0,   1.7,   1.8
43118,  -0.9,   2.9,  -0.9,-233.4, -87.4,1069.4,   1.6,   1.6
43142,   4.4,  -0.7,   0.9, 123.8,-105.2,1223.7,   1.5,   1.1
43170,   1.2,  -7.8,   4.2, 229.5, 243.4,1099.7,   2.1,   1.4
43194,   1.6,  -4.3,   3.8,  89.3,-138.9,1447.3,   1.8,   1.6
43218,   2.1,  -5.5,   2.5, 266.1, 198.0,1070.6,   2.0,   1.8
43242,  -1.2,   6.9,  -2.0,-190.9,  94.0, 764.2,   2.5,   1.4
43270,   3.9,  -3.6,   4.9, -14.4,  -2.7, 912.4,   2.2,   2.0
43294,   3.4,  -7.6,   2.8, 173.8, 300.5, 908.5,   2.4,   2.0
43318,   0.5,  -4.5,   0.4, 309.6,  19.5,1190.2,   2.7,   1.5
43346,  -5.1,  -1.0,  -0.1, -45.7, -58.6,1123.3,   2.5,   1.5
43370,  -3.9,  -0.8,  -0.5, -25.4,  52.5, 874.3,   2.6,   1.6
43392,  -5.2,  -1.8,  -1.3, -73.2, -84.5,1171.9,   2.4,   1.8
43420,  -3.8,  -2.4,   0.7, 149.2, -64.5,1192.9,   2.5,   1.3
43444,  -1.4,   2.5,  -1.4, -70.3,  91.1,1177.8,   2.5,   1.3
43468,  -3.4,   2.1,  -2.7,  37.3,-282.7,1495.7,   2.0,   1.2
43492,  -1.2,   2.6,  -4.3,-300.1,-105.2,1087.0,   2.3,   1.8
43520,  -2.5,  -4.5,  -0.9, 257.8, 153.1,1223.9,   2.3,   1.2
43544,  -4.8,   7.1,  -3.5, 110.3,  47.1,1005.7,   3.0,   0.2
43568,   3.6,  -4.5,   2.4,-282.2,-151.6, 931.5,   1.7,   1.8
43592,  -1.4,  -9.3,  -1.9, 315.4, 178.9,1237.4,   2.5,   1.9
43620,  -3.3,   3.5,  -2.6, -75.0,-214.9, 997.6,   2.5,   0.7
43644,  -1.4,   8.2,  -1.3,-462.2,-143.1, 973.4,   2.6,   1.2
43668,   0.1,  -3.4,  -2.3, -61.8,  62.2, 982.7,   3.0,   1.4
43692,   1.3,  -0.3,  -2.0,-106.5,  24.6, 790.3,   2.7,   1.6
43720,  -7.3,   1.6,  -0.6,-102.1,  58.8,1705.1,   2.4,   1.1
43744,  -0.9,   4.2,  -2.0,-131.4, -42.5,1122.6,   2.1,   1.7
43768,   1.4,   1.6,   0.4,-163.8,  89.8, 897.0,   2.1,   1.8
43792,   2.0,   3.2,  -4.6,-209.0, -65.4,1014.0,   2.2,   1.9
43820,  -4.9,  -4.7,  -3.7, 105.5,-101.6,1235.4,   2.8,   1.4
43848,   1.6,  -7.3,   3.1,  28.6,   9.5, 689.3,   2.8,   1.1
43868,   2.7,  -7.6,  -0.8, 585.2, 231.2,1013.2,   2.9,   0.5
43892,  -0.6,   1.3,  -4.8, 328.1, -86.7,1128.2,   2.3,  -0.5
43920,   4.6,  11.0,  -4.4,-556.6, 125.5, 366.3,   3.5,   1.2
43944,   3.6,   2.7,  -3.2,-228.5,  49.8, 725.6,   3.5,   1.7
43968,   1.5,  -8.3,  -0.0, 342.5,-107.7,1359.4,   3.3,   1.3
43992,  -0.0,  -1.5,  -2.7, 148.7,-148.7,1253.0,   3.0,   1.3
44020,  -0.8,  -8.7,  -2.0, 528.6, 306.1,1445.4,   3.1,   1.6
44044,  -4.1,  -2.9,  -5.4, 141.6,-207.5,1417.5,   2.6,   2.0
44068,  -1.9,   2.3,  -3.3,  25.6,  59.8,1011.8,   2.5,   1.1
44096,  -5.6,  -1.6,  -2.9, 279.5, 243.9, 967.6,   3.5,   0.2
44120,   5.3,  -9.8,   6.4, 230.7, 243.6, 634.6,   3.2,   1.3
44144,   1.5,  16.3,   0.4, -11.7,-112.1,1187.8,   2.8,   0.6
44168,   3.0,   3.4,   0.1,-375.3, 140.4, 701.0,   3.0,   1.8
44196,   6.0,   5.7,  -1.4,-213.4, -80.3, 836.2,   3.6,   2.0
44220,   1.9,   2.4,   1.4, -39.3,   3.2, 937.1,   4.0,   2.1
44244,   1.6,   5.2,   2.7, 134.5, -61.5,1002.7,   3.2,   1.4
44268,   1.4,  17.1,   1.6,-440.2, -42.7,1186.6,   3.1,   1.5
44296,  -4.7,  -4.4,   2.1,-124.5,-458.8,1398.5,   3.3,   2.5
44320,  -3.8,   3.2,   0.6, -72.5, -49.3, 797.2,   3.2,   1.7
44348,  13.4,  -5.0,  11.2, 327.4, 258.3, 323.5,   4.2,   0.8
44368,   6.9,  -5.7,   3.8,  72.7, 251.7, 689.5,   5.4,   1.4
44396,  -2.8,   6.5,  -1.7,-241.5,-287.4, 917.3,   4.9,   0.1
44420,  -1.4,  -2.1,  -3.2,  47.8, -80.3,1351.6,   4.9,   0.1
44444,   1.5,   7.0,  -3.9,-379.9,   2.7, 561.8,   4.3,   0.8
44468,  -1.4,   2.4,  -1.0,-193.9, 162.6, 598.7,   3.8,   1.1
44496,   5.2,  11.0,  -0.6,-103.3,  55.7, 610.4,   3.1,   0.7
44520,  -1.4,  -1.7,   3.3,  36.9,-237.1,1093.6,   3.3,   1.3
44544,   5.0,   1.5,  -1.3, -32.5, 144.0, 453.7,   3.8,   1.9
44568,   2.2,   2.6,  -0.8,  98.4, 124.5,1137.5,   3.3,   1.3
44596,  -1.7,   9.9,  -1.8,-419.4,-349.4,1303.5,   2.9,   1.1
44620,   4.8,  12.4,   2.8,-764.2, 233.4, 359.9,   2.7,   2.6
44644,  -1.8,   1.9,  -1.3,-626.5,-144.1, 814.8,   2.5,   2.5
44668,   2.1,   5.1,  -3.5,-170.7,-127.5, 926.1,   2.3,   2.7
44696,   2.2,   2.6,  -3.7,  71.5, 106.2,1023.7,   2.1,   2.3
44720,   1.6,   5.2,  -4.2, 139.9,  97.9, 974.2,   2.0,   1.8
44744,   3.5,   0.1,   1.2, 120.4, 114.0, 873.8,   1.5,   1.9
44768,   0.8,  -3.3,  -2.7, 136.7, -48.8,1089.9,   1.6,   2.0
44796,  -0.4,  -2.0,  -8.0,  -1.7, -85.2,1232.2,   1.1,   2.4
44820,   3.9,  -9.4,  -5.3, 184.1,  89.6, 693.7,   0.7,   2.3
44848,  -0.8,  -2.3,  -8.3, 168.0, -80.6,1019.8,   0.5,   2.1
44868,   1.3,  -4.9,  -5.8,  83.7, -96.2,1377.7,   0.2,   2.2
44896,  -2.6,  -5.9,  -5.1, 501.5,  88.1,1015.7,   1.2,   0.9
44920,  -2.8,  -5.3,  -1.0, 164.5, 142.1,1066.7,   0.7,   1.8
44944,  -1.1,  -4.7,  -4.1, -24.7,  95.0, 826.2,   0.7,   2.2
44968,  -0.3,  -4.2,  -4.4, 119.9, 143.8, 977.8,   0.5,   1.7
44996,  -2.2,  -2.3,  -6.3, 157.0, 122.8, 846.7,   0.8,   0.8
45018,  -7.8,  -0.7,  -8.9, 119.6, -52.3, 965.4,   1.2,   0.4
45046,   4.5,   6.8,   3.7, 694.1,-198.0,1316.2,  -0.6,  -0.1
45070,  10.0,  13.2,   3.3,-329.6,-177.0,1098.7,   0.1,   0.4
45094,  15.8,   1.9,   4.3,-125.7, 158.2, 965.6,  -0.2,   1.6
45118,   6.2,   2.2,  -3.1, 250.7, 170.6,1022.0,   1.6,   1.0
45146,   9.1,  -6.4,  -3.1,  18.5, 245.3, 921.7,   2.2,   2.0
45170,   2.7,   1.1,  -4.7, 119.9, -72.0, 846.7,   2.6,   1.9
45194,   1.6,   1.7,  -2.5,  95.7,-100.8,1145.3,   2.1,   1.6
45222,   2.2,   1.7,   0.4, -25.4, -23.7,1079.6,   1.4,   1.5
45246,   4.9,   5.8,  -2.4,-146.0,  72.3, 851.1,   1.5,   1.6
45270,   3.9,   1.1,  -1.2, 105.7,  48.6,1001.0,   1.9,   1.5
45294,   5.4,  -1.7,  -0.9, 126.7, 122.1, 852.4,   2.4,   1.6
45322,   8.0,   0.8,   1.8, -75.4, -53.7, 869.4,   2.2,   1.6
45350,   1.7,   3.5,  -3.7, -57.4, 287.6, 742.0,   2.6,   1.7
45370,   0.8, -13.3,  -0.2,  34.4, -58.6, 991.8,   1.8,   3.0
45394,   0.3,   1.2,  -1.0, 540.5,  85.7,1004.5,   1.4,   1.8
45422,   3.5,   1.9,  -0.7,-109.6,  25.1,1186.8,   1.4,   1.6
45446,   2.8,  -9.7,   0.4, 244.6,  75.7,1238.3,   2.0,   2.1
45470,   3.5,  -0.7,   0.6, -81.1, -33.9, 865.5,   2.3,   2.2
45494,   5.6,   2.1,   2.4,-289.6, 319.8,1699.5,   3.4,   1.8
45522,  -2.1,  -6.5,   1.9,-343.3,-136.5, 892.9,   3.4,   3.0
45546,  -5.4,  -8.1,   3.4, 307.4, -56.4,1256.9,   2.5,   2.5
45570,  -7.2,  -0.8,   4.6, 188.0,  42.2,1092.6,   2.3,   1.6
45594,  -3.5,  10.8,   2.7, -84.7, 104.2, 772.0,   2.5,   1.3
45622,  -2.8,   8.1,   3.4,-259.0, 180.4, 762.5,   3.0,   1.9
45646,   0.3,   4.2,   1.8,-306.9,-264.2,1005.2,   3.7,   2.7
45670,  -1.5, -11.1,   4.0, 505.1,-169.9,1447.3,   3.1,   2.5
45694,   0.5,  -3.2,   4.5,  64.4,  28.3, 630.2,   2.9,   2.3
45722,   4.1,   0.8,   2.7, -73.5, 192.6, 504.5,   3.1,   2.2
45746,   3.1,   6.8,   3.7,-527.6, 112.3, 424.1,   3.8,   2.9
45770,  -3.2,  -5.0,   7.0, 170.4,  10.0,1364.6,   3.8,   3.1
45794,  -0.9,  -4.2,  10.3, 250.2, 115.2,1185.8,   3.9,   2.8
45822,  -2.3,  -0.7,   9.5, 152.6, -83.3,1257.1,   4.2,   2.7
45850,   1.1,  -4.2,   7.9, -50.1, 164.1, 562.8,   4.5,   2.7
45870,   0.7,  -9.0,   6.8, 321.8, 266.6, 839.7,   4.6,   2.5
45894,   8.1,  14.6,   6.2,-629.4, 395.0,   3.5,   6.3,   3.1
45922,   5.4,  -4.7,   4.8, 125.0, 134.8,1004.7,   6.7,   4.2
45946,   1.7,  -3.9,   3.5, 134.5, -93.3,1069.6,   6.8,   3.4
45970,   2.4,  -5.9,   1.5, 104.7, 163.6,1290.6,   6.9,   3.7
45994,  -1.6,  -6.0,   4.0, 286.6, -88.4,1584.3,   6.4,   3.4
46022,   0.5,   4.3,   3.4,-173.6, -63.5, 854.1,   6.7,   3.5
46046,   2.8,   9.0,   5.2,-155.3,  55.4, 972.5,   6.3,   2.9
46070,   0.5,   3.5,   5.4, -21.7, -93.0,1012.8,   6.0,   3.1
46094,   2.5,   9.9,   4.6,-388.2,-146.7, 711.2,   5.2,   3.7
46122,   0.4,  -1.6,   6.2, 169.2, 181.9, 559.4,   5.0,   2.7
46146,   7.7,  -2.5,   2.4, 192.1,-316.2,1390.9,   4.6,   3.0
46170,   2.0,   3.7,  -2.6,-387.0,-163.3, 925.6,   3.9,   3.5
46194,   6.4,   7.6,  -2.7,-169.7, -46.2, 894.3,   4.5,   3.4
46222,   4.1,  -7.0,  -0.1, 337.6, 255.1,1147.3,   4.3,   3.1
46246,  -0.6,   6.0,  -5.4,-235.6, -17.6, 559.1,   4.0,   3.1
46270,  -2.3,   6.6,  -4.8,-334.5, -34.9, 692.4,   3.9,   3.2
46298,  -2.7,  -3.1,  -1.7, 201.2, -63.7,1008.1,   3.5,   2.6
46322,  -5.2,  -2.3,  -4.5, 379.1,-164.8,1462.7,   3.7,   2.1
46350,   3.0,  -0.3,  -7.1,  82.3, 165.0, 981.3,   3.9,   2.0
46370,   0.7,  -5.6,  -7.2, 411.1, 183.1, 958.6,   4.3,   2.0
46398,  -0.8,   5.5,  -6.9,-209.0,  -1.7, 768.4,   4.3,   1.6
46422,   6.9,   1.9,  -4.3,  22.9, 238.3, 706.1,   3.8,   2.1
46446,  -3.4,  -0.1,  -5.1, 341.1, -39.6,1312.3,   5.1,   1.5
46470,   0.8,  10.8,  -5.5,-344.5, -94.5, 842.3,   4.1,   1.3
46498,   3.6,  -2.4,  -5.3,-228.8, 148.7, 845.5,   4.5,   2.1
46522,  -0.1,  -4.8,  -7.4, 305.2,  25.6,1007.1,   4.5,   1.7
46546,  -1.4,   0.5,  -6.4, -16.9,  -8.6, 954.4,   4.1,   1.6
46570,   5.5,   2.2,  -6.4, -95.7, 352.5, 830.1,   4.2,   0.9
46598,   0.0,  -1.8,  -6.8,-181.9, 149.2, 936.1,   4.0,   1.8
46622,  -0.3,  -3.9,  -7.3, 180.4, -36.1,1156.3,   3.9,   1.5
46648,  -2.3,   0.6,  -5.7, 182.4, 149.2, 869.0,   3.9,   0.5
46672,  -5.5,   7.4,  -5.1,-374.8, -32.2,1265.2,   4.0,   0.9
46696,   6.9,  -3.7,  -4.3,-190.7, 255.4, 840.6,   3.4,   2.3
46720,   1.8,  -4.5,  -4.6, 390.1, 197.5, 701.0,   3.7,   1.1
46748,  -2.6,  -1.1,  -5.8,-153.1,-123.8,1275.7,   3.2,   1.5
46772,   0.9,  -2.4,  -4.2,  35.2, -38.8, 842.3,   3.7,   1.5
46796,   0.5,  -2.4,  -3.3, 120.1, 222.9, 673.2,   3.7,   1.4
46820,  -2.8,  -3.1,  -5.6, 246.3, -84.2,1330.9,   3.2,   1.0
46848,   2.2,   6.0,  -3.2,-501.2, 249.3, 908.5,   3.5,   1.7
46872,  -2.2,  -2.2,  -2.8,-169.2, -37.9,1248.8,   3.6,   2.0
46896,  -0.9,  -5.3,  -1.8, 121.1,-167.2,1065.7,   3.2,   1.9
46920,  -2.3,   4.0,  -1.3, 198.0, 286.9, 895.3,   3.6,   0.6
46948,  -5.8,   2.7,   1.8,-550.5,-750.0,1815.2,   3.3,   2.1
46972,   3.9,   1.1,   3.3,-104.5, 364.7, 924.4,   3.8,   2.1
46996,  -2.2,  -3.9,   1.3,  46.1, -39.1, 933.2,   3.7,   1.5
47020,   4.0,   1.7,   0.3,-146.0, 317.4,1007.9,   4.1,   2.2
47048,  -0.5,   2.7,  -3.4,-272.5,-102.8,1063.3,   4.3,   2.0
47072,  -4.8,  -5.1,  -0.4, 189.4, 101.8, 777.4,   4.4,   1.5
47096,  -6.9,   0.2,  -0.2, 219.7,-318.6,1598.4,   3.7,   1.2
47120,  -1.8,   2.7,  -0.4, -23.7, 304.2,1274.0,   4.4,   1.2
47148,  -0.9,   0.0,  -2.7,-341.8,  86.9,1046.4,   4.2,   2.4
47172,   1.0,  -7.2,  -3.4, 355.5,  45.4,1238.8,   4.6,   1.5
47196,   9.3,   8.0,   1.4,-289.6,-534.4,1302.8,   3.9,   1.8
47220,   3.0,   1.1,   4.9, 275.1,   2.7, 794.0,   3.9,   0.8
47248,   5.5,   0.4,  -2.1,  88.9, 438.7, 872.9,   5.2,   0.2
47272,   0.3,   1.6,   1.1,-200.9,-180.7, 994.0,   6.6,   1.8
47296,  -2.3,   3.6,   2.4,-271.5, 137.2, 875.3,   6.5,   1.6
47320,  -4.0,  -2.5,   6.6, 312.7, -88.6,1418.8,   6.3,   1.0
47348,  -0.6,   4.3,   6.5, 158.7,  -5.1,1303.8,   6.2,   1.0
47372,   2.3,   8.7,   3.8,-406.7,-106.5,1486.1,   6.0,   1.1
47396,   2.7,   6.9,  -0.6,-365.5, 137.2, 611.9,   6.4,   2.7
47424,  -7.8, -12.6,   2.1, 483.6,-233.2,1578.2,   6.9,   2.3
47448,  -0.1,   6.0,   1.3,-132.1, -76.4,1467.6,   7.5,   1.8
47472,   0.6,  -5.1,   7.2,-125.7,   9.8,1217.3,   7.0,   3.3
47496,   3.9,   7.0,   1.8, 111.1,  77.6,1218.3,   7.4,   2.0
47524,   2.9,  -1.4,  -0.5,-395.3, 365.0, 912.4,   7.6,   3.0
47548,  -1.5,  -5.0,  -2.9,-257.1,-191.2, 989.3,   7.5,   3.3
47572,  -2.2,  -2.1,   0.2,-163.8,-125.7, 751.3,   6.9,   2.8
47596,   0.9,  -3.3,   3.8, 358.1, 448.0,1077.5,   6.8,   2.1
47624,  -2.6,   6.6,  -0.2,-282.0,-189.5, 999.1,   6.1,   2.7
47648,  -2.3,  -3.7,   0.7, 116.4, 195.3, 872.1,   6.0,   2.7
47672,  -0.5,   0.0,   2.4,  31.5, 141.8, 741.8,   5.9,   1.8
47696,  -2.2,   2.5,   4.8, 171.6, 249.0, 949.5,   6.0,   1.3
47724,   0.5,  -4.2,   8.5,   6.3,  21.2, 928.5,   5.6,   2.5
47748,  -1.0,   5.1,   3.4,-161.4,-158.0,1219.1,   5.3,   2.4
47772,   2.2,   5.5,   3.0, -58.1,  70.8,1025.4,   4.5,   1.9
47796,   3.8,  -7.5,   4.6, 209.2, 271.7,1056.9,   4.5,   2.5
47824,  -0.5,  -5.6,   2.6, 164.8,-180.4,1368.0,   4.2,   1.8
47852,   4.4,   1.8,   0.8,  -5.9,-103.5,1001.8,   4.1,   1.8
47872,   0.8,  -8.5,   1.3, 160.4, 243.6,1331.4,   4.7,   2.5
47896,  -4.1,  -3.7,   1.6, -78.4, -66.9,1311.3,   4.4,   2.4
47924,  -0.9,  -2.6,  -1.5, 173.8, -45.2, 970.8,   4.2,   2.3
47948,  -1.2,   2.6,  -2.4,  19.3,  97.2, 677.1,   4.3,   1.7
47972,  13.8,  -1.4,   5.5,-263.9, 321.5, 313.0,   4.3,   2.9
47996,   1.8,  -1.9,   0.8,  86.9, 450.9, 878.0,   5.3,   2.2
48024,  -0.7,   1.7,   1.0,-183.8, -85.5, 776.9,   4.9,   1.9
48048,   3.0,  -2.8,   2.7, -26.1, 236.8, 817.0,   5.2,   2.6
48072,   0.5,   3.1,   0.5,  75.9,  45.6, 911.4,   4.7,   2.3
48096,   0.5,   3.6,   3.2, -49.8,  92.8, 817.7,   4.3,   1.8
48124,   3.1,   9.5,   4.1,-168.2, 446.0, 991.0,   4.6,   1.3
48148,  -0.9,   1.5,   1.0,-181.4, -19.3, 909.0,   4.3,   1.6
48172,  -3.3,  -1.1,   0.7,-152.1, -57.1,1056.2,   4.1,   2.1
48196,   1.3,   5.2,  -1.7,-365.2, -10.8, 622.6,   4.0,   1.7
48224,   0.1,   8.5,  -0.6,-528.3,  94.7, 811.6,   3.9,   1.2
48248,  -1.2,   5.9,  -1.8,-300.5,-121.3, 962.2,   3.3,   1.6
48274,  -3.2,  -4.2,  -1.8, 119.9, -33.9,1083.8,   3.3,   0.9
48298,  -2.2,   0.3,  -1.3, 203.4,  11.0,1340.1,   2.8,   0.4
48322,  -2.2,  -7.1,  -3.6, 211.2, 232.9,1291.1,   3.1,   0.5
48350,   1.0,   1.5,  -3.6,-149.7,  97.2, 811.8,   3.1,   0.7
48374,  -3.9,  -2.8,  -2.1,  65.9,-166.3,1550.1,   2.8,   0.6
48398,  -0.3,   6.5,  -1.4,-364.8, 112.3, 676.3,   4.0,   1.0
48422,   0.4,  -1.4,  -0.0,-241.7, -17.6,1394.1,   4.1,   1.3
48450,   2.5,  -6.3,  -1.6, 455.6,  98.6, 975.9,   4.0,   1.0
48474,   2.2,   6.2,  -5.6,  89.3,  95.7, 846.7,   4.4,   0.5
48498,   0.1,  -7.5,  -3.4,  71.5, -23.2,1343.1,   3.5,   1.1
48522,   5.3, -10.1,  -3.7, 619.6, 437.5, 927.3,   4.9,   0.8
48550,  -1.6,   2.1,  -8.6,-303.2, -75.0,1175.8,   5.0,   1.5
48574,   3.8,  -2.2,  -5.1,  43.5, 365.0, 761.0,   5.8,   1.5
48598,  -1.4,  -1.7,  -5.1, -12.9, -90.6,1101.6,   5.5,   1.3
48622,   2.7,   5.9,  -3.2,-154.1, 102.5, 790.8,   5.5,   1.0
48650,   2.6,  -1.9,   1.3, 211.9,  60.0, 957.1,   5.1,   0.7
48674,  -0.9,  -5.2,   0.7, 324.0, -68.1,1270.6,   5.5,   1.3
48698,   3.8,  -9.2,  -3.1, 132.8, 124.7, 749.3,   5.0,   2.0
48722,   1.6,  -2.0,  -9.3, 246.3, 147.4, 592.8,   5.2,   0.7
48750,   8.3,  -8.3,   0.2, 100.8, 507.8, 404.4,   4.8,   0.6
48774,  -1.9,  -1.2,  -1.8, 285.6,  72.3,1156.3,   5.7,   0.5
48798,  -0.7,   5.3,  -5.8,-145.3,  -9.3, 875.8,   4.9,   0.1
48822,   0.8,  -2.9,  -3.7,  86.9, 258.3, 938.3,   4.9,   0.4
48850,   0.8,  -0.3,  -1.8, -74.0, 324.0, 589.7,   5.4,   0.5
48874,  -5.3,  -1.2,   0.4,-261.7,-180.4,1041.3,   5.0,   1.2
48898,   1.0,  -0.3,   2.2, 210.9,   6.3, 751.0,   4.9,   0.8
48922,   1.9,  -5.9,   4.7, 391.4,   6.6, 899.7,   4.7,   1.2
48950,   3.0,   1.0,  -0.4, -97.7, -34.2,1139.0,   4.8,   2.3
48974,  -0.9,   4.5,  -1.8,-125.7, 170.2, 676.8,   5.0,   2.0
48998,   8.3,  15.2,  -0.4,-931.9,-194.8, 132.6,   3.8,   2.7
49022,   3.0, -12.6,   9.1, 893.3, 149.4,1181.0,   3.8,   2.1
49050,   9.4,   6.8,  -1.6,-652.3, 231.2, 476.6,   5.2,   3.5
49074,   3.6, -10.4,  -1.9,  66.6, 147.4,1404.1,   6.0,   3.4
49098,   3.0,  -4.8,  -2.1, 167.2, 183.1,1170.7,   5.5,   2.9
49122,   0.5,   3.6,  -0.4,-166.0, 107.9, 761.8,   5.2,   2.4
49150,   2.5,  -0.7,   4.3,  51.8,  81.0, 852.1,   4.4,   2.3
49174,  -2.3,  -2.5,   2.6,  -4.4,  10.7,1064.8,   4.6,   2.6
49198,   1.5,  -4.2,  -0.5, -91.3, 232.4, 712.0,   4.8,   2.9
49222,   2.9,  -7.0,  -1.0, 314.2, 361.1, 785.5,   5.1,   2.1
49250,  -2.1,  -1.9,  -0.9, -49.8, 317.1, 591.4,   5.6,   1.8
49274,  -8.3,  -5.9,   2.1,-706.1,-721.2,1244.9,   4.9,   2.9
49298,   0.3,   3.3,   1.9,  53.7, 379.4, 716.9,   5.6,   1.5
49322,   0.9,  -5.5,   1.0, 323.0, -97.2,1122.6,   5.3,   1.6
49350,  -1.6,   2.2,  -2.0, 414.3, -89.1,1816.7,   5.1,   1.4
49374,   2.6,  -2.2,  -0.7, -15.1, -28.3, 700.5,   5.2,   2.0
49398,   4.7,  -0.9,   1.0, 166.7, 493.9,1157.3,   5.2,   1.7
49422,  -0.8,   7.7,  -3.3,-296.6, 268.1, 524.5,   5.6,   2.2
49450,  -0.5,   7.3,   3.7, 146.7, -34.2, 922.9,   4.8,   1.8
49474,  -0.3,   6.0,   3.3, 120.6,  52.7, 955.9,   5.0,   1.6
49498,  -7.7,   5.5,  -2.6, 157.5,-258.6,2011.3,   5.8,   1.3
49526,   5.5,  -6.8,   4.9, 331.5, 179.7, 628.0,   5.9,   2.6
49550,   2.9,  -1.6,  -1.1, 231.4,  18.5,1098.2,   5.5,   2.1
49574,   0.5,  -8.1,  -2.2, 207.3,  22.7,1511.8,   5.2,   2.3
49598,   0.9,   4.9,  -2.4,-233.6, 129.1, 843.6,   4.8,   2.3
49626,  -2.6,  -4.3,  -0.9,  20.3, 138.4,1448.3,   4.9,   2.3
49650,   7.0,   4.1,  -0.6,-183.4, 122.3, 493.0,   4.5,   2.8
49674,   0.1,  -3.0,  -2.1,  37.3, 185.0, 802.1,   5.0,   2.8
49698,  -2.3,   2.7,  -3.9, -28.3, -39.6,1181.5,   4.6,   2.5
49726,  -1.8,   4.0,  -3.3, -31.0,  71.5,1006.2,   5.0,   1.8
49750,   5.4, -12.5,   4.8, -14.7, 134.3,1072.6,   3.7,   2.9
49774,   3.1,  -1.9,   1.0, 667.0, 270.7, 814.5,   4.1,   1.6
49798,   2.2,  -2.3,  -2.4,-117.4, 147.4,1127.7,   4.3,   1.9
49826,  -1.1,  -6.5,   0.4,  75.9, 128.7, 799.4,   4.8,   2.6
49854,  -2.3,   2.2,   3.2,-220.2,  62.5,1088.9,   4.7,   2.8
49874,  -2.7,   3.6,   2.6,-233.9,  47.4, 740.5,   4.4,   2.4
49900,  -0.3,   8.5,   2.9,-468.8, 193.3, 746.6,   4.2,   2.5
49924,  -0.6,   2.0,   1.6,-255.1, -34.9, 973.4,   4.0,   2.7
49948,   1.3,  -6.3,  -0.6, -80.6, 107.4, 929.5,   4.0,   2.8
49976,  -0.5,   1.5,  -0.2,  68.1, 197.5, 673.6,   4.6,   1.6
50000,  -4.0,   3.8,   1.8,-621.6,-584.0,1652.2,   4.2,   1.8
50024,   3.3,  -0.4,   3.8,  92.5, 208.7, 888.7,   5.7,   2.0
50048,   1.7,  -0.7,  -0.2, -26.4,-115.2,1090.9,   5.4,   1.5
50076,   1.2,   5.7,  -1.6,-309.1, 129.1, 609.4,   5.8,   2.6
50100,   0.9,  -2.0,   0.4, -11.7, 225.6,1050.1,   5.5,   1.7
50124,  -1.1,   5.0,   0.2,-209.2, -87.4, 919.0,   5.0,   1.4
50148,   0.2,  11.6,  -1.0,-436.3, 247.8, 559.1,   5.3,   1.7
50176,  -5.0,   0.5,  -0.8, -24.4,  53.5,1366.5,   4.6,   1.4
50200,  -1.7,   2.1,   3.0, 160.6, 217.0, 558.4,   4.6,   0.7
50224,   2.5,   3.2,   2.3, 109.4, 352.8, 943.4,   5.6,   0.4
50248,  -2.0,   6.1,   6.0,-838.4,-757.1,1445.9,   4.4,   2.1
50276,  -0.3,   0.7,   3.7, 290.3, 117.4, 806.7,   5.5,   1.5
50300,   1.1,   5.7,  -3.1, -64.2,  32.2,1060.8,   4.8,   0.8
50324,  -4.0,  -0.1,  -2.2, -59.1,-360.1,1837.9,   5.0,   1.4
50352,   0.5,   2.8,  -4.0,-101.8,  -2.0,1074.3,   4.9,   1.5
50376,  -0.7,   0.2,  -3.5, -86.2,-173.6, 873.8,   4.3,   1.3
50400,   1.1,  -2.5,   1.1, 429.4,  89.3,1044.2,   4.0,   0.7
50424,   0.1,   1.0,   0.8, 235.8,-111.3,1277.2,   4.1,   1.2
50448,   4.2,  -7.0,  -0.2, 130.4, 409.9, 489.6,   4.9,   1.6
50476,   0.8,   4.9,  -2.4,  37.3, 128.7, 631.4,   5.3,   0.3
50500,   1.3,   6.2,   1.8,-426.8, 183.6, 401.7,   5.9,   1.4
50524,   1.5,  -5.0,   2.9, 120.1, 215.3, 724.7,   5.5,   2.2
50548,  -4.9,  -0.5,  -1.5, 562.5,  35.9,1630.4,   5.8,   1.0
50576,   0.3,   1.0,  -0.3,-210.0, 136.0, 738.3,   5.7,   2.2
50600,   1.1,  -5.9,  -0.5, 258.1, 138.9, 988.6,   5.3,   1.6
50624,  -5.0,  -7.2,  -1.2,  85.0,-155.3,1455.1,   4.8,   2.0
50652,  -1.6,  -4.3,   2.1, 243.4,-230.5,1309.9,   5.5,   1.3
50676,  -6.9,  -9.9,   2.7, 243.9,  76.2,1668.5,   6.7,   2.2
50700,  -2.8,   2.1,  -0.9,-224.1,  54.9, 599.4,   6.7,   2.6
50724,  -0.6,  -5.1,  -0.4, 478.8,  83.2,1160.0,   6.5,   1.7
50752,  -7.5,   1.5,  -0.8, 151.4,  15.4, 912.2,   7.0,   0.9
50776,  -7.2,   9.0,  -0.1,-759.0,-243.7,1352.1,   5.9,   2.1
50800,  -5.3,   6.9,   3.0, -39.8,  32.2,1013.2,   5.2,   1.9
50824,  -2.8,   5.8,  -0.1,-404.3, -68.1, 796.2,   4.4,   1.7
50852,  -0.3,  -0.2,  -1.0, 128.4,  32.9,1044.2,   4.3,   1.5
50876,   0.8,  -5.0,  -3.2, 227.5, 195.3,1290.8,   4.3,   1.4
50900,   2.8,   5.6,  -2.9,-174.6, -70.1, 922.9,   3.9,   1.6
50924,   3.5,   3.0,   0.2,  94.2, 387.2, 918.8,   4.0,   1.3
50952,   3.2,   1.3,  -0.6, 108.1,  -2.5, 952.9,   3.9,   1.7
50976,   1.3,  -3.6,  -1.3, -35.9, -60.6, 895.6,   3.6,   2.2
51000,   4.6,  -2.6,  -1.0, 289.5,  43.2, 995.7,   3.5,   1.2
51024,  -0.1,  -1.5,  -0.5,-287.8,-261.7, 843.3,   3.5,   1.6
51052,   4.6,  -4.1,  -0.9, 252.2, 135.7, 803.0,   4.1,   1.3
51076,   3.1,   1.8,  -3.7, -74.5, 159.2, 884.6,   3.7,   1.2
51100,  -1.1,   0.4,  -3.3, 142.6,  22.2,1049.6,   4.0,   1.3
51124,  -1.4,  -2.5,  -1.7, -27.8,-111.3, 826.7,   3.5,   1.5
51152,   3.5,  -1.7,  -0.7, 186.8, 283.7, 739.6,   4.0,   0.9
51176,  -1.4,   2.5,   0.7,  20.5,  37.6, 986.4,   4.0,   1.1
51200,  -2.6,   7.5,   0.7,-410.7, 100.1, 937.1,   4.3,   1.4
51224,   1.6,   1.0,   1.1,-122.6, 166.0,1197.6,   4.2,   1.8
51252,  -1.7,  -4.9,   1.0, 123.3, -75.5,1247.6,   3.9,   1.8
51276,   6.6,   6.5,  -1.5,-448.5,-135.3, 539.9,   4.3,   2.2
51300,   4.4,  -6.1,   1.3, 119.1, 106.2, 806.9,   4.4,   2.2
51324,  -1.7,  -2.5,   1.3, 442.6, -65.2,1234.2,   4.7,   1.2
51352,  -2.8,  -2.0,  -1.6,  46.6,  23.7,1183.7,   4.5,   1.0
51376,  -0.3,   3.0,  -2.4, -31.5, 117.4, 906.1,   4.8,   1.2
51400,  -5.2,  -1.8,  -1.9,  -4.4, -62.8,1018.1,   4.9,   1.4
51424,  -0.6,   5.0,   0.2,  -9.8, -49.6,1145.6,   4.6,   1.1
51452,  -2.2,   2.4,   1.9,  63.5, 124.3,1553.5,   4.8,   1.0
51476,  -3.1,   9.4,  -3.5,-386.7,-368.4,1341.1,   4.6,   1.5
51500,   1.5,  -1.7,  -2.8, -43.7,-112.8, 952.9,   4.4,   1.9
51526,  -0.7,  -2.5,  -4.2, 489.5, 289.8, 836.5,   5.1,   0.3
51550,  -6.2,  -2.6,  -1.8, -70.6,-562.5,2212.2,   4.7,   1.5
51574,  -0.1,  -2.2,   1.9, 152.6,-118.4,1280.3,   4.6,   2.0
51602,   3.9,  -1.9,  -3.4, 174.8, 235.1, 804.0,   5.1,   1.2
51626,   6.0,  -1.4,  -0.1, -54.7, 364.2,1108.2,   5.5,   2.1
51650,  -1.1,   1.7,  -1.9,-385.0, -90.1,1223.4,   5.3,   2.1
51678,   0.5,  -8.6,  -0.4, 115.2,  33.9, 812.3,   4.9,   2.0
51702,   5.8,   3.2,  -0.9,  35.4, 178.2, 616.8,   4.7,   1.6
51726,   0.8,  -3.6,  -2.6,  85.2, -21.7, 883.6,   4.6,   1.8
51750,  -0.1,  -4.2,  -2.1,  68.8,  29.3, 921.2,   4.7,   2.1
51778,   0.9,   2.7,  -3.3,  25.1,  47.1, 645.6,   5.2,   0.8
51802,  -8.0, -11.9,   1.0, -36.9, -86.2,1265.0,   4.3,   2.2
51826,   0.5,  -1.7,  -0.3, 433.8, 104.7,1031.3,   4.5,   1.7
51854,   0.1,   8.5,  -4.0,-271.2,  88.9, 837.9,   4.5,   2.3
51878,   0.9,   2.4,  -0.5,-210.0, 185.0, 637.5,   5.0,   3.1
51902,  -2.5,  -4.0,   1.2,-103.0, 138.7, 840.6,   5.2,   3.3
51926,   0.8,  -0.4,   1.8, 118.2,  92.3, 796.2,   4.9,   2.9
51950,  -1.7,  -4.0,   1.8,  93.7, 127.2, 806.2,   4.7,   2.9
51978,   1.6,   3.2,   1.3, 272.9,  58.1, 952.2,   4.8,   2.5
52002,  -3.6,  -5.1,   0.4, 133.3, -68.9,1020.8,   5.1,   3.3
52026,  -1.7,   1.1,   1.0, 309.3,  76.6, 998.3,   5.1,   2.6
52050,   1.4,   0.5,   4.3,-279.8,-239.8,1094.8,   5.0,   3.7
52078,  -4.4,  -2.0,   5.1, 117.2,  73.7,1178.5,   5.6,   3.4
52102,  -6.4,   2.7,  -0.6,-103.3,-366.7,1334.3,   6.2,   2.8
52126,  -0.3,  -7.8,   5.1, 129.6, 228.7,1099.2,   6.2,   3.5
52150,  -3.4,  -5.6,   3.2,  79.3,   8.5,1230.3,   5.9,   3.4
52178,   4.2,   1.3,   4.1,  44.9, 308.1, 726.1,   6.7,   3.1
52202,   1.1,   3.6,   5.2,-319.3,  92.0, 326.2,   6.8,   3.5
52226,  -3.6,  -2.0,   4.1, -73.5,-112.8,1206.8,   6.4,   3.5
52250,  -1.7,  -7.5,   5.2, 296.6,  45.2,1132.1,   6.7,   3.4
52278,  -5.2,   8.2,   1.2,-198.2, 133.5, 726.1,   6.9,   2.4
52302,  -2.4,   4.2,   4.5,-904.8,-489.8,1084.0,   5.5,   4.1
52326,  -1.3,   9.6,   5.0,-325.7, 275.1, 636.0,   6.0,   3.3
52354,  -1.9,   2.7,   1.9,-290.5, 140.4, 855.5,   6.0,   3.7
52378,  -4.9,  -9.5,  -0.7, 329.6,  33.9,1630.7,   6.1,   2.9
52402,  -2.0, -13.4,   2.4, 577.6,  21.7,1071.6,   5.6,   3.0
52426,  -0.1,  -5.3,   1.4, 142.3,  45.6, 918.5,   4.8,   2.9
52450,  -0.7,  -2.9,  -0.7, 136.0, 170.4, 923.4,   4.9,   2.5
52478,   0.8,   2.6,   0.5,-107.4, 322.3, 358.2,   5.5,   2.9
52502,   2.4,   4.0,  -1.5,  16.8, 146.0, 696.6,   5.5,   2.7
52526,  -4.4,   1.8,  -0.6, 145.0,-279.6,1893.9,   5.5,   1.9
52550,  10.4,  -1.4,   4.5, -59.8, 573.7, 452.9,   6.3,   3.0
52578,  -3.2,  -2.8,  -0.2, 303.0, -20.5, 895.3,   6.7,   2.1
52602,   1.9,   2.4,  -2.6,  61.8, 308.1,1061.1,   6.1,   2.0
52626,  -1.8,   6.0,  -5.4,-249.0,-131.8, 951.5,   5.8,   2.3
52650,  -3.3,   2.2,  -5.6, -15.4,-190.2,1280.1,   5.5,   1.9
52678,  -0.4,   3.2,  -1.8,-296.9, 186.3, 555.0,   5.3,   2.0
52702,   0.5,  -0.2,  -1.7,-225.6, 153.8,1065.7,   5.2,   1.9
52726,  -4.0,  -2.5,  -3.9,  -6.1,-142.6,1223.4,   5.7,   1.8
52754,   1.6,  -1.4,  -1.4, 106.7, 254.9, 711.0,   5.8,   1.7
52778,  -6.9,   2.8,  -5.9, 396.0,  76.2,1123.3,   6.3,   0.5
52802,  -1.5,   6.3,   0.2,-114.0,-354.0,1586.2,   5.5,   1.7
52826,  -3.2,   0.1,   1.3,  36.6,-255.4,1344.8,   7.2,   1.7
52854,   0.3,   1.9,  -2.4,-273.2,  62.0, 852.1,   7.2,   2.0
52878,  -0.4,  -0.4,  -7.8, -42.0,   7.8, 903.6,   7.1,   1.7
52902,   3.9,   2.1,  -5.4,-181.4, 308.3, 353.1,   7.3,   2.4
52926,   2.2,  11.6,  -4.8,-534.2, -32.0, 800.8,   6.7,   2.1
52954,  -3.6,  -5.1,  -6.7,  44.2,-192.9,1642.9,   6.5,   2.0
52978,   5.3,   3.5,  -6.6,-175.5,  65.4, 702.2,   6.5,   3.0
53002,  -1.5,   2.9,  -5.2, 119.1, 209.9, 800.8,   6.8,   1.5
53026,  -5.8,  -0.3,  -3.1, 100.3,-552.5,2767.9,   6.5,   1.6
53054,   0.9,  -9.2,   0.5, 183.3,  74.9, 934.4,   8.0,   2.8
53078,   4.2,  15.0,  -6.6,-396.2, 128.9, 592.6,   8.1,   1.3
53102,   2.1,  -5.9,  -3.5, -72.8, 268.8, 846.5,   8.1,   2.5
53126,  -1.0,   0.4,  -7.9, -95.0,  -0.7,1143.6,   7.8,   2.1
53152,  -4.4,  -9.4,  -2.6, 199.0, -30.3,1147.8,   7.3,   2.2
53176,  -2.5,  -2.1,  -1.2, 224.6, -36.9,1156.8,   6.9,   1.4
53204,  -1.6,  -6.2,   0.4,  34.9,  26.1,1062.6,   7.1,   1.8
53228,   2.5,  -3.3,  -1.0,-391.9,  53.5, 506.4,   7.1,   2.6
53252,  -1.1,  -5.2,  -1.9, 364.5, 218.3, 854.1,   7.2,   1.2
53276,  -6.3,   0.4,  -3.9, 119.9,   5.1,1077.9,   7.1,   0.7
53304, -12.7, -14.1,   6.3,-355.7,-618.4,1593.6,   5.7,   2.3
53328,  -7.6,  -3.5,   7.1, 502.9,  85.7,1368.7,   5.8,   1.0
53356,  -6.7,   5.0,  -1.0,  75.4,-234.6,1549.9,   5.4,   1.0
53376,   0.1,   5.1,   1.2,-108.6, 164.3, 669.2,   5.6,   2.3
53404,  -0.4,   6.2,   2.1, -85.7,-149.9,1197.6,   4.9,   2.0
53428,   5.5,   7.7,   2.7, -89.1, 860.1, 938.8,   5.2,   1.7
53452,  -6.1,   1.4,  -2.8,-524.7,-179.5, 823.3,   5.5,   3.0
53476,   0.4,  -6.2,  -3.6, 103.3,  69.1, 948.1,   4.4,   3.3
53504,  -3.4,  -9.7,  -4.0, 419.9, 146.0,1576.2,   4.0,   1.7
53528,   3.6,  12.0,  -3.3,-656.0,-497.6, 860.4,   3.7,   2.5
53552,  -1.1, -10.6,   2.7, 620.6,-204.6,1631.9,   3.5,   2.1
53576,   3.5,   9.4,  -6.7,-425.8,  59.6, 816.7,   4.5,   2.3
53604,   1.4,  -8.1,   0.4, 239.0, 115.0, 840.4,   5.6,   3.4
53628,   0.6,  -3.4,   2.8,  63.0, 210.2, 995.7,   5.1,   3.1
53652,  -3.0,  -2.9,   1.8, 381.1, -74.2,1430.2,   4.9,   2.6
53676,  -2.3,   9.8,   0.5,-253.4,-135.0, 913.1,   3.9,   3.1
53704,   0.3,  -6.4,   6.5, 490.5,-109.1,1348.4,   4.5,   3.1
53728,   4.7,  -0.4,   0.1, 134.0, 179.4,1015.7,   5.4,   3.7
53752,   2.8,  -4.2,  -3.3, 320.1,  32.0, 859.9,   5.7,   3.8
53776,   8.4,   1.2,   0.5,-519.0,-443.4,1506.7,   4.6,   4.2
53804,  -1.4,  -0.1,   1.0, 147.9, 174.5, 637.3,   6.3,   2.7
53828,  -3.8,  -2.6,  -1.3, 233.1, -51.0,1266.9,   5.4,   2.4
53856,  -3.0,  -0.3,  -2.7,  51.5,  27.3, 934.4,   5.3,   2.2
53880,  -3.5,  -0.7,  -0.7, -17.1,  33.9,1134.8,   5.2,   2.1
53904,  -0.4,  -2.1,   0.5,  35.9,  74.2, 800.4,   5.0,   1.8
53928,  -0.8,   8.8,   0.1,-547.1,-129.7, 810.4,   5.0,   2.2
53952,  -2.8,   0.4,  -1.3,-356.9,  15.4,1147.8,   4.8,   2.6
53980,  -2.8,  -0.3,  -2.5, 235.6, -93.0,1088.4,   4.0,   1.9
54004,  -0.8,   7.3,  -1.6,-200.4, 286.4, 460.8,   4.4,   1.3
54028,  -3.0,  11.3,  -2.8,-844.7, 220.4, 320.4,   4.8,   2.0
54052,  -1.4, -11.8,   3.5, 485.6, 253.2,1508.6,   4.7,   1.5
54080,   0.3,   2.0,  -2.9,  -5.4, -36.4, 911.4,   4.2,   1.6
54104,   3.6,   4.1,  -2.1,-121.1,  50.0, 712.2,   3.9,   1.8
54128,   4.2,  -6.0,  -2.1, 376.9,  40.0,1009.3,   3.7,   1.7
54152,   1.7,  -2.0,   0.2, 121.8, 185.0, 517.6,   4.2,   1.6
54180,   5.8,   7.6,  -0.3,-478.0, 367.9, 451.2,   4.5,   2.5
54204,   1.0,  -1.7,  -4.3,-100.6, 138.2,1185.4,   3.8,   2.2
54228,   1.3,  -0.8,  -4.8, 164.5,   1.2, 828.4,   3.4,   1.6
54252,  -0.8,   5.1,  -5.0,-258.3, 123.5, 576.5,   3.7,   1.3
54280,   7.2,  -8.2,   1.8,  91.1,-118.2,1008.4,   3.1,   1.9
54304,   7.0,   7.1,  -2.7,  35.6, 340.1,1017.1,   3.1,   1.0
54328,   9.7,  -2.3,  -5.6,-197.0,  62.5, 833.8,   3.6,   1.4
54356,   2.2,  -3.9,  -4.3, -95.0,  -0.7, 646.5,   3.5,   1.4
54380,   0.2,  -0.4,  -3.0,-148.2,  -1.7,1067.4,   3.3,   0.9
54404,   0.0,  -3.6,  -1.0,  18.8,  96.2, 700.7,   3.3,   0.4
54428,   2.4,  -0.1,  -1.8,   0.5, 104.0, 773.3,   3.1,   0.3
54452,   1.3,   2.4,  -1.6, -59.3,  -2.0, 915.6,   3.9,   0.9
54480,  -0.9,  -5.7,  -5.5, 168.0,  12.2,1060.1,   4.1,   1.1
54504,  -1.9,   1.6,  -6.8, 282.2, 143.3, 893.6,   4.0,   0.1
54528,  -9.3,  -2.9,  -3.4, 159.4, 118.2, 871.4,   4.8,   0.2
54552,  -4.1,  -7.8,   2.9, 793.0, -44.7,1382.4,   3.6,   0.1
54580,   1.1,   5.7,  -3.4,-121.8, 160.4, 986.1,   4.1,  -0.1
54604,   1.6,   4.6,  -4.4,-389.7, -69.8, 960.0,   4.3,   0.6
54628,   2.0,   1.4,  -2.8,-133.8, 150.4, 835.8,   4.4,   0.6
54652,  -0.8,  -2.2,  -1.4,  26.1, -69.3,1169.7,   4.1,   1.4
54680,  -1.9,  -1.4,  -0.3, 301.3, 206.0,1087.7,   4.4,   0.7
54704,  -2.5,  10.9,  -2.0,-512.7, 117.7, 340.1,   4.9,   2.4
54728,  -2.0,  -4.3,  -2.0,-111.6, 158.2, 750.1,   5.0,   2.6
54752,  -3.6,  -1.8,  -1.9, 148.7,  65.4,1053.0,   4.8,   1.4
54778,  -7.1,   3.0,  -3.0, -74.5, 135.2, 859.7,   5.4,   1.0
54802,   2.4,  -1.2,   4.9, 110.6,  48.6, 783.8,   4.4,   1.7
54830,  -1.1,   5.3,   1.2, 120.6,  26.8,1128.2,   4.2,   0.8
54858,   1.4,  -5.1,   1.8, 267.1, 137.2, 919.2,   4.3,   0.4
54878,   2.5,   2.9,  -2.3,-286.9, 150.9, 806.2,   4.7,   0.7
54906,   3.3,  11.5,  -1.0,-315.2, -11.7, 531.8,   4.0,   1.0
54930,   2.7,   6.3,   0.5,-135.7,  91.5, 892.1,   3.8,   0.8
54954,   1.6,   1.8,   0.2,-358.2, 136.7, 755.7,   4.0,   1.5
54978,  -1.6,   2.0,  -3.2,-209.0, -45.2,1145.1,   3.7,   1.5
55006,  -1.4,  -3.9,  -0.5, 264.4, 239.0,1076.2,   3.6,   1.0
55030,  -6.3,   2.1,  -3.8, -48.8,-195.1,1823.1,   4.0,   0.8
55054,   6.7,   2.0,   0.7,-111.8,  26.4, 887.8,   3.5,   1.4
55078,   3.8,  -2.1,  -0.8, 158.2, 289.5,1046.2,   4.3,   0.4
55106,   2.7,  -5.3,  -1.2,-147.5, 348.4, 701.0,   4.8,   1.1
55130,   1.0,   1.2,  -2.9,-425.3, -72.8, 695.1,   4.8,   1.5
55154,  -3.3,  -4.2,   1.4, 105.2, 171.4,1085.8,   4.6,   0.9
55178,  -6.5,  -2.3,   0.1,  22.0,-207.0,1495.4,   4.4,   1.3
55206,   3.2,   0.4,   1.8,  15.1,  15.6, 939.3,   4.8,   1.1
55230,   2.8,  -8.4,   1.8, 495.8, 152.6,1074.0,   5.5,   1.5
55254,  -1.2,  -9.2,  -0.1, 293.2, 250.0, 801.8,   5.6,   1.5
55278,  -2.5,   1.3,  -2.4, 113.5, 141.3, 641.2,   6.0,   1.3
55306,  -6.9,   0.0,   5.4,  19.0,-255.9,1028.6,   5.9,   2.3
55330,  -2.2,  12.4,   4.0,-397.0, 121.6, 629.2,   6.5,   2.4
55358,   0.7,  -2.5,   3.5, 141.8, 143.5,1169.5,   6.6,   2.2
55378,  -1.7,  -0.6,   1.7, -83.3,  50.0,1063.8,   6.6,   2.7
55406,  -0.6,   2.4,   0.7,  69.6, 131.1, 887.8,   6.9,   2.5
55430,   2.7,  -2.5,   5.2, 247.8, 260.5,1149.7,   6.7,   2.0
55454,  -1.4,   4.7,   0.8,-372.3, 137.0, 995.7,   6.3,   3.1
55478,  -1.4,  -2.1,   0.4,  -4.6, -33.2, 845.8,   5.3,   3.1
55506,  -1.6,  -4.8,   2.0, 121.3, 220.0, 686.1,   5.5,   2.0
55530,   1.0,  15.2,   1.1,-1088.6, -40.1, 362.6,   6.2,   3.0
55554,  -1.5,  -2.0,   5.2, -23.2, -35.4,1021.3,   5.5,   2.7
55578,   0.5,  -1.2,   2.9, 229.7,  12.4,1050.4,   5.7,   1.8
55606,   1.3,   1.4,   1.0,-181.9,-211.4,1209.8,   5.2,   2.0
55630,   2.4,  -4.8,   1.0,  92.0, 321.0, 631.9,   7.1,   2.1
55654,  -1.8,   1.8,   2.7,  15.1, -74.0,1318.4,   6.7,   2.1
55678,   4.1,   5.4,   3.9,-130.4, -59.6, 834.8,   6.1,   2.1
55706,   3.6,   3.5,   3.2,-140.9, 294.7, 942.7,   7.0,   2.4
55730,  -0.5,  -4.0,   2.3, 243.4, 236.3, 699.0,   7.2,   2.5
55754, -11.0,  -0.2,   0.6,-497.3,-533.9,1325.5,   5.5,   2.8
55778,   6.4,  -2.5,   4.3, 293.2, 260.0, 753.7,   5.6,   1.7
55806,   3.9,  -3.6,  -2.0,  65.4,  71.0,1082.3,   6.0,   2.2
55830,  -0.2,  -1.0,   2.7,  62.5, 244.1, 865.5,   6.6,   2.8
55858,  -5.2,  -1.9,   0.7,  28.8,-214.9,1171.2,   6.2,   2.7
55878,  -3.6,  -2.6,   1.3,   7.1,-309.3,1333.3,   6.3,   3.2
55906,  -3.6,  -9.6,   3.0, 328.1,-121.1,1304.7,   5.6,   3.3
55930,  -2.2,  -9.5,   0.8, 306.1,  63.5,1264.0,   5.5,   3.1
55954,  -0.4,  -2.0,   0.4, 143.3,-100.4,1322.6,   5.2,   2.7
55978,  -3.1,   4.1,  -1.5, -65.4, 145.7,1103.1,   7.3,   1.6
56006,   6.4,  -4.7,   2.8, 484.1, 252.7,1096.0,   6.7,   2.1
56030,   2.0,   5.1,   0.3, 246.1,-200.7,1158.8,   6.4,   1.4
56054,   8.5,  -2.2,   4.1, -98.9, 277.1, 755.7,   6.1,   2.2
56082,   5.3,   2.8,  -0.1, 143.8, 292.5,1654.8,   6.5,   1.6
56106,   5.0,  -2.3,   2.4, -53.5, 164.5, 963.7,   6.2,   2.2
56130,   0.0,   5.9,  -0.4,-315.4, -94.2,1133.6,   6.1,   2.5
56154,   4.6,  -3.4,  -0.6,-143.8, 166.2, 656.8,   6.0,   2.6
56182,  -1.7,  -2.0,  -3.3, -24.2,   0.5,1266.9,   5.7,   2.0
56206,  -0.1,   7.6,  -3.5,-389.2, 282.9, 218.6,   6.9,   1.5
56230,  -5.3, -13.6,   3.2, 564.2,-232.7,1779.4,   7.0,   2.5
56254,  -0.1,   7.1,  -4.3, 358.6,-132.3,1170.7,   7.5,   0.9
56282,   6.1,   0.4,  -4.1,-386.7, 272.0, 572.1,   7.6,   2.2
56306,   2.2,  -2.8,  -4.0,  51.3,  -0.5, 714.9,   7.5,   2.0
56330,  -0.6, -11.3,  -2.1, 445.6,  63.7,1264.5,   7.1,   1.8
56358,   1.3,   1.4,  -3.7,-158.7, -44.9, 788.1,   7.0,   2.0
56382,  -3.7, -10.7,  -2.9,  21.7, 289.1,1086.5,   6.9,   2.3
56404,   2.6,  -4.2,  -6.2,  -2.0, -44.9, 798.2,   6.4,   2.3
56432,  -2.2,  -7.2,  -4.9, 344.0,  34.2,1274.7,   6.5,   1.2
56456,  -4.5,   5.5,  -6.8,-493.7,-117.9, 955.9,   7.1,   1.3
56480,   1.7,  -6.6,   1.3, 351.3, 322.0, 744.9,   6.6,   1.7
56504,  -4.1,  -7.9,  -5.5, 391.1, 111.8,1508.4,   6.4,   1.5
56532,  -5.0,  -6.3,  -2.5, 427.0, 145.5,1077.9,   6.2,   1.6
56556,  -3.5,   1.8,  -4.9, 243.9,  -0.3,1379.0,   5.7,   1.4
56580,   0.2,   8.2,  -5.1,-335.5, 114.0, 390.4,   5.9,   2.2
56604,   0.0,  -1.4,  -1.1,-104.3,  32.7, 820.4,   5.8,   2.5
56632,   4.0,  -1.1,  -5.0, 210.7, 124.7, 777.9,   6.4,   2.4
56656,  -2.9, -11.6,  -1.8, 352.8,  39.8,1201.0,   6.1,   2.8
56680,  -4.2,  -2.9,  -3.9, 288.6, 276.4, 797.7,   6.4,   1.8
56704, -13.5,  -6.9,   0.8,-139.9,-1397.2,3218.1,   8.9,   3.5
56732,  -2.1,   0.7,  -3.2, 393.5, 213.4,1183.2,  12.1,   2.4
56756,  -1.7,   4.9, -11.2,  64.7, -90.1,1261.8,  12.6,   1.2
56780,  -1.6,  -9.4,  -3.4, 278.3, 253.2, 808.9,  12.8,   2.3
56804,  -4.5,  -4.8,  -2.1, 203.6, -82.8, 902.4,  12.0,   2.7
56832,  -1.1,  -1.4,  -0.3,  40.5,  60.8, 993.0,  10.9,   2.3
56860,  -0.1,  -1.4,  -1.1, 128.4, -42.7,1619.9,  10.8,   2.2
56880,  -0.8,  -2.0,  -1.7,  68.6, 226.6, 725.6,  10.9,   2.2
56904,  -0.9,  -2.5,   0.4,   9.8,-258.3,1565.2,  10.6,   2.9
56932,  -2.2,  -0.4,  -0.9,  78.9, 539.3, 534.0,  12.2,   2.3
56956,   8.3,   1.7,   0.2, 262.0, 111.1, 974.9,  10.1,   2.2
56980,  -1.1,   3.1,  -8.0,-151.1,  90.8, 792.5,  10.8,   2.3
57004,  -6.9,  -0.5,  -0.3,  94.7, 160.6,1144.6,  10.1,   2.2
57032,  -4.8,  -2.2,  -0.9, 189.0, 134.0,1202.5,   9.3,   2.1
57056,  -1.6,   6.8,  -4.0,-259.8,-194.6,1022.5,   8.6,   2.7
57080,  -2.0,   8.0,  -4.3,-477.8, 101.6, 795.7,   8.6,   3.0
57108,  -3.4,  -9.5,  -3.5, 107.4,-187.3,1073.3,   8.2,   3.1
57132,  -3.4,  -1.4,  -1.0, 135.0,  44.2, 820.4,   7.0,   2.2
57156,  -7.6,  -0.2,   0.5, -93.5, 226.8, 958.6,   7.5,   2.3
57180,  -5.8,  -0.9,   4.4,-341.8,-552.3,1486.1,   6.7,   2.6
57208,   0.4,   3.6,   0.7,-110.4, 230.9, 936.8,   6.5,   2.5
57232,  -4.0,  -1.4,  -2.8, 207.3,  -9.5,1468.3,   7.0,   2.1
57256,  -3.4,   0.4,  -1.0, -45.7, -68.9,1043.0,   7.1,   2.9
57280,   0.9,  -2.0,   2.6,   7.1, 205.6, 761.5,   7.4,   2.7
57308,   0.3,   5.0,   1.8,-379.2,  80.3, 931.9,   6.9,   3.4
57332,  -0.5,   4.1,  -4.7,-219.2, -91.3,1113.6,   6.7,   3.1
57360,  -1.9,  -0.9,  -3.1, 236.6,  29.0,1188.5,   6.5,   2.8
57380,  -5.9,  -8.1,  -1.2, 437.0,-270.5,1812.1,   6.9,   2.7
57408,   6.5,  -5.8,  -1.5, 293.5, 106.4,1034.7,   6.0,   2.3
57432,   3.6,  -3.9,  -7.6,-122.6,  25.6, 899.2,   7.5,   2.7
57456,   6.8, -14.4,  -6.0, 425.5, 250.0,1571.3,   6.9,   3.2
57480,   1.4,  -6.1,  -4.7, 361.1,  66.6,1239.8,   7.0,   2.7
57508,   1.6,  -6.4,  -3.8, 267.3,  97.4, 881.7,   6.0,   2.2
57532,   6.0,   6.8,  -2.2,-266.4,  76.4, 750.5,   5.2,   2.7
57556,   4.1,  -0.0,  -1.1,  38.8, 133.8,1053.3,   6.0,   2.1
57580,  -2.3,  -5.5,  -1.3, 274.4, 210.7, 861.9,   6.6,   2.2
57608,  -3.0,   4.9,   3.7,-645.3,-237.6, 700.0,   5.2,   3.6
57632,   1.7,   1.5,  -2.9,  90.6, 252.4,1208.3,   6.7,   2.4
57656,   3.0,  -5.4,   0.6, 178.5, 142.3, 937.6,   6.4,   2.6
57680,  -2.6,   0.9,   0.8, -36.6,  -4.2,1068.7,   6.2,   2.9
57708,   1.0,  -9.7,   1.5, 313.5,  77.9, 969.1,   5.3,   2.8
57732,  -3.9,  -3.7,  -1.4, 467.5, 350.1,2113.6,   5.5,   2.6
57756,  -2.6,   8.4,  -3.2,-478.3, 179.4, 539.6,   5.1,   3.5
57780,  -2.7,   3.6,   0.5, -34.7, -50.8,1020.3,   4.4,   3.3
57808,  -3.9,  -6.4,   1.4, 125.7, 331.0, 602.4,   5.6,   3.0
57832,   2.1, -16.2,   7.0, 176.8, 318.8, 494.4,   5.2,   3.2
57860,  -3.1,   4.9,   1.1,-157.5,  68.6,1082.3,   5.1,   3.5
57880,   1.9,   2.0,   2.6,-106.0,  43.0, 964.4,   4.5,   3.2
57908,  -4.7,   2.1,   1.3,  16.1,-177.0,1602.6,   4.6,   3.0
57932,   5.2,  -0.7,   4.3,-106.0, 297.1,  86.5,   5.5,   3.5
57956,   0.0,   5.7,   2.7,  26.8, -89.1, 952.7,   5.0,   2.9
57980,  -2.3,   2.1,   7.1, -38.3,  56.9,1593.8,   5.5,   3.1
58008,  -6.8,  -7.6,   2.1, 161.6,-325.0,1465.4,   5.5,   3.6
58030,   2.4,  15.4,  -1.2,-472.2,-485.4, 839.9,   5.2,   3.5
58058,   3.9,   0.6,   0.9, 153.8, 239.5, 841.4,   4.7,   2.9
58082,   1.5,  -3.4,   0.5, -63.5,-250.0, 936.8,   5.1,   3.1
58106,   6.6,  -1.5,   5.0,  66.6, 321.3, 467.3,   5.6,   3.1
58130,  -3.6,  -7.5,   2.3, 141.8,-145.5,1294.0,   5.1,   2.9
58158,  -3.3,  -1.1,   1.0,  16.6,-197.5,1290.6,   4.6,   3.0
58182,  -4.0,  -1.1,   0.5,  52.5,-196.8,1551.8,   4.6,   2.9
58206,   9.6,   2.9,   1.9, -49.1, 451.9, 836.2,   5.4,   3.3
58234,  -5.2,   1.6,  -1.7,-436.8, 275.6, 279.4,   7.2,   4.3
58258,  -1.2,  -6.8,   6.3, 257.1,-138.0,1074.0,   5.4,   4.4
58282,   2.9,  -0.7,   0.8, 151.6, 249.7,1003.7,   5.9,   3.8
58306,   3.0,   5.5,  -0.7,-137.2,   6.1,1339.4,   5.7,   3.6
58334,  -0.3,   2.2,   2.6,-246.8,  36.9,1118.0,   6.6,   4.7
58362,  -3.7,  -7.2,   4.6, 372.1,-313.5,1465.9,   6.1,   4.2
58382,  -4.7,  -6.2,   2.9, 398.4, -78.6,1416.8,   5.9,   4.5
58406,  -6.9,  -6.5,   0.7, 137.0,-174.1,1038.9,   5.2,   4.5
58434,  -3.1,   1.2,   2.9, 184.1,  40.8, 921.2,   4.9,   2.9
58458,   7.3,  18.7,   3.5,-1020.5,  -3.4, 646.5,   5.1,   4.0
58482,   6.3,   5.7,   7.8, 335.0, 347.6, 565.7,   4.6,   2.3
58506,   7.2,   4.7,   0.5,-273.0, 227.0, 579.2,   6.5,   2.7
58534,   4.6,  -1.7,   1.9, -89.4,  78.6,1395.6,   6.0,   3.0
58558,   0.9,  -8.4,   4.3, 112.3, 377.7,1015.2,   6.9,   3.1
58582,  -1.9,  -0.4,   3.5,  42.0,-123.8, 965.6,   5.7,   2.5
58606,  -0.3,   1.9,   4.8, -13.7, -53.0,1102.8,   5.1,   2.3
58634,   2.9,   1.9,   2.7,  54.2,-127.2,1118.0,   5.3,   1.9
58658,  -1.3,   0.8,   3.2,  -9.3, 247.8, 825.5,   6.1,   2.2
58682,  -3.4,  -0.4,  -0.4, 107.2,  85.9, 952.5,   7.1,   1.6
58706,   2.2, -19.6,  10.9,1219.0, -98.9,1553.8,   5.6,   1.4
58734,  -1.0,   9.6,   1.6,-358.9,-115.5,1114.6,   5.6,   1.5
58758,  -2.7,  -4.1,   0.8,  -9.0, 275.4,1171.2,   5.4,   1.6
58782,   1.8,  -4.3,   1.5, 306.1,   3.9,1418.5,   4.9,   1.8
58806,   2.0,   1.7,   0.8,  -4.9,-130.6, 933.4,   4.5,   1.5
58834,   1.4, -13.3,  -0.4,  68.6, 227.0, 708.8,   4.4,   2.0
58862,  -1.6,  -1.2,  -1.6, 415.3,-120.4,1088.4,   4.1,   1.5
58882,  -0.2,   3.0,   2.1, 135.2,  93.0,1008.1,   3.5,   1.0
58906,  -3.6,   5.1,  -0.3,-228.3, 143.3, 854.8,   4.4,   1.1
58934,   1.4,  -1.8,   6.1,-809.8,-347.2,1059.6,   3.8,   2.6
58958,  -6.4,  -7.6,   4.1, 561.5,  74.0,1245.9,   4.9,   1.1
58982,  -1.1,  -0.4,   1.6,  24.7, 120.6, 777.2,   4.3,   0.6
59006,  -4.2,   6.5,  -0.8, -34.7, -71.8,1113.8,   4.6,   0.8
59034,  -2.0,  -5.7,   0.1,-279.3,  55.2, 896.3,   4.6,   1.8
59058,   1.7,   8.8,  -1.0,-516.6, 132.1, 797.2,   4.1,   1.4
59082,   2.3,  -0.4,   2.9, -54.7, 331.5, 524.7,   4.2,   1.1
59106,  -3.0,   3.4,  -1.0,  65.4,-117.4,1095.0,   4.3,   1.1
59134,   1.4,   2.8,   0.5,-211.7, 166.7, 626.3,   4.4,   1.6
59158,  -8.1,  -3.4,  -1.7, 188.7, 201.2, 867.0,   5.3,   1.1
59182,  -6.3,  -2.2,   4.4, 327.1, -79.6,1128.0,   4.0,   1.6
59206,  -0.1,  -1.8,   1.6, 302.2, 272.9,1042.1,   4.7,   0.8
59234,  -4.2,  -0.6,  -2.0,-181.4, -28.1,1070.9,   4.5,   1.7
59258,  -4.8,  -8.2,  -0.1, 193.8, 151.6,1205.6,   4.6,   1.6
59282,  -1.6,   0.1,  -0.0,   4.6,-264.4,1113.1,   4.3,   1.4
59310,   0.3,   3.3,   3.2,   7.1, -70.3, 890.7,   3.7,   1.3
59334,   3.8,  -2.6,   3.5,  11.2, 230.0, 718.1,   4.2,   1.8
59362,   4.6,   2.2,   0.6,-174.8, 217.8, 285.7,   4.9,   2.3
59382,   1.3,   2.1,  -2.7,  72.0, 259.0, 469.1,   5.3,   1.5
59410,   2.4, -17.3,   7.9, 250.7,  47.1, 942.7,   4.3,   1.8
59434,   1.9,  13.8,   2.1, -64.5, -50.1, 915.1,   4.3,   0.7
59458,   4.4,  -5.3,  -0.4,  27.3, 149.9, 823.3,   3.8,   1.2
59482,   0.0,  -1.2,  -0.1, 295.2, -14.2,1446.6,   4.1,   1.3
59510,   0.1,  -2.4,   2.4,  64.9, -60.3,1099.9,   4.1,   1.2
59534,   3.0,   5.4,   1.3,-134.0,  36.6, 949.5,   3.9,   0.9
59558,  -0.9,   9.8,   1.2,-314.9, -59.8,1382.9,   4.0,   0.9
59582,   1.7,  -0.2,  -0.6,-112.6,-108.9, 912.7,   4.3,   1.7
59610,  -1.3,   1.0,   0.1,  21.2, 154.8, 820.6,   4.4,   1.1
59634,   0.3,  -2.5,   6.2,-130.4,-385.0,1840.6,   3.5,   1.7
59660,   6.2,   7.7,   3.3, 249.5, 310.3, 805.0,   4.0,   0.6
59684,   3.7,   5.0,  -4.0,-466.3, 123.5,1090.6,   4.5,   1.5
59708,   1.3,  -0.1,  -4.8,-189.5, 212.9, 838.4,   5.2,   2.3
59732,  -1.6,   3.9,  -5.3,-271.2,-190.4, 987.6,   4.7,   1.6
59760,  -3.2,   0.0,  -2.8,  25.1, -31.5,1085.8,   4.6,   0.9
59784,   5.6,   8.3,  -2.1,-218.5, 364.7, 357.2,   4.9,   1.1
59808,   4.1,   1.8,  -3.9,-159.4, 109.9, 875.5,   4.9,   1.8
59832,   3.4,  -7.9,  -5.6, 290.0, -97.4,1360.2,   5.7,   2.1
59860,   0.4,  -3.7,  -4.4, 178.9, 312.0, 702.2,   6.1,   1.7
59884,   6.9,  -0.3,   0.5, -74.5, 217.5, 250.1,   5.9,   2.3
59908,   0.0,  -6.7,  -1.3, 413.1,  15.4,1126.0,   5.9,   1.2
59932,  -2.4,  -0.3,  -7.8, -82.0, 127.4,1336.2,   5.8,   1.4
59960,  -0.7,   0.6,  -7.5, -44.4,-176.0,1277.9,   5.4,   1.3
59984,  -2.9,  -7.9,  -3.5, 460.2,-138.4,1636.5,   4.9,   1.3
60008,   3.3,   8.8,  -6.8, -57.9, -66.9,1146.3,   4.9,   1.2
60032,   2.3,  -3.7,  -4.2,-299.1, 283.9, 647.5,   5.4,   2.2
60060,  -3.3,  -4.6,  -4.5,  74.9, -23.9,1125.8,   5.3,   2.0
60084,   4.1,   5.7,  -5.2, -76.2, 115.2, 684.4,   4.9,   1.4
60108,  -6.8,  -2.8,  -3.2, 104.7,  87.6,1510.3,   5.6,   1.2
60132,   1.2,  -3.9,  -0.3,-143.1,-107.7, 534.0,   4.2,   2.0
60160,   7.7,   0.2,  -4.3, 270.3, 598.4,1034.0,   4.7,   0.8
60184,   0.3,   0.0,  -7.2,-226.3, 120.8, 940.2,   5.0,   1.6
60208,  -6.4,   3.9,  -5.4, -79.6,-300.8,1330.4,   4.7,   1.3
60232,  -1.1,   4.1,  -3.1,-229.7, -19.3, 909.2,   4.1,   1.3
60260,  -0.1,   0.6,  -0.5,-120.1, 188.7, 617.7,   4.0,   1.2
60284,   0.5,   4.9,  -0.8,-220.7, -20.5,1451.7,   3.7,   0.9
60308,  -2.3,   5.9,  -0.3,-275.4, 120.6,1014.2,   4.3,   1.6
60336,  -3.7,  -2.2,   1.8, 161.9, 198.2,1200.5,   4.8,   1.4
60364,  -6.7,  -1.4,   2.8, -16.6, 266.6, 601.1,   4.9,   1.4
60384,   7.5, -15.9,  12.1, 527.3,  43.9, 704.9,   3.6,   1.5
60408,   0.2,   2.9,   3.8,  42.5, 226.3, 799.4,   4.4,   0.5
60436,   4.2,   0.4,  -0.3,-119.4, 230.2,1421.4,   5.8,   0.8
60460,   2.1,   1.0,   2.3,-162.8, 455.6, 647.5,   6.5,   1.3
60484,  -0.6,  -9.0,   4.9, 296.9,  90.3, 798.2,   7.0,   1.3
60508,  -5.5,   2.1,   5.6,-175.8,  10.2, 710.5,   6.9,   1.5
60536,   1.9,   1.3,   5.2,  17.3, 238.5, 483.0,   7.1,   1.5
60560,  -4.6,   5.5,   3.5, 126.7,-133.6,1799.4,   6.8,   1.8
60584,   3.7,   0.6,   9.6,-178.2, 474.1, 406.3,   8.6,   2.4
60608,  -3.5,   2.7,   5.7,  45.9, 282.2, 769.1,   8.9,   2.0
60636,   4.1,  17.0,   6.7,-963.4,  70.1, 418.5,   9.2,   3.6
60660,  -3.9,   5.7,   6.0,-199.7, 207.3, 720.3,   7.8,   2.9
60684,  -5.0,  -4.4,   3.8,  -9.3,-172.1,1111.1,   7.1,   3.3
60708,  -0.1,  -0.7,   3.0, 188.7,  -2.2, 910.7,   6.6,   2.5
60736,   3.9,   4.6,   3.0, 173.1,  30.0, 823.1,   6.1,   2.0
60760,  -1.6,  12.9,   5.0,-478.3,-146.0,1247.9,   6.0,   2.4
60784,  -4.4,  -1.4,  -0.2,-435.1,-209.0, 729.1,   5.4,   3.1
60808,   0.8,   7.8,  -1.0, -23.2, 315.2, 726.9,   5.2,   2.1
60836,  -3.5,   4.9,   2.3,  -5.4,-257.6,1743.5,   4.4,   1.8
60864,   4.0,  -9.4,   5.5, 589.1,  78.8,1331.4,   4.5,   1.0
60884,   2.1,   3.6,  -0.4, 213.1, -49.3, 892.9,   4.1,   0.1
60908,   4.4,   1.6,  -3.4,-168.5,  92.0, 842.6,   4.5,   1.0
60936,   0.2,  -5.4,  -1.3,  59.6,-234.9,1066.2,   4.7,   2.0
60960,  -0.6,  -7.0,  -5.0, 397.9,-145.0,1244.0,   4.6,   1.0
60984,   0.4,  -1.6,  -0.8, 295.9, 120.3, 702.7,   4.1,   0.6
61008,   6.8,   2.7,   1.6, 294.4, 121.6, 931.7,   3.8,   0.1
61036,   6.3,   3.0,  -2.2,-308.6, 537.1, 795.5,   5.5,   1.3
61060,  -0.0,  -7.1,  -4.6, 240.2, 214.8, 872.6,   5.4,   1.6
61084,   9.5,  -0.3,  -2.9,-423.8, 465.3,-182.8,   6.3,   2.7
61108,  -1.9,  -1.2,  -2.8, 261.5,   3.7,1528.9,   6.4,   0.3
61136,  -0.3,   4.3,  -6.4, 139.6,-178.5,1495.2,   6.2,   1.7
61160,  -1.1,  -7.3,  -4.8, 173.8, 112.8, 978.1,   6.3,   2.6
61184,   3.1,   4.1,  -1.7,-139.9, 248.8, 705.6,   6.4,   2.6
61208,  -2.6,   1.8,  -4.5, 215.6,-136.7,1375.3,   6.0,   1.7
61236,  -7.1,   6.0,  -8.5,-719.2,-141.4,1022.3,   7.5,   2.9
61260,  -1.9,  -4.9,  -4.6, 393.1, -75.2,1371.2,   6.4,   2.2
61286,  -2.6,  -1.6,  -1.3,  -2.9,  50.3, 788.6,   6.2,   1.8
61310,  -5.3,  -2.5,  -3.3,-258.1,-859.9,2320.1,   6.0,   2.3
61334,   4.0,  -0.9,  -2.1,  88.9, 197.0, 335.3,   8.2,   2.6
61362,  -0.2,   3.3,  -3.9,  18.5,-190.7,1207.6,   7.9,   2.7
61386,  -0.3,  -2.5,  -5.7, 366.9,  89.8,1283.8,   7.9,   2.6
61410,   5.0,  10.6,  -5.1,-599.1, 205.6, 444.9,   7.8,   3.5
61434,  -1.1,   0.8,  -1.0,-197.0, 116.7, 703.2,   7.9,   3.6
61462,  -3.8,  -2.9,  -2.6,  42.5, 143.1,1069.2,   7.4,   3.3
61486,  -0.7,  -6.1,  -5.7, 140.4, 187.5, 728.1,   7.1,   3.6
61510,  -3.1,   2.5,  -5.7,  45.9,   0.7,1153.1,   7.0,   2.8
61534,  -0.9, -10.2,   1.0, 131.1,-325.9, 808.7,   5.8,   3.3
61562,   8.6,  -1.7,  -3.4, 251.5, 502.4, 791.8,   5.6,   2.3
61586,   5.0,   1.7,  -9.7,-273.7, 158.2, 473.0,   6.3,   3.1
61610,   1.6,   3.7,  -7.6,-210.5,  45.2, 840.1,   6.2,   3.2
61634,   2.3, -11.9,  -1.7, 522.9,  95.0,1326.0,   6.0,   3.2
61662,   0.6,  -1.8,  -2.2, 103.0, 315.2, 747.9,   5.7,   2.9
61686,   1.2,   0.9,  -3.4, -72.3, 230.0,1511.5,   5.4,   2.5
61710,   0.6,   2.9,  -7.0,-182.1, 141.3,1252.5,   5.4,   2.8
61734,   3.5,   5.3,  -5.9,-363.0,  94.0, 718.1,   5.0,   2.7
61762,  -7.7,   0.0,  -5.1, 161.4,-422.9,2214.2,   5.9,   1.9
61786,   2.8,   1.6,  -1.0,  -5.4,  87.9, 889.7,   5.5,   1.9
61810,   6.9,   3.3,  -1.4,-360.8, 478.0, 277.9,   6.6,   2.7
61834,   3.6,   1.6,  -2.1,-119.9, 237.8, 580.9,   6.8,   2.9
61862,  -0.3,   2.7,  -2.6,  20.3,-137.0,1159.2,   6.6,   2.9
61886,   4.3,   2.4,  -1.5,-101.3, -60.6, 866.0,   6.4,   2.9
61910,   1.6,  -7.5,  -1.5, 534.4, 279.3,1006.2,   6.6,   3.1
61934,  -4.2,  -4.2,  -1.5, 247.8, -24.9,1015.9,   5.9,   2.9
61962,   3.8,   7.7,  -0.7,-441.9,  96.4, 448.1,   5.8,   3.4
61986,  -4.5,   7.9,   0.5, 549.8,-150.6,1639.7,   5.7,   1.4
62010,   2.1,   0.0,  -2.0,-129.9, -45.7,1388.7,   5.4,   2.2
62034,   1.9,  -2.5,  -1.3,  51.5, -46.9, 737.6,   5.6,   3.0
62062,  -0.6,   0.2,   1.6,  55.2,-169.9, 917.8,   5.5,   2.4
62086,  -2.1,   1.1,   3.1, -23.4,  20.3, 976.9,   5.3,   2.2
62110,   2.4,   1.0,  -0.7,  12.0,  73.7,1058.2,   4.8,   1.8
62134,   5.1,  -1.2,   0.5, 148.2, 405.3,1234.7,   4.7,   2.0
62162,   2.5,   5.5,  -1.8,-358.4,  36.1, 910.2,   5.1,   2.5
62186,  -0.0,  -2.8,  -4.3,-125.3, -62.5,1785.5,   4.8,   2.8
62210,   4.1,   2.1,  -2.5,-215.8, 188.0, 525.7,   4.2,   3.1
62234,  -1.1,  -8.8,  -5.0, 223.4, 126.7,1417.1,   5.0,   2.3
62262,  -2.5,  -7.4,  -4.8, 161.1,  68.6, 808.9,   4.5,   2.0
62286,  -2.8,   1.6,  -3.8,-103.8, -62.0,1016.9,   4.3,   2.2
62310,   1.3,   7.6,  -2.9,-236.6, 154.8, 927.3,   4.3,   1.9
62334,   5.7,  -1.9,   0.7,-248.8, 355.9, 177.1,   4.9,   2.3
62362,   5.8,   1.5,   0.6,-122.3, 239.5, 368.2,   5.5,   2.6
62386,   0.6,  -2.8,  -0.7, 231.0, -53.0,1252.0,   4.8,   2.5
62410,  -3.9,  -0.1,  -6.0,  60.8, 475.1, 994.9,   7.6,   2.2
62434,  -4.3,   0.2,  -0.3,-175.5,-414.6,1027.2,   6.3,   2.7
62462,  -0.7,   8.3,  -4.3,-175.1, 336.7, 801.1,   6.7,   2.2
62486,  -3.6,   2.7,  -4.3,-309.3, 104.0, 694.6,   6.3,   2.3
62510,  -4.2,  -1.7,  -1.0, 209.7, 197.5,1120.9,   6.8,   1.8
62538,  -4.8,   1.7,   1.5,  24.7, -60.6,1187.3,   6.1,   1.9
62562, -10.3,   6.7,  -0.6, -17.6,-212.2,1962.9,   6.3,   1.5
62586,  -8.6,  -6.6,   0.8, 226.6, 114.2,1512.0,   6.0,   1.7
62610,  -2.6,   0.8,   0.7, -56.4, 124.7, 859.4,   5.3,   2.4
62638, -11.3,   6.5,  -4.2,-413.8,-217.5,1876.3,   4.9,   1.7
62662,   6.2,  -4.5,  -2.8, 114.3,  14.9,1239.8,   6.0,   1.7
62686,  -1.4,  -3.2,  -8.7, 153.3,  56.4,1383.8,   7.0,   1.3
62710,  -1.2,  -3.7,  -7.8,-277.8, 281.2, 772.5,   6.6,   1.6
62738,  -0.3,  -4.3,  -4.6, 104.5,  21.7, 849.7,   5.8,   1.4
62762,  -3.8,   2.7,  -5.7,-222.7, -10.8, 585.0,   5.1,   1.6
62786,  -2.6,  -7.8,  -3.4, 134.5,  50.3, 952.2,   4.5,   1.6
62810,   3.8,  10.2,  -3.9,-262.7, -71.5, 815.7,   4.7,   1.3
62838,   4.0,  -4.7,  -2.1,-321.8,  94.2, 965.9,   4.4,   1.9
62866,   0.9,   6.6,  -1.3, -44.0,-230.2, 724.2,   3.9,   2.1
62886,   5.0,  -2.9,  -1.4, 281.2, 396.5, 537.7,   3.9,   1.8
62912,  -1.3,   4.8,  -4.8,-148.2, -79.6,1105.0,   4.3,   2.4
62936,   3.6,  -0.2,  -2.9,  66.6, 189.9, 902.9,   4.5,   2.6
62960,  -1.1,   3.2,  -3.0, 145.3, 145.0,1104.1,   4.4,   1.9
62988,   1.5,  -0.0,  -1.0,  47.6,  63.7,1116.8,   4.0,   2.2
63012,  -0.1,   3.0,   0.5,-322.3,   6.6, 873.6,   4.1,   2.5
63036,  -1.8,  -0.2,  -4.6,-392.1,-187.0, 549.6,   3.9,   2.9
63060,  -1.2,   1.4,  -2.4,  22.5,  19.3, 996.2,   4.3,   3.2
63088,  13.8,  13.5,   4.8,-458.5,-586.2,1389.2,   2.5,   3.3
63112,   8.2,   0.7,  -5.2,-484.1, 659.7, 787.7,   4.8,   3.5
63136,  -0.1,  -5.2,  -3.8,  82.0, -71.3,1296.0,   5.8,   3.3
63160,  -1.1,  -1.8,  -0.1,  53.7,-261.2,1312.3,   5.7,   3.3
63188,  -1.4,  -1.2,   1.4,  62.7, -34.7, 757.6,   5.1,   2.8
63212,   0.0,  -0.6,  -1.0,  94.5,  39.3,1220.5,   4.9,   2.7
63236,  -2.6,   4.4,   0.1,-243.9, 318.3, 695.4,   5.0,   2.5
63260,  -2.8,   0.7,   1.9,   6.1, 262.0,1507.4,   5.3,   2.6
63288,   3.3,  -5.6,   5.2, 319.6, 272.0, 756.7,   5.2,   3.0
63312,  -9.7,  -2.0,   7.8,-396.2,-657.7,2013.7,   4.0,   3.1
63336,   6.6,  -3.4,   4.4, 186.8,  54.4, 992.5,   5.4,   2.3
63364,   2.2,   5.4,   1.5,-113.5,-230.5, 988.1,   5.2,   2.5
63388,  -0.8,   6.2,   3.3,-324.7, 300.8, 463.7,   5.4,   3.1
63412,   3.8,  -2.4,   4.1,  17.6, 125.7, 728.8,   4.7,   3.2
63436,  -2.3,   5.0,   1.0,-206.5, 270.7,1673.4,   4.9,   3.0
63460,  -1.9,   1.9,  -1.8,-272.7, 155.0,1140.0,   4.8,   3.0
63488,  -1.6,  -4.7,   5.3, 202.9,  60.3,1045.5,   3.6,   2.9
63512,  -3.1,  -5.7,   5.4, 120.1, 197.0, 829.9,   4.1,   2.8
63536,   1.2,   4.7,   5.7, -27.6, -47.9, 734.9,   4.6,   3.0
63564,   2.0,  -4.1,   4.1, -18.1, 270.0, 778.6,   4.5,   3.5
63588,  -3.3,  -1.5,   0.2, -21.7,-190.2,1124.8,   4.6,   3.2
63612,  -0.4,  -2.6,   2.6, 150.9,  35.4, 948.3,   4.8,   3.2
63636,  -2.4,  -0.7,   2.0, 526.8, -11.5,1757.9,   4.6,   2.7
63664,  -3.0,   4.0,   2.9,-174.6, -11.7, 901.7,   3.9,   3.1
63688,  -2.0,   4.1,   1.5,-303.5, -67.9,1098.7,   3.8,   3.1
63712,  -5.5,  -2.1,   0.3, -91.6,-128.7,1588.7,   4.4,   2.9
63736,  -1.5,  -3.8,  -1.8, 163.3, 160.9,1067.0,   5.2,   2.9
63764, -11.1,   5.5,  -4.5, 235.8,-644.3,2358.9,   5.5,   1.7
63788,  11.6,   1.8,  -0.7,  80.1, 384.0, 281.3,   4.9,   2.2
63812,  -0.0,  -0.7,  -0.6,  14.9, 195.5, 938.8,   6.9,   2.4
63836,   3.1,   0.7,   2.5,-175.3, 256.8, 753.5,   6.9,   2.3
63864,  -0.3,  -3.6,   1.7, 169.7, 102.5,1166.1,   6.9,   2.0
63888,  -2.2,   0.2,   0.7,  23.7, -23.2, 945.6,   5.9,   2.2
63912,  -5.5, -11.5,   0.8, 442.6,  33.2,1178.5,   6.1,   2.0
63936,  -3.6,  -4.5,  -4.3, 254.1, 100.8,1112.6,   6.3,   2.0
63964,  -7.8,  -8.4,   0.1, 167.7, 148.7,1580.6,   5.7,   2.7
63988,  -4.2,  -0.3,  -4.5,   7.3, 289.3,1103.8,   7.4,   2.9
64012,  -4.2, -10.8,   2.2, 139.2,-519.5,1638.7,   6.1,   3.7
64036,   0.2, -10.7,  -2.3, 759.3, 232.4, 872.4,   6.7,   2.7
64064,  -1.0,   0.6,  -5.2,  48.1, -96.2, 915.6,   6.4,   2.5
64088,  -0.1,   1.4,  -4.4, 146.7, 123.3, 975.6,   6.3,   3.2
64112,  -2.3,  -5.4,  -1.1, -14.7, -64.2,1617.0,   6.1,   3.8
64136,   3.1,   0.5,   1.2, 198.5,  55.2, 820.4,   5.9,   2.7
64164,   0.9,   5.1,   0.3, -17.6, 166.5, 795.5,   6.1,   2.7
64188,  -3.2,  -3.7,  -0.2, 332.5,  63.0,1007.6,   5.4,   3.4
64212,   1.7,   2.9,  -0.8,  44.4, 319.3, 442.4,   5.8,   3.0
64236,  11.7,   6.6,   1.5,-140.6,-145.8, 552.3,   4.1,   2.9
64264,   5.2,  -4.5,  -4.8, -86.2, 547.6, 527.6,   7.1,   3.0
64288,   0.3,  -0.4,  -5.3,-286.9, 127.7,1298.9,   7.0,   3.4
64312,   3.1,  -6.9,  -0.9, 331.0, 404.0, 791.3,   7.5,   3.6
64336,   0.8,   4.0,  -1.3,-264.2,-185.8, 709.8,   6.5,   3.9
64364,   4.9,  -4.3,  -0.3, 243.9,  52.5, 897.3,   6.6,   3.4
64388,   3.9,  15.1,  -3.5,-550.1,  66.2, 775.2,   6.3,   3.7
64412,   3.2,   0.8,  -0.4,-258.1, 150.9, 936.8,   6.4,   3.7
64436,  -3.2, -12.6,   1.4, 464.3, 336.9, 978.3,   8.2,   3.7
64464,  10.8,   0.4,   7.7,  64.2, 124.5,1038.9,   6.0,   3.6
64488,   0.6,   3.4,   0.2, 137.4, 144.5,1150.0,   7.5,   2.2
64512,   0.0,   1.0,   0.6, -53.2, 169.9, 810.8,   8.0,   2.6
64538,   4.6,   4.0,   2.1,-438.5, 228.3, 163.9,   8.3,   3.9
64562,  -2.6,  -3.6,   1.0,  75.4, -51.5,1229.8,   8.6,   4.1
64586,  -2.5,  -0.4,  -0.2, 431.9,-161.9,1307.9,   7.8,   2.9
64614,  -2.2,  -3.6,   4.0, 537.8,  31.0,1572.6,   8.7,   2.9
64638,  -1.0,   0.3,   2.4,-119.9,-163.1, 781.3,   7.3,   3.6
64662,  -4.7,   3.5,  -2.9, 332.8, -17.8, 957.6,   7.5,   2.3
64690,   3.8,  27.8,  -4.1,-1314.5, 160.9, 806.5,   8.1,   2.6
64714,  -7.0,  -7.5,   2.1,  57.6,  -8.3,1219.1,   9.1,   2.4
64738,  -1.9,  -4.0,   0.3,-379.6, -83.5, 531.6,   8.4,   3.0
64762,  -3.0,  -8.2,   5.0,  84.7,-137.0,1244.9,   7.5,   2.7
64790,  -6.0, -12.8,   6.0, -73.0,  21.5, 615.0,   8.0,   2.9
64814,  -2.9,  -7.0,   2.9,-260.3,-228.5, 842.8,   6.5,   2.8
64838,  -4.7, -12.1,   5.2, 702.1, -63.7,1400.9,   6.7,   2.3
64866,   3.3,   1.5,   4.6,-102.8,  -2.9, 724.7,   6.7,   2.4
64890,  -6.9,  -9.7,  -0.8, 424.3,  86.2,1555.2,   6.9,   2.0
64914,   5.4, -11.1,   1.6, 906.7,-127.7,1867.2,   5.7,   2.5
64938,   3.0,   3.6,  -8.0,  85.7, 175.3,1369.2,   7.0,   2.3
64962,   1.6,   9.0,  -9.2,-617.7,  63.0, 451.0,   7.5,   2.7
64990,   3.1,   4.0,  -4.0,-191.7, -64.5, 531.8,   6.8,   2.7
65014,  -1.0,  -3.9,  -3.8, 166.0, -72.3,1233.2,   6.1,   2.4
65038,  -3.8,   0.2,  -5.9,  55.2,-264.2,1829.9,   5.7,   2.1
65062,   8.4,   3.1,  -3.4,-135.3, 139.4, 649.7,   7.0,   3.4
65090,   6.5,   1.0,  -2.8,-188.7, 193.8, 294.5,   7.7,   3.7
65114,  -3.1, -15.0,  -2.0, 643.5, 250.0, 903.6,   8.4,   2.9
65138,  -3.7,  -0.9,  -5.7,-286.6,-928.0,2232.5,   6.7,   3.0
65162,   7.6,  -3.4,  -3.7, 143.1, 212.1, 513.0,   8.2,   3.2
65190,   4.7,  -2.3,  -4.8,  94.2, 150.1, 865.0,   8.8,   3.2
65214,  -2.2,   1.6,  -5.9,  29.3,-142.1,1313.5,   8.3,   2.9
65238,  -2.2,  -1.1,  -6.9,-223.4, -78.1, 905.6,   7.2,   3.0
65262,  -1.9,  -1.7,  -6.7,  71.3, -14.4, 815.2,   6.4,   2.3
65290,   1.1,   3.0,  -2.3, 221.7,  65.4,1118.0,   6.8,   2.0
65314,   4.0,   2.6,  -0.5, 345.2, 278.8, 785.9,   7.4,   2.4
65338,  -5.8,   2.9,  -4.3,-195.1,-217.8,1079.4,   7.0,   3.5
65366,   0.6,  19.7,  -5.8,-626.7,-253.9, 810.8,   6.5,   4.7
65390,  -0.6,  -0.1,  -4.2, 134.5, -48.8,1176.6,   6.1,   4.5
65414,  -3.1,   1.1,  -8.6,-162.8,-131.1,1472.2,   6.9,   3.7
65438,   2.1,   8.9,  -9.4,-393.1, 162.1,1083.3,   6.4,   3.2
65462,   2.7,   8.0,  -9.8,-544.0, 157.9, 493.7,   6.0,   3.9
65490,  -3.8, -15.3,  -5.1, 335.2,  56.6,1513.0,   5.8,   3.6
65514,  -2.0,   1.7,  -4.3,  39.5,-129.7,1031.8,   5.6,   3.2
65538,  -0.5,  11.3,  -3.7,-355.2, 201.4,1149.7,   5.9,   2.7
65562,   0.3,   4.1,  -3.9,-443.1, -61.3, 974.2,   5.7,   3.7
65590,  -5.1,  -3.7,  -0.8, 260.5,  44.2, 989.3,   5.3,   3.3
65614,   0.8,   6.0,  -6.5,-223.9,-330.1,1475.6,   5.3,   3.5
65638,   4.8,  -5.6,  -1.2, 492.9, 209.0,1058.7,   5.8,   3.6
65662,   6.6,  -4.1,   0.1, 585.9, 126.0,1252.5,   7.1,   3.8
65690,   1.3,   4.7,  -3.7,-162.6,   1.9, 667.5,   7.1,   4.2
65714,  -0.9,  -4.7,  -4.0,  45.4, 313.5,1055.5,   6.9,   4.4
65738,  -2.1,   2.1,  -6.1, -49.1,-143.1,1269.3,   7.0,   4.3
65766,   1.4,   4.9,   0.2,-846.7,-139.9, 471.3,   6.4,   4.8
65790,  -4.4, -15.1,  -1.7, 237.1, -89.6,1101.6,   6.3,   4.5
65814,   0.2,   8.9,  -5.0,-240.5,-241.0, 689.5,   6.3,   4.7
65838,  -2.1,  -4.5,  -5.4, 308.3, 332.5, 877.7,   6.7,   3.3
65866,   5.4,   0.3,  -0.5,-332.5, 320.1, 707.8,   7.2,   3.6
65890,   4.0,  -0.7,   0.5,  44.4, 660.9,1075.3,   8.0,   2.7
65914,   0.5,   2.6,   1.5,-135.3,  44.9, 935.8,   7.8,   3.2
65938,  -2.3,   1.4,   3.1,-155.8,  45.2, 958.3,   7.3,   3.3
65966,  -3.9,  -1.3,   3.2,  79.1, -97.7, 928.0,   6.8,   2.6
65990,   1.7,   1.9,   5.6, 173.6, -69.6, 908.0,   6.0,   2.3
66014,  -2.7,   7.4,   5.1,-411.4, -61.8, 973.9,   5.3,   2.7
66038,  -2.6, -15.8,   7.9, 598.9,  89.3,1259.3,   5.5,   3.1
66066,  -6.6,  11.0,  -0.9,-178.7, 142.8, 681.9,   5.0,   2.0
66090,   7.4,  -3.0,   7.5,  61.3, 425.0, 352.6,   4.5,   2.9
66114,   2.9,  -7.6,   4.4, 405.3,  82.3,1192.7,   5.1,   2.7
66138,  -1.6,   5.2,   0.7, -34.2,-173.6,1190.7,   4.8,   2.3
66164,  -0.6,  -1.2,   2.3,-210.9,-120.4,1020.8,   4.7,   2.9
66188,   1.3,  -0.0,   1.6,-156.5, -40.5, 862.9,   4.2,   2.8
66216,   7.3,   4.4,   0.5,  49.1,  74.9, 653.1,   3.8,   2.1
66240,   0.6,  -3.6,  -0.8,  71.0, -15.6,1033.3,   3.6,   2.3
66264,   1.0,  -6.9,  -0.8, 134.3,  -1.0, 948.8,   3.7,   2.6
66288,  -3.9,  -7.3,  -2.6, 431.6, -19.1,1288.4,   4.1,   2.2
66316,  -5.0,   7.3,  -1.7,-700.9,-322.3, 442.2,   3.8,   2.1
66340,   1.5,   2.4,  -0.4,-257.6, -13.0, 929.3,   3.6,   2.1
66368,   3.9,   5.2,  -0.1,-244.9, 213.6, 427.8,   4.1,   2.7
66388,   5.4,  -0.6,  -0.8, -79.4, 225.3, 806.7,   4.1,   2.6
66416,  -4.1,  -7.9,   0.1, 204.8,-212.4,1447.8,   4.3,   3.0
66440,   7.5,   7.3,  -3.4,-149.9, 123.5, 525.0,   4.7,   2.8
66464,   3.3,  -0.2,  -1.1, 238.3, 122.3,1113.3,   4.6,   1.9
66488,   6.5,  19.6,   0.1,-1113.8,  66.2, 358.9,   4.8,   2.6
66516,   0.4,  -8.6,   3.5,  65.9,  73.0, 530.3,   4.7,   2.8
66540,  -5.7,   9.2,  -5.4, 254.1,-191.7,1959.0,   4.5,   1.8
66564,   1.7,  -4.0,  -0.3, 350.6, 354.5, 676.1,   4.3,   2.1
66588,  -2.4,  -0.9,   3.6, 174.1, -37.9,1002.0,   4.4,   2.1
66616,  -2.4,   2.0,  -0.1, -23.7,  51.7,1317.7,   3.9,   1.9
66640,   2.2,   3.7,   0.5,-100.1,  66.6, 848.9,   3.7,   2.4
66664,  -1.1,  -1.3,  -2.1,  21.2, -46.4,1216.9,   3.9,   2.5
66688,   0.2, -10.8,  -2.4, 479.0,  40.0,1303.0,   3.9,   2.6
66716,   4.6,   7.4,  -1.2,-253.2,  73.7, 715.9,   3.3,   2.3
66740,   5.8,  -8.4,   4.2,  90.3, 329.1, 887.0,   3.9,   2.8
66764,  -0.4,  -6.2,   3.1, 380.4, 217.8,1003.2,   3.6,   2.2
66792,   0.2,  -3.6,  -1.4, -60.1,-249.5,1520.1,   2.1,   2.6
66816,   6.9,   1.4,  -0.4,-129.4, 231.2, 872.9,   3.2,   3.3
66840,   4.8,  -0.7,   1.5,  94.2, 238.3, 676.6,   4.0,   2.4
66868,   3.7,   2.9,  -2.2, -99.6, 172.1,1091.1,   4.1,   2.5
66892,   1.1,  -2.4,   0.2,-262.9,-153.1, 961.5,   3.8,   3.3
66916,   0.1,  -5.4,   3.2, 152.8,  20.5, 971.3,   3.9,   2.6
66940,  -8.4,   3.0,   5.0,  66.2,-147.7,1475.4,   4.1,   2.6
66964,  -4.4,  -2.6,   1.6,-442.4,-112.3,1016.4,   4.0,   4.0
66992,  -3.6,  -6.7,   2.2, 302.5, -23.0,1181.2,   3.8,   3.5
67016,   0.9,   2.6,   2.1, 500.5, 313.5,1056.0,   4.0,   1.9
67040,  10.1,   9.5,   1.0,-363.3,  47.6, 652.2,   3.0,   3.0
67064,   5.0,  -2.3,   2.1,-224.1, 255.8, 613.3,   4.4,   3.5
67092,  -2.0,   9.9,  -1.7,  88.9, -86.7,1609.7,   4.6,   2.4
67116,  -1.9,   7.2,   0.4,-543.5,-187.0, 645.6,   3.9,   3.4
67140,  -4.0,   3.2,   1.6,   6.1,-138.7,1302.8,   3.7,   2.9
67164,   2.2,   1.4,   3.2, -81.1, 323.5, 670.5,   4.0,   2.9
67192,  -3.4,   4.3,   3.8,  28.1, 195.5,1473.0,   4.4,   2.3
67216,  -7.4,   4.7,   2.7,-372.1,-231.2,1298.9,   4.2,   2.6
67240,   0.2,   0.3,   4.5,-275.9,  74.2, 556.7,   4.1,   4.1
67264,  -2.5,   0.1,   4.5, -24.4, 351.8, 443.2,   4.8,   3.3
67292,  -2.2,  -6.5,   4.8, 413.8,-227.6,1406.3,   4.0,   3.0
67316,  -2.0,   0.7,   2.9,  52.2, 152.8, 867.0,   4.7,   3.4
67340,  -5.0,  -2.5,   5.5,  86.2,  12.7, 941.7,   4.2,   3.3
67368,  -6.4,   0.8,   1.8, -22.0, 219.7, 906.6,   4.2,   3.3
67392,  -6.3,   5.8,   0.1,-260.5,-503.4,1392.9,   2.9,   3.9
67416,  -0.3,   0.5,  -0.5, 305.7, 242.2,1120.9,   3.3,   3.7
67440,  -2.3,   2.0,   1.4, -66.7,  38.6,1045.2,   4.0,   3.7
67464,  -4.4,   0.7,  -0.7,-131.6,-122.6,1017.6,   3.5,   3.6
67492,  -7.1,  -5.1,  -0.1, -23.9, -30.0,1209.8,   2.9,   3.5
67516,   0.2,  13.7,   1.8,-499.0, 133.5, 219.5,   3.2,   3.3
67540,  -1.9,  -5.0,   3.3,-152.3,  96.4, 902.6,   2.9,   3.5
67564,  -0.8,  -8.5,   2.8, 164.5, 312.2, 671.9,   4.4,   3.2
67592,  -8.0,  -3.8,   2.4, 201.9,-210.2, 920.7,   4.1,   2.7
67616,  -6.4,   8.8,  -0.6,-162.4,-155.5, 790.6,   3.5,   2.7
67640,  -5.9,   5.7,   1.7,-316.7, -79.6, 760.3,   2.9,   3.1
67664,  -4.1,   2.2,   5.2, -14.7,  75.2, 958.3,   2.5,   2.9
67692,  -3.3,   5.0,   2.7, -36.1, -21.0, 771.5,   2.9,   2.9
67716,  -2.5,   0.2,  -1.2,   0.5, 156.7,1368.2,   2.8,   2.9
67740,  -1.5,  -1.1,  -3.1, -39.8,-127.0, 996.4,   2.9,   3.1
67764,  -2.8,  -2.3,  -1.0,-138.4,  -7.1, 804.7,   2.8,   3.1
67790,  -6.1,  -1.9,   1.0, 200.2,-463.1,1522.0,   2.0,   2.5
67814,   3.3,  -3.8,   0.2, 358.9,  41.5,1074.8,   1.5,   2.3
67842,   3.6,  -0.8,  -3.9,   4.4, 324.7, 900.0,   2.6,   2.4
67870,  -1.3,  -7.4,  -1.5, 140.9,-263.0,1061.1,   2.2,   1.9
67890,  -2.5,  -2.8,  -0.3, -15.4, 183.6, 709.5,   2.2,   1.9
67918,  -2.6,  -1.1,  -0.9,  47.4, 142.3, 652.6,   1.7,   1.4
67942,  -4.0,   3.2,   0.2, -81.5, -25.9, 847.5,   1.2,   1.3
67966,   1.4,   1.6,   3.3, -72.5,  56.9, 820.6,   1.5,   1.6
67990,   0.9,   5.0,   1.8,-263.9,-106.0, 938.5,   1.2,   1.6
68018,  -3.1,   1.5,   0.4, -28.6,-102.8,1386.8,   1.4,   1.7
68042,  -3.2,   1.9,   0.9, -20.8, 120.8, 973.4,   2.4,   1.2
68066,  -0.6,  -6.5,   5.9,-206.5,-335.2,1709.8,   1.6,   1.7
68090,   2.9,  -2.6,   2.9, -63.7, 161.6, 641.9,   1.8,   1.3
68118,   2.8,  -2.0,   2.3,  58.3,  31.0,1165.3,   2.1,   1.1
68142,   1.1,   1.5,   2.4,  60.8,  74.0,1305.5,   2.1,   1.1
68166,  -3.3,  -2.8,   2.2, -39.1, -89.6, 908.8,   2.3,   1.3
68190,  -1.6,  -0.8,   2.7,-112.8,  51.3, 971.3,   2.2,   1.6
68218,  -1.9,   7.2,   0.5,  18.3,-170.7,1468.8,   2.5,   1.4
68242,  -0.1,   1.2,   1.6,  -9.0, -43.0,1119.0,   2.9,   1.4
68266,   0.1,  -2.8,   3.1,  31.7, 135.5, 906.8,   2.6,   1.7
68290,  -3.5,   0.1,   2.2,  47.8, 183.1,1027.2,   2.9,   1.7
68318,  -9.3,   8.6,  -1.8,-538.3,-219.7,1104.6,   3.2,   1.1
68342,  -0.5,  -5.0,   2.1, 160.9, 114.2,1488.3,   3.0,   1.9
68370,   1.5,  -5.3,   4.3, 141.4, 274.2,1046.4,   3.3,   1.6
68390,  -0.3,  -5.7,   2.9, 163.6, 272.2,1179.7,   3.4,   1.1
68418,  -0.5,  -0.5,   2.7, -83.7, 170.2, 826.7,   3.0,   1.7
68442,  -1.4,  -2.8,   0.8, 106.2,-119.4,1098.9,   2.7,   1.5
68466,  -1.1,  -5.9,   0.8, 297.1,  84.7,1319.9,   2.4,   1.2
68490,  -1.3,   4.6,  -1.0,-265.9,   7.3, 750.3,   3.3,   2.0
68518,  -4.1,   3.2,  -0.7,-240.0, -91.3, 875.5,   2.8,   2.1
68542,  -6.1,  -8.4,   2.0, 557.1, 165.3,1055.0,   3.3,   1.4
68566,   0.9,   1.7,   4.1, 108.9, 168.7, 333.3,   2.3,   1.8
68590,  -3.1,   7.9,  -1.3,-142.6, -43.2,1225.2,   3.5,   2.0
68618,  -2.0, -12.2,   3.6, 287.3,  -7.6,1064.8,   3.6,   2.9
68642,  -2.6,   6.2,   2.5,-258.1, -18.3, 406.6,   3.0,   3.0
68666,  -7.3,  -1.3,   1.3, 279.8,-155.0,1256.7,   2.5,   2.3
68690,   2.4,   6.3,   1.2,-108.6,  83.5, 777.9,   2.1,   2.6
68718,   4.7,   7.1,   2.8,-119.9, 232.4,1372.1,   2.0,   2.4
68742,   2.2,  -0.9,   1.3,-198.5,  68.8, 960.3,   2.6,   2.8
68766,  -2.5,   4.1,  -2.1,  21.2,  41.2, 854.3,   2.5,   2.5
68790,   1.7, -11.4,  11.0, 382.6, 222.4, 658.5,   1.5,   2.8
68818,  -4.6,   4.4,   0.7, -67.6, -76.9,1188.0,   1.7,   1.6
68842,  -1.9,   1.0,   0.7,-201.9,-112.1, 946.3,   1.9,   1.9
68870,   0.8,   5.3,   1.8,-230.5,-126.0, 717.6,   1.7,   2.3
68890,   1.3,   3.7,   0.4,-299.3, -80.1, 754.2,   1.4,   2.6
68918,   2.9,   2.0,   1.9,  25.6, 201.4,1154.4,   1.5,   2.2
68942,  -1.8,   2.9,  -4.5,-342.5, 228.0, 863.8,   1.8,   2.6
68966,   2.2,   2.7,  -2.0,-127.7,-175.8, 816.7,   1.0,   2.2
68994,  -4.4,  -8.7,  -1.3, 399.4,-176.0,1802.3,   2.2,   1.9
69018,   0.0,   0.4,   4.6, 307.4,-172.1, 889.7,   2.4,   1.5
69042,   1.1,  -4.5,   3.2, 392.3,  81.5,1141.4,   2.8,   1.5
69066,   8.5,   3.6,  -1.7,-220.2,  23.2, 462.5,   3.0,   2.5
69094,  -3.3,   1.0,  -1.5,-314.2,-149.9,1180.2,   2.9,   2.4
69118,   3.8,   0.6,   1.2,-125.3, -81.8, 396.5,   2.6,   2.3
69142,   0.8,   1.8,   1.7,-442.4, 151.1, 637.8,   3.1,   2.8
69166,  -1.3,  -3.7,   1.2, 102.0, 118.4, 901.4,   3.4,   2.4
69194,  -3.4,  -8.3,  -0.3, 501.2,  25.1,1438.8,   2.8,   1.7
69218,  -5.3,  -1.4,   6.3,  91.3,-762.5,1922.7,   2.1,   2.1
69242,   4.8,   3.4,  -0.0, -75.0, -61.8, 992.2,   2.7,   1.9
69266,   0.0,   2.2,  -1.0,-380.6,  77.6, 683.2,   4.3,   2.4
69294,   0.6,  -4.0,   3.0, 317.6, 176.5,1073.1,   4.6,   2.1
69318,   0.1,   2.1,   1.5,  80.6,  -4.7,1001.3,   3.8,   1.9
69342,   1.7,   4.3,   1.5,-116.9,  -0.3, 951.2,   3.2,   2.1
69370,  -2.2, -15.8,   3.8, 652.3,-103.8,1924.9,   3.0,   1.3
69394,  -1.9,  -6.4,  -5.0, 240.7, -89.1,1093.8,   2.8,   1.4
69416,  -2.2,   2.1,  -4.0,  54.4,  64.9, 825.7,   2.7,   0.4
69444, -10.0,  13.6,  -4.2,-556.9,-383.1,1643.9,   2.5,  -0.5
69468,  -7.5,   8.0,   0.1,-411.6,-373.5,1507.4,   1.1,   0.0
69492,   2.6,   4.7,  -0.7,-298.6, 179.4, 959.8,   1.0,   0.4
69516,   2.4,   4.4,   1.2,-408.0,  98.6, 608.2,   1.4,   1.4
69544,   0.8,   1.0,  -0.0,-185.3, -81.6, 870.2,   1.4,   0.9
69568,   3.3,  -5.9,   2.6, 281.5, -10.3, 940.0,   1.0,   0.9
69592,   5.8,   4.9,   1.2,-289.8, 160.6, 404.6,   1.3,   1.6
69616,  -1.2,  -9.9,   0.9, 396.0,   0.7,1206.1,   0.6,   1.3
69644,  -3.0,  -1.0,  -0.1, 175.0,-122.3, 965.6,   0.0,   1.0
69668,   5.5,  -9.4,   7.8,   5.1,  69.8, 618.7,  -3.1,   2.4
69692,  10.3,   3.2,   0.6, 113.8, 256.8, 740.5,  -2.5,   1.2
69716,   3.3,   1.6,  -6.5,-115.7,-155.5,1344.3,  -1.6,   1.5
69744,   1.6,  -2.4,  -4.1, -81.3,  69.6, 691.5,  -0.7,   1.5
69768,  -3.4,   6.9,  -2.0,-195.6,-249.5, 926.1,  -0.9,   1.4
69792,  -0.8,   3.0,  -2.5,-165.3,-107.7, 912.4,  -1.6,   1.4
69816,   3.8,   5.1,  -2.5, -98.2, -71.1, 994.0,  -1.7,   1.1
69844,   5.1,  -0.3,   1.3, 531.2,  81.8,1440.2,  -1.3,   0.7
69872,   5.0,  -0.9,  -0.9,-368.9, 153.8, 896.8,  -1.1,   1.1
69892,   0.8,  -1.8,  -2.4, -23.7, 110.1, 713.7,  -1.0,   0.7
69916,  -8.8,   0.2,  -3.0, 425.8, 255.8, 784.0,  -0.2,  -0.7
69944,  -0.1,  16.8,  -3.1,-232.7, -70.8, 727.8,  -0.9,  -0.4
69968,   0.0,   8.3,  -2.0,-259.3, 151.6,1107.7,  -0.3,  -0.3
69992,   2.5,  -4.2,  -0.1, -57.1,  67.4, 932.9,  -0.4,   0.3
70020,   0.4,  -2.2,   0.9, 134.3,  43.4, 922.2,  -0.4,  -0.1
70044,  -0.8,  -2.9,  -1.3, 147.5,  88.1,1156.1,  -0.6,  -0.2
70068,   2.4,   1.6,  -2.8,-245.4,   8.3, 950.3,  -0.2,   0.2
70092,  -6.1,  -2.0,  -5.8,-256.6, -47.4,1174.1,  -0.5,   0.6
70120,  -1.2,  -2.0,  -3.5,  74.2,  23.2, 747.1,  -1.1,   0.3
70144,  -0.3,  -7.3,  -3.2, 338.1, 174.1, 872.6,  -0.7,  -0.0
70168,  -4.9,   1.8,  -7.3,-362.1,-183.8,1552.5,   0.6,   0.4
70192,  -0.2,  -6.9,  -0.7, 359.9, -54.0,1211.5,  -0.3,   1.3
70220,   2.4,  -2.0,  -4.8, 155.8, 217.5, 846.3,   0.4,   0.6
70244,  -0.1,  -0.1,  -5.9, -74.0, -92.1, 974.9,   0.5,   0.9
70268,  -3.0,  -7.7,  -2.5, 273.7,   3.7,1326.0,   0.4,   0.7
70292,  -0.6,   8.0,  -5.1,-435.1,-184.8, 871.4,  -0.1,   1.1
70320,  -2.9,  -0.6,  -2.1, 172.4, -74.0,1198.1,  -0.0,   0.7
70344,   1.7,   3.0,  -2.6,  87.4, -52.5,1053.8,   0.0,   0.1
70372,   3.1,  -8.6,   4.6, 234.9,  -7.1,1189.8,   0.1,  -0.3
70392,   4.2,  -3.6,   1.5,-396.0,  49.5, 352.8,   1.0,   1.3
70420,  -4.2,  -6.2,  -0.9, 605.5, 113.5,1017.4,   1.0,   0.4
70444,  -2.5,   5.3,   1.2,   9.3,-194.3,1069.9,  -0.4,   0.7
70468,   1.9,   2.7,  -2.1,-298.6,  96.4, 593.8,   0.5,   1.1
70492,   2.5,   2.3,   0.6,-248.8,  72.3, 583.1,   1.1,   1.2
70520,  -0.9,   3.1,   1.1, 130.1,-106.9,1087.7,   0.7,   0.7
70544,  -2.8,  -2.9,   1.9, -44.7, -22.0, 976.9,   0.4,   1.2
70568,  -0.7,   1.6,  -0.8, -66.4, -51.5,1008.4,   0.0,   1.3
70592,  -1.6,  -5.8,   1.6, 130.9,  52.2,1036.9,  -0.2,   1.4
70620,  -1.3,   5.2,  -2.9,-352.5,-137.7, 862.9,   0.0,   1.6
70644,   2.8,  -0.7,  -0.4,  59.3, -79.1, 989.1,  -0.1,   1.3
70668,  -1.6,   0.8,   1.2,-139.4,  42.5, 874.1,  -0.1,   1.2
70692,  -7.6,   1.9,   0.7, 223.1,  66.2, 691.0,   0.8,   0.4
70720,   0.6,   7.7,   3.2,-255.6,   7.3, 824.3,  -0.6,   1.6
70744,   0.2,   4.0,   1.1,-348.2, -41.8, 959.5,  -0.4,   1.9
70768,   5.5,  -0.3,   3.8,  38.6, 263.7, 775.0,  -0.0,   1.4
70792,   4.1,   2.9,   2.9, -34.4,  39.3, 857.2,   0.0,   1.3
70820,  -0.5,   7.8,   0.7,-450.0, -77.2, 619.4,  -0.5,   1.8
70844,   0.5,   1.7,   2.6,  21.2, -17.6,1342.8,  -0.8,   1.3
70872,  -2.1, -10.4,   5.4,   8.5, -12.0, 802.1,  -0.9,   1.0
70892,  -1.2,  -4.0,   3.5,-122.1, -31.5, 799.6,  -1.1,   1.0
70920,  -1.2,   2.2,   1.8, 159.9, 126.0,1314.5,  -1.3,   0.4
70944,  -4.9,   3.3,   1.3,-232.4,-100.1, 853.3,  -1.1,   0.9
70968,   3.0,  11.5,   5.2,-273.7,-407.2,1059.9,  -2.6,   1.5
70992,   5.2,  -2.8,   4.4, 182.1, -19.5,1105.3,  -2.6,   1.0
71020,   3.0,   5.8,  -2.3,-324.5, 184.6,1006.7,  -1.5,   1.0
71042,   0.3,   5.2,  -1.8,-225.6,-177.3,1098.2,  -1.7,   0.9
71070,   0.9,  -4.0,   4.0, -74.0,  74.0, 624.6,  -2.0,   1.1
71094,  -0.8,  -1.1,   2.4, 155.5, -80.1,1019.3,  -2.4,   0.7
71118,  -0.0,  -2.3,   4.0,  47.8, 137.9, 859.7,  -2.3,   0.8
71146,   2.0,  -1.4,   4.6,  39.8, -34.2, 897.5,  -2.5,   0.7
71170,   3.3,   4.9,   1.9, -52.7,-111.1, 926.6,  -2.7,   0.7
71194,   2.6,  -3.8,   2.4, -75.7, -51.0,1125.5,  -2.5,   1.4
71218,   2.4,  -4.5,  -1.0,  28.8,-149.2, 971.3,  -2.3,   1.5
71246,   1.1,   4.5,  -3.4,-132.1, -30.0, 860.7,  -2.4,   0.8
71270,  -7.1,  -0.4,  -3.5, -27.3,-180.7, 995.7,  -2.6,   0.4
71294,  -3.7,  -4.9,   5.3, 420.2,-382.8,1462.5,  -3.8,   0.4
71318,   0.1,   7.7,  -0.0,-157.7,-134.3, 967.1,  -4.3,   0.4
71346,   3.3,   1.6,   0.8,-162.8, -38.3,1057.9,  -3.4,   0.8
71374,   1.3,  -5.4,   3.4, 217.8,-138.7,1188.0,  -3.5,   0.4
71394,  -0.1,  -2.5,   0.7,  72.3,-156.7,1138.5,  -3.9,   0.3
71418,  -0.2,  -1.4,   0.8, -28.6,-143.8, 956.6,  -4.4,   0.3
71446,   0.8,   1.9,   0.2, -32.0,-128.7,1061.6,  -4.8,   0.0
71470,   0.2,   1.4,   0.8,  40.5,-122.1,1064.3,  -5.1,  -0.2
71494,   1.4,   0.9,   0.9,  84.7, -53.5,1014.5,  -5.2,  -0.2
71518,   2.4,   2.8,  -0.3, -34.2,-145.3,1144.1,  -5.1,  -0.1
71546,   0.9,   1.3,   1.2, -28.1, -99.1,1081.6,  -5.0,  -0.0
71570,  -0.3,  -3.4,   0.8, 109.6, -43.2,1063.5,  -5.1,   0.2
71594,  -0.6,  -1.4,   1.2,  33.4,-150.2,1022.0,  -5.5,   0.3
71618,   0.6,  -0.6,  -0.4, -43.2, -82.3, 951.5,  -5.9,   0.2
71646,  -1.2,  -2.9,   1.3,  22.5, -85.5,1058.9,  -6.1,   0.2
71670,   0.3,  -0.8,  -1.0,  47.6, -92.3,1000.1,  -6.0,  -0.0
71694,   0.5,  -0.5,  -2.3,  46.4, -52.0,1020.3,  -5.9,  -0.1
71718,   0.4,   0.3,  -0.7, -12.2, -64.0, 979.8,  -5.8,  -0.0
71746,   0.5,  -0.9,   0.8,   1.5, -66.9,1004.7,  -5.8,  -0.0
71770,   1.3,   0.5,   0.7,   9.5, -66.9, 984.2,  -5.7,  -0.1
71794,   0.3,  -0.6,   0.7,  23.7, -85.9,1000.8,  -5.7,  -0.2
71818,   0.3,   0.4,  -0.5,  12.7, -70.1,1015.9,  -5.6,  -0.2
71846,  -1.1,  -0.6,   1.0, -15.4, -62.3,1006.2,  -5.5,  -0.2
71874,   0.3,   0.2,  -0.4,  10.0, -34.9, 997.1,  -5.5,  -0.3
71894,   0.3,   0.9,  -0.6,   7.8, -34.9, 998.1,  -5.2,  -0.2
71918,  -0.2,   0.3,  -0.4,   9.5, -19.3, 999.1,  -4.9,  -0.2
71946,   0.1,   0.5,  -0.1,   6.6, -16.4, 986.6,  -4.4,  -0.2
71970,   0.6,  -0.6,  -0.6,  -3.4, -19.8,1007.9,  -4.1,  -0.1
71994,  -0.0,  -0.5,   0.1,  -2.0, -28.1, 997.1,  -3.8,  -0.1
72018,   0.9,  -0.4,  -0.9,   7.1, -16.6, 989.1,  -3.6,  -0.1
72046,   0.4,   0.2,   0.7,  -3.4, -14.2,1003.0,  -3.4,  -0.1
72070,  -0.3,  -0.1,   0.4,   4.1,   0.2,1000.5,  -3.2,  -0.1
72094,   0.5,  -0.4,   0.2,  -6.4,  -0.0, 990.3,  -2.8,  -0.1
72118,  -0.7,  -0.3,   1.3,  11.7,  17.1, 992.0,  -2.5,  -0.1
72146,  -0.0,   0.1,   0.8,   3.7,  -3.9, 994.0,  -2.2,  -0.2
72170,  -1.1,   0.1,   1.1,  19.0,   5.4, 998.8,  -2.0,  -0.2
72194,  -0.1,   1.5,  -0.9,   6.1, -16.1,1003.0,  -1.8,  -0.3
72222,  -0.7,  -0.0,   1.8,  17.8,  -1.7, 987.6,  -1.6,  -0.3
72246,   0.2,   0.8,  -1.4,  -4.4,   2.9,1006.9,  -1.4,  -0.3
72270,  -0.6,   0.4,  -0.9,  -4.2, -13.7, 995.9,  -1.2,  -0.2
72294,  -0.3,   0.1,  -0.5, -19.3,  -7.1, 986.1,  -1.0,  -0.2
72322,   0.2,  -0.9,  -0.9,  10.5,  -0.0,1012.5,  -0.9,  -0.2
72346,   0.1,   0.2,  -0.4, -12.2,  -5.9,1003.7,  -0.8,  -0.1
72374,   0.5,  -1.2,  -1.2,   2.4,  -9.3,1000.5,  -0.7,  -0.1
72394,   0.7,  -0.6,  -0.2,  -1.5, -14.2, 986.1,  -0.7,  -0.2
72422,   0.4,  -0.1,  -0.7,  20.7,  -0.5, 989.6,  -0.6,  -0.2
72446,  -0.1,  -0.9,   0.2,   3.4,  -9.8, 998.6,  -0.6,  -0.2
72470,  -0.7,  -0.9,   0.8,   0.5, -20.3, 995.4,  -0.5,  -0.2
72494,  -0.5,  -0.9,   0.4,  -4.4, -30.5, 995.2,  -0.5,  -0.2
72522,   0.5,  -0.4,   0.2,  -2.9, -14.4,1008.4,  -0.5,  -0.2
72546,   0.3,  -0.7,  -1.0, -13.2, -19.8, 990.3,  -0.5,  -0.3
72570,  -0.6,  -0.1,   0.1, -17.1, -15.4,1006.7,  -0.5,  -0.2
72594,  -0.3,   0.0,  -1.0, -13.9, -21.5,1001.8,  -0.6,  -0.3
72622,  -0.8,  -0.0,  -0.4,  10.0, -25.9, 998.1,  -0.6,  -0.3
72646,   0.3,   0.6,  -1.2,   0.5,  -1.5,1012.8,  -0.6,  -0.3
72672,   0.2,   0.3,  -0.6,  -3.4, -10.3, 988.6,  -0.5,  -0.3
72696,  -0.2,  -0.5,  -0.4, -16.9,   8.5, 991.0,  -0.4,  -0.2
72720,  -0.6,  -0.7,   0.3, -13.2,   7.6, 999.8,  -0.3,  -0.1
72744,   0.5,  -0.6,  -1.7,   3.4,   7.1,1001.3,  -0.3,  -0.1
72772,   0.2,  -0.3,  -0.3,   6.8,  -0.3, 996.4,  -0.2,  -0.1
72796,  -0.0,  -0.0,  -0.6,   6.6,  -3.2, 990.3,  -0.1,  -0.2
72820,   0.5,   0.2,  -1.5,  -8.1,   7.3, 994.0,  -0.0,  -0.1
72844,  -1.1,  -0.7,   0.2,  -3.9,  21.2, 997.1,   0.1,  -0.1
72872,   1.3,   0.3,  -1.3,  -5.6,   0.2, 998.3,   0.2,  -0.1
72896,   0.1,  -1.1,   0.5,   8.1,   7.1,1000.1,   0.3,  -0.1
72920,   0.5,   0.1,  -0.7,   6.1,   7.1,1004.9,   0.3,  -0.1
72944,   0.2,  -0.3,  -0.4,   1.0,  -2.2, 992.2,   0.3,  -0.2
72972,  -0.5,   0.5,  -0.4,   1.7,   2.7,1010.3,   0.4,  -0.2
72996,  -0.4,  -0.1,   0.4,   0.2, -21.3, 997.4,   0.3,  -0.2
73020,  -0.3,  -0.4,   0.2,   3.4, -15.4, 995.9,   0.3,  -0.2
73044,   0.6,  -0.0,   0.1,  -1.7,  -6.1,1000.3,   0.2,  -0.2
73072,   0.5,  -0.4,  -0.3,   2.2,  -2.0,1001.5,   0.2,  -0.1
73096,  -0.2,   0.5,  -1.2,   5.4,  -8.6, 998.1,   0.2,  -0.1
73120,  -0.1,  -0.0,  -0.0,  -1.2, -13.9,1015.7,   0.2,  -0.1
73144,   0.0,   0.5,  -0.1,   4.9, -13.4,1005.4,   0.1,  -0.1
73172,   0.9,   0.1,  -0.5,   3.9, -23.9,1007.9,   0.1,  -0.1
73196,  -0.0,  -0.2,  -0.5,  -2.7, -11.7,1002.7,  -0.0,  -0.1
73220,  -0.4,  -0.1,  -0.4,  -5.4, -11.0, 998.6,  -0.1,  -0.1
73248,  -0.1,   0.2,  -0.6,  -5.9,  -6.8,1004.5,  -0.1,  -0.0
73272,   0.2,  -0.4,   0.8,  -6.6,   0.5,1010.3,  -0.1,  -0.0
73296,  -0.3,   0.4,  -0.3,   6.8,  -5.9,1004.0,  -0.1,  -0.0
73320,   0.0,  -0.9,   0.8,  12.2,  -6.4,1006.4,  -0.1,  -0.1
73348,  -1.2,  -0.6,   0.5,  -1.5,  -5.9, 989.3,  -0.1,  -0.1
73376,   0.4,  -0.2,  -0.6, -15.6, -15.4,1017.6,  -0.1,  -0.0
73396,   0.3,  -0.9,  -0.9,  -2.4,  -4.7,1007.4,  -0.1,  -0.1
73420,  -0.4,   0.4,   0.1,  -0.7,  -6.8, 997.6,  -0.1,  -0.1
73448,  -0.0,  -0.4,  -0.9,   5.9,   5.1, 983.7,  -0.1,  -0.1
73472,   1.0,  -0.3,   0.5,  -7.8, -14.4,1003.5,  -0.2,  -0.1
73496,  -0.3,  -0.9,   0.9,   5.6,   7.6, 995.7,  -0.1,  -0.0
73520,   0.2,  -0.4,  -0.7,  -4.6, -16.4, 999.6,  -0.2,  -0.1
73548,  -0.4,   0.2,  -0.6,  -4.9,   3.9,1009.8,  -0.2,  -0.1
73572,  -0.1,  -0.4,  -0.5,   6.1,  -3.4,1007.9,  -0.2,  -0.1
73596,   0.3,  -1.1,   0.4, -10.0,  -8.6,1000.5,  -0.2,  -0.1
73620,   0.5,  -0.2,  -1.7, -11.2, -34.7,1013.5,  -0.3,  -0.1
73648,  -0.8,  -0.5,  -0.3,  11.2,  -4.7,1006.2,  -0.4,  -0.1
73672,   0.5,  -0.1,  -0.3,   2.2,  -9.8, 990.0,  -0.4,  -0.1
73696,   0.3,  -0.6,  -0.7,  12.9, -12.7,1005.9,  -0.4,  -0.2
73720,  -0.7,  -0.6,  -0.2,  -5.4, -16.4,1014.5,  -0.4,  -0.2
73748,  -0.6,   0.4,  -0.4,   2.4, -10.5, 998.8,  -0.4,  -0.2
73772,   0.6,   0.0,   0.7,  -4.9,  -9.5,1006.2,  -0.4,  -0.2
73796,   0.7,   0.2,  -0.3,  -3.9, -22.0, 997.6,  -0.5,  -0.2
73820,  -0.1,   0.0,   0.5,   2.2, -27.8,1010.3,  -0.5,  -0.1
73848,   0.3,   0.8,   0.4,   2.4, -25.9, 996.2,  -0.6,  -0.2
73876,  -0.5,  -0.9,   0.9,  -3.2, -19.3, 989.1,  -0.6,  -0.2
73896,   0.5,   0.2,   0.1,  -4.2,  -5.9,1004.0,  -0.7,  -0.2
73920,   0.1,  -0.4,  -0.3,  -8.3, -25.4,1008.8,  -0.7,  -0.1
73948,  -0.1,   0.4,   0.1, -11.0, -33.9,1008.4,  -0.8,  -0.1
73972,   0.5,   0.0,   0.7,   7.3, -37.6, 998.3,  -0.9,  -0.1
73996,   1.7,  -0.4,   0.5,   7.6, -38.1,1008.8,  -0.9,  -0.1
74020,   1.0,   0.5,  -1.0,   5.1, -18.8, 991.3,  -1.0,  -0.2
74048,  -0.1,   0.3,   0.1,  10.5, -46.6, 999.1,  -1.2,  -0.1
74072,  -0.0,  -0.5,   1.8,   0.7, -53.0,1004.7,  -1.3,  -0.1
74096,   0.8,  -0.2,   0.5,  -7.3, -34.7, 997.9,  -1.5,  -0.1
74120,  -0.0,   0.7,   0.3, -22.0, -46.2, 998.6,  -1.6,  -0.0
74148,  -0.6,  -0.1,  -1.0, -11.2, -31.3, 989.6,  -1.7,  -0.1
74172,   0.9,   0.6,  -0.9, -28.6, -55.9, 993.7,  -1.9,  -0.0
74196,  -0.0,   0.3,   0.1,  -2.2, -64.0, 995.4,  -2.1,  -0.0
74220,   1.3,   0.5,  -1.5, -34.4, -73.7, 967.6,  -2.2,  -0.0
74248,   0.5,  -0.9,  -0.9,  -6.1, -55.7, 955.4,  -2.5,  -0.1
74272,   0.3,   0.2,  -1.5,  -2.9, -82.3,1060.8,  -2.8,  -0.1
74298,   1.3,  -0.9,  -3.1,  19.0, -51.0,1004.5,  -2.9,  -0.2
74322,   0.0,  -0.9,  -3.1,  42.5, -48.6,1000.8,  -2.8,  -0.3
74346,  -0.8,  -2.3,  -1.6,  28.8, -32.5,1020.6,  -2.8,  -0.2
74374,  -1.0,  -1.0,  -1.5,  66.4, -67.6,1004.9,  -2.9,  -0.3
74398,  -0.1,  -1.4,  -0.3,  23.2, -13.7, 994.9,  -2.8,  -0.2
74422,  -1.7,  -1.1,  -1.2,  37.8, -85.9,1112.9,  -2.7,  -0.2
74446,  -0.5,   1.0,  -1.2, -87.9, -35.4, 949.8,  -2.9,  -0.0
74474,  -0.3,  -0.3,  -2.3, -91.1, -67.9,1060.6,  -2.8,  -0.0
74498,   0.1,   0.7,  -1.7, -80.6, -30.3, 991.3,  -2.8,  -0.0
74522,  -0.4,   0.3,  -2.9, -78.9, -57.6, 975.2,  -2.8,  -0.0
74546,   0.1,  -0.5,  -2.1,  56.6, -48.1, 969.1,  -2.8,  -0.1
74574,  -0.5,   0.4,  -2.8,  32.0, -44.4,1003.0,  -2.7,  -0.1
74598,  -0.7,  -0.5,  -1.3,  11.7, -25.2,1000.8,  -2.5,  -0.1
74622,   0.5,  -0.6,  -2.0,  59.1,  -4.4, 970.5,  -2.4,  -0.1
74646,  -0.2,  -1.1,  -0.4,  97.4,  70.1,1043.3,  -2.3,  -0.0
74674,  -0.1,   1.8,  -0.6, -23.2,   9.8,1058.7,  -2.2,  -0.0
74698,  -0.3,   0.7,  -1.9,  30.8,-116.5,1072.8,  -2.2,  -0.0
74722,   0.1,   0.3,   0.5,  29.0, -29.8, 977.6,  -2.2,   0.0
74746,  -1.2,   1.0,   0.4, -38.8, -72.5,1058.7,  -2.2,  -0.0
74774,  -2.5,  -1.1,   0.4, -83.7, -60.8,1013.7,  -2.2,   0.3
74798,  -1.1,   2.1,   2.7,-127.0,-106.9, 912.9,  -2.6,   0.4
74822,   0.2,   2.4,   1.5,-163.1,  46.9,1074.5,  -2.4,   0.3
74846,   5.1,   2.1,  -1.0,-287.4, -39.6, 875.8,  -2.1,   0.3
74874,   2.6,  -1.9,  -2.3, 229.7, -22.2,1100.9,  -2.0,  -0.0
74898,   0.6,  -2.5,  -2.6,  80.6, 117.2,1043.5,  -1.8,  -0.1
74922,  -0.5,   0.7,  -2.0,  10.7,  30.0, 916.8,  -1.7,  -0.1
74946,  -3.3,   1.9,  -2.3,   6.1, -54.0,1083.1,  -1.7,  -0.2
74974,  -3.1,   3.3,  -1.9, -72.0,-107.7,1027.6,  -1.8,  -0.1
74998,  -1.7,  -1.6,  -1.5,  -4.6,  22.2,1027.2,  -1.5,   0.2
75022,  -1.4,  -0.3,  -1.6,-108.9,  -9.5, 920.0,  -1.4,   0.6
75046,  -0.7,   1.7,  -1.8,-205.8, -85.0,1033.5,  -1.5,   0.7
75074,  -0.9,  -2.6,   1.3,-112.8, -44.4, 977.4,  -1.3,   0.9
75098,  -0.7,  -1.8,  -0.3, -17.3, -52.7,1059.6,  -1.5,   0.7
75122,  -1.3,  -1.2,  -0.6,  30.0,  -4.7,1002.3,  -1.3,   0.8
75146,  -0.8,   1.7,  -2.2, -25.4,  -2.7, 996.6,  -1.4,   0.5
75174,  -0.0,  -0.9,  -2.8, -46.6, -51.8, 975.2,  -1.3,   0.2
75198,  -1.6,   2.4,  -3.7,-156.5, -54.0, 987.6,  -1.3,   0.1
75222,  -2.7,   2.2,  -6.2,-114.8, -28.6, 984.9,  -1.5,  -0.1
75246,  -2.0,   1.5,  -7.1, -80.8,-118.9,1017.4,  -1.8,  -0.1
75274,  -0.4,   3.0,  -7.3,-149.4, -46.4, 980.3,  -1.8,  -0.3
75298,   0.5,  -1.6,  -6.7,  77.4,-107.2,1210.3,  -1.6,  -0.2
75322,   2.9,   0.2,  -4.0,  63.0, -75.9,1001.8,  -1.5,  -0.2
75346,   0.5,   0.5,  -3.5,  10.0, -33.9,1001.0,  -1.6,  -0.3
75374,  -0.3,   1.3,  -3.8,  25.6,-108.7,1055.0,  -1.6,  -0.3
75398,   2.0,   1.5,  -4.6, -41.5,  95.2, 990.0,  -1.9,  -0.2
75422,   1.4,   1.8,  -5.3,  18.5,   7.1,1004.9,  -1.6,   0.0
75450,   1.8,  -2.1,  -6.6,-159.7, 115.2,1008.4,  -1.3,   0.5
75474,  -0.5,  -0.3,  -6.8,  53.5, -43.2,1004.2,  -1.4,   0.2
75498,  -0.7,   2.9, -11.1,  -9.0, -42.7, 933.4,  -1.7,  -0.1
75522,  -4.7,  -2.4, -10.4, 172.1, -70.3, 973.0,  -1.8,  -0.4
75550,  -6.9,   1.2,  -7.6,-443.9,-401.1, 977.8,  -2.4,   0.3
75574,  -0.3,   3.7,  -6.4, 169.2, -81.8,1176.8,  -2.1,   0.1
75598,   3.3,   0.0, -10.1, -60.1,  97.6,1123.1,  -1.6,   0.1
75622,  -1.2,   0.8,  -6.6, -14.4,-160.7,1008.8,  -1.3,   0.4
75650,  -0.2,   3.0,  -4.6, -35.7, -69.6, 894.8,  -1.5,   0.2
75674,  -1.1,  -3.5,  -2.7, 290.5,  12.4,1094.1,  -1.4,   0.2
75698,   0.1,  -0.5,  -2.4,  59.6,  94.2,1031.8,  -1.3,   0.6
75722,   2.2,  -3.2,  -1.0,  70.6, 115.0, 959.5,  -1.3,   0.8
75750,   0.3,  -2.8,  -1.5, 135.2, 165.0, 953.9,  -1.0,   0.7
75774,   0.4,   2.9,  -2.3,-121.3, -72.3,1010.1,  -1.3,   0.8
75798,   0.9,  -5.2,   2.1,  69.1, -61.3,1047.7,  -1.1,   1.3
75822,  -0.6,  -3.2,   1.6,  15.4,-124.3,1101.1,  -1.1,   1.3
75850,  -0.8,  -0.2,   0.2, 101.8,-139.9,1116.5,  -0.9,   0.9
75878,  -1.1,  -1.7,   1.2,  19.3,  82.5, 948.1,  -0.8,   0.9
75898,  -1.2,   1.5,   1.3,  15.9, 114.2,1053.0,  -0.8,   0.5
75924,   4.6,   3.2,   6.5,-231.0, 108.9, 942.2,  -0.4,   1.3
75948,   3.1,   4.0,   6.7,-189.7,  -6.6, 852.6,   0.0,   1.4
75972,   1.1,   1.9,   3.5,  25.1, -61.0, 957.6,  -0.2,   1.1
76000,   2.7,   1.0,   2.1,-215.1,  83.7, 754.7,  -0.1,   1.3
76024,   1.1,   0.8,   5.2, -18.6, 209.2,1054.5,  -0.2,   1.1
76048,   0.9,  -2.0,   4.0,-154.8,  55.9, 797.7,  -0.4,   1.3
76072,  -0.4,  -4.5,   3.5,  50.3,  97.2,1064.5,  -0.4,   1.1
76100,  -0.0,  -0.8,   3.8, 103.0, -13.4,1094.1,  -0.4,   0.8
76124,   0.5,   0.5,   2.6, -14.9,  91.1,1008.6,  -0.2,   0.6
76148,  -0.9,  -0.5,   3.0,  56.9, -89.9,1025.9,  -0.4,   0.5
76172,  -1.6,  -3.6,   6.1, 373.3,  38.3,1136.5,  -0.1,   0.6
76200,  -3.0,   4.6,   1.6,  62.2,-207.5,1246.2,  -0.3,   0.5
76224,  -0.1,   4.0,   2.7, -96.2, -20.5,1015.0,  -0.6,   0.9
76248,   1.3,   0.5,   1.8, -44.9, -46.4, 935.6,  -0.7,   0.8
76272,  -0.9,  -2.8,  -0.5, 210.0,  46.6,1125.3,  -0.8,   0.2
76300,  -4.4,  -0.6,  -1.0,  89.6,-507.3,1407.3,  -1.2,  -0.3
76324,   3.1,  -0.5,   5.7, 200.2, -47.1,1110.9,  -1.2,   0.1
76348,   0.8,   9.7,   1.4,-153.3,-236.8,1068.9,  -0.9,  -0.2
76376,   1.9,   0.4,  -0.9,  32.5, 102.3,1083.3,  -0.7,  -0.3
76400,  -0.6,  -1.5,   1.9, 195.3,  26.6, 962.2,  -0.6,  -0.2
76424,  -0.9,   1.1,   2.1, -49.8, -79.4, 820.6,  -1.0,   0.1
76448,  -0.2,  -5.9,   4.3, 221.7, -25.2, 976.1,  -0.9,   0.3
76472,   0.5,  -6.7,   5.7, 235.1, 169.7,1007.1,  -0.6,   0.6
76500,  -0.5,   2.2,   1.9,  49.8,  48.3, 852.8,  -0.7,   0.3
76524,   2.0,   3.0,  -0.3, -88.1, 153.8, 878.5,  -1.0,   0.3
76548,   4.4,   2.8,  -1.6, -51.0,-100.8,1067.9,  -1.4,   0.3
76576,   2.5,  -9.7,   1.8, 291.3, 168.0, 933.9,  -0.6,   0.5
76600,  -2.1,  -8.4,   1.9, 225.6,  94.2,1149.0,   0.1,   0.9
76624,  -4.1,  -2.5,  -2.4, 112.8, -81.6, 963.4,  -0.1,   0.5
76648,  -2.0,   1.9,  -3.0,  16.4,-371.1,1260.3,  -0.7,   0.4
76676,   1.9,   2.1,  -3.4, 387.9,  91.3,1180.0,   0.2,  -0.2
76700,   1.4,   3.8,  -8.8,-101.6, -98.2, 965.1,   0.4,  -0.1
76724,  -0.6,   1.7,  -5.9, 171.6, -80.6,1009.8,   0.5,   0.1
76748,  -1.9,  -4.5,  -3.4, 323.7, -79.4,1036.4,   0.3,   0.1
76776,  -0.0,   2.7,  -5.7,   3.9,  -0.7,1107.7,   0.1,   0.2
76800,   0.1,  -8.1,  -2.9, 151.8,  68.1, 962.0,   0.3,   0.7
76824,  -2.3,  -5.6,  -3.1, 413.6,-139.2,1246.2,   0.3,   0.5
76848,  -4.2,   0.9,  -6.0, 280.8,-166.0,1494.0,   0.4,   0.4
76876,  -0.6,   0.1,  -2.6,-224.1,  -0.5, 889.2,   0.5,   0.7
76900,  -2.5,  -2.6,  -4.0, -65.4, -94.5, 974.4,   0.1,   0.7
76924,  -3.0,  -5.3,  -5.9, 155.0, -25.6,1124.3,  -0.3,   0.4
76948,  -0.3,  -0.4,  -7.5,  84.0, 138.4, 883.1,  -0.2,  -0.0
76976,   3.5,   2.1,  -5.1,-309.8, -91.8,1006.2,  -0.6,   0.4
77000,   1.4,  -1.5,  -2.4,  47.4, -74.7,1046.4,   0.1,  -0.1
77024,  -1.6,  -2.1,  -2.0, 141.8,-134.0,1102.1,  -0.4,   0.2
77048,  -0.5,   1.9,  -7.9, -46.4,-202.2,1085.5,  -0.6,  -0.2
77076,   1.3,   7.4,  -9.7,-305.4,  37.6, 775.9,  -0.4,   0.0
77100,   3.2,   0.6,  -3.2, -83.5, 121.1, 960.0,  -0.1,   0.4
77124,  -2.5,   0.7,  -4.1, -69.1, -33.7, 935.8,  -0.2,   0.3
77148,  -1.3,  -0.4,  -3.0, 109.9, -62.8, 949.8,  -0.2,   0.0
77176,   0.5,   2.4,  -5.3, 195.8,-113.8,1071.1,  -0.7,  -0.2
77200,  -3.0,  -2.6,  -4.9, 229.7, -67.2,1291.1,  -0.3,   0.1
77224,  -0.9,  -3.3,  -2.3, 100.6,  -6.6,1014.7,  -0.2,   0.5
77248,  -1.4,  -2.6,  -2.4,  42.5, -99.6, 992.5,  -0.3,   0.7
77276,  -0.6,  -0.3,  -5.4, 102.8, -91.8,1028.4,  -0.4,   0.4
77300,  -3.5,  -2.8,  -8.1, 276.1, 195.8,1051.6,  -0.0,  -0.1
77324,  -1.4,  -1.6,  -3.7,-155.0,-123.1, 840.4,  -0.7,   0.3
77348,  -1.3,  -0.6,  -0.7, 181.9, -37.9,1105.3,  -0.8,   0.3
77376,  -0.6,  -1.8,  -3.5, 296.1, -69.6,1169.5,  -0.8,   0.0
77400,   1.4,  -4.0,  -5.1, -86.4, 101.6, 847.0,  -0.4,   0.6
77424,   0.7,  -1.3,  -4.4,  94.2,  -0.0,1058.2,  -0.1,   0.8
77448,  -1.1,  -5.3,  -3.9, 247.1, -73.3,1110.4,  -0.5,   0.6
77476,   0.2,   1.8,  -5.1,   5.6,-102.1, 962.0,  -1.0,   0.7
77500,   1.9,   6.4,  -6.0,-253.2,  87.9, 758.6,  -1.1,   0.6
77524,   0.5,  -7.8,  -2.1, 192.6, 176.5,1067.2,  -0.6,   0.8
77550,  -0.8,  -0.5,  -4.7, -51.3,-181.7,1098.0,  -0.6,   1.0
77574,  -3.7,   0.4,  -4.6, -74.0,-257.8,1133.8,  -0.8,   1.1
77602,   2.8,   2.5,  -1.4,-382.1, 233.1, 991.3,  -0.8,   1.6
77626,   5.6,  -2.0,   0.7, 110.1,  26.4,1163.6,   0.1,   0.7
77650,   0.5,   3.9,  -1.7,-269.8, -68.9, 863.3,   0.1,   0.7
77674,  -2.5,   4.6,  -2.3,-298.8, -39.3, 926.3,  -0.2,   1.1
77702,   0.9,   2.9,  -3.9,-165.8,  97.2, 936.1,  -0.4,   1.0
77726,   1.3,   4.8,  -6.2,-167.7, 443.3,1175.8,  -0.0,   0.7
77750,   2.2,   2.6,  -1.8,-288.8, 164.8, 754.5,   0.3,   1.4
77774,  -0.6,  -4.1,   1.3,  22.2,  70.1, 978.8,   0.2,   1.2
77802,   1.9,   4.4,  -2.5,  87.2, -74.2, 992.5,  -0.4,   0.7
77826,   3.1,   8.2,  -3.5,-164.8, 142.8, 706.8,  -0.1,   0.8
77850,  -0.5,  -4.8,  -0.7, -13.9, 320.3, 884.1,   0.9,   1.4
77878,   1.3,   1.9,   0.2,-122.1,  36.1, 800.1,   1.0,   1.6
77902,  -1.7,   1.1,  -5.6,  63.2,  -6.8, 971.3,   0.7,   0.8
77926,  -0.0,   4.4,  -5.3,-222.9,  47.6, 892.6,   0.5,   0.9
77950,   1.5,   2.6,  -1.1, 247.6, 124.3,1159.5,   1.0,   0.6
77974,   2.5,   3.1,  -2.8,-249.3, 245.8,1024.0,   1.3,   0.9
78002,  -0.8,  -3.6,  -3.1, -64.2,-127.7, 973.0,   1.2,   1.6
78026,  -2.6,  -2.6,  -5.4, 226.3,-305.9,1213.9,   1.0,   0.7
78050,  -0.6,   4.6,  -7.7,-178.0, 230.9, 879.2,   1.2,   1.0
78074,  -0.6,   1.6,  -3.9,-184.6,-225.8,1229.3,   1.1,   1.4
78102,  -0.7,  -2.3,  -3.5,  63.5, 121.8,1077.2,   1.3,   1.0
78126,   2.3,   6.7,  -2.9,-214.1,  -0.5, 767.4,   1.1,   1.2
78150,  -3.0,  -2.0,  -2.4, -91.3,-122.3,1237.1,   1.3,   1.3
78174,  -0.3,  -0.7,  -3.8, -34.7, -46.2,1083.1,   1.5,   1.5
78202,  -2.9,  -3.9,  -3.9, 125.0, -49.3,1178.0,   1.2,   1.3
78226,  -4.5,   1.4,  -4.8,  47.1,-146.7, 924.4,   1.0,   1.1
78250,  -1.4,   5.7,  -4.8,-140.4, 370.1, 966.4,   1.0,   1.5
78274,   4.4,  -3.4,  -2.7, 197.0, 233.9, 896.1,   1.5,   1.4
78302,  -0.5,  -0.7,  -4.5, 150.6, 127.2,1071.6,   1.3,   1.0
78326,  -2.4,   3.2,  -5.3,-139.4,-112.1, 840.1,   1.0,   1.3
78350,  -1.0,   9.6, -10.0,-106.2,-100.8,1065.7,   0.6,   0.4
78378,   0.3,  -0.1,  -5.9,-212.9, 151.8,1023.3,   0.8,   0.6
78402,  -0.4,  -3.6,  -3.7,   6.8, -15.1,1111.6,   0.8,   1.1
78426,  -0.1,  -2.5,  -2.6, 140.6,  76.4, 858.0,   0.7,   0.6
78450,   1.7,   0.7,  -2.8, 116.9, 123.0, 891.2,   0.5,   0.5
78474,   1.7,   1.4,  -3.5, 214.8,-198.5,1341.1,   0.1,   0.3
78502,  -3.0,   2.1,  -3.1,-276.1,-131.4, 991.3,   0.6,   0.8
78526,   0.2,   0.5,  -2.9, -40.8,  47.1, 939.5,   0.6,   0.8
78550,  -0.3,  -1.1,  -5.3, 278.1, -92.8,1024.7,   0.4,   0.4
78574,  -0.5,   1.7,  -7.1, 103.8,  93.7, 815.2,   0.2,   0.2
78602,  -0.7,   5.1,  -5.4,-305.4, 461.4, 739.8,   0.4,   1.0
78626,   5.2,   0.5,  -3.5, 106.9, 179.4, 903.4,   0.8,   0.9
78650,   2.3,  -2.9,  -5.9,  70.3,  77.4, 927.1,   1.1,   1.0
78678,   3.0,   5.5,  -5.7,-246.3,  92.3, 803.8,   0.7,   1.2
78702,   2.7,  -1.0,  -0.8,  13.7, -11.0, 892.9,   0.4,   1.1
78726,   0.8,   0.8,  -1.5, -63.7,  49.8,1081.6,   0.2,   0.9
78750,   1.3,   4.0,  -4.6,-268.6,-105.2, 989.6,   0.3,   1.2
78778,   3.9,  -0.6,  -4.0,  28.1,   4.1, 962.2,   0.3,   1.3
78802,   3.0,   1.9,  -4.6,  61.8, -11.2,1140.4,   0.0,   1.1
78826,  -1.4,  -1.1,  -6.0,  84.2, -97.9,1369.4,   0.3,   1.2
78850,   1.4,   4.9,  -7.9,-305.4,  -7.8, 815.2,   0.3,   1.9
78878,   2.5,  -6.7,  -4.7, 358.9, -53.0,1136.8,   0.3,   1.3
78902,   1.3,   4.9,  -8.1, 308.6,   2.4, 929.5,   0.2,   0.8
78926,  -4.6,   1.8,  -8.8, 201.9,  28.8, 855.8,   0.3,   0.4
78950,   8.3,   6.0,  -2.0,-134.8, 337.9, 555.2,   0.6,   2.1
78978,   1.2,   1.8,  -3.7,-101.3,  -5.4, 903.1,   1.3,   2.0
79002,   0.8,   1.1,  -5.3,  18.5, -68.1,1252.7,   1.2,   1.8
79026,  -1.1,   1.3,  -0.5,-179.0,-112.3, 977.4,   1.2,   1.9
79050,  -0.5,  -1.4,  -0.1, -26.9, -29.3,1046.7,   0.8,   1.7
79078,  -1.7,  -1.8,  -1.7, 293.9,-178.0,1028.6,   0.7,   1.6
79102,   1.3,  -0.1,  -6.0,  -8.6,  90.6, 974.2,   0.9,   1.7
79126,   2.5,   1.0,  -5.9, -97.4, -57.4, 975.4,   1.0,   1.9
79150,   1.3,  -7.1,  -1.1,-227.5,  63.0, 776.4,   1.1,   2.4
79176,   0.9,  -8.3,   0.8, 184.1,-222.2,1186.8,   0.8,   2.3
79200,  -1.9,  -3.3,  -3.1,  11.7, -40.5, 956.4,   0.9,   2.0
79228,  -0.6,  -2.9,  -1.7,  85.0, -63.5, 962.9,   0.8,   1.7
79252,  -3.8,  -1.8,  -5.3, 171.1,  44.4, 899.0,   1.1,   1.1
79276,   0.3,  -1.7,  -2.7, -40.0,   6.3,1044.2,   0.9,   1.6
79300,   2.6,  -3.2,  -0.9,  53.9,  69.6, 798.6,   1.4,   1.7
79328,   2.4,   0.0,  -4.1, -48.6, 186.8, 773.0,   1.4,   1.5
79352,   2.3,  -2.0,  -2.4,  82.0, 123.8, 982.2,   1.4,   1.4
79380,  -0.2,  -2.3,  -3.1,-125.0,   3.7, 949.0,   1.4,   1.5
79400,   2.4,  -2.5,  -1.9,-164.3,  65.9,1046.2,   1.5,   1.8
79428,  -0.3,  -0.7,  -0.9,  72.3, -30.8, 966.9,   1.5,   1.0
79452,   2.7,  -2.4,  -3.1,-187.5, 166.0, 804.7,   1.6,   0.9
79476,   0.8,  -5.4,  -1.3, 154.0,  68.6,1063.3,   1.8,   1.0
79500,   1.5,   1.6,  -0.4, 164.8,  45.2, 958.3,   1.4,   0.4
79528,   3.6,   4.7,   0.3,  42.5,  87.9,1265.0,   1.1,   0.2
79552,   2.4,   4.9,   1.7,-111.3,  94.2, 824.5,   1.5,   0.5
79576,   0.8,   4.6,   1.4,   2.7,-127.9,1155.3,   1.4,   0.5
79600,  -0.1,   3.5,   1.5,  -5.9,  41.0, 995.7,   1.6,   0.6
79628,   9.4,  13.0,   1.8,-416.5, 281.2, 925.1,   1.1,   0.7
79652,   5.1,   2.9,   5.9, 156.5, 124.7,1094.1,   1.5,   0.7
79676,   3.7,  10.3,   1.8,-481.9,  -7.8, 737.9,   1.8,   1.3
79704,   0.0,   2.5,   2.6,  83.7,  98.4,1040.1,   2.1,   1.6
79728,  -1.0,   1.8,   3.3,-140.1,  72.0, 982.2,   2.0,   1.8
79752,  -3.9,   0.6,   1.5,-159.4, -60.6,1124.1,   1.7,   1.8
79776,  -0.8,  -3.8,   2.6, 336.7, -35.2,1243.7,   1.6,   1.4
79804,   0.7,   0.1,   0.7,-151.9,  16.1, 987.4,   2.0,   1.9
79828,   0.7,   0.3,   2.8, -79.8, -68.6,1075.7,   1.9,   1.9
79852,   0.6,   5.2,   5.8,-211.2, -42.7, 888.2,   1.6,   1.8
79880,  -0.2,   0.8,   6.8, -17.3, -18.6,1191.5,   1.6,   1.8
79904,   0.8,   4.4,   7.1,-161.9, -31.0, 991.0,   1.6,   1.7
79928,   1.1,   3.4,   8.7, -84.2,  36.9, 931.0,   1.8,   1.7
79952,   1.1,   0.2,   8.8, 173.3, -73.3,1077.0,   1.5,   1.4
79976,  -0.7,   1.6,   8.7,  -9.5,  -8.8, 939.3,   1.5,   1.4
80004,   9.4,   0.4,  14.8,-160.4, 282.7, 690.2,   1.4,   2.3
80028,   5.7,  -2.4,  12.6, 268.5, -22.0, 983.5,   1.9,   1.7
80052,   3.5,  -1.3,  10.8,-138.7,  15.6, 991.5,   1.9,   1.8
80076,   0.7,   0.7,  10.5, -57.9, -65.9, 956.6,   1.5,   1.5
80104,   0.6,   3.3,  12.7,  22.0,-110.4,1107.0,   1.2,   1.0
80128,   0.4,   5.6,  16.4,-373.1,  87.9, 868.7,   1.5,   2.1
80152,   2.6,   4.4,  13.5, -99.1,  84.5,1089.2,   1.6,   1.3
80176,   3.8,  -2.9,  12.6,   4.1, 135.2, 873.6,   1.8,   1.5
80204,   3.6,   7.9,  12.1,-234.9, -50.5,1047.7,   1.3,   1.3
80228,   5.7,   4.6,  15.9,-185.6, -52.0, 979.3,   0.9,   1.2
80252,  10.7,   8.1,  16.4, -84.2, 278.8, 874.3,   1.2,   1.0
80276,   4.4,   6.6,  15.0,-146.7,  61.3, 942.9,   1.9,   1.4
80304,   5.6,   4.1,  14.0,-341.8, -76.2,1066.5,   1.9,   2.0
80328,   2.5,   1.9,  10.1,-241.2,  17.8,1108.5,   1.8,   1.7
80352,   0.9,   3.4,  10.7,-125.7, 208.7, 903.1,   2.0,   1.1
80380,   2.6,  -2.0,  18.1,  30.5,  41.5,1280.8,   2.0,   0.9
80404,   6.0,   7.1,  15.9,-116.0, 189.4, 686.3,   2.9,   0.5
80428,   4.6,   4.0,  10.4, -96.0,  25.9, 888.5,   2.7,   0.7
80452,   1.6,   0.5,   9.6,  76.9,  18.5, 939.8,   2.6,   0.4
80476,  -0.1,   3.6,  10.4,-125.7,  84.5, 979.3,   2.7,   0.4
80504,   1.5,   6.0,   7.7,-263.2,   3.7,1002.3,   2.8,   0.3
80528,   1.9,  -3.0,  10.8, 146.7,  81.0,1110.9,   3.1,   0.5
80552,  -3.7,   0.9,   3.8, 212.2,-587.7,1510.3,   2.9,  -0.4
80576,   6.8,   6.0,   9.8,-280.0, 188.7, 636.8,   2.8,   0.7
80604,   5.5,   5.7,   5.0,  42.5, 136.2,1176.6,   2.9,  -0.6
80628,   3.7,   5.7,   3.7,  27.6,  50.0,1194.9,   3.8,   0.2
80652,   1.6,  -1.4,   1.6,  73.0, -79.8, 995.9,   3.9,   0.4
80676,  -0.2,   0.5,   0.2, 143.1, 147.2, 982.5,   3.9,  -0.2
80704,  -5.7,  -4.6,   6.1,  26.1,-462.2,1553.8,   3.4,   0.1
80728,   1.8,  12.8,  -0.4,-111.6,  27.3, 784.5,   3.9,  -0.3
80752,   1.9,   2.4,  -2.4,  11.5, 200.9,1108.7,   4.0,   0.1
80780,  -0.6,  -0.0,  -1.4,-274.9,-148.9,1017.9,   4.2,   0.5
80802,  -0.9,  -0.0,  -0.4, -98.9, 120.6,1006.7,   4.1,   0.3
80830,   1.4,   3.5,  -1.3,  87.9, 178.5,1003.0,   4.0,  -0.0
80854,  -1.6,   3.8,  -1.6,  29.8,   7.6, 960.5,   4.0,   0.0
80882,  -0.4,   2.7,  -0.2,  33.0, -33.2,1009.1,   3.9,   0.0
80902,  -1.4, -12.5,   4.0, 250.2, 176.7, 960.8,   4.9,   1.1
80930,  -3.3,  -3.4,  -0.9, 207.3, 262.9, 907.0,   5.2,   0.5
80954,  -2.2,   1.0,  -1.6, 197.0,  -6.4, 990.8,   4.6,   0.2
80978,  -4.8,  -3.7,   1.4, 339.6, 126.5, 944.6,   4.5,   0.2
81002,  -4.0,   0.2,  -3.6, 146.5,-144.3,1145.6,   4.0,   0.1
81030,   0.2,   8.2,  -4.6,-481.9, 494.1,1133.8,   4.3,   1.2
81054,  -0.9,  -0.1,  -0.6,  86.9, 292.7, 863.6,   4.8,   1.2
81078,  -1.2,  -6.2,  -4.4, 233.4,   1.7,1105.0,   4.7,   0.8
81102,   0.6,  -1.0,  -4.2,  77.1,  31.7, 878.2,   4.6,   1.2
81130,  -2.4,  -2.6,  -0.1, 219.2, -38.8,1076.5,   3.9,   0.8
81154,  -0.1,   6.7,  -2.4,-101.6,   8.3,1033.3,   3.9,   1.0
81178,   1.3,   3.5,  -2.2,-214.4,  66.6,1306.0,   4.1,   1.1
81202,   0.5,   4.7,  -2.1,-218.3,  77.1,1058.7,   4.2,   1.1
81230,  -0.9,  -0.1,  -3.1, -80.6,-181.9,1154.4,   3.6,   1.0
81254,  -2.5,   5.1,  -1.8, -52.7,-210.9,1529.6,   3.4,   0.7
81278,  -1.2,   7.1,  -2.8,-342.3,-205.8,1115.5,   3.7,   1.3
81302,   1.0,   6.4,  -2.6,-571.3,  54.7, 896.3,   3.7,   2.0
81330,  -1.3,  -2.4,  -1.1, -72.3,  -8.8, 899.2,   3.3,   1.8
81354,  -3.6,  -1.8,  -5.7, 168.0, -23.2,1137.0,   3.3,   1.1
81382,   0.3,  -9.4,   5.7,-128.2, 117.7, 899.2,   3.4,   1.0
81402,   2.8,  -4.9,   5.9, 202.6, 228.3, 941.7,   3.7,   0.5
81430,   1.4,  -4.0,  -0.4,  67.4, 105.0,1050.8,   3.8,   0.0
81454,  -0.4,   0.9,  -0.9,-103.8, -13.9, 842.1,   3.8,   0.6
81478,  -0.1,  -0.3,   1.4, 131.1,-142.3,1118.7,   3.3,   0.2
81502,  -0.8,  -0.1,   1.5, -41.0,  73.0,1065.5,   2.9,   0.4
81530,   2.7,   1.9,   2.6, -24.9, 133.3, 735.4,   3.2,   0.6
81554,   1.1,   1.7,   2.6, -96.0,   8.8, 957.6,   2.9,   0.8
81578,   3.5,   1.7,   1.6, -93.0, 122.3, 831.4,   2.8,   1.0
81602,   5.2,  -0.4,   1.5,-184.8,  57.1, 595.0,   2.9,   1.5
81630,   0.5,  -1.4,   2.5, -27.6, 287.8, 831.8,   3.7,   1.4
81654,  -0.6,   1.1,   1.0, -52.0, 127.2, 685.4,   3.4,   1.3
81678,   3.6,   3.8,   3.5,-360.4, 657.9, 832.1,   3.2,   1.5
81702,   3.7,   0.4,   4.6, 243.4, 304.2, 913.1,   3.8,   0.9
81730,   3.1,   0.7,  -3.4,-299.6,  91.1, 990.5,   4.0,   1.2
81754,   0.7,   1.0,  -0.3, 113.0,  17.3,1042.8,   4.0,   1.1
81778,  -2.3,   7.5,  -1.4, 104.2,  19.8, 994.9,   3.7,   1.0
81802,   0.2,   1.6,   1.2,-144.3,  75.4, 961.0,   3.2,   1.4
81830,   2.5,   6.9,  -1.8,   9.8,-121.6,1121.4,   3.6,   1.2
81854,   1.6,   1.5,   1.6, -88.6, 248.3, 649.0,   4.3,   1.6
81882,  -1.4,   3.7,   0.9, -83.5, 198.7,1028.6,   4.4,   1.7
81906,   2.0,  10.4,  -0.8,-202.2,  21.0,1233.2,   4.3,   2.0
81930,   0.9,   2.9,   2.2,-242.9, 123.0, 823.5,   4.3,   2.5
81954,   1.2,   2.0,   0.2, -23.2, -45.4, 940.5,   3.9,   2.3
81978,  -1.2,   1.8,  -1.3,  88.6,  57.4, 900.9,   3.9,   1.8
82006,  -0.1,   9.3,   1.5,-366.2, -67.9,1061.8,   3.4,   1.9
82030,  -1.2,   6.9,   0.5, -35.7,  70.3, 841.1,   3.3,   1.8
82054,   0.6,  -2.5,  -1.7,  55.9,  20.5,1111.1,   3.2,   1.8
82078,   1.6,   2.6,  -1.8,-182.1,  58.1, 785.5,   3.2,   2.2
82106,  -0.8,  -4.9,   0.1, 291.0, -64.5,1314.3,   2.8,   1.6
82130,   0.6,  -0.3,   0.1,  31.5, -55.7,1077.5,   2.8,   2.0
82154,  -1.4,   5.2,  -1.3,-218.5,  17.1, 891.9,   2.7,   2.0
82178,  -0.3,  -1.3,   0.1, 137.9, -48.1,1113.6,   2.4,   1.6
82206,   2.0,  -5.3,   1.5, 145.5, -22.0,1143.9,   2.6,   2.1
82230,   1.0,  -5.2,   1.5,   2.7,  47.8, 921.2,   2.6,   2.5
82254,  -0.4,  -5.4,  -4.1, 180.7,  24.6,1015.9,   2.4,   2.0
82278,  -0.5,   0.7,  -5.0,  67.6, 288.6, 690.5,   2.6,   1.3
82306,   1.8,  -3.5,   4.3, -71.5, 460.2, 951.5,   2.5,   1.7
82330,  -1.7,   2.5,  -2.4,  75.4,   1.7, 895.1,   2.2,   0.7
82354,  -1.9,   5.3,  -5.5,-383.3, -34.2,1177.8,   2.3,   1.1
82382,  -0.0,  -4.0,  -1.3, 155.0,-153.8,1278.4,   2.1,   0.9
82406,  -1.1,   2.5,  -1.5,-312.5, 147.7, 785.0,   2.4,   0.8
82428,  -4.8,  -5.7,   0.5, 246.1,-302.0,1536.2,   2.2,   0.9
82456,   0.6,   2.9,   0.4, -36.1, 383.5,1079.4,   2.4,   1.0
82480,   0.0,   4.3,  -1.2,-228.3, -27.8,1074.3,   2.5,   1.5
82504,   2.0,  -0.3,  -1.2,   2.7, 128.9, 866.3,   2.9,   1.4
82528,   1.3,  -4.5,   1.1, 114.0,  59.1, 872.6,   2.6,   1.4
82556,  -2.6,   9.0,  -2.9,   1.5,-397.2,1441.7,   2.2,   1.2
82580,   2.1,  -1.8,   4.4,-122.3, 319.6, 775.0,   3.1,   2.5
82604,   1.3,  -0.5,  -2.3,  11.7,  33.7, 945.1,   3.8,   1.7
82628,  -2.0,  -8.4,  -0.6, 326.9,-223.6,1252.5,   3.9,   2.0
82656,  -0.1,   4.0,  -1.0, -47.4,-187.5, 930.5,   3.4,   1.8
82680,  -3.1,   3.8,  -0.7,-370.9, -46.9, 831.4,   3.3,   2.4
82704,  -0.4,  -5.9,   2.1, 207.8,  40.0, 927.1,   3.4,   2.3
82728,   2.1,   0.2,   0.5,  75.4, -53.5,1032.3,   3.2,   2.2
82756,  -1.1,  -5.1,  -0.6,  42.7,-343.5,1329.6,   3.6,   2.6
82780,   1.6,  -2.5,   1.6,  46.1, 125.0, 878.5,   4.1,   2.5
82804,  -1.3,   5.8,  -4.5,-241.2,  54.9, 853.6,   4.3,   2.4
82828,  -6.3,   2.4,  -4.2,  52.2, -10.0,1051.6,   4.2,   1.5
82856,  -4.7, -11.8,   7.3, 206.3,  60.3,1375.3,   4.2,   2.7
82884,  -0.4,   6.5,   0.8,-530.8,  90.8, 967.6,   4.3,   3.4
82904,   0.6,   3.8,  -4.3,-486.8,  36.9, 814.5,   4.4,   3.8
82928,  -1.4,  -5.2,  -0.6,-128.2, 189.0, 899.2,   4.6,   4.1
82956,  -1.6,   6.8,   0.2,   7.3, -72.3,1140.9,   4.3,   3.1
82980,   3.7,   3.5,   0.3, -94.7, 499.5, 859.4,   4.4,   3.1
83004,   1.9,  -1.3,   2.1, -23.4, 111.3, 904.8,   4.0,   3.3
83032,   0.1,   3.0,  -1.0,  94.0, 106.2, 963.9,   4.2,   2.8
83056,  -1.0,   0.8,  -1.6, 150.4, -60.8,1272.3,   4.3,   2.5
83080,  -1.6,   1.1,  -1.7,-110.8, 157.5, 678.3,   4.6,   2.7
83104,  -8.3,  -2.5,  -2.4, 428.0,-457.3,1848.0,   3.9,   2.6
83132,   3.0,   4.1,   0.8, -16.9, 204.6, 747.9,   4.1,   2.7
83156,  -0.4,  -1.4,  -4.3,-146.7, 237.8, 775.4,   4.8,   2.5
83180,   0.0,  -4.1,   1.2, 228.8, 259.8,1095.8,   4.3,   2.3
83204,  -3.5,  -4.5,   0.9, 200.2,-256.4,1273.3,   4.0,   2.1
83232,  -0.6,  -1.7,   2.1, 153.3, 103.5, 732.2,   3.9,   2.1
83256,   3.1,  -0.5,   1.8,  83.7,  41.2, 997.6,   4.1,   1.9
83280,  -5.7,  -9.0,   2.6, 180.4,-282.2,1527.9,   4.5,   2.4
83304,  -0.8,  -3.6,   2.7,  85.0, -93.0, 972.7,   4.5,   2.3
83332,  -3.6,  -3.0,  -1.7,  31.0, -50.8, 984.7,   4.2,   2.0
83356,   1.6,  -0.1,  -0.4, 234.1, 336.7,1085.5,   4.1,   1.3
83384,  -8.1,  -0.1,  -0.9, -10.0, 114.2, 718.6,   4.0,   1.2
83404,  -7.4, -27.5,   8.7,1241.7,-242.4,1721.7,   4.8,   1.9
83432,   2.8,   3.2,  -1.2, -90.6, 149.2, 923.4,   5.0,   1.5
83456,  -2.4,  -4.1,   1.8, -49.8,-155.5,1005.2,   5.0,   2.0
83480,  -0.6,  -0.4,   1.6, 144.3,  99.1,1127.5,   4.8,   1.4
83504,  -2.5,  -2.0,   2.4,  72.0, 242.4, 960.5,   4.6,   1.5
83532,  -3.1,  -2.4,   3.0, 170.9,-294.2,1146.3,   3.8,   1.3
83556,   2.7,  -2.9,   2.8, 278.3, 177.5, 804.5,   3.8,   1.1
83580,   3.3,  -1.1,   3.6,-233.4,  68.3, 668.8,   3.8,   1.6
83604,  -0.5,  -4.8,   3.0,-103.8, -59.3,1382.4,   4.2,   2.0
83632,  -4.0,  -6.1,  -0.2,  -9.0,-100.8, 757.9,   4.0,   1.7
83656,  -0.0, -15.8,   6.4, 561.5,  56.9,1049.1,   3.9,   1.8
83680,   5.3,  -1.4,  -1.4, 418.5, 293.7,1064.5,   4.3,   0.7
83704,  -0.6,   0.4,  -3.5,  22.0,  89.6, 931.9,   4.3,   0.9
83732,  -4.0,  -1.5,  -1.5, 309.8,  28.3,1028.9,   4.1,   0.8
83756,  -0.6,   3.8,  -2.9, -22.0,  23.9, 890.9,   3.9,   0.9
83780,  -1.4,  -4.0,   0.1, 254.9,-147.0,1145.1,   3.9,   0.8
83804,   0.5,  -0.5,   0.6, 115.7, 281.7, 927.5,   3.8,   0.8
83832,  -2.1,  -7.1,   1.0,  96.2, 235.8, 984.7,   3.5,   1.7
83856,   0.3,  -4.3,   1.4,  95.9,   9.8,1049.1,   3.8,   1.8
83884,  -2.5,   4.7,  -2.9,-257.6,  31.5, 695.9,   3.7,   2.3
83904,  -3.4,   5.7,  -4.1,-110.1,-509.8,1500.3,   3.2,   1.8
83932,   3.4,   6.9,   1.0,-191.7, 151.4, 774.0,   4.1,   2.2
83956,  -1.4,   3.3,  -2.6, -53.2,  53.2,1047.4,   4.3,   2.0
83980,   2.0,   0.0,  -0.0,  89.1, 322.0, 956.4,   4.2,   2.3
84004,  -5.9,  -2.9,   2.1, 176.0,  69.1, 861.1,   4.4,   2.1
84032,  -2.9,  -3.3,   2.6,  47.6,   1.0,1032.3,   4.3,   2.2
84058,  -3.0,  -1.0,  -0.7, 229.2,-564.0,1424.6,   3.9,   1.7
84082,   5.1,   6.8,   2.5, -96.9, 150.4, 618.7,   3.9,   2.0
84106,   1.4,  -7.4,   4.7, 535.2, 135.5,1265.9,   4.6,   2.1
84130,   4.4,   3.0,  -0.3,-387.9, 354.0, 527.6,   5.2,   2.9
84158,  -4.1,  -0.6,  -0.4, 318.1, -76.4,1098.2,   5.0,   2.1
84182,   7.8,  13.2,   5.7,-462.7, 568.6,1293.0,   4.6,   2.6
84206,   2.1,   7.7,   2.7,-717.8,   2.2, 681.9,   4.7,   3.4
84230,  -0.9,   1.9,   0.4,  26.6,-122.8,1263.5,   4.7,   2.7
84258,  -2.5,  -3.2,   3.2,-196.1,-106.7, 857.2,   5.0,   3.9
84282,  -0.3,   1.6,   3.0, 109.4,  15.1, 966.9,   4.7,   3.0
84306,  -0.3,   0.7,   0.5, 272.9,  45.6,1411.9,   4.3,   2.6
84330,   1.7,   4.6,   3.5,-221.4, -80.6,1015.4,   3.9,   3.5
84358,   0.7,   1.2,  -1.8,  -5.9, 599.6, 822.8,   5.3,   2.9
84386,  -6.7,  -3.9,   1.9, 119.1,-156.5,1060.6,   4.9,   2.6
84406,  -6.8,   3.0,  -0.6, -24.7,-159.9, 957.3,   4.3,   2.4
84430,   3.0,   6.8,   2.7,-380.1, 553.2, 905.1,   3.8,   2.8
84458,   1.9,  -4.6,  -1.3, 208.5, 209.9,1158.5,   4.9,   2.0
84482,   1.8,   6.0,  -4.3,-486.6,-120.4,1003.7,   5.0,   2.5
84506,   0.3,  -0.9,  -0.4,   8.5, -81.3,1144.1,   4.4,   2.1
84530,   1.7,   5.2,  -1.1,-179.0, 400.6, 848.2,   4.1,   1.8
84558,   0.2,   4.7,  -0.6,-208.3,-138.9, 797.4,   4.3,   2.0
84582,   3.3,   1.0,  -0.4, 191.6, 251.9,1242.2,   4.0,   1.6
84606,   1.1,   4.0,   0.1,-321.8,  32.0, 563.3,   3.6,   2.1
84630,   0.5,  -0.7,  -1.0, 347.2,  -1.5,1254.5,   4.0,   1.8
84658,   0.6,  -1.5,  -3.1,-356.2, 177.5, 545.0,   4.5,   2.8
84682,  -9.7,  -0.4,  -3.1,  40.8,-1077.6,1889.7,   3.5,   2.0
84706,   3.5,  13.4,   1.3, 272.9, 294.7, 895.3,   3.9,   1.6
84730,  -1.2,   4.0,  -4.5,  60.5,-123.5,1203.7,   4.0,   1.1
84758,   1.1,   5.4,  -2.2,-273.4, -56.9,1004.5,   4.0,   1.9
84782,   5.6,   4.8,  -0.4,-250.3, 291.2, 545.2,   4.0,   1.6
84806,  -0.5,  -8.4,   2.9, 122.6, 181.9, 840.9,   4.1,   1.8
84830,  -0.0,   0.0,   1.4,  -1.0, 303.2, 895.8,   3.9,   1.6
84858,   1.8,   6.2,  -0.4,-128.4, -39.1, 919.0,   3.2,   1.3
84886,   3.8,  10.5,   1.6,-478.8,  68.8,1106.0,   3.3,   1.9
84906,   3.0,   9.6,  -2.5,-494.4, 388.4, 988.8,   4.9,   2.4
84930,  -8.7,  -1.0,  -1.9, -89.8, -88.4, 907.0,   5.2,   2.4
84958,   4.2,  -2.5,  -1.8,  82.3, 218.7,1248.3,   5.3,   1.4
84982,   3.3,   2.2,  -8.4,-105.0, 206.0, 764.5,   5.6,   1.6
85006,   1.8,  -2.6,   0.9, 330.6, -46.4,1097.2,   4.9,   1.7
85030,   0.5,   2.3,   1.2,  -9.8, 205.1, 849.2,   4.8,   1.8
85058,  -1.7,   4.4,  -2.3,-116.0, 119.6, 783.5,   5.1,   1.7
85082,   2.3,   4.3,  -3.9,-267.3,  26.8, 976.6,   5.0,   2.1
85106,   2.0,  -4.9,   0.8, 152.8,-485.6,1318.9,   4.6,   2.0
85134,   0.8,   5.1,  -1.8,-279.5,  48.1, 764.2,   4.6,   2.4
85158,   1.3,  -5.9,  -1.2, 124.0,-111.1,1035.0,   4.2,   2.2
85182,  -7.0,   0.8,  -2.7, 123.0,  36.6, 854.8,   4.4,   1.5
85206,   3.8, -17.1,   6.2,1677.2, 484.4,1387.5,   4.9,   1.5
85234,  -5.0,   5.7,  -7.3,-511.0,-487.3,1096.7,   5.5,   2.2
85258,  -3.4,  -4.7,  -0.3, 185.1, -42.0,1120.2,   5.4,   2.4
85282,  -2.4,  -1.7,  -0.9, 178.0, 181.4,1118.5,   5.3,   2.1
85306,   1.0,   2.4,   0.5,-117.2, 376.9, 617.0,   5.6,   2.4
85334,   1.6,   6.0,  -1.3, -69.1,  20.5, 758.6,   4.7,   2.0
85358,  -0.9,  -7.9,   4.3, 107.7,  23.2,1068.9,   5.4,   3.0
85386,   3.3,  -1.1,  -0.7, 158.9, 198.2, 788.9,   5.6,   2.7
85406,  -0.1,  -3.5,  -0.7, 151.1, 576.4, 446.1,   6.0,   2.5
85434,  -1.1,  11.5,   2.1,-215.1,-467.3,1912.9,   4.5,   2.1
85458,   5.6,  -0.8,   3.7,-502.7, 540.0, 806.2,   6.1,   2.6
85482,   4.4,  -0.6,   3.2,-183.6, 187.0, 730.5,   6.5,   2.6
85506,  -1.7,  -0.4,   3.9,  14.6,  88.4, 782.8,   6.6,   2.7
85534,  -7.8,  -2.1,   4.8, 244.1,-159.2,1171.9,   5.5,   2.3
85558,   0.1,   5.8,   2.7,-205.1, 418.7,1095.8,   5.3,   2.4
85582,  -3.4,   1.1,   1.3,-142.8,  67.6, 879.2,   6.0,   2.1
85606,  -0.7,  -1.9,   5.9, -16.6, 165.3, 700.7,   5.5,   2.1
85634,  -4.5,  -0.3,   4.8, 230.2,-248.3,1090.1,   4.7,   1.6
85658,  11.0,   8.9,   6.3,-246.1, 157.7,1439.8,   4.2,   2.1
85684,   4.5,   2.2,   2.3,-415.8,  59.3, 776.9,   5.4,   2.4
85708,   0.0,  -1.7,   0.8,-190.9, 274.2, 817.0,   5.3,   2.3
85732,   0.1,  -7.2,   3.3, 331.5,  14.6,1000.5,   4.9,   1.9
85756,  -0.6,   2.1,   2.7, 282.5,-263.0,1383.6,   4.4,   1.4
85784,  -0.6,  -5.1,   2.6, 176.5, 113.0,1046.9,   4.9,   1.7
85808,  -1.4,  11.5,   0.1,-457.5,  56.1,1092.3,   4.9,   2.3
85832,  -1.7,  -5.2,   2.1, -64.7,-396.5,1354.1,   5.4,   2.6
85856,  -1.1,  -6.1,   4.4,  59.8, 237.0, 881.2,   5.5,   2.3
85884,  -2.2,   2.1,   0.3, 155.0,-117.9,1105.5,   5.2,   2.1
85908,   6.4,  10.4,   7.3,-181.6,-274.7,1881.7,   4.7,   2.5
85932,   4.7,   3.8,   1.8,-649.7, 111.8, 783.0,   5.6,   3.3
85956,   5.6,  -0.8,  -0.5,-221.9, 221.2, 809.1,   5.7,   2.8
85984,  -2.3,  -5.6,   2.3, 132.6,-253.7, 930.2,   5.1,   2.6
86008,  -3.1,  -2.4,   2.9, 224.1,  87.1, 792.1,   5.2,   2.3
86032,   3.6,   5.8,   0.5, -84.0, 307.6, 697.8,   5.0,   2.3
86056,   1.6,   2.2,   1.6, -17.8, 100.1, 826.5,   4.7,   2.5
86084,   1.7,  11.2,   0.1,-665.3, 128.2, 488.6,   4.9,   2.9
86108,   4.1,  -6.4,   4.2, -55.2,  58.6,1106.3,   5.1,   2.8
86132,  -3.7,  -4.2,   2.4, 416.3,-206.1,1004.7,   4.6,   1.6
86156,   1.5, -13.0,   2.9, 407.7, 201.9,1014.7,   4.4,   2.3
86184,  -0.4,  -0.5,   0.7, 215.1,-296.4,1108.2,   4.9,   1.7
86208,  -4.1,  -0.0,   3.2,  16.8,-148.2,1098.0,   4.6,   1.9
86232,  -0.7,  -2.8,   4.4, -68.6,  88.1, 943.7,   4.3,   2.5
86260,  -0.8,  -1.8,   0.2, 142.6, -97.7,1064.3,   4.1,   2.0
86284,   0.9,  -3.8,   1.2,  80.6, 163.8, 987.4,   4.6,   2.9
86308,   5.1,  -0.9,  -0.1,-387.0, 133.0, 530.1,   4.7,   2.9
86332,   1.6,  -6.4,   2.9, -12.0, 242.2, 758.1,   4.5,   2.5
86360,   2.0,   4.0,   1.5, -43.7, 237.8, 772.0,   4.0,   2.2
86388,  11.9,   3.3,   4.3,-761.5, 584.0, 460.3,   5.2,   3.1
86408,   2.7,  -4.8,   0.5,-359.4, 284.7, 777.9,   6.4,   3.0
86432,  -1.7,  -0.5,   0.8, -36.6, -76.2,1311.1,   5.9,   3.0
86460,   1.3,  -0.3,   0.1, -65.4, 395.7, 627.3,   5.8,   2.6
86484,  -0.3,   4.0,  -0.7,-106.7, 163.8, 764.7,   5.9,   2.5
86508,   1.1,  -0.9,   1.4, -66.9,  85.2,1090.4,   5.6,   2.8
86532,   1.8,   6.2,   0.1, -84.7,-260.0, 901.9,   4.8,   1.9
86560,   4.1,  10.9,  -2.3, -65.2, 466.3,1527.9,   4.9,   1.4
86584,   5.0,   6.1,   1.6,-900.9, 392.1, 413.1,   6.0,   3.2
86608,  -6.7,  -3.9,   3.7,  98.6, -12.0, 938.3,   5.7,   3.0
86632,  -9.5, -22.3,   7.5, 881.1,  88.9,1528.1,   5.4,   3.3
86660,   4.1,   4.3,   0.4,  40.5, 155.8, 869.0,   5.9,   2.9
86684,   3.5,   0.8,   2.1, -94.0, 208.5,1103.3,   5.8,   3.3
86708,   1.4,  -0.2,   3.2,  52.2, 213.1, 850.2,   5.6,   3.0
86732,  -3.7,  -5.4,   1.0, 363.3,  -6.8,1135.6,   5.2,   2.4
86760,  -0.9,  -7.7,   0.5, 202.9, 105.9,1151.4,   6.0,   2.8
86784,  -4.1,  -0.6,   3.5,  16.4, 286.6,1069.4,   5.7,   2.5
86808,  -0.7,   0.5,   4.5,-232.9,  67.9, 698.5,   5.1,   3.2
86832,  -8.3, -10.6,   0.2, 808.1,-411.6,1699.8,   5.0,   2.2
86860,  -1.6,  -6.0,  -2.2, 207.5, 117.7,1310.4,   5.8,   2.2
86888,   0.2,   7.8,  -1.8,-512.0, -40.3, 905.8,   5.6,   2.9
86908,  -3.3,  -3.8,   0.2,  -7.6, -48.8, 939.3,   5.6,   3.0
86932,  -3.9,  -1.4,  -0.0, 268.8,-435.1,1533.0,   5.2,   2.6
86960,  -0.3,  -4.5,   1.0, 114.0, 158.7, 967.8,   5.7,   2.9
86984,  -0.0,   6.2,  -3.1,  75.9,-399.7,1339.9,   5.1,   1.8
87008,  -0.1,   5.2,  -1.3,-128.4, 273.7, 848.2,   5.9,   2.0
87032,   1.7,  -9.8,   3.8, 154.0,  78.8, 622.6,   5.7,   2.2
87060,  -7.2,   1.5,   0.5, 437.2,  63.5, 818.4,   5.9,   1.2
87084,   3.6, -20.6,  11.8,-266.9, 984.6, 108.2,   6.6,   2.6
87108,  -1.9,  -4.5,   2.6, 222.9, 291.2,1185.1,   6.7,   2.0
87132,  -2.9,  -6.0,   1.3,   1.5, -78.1, 979.3,   6.0,   1.9
87160,  -1.4,  -3.4,   1.9, 385.2, 203.8,1211.0,   5.7,   1.5
87184,  -0.6,   7.6,  -0.7,-471.9, 214.6, 541.1,   5.8,   2.2
87208,  -0.4,  -0.0,  -0.7, 133.3,-108.7,1195.4,   5.4,   1.7
87232,  -2.2,  -3.8,   0.8, -75.9, -81.8,1111.1,   6.2,   3.2
87260,  -1.5,  -6.4,   4.6, 141.8,  75.2, 935.4,   5.9,   2.7
87284,   0.0,   2.2,  -7.8, 194.8, 136.5, 848.9,   5.5,   1.4
87310,   3.0, -23.5,   4.7, 761.5, 260.7,1312.1,   5.2,   2.5
87334,  -0.5,  -7.1,  -0.3, 465.1,-376.5, 943.4,   5.2,   1.5
87358,  -1.3,  -7.6,   2.0, 472.9,  89.3,1239.6,   4.8,   1.7
87386,  -3.1,   6.3,  -0.6,-353.3,  41.5, 912.9,   4.7,   2.2
87410,  -3.8,  -3.1,  -0.9,  76.9, -18.3,1158.0,   4.9,   1.9
87434,  -0.1,  -4.8,   3.7, 200.2, 102.3,1050.6,   4.9,   2.2
87458,   5.5,  -7.9,   3.2, 369.9, 198.5, 990.5,   4.2,   2.0
87486,   4.1, -14.2,   0.9, 217.3, 677.5, 806.2,   4.8,   2.1
87510,  -1.2, -15.0,   3.4, 214.6, 252.9, 839.9,   5.2,   2.3
87534,  -5.5,   3.1,  -3.7, 490.2, -65.4,1199.8,   5.1,   0.9
87558,  -6.0,  12.9,  -5.1,-1093.8,-380.1,1345.0,   5.0,   1.9
87586,  -1.4, -11.6,   3.8, 306.6, 157.9, 995.4,   6.6,   2.1
87610,  -1.1,  -0.6,  -0.6, 158.9, 324.9,1083.1,   6.0,   1.6
87634,  -0.9,   3.6,  -3.4,-305.9,  -9.8, 867.2,   5.8,   2.0
87658,  -1.5,  -2.5,  -2.6, -37.4, 210.2,1046.7,   5.8,   1.9
87686,   0.8,   2.3,  -2.3,-111.6,-205.8,1096.2,   4.9,   1.8
87710,   0.1,  -1.8,  -2.1,-291.3, -17.8, 627.0,   5.0,   2.2
87734,   2.2,  -5.6,  -3.5,-167.2, 230.0, 760.8,   5.2,   2.2
87758,   1.9,  -5.0,  -2.4,  67.9, 259.0,1063.5,   4.9,   1.5
87786,  -2.3, -10.5,  -0.1, 731.0,  42.0, 997.1,   4.9,   0.8
87810,  -0.9, -20.9,   2.7, 813.5, 148.4,1399.2,   5.5,   1.3
87834,  -3.8,  -8.3,  -2.2, 598.4,   0.5,1195.9,   5.9,   1.0
87858,  -1.3,  -6.0,   0.5, 194.8, 139.6,1004.9,   5.5,   1.9
87886,  -2.3,  -8.7,   1.3, 405.5, -27.8, 949.3,   5.3,   1.2
87910,  -4.7,  -5.9,  -1.8, 262.2, -41.8,1279.1,   5.0,   1.2
87934,   0.8,  -4.5,  -0.2, 173.8, -86.9, 972.0,   4.1,   1.3
87958,   6.0,   6.9,  -3.1, -19.3, 176.3, 717.6,   4.1,   0.7
87986,   8.2,   7.1,  -4.5,  79.1, 504.6,1227.6,   3.6,  -0.3
88010,   1.4,   8.0,   0.1,-364.8,-132.8, 890.9,   4.2,   0.8
88034,  -3.6,   6.2,   0.4,-458.3, 156.2, 782.3,   4.0,   1.4
88058,   8.5,   9.6,   0.5,-1255.6, 738.5, 284.5,   3.8,   2.1
88086,  -0.2, -12.5,  -0.5, 471.7,-367.0,1423.6,   4.3,   1.9
88110,   6.9,  -3.4,   1.9,  74.7, 406.7, 930.5,   4.4,   1.6
88134,   2.4,   0.7,  -1.2,-166.5, 315.2, 722.5,   4.2,   1.7
88158,   6.6,   3.6,  -3.4, -53.0, 267.8, 765.7,   4.2,   1.2
88186,   5.1,  -2.6,  -1.7,-175.3, 293.7, 707.8,   3.9,   1.7
88210,   3.0,  -3.6,  -1.7, 526.1,-151.4,1265.0,   3.6,   1.3
88234,   6.1,  -2.1,  -4.3, 236.6, 312.7, 747.4,   4.3,   1.4
88258,   1.3,  -4.7,  -0.9, 305.2, -18.6, 844.1,   4.4,   1.4
88286,   2.2,  16.7,  -5.2,-1262.0,-198.7, 964.4,   4.2,   1.7
88310,   2.2,  -9.8,   0.8,-383.6, 252.7, 778.4,   6.4,   2.9
88334,   0.8,  -6.2,   2.9, 405.5,  47.8,1078.2,   6.0,   1.9
88362,   2.0,   8.2,  -1.3,-385.5, 370.3, 836.7,   6.0,   2.1
88390,   1.9,   4.2,  -4.3, -30.5, 176.7,1160.9,   6.1,   2.2
88410,   6.4,   4.5,  -2.5,-149.7, 327.1, 581.6,   6.3,   3.1
88434,   2.5,  -0.7,  -1.8, 123.5, -10.8,1006.7,   5.6,   2.7
88462,  -3.6,  -3.6,  -0.8,  13.4,  67.6,1047.4,   5.9,   2.9
88486,   0.0,  -0.2,  -3.7, -36.4,  64.7, 700.5,   5.9,   2.8
88510,  -4.5,  -9.2,  -3.0, 412.3,  22.2, 876.5,   5.4,   2.4
88534,  -2.5, -22.6,  11.4,1145.7, 587.4,1063.8,   5.9,   1.7
88562,   4.6,   4.9,  -7.0, -50.5, -57.4, 876.5,   7.2,   1.0
88586,   2.5,   0.7,  -1.3, 115.7,  -0.0, 982.5,   7.0,   1.7
88610,   0.1,   8.2,  -0.8,-165.5, -35.7, 796.7,   6.2,   1.7
88634,  -1.5,   0.5,   1.3, -47.1, 207.8, 961.5,   5.8,   1.5
88662,   0.3,   0.1,  -1.2, 218.0, -61.8,1107.5,   5.3,   1.3
88686,   2.0,   0.4,  -1.5, 201.9,  10.0,1248.3,   5.0,   1.2
88710,   1.4,   1.9,  -2.7, 201.2, -51.5, 993.5,   5.3,   1.3
88734,   3.0,   4.7,  -1.1,-337.2, -55.4, 749.1,   4.9,   1.8
88762,  -6.2,  -4.0,   3.1,  26.1, 157.5, 459.0,   4.6,   1.4
88786,   1.1,   7.6,   4.6, -32.7, 338.1, 843.1,   4.1,   1.1
88810,  -1.2,   0.2,  -2.9, 104.7, -39.8,1040.6,   4.8,   0.9
88834,   0.2,   3.6,  -0.6,-179.0, 313.0, 885.6,   5.1,   1.4
88862,   4.5,   2.9,   1.3,-427.7, 340.6, 542.3,   4.7,   1.6
88890,  -0.5,   3.4,  -1.9, -89.8, -24.4, 964.7,   4.5,   1.7
88910,   0.9,   4.4,   0.8,-106.9, 125.2, 574.8,   4.5,   2.1
88936,  -4.7,  -1.7,  -1.0,  89.3,-434.1,1274.0,   4.5,   2.3
88960,  -1.2,  -0.1,  -0.4,-101.6, 145.0, 913.1,   5.4,   2.7
88984,  -2.2,  -0.9,   0.4, -37.8,  27.1, 908.3,   4.9,   2.5
89012,  -5.2, -11.6,   7.2, 762.0, 397.2,1513.5,   4.8,   1.8
89036,  -1.1,  -3.9,   1.0, 409.7, 223.6, 922.4,   5.5,   1.2
89060,  -1.2,  -5.7,  -1.8, 151.8,-109.9,1076.0,   5.3,   1.7
89084,   2.7,  10.1,   0.1,-324.2, 538.1, 443.4,   5.7,   2.0
89112,  -1.5,  -2.1,   0.8,  93.7,-137.0,1097.5,   5.0,   1.7
89136,   3.1,   7.4,  -2.0,-312.8, 534.4, 528.4,   5.1,   2.1
89160,  -6.0, -13.5,   0.5, 554.4,  -2.0,1363.1,   5.8,   2.1
89184,  -3.8,  -0.3,   0.7, 479.5, -12.7,1130.7,   5.3,   1.5
89212,  -3.1,   1.1,   1.6,-325.9,  45.2, 726.9,   4.8,   2.4
89236,   7.1,  23.8,  -4.2,-814.2, 107.9,1682.7,   4.4,   1.0
89260,   2.0,   2.2,  -1.5,-1080.6, 340.3, 732.0,   5.8,   3.4
89284,  -1.7,  -5.0,  -0.9,-242.4,-265.9,1369.4,   5.8,   3.0
89312,   0.0,   1.6,   1.3, -42.0, -41.0, 953.4,   5.3,   2.5
89336,   1.0,  -2.5,   1.3, 104.2, 311.3, 606.0,   5.1,   2.0
89360,   1.6,  -1.8,   3.5, 342.3, 112.5, 865.3,   4.7,   1.9
89388,   4.4,   2.6,   1.4,-565.4, 202.6, 418.8,   5.2,   2.9
89412,  -0.3,  -5.4,   2.3, -39.3,  82.5, 939.5,   5.3,   2.7
89436,   2.7,   0.0,  -0.1,-130.6,  57.4, 809.1,   4.5,   2.3
89460,  -7.6,  -3.5,   2.9,-311.5,  36.4,1257.1,   4.3,   2.0
89488,   6.4,  12.0,   1.2,-806.4, 582.3, 310.4,   5.4,   2.9
89512,   3.8,  -7.2,  -0.2, 304.4, 231.7,1050.4,   5.6,   2.3
89536,   1.1,   3.4,  -2.0,-122.1,-156.3, 907.5,   5.2,   2.2
89560,  -5.9,  -5.5,  -0.6, 309.3,  33.2,1024.0,   5.0,   1.6
89588,  -6.0,   1.3,  -3.0,  48.6,-439.7,1098.2,   3.9,   1.3
89612,   1.5,   0.4,  -1.6, -93.0,  99.6,1431.9,   4.2,   1.9
89636,   5.3,  10.0,  -3.2,-551.0, 443.1, 761.8,   5.0,   2.6
89660,   1.3,  -1.0,  -2.0,-109.6, 543.2, 769.8,   4.9,   2.0
89688,   6.7,  -5.5,   4.4, 401.6,  84.9, 871.2,   4.5,   1.8
89712,   3.8,   0.7,  -3.5, 153.8,-112.8, 897.8,   4.8,   0.8
89736,   0.9,  -0.3,  -2.0,  -3.7,  68.6, 972.0,   4.9,   1.4
89760,   1.3,  -0.1,  -1.5,-194.3, -77.4, 970.0,   4.6,   1.4
89788,   2.7,   4.2,  -0.7,-101.8,-163.3, 961.0,   4.7,   1.2
89812,   3.3,   3.7,  -1.3, -82.3,  25.6, 928.5,   4.6,   1.4
89836,   1.4,   9.2,  -3.2,-490.5,-207.8,1119.9,   4.0,   1.6
89860,   0.9,  -6.4,  -3.4, -28.6, 200.4,1337.5,   4.9,   1.8
89888,   1.9,  -3.7,   0.2,-173.3, 229.2, 644.6,   5.2,   1.9
89912,   7.2,  -3.7,   4.3, -11.2, 243.4,1184.4,   4.7,   2.2
89936,  -1.2, -14.5,  -1.0, -83.5, 289.1, 653.9,   6.9,   3.4
89960,  -0.9,  -4.8,  -0.9, 115.5, -43.5,1168.8,   6.0,   3.2
89988,  -2.6,  -5.5,  -2.1, 199.0, 106.9,1080.9,   6.2,   3.0
90012,  -3.7,  -3.4,  -4.2,  -3.9, 137.0, 632.1,   6.3,   2.6
90036,  -1.0,  -2.3,  -2.2,-107.7,  84.9, 631.9,   5.9,   2.7
90060,  -1.2, -17.0,   2.9, 506.8,  66.4, 906.1,   5.7,   2.9
90088,   0.8,  -5.6,  -3.3, 137.7,-307.6, 762.8,   5.0,   2.8
90112,  -3.9, -10.6,  -3.2, 626.7,  42.2, 921.0,   5.5,   1.9
90136,  -8.9, -36.2,  14.2,1722.9,  95.2,1887.5,   6.5,   2.9
90160,  -6.6,  -2.1,  -0.7, 487.8, -78.6,1273.7,   6.2,   2.0
90188,  -2.0,  -2.1,  -2.9,  78.1,-481.7,1477.6,   6.5,   3.0
90212,   2.2,   0.7,   1.3,  -0.7, 537.6, 947.8,   6.4,   3.2
90236,  -3.7,   3.1,  -0.3,  72.7,-219.0, 913.1,   5.4,   2.5
90260,  -5.8,   8.1,  -3.9,-225.6, 576.2, 780.8,   5.9,   2.7
90288,  -2.8,  -2.8,  -1.3, -51.0,-311.0,1243.2,   5.7,   3.4
90312,  -3.4,  -0.9,   0.1,  54.4, 374.5, 843.3,   5.7,   2.6
90336,  11.9,  13.8,   3.7,-818.1, 505.8,1515.4,   4.8,   2.7
90360,  -0.1,  -4.8,   0.4,-521.2,  75.4, 798.4,   5.9,   3.1
90388,  -4.8,  -0.4,  -0.5, 108.4,-531.3,1538.9,   5.3,   3.0
90412,  -3.4,   8.3,  -4.9,-186.8, 273.9,1222.7,   5.5,   2.8
90436,  -0.1,   0.5,  -1.3,-151.6, 168.7, 715.6,   5.4,   3.0
90460,   4.1,   1.6,   0.7,-147.7, 243.4, 521.1,   4.9,   3.0
90488,   0.2,  -0.8,  -1.9,-108.2, -36.4, 600.6,   4.8,   2.8
90512,  -0.5,  -3.1,  -2.1, 490.0,  52.5,1222.7,   4.7,   2.4
90536,  -3.8,   2.7,  -6.3, 126.5, 360.3, 627.7,   5.3,   1.7
90562,  -1.4, -11.9,   5.5, 882.8, -94.7,1001.8,   4.4,   2.3
90586,   4.3,  -2.0,  -3.0, 383.8, 347.6, 812.3,   4.8,   2.0
90614,  -0.2,   0.1,  -2.3, 202.6,-302.3,1293.8,   4.8,   2.4
90638,   0.5,   5.1,  -1.7,-260.0, 480.0, 861.4,   4.6,   2.4
90662,  -1.4,   3.5,  -1.3,-302.7,-237.6, 937.3,   3.7,   2.4
90686,   3.8,  -0.0,   1.4,  28.8,  88.4, 826.5,   3.5,   1.8
90714,   4.1,  -7.8,   4.1, 218.7, 266.8, 763.7,   4.1,   2.0
90738,  -0.8, -13.0,   1.4, 510.7,  80.6,1020.1,   4.9,   2.0
90762,  -8.3,   4.2,  -6.2,-189.2,-109.4,1279.6,   4.9,   2.0
90786,  -3.9,  15.9,  -4.8,-581.3, 274.4, 635.1,   4.5,   2.4
90814,   2.1,   2.2,  -1.7,-105.2, 123.8,1038.6,   5.0,   2.4
90838,   3.3,   2.8,  -0.9,-133.8,  82.3,1070.6,   4.8,   2.3
90862,  -0.8,   4.9,  -0.1,-104.5,   6.6, 860.7,   4.5,   2.2
90890,  -1.1,  -5.1,  -0.6, 365.2,-218.3,1130.7,   4.2,   1.7
90914,   3.2,   3.0,   3.5,-823.0, -12.0, 708.8,   3.8,   2.8
90938,   1.4,  -8.4,   0.1, 240.0, 161.1,1175.4,   4.6,   2.4
90962,   2.8,   0.6,  -1.5, -46.1, 187.0, 844.8,   4.3,   2.0
90986,   8.9,   6.8,   5.9,-923.1, 536.9, 781.1,   4.3,   2.8
91014,  -7.5, -17.8,   2.1, 775.9,-134.5,1321.1,   5.0,   2.0
91038,  -3.4,  -0.0,  -1.2, -73.0, -84.7, 787.2,   5.1,   3.0
91062,  -0.5,   6.4,   0.8,  73.2,-101.3,1256.7,   4.7,   2.7
91086,  -1.8,  -1.1,  -0.1,  62.5,-110.4, 937.8,   4.7,   2.4
91114,  -0.1,  -0.6,   1.8,-113.5, 309.1,1300.6,   4.4,   2.4
91138,   2.0,   5.0,   1.5,-215.6,  96.2, 987.6,   4.5,   2.7
91162,   1.4,  -3.4,  -0.1,  86.9,  58.3, 819.2,   4.8,   2.1
91186,  -2.9,   2.8,  -0.1,  64.4, 241.7, 835.5,   5.3,   1.3
91214,   5.3,   4.5,   8.0, 145.7, 567.9, 926.6,   4.2,   1.6
91238,  -1.2,   7.4,   4.8,-101.3,-112.6, 852.1,   4.2,   1.4
91262,  -0.2,   4.3,   2.3,-561.0,  55.2, 793.5,   4.5,   2.3
91286,  -5.3, -11.1,   8.5, 452.9, -59.1,1537.2,   4.9,   2.2
91314,  -3.0,  -7.4,   5.6, 615.2,  75.9,1100.4,   4.3,   1.5
91338,  -2.2,   1.0,   4.9, 173.3,  -6.4, 953.4,   4.2,   1.4
91362,   2.3,  -0.5,   7.4, 184.3, -48.4,1196.1,   4.3,   1.3
91390,  -2.8,  -5.6,   8.8, 288.6,   4.6, 934.6,   4.1,   0.8
91414,  -9.5,  -0.8,   3.8, 157.7, -47.9, 670.7,   4.0,   1.1
91438,   0.4, -13.1,   6.6,1007.3, 170.9,1015.4,   4.8,   1.3
91462,   3.1,  -1.8,   0.9, 266.8,  27.6, 931.7,   5.2,   1.8
91486,   3.1,   1.1,   2.3, -45.2, 373.5, 860.2,   4.9,   2.0
91514,   4.0,  -4.5,   3.1, 248.3, 351.8,1289.4,   4.3,   1.7
91538,  -1.3,   6.3,   0.7,-307.6, -29.3,1012.5,   3.5,   1.8
91562,   5.4,   5.8,   3.8,-496.6,  -7.8, 594.8,   2.6,   2.2
91590,   9.5,   8.7,  -0.7, 308.1, 911.6,1912.2,   2.9,   1.0
91614,   0.3,   6.8,  -1.0,-859.6,  37.1,1074.3,   4.2,   2.6
91638,  -4.4,  -3.0,   4.2,-152.6, 205.6, 724.2,   4.1,   2.0
91662,  -0.2, -15.7,  11.3, 689.9,  72.7,1530.6,   3.2,   2.7
91690,  10.8,   4.3,  -0.6,  48.8, 414.5, 745.2,   3.9,   2.0
91714,  -0.1,  -5.4,   1.2, 270.0,-227.3,1323.1,   4.0,   2.1
91738,   2.9,   4.1,   2.4,-508.3,  90.1, 433.7,   4.1,   3.0
91762,   1.0,  -0.2,   1.7,  47.8, -12.7,1266.2,   3.9,   2.8
91790,   1.4,  -2.0,   1.0, 159.9,  19.8, 905.1,   3.2,   3.0
91814,   3.1,  -9.0,   2.8, 370.8, 381.1,1234.9,   3.9,   2.9
91838,   1.0, -10.3,   1.9, 725.6, 162.6,1028.4,   4.2,   2.0
91862,  12.9, -13.4,   6.9, 650.9, 169.9, 700.0,   4.9,   2.7
91890,   1.6,   6.8,  -5.1,-272.5,-111.8, 808.2,   4.7,   3.2
91914,   1.6,  11.0,  -1.8, -91.3, 234.4, 731.3,   4.0,   2.7
91938,   4.5,   3.1,   1.2,  22.0, 252.4,1073.1,   3.9,   3.0
91962,   1.8,   5.7,  -3.6,-289.6, 362.0, 868.5,   4.1,   2.7
91990,   4.2,   7.3,  -2.2, -78.1, -24.7, 911.4,   4.1,   2.7
92014,   3.1,   9.4,  -2.7,-574.5, 462.6, 342.3,   5.1,   3.1
92038,   1.9,  -9.4,   4.5, 218.3, -49.6,1224.4,   5.2,   3.1
92062,  -4.1,  -1.2,  -0.0,  68.1, 150.1, 684.9,   5.1,   2.3
92090,  19.8, -40.3,  10.3,-667.0,1618.4,-333.7,   5.7,   2.8
92114,   0.5, -31.4,   4.3, 763.2, 528.6,1287.4,   6.4,   2.0
92138,  -0.0,  -9.3,  -0.6, 115.2,-281.3, 923.4,   5.3,   1.9
92162,  -0.6,  -7.3,  -0.7, 210.4,-353.8,1094.3,   4.5,   1.8
92188,  -0.4,   0.5,  -2.5, 120.8,-124.5, 964.9,   4.2,   1.4
92212,   3.5,   8.7,  -6.0,   7.6, -32.2,1095.5,   3.6,   0.9
92240,   1.9, -15.0,   0.1,  -9.3, 357.7, 958.1,   4.6,   2.1
92264,  -3.6, -10.4,  -0.4, 576.9,-113.8,1311.1,   4.7,   1.6
92288,   5.3,  16.6,  -6.2,  15.1,   9.0,1289.9,   3.9,   1.5
92312,  -1.3,   9.9,  -5.7,-694.6,  74.5, 799.9,   4.7,   2.9
92340,   1.7,   3.3,  -4.3,-395.8, 498.0, 847.7,   5.7,   3.0
92364,  -0.6,   2.1,  -4.5,-299.6, 131.6,1129.7,   5.4,   2.7
92392,  -2.6,   3.4,  -6.0,-134.3,  41.2, 941.5,   5.3,   2.9
92412,  -0.9,   0.2,  -5.1, 345.0,-250.5,1189.0,   5.3,   1.8
92440,  -4.4,  -1.5,  -2.0,-212.7, 158.7,1231.5,   6.7,   2.8
92464,  -4.6,   3.6,  -3.1,-137.5,  90.3,1032.0,   6.8,   2.5
92488,  14.3,   7.3,  -0.2,-281.0,  73.5, 243.2,   6.6,   4.3
92512,  -2.1,  -7.3,  -3.7, 319.3,  89.6, 845.8,   7.5,   3.5
92540,  -8.4,  -1.7,  -1.9, 327.4,  44.4, 997.1,   7.4,   3.3
92564,  -7.2,   5.2,  -0.9,-295.2,-373.8,1450.5,   6.5,   3.6
92588,  -4.0,   2.9,  -3.5,-109.4, -18.8,1035.7,   6.2,   3.3
92612,   3.6,  -2.4,  -2.6,  46.6, 125.7, 914.4,   5.6,   3.5
92640,   1.9,   9.8,  -6.0,-171.6, 357.2, 668.8,   7.4,   3.6
92664,   1.6,  -0.3,  -5.0, 112.3, 352.8, 821.6,   7.1,   3.1
92688, -16.6,  -2.4,  -3.4, 217.8,-951.7,2109.9,   6.5,   2.8
92716,  -3.3,   1.8,  -1.7,-286.9,-177.5,1139.2,   7.4,   4.2
92740,  -3.6,  -3.1,  -2.2, 111.3, -13.7,1326.7,   8.3,   4.4
92764,  -0.9,   2.1,  -1.3,  50.5, 136.5, 933.7,   8.6,   4.2
92788,  -2.0,  -2.3,  -2.0, -39.1,-171.2,1041.1,   7.7,   4.5
92816,  -1.0,  -4.8,   0.7, 196.8,-236.1,1117.2,   6.6,   3.6
92840,  -1.8,  -6.7,   0.9, 408.9, 293.2,1073.8,   7.1,   3.8
92864,  -9.2,  -3.9,  -3.9, 213.6,-359.9,1072.1,   7.0,   3.6
92892,  -4.1, -23.6,  12.1, 971.9, 157.5,1187.6,   7.0,   2.2
92916,   2.9,  -3.6,  -0.7, 592.0, -68.9,1007.9,   7.0,   0.2
92940,   1.9,  -7.8,   2.4, 672.4, 212.9,1154.6,   7.1,   1.1
92964,  -0.5,   2.0,  -4.5,-272.5,-187.3, 869.2,   6.5,   1.8
92988,  -5.8,  -1.4,  -0.6, 116.0,-477.6,1324.0,   6.1,   1.4
93016,   2.0,   8.5,  -2.7,-148.9,-344.2,1318.9,   5.3,   1.1
93040,  -1.0, -11.9,   1.8, 190.2, 461.2,1014.2,   6.2,   2.2
93064,  -2.5,  -7.6,  -0.8, 219.0,-388.4,1228.6,   5.7,   1.8
93088,  16.8,  11.2,   4.3,-532.7, 432.8, 913.4,   5.4,   2.4
93116,   5.6,   9.2,   1.4,-538.8, 113.3, 894.3,   7.0,   2.8
93140,  -5.5,  -3.2,  -2.4,-219.7,-538.3,1644.8,   6.6,   3.0
93164,   2.0,  -0.1,  -0.0,-170.4, 553.2, 884.1,   7.2,   3.0
93188,   2.8,   0.4,   3.0, 201.9, 247.1, 902.9,   7.2,   2.4
93216,  -3.1,   1.8,  -0.3, -60.6,-150.4, 594.8,   6.5,   2.4
93240,   6.7,   6.2,   1.1,-605.2,  38.1, 625.1,   6.6,   3.6
93264,  -1.8, -14.0,   1.8, 225.8,-247.1,1128.0,   7.0,   3.7
93288,  -7.1, -10.6,  -1.7, 517.8,-174.3,1177.1,   7.1,   2.8
93316,  -0.7,   8.0,   1.4,1161.1,  -3.7,1731.0,   7.8,   1.8
93340,   4.7,  15.5,  -4.0,-539.8, 328.4, 530.6,   8.4,   3.1
93364,   0.5,  -3.3,  -1.2, 134.3, 100.6,1057.7,   8.4,   3.2
93392,  -1.8,  -8.9,   4.5, 327.4,   8.0,1275.9,   8.3,   2.7
93416,   4.4,  -2.0,   0.8,  74.5, 284.7,1109.2,   7.8,   1.9
93440,  -9.2,  -8.7,   1.5,-186.0,-399.9,1455.9,   8.1,   3.0
93464,  -2.2, -10.3,   5.9,-114.8,-252.2, 833.8,   7.8,   3.6
93488,  -0.7,  -4.5,   1.0, 295.2,  18.3, 926.3,   7.4,   2.2
93516,  -9.4,   8.6,  -3.1,-145.8,  82.3,1643.9,   6.9,   1.5
93540,  -0.1,  13.3,  -5.3,-925.3, 233.1, 637.5,   9.3,   3.6
93564,   1.3,  -1.8,   1.2,-326.2, 104.2, 665.3,   9.0,   3.9
93588,   3.6,  -3.2,   2.3, 141.8, -99.9,1287.7,   8.1,   3.4
93616,   3.2,  -0.6,  -0.7, 236.6,-246.3,1233.7,   7.4,   2.0
93640,   6.6,   5.9,   0.4,-251.0,-150.4, 861.1,   6.9,   2.3
93664,   3.5,  -3.9,   3.2, 256.6, 544.7, 846.7,   8.1,   2.4
93688,  -0.8,   3.5,   2.7,  62.7, 197.7, 663.6,   7.7,   2.1
93716,  -7.7,   4.9,   0.9,-100.1, 276.1, 827.9,   7.9,   1.9
93740,   4.0,  12.7,   2.9,-181.2, 560.8, 612.6,   8.6,   1.9
93764,   0.6,   5.7,  -1.2,-327.4,-218.3,1167.1,   8.4,   2.8
93792,   3.5,  -0.7,   2.6,-332.8,  25.1, 794.7,   8.2,   3.3
93814,  -0.1,  -3.6,  -1.2, 115.0, 178.9,1181.5,   7.9,   2.6
93842,  -3.5,  -5.9,   0.4,  98.6,-465.1,1174.1,   7.0,   2.9
93866,   1.4,  -2.6,   0.7,-480.0, 403.3, 785.9,   7.5,   3.4
93894,  -2.2, -10.1,  -2.9, -25.4,-141.1, 941.7,   7.1,   3.2
93914,  -4.9,  -7.2,  -2.9, 102.5,-246.6, 951.5,   6.5,   2.7
93942,  -1.5,  14.3,  -3.2,-160.7,-177.0,1674.6,   6.0,   2.0
93966,   0.3,  -3.8,  -3.1,-586.2, 152.1, 386.0,   8.0,   3.4
93990,   1.3,  -9.7,  -3.6, 350.1,  21.7, 982.5,   7.8,   3.4
94014,  -2.5, -11.0,   0.1, 340.1,  56.6, 964.4,   7.1,   3.3
94042,  -1.6,   4.4,  -3.7,-108.9, -37.6, 818.7,   6.2,   3.4
94066,  -2.7,   7.3,  -4.4,-628.7,-123.5, 755.7,   6.3,   4.1
94090,  -3.3,  -3.9,  -4.5,  28.8, -53.0,1237.4,   6.5,   4.0
94114,  -3.7,  -1.3,  -3.9,  13.4, 146.0, 996.6,   5.7,   3.2
94142,   2.8,   1.5,   2.1,-465.3, 284.2, 907.5,   4.3,   4.2
94166,   3.5,   7.9,  -8.7,-505.9, 336.2, 983.0,   5.2,   2.8
94190,   1.4,   1.7,  -9.3,-413.3, 144.8,1052.3,   4.6,   3.4
94214,  -5.9,   0.7,  -7.8,-207.8,-210.7,1076.7,   4.0,   3.1
94242,  -4.1,  -0.4,  -7.0,-140.4,-205.6,1152.2,   3.6,   2.6
94266,  -1.2,  -0.4,  -7.6, 103.5,-320.1,1360.4,   3.4,   2.5
94290,   0.0,  -9.8,  -2.8, 260.5,-132.3,1431.9,   4.7,   3.6
94314,  -1.6,  -6.2,  -3.7, 243.9,-235.1, 921.2,   4.8,   2.9
94342,  -6.0,   0.5, -10.8, 521.0, 422.1,1042.8,   4.9,   1.4
94366,  -0.9,  -2.4,   0.4,1695.1,-109.6,1682.4,   5.9,   1.7
94394,  -0.4,  10.6,  -9.5,-568.9, 220.7,1033.5,   6.0,   2.5
94414,   3.6,   9.9,  -7.9,-225.6, -91.8,1026.7,   5.7,   2.8
94442,  -2.2,   1.5,  -1.8,  93.3,-241.2,1328.4,   4.9,   2.7
94466,  -0.6,   0.5,  -5.1, -87.7,-264.4,1259.3,   4.8,   2.7
94490,   5.5,   5.3,  -1.2,-678.0, 485.6, 425.4,   5.6,   3.4
94514,  -1.3,  -1.5,  -3.5, -86.9,  80.6,1258.1,   5.7,   2.9
94542,  -1.5,   0.2,  -3.4,  -2.0,  31.0,1219.8,   5.1,   2.5
94566,   5.2,  -5.1,   3.9, 340.1, 275.1, 945.1,   5.6,   2.5
94590,  -2.7,   7.4,  -7.0,  46.4,  60.5,1248.8,   5.8,   1.4
94614,   0.1,   2.9,  -2.7,-345.2,  61.5, 768.4,   5.6,   2.8
94642,   0.6,  -2.3,   3.9,  30.0, 198.2, 510.3,   4.9,   2.7
94666,   1.8,   5.9,   0.1,-441.7, 189.4, 426.8,   4.8,   2.9
94690,   3.3,  -3.2,   1.6, 196.0, 165.0, 971.5,   5.0,   2.5
94714,  -0.2, -12.0,   6.2, 322.3,  56.9,1191.2,   5.4,   2.9
94742,   2.5,   0.4,  -0.6,  85.2, 250.7, 828.2,   5.0,   2.4
94766,   7.2,  27.2,  -3.7,-1307.1, 520.0,1010.6,   4.6,   1.9
94790,  -1.7,  17.5,   7.8,-925.3, 179.7, 476.9,   5.6,   2.9
94814,   2.8,  -4.0,   5.4,-169.4, -74.0, 944.2,   5.8,   2.6
94842,   3.9,   8.0,  -0.1,-245.6,  82.3,1002.7,   6.2,   3.2
94866,  -0.6,   7.3,  -0.2,-334.2, -94.2, 808.9,   5.7,   2.9
94894,   0.6,   0.7,   1.2, 306.1,-438.5,1369.9,   5.2,   2.7
94918,   1.7,  -0.9,   1.6, 446.0, 619.1,1741.0,   5.3,   2.5
94942,  -6.3,   3.1,  -1.8,  58.1,  47.1,1060.8,   6.7,   2.6
94966,  -5.2,   5.5,  -0.4, 133.5,-832.5,2141.9,   5.2,   1.9
94990,   0.9,  -7.5,  11.4, 893.1, 132.6,1487.9,   6.2,   2.0
95018,   0.6,   0.8,   0.1, -68.6, -15.6, 760.6,   6.9,   1.9
95042,   2.9,  -0.3,   1.4, 339.8, 248.8,1551.8,   6.2,   2.3
95066,  -0.3,   6.3,  -2.1, -80.8, -51.8,1277.9,   6.0,   2.2
95090,  -1.5,   0.8,   1.6,-814.9,-100.8, 734.9,   5.5,   3.2
95118,  -1.1,   5.3,  -0.7,  97.2,-517.3,1154.1,   5.0,   2.6
95142,  10.8,   3.0,   2.3, 234.4, 803.5, 981.7,   5.2,   2.2
95166,   1.3,   9.1,  -4.2,-392.1, 479.2, 719.3,   6.4,   2.4
95190,  -8.1,  -5.7,  -4.0, 465.3, 278.1, 507.1,   7.2,   1.0
95218,  -1.2,  18.7,  -6.2,-556.4, 195.5, 786.2,   7.8,   1.3
95242,  -0.3,  34.2, -11.2,-1452.6, 121.8, 559.1,   8.0,   2.8
95266,  -4.2,  12.4,  -4.9,-487.8,-163.1, 804.0,   7.4,   2.8
95290,   1.2,   6.2,   2.3,-237.3, 555.7, 534.7,   7.3,   3.1
95318,  -2.7,   0.3,  -1.7, -68.1, 178.5,1000.1,   6.8,   2.9
95342,  -0.6,   4.1,  -2.0,-328.1,  24.6,1060.6,   6.4,   3.5
95366,  -3.1,  -3.7,  -0.6, 143.1, 190.2, 870.7,   6.4,   3.1
95394,   2.9,   6.8,  -4.4, -24.9,  71.8, 499.6,   6.5,   3.3
95418,  14.6, -13.4,  11.6, 303.9, -20.8, 738.6,   5.8,   3.9
95440,   4.4,  -2.6,  -1.0, -31.0, 123.0,1095.5,   6.3,   4.1
95468,  -0.5,  -0.9,  -2.6, 219.7, -68.4,1222.5,   6.0,   3.4
95492,   1.1,  -0.4,   2.2, 127.7, 491.4,1140.2,   5.5,   3.2
95516,  -5.2,   8.0,  -2.4,-338.1,-825.7,1526.9,   4.2,   2.8
95540,   1.4,  -3.6,   0.8,-118.2, 232.2, 854.8,   5.3,   3.3
95568,  -2.2,  -2.8,  -0.4,-133.8,-109.1,1038.9,   5.5,   3.8
95592,   5.6,  -3.2,  -2.1, 251.7, 352.0, 820.9,   5.6,   3.1
95616,  -5.8,  -3.0,  -5.6, 137.9, -42.5, 928.8,   5.8,   2.9
95640,  -0.3, -33.9,  13.7, 404.0, 290.0, 878.2,   6.0,   3.8
95668,   3.6,  -6.8,  -4.4,1144.3,  40.5,1325.5,   5.8,   1.8
95692,   4.7,   8.3,  -5.4, 167.0, 150.6,1048.9,   6.0,   2.1
95716,   3.1,   2.1,  -0.5,  33.0, 419.7, 440.0,   6.4,   2.5
95740,   4.4,   5.3,  -5.0, 118.6, 238.8,1215.1,   5.5,   1.7
95768,  -3.8, -10.0,  -1.0, 221.9,-427.0,1452.5,   5.2,   3.1
95792,   3.9, -11.4,   4.1, 543.0,  27.1, 965.1,   5.2,   2.6
95816,  -3.5,  -2.1,  -1.3, 425.0, 315.4, 850.9,   5.5,   2.0
95840,   2.7, -22.2,  10.9, 965.8, 204.6,1490.3,   5.4,   2.8
95868,   2.5,   6.5,  -2.6,  88.9,-352.3,1490.0,   5.6,   1.9
95896,   0.5,   0.1,  -2.3, -39.1, 186.8, 816.7,   5.7,   1.9
95916,  -0.4,  -0.7,  -2.6, -63.7,  20.5,1092.8,   5.6,   2.0
95944,  -3.0,  -3.8,   1.2, 173.6, 249.7,1047.2,   5.1,   1.7
95968,   3.8,   2.2,  -0.5,-190.2, 187.0, 672.4,   5.3,   2.4
95992,  -3.0,  -1.5,  -1.4,-124.5,-437.3,1400.0,   5.2,   2.5
96016,  -5.3,  -1.4,  -1.9, 143.5,-113.5,1101.4,   5.2,   2.0
96044,   6.6,   0.9,   7.6,-762.2, 759.8,  36.2,   5.9,   2.7
96068,  -0.3,  -2.5,   2.6,-182.1,  -0.3, 997.9,   5.6,   2.2
96092,  -1.3,   0.2,  -2.0, -44.7,  23.2,1229.1,   5.2,   1.9
96116,   2.0,  -5.4,   1.2,  21.7, 251.9,1326.0,   5.1,   2.6
96144,   3.2,   1.0,   0.1,   3.9,-106.2,1042.3,   4.6,   2.2
96168,  -0.8,   9.9,  -1.7,-768.3,-182.4, 893.4,   3.9,   2.6
96192,   1.5, -10.1,   4.9,-212.7, 420.9, 888.0,   4.4,   3.9
96216,   1.7,  -3.4,  -3.4, 117.9, 468.7, 401.7,   5.0,   2.7
96244,  -4.7, -26.9,   8.1, 551.0,-296.2,1013.2,   4.8,   3.1
96268,  -3.9,  -7.6,  -2.8, 101.8,   7.1, 997.9,   5.8,   1.9
96292,  -8.0, -14.2,  -1.5, 694.3,-336.7,1760.1,   5.7,   2.1
96316,  -4.3,   5.7,  -0.6, -27.8, -33.2,1170.5,   6.0,   2.2
96344,  -1.6,  -5.0,   1.1, 246.6, 114.0,1008.4,   5.8,   2.0
96368,  -9.9,  -1.5,   0.2,-260.7, 103.5,1488.8,   5.5,   2.1
96396,  -5.6,  -2.5,   0.8,-169.0,-288.3,1104.8,   5.0,   2.1
96416,  -3.6,  14.0,  -4.5,-484.6,  85.7, 796.0,   5.2,   1.7
96444,   1.4, -15.1,  12.3, 235.6, -78.1, 354.6,   6.0,   1.3
96468,   8.5, -17.0,   3.8, 675.0, -30.8, 646.1,   6.1,   0.4
96492,   8.3, -10.8,   4.3, 376.7, 582.5, 902.2,   6.6,   1.1
96516,  -0.7,  -5.0,   0.1, 145.0,-165.5,1514.2,   6.1,   1.0
96544,   3.5,  17.9,  -3.7,-953.9, 138.2, 841.9,   5.4,   1.6
96568,   5.5,  -6.4,   5.9,-471.4, 511.0, 605.5,   8.7,   2.7
96592,  -1.4, -12.5,   4.4, 584.0, 161.1, 841.1,   8.8,   1.6
96616,  -2.7,   1.4,  -1.2,  11.7, -47.4, 787.2,   7.7,   0.9
96644,  12.5,   3.6,   9.8,-760.0, 555.4, 538.9,   7.5,   1.8
96668,   2.2,  -0.3,   3.3, -30.5, 348.6, 608.0,   8.9,   1.1
96692,  -2.0,   7.1,  -3.0,-425.5,-189.2,1066.0,   8.2,   1.5
96716,  -1.4,  -1.8,  -2.4, 223.4,  18.3,1377.7,   8.1,   1.2
96744,  -2.7,   4.0,  -1.9,-231.7, 138.2, 664.1,   7.5,   1.1
96768,  -5.0,   1.0,   0.7,-135.0, 386.7,1359.2,   7.4,   1.1
96792,  -0.9,  -2.1,   2.1, -89.4, -41.3, 814.0,   7.3,   1.6
96816,  -0.3,   3.9,  -2.2, 384.8, 106.2, 967.8,   6.9,   0.8
96844,   0.5,   3.7,  -2.6,-284.2,-259.8,1520.8,   5.7,   1.0
96868,   8.3,  26.8,  -0.5,-637.9, 250.2, 376.3,   6.4,   1.4
96896,   3.5,   5.0,  -3.1,-394.3, 235.8, 697.3,   6.7,   2.0
96916,  -1.8,   2.1,   2.4,-413.1,  10.7, 915.8,   6.9,   2.8
96944,  -5.8, -11.1,   4.9, 379.4,-205.3,1125.8,   6.5,   2.8
96968,   4.1,   4.7,  -0.1,  75.2, 259.3, 683.9,   6.0,   2.1
96992,   0.2,   0.1,   1.6,-160.9, 732.7,1008.6,   6.2,   2.5
97020,   5.0,  -4.7,   3.0, 327.6, -52.0, 722.2,   6.6,   1.9
97044,   9.7,  12.6,   2.4,-1034.2, 254.9,1166.6,   5.4,   2.1
97070,   5.8,  12.7,  -2.3,-425.3, 597.4, 475.6,   7.7,   1.6
97094,   0.7,   0.5,  -1.7,-425.1,-174.8,1054.0,   7.0,   1.9
97118,   4.1,   0.6,   0.4,-121.3,-358.4, 901.2,   6.7,   2.1
97142,  -2.1, -11.2,   4.8, 562.7,-534.4,1429.7,   6.6,   1.7
97170,  -0.9,  -0.1,   1.5, 178.5, -81.8,1458.3,   6.4,   1.6
97194,   2.6,   1.7,   3.5,-584.5,  75.4, 515.0,   6.6,   3.1
97218,   9.6,   1.4,   3.6,  50.8, 343.3,1000.8,   7.5,   2.7
97242,  -2.5,  -8.0,   1.4, 478.8, 371.8, 766.7,   7.9,   2.3
97270,   0.6,  -9.8,   8.1,1077.9, 168.9, 859.9,   7.8,   2.2
97294,  -4.7,  -3.4,  -0.2, 755.4, -34.2,1533.5,   7.3,   2.0
97318,   2.4,  16.2,  -4.8,-345.2, 378.2, 686.3,   7.5,   3.2
97342,   0.5,  -0.5,   2.4,-266.1, 393.1, 496.9,   7.2,   4.0
97370,   0.6,   6.6,  -0.5,-252.4,-106.7, 621.9,   5.9,   3.5
97398,  -1.3,   9.4,  -1.5,-106.9,  16.1,1544.5,   5.7,   3.8
97418,  -2.2,   0.0,  -1.5, 313.2,  61.0,1205.1,   6.6,   4.1
97442,   1.5,   0.4,  -4.8,  91.3, -35.7, 849.2,   6.0,   3.9
97470,  -2.2, -16.0,   6.7, 778.3,  24.6,1033.8,   5.2,   4.0
97494,   2.0, -12.5,   1.3, 653.6, 134.3,1177.5,   5.3,   3.2
97518,   2.2,  -3.9,   1.8, 203.4,  -1.2, 980.8,   5.8,   4.0
97542,  -5.0,  -8.0,   1.7, 180.4,-121.1,1035.5,   5.2,   3.6
97570,  -0.2,   2.7,   1.9,  37.6,  41.0, 690.7,   4.7,   3.1
97594,   0.2, -10.0,   4.7, 193.6, 122.5,1016.7,   4.7,   3.5
97618,   1.1,   2.1,  -2.9,-397.5,-111.8, 684.9,   5.2,   4.1
97642,   0.9,  -8.1,   2.0, 286.9, 172.4, 822.6,   4.9,   3.3
97670,  -1.1, -13.1,   6.3,1491.0,-191.7,1582.3,   4.8,   2.2
97694,   2.0,  20.7,  -4.6,-759.5, 317.4, 468.3,   5.6,   3.5
97718,  -0.4,  -1.7,   0.4,  25.6, 229.5, 890.9,   5.4,   4.2
97742,   2.2,  -1.2,   4.1, 202.4, 142.6, 779.1,   5.6,   4.0
97770,  -2.8,  -0.3,   0.2, 162.1,-654.3,1305.7,   5.7,   4.2
97794,   1.4,  10.9,  -4.9,  78.6, 234.4,1811.1,   6.5,   3.5
97818,   0.4,   5.6,  -1.8,-762.2,-352.1, 756.9,   6.7,   4.4
97842,  -7.0,  -2.0,  -0.4,  40.0, 247.3,1151.7,   6.7,   3.9
97870,  -9.4, -45.4,  15.6,1698.7, 432.6, 952.5,   9.3,   4.0
97898,  -1.7,  11.0,  -4.0, 311.8,-151.9,1227.1,   9.1,   4.0
97918,   0.8,   1.7,  -2.1, -96.4, 330.3, 398.5,   9.9,   5.1
97942,   4.6,  -2.1,   3.9, 173.6, 302.2, 653.9,   9.7,   5.0
97970,   4.2,   1.0,  -1.3,-239.8,  84.0, 600.4,   8.2,   4.5
97994,  11.7,   5.4,  -0.6, -96.4,-288.1,1017.4,   5.8,   3.6
98018,   0.2, -17.2,  -0.6, 974.6, 844.5,1624.6,   9.0,   3.6
98042,  -5.0,   8.5,  -4.5,-381.6,-1032.7,2050.1,   9.4,   3.8
98070,  -0.6, -14.1,   1.1, 375.2, -13.7,1402.6,  10.0,   4.0
98094,   0.3, -14.2,   3.7, 627.7, 465.3, 852.6,   9.7,   3.4
98118,   1.5,   0.7,   4.0,  80.3, 480.0,1044.2,   9.4,   3.5
98146,  -0.6,   9.9,  -0.5,-259.3, 343.0, 727.6,   8.7,   3.0
98170,  -2.7,  -9.8,   2.2, 392.1, 729.2,1684.9,   9.1,   3.5
98194,  -6.6,  -3.4,  -2.0,  92.0, -96.2,1020.8,   8.2,   3.4
98218,  -2.9,  12.5,  -4.5,-304.9,  59.1, 357.2,   7.7,   3.0
98246,  -2.8,  -7.8,   1.0,1019.5,-524.2,1759.8,   8.1,   1.9
98270,  -1.7,  12.3,  -3.7,-351.6,-509.8, 848.0,   8.3,   2.2
98294,  -0.6,   9.8,  -2.4,-259.3, 181.4, 512.8,   8.4,   2.7
98318,  -3.1,  -9.4,   0.9, 398.7, 237.5,1274.0,   8.4,   3.0
98346,  -1.7,  -4.6,   1.0, -22.5, -99.6, 755.9,   7.9,   3.6
98370,  -7.7,  -9.3,   0.8, 450.9, -96.4,1314.0,   8.0,   3.3
98398,  -9.4,  -1.2,  -2.4, 832.8,-364.3,1618.2,   7.4,   2.7
98418, -10.5,  -2.6,  -3.2, 972.2, 278.3, 833.1,   7.7,   2.8
98446,  -6.0, -33.0,  12.7,1240.0, 573.2, 159.0,  12.2,   3.2
98470,   2.7,  -3.5,  -0.5,1740.2, 415.5,1589.7,  12.7,   3.2
98494,   4.9,  -7.1,   2.2, 422.8,  11.2, 986.6,  12.3,   3.9
98518,   4.5,  -0.3,   1.8, 206.5, 205.3, 897.5,  11.2,   3.5
98546,   8.5,   8.3,   1.0,-286.4,1269.5, 947.3,   9.9,   2.7
98570,  -1.6,   9.0,  -1.7,-588.1, 268.3,1064.3,   9.9,   3.4
98594,  -8.4,  13.0,  -3.2,-430.2,-633.1,1221.2,   7.7,   2.7
98618,  -0.5,  11.1,   2.2,-1274.9,-994.9,2545.2,   7.0,   2.6
98646,   1.1, -29.2,   4.4,1223.1, 232.4,1293.3,   9.6,   1.3
98670,   3.3, -11.5,  -0.3, 339.6,-229.3, 659.2,   8.5,   1.5
98696,   2.2,  -7.2,  -1.0, 321.3,-299.6,1234.7,   7.7,   1.3
98720,  -4.7,   1.4,  -1.7, 138.7, 171.9,1220.0,   7.2,   0.7
98744,   0.8,   3.2,   1.5,  32.7,-115.7, 857.7,   6.5,   1.4
98768,   3.6,  -0.0,  -0.3, 335.0, 634.5, 768.6,   6.5,   1.1
98796,   1.4,  -0.5,  -0.6,  79.1, 178.9, 830.9,   6.8,   1.3
98820,  -2.5,  -5.8,   3.2, 402.6,-269.3,1153.6,   6.5,   1.4
98844,  -2.5,  -5.6,  -2.1, 268.8,-127.2, 994.4,   6.7,   1.0
98868,   2.4,  -7.3,   1.6, 223.1,  66.9,1353.1,   6.4,   2.2
98896,   4.2,   6.0,  -0.8, -75.0, 251.9, 961.7,   6.6,   2.3
98920,   4.3,   1.6,   0.7,-243.7, 253.2,1215.6,   6.7,   2.8
98944,   2.0,   2.1,   2.7,-598.6, 424.5, 582.3,   7.3,   3.9
98968,  -1.7,  -2.4,  -3.2, 160.2, -84.5, 998.6,   6.9,   2.7
98996,  -4.9,  -0.1,  -1.6,  89.3, 209.0,1246.9,   6.2,   2.4
99020,   8.2,  17.9,  -4.8, 690.7, 293.7,1320.9,   7.0,   0.8
99044,  -0.5,   9.1,  -6.8,-728.8,-262.5, 892.9,   7.1,   2.3
99068,   1.2,  -1.1,   0.4, -76.4, 332.3, 947.1,   6.9,   2.6
99096,   6.3,   1.6,   3.4,  50.3, 473.6, 921.2,   6.2,   1.8
99120,  -0.7,   6.0,   0.5,-290.0,  -7.6,1043.8,   5.7,   1.8
99144,   8.8,   2.1,   3.5, 149.9,1051.0,1188.0,   5.8,   1.8
99172,   0.4,  -1.3,  -0.1,-189.2,  67.1, 637.5,   5.4,   1.9
99196,  -2.6,   0.2,   1.4, -42.5, 171.6, 542.5,   5.4,   1.4
99220,  -7.5, -11.7,   8.2, 621.1, 297.4,1356.0,   6.0,   0.9
99244,  -3.6,  -8.4,   3.3, 540.5,  71.8,1006.7,   7.1,   0.7
99272,   1.0,   7.6,  -0.5,-428.2, 617.2, 552.1,   6.8,   1.5
99296,  -4.2,   5.2,   1.0,-267.8, 335.9, 809.9,   6.3,   1.5
99320,  -1.1,  -4.2,   1.0, 252.9,-487.1,1269.8,   5.5,   0.7
99344,  -1.4,  -3.3,   4.0, 256.3,-180.7,1141.4,   5.6,   1.2
99372,  -4.6,  -0.7,   1.0,  53.5,  81.5, 992.5,   6.3,   1.1
99400,   1.6,   1.8,   1.9,  68.4, -14.4,1528.9,   6.2,   1.0
99420,   0.5, -11.5,   8.4, 458.5, 342.3,1066.2,   6.2,   1.6
99444,  -6.1,  -3.4,  -0.7, 257.8,-104.3,1167.8,   6.5,   0.7
99472,  -5.2,  -6.2,   1.0, 266.4,-136.7, 925.4,   5.1,   0.9
99496,   1.4,   9.4,   2.1,-331.3, 438.5, 722.7,   5.1,   1.2
99520,  -3.6,  -5.4,   2.6, 101.8,-151.1, 580.4,   4.1,   1.3
99544,   2.5,   2.0,  -0.4,   2.4, 726.8,1628.7,   4.0,   1.7
99572,  -3.8, -15.1,  -1.0,  24.2,-173.6, 989.1,   4.0,   3.1
99596,  -3.7, -13.0,   0.2, 789.1,  -3.9, 767.9,   3.5,   1.7
99620,  -7.0, -28.6,   4.1,1399.7,  -6.6,1236.1,   4.2,   1.3
99644,  -4.2,  -8.4,  -3.3, 637.9,-189.7,1265.4,   5.0,   1.0
99672,   3.2,  10.5,  -4.2,-102.1,  -3.7, 662.7,   4.4,   1.6
99696,  -4.2,   0.5,  -2.3,  63.5,-138.9,1369.0,   3.9,   1.3
99720,   5.6,   2.2,  -1.4,-297.1,-109.4, 710.3,   3.6,   1.9
99744,   5.2,   1.1,   0.5, 364.0, 212.6,1339.4,   2.8,   1.5
99772,   2.7,   5.8,  -4.2,-277.1, 314.7, 818.9,   3.7,   1.8
99796,  -1.9,  -4.4,  -2.0, 179.7, -36.4, 869.4,   4.6,   2.0
99820,   7.1,   2.7,   5.5,-571.5, 398.2,-732.4,   8.3,   3.3
99844,  -1.1, -27.2,   3.2,1024.9,-133.1,1245.9,   7.8,   2.8
99872,  -3.9,   7.2,  -3.6,-216.1,  -5.4,1230.8,   7.6,   2.8
99900,   2.0,   1.4,  -1.5,-166.5, 203.1, 716.4,   7.8,   3.0
99920,   3.8,   0.4,  -1.0, -47.1, 225.3, 599.2,   7.2,   2.9
99944,  -1.1, -11.2,  -4.6, 240.5,  92.0,1404.1,   6.9,   3.0
99972,  -1.9,  -3.9,  -4.9,  38.8,-530.3, 943.2,   7.3,   2.6
99996,   5.2,  -0.3,  -3.6,-463.6, 579.3,1843.8,   7.1,   3.1
100020,   1.9,  31.2, -11.7,-1378.4, 577.9,  84.0,   8.7,   4.0
100044,   5.3,  -3.2,  -6.6,-577.6, 390.6, 415.1,   8.8,   4.6
100072,  -0.5,   0.5,  -6.4, 294.4, 143.8,1313.5,   8.0,   3.5
100096,  -1.1,   3.8,  -6.5, 174.6, -20.0,1377.7,   7.5,   3.0
100120,   3.3,  -1.9,  -5.3,-332.0, 257.1, 681.5,   7.5,   4.0
100144,  -3.4,   1.0,  -8.2, -67.1,-300.5,1452.7,   6.9,   3.3
100172,  -4.0,   1.0,  -6.5, 194.1,  97.2,1161.4,   6.9,   2.4
100196,  -1.4, -18.9,   5.8,-551.5, 297.1, 101.9,   7.9,   4.7
100220,  -0.5,  -8.3,  -0.7, 331.3, -35.4,1052.1,   7.3,   3.6
100248,   5.2,  -2.0,  -7.0,-156.5, 527.3, 828.2,   8.2,   4.1
100272,  -8.3,  -0.8,  -6.3, -24.2,-545.2,1411.9,   7.4,   3.8
100296,  -2.2,   0.4,  -5.2, -93.8,-188.0, 990.0,   6.5,   3.1
100322,  -7.8,  -2.5,  -4.9, 181.6, -44.0,1353.3,   6.7,   3.3
100346,   0.6,   1.6,  -7.6, -13.2, 245.8, 483.2,   7.3,   3.3
100370, -13.5,   5.7,  -9.7,-471.4,-487.8,1268.4,   6.5,   3.2
100398,   7.8,  19.8,  -6.7,-448.0, 554.2, 180.2,   8.0,   4.5
100422,   1.5,  11.5,  -7.1,-758.8, 154.3, 719.1,   7.8,   4.9
100446,  -4.3,   2.4,  -5.4,-302.0, 270.5, 807.9,   7.5,   5.0
100470,  -1.2,   0.1,  -2.4, -30.8,-548.8,1028.1,   6.5,   4.5
100498,   5.3,  -1.0,   2.1,-211.7, 741.2, 181.9,   7.4,   4.6
100522,  -1.2,  -9.4,  -1.0, 102.8, -26.6,1249.8,   6.9,   4.5
100546,   2.7,   1.9,  -1.5, -81.3, 318.6, 510.3,   6.6,   4.4
100570,  10.7,   5.1,  -1.9,-478.8, 372.3,1559.4,   5.7,   4.4
100598,   0.4,  -2.8,  -2.3, 206.0, 270.3,1058.7,   6.4,   4.4
100622,   0.6,  -3.3,  -5.0, -41.5, -27.4,1368.5,   5.9,   4.6
100646,  -3.4,  -4.1,  -2.3, 172.1, -53.2,1335.5,   6.3,   4.8
100670,  -4.9, -10.4,   1.8, 203.9,-166.8, 865.0,   5.7,   4.6
100698,  -0.8,  -0.7,  -0.1, 342.0,-188.2,1017.4,   5.1,   3.6
100722,   1.2,  -2.3,   2.2, 347.4, 294.7,1117.2,   5.7,   3.6
100746,   3.3,   5.1,   5.4,-225.6, 166.2, 821.6,   6.2,   3.7
100770,   9.8,  15.7,   5.5,-917.5,-388.0,1910.0,   5.4,   3.1
100798,  -0.0, -21.6,  16.7, 720.7, 264.1,1128.7,   7.6,   3.3
100822,   2.6,   1.5,   6.7,-219.5, -28.8, 954.4,   6.7,   3.1
100846,   3.1,   3.8,   5.6, 300.0, 200.7,1118.2,   6.5,   2.7
100870,  -0.9,  -2.8,  10.0, 171.1, 210.9, 662.9,   6.1,   2.7
100898,  -0.5,  12.0,   6.6,-568.9,-202.4, 619.9,   5.7,   3.7
100922,   1.4,  -0.6,   3.4, 427.5,  69.3,1541.6,   5.8,   3.6
100946,  -0.5,  -1.9,   4.6, 291.7, -98.9,1135.1,   5.3,   3.4
100970,  -5.3,   1.4,   0.1,-339.8,-1379.2,2592.8,   5.5,   3.7
100998,   2.4,   3.8,   5.5, 318.4, 500.2, 626.5,   7.2,   2.7
101022,  -7.0,  -1.6,   1.9, -26.6,-502.0,1151.7,   5.4,   1.8
101046,   1.6,   4.7,   6.2,  56.9,-345.7,1053.8,   5.0,   1.5
101070,  -8.4,  -4.9,  12.9, 158.9,-176.0,1331.8,   5.9,   2.3
101098,  -4.6,   4.5,   2.4,-231.9,-125.0, 862.1,   5.7,   2.8
101122,  -8.7,  -3.9,   3.8, 276.8,-548.6,1754.2,   5.6,   2.3
101146,  -5.2,  11.5,   0.6,-638.2, -84.2,1018.1,   5.7,   2.7
101170,  -4.2,  -2.8,   1.9, 201.4, 182.8,1126.5,   6.4,   2.2
101198,  -0.8, -15.0,   6.0, 347.4, 668.0, 545.2,   6.8,   2.7
101222,  -5.7,   2.8,  -3.9,  91.3,-408.5,1595.3,   6.4,   2.0
101246,  -5.5,  -6.5,   1.0, 142.8,-271.3,1052.1,   6.2,   2.1
101270,   1.5,  -2.0,   5.4,-636.5, 424.5, 599.2,   6.3,   2.6
101298, -11.0,  -6.7,   1.3, 673.8,-569.6,1268.1,   5.3,   1.3
101322,  -8.0,  -6.4,   1.1, 675.8,  20.7,1366.3,   4.9,   1.1
101346,  -1.2,   9.3,   0.6,  64.7,  83.2, 868.2,   4.3,   1.5
101374, -10.2,  10.1,  -2.6, -80.6,-1296.4,2015.7,   4.0,   1.8
101403,  -1.2,  12.4,  -0.4,-575.0,  -9.8,1028.1,   3.9,   2.6
101423,  -6.7,   7.4,  -4.3,-288.8, 719.2, 596.5,   4.1,   2.0
101447,  -1.0,  -5.0,   4.6,1002.2,-112.6,1241.5,   3.5,   0.3
101471,   7.4,  12.1,  -6.9,  71.8, 162.8, 823.3,   3.5,   0.8
101499,   3.6,  13.2,  -3.7,-669.9, 178.2, 468.6,   4.3,   2.2
101523,  -0.7,   1.0,   3.2, 148.7, -11.5, 788.6,   3.8,   1.6
101547,  -5.0, -29.8,  11.7,1058.8, 151.8, 560.1,   4.6,   1.3
101571,   2.2,  -1.4,   0.3, 944.6,  34.9,1120.2,   5.6,   1.2
101599,  -0.1,  -8.9,   2.4, 358.9, 191.2, 944.9,   5.2,   2.1
101623,  -0.3,   0.0,   3.7, -93.0, 114.5, 581.1,   4.7,   2.2
101647,   1.6,   4.4,  -2.0, -26.6, 178.7, 753.2,   5.0,   1.9
101671,   1.6,  -3.3,  -0.3, 246.6, -13.7, 890.0,   4.0,   1.6
101699,  -0.3,   7.9,  -4.8,-828.1, 248.3, 366.3,   5.4,   2.9
101723,  -2.1,  -9.7,   1.2, 490.0, 295.4,1314.8,   5.0,   2.5
101747,  11.1,   7.4,   3.7,-571.3, 273.7, 990.8,   4.2,   3.1
101771,  -2.8,  22.6,  -4.6,-919.0,-408.0,1119.0,   4.8,   2.9
101799,  -1.1, -12.3,   0.5, 304.7, 152.8,1297.9,   5.6,   4.1
101823,   0.8,  -9.4,   1.0, 255.6,-105.2,1064.0,   5.0,   3.8
101847,  -3.1,   0.8,  -2.4, 101.8,-305.9,1030.6,   4.4,   2.8
101871,   1.0,  -0.0,   1.5, 203.6,  -1.0,1010.3,   4.1,   2.6
101899,  -1.1, -12.3,   3.9, 434.8, 165.3,1263.2,   4.1,   1.9
101922,  -4.3,  -4.0,  -0.8, 324.2,-398.7,1233.5,   3.9,   1.9
101946,  -1.2,  -1.5,  -0.4, -67.6, 205.3, 881.4,   3.4,   1.5
101974,  10.5,  19.9,   2.9,-1006.4, 386.7, 735.7,   3.3,   2.2
101998,   5.9,  -0.3,  -2.6,-162.1, 298.1, 725.2,   4.9,   1.8
102022,  -0.1,  -0.5,  -3.1, 164.8,-192.6,1323.1,   4.3,   1.7
102046,  -2.3,   4.3,  -1.2, -58.6, -30.3,1314.5,   3.7,   1.6
102074,  -1.9,  -3.2,  -0.6,-140.9,-240.0,1121.6,   3.6,   2.0
102098,  -1.7,  -2.6,   0.5,  -5.1,-148.4, 843.3,   3.5,   1.5
102122,   5.9,   3.3,   0.5,-107.2, 291.5,1224.2,   2.7,   1.0
102146,   3.0,   6.1,  -3.1,-419.7,  55.4,1113.8,   3.4,   2.0
102174,  -2.8,  -5.7,  -5.1, 115.2,-249.5,1130.4,   3.6,   1.5
102198,   9.3,  10.9,  -2.6,-728.8, 157.0, 554.7,   3.1,   1.9
102222,   1.3, -10.8,   0.7, 409.7, 453.8, 696.6,   4.9,   1.4
102246,   4.6,  -5.0,  -0.9,   6.1, -23.9, 925.1,   4.8,   1.6
102274,   1.1,  -3.3,  -1.0, 191.4,-215.6, 992.7,   4.3,   1.5
102298,  -2.5,  -7.8,  -1.3, 337.4,  54.7,1205.6,   4.4,   1.4
102322,   3.1,  -0.6,  -2.5,-170.7, 319.8, 638.7,   4.3,   1.9
102346,  -0.6,  -9.5,   1.2, 158.0,  85.7, 917.8,   4.7,   2.3
102374,  -4.1,  -9.0,  -2.5, 629.9,-359.6,1525.0,   4.3,   1.5
102402,  -1.9,  -1.1,  -3.0, 144.5,  91.8,1140.0,   4.3,   1.3
102422,  -7.8,   0.0,  -2.6, 199.9,-389.7,1563.5,   4.2,   1.1
102450,   3.0,   2.2,  -2.3,-175.8, 350.3, 981.5,   5.4,   1.3
102474,  -1.2,   5.0,  -4.9,-285.7,-219.0,1027.9,   5.2,   1.2
102498,  -4.6,  -2.6,  -1.9, 339.6,-144.8,1157.8,   5.4,   1.2
102522,  -0.1,  -4.5,   1.2, 474.4, 253.2, 910.2,   5.2,   0.9
102550,  -2.5,  -0.4,   1.3,-100.8, -51.5, 981.7,   5.1,   1.9
102574,  -1.5,  -3.2,   1.3, 119.4,-208.3,1025.4,   4.6,   1.4
102598,   5.2,  -2.5,   0.6,-332.8, 245.1, 662.4,   4.5,   1.9
102622,   2.5,  -2.9,  -1.5,  64.2, 264.4, 839.4,   4.8,   1.9
102650,   0.5,  -0.3,  -2.8, 204.1, 112.0, 913.1,   4.3,   1.4
102674,  -5.6,  -5.7,  -2.9, 304.4,-158.5,1110.9,   4.2,   1.1
102698,  -0.1,  21.0,   1.8,-1661.6,   3.7, 430.2,   3.8,   2.7
102722,   0.9,  11.5,   1.0,-614.8,   8.5, 842.3,   3.8,   3.6
102750,   1.8,  -6.2,  -2.8,-200.9,  56.6,1154.4,   3.8,   3.7
102774,   1.7,  -9.8,  -4.2, 453.6,  54.4,1083.6,   3.7,   3.4
102798,  -2.3,   5.6,  -4.1, -43.0,  54.7, 943.7,   3.6,   2.6
102822,  -1.2,  -5.5,   0.1, 293.0,-170.4,1127.3,   2.9,   2.4
102850,   0.8,   2.2,  -4.6, -45.7,-101.1,1078.2,   1.4,   2.2
102874,  -1.1,   0.5,  -3.6, 148.4, -39.8,1009.6,   2.0,   2.4
102902,   1.5,  -1.5,  -2.1, 124.7, -15.6,1046.2,   1.9,   2.2
102922,   1.7,   0.7,  -2.4,-304.2,  80.3, 796.4,   2.0,   2.4
102950,   0.9,  -5.8,   1.6,  46.6, 236.8, 835.5,   2.4,   2.6
102974,   0.9,   3.6,  -4.5,  78.6,  95.4, 823.3,   2.0,   1.2
102998,   3.0,   4.4,  -7.7, -51.5, 310.5,1000.1,   1.8,   1.0
103022,   1.8,   0.5,  -5.3, -50.3, 199.2, 856.3,   2.1,   1.3
103050,   1.2,  -1.0,  -8.0, -41.3, 211.4, 922.7,   2.7,   1.4
103074,   2.4,  -1.4,  -5.4, 224.1, 269.5, 850.2,   3.1,   1.1
103098,   1.4,  -1.3,  -2.3, -32.5,  17.3, 710.8,   2.7,   1.4
103122,   0.1,  -2.9,  -2.6, 190.4, 104.2, 879.2,   2.3,   1.2
103150,  -0.4,   5.1,  -6.2,  52.0, 207.3,1264.5,   2.6,   0.8
103174,   0.9,  -2.1,  -6.2,-305.2, 142.6, 898.0,   3.0,   1.6
103198,  -2.3,  -3.7,  -5.3, 144.0, -25.2,1095.8,   2.5,   1.3
103222,  -1.5,  -1.2,  -6.4, 237.1,-669.2,1815.0,   1.7,   0.5
103250,   1.6,  -3.7,  -4.0,-258.1,  -2.9, 916.1,   2.3,   2.4
103274,  -0.3,  -6.0,  -6.1, 216.8, -68.6,1015.7,   2.3,   1.8
103298,  -0.9,   4.8,  -6.5, 127.4,  54.9, 887.0,   1.9,   0.8
103322,  -1.1,   1.1,  -3.7, -85.0, 168.4, 951.2,   2.1,   0.8
103350,  -1.7,  -1.2,  -1.4,-150.9,-260.5, 942.0,   1.5,   1.5
103374,  -3.1,   6.2,  -4.6,-535.2,-178.5,1064.5,   1.1,   2.0
103402,  -3.2, -10.9,   3.5, 488.0,-213.9,1402.2,   0.8,   1.3
103422,  -1.0,   6.6,  -1.0,-196.1, -45.2,1159.2,   0.6,   1.4
103450,   3.2,   8.7,   3.5,-346.2,-133.8,1081.4,   0.1,   1.8
103474,   2.1,   4.6,   7.7,-241.7, -36.6,1194.9,   0.4,   2.0
103498,   0.7,   3.8,   7.7,-333.0,  94.7, 869.9,   1.2,   2.5
103524,  -2.7,  -1.7,   3.9, 161.1, -87.2, 850.6,   1.2,   1.9
103548,   1.1,  18.2,  -0.3,-399.4,-103.5,1030.6,   0.3,   1.4
103576,   4.1,   3.3,  10.1, -64.0, 319.1, 950.0,   1.0,   2.3
103600,  -1.7,   4.0,   4.3,-163.3,  -6.6, 915.1,   1.6,   1.6
103624,   0.8,  -5.9,   2.6,  26.6, 302.2, 837.9,   2.9,   1.9
103648,   1.4,  -6.9,   2.3, 280.8,  62.2, 995.4,   2.7,   1.8
103676,   0.2,  -1.2,   2.7, 221.4,-159.4, 760.3,   1.5,   1.5
103700,   0.2,  -0.3,   6.8, 408.7,1956.0,1947.3,   2.6,   1.4
103724,  17.9, -19.5,   1.6, 273.4, 333.7,-768.5,   6.9,   0.2
103748,   4.4,  11.4,  -3.7, 413.6, 268.1, 837.0,   7.5,   0.2
103776,   2.7,   4.0, -15.3, 121.6, 148.4, 618.0,   7.1,  -0.1
103800,  -1.3,  -5.4, -13.6, 321.0,-101.8,1177.1,   6.2,  -0.6
103824,  -1.2,   4.1, -19.5,-202.4, -92.3,1007.6,   5.7,  -0.2
103848,   1.4,   7.6, -18.0,-309.1, 391.6, 681.2,   7.2,   0.3
103876,  -0.1,  -0.8, -10.1,-243.9, 304.4, 952.0,   7.8,   1.5
103904,  -1.9, -10.0,  -5.9,  -5.4, 296.9, 999.3,   8.1,   1.2
103924,  -0.5,  -5.4,  -4.9, -85.7, -15.9,1128.7,   8.0,   0.6
103948,  -1.3,  -0.6,  -1.5, 100.3,  85.7,1035.9,   7.5,   0.5
103976,  -1.9,  -3.7,  -5.1, 126.5, 203.6,1007.6,   7.2,   0.9
104000,  -2.4,   8.1, -10.3,-344.0,  55.4,1003.2,   7.4,   0.1
104024,  -0.4,   5.6, -10.5,-203.4, 151.8, 913.6,   7.8,   0.4
104048,   0.1,  -5.9,  -4.8, 173.3,  78.1,1012.0,   7.9,   1.0
104076,   0.7,  -6.5,   0.1, 141.6, 105.2,1006.9,   7.3,   1.3
104100,   0.8,  -2.3,  -0.7,-104.0,  24.4,1008.8,   6.8,   1.4
104124,   0.5,  -0.1,  -1.5,-147.2, -50.5, 970.5,   6.4,   1.2
104148,   0.2,  -1.4,  -1.8, 110.3,  76.9, 973.7,   6.0,   0.8
104176,   2.2,   4.1,  -2.3,  32.5, 191.4, 966.9,   5.6,   0.6
104200,  -0.2,  -6.0,   1.2, 872.8, -35.7,1247.1,   5.5,   0.7
104224,   0.2,   2.4,   1.8, -66.9, -74.0, 877.5,   5.0,   1.3
104248,  -0.5,   6.1,   0.2, -88.9, -15.9,1061.3,   4.5,   0.9
104276,   0.3,  -0.0,  -1.9,  60.1,  56.1,1001.5,   4.2,   1.1
104300,  -0.4,  -2.3,   1.8, -26.9,  41.7, 959.8,   4.0,   1.3
104324,   0.2,  -1.5,   2.2,  20.7,   5.8,1083.8,   3.5,   1.4
104348,   0.1,  -1.1,   0.8,-169.2, -48.8, 920.5,   2.9,   1.6
104376,  -0.6,  -1.4,  -1.3,-173.8,   1.9, 936.6,   2.6,   1.4
104404,  -0.3,  -3.0,  -0.1,  48.6,  48.1,1018.1,   2.6,   1.3
104424,  -0.1,  -0.7,   2.7,  50.5,  26.1, 974.7,   2.5,   1.1
104448,  -0.3,   1.6,   1.2,  56.1,  69.8,1011.8,   2.6,   0.7
104476,  -0.6,   4.4,   1.6, -59.3,  72.0, 979.6,   2.8,   0.9
104500,  -1.3,   3.5,   5.2, -33.7,  82.3, 973.0,   2.9,   1.4
104524,  -0.4,   4.1,   5.9, -41.0,  40.3, 999.6,   2.9,   1.7
104548,  -0.3,   2.4,   7.6, -36.4, 132.6, 996.6,   3.0,   2.0
104576,  -0.5,   4.3,   9.6, -85.2,  69.3, 987.6,   3.3,   2.2
104600,  20.2,  31.2,  28.4,1423.6, 548.8,-1630.8,   4.9,   2.6
104624,   2.9,-126.7,  28.6,3771.2, 996.3,2362.6,   9.7,   3.5
104652,  -5.5,  14.7,  -1.9, 802.0,-1073.3,1134.8,   8.0,   2.6
104676,  -0.5,  18.1,   2.6,-160.7,-363.0, 983.9,   7.8,   4.3
104700,   1.7,   4.7,  -0.2,  75.9,  94.5, 872.4,   6.3,   4.1
104724,  -0.2,   1.9,   1.5,  18.8, 227.0, 942.7,   6.2,   3.4
104752,  -0.1,   0.3,   1.9,-259.0, 196.3, 957.1,   6.3,   3.9
104776,  -0.0,   5.2,   2.2,-428.2, -49.6, 890.9,   6.0,   4.1
104800,   0.2,   2.1,   0.5, 152.1,  19.3,1083.1,   5.7,   3.5
104824,  -0.3,   0.5,   1.0, 173.1,  25.1, 994.4,   5.2,   3.0
104852,   0.6,  -0.6,   0.1,  11.0,  73.2,1030.3,   4.6,   3.2
104876,   0.4,   3.3,  -2.0,-318.4, -52.5, 942.7,   3.8,   3.2
104904,   0.9,   1.0,  -1.8,-183.8,   3.7, 959.5,   3.7,   3.4
104924,   0.5,   1.5,  -1.3,-158.5,   7.8, 974.9,   3.5,   3.2
104952,  -0.6,   1.2,   1.5, -42.0, -13.4,1005.4,   3.0,   3.0
104976,  -0.2,  -0.9,   2.2, -49.1,  -8.8, 994.9,   2.5,   2.9
105000,  -0.2,   0.4,   1.1, -72.5, -13.2, 971.5,   2.0,   2.7
105024,   0.3,   0.6,  -1.3, -60.8, -16.4, 971.7,   1.6,   2.6
105052,   0.0,  -1.2,  -4.3,  15.9, -18.1,1015.7,   1.2,   2.1
105076,  -1.6,  -1.6,  -0.4,  47.6,  51.3, 998.3,   1.2,   1.9
105100,  -0.3,   1.4,  -0.4, -64.5,  67.6, 949.0,   1.2,   1.9
105126,   0.5,  -0.4,   0.1, -71.5,  94.2, 979.8,   1.5,   2.0
105150,   0.2,  -1.0,   0.2, -87.7,  79.3, 976.6,   1.8,   1.9
105174,   0.2,  -0.7,   0.4,  14.2, 123.5,1014.2,   2.1,   1.8
105202,   1.4,   0.4,   0.2,-147.7, 103.5, 990.8,   2.5,   2.1
105226,   0.5,  -0.4,   4.4, -57.4,  80.8, 994.4,   2.8,   2.2
105250,   0.9,   1.3,   9.5, -44.4,  35.4, 989.3,   2.8,   2.1
105274,   0.7,   2.5,  10.5,-125.7, -21.7, 955.4,   2.7,   2.3
105302,   0.8,   0.3,  16.5, -17.1,  24.6, 979.3,   2.5,   2.8
105326,  -5.6, -34.4,   7.7,1904.5,-1207.0,2176.6,  -1.8,   2.0
105350,  -2.3,   3.4,  -2.6, 740.7,-215.8,1290.3,  -1.0,   1.6
105374,  -0.9,   8.4,  -7.1, 387.4,-114.0,1131.4,  -0.3,   0.8
105402,   1.6,   7.7,  -5.1,-470.0,  71.0, 971.3,  -0.3,   1.5
105426,  -0.8,   1.5,   1.5,-128.4,  47.6, 956.8,   0.4,   1.7
105450,   0.7,  -2.4,   5.7, 205.6, -82.8,1066.0,  -0.6,   1.6
105474,   0.8,   4.2,  -5.0,-219.2,-202.2, 983.2,  -1.7,   1.2
105502,   1.4,   4.4,  -3.5,-356.2,-140.6, 927.1,  -2.6,   1.3
105526,  -0.2,  -2.5,   0.8,  15.6,  27.8,1023.3,  -2.4,   1.1
105550,  -0.9,  -1.8,  -1.7,   7.8, 133.8,1027.2,  -1.6,   1.1
105574,  -0.2,   6.0,  -3.4,-153.8, 343.7, 847.2,  -0.1,   1.0
105602,   0.6,  -1.8,   4.1,-178.0, 177.0,1035.7,   1.5,   2.1
105626,   1.7,   1.0,   4.5,-388.2, -23.4, 932.7,   1.7,   2.5
105650,   0.2,  -5.4,   5.7, -78.4,-174.3, 992.2,   1.0,   2.5
105678,  -0.6,  -4.1,   6.9,-157.7,-178.2, 935.1,  -0.5,   2.3
105702,  -1.3, -10.2,   2.3, 120.4,-206.1,1071.8,  -1.7,   1.6
105726,  -1.8,  -4.3,  -4.2,-552.5,-218.5,1154.4,  -2.5,   1.1
105750,  -1.1,   3.2,  -6.1,-171.4,-112.6,1010.3,  -2.9,   0.9
105778,   0.1,  -8.6,  -0.6,  22.2, 200.7,1110.9,  -2.2,   0.8
105802,  -0.8,  -2.2,  -0.8, -83.5,  79.8,1015.2,  -2.4,   1.4
105826,  -1.2,  -1.1,   1.9, 202.6, 153.3,1012.0,  -1.6,   0.8
105850,  -0.9,   7.0,   5.1, -30.5, 153.1, 910.9,  -0.6,   0.5
105878,  -0.9,   0.9,   8.9,-121.1, 187.0, 966.4,   0.5,   1.5
105906,  -0.5,  -2.8,   5.7,  35.2, 146.5,1022.8,   0.6,   1.4
105926,  -0.9,  -2.1,   4.0, -25.9, 117.4, 967.1,   1.2,   1.3
105950,   1.8,   9.1,   5.1,-478.0, 185.0, 405.8,   1.4,   1.6
105978,   0.1,   4.0,  -0.7,-145.8, 199.9, 891.2,   2.1,   1.0
106002,   1.4,  -0.7,  -7.8,-156.5,  78.6,1041.6,   2.3,   0.6
106026,  -0.7,  -0.2,  -4.1, -42.0, 127.2, 955.6,   2.6,   0.6
106050,  -0.9,   3.6,  -0.1, -17.3, 141.1, 973.7,   3.1,   0.3
106078,   1.1,   0.9,   4.1,-112.6,  58.6,1004.9,   3.5,   0.9
106102,  -0.6,  -0.9,   6.9, -26.9, -23.2, 996.4,   3.2,   1.4
106126,  -0.3,   2.1,   9.9,  85.4, -79.1,1008.6,   2.5,   0.8
106150,   0.3,   3.2,   9.5, 106.0,   9.3,1004.7,   2.1,   0.5
106178,   0.2,   4.0,   6.6,  74.2,  68.3,1006.9,   2.1,   0.6
106202,  -0.8,   3.8,   8.2,  32.5,  15.6, 985.2,   2.0,   0.5
106226,  -0.5,   4.7,  12.0, -51.5,  71.0, 970.5,   2.1,   0.9
106250,  -0.3,   2.4,  12.1, -38.8,  40.0, 985.9,   2.1,   1.5
106278,   0.7,   3.3,   7.4,  36.4,  89.6, 995.9,   2.1,   1.4
106302,   0.3,   0.7,   7.0,  96.2, -49.3,1035.0,   1.9,   0.9
106326,   0.4,  -0.6,   6.0, -31.5,-103.5, 972.0,   1.3,   1.0
106350,   0.5,  -0.5,   4.7,  80.6,-179.9,1071.8,   0.2,   0.6
106378,   0.0,  -0.4,   3.3,  34.2,-278.1,1063.0,  -1.5,   0.4
106406,  -0.1,   1.0,  -0.7, -23.2,-224.6, 933.2,  -1.8,   0.4
106426,   0.6,  -0.1,  -4.5,  -5.4,-151.1,1014.5,  -2.5,   0.3
106450,  -2.0,  -0.5,  -5.4, -85.0, 134.8, 820.9,  -2.2,   0.7
106478,  -1.2,  -1.6,  -8.8,-137.7, 157.0,1018.4,  -1.7,   1.0
106502,   0.6,  -3.2,  -5.7,  -4.9, 125.5,1047.4,  -1.1,   0.8
106526,  -0.9,  -2.9,   0.8,  41.5,  -3.2,1040.8,  -0.9,   0.7
106550,  -0.8,  -0.1,   2.7,  29.8, -45.2,1028.9,  -1.0,   0.6
106578,  -0.9,   0.0,   4.4, -27.8, -40.5,1010.6,  -1.1,   0.4
106602,   0.3,   0.4,   1.3, -14.9, -10.5,1023.3,  -1.1,   0.3
106626,   0.7,  -0.3,  -0.8,   1.7, -15.9, 988.6,  -1.2,   0.3
106650,   0.9,  -0.3,  -1.7,  13.7,  14.6,1002.3,  -1.1,   0.2
106678,   0.3,  -0.0,  -1.4,  24.2,  16.6, 999.3,  -1.0,   0.2
106702,   0.3,   2.1,   0.1, -32.0,  22.2, 976.4,  -0.8,   0.3
106728,  -0.1,  -7.5,   2.0, 378.7, -24.2,1124.1,  -0.7,   0.3
106752,   0.9,  -2.5,   0.8, 232.2,  38.1,1066.5,  -0.6,   0.0
106776,  -0.8,   1.7,  -0.3,   9.5,  12.2, 993.5,  -0.7,   0.2
106804,  -0.2,  -5.1,  -0.8,  73.2,  46.9,1209.3,  -0.7,   0.5
106828,   1.1,  -1.7,  -2.4,  50.5,  35.1, 979.1,  -0.6,   0.4
106852,  -0.5,  -0.1,  -0.4,   3.9,  21.7,1006.2,  -0.4,   0.4
106876,  -0.2,   1.0,   1.8, -31.7,  -0.5,1006.7,  -0.2,   0.5
106904,   0.5,   0.8,   0.8, -82.0, -19.8, 945.1,  -0.3,   0.6
106928,   0.3,   0.6,   0.5, -40.5,  26.8,1029.6,  -0.3,   0.5
106952,  -0.3,  -0.6,   2.0,  17.3,  23.9,1027.2,  -0.2,   0.5
106976,   0.3,   0.0,   0.4,   2.9,  32.5, 983.7,   0.0,   0.3
107004,  -0.1,  -0.3,  -0.9, -28.3,  56.9, 983.5,   0.4,   0.4
107028,  -0.2,  -0.6,  -1.5,   2.7,  89.8, 921.0,   0.7,   0.3
107052,  -0.9,  -0.6,  -1.2, -14.9,  57.1, 997.4,   1.0,   0.3
107076,   0.0,  16.5,  -1.7,-679.9, 142.8, 465.4,   1.1,   1.0
107104,  -0.8,   0.9,  -1.3, 211.9, 172.8,1102.6,   1.6,   0.8
107128,  -0.8,   1.7,  -0.7,  -8.6, 126.5, 959.5,   2.1,   0.9
107152,  -0.9,   0.1,   1.9, -18.3,  67.6, 993.0,   2.4,   0.9
107176,   0.0,   0.8,   1.3,  72.7,  50.3,1062.1,   2.6,   0.9
107204,   0.7,   2.7,   5.2,  39.8,  55.7, 995.9,   2.8,   0.8
107228,  -0.1,   1.3,   6.2, -31.3, -23.2,1011.3,   2.8,   0.9
107252,   0.5,   1.9,   5.4, -55.4,  31.7, 995.9,   2.7,   1.0
107276,  -1.1,   0.0,   6.6,  17.6, -46.4,1002.7,   2.5,   1.1
107304,   0.0,   2.9,   3.6,  11.2, -14.7, 994.4,   1.9,   0.7
107328,   0.8,   2.9,   1.5, -49.8,  -0.5,1006.4,   1.6,   0.9
107352,   0.1,   1.3,   4.5, -25.9,  31.5,1006.2,   1.5,   1.1
107376,   0.4,   1.6,   4.4, -65.7,  27.6, 985.7,   1.4,   1.2
107404,   1.9,   4.5,   8.5,  30.0, 200.7,1041.6,   1.7,   1.3
107428,  -2.8,  -0.0,   4.7,-140.1, -72.3, 935.1,   2.2,   2.2
107452,  -0.3,   2.9,   7.6,-112.6,  55.7, 975.6,   1.5,   2.0
107476,  -0.9,  -1.3,   5.5,  -5.9, -10.0, 992.2,   1.4,   2.0
107504,  -0.6,  -0.3,   6.5, -55.2, -26.6, 982.7,   1.1,   2.0
107528,   0.4,   0.5,   6.0, -99.1, -31.5, 992.5,   0.8,   1.9
107552,   0.7,  -1.5,   7.9, -89.6,   7.3,1008.4,   0.8,   2.1
107576,   0.8,  -0.8,   8.0, -45.4,   7.8,1002.0,   0.8,   2.1
107604,   1.4,  -1.1,   7.1,  46.1,  -1.7, 993.0,   0.8,   1.7
107628,   0.0,  -0.7,   8.4,  28.1, -13.2, 998.3,   0.6,   1.3
107652,  -0.1,   1.2,   8.8,  -8.1, -33.9,1001.8,   0.3,   1.2
107676,   0.2,  -0.3,  10.6,  40.3,  32.0,1018.1,   0.1,   1.0
107704,   0.0,   4.9,  10.4,  47.8,  58.8,1006.9,  -0.1,   0.6
107728,   0.1,   4.4,  10.0, -27.6,   7.8, 990.0,  -0.3,   0.7
107752,  -0.3,   2.1,   7.9,   1.9, -50.5, 988.6,  -0.5,   0.7
107780,   0.2,   1.5,   5.7, -10.5, -37.9, 993.7,  -0.7,   0.6
107804,  -0.1,   1.5,   6.6, -79.8, -49.6, 997.4,  -0.9,   0.8
107828,  -0.1,   0.2,   5.0, -64.5, -34.4, 980.3,  -1.0,   1.0
107852,  -0.3,  -0.3,   5.5, -44.2,  -8.3, 990.5,  -1.0,   1.0
107880,  -0.3,  -0.7,   5.7, 156.7,  98.1, 833.1,  -0.8,   0.8
107908,  -1.8,  17.1,  -0.5,-1865.5,  13.2,  94.8,  -0.7,   2.9
107928,  -0.1,   7.6,   2.4,-567.6,-176.8,1079.9,  -1.3,   2.8
107952,   1.3,  -5.3,   7.4, 167.2, -74.2,1064.3,  -1.2,   2.4
107980,   0.3,  -0.1,   3.6,  97.2, -47.1,1004.9,  -1.0,   1.6
108004,  -0.8,   4.1,   4.6,-141.4, -15.1, 950.0,  -1.0,   1.6
108028,   0.4,   1.6,   1.8, -52.3, -12.2, 969.3,  -1.1,   1.5
108052,   0.2,   1.6,  -6.4,-671.1,-192.4, 396.5,  -1.6,   2.2
108080,  -1.1,  -3.2,   1.0, 539.1, -14.9,1084.8,  -1.7,   1.6
108104,  -0.3,   4.4,  -2.0, -70.3,  65.4, 940.0,  -1.6,   1.7
108128,   0.2,  -0.5,  -1.1,-113.0, -10.5, 979.8,  -1.7,   1.9
108152,  -0.5,  -1.4,   0.4,   7.8, -44.2,1027.6,  -1.6,   1.6
108180,  -1.4,  -1.6,  -1.3, 114.5, -95.0, 963.2,  -1.5,   1.3
108204,  -0.3,  -0.6,  -0.6,  43.5,  10.2,1016.4,  -1.4,   1.3
108228,  -0.2,  -0.9,  -0.4,  11.2, -33.0, 995.9,  -1.3,   1.2
108252,   0.8,   0.4,  -2.9, -10.3,   3.4,1007.4,  -1.2,   1.0
108280,  -0.5,  -0.2,  -2.0,  26.1,  -5.6,1009.6,  -1.1,   0.8
108304,   0.3,   1.2,  -1.8,  22.7,  -0.0,1012.3,  -0.9,   0.7
108330,   0.5,   1.6,  -2.4,   0.7,   8.8,1000.8,  -0.8,   0.7
108354,  -1.3,   1.1,  -0.7, -35.4,  35.6, 986.1,  -0.5,   0.8
108378,  -0.5,  -0.3,  -2.8, -23.4,  15.1, 989.6,  -0.3,   0.8
108406,  -0.5,  -0.3,  -0.7, -48.3,   3.4, 994.0,  -0.3,   0.8
108430,   0.0,  -1.8,  -1.9, -37.6,  41.5, 997.6,  -0.0,   0.9
108454,   1.1,  -1.3,  -0.7, -11.0,  74.9, 988.3,   0.3,   0.8
108478,   0.2,   1.3,   0.1, -18.1,  82.8, 967.1,   0.8,   0.7
108502,  -0.5,   0.8,   4.1, -26.1,  69.1,1001.3,   1.3,   0.8
108530,  -0.8,   0.7,   4.8, -14.9,  12.0, 998.6,   1.5,   1.0
108554,  -1.0,   1.8,   5.1,  11.2,  32.0, 983.5,   1.5,   0.9
108578,  -1.3,   1.5,   8.0, -25.9,  51.0, 990.8,   1.6,   0.9
108602,   0.1,   2.1,   7.8, -37.6,  22.0,1005.4,   1.6,   1.1
108630,  -0.8,   1.9,   8.3, -12.5,  40.5, 984.2,   1.7,   1.1
108654,   0.3,   3.0,  10.1, -54.0,  52.5, 993.7,   1.8,   1.2
108678,   0.2,   2.1,  11.6, -77.9,  13.4, 999.3,   1.9,   1.5
108702,   0.9,   2.8,  11.0,  -2.2,  10.5,1007.1,   1.9,   1.5
108730,   0.8,   1.8,  11.7, -12.5,  10.0,1001.0,   1.8,   1.5
108754,   0.9,   2.9,  13.3, -29.3, -26.6, 970.0,   1.6,   1.6
108778,  -0.6,   3.2,  12.2,-116.7, -43.7, 961.2,   1.4,   1.6
108802,  -0.9,   0.5,  10.6, -28.8, -82.8,1013.7,   1.0,   1.6
108830,   0.6,   1.5,   7.4,  19.5, -55.9,1014.5,   0.5,   1.5
108854,   0.1,  -0.9,   4.9,  -6.8, -17.8,1016.9,   0.3,   1.4
108878,  -0.2,  -0.6,   5.4, -33.7, -54.7,1006.4,   0.0,   1.3
108906,  -0.1,  -1.4,   5.1,  22.5, -19.5,1009.3,   0.0,   1.2
108930,  -0.9,  -0.3,   7.0,  11.2, -33.7,1014.2,  -0.3,   1.1
108954,   0.2,  -0.4,   5.6, -20.0, -27.6, 987.1,  -0.4,   1.0
108978,  -0.0,  -0.3,   6.8, -38.8, -30.3,1000.1,  -0.5,   0.9
109006,  -0.3,  -1.0,   5.7,  16.6, -20.8,1003.7,  -0.7,   0.7
109030,  -0.1,  -0.1,   4.7, -30.8, -46.6, 988.6,  -0.8,   0.6
109054,   0.6,   0.8,   3.6, -10.0, -40.1,1016.4,  -1.0,   0.4
109078,  -0.0,   1.6,   2.7,  11.0,   3.7, 980.3,  -0.9,   0.3
109106,  -0.1,   0.7,   3.6, -40.0,  44.9, 996.4,  -0.7,   0.4
109130,  -0.3,  -0.4,   3.0, -27.1,   1.0, 999.6,  -0.5,   0.5
109154,   0.2,  -0.0,   2.3, -11.7,  21.2,1006.9,  -0.4,   0.4
109178,   0.0,   0.2,   1.8, -28.1,  -2.2,1006.2,  -0.3,   0.5
109206,   0.5,  -0.7,   4.3,  16.4, -18.3,1037.7,  -0.3,   0.5
109230,   0.2,  -0.5,   3.7,  -0.5, -15.1,1019.6,  -0.3,   0.4
109254,   0.2,   0.2,   2.9,   2.4, -15.9,1035.7,  -0.3,   0.3
109278,   0.2,  -0.7,   2.2,  16.4, -30.5,1009.8,  -0.4,   0.2
109306,  -1.0,   0.6,   0.5,  -9.3,   3.4, 991.5,  -0.5,   0.2
109330,   0.3,  -0.7,  -1.5,  10.5,  16.6, 999.8,  -0.4,   0.1
109354,  -0.7,  -0.6,  -1.8, -21.7, -11.2, 995.2,  -0.4,   0.1
109378,   0.3,  -0.8,  -3.2, -12.7, -17.8, 989.1,  -0.4,   0.2
109406,  -0.4,  -1.5,  -2.0,  16.1, -13.0,1000.5,  -0.5,   0.1
109430,   0.3,  -0.8,  -2.0, -22.5,   2.7, 993.0,  -0.4,   0.1
109454,  -0.1,  -1.3,  -1.5, -34.2,  21.5,1017.4,  -0.3,   0.1
109478,   0.2,  -1.4,  -1.5, -12.7, -17.1,1001.8,  -0.3,   0.2
109506,   0.2,  -1.4,  -1.0,  13.9, -28.1, 994.4,  -0.4,   0.1
109530,   0.5,  -0.9,  -3.5, -12.9,   6.6, 990.5,  -0.4,  -0.0
109554,  -0.3,  -0.7,  -2.8,  -1.5,  23.7, 992.2,  -0.3,  -0.0
109578,   0.1,  -0.6,  -2.8,   3.9,  12.9, 996.2,  -0.2,  -0.0
109606,  -0.9,   0.4,  -2.9, -13.9,  21.5, 995.2,  -0.0,  -0.1
109630,   0.1,  -0.1,  -4.3,   5.4,   5.4, 997.4,   0.0,  -0.0
109654,   0.6,  -0.1,  -2.0,  -8.6,  23.2,1010.1,   0.1,   0.1
109678,   0.5,  -0.1,  -2.3,  -2.0,  39.1, 988.6,   0.2,   0.1
109706,   0.3,   0.5,  -1.8, -17.1,  36.9, 994.2,   0.4,   0.2
109730,   0.1,  -0.5,  -1.2, -11.7,  -2.7,1006.7,   0.5,   0.3
109754,   0.2,   0.1,  -0.8, -14.9,  -6.6,1002.5,   0.4,   0.3
109778,  -0.2,  -0.1,   0.1, -20.8,   3.4, 989.6,   0.4,   0.4
109806,   0.6,  -0.4,  -0.3,  -5.4,   6.3,1001.3,   0.5,   0.5
109830,   0.6,  -0.1,  -0.6, -11.5,  -8.3,1012.8,   0.5,   0.5
109854,   0.9,  -0.5,  -1.0,   0.2, -33.0, 992.0,   0.3,   0.4
109878,   0.1,  -1.2,   0.7,   2.7, -10.8, 992.0,   0.2,   0.4
109906,   0.3,  -0.2,  -0.7, -15.1, -22.5,1003.7,   0.2,   0.4
109929,   0.6,  -1.1,  -0.0,  -6.6, -26.6,1005.9,   0.0,   0.4
109957,   0.5,  -0.7,   0.3,  16.4, -28.3, 993.0,  -0.1,   0.2
109981,   0.2,   0.3,   0.1,   5.9, -17.6,1000.1,  -0.2,   0.1
110005,   0.7,   0.3,  -0.5,  -5.4,   3.9,1004.7,  -0.3,   0.1
110029,  -0.2,   0.2,  -2.6, -12.0,  20.7, 994.4,  -0.2,   0.1
110057,  -1.0,   0.3,  -2.0, -16.9,  22.9, 977.8,   0.0,   0.1
110081,  -0.8,  -1.1,  -4.3, -14.9,  12.2,1013.5,   0.1,   0.3
110105,   0.1,  -1.6,  -3.2,   5.9,  26.8,1013.2,   0.2,   0.3
110129,  -1.2,   0.7,  -4.0, -47.1,  -2.7, 969.3,   0.3,   0.4
110157,   0.2,  -0.8,  -4.1, -37.1,  19.0, 980.5,   0.5,   0.5
110181,  -0.1,  -0.2,  -2.1,  -2.7,  66.6, 973.7,   0.6,   0.3
110205,   1.3,   0.7,  -0.3, -23.9,  48.6,1017.4,   0.8,   0.4
110229,  -0.2,   1.2,   1.4, -36.1,  54.9, 980.8,   1.0,   0.6
110257,   0.2,   0.5,   1.6,  -4.6,  35.1,1017.6,   1.2,   0.6
110281,  -0.8,  -0.0,   2.9,  -7.8, -12.5, 986.9,   1.2,   0.7
110305,   1.0,   0.4,   1.5,  29.0, -18.1, 996.6,   1.0,   0.6
110329,  -0.0,   1.5,   0.1, -12.2, -15.6, 985.2,   0.9,   0.6
110357,   0.0,   1.1,   1.2, -24.9, -10.8,1015.0,   0.8,   0.7
110381,  -0.1,   1.1,  -0.1, -22.2,  -2.5, 997.1,   0.7,   0.7
110409,  -0.5,   1.4,   0.1,   3.2, -22.0,1007.4,   0.7,   0.7
110429,   0.2,   0.5,   0.7,  -5.9, -27.1,1004.2,   0.5,   0.8
110457,  -0.6,   0.8,   2.0,  -6.1,  -1.5, 984.2,   0.3,   0.8
110481,   0.3,  -0.6,   0.7,  -4.2,  22.4,1006.7,   0.4,   0.9
110505,  -0.5,  -0.5,   0.1, -51.5,   1.0, 997.9,   0.4,   1.0
110529,   0.3,  -0.3,  -1.5,   1.0,  -1.7,1000.8,   0.3,   0.9
110557,   0.8,  -0.3,   0.2,  -0.0,   2.7,1001.5,   0.3,   0.8
110581,   0.0,  -0.1,   1.3,  -0.7,  -7.6, 993.5,   0.2,   0.7
110605,  -0.3,  -0.0,  -0.6,  -1.2,  23.7,1011.5,   0.3,   0.6
110629,  -0.3,  -0.3,   0.2, -16.4,  49.8, 998.3,   0.4,   0.7
110657,  -0.7,  -0.6,   0.7, -10.5,  26.6, 997.6,   0.6,   0.8
110681,  -1.6,  -0.9,   1.4, -22.7, -17.6,1012.8,   0.5,   0.9
110705,  -0.8,  -0.6,  -0.0,  21.7, -16.1,1004.9,   0.5,   0.8
110729,   0.3,   0.3,   0.2, -23.4,  -5.4, 997.6,   0.4,   0.7
110757,  -0.8,  -0.3,   1.0, -46.4,   2.4, 996.4,   0.4,   1.0
110781,  -1.1,   0.2,   2.9,  10.0, -12.0,1002.5,   0.3,   1.0
110805,  -0.2,   0.0,   3.2,  -5.1,  -0.7,1004.0,   0.3,   0.8
110829,   1.1,   0.4,   2.8, -18.6,   8.5, 996.4,   0.2,   0.8
110857,   0.9,   0.7,   1.2, -16.4,  -4.7, 993.5,   0.1,   0.8
110881,   0.9,   0.0,  -0.3,  22.2, -13.4, 998.1,  -0.0,   0.6
110909,   0.6,  -0.4,   0.4,  19.8,  -9.5,1000.5,  -0.0,   0.6
110929,  -0.6,  -8.2,   5.1,  73.0,-151.1,1102.6,  -0.0,   1.1
110957,   1.1,   4.0,  -0.8,  -4.2,  15.6, 983.5,  -0.0,   0.3
110981,   1.7,   5.8,  -0.7,-171.1,  57.1, 825.0,   0.0,   0.8
111005,  -0.0,  -0.2,   0.5,  -9.3,  15.1,1011.0,   0.0,   0.9
111033,  -2.0,  -3.5,  -0.2, 105.0,  24.4,1044.2,  -0.1,   0.7
111057,  -0.9,  -0.1,  -1.8, -46.1, -17.8, 974.4,  -0.2,   0.8
111081,  -0.2,  -1.5,  -1.5,   0.2, -29.6,1032.0,  -0.2,   0.9
111105,  -0.2,  -0.7,  -1.9, -60.8, -46.9,1005.4,  -0.3,   0.8
111133,  -0.3,  -1.8,  -0.1,   5.6, -34.9, 998.1,  -0.4,   0.7
111157,   0.4,  -0.5,  -1.5,  26.4, -16.1,1003.2,  -0.4,   0.6
111181,   0.6,  -0.4,  -1.1, -21.2,  17.1, 998.3,  -0.3,   0.5
111205,  -0.3,   0.8,  -0.8, 141.1,  57.1,1062.1,  -0.2,   0.5
111233,   0.2,  -2.3,  -0.7, -47.9,  55.9,1006.2,   0.2,   0.9
111257,  -1.1,  -0.4,  -1.2,  66.2,   4.9, 982.0,   0.4,   0.6
111281,  -1.0,   1.0,  -2.7,  23.4, -17.8,1006.2,   0.4,   0.4
111305,   0.2,  -0.1,  -0.8, -12.2,  -8.8, 995.4,   0.2,   0.6
111333,   0.1,  -1.5,  -2.4, -19.0, -13.0,1019.8,  -0.0,   0.8
111357,   0.3,  -0.3,  -2.1,  13.2, -25.4, 997.9,  -0.0,   0.7
111381,   0.6,  -0.6,  -1.3,  55.2, -62.5, 996.6,  -0.1,   0.6
111409,   0.6,   2.2,  -2.0,  -2.0,  53.9,1079.4,  -0.1,   0.6
111433,   0.6,  -2.8,   2.6, 201.4, 360.6,1398.7,   0.1,   0.6
111457,   0.6,   1.8,  -4.1,-154.8,-105.7, 888.2,  -0.3,   1.0
111481,  -0.6,  -0.9,  -4.0, -69.1,  40.5, 970.3,  -0.0,   1.1
111505,  -0.6,  -0.9,  -2.1,  24.9,   7.8, 973.4,  -0.0,   1.0
111531,  -0.5,  -1.7,  -4.0,  14.2,  -0.0,1016.9,  -0.1,   0.9
111555,   0.9,  -2.3,  -5.2,  84.2, -23.4, 966.1,  -0.2,   0.7
111583,   1.1,   4.3,  -6.0,-211.9,  39.8, 916.6,  -0.2,   0.8
111607,  -0.2,  -1.7,  -2.9, -65.4, -15.6, 977.4,  -0.1,   0.8
111631,  -0.9,   7.8,  -2.1,-112.6, 106.2,1117.7,  -0.1,   1.0
111655,  -0.0,   2.4,  -2.6,  43.5,  82.0,1139.2,  -0.2,   1.0
111683,   0.4,   0.6,  -3.2, -49.6,  51.5,1044.5,  -0.1,   1.1
111707,   0.8,  -0.2,  -2.4, -11.5,   9.0, 989.6,   0.0,   1.0
111731,  -0.5,  -0.1,  -2.8,-253.7, -92.5, 835.3,   0.1,   1.1
111755,  -2.0,  -0.2,  -5.4,-173.8, -96.7, 983.9,  -0.1,   1.0
111783,  -1.2,   0.3,   1.3,  37.8,  47.6,1041.8,   0.3,   1.1
111807,   0.3, -11.7,  -1.7, 188.7,  57.4,1309.4,   0.7,   1.4
111831,   0.4,  -2.9,   1.3,  21.7,  18.3,1158.5,   0.7,   1.5
111855,   1.2,   2.9,   2.1,  33.7, -17.6,1030.8,   0.5,   1.3
111883,   0.6,   2.4,   1.8, -19.8,   0.2, 998.3,   0.5,   1.4
111911,  -2.0,   2.6,   2.1,  77.9, -13.7,1023.5,   0.4,   1.4
111931,  -0.3,  -2.4,   1.4, 242.2,  20.5,1108.9,   0.5,   1.5
111955,  -0.1,   2.2,   1.3, -73.7,  97.4, 975.6,   0.8,   1.5
111983,   0.2,   1.1,   1.9, -50.3,  -2.0,1005.2,   0.6,   1.6
112007,  -1.4,  -2.8,   3.3,  12.7, -10.8, 986.6,   0.6,   1.5
112031,  -1.5,  -1.1,   2.1,  44.7,   1.5,1012.3,   0.5,   1.3
112055,  -0.2,  -0.1,   0.2, -20.5, -13.9,1013.5,   0.4,   1.4
112083,   1.0,  -2.1,  -2.1, -13.4, -35.7, 986.9,   0.3,   1.6
112107,   0.5,  -2.5,  -3.4, -41.0, -43.2,1001.0,   0.1,   1.5
112131,   0.2,   1.2,  -3.9, -58.4, -30.8, 996.6,  -0.2,   1.5
112159,   0.0,   0.4,  -3.4,  22.7,  12.2, 991.3,  -0.2,   1.5
112183,  -0.2,  -9.0,   0.7, 294.7,-323.5,1322.8,   0.4,   1.5
112207,  -1.2,   1.9,  -0.9, -43.0,-108.2, 989.8,   0.9,   1.1
112231,   0.2,   1.5,   0.6,  -3.9,  41.5, 949.3,   0.9,   0.8
112259,  -0.7,  -2.5,   2.3,  36.4,   2.9,1026.9,   0.7,   0.4
112283,   0.5,  -0.4,  -0.7,-111.8,  -2.7, 980.8,   0.7,   0.6
112307,   1.7,  -1.4,   0.2, -38.3, -15.4,1011.0,   0.7,   0.5
112331,   3.6,  -1.6,  -1.0, -54.4, -16.6, 962.0,   0.7,   0.4
112359,   2.5,  -3.2,   2.6, -52.7,  16.6,1014.7,   0.7,   0.5
112383,   2.7,   6.0,   1.1,-646.0, -71.8,1023.5,   0.6,   0.9
112411,   1.4,   1.0,   0.5,-135.7, -44.2,1015.0,   0.6,   1.0
112431,   1.2,  -0.8,   2.8, -40.0,  17.8, 989.6,   0.7,   1.1
112459,   0.7,  -0.5,   2.9, -42.2,  21.0,1006.7,   0.9,   0.9
112483,  -1.1,  -0.6,   3.3, -94.0,  -1.5, 983.0,   1.0,   0.8
112507,  -0.1,  -3.6,   2.1,   1.9, -24.7, 993.2,   0.9,   0.8
112531,   0.9,  -2.4,   1.4, -12.5,   2.4, 993.2,   0.8,   0.6
112559,   0.4,  -1.3,   1.2, -41.0,  27.3, 979.3,   0.9,   0.6
112583,   0.6,  -3.2,   0.2, -19.0,  15.4, 987.6,   0.9,   0.5
112607,   1.1,  -2.4,   1.1, -99.1, -47.1, 905.3,   0.9,   0.3
112631,  -0.2,  -3.8,   2.3, 106.4,  28.1,1003.0,   0.8,  -0.1
112659,   1.0,  -0.1,  -1.3, -39.6, -34.9, 993.0,   0.5,  -0.4
112683,   1.4,  -0.1,  -3.3,  26.4, -29.6,1022.3,   0.2,  -0.5
112707,   1.1,  -1.3,  -3.1,  20.7,  68.1, 996.2,   0.3,  -0.4
112731,   0.7,   0.2,  -3.1,  -3.2,  71.5, 997.6,   0.7,  -0.3
112759,   0.4,   1.0,   0.2,  11.7,  48.3, 992.2,   1.0,  -0.2
112783,   0.6,   2.7,   0.2,   1.0, -15.6, 995.4,   1.0,  -0.2
112807,   0.3,  -0.5,   0.4,  14.2, -32.0,1008.8,   0.8,  -0.2
112831,  -0.3,  -1.5,  -1.4,   7.8, -18.6,1006.9,   0.5,  -0.3
112859,  -0.1,  -0.2,  -3.9,   5.1,  22.9, 977.8,   0.5,  -0.4
112883,   0.1,   0.5,  -2.3, -23.2,   7.8, 993.2,   0.6,  -0.3
112911,   0.5,   1.2,  -2.3, -20.8,  21.0,1006.2,   0.6,  -0.3
112931,   0.1,   0.4,  -2.8, -10.5,  45.6, 991.8,   0.8,  -0.1
112959,   0.6,   0.7,  -1.9,  14.4,  65.4,1003.2,   1.0,  -0.2
112983,   0.9,   1.6,  -0.7, -13.7,  43.4, 991.8,   1.2,  -0.1
113007,  -0.3,  -0.2,  -1.5,  16.1,  49.3,1003.5,   1.3,  -0.0
113031,  -0.5,  -0.4,  -1.5, -36.4,  21.0, 993.5,   1.4,   0.0
113059,   0.7,   0.6,  -1.1, -31.3, -11.0,1006.2,   1.3,   0.1
113083,   1.0,   1.7,   0.8,  -1.5,  10.5,1002.0,   1.1,   0.2
113107,  -0.6,  -0.4,   1.0,  51.8,  32.9,1007.4,   1.1,   0.0
113133,   0.6,   1.0,   0.2,  41.0,  64.0, 994.9,   1.3,  -0.1
113157,   0.2,   1.2,  -0.6,   7.8,  47.6, 995.9,   1.5,  -0.2
113181,   1.4,   1.4,   1.6, -58.4,  24.6, 979.3,   1.5,   0.1
113209,   9.2,   1.1,   6.0,  10.7, 254.9, 479.6,   1.9,   0.8
113233,  -2.0,   4.8,   1.7, -33.7,-116.5, 973.4,   1.5,   0.7
113257,  -0.1,  -3.3,  -0.4, -70.8, -44.4, 918.3,   1.2,   0.5
113285,   0.2,  -9.0,  -1.5, 129.9, -39.6,1024.7,   0.7,   0.2
113309,  -0.6,  -2.2,  -2.8, -67.1, -45.2, 994.0,   0.3,   0.2
113333,  -0.1,   0.5,  -3.4,  21.0,   1.5,1017.4,   0.1,   0.0
113357,  -0.1,   1.0,  -2.6, -33.7, -31.7, 981.3,  -0.1,   0.0
113385,   0.1,  -2.1,  -2.6,  -3.4,  25.6, 943.4,   0.0,   0.1
113413,  -0.1,  -5.1,  -3.7,  13.7,  15.1, 987.1,   0.0,  -0.0
113433,  -0.6,  -3.4,  -2.4,  52.7,  18.8, 986.9,   0.1,   0.0
113457,   1.2,  -0.9,  -1.1,  53.9, 118.9, 985.9,   0.5,   0.1
113485,   1.4,   2.1,  -0.5, -70.3, 146.7, 953.4,   1.4,   0.1
113509,   1.6,   0.5,  -0.4,  82.5, 108.9, 996.4,   2.2,  -0.0
113533,   1.0,  -0.2,  -1.0, -19.3,  62.7,1027.4,   2.4,   0.1
113557,  -0.3,  -2.1,   0.5, -14.4,  55.2, 979.8,   2.5,   0.2
113585,   0.3,  -2.5,  -1.8, -67.1, -48.6,1011.8,   2.3,   0.3
113609,   0.0,  -4.6,  -3.2,   5.6,-171.6,1017.1,   1.5,   0.3
113633,  -0.4,  -5.2,  -2.0, -12.9,-148.2,1055.7,   0.3,   0.2
113657,  -0.8,  -6.5,  -2.5, 132.1,  50.3,1004.2,   0.3,  -0.4
113685,  -1.5,  -2.9,  -0.4, -25.2,  80.6, 993.7,   0.8,  -0.9
113709,   0.9,  -1.9,  -1.3, -28.1, 111.1, 976.4,   1.3,  -1.0
113733,   0.9,   3.8,  -0.4, -10.3,  75.4,1004.2,   1.8,  -0.9
113757,   1.6,   4.4,  -0.9, -22.7,  29.0, 988.6,   1.9,  -0.6
113785,   0.3,   2.7,  -0.9,  -5.4,   0.5, 997.4,   1.8,  -0.5
113809,   1.2,   1.3,  -1.6,  24.4,  -9.5, 985.9,   1.5,  -0.3
113833,  -0.2,  -2.5,  -1.4,  53.0,  17.3,1000.3,   1.4,  -0.4
113857,  -0.9,  -2.3,  -0.1,  48.1,  -6.4,1000.5,   1.3,  -0.6
113885,   0.2,   0.8,  -1.0, -19.0,  13.7, 989.3,   1.2,  -0.5
113913,  -0.1,  -0.8,   0.4,  34.2,  51.7, 992.0,   1.3,  -0.5
113933,  -1.2,  -0.7,   0.8,  37.1,  34.9,1025.0,   1.3,  -0.6
113957,   0.0,  -0.1,  -0.1, 110.3,  45.9, 999.8,   1.4,  -0.5
113985,  -4.8,  10.0,  -1.4, -40.8,  14.1,1003.0,   1.4,  -0.6
114009, -11.7,   6.3,  -2.1, -69.8,  -5.6, 995.2,   1.2,  -0.3
