Time(ms),Gyro X,Gyro Y,Gyro Z,Acc X,Acc Y,Acc Z,Rot X,Rot Y
58560,  -0.8,  -0.3,   0.2,  35.3,  25.5, 983.5,   0.3,  -2.2
58588,  -1.2,  -0.2,   1.3,  13.8,   5.3, 986.2,   0.3,  -2.1
58592,  -1.2,  -0.3,   1.6,   6.7,  11.9, 990.4,   0.4,  -2.0
58596,  -0.6,   0.1,   0.6,  38.2,   2.6, 987.9,   0.3,  -2.0
58600,  -1.1,  -0.0,   0.8,  22.6,   4.3, 996.2,   0.3,  -2.0
58614,  -0.7,   0.1,   0.9,  29.4,   9.4,1006.0,   0.3,  -2.0
58618,  -0.9,  -0.5,   2.3,  25.0, -17.2,1022.4,   0.3,  -1.9
58622,  -1.3,  -0.7,   1.3,  41.2,   3.6, 996.5,   0.3,  -2.0
58626,  -0.2,  -0.1,   0.8,  21.4,  -0.3,1004.3,   0.3,  -1.9
58630,  -0.1,   0.8,  -1.2,  31.6,  13.3, 993.8,   0.3,  -1.9
58644,  -0.2,   0.6,  -0.7,  36.0,   6.3, 984.0,   0.3,  -1.9
58648,  -1.1,  -0.2,   0.3,  40.4, -10.3,1013.6,   0.3,  -1.9
58652,  -1.2,   0.5,   0.6,  23.8,  17.0, 995.5,   0.3,  -1.9
58656,  -0.9,  -0.3,   1.6,  37.3,  -9.4, 993.8,   0.3,  -1.9
58660,  -0.2,   0.9,   0.8,  29.7,  -1.1,1013.3,   0.3,  -1.9
58674,  -0.9,  -0.0,   2.5,  25.3,   2.1, 978.4,   0.3,  -1.9
58678,  -1.0,  -0.6,   1.4,  30.7,  27.5, 994.5,   0.3,  -1.9
58682,  -1.0,   0.4,   1.9,  24.1,  -1.3,1003.8,   0.3,  -1.9
58686,  -0.6,   0.3,   0.8,  20.4,   4.3, 991.6,   0.3,  -1.8
58702,   0.1,  -0.2,  -0.1,  25.5,  -7.7, 999.9,   0.2,  -1.8
58730,   0.2,  -0.5,  -0.2,  28.0,  -1.1, 993.3,   0.2,  -1.7
58754,   0.2,   0.3,  -0.2,  26.3,  -1.1,1012.6,   0.2,  -1.7
58778,  -0.2,   0.7,   1.0,  38.7,   4.6, 999.4,   0.1,  -1.6
58802,  -1.0,  -0.2,   1.1,  22.4,  -7.4, 999.7,   0.0,  -1.6
58830,  -0.0,   0.2,   0.4,  30.2,  -6.7,1003.3,   0.0,  -1.6
58854,  -0.9,   0.1,   0.0,  22.6,   6.0,1009.7,   0.0,  -1.6
58878,  -1.1,   0.0,   0.0,  29.7,   2.4, 996.7,   0.0,  -1.5
58902,  -0.7,  -0.6,  -0.1,  47.0,   1.1,1005.5,   0.0,  -1.5
58930,  -0.7,   0.2,  -0.6,  31.4,   0.9,1004.0,  -0.0,  -1.6
58954,  -0.1,  -0.0,   0.4,  26.8, -12.3, 998.7,  -0.1,  -1.5
58978,  -0.1,   0.2,   0.1,  38.7, -11.6,1002.8,  -0.1,  -1.5
59006,  -0.9,   0.2,   0.0,  28.0,  -5.9, 989.6,  -0.1,  -1.5
59030,  -0.5,  -0.3,   0.6,  42.1,  -0.1,1008.7,  -0.1,  -1.5
59054,  -0.4,  -0.0,   1.9,  26.5,   7.5, 990.6,  -0.1,  -1.5
59078,  -1.4,   0.0,   1.6,  21.1,   7.0, 999.7,  -0.1,  -1.5
59106,  -0.2,  -0.0,   0.6,  39.9,   5.3,1010.6,  -0.1,  -1.5
59130,  -0.8,  -0.2,   1.0,  40.4,   5.8, 995.0,  -0.0,  -1.5
59154,  -0.6,   0.5,  -0.1,  16.3,   9.4, 994.8,  -0.0,  -1.5
59178,  -0.6,  -0.0,  -0.1,  31.6,   4.1, 997.7,   0.0,  -1.5
59206,  -1.0,  -0.0,   0.8,  28.0,   6.0,1000.6,  -0.0,  -1.5
59230,  -0.2,  -0.6,   0.3,  37.0,   3.1, 992.6,  -0.0,  -1.5
59254,  -1.0,   0.6,   0.0,  33.3,   1.4,1003.1,  -0.1,  -1.5
59278,  -1.3,  -0.2,   0.8,  42.1,   4.3,1026.8,  -0.1,  -1.5
59306,  -0.7,  -1.0,   1.6,  21.9, -25.2,1001.4,  -0.1,  -1.5
59334,  -1.3,  -0.8,   1.3,  36.3,   6.0,1000.9,  -0.1,  -1.5
59354,  -0.2,   0.5,   1.0,  22.6,  -9.9, 994.8,  -0.1,  -1.5
59378,  -0.9,  -0.7,   0.4,  42.4, -11.3,1018.7,  -0.1,  -1.5
59406,  -0.2,  -1.0,   1.1,  23.6,  -0.6,1010.4,  -0.1,  -1.5
59430,  -0.9,  -0.3,  -0.2,  26.5, -22.3,1004.5,  -0.2,  -1.5
59454,  -1.0,  -0.2,   1.3,  22.1,  22.9, 982.1,  -0.1,  -1.5
59478,  -1.3,   0.2,   0.8,  17.2,  -2.0, 994.5,  -0.1,  -1.6
59506,  -0.6,   0.0,   1.6,  41.4,   6.5, 990.6,  -0.1,  -1.6
59530,  -1.0,   0.4,   0.0,  32.6,  -5.5, 995.0,  -0.1,  -1.6
59554,  -0.9,   0.1,   0.1,   7.2, -10.6,1005.0,  -0.1,  -1.5
59578,  -0.9,  -0.3,   1.8,  10.6, -13.5,1002.3,  -0.1,  -1.5
59606,  -0.7,  -0.2,   0.1,   9.4,  -1.8, 987.9,  -0.2,  -1.5
59630,  -1.2,  -1.0,   1.4,  54.3, -22.3,1007.0,  -0.2,  -1.5
59654,  -1.0,  -0.8,   0.6,  42.9,  -8.1,1005.8,  -0.2,  -1.5
59678,  -2.0,   0.3,   0.4,   3.6,   4.3, 977.9,  -0.2,  -1.5
59706,  -0.3,   0.2,   0.8,   4.3, -28.4, 995.0,  -0.2,  -1.5
59730,  -1.0,  -1.1,   1.8,  25.5,  -5.7,1000.4,  -0.3,  -1.6
59754,  -1.2,   0.4,   1.6,   3.1,   2.6, 995.0,  -0.2,  -1.5
59778,  -0.4,   0.4,  -0.1,  10.6,  -5.2, 976.5,  -0.2,  -1.5
59806,  -1.2,  -0.5,   0.2,  23.8, -10.1, 992.6,  -0.2,  -1.5
59834,  -0.3,  -0.8,   0.8,  43.4,   9.4, 989.4,  -0.2,  -1.5
59853,   0.1,  -0.3,  -0.8,  35.8,   6.8, 987.0,  -0.2,  -1.5
59881,  -0.7,  -0.5,   0.3,  39.0,   8.0,1005.3,  -0.1,  -1.5
59905,   0.8,  -0.5,  -1.0,  35.5, -12.0, 993.1,  -0.1,  -1.5
59929,   0.3,  -0.4,  -1.1,   7.0,   0.4, 985.5,  -0.1,  -1.5
59953,  -0.7,   0.2,  -0.0,  27.7,  11.4,1010.4,  -0.1,  -1.5
59981,  -1.2,  -0.3,   1.7,  17.7, -19.6, 987.9,  -0.1,  -1.5
60005,  -0.6,   0.0,   0.5,   8.2,  -5.9,1030.9,  -0.1,  -1.4
60029,  -0.9,  -0.3,   0.5,   7.2,   1.4, 988.2,  -0.0,  -1.4
60057,  -0.1,   0.2,  -0.8,  30.4, -12.8,1022.1,  -0.0,  -1.4
60081,  -0.7,   0.0,   0.6,  23.3,  -5.7, 993.6,  -0.0,  -1.4
60105,  -1.9,  -1.1,   0.5,  59.5,   2.8,1008.9,  -0.1,  -1.5
60129,  -1.4,   0.3,  -0.1,  29.4,  -5.7,1026.8,  -0.1,  -1.4
60157,  -0.3,  -1.1,  -0.4,  28.5, -12.3,1003.6,  -0.1,  -1.4
60181,  -1.2,  -0.5,   0.3,  26.0, -10.6, 999.9,  -0.1,  -1.4
60205,  -0.8,  -0.4,   1.4,  18.7,  -4.2,1002.1,  -0.0,  -1.4
60229,  -1.7,   0.0,  -0.4,  31.4,   8.5,1001.4,  -0.1,  -1.5
60257,  -2.2,  -0.0,  -0.2,  34.8,  -8.4,1015.0,  -0.0,  -1.5
60281,  -0.1,  -0.2,  -0.4,  34.1,  -5.7,1009.4,  -0.0,  -1.5
60305,  -1.1,  -1.2,   0.4,  20.9,   4.1,1006.0,  -0.1,  -1.5
60333,  -0.5,  -0.6,  -0.1,  32.9,   4.1, 997.0,  -0.0,  -1.5
60357,   0.3,  -0.4,  -1.1,  23.8,  -1.3, 997.5,  -0.0,  -1.5
60381,  -0.1,  -0.4,  -0.5,  31.4, -15.7,1004.8,   0.0,  -1.5
60405,  -0.3,  -0.9,  -0.1,   7.5, -16.7,1009.2,  -0.1,  -1.5
60429,  -1.6,  -0.9,   1.0,  22.6,  -1.1, 991.1,  -0.1,  -1.5
60457,  -0.4,  -0.9,  -0.4,  56.8,  -1.1, 985.2,  -0.0,  -1.5
60481,  -0.6,   0.2,   0.4,  11.9,   1.4, 997.5,  -0.0,  -1.5
60505,  -2.3,  -0.2,   1.7,  21.4,  14.3,1000.4,  -0.0,  -1.4
60529,  -1.6,  -0.6,   1.3,  14.5, -30.6,1011.4,  -0.1,  -1.4
60557,  -0.7,  -0.2,  -0.7,  43.8,  17.0,1023.6,  -0.1,  -1.5
60581,  -1.0,   0.3,   0.3,  24.3,   8.5, 994.3,  -0.1,  -1.5
60605,  -0.5,   0.7,  -0.9,  12.6,  -3.5, 982.8,  -0.1,  -1.4
60629,  -0.3,  -0.6,   0.0,  40.4, -20.8,1020.7,  -0.2,  -1.4
60657,  -1.6,  -1.0,   0.6,  51.9, -56.7,1030.4,  -0.2,  -1.5
60681,  -0.1,   0.4,   0.6,   8.4,  11.1,1024.8,  -0.3,  -1.4
60705,  -0.7,   0.1,   0.0,  21.4,  -1.3, 990.6,  -0.2,  -1.4
60729,  -1.4,  -0.5,   0.7,  38.2,  -2.0,1001.1,  -0.2,  -1.4
60757,  -0.8,   0.2,   1.9,  27.0, -18.2,1009.9,  -0.2,  -1.4
60781,  -0.7,  -0.2,   1.7,  16.7,  -3.7,1012.3,  -0.2,  -1.4
60805,   0.1,  -0.0,   0.3,  25.0,   0.6,1006.0,  -0.2,  -1.5
60833,  -0.4,  -0.6,   1.3,  28.2,   6.8, 995.3,  -0.2,  -1.5
60857,  -0.4,  -0.6,   1.7,  79.2, -12.5,1001.9,  -0.2,  -1.5
60881,  -1.5,   0.2,   3.5, -32.3,  -5.7, 994.5,  -0.2,  -1.4
60905,  -0.6,  -0.7,   2.8,  38.5, -13.3, 977.9,  -0.3,  -1.4
60929,  -0.0,   0.0,   1.4,   2.8,  13.3, 988.4,  -0.2,  -1.3
60957,   1.3,   0.3,   1.0,  45.3,  74.4,1002.6,  -0.2,  -1.5
60981,  -0.2,  -1.7,  -1.1,  78.8, -12.5,1078.8,   0.0,  -1.5
61005,  -0.1,   0.6,  -0.8,  32.4,  -9.9, 995.5,   0.0,  -1.6
61029,  -0.4,   1.7,   0.6,  26.3,  -1.8, 962.3,   0.1,  -1.6
61057,  -0.9,   1.7,   1.6, -28.9, -11.1, 983.1,   0.1,  -1.4
61081,  -0.7,   0.8,   0.8,  31.9,  -1.5,1000.4,   0.1,  -1.4
61105,  -0.8,   0.5,   1.9,  54.8, -16.4,1020.7,  -0.0,  -1.4
61133,  -0.8,   0.3,   3.1,  22.6, -54.8, 967.7,  -0.2,  -1.4
61157,  -0.7,  -0.3,   1.8,  32.4, -12.5,1013.1,  -0.3,  -1.3
61181,  -0.3,  -0.4,   1.9,   6.0,  36.8, 975.0,  -0.2,  -1.3
61205,  -0.9,  -1.6,   2.4, 107.8, -72.1,1055.8,  -0.2,  -1.3
61233,  -0.7,  -8.5,   1.4, 226.7, -86.3,1239.6,  -0.4,  -1.4
61257,  -1.0,  -0.7,   1.7,  49.0,  75.6, 928.6,  -0.3,  -1.1
61281,  -0.7,  -1.8,   1.1,  39.7,  22.4,1019.4,  -0.1,  -1.1
61305,  -0.7,  -0.5,   1.3,  11.9,   5.5, 987.9,   0.1,  -1.1
61333,   1.5,  -0.6,   3.2, 139.3, 118.3,1010.2,   0.2,  -1.3
61357,  -0.2,   1.9,   2.6,  -5.2,  81.2, 986.2,   0.4,  -1.2
61381,  -1.3,   1.1,   4.3,  13.8, -30.8, 952.5,   0.4,  -1.2
61405,  -0.3,   0.5,   3.3,  56.3, -19.4,1012.1,   0.4,  -1.3
61433,  -0.6,   1.3,   1.4,   1.6, -41.8,1000.6,   0.2,  -1.3
61457,  -0.9,  -1.6,  -0.9,  96.1, -41.1,1055.6,  -0.0,  -1.4
61483,  -0.1,  -0.6,  -1.7,  32.1,  10.4,1011.9,  -0.2,  -1.5
61507,  -0.1,  -0.9,  -2.8,  20.4,  21.4,1070.7,  -0.2,  -1.5
61531,   0.1,   1.3,  -2.2, -41.1,   8.2, 968.2,  -0.2,  -1.4
61555,  -0.1,   0.5,  -1.6, -19.6, -11.1, 998.9,  -0.3,  -1.4
61583,  -0.4,   0.5,  -0.7,  32.4,  13.6,1006.5,  -0.2,  -1.5
61607,  -1.2,  -0.0,  -0.2,  29.4,  -2.8, 999.4,  -0.2,  -1.5
61631,  -1.1,  -0.6,   0.2,  11.1, -14.5,1005.0,  -0.2,  -1.5
61655,  -1.0,  -1.0,  -0.4,  19.7, -10.3, 993.3,  -0.2,  -1.5
61683,  -0.6,  -0.5,   0.6,  44.6,   1.6,1008.2,  -0.3,  -1.6
61707,  -0.3,  -0.8,  -0.3,  26.0,   3.1, 986.7,  -0.2,  -1.6
61731,  -0.1,  -1.1,  -0.3,  14.5,  -6.9,1003.8,  -0.3,  -1.6
61755,   0.1,  -0.6,  -0.8,  13.6,  -1.3,1008.7,  -0.3,  -1.6
61783,  -0.7,  -0.2,  -1.2, -21.1,   4.1, 975.5,  -0.4,  -1.5
61807,  -0.1,   0.1,   0.2,  24.3,   5.8, 998.2,  -0.5,  -1.4
61835,  -1.0,  -0.5,   0.1,  38.2, -16.0,1025.8,  -0.5,  -1.4
61855,   0.9,  -1.1,   0.2,  36.5, -33.8,1033.6,  -0.6,  -1.4
61883,  -1.2,  -0.5,   2.2,  10.2,   3.6,1017.5,  -0.6,  -1.4
61907,  -0.0,  -0.7,  -1.5,  26.3, -16.7,1018.5,  -0.6,  -1.4
61931,  -1.1,  -0.5,  -1.3,  81.0,  -3.7,1004.3,  -0.5,  -1.5
61955,  -2.2,  -0.8,  -0.4,  24.1,  24.3, 990.4,  -0.5,  -1.6
61983,  -0.2,   0.3,  -1.2,  -0.8,  28.5, 988.4,  -0.3,  -1.6
62007,  -1.0,  -0.5,  -1.4,   8.9,  30.4, 994.3,  -0.1,  -1.6
62031,  -0.8,  -0.2,  -1.6,  28.5,  40.4, 983.3,   0.1,  -1.5
62055,  -0.4,  -0.9,  -0.7,  17.7,  38.7, 974.3,   0.3,  -1.5
62083,  -0.9,  -0.2,  -0.9,   5.5,  16.0,1008.4,   0.4,  -1.4
62107,  -1.0,  -0.5,   0.6,  19.7,  25.1, 996.2,   0.6,  -1.4
62131,  -1.2,  -0.3,   1.4,  38.5,   5.0,1016.3,   0.6,  -1.4
62159,  -0.5,   0.5,   0.0,  30.7,  20.2,1010.2,   0.6,  -1.4
62183,  -1.6,  -0.3,   0.5,  -6.4,  10.9, 990.4,   0.5,  -1.4
62207,  -0.2,  -0.1,  -1.2,  25.8,   3.6, 979.4,   0.5,  -1.5
62231,  -0.2,  -0.5,  -0.6,  56.3, -23.3,1011.1,   0.4,  -1.5
62259,  -0.4,  -0.9,  -0.3,  10.4,  11.9, 990.1,   0.4,  -1.4
62283,  -1.1,  -0.1,  -0.7,  14.1,  -7.9,1011.4,   0.3,  -1.4
62307,  -1.2,  -0.9,   0.2,  21.6,  -5.7, 995.3,   0.3,  -1.4
62335,  -0.1,   0.0,  -0.9,  36.0,  19.7, 990.9,   0.3,  -1.4
62359,  -0.7,   0.2,  -0.3,  27.2, -18.4,1011.9,   0.3,  -1.4
62383,  -1.0,  -0.0,  -1.3,  35.8,   4.6,1011.6,   0.3,  -1.4
62407,   0.1,   0.3,  -0.4,  37.5,   8.2, 991.1,   0.3,  -1.4
62431,  -0.1,  -0.7,  -0.9,  25.5,  -2.5,1003.6,   0.3,  -1.4
62459,  -1.2,  -0.2,  -0.6,  20.7,  -3.5, 995.7,   0.2,  -1.4
62483,  -0.8,   0.3,  -0.6,  22.4, -10.8,1011.6,   0.2,  -1.4
62507,  -0.8,  -0.6,   0.3,  26.8,  -5.2, 992.8,   0.1,  -1.4
62531,  -0.6,   0.6,  -0.4,  18.0,   0.9, 997.7,   0.1,  -1.4
62559,  -1.2,  -0.1,   0.6,  24.8,  -1.1, 999.9,   0.1,  -1.4
62583,  -0.3,   0.9,  -1.4,  31.1,   5.8, 996.2,   0.1,  -1.5
62607,  -0.4,   0.3,  -0.1,  23.3,   7.2, 994.3,   0.2,  -1.4
62631,  -0.6,  -0.2,   0.8,  21.1,  18.5, 990.1,   0.2,  -1.4
62659,  -0.6,   0.3,  -0.3,  13.3,  -5.5,1001.1,   0.2,  -1.4
62683,  -0.5,  -0.3,  -0.2,  20.9, -17.7, 998.2,   0.1,  -1.4
62707,  -0.5,  -0.5,   0.4,  27.5,  -2.3, 992.1,   0.1,  -1.4
62731,  -0.4,   0.5,  -0.4,  17.2, -11.8,1014.8,   0.1,  -1.4
62759,  -0.4,   0.2,  -0.4,  21.1,  11.4, 987.9,   0.1,  -1.4
62783,  -0.8,   0.1,   0.3,  20.9,   8.5, 993.6,   0.1,  -1.4
62807,  -1.2,   0.3,   0.5,  17.5,   9.9,1002.8,   0.2,  -1.5
62835,  -1.0,   0.0,   0.5,  25.5,  -0.3,1000.1,   0.1,  -1.4
62859,  -1.0,   0.6,  -0.4,  19.9,  13.6, 992.1,   0.2,  -1.4
62883,  -1.7,  -0.2,   1.5,  26.5,   3.6,1001.6,   0.2,  -1.4
62907,  -0.1,   0.8,  -2.2,   9.2,  -1.5,1002.8,   0.2,  -1.4
62931,  -0.3,  -0.0,  -1.0,  17.0,  -6.4,1000.1,   0.2,  -1.4
62959,  -0.4,  -0.2,  -1.2,  31.9,  -9.6,1003.1,   0.2,  -1.3
62983,  -1.2,  -0.2,  -0.4,  26.5,  -6.2, 983.3,   0.1,  -1.3
63007,  -1.3,  -0.9,   0.5,  28.0,  -7.2,1002.1,  -0.0,  -1.3
63031,  -0.8,  -0.7,  -0.9,  23.1, -23.8, 998.2,  -0.1,  -1.3
63059,  -1.3,  -0.6,   0.4,  28.7, -13.5, 996.5,  -0.2,  -1.4
63083,  -0.6,   0.3,  -0.1,  17.7, -11.8,1004.5,  -0.3,  -1.3
63109,  -1.6,  -0.4,   0.5,  18.5,  -5.9, 999.2,  -0.3,  -1.3
63133,  -0.3,  -0.4,   1.3,  20.4, -14.0,1009.9,  -0.3,  -1.3
63157,  -1.0,  -0.4,   1.4,  30.7,   1.6, 998.4,  -0.3,  -1.3
63185,  -0.2,   0.8,  -0.1,  25.0,  14.3,1018.2,  -0.2,  -1.3
63209,  -1.5,  -0.1,  -0.0,  37.7,  20.2,1000.9,  -0.1,  -1.4
63233,  -1.0,  -0.2,   0.1,  23.8,  16.0, 995.3,  -0.1,  -1.4
63257,  -0.2,  -0.9,  -0.0,  28.7,  19.0, 999.9,  -0.0,  -1.4
63285,  -0.5,  -0.5,   0.3,  16.0,  15.1,1018.2,   0.1,  -1.4
63309,  -1.3,  -0.0,  -0.5,  14.5,   1.6, 980.9,   0.1,  -1.4
63337,   0.6,  -0.8,  -0.0,  22.1,   9.9,1010.4,   0.1,  -1.4
63357,  -0.2,  -0.9,   0.3,   9.7,   3.1,1005.5,   0.1,  -1.3
63385,  -0.2,  -0.5,  -0.5,  33.8,   1.9, 993.6,   0.1,  -1.3
63409,  -1.4,  -0.0,   0.9,  40.2,  -2.3, 993.3,   0.1,  -1.4
63433,  -0.2,  -0.2,  -0.1,  24.1,  -6.9,1013.8,  -0.0,  -1.4
63457,  -0.6,   0.2,   1.0,  18.0, -15.0, 990.4,  -0.1,  -1.4
63485,  -0.6,  -0.3,  -0.3,  27.5, -13.8,1011.6,  -0.1,  -1.4
63509,  -1.3,  -0.4,   0.5,  18.0, -11.6,1008.7,  -0.1,  -1.4
63533,  -1.2,  -0.6,   0.9,  13.3,   4.1,1001.6,  -0.1,  -1.4
63557,  -0.7,  -0.6,   0.7,  29.7,  -4.5,1001.9,  -0.1,  -1.4
63585,  -1.7,  -0.2,   1.1,  35.5,   2.6, 983.3,  -0.1,  -1.4
63609,  -1.2,  -0.3,   2.1,  35.1,  14.3, 987.0,  -0.1,  -1.5
63633,  -1.2,   0.0,   0.7,  21.1, -13.8,1001.9,  -0.1,  -1.5
63657,  -1.2,  -0.1,   1.7,  22.6,  -6.9,1005.0,  -0.1,  -1.5
63685,  -0.6,   0.5,   0.9,  19.4,  11.6,1002.8,  -0.1,  -1.5
63709,  -1.7,  -0.3,   0.8,  29.2,   4.3, 979.9,  -0.1,  -1.5
63733,  -1.0,   0.1,  -0.0,  23.8,   0.4,1002.6,  -0.1,  -1.5
63757,  -1.3,  -0.6,   1.6,  31.6, -12.5, 994.5,  -0.1,  -1.5
63785,  -0.6,  -0.3,   0.7,  11.6,  10.2,1009.7,  -0.1,  -1.4
63809,  -0.4,  -0.1,   0.5,  26.8,  -3.0, 995.3,  -0.1,  -1.4
63837,  -1.1,   0.0,   1.7,  18.9,   7.0,1008.0,  -0.1,  -1.4
63857,  -0.4,   0.3,  -0.3,  22.8,  -5.5, 983.8,  -0.1,  -1.4
63885,  -0.9,  -0.4,   0.7,  13.1,  -0.3,1015.5,  -0.1,  -1.4
63909,  -0.6,  -0.4,  -0.3,  23.8,   4.8,1011.9,  -0.0,  -1.4
63933,   0.1,   0.2,   0.5,  22.4,  -3.3, 987.4,   0.0,  -1.4
63957,  -0.3,  -0.6,   0.6,  17.5,  -1.8,1000.9,   0.0,  -1.4
63985,  -1.1,  -0.2,   0.6,  25.5,   1.1, 984.5,   0.0,  -1.4
64009,  -1.2,  -0.2,   0.2,  25.0,  -0.3, 991.1,   0.0,  -1.4
64033,  -0.6,  -0.4,   0.2,  36.0,  11.4, 999.4,   0.1,  -1.5
64057,  -0.8,  -0.9,   1.7,  25.0,  -1.8,1002.8,   0.0,  -1.5
64085,  -0.4,   0.7,  -0.4,  36.0,  -0.3, 992.1,   0.1,  -1.5
64109,  -0.6,  -0.3,   0.0,  34.6,   1.4, 998.7,   0.0,  -1.5
64133,  -0.9,   0.1,   0.6,  24.8,  -7.9,1005.8,   0.0,  -1.5
64157,  -0.6,  -0.0,   1.3,  25.8,  -1.8,1002.8,  -0.0,  -1.5
64185,  -1.3,  -0.0,   0.6,  30.2,   4.8, 993.3,  -0.1,  -1.5
64209,  -0.7,  -0.3,  -0.3,  36.5,  -4.0,1002.1,  -0.1,  -1.5
64233,  -1.3,  -0.6,   1.7,  34.8,   6.3,1012.3,  -0.2,  -1.5
64261,  -0.9,   0.2,   1.0,  29.2,  -3.5, 996.7,  -0.2,  -1.5
64285,  -0.7,  -0.6,   2.3,  29.7,   6.0,1007.5,  -0.2,  -1.5
64309,  -0.6,  -0.1,   0.5,  25.3,   0.9,1008.0,  -0.1,  -1.5
64337,  -0.9,  -0.3,   0.5,  18.0, -19.1,1005.3,  -0.1,  -1.5
64361,  -0.9,  -0.5,   0.2,  45.6,   5.0,1018.9,  -0.1,  -1.5
64385,  -2.0,  -0.3,   1.6,  21.1,  12.1,1002.3,  -0.1,  -1.5
64409,  -0.0,  -0.5,   0.2,  21.4,  18.5,1005.8,   0.0,  -1.5
64433,  -0.8,   0.6,   0.2,  26.5,   5.8, 993.1,   0.0,  -1.6
64461,  -0.5,   0.5,   0.6,  25.5,  -8.1, 992.6,   0.0,  -1.5
64485,  -1.2,  -0.1,   0.2,  31.4,   2.4,1002.3,   0.1,  -1.6
64509,  -1.3,  -0.2,  -0.4,  26.3,  18.5, 993.6,   0.1,  -1.6
64533,  -0.6,  -0.3,  -0.4,  25.8,   1.9,1013.1,   0.1,  -1.6
64561,  -0.7,  -0.4,   0.5,  19.7,   2.6,1021.1,   0.1,  -1.5
64585,  -1.6,  -0.9,   0.9,  22.6,   9.7,1006.5,   0.1,  -1.5
64609,  -0.4,   0.5,  -0.3,  31.6, -18.6, 984.0,   0.1,  -1.5
64633,  -0.6,   0.5,  -0.2,  30.9, -14.5,1013.1,   0.0,  -1.6
64661,  -1.2,  -0.7,  -0.5,  48.0,  -1.3, 992.8,  -0.0,  -1.6
64685,  -0.9,  -0.6,  -0.8,  39.0, -17.9, 981.3,  -0.0,  -1.6
64709,   0.1,  -0.5,  -1.6,  33.6, -17.4, 984.3,  -0.1,  -1.6
64735,  -0.3,  -0.1,  -1.5,  28.2,  -9.1, 987.2,  -0.1,  -1.6
64759,  -1.3,  -0.6,  -0.9,  27.0,  18.0,1006.5,  -0.1,  -1.6
64783,  -1.5,  -1.2,  -0.4,  40.9,  -7.4, 995.7,  -0.1,  -1.7
64811,  -0.7,  -0.8,  -0.6,  28.0,  15.1, 997.2,   0.0,  -1.7
64839,  -0.6,  -0.3,  -1.5,  21.4,  23.8,1004.0,   0.1,  -1.7
64859,  -0.6,  -0.8,  -1.0,  36.8,   1.6,1008.4,   0.1,  -1.7
64883,  -1.0,  -0.1,  -1.0,  33.8,   3.1,1005.0,   0.1,  -1.7
64911,  -0.7,  -0.9,  -2.0,  15.5,  14.6, 980.9,   0.1,  -1.7
64935,  -0.8,  -0.1,  -2.3,  38.0,  16.5, 995.7,   0.2,  -1.7
64959,  -1.0,  -0.7,  -1.4,  29.0,  19.2, 999.2,   0.3,  -1.7
64983,  -0.6,   0.2,  -2.5,  17.7,  16.5,1003.3,   0.4,  -1.6
65011,   0.8,  -0.2,  -3.0,  20.2,   6.0,1003.1,   0.3,  -1.6
65035,  -1.1,  -0.5,  -2.2,  32.4,   8.2, 993.1,   0.3,  -1.6
65059,  -0.6,  -0.5,  -1.2,  16.5,  12.1, 990.4,   0.4,  -1.7
65083,  -0.3,  -1.0,  -3.1,  21.1,  -5.9,1002.3,   0.3,  -1.6
65111,  -0.6,  -1.6,  -1.3,  23.1,  -3.3, 999.2,   0.3,  -1.6
65135,  -1.8,  -0.6,  -2.3,  23.1,   3.8, 992.3,   0.4,  -1.6
65159,  -0.8,  -0.1,  -2.7,  19.9,  -3.0,1000.1,   0.4,  -1.6
65183,  -1.0,  -0.8,  -2.0,  17.7, -12.5,1001.1,   0.3,  -1.6
65211,  -0.7,  -0.6,  -2.3,  20.2,   1.9, 994.3,   0.4,  -1.6
65235,  -0.6,  -0.6,  -1.7,  25.5,  -0.3,1000.9,   0.3,  -1.7
65259,  -1.6,  -0.5,  -2.8,  25.8,   5.8,1002.1,   0.4,  -1.7
65287,  -0.4,  -1.1,  -2.9,  26.5,  17.2, 997.2,   0.4,  -1.6
65311,  -1.0,  -0.2,  -2.0,  25.5,  -0.6,1005.0,   0.4,  -1.6
65339,  -1.1,  -0.5,  -1.4,  49.0,   5.5, 994.5,   0.4,  -1.6
65359,  -0.4,  -1.1,  -1.4,  22.6,  -6.7,1008.4,   0.5,  -1.6
65387,   0.2,  -0.0,  -3.3,  32.6,  20.4, 997.5,   0.5,  -1.6
65411,  -0.4,  -0.8,  -2.5,  32.1,   7.0,1010.6,   0.5,  -1.6
65435,  -0.4,  -0.8,  -3.9,  13.3,  14.3,1007.2,   0.5,  -1.6
65459,  -1.0,  -0.5,  -3.3,   9.7,  -3.3, 990.1,   0.5,  -1.6
65487,  -0.0,   0.1,  -3.3,  12.4,  20.2, 992.8,   0.5,  -1.6
65511,  -1.1,  -0.6,  -2.9,  11.6,  20.7, 990.1,   0.6,  -1.5
65535,  -2.0,  -0.8,  -0.2,  19.9,  10.7, 984.5,   0.6,  -1.5
65559,  -1.2,  -0.4,  -1.6,  38.2,  13.6,1006.2,   0.7,  -1.5
65587,  -0.7,  -0.7,  -0.8,  35.1,   9.2,1005.0,   0.7,  -1.5
65611,  -0.4,  -0.3,  -1.4,  15.8,  20.7,1014.3,   0.7,  -1.5
65635,  -1.6,  -0.3,  -0.6,  20.9,  27.7, 978.9,   0.8,  -1.5
65659,  -0.9,  -0.2,  -0.1,   5.0,  44.6,1012.8,   0.8,  -1.4
65687,  -0.9,  -0.6,  -1.2,  30.2,  -2.3, 980.4,   0.9,  -1.4
65711,  -0.9,  -0.3,  -0.4,  22.6,  29.2,1002.6,   1.0,  -1.4
65735,  -1.4,  -0.3,   0.3,   8.0,  31.7,1008.7,   1.1,  -1.4
65759,  -1.1,  -0.2,  -1.3,  12.6,  38.0, 986.5,   1.3,  -1.4
65787,  -0.9,  -1.2,   0.1,  46.0,  55.8, 991.8,   1.4,  -1.5
65811,  -1.0,  -0.8,   0.3,  -6.2,  32.9, 979.6,   1.5,  -1.4
65839,  -1.3,  -0.5,  -1.1,  17.2,  48.7, 976.2,   1.6,  -1.4
65859,  -2.4,  -0.1,  -1.0,  10.6,  65.6, 969.4,   1.8,  -1.5
65887,  -1.9,   1.6,  -2.8,   1.4,  15.1, 999.4,   1.9,  -1.6
65911,  -0.9,  -0.5,  -2.6,  69.5,  54.8, 997.7,   2.0,  -1.6
65935,  -3.0,  -2.0,  -3.3,  65.3,  47.8, 992.6,   2.2,  -1.6
65959,  -2.0,  -1.1,  -4.1,  43.6,  45.8, 981.6,   2.2,  -1.7
65987,  -2.7,  -2.3,  -1.2, 127.3, -28.9,1041.9,   1.8,  -1.8
66011,  -0.1,   0.3,  -3.8,  77.3, -26.0,1040.7,   1.4,  -1.8
66035,   0.7,   1.4,  -3.0, -26.5,  24.1, 998.2,   1.2,  -1.6
66059,   2.1,   0.8,  -4.1,  -3.8,  33.4, 993.8,   1.3,  -1.6
66087,   1.5,   0.3,  -4.7,  26.5,  -8.1, 981.1,   1.3,  -1.7
66111,   0.3,  -0.6,  -5.1,  44.6,  11.6,1011.1,   1.3,  -1.8
66135,  -0.1,  -0.6,  -7.0,  64.1,   7.2,1017.5,   1.3,  -1.8
66159,  -0.7,  -0.5,  -5.0,   4.8,   0.2, 971.3,   1.3,  -1.6
66187,  -1.2,  -0.1,  -4.8,  24.8,  70.7, 992.3,   1.4,  -1.7
66211,  -0.1,  -0.9,  -3.4,   3.8,   5.5, 972.6,   1.2,  -1.6
66235,   0.8,   0.2,  -4.5,  -8.6,  42.6,1026.5,   1.3,  -1.7
66263,   0.1,  -0.9,  -4.8,  28.0, -27.2,1043.8,   1.3,  -1.7
66287,  -0.2,  -1.0,  -3.9,  81.7,  11.9,1006.2,   1.3,  -1.8
66311,   0.4,  -1.2,  -4.2,  44.1,  24.8,1031.9,   1.3,  -1.7
66339,  -1.4,  -0.9,  -4.2,  40.2,  31.7,1011.1,   1.3,  -1.7
66362,  -1.1,  -0.5,  -3.6,  10.2,  65.6, 983.8,   1.4,  -1.7
66386,  -1.0,  -0.3,  -3.1, -26.0,  37.8,1011.4,   1.6,  -1.6
66410,  -0.7,  -1.0,  -2.3, -47.2,   9.4, 979.4,   1.6,  -1.4
66438,  -0.1,  -1.6,  -2.8,  73.1,  23.6,1000.9,   1.8,  -1.4
66462,   0.5,  -3.3,  -2.1, 117.1, 103.9, 998.7,   1.8,  -1.3
66486,   1.4,  -1.6,  -2.0,   3.1,  44.3, 972.3,   1.9,  -1.2
66510,  -2.3,  -0.9,   1.4,  41.2,  47.8,1045.8,   1.9,  -1.3
66538,  -1.9,   0.3,   0.2,  26.3,  19.0,1009.9,   1.7,  -1.3
66562,  -0.7,  -0.3,   0.1,  57.5,  19.4,1003.3,   1.6,  -1.2
66586,  -0.5,  -1.6,   0.9, 120.5,  46.8,1066.8,   1.5,  -1.2
66610,  -0.8,  -0.3,   0.3,   0.6,  17.0, 936.4,   1.4,  -1.1
66638,  -1.5,  -2.9,   0.6,  -2.3,  23.4, 966.7,   1.4,  -0.9
66662,  -1.4,  -2.0,   0.8, -19.1,  19.4, 937.6,   1.5,  -0.9
66686,  -0.0,  -1.2,  -0.1,  72.4,  54.1,1041.2,   1.5,  -1.0
66710,  -2.8,  -1.3,   0.2,  71.4,   5.3,1011.4,   1.6,  -1.0
66738,  -3.3,   0.3,   0.9,  14.8,  55.3, 964.0,   1.7,  -1.1
66762,  -2.8,   2.4,   1.9, -52.3, -27.7,1051.9,   1.7,  -1.2
66786,   1.6,   3.5,   3.0,-126.3, -59.2,1138.1,   1.3,  -0.9
66810,   3.1,   1.4,   1.9, -20.1,  63.6, 954.2,   1.6,  -0.9
66838,   1.9,   0.2,   1.1, -71.6,  79.7, 912.0,   1.7,  -0.7
66862,   0.7,  -3.2,   2.0,  77.5,  57.8,1096.6,   2.0,  -0.9
66886,  -1.8,   0.7,   3.2, -81.6,  69.0, 893.0,   1.9,  -0.7
66910,  -2.9,  -1.2,   3.0, -55.5,  35.8, 946.2,   1.9,  -0.6
66938,  -1.7,  -3.1,   2.5, 181.1,  23.4,1113.7,   2.0,  -1.0
66962,  -1.4,  -1.6,   1.7,  70.9, -36.5,1089.0,   2.0,  -0.9
66986,  -0.6,   1.8,   1.6, -96.5,  22.4, 933.2,   1.9,  -1.0
67010,  -0.7,   1.3,   0.7, -79.7,  34.1, 968.9,   2.0,  -1.0
67038,  -2.3,   1.7,   3.7, -19.9, -64.5,1179.8,   2.0,  -1.1
67062,   0.1,  -0.8,   1.9,  -5.5, -13.3,1013.6,   2.0,  -1.1
67086,   1.5,   1.4,   1.7, -25.5,  96.8, 773.3,   2.2,  -1.3
67110,  -1.2,   2.0,   4.7, -87.5,  62.4, 873.7,   2.4,  -1.1
67138,  -0.2,  -4.0,   6.0, 174.2,  31.7,1056.1,   2.1,  -1.1
67162,  -0.6,  -0.1,   3.6, 231.3,  85.1,1099.0,   2.2,  -1.2
67186,   0.5,  -2.1,   3.9, -90.7,  19.7, 834.9,   2.1,  -0.8
67210,  -2.3,  -2.3,   2.7, -26.5,  29.9, 947.4,   2.2,  -0.8
67238,  -5.4,   0.9,   0.9,  94.1,  -4.7,1010.6,   2.3,  -1.3
67262,  -0.6,  -1.8,   2.6, 230.1, 153.5, 971.3,   1.8,  -1.3
67286,  -1.0,   1.7,  -0.2, 264.8, 112.0, 964.5,   1.8,  -1.2
67338,  -2.3,  -1.2,  -1.2,  63.6,  15.8, 970.1,   1.8,  -1.5
67342,  -1.5,  -2.7,   0.0,  99.8,  19.9,1014.5,   1.8,  -1.6
67362,  -2.0,   0.8,  -2.1, -45.0,  -3.0, 991.6,   1.6,  -1.5
67386,  -3.0,  -1.4,  -1.1,-146.1, -37.2, 906.9,   1.5,  -1.3
67414,  -3.1,  -2.3,  -2.1,  95.4,-109.2,1104.4,   1.4,  -1.5
67438,  -1.6,  -3.4,  -1.4, 148.8, 101.7, 942.5,   1.4,  -1.7
67462,  -1.9,  -1.1,  -2.8, 120.7,-101.4,1201.3,   1.1,  -1.8
67486,  -0.3,  -3.0,  -2.2, 129.0,  18.0,1027.2,   1.2,  -1.8
67514,   0.9,   0.1,  -2.4, -11.8, 312.4, 982.1,   1.4,  -2.1
67538,  -0.9,   3.6,  -3.9,-149.3, -68.4, 941.3,   1.5,  -1.7
67562,  -2.0,   0.8,  -3.4,  72.9,-102.6,1168.4,   1.4,  -1.8
67586,   0.3,   2.8,  -2.7,-199.6, 140.1, 864.6,   1.6,  -1.4
67614,  -4.7,  -0.0,  -3.6,   5.3,-230.1,1188.1,   1.5,  -1.5
67638,  -2.1,   2.8,  -3.9,  -1.1,  77.3, 925.4,   1.2,  -2.0
67662,  -2.2,   5.5,  -6.0,-423.7, -83.6, 794.8,   1.3,  -1.3
67686,   2.2,  -6.1,  -0.1, 130.8, 126.1,1014.5,   1.1,  -1.0
67714,  -3.2,  -3.8,  -1.7, -33.8, -98.7, 937.6,   1.1,  -1.3
67738,  -2.6,   2.1,  -0.9,-143.7, 119.3, 888.1,   1.2,  -1.2
67762,  -3.2,  -0.0,  -2.3, -62.8, -59.4, 862.0,   1.0,  -1.3
67786,  -1.3,   1.4,  -0.5,  27.2, -47.7, 988.7,   0.8,  -1.4
67814,  -0.9,  -1.5,  -2.0, 121.7,  22.6, 951.1,   0.9,  -1.4
67842,  -0.1,   3.1,  -1.9,   8.2, -59.4, 874.4,   0.8,  -1.3
67862,  -0.9,   0.4,  -2.2,  42.1, -52.6,1101.0,   0.7,  -1.2
67886,  -3.1,   7.5,  -2.3,-131.4,-171.0,1181.3,   0.7,  -1.2
67914,  -1.5,  -0.7,  -1.9,  55.8, -30.1,1035.5,   0.7,  -0.9
67938,  -1.5,  -0.5,  -0.8,  67.3, -12.3, 986.7,   0.3,  -1.0
67962,  -2.7,   0.6,  -2.5, -93.4,  66.8, 893.0,   0.4,  -0.8
67988,  -2.6,  -8.5,  -0.1, 406.1, -18.2,1107.1,   0.3,  -1.1
68012,  -3.2,  -3.9,   2.7, 340.2,-112.9,1111.7,  -0.2,  -1.6
68036,   7.1,  -1.5,   6.0,  59.7, 178.9, 812.4,  -0.6,  -1.0
68064,   2.6,  -3.5,   3.6, 213.3,  13.1,1290.9,   0.5,  -1.1
68088,   0.9,   1.7,   2.5, -90.7,  39.5, 895.7,   0.8,  -0.8
68112,  -0.8,   5.2,   2.5,-306.7,-230.3,1043.6,   0.5,  -0.7
68136,  -3.2,   4.4,   6.0,-200.8, -72.6,1024.6,   0.5,  -0.8
68164,   0.2,  -1.1,   8.0,  92.4, -12.5,1032.6,   0.4,  -0.8
68188,  -1.1,   2.5,   6.1,-120.2, -39.4, 789.7,   0.3,  -0.7
68212,   0.5,  -1.2,   5.5, 146.6,  82.4, 990.9,   0.3,  -0.9
68236,   1.7,   3.1,   3.9,-165.6, -78.7, 868.6,   0.0,  -0.8
68264,  -1.7,   4.1,   4.9,-107.8,-178.3,1052.4,  -0.1,  -0.6
68288,  -0.7,  -0.0,   4.7,-227.2, -13.5, 731.3,  -0.3,  -0.3
68312,  -2.9,   6.4,   3.5,-275.2,  -6.9, 856.1,  -0.3,  -0.5
68340,  -2.3,  -3.8,   4.8, 244.0,  64.6,1045.1,  -0.3,  -0.8
68364,  -3.5,  -3.3,   1.5,  71.7, -66.2, 927.4,  -0.4,  -0.9
68388,  -5.6,   2.5,   2.2, 385.4, -15.0,1185.7,  -0.8,  -1.6
68412,  -2.5,   5.0,   4.4,-329.7,-656.8,1562.4,  -1.7,  -0.9
68440,   2.8,  -3.9,   7.7,   1.1, 194.5, 820.0,  -0.8,  -0.6
68464,  -1.1,   1.3,   2.8,-236.9,-193.7, 907.9,  -0.5,  -0.8
68488,   0.2,  -1.0,   3.5,-166.4,-197.1,1214.0,  -0.9,  -0.5
68512,   0.2,  -0.2,   3.4, -11.1,  47.0, 940.8,  -0.5,  -0.7
68540,  -1.0,   3.5,   1.8,   0.4,  14.6,1066.1,  -0.3,  -0.8
68564,   2.2,   4.5,   3.9, -70.9,   2.6, 992.3,  -0.6,  -0.7
68588,  -3.4,   3.9,   2.7, -91.2,-123.9,1033.8,  -0.8,  -0.8
68612,  -1.7,   3.9,   0.3,-230.3, -51.1, 931.8,  -0.6,  -0.7
68640,   2.0,  -4.4,   0.3, 151.8, 133.7,1317.8,  -0.6,  -0.8
68664,  -1.3,   0.9,  -1.7, -20.4, -27.2,1088.0,  -0.6,  -0.8
68688,  -2.1,   0.1,  -3.2,   2.3,   8.9, 879.3,  -0.8,  -0.8
68712,  -1.5,  -5.6,  -3.1, 166.4,-106.0,1138.1,  -1.0,  -0.8
68740,  -0.2,  -2.1,  -4.8,  91.9,  36.0, 954.2,  -0.8,  -1.1
68764,  -1.3,  -1.1,  -4.8, -67.2,  29.9, 925.7,  -0.5,  -1.1
68788,  -1.5,   2.9,  -7.3,-164.4, -94.8,1009.9,  -0.6,  -1.5
68812,  -2.9,   8.1,  -4.5,-170.3,  42.2, 791.2,  -0.5,  -1.7
68840,  -0.3,  -8.6,   3.3,-204.2,-254.2,1122.5,  -0.7,  -1.7
68864,   1.3,  -6.1,   0.6,  43.4, 114.9, 876.1,   0.3,  -1.8
68888,   1.4,  -3.7,   0.2, -75.8, -66.7, 925.7,   0.2,  -2.1
68912,   1.3,  -2.3,  -0.5, 142.0,  50.5, 962.8,   0.1,  -2.0
68940,   1.6,   3.3,  -2.9, -22.3,   6.0,1024.3,   0.4,  -2.1
68964,  -1.8,   4.8,  -3.7, -98.5, -21.1,1095.6,   0.7,  -2.1
68988,   1.6,   2.0,  -3.4,  74.1, -20.1, 994.5,   0.5,  -2.1
69012,   0.2,   1.6,  -3.8,  49.5, -35.5,1042.4,   0.7,  -1.9
69040,   1.6,  -2.8,  -1.6, 141.7,  50.2,1096.3,   0.7,  -1.9
69064,   1.5,   3.7,  -2.2, -16.5,  66.6,1031.4,   1.0,  -2.1
69088,   0.9,  -0.7,  -1.2, 147.6,   8.5,1118.8,   1.1,  -1.9
69112,   2.4,   3.8,  -1.1, -16.2, 142.0, 742.8,   1.2,  -1.8
69140,  -1.3,   2.1,  -2.3,-119.5,  62.7,1098.3,   1.3,  -1.4
69164,  -1.5,   0.2,  -1.6,  80.2, -46.7,1110.2,   1.2,  -1.6
69188,  -2.8,   9.2,  -6.9,-266.9, -31.3, 888.6,   0.9,  -1.7
69212,  -2.4,  -0.6,  -4.4, 136.1, 154.5, 860.5,   1.6,  -1.6
69240,  -0.4, -12.3,   1.1, 404.4,  92.2,1178.6,   0.9,  -0.9
69264,  -1.7,  -8.2,  -0.4, 408.3, 201.6,1019.4,   1.3,  -1.2
69288,   0.2,  -3.1,  -3.6, 127.3, -88.2,1149.8,   1.0,  -1.1
69312,  -1.5,   3.5,  -4.9, -69.9, -10.6, 876.9,   1.4,  -1.0
69340,  -0.9,   2.8,  -4.7,-136.3,-111.4,1036.0,   1.2,  -0.7
69364,   0.4,   0.8,  -2.3, 107.6, 258.9, 884.2,   1.8,  -1.1
69388,   0.5,  -3.6,  -2.3, 102.0, -24.7,1032.9,   1.7,  -0.7
69416,   3.0,   0.0,  -4.2, -24.5,   1.4, 988.2,   1.5,  -0.5
69440,   1.6,   0.8,  -2.3, -58.9, -30.8, 948.9,   1.5,  -0.7
69464,   0.9,  -5.2,   1.3, 110.5, 190.1, 868.1,   2.2,  -0.5
69488,  -0.4,  -1.7,  -0.3,  83.2,  34.8,1064.8,   2.0,  -0.4
69516,  -1.8,   0.1,  -0.3, 101.2,  80.2, 990.1,   2.2,  -0.4
69540,  -2.7,   3.3,  -1.1,  36.8, -13.8, 982.3,   2.0,  -0.7
69564,  -3.7,   3.0,  -1.7,  71.7,-256.4,1713.3,   2.1,  -0.6
69588,   2.7,   3.0,   2.6,-165.6, 122.0, 659.3,   1.7,   0.4
69614,  -3.1,  -4.7,  -0.4, 369.3,  58.0,1220.8,   2.6,   0.0
69638,  -0.5,   1.9,  -0.3,-186.6, -16.0, 946.2,   2.4,   0.2
69666,  -1.4,   1.1,   2.1, -53.1, 121.5,1066.8,   2.1,   0.3
69690,  -5.4,  -9.5,   4.0, -60.6,  35.3, 985.7,   2.2,   1.2
69714,  -3.9,   4.2,   1.3,-147.8,-183.4, 938.1,   1.5,   0.5
69738,  -3.3,   2.8,   1.1,-195.9, 225.5, 787.7,   1.6,   0.2
69766,   7.5,  -4.8,   8.8, 368.1, -29.4,1278.5,   0.7,   0.5
69790,   8.8,   0.8,   9.0, 122.0,  29.7,1015.0,   0.9,   0.4
69814,   5.0,   7.1,   3.2,-138.8, -20.6, 994.3,   1.6,   0.1
69842,   1.7,  -5.0,   6.9, 250.9,-363.4,1256.7,   1.3,  -0.2
69866,   5.6,   0.5,   3.1,-141.5, 190.6, 594.9,   2.4,   0.4
69890,   5.2,  -3.7,   2.5, 156.9,  83.2,1033.1,   2.4,   0.1
69914,   1.3,  -5.0,   2.7,  54.8, -33.5,1081.4,   2.5,   0.4
69938,   3.5,  -2.2,   2.6, -67.7, 194.3, 817.3,   2.7,   0.3
69966,   1.3,  -5.9,   4.5, 146.9,  66.6, 994.8,   2.9,   0.2
69990,   3.0,   3.9,   1.4,-161.2, -40.1, 891.7,   2.8,   0.1
70014,   5.5,  -6.1,   3.4, 198.1, 275.8, 974.0,   3.4,   0.1
70038,   4.9,  -0.9,   2.8, 204.5,  20.7, 980.1,   3.1,   0.1
70066,   4.0,   2.1,   0.8, -49.2,  28.7,1003.3,   3.3,   0.2
70090,   5.9,  -3.2,   3.2, 556.1, 100.0,1036.8,   3.6,  -0.4
70114,   2.7,   7.3,  -0.7, 203.8, 177.9, 863.4,   4.2,  -0.8
70138,   0.2,   9.9,  -0.3,-146.6, -20.3,1259.9,   4.9,  -0.0
70166,   0.7,   6.4,   6.7,-257.7,-216.4,1087.1,   4.2,   0.5
70190,  -2.1,   2.9,   4.8, -91.9,-129.7,1385.9,   5.1,   0.0
70214,   2.6,  -0.9,   5.4,  44.8,  34.1,1134.7,   5.4,   0.4
70238,   6.0,  10.7,   4.8,  16.0,  25.1, 949.6,   5.1,  -0.2
70266,  -5.6,   0.9,   2.3, 278.5,-136.1,1472.6,   5.8,   0.2
70290,  -4.0,   9.1,   2.2,-256.9,  26.0, 875.1,   5.2,   0.7
70314,  -5.4,   1.0,   3.9, -55.3, 165.0, 847.8,   5.1,   0.7
70342,  -4.1,   1.2,   5.7, 179.3,  75.8, 986.5,   5.0,   0.6
70366,  -0.8,   0.7,   2.9,  -5.7, 154.2, 928.4,   4.6,   1.2
70390,  -3.1,  -5.0,   2.6, 313.9, 186.7, 892.5,   4.8,   0.9
70414,  -7.6,  -0.5,   2.2,  70.2,-381.7,1478.9,   3.5,   0.2
70438,  10.3,  -0.8,   2.7,   4.0, 364.9, 854.1,   4.7,   1.3
70466,  -1.7,   4.4,  -2.5,-324.1,-151.2, 968.2,   4.9,   1.2
70490,  -2.4,  -2.3,   0.0, -43.1, -48.4,1012.8,   4.6,   1.3
70514,  -5.7,   2.4,  -0.9,-206.6,-115.8,1084.1,   4.4,   1.1
70542,  -5.1,  -2.2,  -2.1, -90.4,-128.5,1192.5,   4.6,   1.2
70566,   1.3,   5.3,  -0.4,-171.2, 115.4, 683.7,   4.5,   1.2
70590,  -3.6,  -3.4,  -0.1, 159.8,-219.3,1363.7,   4.4,   0.8
70614,  -2.9,   4.9,   0.4,-211.0,  91.7, 660.8,   4.3,   0.8
70642,   0.5,   0.2,   0.6, -42.3,  79.3,1013.3,   4.2,   0.5
70666,  -0.4,  -4.6,   3.3, 210.8,  82.9, 839.0,   4.3,   0.7
70690,  -4.5,   3.3,   4.9, 239.6,  37.5, 843.2,   4.2,  -0.6
70714,  10.4,  -6.7,   9.7, 100.5, 354.7, 839.5,   3.5,   0.3
70742,   0.4,  -1.3,   3.9, 481.3,  21.4,1164.0,   4.1,   0.0
70766,   2.0,   1.9,   1.9, -69.4,  57.5, 932.3,   3.8,   0.2
70790,  -1.2,  -6.4,   4.9, 303.6,   8.2,1121.0,   3.8,   0.2
70814,   2.1,  -4.2,   3.6, 191.5, 158.9, 994.3,   3.5,   0.1
70842,   1.9,   5.0,   3.2,-102.9, 156.7, 956.0,   3.6,   0.3
70866,  -3.7,  10.4,  -0.8,-108.3,-239.1,1445.0,   3.5,  -0.1
70890,   2.2,   2.4,   1.7,  70.2,  99.3, 737.9,   3.9,   0.2
70914,  -4.0,   0.5,   0.2, -34.3,   3.8,1319.5,   3.9,   0.4
70942,  -1.2,  -4.9,   3.0, 281.6, 157.9,1020.2,   4.3,   0.3
70966,  -0.6,   0.7,   4.4,   9.2,-565.5,1471.3,   3.2,   0.5
70990,   4.5,  -0.5,   4.4,  72.9, 164.5,1247.0,   3.3,   0.3
71014,  -2.3,   5.6,   1.2,-286.2, -39.1, 714.5,   4.4,   0.9
71042,  -0.7,   1.8,   3.3,-141.5, -57.2, 793.8,   4.1,   0.9
71066,   0.2,  -5.1,   7.1,  38.0,  54.1,1162.7,   4.0,   1.0
71090,   1.0,   1.7,   6.8,  62.2,  81.7, 933.5,   4.3,   0.9
71114,  -2.4,  -1.9,   6.3,  21.6, -31.3, 956.2,   4.1,   0.9
71142,   2.7,  11.4,   4.7,-543.8,  -2.3, 508.9,   4.1,   1.5
71166,  -0.1,  -3.1,   7.3, 140.5,  18.0,1072.2,   4.0,   1.0
71190,  -1.8,   6.4,   5.2,-264.3, 131.8, 993.8,   4.1,   0.9
71214,  -3.2,   6.1,   6.9,-143.4, 371.3, 768.2,   4.8,   0.8
71240,  -9.0,  -1.4,   7.5,-404.2,-764.5,1591.2,   4.4,   1.3
71264,  -0.7,   4.0,   9.4,-519.9,  57.0, 903.0,   3.4,   1.4
71292,  -4.0,  -2.8,   5.6,  -6.9, -79.4,1130.0,   4.2,   0.9
71316,  -0.5,  -1.5,   2.1,  54.1, -44.3,1190.8,   3.8,   0.6
71344,   4.1,   0.9,   3.8, -31.4,  97.6, 897.6,   4.0,   0.6
71364,   3.0,  -1.7,   5.2,  49.5, 150.5, 617.3,   4.3,   0.4
71392,   2.9,   5.4,   5.4,   4.3,  -7.9,1032.4,   3.7,   0.2
71416,  -1.8,  -3.9,   3.9,  11.9,  91.0, 903.0,   4.2,   0.9
71440,  -2.5,   0.5,   4.3, -93.4, -76.7,1167.4,   3.6,   0.8
71464,   1.2,   1.9,   3.6,  61.4,  43.1, 913.7,   3.5,   0.2
71492,  -7.4,  -7.6,   2.4, 113.4,   8.2,1230.4,   4.6,  -0.0
71516,   3.5,  -5.8,   4.9, 242.6, -40.4, 977.7,   3.2,   0.1
71540,   2.9,  -2.5,   4.5,  17.2, 347.3, 331.4,   4.4,   0.3
71568,  -0.4,  -2.3,   2.5, 260.9,  89.0, 745.5,   4.0,  -0.2
71592,   0.7,   0.2,   2.1,  69.5, 252.1, 740.4,   4.3,  -0.1
71616,  -1.4,  -4.8,   2.0, 421.5, -36.7,1431.3,   4.1,  -0.2
71640,  -2.3,   7.7,   1.0,-118.5,-109.9, 894.4,   4.0,  -0.1
71668,   2.0,   4.7,   1.8,-379.3, 310.0, 550.9,   4.4,   0.6
71692,   2.9,   1.4,  -0.8,-122.7,-113.9, 951.1,   4.2,   0.2
71716,  -0.0,  -1.1,  -0.9,  32.9, 248.9, 703.3,   4.8,   0.2
71740,  -2.4,   0.5,  -1.4, 110.5, 232.1, 850.2,   4.8,  -0.5
71768,   1.0,  12.4,  -6.7,-537.7,-400.0,1137.3,   4.3,  -0.1
71792,   0.2,   8.9,  -4.4,-408.1, 163.7, 816.3,   4.0,  -0.1
71816,  -3.6,  10.2,  -8.0,-711.0, -32.6, 931.3,   4.7,   0.1
71844,  -4.5,   6.9,  -5.0, -87.3,-174.4,1046.5,   4.3,   0.4
71868,  -2.6,   3.9,  -6.4,  10.6, -60.6, 967.7,   4.1,   0.2
71892,  -1.3,  -1.4,  -4.4,  24.6,  70.5,1008.9,   4.3,   0.5
71916,  -1.0,  -1.6,  -5.3, 182.0, -47.4,1151.8,   4.3,   0.8
71940,   1.0,  -9.5,  -4.3, 409.3,   9.2,1048.5,   3.8,   0.6
71968,   0.4,   5.4,  -9.7, 166.2, 161.5, 860.2,   3.9,  -0.1
71992,   3.2,  10.1,  -5.8,-147.8, 185.0, 685.7,   3.8,   0.2
72016,  -9.4,   1.1,  -5.9, -82.1,-155.8,1606.3,   5.0,  -0.0
72040,   6.6,   5.6,   2.1, 457.7,  86.8, 567.0,   4.4,  -1.1
72068,  -2.5,   8.6,  -3.1,-121.9, -30.4,1191.5,   5.5,  -0.9
72092,  -2.4,   8.8,  -1.7,-429.5,-119.0,1010.9,   5.2,  -0.2
72116,  -2.6,   1.7,   0.5,-235.9,-183.9,1214.0,   4.7,  -0.0
72140,  -1.8,  -5.2,   2.2, 116.6, 266.3, 859.8,   5.2,  -0.0
72168,   1.8,   6.7,  -0.4,-221.5, 213.0, 717.7,   4.8,   0.4
72192,  -7.9,  10.8,  -2.7,-536.0,-394.6,1148.3,   5.0,   0.1
72216,  -1.7,  -1.6,   1.4,  65.3,  -2.8,1429.6,   5.2,  -0.1
72240,  -1.3,   8.9,  -0.4,-467.9, 283.6, 300.4,   5.9,   0.8
72268,  -8.6,  -3.9,  -1.8,  85.3,-419.5,2133.0,   6.8,   0.8
72292,   1.4,   5.8,  -1.4,-270.9, 161.5, 944.2,   5.4,   1.0
72316,   1.8,  -3.9,   2.1, 200.1, 276.8, 730.6,   7.1,   1.1
72344,   0.6,  -4.5,  -1.6, -97.0, 219.2, 661.3,   7.5,   1.1
72368,   3.4,   0.3,  -1.4,  49.2, -59.4,1201.1,   7.4,   0.8
72392,  -7.3,   0.3,   0.5,-107.0, -75.5,1594.1,   7.3,   0.9
72416,   1.7,   8.8,   0.4,-527.2, -18.6, 621.5,   8.0,   1.7
72440,  -1.7,   4.6,  -1.1,-146.8, -35.5, 704.7,   7.8,   1.5
72468,  -3.7,  -9.5,   1.5, 334.4, 129.8,1063.6,   6.9,   0.9
72492,   1.5,   0.0,  -0.1,  32.4, 159.3, 655.4,   6.9,   0.9
72516, -13.2, -13.6,   4.2, 624.2, 224.0,1242.6,   8.5,   0.6
72544,   5.7,   8.2,   1.1,-277.2, 189.4, 669.3,   5.8,   1.0
72568,  -1.6,  -0.2,  -2.3, 198.6, 189.4,1146.4,   6.9,   1.0
72592,   2.5,  -2.7,   0.5, -41.1, 166.2, 969.9,   6.3,   1.0
72616,   0.1,   7.6,  -1.4,-124.4,  66.1, 580.2,   6.1,   0.8
72644,   5.7,   5.6,  -0.4,-359.5, 123.2, 462.8,   6.1,   1.2
72668,   3.5,  -2.2,   1.6,-332.1, 103.7, 772.8,   5.8,   1.6
72692,  -0.7,  -7.9,   4.7, 182.5,  67.8, 968.6,   6.0,   1.4
72716,  -2.0, -11.6,   5.2, 434.5, 160.1,1185.7,   5.2,   1.6
72744,  -4.5,   7.4,  -1.8, -93.1, 194.7, 762.3,   5.8,   0.7
72768,  -1.0,   1.7,   5.0,-332.4,-281.8,1059.2,   4.4,   1.1
72792,   3.3,   4.9,   4.2,-306.3, 398.8, 481.1,   5.7,   1.2
72816,  -3.0,  -6.5,   1.8, 127.8,-149.3,1099.0,   5.1,   0.8
72844,  -1.2,  -7.2,   2.3, 525.5, 102.2,1586.6,   5.0,   0.2
72867,  -4.3,   0.3,   2.8,  70.7, -39.1,1161.5,   4.7,   0.9
72891,   2.3,   3.3,   4.6,-117.5, 195.2, 549.5,   4.8,   1.1
72919,   2.9,   0.6,   2.5, 224.8,  85.9,1298.5,   4.1,   0.6
72943,  -1.8,  -5.2,  -0.3, 321.9, 333.9,1107.1,   5.3,   0.5
72967,  -3.7,   2.8,  -2.6, -41.6,  10.9, 754.5,   5.1,   0.9
72991,  -5.3,   3.5,  -3.9,-114.6,-605.1,1852.7,   4.5,   0.5
73019,   1.5,   2.4,   0.2,-202.0,  54.6,1289.4,   6.0,   1.0
73043,  -0.8,  -1.1,  -2.0, -48.2, -10.3,1208.4,   7.0,   0.6
73067,  -2.9,  -7.1,  -1.4, 296.8,  44.1,1331.7,   6.6,   0.3
73091,  -0.2,  -8.6,  -2.2, 487.2,  45.1,1203.0,   5.9,  -0.1
73119,   0.4,   5.2,  -3.0, -72.6,  58.3,1025.3,   5.6,   0.3
73143,  -2.7,   0.5,  -3.6,-208.4,  26.0,1338.3,   5.3,   0.7
73167,  -0.0,   7.8,  -4.8,-455.2,   2.1, 788.2,   5.2,   0.9
73191,  -2.9,   0.8,  -3.6, -78.2,  38.2, 835.8,   4.9,   0.5
73219,  -6.8,  -8.0,  -1.2, 256.2,  99.8, 849.0,   5.5,  -0.0
73243,   1.9,  14.6,  -1.6,-533.1,-571.1,1220.1,   4.3,  -0.0
73267,  -0.9,   6.3,   1.3,-503.8, 227.5, 737.2,   4.9,   0.9
73291,  -4.0,   4.5,   2.4, -92.4, -95.8,1018.7,   4.9,   0.0
73319,  -4.5,  -1.5,   3.7, 201.3,  51.2,1036.3,   5.3,  -0.1
73347,  -1.7,  -8.0,   3.1,   8.9, 123.9, 804.8,   5.4,  -0.3
73367,   2.5,  -9.3,   2.3, 332.2, 184.7,1213.8,   5.0,  -0.2
73391,   4.1,  -1.0,  -2.1, 116.8,  65.1, 702.3,   5.3,  -0.3
73419,   2.3,   9.3,  -1.2,-388.0, 232.3, 650.3,   4.8,  -0.2
73443,  -1.2,  -1.6,   0.9, -79.9,  76.8, 816.3,   4.9,  -0.1
73467,   1.7, -14.2,   8.3,  41.9,-542.1,1937.2,   3.9,   0.7
73491,   7.9,   3.0,  -1.4, -63.8, 329.5, 757.0,   4.6,  -1.0
73519,  -0.1,  -7.8,   0.3, 439.6, 173.7,1007.7,   5.6,  -1.1
73543,   1.6,   0.9,   0.8, -11.1,  15.1, 837.1,   5.1,  -0.5
73567,  -1.8,  -2.0,   3.1,  31.1,  50.9, 862.0,   4.8,  -0.2
73591,  -2.4,  -0.6,   1.3,  64.8,-142.7,1424.5,   4.3,  -0.1
73619,   0.3,   6.7,   3.3,-216.2,  -8.1, 868.3,   4.6,  -0.4
73643,  -1.2,  -3.1,   6.0, 186.7, -49.2, 819.0,   4.8,  -0.3
73667,  -3.4,  -4.7,   6.6, 146.4,  47.3,1095.6,   4.5,   0.0
73695,  -4.0,   1.9,   0.2,  43.1, 282.4, 644.7,   5.4,  -0.1
73719,   7.8,  -7.1,   8.9, 149.1,  88.8, 380.8,   3.8,   0.1
73743,   4.1, -16.6,   8.6, 459.1, 629.1, 658.1,   6.0,   0.5
73767,   0.8,  -3.0,   0.0, 115.4,  -2.3, 920.1,   5.5,  -0.6
73795,  -1.5,   0.3,   1.4,  46.3,-104.8, 780.2,   5.0,  -0.2
73819,  -4.2,  -0.5,   1.4,  -3.8, -22.1,1101.5,   4.4,  -0.3
73847,  -3.2,   2.2,   1.0,-359.0, 167.4, 955.2,   4.4,   0.1
73867,  -6.9,   2.7,  -3.0,-131.0,-255.5,1244.5,   3.5,  -0.1
73895,  -3.4,  -7.0,  -1.1, 246.5, 230.6, 966.9,   3.6,  -0.4
73919,  -1.4,  -0.2,   0.2, 108.8, -56.0, 855.1,   2.8,  -0.7
73943,  -1.8,   3.6,   0.5,-131.2, 354.7, 667.9,   3.3,  -0.7
73967, -10.9,   5.3,  -6.1, 429.3,-513.5,2100.0,   3.3,  -1.7
73995,  -0.4,   9.4,   0.9,-430.5,-169.8,1209.4,   2.3,  -0.7
74019,  -2.6,   1.5,  -0.8, -12.1,-115.3,1121.0,   3.5,  -1.0
74043,  -0.4,  -1.7,   1.4, -17.2, -36.7,1035.8,   3.2,  -0.8
74067,   1.3,   1.1,   0.8, 101.5,  70.5,1023.1,   3.1,  -0.9
74095,   3.5,   2.4,  -0.1,-120.5, 103.2, 652.7,   3.0,  -0.7
74119,  -3.8,  -8.0,   2.5, 318.3, -14.0,1556.8,   3.2,  -0.7
74143,  -5.0,   1.6,  -0.1, 334.6,-334.8,1513.8,   3.0,  -1.0
74167,  -4.9,   5.2,  -2.0,-119.2, -89.7,1138.1,   3.0,  -0.7
74195,  -4.5,   2.9,  -1.4, -66.5,  28.7,1140.5,   3.0,  -0.7
74219,  -2.8,  -9.5,  -2.2, 341.0, 101.7,1127.1,   3.2,  -0.9
74243,  14.0,   0.8,  -1.0, 115.1, 404.0, 474.0,   2.6,  -1.0
74267,   1.1,   2.7,  -4.6,-202.7,  -8.9, 776.0,   4.4,  -0.1
74295,   1.2,  -3.6,  -4.8, 261.4,  46.1,1192.3,   4.6,  -0.8
74319,   2.1,   0.4,  -3.9, 184.7, 190.6, 674.2,   4.5,  -0.9
74347,   3.7,   0.0,  -5.0, -39.4, -31.3,1324.6,   4.5,  -0.8
74367,   4.0,   1.4,  -4.8, -32.8, 205.0, 810.9,   4.5,  -0.6
74395,   4.5,   1.2,  -1.5,-139.7,-132.9, 897.8,   4.0,  -0.1
74419,   4.3,  -5.8,  -1.3, 282.1,  -3.7,1222.8,   4.7,  -0.3
74443,  -0.1,   1.0,  -4.4, -22.1, -17.2,1099.8,   4.7,  -0.4
74467,   1.2,  -1.2,  -2.0, 158.6, 435.2, 726.7,   6.5,  -0.0
74493,   5.2,   5.8,   3.4,-207.1, 254.8, 131.5,   6.2,   0.3
74517,  -2.3,  -9.4,   1.9, 293.1, 287.0, 981.6,   7.5,   0.7
74545,  -2.6,   1.4,  -2.4,  83.2,-130.2,1197.7,   7.4,   0.1
74569,  -1.3,  -4.9,   0.2,  63.1, 130.3, 670.6,   7.0,   0.3
74593,  -2.4,  -3.3,  -2.5, 496.0, 112.2,1380.0,   6.3,   0.1
74617,  -1.0,   3.5,  -3.3, 181.1,-100.2, 950.3,   5.5,   0.6
74645,  -1.4,   6.7,  -3.4,-300.6, -71.9, 971.6,   5.4,   0.5
74669,  -1.0,   3.9,  -0.5, 263.6, -35.5,1332.9,   5.5,   0.2
74693,   2.6,  -1.9,   3.2,  99.0, 236.0, 848.0,   5.7,   1.2
74721,  -5.4,  11.5,  -1.0,  65.1,-141.0, 918.1,   5.9,   0.5
74745,   2.3, -12.8,   6.1,-308.9,-339.2,1831.9,   4.2,   1.9
74769,   1.2, -10.3,   3.6, -82.4, 237.2, 443.5,   6.8,   1.9
74793,  -1.8,  -8.7,   1.3, 322.7,  45.1, 951.8,   6.0,   1.1
74821,  -2.7,  -2.8,   1.2, 157.6,  55.3,1086.3,   5.7,   1.0
74849,  -2.7,  -4.3,   3.6,  68.5, 114.9,1023.6,   5.7,   0.9
74869,  -1.2,  -1.2,   0.5,   2.1,-126.8,1353.2,   5.3,   0.7
74893,  -2.6,  12.5,  -0.7,-544.5, 136.4, 625.9,   5.5,   1.2
74921,  -3.7,   7.2,   2.5,-225.2, -32.1, 764.8,   5.3,   1.1
74945,   0.1,  -3.3,   1.6, -44.0, 125.2,1085.1,   5.5,   1.1
74969,  -4.9,  -2.3,   3.8,  46.8, 328.0, 843.2,   6.5,   1.5
74993,  -4.3,  10.9,  -0.1,-193.5,-628.5,1518.7,   5.3,   0.3
75021,  -0.2,   2.7,   1.7,-250.3, -93.3,1241.8,   5.7,   1.4
75045,  -1.4,  -0.5,   1.1,  32.6, -34.3,1041.9,   5.8,   0.9
75069,  -2.0,  -5.0,   2.5, 261.6, -11.3,1272.8,   5.6,   0.8
75093,   2.6,  -3.7,   4.3, 126.4, 145.4, 908.3,   5.2,   0.8
75121,   3.2,   4.2,   2.3, -45.0,  88.0, 540.9,   5.1,   0.5
75145,  -1.2,   3.1,   4.3, 138.6,   9.4,1052.6,   5.3,   0.4
75169,   1.2,   1.6,   3.8, -95.3, 116.4,1030.2,   4.9,   0.9
75193,   2.9,  -2.1,   5.2,  65.3, 482.8, 662.7,   5.1,   1.1
75221,  -2.8,  -6.2,   2.1, 127.8,-196.9,1181.1,   5.3,   0.8
75245,  -2.5,   2.2,   1.4, -64.8, 156.4,1168.8,   5.1,   1.0
75269,  -8.2,  -2.8,   0.5, -13.5,-298.2,1268.7,   5.3,   1.2
75293,   1.5,  -3.9,   2.2, -61.1, 244.5, 623.4,   5.5,   1.1
75321,  -3.5,   4.3,   1.0, 129.8,-252.3,1299.9,   5.2,   0.9
75349,  -4.1,   6.2,   0.2,-249.1,-208.1,1291.6,   4.8,   1.2
75369,  -3.1, -19.2,   4.3, 308.0, 148.4,1278.7,   5.2,   2.3
75393,  -9.5,  -8.9,   0.6, 286.3,-212.0,1579.5,   4.9,   2.3
75421,  -2.6,   6.9,  -0.9,-140.7,  98.1, 904.7,   4.5,   1.7
75445,  -5.9,   4.4,  -2.6,  24.3,-275.5,1555.8,   4.6,   1.0
75469,   4.8,  -2.3,   0.5, -17.7, 333.7,1050.9,   4.7,   1.0
75493,  -2.6,   5.3,  -0.6,  40.7,  43.1, 918.4,   5.3,   0.6
75521,  -0.5,  10.5,  -1.3,-545.5,-252.8,1052.4,   4.5,   1.1
75545,   2.7,   2.9,   1.1,-131.0,  47.8, 957.4,   4.3,   1.2
75569,  -5.3,   0.0,   0.8,   3.8,-418.3,1639.3,   4.2,   0.9
75593,  -0.1,  -4.8,   4.1,  67.5,  70.5,1102.9,   5.7,   1.6
75621,   3.7,  -7.4,  -1.2, 198.4, -87.2,1303.4,   5.3,   1.2
75645,   1.8,   0.5,  -3.1, -69.9, 143.7, 813.9,   5.5,   0.9
75669,  -8.1,   8.0,  -3.7,-401.5,-663.7,1950.6,   5.4,   0.6
75697,   7.1,  -8.9,   4.4, 138.1, 509.4, 745.0,   6.3,   1.1
75721,   1.0,  -9.7,   1.5, 350.0,  13.1,1018.2,   6.2,   0.6
75745,   5.7, -14.1,   0.2, 310.0, 285.3, 767.0,   5.9,   0.5
75769,   0.5,  -9.4,   0.7, 480.6, 138.6, 828.8,   5.6,  -0.3
75797,   3.4,  -2.6,  -0.4, 420.6, 360.3, 651.3,   5.7,  -1.3
75821,  -0.9,   9.3,   7.1,-642.9,-247.4, 989.2,   5.4,  -0.1
75849,   4.5,  -9.1,   9.5, -91.2, 522.6, 736.0,   6.1,  -0.2
75869,  -3.3,  -9.0,   2.5, 305.8,  53.4,1053.1,   6.0,  -0.3
75897,   1.4,  -0.6,   2.4,  40.2,  18.5,1198.9,   5.5,   0.1
75921,  -2.3, -10.2,  -1.4, 368.1, 253.8,1030.4,   8.0,   0.4
75945,  -0.1,  -1.8,  -2.7, -14.3, -91.9, 794.8,   6.7,   0.4
75969,  -3.6,  -5.6,  -1.7, 300.4,-111.9,1391.0,   6.6,   0.2
75997,   0.5,   0.2,   1.2,  13.1, 415.9, 643.9,   6.2,   0.1
76021,  -0.6,  -2.2,  -0.0,  99.8, -14.5,1080.2,   5.5,  -0.1
76045,  -3.5,  -1.6,  -2.2,-109.0,-189.5,1006.7,   5.7,   0.4
76069,   4.5,  10.8,  -5.0,-409.3, 212.3, 325.3,   5.5,   0.9
76097,  -5.3,  -9.7,  -3.7, 660.1, 211.8, 762.3,   6.6,  -0.3
76119,  -3.3,  -1.6,  -1.5,-291.1,-164.6, 874.4,   4.7,   0.8
76147,   2.6,  -9.8,   1.0, 445.0, 184.5, 689.1,   5.7,   0.4
76171,   8.2,  -5.9,  -1.1, 288.2, 262.4,1075.6,   5.5,   0.4
76195,  -0.7,  -5.3,  -3.9,  99.5,  66.8, 792.4,   6.1,   0.9
76219,  -0.6,  -6.9,  -2.2,  78.8,  24.3,1188.6,   5.4,   1.0
76247,  -1.1,  -6.9,   0.5, 112.9, 261.9, 821.7,   6.1,   1.0
76271,   1.6,   3.6,  -0.1,-128.3, 118.3, 715.5,   5.8,   0.7
76295,  -2.1,   5.5,  -2.6,-511.1, 130.5, 402.5,   6.3,   1.9
76319,  -5.5,  11.1,  -0.8,-357.0,-468.1,1107.6,   5.2,   1.0
76347,   6.0,   2.0,   2.8,  -1.1, 303.4, 820.9,   5.7,   1.0
76371,   0.5,   6.0,  -1.3, 166.9,-145.1,1186.7,   6.7,  -0.1
76395,  -5.0,   2.8,   1.8, -53.6,-123.1,1112.4,   6.2,   0.5
76419,   2.2,   0.6,   4.4,-324.8, 380.8, 349.0,   6.8,   1.3
76447,   1.2,   2.9,   3.6,-100.2, -25.5, 785.3,   6.2,   1.1
76471,   4.3,   4.7,   2.1,-113.9, 508.5, 987.2,   6.2,   0.8
76495,   0.2,   6.9,  -0.9,-209.3,-174.9, 858.8,   5.4,   0.9
76519,  -2.9,  -3.0,   0.2, 137.1, 115.1,1014.1,   5.6,   0.9
76547,  14.0,   5.5,   6.4,-222.5, -18.4, 364.2,   4.2,   1.1
76571,   3.0,  -8.0,   4.9,  58.0, 520.4, 674.0,   6.5,   1.4
76595,   1.5,  -3.6,   2.5,  88.5, 155.9, 973.8,   5.9,   0.9
76619,  -6.0,  -3.0,   2.2, -82.4,-207.1,1121.2,   5.5,   1.1
76647,  -0.1,   1.4,   0.2, -30.1, 106.4, 700.8,   5.3,   0.9
76671,  -1.3,  -6.8,   2.1, 348.3, 113.4,1073.4,   4.6,   0.3
76695,   1.4,  -4.3,  -0.5, 290.4, -35.0, 862.9,   5.3,   0.1
76723,  -3.6,   7.4,  -0.2,-193.9,-109.0,1039.9,   4.5,  -0.1
76747,  -0.7,   2.2,   1.7, 228.2,  18.0,1034.8,   5.0,  -0.1
76771,  -7.8,   1.8,  -1.2, 300.7, 115.1,1134.4,   5.4,  -1.7
76795,   2.6, -19.1,  10.2,1022.6, 710.1, 529.9,   5.1,  -0.8
76823,   0.5,   5.3,   2.3,  65.6, 279.5, 603.4,   5.3,  -0.8
76851,  -7.3,  -1.7,   1.5, 188.4,  27.0,1186.7,   5.0,  -1.0
76871,  -0.4,  -0.2,   0.2,  70.5, 179.4, 885.6,   4.8,  -0.7
76895,  -3.4,  -4.7,   1.0, 383.2,-295.5,1835.3,   4.1,  -1.1
76923,   1.9,   0.2,   0.6, -32.3, 246.7, 556.8,   5.5,  -1.1
76947,  -1.7,  -0.6,   0.2,  62.4, 280.4, 708.9,   5.0,  -1.2
76971,  -3.3,  -7.7,   2.3, 150.3, 201.6, 870.3,   5.1,  -0.5
76995,  -1.7,  10.2,  -1.3,-870.0,-641.4, 964.3,   4.4,  -0.8
77023,   5.7,  -5.9,   1.7,-151.5, 523.6, 514.1,   6.9,  -0.7
77047,   1.0,  -5.9,  -1.5, 139.1, 190.6,1005.5,   6.7,  -1.3
77071,   1.9, -10.6,   1.9, 410.8, 308.3,1115.9,   6.1,  -1.2
77095,  -1.3, -10.0,   1.5,  99.3, 117.3, 825.3,   5.8,  -0.7
77123,  -1.5,  -3.6,   0.2, 101.2, 189.1, 654.4,   5.8,  -0.7
77147,   2.2,  16.6,   1.9, 213.5,  45.3,1312.6,   6.3,  -1.2
77171,   3.0,  10.5,   2.6,-224.0, -81.1, 920.6,   6.3,  -0.3
77195,   3.2,  -0.4,   5.8,-208.8, 484.5, 335.8,   7.2,   0.9
77223,  -7.9,  14.1,  -0.3,-653.2,-638.8,1039.9,   6.6,   0.5
77247,   2.1,  11.8,  -0.6,-501.3,  60.2, 999.2,   6.2,   0.6
77271,   5.1,   6.7,  -1.1,-281.4, 158.6, 846.8,   6.2,  -0.1
77295,  -0.6,  -0.0,   0.1, -56.5,  28.5,1089.5,   5.8,  -0.2
77323,  -0.2, -10.0,   1.4, 444.5,-190.0,1816.8,   5.6,  -0.7
77351,   1.2,   7.8,  -2.5,-475.2, 179.8, 809.7,   5.8,   0.1
77371,  -5.2,   4.4,  -4.1,-315.5,-107.3, 881.0,   6.3,  -0.0
77395,  -2.9,  -6.9,   1.4, 334.4, 202.6,1576.3,   6.4,   0.1
77423,  -2.4,   1.1,  -3.6,-388.3, 222.8, 766.0,   6.9,   0.9
77447,   6.2,  33.0,  -2.0,-1200.8,-1321.4,1301.4,   5.3,   0.9
77471,   5.4,   1.4,   0.0,-914.2, 314.6, 566.8,   7.6,   1.9
77495,   2.1,  10.9,  -5.4,-286.5,-232.5,1149.3,   8.9,   1.0
77523,  -2.0, -12.5,   3.4, 276.0, 193.0,1092.4,   8.3,   1.1
77547,   0.3,   1.6,   1.1,-254.7,  71.2, 726.7,   7.3,   1.4
77571,  -0.8,   4.8,   0.8,-426.4,  53.4, 688.4,   7.1,   1.3
77595,  -0.6,   6.0,   1.9,-266.7, -65.5,1068.0,   6.6,   1.0
77623,   1.6,   2.2,   2.8,-219.8,  88.8, 835.1,   7.0,   1.0
77647,  -4.2,  -6.0,   5.0,  98.3,  80.5,1106.1,   6.5,   1.0
77671,  -8.4,   5.5,   0.2, 102.7, 119.1,1049.9,   7.5,   0.6
77695,  -5.4,  25.5,  -0.3,-1037.7,-314.8, 593.4,   6.6,   1.1
77723,  -1.5,   3.8,   5.3,-732.8, 297.5, 468.6,   7.6,   2.4
77749,  -5.9,   1.4,   3.8,-199.6,-282.6,1205.7,   6.6,   1.4
77773,  -6.6,  -6.4,   6.0,   7.0, -65.5,1084.4,   6.3,   2.0
77797,  -0.7,   1.3,   5.5, 107.6,  38.7,1000.1,   5.6,   1.9
77821,  -2.3,   7.2,  -0.6,-481.8,-266.7,1012.3,   5.4,   2.4
77849,  -5.7,   1.8,  -3.7,-418.6,-120.0, 758.0,   5.0,   3.0
77873,  -7.1,  -8.3,   1.5, 335.6, -31.8,1189.6,   4.0,   2.3
77897,  -6.0,  -0.0,   1.4, -62.8,  -3.7, 943.0,   4.3,   1.9
77921,  -2.1,   0.9,   3.5,-180.3,-723.5,1416.4,   3.0,   1.9
77949,   6.3, -18.6,   5.2, 828.3, 732.1, 695.7,   5.2,   1.2
77973,  -2.9, -11.3,  -0.4, 500.4,   1.9,1603.2,   5.3,   0.7
77997,   6.5,   2.3,   0.5, 233.8,-111.7,1278.0,   6.3,   1.2
78021,  -2.9,   5.3,  -0.0,-251.8,  49.5, 868.1,   6.1,   1.6
78049,   0.4,  -3.9,   1.7,  98.8,  -0.1,1202.8,   5.5,   1.6
78073,   4.6,   3.1,   3.2, -97.0, -41.8, 875.4,   5.0,   1.3
78097,   7.4, -10.2,   4.4, 193.0,  23.8,1523.3,   5.9,   2.1
78121,   2.4,  -1.6,   2.5,-136.8, 607.3, 455.2,   7.1,   2.3
78149,   5.8,  -2.3,   6.1,-372.7,-783.5,1057.8,   5.8,   2.5
78173,   3.0, -10.2,   3.6, -67.5, 352.5, 867.1,   7.4,   1.9
78197,  -4.6,  -8.7,  -2.2,  36.0,-214.0,1178.6,   8.0,   1.3
78221,  -1.9,  -2.5,   0.0, 279.2,  -1.5,1196.4,   7.5,   1.0
78249,  -1.7,   5.3,  -1.9,  17.2,  74.9, 930.8,   6.9,   0.7
78273,   0.9,   1.4,   0.3,-124.4,  84.1, 657.4,   6.5,   0.9
78297,  -9.9,  -3.0,   1.9, 572.7,-140.5,1605.6,   6.9,   0.8
78321,  -2.3,   4.8,  -0.6,-307.2, -75.8, 516.5,   6.4,   2.0
78349,  -3.4,   6.6,   0.8,  91.5, 351.0, 592.4,   6.8,   2.1
78373,  -1.7,   0.2,   4.4, -76.3, -39.6, 759.4,   6.3,   2.6
78397,   5.4,   2.6,   2.8,  59.0, 122.7, 662.5,   4.9,   2.0
78421,  -2.7,  -0.5,   1.1, 383.2, -69.4,1164.7,   5.9,   1.5
78449,  -1.0,   3.1,   2.7, 187.2,  90.5,1300.4,   5.5,   1.4
78473,   2.4,   3.5,   2.6, 214.0,  -5.9,1194.7,   5.0,   0.9
78497,   0.1,   0.8,   2.0,-113.9, 357.6, 801.2,   5.3,   1.8
78521,  -1.8,  -8.6,  -0.7, 387.1,  85.6,1145.9,   5.4,   2.2
78549,  -2.4,  -1.2,  -6.6, -54.5,-181.2, 855.1,   4.3,   2.3
78573,   0.8,   4.8,  -3.0, -89.5, 212.3, 566.5,   4.3,   1.4
78597,   3.4,   5.7,  -1.9,  13.8,-347.3,1040.7,   4.1,   0.2
78621,   5.1,   4.5,  -0.9,-178.1, 280.7, 900.0,   4.5,   0.5
78649,  -0.4,   0.4,  -1.6,  56.1,-233.7,1337.5,   5.2,   0.2
78673,   1.5,   8.8,   0.2,-415.6,  85.1,1041.6,   5.1,   0.5
78697,   2.6,   1.5,   2.1,  -2.3, 153.7, 563.4,   5.2,   0.4
78721,   1.9,   2.2,   1.6,-120.5, -68.0,1200.1,   5.1,   0.6
78749,   2.0, -10.2,   5.3, -45.3, 246.7, 429.3,   5.6,   1.1
78773,  -5.1,  -6.1,   1.7, 262.6, -92.9,1451.6,   5.5,   0.6
78797,  -5.4,  -2.6,   2.2,  66.5, -57.0, 879.0,   5.6,   0.1
78825,   2.6,   6.5,   7.1,-1111.7,-649.7, 431.8,   4.4,   0.2
78853,  -0.4,  -7.0,   8.8,  29.2, 211.3, 606.3,   4.7,  -0.0
78873,   0.9,   6.7,   4.9,-550.4,-269.1, 717.9,   4.0,   0.1
78897,   0.1,  -2.3,   5.6,  34.3, 254.3, 995.5,   3.9,   0.5
78925,  -6.4,  -0.6,   1.9, 422.3,-116.8,1644.7,   2.9,   0.3
78949,   3.0,   3.3,   1.5,  92.4, 202.8, 790.2,   2.7,   0.3
78973,  -6.8,  -4.8,   3.1, 607.6,-166.6,1214.0,   3.3,   0.4
78997,  -5.3,   3.5,   0.5,  24.1,-204.2, 974.0,   2.7,   0.6
79025,  -3.0,   5.1,  -0.4, -97.0, 341.0, 485.5,   4.0,   0.3
79049,  -3.0,   6.0,  -1.3,  74.4,-313.3,1464.3,   3.9,   0.2
79073,  -0.6,   5.5,  -0.6,-169.0, 279.2,1095.6,   2.9,   1.0
79097,  -6.2,   2.2,  -1.7,  27.2, -76.5,1112.4,   3.8,   0.8
79125,  -3.0,   0.9,  -3.6, -94.6,  85.6,1079.2,   3.8,   0.6
79149,  -1.1,   3.0,  -4.5, -94.3,  48.0,1084.9,   3.4,   0.5
79173,   0.6,   6.7,  -3.3,-381.2,  47.3, 602.9,   2.9,   0.9
79197,   6.0,   1.2,  -3.4,-170.3, 125.2, 981.3,   4.0,   0.9
79225,  -5.1,   4.5,  -3.7,-258.9,-256.7,1046.3,   3.7,   0.7
79249,  -4.0, -12.4,   0.0, 477.0, 152.3,1047.5,   4.2,   0.4
79273,  -6.3,   3.9,  -2.0,-139.5,-1160.5,2339.3,   3.1,   1.3
79297,   6.5,   2.0,  -1.7,  -7.9, 386.6,1138.1,   5.0,   1.2
79325,  -3.1,  -3.3,  -7.5, -84.8,-160.5,1196.4,   5.9,   1.4
79353,   0.4,  -4.1,  -3.9,  91.5, 140.3, 859.5,   6.0,   1.1
79372,  -1.6,  -7.2,  -1.4, 420.6,  81.7, 962.1,   5.9,   0.8
79400,   0.9,   0.7,  -4.8, -79.7,  87.3, 994.5,   5.5,   1.1
79424,   4.9,   2.7,  -4.2, 122.9, 192.1,1327.5,   5.1,   0.2
79448,   7.9,   6.4,  -5.0, -45.0, 111.0,1040.9,   5.3,   0.5
79472,  -3.7,   3.3,  -4.1,-241.1, 156.2, 749.4,   5.9,   1.0
79500, -13.2,  -2.2,  -5.3, 588.5,-430.5,2172.5,   6.1,  -0.4
79524,   5.1,  -0.3,  -0.4, 140.3, 143.7,1261.4,   4.7,   0.2
79548,  -0.6,   4.6,  -2.0, 174.9, -27.2, 819.5,   5.9,  -0.1
79572,  -2.9,  -3.3,  -1.8, 233.1, -83.3,1211.8,   5.6,   0.2
79600,  -2.1,  -4.1,  -1.7, 285.1,-144.1,1727.4,   7.0,   0.2
79624,   3.2,   8.0,  -4.5,-248.4,  22.6, 721.6,   6.4,   1.0
79648,   2.7,  -3.4,  -3.1,-266.5, 445.2, 352.2,   7.2,   1.7
79672,  -4.5,  -5.2,  -5.2, 101.7,-141.2,1055.3,   6.5,   1.0
79700,  -5.7,  -8.8,  -3.4, 227.2, 169.1,1234.5,   6.8,   1.2
79724,   1.8,  17.4,  -5.5,-1018.9,-294.0, 243.6,   5.2,   0.8
79748,  -0.1,  -7.2,  -0.3, -60.9, 474.8, 615.6,   6.7,   0.7
79772,  -1.8,   3.8,  -3.7, -38.7, -39.4,1029.7,   6.7,  -0.3
79800,  -4.5,   2.8,   1.1, 142.0,-232.3,1612.7,   6.5,  -0.0
79824,  -1.0, -15.9,   2.1, 290.2, 281.4,1017.0,   6.8,   0.9
79852,   3.1,  -5.3,  -0.3, 177.4, 179.1, 954.5,   7.1,   0.5
79876,  -0.6,   7.2,  -1.2, -58.2,  74.6,1214.7,   6.9,   0.3
79900,  -2.8,   0.8,   1.4,-450.5,-101.2,1184.7,   6.6,   1.2
79924,  -5.4, -16.1,   4.6, 456.7,  98.8,1187.6,   7.1,   1.6
79948,   2.9,  13.7,  -1.2,-710.8, 149.3, 305.6,   7.8,   1.2
79976,   8.2,   8.0,   5.1,-394.6, 613.4,  59.0,   8.2,   2.3
80000,  -0.1,  11.2,  -0.7,-421.7,  -3.3, 866.1,   8.1,   1.6
80024,  -1.7,   7.3,   1.0,-483.5,  41.4, 592.7,   7.3,   2.2
80048,   2.2,   0.2,   1.4,-167.3, -19.9, 698.6,   6.8,   1.9
80076,   7.0,   7.2,   1.0,-326.8, 300.0, 925.2,   6.3,   1.5
80100,  -0.9,  -0.6,   2.6,  62.9,-167.6,1107.6,   5.8,   1.2
80124,  -1.6, -10.3,   5.0, 199.9, 352.9,1005.0,   6.4,   1.8
80148,  -4.0,   4.3,   0.2, 429.6, 130.0, 903.0,   5.8,  -0.2
80176,   4.3,   6.9,   4.0,-100.0,-242.5,1114.2,   4.8,   0.6
80200,   3.2,  14.4,  -1.8,-305.5,-230.6,1133.9,   5.6,   0.6
80224,  -0.3,   3.8,  -0.5, -55.0, -40.6,1586.6,   5.9,   1.4
80248,   7.3,   2.1,   1.1,-247.9, 306.1, 602.4,   6.2,   1.7
80276,   3.3, -12.7,   3.8, 457.4, -28.4,1117.1,   5.5,   1.5
80300,   3.8,   9.6,   1.4,-297.5,  81.2, 979.1,   5.7,   1.3
80324,   1.2,  14.9,  -0.3,-1029.6, 115.4, 469.4,   6.0,   1.7
80352,   1.8,   1.1,   3.0,-112.2,-235.2, 682.3,   5.6,   1.9
80376,   6.7,  -5.5,   4.6,-384.9,-492.8,1534.8,   4.7,   1.9
80400,   1.7,  -5.6,   2.1,  -3.3, 330.7, 842.4,   8.6,   1.8
80424,   2.7,  -5.2,  -1.5,  88.3,  89.0,1008.0,   8.1,   0.9
80448,   3.0,   2.0,  -0.6,-366.3, -14.2, 662.3,   7.4,   1.5
80476,   2.1,  -2.2,  -1.1, 331.9, -49.9,1077.3,   6.9,   1.0
80500,   2.3,  -1.4,  -0.3, 192.0,  11.4,1200.6,   6.9,   0.6
80524,  -3.9,   1.6,   1.0,-244.5,-176.1, 889.3,   6.9,   1.4
80548,   2.4,  -7.2,   1.4,-204.7, 231.6, 768.5,   7.1,   2.0
80576,  -2.6,   3.9,  -3.5, 199.4, 268.0, 938.6,   7.2,   0.3
80600,  -1.0,  -9.2,   1.7, -84.1, 274.1,1021.6,   6.6,   1.7
80624,  -7.8,  -6.8,  -0.2, 238.9, 346.8, 939.8,   7.2,   1.0
80648,  -3.7,   0.5,  -2.5,  57.5, -15.0, 891.0,   7.2,   1.3
80676,  -5.1,   0.9,  -3.4, -98.5,  97.6, 835.1,   6.9,   1.3
80700,  -6.7,  -2.7,  -4.5, -24.0,-297.7,1495.3,   6.4,   1.0
80724,   3.1,  -1.4,  -3.1,  61.2, 659.3, 296.5,   7.9,   1.3
80748,  -2.3,  -2.8,  -0.9, 250.6,-130.2,1077.5,   7.3,   1.4
80776,  -2.9,  -9.2,  -2.2, -21.6,  95.9, 931.1,   7.6,   2.4
80800,  -9.1,  -1.1,  -2.6, 427.1,  26.8,1214.3,   6.8,   0.2
80824,  -2.4,  -1.6,   1.8,-788.7,-299.4,1009.9,   5.6,   2.3
80852,  -5.3, -15.9,   2.7, 801.4,  77.1,1061.2,   5.4,   1.1
80876,  -1.6, -16.8,   1.3, 590.2,  56.1,1162.0,   4.6,   1.3
80900,   0.5, -12.1,  -0.3, 949.4, 474.3,1029.9,   4.9,   1.1
80924,   3.8,   6.0,  -1.5, 214.3, 206.5, 599.0,   4.7,   1.4
80952,  -1.8,   6.3,  -0.8,-214.5,-215.4,1117.6,   4.1,   1.5
80976,   1.8,  -1.8,   3.8,-379.7, 242.3, 665.2,   4.3,   1.8
81002,  -0.9,  -1.0,  -0.8,-314.1,  72.2, 891.0,   4.3,   2.2
81026,   3.7,  -7.8,   3.9, -37.2, 382.5, 479.4,   6.3,   2.8
81050,  -7.3,   1.7,  -2.0,  46.5, -29.6,1375.6,   5.8,   0.8
81074,  -3.2, -10.6,   6.3, 170.8,  15.8,1055.6,   5.4,   2.1
81102,  -4.0,  -4.1,   3.5, 577.3, 102.9,1247.0,   6.3,   1.0
81126,  -2.9,   1.8,   3.2,-210.8,  82.7, 455.2,   6.0,   1.9
81150,  -3.9,  -4.2,   3.4, 174.0, 130.3,1070.2,   5.7,   1.6
81174,  -4.1,   2.4,   3.5,  91.7, -23.3, 729.6,   5.3,   1.1
81202,  -3.9,   4.5,   6.7,-221.0, 121.5, 531.1,   5.7,   1.9
81226,  -5.2,  -2.7,   5.0,-193.9, -10.6, 870.3,   5.8,   2.6
81250,  -3.8,  -5.3,   7.1, 180.1, 121.5, 933.0,   5.4,   2.1
81274,  -3.1,   6.2,   4.6,-188.6, 336.6, 860.2,   5.3,   1.4
81302,  -1.7,   2.3,   8.3,  -6.2, 207.9, 752.8,   5.9,   2.3
81326,  -3.2,  -1.4,   6.4, 298.7, 179.6,1108.8,   6.0,   1.4
81354,   1.8,  12.9,   4.7,-527.0, 306.3, 286.8,   6.9,   2.7
81374,   3.0,   4.0,   3.9,  73.4, 352.7, 604.4,   6.8,   2.4
81402,  -0.2,  16.2,   2.2,-641.7, 140.1, 525.8,   5.8,   2.7
81426,   4.5,   7.3,   3.1,-213.2, -52.8,1098.5,   5.7,   2.8
81450,   2.0,  -0.5,   2.5,-187.1,  99.0, 619.8,   5.3,   2.8
81474,  -0.2, -13.0,   4.9, 544.6, 426.9,1320.5,   5.1,   2.6
81502,  -2.2,  -7.2,   5.5,-123.9,-1015.7,1917.6,   4.0,   2.5
81526,  11.0,   2.3,   5.4,-534.3, 406.9, 247.7,   6.7,   2.7
81550,  -1.6,  -3.3,  -0.0, 153.7,-146.3,1715.2,   7.4,   1.6
81574,   0.1, -10.3,   4.1, 372.0, 224.8,1353.9,   7.0,   2.3
81602,  -0.9,   1.9,   1.9,-171.2, 156.2, 672.8,   6.4,   2.2
81626,   6.3,  11.9,   2.1,  40.2, 241.4, 556.5,   6.1,   1.3
81650,   1.8,   2.0,   5.8,-103.4, 199.4, 822.7,   6.1,   1.6
81674,   4.8,   5.6,   5.5,-205.4, 191.3, 552.6,   5.7,   1.8
81702,  -2.7,  -3.8,   6.3, 275.3,  60.0,1240.9,   6.1,   1.9
81726, -10.4,   6.0,   1.5, 420.8,-731.8,3065.6,   5.6,   0.1
81750,   8.4,  16.2,   3.6,-511.6, 275.3, 348.8,   6.1,   1.5
81774,   6.5,   6.3,  -0.9,-253.5, 379.3, 278.7,   7.5,   1.7
81802,  -7.5,  -2.0,  -0.1, 101.2,-241.5,1416.6,   7.4,   1.4
81826,  -2.8,   6.6,  -2.3,-305.8,-275.7,1092.4,   6.6,   1.5
81854,  -2.1,  -2.1,  -2.0,-333.6,  19.9, 863.7,   6.5,   1.8
81874,  -3.8,  -5.5,  -5.0,  33.1, -16.2,1106.8,   6.4,   1.4
81902,  -3.1, -17.7,  -1.8, 629.3, 120.0, 995.7,   5.6,   0.6
81926,  -8.0, -14.3,  -5.8,1199.9, -24.0,1398.3,   5.9,  -0.5
81950,   1.2,   2.8,  -2.2, 352.7,-100.7,1128.6,   4.4,  -0.8
81978,  -6.0,  22.7, -11.9,-835.3,-207.8, 903.7,   6.7,   0.8
82002,  -2.7,   6.3,  -1.9,-276.0,  99.5, 840.7,   5.7,   1.3
82026,  -8.5,   2.0,  -0.3,  -3.5,-259.6,1076.1,   5.2,   0.9
82050,   3.2,  -1.7,   3.2, 205.2, 203.8, 666.6,   4.9,   0.8
82078,  -4.1,   5.5,   1.4, 107.8,-320.4,1340.5,   4.3,   0.3
82102,  -2.4,  17.9,   1.9,-284.8,  69.5, 936.9,   4.9,   0.6
82126,  -5.7,   2.1,   3.5,-352.6,-329.7,1214.7,   4.8,   1.8
82150,  -6.3,  -1.0,   3.1, 439.8,-123.6,1017.5,   5.6,   1.1
82178,   8.5, -15.0,  10.2,-100.2, 514.6, 171.5,   5.5,   2.0
82202,   0.2,  -2.2,   6.1, 317.3,  72.4,1061.9,   6.6,   1.6
82226,  -3.2,   3.7,   2.2, -11.1,-350.2,1779.2,   5.9,   1.1
82250,  -0.7,  -3.4,   4.6,  88.3, 111.0, 794.1,   6.6,   1.5
82278,  -0.5,  -6.3,   3.0, 429.6,  67.8,1185.0,   5.8,   0.9
82302,   0.4, -16.7,   6.2,   5.5, 312.2, 509.9,   5.8,   2.0
82326,  -4.2, -14.3,   0.5, 213.8, 170.1, 927.4,   5.3,   1.7
82354,   2.7,   1.6,  -1.2, -29.9,  16.5, 761.6,   5.3,   1.8
82378,  -7.1,  -5.3,   2.2,  34.1,-591.9,1620.0,   4.9,   1.1
82402,  10.6,  -0.6,   4.9, 210.3, 348.3,1192.8,   5.4,   0.7
82426,  -3.5,   0.3,  -0.6,  94.9,-184.9,1113.7,   7.1,   0.7
82450,   0.1,   3.0,   1.7,-198.8,  61.4,1108.5,   6.2,   1.6
82478,  -0.5,   2.5,   2.2,-107.5, 231.8, 638.1,   6.1,   1.4
82502,  -0.2, -10.8,   7.0, 465.5, 188.1,1115.1,   5.5,   1.2
82526,   1.9,   9.4,   4.8,-215.7, -71.9, 661.8,   5.1,   1.1
82550,  -0.6,  -6.6,   8.9, 210.3, 177.4,1158.8,   5.4,   1.1
82578,  -1.6,  -3.9,   7.1, 121.2,  46.1,1305.3,   5.7,   1.4
82602,  -8.2,   9.4,   1.7,-209.1,-540.6,1835.8,   5.8,   1.1
82628,   4.9,   1.2,   4.6,-162.5, 216.2,1071.2,   6.6,   1.1
82652,  -3.1,  16.3,   1.0,-499.1,-369.7,1258.2,   6.8,   1.1
82676,  -4.1,  -4.0,   7.4, -24.0, -74.5,1190.1,   6.4,   1.7
82700,   2.9,   3.0,   5.0,-214.7, 123.2, 741.1,   6.0,   1.5
82728,   3.9,  -0.4,   6.8, 346.8, 382.0,1042.1,   5.8,   0.8
82752,   0.2,   1.7,   2.9, 204.2,  68.8,1068.5,   5.7,   0.8
82776,  -5.5,   9.8,   1.4,-204.4,-133.4,1373.7,   5.3,   0.6
82800,   2.1,  11.9,   3.8,-270.1,  57.3, 501.4,   5.0,   0.8
82828,  -2.1,  15.0,   2.7,-586.8,-876.8,1453.5,   4.7,   0.9
82856,  -0.4,  -5.6,   7.3, -51.1, 357.1, 790.7,   5.0,   0.8
82876,  -4.8,  -8.2,   4.3,   6.5,-250.1,1749.4,   4.7,   1.0
82900,  -2.5,  -9.5,   4.6,  63.6,  29.5,1133.4,   4.2,   1.1
82928,  -1.1,   0.6,  -0.3, 118.6, 127.1,1212.8,   3.8,   0.5
82952,   0.2,  -2.6,  -0.4, 250.6, 207.2, 730.6,   3.6,   0.2
82976,  -0.7,   8.5,  -2.0,-520.6, -90.9, 885.4,   3.5,   0.6
83000,   0.7,   2.7,   2.2,  52.1, -37.0,1137.6,   3.5,   0.4
83028,   1.0,  -5.1,   3.3, 177.1, 321.0, 626.6,   4.0,   0.7
83052,  -5.6,  -4.5,   1.7, 372.0,-178.1,2339.5,   4.3,  -0.0
83076,   6.2,   3.1,   3.4, 323.4, 279.5, 294.6,   4.2,  -0.4
83104,   1.8,  13.9,  -5.9,-591.2,  32.9, 643.5,   4.9,   0.4
83128,  -3.7,  -7.7,  -0.8, 428.4, 124.2,1469.4,   5.0,  -0.1
83152,  -2.8,   7.2,  -4.8,-391.5, -81.1, 687.4,   4.2,   0.5
83176,  -5.0,  -5.9,  -0.4, 257.7,  74.4,1264.3,   4.0,   0.0
83204,  -1.5,  -6.7,  -3.1, 391.5, 273.1,1262.3,   3.9,  -0.5
83228,  -5.3,   6.7,  -5.8,-312.6,  51.7, 558.7,   3.8,   0.0
83252,  -3.5,  -3.1,  -3.6, -63.3,  30.7, 945.2,   3.5,   0.2
83276,  -4.1,   3.5,  -5.3, 413.7, 136.9,1048.2,   3.7,  -0.9
83304,  -4.8, -13.3,   1.6,-485.7,-777.7,1678.1,   2.9,   1.1
83328,   6.0,   5.6,  -3.4,-367.3,  60.5, 636.4,   2.7,   0.5
83356,  -6.0, -13.5,  -3.7, 490.9,-256.7,1785.1,   2.3,  -0.2
83376,  -5.9,  -5.5,  -4.1, 181.5,-227.1,1506.5,   3.3,   0.0
83404,  -2.0,  -5.0,  -2.6, 292.9, -16.7,1366.1,   3.4,  -0.1
83428,   3.1,  -0.7,  -5.5,-136.6,   6.0, 708.4,   3.1,   0.3
83452,  -3.6, -12.5,  -1.9, 106.1,  89.0,1148.1,   3.5,   0.8
83476,  -5.6,  -1.1,  -5.9,  -3.8, -73.6,1291.2,   3.6,  -0.1
83504,   0.7,  -0.4,  -1.2,  -8.2, 290.0, 672.3,   3.3,  -0.4
83528,  -3.2,  -0.6,  -1.5, -31.1, 219.2, 273.3,   4.5,  -0.8
83552,   9.0,   4.6,   1.2, 234.0, 294.3, 722.6,   3.0,  -1.0
83576,  -1.0,  -6.7,  -1.5, 158.8,-116.3,1215.0,   5.2,  -0.4
83604,  -0.2,   3.9,  -4.1,-363.1,  91.5, 422.3,   5.0,   0.3
83628,   0.2,  -6.2,   1.6, 294.6,-126.5,1545.3,   4.6,   0.1
83652,  -2.7,  -1.2,  -0.6,  45.3, -18.4, 871.2,   4.7,   0.0
83676,  -0.9,   4.3,  -1.8,-218.4,-104.3,1089.3,   4.4,  -0.0
83704,  -6.0, -13.6,   1.7, 626.4,-114.3,1702.5,   4.8,   0.4
83728,  -3.8,  -3.7,  -0.1, 282.4,-118.5,1162.7,   4.3,   0.0
83752,  -0.4,   5.3,   0.3,-205.4, 103.9, 576.8,   4.2,   0.7
83776,  -0.2,   0.3,   5.2, -63.8,-767.4,1649.6,   4.0,   0.7
83804,   6.5,  -5.8,   5.5, 338.5, 342.2,1032.9,   5.9,   0.3
83828,   1.6,   0.6,   3.4,  -5.0, 166.7, 826.1,   6.0,   0.3
83856,   0.1,   7.2,   2.7,   8.7,-229.3,1239.2,   5.8,   0.5
83876,   2.4,   7.0,   1.1,-157.3, 111.7, 796.0,   5.8,   0.8
83904,   2.7,  -5.8,   4.7,  76.3, -29.1, 859.5,   5.4,   0.8
83928,   3.3,   1.1,  -0.6, 253.8, 109.5,1017.7,   5.9,   0.6
83952,   2.7,  -3.0,   2.1,  61.4, 204.5, 683.5,   5.5,   0.6
83976,  -4.0,   5.4,   2.2,   7.5, -53.1,1172.3,   5.5,   0.2
84004, -10.8,   8.0,  -0.1, 370.0,  56.1,1024.8,   7.2,  -1.3
84028,   3.5,  16.8,   3.6, 367.3, -88.2, 899.3,   6.4,  -0.7
84052,  -2.4,   5.0,   4.5, 696.2,  17.0,1174.7,   8.0,  -0.5
84080,   2.3,   2.8,   4.6,-142.9, 152.0, 667.9,   7.2,   0.2
84104,   4.3,  -3.2,   5.2, 202.3,  83.9, 720.4,   7.1,   0.5
84128,   4.6,  -5.4,   7.8, 280.2, 299.2, 694.0,   6.8,   0.4
84152,  -3.5,   1.3,   4.4, -50.4, -35.0,1070.7,   6.9,   0.8
84180,  -6.8, -10.1,   2.5, 342.4, -45.3,1452.3,   7.2,   1.0
84204,  -3.8,   2.8,   1.5,  68.0, 138.6, 773.6,   6.6,   0.1
84228,  20.1, -15.8,  11.4, 725.2,  -1.3,1228.9,   4.5,   0.3
84254,   6.5,  -3.9,   1.2, 563.1, 438.4, 865.4,   8.0,  -0.5
84278,   6.2, -14.0,   3.0, 504.0,  31.9, 908.6,   8.2,   0.1
84302,  -1.0,  -1.1,   2.9, 112.9, -26.0, 918.1,   7.9,  -0.3
84330,  -5.4,   0.2,   2.0, 199.1,-188.6,1431.1,   7.4,  -0.4
84358,   3.2,   4.3,   2.3,-125.1, -79.9,1020.4,   7.3,  -0.1
84378,   3.0,  -0.2,   3.6, 397.1, -43.3,1789.0,   8.4,  -0.0
84402,  -1.3,   2.7,   4.8,  20.4, 124.9, 818.5,   8.7,   0.2
84430,  -5.3,   8.5,  -0.1,-158.5,  30.9, 727.2,   8.9,   0.1
84454,  -9.1,   3.4,  -3.2,-198.1, 374.2, 436.4,  10.6,   0.1
84478,  16.3, -29.8,  13.5,1874.4, 621.0, 654.0,   7.4,  -0.0
84502,  -0.1,  -7.0,   3.0, 700.6, 304.1,1027.2,   8.6,   0.5
84530,  -1.9,  11.3,  -3.6,  91.0,-247.9,1383.0,   8.1,   0.2
84554,   0.9,   2.0,  -0.0,  15.0, 249.7, 787.0,   7.7,   0.5
84578,   1.8,  12.7,   0.3,-369.5, 104.4,1105.6,   7.2,   0.6
84602,  -1.9,   1.8,  -2.4,-467.1,  29.7, 810.4,   6.9,   1.4
84630,  -4.0,   0.3,  -2.1,  63.6, 184.7, 686.2,   7.4,   1.2
84654,  -7.5,   2.3,  -0.0, 205.0,  72.7,1031.9,   6.6,   0.3
84678, -10.4,   0.8,  -0.8, -44.5, -90.4, 951.8,   6.6,   0.4
84702,  -0.7, -14.9,   6.4, 638.1,  17.2,1197.4,   4.3,   1.4
84730,  -2.6,  -1.9,  -2.8, 298.2, 383.2,1098.3,   6.0,   0.8
84754,  -3.4,   2.1,  -1.9,  46.5, -73.3, 973.8,   5.5,   1.0
84778,   1.9,   2.4,  -1.4,-438.6, 133.2, 414.2,   5.4,   1.7
84802,  -2.0,  -0.2,   0.8, -26.5, 151.5, 854.1,   4.6,   1.1
84830,   1.4,   0.3,   1.6, 221.1,-101.2,1196.2,   4.4,   0.7
84858,   7.2,   0.8,   3.6,-234.5,  70.0, 677.6,   4.6,   1.0
84878,   4.1,   7.9,  -0.9,-318.5, 280.2, 361.0,   5.3,   1.2
84902,  -3.4,  -3.2,   1.9, 152.7,  80.0,1074.1,   5.0,   0.6
84930, -10.9,   0.1,   4.4,-322.9,-733.0,1964.0,   4.2,   1.1
84954,   3.4,  17.5,   2.8,-578.2, 206.5, 597.8,   4.4,   0.3
84978,   3.5,   1.9,   2.7,-190.5,  48.3, 524.6,   5.3,   0.9
85002,  -1.5,  -1.7,   3.6,  81.0, 221.1, 869.8,   5.0,   0.6
85030,  -4.5,  10.4,  -0.4,-465.2,  29.0, 439.8,   4.8,   0.6
85054,   2.1,   0.9,   2.8, -59.2, -22.1,1332.4,   4.4,   0.5
85078,  -0.7, -10.8,   1.4, 370.5, 249.9, 886.6,   5.2,   0.6
85106,  -0.0,   1.6,   0.4, -72.1, -35.2, 809.5,   4.5,   0.8
85130,  -1.0,  -7.0,   2.7, 277.7, 270.2, 886.4,   4.3,   0.2
85154, -12.8,   0.2,  -1.4, 231.3,-693.0,2444.0,   4.9,   0.5
85178,   1.8,  11.8,  -1.5, 329.7, -13.3, 619.0,   4.2,   0.1
85206,  -2.2,  10.7,  -5.3,-685.4,  -9.6, 882.0,   4.3,   0.7
85230,  -1.8,   0.3,   0.3, -98.0,  23.6,1157.4,   4.5,   0.7
85254,  -2.3,  -0.3,  -1.1,-662.9, -31.3, 581.7,   3.8,   1.4
85278,  -2.3,  -8.6,   1.3, 336.3, -99.5,1366.8,   3.6,   0.7
85306,  -2.0,   3.3,   1.3,-162.9,-261.1,1304.8,   3.3,   0.3
85330,   4.7,  -3.9,   6.4,  42.1, 325.6, 563.9,   4.4,   0.5
85358,  -4.7,   5.7,   4.9,  18.2,  34.8,1058.5,   4.3,   0.6
85378, -10.5,   0.6,   2.1,  35.3,-454.9,2407.9,   4.4,   0.7
85406,   2.0,  15.4,   2.5,-372.4,  -9.9, 871.5,   5.3,   0.1
85430,   3.8,  -0.9,  -0.3,-343.9,  46.3, 726.2,   7.0,   1.5
85454,   1.3,   5.3,   1.4,-129.0,-128.7, 966.0,   6.5,   0.8
85478,   0.5,   0.9,   3.1,-132.9, -46.5, 877.1,   5.7,   0.9
85506,   3.3,  -1.8,   5.4, 224.5, 284.8, 840.7,   5.9,   0.2
85530,   2.0,  -1.5,   4.0, 337.1, -35.5, 991.1,   5.2,  -0.3
85554,   3.7, -16.5,   5.2, 641.7,  52.9,1002.8,   5.4,   0.1
85578,   1.0,  -6.4,   0.6, 385.4,  75.1,1002.8,   5.5,   0.2
85606,  -3.7,  10.0,  -6.6, -47.0,-135.3,1577.8,   6.1,  -0.9
85630,   1.4,  -1.6,  -0.0, 194.2, 294.6, 683.5,   5.7,  -0.2
85654,   0.9,   2.0,  -3.6,-162.0,  99.0, 785.5,   5.3,  -0.4
85678,   0.5,  -8.2,  -3.3,  82.9, 237.0, 816.8,   5.8,  -0.1
85706,   1.2,   5.6,  -6.2,-104.1,  98.3, 643.7,   5.5,  -0.8
85730,   4.7,  -5.2,  -2.8, 466.9, 127.8, 896.4,   5.0,  -1.1
85754,  -4.9,  -5.6,  -3.4,  87.3, -18.9,1115.6,   5.7,  -0.5
85778,  -2.7,   7.1,  -6.5,-295.3, 286.5, 656.9,   5.5,  -0.6
85806,  -3.7,   5.3,  -3.9, 195.2,-130.9,1043.1,   4.6,  -1.1
85830,  -4.2,   0.8,  -3.2,-207.1,-160.2,1674.9,   4.5,  -0.6
85858,   1.6,   5.2,   0.6, 382.5, -21.6,1394.2,   4.4,  -0.8
85881,   6.1,  -0.9,  -3.0,  40.7, 350.7, 789.7,   5.3,   0.1
85905,  -0.5,  -1.8,  -1.0, 130.3, 114.7, 716.7,   4.9,  -0.4
85929,   0.7,  -9.0,   0.2, 352.9, -28.6,1207.9,   4.4,  -0.3
85953,   1.0,  -3.8,  -3.1, 171.3, -36.2,1246.2,   4.2,  -0.2
85981,   2.9,  -4.7,   0.4, 139.8, 230.4,1129.8,   4.2,  -0.2
86005,   2.5,   1.9,  -1.0, -91.7,  95.1, 537.3,   4.4,   0.1
86029,  -2.7,   3.1,  -2.1,-132.4, 111.5, 759.4,   4.3,  -0.1
86053,  -3.9,  -1.1,  -3.9, 384.7, 140.5, 932.5,   4.5,  -0.6
86081,  13.0, -29.0,  11.3,1306.1, 609.3, 907.1,   2.3,  -0.1
86105,  -1.2,  -8.1,   2.0, 647.1, 324.9,1033.8,   4.3,   0.4
86129,   1.1,  -3.4,   0.8, 572.7, 115.9,1096.8,   3.7,   0.4
86153,  -0.5,   0.6,  -0.8, 150.5, -98.2,1087.1,   3.5,   0.6
86181,   4.7,   3.0,   1.1, 121.7, 350.0, 720.6,   4.1,   0.6
86205,   3.0,  -4.7,   2.3, 381.2, 208.4,1755.8,   3.8,   0.7
86229,   1.9,  -1.6,   1.6, 174.9,  74.9,1187.9,   4.3,   0.9
86257,  -0.7,  -2.2,   1.6, 166.2, 223.3,1030.2,   4.0,   1.0
86281,  -5.4,   4.3,  -0.9,-180.8, 159.1, 646.9,   5.1,   0.6
86305,   5.1, -18.0,   8.3, 845.4, 240.6, 722.3,   4.4,   0.1
86329,  -1.4,  -4.0,   4.3, 358.5,  97.6,1136.1,   4.9,  -0.1
86357,  -7.2,  -0.5,   2.3, 280.2,-137.8,1501.1,   4.5,  -0.3
86381,   1.3,   3.6,   2.0,-181.0,-104.3, 814.1,   4.3,   0.2
86405,  -2.7,  -1.5,   4.1, 132.0, -20.1, 981.1,   5.1,   0.1
86429,   3.7,  -2.3,   6.3, 153.5, 222.8, 606.6,   4.7,   0.1
86457,   3.0,   9.2,   2.4,-187.8, -22.8, 888.8,   4.9,   0.3
86481,  -7.8,   6.8,   3.1,-322.1, -72.4, 489.6,   6.2,   1.0
86505,   6.4,   9.1,   6.4,-695.2,-266.2, 533.3,   5.3,   2.2
86529,   1.8,   0.8,   4.9, 257.2, 155.9,1197.7,   5.7,  -0.1
86557,  -3.0,   9.6,   0.3,-713.0, 206.2, 324.1,   7.3,   1.6
86581,  -4.5,  -0.9,   5.3, -39.7, 199.4,1073.9,   6.9,   1.1
86605,  -2.0,   0.2,   5.8, 222.3,  51.7,1145.4,   6.6,   0.8
86629, -13.7,  -2.0,   7.2, 332.4,-397.5,2223.0,   7.5,   0.8
86657,  -3.0, -10.5,   8.0, 245.7, 177.2,1312.4,   9.2,   2.0
86681,   0.6,  -3.8,   4.1,   6.5, 308.0, 687.6,   9.0,   2.3
86705,  -3.7,  10.5,  -2.5,  11.9,  32.9, 813.9,   8.4,   1.6
86729,  -9.4,   6.1,  -0.5,-779.2,-622.9,1291.6,   8.6,   2.2
86757,   0.8,  -4.4,   4.9,-474.2,  -9.6, 860.2,   7.8,   1.9
86781,   1.8, -13.3,   3.3, 271.4, 173.3,1275.8,   8.2,   1.8
86805,  -0.7, -14.3,   2.1, 323.1, -16.0,1251.1,   7.5,   1.3
86829,  -3.4,   4.1,   1.9, 216.5,-261.1,1375.9,   6.9,   0.7
86857,   0.6,   0.5,  -1.0, 140.8, -51.4,1059.0,   6.8,   0.5
86881,   1.3,   6.7,  -4.7, -71.1, 113.7, 732.6,   6.5,   0.4
86905,   2.0,   8.6,  -0.7, -14.3, -48.9, 840.2,   5.9,  -0.5
86929,  -8.7,   8.3,  -4.9,-516.7, -56.0,1139.1,   6.3,  -0.5
86957,  -0.6,   3.5,  -1.7, 191.1,  97.8,1392.2,   4.5,  -1.3
86981,   4.6,   3.7,  -4.1,-300.6, 213.3, 424.0,   5.5,   0.3
87005,   0.6,   7.5,  -5.8,-334.6,-266.9,1045.1,   4.8,  -0.4
87029,  -3.8,  -1.7,  -5.5, -11.3,-286.5,1315.8,   4.3,  -0.6
87057,   2.9,   2.6,  -4.2,-148.0, 128.6,1053.6,   4.3,  -0.8
87081,   2.8,  16.3,  -9.2,-408.8, 310.2, 462.8,   5.0,  -0.4
87105,  -3.8,  -4.7,  -3.3, 158.3,-220.5,1301.2,   4.6,  -0.4
87129,  -6.5,  -9.8,   0.1,  98.3,-879.2,2517.0,   3.6,   0.4
87157,   2.9,  10.4,  -6.2,-350.4, 280.9, 756.7,   7.1,  -0.9
87181,  -7.1, -13.1,  -3.9, 113.9,-288.7,1316.1,   7.8,   0.2
87205,   1.8,   7.1,  -0.4,-240.8,  64.4, 383.9,   7.1,   0.3
87233,   0.3,  -2.0,   1.7, 407.4,   8.9,1018.9,   6.5,  -0.3
87257,  -3.4,  -9.8,   2.9, 185.4, -72.4,1256.7,   6.3,   0.0
87281,   3.2, -11.7,   0.2, -68.2, 183.0,1004.3,   5.5,   0.9
87305,   2.3,  -5.7,  -4.8, 136.6, -42.8, 836.8,   5.1,   0.4
87333,  -6.1,  -1.1,  -8.1,-121.7, 278.2, 642.7,   6.8,  -0.8
87361,   8.1,   8.2,  -4.4,-229.6, 382.5, 820.2,   7.4,  -0.3
87381,   1.6,   9.7,  -3.9,-178.3, 174.2, 803.6,   8.5,   0.0
87405,  -3.8,  10.8,  -3.8,-773.3,  53.4, 962.3,   8.1,   1.5
87433,  -3.0,  -1.8,  -1.8, 151.0,  87.3, 842.2,   7.7,   1.2
87457,   1.4,  -4.2,   2.1, 384.4, 254.8, 761.6,   6.9,   0.7
87481,  -4.6,   4.5,   0.3, 254.5, 113.0,1033.6,   7.0,   0.3
87507,  -8.6,  11.8,  -0.4,-723.5,-385.6, 971.1,   5.5,   1.4
87531, -10.3,   6.6,  -1.2,-279.2,-1264.2,3452.8,   6.0,   0.7
87555,  11.7,  37.4,  -1.2,-1061.6, 329.3, 164.4,   6.3,   1.2
87583,   0.2,  -0.6,   0.8,-620.2,-194.4, 699.1,   6.9,   3.4
87607,  -0.2,  -1.7,   3.0,  49.7,  62.9, 986.5,   6.0,   2.7
87631,  -6.8, -12.0,   3.5, 291.9,-199.5,1647.8,   6.3,   2.7
87655,  -1.0,  -2.8,   2.4, 245.3,-144.1,1517.0,   5.8,   2.5
87683,   0.8,  -2.1,   4.1, 118.3, 293.1, 563.1,   6.1,   2.2
87707,   1.2,  -9.7,   4.3, 513.6,-118.2,1278.0,   6.1,   2.2
87731,  -1.2,  -6.1,   1.6, 343.2, 314.9, 730.9,   6.3,   1.5
87755,  -0.6,  26.7,  -3.4,-1792.8,-1309.4, 813.4,   6.4,   2.6
87783,   3.9,  -2.8,   6.4,-665.1, 468.7, 728.2,   7.2,   1.9
87807,   2.3,  -6.4,   2.2,-308.9,   1.6, 557.3,   7.3,   2.0
87831,  -4.3,  -5.8,   1.6, -66.3,-273.5,1239.6,   7.3,   1.8
87859,   1.6,  -2.7,   1.8, 212.5, 453.0,1517.2,   7.6,   1.6
87883,  -3.7,   0.3,  -4.5, 228.9,  16.0,1175.2,   7.1,   1.3
87907,  -5.5,  10.3,  -6.2,  22.1,-290.6,1091.7,   6.2,   1.3
87931,  -4.5,   7.1,  -3.1,-542.3,-175.6,1133.4,   5.5,   1.5
87955,  -2.0,  -3.5,  -0.5,  78.8, 307.3, 600.0,   6.7,   1.6
87983,  -2.6,  -6.2,   0.5, 405.4,  32.6,1071.2,   5.6,   0.5
88007,  -2.1,  -3.4,   2.1,-139.5, 349.5, 411.3,   6.8,   1.8
88031,  -2.4,   1.4,  -1.1, -88.2, -88.2,1056.1,   6.0,   0.8
88055,  -4.8, -10.2,  -2.4, 336.6, 198.2,1105.9,   6.1,   0.6
88083,   0.9,  -1.0,  -4.8, 153.7,-173.2,1421.0,   5.0,  -0.0
88107,  -3.7,  20.5,  -6.3,-982.5, -23.5, 624.9,   4.9,   0.3
88131,  -2.4,   2.7,  -5.6,-322.6, -63.8,1259.4,   5.5,   0.7
88155,  -2.7,   2.1,  -3.1,-117.3,-403.9,2010.9,   5.2,   1.0
88183,  10.1,  -0.7,  -1.8, 406.4, 382.2,1018.7,   6.8,  -0.3
88207,   5.1,  -4.1,  -8.1,  56.3, 216.5, 888.8,   8.1,   0.1
88231,   1.9,   6.1,  -5.8,-338.7,-182.9, 990.1,   7.4,   0.3
88259,  -1.0,  -1.9,  -2.7, 214.7,-164.1, 943.5,   6.6,  -0.2
88283,  -0.7,  -9.3,  -0.2, 349.0,  32.6,1383.9,   5.9,  -0.4
88307,  -1.3,   3.3,  -3.2, -78.5, -11.8,1149.6,   6.0,   0.3
88331,   2.4,  -2.2,  -4.5, 323.4,-106.5,1081.7,   5.5,  -0.1
88359,  -3.5,   1.2,  -2.0,  30.2, 355.1, 791.4,   5.7,  -0.1
88383,  19.5,  -3.6,   5.0, 249.9, 570.7, 205.7,   4.0,  -0.0
88407,   0.6, -17.4,   0.2, 423.2, 101.2,1075.1,   5.4,   0.7
88431,   3.7,   2.4,  -3.1,-125.1, 104.9, 721.3,   5.4,   0.2
88459,  -2.4,  -0.7,  -3.6, 482.3,-287.4,1732.6,   5.2,  -0.1
88483,   0.1,   5.6,  -3.1,  58.2,   8.9, 966.0,   4.8,  -0.0
88507,  -4.6, -10.9,   1.7, 269.7, -40.6,1450.8,   5.0,   0.7
88531,  -1.7,   0.2,  -0.5, -13.0, 241.1, 496.7,   5.1,   0.6
88559,  -6.3,  -2.0,   0.8, -30.6, 113.0, 731.8,   5.5,   0.7
88583,   5.2,   1.5,   6.1,-804.8,-559.4,1333.9,   3.6,   0.8
88607,   1.6, -11.1,   4.6,  82.4, 599.8, 675.2,   6.1,   1.2
88631,  -3.5,  -3.8,  -2.0, 224.3,-328.5,1567.0,   5.3,   0.3
88659,  -0.9,  -4.6,   2.9,  -0.1, 157.9, 619.8,   5.4,   0.9
88683,  -4.8,  -1.9,   0.6, 355.4, -83.8,1316.1,   5.1,   0.8
88707,   4.3,  -1.1,   0.6,  72.4, 201.1, 867.8,   4.7,   0.9
88731,   4.5,  -2.4,   3.5, 345.6,  38.0, 876.9,   5.0,   0.9
88759,  -1.8,  -7.4,   3.1, 441.8, 372.2,1144.7,   5.3,   0.8
88783, -11.0,   4.1,  -4.2, 299.9,-712.2,2681.3,   4.7,   0.2
88807,   3.8,  15.3,  -3.9,-523.3,  86.1, 904.2,   4.7,   1.3
88831,  -3.5,  14.3,  -0.6,-296.2,-376.8,1439.6,   4.3,   1.2
88859,   0.9,  -0.6,   1.6,-131.9, 296.3, 654.7,   4.7,   1.4
88883,  -0.5,   0.2,   2.2, 139.1,  98.8, 901.3,   4.8,   1.0
88907,   1.0,   1.5,   4.4, 330.2, 543.9,1374.4,   4.9,   0.1
88931,  -2.4,   4.8,  -0.6,-120.0,  -2.3, 670.6,   4.6,   0.8
88959,  -5.0,  -0.5,   2.3, -77.2,-222.7,1307.0,   4.0,   1.0
88983,  -3.3,   9.0,   3.9, 104.1,-324.1,1922.3,   3.6,   0.3
89007,  11.3,   8.7,   2.4,-192.5, 532.9, 501.9,   4.1,   0.2
89031,   6.0,  -1.2,   1.0, -19.6,  76.8,1644.7,   5.3,   1.1
89059,   3.2,   2.7,   3.6,-218.4, 113.0, 597.1,   5.0,   1.1
89083,   1.7,  -5.9,   3.5,  81.2, 130.0,1167.4,   4.4,   1.1
89107,  -0.7,  -3.3,   4.3, 359.0, -89.7,1281.1,   4.0,   0.5
89133,   5.1,   3.0,   2.9,-450.1, 176.7, 599.3,   4.3,   1.4
89157,   3.9,  -8.5,   2.0,  41.9, 176.4, 950.1,   4.1,   1.0
89181,   2.9,  -7.1,   0.2, 267.7,  47.0, 922.0,   3.9,   0.7
89209,  -5.0,   8.2,  -1.8,-111.2,-638.0,1254.5,   4.0,   0.4
89233,   0.5,  -5.2,  -2.3, 125.4, 321.0,1095.6,   6.8,   0.8
89257,   0.9,   4.9,  -2.1,  42.9, 155.9, 881.2,   6.4,   0.3
89281,  -2.5,   6.9,  -4.1,-353.6, -70.4,1061.4,   6.0,   0.5
89309,  -3.2,  -1.5,   1.2,  99.8, -47.4,1135.9,   5.6,   0.2
89333,  -3.2,  -7.0,  -0.9,  64.1, 292.9, 858.5,   5.9,   0.5
89361,  -2.1, -11.2,   1.1, 514.5, 252.8, 873.4,   6.1,  -0.4
89385,  -6.8,  -2.5,  -1.5,  58.5,-241.3,1307.0,   6.1,  -0.3
89409,  -7.0,   0.3,  -4.7,   5.8, -30.1,1339.3,   7.0,  -0.0
89433,   4.4,   7.6,  -5.1,  46.8,  92.7,1030.7,   6.0,  -0.7
89457,  -4.2,  -0.8,  -3.6,  74.6, -45.3,1127.8,   6.2,  -0.3
89485,  -2.4,   3.2,  -3.1,-111.2,-104.6,1265.8,   5.7,  -0.4
89509,  -4.9,  12.5,  -5.8,-666.6,  27.3, 856.1,   5.3,   0.4
89533,  -1.3,   2.5,  -6.8,-152.4,-182.9,1144.4,   4.4,   0.1
89557,   6.7,   3.3,  -1.8,  45.1, 544.8, 889.5,   4.7,  -0.0
89585,  -2.2,   1.5,  -6.9,-243.0,-162.2,1264.3,   4.6,   0.5
89609,   2.9,   2.9,  -5.3,-279.6, 108.1, 507.0,   4.8,   0.9
89633,  -3.6,  -0.8,  -5.1, 446.7,-465.2,2074.4,   4.4,  -0.1
89657,  10.3,   1.2,  -2.6,-179.3, 495.8, 402.2,   4.4,   0.6
89685,  -2.4,  -2.2,  -3.1, 207.2,  69.7,1116.6,   5.4,   0.2
89709,   0.5,  -5.1,  -0.1, -10.4, 170.6, 619.8,   4.9,   0.5
89733,   3.2,  -2.3,  -2.5, 248.9,  75.1,1040.7,   4.9,   0.3
89757,  -5.7,   0.8,  -5.2,  84.1,-255.9,1705.0,   5.0,   0.3
89785,  -0.1,   7.3,  -4.4,-553.3,-190.3,1110.5,   4.9,   1.1
89809,   1.0,   4.4,  -2.0,-164.7, 130.5, 746.5,   5.3,   0.8
89833,   0.7,   0.0,  -3.3,-246.0, 220.4, 611.2,   5.4,   1.3
89861,  -3.8,   3.9,  -2.9, 346.6, 273.6, 333.9,   5.9,   0.7
89885,   9.7, -16.3,   6.1, 478.2, 542.2, 815.6,   4.5,   1.6
89909,  -4.0,  -4.7,   1.1, 466.0,  22.6,1188.9,   5.4,   0.9
89933,  -1.8,  -7.5,  -0.4, 150.5, -75.3,1170.8,   4.7,   1.3
89957,   1.5,  -0.8,   1.6, 244.8, 260.7, 889.1,   5.1,   0.8
89985,   1.8,  -1.4,  -0.3, 130.5,   6.0,1357.6,   4.6,   1.5
90009,   3.7,  -0.1,   0.8,  95.8, 150.3, 674.5,   5.2,   1.8
90033,  -2.8,  -6.4,   1.0, 200.6,  16.0, 963.5,   4.6,   1.5
90057,   0.5,  -1.0,  -0.7,-102.9,  26.8, 786.0,   4.9,   1.6
90085,  -4.8,   3.0,  -2.6, 284.8, -26.2, 991.1,   5.6,   0.1
90109,  -1.8,  -2.4,   3.8,   3.6,  68.3,1087.1,   4.6,   0.7
90133,   1.6,   9.4,  -2.5, 150.8, -57.7,1115.4,   6.4,   0.4
90157,  -4.1,   1.3,   3.3,-120.5, 299.0, 711.1,   6.4,   1.1
90185,  -2.1,   1.7,   2.7,-223.2,  27.3, 643.7,   5.8,   1.3
90209,  -4.1,   2.3,  -2.2, 260.4,-100.9,1174.7,   5.2,   0.8
90233,  -5.4,   1.3,   0.0, 296.0, 101.2,1429.1,   5.5,   0.7
90257,  -4.3,  10.7,  -3.5, -14.0,-187.3,1491.6,   5.2,   1.1
90285,  -1.5,  -0.2,  -1.2,-276.2, 275.3, 675.9,   5.3,   1.9
90309,  -2.4,  18.2,  -1.2,-395.1,-828.9,2008.2,   4.9,   1.2
90333,   5.7,   5.3,  -0.9,-117.0, 602.9, 917.6,   5.9,   0.9
90361,   3.0,  -2.7,   0.6,-289.9,  51.9, 743.3,   6.0,   1.2
90385,  -1.7,  -5.7,   1.4, 214.5, -50.1, 956.9,   5.7,   0.9
90409,   0.1,  -2.4,  -0.6,   7.5, 203.0, 674.2,   5.5,   0.8
90433,   0.9,   3.3,  -1.7, 114.4,  30.4, 916.2,   6.1,   0.8
90461,   0.5,  -1.0,  -1.8, 166.9, 228.2,1194.0,   6.0,   0.7
90485,  -2.1,   2.5,   0.6, 207.7,-235.2,1507.0,   6.0,   0.4
90509,  -2.7,  -1.2,   0.6,-186.1, 193.5, 992.8,   6.1,   1.4
90533,  -5.3,  -7.2,  -1.2, 706.0,-206.4,2047.0,   7.4,   0.3
90561,   1.0,  -2.3,   0.3,   3.1,-177.8,1962.5,   6.6,   0.4
90585,   1.4,   5.6,  -2.1,  35.5,  20.7, 905.9,   8.4,   0.3
90609,   3.2,   2.2,  -1.9,-143.7, 313.9,1078.0,   8.4,   0.2
90633,   2.4,   1.1,  -0.7, 113.4,  13.1,1120.3,   8.1,   0.4
90661,   3.0,   2.8,  -1.2,-283.8, -21.3, 733.1,   7.3,   1.1
90685,  11.5,   1.6,   0.1,-141.5, 342.4, 283.8,   8.6,   1.5
90709,  -4.5,  -7.4,  -1.7, -59.7,  28.2,1074.1,   8.4,   1.4
90733,  -4.8,  -9.4,  -0.3, 335.3,  89.8,1224.0,   7.9,   0.8
90759,  -6.8,   2.1,  -1.4, -70.4,-856.3,2093.2,   6.3,   0.3
90783,   5.6,  -2.8,  -1.9, 145.7, 457.2, 821.9,   7.7,   0.8
90811,   1.1,   3.7,  -6.5,   3.6,-102.9,1150.8,   8.6,   0.1
90835,  -5.4,   0.4,  -3.6, 264.1,-221.8,1552.1,   7.9,   0.1
90863,  -6.5,  -3.1,   2.7, 222.8,-184.2,1650.5,   7.5,  -0.2
90883,  -3.3,  -1.0,  -0.7, 142.5,-223.7,1156.1,   7.2,  -0.0
90911,   1.8,   6.9,  -0.5,-730.6,  98.1, 178.6,   7.4,   1.1
90935,  -2.0,  -1.7,   5.6,-300.6, 312.4, 772.4,   7.3,   1.4
90959,  -4.5, -11.5,  -0.2, 264.8, -14.2,1327.8,   6.7,   1.4
90983,  -7.0,   3.3,  -1.8, 321.7,-109.5, 729.4,   6.8,  -0.3
91011,   1.2,  -4.7,   2.9, 230.1, 401.8, 553.6,   6.8,   0.7
91035,  -8.7,  -1.0,  -3.0, 325.3,-129.5,1242.8,   6.7,   0.0
91059, -13.4,  -0.1,  -0.3, -85.1,-112.9,1357.3,   6.2,   0.2
91083, -11.5,  -6.9,   4.3, 243.1,  93.2,1200.3,   6.0,   0.4
91111,   1.3,  -1.9,  -2.3, -79.9, 163.2, 876.4,   4.9,   0.5
91135,  -3.4,  -0.2,  -0.4, -30.9,  94.4, 814.6,   5.2,   0.4
91159,  -3.1,  -4.1,  -2.5,  23.3, 154.5,1219.9,   4.3,   1.0
91183,  -6.0,  -4.6,   1.6,   3.1, 206.2, 747.2,   4.8,   0.8
91211,  -2.6,  12.9,  -1.4,-489.6,-529.1,1135.9,   4.2,   0.4
91235,  -7.2,   6.9,   2.6,-278.4,  92.7, 860.7,   4.7,   0.3
91259,  -4.3,   5.6,   1.9,-163.7, 166.4, 714.0,   4.7,   0.1
91283, -10.7,   2.3,   5.7,  35.8,  -7.4,1213.5,   4.5,  -0.1
91311,  -7.9,  -4.1,   4.4, 404.0, -72.1,1428.4,   4.0,  -0.2
91335,  -2.4,   7.1,   1.3, -56.7, 185.2, 605.6,   4.0,   0.2
91363,  -5.6,   2.8,   1.4, -33.1, -16.7, 990.6,   3.8,   0.3
91383,  -4.0,  -1.9,   5.3, 319.7,  54.6,1278.7,   3.2,  -0.2
91411,  -6.9,   5.2,   4.5,-103.6,-135.6,1313.4,   3.0,   0.3
91435,  -5.3,   2.2,   4.9,  72.4, 149.3, 761.6,   3.3,   0.1
91459,   3.3,   8.0,   7.0,-530.9,-197.6,1063.1,   1.7,   1.0
91487,   0.5,  -9.0,   5.5, -58.9, 425.7, 456.0,   4.3,   1.2
91511,  -1.7,  -5.6,   1.4,-104.8,  50.7, 793.8,   3.9,   1.3
91535,  -3.3,  -0.8,   3.5, 352.2,-106.0,1539.2,   3.4,   0.8
91559,  -3.0,  -4.7,   5.0,   8.0, 109.8, 729.4,   3.1,   1.1
91587,   0.2,   2.7,   1.5, 109.3,  35.6, 744.8,   2.7,   0.7
91611,   1.0,  -0.1,   5.0, 360.7, -62.3,1070.2,   2.5,   0.3
91635,   2.4,   3.4,   4.4,  34.6,  48.5,1009.2,   2.5,   0.2
91659,  -0.1,  -3.1,   4.3, -49.7, 484.0, 712.8,   3.2,   0.6
91687,   1.5,   6.0,   3.3,-107.8,  -0.6,1070.0,   2.0,   0.7
91711,   1.6,   3.5,   1.9,  12.6, 103.4, 831.4,   4.0,   0.7
91735,   3.6,   8.9,   1.3,-389.3, 416.7, 164.7,   4.3,   1.3
91759,  -4.0,  -2.8,   2.2, 117.6,-205.7, 874.9,   3.9,   1.0
91787,   0.2,  -2.3,   2.7, 149.3, 254.6, 875.1,   3.7,   0.8
91811,   5.9,   1.1,   1.6, 178.1, 347.6,1109.8,   3.3,   0.5
91835,  -5.8,  -8.2,   3.0, 505.8,  58.0,1716.2,   3.6,  -0.1
91863,  -5.9,   0.9,  -0.3, -70.7, 105.1, 983.1,   3.5,   0.0
91887, -11.7,  -6.3,  -2.3, 798.7,-428.8,2096.1,   5.6,  -0.7
91911,   1.5,   9.9,   2.5,  11.9, 299.7, 203.3,   4.9,  -0.1
91935,  -3.8,   1.3,   0.6, 339.7,-115.8,1046.0,   5.2,  -0.2
91959,  -4.0,  -9.1,   3.2, 610.5, -91.4,1317.3,   5.5,   0.1
91987,  -0.7,   2.6,  -2.2, -44.8, -18.2, 898.1,   4.5,   0.3
92011,  -8.2,  -7.5,  -4.1, 203.0,-253.3,1454.7,   4.4,   0.5
92035,  -7.4,  -6.7,  -6.2,-193.0, -48.9,1078.3,   3.6,   1.6
92059,  -4.5,  -0.3,  -2.8,  43.4,-129.5, 847.6,   2.5,   0.9
92087,  -6.5,  -7.5,  -2.9,-105.6, 299.0, 513.6,   3.3,   0.4
92111,   1.9, -11.6,   1.7, 305.1, 332.7, 275.8,   2.1,   0.2
92135,  -6.5,  -6.4,  -2.2, -11.1,  38.5,1112.9,   4.8,   0.5
92159,  -2.9,  -1.6,  -2.2,  88.3, -98.7,1066.3,   4.0,  -0.2
92187,  -3.1,   1.1,  -4.5,  10.2,-164.9,1460.6,   3.5,  -0.3
92211,  -3.9,  -5.6,  -1.0,  35.3, -68.9,1083.4,   3.1,   0.3
92235,  -1.9,  -3.6,  -0.4, 566.8, -55.5,1122.7,   2.4,  -0.5
92259,   6.9,   8.7,   1.0,  87.5, 383.5, 763.1,   2.8,  -0.4
92287,  -4.6,   0.0,   1.8, -12.3,-200.0,1507.5,   2.6,   0.5
92311, -10.4,  -1.0,   0.6,  70.5, -78.9,1754.3,   4.1,   0.8
92335,   7.3,  21.0,   2.3,-572.9, 409.1,  16.0,   3.9,   1.4
92363,  -4.4,   0.2,   2.3, -56.5, -70.2,1154.9,   3.7,   1.4
92386,  -4.4,   6.9,  -2.7,-404.2,-479.3,1362.0,   3.4,   1.5
92410,   2.0,   4.2,  -1.9,-342.1, -68.9, 695.7,   3.4,   1.7
92438,   8.5,  -5.2,   0.8, 219.6, 269.2, 528.2,   3.0,   1.3
92462,  -2.0,   2.0,   0.6, 200.3, -66.5,1412.0,   3.3,   1.2
92486,   1.5,  -1.1,   0.8,-164.9, 152.0, 625.9,   3.1,   1.7
92510,  -6.0,  -0.5,  -2.6, 272.8,  20.4,1185.9,   3.9,   0.9
92538,   9.6, -29.6,   9.8,1325.3, 181.8, 706.7,   2.7,   0.9
92562,   1.2,  -7.5,  -0.6, 757.2, 561.0,1157.9,   3.9,   0.8
92586,  -4.6,  -1.7,  -5.4, 679.8,-494.5,1848.5,   3.7,   0.1
92610,   0.1,  -6.7,  -1.6, 505.8, -26.9,1479.6,   4.3,   0.9
92638,  -1.7,  -7.4,  -0.6,   8.9, -78.0, 959.9,   3.1,   0.8
92662,   1.6,  -7.4,   1.1, 414.5, 217.7,1096.3,   3.2,   0.4
92686,   3.9,  -0.7,  -2.9, 191.8,  26.0,1173.5,   3.9,   0.2
92710,  -2.0,  -5.6,   1.1, 377.8, 516.8, 781.6,   4.5,   0.3
92738,   2.9,  10.2,   2.1,-755.0,-180.0, 378.8,   2.3,   2.2
92762,   5.2,   2.3,   2.4,-322.4, 294.8, 357.6,   4.5,   2.1
92786,   4.0,  -2.5,   0.1,  68.5, -51.1,1296.0,   3.6,   1.0
92810,   5.7,  -3.7,   4.3, 355.6, 207.7, 774.1,   3.5,   0.8
92838,  -4.5,  -6.6,  -0.2, 136.1,-101.9,1029.9,   3.1,   1.6
92866,  -2.3,  -1.1,  -2.2,-232.3,-135.8, 998.9,   2.8,   1.8
92886,   3.0,   0.7,  -3.6, 118.1,  53.9, 761.1,   2.7,   1.0
92910,  -3.2,   4.5,  -5.1, 169.8, -18.6, 918.6,   2.4,   0.1
92938, -11.8,   7.9,  -7.7, 284.6,   0.4, 825.1,   3.5,  -1.1
92962,   7.6, -22.3,   9.0, 852.7, 799.0, 251.6,   2.9,  -0.4
92986,  -0.0, -14.2,   3.8,1013.3, 305.6,1151.0,   3.5,  -0.8
93010,  -4.5, -10.6,   1.2, 706.0,-202.2,1710.1,   2.8,  -0.3
93038,  -2.0,  -1.1,  -2.3,  82.9,-112.9,1018.5,   2.8,   0.2
93062,  -3.5,   1.2,  -2.3, 191.8,-207.6,1058.5,   2.3,  -0.4
93086,   0.9,  -3.6,   1.3, -94.8, 141.8, 720.1,   2.3,   0.2
93110,   3.5,   1.8,  -0.6,-239.6, 100.5, 549.9,   1.9,  -0.1
93138,  -3.2,  -1.4,  -1.9, -56.7, 184.2, 767.5,   2.3,  -0.1
93162,  16.7, -23.1,   8.6, 720.6, 140.5,1112.0,   0.0,  -0.1
93186,   4.8, -17.9,   1.1, 439.4, 539.0, 805.3,   2.7,   0.1
93210,  -1.8, -15.5,   0.9, 232.1, -98.5, 983.3,   1.9,   0.1
93238,  -1.1,   2.6,  -3.7, -72.6, -46.7, 944.7,   1.6,  -0.5
93262,   1.2,   3.1,  -4.7, -63.3,-125.6, 975.7,   0.9,  -0.5
93286,  -2.0,  -4.1,  -1.1,  72.4, -96.0,1188.4,   0.7,  -0.5
93310,   6.7,   3.2,  -1.2, 215.7, 250.4,1258.4,   0.4,  -1.2
93338,   4.1,  10.0,  -1.1,-319.4, 183.8, 687.6,   0.8,  -0.5
93366,  -1.2,  -0.8,  -4.8,  59.5, 252.1, 589.5,   1.1,  -0.6
93386, -10.8,  13.9,  -9.9,  52.4,-578.7,2255.0,   0.9,  -2.5
93410,   1.8,   3.1,   2.5, 611.0, 117.3, 767.2,   0.8,  -2.8
93438,   2.8,  13.7,  -5.2,-346.8, -19.6, 870.3,   1.4,  -1.7
93462,  -1.2,  -0.4,  -1.1, 179.3,-174.6,1799.0,   1.1,  -2.2
93486,  -2.6,   8.3,  -3.6,-290.6,  18.5, 795.1,   0.4,  -0.9
93514,   6.4,   7.6,  -4.1,-110.5, -50.4, 730.6,   0.1,  -1.5
93538,  -3.7,  -3.8,  -3.3, 149.8, -94.8,1024.1,   0.8,  -0.8
93562,  -2.4,  -3.4,  -1.0, 371.2, 172.8,1096.1,   0.9,  -0.6
93586,  -1.8,  -3.1,  -0.1,   3.1,  78.8, 845.6,   0.6,  -0.2
93614,   0.5,  17.0,  -4.1,-608.7, -12.8,1129.5,  -0.3,  -1.1
93638,   1.6,  -6.3,   0.9, 145.4, 221.8, 956.0,   0.3,  -0.2
93662,  -1.6,  -3.4,  -1.4, 303.1, -97.0,1151.5,  -0.1,  -1.1
93686,  -1.8,  -8.5,  -3.8, 414.7, 117.6,1087.3,   0.0,  -1.2
93714,   3.8,  -2.5,  -1.3, -49.7,  86.1, 564.8,  -0.1,  -0.5
93738,  -2.6,  -7.3,  -1.3, 123.9, -86.3,1173.5,  -0.1,  -0.8
93762,   0.1,   0.4,  -0.4,   2.1, -83.8, 918.6,  -0.4,  -1.1
93786,   1.3,   6.9,   1.9, -43.3, 108.1, 935.9,  -0.3,  -1.7
93814,  -0.7,   0.2,   1.0,  16.7,  23.1,1128.8,  -0.1,  -0.9
93838,  -6.3,  -5.5,   1.8, 241.8, -48.9, 965.7,  -0.4,  -0.5
93866,  12.4,  -5.0,   4.6,  62.2, 382.7, 353.4,   0.8,  -0.8
93886,   4.3,   1.3,   1.8,   1.4, 355.1, 588.0,   2.3,  -0.6
93914,  -5.2,   1.2,  -5.0,-253.0,-208.8,1181.5,   1.4,  -1.2
93938,  -3.4,   3.6,  -2.2,-241.3, 138.8, 953.0,   0.8,   0.2
93962,  -4.5,  -3.0,   0.9, 138.3, -68.0,1230.9,   0.2,  -0.3
93986,   1.6,  -3.4,  -0.9, 145.7,  89.0, 992.6,   0.3,  -0.2
94012,   1.2,   3.6,  -0.8,-294.5,-165.6, 699.4,  -0.3,   0.5
94036,  -6.0,  -5.0,  -4.7,  -5.0,-330.4,1471.8,  -0.5,   0.1
94064,   3.8,  -1.7,  -3.6,  83.2, 121.5, 865.1,  -0.5,  -0.3
94088,  -1.0,   0.2,  -2.2, -63.6, -75.0,1081.9,  -0.4,  -0.6
94112,  -5.8,   5.4,  -3.6, 288.0, -67.0, 880.8,  -0.0,  -1.8
94136,  -1.0,  14.7,  -4.7,-403.2,-354.6,1448.1,  -0.7,  -1.8
94164,   0.1,  10.7,   4.4,-505.2,  -9.4, 631.0,  -0.8,  -0.9
94188,  -1.0,   6.3,   0.8, -97.3,-176.4,1015.3,  -0.9,  -1.3
94212,   4.0,  -4.3,   0.4, 179.1, 112.2, 686.9,  -0.6,  -0.8
94236,  -3.2,  -1.7,  -1.9, 259.2,-105.3,1308.0,  -0.5,  -0.8
94264,  -0.7,   3.8,  -2.2,-273.8,  43.6, 745.3,  -0.8,  -0.4
94288,  -2.3,  -3.6,  -1.4,  72.2,-135.8,1169.6,  -1.0,  -0.6
94312,   3.6,  -0.5,  -1.3, 336.3, 239.9, 952.3,  -1.0,  -1.1
94336,  -4.0,   3.6,  -0.9, 131.2,-189.3,1296.3,  -0.7,  -0.8
94364,  -1.8,  -1.4,  -1.3,  88.0, 131.0,1205.7,  -0.6,  -0.9
94388,  -3.3,   0.5,  -0.9, 345.8,-171.7,1010.9,  -1.0,  -1.2
94412,   2.9,  10.7,  -4.6,-516.5,-117.0,1076.1,  -1.5,  -1.1
94436,   4.9,  -5.2,  -1.5, -15.7,  77.1,1002.6,  -1.7,  -0.5
94464,  -3.7,   5.1,  -3.7,-238.6,-230.8, 934.0,  -1.2,  -1.5
94488,   1.3,  -0.7,  -2.8,  40.9,  90.5, 920.1,  -1.2,  -1.5
94512,  -3.4,  -3.5,  -1.7, 191.3,-147.1,1314.4,  -1.6,  -1.7
94536,  -1.7,   0.8,  -2.7, -96.3,-109.7,1181.5,  -1.9,  -1.4
94564,   0.9,  -7.1,  -2.0, 149.6,  82.4, 878.1,  -2.0,  -1.1
94588,   4.5,  -0.4,  -3.7,  79.7, 156.7, 628.3,  -1.8,  -1.4
94612,   2.9,  -6.5,   0.3, 419.6, -90.7,1084.6,  -2.2,  -1.8
94640,   3.5,   4.8,   2.1,-119.7,  63.4, 686.4,  -1.9,  -1.6
94664,  -0.6,  -0.0,   2.5, -88.2, -25.2,1228.7,  -1.8,  -1.4
94688,   0.4,  -0.6,  -1.1,  46.3,-131.2, 921.3,  -1.8,  -1.4
94712,  -1.2,   8.2,  -0.8,-187.6,  95.1, 705.2,  -1.8,  -1.5
94740,  -7.6,  -0.5,   1.7, 216.5,  40.4, 991.6,  -1.3,  -1.5
94764,  -0.0,  -6.2,   6.6,-112.4,-404.9,1023.6,  -2.4,  -0.9
94788,  -1.2,  -5.2,   6.1,  73.9, 122.7,1052.1,  -2.3,  -1.0
94812,   1.0,  -8.8,   4.7, 291.4,  73.2, 987.2,  -2.5,  -1.3
94840,  -1.2,   5.3,   0.9,  36.3,-137.0,1185.9,  -2.5,  -1.4
94868,   1.4,   3.0,   3.2,-246.9, -78.0,1021.6,  -2.6,  -1.0
94888,  -2.0,   5.3,   0.6,-132.4,-160.0,1206.7,  -2.5,  -1.2
94912,   1.3,  -0.2,   1.4, 136.6, -18.4, 989.9,  -2.6,  -1.2
94940,  -1.0,   0.2,   1.8,  37.3,-142.2,1139.8,  -3.0,  -1.3
94964,   0.7,   0.5,   3.2,  96.3,   1.9,1002.6,  -2.9,  -1.4
94988,   1.1,   0.9,   1.8, 258.0,-115.8,1114.6,  -3.0,  -1.4
95012,   1.0,  -0.5,   2.2, 100.2,   7.7, 882.5,  -3.1,  -1.3
95040,  -1.2,   2.4,  -0.6, -83.6, -99.0,1043.8,  -3.3,  -1.3
95064,   3.0,   0.5,   0.2,-104.3,  59.7, 671.0,  -3.3,  -0.9
95088,  -0.7,  -1.9,   1.7,  -1.8,-136.8,1048.5,  -3.5,  -1.2
95112,  -2.6,  -4.1,   4.4, 199.9,  -9.9,1038.7,  -3.6,  -1.5
95140,   4.0,  -4.8,   2.8, 277.0, -57.2,1012.1,  -4.2,  -1.4
95164,   5.9,  -1.4,   0.8, 118.6,  12.6,1082.9,  -4.2,  -1.3
95188,   2.0,   1.3,  -1.2,  46.0, -39.6, 884.4,  -3.6,  -1.6
95212,   0.5,  -2.7,   1.3, 104.1,   4.8,1050.4,  -3.6,  -1.6
95240,  -3.2,  -0.9,   2.2,  14.8, -90.9,1080.7,  -3.6,  -1.5
95264,  -2.3,  -0.1,   1.4, -55.0, -48.9, 957.7,  -3.5,  -1.5
95288,  -2.1,  -2.6,   0.2, 170.6, -58.9,1055.3,  -3.6,  -1.8
95312,  -2.0,   0.6,  -0.5, 112.4,-110.7,1095.6,  -3.7,  -1.9
95340,  -3.1,  -1.6,   2.1, 112.4,   3.8,1036.3,  -3.7,  -2.0
95368,  -1.5,   0.7,   0.3,  80.0, -96.0,1138.8,  -3.8,  -2.0
95388,  -1.6,  -0.2,   0.6, 122.5, -86.5,1107.3,  -3.9,  -2.0
95412,  -1.2,   0.3,  -0.6,  74.4,-109.7,1014.8,  -4.1,  -1.8
95440,  -1.8,  -0.9,   0.9, 103.4, -54.8,1039.7,  -4.1,  -1.7
95464,  -1.4,  -1.3,   1.4,  82.4, -96.8, 996.2,  -4.2,  -1.9
95488,  -2.0,  -2.9,   1.7,  81.0, -51.4,1031.1,  -4.2,  -1.9
95512,  -0.6,  -2.4,   0.5, 118.1, -44.3,1014.3,  -4.3,  -1.9
95540,  -1.2,   0.0,  -1.1,  58.7, -64.5, 985.7,  -4.2,  -2.0
95564,  -1.4,  -0.6,  -0.3,  26.3, -50.1,1046.0,  -4.1,  -2.0
95588,  -1.9,  -1.2,  -0.1,  25.8, -56.0,1015.0,  -4.0,  -2.0
95616,  -0.5,   0.3,   0.4,  81.2, -28.6, 988.9,  -3.9,  -2.0
95638,  -1.3,  -0.6,   3.0,  90.2, -45.0,1008.2,  -3.8,  -2.1
95666,   0.7,   2.1,   1.1,  -4.0, -58.7,1018.9,  -3.7,  -2.0
95690,  -0.2,   2.0,   2.0, -21.6, -56.7, 998.2,  -3.7,  -1.9
95714,  -0.3,   0.5,   3.0,  32.6, -35.5, 990.6,  -3.6,  -1.9
95738,  -1.7,  -0.5,   4.2,  18.0, -35.5,1000.9,  -3.5,  -1.9
95766,   0.2,   0.6,   2.2,   4.5, -32.3,1005.5,  -3.4,  -1.8
95790,   0.1,   0.9,   2.4,  16.0, -16.2, 999.4,  -3.2,  -1.7
95814,  -0.1,   1.4,   3.3,  14.1, -35.5,1022.8,  -3.0,  -1.7
95838,  -1.0,   0.5,   4.3,  19.9, -26.0,1013.8,  -2.9,  -1.7
95866,   0.1,   0.6,   4.1,  40.2,  -5.7,1026.5,  -2.8,  -1.7
95890,   0.1,   1.3,   1.8,  28.7, -27.7,1027.2,  -2.6,  -1.7
95914,   0.1,   0.5,   2.7,  71.9, -37.2, 974.0,  -2.5,  -1.7
95938,  -0.5,   0.4,   3.8,  64.1,  -1.5,1009.9,  -2.4,  -1.7
95966,  -1.4,   0.3,   5.7,  39.5, -36.5,1008.4,  -2.3,  -1.7
95990,   0.2,   1.1,   1.2,  44.3, -49.4,1006.0,  -2.3,  -1.7
96014,  -1.9,   0.0,   2.6,  38.0, -40.6,1011.6,  -2.3,  -1.7
96038,  -0.8,   0.2,   2.8,  26.8, -45.0,1016.0,  -2.4,  -1.8
96066,  -0.8,  -0.2,   1.1,  53.1, -37.2, 995.0,  -2.3,  -1.8
96090,  -1.1,  -0.3,   1.1,  26.8, -42.6,1004.8,  -2.3,  -1.9
96114,   0.1,  -0.0,   1.1,  36.3, -38.2,1004.0,  -2.2,  -1.9
96138,  -1.3,  -0.0,   0.5,  18.2, -23.3,1008.7,  -2.2,  -1.9
96166,  -0.7,  -0.9,  -0.3,  15.5, -27.2, 995.3,  -2.1,  -1.9
96190,  -1.8,  -0.2,   0.9,  33.1, -10.6,1009.7,  -2.0,  -1.8
96214,  -0.7,  -0.6,   0.1,  36.5,  -9.4, 993.6,  -1.9,  -1.8
96238,  -0.7,  -0.2,  -0.8,  34.8, -11.6, 996.2,  -1.8,  -1.9
96266,  -0.7,  -0.2,  -0.1,  39.0, -14.7,1012.3,  -1.7,  -1.9
96290,  -1.7,  -1.0,   1.1,  32.6,  -1.8,1019.9,  -1.5,  -1.9
96314,  -0.5,  -0.4,   0.0,  29.0, -15.7, 988.7,  -1.4,  -1.9
96338,  -0.1,   0.1,  -1.1,  37.0,  -1.1,1009.2,  -1.2,  -1.9
96366,  -1.0,  -0.0,   2.0,  21.4,  -8.4,1000.6,  -1.2,  -1.9
96390,  -0.9,  -0.3,   1.7,  29.9,  -5.2,1011.4,  -1.1,  -1.9
96414,  -0.6,  -0.1,   2.1,  15.8, -21.6, 976.9,  -1.0,  -1.9
96438,  -2.4,  -0.7,   2.4,  33.3,  -7.2, 997.7,  -1.0,  -1.9
96466,  -1.1,  -0.2,   1.6,  18.0, -21.8,1004.8,  -0.9,  -1.9
96490,  -1.2,  -0.7,   2.1,  25.5, -26.9, 994.5,  -0.9,  -1.8
96514,  -0.6,  -0.2,   1.0,  35.8,   1.1, 992.3,  -0.8,  -1.8
96538,   0.9,   0.9,  -0.1,  18.0, -20.6,1012.3,  -0.8,  -1.8
96566,   0.4,   0.9,  -0.9,  41.2, -19.4, 975.5,  -0.7,  -1.8
96590,  -0.8,   0.0,   0.5,  32.9,  -3.3, 996.2,  -0.7,  -1.8
96614,  -1.5,  -0.5,   1.7,  17.5, -11.8, 997.2,  -0.6,  -1.8
96638,  -0.1,  -0.2,   0.6,  35.8,  -6.4,1007.5,  -0.6,  -1.7
96666,  -1.5,  -0.0,   2.7,  34.3, -20.8, 994.5,  -0.6,  -1.8
96690,  -0.9,   0.3,   0.4,  29.7,  -2.3, 996.0,  -0.6,  -1.8
96714,  -2.0,   0.5,   1.9,  33.3, -26.9, 997.7,  -0.6,  -1.8
96742,  -0.6,  -0.2,   1.1,  39.2, -27.4,1004.3,  -0.6,  -1.8
96766,  -2.4,   0.0,   1.7,  29.9, -25.0,1006.2,  -0.6,  -1.8
96790,  -0.3,   0.2,   0.8,  30.7, -20.6,1001.4,  -0.6,  -1.8
96814,  -1.8,  -0.3,   1.9,  25.8, -10.1,1026.0,  -0.7,  -1.8
96842,  -0.2,   0.6,  -0.8,  24.1, -21.3, 998.2,  -0.7,  -1.8
96870,  -1.2,   0.4,   0.5,  31.6, -29.6,1015.3,  -0.7,  -1.8
96890,  -1.2,   0.4,   0.1,  36.8, -18.9,1017.7,  -0.8,  -1.8
96914,   0.1,   0.2,  -1.2,  32.1, -14.7,1001.9,  -0.8,  -1.8
96942,  -0.8,  -0.3,   2.7,  27.7, -29.6,1016.7,  -0.8,  -1.7
96966,  -0.1,   0.1,   1.0,  31.4, -25.7,1017.2,  -0.9,  -1.7
96990,  -0.9,   0.3,   0.8,  17.5, -24.5,1018.9,  -0.9,  -1.7
97014,  -0.4,  -0.3,   1.7,  15.0, -29.1,1005.5,  -1.0,  -1.7
97042,  -0.9,   0.5,   0.2,  33.3, -35.0, 988.7,  -1.1,  -1.7
97066,  -0.2,   0.1,   1.0,  32.1, -26.0, 994.0,  -1.2,  -1.6
97090,  -1.1,  -0.3,   2.4,   8.9, -27.7,1008.7,  -1.2,  -1.6
97114,  -0.4,   0.2,   1.4,  11.4, -28.2,1008.7,  -1.3,  -1.6
97142,  -1.0,  -0.3,   1.7,  19.4, -27.2,1018.0,  -1.3,  -1.6
97166,  -1.8,  -0.3,   1.9,  27.7, -20.3, 986.5,  -1.4,  -1.6
97190,  -1.3,  -0.9,   2.7,  29.4, -30.1,1017.2,  -1.4,  -1.6
97214,  -1.0,   0.0,   0.5,  31.9, -35.5,1007.2,  -1.5,  -1.6
97242,  -0.6,  -0.2,   1.9,  17.5, -47.4,1015.8,  -1.6,  -1.7
97264,  -0.6,  -1.0,   1.1,  64.4, -34.0, 989.6,  -1.7,  -1.7
97292,  -1.5,  -1.2,   1.0,  43.1, -43.1,1006.0,  -1.9,  -1.8
97316,  -1.1,  -0.3,  -0.0,  42.9, -56.2,1028.2,  -2.0,  -1.8
97340,  -0.7,  -1.2,  -0.0,  76.1, -57.5,1013.3,  -2.2,  -1.9
97368,  -2.3,  -0.3,  -1.5,  21.1, -72.4,1036.5,  -2.3,  -1.9
97392,  -1.7,  -0.9,  -2.1,  37.3, -92.4,1003.3,  -2.5,  -2.0
97416,  -2.4,  -1.0,  -1.2,  40.9, -75.8,1041.6,  -2.7,  -2.2
97440,  -1.3,  -0.7,  -2.8,  43.8, -56.0,1011.6,  -2.7,  -2.2
97464,  -0.9,  -0.2,  -5.3,  51.2, -64.0,1002.3,  -2.7,  -2.3
97492,  -1.3,  -0.5,  -4.4,  43.6, -47.7, 972.6,  -2.8,  -2.3
97516,  -1.5,  -1.4,  -5.1,  91.0, -34.5,1031.9,  -2.8,  -2.3
97540,  -0.3,  -2.3,  -3.3,  56.5, -63.6,1028.2,  -2.9,  -2.2
97564,   0.7,  -0.6,  -5.3, -14.0, -67.5,1014.5,  -3.0,  -2.1
97592,  -0.4,  -1.9,  -3.3,  61.7, -43.8, 992.8,  -3.1,  -2.2
97616,  -2.2,  -2.5,  -3.8,  47.3, -45.5,1039.2,  -3.0,  -2.2
97640,   0.1,  -0.6,  -6.3,   0.1, -99.0, 973.5,  -3.1,  -2.1
97664,  -0.6,   0.9,  -7.5, -55.0, -52.3,1069.2,  -3.0,  -2.2
97692,  -0.5,  -0.8,  -9.0,  46.0, -29.9, 992.3,  -3.0,  -2.3
97716,  -0.6,   0.3,  -5.5, -68.7, -23.3, 964.5,  -3.0,  -2.1
97740,  -0.4,  -0.8,  -7.8,  53.4, -62.1,1097.6,  -2.9,  -2.3
97768,  -0.2,   0.2,  -7.0, -31.6, -21.1, 962.1,  -2.7,  -2.2
97792,  -0.1,  -0.9,  -7.2, -44.3, -50.4, 972.8,  -2.7,  -2.0
97816,  -1.6,  -2.4,  -6.3, -37.7, -29.1, 999.9,  -2.5,  -2.0
97840,  -1.4,   1.9,  -8.7, -34.0, -45.0, 995.7,  -2.4,  -2.1
97868,  -1.4,  -0.5,  -8.3,  29.4, -24.5,1033.8,  -2.4,  -2.1
97892,  -2.0,   0.0,  -7.0, -14.3, -18.4, 914.7,  -2.4,  -2.1
97916,  -1.3,   0.5,  -6.5, -19.1, -80.7,1051.4,  -2.4,  -2.1
97940,  -3.2,  -1.1,  -4.9,  44.3, -35.5,1001.4,  -2.3,  -2.0
97968,  -3.4,   3.9,  -5.8, -29.2, -17.9,1160.5,  -2.5,  -2.2
97992,  -3.6,   3.3,  -6.6,-165.1, -91.4, 947.7,  -2.6,  -1.8
98016,  -3.1,   0.7,  -6.7, -34.3, -71.4, 968.6,  -2.8,  -1.9
98040,  -2.0,  -0.3,  -7.4, -21.6,   9.4, 943.3,  -2.6,  -1.6
98068,   0.5,  -0.5,  -5.9,  62.6, -31.8,1028.2,  -2.5,  -1.3
98092,  -0.7,  -1.0,  -2.0, -16.5,   3.3,1026.8,  -2.1,  -1.1
98116,   0.5,  -0.5,  -1.2,  31.6, -30.8,1006.5,  -1.9,  -1.1
98140,  -0.8,  -0.9,   1.0,   3.8,  38.0, 991.8,  -1.6,  -0.9
98168,  -2.4,  -0.9,   1.1, -21.3, -92.6,1058.0,  -1.6,  -0.8
98192,  -0.3,   0.7,   0.2, -53.6, -59.7, 947.9,  -1.6,  -0.8
98216,  -0.3,   0.1,   0.6,  19.4, -32.8,1016.0,  -1.6,  -0.9
98240,  -1.4,  -1.3,   1.5,  76.8,   1.6, 983.3,  -1.5,  -1.0
98268,  -1.0,   0.0,   2.5,  56.1,  -9.1, 971.8,  -1.5,  -0.9
98292,   0.2,   2.2,   4.0,-150.7, -44.5, 984.0,  -1.6,  -0.5
98316,  -2.0,   3.9,   5.3,-242.5, -55.7, 917.6,  -1.5,  -0.5
98340,  -2.6,   2.2,   6.3, -32.3, -64.8, 988.4,  -1.5,  -0.6
98368,  -2.0,   2.6,   8.9,-142.7, -21.3,1044.6,  -1.5,  -0.3
98392,  -1.2,   3.2,  10.7, -80.9,  23.4,1034.6,  -1.5,  -0.4
98416,  -0.2,   3.2,  11.6,   6.2, -78.0,1018.5,  -1.7,  -0.5
98440,  -0.6,   0.2,  13.2, 102.9, -94.1, 974.8,  -1.8,  -0.5
98468,  -1.0,   0.1,  14.1, 185.4, -65.5,1049.5,  -2.0,  -0.6
98492,  -2.9,   2.3,  11.9,  48.7,-152.4,1097.1,  -2.2,  -0.8
98516,  -3.2,   1.1,  12.2, -66.8, -45.5,1077.0,  -2.1,  -0.7
98540,   0.3,   1.4,  11.8,  29.0,  67.8,1047.3,  -2.1,  -0.7
98568,  -2.1,   1.8,  13.3,  -3.8, -16.9, 909.6,  -2.1,  -0.8
98592,  -0.7,   0.3,  13.5, 212.1,  19.2, 980.4,  -2.0,  -0.9
98616,  -1.4,   0.6,  10.8, 317.5, -26.2,1054.3,  -2.0,  -1.3
98640,  -2.4,   1.6,   9.8, 112.9, -32.1, 906.4,  -2.2,  -1.3
98668,  -2.9,  -0.6,   8.4, 225.0, -10.1,1001.6,  -2.1,  -1.8
98692,   4.5,  -6.9,  15.8, 223.8, -68.9,1120.3,  -2.5,  -1.2
98716,   1.2,   0.5,  11.5,  23.1,  -8.9, 998.4,  -1.9,  -1.6
98740,  -2.9,  -0.8,  12.3,  -1.8,-192.2,1132.2,  -1.9,  -1.4
98768,   1.1,   4.9,   5.2,-185.9, -14.0, 931.1,  -1.8,  -2.0
98792,  -1.0,  -2.3,   7.9,  97.1, -49.4, 941.8,  -1.6,  -2.0
98816,  -2.1,  -1.6,   7.1,  95.4,-145.6,1045.6,  -1.8,  -2.1
98844,  -3.1,  -0.3,   5.6,  64.4,  -9.4, 946.9,  -1.8,  -2.1
98872,  -0.0,   0.6,   3.9,  17.7, -26.2, 942.5,  -1.8,  -2.1
98891,  -2.2,   4.4,   4.1,  14.3, -67.2,1069.2,  -2.0,  -2.5
98919,  -1.8,  -3.3,   3.7,  68.0, -80.2,1027.0,  -2.1,  -2.1
98943,  -2.3,   0.5,   0.6,  67.3,-129.2,1071.9,  -1.9,  -2.3
98967,   0.3,   1.8,  -2.1, -10.1, -66.0,1009.4,  -2.1,  -2.5
98991,  -1.2,   2.3,  -1.2,-220.1,  21.4, 933.0,  -1.9,  -2.1
99019,  -2.0,  -4.3,   0.8, 230.6, -53.3,1023.3,  -1.8,  -2.4
99043,  -2.5,  -6.4,   0.3, 341.2, -26.9,1052.4,  -1.6,  -2.3
99067,  -0.6,  -2.8,  -0.9, 121.7, -41.3, 959.1,  -1.7,  -2.1
99091,  -0.5,  -1.0,  -3.9,  70.7, 110.8, 805.6,  -1.5,  -2.3
99119,  -5.8,  -4.4,  -3.8, 257.0, -56.5,1100.5,  -1.3,  -2.6
99143,   3.1,   7.0,  -1.6,-407.3,  99.3, 832.4,  -1.6,  -1.7
99167,   2.3,  -1.3,  -1.4, 184.0, 188.4, 915.7,  -1.0,  -2.0
99191,   1.7,   2.4,  -4.8,-119.7, 118.3, 722.1,  -0.9,  -1.8
99219,  -0.4,  -2.2,  -2.6,  86.6, -18.9, 978.7,  -1.0,  -1.8
99243,  -3.9,  -2.8,  -4.8, 222.6,-103.1,1314.8,  -0.7,  -1.8
99267,  -0.7,   3.9,  -4.4,-170.5, 148.1, 846.6,  -0.7,  -1.3
99291,  -0.3,  -3.4,  -3.5,  29.9,  96.4, 959.9,  -0.8,  -1.2
99319,  -3.4,  -3.7,  -3.6, 218.6,  -0.6, 957.9,  -0.7,  -1.4
99343,   0.2,  -2.2,  -2.6,  76.6, -29.4, 934.2,  -1.1,  -1.5
99371,  -1.0,  -0.3,  -3.8, 223.0,  21.6,1019.4,  -1.1,  -1.7
99391,   0.1,  -1.7,  -3.4, 189.8,  -9.4, 882.7,  -1.3,  -1.7
99419,   1.2,  -0.7,  -2.2, 387.1, 110.5,1068.3,  -1.6,  -2.0
99443,  -0.4,  -3.3,  -4.1, 394.4,-220.3,1205.7,  -1.4,  -1.8
99467,   1.6,   4.7,  -3.1, -80.7,  36.8,1072.7,  -1.1,  -1.3
99491,  -2.6,  -2.7,  -3.2,  -5.0, -63.8,1134.7,  -0.8,  -1.2
99519,   2.2,   1.3,  -1.7,-360.7,  32.9, 909.8,  -1.1,  -0.8
99543,   2.5,  -2.3,   2.6, 107.1,  50.2,1105.4,  -0.4,  -0.7
99567,   1.5,  10.9,  -2.8,-147.6, -30.1, 867.1,  -0.4,  -1.1
99591,  -0.8,  -4.3,  -1.5, 139.8,  -1.5,1109.0,  -0.0,  -0.8
99619,   0.6,  -0.2,   0.4,  11.1,   4.8,1036.0,  -0.1,  -0.7
99643,  -4.0,  -0.7,   0.5, -54.3, -84.3,1025.8,  -0.2,  -0.5
99667,  -2.5,  -9.9,   2.2, 382.7,-178.8,1262.8,  -0.2,  -0.5
99691,  -0.5,  -1.8,   0.2, 137.8,   5.3,1052.6,  -0.1,  -0.6
99719,   0.5,  -2.2,   0.4, 390.0, -17.7,1172.5,  -0.2,  -1.1
99743,   2.4,   4.9,   0.5,  32.4,  28.2, 980.1,  -0.3,  -0.9
99767,   0.4,   0.2,  -0.8,-101.4,  46.1, 920.8,   0.0,  -0.2
99791,   0.2,  -1.6,   1.4,   8.9,  16.0,1007.7,   0.1,  -0.1
99819,   1.4,   0.9,   1.4,-145.6, -70.4, 981.3,  -0.1,   0.0
99843,  -1.8,  -0.2,   3.0,-122.9,-137.5,1041.4,  -0.2,   0.0
99871,  -1.9,   1.1,   1.3,  52.1, -57.2,1011.9,  -0.3,   0.0
99895,  -0.1,   2.5,  -2.2, 259.2,  48.5,1078.3,  -0.3,  -0.8
99919,  -1.9,   7.0,  -1.3, -21.3,  24.1,1175.9,  -0.6,  -0.8
99943,  -1.8,   3.5,   3.1, -41.4,  -2.8, 920.3,  -0.7,  -0.4
99967,  -0.6,   3.0,  -0.1,  26.5, -57.7,1066.3,  -1.0,  -0.9
99995,   1.0,   0.3,   1.3, -10.4,  55.3, 832.2,  -0.8,  -0.6
100019,  -1.5,  -3.9,   2.0, 161.3,  -7.9,1035.8,  -0.7,  -0.6
100043,   0.8,  -0.1,   1.3,  33.1,  -0.3,1156.4,  -0.9,  -0.6
100067,   0.6,   1.1,   4.1,-137.1, 128.8, 837.1,  -0.6,  -0.4
100095,  -1.5,  -1.1,   1.5,  66.5, -36.7, 969.1,  -0.7,  -0.6
100119,  -1.3,  -2.5,   2.2, 137.8,-119.5, 927.4,  -0.9,  -0.8
100143,  -0.6,   2.2,  -0.1, 191.5,-192.7,1140.3,  -1.1,  -1.2
100167,   4.4,   2.4,   2.4,  16.5,  51.7, 891.3,  -1.1,  -1.1
100195,  -0.7,  -6.1,   3.0, 194.7, -18.9,1276.8,  -0.6,  -0.6
100219,  -1.2,   3.8,  -1.1,-234.5,-114.8, 998.7,  -0.6,  -0.6
100243,  -2.0,  -0.2,  -1.5, -75.1, -85.3, 906.1,  -0.4,  -0.4
100267,  -1.8,  -5.1,  -1.4, 317.0, -21.3,1054.1,  -0.4,  -0.9
100295,   1.5,   0.4,   3.1,   0.1, 201.3, 859.8,  -0.4,  -0.7
100319,  -1.5,   1.4,   2.4, -27.0, -34.3,1043.1,  -0.0,  -0.5
100343,  -2.4,  -5.0,   3.1, 519.4,-148.0,1232.6,  -0.3,  -1.2
100371,  -0.1,   3.9,  -1.8,-156.4,   6.5, 999.9,  -0.2,  -1.0
100395,   0.9,   0.6,  -1.1,-157.3, 205.5, 796.3,  -0.0,  -0.6
100419,  -2.4,  -2.2,  -0.1,  13.1, -20.8,1033.1,  -0.2,  -0.7
100443,  -0.6,  -2.2,   1.7,-150.5, 105.4, 881.2,   0.0,  -0.5
100467,  -1.2,  -4.2,   0.4,  35.8, -16.2, 978.2,   0.1,  -0.8
100493,  -3.0,   5.6,  -1.7,-383.6, -91.9,1081.9,   0.3,  -0.8
100517,  -1.0,   0.5,  -1.5,-107.0, -58.7,1034.8,   0.3,  -0.8
100545,  -4.3,  -3.7,   0.4, -44.8,-204.9,1217.7,   0.3,  -0.6
100569,  -1.5,  -3.1,   2.1,-149.5,  25.3, 946.9,   0.3,  -0.5
100593,  -2.4,  -5.6,   0.2, 194.7,  35.3, 926.2,   0.4,  -0.9
100617,  -6.2,  -6.6,   2.5, 220.4, -16.7, 973.5,   0.4,  -1.2
100645,   4.1,  -4.6,   6.3,  40.4, -45.5,1128.3,  -0.2,  -0.8
100669,   0.7,  -6.3,   6.8, 309.5,  65.6,1038.5,   1.1,  -1.1
100693,  -0.4,  -1.1,   2.8, 198.9,  -5.7, 972.6,   0.9,  -1.7
100717,  -0.1,  -4.1,  -0.4,  88.3,  14.8,1045.6,   0.9,  -1.5
100745,  -2.1,   1.0,   0.9, 112.7,-121.7,1083.9,   0.8,  -1.8
100769,   0.1,   5.9,   2.2,-249.1, 176.9, 777.2,   0.6,  -1.2
100793,  -3.1,  -1.1,   3.7,  51.7,  32.1,1039.9,   0.5,  -1.2
100817,  -2.1,  -0.0,   1.9, -43.8,-102.4,1189.4,   0.4,  -1.3
100845,  -1.2,   0.6,   2.9,  75.8,  11.6, 893.7,   0.5,  -1.3
100873,  -1.1,  -0.3,   3.0, 143.7, -28.6, 982.3,   0.5,  -1.5
100893,   1.1,   0.2,   2.2, -52.6,  60.5, 898.3,   0.4,  -1.2
100921,  -1.8,   1.1,   5.2,  67.8,   4.3,1097.3,   0.4,  -1.3
100945,  -3.3,   2.6,   3.4, -83.1, -47.2,1133.2,   0.3,  -1.3
100969,   0.7,   0.9,   2.1, -27.0,   7.2, 985.2,   0.5,  -1.4
100993,   0.4,  -0.5,   1.6, -10.4, -12.5, 874.4,   0.5,  -1.5
101021,  -2.0,  -2.5,   1.0, 185.0,  91.0, 854.1,   0.8,  -1.8
101045,  -7.0,  -1.1,   2.5,  96.6, -23.3, 984.5,   0.7,  -1.9
101069,   4.7,   9.7,   6.4,-845.8, -74.1,1092.9,   0.0,  -1.1
101093,   1.7,   1.8,   4.9,-653.2,  90.7, 726.7,   0.7,  -0.8
101121,   0.9,  -4.8,   3.1, 187.9,  27.3,1011.9,   0.6,  -1.4
101145,  -1.2,  -1.6,   1.9, 186.2,-118.7,1032.9,   0.5,  -1.6
101169,   1.3,  -2.2,   4.0, 264.8, 157.1, 801.2,   0.5,  -1.6
101193,   0.7,  -5.8,   5.2, 215.7, 158.4, 946.4,   0.4,  -1.3
101221,  -0.3,  -2.6,   5.2, -11.1,  -2.8, 872.2,   0.2,  -1.3
101245,  -0.9,  -2.3,   2.6, 133.7, -15.7,1001.6,  -0.0,  -1.6
101269,  -4.0,  -0.4,   3.4,  96.1,-320.6,1346.6,  -0.3,  -1.7
101293,   2.4,   2.4,  -0.1, -82.4,  46.8, 905.2,  -0.2,  -1.8
101321,   0.1,   6.9,  -0.3, -83.1, -66.2,1069.0,  -0.3,  -2.1
101345,  -1.3,   2.6,  -2.0,  77.0, -84.6,1197.7,  -0.0,  -2.1
101373,  -2.8,   2.7,  -1.4, -61.6,  84.1,1033.3,   0.0,  -2.0
101393,  -4.0,   0.1,   3.0, 158.1,  23.4,1029.9,   0.2,  -2.1
101421,  -2.0,   4.1,   0.9, -51.4, -54.5,1029.7,  -0.2,  -2.0
101445,  -3.5,   3.3,   0.8,  -2.3,  -4.7, 947.2,   0.1,  -1.7
101469,   6.5,   1.9,   5.8,-183.2, 165.7, 887.3,  -0.2,  -0.7
101493,   1.8,   5.5,   4.4, -40.4,  48.5, 818.7,   0.4,  -1.3
101521,  -0.2,  -2.7,   0.2, 100.2,  15.5, 998.9,   0.3,  -1.3
101545,  -1.7,  -2.7,  -1.5,  37.5,  75.1,1023.1,   0.2,  -1.5
101569,  -0.0,   0.6,  -1.5, -38.7,  40.9, 931.1,  -0.1,  -1.5
101593,  -1.5,  -0.4,  -0.3,  76.6,  14.6,1061.7,  -0.1,  -1.6
101621,  -0.9,   0.0,  -0.9,   2.6,   6.0, 960.6,  -0.3,  -1.5
101645,  -0.7,   0.5,  -1.4,  16.0,-107.5,1115.4,  -0.4,  -1.5
101669,   0.2,   0.6,  -0.8, -61.4, 141.0, 721.6,  -0.2,  -1.5
101693,  -0.7,  -3.1,  -0.4, 132.0,-139.0,1135.6,  -0.5,  -1.6
101721,  -1.0,   1.7,  -1.0, -26.5,-107.5, 963.0,  -0.5,  -1.6
101745,  -2.6,   3.6,  -0.6, -24.3,-230.3,1209.1,  -0.7,  -1.8
101769,  -2.5,   1.1,  -0.4,  80.0, -50.4,1044.8,  -0.4,  -1.6
101793,  -0.2,   3.0,  -1.9,  47.3,-140.7,1015.0,  -0.5,  -1.6
101821,  -0.7,   0.9,  -2.5, -34.8, -16.9,1175.9,  -0.4,  -1.6
101845,  -1.2,   0.0,  -1.6, 301.2,-104.6,1115.1,  -0.4,  -2.0
101873,  -1.7,   3.6,  -3.9,   5.5,  -9.9, 806.5,  -0.5,  -1.8
101893,  -2.9,   0.6,  -2.5,  41.4,-427.6,1396.9,  -0.9,  -1.6
101921,   1.2,  -6.0,   3.9, 127.6, 107.8, 916.6,   0.1,  -0.7
101945,  -0.4,   0.2,  -1.0, 244.5, -82.6,1154.4,  -0.1,  -1.5
101969,  -1.2,  -0.4,  -3.2,  76.3,-115.3,1122.2,  -0.2,  -1.3
101997,  -1.8,  -1.1,  -3.0,  81.0, -69.4,1121.5,  -0.3,  -1.5
102021,   1.5,   3.8,  -3.4, -54.1,  97.3, 980.4,  -0.2,  -1.2
102045,  -0.4,  -2.1,  -2.6, 177.4, -99.7,1118.3,  -0.2,  -1.2
102069,  -1.8,  -0.6,  -2.2, 151.3,-130.9,1089.0,  -0.2,  -1.4
102095,  -1.9,   1.4,  -1.4, -52.3,  12.9, 919.1,  -0.2,  -1.1
102119,  -1.0,  -6.3,   0.3, 343.2, -16.4,1109.3,  -0.2,  -1.3
102147,  -0.1,   2.0,  -0.6,  56.8,  -6.2, 850.2,  -0.1,  -1.2
102171,  -0.9,  -1.7,   0.6, 110.5, -53.3,1044.3,  -0.4,  -1.1
102195,  -0.7,  -1.8,   0.6,  47.8, 154.0, 925.7,  -0.4,  -0.9
102219,   0.2,   1.8,  -1.0,-175.6,  -4.0, 995.5,  -0.4,  -0.7
102247,  -2.1,  -0.5,   0.0,  86.1, -14.0,1023.6,  -0.3,  -1.0
102271,  -1.8,   1.6,  -2.5, -71.1,  93.4, 851.7,  -0.3,  -0.9
102295,  -6.0,   0.5,  -3.7, 101.5,-155.6,1041.4,  -0.6,  -1.3
102319,  -0.8,   0.6,  -1.9,-110.5, 277.3, 781.4,  -0.6,  -0.9
102347,   0.7,  -4.2,   1.5, 716.2,  -8.6,1237.0,  -0.3,  -1.1
102375,   1.5,   4.7,  -0.7,-141.5,   2.1, 932.3,  -0.2,  -0.8
102395,   0.2,   2.3,   0.8, 104.6,  35.8, 967.2,  -0.4,  -1.0
102419,  -1.5,  -0.5,   1.4,-119.5, -42.1, 925.7,  -0.6,  -0.7
102447,   0.4,  -2.3,   1.7, -15.0, -23.0, 987.4,  -0.6,  -0.4
102471,  -0.9,  -0.8,   1.0,  83.6, 106.8, 998.9,  -0.6,  -0.7
102495,   1.5,  -0.2,   0.5,  -6.4, 108.1, 830.2,  -0.7,  -0.6
102519,   0.4,  -0.8,   1.7,-171.7, -17.4, 986.0,  -1.0,  -0.5
102547,   0.7,  -2.5,   0.5, 236.7, -63.6,1193.0,  -1.2,  -0.9
102571,   2.3,   2.1,  -2.4, -17.4, 193.5, 816.5,  -1.0,  -0.8
102595,  -3.2,  -2.2,  -0.3, -17.4,   1.9,1125.6,  -0.8,  -0.4
102619,  -0.4,  -1.7,   2.8, -91.4,  -3.0, 952.5,  -0.7,  -0.1
102647,   0.5,   1.1,   2.1,   1.9,  42.4, 876.4,  -0.6,  -0.3
102671,  -0.9,  -0.6,   2.4,  11.1, -73.1, 930.6,  -0.7,  -0.3
102695,  -1.7,  -2.9,   1.9, 111.7, -95.1,1058.7,  -0.8,  -0.5
102719,  -2.9,  -0.1,   0.2,  92.4, -25.2,1005.0,  -0.9,  -1.2
102747,   2.1,   4.9,  -0.1,-292.8, 116.1,1086.3,  -1.2,  -1.0
102771,   1.2,  -3.6,   4.7, 210.3, 122.2, 950.1,  -0.7,  -0.7
102795,   1.0,   5.0,  -1.8,-194.9,-217.9,1060.4,  -0.6,  -1.2
102819,   1.1,  -0.7,  -0.2, 183.7, 113.7, 947.9,  -0.3,  -1.2
102847,   0.1,  -0.5,   2.6,  78.0,  22.4, 975.7,  -0.4,  -1.0
102875,  -0.5,   0.6,   2.8,  28.5,  -8.6, 954.7,  -0.4,  -1.0
102895,  -1.2,  -2.0,   2.3, 183.0, -18.4,1110.2,  -0.4,  -1.2
102919,   0.3,   0.1,   1.4,  50.7,  29.7, 980.9,  -0.5,  -1.2
102947,  -2.0,  -2.3,   1.7, 190.6,-111.9,1128.1,  -0.6,  -1.4
102971,   0.5,   0.5,  -1.4, 225.0,  51.7,1108.5,  -0.5,  -1.7
102995,   2.3,   6.4,  -2.6,  83.2,  48.3, 968.4,  -0.4,  -1.7
103023,   0.4,   0.0,  -0.9, 130.3,-170.5,1177.6,  -0.5,  -1.5
103047,   1.1,   0.8,   0.6,  23.1, 131.3, 933.2,  -0.1,  -1.0
103071,   0.2,  -1.5,   1.1,  72.2,  58.5,1015.0,  -0.0,  -1.2
103095,  -1.8,   1.1,   0.9, 153.7,-114.1,1084.4,  -0.1,  -1.3
103123,  -0.0,  -4.1,   1.0,  37.3,  42.2, 859.5,   0.0,  -1.0
103147,  -0.1,  -5.0,  -1.5, 313.6,  40.0, 970.1,   0.1,  -1.4
103171,  -2.9,  -0.8,  -2.3, 101.0,  44.1, 937.2,   0.2,  -1.5
103195,  -2.3,   2.4,   1.1,-210.1,  45.8, 900.5,  -0.1,  -0.9
103223,  -1.2,  -1.7,   3.8,  -8.6, -38.7,1065.8,   0.2,  -0.7
103247,   2.1,   2.5,  -0.7, -97.8, -30.6, 950.3,   0.4,  -0.8
103271,   1.4,  -0.3,  -0.5,  35.3,  45.8, 950.8,   0.4,  -1.1
103295,   2.2,   2.2,  -2.2, -20.1, -73.8,1117.1,   0.1,  -1.2
103323,   3.2,   0.2,  -0.6, -61.1,  95.6, 997.2,   0.3,  -0.9
103347,   0.4,  -0.6,   0.5,  -2.3, -61.1,1082.7,   0.5,  -0.8
103375,   0.9,   0.6,   0.1,-102.2,  48.5, 883.2,   0.6,  -0.7
103395,   0.6,   2.8,  -0.3,-155.4,  45.8, 917.6,   0.4,  -0.8
103423,  -0.6,  -0.8,   0.3,  20.9,-125.6,1131.5,   0.1,  -0.9
103447,   0.5,   4.5,  -1.5,-148.8, -28.4, 978.4,   0.2,  -1.0
103471,   1.7,   2.9,  -0.9,  -2.5,  -2.3, 893.0,   0.2,  -1.1
103495,   2.1,   1.3,   0.3, 261.1,  16.8,1088.3,  -0.1,  -1.3
103523,  -1.3,  -1.1,   0.7, 120.0, -41.1, 954.5,   0.1,  -0.9
103547,   1.2,   0.0,   0.1,  71.4, -23.5,1038.2,  -0.0,  -0.9
103571,   0.2,  -1.5,   1.4, -62.6,  71.4, 898.8,   0.1,  -0.7
103595,  -2.3,  -5.5,   0.6, 215.7,-112.4,1110.5,   0.0,  -1.0
103623,  -2.7,   5.8,  -3.2,-109.2, -22.3, 855.6,  -0.1,  -1.2
103647,   3.2,   0.1,   4.4,  -4.0,  -8.9,1278.7,  -0.3,  -0.6
103671,   2.4,   2.0,   3.9,  32.9,  51.4, 920.3,   0.5,  -0.5
103697,   1.0,   1.9,   2.8, 161.0, 112.0, 943.0,   0.4,  -0.8
103721,  -1.3,  -2.3,   1.1, -97.5,  -3.0, 979.4,   0.4,  -0.5
103745,   1.0,   0.9,   1.0, -41.8,  -9.6,1053.6,   0.3,  -0.8
103773,  -1.9,  -7.6,   2.9, 102.7, -36.7,1074.4,   0.2,  -0.7
103797,  -1.7,   2.3,   0.2,-233.0, 105.1, 802.4,   0.4,  -0.4
103821,  -2.0,  -2.1,   2.2,  64.1, -22.1,1015.8,   0.2,  -0.9
103845,   0.4,  -0.9,   3.2,  43.6, 164.0, 710.1,   0.4,  -0.7
103873,  -2.4,  -1.1,   2.7, 154.7, -45.7,1010.2,   0.3,  -0.8
103897,   0.7,   1.3,   2.4,  18.7, 114.9, 801.4,   0.3,  -0.7
103921,  -0.6,  -0.8,   3.1,   3.3,  -9.1, 965.7,  -0.0,  -0.6
103945,  -1.8,  -0.9,   2.8,-126.8,  -1.8, 962.1,  -0.1,  -0.4
103973,   2.8,  -0.6,   4.3, -72.6, 134.7, 856.1,  -0.1,  -0.4
103997,  -0.6,  -3.8,   4.6,  -3.3, -38.2,1053.6,  -0.2,  -0.5
104021,   1.5,   0.4,   2.4, -67.7, -77.2,1052.6,  -0.3,  -0.6
104045,  -1.8,  -0.9,   2.2,  40.7,  -4.0, 923.5,  -0.1,  -0.9
104073,  -2.1,   0.6,  -3.7,  59.2,-195.9,1243.3,  -0.3,  -1.4
104097,   6.0,   4.5,   4.4, -37.9, 169.8, 866.1,  -0.4,  -1.0
104121,   2.7,   3.6,   2.5, -52.3,  48.5, 817.0,  -0.0,  -1.1
104149,   2.3,  -2.4,   1.4, 291.2,  22.1, 960.3,  -0.2,  -1.5
104173,  -1.0,  -5.0,   1.3, 116.6, -53.8,1135.4,   0.2,  -1.0
104197,   0.5,  -4.7,   1.7, 129.0, 192.3,1009.7,   0.8,  -0.8
104221,   0.4,  -0.5,   2.5,-134.9, 102.5, 921.0,   1.0,  -0.5
104249,  -0.2,  -5.4,   4.6, 164.0,  76.8, 938.6,   1.1,  -0.5
104273,  -1.5,  -5.0,   2.5, 131.0,  41.2, 997.9,   0.9,  -0.8
104297,  -1.1,  -3.1,   2.3, 199.4, -73.8,1077.5,   0.9,  -0.9
104321,  -1.5,   2.4,   0.3,  68.5,  26.0,1186.9,   0.9,  -1.1
104349,   0.5,   1.9,   1.0, -21.6,  57.5,1091.0,   1.1,  -0.9
104377,   0.9,  -2.9,   1.5,  82.7,  35.6,1003.8,   1.2,  -1.0
104397,   0.7,  -3.8,   2.8, 171.0,  37.3,1009.4,   1.1,  -0.9
104421,   0.2,  -2.5,   3.1,  93.4,-100.7,1097.3,   1.1,  -0.8
104449,   2.4,   3.3,   0.4,-147.3,  -6.7, 930.6,   1.0,  -0.7
104473,   0.6,  -4.3,   2.7, 243.3,   2.6,1013.3,   1.0,  -0.8
104497,  -1.4,   0.2,   0.8,  86.3, -16.7, 957.2,   0.9,  -0.9
104521,  -4.0,  -0.8,   1.9,  18.7,-154.9,1347.3,   0.9,  -0.7
104549,   7.3,   6.4,   1.8,-236.4,  70.0, 825.8,   0.8,  -0.2
104573,   3.7,   2.0,  -0.4, -26.5,  67.8, 945.7,   1.1,  -0.6
104597,   0.8,   2.0,  -0.0,  -9.1, -79.7,1102.2,   1.0,  -0.7
104621,   1.6,  -0.7,   1.8, -12.3,  80.7,1001.9,   1.0,  -0.5
104649,   1.2,  -3.1,   3.0,  95.4,  49.2, 979.9,   1.3,  -0.5
104673,   1.6,  -0.0,   0.5,  60.9, -25.2,1017.0,   1.5,  -0.6
104697,   1.2,   2.2,   0.8,  18.5,-102.6,1080.5,   1.3,  -0.8
104721,   2.9,   1.3,   0.8,  21.9,  58.5,1044.8,   1.4,  -0.9
104749,   2.7,   3.3,   2.5,-123.4,   6.0, 958.2,   1.5,  -1.0
104773,   3.1,  -0.2,   1.9,  82.9,  -6.4, 926.2,   1.5,  -1.1
104797,   3.4,   0.0,   1.7,  46.5, 124.9,1005.3,   1.7,  -1.1
104821,   3.4,   1.6,   0.8,-115.8,  46.5, 930.3,   1.8,  -1.1
104849,   2.0,  -4.2,   1.1, 173.2,  60.2,1071.2,   2.0,  -1.1
104877,   3.9,   1.7,  -0.2, -21.1, 194.7, 966.2,   2.3,  -1.0
104897,   2.4,   2.7,   1.6, -91.4, -12.0, 968.2,   2.4,  -1.0
104921,   1.5,   0.5,   1.0, -31.4,  10.4,1018.2,   2.5,  -1.0
104949,   0.9,   0.9,   1.9,  10.6,  28.7, 979.1,   2.7,  -1.1
104973,  -2.0,   0.6,   1.7,  30.9,  86.1, 952.3,   2.8,  -1.0
104997,  -3.8,  -2.8,   2.0, 179.6, -37.4,1162.5,   2.2,  -1.3
105021,   2.1,   2.0,  -1.0,  35.5,  86.8, 913.7,   2.4,  -1.2
105049,   1.3,  -1.5,  -1.5, 157.1,  -1.1,1023.8,   2.3,  -1.4
105073,   1.6,  -0.5,   0.3, 125.4, 118.6,1013.6,   2.4,  -1.5
105097,   2.4,  -0.7,   1.9, 127.8,  82.9, 859.5,   2.4,  -1.3
105121,  -0.6,  -1.7,   0.6,  27.5, -30.4,1019.9,   2.5,  -1.1
105149,   0.5,  -0.8,   1.9,  77.8,  77.3,1029.9,   2.6,  -1.1
105173,  -0.1,   0.8,   0.3,  39.9, -24.7,1029.7,   2.3,  -1.2
105197,  -1.8,   3.0,  -2.7, -46.7,  35.8, 912.5,   2.4,  -1.4
105225,   6.2,   6.9,   1.9,-209.6, 210.6, 897.6,   2.2,  -0.8
105249,   3.3,   0.6,  -1.1,-198.3,  36.3, 962.1,   2.6,  -0.3
105273,   3.0,  -0.9,   0.4, 118.6, 140.3, 937.4,   2.7,  -0.5
105299,   2.3,   0.3,   0.8,  56.3,  -3.3, 982.1,   2.6,  -0.7
105323,   2.0,  -0.2,  -1.6, -19.9, 154.0, 990.1,   2.9,  -0.5
105347,   0.8,   0.3,  -0.6,  14.1,  67.8,1019.7,   3.0,  -0.6
105375,  -0.9,  -1.6,   1.3, -49.9, 130.8, 853.2,   3.1,  -0.5
105399,  -2.0,  -4.5,   5.9, 154.0, -52.6,1228.4,   2.8,  -0.3
105423,   3.0,  -1.6,   1.4, 225.7, 106.6,1011.6,   3.1,  -0.5
105447,   0.1,   0.1,   0.6, 146.9, -37.7,1118.3,   3.1,  -0.7
105475,  -1.3,  -0.6,  -0.6,-104.8,  50.7, 960.3,   3.1,  -0.4
105499,  -1.1,  -0.3,   0.8,  12.8, 149.1, 877.1,   3.2,  -0.4
105523,  -0.2,  -5.0,  -0.6, 125.4, 206.0, 907.1,   3.1,  -0.4
105547,  -0.7,  -7.0,  -0.0, 171.5,  67.8,1017.5,   3.0,  -0.3
105575,  -0.6,  -0.8,   1.4, -46.7, 123.9, 899.3,   2.9,  -0.5
105599,  -0.7,  -3.4,   0.8, 237.0,  74.1,1026.0,   2.8,  -0.9
105623,   1.2,   1.2,  -0.7, -16.9,  72.9, 898.3,   2.6,  -0.8
105647,   1.5,  -0.6,   1.6, -53.3,  24.8, 896.4,   2.5,  -0.6
105675,   0.5,  -2.8,   1.9, 241.1,-102.6,1161.5,   2.1,  -0.9
105699,   4.4,  -2.2,   2.0, -16.7, 228.4, 701.8,   2.7,  -0.2
105723,  -0.2,  -9.4,   3.2, 325.1, 118.1,1236.5,   2.6,  -0.2
105747,   1.3,  -0.1,   0.3, -48.4, 175.2, 912.7,   2.8,  -0.3
105775,   0.5,  -2.8,   0.3, 233.8, 139.3, 951.3,   3.0,  -0.9
105799,  -2.7,   0.9,  -2.0,  35.3, -94.3,1011.1,   2.8,  -0.9
105823,  -5.2,   2.2,  -2.7, -51.9, 124.2, 929.3,   3.1,  -0.8
105847,  -8.9,  -7.5,   2.4, 300.9,-480.6,1693.7,   2.5,  -0.4
105875,   0.5,   3.2,   0.6,-366.6,  50.0, 824.6,   2.5,   0.1
105899,  -0.9,   0.3,  -2.6, 149.8,   3.6,1091.0,   2.3,  -0.3
105923,  -0.2,   2.0,  -0.3,  71.4,   8.2,1017.0,   2.1,  -0.5
105947,   0.6,   3.8,  -2.6,-131.9,  93.2, 981.3,   2.2,  -0.3
105975,  -1.1,  -2.0,  -0.5, -90.2, 113.2, 898.8,   2.5,   0.0
105999,  -2.2,  -1.0,  -0.9, -17.4, 114.2, 949.4,   2.5,  -0.1
106023,  -1.2,  -1.6,   2.4, 233.5,  94.9,1007.5,   2.2,  -0.5
106047,  -1.3,   0.3,  -1.1, 106.8, -22.5, 964.0,   2.0,  -0.6
106075,  -3.4,   1.4,  -2.3,  65.6, 158.6,1108.8,   2.1,  -0.8
106099,  -2.4,   0.6,  -1.4,  91.2, -21.8, 994.3,   1.9,  -0.8
106123,  -0.0,   2.0,  -2.3,  37.5, -47.7, 963.5,   1.8,  -0.9
106147,  -2.1,  -3.6,  -0.4,  42.9,  -4.0,1039.7,   1.9,  -0.6
106175,  -3.1,   4.2,  -0.7,-123.9,  53.9, 853.9,   1.8,  -0.8
106199,  -3.7,   1.3,  -3.4, -26.0,  25.1,1030.9,   1.8,  -1.1
106223,  -5.0,   4.3,  -2.7,-185.6, 146.4, 780.7,   1.8,  -0.8
106251,   6.9,   0.9,   2.9,  36.8, 311.4, 600.5,   1.9,  -0.2
106275,  -0.7,   6.6,  -5.9, -88.5,-272.3,1076.3,   1.9,  -0.9
106299,   1.0,   3.0,  -4.8,-153.4,  72.2, 835.1,   2.0,  -0.5
106323,  -0.9,  -1.9,  -3.5,  54.8,  34.1,1065.3,   1.8,  -0.6
106351,   0.5,   0.2,  -1.7,-102.4,  32.9, 902.5,   1.9,  -0.3
106379,  -1.7,  -0.6,  -1.9,  59.5,-109.2,1095.8,   1.7,  -0.4
106399,  -3.6,  -1.6,  -0.7,  65.6, -15.7, 983.8,   1.7,  -0.2
106423,   0.4,  -3.4,  -1.7, 152.0, -48.7,1094.9,   1.5,  -0.4
106451,   3.3,   5.3,  -3.4,-104.8,  50.0,1034.8,   1.4,  -0.5
106475,  -1.4,   1.9,  -3.9, -54.3,-116.3,1036.5,   1.9,  -0.3
106499,   0.8,  -0.7,  -0.4, -31.8,  70.0,1066.5,   2.0,  -0.0
106523,  -0.2,   1.6,  -1.5, -53.3,  39.7, 951.1,   2.0,  -0.4
106551,  -0.0,  -3.1,  -0.7, 136.4,  -6.9, 997.5,   2.0,  -0.3
106575,  -1.1,   1.6,  -2.5,  45.8,  14.6, 901.5,   2.1,  -0.8
106599,  -4.1,   2.0,  -4.4,  34.8,  95.1, 895.7,   2.5,  -1.1
106623,  -0.6,   0.3,   2.4,-114.8,-126.1,1064.6,   2.1,  -0.4
106651,  -0.0,   3.7,  -0.0,-107.8, -35.5,1050.7,   2.6,  -0.3
106675,   0.4,  -0.1,  -1.4,-323.6,  24.3, 890.5,   2.7,  -0.0
106699,   1.3,  -0.2,   0.0,-277.2, 153.5, 756.5,   3.0,   0.1
106723,  -3.0,   0.8,   0.5,-124.9, -62.3,1073.9,   2.8,  -0.3
106751,  -2.3,  -0.6,  -0.0,  37.0,  10.4,1008.4,   3.1,  -0.2
106775,  -4.0,   2.2,  -0.4,  12.1,  99.8,1176.4,   3.3,  -0.4
106799,  -2.0,   1.9,  -0.6,-121.7, 105.4,1004.5,   3.4,  -0.5
106823,  -1.9,   2.2,   0.8,  15.3,  54.6,1021.6,   3.2,  -0.7
106851,  -0.9,   1.1,  -0.8,  55.1,  19.4,1014.5,   3.4,  -1.0
106879,  -2.2,   2.4,   0.6,-113.6, -71.9,1127.3,   3.2,  -0.8
106898,  -0.7,   0.2,   0.7, 138.6,  -1.5,1051.7,   3.4,  -1.0
106926,  -0.7,   0.7,   1.3, -24.3, 110.3, 960.1,   3.7,  -0.8
106950,  -1.5,  -4.4,   1.6, 132.5,  72.4, 976.5,   3.8,  -0.8
106974,  -0.8,  -0.4,   0.9, 252.8,  94.9,1015.3,   3.8,  -0.9
106998,  -1.9,   2.4,   0.1, -37.0,  29.5, 947.7,   3.8,  -0.8
107026,   4.9,   1.1,   5.0,  30.4, 155.9, 939.8,   3.6,  -0.5
107050,   1.1,   0.6,   4.6, -12.8,  70.7, 899.8,   4.2,  -0.5
107074,  -1.5,  -0.3,   4.1, -10.6, -48.2,1014.5,   4.0,  -0.5
107098,   0.5,  -1.0,   2.5,  41.9, 140.1, 888.6,   4.1,  -0.7
107126,   1.0,   4.2,  -1.0,-126.1,  99.0, 849.8,   4.2,  -0.7
107150,  -0.9,  -2.0,   1.8,  84.1,  13.8,1050.2,   4.0,  -0.7
107174,  -3.1,  -1.2,   3.3,  31.1,   3.6,1040.2,   3.9,  -0.7
107198,  -1.2,  -0.0,   2.4, -42.3,  90.7, 961.1,   4.1,  -0.5
107226,  -1.2,   1.3,   3.2, -16.0,  57.8, 972.8,   3.9,  -0.6
107250,  -2.9,  -2.1,   3.7, 174.9,  -5.2,1138.1,   3.8,  -0.7
107274,  -1.0,   1.1,   3.2, -45.5,  26.3, 955.2,   3.7,  -0.6
107302,  -0.9,   1.7,   2.7,   3.6,  93.4, 972.6,   3.5,  -0.8
107326,  -2.9,  -1.2,   3.0,  93.2, -96.5,1070.2,   3.3,  -0.8
107350,  -1.5,  -0.8,   2.4, 110.3,  66.8,1030.9,   3.3,  -1.0
107378,  -1.6,  -0.0,   2.4, -13.5,   9.9,1074.1,   3.2,  -0.9
107402,  -0.0,  -0.8,   2.8,  81.7,  17.5,1019.4,   3.1,  -0.9
107426,  -0.2,  -1.7,   4.5, -69.4,  23.8, 922.0,   3.0,  -0.8
107450,   0.6,  -0.3,   3.4,  91.5, 113.7, 948.4,   3.0,  -1.1
107474,  -1.0,  -1.1,   1.1,  91.2,  41.2, 995.3,   3.0,  -1.2
107502,  -1.5,   0.2,   2.7,  -7.4, 148.4, 912.0,   3.1,  -1.2
107526,  -2.9,   0.6,   3.7,  16.5,  71.2, 976.9,   3.0,  -1.3
107550,   1.6,   5.2,   4.2,-321.4,  68.5,1221.1,   2.6,  -1.0
107574,   2.7,   0.5,   6.2,-329.9, 148.1, 795.3,   2.9,  -0.3
107602,   0.9,  -1.0,   4.1,  44.8,  24.3,1010.2,   2.8,  -0.9
107626,   1.2,   2.5,  -0.8,  36.0,  -0.3, 988.9,   2.8,  -1.4
107650,  -0.6,   1.8,  -1.1,  -9.6,  12.1, 976.0,   2.7,  -1.4
107674,  -1.4,  -1.3,   3.0, -46.7,  87.6, 887.3,   2.5,  -1.1
107702,   0.2,   0.2,   3.3,  60.4,  84.4, 950.8,   2.5,  -1.1
107726,  -3.0,  -1.4,   3.6, 120.3, -38.2,1079.7,   2.3,  -1.2
107750,  -0.9,  -1.2,   2.2, 114.4,  42.4,1018.7,   2.1,  -1.3
107774,  -2.0,  -1.4,   2.2, 128.1, -18.2,1067.3,   1.9,  -1.5
107802,  -1.3,   3.0,   0.7, -64.8,  45.1, 860.5,   1.8,  -1.3
107826,  -2.5,  -0.0,   2.8,  75.3, -16.7,1000.1,   1.6,  -1.3
107850,  -1.5,  -0.8,   0.4, 128.1,-182.2,1050.9,   1.3,  -1.5
107878,  -1.0,   3.6,   0.5, -79.2,-194.7,1158.1,   1.1,  -1.4
107902,   0.5,   3.0,  -0.7, -14.5, -87.5,1102.9,   1.1,  -1.5
107926,   1.3,   3.9,  -2.2, -11.8,   2.6,1080.5,   1.0,  -1.5
107950,  -0.0,  -1.1,  -0.6, 175.7, -61.1,1088.0,   1.2,  -1.5
107974,   0.5,  -1.4,  -0.5,  83.2, 129.8, 961.1,   1.5,  -1.4
108002,   0.8,   0.9,  -1.8,  -8.4, 101.7, 990.6,   1.7,  -1.2
108026,  -0.8,  -4.1,   0.3, 228.7,  50.7, 981.6,   1.9,  -1.0
108050,  -2.0,  -1.2,  -0.9,  72.9,  64.9, 955.2,   1.9,  -0.9
108074,  -0.6,   1.1,   0.1,-254.5,  24.3, 872.0,   1.5,  -0.5
108102,   3.0,  -6.9,   0.5, 322.9, 140.5,1031.6,   1.7,  -0.5
108126,   1.2,  -3.3,  -0.1, 163.5, 134.4,1035.1,   1.9,  -0.6
108150,   0.1,   4.2,  -2.6,  55.1, -97.7,1120.7,   1.7,  -0.9
108174,  -2.0,   3.4,  -3.0,-187.4,-118.5,1099.3,   1.7,  -0.6
108202,  -0.1,   3.9,  -1.9,-273.8, -86.5,1053.4,   1.8,  -0.4
108226,  -2.2,   3.0,  -2.3,-324.8, -94.1, 995.3,   2.0,  -0.4
108250,  -2.4,  -1.8,  -0.8,   2.8,  33.9,1027.0,   2.1,  -0.8
108274,  -2.3,  -2.2,   0.2, 183.2,  49.0,1029.0,   2.0,  -0.9
108302,   0.1,   0.0,  -2.0,  14.3, 123.5, 883.2,   2.1,  -0.9
108326,  -2.6,  -2.9,   0.0, 174.2,  61.9,1046.3,   2.0,  -1.0
108350,   1.3,  -0.3,   1.4, -62.8, 130.0, 944.5,   2.4,  -0.4
108378,   0.2,  -2.6,   1.2,   0.9, -29.9,1004.5,   2.3,  -0.5
108402,  -0.1,  -2.0,   1.4,  28.2, 126.9,1022.6,   2.5,  -0.6
108426,  -1.1,  -0.7,   0.0, -45.3,  86.6, 956.4,   2.8,  -0.7
108450,  -1.7,  -4.7,   1.3, 140.5,  11.6,1050.4,   2.7,  -0.7
108478,  -2.1,   0.5,  -1.6,  -7.4,  43.4, 935.2,   2.7,  -1.1
108500,  -2.1,  -2.7,  -0.9,  69.0, 160.3, 964.7,   2.8,  -1.0
108528,  -2.3,  -3.4,   3.1, 116.6, -59.4,1088.3,   2.7,  -0.8
108552,  -0.4,  -5.9,   2.8, 368.6,  76.8,1096.6,   3.0,  -0.8
108576,  -0.4,  -0.2,   0.5,  57.0, -24.5,1037.0,   2.9,  -0.9
108600,  -1.8,  -1.8,   0.3,  46.0, -33.8,1050.4,   3.0,  -0.9
108628,  -1.5,   0.8,  -0.9,  11.9, -85.3,1108.5,   3.1,  -1.0
108652,  -1.7,   1.3,  -1.3,  42.1, -17.4,1041.2,   3.3,  -0.9
108676,  -1.0,  -0.3,  -1.2, 237.7, -62.8,1237.7,   3.4,  -1.0
108700,  -1.0,   1.2,   0.2,   9.4, 150.3, 889.3,   3.7,  -0.8
108728,  -0.0,  -0.2,  -0.9,  72.9,  86.6,1015.5,   3.5,  -1.0
108752,  -0.9,  -0.4,   0.2,   6.7, 136.4, 889.1,   3.7,  -1.0
108776,  -2.3,   0.2,   0.0, -59.9,  -5.0,1046.0,   3.5,  -1.1
108800,  -2.4,   0.7,   1.0,  66.1,  61.7,1011.4,   3.5,  -1.2
108828,  -1.3,   3.6,  -0.4, -56.5,  43.9,1126.6,   3.4,  -1.1
108852,  -0.0,   0.5,   0.2, -35.0,  75.1, 913.2,   3.5,  -0.8
108880,  -1.2,  -3.4,   0.6, 194.2,  42.2,1041.6,   3.5,  -1.0
108900,   0.2,  -2.3,   0.8, 105.1, 155.4, 988.4,   3.5,  -1.1
108928,   1.6,   0.9,   0.6,-108.7, 125.2, 831.2,   3.6,  -0.9
108952,  -0.4,  -2.2,  -1.1,  92.2,  31.2,1094.4,   3.4,  -1.2
108976,  -1.8,   0.8,  -2.5,   7.2,  96.1, 999.4,   3.3,  -1.4
109000,  -3.0,   2.2,  -4.1,  14.8,   2.6, 992.3,   3.3,  -1.4
109028,  -4.9,  -0.0,  -1.0,   4.3,  61.4, 952.5,   3.4,  -1.4
109052,   2.9,   5.6,   2.5,-373.9,  61.2,1077.8,   2.8,  -0.8
109076,   1.8,   2.4,   4.1,-128.0, 163.5, 833.9,   3.2,  -0.7
109100,   0.3,   2.2,  -1.0, -36.2, -23.3, 948.6,   3.0,  -1.2
109128,  -0.0,  -1.6,  -0.9,  40.9, -18.9,1038.7,   2.8,  -1.2
109152,  -0.7,  -3.1,   1.9, 186.2,  93.4, 956.2,   2.9,  -1.2
109176,  -0.8,  -1.7,   0.8,  -6.0,  49.7, 988.9,   2.7,  -1.0
109200,  -1.2,  -1.7,   1.5,-182.0,  51.7, 946.2,   2.6,  -0.8
109228,  -1.3,  -2.2,   0.2,  71.2,  48.7,1002.8,   2.5,  -1.0
109252,  -3.5,  -0.3,   0.2, 106.1, -57.5,1036.8,   2.4,  -1.3
109276,  -1.6,  -0.4,   0.5,  75.8, -43.3,1018.7,   2.1,  -1.2
109300,  -2.8,  -2.5,   0.1, 158.6, -56.0,1125.4,   2.0,  -1.2
109328,   0.4,   1.3,   0.2, -25.7,   5.8, 977.7,   1.8,  -1.2
109352,  -0.8,   2.0,   0.6, -56.5, -29.1, 947.2,   1.6,  -1.4
109380,  -0.6,  -2.1,   0.4, 133.0,  47.3,1005.5,   1.6,  -1.5
109404,  -1.5,  -0.5,  -0.3, 143.5, -50.9,1103.9,   1.5,  -1.4
109428,  -0.4,  -3.0,   2.6,  99.5,  20.2,1048.7,   1.4,  -1.1
109452,  -0.2,  -0.6,   1.4,  23.8,  41.2, 928.1,   1.5,  -1.1
109476,  -2.3,  -6.6,   1.2, 126.9,  -0.8,1058.5,   1.4,  -1.1
109504,  -5.1,  -2.2,  -0.7, 121.2,  29.7, 977.9,   1.6,  -1.5
109528,  -4.0,   1.6,  -5.0,  -9.6,  13.3, 964.5,   1.6,  -1.7
109552,   1.8,   1.0,   3.3,-162.7, 231.8, 849.8,   1.3,  -0.7
109576,   1.2,  -1.8,   3.8, 151.5, 141.5, 871.2,   1.8,  -1.1
109604,  -1.7,  -7.7,   3.0, 376.6,  12.6,1041.2,   1.9,  -1.4
109628,  -1.2,   3.1,  -1.0, -85.3,   9.9, 856.3,   1.7,  -1.3
109652,  -0.1,  -0.4,  -1.2,  60.2,  58.5, 927.9,   1.7,  -1.5
109676,   0.1,   0.9,  -1.1,-109.5,  36.3, 904.7,   1.7,  -1.2
109704,  -1.3,  -0.3,  -0.1,  65.8,  23.6, 986.7,   2.0,  -1.2
109728,  -1.5,  -0.8,   1.5,  36.0,  86.8, 977.2,   2.0,  -1.2
109752,   0.4,   0.4,   0.3,  88.0, 130.0, 985.5,   1.9,  -1.3
109776,   0.2,   0.2,   1.1,  44.6, 124.7, 926.9,   1.8,  -1.2
109804,  -0.9,  -3.9,   1.3, 207.9, -22.8,1011.9,   1.6,  -1.2
109828,   1.0,  -1.8,   1.6,  30.9,  12.4, 895.7,   1.3,  -1.1
109852,  -1.3,  -0.0,  -0.9, -32.1, -24.5,1202.3,   1.5,  -1.0
109880,  -0.4,  -0.5,   1.0,-131.7, -16.9,1045.1,   1.4,  -0.8
109904,  -1.5,   0.5,  -1.6, -93.4,-132.7,1057.5,   1.5,  -1.2
109928,   1.6,  -1.2,  -0.0,  -5.7, 125.4, 876.9,   1.6,  -1.2
109952,  -1.1,  -1.2,  -0.5,  70.2,  28.2, 932.8,   1.5,  -1.4
109976,  -2.6,   1.5,  -2.3,  77.5,  70.7, 872.5,   1.6,  -1.6
110004,  -0.7,   6.5,  -0.9,-220.1,-279.1,1259.9,   1.1,  -1.6
110028,  -0.4,   3.2,   2.0, -26.0,-118.0,1193.0,   1.5,  -1.2
110052,   0.1,   3.9,  -0.1,  57.5,-105.1,1084.6,   1.6,  -1.4
110076,   1.4,   4.5,  -2.3,  12.8,  11.4, 877.8,   1.5,  -1.5
110102,   0.4,  -2.3,  -1.1,  36.0, 132.2, 924.5,   1.6,  -1.2
110126,   0.1,  -2.1,   1.4,  74.4, 105.4, 915.7,   1.6,  -1.0
110154,  -0.4,  -1.1,   0.6, 103.9, -46.7,1055.6,   1.6,  -1.0
110178,   0.4,  -4.5,  -0.9, 175.4, 140.1,1100.2,   1.8,  -1.1
110202,  -1.0,  -3.3,   0.5, 174.5,  57.0, 901.3,   1.8,  -1.1
110226,  -1.2,  -3.3,  -0.1, 240.6,  68.8,1036.5,   1.8,  -1.3
110254,   0.2,   0.5,  -1.4, 167.9, -12.0,1052.4,   1.7,  -1.6
110278,  -0.1,   3.2,  -1.9, -59.4, 123.2, 965.0,   1.8,  -1.3
110302,  -0.4,  -0.0,  -0.4, -22.8, -93.8,1103.7,   1.9,  -0.8
110326,   0.9,  -0.5,   1.6,-147.3, 115.4, 875.9,   2.2,  -0.4
110354,   0.5,  -0.9,   3.3, 103.9,  91.2,1038.0,   2.3,  -0.8
110382,  -0.4,  -2.6,   1.5,   8.9,  94.6, 951.6,   2.4,  -0.8
110402,  -0.1,  -1.6,   0.3, 129.5,  41.9, 932.5,   2.4,  -1.2
110426,  -2.9,   3.6,  -0.3, -75.1, 117.1, 835.3,   2.4,  -1.5
110454,  -0.4,  -2.7,   6.3,  47.0,  67.5, 798.2,   2.1,  -0.9
110478,  -2.1,  -6.6,   9.1, 137.8,  75.6, 888.3,   2.7,  -0.6
110502,   0.8,  -5.6,   6.9, 274.3, 110.0,1055.3,   2.4,  -1.0
110530,   0.1,  -0.8,   3.0, 262.6, 128.8,1091.0,   2.5,  -1.3
110554,   0.5,   6.0,   1.4,-194.2, -56.0,1015.3,   2.3,  -1.2
110578,  -0.6,   2.6,   3.3,-175.4,  59.0, 844.9,   2.6,  -0.8
110602,  -1.5,  -3.0,   4.4,  74.6, 137.4, 917.9,   2.8,  -0.8
110630,  -2.7,  -2.0,   5.2, 174.7, -39.1,1117.1,   2.8,  -0.9
110654,  -2.0,   4.2,   3.4, -79.4,  89.8, 963.8,   2.8,  -0.9
110678,  -3.1,  -2.8,   4.5, 163.7, -39.1,1131.2,   2.7,  -0.7
110702,  -1.5,  -0.7,   6.0, -12.6,  67.5, 859.8,   2.9,  -0.4
110730,  -2.7,  -2.1,   4.6,  65.8,  -2.0, 970.4,   2.7,  -0.7
110754,   0.2,  -0.5,   4.8, -45.3, 145.9, 821.2,   2.6,  -0.7
110778,  -1.8,  -3.1,   3.0,  97.8,  52.9, 922.8,   2.6,  -1.1
110802,  -3.4,   2.2,   2.7, -25.5, 113.2,1011.6,   2.2,  -1.3
110830,  -3.4,   3.3,   3.5, -28.2, -25.5,1024.3,   2.0,  -1.6
110854,  -3.7,   2.0,   4.8, -64.1,  94.9, 886.1,   2.1,  -1.1
110882,   0.4,  -1.4,   8.0,   7.0,  51.7,1069.7,   2.2,  -1.1
110902,   0.8,   2.9,   1.3, -85.3,  -9.1, 969.9,   2.5,  -1.5
110930,   0.5,  -0.2,   1.1,  98.8,  45.3, 954.0,   2.2,  -1.6
110954,  -2.9,  -4.1,   1.6, 190.8, -55.5,1144.2,   2.0,  -1.6
110978,  -1.4,  -3.8,   2.1, 300.2, 165.4, 986.0,   2.3,  -1.7
111002,  -1.7,  -3.6,   3.8, 178.6,  -8.1,1055.3,   2.1,  -1.4
111030,  -3.0,   0.3,  -0.2,  73.6,-107.0,1191.8,   2.0,  -1.5
111054,  -1.2,  -0.2,   0.9,  24.3,  24.8, 920.1,   1.8,  -1.4
111078,  -2.9,  -0.2,  -1.2, 136.1,-148.3,1091.7,   1.8,  -1.6
111102,  -0.7,  -0.8,   2.2, 112.4,  81.7,1043.1,   1.6,  -1.6
111130,   0.3,   1.8,  -1.7, -26.0,  -2.8,1162.3,   1.6,  -1.4
111154,  -0.1,  -3.1,   1.6,  67.5,  24.3,1003.3,   1.9,  -1.2
111178,  -2.3,  -1.1,   1.0,  87.1, -68.9,1180.1,   1.9,  -1.3
111202,  -1.0,  -0.0,   0.1, 133.9,  40.0,1076.8,   2.0,  -1.4
111230,  -4.5,   1.4,  -1.1,  42.6, -43.3, 980.9,   2.0,  -1.7
111254,  -9.5,   4.5,  -0.4, -45.0,-822.8,1689.8,   1.5,  -1.6
111278,   3.2,   2.4,   3.1, 251.9, 187.2,1069.0,   1.7,  -1.6
111302,   2.2,   4.3,  -0.4,-151.2,  94.2, 857.3,   2.2,  -1.4
111330,  -1.4,  -2.6,   1.0, 283.3,-133.6,1131.0,   1.9,  -1.6
111354,  -1.9,  -0.3,   2.1,  24.1, -83.3,1109.3,   1.9,  -1.1
111382,  -0.9,  -3.6,   1.3,  63.1,  38.0,1201.6,   1.9,  -1.2
111402,   0.2,  -0.8,   2.2,  -5.7, 143.7, 886.4,   2.1,  -1.3
111430,  -0.4,   1.6,  -0.3,  21.4,  81.0, 991.6,   2.3,  -1.5
111454,  -0.7,   2.1,   1.6,-136.8, 112.0, 878.3,   2.3,  -1.1
111478,  -1.7,   0.5,   0.0, -66.3,-133.1,1044.6,   2.2,  -1.2
111502,   1.1,   4.0,   0.0,-222.0, 123.5, 826.6,   2.4,  -1.1
111530,  -0.1,   3.2,   1.9,-137.1, -89.9, 986.7,   2.1,  -1.3
111554,   3.9,   4.9,   0.6, -26.7,  42.6, 800.2,   2.2,  -1.4
111578,   1.1,  -2.5,   0.0, 293.6,  29.9,1188.4,   2.6,  -1.3
111606,   1.2,  -0.3,   0.4,  50.9, 137.6, 876.9,   3.0,  -0.8
111630,  -2.7,  -2.0,   2.1,-181.7, 149.3, 913.2,   3.3,  -0.5
111654,   4.0,   4.1,   3.2, -90.7, -84.8,1231.6,   2.9,  -0.7
111678,   1.1,   3.6,  -0.0,-257.7, 111.2, 805.6,   3.8,  -0.6
111704,   0.2,   0.6,  -0.2, -14.3,  87.8,1027.5,   3.7,  -0.8
111728,  -1.3,   1.8,   0.2, -38.4,  96.6, 885.9,   3.7,  -0.8
111756,  -0.0,   0.4,   3.1,  39.7, 155.4,1022.6,   3.7,  -0.6
111780,  -1.0,  -2.0,   0.5, -52.3, 207.7, 896.1,   3.9,  -0.4
111804,  -0.8,  -1.1,   1.3,  54.3,  -2.5,1078.3,   3.7,  -0.7
111828,   0.5,  -1.3,   1.9, 169.3, 109.5,1005.5,   3.5,  -0.9
111856,   2.0,   0.2,   1.1,-205.2, 145.2, 781.6,   3.5,  -0.6
111884,   1.3,  -1.1,   1.7,  33.1, 141.3, 993.1,   3.7,  -0.6
111904,  -1.7,   3.4,   1.6,-118.0,  75.1, 916.9,   3.7,  -0.8
111928,  -1.0,   1.2,  -0.2, -47.0, -12.0,1010.2,   3.4,  -0.9
111956,   0.7,  -0.3,   2.7,  42.4,  18.5, 982.6,   3.2,  -0.9
111980,  -1.8,   1.1,   1.5, -14.0,  64.9, 940.1,   3.4,  -1.0
112004,   0.7,  -1.4,   2.5,  56.3, -11.8, 987.2,   3.3,  -0.8
112028,   0.3,   1.8,   2.1, -26.2,  14.8, 981.3,   3.0,  -1.0
112056,  -0.4,   0.2,   2.1, -84.8, 102.0, 957.9,   3.1,  -0.9
112080,  -3.7,   0.4,   3.0,-117.3,  22.1, 882.5,   3.0,  -0.7
112104,  -6.3,  -1.4,   1.3,  53.6, -12.8, 941.1,   2.8,  -0.9
112128,   6.2, -11.4,   7.9, 579.7, 333.9,1072.4,   2.5,  -0.8
112156,   1.2,  -2.2,   1.5, 325.3,-128.3,1114.4,   3.1,  -1.4
112180,   0.1,   2.2,   0.4, -66.3,  38.7, 975.5,   2.8,  -1.0
112204,  -0.9,   7.1,  -0.8,-392.2,  51.7, 807.3,   2.5,  -0.5
112228,  -0.6,   3.6,  -0.4,-216.4,  90.0, 881.7,   2.6,  -0.7
112256,  -1.7,  -3.4,   2.5,  52.1,  80.2,1072.9,   2.5,  -0.5
112280,  -1.7,  -0.0,   2.2, 164.0,  -0.3, 963.3,   2.2,  -0.9
112304,  -2.3,  -1.6,   1.9, 202.0,  96.8,1011.6,   1.9,  -1.0
112328,  -1.4,  -3.8,   2.1, 116.1,  93.4, 869.3,   1.8,  -0.9
112356,  -2.5,  -0.8,   0.8, 213.8,   0.4,1079.5,   1.7,  -1.2
112384,  -1.8,   1.4,   0.3,  72.9,-231.5,1208.4,   1.4,  -1.2
112404,  -0.4,   2.0,   2.5, -80.9, -67.7, 913.5,   1.2,  -1.0
112428,   0.5,   3.3,   1.4,-296.0, 113.4, 853.4,   1.3,  -0.7
112456,  -0.6,   1.9,   1.1, 131.7, 176.7,1097.3,   1.3,  -1.1
112480,   0.6,   1.5,  -0.3,-168.1,  68.8, 787.5,   1.6,  -0.8
112504,  -1.5,  -3.8,   1.7, 183.7,  38.0,1043.4,   1.9,  -0.9
112528,  -5.0,  -1.5,   3.9,  18.9, 144.9, 846.8,   2.1,  -0.7
112556, -10.5,   5.6,  -1.5,  15.8,-988.9,2283.1,   1.5,  -1.5
112580,   3.9,   5.6,   0.8,-140.0, 266.8, 884.2,   2.7,  -1.0
112604,   0.1,   6.6,  -0.0,-144.6,  61.0, 799.2,   2.9,  -0.9
112632,   1.4,   7.4,  -0.2,-220.3,   8.7, 927.9,   2.6,  -0.7
112656,   1.0,   2.4,   2.4, -68.0, 129.8, 929.8,   3.0,  -0.4
112680,  -0.9,  -1.3,   2.2,-116.8, 144.7, 982.1,   3.1,  -0.3
112704,   0.3,   3.2,   0.2,-170.5,  89.0, 951.6,   3.2,  -0.4
112732,   0.4,   3.9,   1.4,-154.9,  83.4, 797.0,   3.2,  -0.4
112756,  -2.9,  -1.4,   1.3, 181.8, -61.4,1122.9,   2.9,  -0.6
112780,  -1.4,  -5.2,   1.5, 266.5, 222.6,1226.2,   3.3,  -0.6
112804,  -0.1,  -1.4,   0.7, 116.4,  57.3, 977.7,   3.3,  -0.6
112832,  -1.7,  -2.5,   0.9, 141.0, -40.4, 968.4,   3.4,  -0.8
112856,  -2.2,  -4.2,   1.9, 324.4,  31.2, 989.2,   3.3,  -0.9
112884,  -1.2,  -6.4,   2.8, 232.6,  80.5, 946.2,   3.4,  -1.3
112904,  -1.5,  -6.1,   3.9, -24.3, 115.6, 890.3,   3.3,  -0.9
112932,  -4.0,   0.6,  -0.3, 283.1,  -1.3,1116.6,   3.2,  -1.8
112956,   4.3,   4.6,  -0.2,-143.2, 182.8, 797.3,   3.3,  -1.3
112980,  -0.4,  -1.0,  -1.0, -12.3,   7.7, 872.0,   3.6,  -1.3
113004,  -0.6,   3.3,   2.8, -56.0,  90.2, 888.6,   3.3,  -1.1
113032,  -3.7,  -2.5,   2.8, 178.6,  26.8,1128.1,   3.3,  -1.1
113056,  -3.5,  -2.9,   1.5,  42.9,-292.3,1215.0,   2.9,  -1.1
113080,  -3.2,   1.7,  -0.8,  23.3,-161.5,1158.3,   2.9,  -1.2
113104,  -2.4,   2.2,   0.9, -34.8,  20.7,1063.6,   2.8,  -1.3
113132,  -3.4,   0.3,   1.3,  69.7,-210.0,1185.9,   2.6,  -1.4
113156,  -1.4,  -0.0,   1.3, -23.3,  61.0, 930.3,   2.5,  -1.2
113180,  -0.9,   1.8,   2.7, -57.5, -30.8, 966.0,   2.1,  -1.2
113204,  -2.6,   1.7,   1.0,-151.5,  91.0, 954.2,   2.3,  -0.7
113232,  -0.4,  -1.8,   1.1,  59.7,-143.4,1174.2,   2.2,  -0.9
113256,   2.0,   3.3,   0.2,-110.5,  43.4,1091.7,   2.1,  -0.9
113280,  -0.2,   2.2,   0.4,-232.0,  55.3, 804.3,   2.3,  -0.5
113306,   0.7,  -2.2,   1.6,  62.9,  81.5, 953.0,   2.2,  -0.9
113330,  -4.2,  -2.1,   1.3,  45.8, 152.5, 857.3,   2.5,  -1.0
113354,  -9.0,   2.1,  -1.7, 353.4, -68.4,1313.6,   2.3,  -2.2
113382,   0.7,   2.1,   0.6,-133.4,  51.9,1167.6,   2.3,  -2.0
113406,   0.6,  13.0,  -2.6,-349.0, -33.5, 801.4,   2.5,  -1.9
113430,   0.9,   4.5,   0.2,  50.7,  90.0,1069.7,   2.4,  -2.1
113454,  -0.8,   3.0,   2.3,  29.4, -54.3,1046.0,   2.3,  -1.7
113482,  -0.9,   0.7,   1.5,-202.7,  66.1, 918.6,   2.5,  -1.4
113506,  -0.9,   4.1,  -0.2,-145.9,  -7.2, 936.2,   2.4,  -1.5
113530,  -1.8,  -1.1,   2.1,  33.1,  -7.4, 973.0,   2.2,  -1.3
113554,  -1.2,  -1.9,   4.3,  23.1, 129.1, 821.4,   2.1,  -1.2
113582,   1.5,  -0.2,  -0.2, 236.5,  80.2,1082.2,   1.7,  -1.6
113606,   0.3,   5.5,  -0.0,-213.7,  98.3,1066.8,   1.6,  -1.7
113630,   0.7,   0.9,  -1.2, -48.7,  13.3,1012.3,   1.7,  -1.6
113658,  -1.2,  -0.8,  -0.8,-107.8, 106.4, 827.0,   2.0,  -1.5
113682,  -2.9,  -3.4,   1.3, -25.7,  15.3, 966.7,   2.0,  -1.3
113706,  -2.7,  -0.2,  -3.4, 164.0,-167.1,1195.7,   1.7,  -1.9
113730,   3.7,   5.1,  -2.9,-371.9,  92.7, 897.8,   1.8,  -1.4
113758,   2.4,   5.2,  -0.6,-236.9,  79.3, 883.2,   2.2,  -1.5
113782,  -0.7,   0.2,  -2.2, -15.7,  92.0, 924.2,   2.3,  -1.5
113806,  -0.3,   2.7,  -1.2,-131.2, -29.4, 842.7,   2.2,  -1.1
113830,   0.3,  -3.3,   0.2, 182.5, 127.4, 937.2,   2.3,  -1.3
113858,  -1.2,  -2.7,  -0.6, 164.9, -82.6,1130.8,   2.1,  -1.3
113886,  -1.3,   4.1,  -2.5,-226.2,  46.5, 967.4,   2.1,  -0.9
113906,   2.6,   0.8,  -0.8, -82.4, 124.2, 921.5,   2.1,  -1.1
113930,  -1.0,   5.3,  -2.2,-151.5,-148.0, 940.8,   2.0,  -1.3
113958,  -2.2,   2.4,  -3.1, -83.4, -37.7, 966.2,   1.9,  -1.5
113982,   0.7,   1.9,  -5.1,  96.1, -77.5,1088.8,   1.7,  -1.6
114006,   1.7,  -0.6,  -3.6,  37.7,  89.3, 904.7,   2.2,  -1.3
114030,   1.0,  -0.6,  -4.2, 106.3, 161.5,1101.0,   2.4,  -1.4
114058,   1.4,   0.5,  -1.2,  -4.3, 129.3, 980.4,   2.5,  -1.0
114082,  -0.1,  -1.7,   0.3, 114.9,  28.7, 996.7,   2.6,  -0.8
114106,  -3.8,   0.5,  -1.0, -73.3,  61.2, 860.5,   2.8,  -0.7
114130,   8.3,   0.2,   2.0,  91.9, 165.0,1248.7,   2.4,  -0.5
114158,   1.0,   0.0,  -1.5,  60.2, -14.0, 989.9,   3.1,  -0.6
114182,  -0.6,  -1.2,  -0.5, 151.3,   7.7,1143.2,   2.9,  -0.5
114206,  -0.3,  -0.0,  -2.3, -24.5,  13.6,1034.6,   2.9,  -0.6
114230,  -0.3,   0.5,  -3.3,  22.6,   7.0,1047.0,   3.0,  -0.7
114258,  -0.3,  -3.7,  -1.2, 142.0,  -9.1,1040.7,   2.9,  -0.7
114282,  -0.3,  -5.1,  -0.7, 132.2, 181.1, 940.3,   3.1,  -0.6
114306,  -0.2,  -1.4,  -1.2, 150.5,  77.3,1093.4,   3.1,  -0.8
114330,   1.0,   2.4,  -1.7,  40.9,   2.1, 937.4,   3.0,  -0.7
114358,  -0.3,  -2.0,  -0.4, 177.9,-107.8,1232.3,   2.8,  -1.0
114386,  -0.6,  -0.9,   1.1,-162.2,  37.0,1018.7,   2.7,  -0.8
114406,  -0.9,  -4.7,   1.0, 134.2, -94.3,1158.8,   2.8,  -0.7
114430,  -0.8,  -1.2,   1.3,   0.1,  67.8,1053.4,   2.8,  -0.8
114458,   0.4,  -3.2,   3.5,  94.4,  19.4,1062.9,   2.9,  -0.5
114482,  -0.7,   0.8,   0.6,  93.2,  62.7, 923.2,   2.8,  -1.2
114506,  -3.2,  -0.2,   1.3, 164.9, 121.7, 968.9,   3.0,  -1.5
114530,  -1.8,   5.7,   1.9,-243.0, -64.8,1110.2,   2.3,  -1.1
114558,   4.1,   0.6,   3.4, -70.9, 269.2, 936.7,   2.6,  -1.0
114582,  -0.2,  -0.7,   0.8,  59.5,  15.5,1011.4,   2.4,  -1.3
114606,  -0.1,   2.7,   1.8, -54.1,  56.8, 997.5,   2.2,  -1.5
114630,   1.8,   1.7,   5.4, -73.1, 195.0, 944.7,   2.4,  -1.1
114658,   1.0,   1.7,   2.4,  70.5,  71.4,1048.0,   2.5,  -1.4
114682,  -0.4,   2.2,   2.8,-188.8,  -0.6, 991.1,   2.4,  -0.9
114706,  -1.3,  -0.1,   4.0, -22.3,-126.3,1109.5,   2.4,  -0.9
114734,   0.4,  -0.9,   4.6, -50.6,-110.4,1162.3,   2.3,  -0.8
114758,  -1.3,  -3.9,   3.9,-210.3,  -6.2, 984.3,   2.6,  -0.4
114782,  -0.9,  -3.7,   4.1, 215.0, 180.1,1121.2,   3.1,  -0.7
114806,  -2.0,   0.8,   1.8,  96.6,-165.4,1177.9,   2.9,  -0.6
114834,  -1.0,   5.3,   1.9,-268.2,  39.7, 761.9,   2.8,  -0.3
114858,  -2.3,   2.0,   4.5,-210.8,  99.8, 851.9,   2.4,  -0.3
114886,  -2.1,  -8.6,   5.4, 307.0,   3.1, 969.1,   2.4,  -0.9
114909,  -2.7,  -3.5,  -1.3, 270.4, 158.9, 960.3,   2.7,  -1.1
114933,   2.4,  -5.1,   2.1,  26.3, 168.6,1004.3,   2.1,  -0.5
114957,  -1.6,  -1.3,   2.4, 284.3,  10.4,1105.1,   2.4,  -1.1
114981,  -1.0,   0.2,   2.8,  32.6,   7.7,1018.5,   2.2,  -0.9
115009,  -1.0,  -3.1,   2.1,  34.3, 146.9,1018.9,   2.4,  -0.7
115033,  -2.0,   1.3,   4.4,  -4.7,   4.8, 878.8,   2.4,  -0.8
115057,  -1.4,  -1.0,   4.3,  11.4, 218.4, 942.3,   2.5,  -0.9
115081,  -3.1,  -2.5,   3.3,  49.5,   0.6,1020.2,   2.4,  -0.8
115109,  -2.0,   2.7,   4.3,-136.6,-101.6, 942.5,   2.2,  -0.8
115133,  -0.9,   0.3,   4.3, -78.2, -35.5,1007.2,   2.0,  -0.8
115157,  -2.8,  -5.5,   3.9,  22.4, -26.7,1048.0,   2.1,  -0.6
115181,  -1.8,  -2.5,   0.3, 173.7, -30.8,1141.3,   2.0,  -1.0
115209,  -0.9,  -4.8,  -0.3, 263.1, 172.5,1090.5,   2.2,  -1.3
115233,   0.1,  -1.2,   1.0, -50.1,  55.1, 840.0,   2.1,  -1.1
115257,  -2.5,  -2.5,   2.5, 197.4,  96.6, 961.6,   2.2,  -1.4
115281,  -5.8,  -0.6,   3.2,  97.3,  98.5, 934.2,   2.4,  -1.2
115309,   2.2,  -3.4,   3.0, 378.6, 136.9,1159.3,   2.2,  -1.6
115333,  -1.2,   0.5,  -0.3, 220.4,  66.1,1096.6,   2.5,  -1.6
115357,  -0.2,   1.4,   0.2,  26.8,  -1.3, 918.6,   2.2,  -1.3
115385,  -1.0,   1.7,   0.5,-119.2, 112.7, 933.2,   2.3,  -1.1
115409,  -0.9,   2.5,  -1.0, -91.9, 176.4, 903.5,   2.5,  -1.2
115433,  -3.6,  -0.2,  -1.5,  52.6,  41.7,1093.2,   2.6,  -1.3
115457,  -1.8,   6.6,  -2.2,-287.7,  72.2, 835.6,   2.3,  -0.9
115481,  -2.0,  -4.8,   0.9, 214.5,  72.9, 940.3,   2.4,  -1.0
115509,  -0.7,   0.2,   1.0,  50.4,  13.3,1084.1,   1.9,  -1.2
115533,  -1.3,   9.4,  -3.1,-462.7,  69.5, 793.1,   2.2,  -0.7
115557,  -2.4,  -0.3,  -1.9,  -8.9, -26.5, 953.8,   2.2,  -0.8
115581,   2.4,   2.3,  -1.5,-318.9, 145.2, 830.5,   2.2,  -0.5
115609,  -3.9,  -4.6,  -1.1, 177.6,  49.0, 970.6,   2.5,  -0.9
115633,  -4.0,   2.2,  -2.5, 117.3, -72.6,1156.6,   2.2,  -1.4
115657,   5.2,  -3.5,   1.1, 409.6, 321.4, 945.9,   2.7,  -1.1
115681,   2.2,   5.2,  -4.4,  57.0, -78.7, 951.8,   3.3,  -1.3
115709,  -1.7,  -0.6,  -0.3, 230.6,  84.6,1070.7,   3.4,  -1.2
115733,  -1.9,  -6.0,   0.8, -14.3,  63.6, 850.5,   3.2,  -0.5
115757,  -1.2,  -0.6,  -1.3,  -6.0,  91.0,1056.3,   3.3,  -0.7
115785,  -3.1,  -5.6,  -0.4, 212.5, -90.4,1026.8,   3.6,  -0.5
115809,  -1.2,  -2.0,   0.5, 134.4, 117.8, 904.0,   3.6,  -0.6
115833,  -3.0,  -3.1,   0.4, 269.4,-103.8,1184.7,   3.3,  -0.6
115857,  -1.5,   5.8,  -3.3, -16.7,  -1.8, 974.0,   3.2,  -0.6
115885,  -0.0,  -1.5,  -0.7, 121.5, -72.8,1000.9,   3.1,  -0.8
115909,   1.2,  -3.9,   0.2,  82.7, 162.5, 817.0,   3.5,  -0.3
115933,   1.3,  -2.4,  -1.0,  31.6,  37.3, 936.2,   3.1,  -0.5
115957,  -0.1,  -3.5,  -0.6,  63.1,  83.2,1001.9,   3.1,  -0.4
115985,   0.9,   0.3,   2.2, -97.5, 100.0, 885.4,   3.1,  -0.4
116009,  -2.4,  -1.2,  -0.6, -77.7,  76.8, 853.2,   3.0,  -0.3
116033,  -0.4,   6.3,  -0.3,-227.4, 150.1, 861.7,   2.5,  -0.5
116057,   0.7,   3.9,  -1.4,-238.1,  86.3, 943.0,   3.1,  -0.2
116085,  -1.5,   1.4,  -0.4,-131.9, -22.5,1080.0,   2.8,  -0.4
116109,  -0.9,   3.6,  -2.9, -68.2, -72.6,1056.1,   2.6,  -0.8
116133,  -0.2,   7.4,  -0.6,-203.5, 106.6, 804.8,   2.8,  -0.2
116157,  -0.9,  -1.3,   0.3,-175.4,  55.6, 763.1,   2.6,  -0.1
116185,  -2.9,  -1.1,  -0.6, 186.9,-217.4,1269.9,   2.4,  -0.5
116209,  -2.5,   2.9,   0.2, -58.2,-143.9,1070.7,   2.2,  -0.3
116233,  -0.1,  -0.6,   2.0,-112.6,  51.9,1009.9,   2.1,  -0.2
116257,  -1.4,  -0.6,   0.6,  47.3, -39.9, 847.1,   2.1,  -0.6
116285,  -1.5,  -0.9,  -2.8, 206.9, -58.2,1191.3,   2.2,  -0.6
116309,  -1.5,   2.5,  -3.0,  82.9, -77.5,1002.8,   2.2,  -0.8
116333,  -0.3,  -0.3,  -1.6,  52.4, -22.8, 996.0,   2.2,  -0.8
116357,  -2.7,  -3.4,   1.9,  63.6, 135.4, 943.7,   2.5,  -0.6
116385,  -8.7,  -4.1,   1.0,  88.0, 182.0, 940.1,   2.5,  -0.7
116409,   4.8,  -3.8,   8.1, 390.3, 329.0, 926.2,   1.6,  -0.6
116433,  -0.9,  -0.6,   0.4, 269.7, 142.7, 931.1,   2.6,  -0.8
116457,  -0.0,   1.8,  -2.6,  51.9,  85.1, 876.9,   2.4,  -0.9
116485,  -0.9,  -0.6,  -2.0, -65.8, -44.0,1049.7,   2.0,  -0.9
116507,  -2.4,  -0.8,  -2.2,  -6.4,  30.2,1118.6,   2.5,  -1.0
116535,  -1.1,   4.4,  -2.9,-273.5, -22.3, 986.5,   2.7,  -0.8
116559,   3.0,   2.4,  -1.0,-159.0, 121.3, 828.8,   2.7,  -0.7
116583,   0.3,   1.3,   1.2,  30.7, -11.8,1151.3,   2.6,  -1.1
116607,  -0.8,   0.2,  -0.3,  58.2, 140.1,1196.2,   2.6,  -1.4
116635,  -2.9,  -3.4,  -1.5,  16.3,-158.5,1194.7,   2.6,  -1.0
116659,  -1.5,   3.5,  -2.9, -88.7, -48.9,1114.6,   2.7,  -1.1
116683,  -0.1,   2.0,  -1.1, -90.9,  47.8,1020.7,   2.8,  -0.7
116707,  -1.0,   1.1,   2.2,  92.9,  22.9, 946.7,   2.6,  -0.9
116735,  -2.6,  -0.6,  -1.7,  56.8,  10.7, 955.5,   2.5,  -0.9
116759,  -0.2,   2.9,  -2.5,  26.8, -45.0,1111.7,   1.8,  -1.1
116783,   0.9,  -4.5,  -0.9,  88.3, 118.1,1099.0,   2.6,  -0.7
116807,   0.5,   1.0,  -3.0,  56.1,   5.3, 952.5,   2.5,  -1.0
116835,   0.1,   0.6,  -1.1, 184.7,  30.7,1045.3,   2.3,  -1.3
116859,   1.9,  -1.4,   2.5,  41.9,  79.0, 915.2,   2.3,  -0.7
116887,   1.0,  -2.2,   1.7, -55.3, 102.7, 884.2,   2.5,  -0.7
116911,  -0.7,  -1.3,   0.5, -56.0, -54.0, 995.3,   2.3,  -0.8
116935,  -2.3,  -2.5,   1.9, -79.7, -89.7,1004.5,   2.2,  -0.7
116959,   0.2,   2.0,  -1.3, -34.5,  12.6,1024.3,   2.3,  -1.2
116983,   0.9,   2.4,  -0.6,  50.4,  35.1, 936.7,   2.1,  -1.3
117011,  -1.2,  -6.6,   2.2,  53.9, -51.4,1081.4,   2.4,  -0.4
117035,  -1.2,   0.9,  -0.1,  59.7,   8.9,1042.9,   2.6,  -1.0
117059,  -1.4,  -3.4,   2.9,  94.9, -40.6,1106.1,   2.6,  -0.8
117083,  -0.8,   2.0,   1.5,  96.3,  64.6, 855.9,   2.7,  -1.4
117111,  -3.2,   2.3,   1.7,  96.8, 129.1,1047.0,   2.6,  -1.7
117135,  -8.1,   0.2,   2.2, 406.1,-668.8,1704.0,   2.2,  -2.0
117159,   7.0,   1.3,   5.0, 292.1, 323.6, 816.3,   2.6,  -1.5
117183,   0.5,  -4.4,   4.3, 394.2, -42.1,1035.5,   2.7,  -1.4
117211,   0.9,  -1.7,   4.7, 230.6,  24.3,1208.6,   2.3,  -1.2
117235,  -1.3,   3.5,   3.7, -16.5, -20.3, 961.8,   2.2,  -0.7
117259,   2.0,   5.4,   4.6,-319.2, 158.9, 810.9,   2.5,  -0.5
117283,  -0.1,  -1.1,   5.2,  51.7, -28.2, 902.0,   2.5,  -0.5
117311,   2.5,   3.0,   3.8, -61.6,  40.9, 976.9,   2.2,  -0.8
117335,  -0.0,   0.3,   5.0,  -3.5,  26.5, 987.0,   2.2,  -0.9
117359,   0.2,   2.0,   4.9,  22.8,  37.5, 944.7,   2.1,  -1.0
117387,   2.8,   0.9,   4.3, 137.8,  66.3, 923.5,   2.2,  -1.1
117411,   5.1,   0.7,   3.5,  55.8, -17.7, 881.7,   1.7,  -1.1
117435,   1.9,  -7.8,   5.5,  24.3, 118.6, 994.8,   2.0,  -0.7
117459,  -2.5,  -4.5,   4.3, 165.9, -26.0,1048.0,   2.3,  -1.0
117483,  -5.6,   4.3,   0.8, 105.1,-105.1,1228.9,   2.5,  -1.8
117511,   3.9, -13.4,   8.1, 481.8, 197.9,1349.3,   2.9,  -0.3
117535,  -0.8,   4.3,   1.3, 335.8,-208.3,1279.2,   3.5,  -0.8
117559,   2.1,   4.9,   3.6,-275.5, 167.6, 910.1,   3.3,  -0.1
117583,  -2.1,  -3.1,   3.1, -87.7,   7.0, 917.6,   3.3,   0.2
117611,  -0.6,   2.5,   3.4, -29.2,  62.9, 892.0,   3.4,   0.1
117635,  -1.3,  -3.0,   3.0,  60.9,  -3.5, 929.6,   3.2,   0.1
117659,   0.1,  -0.6,   4.3, 194.7, 119.5, 944.2,   3.1,  -0.3
117683,  -0.3,   2.9,   3.0, -36.5,-234.5,1284.8,   2.4,  -0.3
117711,   3.3,   4.3,   3.1,-173.4, 205.0, 587.5,   3.0,   0.3
117735,  -0.6,   3.1,   0.0,-256.4, 134.4, 876.6,   3.0,   0.2
117759,   1.3,   2.4,   3.8,-206.4, 224.0, 894.2,   3.2,   0.3
117783,  -3.1,   5.2,   1.8,-245.5,-107.8, 886.1,   3.0,   0.1
117811,  -0.1,  -1.9,   6.4, -42.6, 108.8, 834.1,   3.2,   0.2
117835,  -2.6,  -6.0,   4.7, 717.9, 113.4, 879.5,   3.1,  -1.1
117859,   5.0, -10.6,   8.1, 184.2, 456.2,1000.9,   2.9,  -0.2
117887,   1.3,  -0.1,   5.5, 377.3,-158.5,1097.1,   2.8,  -0.5
117911,  -0.6,  -0.4,   5.5, 201.6,  71.9, 956.7,   2.4,  -0.6
117935,  -1.4,  -1.4,   4.5,  66.3, -37.4, 983.3,   2.4,  -0.2
117959,  -3.8,   2.2,   3.0, -73.6,  -9.6,1206.7,   2.6,  -0.6
117987,  -3.5,  -3.1,   3.5, 287.5,-204.7,1200.8,   2.7,  -0.5
118011,  -3.1,  -7.4,   5.7, 367.6, -64.5,1142.7,   2.8,  -0.6
118035,   1.6,   4.8,   3.5, -19.4, -28.2, 985.0,   2.5,  -0.7
118059,   2.2,  11.0,   0.5,-361.2,  32.4, 846.8,   2.4,  -0.5
118087,   4.0,  -1.4,   1.5,-180.0, 198.2, 828.3,   2.5,  -0.5
118109,  -1.8,  -3.6,   1.9,-176.1, -19.1,1018.5,   2.6,  -0.3
118137,   1.3,  -0.2,   4.6,-188.6, 290.7, 785.8,   3.0,  -0.2
118161,  -1.6,  -1.4,   4.7,-100.2, 345.4, 795.8,   3.3,  -0.2
118185,  -3.7,  -2.7,   0.7, 128.1, 153.2, 857.1,   3.1,  -0.9
118209, -10.9,   2.4,  -5.9,  69.7, 244.3, 887.3,   3.8,  -1.4
118237,  -0.5,   3.0,  -2.2, 403.5, 203.0,1472.6,   3.6,  -1.7
118261,  -3.5,  13.1,  -5.6,-193.9,-396.1,1026.5,   3.6,  -1.5
118285,  -0.8,   8.2,  -0.8,-267.9, -57.5, 828.3,   3.6,  -0.6
118309,  -3.5,  -2.5,  -1.3,  83.9, -64.8,1044.3,   3.6,  -0.8
118337,   0.5,  -0.8,  -1.3, -60.4, 103.9, 766.5,   3.8,  -0.5
118361,  -5.5,  -5.8,  -2.1, 378.3,-202.2,1438.9,   3.8,  -0.9
118389,   1.1,   4.7,  -3.6,-206.2, -64.3, 994.0,   3.7,  -0.5
118409,  -2.0,   3.3,  -5.9, -73.1, 111.7, 813.9,   3.8,  -1.2
118437,  -3.5,   0.2,  -7.8, -61.4, -78.7,1055.1,   3.5,  -1.2
118461,  -3.3,  -7.1,  -3.9, 127.8,-154.6,1178.6,   3.5,  -1.1
118485,  -0.8,  -0.5,  -5.5,-118.0,  46.3, 830.2,   3.9,  -0.6
118509,  -4.9,   2.2,  -7.2, -30.6,  10.4,1039.4,   3.9,  -1.3
118537,   3.5,  -5.6,  -4.4, 129.5, 286.5, 934.5,   4.5,  -0.4
118561,  -2.0,  -1.7,  -8.0,  41.9,  -1.8, 944.7,   4.6,  -1.0
118585,  -5.1,  -3.4,  -5.8, 132.7, 107.8, 952.3,   4.8,  -1.1
118609,  -0.1,  -5.5,  -3.3, 114.6, 171.8,1037.7,   4.4,  -0.9
118637,  -3.7,  -5.6,  -5.3, 363.2, -48.2,1111.5,   4.5,  -1.2
118661,  -1.3,  -2.5,  -2.8, 186.9,  69.7, 892.7,   4.2,  -1.1
118685,  -4.0,  -1.6,  -4.1,  43.6, -81.1, 996.5,   4.0,  -1.1
118709,  -3.4,  -1.2,  -4.4,  25.8, -60.6,1143.2,   3.8,  -1.1
118737,  -2.7,  -5.3,  -3.9,-212.7, 168.4,1006.0,   4.3,  -0.2
118761,  -0.1,  -8.5,  -2.3,  81.9, 190.8, 954.2,   4.3,  -0.3
118785,  -0.1,  -5.0,  -4.5, 109.8, 105.6,1012.1,   4.2,  -0.5
118809,  -0.8,   1.7,  -2.6,-245.0,  98.5, 716.5,   4.1,  -0.4
118837,  -1.6,  -1.9,  -3.8, 162.0, 158.9, 960.3,   4.2,  -0.8
118861,  -5.6,   2.9,  -5.1,-101.7,  76.3, 940.6,   4.2,  -0.8
118889,   1.7,  -7.8,   2.1, 127.6, 205.0,1018.5,   4.5,  -1.1
118909,   1.4,  -7.6,  -2.3, 182.3, 119.8,1088.8,   5.1,  -1.0
118937,  -3.4,  -1.2,  -2.3,  75.6, -19.4,1144.7,   4.8,  -1.5
118961,  -1.0,   1.4,  -5.5,  38.5, -31.3,1141.7,   4.5,  -1.8
118985,  -2.0,   2.1,  -3.2, -19.1, -34.5,1115.9,   4.7,  -1.5
119013,  -2.1,  -2.0,  -0.5,  27.7, 163.2, 816.1,   4.9,  -1.1
119037,  -2.3,  -6.3,  -0.7, 192.8, 182.5,1053.4,   4.7,  -1.0
119061,  -2.6,  -1.7,  -0.9, 183.5, -81.4,1053.6,   4.3,  -1.3
119085,  -1.0,  -0.0,  -0.8,  47.5,  85.1, 897.4,   4.0,  -1.2
119113,   0.7,   2.0,  -2.2, -29.2, -89.7,1030.2,   3.5,  -1.2
119137,   1.2,  -1.8,  -1.9, 106.6,  16.3, 989.9,   3.7,  -1.1
119161,   1.3,   0.0,  -2.8,  93.4,  68.8, 995.0,   3.4,  -1.2
119185,   0.7,   2.4,  -1.7,  82.9,  22.6, 954.2,   3.3,  -1.3
119213,  -1.4,   6.3,  -2.6,-136.6,   6.5, 897.1,   3.4,  -1.2
119237,  -4.7,   2.7,  -2.5, -34.3,-124.8, 995.3,   3.2,  -1.3
119261,  -3.5,   2.5,  -0.4,-219.3,-125.8,1062.9,   2.8,  -0.8
119285,  -0.2,  -2.0,   5.2, 172.8, 136.4,1048.7,   3.4,  -0.7
119313,  -2.5,  -1.7,   0.2,  47.3,  87.6, 946.9,   3.6,  -0.9
119337,  -0.9,   0.3,  -0.0, 200.6,  29.2, 983.3,   3.4,  -0.9
119361,  -1.8,   2.2,  -1.9, 242.6,-175.6,1191.1,   3.0,  -1.2
119389,   0.4,   0.8,  -0.9,-146.8,  89.8, 899.8,   3.1,  -0.9
119413,  -2.6,  -4.9,   1.6,  80.2, 106.4, 986.7,   3.2,  -0.9
119437,  -0.5,   2.8,   2.5,-129.7,  55.1, 906.6,   2.9,  -1.0
119461,   0.4,  -2.3,   3.9,  32.9, 149.3, 903.0,   3.1,  -0.9
119485,  -0.7,   0.5,   1.4,-140.7,  45.6, 985.2,   2.9,  -0.8
119513,   1.3,   3.6,   0.0, -71.4,  -0.8, 952.3,   2.6,  -0.9
119537,  -0.9,  -0.5,   2.5, -88.7,-115.3,1154.2,   2.6,  -0.6
119561,  -0.1,   3.3,   3.0,-181.5,  16.5, 974.5,   2.7,  -0.5
119585,   2.3,   1.2,   3.1,-151.5,  37.5, 888.8,   2.6,  -0.4
119613,   0.9,   0.5,   3.5, -21.3,  -6.7, 948.1,   2.6,  -0.5
119637,  -2.3,   0.6,   2.5, -69.4,-120.0,1090.5,   2.6,  -0.8
119661,  -2.7,   0.7,   2.8, -14.7,-343.8,1391.0,   2.4,  -1.0
119685,   6.0,  -1.0,   9.8,   4.8, 242.8, 729.1,   2.6,  -0.3
119711,   1.3,  -2.6,   4.4, 236.0,  32.6,1011.4,   2.8,  -0.9
119735,  -1.1,  -2.7,   7.4, 127.1, -13.8, 969.9,   2.8,  -0.5
119763,  -0.7,  -3.1,   8.2, 116.1,  30.4,1030.4,   2.5,  -0.6
119787,  -0.1,  -0.3,   6.8,  24.3, 120.3, 972.3,   2.5,  -0.6
119811,  -1.4,   0.8,   7.3,  33.6, -38.7, 996.7,   2.4,  -0.8
119835,   0.1,   0.2,   4.8,  20.9,  82.7,1001.9,   2.4,  -0.8
119863,   0.5,   0.4,   5.7, -79.7, 120.5, 787.3,   2.4,  -0.7
119891,   0.2,  -5.6,   6.3, 326.3, 126.1,1071.4,   2.4,  -1.2
119911,  -0.2,  -6.4,   7.6, 126.4,   9.2, 956.0,   2.2,  -0.9
119935,   3.6,  -1.1,   5.3, -24.0, 134.2, 862.0,   1.9,  -1.0
119963,   2.3,   1.7,   3.1,  49.7,  66.6, 854.9,   1.7,  -1.6
119987,  -0.4,   0.5,   2.5,  56.1,-158.8,1071.4,   1.6,  -1.6
120011,   1.2,   2.2,   0.2,  18.9,  12.1,1015.0,   1.8,  -1.8
120035,   1.6,   3.8,  -0.4, 100.5, 137.4,1033.1,   2.1,  -2.1
120063,  -3.2,   0.8,   0.2, -53.1,  89.8, 888.8,   2.4,  -1.8
120087,   3.6,   9.0,  -0.7,-210.8, 109.0,1181.8,   1.7,  -2.0
120111,   0.9,  -1.8,   0.7, 136.9, 103.7, 920.1,   2.5,  -1.9
120139,   0.8,   2.8,  -4.1,-150.5,  59.0, 763.8,   2.4,  -1.8
120163,   1.5,   0.8,  -1.4,  -3.3,  82.4, 992.6,   2.4,  -2.0
120187,   0.7,  -1.6,  -1.4, -12.6, 155.9, 890.0,   2.4,  -1.7
120211,  -1.2,   4.5,  -3.6,-247.4, -86.0, 955.5,   2.3,  -1.7
120239,  -2.0,   1.1,  -3.2,-123.9,-113.6,1059.0,   2.4,  -1.5
120263,  -0.8,   0.3,  -1.1, -78.2,   4.3, 926.7,   2.5,  -1.6
120287,  -0.3,  -0.3,  -2.2, -48.0, 101.0, 854.9,   2.6,  -1.4
120311,   1.1,   0.6,  -2.9,  91.7, 157.4, 897.6,   2.7,  -1.6
120339,   0.5,  -4.1,  -2.9, 206.4, 185.7,1080.2,   2.7,  -1.8
120363,  -0.2,   1.9,  -3.7,  -5.2, 146.6, 754.0,   2.9,  -1.7
120391,   0.1,  -0.2,  -2.6,  37.3, 158.1, 864.6,   3.0,  -1.7
120411,  -0.9,  -3.8,  -2.2, 179.6,  86.6,1213.8,   3.1,  -1.6
120439,  -4.1,   0.8,  -1.7,-206.9,  60.7, 885.4,   3.5,  -0.8
120463,  -7.1,   3.1,  -4.5,-158.1,-456.4,1324.4,   3.0,  -0.9
120487,  -0.4,   2.5,   0.3, -36.5,  94.9, 850.2,   3.1,  -0.7
120511,  -0.6,  -3.7,  -3.0,  38.2,   3.3, 981.6,   3.3,  -0.6
120539,  -1.2,  -5.8,  -0.2, 132.0, 162.5, 931.5,   3.0,  -0.5
120563,  -4.7,  -2.5,  -2.2, 118.6, -18.2,1096.8,   3.0,  -0.7
120587,  -4.8,  -3.4,  -2.5, 130.3,  -7.2, 960.1,   3.2,  -0.6
120611,  -1.8,  -0.9,  -2.5, 288.5, 100.3,1035.5,   3.2,  -1.0
120639,  -0.7,  -0.5,  -3.6,  53.4,   1.1,1104.1,   2.9,  -0.9
120663,  -2.1,   5.6,  -1.7,-148.0,  -2.8, 894.9,   2.8,  -0.7
120687,  -2.1,  -0.0,  -1.3,-318.7,  53.4, 840.7,   3.0,  -0.2
120711,  -1.8,  -5.4,   3.8, -32.3, 166.4, 848.0,   3.4,   0.3
120739,  -1.1,   0.6,   2.2, -73.3, -29.9, 917.1,   3.2,  -0.0
120763,  -2.2,  -4.6,   5.1,  58.7, -11.1,1034.3,   3.3,   0.3
120787,   2.3,  -3.0,   4.6, 211.6, 106.8, 933.0,   3.0,  -0.3
120811,  -0.6,   3.1,   1.9, -55.0,  38.5, 789.4,   3.0,  -0.4
120839,  -5.3,  -1.0,   1.7,  55.6,  35.1, 818.5,   3.2,  -0.5
120863,   6.8,   8.0,   5.1,-381.0, 322.2,1162.5,   2.7,  -0.2
120891,   0.3,  -1.4,   6.6,  36.8, 133.2, 992.3,   2.9,  -0.3
120911,   0.7,   1.1,   2.8, -95.8,  42.9, 941.3,   2.8,  -0.6
120939,   1.1,   0.1,   4.6, 206.9,  78.8, 914.9,   2.9,  -0.9
120963,  -1.5,  -1.3,   4.6, 104.6, 109.5, 993.8,   3.1,  -0.6
120987,  -0.4,  -0.9,   4.8,   2.3,  72.9,1040.2,   3.3,  -0.5
121011,  -3.8,  -0.2,   6.1, -96.0, -91.1,1023.3,   3.1,  -0.5
121039,  -2.0,  -3.7,   7.2,  59.2,  40.9,1028.2,   3.0,  -0.5
121063,  -2.0,  -0.1,   5.6, 108.5, -87.5,1057.8,   2.8,  -0.8
121087,  -0.5,  -1.6,   5.3, 259.2,  20.7,1034.6,   2.6,  -1.2
121115,   0.6,   3.4,   2.1, 124.4, 118.8,1001.6,   2.5,  -1.6
121139,  -1.5,   0.5,  -0.0, 176.4, 104.7,1057.5,   2.8,  -1.5
121163,   0.2,   2.5,   1.3,  15.0,  43.6, 931.8,   2.6,  -1.3
121187,  -0.4,   0.7,   3.9,  77.0,  21.9,1073.6,   2.6,  -1.3
121215,  -4.1,  -3.8,   6.0, 125.6,  70.5, 846.3,   2.9,  -1.2
121239,  -1.7,   4.2,  -0.4, 299.9, 166.9,1100.2,   2.8,  -1.6
121263,  -3.2,  -1.9,   1.9, 337.8,-225.7,1595.4,   2.8,  -1.1
121287,   2.0,   4.1,   2.2,  72.9,  60.5, 976.7,   3.2,  -0.7
121313,  -0.9,  -2.0,   2.9,  32.6,  68.0, 989.6,   2.9,  -0.7
121337,   0.2,   2.1,   2.2,-191.5,  73.2, 876.9,   2.6,  -0.4
121365,  -2.5,  -2.0,   2.7,  10.6,  -9.6, 988.4,   2.6,  -0.4
121393,  -1.5,   1.7,   0.4,-162.7, -55.3,1000.4,   2.5,  -0.2
121413,  -2.3,   6.3,   0.8,-362.4,-123.6,1038.5,   2.2,  -0.3
121437,   1.1,   6.7,  -1.8,-304.5,  88.8, 779.0,   2.3,   0.0
121465,  -0.1,   3.4,   1.8,-162.7,  92.4, 811.4,   2.0,  -0.2
121489,  -1.2,  -0.6,   3.1, 124.9, -86.8,1059.0,   1.7,  -0.4
121513,   0.8,   2.0,   1.3,-105.6, 235.0, 824.1,   2.0,  -0.3
121537,  -2.6,   0.8,   0.5, -32.6, -95.1,1101.9,   2.0,  -0.5
121565,  -1.9,   3.0,   3.6,-201.8,-137.5, 948.9,   1.9,  -0.3
121589,  -0.7,  -4.5,   4.8, -30.9,  42.9, 788.7,   1.9,  -0.3
121613,  -0.7,  -2.0,   2.3,  43.6, 170.8, 975.7,   1.7,  -0.6
121637,  -3.1,  -0.3,   1.1, 163.0, 139.1, 787.3,   1.7,  -1.1
121665,   4.7,  -1.4,   0.1,  57.5, 166.2, 936.4,   1.7,  -1.1
121689,   1.8,   5.2,   2.2,-141.7,  82.4, 771.4,   2.1,  -1.2
121713,  -1.8,  -2.6,   4.6, 214.0, -61.1,1108.3,   2.0,  -1.1
121737,  -1.0,  -0.8,   3.3,   2.6,-153.9,1305.3,   1.8,  -1.0
121765,  -0.4,  -1.2,   4.4,-197.9, -29.6, 964.3,   2.1,  -0.8
121789,   1.0,   0.6,   3.3,  39.5, 157.6, 904.2,   2.3,  -1.1
121813,   0.7,   1.2,   3.6,-139.5, 155.4, 840.0,   2.3,  -1.0
121837,  -0.7,   1.1,   5.7,  36.3,  60.7, 989.4,   2.1,  -1.3
121865,   0.6,   0.4,   2.7, 124.4,-163.4,1135.9,   2.0,  -1.4
121893,   3.0,   1.6,  -0.4, 106.8,-126.1,1119.3,   1.9,  -1.5
121913,   0.8,   0.5,  -0.1, 152.5,-119.2,1286.8,   1.9,  -1.8
121937,   3.9,   6.9,  -0.9,-163.4, 185.0, 789.4,   2.4,  -1.5
121965,  -0.0,  -2.0,   3.1,  88.8,  43.1, 908.3,   3.0,  -1.3
121989,  -1.3,   0.5,   1.3, 144.2, 134.7,1002.8,   3.4,  -1.5
122013,  -2.8,   5.3,  -4.8,-149.3, 181.8, 987.4,   3.5,  -1.5
122037,   6.8,   4.7,   1.6,-282.3, 115.9, 571.7,   3.4,  -0.0
122065,  -3.1,  -2.3,   3.1, 274.3,  83.9, 900.8,   4.0,  -0.6
122089,  -2.7,  -2.8,   1.4,  49.5,   0.6,1241.8,   3.7,  -0.0
122113,  -0.8,   0.6,   0.2,   1.9,  75.8, 848.8,   3.8,   0.2
122137,  -1.8,   1.7,   0.1, -33.8, -44.0,1023.8,   3.6,  -0.0
122165,  -2.5,  -5.2,  -1.7, 132.2,   6.0,1106.1,   3.8,  -0.0
122189,   1.1,  -4.6,   1.8,   1.4, 230.1, 835.8,   3.6,   0.2
122213,   0.5,   1.6,   2.2,-185.9, -78.7, 905.4,   3.5,   0.1
122241,  -2.1,  -4.7,   0.8, 192.3,  29.7,1109.8,   3.8,  -0.3
122265,  -0.6,   0.1,  -0.8, 204.5,  57.0,1067.0,   3.8,  -0.6
122289,  -2.1,   1.8,   1.0, -12.1, 220.9, 900.0,   3.8,  -0.7
122313,  -3.9,   0.9,  -0.1, -48.9, -83.8, 937.6,   3.7,  -0.8
122341,  -1.5,  -0.2,   0.5,-152.4, 103.7, 829.7,   3.6,  -0.5
122365,  -4.9,  -1.6,   2.1, 105.9,   3.8, 963.3,   3.5,  -0.7
122393,  -5.7,   1.3,   0.8, 170.8,  83.2, 898.8,   3.4,  -0.8
122413,  -1.1,  -7.1,   3.6,-171.5,-163.4,1135.9,   2.8,   0.3
122441,  -0.4,   1.0,   3.5, 184.7, -55.3,1039.7,   3.4,  -0.5
122465,  -1.2,   2.8,   1.2,  31.4,  74.6,1086.8,   3.3,  -0.8
122489,  -2.5,   5.5,   0.8,-213.7,-104.1, 976.7,   3.0,  -0.5
122513,  -3.7,   1.2,  -0.8,  67.0, -58.4,1154.0,   3.2,  -1.0
122541,  -2.0,   3.3,   0.3,-133.2,  46.8, 979.6,   3.2,  -0.7
122565,  -0.9,  -0.4,   0.5,  52.1,  51.7, 941.5,   3.0,  -0.8
122589,  -1.7,   0.0,   2.6,  53.6,  95.1, 982.8,   3.0,  -0.6
122613,  -0.6,  -0.2,   4.2,  97.3, 182.5, 908.8,   2.8,  -0.7
122641,  -1.7,  -0.6,   3.3,  -0.1,  85.9, 929.6,   2.5,  -0.8
122665,   0.1,   0.5,   0.9,-122.9, 138.6, 904.9,   2.5,  -0.5
122689,  -0.4,  -0.9,   1.1,-148.8,  51.2, 992.8,   2.4,  -0.3
122713,  -1.2,  -4.5,   3.6,  92.7, 108.1, 991.8,   2.4,  -0.6
122741,  -0.8,  -0.5,   2.1,  -5.2,  32.6,1005.8,   2.3,  -0.7
122765,  -3.8,   0.5,   3.2,   4.5, -73.8, 882.7,   2.1,  -0.9
122789,  -2.1,  -0.6,   2.4,  49.0,  52.2, 842.4,   2.0,  -0.9
122813,  -4.2,   0.2,  -3.5, 201.8,  71.0, 905.7,   1.9,  -1.6
122841,  -2.6,   0.2,  -0.0,  58.0,-371.2,1591.5,   1.2,  -1.3
122865,   1.5,   2.5,   1.0,  45.6,  85.1, 963.8,   1.8,  -1.4
122893,  -0.4,  -1.9,   2.7,  10.4,  41.2, 848.8,   1.8,  -1.5
122916,  -2.1,  -3.4,   1.5,  77.5,-128.5,1139.3,   1.5,  -1.5
122940,  -2.3,  -0.9,   0.2, -27.4,  -1.1,1021.4,   1.9,  -1.5
122964,  -1.7,  -0.3,  -0.6, -13.5,  32.9,1146.4,   2.0,  -1.4
122988,   0.2,   3.0,  -2.2,-136.3,  99.5, 802.4,   2.1,  -1.1
123016,   2.1,   0.9,  -0.1, -34.0, 227.9, 904.4,   1.9,  -1.1
123040,  -0.0,   1.2,  -0.3, -44.0,  71.4, 841.0,   1.8,  -1.1
123064,  -0.5,  -1.4,   0.1,  41.9,-154.4,1073.1,   1.5,  -1.1
123088,  -0.4,  -2.2,  -2.8, 217.2,-238.4,1249.4,   1.3,  -1.7
123116,   1.2,   5.8,  -5.1,  40.9,  88.8,1496.0,   1.3,  -2.0
123140,  -0.3,   3.8,  -5.9, -91.2,  48.5, 975.0,   1.8,  -1.5
123164,   0.1,   1.1,  -5.3, -48.0,-152.4,1013.8,   1.6,  -1.4
123188,  -2.4,   0.5,  -4.4, -16.7,  -5.0, 954.2,   1.7,  -1.2
123216,   2.9,   3.0,   0.3,-100.4, 103.9,1060.0,   1.2,  -0.8
123240,   3.0,  -6.4,   1.1, 267.2, 105.9,1028.5,   1.9,  -0.7
123264,   1.6,   1.5,  -4.4, 131.2, -68.2,1076.3,   1.7,  -1.1
123292,   0.3,  -0.6,  -4.5,-105.3,  93.7, 793.6,   1.6,  -1.0
123316,  -0.2,  -2.3,  -4.1, 110.7, 114.9,1010.6,   1.6,  -1.1
123340,  -0.3,  -5.9,  -5.0,  -4.5,  45.1, 914.9,   1.7,  -0.8
123364,   2.7,   2.0,  -7.2,-110.5,  97.6, 891.3,   1.7,  -1.0
123392,   0.8,  -4.5,  -3.0, 117.6,  12.4,1061.4,   1.7,  -1.3
123416,   1.3,  -1.6,  -3.9, -43.1,  99.8, 861.0,   2.0,  -1.1
123440,   1.6,  -1.2,  -2.6, 112.7, 145.2, 893.2,   2.2,  -1.2
123464,  -0.2,  -2.1,  -1.4, 165.9,  -6.4, 970.8,   2.1,  -1.0
123492,   1.0,   2.0,  -6.4, -41.1, 118.3, 837.3,   2.7,  -0.7
123516,  -0.9,  -3.9,  -2.3, 121.2, 203.0,1068.0,   2.7,  -0.8
123540,   2.0,   2.2,  -6.0, -87.0,  83.9,1054.8,   2.7,  -0.7
123564,   0.4,   1.9,  -5.4,-136.1, -47.9, 988.2,   2.5,  -0.6
123592,  -2.2,  -2.4,  -4.1, 153.7,  13.1, 976.9,   2.5,  -1.0
123616,   3.7,  -0.9,  -6.4,   7.7,-130.5,1369.8,   2.1,  -0.9
123640,   2.4,   0.6,  -2.4, -39.2,  81.9, 893.9,   3.1,  -0.5
123664,  -1.6,  -1.4,  -5.4, 110.5,  21.4,1076.8,   3.1,  -0.9
123692,   1.8,   5.3,  -6.1,-154.4,  80.0,1057.0,   2.9,  -0.9
123716,   0.2,   5.5,  -5.0,-138.0, 127.4,1057.3,   3.1,  -0.8
123740,   1.6,   0.9,  -3.7,-129.7, 110.8, 846.6,   3.2,  -0.4
123764,   1.0,  -2.3,  -1.2, 178.6,  47.3,1191.1,   3.2,  -0.4
123792,  -2.9,   0.5,   1.3,  94.6,  86.1, 986.7,   3.4,  -0.5
123816,  -1.0,   2.4,   1.1,   6.0,-106.3,1051.4,   3.2,  -0.3
123840,  -0.7,   4.9,   0.1, -15.2, -80.7,1172.5,   3.3,  -0.5
123864,   0.6,   0.6,   0.9,   4.3,-191.0,1151.3,   3.0,  -0.3
123892,  -0.5,   1.1,  -0.2,  68.7,  83.7, 881.5,   3.1,  -0.3
123916,   0.6,   5.6,  -2.0, -40.4,  30.7,1035.1,   3.1,  -0.2
123940,  -0.7,  -2.3,   1.7, 169.3, 157.9, 956.2,   3.5,  -0.4
123964,  -3.3,  -2.8,   3.2, 117.1, 127.6, 890.3,   3.7,  -0.3
123992,  -8.5,   0.4,   1.9,  77.0,  95.1, 867.6,   3.9,  -0.6
124016,   4.4,   0.1,   7.0, 303.9,  66.3,1116.1,   3.2,  -0.2
124040,   1.7,  -2.6,   6.3, 201.8,  95.6, 870.0,   4.5,  -0.3
124064,   0.6,  -5.0,   6.3, 293.8,  68.5,1184.2,   4.2,  -0.5
124092,   0.7,   4.5,   4.3,-134.1,  40.2, 906.4,   3.8,  -0.1
124116,  -2.2,  -2.0,   5.7,  63.4, -75.3, 993.1,   4.0,  -0.2
124140,  -0.6,   0.3,   4.7,   1.6,  14.8,1066.3,   4.1,  -0.1
124164,   1.6,   4.1,   4.3,-139.3, -65.0,1075.1,   3.9,  -0.1
124192,  -2.1,  -4.7,   9.2, 209.4, -37.0,1236.5,   3.9,  -0.1
124216,   0.4,  -0.0,   4.3, 107.1,  57.5, 935.9,   3.9,  -0.4
124240,  -1.7,  -3.0,   9.6, 173.2, -35.5,1104.1,   3.6,  -0.4
124264,   2.8,  -0.4,   7.5, 117.6,  78.3, 894.4,   3.7,  -0.2
124292,  -1.4,  -2.8,  10.0,  81.2, 119.1, 949.4,   4.1,  -0.1
124316,   1.0,   1.6,   8.4,  38.0,  74.9,1035.3,   3.9,  -0.3
124340,  -2.0,   1.2,  10.7,  49.9,  46.5,1109.8,   4.1,  -0.5
124368,  -3.5,   0.4,   8.3, -22.1,  -3.7,1072.4,   4.2,  -0.8
124396,  -3.7,  -1.1,   9.8,  57.8, 146.2, 927.6,   4.2,  -0.9
124416,  -6.2,  -0.7,   9.6, 352.2,-241.1,1395.9,   3.9,  -1.3
124440,   1.9,  -2.1,  11.3, 108.5, 276.5, 848.8,   4.1,  -0.9
124468,  -1.2,   1.2,   7.7, 104.4, -37.2,1032.6,   4.2,  -1.4
124492,  -0.7,  -3.0,   5.0, 200.8, 128.1, 997.9,   4.2,  -1.4
124518,  -1.2,   1.0,   6.0, -59.2,  86.1, 955.5,   4.0,  -1.4
124542,  -2.4,   1.3,   6.4,-176.4,  86.3,1029.2,   4.1,  -1.4
124566,  -1.7,   2.7,   6.4,-141.5, 102.7, 863.7,   4.3,  -1.4
124590,  -0.8,   1.3,   4.4, -54.3,  36.8,1015.5,   4.0,  -1.5
124618,  -0.1,   4.4,   5.2,-235.2,  53.9, 892.5,   3.8,  -1.5
124642,  -0.4,   0.7,   3.8, -57.7, -11.1,1011.9,   3.6,  -1.5
124666,  -0.0,   0.3,   3.9,  96.6,  -8.4,1002.1,   3.6,  -1.7
124690,  -2.6,  -0.9,   2.2, 162.5, -44.8,1088.3,   3.3,  -2.1
124718,   1.3,   1.5,  -1.3,  75.1,   5.8, 987.9,   3.0,  -2.3
124742,  -2.1,   0.5,   0.3,  21.6, 113.4,1066.1,   2.8,  -2.4
124766,  -0.9,   0.8,  -2.3,   6.5, -21.6, 986.2,   2.6,  -2.4
124790,  -1.5,  -2.7,  -2.2, 146.6,  16.3,1023.8,   2.8,  -2.5
124818,  -1.7,   0.8,  -2.9,-138.3,  56.1,1028.5,   2.6,  -2.1
124842,  -4.6,   1.6,  -1.8, -15.0,-106.8,1006.0,   2.3,  -2.1
124866,  -3.4,   1.4,  -3.1, -34.8,  46.3, 920.1,   2.2,  -2.1
124894,  -2.4,  -1.7,  -3.0,-115.3,-289.6,1227.9,   1.8,  -2.1
124918,   0.5,   4.1,  -5.6,-153.7,  32.6,1081.7,   2.2,  -2.3
124942,  -2.4,  -4.2,  -4.4,  27.0, -28.2,1056.1,   1.9,  -2.1
124966,  -1.2,   0.0,  -6.0, -38.4,-136.1, 973.8,   1.6,  -2.2
124990,  -1.5,  -0.3,  -4.8,  -8.6,  29.5,1018.7,   1.7,  -2.0
125018,  -1.8,  -2.2,  -7.4, -67.7,-109.5, 942.5,   1.6,  -1.9
125042,  -2.5,  -1.9,  -7.1,  77.8,-117.8,1187.6,   1.5,  -2.1
125066,  -3.4,   1.6,  -9.5,  18.9, -50.9,1164.4,   1.7,  -2.1
125090,  -2.8,  -1.1,  -6.6, 236.5,-140.2,1203.5,   1.5,  -1.9
125118,  -3.2,  -1.4,  -7.0, 102.7,  28.2, 902.5,   1.7,  -1.8
125142,  -1.8,  -2.8,  -6.5, 237.2,  91.7,1070.7,   2.0,  -1.6
125166,  -3.2,   3.1,  -6.1,-142.4,-163.9, 984.0,   1.8,  -1.3
125190,  -2.4,  -0.7,  -7.2,-124.6,  41.9, 969.6,   2.0,  -1.1
125218,  -4.6,  -2.0,  -4.2, 111.2, 101.0, 975.2,   2.1,  -1.3
125242,  -5.4,   0.2,  -3.4, -43.1,  17.7, 901.8,   1.9,  -1.1
125266,  -7.0,   4.2,  -9.1,  58.2,-619.5,1620.7,   1.5,  -1.7
125290,  -1.0,  -3.1,  -3.0, 144.7,  15.5,1179.8,   1.8,  -1.4
125318,   2.4,   1.5,  -7.2, -40.1,  20.2, 918.1,   1.9,  -1.1
125342,   1.7,   0.8,  -4.2,  22.4, 137.1, 995.3,   2.1,  -1.1
125366,   0.6,  -2.9,  -4.2, 100.2, 162.0, 916.6,   2.3,  -0.8
125394,  -1.0,  -1.2,  -4.2,  70.7,  46.1, 882.5,   2.3,  -0.9
125418,  -2.0,  -3.2,  -0.5,  89.7, -10.8,1114.6,   2.2,  -1.0
125442,   1.9,  -0.3,  -5.2,  19.9, -18.9, 966.2,   2.4,  -0.8
125466,  -1.5,  -3.8,  -2.2, 210.6,  42.4,1049.7,   2.3,  -1.0
125494,   2.3,   3.1,  -6.6,  -0.8, 101.2, 849.8,   2.4,  -1.0
125518,  -0.8,  -6.6,  -3.6, 236.0, 227.2,1097.1,   3.0,  -0.8
125542,  -1.0,  -1.6,  -4.4, 128.6, 125.6, 985.5,   3.1,  -0.8
125566,  -1.7,   0.2,  -3.4, -12.6,  67.1,1034.3,   3.0,  -0.8
125594,  -5.1,  -5.8,  -4.2, 403.0, -36.0,1167.1,   3.3,  -0.6
125618,  -2.5,   2.4,  -5.6, -80.7,  61.7, 967.4,   3.1,  -0.4
125642,   0.3,   1.2,  -0.9,-217.4, 259.9, 877.6,   3.2,   0.1
125666,   2.3,   1.7,  -1.5, 127.3,  90.7,1018.9,   3.4,  -0.3
125694,  -0.4,  -0.3,  -3.0,  -4.5, -28.2,1004.3,   3.4,  -0.0
125718,  -0.0,  -0.8,  -0.1, -19.1,  48.7, 904.2,   3.5,  -0.0
125742,  -2.3,   0.6,  -1.5, 122.2, 190.3, 992.8,   3.6,  -0.2
125766,   0.7,   2.3,   0.5, -29.2,  62.2, 920.6,   3.2,   0.0
125794,  -1.8,   2.7,   1.4,-148.5,   2.4,1067.8,   3.3,  -0.1
125818,  -1.3,  -0.3,   0.0,   4.8,  46.1, 967.7,   3.3,  -0.2
125842,   0.9,   1.5,   2.1, 149.6,  96.4,1017.5,   3.1,  -0.3
125866,  -3.2,  -0.3,   4.5,  76.1, -18.6, 960.3,   2.9,  -0.3
125894,   0.4,   3.8,   2.7,-148.5, 104.9,1000.1,   3.0,   0.0
125918,  -1.7,   5.6,   2.3,-326.5, -93.3, 788.0,   2.9,   0.4
125942,  -0.7,   1.4,   1.1,-116.8, -57.9,1098.3,   3.2,   0.2
125966,  -1.8,  -1.2,   5.0,  89.7, -42.3,1083.9,   3.0,  -0.1
125994,   1.9,   0.7,   5.0, -31.6, 150.5, 880.5,   3.2,   0.1
126018,   0.1,  -1.5,   2.4, 172.8, -15.7, 996.5,   3.1,  -0.3
126042,  -3.4,  -3.1,   3.8, 224.8,  89.8,1075.1,   3.1,  -0.5
126066,   0.5,   0.4,   7.5, -79.2,-115.6,1204.0,   2.6,   0.2
126094,   3.4,   3.1,   3.8,-107.8,  72.7,1017.0,   3.1,  -0.2
126116,   0.4,   2.2,   3.8,-130.2,   8.2, 890.0,   3.0,  -0.3
126144,  -3.1,  -0.7,   4.3,  10.6,-178.8,1083.9,   2.5,  -0.5
126168,  -0.5,   1.1,   1.9,-167.3, -26.0, 901.3,   2.6,  -0.3
126192,  -1.0,  -3.0,   3.0,  86.6,  44.6,1020.4,   2.8,  -0.5
126216,   0.9,  -0.2,   5.7, -62.6, 171.5, 836.3,   2.7,  -0.4
126244,  -3.1,  -1.9,   6.1,  46.5, -24.7,1043.6,   2.7,  -0.5
126268,  -1.3,   0.8,   3.6, -33.3,  45.8, 916.9,   2.7,  -0.8
126292,  -1.3,   2.7,   3.9,-110.9,  54.1, 969.6,   2.5,  -0.9
126316,  -0.7,  -1.4,   2.8,-187.4, 161.0, 780.9,   2.9,  -0.6
126344,  -3.0,  -3.9,   4.7, 266.3, 145.9,1047.5,   3.1,  -1.0
126368,  -2.9,  -2.2,   5.9, 154.4,  82.4,1017.0,   3.1,  -0.8
126396,  -3.5,   2.8,   6.6,   3.3,  94.2, 949.4,   3.0,  -0.7
126416,  -3.3,  -0.2,   3.9,   5.8,  48.5, 913.7,   3.0,  -0.6
126444,  -2.6,   9.3,  -0.9,   6.5,  15.1,1091.5,   2.5,  -1.4
126468,   4.9,  -1.7,   1.0,-170.8,   1.1, 995.3,   2.0,  -0.5
126492,   1.6,  -0.7,   2.0,  63.6,  37.5, 951.1,   2.5,  -1.1
126520,   0.2,  -1.9,   3.3, 180.1, 108.8, 967.2,   2.4,  -1.1
126544,  -3.1,   1.9,   4.5,-248.4, 146.9, 901.3,   2.4,  -0.7
126568,  -1.9,   1.4,   0.5,  41.4, 125.9, 878.6,   2.7,  -1.1
126592,  -2.4,  -1.8,   1.5,  92.4, -79.7,1148.6,   2.1,  -1.3
126620,   0.2,   1.2,   0.8, -44.8, 147.6, 763.8,   2.3,  -1.0
126644,   0.4,   2.5,   0.8,-125.3, 160.1, 824.8,   2.2,  -1.0
126668,   0.1,   1.3,  -0.2, -68.2,  20.4, 964.3,   2.0,  -1.3
126692,   1.0,  -2.0,  -0.2, 166.9,  54.4,1002.3,   2.0,  -1.4
126720,  -0.6,   2.5,  -0.3, 101.0, -86.5,1118.3,   1.6,  -2.0
126744,   0.7,  -0.8,   1.3, -62.4, 164.2, 831.9,   1.8,  -1.4
126768,   0.2,  -1.8,  -1.0, 237.9, -45.3,1115.9,   1.8,  -1.6
126792,  -0.9,   1.9,   3.0, -35.0, -17.9,1021.6,   1.9,  -1.6
126820,  -2.1,   1.4,   1.0,  80.0,  75.1, 931.3,   2.2,  -1.6
126844,  -3.5,   4.7,  -2.2, 228.4, 168.9,1071.9,   1.9,  -1.9
126868,  -3.0,   2.7,  -4.3, -16.0,-288.2,1566.8,   1.5,  -1.7
126896,  -1.2,  -2.8,  -0.1,-292.3,  98.8, 833.2,   1.5,  -1.4
126920,  -0.1,  -5.6,   0.0,  20.9,   7.5,1168.6,   1.2,  -1.4
126944,   0.9,  -3.1,  -1.4, 138.1, 175.0, 995.0,   1.4,  -1.5
126968,  -2.4,   2.6,   0.0, 186.9, -51.6,1165.2,   1.5,  -1.8
126992,  -1.9,  -2.0,  -0.9, -21.6,  95.9,1002.3,   1.6,  -1.5
127020,  -0.0,  -1.6,  -1.2, -17.2,  90.0, 913.7,   1.7,  -1.3
127044,  -1.7,  -3.1,   1.6, -51.9,  -5.9,1024.1,   1.7,  -1.4
127068,   0.1,   2.5,   0.8,-181.7,   6.8, 985.0,   1.7,  -1.3
127092,   2.2,   1.4,  -0.6, -83.1, 265.5,1106.3,   2.0,  -1.3
127120,  -0.7,  -2.7,  -1.4,  32.1,-129.0,1225.7,   2.0,  -1.2
127144,   1.2,  -4.6,   1.0, 167.9,  88.8, 939.4,   2.3,  -1.2
127168,  -0.2,  -3.0,  -0.4,  19.2,  31.4,1024.3,   2.4,  -1.0
127192,  -1.3,   1.3,   2.3, -88.0,  53.6, 963.3,   2.3,  -1.0
127220,   3.6,   0.5,   2.8, -70.7, -29.1, 925.2,   2.1,  -0.7
127244,   1.2,  -7.2,   0.1, 153.7, -68.4,1190.1,   2.9,  -1.0
127268,   2.8,   0.6,  -0.1, -39.7, -76.0,1048.7,   2.6,  -1.0
127292,   0.4,  -1.2,  -1.7,  66.5,   5.0,1014.5,   3.0,  -1.1
127320,   0.5,   0.1,   0.9, -69.2,  57.3,1124.4,   3.0,  -0.9
127344,   0.2,  -0.6,   3.2, -83.8, 108.3, 914.9,   3.2,  -0.7
127368,  -2.2,   1.0,   0.6, 112.4, -16.4,1004.8,   3.2,  -1.1
127396,   3.0,  -0.6,   1.4,  87.1,  10.2,1052.6,   3.3,  -1.2
127420,   1.9,   0.7,   1.0,  39.9,  32.6,1024.1,   3.2,  -1.3
127444,  -0.3,  -2.4,   1.5,  93.2, 190.3, 922.5,   3.2,  -1.3
127468,  -2.3,  -1.6,   1.9, -76.3,  10.7,1145.7,   3.1,  -1.0
127492,  -0.9,   1.9,  -0.4,-198.1, 134.7, 862.0,   3.5,  -0.9
127520,  -0.6,  -3.5,   4.0, 114.4, 157.9, 957.9,   3.3,  -1.1
127544,  -4.4,  -1.6,   2.9, 186.7,  28.2, 953.5,   3.6,  -1.4
127568,   0.1,   3.7,   3.3, -28.9, 128.1, 951.6,   3.4,  -1.1
127596,  -1.3,  -0.2,   2.9, -96.5, 164.5, 769.2,   3.6,  -0.9
127620,  -8.8,   2.8,   1.4, 122.7,-352.9,1521.6,   3.3,  -1.5
127644,   0.4,  -4.4,   3.2, 366.4, 228.7,1009.4,   3.5,  -1.2
127668,  -3.3,   5.0,  -0.1,-127.1,-153.4,1016.7,   3.4,  -0.9
127696,   0.8,   6.2,  -0.8,-272.1,  80.2, 801.2,   3.0,  -0.4
127718,   1.6,   1.9,   0.5,-180.8, 182.3, 878.1,   3.1,  -0.3
127746,  -1.7,   0.2,   0.7, -30.9,  82.4, 820.7,   3.0,  -0.7
127770,  -5.5,  -1.6,   3.8, 227.4,  41.7,1003.8,   3.1,  -1.2
127794,  -2.0,  -1.9,   4.1, 153.7,  81.9, 976.9,   2.7,  -1.1
127818,  -3.0,   0.8,   2.4,  16.3,  23.6, 934.0,   2.7,  -0.9
127846,  -1.0,   2.7,   0.8, -55.0,-118.5, 951.1,   2.3,  -1.1
127870,  -0.3,   5.0,  -0.9,-247.2,  54.4,1091.2,   2.4,  -1.2
127898,   0.1,   3.3,  -0.6,-186.1,-141.9,1204.7,   2.2,  -0.9
127918,   0.1,   2.6,   0.5,  66.8, -40.1,1058.0,   2.7,  -1.3
127946,  -1.9,   0.9,   2.8,-230.6, -75.3,1003.8,   2.5,  -0.8
127970,  -4.2,  -2.9,   4.1, 116.8,  81.7, 885.4,   2.7,  -0.9
127994,  -2.6,   4.5,  -1.4, -40.4,-588.7,1427.6,   1.9,  -1.5
128018,  -2.4,  -1.3,   0.5, -35.0, -77.7,1062.4,   2.5,  -0.9
128046,  -1.2,  -2.2,   0.4, -86.0, -15.7, 877.8,   2.5,  -1.2
128070,  -2.7,   2.0,  -2.6, -85.8, -69.4,1040.2,   2.3,  -1.4
128094,  -2.2,   1.6,  -3.7,  97.3, -50.6,1056.1,   2.2,  -1.5
128118,  -1.5,   0.5,  -4.1, 173.0, 148.8,1193.3,   2.4,  -1.5
128146,  -2.2,   1.0,  -2.5, -88.7, -96.3,1020.2,   2.1,  -1.2
128170,  -0.8,   0.5,  -4.1,   5.3, -92.1,1065.6,   2.0,  -1.2
128194,  -0.6,  -2.2,  -5.0, 288.5,-159.5,1174.0,   1.8,  -1.4
128218,   1.1,   3.5,  -2.8, -10.4,  88.3, 897.4,   1.6,  -1.4
128246,   4.0,   1.6,  -6.0,  -8.9, -59.4,1097.8,   1.4,  -1.4
128270,  -0.2,  -3.5,  -4.9, 146.1,-107.5,1083.4,   1.6,  -1.3
128294,   0.1,  -1.4,  -1.9, -79.4, 204.3, 830.5,   1.8,  -1.2
128318,  -3.0,  -6.4,  -3.1, 213.5,  43.4,1086.8,   2.1,  -1.3
128346,   2.8,   4.6,  -2.9,-131.2, 200.1,1188.9,   1.4,  -1.4
128370,   3.6,  -2.0,  -0.3, 176.2, 143.0, 973.3,   2.2,  -1.1
128398,  -0.1,   0.3,  -4.1, 110.0, -50.6,1072.9,   2.1,  -1.1
128418,  -2.6,  -1.7,  -4.7,  89.0,-144.4, 906.9,   1.8,  -1.1
128446,  -0.9,  -1.4,  -3.5,  69.2,  98.3, 905.2,   2.0,  -0.8
128470,   1.4,  -0.8,  -3.6, -68.5, -25.5,1096.3,   1.9,  -0.6
128494,   1.6,  -0.5,  -1.4,  29.7,  21.6,1006.0,   2.1,  -0.7
128518,   0.5,  -2.1,  -0.2, 142.5, 189.1, 805.1,   2.1,  -1.0
128546,  -0.1,   0.3,  -3.7,-117.5, 105.6, 723.5,   2.3,  -0.7
128570,  -2.1,  -4.1,  -2.3,  -8.9,  -2.8,1109.5,   2.6,  -0.6
128594,  -1.4,  -4.4,   0.3, -15.7, 105.6, 888.1,   2.7,  -0.6
128622,   1.2,   1.7,  -4.2, 131.7,  94.6, 985.2,   2.6,  -0.8
128646,  -1.5,   5.3,  -2.5,-185.2, -10.3, 894.4,   2.3,  -0.6
128670,  -5.3,   2.0,  -1.9,  25.8, -92.4,1023.6,   2.4,  -1.0
128694,  -8.9,  -2.8,  -4.7, 322.9,  68.8,1018.7,   2.7,  -1.1
128722,  -2.2,  -3.1,  -2.8, 343.4,  88.8,1389.5,   2.8,  -0.6
128746,   0.2,   2.7,  -4.4, -86.3, -16.0, 791.9,   2.9,  -0.2
128770,  -0.2,  -1.9,  -2.8, 134.4, 146.6, 764.3,   2.9,  -0.3
128794,  -2.3,  -1.2,  -0.3, -79.4, 131.5, 932.8,   2.7,   0.0
128822,   0.4,   0.7,   0.2,-110.5,  30.9,1056.5,   2.6,  -0.1
128846,  -1.3,   1.1,  -1.0, -69.9, 143.0, 902.2,   2.8,  -0.3
128870,  -0.5,  -0.4,  -1.1,  52.6,  68.3, 889.8,   2.5,  -0.4
128898,   0.9,   1.4,  -3.4, 113.9,  57.8, 848.5,   2.6,  -0.4
128922,  -1.1,   2.7,  -3.8, -62.8,  50.5,1111.5,   2.5,  -0.3
128946,   1.3,   3.9,  -3.4,-151.2, 117.6, 872.7,   3.1,  -0.0
128970,  -0.0,  -3.2,   0.8,  16.7, 167.9, 882.7,   3.2,   0.5
128994,  -1.8,  -5.5,  -2.4, 252.8, -19.4, 988.7,   3.2,   0.1
129022,  -5.3,   4.2,  -7.7, 114.2, 111.0, 703.0,   3.4,  -0.4
129046,   2.7,  -8.8,   4.1, 239.9,  95.6, 974.5,   2.7,   0.5
129070,   3.9,  -4.5,   1.0, 212.1, 140.5, 985.2,   3.0,   0.1
129094,  -0.6,  -1.7,  -1.9,  65.3,-120.2,1011.9,   2.9,   0.0
129122,   4.3,   2.2,  -2.0, -30.6, 331.5, 904.2,   2.7,  -0.0
129146,   1.5,  -0.0,  -1.5,   7.2, 140.3,1012.8,   2.9,  -0.1
129170,   3.5,   4.5,  -0.7, -91.9, 244.5, 885.4,   3.1,   0.2
129194,   0.7,   1.4,  -0.9,  -5.5,   0.2,1021.9,   3.1,   0.1
129222,   3.2,   1.8,  -0.9, -98.0, 123.2, 892.2,   2.8,   0.2
129246,  -0.1,   2.3,  -1.9, 184.5, 166.9,1330.2,   3.2,  -0.4
129270,  -1.0,  -1.4,  -1.4,  -7.9, -22.1, 997.0,   3.6,   0.3
129294,  -1.0,   1.3,   3.3, 235.3, 209.9, 910.8,   4.0,  -0.2
129320,  -3.2,  -1.7,   5.5, -63.6, -14.0, 849.3,   4.1,   0.3
129344,  -3.8,   0.4,   4.7, 109.3,  50.2,1060.0,   4.0,  -0.1
129372,   9.1,   0.0,  12.2,  -9.9, 434.5, 529.0,   4.2,   0.5
129400,   2.7,   0.4,   4.3, 100.5,  23.1, 991.1,   4.3,   0.4
129420,   1.6,  -3.1,   5.3,  83.4, 125.4,1094.4,   4.5,   0.7
129444,  -0.0,   3.1,   1.3, -46.5, -10.8,1021.9,   4.2,   0.1
129472,   0.8,   6.1,   2.5,-131.9, 161.0, 892.0,   4.3,   0.2
129496,  -3.8,   0.3,   3.5,  75.8, -75.5,1147.4,   4.3,  -0.0
129520,  -0.2,   1.4,   0.3, 110.3, 155.4,1044.3,   4.4,  -0.4
129544,   0.1,  -0.2,   3.2, 196.4, 159.8,1036.3,   4.1,  -0.6
129572,  -0.2,   5.4,   4.7, -53.8, 145.9, 796.8,   4.1,  -0.5
129596,   0.1,  -1.1,   2.4, 143.2,  63.4, 962.5,   4.1,  -0.6
129620,  -0.4,  -0.9,   4.4,  38.0,  92.0, 945.2,   3.9,  -0.6
129648,   1.7,   1.4,   4.1, 125.1,  -0.6, 988.7,   3.6,  -0.8
129672,   1.1,  -0.7,   4.3, 155.9, 227.0,1101.9,   3.7,  -0.9
129696,  -0.9,  -2.2,   3.5,  78.5,  66.6,1133.2,   3.7,  -0.6
129720,  -0.7,  -0.0,   2.1,  15.8,  64.4,1018.5,   3.8,  -0.8
129748,   0.6,   1.4,  -0.6, -58.7, 187.7, 960.6,   4.1,  -1.0
129772,  -3.1,  -2.5,   2.1, 147.1,  86.8, 992.6,   4.3,  -1.2
129796,  -3.8,   2.4,  -0.4,  18.7,  43.6, 951.3,   4.2,  -1.3
129820,  -6.5,  -0.6,   1.1, 145.4,  65.8, 898.1,   4.5,  -1.3
129848,   2.0,  -3.1,   1.7, 287.3, 204.3, 875.9,   4.2,  -1.4
129872,   1.7,   3.1,  -5.1, 158.1, -43.3,1013.6,   4.5,  -1.6
129900,   1.5,   4.2,  -1.9, -91.9,  34.1, 900.0,   4.6,  -1.4
129920,  -0.2,   1.8,  -2.3,-144.1, 152.5, 867.3,   4.7,  -1.3
129948,  -0.4,  -1.1,   0.2,-114.4,  88.3, 909.8,   4.9,  -0.8
129972,  -0.5,  -1.7,   1.7,  87.8, 169.6,1049.7,   4.9,  -0.9
129996,  -1.1,  -0.0,  -0.0, -43.8, 102.2, 883.0,   4.7,  -0.9
130020,  -3.9,  -1.6,   3.5, 114.2, -47.2,1105.9,   4.4,  -1.1
130048,  -0.2,   2.4,   0.3,-186.6, 108.6, 911.0,   4.4,  -0.9
130072,  -0.6,  -1.4,   0.0, -32.6, 154.0, 906.4,   4.5,  -0.9
130096,  -1.6,  -3.8,   2.5, 180.1,  52.4,1041.9,   4.3,  -1.1
130120,  -0.5,   1.5,   1.1, -94.6,  12.1, 944.0,   4.0,  -0.9
130148,   0.5,   0.5,   0.3, -19.6, 118.1, 928.1,   3.8,  -1.0
130172,  -1.0,   0.2,   0.8,  56.1,   1.9, 995.7,   3.7,  -1.2
130196,  -0.4,   3.5,   0.3, -55.0, -47.2,1005.0,   3.4,  -1.5
130220,   1.3,   5.3,  -1.8,-140.0,  87.3,1062.2,   3.2,  -1.7
130248,   1.9,   1.3,   0.2, -11.6, 101.7, 995.5,   3.3,  -1.3
130272,   0.4,   1.1,   1.0,  -2.5,  84.4,1000.9,   3.2,  -1.4
130296,  -1.2,   0.8,   1.4,  44.1,   9.9,1047.0,   3.3,  -1.3
130320,  -1.4,   1.6,   2.4, -37.7,  48.0, 967.7,   3.2,  -1.1
130348,  -1.8,   1.3,   0.8,  24.6,  59.2, 947.2,   3.2,  -1.0
130372,  -3.9,  -5.1,   6.8, 202.5,-158.3,1148.3,   2.9,  -0.7
130400,   2.0,   3.4,   1.4, 253.8,  67.8,1039.0,   3.0,  -0.8
130420,   2.4,  -5.2,   2.2, 141.5,  61.0,1062.9,   2.9,  -0.5
130448,   1.0,   1.1,   0.1,  22.8, -10.1, 952.5,   2.7,  -0.8
130472,  -0.2,   0.6,   1.7, -47.0,  94.9, 880.8,   2.8,  -0.6
130496,  -1.3,  -1.2,   0.3,  43.4,   4.8, 955.0,   2.7,  -0.7
130520,  -1.0,  -0.8,   2.1,  42.6,  77.3,1024.3,   2.5,  -0.8
130548,  -1.4,   1.4,   2.3,-142.7, -43.5,1027.5,   2.4,  -0.8
130572,  -0.8,   0.5,   3.4, -50.6,  31.7, 943.3,   2.4,  -0.9
130596,   0.5,   0.1,   0.8,  35.3,  28.7,1028.7,   2.3,  -1.0
130620,  -0.1,  -1.0,   2.4,   4.0,  86.3, 902.7,   2.3,  -0.8
130648,   0.1,  -0.3,   1.4,  85.8,  -4.0,1024.1,   2.2,  -1.0
130672,   0.4,   0.8,   2.1,  18.5,  16.5,1038.5,   2.1,  -1.0
130696,   0.4,   1.4,   0.8, -16.9,  34.8, 989.9,   2.0,  -1.1
130724,   0.6,  -0.0,   2.3, -20.6,  59.0, 960.3,   1.9,  -1.1
130748,   0.1,   0.6,   0.5, -37.5,  44.1, 934.0,   1.9,  -1.0
130772,   0.9,   0.1,   1.6, -34.0, 109.5, 935.9,   2.0,  -1.0
130796,   2.3,  -1.9,   1.4,  60.7,  28.0, 968.9,   1.9,  -1.0
130824,  -1.7,  -1.2,   4.0,  69.5,  28.0, 967.2,   2.0,  -1.2
130848,  -0.9,  -1.4,   1.9,  30.9,  76.1, 930.8,   2.2,  -1.3
130872,   1.1,  -0.6,   3.1,   6.5,  83.9, 938.1,   2.1,  -1.1
130900,   0.2,  -1.1,   1.7,  83.6,  33.6, 977.9,   2.1,  -1.3
130923,  -1.3,   0.8,   4.4, -48.0,  62.2, 885.2,   2.0,  -1.2
130947,  -2.4,  -0.2,   2.1,  27.2,  75.4, 925.4,   1.8,  -1.5
130971,   7.4,   3.7,  -1.5, -63.3, 105.6,1040.4,   1.5,  -1.5
130999,   1.6,  -3.2,   1.4, 126.1, -20.3,1031.4,   1.8,  -1.4
131023,   0.4,  -0.2,   2.2,  93.4,  33.6,1018.7,   1.8,  -1.5
131047,  -1.3,  -0.9,   2.7,  28.5,  29.5,1034.8,   1.9,  -1.3
131071,  -1.4,   0.4,   1.3,   2.1,  41.9, 982.1,   2.1,  -1.3
131099,  -1.3,   0.9,   0.4,   7.7, -40.1,1044.8,   2.0,  -1.3
131123,  -0.6,   3.6,   1.7, -96.5,  92.2, 904.4,   1.9,  -1.3
131147,  -0.6,  -2.3,   2.8, 124.4, -12.5,1029.0,   1.8,  -1.4
131171,  -0.1,  -4.1,   2.6, 194.0,  19.2,1094.1,   1.8,  -1.3
131199,   0.5,  -0.1,  -0.4,  66.1, -29.1,1086.3,   1.9,  -1.4
131223,  -0.3,   0.6,  -2.0,  52.4, -11.3, 991.1,   1.9,  -1.4
131247,  -0.9,  -0.5,   3.2, 117.1,  -6.4,1009.4,   1.7,  -1.4
131271,  -0.7,  -0.4,   0.7, 177.6,   3.6,1124.2,   1.6,  -1.5
131299,  -0.6,   0.5,  -0.1, -11.6, -72.6, 987.0,   1.7,  -1.4
131323,   0.1,   1.8,   1.4, -43.3,  10.4,1072.4,   1.6,  -1.5
131347,   0.1,   3.1,  -2.1, -36.2, -94.1,1026.3,   1.5,  -1.8
131371,   2.0,   0.8,  -1.5,  -2.3,  58.8, 973.0,   1.6,  -1.6
131399,  -0.7,  -2.6,   2.0, 152.0,  38.2,1120.3,   1.6,  -1.8
131423,  -1.0,   1.4,   1.1,  94.1,  -2.8, 938.9,   1.6,  -1.9
131447,  -2.0,  -2.2,   1.2, 168.4,  52.9,1000.9,   1.4,  -1.9
131471,  -3.4,   2.2,  -4.7, 113.7,  93.9, 926.2,   1.6,  -2.4
131499,   2.3,   0.6,  -2.1, 244.5, 123.5, 979.4,   1.1,  -2.0
131523,   0.8,   2.4,  -1.2,  32.1,  53.1, 962.1,   1.0,  -2.1
131547,  -0.3,  -0.7,  -2.6,  30.7, 173.5, 931.3,   1.4,  -1.7
131571,   3.2,   0.9,  -2.9,-132.9,  20.4, 945.7,   1.1,  -1.5
131599,   0.3,  -3.8,  -1.5, 124.7,  52.6,1087.1,   1.3,  -1.5
131623,  -1.1,  -1.6,  -3.7, 159.8, 101.0,1013.6,   1.4,  -1.7
131647,  -2.8,   0.1,  -6.0, -13.5,-273.5,1275.3,   1.1,  -1.6
131671,  -0.4,   3.0,  -5.6,  -6.9, -34.8,1048.5,   1.4,  -1.9
131699,   2.1,  -2.0,  -4.1, 155.9,  40.0,1067.5,   1.3,  -1.7
131723,   2.8,   2.5,  -6.6, -13.3, -52.3,1092.9,   1.3,  -1.5
131747,   2.1,  -4.2,  -2.4,  85.6, 146.2,1014.5,   1.7,  -1.3
131775,  -0.4,   0.2,  -4.1, -58.2, 110.5, 948.1,   1.8,  -1.0
131799,   0.9,  -1.7,  -3.9,  13.6, 229.4, 833.2,   2.1,  -1.0
131823,  -0.4,  -5.2,  -2.2, 185.4, 114.2, 943.7,   2.0,  -0.8
131847,  -3.2,  -4.5,  -4.5, 381.5,  54.4,1196.2,   2.1,  -1.0
131875,   1.2,   5.5,  -2.6,-423.0,-207.6,1263.8,   1.7,   0.0
131903,  -0.7,  -6.1,  -2.0, 129.5,  31.2,1002.1,   1.7,  -0.2
131923,  -0.4,  -1.2,  -3.9,-241.3,  64.9, 836.6,   1.7,  -0.1
131947,  -1.3,  -2.8,  -3.6,  30.7,  78.8, 954.0,   1.8,  -0.4
131975,  -0.9,   0.2,  -3.3,  80.7,  78.8,1023.3,   1.9,  -0.6
131999,  -2.4,  -3.4,  -2.3,  27.2, 141.8, 804.3,   2.3,  -0.2
132023,  -2.2,  -4.4,  -1.7, 255.0, -90.2,1181.8,   2.0,  -0.4
132047,   0.3,   2.7,  -2.0, -57.7, 124.7, 817.5,   2.2,  -0.3
132075,  -2.2,   0.9,  -2.1, 121.7,-130.5,1041.6,   2.1,  -0.6
132099,  -0.4,   2.5,  -3.7, -15.5,-143.4,1152.7,   1.9,  -0.5
132123,   0.4,  -2.5,   1.2,  33.6, 300.0,1012.3,   2.5,  -0.1
132147,   0.1,   0.4,  -3.3, 119.0, -66.7,1057.8,   2.4,  -0.2
132175,  -0.1,   1.3,  -1.2,-182.7,  23.8, 960.6,   2.6,   0.2
132199,  -1.5,  -2.8,  -0.4, 126.9,  40.7,1046.3,   2.7,  -0.0
132223,  -1.8,   1.4,  -1.6,  48.0,  24.8, 896.9,   2.6,  -0.2
132247,  -5.6,   4.4,  -3.0,-261.6, -57.7,1028.7,   2.3,  -0.1
132275,  -2.3,  -9.2,   8.0, 570.5,  65.8,1038.5,   2.9,   0.0
132299,   0.2,   0.6,  -0.1,  45.8,  92.4, 921.5,   2.9,  -0.1
132323,   0.5,  -3.4,   2.3, 274.8, 237.5, 896.6,   2.8,  -0.3
132347,  -4.4,  -2.5,   1.8, 108.3,  79.7,1016.7,   2.6,  -0.3
132375,  -1.3,   3.3,  -0.3,-252.3,  22.6, 951.1,   2.7,   0.2
132403,  -1.6,  -5.7,   0.6, 228.4, -20.8,1216.5,   2.6,  -0.1
132423,  -3.2,  -1.1,  -0.4,  65.6, -97.3,1191.8,   2.7,  -0.1
132447,  -0.6,   2.8,  -1.1,-106.5,  62.4, 983.8,   2.5,  -0.2
132475,   0.9,   0.3,   0.8, 125.6,  98.5, 951.6,   2.6,  -0.4
132499,  -1.7,  -1.1,   1.9, 161.0,  -6.7,1017.5,   2.7,  -0.2
132525,  -0.7,  -1.1,   0.8, -79.0,  38.7, 973.8,   2.9,   0.2
132549,  -1.2,  -1.9,   1.7, 106.6,  31.7,1042.4,   2.9,  -0.0
132573,  -1.2,  -4.6,   1.9, -14.7,   7.2, 865.6,   2.9,   0.2
132597,  -3.4,  -0.3,   0.5, -67.5, -37.7, 909.1,   2.8,  -0.0
132625,  -5.9,  -1.3,  -0.9,  -8.9,-600.9,1509.9,   2.4,  -0.3
132649,  -1.8,  -6.3,   5.8, 136.4, 102.2,1158.8,   2.9,   0.2
132673,   1.4,   2.6,  -1.8, 182.5,  18.2,1012.8,   3.2,  -0.7
132697,  -1.3,   0.6,  -0.3,   0.4, -31.3,1041.4,   3.1,  -0.4
132725,  -1.9,  -3.4,   2.8, 144.2, 141.8,1006.7,   3.1,  -0.4
132749,   0.2,  -1.9,   1.6,  50.4, 158.1, 937.4,   3.2,  -0.3
132773,  -0.1,   2.5,   0.8,  39.5,  56.3, 929.8,   3.3,  -0.5
132801,  -1.7,   0.3,   2.8, 200.3,-160.5,1183.5,   3.1,  -0.8
132825,  -0.0,   3.8,   1.8, -91.9,  88.5, 867.8,   3.2,  -0.5
132849,  -0.6,   0.6,   2.8,  35.5,  72.7, 948.4,   2.9,  -0.8
132873,  -0.9,  -0.3,   1.3,  33.1,  23.1,1023.3,   3.2,  -0.5
132901,  -0.7,  -2.6,   3.0,  54.6,  92.7, 931.8,   3.3,  -0.6
132925,  -0.4,  -0.7,   2.1, 108.3,   9.2,1049.5,   3.4,  -0.9
132949,  -1.7,  -1.7,   1.7, 160.1,  60.7,1039.2,   3.4,  -0.9
132973,  -0.8,   1.6,   1.3,  48.2,  10.7,1069.7,   3.3,  -1.0
133001,  -3.4,   3.5,  -0.4, -92.6,  61.9, 916.6,   3.4,  -0.9
133025,  -2.4,   3.9,  -0.6,-107.3,  18.5,1190.8,   2.8,  -0.9
133049,   0.2,   4.7,  -1.0,-223.0, 192.1, 920.6,   3.2,  -0.9
133073,   0.4,   5.8,  -2.5,-213.2, -22.8,1002.3,   3.1,  -0.9
133101,  -2.4,  -2.1,   0.8, 129.5, -30.1,1084.1,   3.0,  -1.0
133125,  -4.3,  -2.8,   1.3, 262.1, -34.5,1197.4,   3.0,  -1.0
133149,  -1.8,   1.1,   0.9, 100.5,  50.7,1027.5,   3.0,  -0.8
133173,  -1.9,   3.4,   0.3, -94.8,-102.9,1064.4,   2.9,  -0.7
133201,  -1.5,  -0.9,   2.3,  59.0,  45.8, 967.7,   2.9,  -0.8
133225,  -1.6,   0.3,   2.2,   2.1,  54.4,1042.9,   2.8,  -0.8
133249,   0.4,  -1.7,   1.6,  75.8,  96.6, 941.8,   2.7,  -0.9
133273,  -1.7,   4.1,   0.2,-248.6,  15.3, 885.4,   2.7,  -0.7
133301,  -0.1,  -0.9,   2.3,  89.0,  41.7, 998.7,   2.8,  -0.7
133325,  -1.9,   1.2,   1.1,  13.3, -31.6, 991.1,   2.8,  -0.9
133349,  -0.6,   1.0,   1.9, -52.1,  58.3, 921.8,   2.6,  -1.0
133373,  -0.4,   2.0,  -0.1,  15.0,  10.9,1029.7,   2.7,  -1.1
133401,  -1.3,  -2.1,   1.7, 121.2,  47.0, 954.2,   2.7,  -1.3
133425,  -3.6,  -3.0,   0.5, 179.3,-107.3,1279.0,   2.7,  -1.6
133449,   2.6,  -2.5,   3.9, 234.0, 204.0, 846.8,   2.3,  -1.4
133473,   1.4,  -1.0,  -1.9, 104.4, -58.2,1087.3,   2.3,  -1.4
133501,   0.2,   1.7,   0.1, -69.2,-135.1,1005.3,   2.0,  -1.3
133525,  -0.4,  -0.4,   0.2,  -1.6,  50.9, 943.5,   1.9,  -1.3
133549,  -1.4,   1.1,   0.3, -19.4,-262.8,1160.1,   1.8,  -1.2
133573,  -0.4,   0.8,   0.2,  -7.4, -35.5, 976.0,   1.9,  -1.4
133601,  -0.4,  -1.9,   0.5, 126.6,  51.2,1035.8,   1.8,  -1.4
133625,  -0.0,   1.6,   0.7,  11.6,  71.0,1077.3,   1.5,  -1.3
133649,   1.3,   0.1,   0.0,  33.3,  97.6, 980.1,   1.4,  -1.2
133673,   1.3,   1.4,  -0.8,-104.6, 133.2, 806.1,   1.4,  -1.0
133701,  -1.2,  -3.2,   0.7,  48.0,  20.2,1062.4,   1.5,  -0.8
133725,  -0.5,  -3.1,   0.3, -74.6,  38.5, 815.6,   1.7,  -0.6
133749,  -0.3,  -4.5,   0.6, 296.0, 174.5,1166.6,   1.7,  -1.0
133773,  -2.7,  -3.8,   0.4, 108.8,  24.1, 915.4,   1.8,  -0.9
133801,  -1.0,   6.3,   0.6,-145.1,  73.6, 976.5,   1.6,  -0.9
133825,   8.7,  -2.4,   6.0, -28.7, 141.3, 788.7,   1.3,  -0.3
133849,   2.8,   2.7,   0.2,-100.0,   3.6, 939.1,   2.1,  -0.8
133901,  -0.6,  -0.6,  -0.7,  12.8,-119.5,1256.5,   2.1,  -1.0
133905,   2.0,   1.8,  -0.5,-155.4,  49.2,1000.6,   2.1,  -0.8
133925,  -1.2,   5.2,  -1.7,-116.8, -54.0,1052.9,   2.3,  -1.1
133949,   0.2,  -1.9,  -0.7, -31.6,  59.5,1050.4,   2.6,  -0.8
133977,  -2.5,  -5.5,   0.5, 286.8,  94.6, 968.9,   2.8,  -1.1
134001,  -0.2,  -0.6,   0.3, 167.1, 179.8, 871.5,   2.8,  -1.2
134025,  -1.1,   1.2,  -0.3,  29.9, -15.5, 930.3,   2.7,  -1.1
134049,   1.6,   0.5,  -0.1,  71.4,  57.3, 963.5,   2.8,  -1.0
134077,  -1.3,   2.4,   1.2,-216.2,   6.5, 799.9,   2.6,  -0.5
134101,  -0.7,  -1.1,   1.1,-192.2, 190.1, 960.3,   2.8,  -0.2
134127,   1.2,  -5.1,   0.5, 234.8,  96.1, 981.6,   2.9,  -0.4
134151,   1.4,  -6.9,   2.1, 282.9,  64.6, 966.2,   2.7,  -0.6
134175,  -0.3,  -5.5,  -1.5, 205.7,  31.2, 950.1,   2.7,  -0.8
134199,  -6.8,  -1.1,  -4.3,   0.1,-453.9,1369.5,   2.4,  -1.0
134227,   1.5,   2.3,   1.0,  78.5, 155.2, 890.8,   2.9,  -1.2
134251,   1.6,   3.8,  -3.6, -76.0,  71.9, 840.2,   3.2,  -1.3
134275,  -2.0,  -3.4,  -1.2, 234.8, -40.4,1146.4,   3.2,  -1.3
134299,  -1.8,  -0.5,  -0.0, -76.5,  71.4, 915.2,   2.9,  -1.0
134327,  -0.7,  -0.0,  -1.8,-142.4,  44.8, 818.5,   3.2,  -0.9
134351,   0.7,   0.0,   0.3,  33.1,  88.0, 986.5,   3.0,  -1.0
134375,  -2.8,   2.0,  -0.8,  67.3,  10.7, 975.0,   3.2,  -1.2
134403,   1.6,   6.9,   0.6,-237.4,  22.6, 890.3,   3.3,  -0.7
134427,  -1.0,   1.8,  -1.7, -82.4,  74.6, 935.0,   3.4,  -0.7
134451,   1.0,   1.6,  -3.0, -74.3, -79.7, 922.5,   2.8,  -0.8
134475,   0.4,  -5.9,   0.8,  74.9,  63.1,1009.4,   2.7,  -0.5
134499,  -0.6,  -0.5,  -2.1,  51.9,-122.4,1112.7,   2.7,  -0.5
134527,   0.5,   1.2,  -1.4, -40.1, 133.7, 954.2,   2.8,  -0.6
134551,  -3.3,   1.5,  -4.5,-146.6,  -7.9, 790.9,   3.0,  -0.7
134575,  -6.6,  -6.4,  -1.7, 137.1,  49.5, 995.7,   2.7,  -0.7
134599,   2.4,   1.6,   1.1, 345.1, 176.2,1022.8,   2.4,  -0.7
134627,   3.0,   3.7,  -5.8,  85.3, 127.4, 976.5,   2.9,  -1.2
134651,  -1.3,   2.2,  -5.3, -31.1,-187.3,1259.7,   2.5,  -1.2
134675,  -1.3,  -0.9,  -3.0,   6.2, 233.1,1017.0,   2.8,  -1.0
134699,  -1.1,   1.8,  -2.3,-102.9,  -9.1,1012.1,   2.6,  -0.9
134727,   2.0,   0.3,   0.5,-110.0, 163.2, 799.0,   3.1,  -0.4
134751,   0.1,   3.6,  -0.8,-186.1, 195.7, 877.6,   3.0,  -0.5
134775,   0.1,   0.2,  -2.3,  40.2,  97.6, 850.7,   3.0,  -0.6
134799,  -1.2,  -2.1,  -1.9, 123.9, 123.5,1146.1,   2.8,  -0.8
134827,  -0.4,   2.8,  -3.0,-112.9,  -7.4, 932.5,   2.8,  -0.3
134851,  -1.7,   0.2,  -1.1, -52.8, 105.1, 920.1,   3.0,  -0.2
134875,   1.8,   1.6,  -2.5, -80.4,  99.8, 796.0,   2.9,  -0.2
134903,   0.1,   2.1,  -5.9, -44.8,  30.7, 910.1,   2.9,  -0.1
134927,   0.9,   5.3,  -5.1,-261.6, 125.6, 731.8,   3.0,  -0.2
134951,  -4.2,   1.3,  -2.7, -84.1,-217.4,1268.2,   2.9,  -0.3
134975,  -1.7,   3.6,   1.0, -23.3, -73.8,1018.9,   2.9,   0.1
135003,   1.9,   7.4,  -6.1,  45.6,  14.8,1009.2,   2.8,  -0.6
135027,  -0.0,   0.6,  -2.6, 126.9,  27.3,1082.7,   2.9,  -0.2
135051,   0.7,   0.6,  -3.1, -16.2,  41.9, 942.0,   3.0,  -0.1
135075,  -0.3,  -2.0,   0.4,-273.5, 112.5, 803.6,   3.0,   0.3
135103,  -0.3,  -3.1,  -2.3,  42.1,  72.9,1060.9,   3.3,   0.0
135127,   0.5,  -0.6,  -2.3,  42.9, 117.3, 965.5,   3.2,  -0.1
135151,   0.9,   2.8,  -2.3, -15.2, -30.1, 999.7,   2.9,  -0.4
135175,  -2.0,  -2.4,  -0.9, -42.6, -11.8,1164.2,   3.3,  -0.0
135203,  -0.0,   2.5,  -1.6, -81.6,  42.9,1063.9,   3.6,   0.0
135227,  -1.5,  -1.1,   1.0,  26.5,  53.6,1043.4,   3.7,   0.1
135251,  -2.2,  -5.2,   1.0, 193.5, 122.2,1112.9,   3.7,  -0.0
135275,  -2.0,   3.9,  -0.9,-180.8, 103.4, 745.7,   3.6,   0.2
135303,  -2.8,  -2.2,  -0.0, 163.0, 182.5, 881.2,   3.8,  -0.3
135327,  -5.6,  -4.5,  -1.5, 381.0,-213.5,1508.0,   3.7,  -0.5
135351,  -1.2,  -3.4,   2.8, 166.2,  33.6, 981.6,   3.5,  -0.1
135375,  -2.4,  -1.4,   4.9, 203.3, -66.7,1117.3,   3.4,   0.0
135403,   1.7,   2.5,   1.3,  32.9, 233.1, 975.2,   3.6,   0.1
135427,  -4.0,  -2.6,   3.7,  88.8,-142.2,1077.0,   3.4,   0.4
135451,  -0.5,   1.2,   2.4, -61.4,  76.1, 941.8,   3.2,   0.0
135475,  -0.7,  -1.8,   3.9,  82.4, 111.7,1019.7,   3.0,   0.1
135503,  -1.8,   0.8,   1.9, 128.1, 139.6,1010.4,   3.1,  -0.2
135527,  -2.0,  -0.8,   3.6,  37.7, -38.7,1025.8,   2.7,  -0.1
135551,  -1.1,  -1.2,   3.6,  65.3,  35.1, 943.0,   2.5,  -0.2
135575,   0.4,  -0.8,   1.9, 180.1, -50.4,1151.5,   2.1,  -0.5
135603,   3.3,   2.8,   1.3, 104.9, 304.4,1157.6,   2.0,  -0.7
135627,   1.3,   1.7,   1.5, -24.0, 144.2,1099.3,   2.3,  -0.1
135651,  -0.1,  -1.1,   5.9,-124.9,  -1.3, 961.1,   2.3,   0.5
135675,   0.2,  -6.4,   4.9,  54.8,   4.3, 860.7,   2.4,   0.4
135703,  -1.5,  -3.4,   3.3, 325.3,  55.1,1020.2,   2.3,  -0.2
135725,   1.7,  -4.1,   7.3, 175.4,  19.2,1161.5,   1.9,   0.1
135753,   0.5,   0.4,   4.2, 154.2,  45.6, 918.6,   2.6,  -0.8
135777,   0.4,   0.4,  -0.9,-214.0,  79.7,1052.6,   2.7,  -0.9
135801,  -0.1,  -0.9,   1.2, -51.9, -14.5, 961.6,   2.7,  -1.0
135825,  -2.8,  -2.2,   3.0,  14.3,  48.3, 958.4,   2.8,  -1.1
135853,  -2.4,   2.1,   3.2, -23.3,  43.6,1035.5,   3.0,  -1.1
135877,  -2.3,   4.4,   0.6, -94.3,  -4.2,1005.0,   3.0,  -1.4
135905,  -1.0,   1.3,   3.3,-198.1,  73.9, 993.6,   3.0,  -1.1
135925,  -1.2,  -0.5,   2.7,  -6.7, -41.1,1075.3,   2.9,  -1.5
135953,  -1.6,   0.6,   2.8,  18.0,  98.5, 903.5,   3.1,  -1.3
135977,  -1.5,  -0.7,   2.4,   0.1, -94.1, 998.9,   2.6,  -1.3
136001,  -0.4,   0.0,   2.5, 151.3,-169.3,1100.7,   2.2,  -1.6
136029,   2.3,   6.7,   0.7,-156.6,  31.2, 958.4,   2.0,  -1.6
136053,  -0.2,   2.3,   0.3, -48.2,  -1.1, 864.4,   1.9,  -1.7
136077,   1.4,   4.4,  -2.1,  27.7, -54.0, 978.7,   1.7,  -2.2
136101,  -1.2,   2.4,  -4.4,  -0.1, 137.4, 905.4,   2.1,  -2.2
136129,   2.9,  -0.3,   1.3,-380.0,-158.0,1115.4,   1.3,  -1.4
136153,   1.8,   2.2,   0.3,  30.7, -17.2, 964.5,   1.8,  -1.9
136177,   0.8,  -5.1,  -1.7, -59.7,  42.9,1053.6,   2.0,  -1.5
136201,  -1.0,   2.8,  -6.8, 198.4,-233.7,1194.5,   1.9,  -1.9
136229,  -1.4,  -1.0,  -4.9,  57.5, -23.0, 979.9,   1.9,  -1.6
136253,   1.4,  -0.3,  -5.3,  84.6, 105.6,1118.6,   1.9,  -1.4
136277,   0.9,   2.0,  -6.5, -61.6,-117.0,1060.0,   2.0,  -1.4
136301,  -3.2,   3.7,  -6.8,-193.5,-166.6,1068.0,   2.0,  -1.4
136329,   0.2,  -2.2,  -6.8,  42.6, -50.1,1006.5,   2.1,  -1.4
136353,  -3.7,  -1.0,  -7.3, 113.4,-177.8,1342.2,   2.3,  -1.6
136377,  -0.3,   3.9,  -8.1, -79.0, 114.4,1021.6,   2.7,  -1.4
136405,  -1.1,   3.4,  -7.3,-292.1,-133.1,1011.9,   2.5,  -1.0
136429,   2.3,  -2.0,  -3.4,  12.1, 210.6, 941.3,   2.6,  -0.7
136453,  -0.9,   4.7,  -5.8,-207.4,  26.8, 859.8,   2.7,  -0.5
136477,  -2.0,  -1.1,  -4.7,  85.8,  10.2,1086.1,   2.7,  -0.6
136501,  -3.5,   0.5,  -7.2, -69.9, 126.4, 782.9,   2.8,  -0.6
136529, -10.3,  -0.5, -11.1, 179.6,-559.9,2064.8,   2.9,  -1.3
136553,   3.0,  -0.8,  -1.2, 212.8, 252.1, 870.5,   3.3,  -0.9
136577,   0.5,   6.9,  -1.4,-220.3,  68.3, 788.0,   4.0,  -0.2
136601,  -2.0,  -8.3,   1.0, 647.1,  40.7,1203.8,   3.6,  -0.7
136629,  -0.9,   1.6,  -1.3,-183.9,  62.7,1014.3,   3.6,   0.4
136653,  -0.4,   4.6,  -3.0,-266.7,  77.6, 730.6,   3.6,   0.6
136677,  -1.3,  -1.9,  -0.8,  43.6,  75.1,1017.0,   3.3,   0.4
136701,  -1.8,   1.4,  -2.2,-162.5,-142.4,1105.9,   3.1,   0.7
136729,  -2.1,   1.9,   0.6,-248.4, -10.1, 855.4,   3.2,   0.6
136753,  -0.8,   0.6,  -0.4,   2.3, -32.8,1052.9,   3.0,   0.1
136777,  -0.6,  -4.0,   1.7,  50.9, 248.7,1052.9,   3.2,   0.3
136801,  -0.2,  -2.0,   1.3,-134.4,   9.9, 894.9,   3.1,   0.6
136829,  -3.8,  -6.9,   5.8, 102.0,-110.4,1078.0,   2.9,   0.7
136853,   0.4,  -0.7,   4.9, 172.3,  38.7,1019.2,   2.8,   0.6
136877,   1.2,  -1.9,   3.9,  39.2, 132.0, 880.8,   2.8,   0.6
136905,   0.5,   1.8,   0.8,  90.0,  49.2, 933.0,   2.8,   0.6
136929,  -3.5,   3.3,  -2.2, 136.6,   1.4, 984.5,   2.7,  -0.2
136953,  -3.2,   1.7,  -1.8,-310.4, 173.0, 904.7,   2.6,   0.3
136977,  -1.4,  -7.1,   7.3, 215.5,  50.7,1073.1,   2.9,   0.9
137001,   1.5,   4.1,   3.5,-278.4, 173.0, 744.0,   2.7,   0.5
137029,   0.9,  -3.1,   3.8,  40.9,  -3.0, 926.4,   2.7,   0.6
137053,  -0.6,  -4.8,   7.4,  -3.0,  75.6, 834.6,   2.6,   0.7
137077,   0.3,   0.5,   4.1, -51.9,  17.2, 953.3,   2.5,   0.8
137105,  -2.6,  -3.3,   3.9,  89.7,-114.1,1101.0,   2.5,   0.8
137129,  -1.5,   1.3,   3.9,  15.8, -47.0, 931.8,   2.5,   0.3
137153,   0.4,   2.8,   3.1,   7.2, 156.7, 837.5,   2.5,   0.2
137177,   1.4,  -2.2,   3.7, 104.1, 137.9, 922.0,   2.1,   0.0
137205,   0.1,  -7.0,   5.5, 306.8,  61.9,1126.6,   2.2,  -0.0
137229,  -0.6,  -2.5,   5.9,  51.2, 161.0, 835.3,   2.4,   0.2
137253,  -1.5,  -3.4,   4.9,  80.0, -31.6,1149.1,   2.2,  -0.1
137277,  -1.7,   4.3,   3.3,-311.1,-118.2, 868.8,   2.0,   0.3
137305,  -3.6,   1.1,   1.1,   3.3, -92.1, 997.7,   2.0,  -0.3
137327,  -6.1,  -1.1,  -0.3, 167.4,-699.5,1620.3,   1.5,  -0.7
137355,   0.8,  -2.3,   7.4, -67.2,  84.9, 839.7,   2.5,   0.3
137379,   1.8,  -0.2,   3.0,  80.5,   3.6, 941.8,   2.4,  -0.3
137407,   1.7,   0.4,   4.7, 164.0,  93.9, 933.0,   2.5,  -0.5
137427,   1.5,  -1.1,   3.6, -71.1, 142.2, 932.5,   2.4,  -0.4
137455,  -1.0,  -3.7,   3.2,  73.9,-179.0,1233.8,   2.4,  -0.3
137479,   0.9,  -1.6,   3.5, -96.3,  56.6, 966.2,   2.5,  -0.4
137503,   0.9,   0.8,   3.8,  15.5, 108.1, 914.4,   2.7,  -0.6
137527,  -0.2,  -0.5,   4.1, 232.1, -19.6,1186.4,   2.3,  -1.0
137555,  -0.8,   1.1,   1.3,   2.1, -34.8,1003.1,   2.3,  -0.9
137579,   1.3,   4.5,   2.6,-159.0, 168.1,1110.0,   2.4,  -0.7
137603,  -1.3,  -0.3,   4.2,-151.0, -35.7, 963.8,   2.7,  -0.3
137627,   1.0,   3.3,   3.2,-284.5, 187.4, 808.0,   2.8,  -0.3
137655,  -0.0,  -4.1,   1.6, 158.3,  31.4,1100.7,   2.8,  -0.5
137679,  -0.7,   2.4,   0.8,  18.7, -64.0,1009.2,   2.6,  -0.8
137703,  -2.4,   4.5,   0.8, -48.9, 121.3, 901.5,   2.9,  -0.8
137727,  -8.5,   6.5,   0.6,-325.3,-460.5,1407.9,   2.3,  -0.8
137755,   0.7,   6.9,   2.7,-269.9,  79.0, 924.9,   2.9,  -0.4
137779,  -0.9,   4.3,  -1.9,-225.2, -84.6, 904.9,   3.0,  -0.8
137803,  -0.6,   0.5,   1.5, 170.8,  62.4,1096.3,   2.9,  -1.2
137827,  -1.0,   0.0,   2.0, -60.4, 149.8, 867.8,   3.0,  -0.8
137855,  -1.5,   1.2,   2.4,-124.6, 117.8, 878.6,   3.1,  -0.6
137879,   0.5,  -0.1,   4.4, -79.2,  -6.4, 886.1,   2.9,  -0.6
137907,  -0.0,  -3.6,   2.3, 156.1, -61.6, 986.7,   2.8,  -0.9
137927,   1.5,   2.0,   1.4,-110.7, 184.2, 771.6,   3.0,  -0.8
137955,   0.9,  -1.6,   1.9, 156.4, -35.7,1120.3,   2.7,  -1.0
137979,   1.3,   3.9,   2.4,-123.1, -37.2, 956.0,   2.7,  -0.9
138003,  -0.1,  -0.9,   1.2,-193.9,  57.3, 892.0,   2.9,  -0.6
138027,  -0.7,  -2.4,   2.4, -34.3,  55.3, 973.5,   2.9,  -0.7
138055,   1.7,   2.8,   1.5, -73.8, 136.1, 912.3,   3.0,  -1.0
138079,  -0.4,  -0.2,   0.7,  37.0, -15.7,1115.1,   3.0,  -1.1
138103,  -1.7,   2.0,   1.6, -26.2,  59.2, 933.2,   3.2,  -1.0
138127,  -5.0,   0.6,   3.1,  -9.1,  53.6, 976.2,   3.0,  -0.9
138155,  -3.8,  -0.6,   1.9, 276.5,-425.6,1695.5,   2.6,  -1.0
138179,   0.9,   3.9,  -0.1,  81.4,  65.1,1023.6,   3.3,  -0.8
138203,   0.2,   0.7,   0.0,  27.2, -14.0,1009.9,   3.0,  -0.8
138231,  -1.9,   1.1,   0.6,  24.6,  98.1, 962.1,   2.9,  -0.9
138255,  -0.3,   0.9,   2.2,  62.2,   7.5, 989.4,   2.7,  -0.8
138279,   0.4,   0.0,   2.7,  21.4,  71.4, 873.2,   2.9,  -0.6
138303,  -1.5,  -0.4,   1.5,  46.8,  19.0, 953.0,   2.7,  -0.7
138331,  -1.2,  -1.9,   1.4, 190.1,  14.1,1075.8,   2.4,  -0.8
138355,  -2.0,  -1.0,   2.4, 140.0, -83.3,1052.9,   2.2,  -0.8
138379,   1.6,   1.6,   0.5,  -0.8,  13.3,1039.2,   2.1,  -0.7
138407,   0.9,   3.7,  -0.2, -63.6,  66.6, 947.7,   2.1,  -0.5
138431,  -2.3,  -0.1,   1.1, -46.0, -23.8,1005.3,   2.2,  -0.2
138455,   0.8,  -1.9,   0.2, 239.9, 194.7,1020.4,   2.3,  -0.6
138479,  -2.0,   2.0,   0.4,  68.7, -76.3,1036.3,   2.0,  -0.6
138503,  -2.6,  -1.2,   1.6,  97.3, -74.5,1096.8,   2.1,  -0.4
138531,  -4.5,  -0.8,   1.3, 154.0,-664.6,1769.9,   1.7,  -0.3
138555,   5.7,  -1.1,   3.4,  -1.6, 266.5, 743.6,   2.0,   0.0
138579,   1.5,  -1.7,   0.8,  91.0,  27.5,1056.3,   2.5,  -0.4
138603,   0.2,   0.8,  -1.9,  66.3,  65.8, 986.7,   2.4,  -0.5
138631,  -3.4,   2.5,  -3.1,-158.3,-248.6,1211.6,   2.1,  -0.5
138655,  -0.0,   1.3,  -0.6,-330.4, -23.8,1005.0,   2.3,  -0.2
138679,  -0.9,   2.4,  -2.9,-142.2,   2.6,1095.4,   2.5,  -0.3
138703,   2.3,   1.9,   2.0,-222.5, 194.5, 727.9,   2.6,  -0.1
138731,   0.6,  -2.8,   0.0, 177.6, -14.0,1222.6,   2.3,  -0.5
138755,  -0.5,   2.1,   1.0, -26.7, 137.6, 835.8,   2.4,  -0.5
138779,  -0.9,   1.4,   1.2, 158.8,-150.0,1112.2,   2.2,  -0.5
138803,   0.1,   2.8,  -0.0,-184.9, 164.2, 931.3,   2.5,  -0.1
138831,  -1.3,  -3.2,   1.6, 100.5,  50.2,1073.6,   2.5,  -0.1
138855,  -2.7,  -1.3,   0.5,   4.5,-223.0,1051.4,   2.1,  -0.1
138879,  -2.4,  -4.7,   0.9, 134.9,  36.5,1134.2,   2.2,  -0.2
138907,  -0.9,   2.4,  -2.0, -29.9, 137.6, 881.5,   2.3,  -0.1
138930,  -5.2,  -3.9,   0.9,  71.7,  79.5, 837.8,   2.3,  -0.1
138954,   3.0,   2.0,   0.7,   4.0,-198.1,1357.8,   1.7,  -0.1
138978,   0.8,   2.3,   0.6,-124.4,  36.3, 885.6,   2.9,   0.0
139006,  -0.6,  -1.0,   0.8, 196.9, -21.3,1103.7,   2.5,  -0.3
139030,  -0.0,   2.1,  -1.2, -18.7, 210.1, 945.5,   2.6,  -0.4
139054,   1.2,   2.4,  -0.4,  75.1,  28.0,1054.3,   2.7,  -0.4
139078,  -1.8,  -4.2,   2.5, 178.4, 139.6, 924.2,   2.8,  -0.3
139106,  -1.7,  -0.8,   1.7,  39.9, 130.8, 970.8,   2.8,  -0.3
139130,  -1.0,  -0.9,   1.7, -34.8, -24.7, 945.7,   2.5,  -0.4
139154,  -1.2,   0.1,   0.2,  26.0, -81.1,1177.4,   2.4,  -0.6
139178,   0.5,   1.4,  -0.4, -15.5, -79.2,1022.6,   2.1,  -0.7
139206,   1.5,   3.7,  -0.1, -85.8,  31.7, 918.8,   1.7,  -0.7
139230,  -0.6,  -4.2,  -0.3, 187.4, 178.4, 945.5,   1.8,  -0.8
139254,  -0.7,  -3.6,  -0.7,  49.0,  34.8, 895.4,   1.7,  -0.6
139282,   0.8,   1.1,  -1.2,  15.8,  81.5, 916.4,   1.9,  -0.8
139306,  -3.0,  -3.2,   1.3,  60.9, 136.1, 881.0,   2.1,  -0.6
139330,  -5.3,   7.2,  -4.2,-110.7,  11.4, 783.3,   1.8,  -1.3
139354,   5.9,   0.7,  -2.4,-286.0,  75.8, 797.0,   1.4,  -0.4
139382,   0.1,  -1.5,  -1.5, 285.1,  15.1, 910.3,   2.0,  -1.1
139410,  -2.1,  -0.7,  -0.9, -89.2,  40.9, 975.0,   2.0,  -1.0
139430,  -2.5,   3.0,  -1.8,-295.8,-116.3, 978.9,   1.7,  -0.5
139454,   0.2,   4.2,  -0.6,-277.4, 205.2, 671.5,   2.4,  -0.4
139482,  -0.7,  -2.9,   0.3, 179.8, -14.0,1089.3,   2.2,  -0.4
139506,   0.1,   0.2,  -3.5, -94.3, 203.8, 809.2,   2.4,  -0.3
139530,  -1.4,  -2.2,  -2.4,  77.8,-185.9,1226.2,   1.9,  -0.6
139554,   1.3,   2.5,  -3.4,  11.1,  51.7, 954.7,   2.0,  -0.7
139582,   2.5,   5.4,  -4.6,-453.5, 113.9, 746.7,   2.2,  -0.3
139606,   0.2,  -4.5,  -5.1,  43.1,  20.2, 959.6,   2.5,  -0.4
139630,   3.4,  -2.3,  -3.4,-111.4, 144.0, 884.7,   2.4,  -0.4
139654,   1.5,  -0.9,  -5.2,  -1.6,  25.1, 956.2,   2.7,  -0.6
139682,  -3.2,   0.9,  -3.1,  24.3,   9.7, 976.2,   2.8,  -0.7
139706,  -0.0,   7.7,  -5.0,-191.5,-416.8,1376.1,   2.4,  -0.8
139730,   3.0,   8.0,  -4.5, -53.6, 185.5,1202.3,   3.1,  -0.9
139754,   3.3,   7.7,  -7.1,-250.3,  76.3, 899.6,   3.2,  -0.7
139782,  -0.7,   0.5,  -5.0,  88.3,  -1.5,1009.2,   2.9,  -0.9
139806,  -0.6,  -3.1,  -3.4, 254.5,  70.5,1156.9,   3.0,  -0.7
139830,  -0.6,  -3.1,  -4.1,  58.2,  97.1,1086.3,   3.2,  -0.3
139854,  -0.4,   0.5,  -3.0, -57.5,  52.4, 872.9,   3.2,  -0.3
139882,  -0.4,  -2.5,  -2.0, 159.6, -35.7,1121.0,   3.0,  -0.5
139910,   0.7,   2.7,  -3.4,-120.5,  92.4, 914.0,   3.1,  -0.2
139930,  -0.2,   1.8,  -3.7,  -4.7,  82.4, 957.7,   2.9,  -0.5
139954,  -0.9,  -1.0,  -2.8, 113.2, -25.5,1155.9,   2.9,  -0.5
139982,  -0.7,   3.9,  -5.2,-306.3, -88.5, 954.5,   2.9,   0.3
140006,  -1.2,   1.4,  -5.0, -49.4, -11.6,1187.9,   2.9,  -0.1
140030,   1.1,   3.2,  -2.7,-189.8,  31.2,1082.2,   3.1,   0.1
140054,  -1.0,  -3.8,  -2.9, 184.0, -54.5,1072.4,   3.0,  -0.1
140082,  -2.4,  -0.6,  -3.9, 168.1, 118.1, 948.9,   3.1,  -0.5
140106,  -7.7,   1.8,  -6.0, 121.2,  45.6, 913.2,   3.2,  -0.8
140130,  -1.3,  -6.9,   3.0, 221.8,  83.2, 803.6,   2.5,  -0.1
140154,  -0.7,  -0.3,   1.0, 478.4, -15.7, 993.8,   2.8,  -0.6
140182,  -1.0,   1.6,  -2.6, 111.0, -40.6,1058.0,   2.6,  -0.4
140206,   1.4,  -0.5,  -0.8, -89.9,  36.3, 838.8,   2.4,  -0.2
140230,   0.2,  -4.9,  -0.4, 102.4, 117.3, 926.2,   2.5,  -0.1
140258,  -0.4,   3.5,  -1.0,-198.3, -29.9, 932.3,   2.6,   0.1
140282,   2.4,   3.5,  -0.0,-315.3, 120.8, 894.9,   2.5,   0.3
140306,   1.5,   0.8,   0.3,-225.2,  58.8, 822.7,   2.5,   0.2
140330,   2.7,   2.4,  -1.2, -72.4, 109.3,1091.7,   2.3,  -0.3
140358,   0.2,  -3.8,   0.2, -57.2,  24.3,1070.7,   2.8,   0.3
140382,   1.0,   2.7,   0.5,-298.4,  81.2, 710.6,   2.7,   0.5
140410,  -1.7,  -2.0,  -0.3, 126.1, 117.6, 948.6,   2.8,   0.3
140430,  -2.7,  -5.0,   0.7, 158.6,  -3.7,1178.6,   2.5,   0.4
140458,  -3.1,   1.3,  -0.7,  89.5, -35.2, 979.4,   2.3,  -0.2
140482,  -3.7,   0.6,  -1.8,  76.3,  18.7,1145.7,   2.3,  -0.4
140506,   6.2,  -0.5,   6.4,  14.8, 299.5, 525.0,   2.5,   0.2
140532,  -1.0,  -3.1,   3.6, 352.2, -28.9,1118.6,   2.6,  -0.4
140556,  -0.5,  -3.5,   1.4, 125.9,  63.1, 973.0,   2.6,  -0.2
140580,  -1.1,  -4.4,   2.7, 140.3,  64.9, 951.8,   2.6,  -0.1
140608,  -0.6,   3.5,   1.2,  72.2,   2.8,1041.2,   2.7,  -0.2
140632,  -3.5,  -0.8,   2.1, 157.6,  -1.8,1015.3,   2.8,  -0.1
140656,  -2.8,   1.4,   3.0,  16.3,-105.3,1118.3,   2.5,  -0.1
140680,  -1.5,   3.8,   1.2, 143.7,  18.2,1149.6,   2.4,  -0.5
140708,  -1.7,   0.7,   1.1, -43.1,-136.3,1038.5,   2.0,  -0.3
140732,  -0.3,   0.2,   1.7, 191.3,-145.1,1071.7,   1.8,  -0.5
140756,  -0.9,   3.5,   1.7,-225.4,  44.1,1022.6,   1.9,   0.0
140780,  -1.2,   0.7,   1.7, -46.2,  -3.7, 920.8,   1.9,  -0.0
140808,  -1.3,  -1.4,   3.8, 137.6,  63.9,1159.8,   1.8,  -0.2
140832,   0.8,  -2.8,   1.9, 193.0, 200.4, 969.9,   1.9,  -0.2
140856,  -5.6,   0.1,   0.3, 163.0, -32.6,1130.0,   1.9,  -0.7
140880,   0.2,   6.9,   0.3,-287.5,  63.4,1103.9,   1.4,  -0.3
140908,  -1.0,   2.2,   2.2,  81.7, -69.9,1076.6,   1.3,  -0.3
140932,   1.5,   0.2,  -0.3,-145.1, 114.7, 825.1,   1.7,  -0.3
140956,  -0.7,   0.6,  -1.9,  43.1,  -1.8, 890.5,   1.7,  -0.4
140980,  -3.1,  -8.5,   3.5, 218.6, 121.3, 870.5,   1.8,  -0.1
141008,  -3.2,  -0.5,   1.4, 155.2,  -5.9,1105.1,   1.7,  -0.4
141032,  -2.6,   1.1,   0.2, -32.1,  40.0,1033.6,   1.8,  -0.2
141056,  -4.8,  -5.2,   3.1, 210.8, -40.6, 974.5,   1.9,  -0.1
141080,  -1.4,  -3.4,   2.6, 201.3, -83.3,1059.5,   1.4,  -0.3
141108,   1.0,   1.3,   0.6, 102.4,  47.0, 913.2,   1.3,  -0.6
141132,  -1.0,  -5.6,   3.2, 233.5,  77.3,1092.4,   1.5,  -0.2
141156,   2.0,  -1.3,   4.1, 133.9, 120.3, 815.3,   1.3,  -0.1
141180,   2.1,   0.9,  -1.1,  77.3,  93.7,1089.0,   1.2,  -0.6
141208,  -1.2,   1.2,  -0.4, -56.7,  37.8, 851.9,   1.4,  -0.2
141232,  -1.4,   4.1,  -3.1,-205.4, -22.1, 972.8,   1.3,  -0.2
141256,   3.9,  -1.9,   7.4, 112.2, 395.4, 795.3,   1.5,  -0.1
141284,  -0.3,   1.9,  -2.0, -15.0,-240.3,1135.2,   1.4,  -0.9
141308,  -1.0,   3.1,  -2.1,-189.8,-130.7, 951.6,   1.5,  -0.4
141332,  -0.1,  -5.8,   2.2,  -2.5, 169.6, 824.1,   1.5,  -0.2
141356,  -2.4,  -4.3,   0.1, 186.9,-111.9,1104.1,   1.4,  -0.2
141384,   0.1,  -1.7,   1.5, 167.9,  41.4,1195.9,   1.4,  -0.2
141412,  -1.8,  -2.7,   1.6,  52.1, -66.0, 965.0,   1.3,  -0.3
141432,   2.3,   4.3,   1.4,-259.6,  92.4, 800.2,   0.9,  -0.3
141456,   1.4,   2.6,  -0.3, -73.1, -48.4, 924.0,   0.9,  -0.7
141484,   1.9,  -2.8,   1.1, -65.0, 225.3, 971.3,   1.0,  -0.4
141508,   0.7,   2.2,   0.3, -16.5,-130.9,1011.4,   0.9,  -0.8
141532,   1.2,   3.5,  -0.1, 155.2, -63.6,1130.3,   0.7,  -1.2
141556,   0.7,   5.0,  -1.2,-157.6,  93.7,1217.7,   0.8,  -0.9
141584,  -6.0,  -1.2,  -0.1,-272.1,  28.0, 880.5,   2.0,   0.1
141608,   5.7,  -9.0,   7.8,  67.3, 245.8, 637.6,   2.2,   0.5
141632,  -0.8,  -8.5,   2.2, 234.3, 113.7,1150.3,   2.6,  -0.1
141656,  -0.6,   0.8,   2.2, -53.6, 187.2, 817.0,   2.6,  -0.4
141684,  -1.5,   1.8,   3.4, -99.5, 165.7, 891.5,   2.5,  -0.4
141708,  -2.7,   2.0,   1.1,   7.0, 189.4, 766.7,   2.6,  -0.4
141732,  -1.4,  -3.0,   2.5, 171.8, 133.7,1071.4,   2.5,  -0.2
141756,  -2.4,  -4.1,   1.6, 290.2,  44.6,1067.3,   2.5,  -0.5
141784,  -2.7,   3.3,  -0.2,-244.2, 154.5, 692.0,   2.6,  -0.1
141808,  -1.8,  -4.7,   1.7, 239.4, -19.1,1006.5,   2.4,  -0.5
141832,  -0.0,   5.3,   1.6,-130.7,  45.8, 769.7,   2.4,  -0.4
141856,   0.1,  -0.4,   2.1,  74.1, 165.0,1027.7,   2.5,  -0.5
141884,  -3.5,   2.2,   0.8, -48.0,  30.7, 945.9,   2.6,  -0.4
141912,  -2.3,  -4.1,   0.0, 274.6,  94.2, 946.9,   2.6,  -0.8
141932,  -4.0,  -7.3,   2.2, 109.0, 176.2, 803.6,   2.6,  -0.3
141956,  -4.6,  -7.7,   5.5, 131.0, -97.0,1315.1,   2.2,   0.2
141984,  -2.2,   2.6,  -0.9,   5.3,  46.5, 887.8,   2.3,  -0.6
142008,  -2.7,  -4.8,   1.0,  93.9,  14.8, 920.1,   2.2,  -0.3
142032,  -3.5,  -3.3,  -0.3, 219.6,-225.9,1064.8,   1.7,  -0.7
142056,  -3.5,   1.1,  -0.3,  95.1,-104.8,1101.7,   1.6,  -0.6
142084,  -2.2,   0.5,  -0.9,-112.4, 108.1, 861.5,   1.8,  -0.4
142108,  -5.2,  -3.6,  -0.1, 152.0,-167.6,1228.4,   1.6,  -0.1
142134,  -0.6,   1.8,  -0.4,-300.1,  70.7, 827.3,   1.5,   0.2
142158,  -4.1,  -4.2,   0.0,-105.6,  29.7,1037.3,   1.3,   0.2
142182,  -2.9,  -1.4,  -2.8,  -0.1,  64.9, 956.4,   1.0,  -0.2
142206,  -2.7,   1.3,  -0.6,-131.2, 149.1, 776.8,   0.8,  -0.2
142234,  -1.5,  -8.3,   0.5, 385.6,-109.9,1238.9,   0.6,  -0.4
142258,  -4.8,  -4.0,  -1.5, 372.7,   2.6,1209.9,   0.8,  -0.6
142282,  -2.9,   1.3,  -2.9,  44.1,  49.7, 964.7,   0.6,  -0.4
142306,  -4.8,  -5.8,   1.3, 268.2,-149.0,1319.0,   0.1,  -0.1
142334,  -3.6,   5.8,  -5.8,-137.1,  78.0, 943.0,   0.7,  -0.3
142358,  -7.9,   2.8,  -4.6,-168.3,-126.8, 919.1,   0.4,  -0.2
142382,  -7.8,   3.1,  -1.5,-219.3, -95.3,1659.6,  -0.2,  -0.0
142410,   3.6,  15.8,  -1.7,-480.6, 161.8, 723.3,   0.1,   1.0
142434,   4.1,   7.3,  -5.3,-548.2, -22.8, 846.6,  -0.1,   1.1
142458,   7.4,   2.0,  -1.4, -15.0,  46.5, 934.2,  -0.1,   1.1
142482,  -0.4,  -5.8,  -0.0, -95.6,  70.7, 766.0,   0.5,   1.7
142510,   0.2,  -8.9,   2.4, 265.5, 184.5, 768.7,   1.0,   1.3
142534,  -0.2,  -5.5,   0.2, 258.7, 151.5, 878.6,   1.2,   0.9
142558,  -4.9,  -3.9,  -2.2, 267.5,  -7.7,1080.0,   1.3,   0.4
142582,   3.8,  -3.5,   3.4,  39.0, 197.2, 570.0,   1.2,   0.9
142610,   1.4,   2.2,  -1.5, -74.6,  63.9, 941.8,   1.6,   0.3
142634,  -1.3,  -0.3,  -1.7,  40.2, -52.8,1042.1,   1.8,   0.2
142658,   0.2,   3.0,  -1.0,-204.9, -52.6,1024.1,   1.6,   0.4
142682,  -1.2,   2.7,  -0.4,-196.4,  83.9,1069.2,   1.8,   0.3
142710,  -1.8,  -4.0,   0.7, -78.5, 148.8, 963.3,   1.8,   0.4
142734,  -0.6,  -2.9,   0.5,   3.8,  78.0,1030.4,   1.8,   0.3
142758,  -3.0,  -1.1,   0.9,  70.5, -41.6,1046.0,   1.7,  -0.0
142782,  -1.4,   0.2,  -1.0,  62.9,-156.3,1167.9,   1.3,  -0.3
142810,  -2.6,  -1.6,   1.4,  38.7, -90.2,1129.3,   1.5,  -0.0
142834,  -0.2,   2.7,  -0.7,-111.9, 115.4, 942.8,   1.6,  -0.1
142858,   0.1,  -2.4,   1.0,  83.6,  48.5, 924.7,   1.5,  -0.1
142882,  -3.4,  -3.1,  -1.1, 148.3, -95.3,1123.9,   1.6,  -0.5
142910,  -1.4,  -2.7,   0.0, 111.0, -97.0,1029.7,   1.4,  -0.7
142934,  -2.5,  -2.2,   1.7, 190.3,  97.8, 994.8,   1.5,  -1.0
142958,   1.8,   0.6,   5.3, -98.2, 139.8, 922.8,   1.1,  -0.4
142982,   0.7,   4.5,   3.1,-109.7,  85.1, 921.3,   1.4,  -0.7
143010,  -2.4,   0.4,   0.1,-215.7,   7.0,1057.3,   1.5,  -0.6
143034,  -0.3,  -1.7,   0.3,  10.9, -31.1,1096.8,   1.2,  -0.9
143058,  -2.4,  -1.2,   4.0,  51.7,  90.7, 982.6,   1.3,  -0.9
143082,  -3.4,  -2.7,   3.5, 107.3, -10.3,1020.7,   1.2,  -0.8
143110,  -2.7,  -2.9,   3.9, 166.4, -22.8,1110.0,   0.9,  -0.8
143134,  -1.7,  -2.2,   2.5,  44.8, -33.0, 983.1,   0.7,  -0.9
143158,  -1.5,  -2.7,   2.4,  44.3, -38.2,1033.8,   0.4,  -1.0
143182,  -1.3,   0.1,   3.0, -24.0,  21.4, 815.6,   0.3,  -1.1
143210,  -0.9,  -0.0,   1.3, 226.0, 140.3,1133.0,   0.2,  -1.3
143234,  -0.9,  -1.4,   1.9, 134.7,  20.7,1040.7,   0.1,  -1.2
143258,  -2.2,   2.7,   1.0, -76.8, -70.4, 985.2,  -0.0,  -1.0
143282,  -1.2,  -1.5,   2.4,  67.3,  63.6, 952.3,   0.0,  -1.1
143310,  -0.8,  -0.1,   3.0,  53.1,-143.6,1023.3,  -0.4,  -1.0
143334,  -2.0,  -1.3,   3.6, 121.5, 104.2, 897.4,  -0.1,  -1.2
143358,  -2.7,  -0.8,   2.4, -54.1, -10.6, 883.2,  -0.3,  -1.0
143410,   1.6,  -5.6,   3.2, 213.0, 141.0, 978.4,  -0.6,  -1.0
143414,  -0.3,  -5.7,   0.7, 284.6,  -6.9, 992.8,  -0.6,  -1.3
143434,   0.1,  -4.4,   2.1, 107.8,  58.8, 939.8,  -0.8,  -1.1
143458,  -0.8,  -2.9,   1.6, 187.4, -79.7,1028.5,  -0.9,  -1.4
143486,   0.8,   3.0,  -2.6, -77.2, -33.0,1069.7,  -0.8,  -1.3
143510,  -0.0,   1.3,   1.8,-111.7, 106.1, 824.4,  -0.5,  -0.9
143534,  -0.1,  -2.0,   1.3,  58.2,-111.2,1152.2,  -0.7,  -1.1
143558,  -1.6,  -1.0,  -1.1,  54.8, -47.4,1006.7,  -0.5,  -1.2
143586,  -0.5,   4.5,   1.0,-194.9,-121.9, 950.1,  -0.9,  -1.1
143610,   0.2,   1.5,   1.0, -44.3,  -1.8, 939.4,  -0.7,  -1.3
143634,   1.2,   2.0,  -0.4,   1.1, -89.7,1049.2,  -0.9,  -1.4
143658,   0.4,   4.4,   1.0,-289.2,  38.7, 886.4,  -0.8,  -1.0
143686,   0.5,  -1.7,   2.1,  16.3,  48.0, 949.8,  -0.7,  -0.9
143710,   0.7,   0.9,  -1.9, -97.5, -56.5,1041.2,  -0.5,  -1.1
143736,   0.1,  -1.6,  -0.3, -10.8, -31.1,1210.1,  -0.4,  -1.2
143760,  -1.3,   4.6,  -0.9,-150.2, -55.0, 926.7,  -0.2,  -1.3
143784,  -4.9,   2.4,   2.7,  51.7,-336.0,1367.8,  -0.3,  -1.4
143808,   0.9,   5.6,   4.4, 178.6,  47.3,1052.1,  -0.3,  -1.4
143836,   0.7,  -1.4,  -1.4,-148.5,-172.9,1104.4,  -0.2,  -1.1
143860,   1.6,   0.8,  -0.1, -97.3,  94.4, 776.8,  -0.2,  -1.0
143884,   1.5,   1.6,   0.5, -58.2, -75.0,1025.3,  -0.4,  -1.2
143912,   0.5,  -0.3,   0.6,  48.7, 150.8,1019.7,  -0.2,  -1.2
143936,   1.0,   1.3,   1.0, -41.4,  58.5, 928.6,  -0.2,  -1.2
143960,   1.0,  -0.9,   2.7, 119.5,  22.4,1005.5,  -0.1,  -1.2
143984,  -0.4,  -0.4,   1.3, 142.0, -66.5,1068.7,  -0.3,  -1.3
144008,  -0.1,   7.3,  -1.5,-248.9,   1.6, 856.3,  -0.3,  -1.2
144036,   0.4,  -1.6,   1.1, 131.2,  51.7,1035.1,  -0.3,  -1.3
144060,   0.5,  -0.6,   1.7, 112.7,  31.7, 952.3,  -0.3,  -1.3
144084,  -2.1,   0.4,   0.3,  96.1, -24.7,1055.1,  -0.3,  -1.3
144108,   2.3,   2.3,   0.3, -61.6, 113.2, 887.6,  -0.2,  -1.0
144136,  -0.1,  -1.2,   2.4, 161.3,  16.8,1042.9,  -0.2,  -1.1
144160,  -1.5,  -0.3,   3.2,  66.5, -46.0, 972.1,  -0.1,  -1.0
144184,   0.2,   0.7,   2.5, -26.5,  24.3, 846.3,  -0.3,  -1.0
144208,  -0.4,  -0.1,   1.0,  25.8,  -5.0, 942.5,  -0.6,  -1.0
144236,   0.5,   0.8,   4.3, -80.9,  55.3, 962.5,  -0.9,  -0.9
144260,   5.2,   5.7,   2.1,-158.5,  81.2, 830.5,  -0.4,  -0.9
144284,  -0.1,   2.2,  -1.2, -89.0,  30.7, 927.1,  -0.2,  -1.3
144308,  -0.1,  -0.5,  -0.6, 137.8,  80.7,1001.4,  -0.3,  -1.6
144336,  -2.3,  -0.9,   1.9, 203.5,   0.4,1039.2,  -0.2,  -1.4
144360,  -2.7,   1.3,   2.1, 168.6, -73.6,1116.1,  -0.1,  -1.5
144384,   0.4,   0.9,   2.5,  91.9, 126.4, 842.9,  -0.2,  -1.4
144412,   0.9,  -1.6,   2.4, 146.1,  42.2,1067.0,  -0.1,  -1.5
144436,   1.2,   0.0,   1.7,  -2.1, -26.5, 937.9,   0.0,  -1.4
144460,  -0.0,   0.2,   0.6,  28.5, -24.0,1026.5,   0.2,  -1.5
144484,  -0.6,   0.0,   2.7,  54.6, -13.0,1026.8,   0.2,  -1.4
144512,   1.4,   4.2,   1.2, -52.8,   6.0, 844.1,   0.0,  -1.4
144536,   1.8,   0.4,   1.3, 103.9,   5.3,1062.6,  -0.1,  -1.6
144560,   0.4,   1.9,  -0.7, -33.8,  79.0, 932.8,   0.2,  -1.3
144584,   0.7,  -0.9,  -2.0,  84.1, -26.0,1026.3,   0.2,  -1.3
144612,   1.0,  -0.2,   0.4, 167.6,  75.8, 950.1,   0.4,  -1.4
144636,  -1.3,  -1.6,   2.2, 141.0,  37.8, 931.3,   0.6,  -1.4
144660,  -2.4,  -2.8,   1.7, 135.6, -39.9,1124.4,   0.5,  -1.2
144684,  -3.4,  -0.0,   1.6,  -5.7,  61.7, 928.6,   0.4,  -1.1
144712,   1.3,   2.0,  -0.6,-116.8, 264.6, 872.2,  -0.0,  -1.3
144736,   0.5,  -4.8,   2.8, 226.7,  72.7,1177.1,   0.5,  -1.2
144760,   0.4,   2.0,  -0.8, -25.0,-113.1, 982.3,   0.4,  -1.5
144784,   0.4,   0.5,   0.5,   6.7, -84.6,1112.4,   0.2,  -1.3
144812,  -0.2,  -2.0,   1.0, 132.0,  42.6,1012.1,   0.6,  -1.2
144836,  -2.4,  -3.6,   0.8, 104.6, -89.2,1004.8,   0.5,  -1.1
144860,   0.7,  -1.1,   1.9,   3.1, 111.5, 875.6,   0.4,  -0.9
144884,   0.6,  -2.4,   1.6,  13.6,  -3.7, 960.1,   0.3,  -1.0
144912,   2.1,  -2.0,   2.6,  -1.3,  28.5, 933.7,   0.4,  -1.0
144936,   0.7,  -0.7,   0.8,-112.2,  30.7, 879.8,   0.5,  -1.1
144960,   2.1,   0.1,   1.7, -82.4,  85.9, 940.1,   0.4,  -1.1
144984,   1.8,  -0.2,   0.2, -12.3,  29.5, 934.7,   0.5,  -1.1
145012,   1.6,   2.0,   0.9, -50.9,  30.9, 913.7,   0.4,  -1.2
145036,   0.2,  -5.8,   3.0,  94.9, 144.9, 984.3,   0.6,  -0.9
145060,   1.4,  -0.3,   1.0,  69.2,  25.3,1103.9,   0.6,  -1.1
145084,  -0.0,   2.4,   0.8,-143.7, -57.0,1056.1,   0.9,  -1.0
145112,  -1.6,   0.4,   2.4,-210.8,  20.9, 912.3,   1.1,  -0.9
145136,  -2.9,  -2.7,  -0.2, 160.1,   0.6,1040.4,   1.2,  -1.2
145160,  -3.8,   0.5,   1.4,  59.0,  56.8, 879.0,   0.9,  -1.3
145184,  -3.8,  -1.7,  -2.4, 172.3, -84.1,1235.5,   0.8,  -1.5
145212,   3.9,   1.6,   0.9,-218.1,  76.3, 982.1,   0.8,  -1.0
145236,   1.2,   1.5,  -0.1,-109.0,  28.0, 920.1,   1.0,  -1.3
145260,  -0.2,  -1.7,   0.3,  25.3,  27.7,1010.6,   1.0,  -1.3
145284,  -0.2,   1.9,  -1.6, -70.7,  41.9, 975.2,   1.0,  -1.3
145312,  -0.2,   0.8,  -2.2, -52.1, -65.8,1068.7,   0.9,  -1.1
145334,  -0.9,   0.8,  -1.0,  -6.0,  19.0,1005.0,   0.8,  -1.3
145362,  -1.2,  -1.4,  -0.4,  38.7,  36.0, 923.5,   0.7,  -1.3
145386,  -1.3,   0.2,  -3.0,  21.1,-207.6,1183.2,   0.5,  -1.6
145414,  -0.2,   0.5,  -2.6, -25.2, -33.0,1069.0,   0.4,  -1.5
145434,   0.9,  -1.2,  -0.0,  38.0,   0.4, 954.2,   0.4,  -1.5
145462,   0.2,  -1.4,  -0.5, 147.6, -12.3, 985.2,   0.2,  -1.6
145486,   1.6,   1.4,  -3.1, -49.4,   9.7, 985.5,   0.1,  -1.4
145510,   0.1,   0.2,  -1.3,  -4.5,  61.7, 924.9,  -0.1,  -1.2
145538,  -0.7,  -1.1,  -1.2,  46.0,  19.4,1122.5,  -0.3,  -1.5
145562,   0.4,   0.5,  -3.9, -26.5,  -4.2, 954.7,  -0.2,  -1.4
145586,  -0.3,  -0.9,  -4.1, 132.2,  32.1,1020.9,  -0.3,  -1.6
145610,  -0.6,  -1.2,  -2.1,  60.0,  44.6, 978.7,  -0.3,  -1.4
145638,   0.7,   0.1,  -1.9, 114.6,   5.5,1032.4,  -0.2,  -1.5
145662,  -2.1,  -2.5,  -1.0,  76.8,  52.6,1004.3,  -0.0,  -1.3
145686,  -1.7,  -3.0,  -1.0, 147.6,  -5.7, 998.7,  -0.2,  -1.3
145710,  -2.1,  -2.0,   0.3, 122.2,  28.5, 964.5,  -0.3,  -1.3
145738,  -1.1,   2.4,  -1.3,  87.1,   3.3,1153.7,  -0.6,  -1.4
145762,   0.2,   0.2,  -1.9,  27.2,  73.4, 899.6,  -0.3,  -1.3
145786,   0.5,   2.1,  -2.8, -54.5, -12.3, 915.4,  -0.3,  -1.4
145810,  -0.9,  -0.8,  -1.2,  68.7, -21.3,1038.5,  -0.4,  -1.4
145838,  -0.4,  -1.4,  -1.0,  35.3, 134.4, 973.3,  -0.0,  -1.1
145862,  -0.9,  -2.5,  -0.7,  34.1,  29.2, 943.5,   0.1,  -1.0
145886,  -0.7,   1.1,  -3.0,-118.5, -12.5, 975.0,   0.1,  -1.1
145914,  -1.0,  -2.0,  -2.9, 108.8,  -7.9,1051.4,   0.1,  -1.2
145938,  -1.2,  -1.5,  -1.7,  96.1,  47.8, 992.3,   0.1,  -1.3
145962,  -1.0,  -1.1,  -0.9,  25.0,  49.0, 971.8,   0.2,  -1.2
145986,  -0.1,  -1.4,  -1.5,  97.8,  66.8, 970.4,   0.4,  -1.4
146010,   0.1,  -2.0,  -0.0,  80.7,  45.3, 986.2,   0.4,  -1.2
146038,  -1.6,  -2.6,  -0.4, 157.6,   7.5,1069.7,   0.4,  -1.3
146062,  -0.1,  -0.2,  -1.8,  36.8, -14.7, 954.0,   0.4,  -1.3
146086,  -0.3,  -1.4,  -1.2,  17.5,  43.4,1007.0,   0.5,  -1.1
146110,   0.1,  -4.2,  -1.4, 133.2,  22.4,1060.0,   0.7,  -1.2
146138,  -0.2,  -0.6,  -3.3, 140.3,  56.6,1026.8,   0.9,  -1.4
146162,  -0.4,  -0.3,  -2.0,  64.6,  36.5,1056.5,   1.0,  -1.2
146186,  -0.3,   1.4,  -2.6,  95.6,  54.8, 993.6,   1.3,  -1.3
146210,  -0.0,  -0.5,  -2.3, -11.8,  83.2, 973.0,   1.4,  -1.2
146238,  -0.2,  -0.2,  -2.3,  78.3,  47.0, 987.4,   1.6,  -1.3
146262,  -0.1,  -1.3,  -2.7,  31.9,  25.5,1014.8,   1.6,  -1.2
146286,  -0.7,   0.9,  -0.3,  24.6,  23.6, 984.5,   1.7,  -1.3
146310,  -0.6,   0.0,   0.2,  28.0,  10.4,1019.9,   1.6,  -1.3
146338,   1.1,   0.9,   1.2, -64.8, -30.4,1038.5,   1.4,  -0.9
146362,   0.9,   0.5,   2.2,   2.1,  41.2, 966.2,   1.5,  -1.0
146386,   0.8,   0.5,   1.3,  53.9,  -3.3, 990.6,   1.4,  -1.1
146414,   1.6,  -0.2,   0.5, -35.3,   2.8, 965.7,   1.5,  -1.0
146438,  -0.5,  -0.3,  -2.2,  20.4,  20.7,1003.3,   1.4,  -1.2
146462,   0.2,   1.5,  -3.8, -13.8,  25.8, 971.1,   1.3,  -1.3
146486,   0.1,   0.1,  -3.0,   8.4,  12.6,1026.8,   1.4,  -1.3
146510,  -0.7,  -0.3,   0.8,   5.5,  24.1,1012.1,   1.5,  -1.2
146538,  -0.6,   0.5,   1.3,  20.4,  -0.1,1011.1,   1.5,  -1.2
146562,  -0.3,   0.2,  -0.6, -19.6,  20.4,1004.3,   1.5,  -1.3
146586,  -0.5,   0.3,  -0.0,  17.5,  -9.1, 997.9,   1.5,  -1.3
146614,  -0.2,   0.6,   0.2,  38.0,  33.1, 990.9,   1.4,  -1.3
146638,  -0.2,  -0.5,  -0.6,  27.0,  -3.3,1023.3,   1.4,  -1.4
146662,  -0.2,  -0.3,   1.3,  13.8,  29.0, 982.6,   1.4,  -1.4
146686,  -0.4,  -0.8,  -0.7,   9.4,  15.1,1008.9,   1.4,  -1.3
146714,   0.9,  -0.4,  -1.9,  52.9,  62.7, 984.0,   1.4,  -1.3
146738,  -0.1,  -0.2,  -0.0,  34.3,  20.2, 994.8,   1.4,  -1.3
146762,  -0.7,  -0.3,   0.4,  61.7,  15.3, 997.2,   1.3,  -1.4
146786,   0.5,  -0.6,  -1.7,  38.7,  -8.9,1014.3,   1.3,  -1.4
146814,  -1.0,  -0.0,  -0.2,   5.3,  -4.7,1008.9,   1.1,  -1.4
146838,   0.7,  -0.0,  -0.9,   7.7,  23.8, 983.8,   1.1,  -1.4
146862,  -0.5,  -0.5,   0.3,  36.3,  -3.3,1015.5,   1.1,  -1.4
146886,  -0.7,  -0.3,   0.8,  34.8, -10.1, 995.3,   1.0,  -1.4
146914,  -0.1,   0.7,  -1.7,  16.5,  10.2, 999.9,   1.0,  -1.3
146937,  -0.5,   0.2,  -0.2,  25.0,  -0.3, 999.4,   0.9,  -1.4
146961,  -0.4,  -0.2,  -1.1,  36.3,  12.6, 978.9,   1.0,  -1.4
146989,   0.1,   0.3,  -0.4,  35.8,   4.8,1006.7,   0.9,  -1.4
147013,  -0.1,   0.0,   0.2,  39.9,  16.5, 971.3,   0.9,  -1.4
147037,  -0.0,   0.0,  -0.2,  22.8,  -4.0,1006.5,   0.9,  -1.4
147061,   0.3,   0.4,  -0.3,   7.2,   7.0,1015.5,   0.9,  -1.4
147089,   0.5,   1.3,  -0.7,   9.9,   1.9, 993.8,   0.8,  -1.4
147113,  -0.1,   0.1,  -0.3,  13.6,   4.3, 980.6,   0.8,  -1.4
147137,  -0.6,   0.1,   0.8,   1.1,  12.1,1004.5,   0.8,  -1.4
147161,   1.1,   0.6,   0.3,  38.2,  27.3, 998.9,   0.8,  -1.4
147189,   0.2,   0.4,   0.1,  14.8,   3.1, 991.8,   0.8,  -1.3
147213,   0.2,  -0.2,   0.3,  16.3,  18.2, 996.2,   0.7,  -1.3
147237,  -0.0,  -0.1,   0.0,   4.3,  20.7,1001.4,   0.8,  -1.3
147261,  -0.1,  -0.5,   1.1,  15.5,  26.8,1014.8,   0.8,  -1.3
147289,   0.8,  -0.5,  -0.4,  11.4,  -5.5,1010.4,   0.8,  -1.3
147313,  -0.4,  -0.2,   0.0,  19.9,  12.4,1013.8,   0.8,  -1.4
147337,   0.5,  -0.0,  -0.4,  36.8,   8.7, 992.8,   0.8,  -1.4
147361,  -0.3,  -0.3,   0.1,  32.4,   0.2, 999.2,   0.7,  -1.5
147389,  -1.2,   0.2,   0.9,  20.2,  18.2, 987.7,   0.7,  -1.5
147417,  -0.3,  -0.2,   2.1,   6.2,  24.3, 998.7,   0.7,  -1.5
147437,  -0.2,  -0.8,   1.1,   4.3,   2.6,1031.4,   0.7,  -1.5
147461,  -0.5,   0.8,   0.2,  31.6,  11.1,1002.6,   0.7,  -1.5
147489,   0.5,  -0.0,   0.3,  24.3,  18.2,1003.8,   0.7,  -1.5
147513,  -1.5,  -0.8,   0.8,  39.0,  12.9, 987.4,   0.7,  -1.5
147537,   0.8,   0.6,  -0.1,  35.1,  15.3,1007.5,   0.7,  -1.5
147561,  -0.9,   0.1,   0.6,  14.5,   0.6,1008.7,   0.6,  -1.5
147589,   0.3,   0.3,   0.6,  14.1,   6.8,1006.7,   0.6,  -1.5
147613,  -1.0,  -0.9,   2.0,  30.4,  -6.9,1005.5,   0.6,  -1.5
147637,  -1.0,  -0.0,   0.8,  13.6,  13.8, 998.4,   0.6,  -1.4
147665,   0.7,   0.4,   0.2,  21.1, -13.0,1003.6,   0.6,  -1.4
147689,  -0.0,   0.9,   0.5,  10.4,  -0.1,1006.7,   0.5,  -1.4
147713,  -0.3,  -0.0,   0.2,  10.4,   3.3,1004.5,   0.5,  -1.4
147737,  -0.0,   0.5,  -0.0,  29.9,  25.3, 992.8,   0.4,  -1.4
147765,  -0.0,   0.5,  -0.7,   5.5,  -1.1, 979.6,   0.4,  -1.4
147789,   0.1,   0.0,   0.2,  28.0,  14.3,1007.5,   0.4,  -1.4
147813,  -0.7,   0.8,  -0.1,  11.9,   6.5,1000.9,   0.4,  -1.3
147837,   0.6,   0.5,  -0.8,  15.8,  16.5, 985.0,   0.4,  -1.3
147865,  -0.5,  -0.2,   1.5,  26.3,  -5.0, 990.4,   0.4,  -1.4
147889,  -0.1,   0.2,   0.3,  23.1,  -3.0,1010.6,   0.3,  -1.4
147917,   0.1,   0.4,  -0.9,  16.3,  -4.2,1006.5,   0.3,  -1.4
147937,   0.5,   0.4,  -2.3,  23.6,   5.8, 992.8,   0.3,  -1.4
147965,   0.7,  -0.5,   0.4,  17.2, -15.2, 992.3,   0.3,  -1.4
147989,  -0.4,  -0.3,   1.6,  37.5, -16.2, 989.2,   0.2,  -1.4
148013,  -1.3,  -0.0,   1.8,  37.5,  -7.4,1003.1,   0.1,  -1.4
148037,  -0.3,   0.4,   0.8,  18.7,  -5.7, 994.5,  -0.0,  -1.4
148065,   0.5,   1.1,  -1.4,  20.9, -19.1, 981.1,  -0.1,  -1.4
148089,   0.2,  -0.3,   1.2,  19.4,  -5.0,1001.4,  -0.1,  -1.3
148113,  -0.6,  -0.2,   1.3,  20.9,   2.1, 987.9,  -0.1,  -1.3
148137,   0.5,  -0.4,  -1.2,  32.4,  19.7,1000.1,  -0.1,  -1.3
148165,  -0.6,  -0.8,   0.3,  35.1,  -8.1,1000.6,  -0.1,  -1.4
148189,  -0.4,  -0.9,   1.0,  27.0,  -5.2,1005.5,  -0.2,  -1.4
148213,  -0.5,  -0.6,   0.5,  23.6, -17.4,1005.3,  -0.3,  -1.4
148237,   0.2,  -0.2,  -0.4,  19.2, -18.4,1005.8,  -0.3,  -1.3
148265,  -0.1,  -0.5,  -0.3,  34.1,   5.8, 999.9,  -0.3,  -1.4
148289,  -0.0,  -0.5,  -0.3,  19.7, -18.9,1011.9,  -0.3,  -1.5
148313,  -0.1,  -0.3,   1.2,  26.0,  11.4, 998.4,  -0.3,  -1.5
148337,  -0.3,   0.3,  -0.1,  33.3,  -8.6, 992.3,  -0.4,  -1.5
148365,   0.2,  -0.3,  -0.1,  25.5,   3.1,1001.9,  -0.3,  -1.5
148389,   0.5,   0.2,  -1.1,  23.3,   8.7,1003.6,  -0.3,  -1.5
148417,  -0.1,   0.8,   1.0,  25.0,   4.6,1004.8,  -0.3,  -1.4
148437,  -0.4,   0.3,   2.5,  23.6,  -0.3, 989.6,  -0.3,  -1.4
148465,   0.1,   0.3,   0.6,  33.1,  10.4,1001.6,  -0.3,  -1.4
148489,  -1.0,   0.5,   1.6,   9.7,   0.6,1004.0,  -0.2,  -1.4
148513,  -0.0,   0.5,   0.5,  39.0,  -1.5,1012.6,  -0.3,  -1.4
148539,   0.6,   0.3,  -0.3,  22.1,  -4.5,1007.7,  -0.3,  -1.4
148563,  -0.9,   0.4,  -0.1,  36.8, -12.3, 989.2,  -0.3,  -1.4
148587,   0.1,   0.3,  -1.9,  -3.8,  -7.2,1012.3,  -0.4,  -1.4
148615,  -0.4,   0.1,  -0.4,  13.3, -10.3, 991.1,  -0.5,  -1.3
148639,  -0.8,  -0.6,  -0.1,  35.5, -38.2,1010.4,  -0.6,  -1.4
148663,  -0.0,   0.3,  -1.4,  19.2, -21.6, 983.5,  -0.6,  -1.4
148691,  -0.2,  -0.2,  -0.0,  22.1,  -8.1, 993.1,  -0.6,  -1.4
148715,   0.5,  -0.2,  -1.1,  29.7,   8.0, 998.2,  -0.6,  -1.4
148739,   0.7,   0.8,  -0.7,  28.0,  -0.1,1014.5,  -0.5,  -1.4
148763,  -0.6,   0.3,   0.4,  30.9,   6.3,1004.8,  -0.5,  -1.4
148791,  -0.6,   0.0,   0.3,  27.0,  20.9,1018.9,  -0.4,  -1.4
148815,  -1.3,   0.2,   1.1,   2.8,   9.7,1001.1,  -0.3,  -1.3
148839,  -0.1,   1.2,  -0.6,  10.9,  11.1, 994.3,  -0.2,  -1.3
148863,  -0.1,  -0.8,   0.3,  66.1,  37.0,1019.2,  -0.1,  -1.3
148891,  -0.2,   0.5,  -0.7,  -5.5,  -0.6, 986.7,  -0.1,  -1.4
148919,  -0.4,   0.3,  -0.3, -30.6,   1.6, 988.9,  -0.1,  -1.3
148939,   0.1,   0.6,   0.0,  10.6,   0.4,1002.3,  -0.1,  -1.3
148963,  -0.0,   0.3,  -0.8,  32.4, -21.1, 994.3,  -0.1,  -1.3
148991,   1.2,   0.4,  -1.3,  49.2, -17.2, 991.1,  -0.2,  -1.3
149015,   0.7,   1.4,  -1.7, -11.1,  -2.0, 998.7,  -0.2,  -1.3
149039,  -0.6,   0.3,   1.1,   2.1, -12.5,1008.2,  -0.2,  -1.3
149063,  -0.6,   0.2,   0.9,   3.6,  -9.1,1003.1,  -0.2,  -1.3
149091,  -0.7,  -0.3,   1.1,  51.2,   6.5, 962.3,  -0.1,  -1.3
149115,   0.1,  -0.3,   1.3,  84.4,   6.5,1044.8,  -0.1,  -1.3
149139,   1.3,  -0.4,  -0.5,  37.3,  47.3, 982.3,  -0.0,  -1.2
149163,  -0.1,   0.6,  -0.0,  17.5,   0.4,1019.4,  -0.1,  -1.2
149191,  -0.2,   1.9,   0.9,  -0.3,   9.7, 967.7,  -0.2,  -1.2
149215,   0.5,   0.2,  -0.5,  22.1, -15.7,1029.0,  -0.2,  -1.2
149239,   0.4,  -0.7,  -2.2,  28.5,  11.4, 983.8,  -0.3,  -1.2
149263,   1.0,   0.6,  -2.0,   1.9, -29.6, 978.4,  -0.7,  -1.3
149291,  -0.1,   0.3,  -0.9, -33.3,  23.6, 975.2,  -0.6,  -1.2
149315,   0.4,   0.6,  -2.3,  -5.2,   5.0, 992.8,  -0.6,  -1.2
149339,   0.2,  -0.9,   0.7,  10.9,  18.5, 988.4,  -0.4,  -1.1
149363,   1.6,   0.6,   0.2,  39.5,  24.3,1023.6,  -0.4,  -1.3
149391,  -0.1,  -1.6,  -0.3, 126.6,  26.5,1016.7,  -0.3,  -1.4
149419,   0.1,   0.9,  -0.4,  60.2,  17.5,1010.6,  -0.3,  -1.5
149439,   1.5,   0.6,  -3.1,  76.8,  -7.7,1018.2,  -0.2,  -1.3
149463,   0.1,  -0.1,  -0.4,  43.1,   3.8,1008.9,  -0.3,  -1.3
149491,   0.1,   1.4,  -1.7,  28.5, -24.0,1009.2,  -0.3,  -1.3
149515,  -0.2,   0.5,  -1.0,  12.6, -10.1,1007.2,  -0.4,  -1.2
149539,  -0.5,   2.9,  -0.3,-159.0, -94.6, 998.4,  -0.5,  -1.0
149563,  -1.2,  -6.8,   3.8,-425.9,  60.7, 843.2,  -0.5,  -0.2
149591,   1.1,  -2.0,  -2.5, 351.0, -80.7,1075.6,  -0.5,  -1.1
149615,  -1.0,   5.8,  -2.0, 143.5, -16.0,1076.6,  -0.4,  -1.2
149639,   0.6,   0.9,  -0.1, -47.0,  12.6, 963.3,  -0.2,  -0.7
149663,   0.3,  -3.9,   1.3, 175.7,  72.2, 948.1,  -0.5,  -0.8
149691,  -0.9,  -6.6,   0.4, 334.6, 123.5, 984.0,   0.1,  -0.7
149715,   1.6,  -2.3,  -1.6, 379.8,  -1.3,1142.0,  -0.1,  -0.8
149739,  -0.2,   0.9,  -1.5,  82.2,   5.8, 975.0,   0.1,  -0.7
149767,   0.1,   2.2,  -0.8,  13.6, -25.2,1016.0,  -0.1,  -0.9
149791,  -0.9,   0.3,   0.6, -16.0,  12.4, 986.0,  -0.1,  -0.9
149815,  -1.1,  -0.6,   1.1,  56.3,  -9.4,1034.6,  -0.1,  -1.0
149839,  -1.1,   0.4,   0.6,  -6.2, -24.5, 997.2,  -0.2,  -1.0
149867,  -1.7,  -0.4,   2.5,  22.8,  -6.4,1010.6,  -0.2,  -0.9
149891,   0.5,  -0.5,  -0.9,   6.5, -15.5,1001.6,  -0.3,  -0.9
149919,   0.5,  -0.5,  -0.4,  27.0,  -1.3,1017.0,  -0.3,  -0.9
149939,   0.9,  -0.7,  -0.9,  34.8, -11.6, 991.1,  -0.3,  -1.0
149967,  -0.3,   0.0,  -0.2,  20.7,  -7.4, 987.7,  -0.2,  -1.1
149991,  -0.1,  -0.5,  -0.0,  31.1, -11.8,1003.8,  -0.2,  -1.2
150015,  -0.8,   0.3,   0.5,  10.2, -12.3, 996.7,  -0.2,  -1.2
150039,   1.0,   1.1,  -2.0,  28.5,   8.5, 997.0,  -0.1,  -1.2
150067,  -0.4,   0.8,  -0.3, -16.5, -15.0, 975.7,  -0.1,  -1.2
150091,  -0.9,  -1.6,   1.1,  18.5, -10.3, 981.1,  -0.2,  -1.2
150115,   0.1,  -0.3,   0.2,  35.3,  -2.5,1012.6,  -0.2,  -1.2
150141,   0.2,  -0.4,   0.8,  26.0,  -7.9, 993.8,  -0.2,  -1.2
150165,  -0.3,   0.0,  -0.1,  31.1,  -1.5,1002.1,  -0.2,  -1.3
150189,  -0.2,  -0.9,   0.9,  48.5,  -5.0,1011.9,  -0.2,  -1.3
150217,  -0.5,   0.5,  -0.2,  -0.3,   7.5, 981.8,  -0.2,  -1.4
150241,   0.2,  -0.0,  -0.6,  25.5,  -1.8, 997.5,  -0.1,  -1.4
150265,  -0.2,   0.0,  -1.1,  29.9,   4.1, 995.5,  -0.1,  -1.3
150289,  -1.1,  -0.4,   1.3,   7.7,   1.1,1008.0,  -0.1,  -1.3
150317,  -0.4,  -0.1,   0.3,  17.2,  -6.7,1018.7,  -0.2,  -1.3
150341,  -0.1,   0.5,  -0.4,  32.4,  -6.2, 994.3,  -0.2,  -1.3
150365,  -0.2,   0.4,  -0.0,  16.3, -25.7,1010.2,  -0.2,  -1.3
150389,  -0.2,  -0.5,  -0.3,  25.3, -10.8, 989.2,  -0.2,  -1.3
150417,  -0.3,  -0.8,   1.1,  40.2, -11.3, 999.9,  -0.2,  -1.3
150441,   1.1,   0.3,   0.2,  25.8,   1.1,1017.2,  -0.2,  -1.4
150465,  -1.2,  -0.3,  -0.2,  18.9,  -4.5, 985.7,  -0.1,  -1.4
150489,   0.9,   0.9,  -1.9,  21.4,   5.8,1004.3,  -0.1,  -1.4
150517,  -0.3,  -0.1,  -0.2,  34.6,   1.9,1006.0,  -0.1,  -1.4
150541,   0.4,   0.1,  -0.4,  17.5,   0.4, 992.1,  -0.1,  -1.4
150565,  -0.7,  -0.2,   1.3,  20.7,  -7.4, 994.8,  -0.1,  -1.4
150589,   0.5,  -0.1,  -0.6,  25.5,  -6.9,1005.3,  -0.1,  -1.4
150617,   0.8,   0.3,  -1.5,  17.7, -14.0,1003.6,  -0.1,  -1.3
150641,   0.2,  -0.3,  -1.8,  35.5,   7.2, 986.5,  -0.1,  -1.3
150665,  -1.0,  -0.7,   1.8,  28.7, -44.0, 969.9,  -0.2,  -1.4
150689,  -0.3,  -0.4,  -1.0,  31.4, -21.1,1009.2,  -0.2,  -1.4
150717,   0.5,   0.1,  -1.2,  17.7,  -8.6,1012.6,  -0.2,  -1.4
150741,   0.2,  -0.0,  -0.6,  38.7,   3.8,1005.8,  -0.2,  -1.4
150765,   0.4,   0.0,   0.2,  30.4,  -6.9,1017.2,  -0.2,  -1.3
150793,  -0.4,  -0.5,   1.2,  16.0,  17.7,1010.4,  -0.1,  -1.4
150817,  -0.1,  -0.9,   0.8,  24.8,   2.8, 994.0,  -0.1,  -1.4
150841,  -0.1,  -0.6,   0.2,  22.6,  -3.3, 998.7,  -0.2,  -1.4
150865,   1.3,   0.3,  -1.8,  23.6,   4.8, 994.8,  -0.1,  -1.4
150893,  -0.3,  -1.4,   0.2,   3.1,  -2.8, 985.2,  -0.1,  -1.4
150921,   0.2,  -1.4,   1.3,  23.8,   3.8,1005.5,  -0.1,  -1.4
150941,   0.7,  -2.2,   0.5,  31.6,  -3.5,1007.0,  -0.1,  -1.4
150965,   0.6,  -1.7,   0.2,  35.8, -18.2,1006.7,  -0.1,  -1.5
150993,  -0.7,   0.9,  -0.5,  30.2,   2.8, 992.6,  -0.1,  -1.6
151017,   0.6,  -2.5,   2.1,  12.4, -17.2,1007.2,  -0.1,  -1.6
151041,   2.6,  -4.8,  -0.9,  30.7,  -8.6,1008.4,  -0.0,  -1.6
151065,   0.7,  -0.9,  -1.1,  35.5, -12.5,1017.0,   0.0,  -1.8
151093,   0.2,   1.1,   0.5,  -8.4, -17.9, 969.6,   0.0,  -1.8
151117,   0.3,  -2.6,   0.6,  14.5, -14.2,1002.8,   0.1,  -1.8
151141,   1.3,  -0.3,  -1.0,  32.6,  21.4,1004.3,   0.1,  -1.8
151165,   0.9,   1.6,  -1.2,  23.6,  14.6,1024.3,   0.1,  -1.9
151193,   1.5,  -2.3,  -1.2,  22.4, -15.5,1004.0,   0.1,  -1.9
151217,   1.0,  -3.0,  -2.2,  32.9,  22.9, 992.1,   0.2,  -1.9
151241,   1.1,  -0.8,  -1.4,  35.8,  22.6,1007.5,   0.2,  -2.0
151265,  -0.6,   0.2,  -0.3,  18.7,  22.6, 997.0,   0.2,  -2.1
151293,  -1.3,  -1.2,   1.1,  33.6,  15.1, 972.6,   0.2,  -2.0
151317,  -0.7,  -3.1,   1.0,  27.2,  -4.2,1011.4,   0.2,  -2.0
151341,   1.2,  -1.2,  -1.5,  45.6,  -9.4,1001.1,   0.2,  -2.1
151365,   0.8,  -1.6,   1.0,  43.8,   4.8,1001.4,   0.3,  -2.2
151393,   1.1,   1.0,  -1.6,  43.4,   0.2,1012.8,   0.3,  -2.2
151421,   0.7,  -1.7,   0.2,  21.4,   7.2,1001.6,   0.3,  -2.2
151441,   1.5,  -1.2,  -1.3,  40.2,  -3.7,1008.0,   0.3,  -2.2
151465,  -0.3,  -2.7,   1.4,  39.5,  -2.3,1001.1,   0.3,  -2.2
151493,  -0.9,  -2.8,   0.5,  46.3,  -0.6, 996.7,   0.3,  -2.3
151517,   0.2,  -0.3,  -1.2,  57.8,   7.5, 996.2,   0.4,  -2.3
151541,   0.8,   0.4,  -0.7,  32.4,  13.3, 985.5,   0.4,  -2.3
151565,   1.0,  -0.2,  -2.0,  41.2,  12.1,1002.6,   0.4,  -2.3
151593,  -0.9,  -0.8,   0.2,  37.0,  10.7,1002.8,   0.4,  -2.3
151617,  -0.0,  -0.4,  -0.6,  31.9,  33.1, 998.9,   0.5,  -2.3
151641,  -0.3,  -1.6,   0.8,  46.0,   6.0, 987.4,   0.5,  -2.3
151665,   0.5,  -0.6,  -1.7,  41.4,   5.8,1008.0,   0.5,  -2.4
151693,   0.4,  -1.2,  -1.4,  36.5,   6.0, 999.4,   0.5,  -2.4
151717,   0.5,  -3.1,  -0.8,  42.9,   1.4, 994.8,   0.5,  -2.4
151743,   0.4,  -0.3,  -2.4,  36.5, -13.8,1001.4,   0.5,  -2.4
151767,   0.7,  -3.8,  -0.6,  30.7,  18.7, 991.1,   0.5,  -2.5
151791,   2.0,  -2.4,  -1.7,  61.9,  33.1,1006.5,   0.5,  -2.6
151819,  -0.2,  -2.3,  -0.3,  47.8,  21.2,1003.1,   0.6,  -2.6
151843,   0.2,  -2.6,  -0.3,  40.9,  10.4, 996.0,   0.6,  -2.6
151867,   0.3,  -1.2,   0.0,  63.6,  21.6,1007.5,   0.6,  -2.7
151891,  -2.0,   1.3,   0.1,  36.3,   5.0,1001.1,   0.6,  -2.7
151919,  -1.1,  -0.9,  -1.4,  51.7,   6.0, 991.1,   0.5,  -2.7
151943,  -1.1,  -0.6,  -0.0,  39.7,   6.0, 996.5,   0.5,  -2.8
151967,  -0.1,  -1.7,   1.0,  32.6,  -2.0,1006.0,   0.5,  -2.7
151991,  -0.0,  -2.0,  -0.6,  35.3,  -1.1,1009.4,   0.5,  -2.7
152019,  -0.1,  -2.5,  -0.6,  39.5,  25.1, 989.6,   0.5,  -2.7
152043,  -1.0,  -0.8,  -1.0,  43.8,   1.1,1000.9,   0.5,  -2.8
152067,  -0.1,  -1.2,  -0.4,  69.0,  22.6,1009.2,   0.6,  -2.9
152091,  -0.2,  -0.4,  -1.1,  46.5,  -7.9, 991.6,   0.6,  -2.9
152119,  -2.2,  -0.2,   1.6,  42.6,  11.1,1004.0,   0.6,  -2.9
152143,   0.2,   0.0,  -1.9,  43.8,   8.7, 996.7,   0.6,  -2.8
152167,   0.1,  -0.6,  -0.2,  36.5,   7.7, 998.2,   0.7,  -2.8
152191,  -1.3,  -1.7,   1.1,  50.9,  10.2, 990.1,   0.6,  -2.8
152219,   0.2,  -3.1,  -0.3,  31.1,  15.3, 998.2,   0.7,  -2.9
152243,   1.2,  -4.6,  -0.7, 164.0,  60.2,1115.9,   0.7,  -3.0
152267,   0.2,  -0.8,  -1.3,  56.8,   6.3,1012.1,   0.6,  -3.2
152291,  -0.5,   1.6,  -2.0,  53.6,  32.6,1003.8,   0.7,  -3.2
152319,  -3.2,   7.7,  -1.4,  45.3,   9.9, 995.0,   0.7,  -3.2
152343,  -4.8,  12.7,  -1.2,  50.4,   8.9, 995.3,   0.6,  -3.0
152367,  -4.2,  11.9,  -1.1,  44.3,   6.8,1011.9,   0.5,  -2.7
