Time(ms),Gyro X,Gyro Y,Gyro Z,Acc X,Acc Y,Acc Z,Rot X,Rot Y
10634,  -0.1,   0.2,   0.6,   2.9,   0.5, 997.8,   0.5,  -0.4
10638,   0.6,  -1.1,   0.1,   7.3,  -5.7,1006.8,   0.5,  -0.4
10642,   1.2,   0.0,  -0.8,  -6.6,  -2.2,1001.7,   0.4,  -0.3
10646,  -0.6,   1.0,   0.2,  -7.3,  -9.3,1001.2,   0.4,  -0.3
10650,   0.2,  -0.3,  -0.3,   3.6,  12.4,1003.2,   0.4,  -0.3
10664,   0.9,   0.1,  -0.2,  -6.1,  -6.1,1002.9,   0.4,  -0.3
10668,   0.4,   0.5,   0.2,  -7.6,  -3.5,1003.9,   0.4,  -0.3
10672,  -0.8,  -0.5,  -0.1,   4.4,   4.8, 997.8,   0.4,  -0.3
10676,  -0.1,  -0.4,  -0.3,  -6.9,   1.7,1005.9,   0.4,  -0.2
10680,   0.7,   0.3,  -0.4,  -4.9,  -0.5, 991.9,   0.3,  -0.2
10694,   0.9,   1.2,   0.5,  -2.0,   2.2, 999.0,   0.3,  -0.2
10698,   0.0,  -0.5,   0.7,  10.0,   4.4, 997.8,   0.3,  -0.2
10702,   0.1,   0.1,   0.1, -10.8,  -5.4,1003.9,   0.3,  -0.2
10706,   1.1,  -0.9,   0.2,  -7.3, -10.0, 999.3,   0.3,  -0.2
10710,  -0.0,  -0.7,  -0.2,   5.8,  -2.7, 997.1,   0.3,  -0.2
10724,   1.1,   0.4,   1.2,  -4.7,  -0.0, 994.9,   0.3,  -0.1
10748,   0.7,  -0.5,   0.2,   8.0,   1.7,1000.0,   0.2,  -0.2
10776,  -0.6,   1.1,  -0.2,   1.4,  -3.2, 997.6,   0.1,  -0.1
10800,   0.3,   0.3,   0.6,  -7.1, -11.8,1003.7,   0.0,  -0.1
10824,  -0.0,  -0.7,  -0.3,  -5.1,  -2.2, 990.0,  -0.0,  -0.0
10848,   0.2,  -0.4,   0.2,   2.4,  -2.7, 992.7,  -0.0,  -0.0
10872,  -0.0,   0.6,   0.2,   1.7,  -5.9, 998.5,  -0.1,  -0.0
10900,  -0.1,   0.5,  -0.2,  -3.2,  -7.6,1001.7,  -0.1,  -0.0
10924,   0.5,   0.3,   0.9,   1.2,  -6.4,1003.7,  -0.1,  -0.0
10948,  -0.0,  -0.6,  -0.3,  -4.4,   3.1, 995.6,  -0.2,  -0.0
10972,  -0.2,   0.7,   0.3,   2.9,  -1.7,1003.9,  -0.2,   0.0
11000,   1.0,   0.6,   0.1,  -2.2,  -2.2,1004.9,  -0.2,   0.0
11024,   1.4,  -0.1,  -0.1,   1.4,  -9.1,1011.0,  -0.2,   0.0
11048,  -0.5,   0.4,  -0.4,  -4.9, -10.0, 995.8,  -0.2,   0.0
11072,  -0.1,   0.9,   0.7,  -3.4,   7.8, 990.0,  -0.2,   0.0
11100,   1.1,   0.3,   0.7,  -3.9,  -1.5,1001.2,  -0.2,   0.1
11124,   0.2,  -0.4,   1.1,   1.7,   3.9,1000.7,  -0.2,   0.1
11148,   0.8,  -0.6,  -0.4,  -1.5, -10.3,1008.1,  -0.2,   0.1
11172,   0.0,  -0.4,  -0.1,   1.9,  -4.7, 998.5,  -0.2,   0.1
11200,   0.9,  -1.3,   0.5,   1.7,   5.6,1000.7,  -0.2,   0.1
11224,   0.1,  -0.5,  -0.2,   0.7,   5.3, 992.2,  -0.2,   0.1
11248,  -0.2,   0.3,   0.0,   1.0,  -2.0, 998.5,  -0.2,   0.1
11276,   2.8,  -1.2,  -0.4,  -9.0,  -6.9,1015.9,  -0.1,   0.1
11300,  -0.4,   1.2,   0.4,   6.6,  -0.0, 998.3,  -0.2,   0.1
11324,   1.7,   0.2,   0.2,   8.3,  -2.7, 999.5,  -0.2,   0.0
11348,   0.0,   0.7,  -0.1,  -0.7,   0.9,1004.1,  -0.2,   0.0
11372,   1.6,   1.4,   1.0,  -3.4,   7.3, 994.1,  -0.1,   0.1
11400,   0.2,  -0.8,   0.4,  -5.9,  -4.7, 994.9,  -0.1,   0.1
11424,   0.2,   0.2,   0.1,   0.7,  -3.5, 997.1,  -0.1,   0.1
11448,   1.2,  -0.1,  -0.4,  -0.7,  -8.1, 988.8,  -0.2,   0.0
11472,   1.2,   0.5,  -0.5,   0.7,   0.9, 997.6,  -0.2,   0.0
11500,   0.8,  -0.2,  -0.1,  -0.5,  -2.0, 993.4,  -0.2,   0.1
11524,   0.5,  -0.5,  -0.4,  -4.9,  -4.7, 997.8,  -0.2,   0.1
11548,   1.6,  -0.8,   0.8,  -5.4,  -6.1, 997.6,  -0.2,   0.1
11572,   1.0,  -0.2,   0.1,  10.2,   4.4, 997.6,  -0.2,   0.1
11600,   0.3,   0.4,  -0.3,  -2.5,  -3.7, 992.9,  -0.2,   0.1
11624,   1.3,   0.2,   0.7,   8.8,  -0.0, 998.0,  -0.2,   0.1
11648,  -0.7,  -0.1,  -0.2,   0.2,  -0.0, 995.4,  -0.2,   0.1
11676,   0.3,   0.1,   1.0,   1.4,  -6.9, 996.6,  -0.2,   0.1
11700,   0.2,   0.6,   0.8,  14.9,  11.2,1007.8,  -0.2,   0.1
11724,   0.3,   0.4,   0.3,   3.4,   7.5,1001.5,  -0.2,   0.1
11748,   0.6,   0.1,   0.6,   1.7,  -5.2,1011.7,  -0.2,   0.1
11775,   0.8,   0.3,  -0.4,  -7.1,  -8.6,1002.7,  -0.2,   0.1
11799,  -0.5,   0.7,   0.4,   6.1, -14.4,1002.7,  -0.2,   0.1
11823,   0.9,   0.6,   0.2,  10.5,  -2.0,1000.7,  -0.2,   0.0
11851,   0.6,  -0.1,  -0.1,  -5.1, -11.8,1003.2,  -0.2,   0.0
11875,  -0.3,   0.6,   0.0,  -8.3,  -7.8,1001.2,  -0.2,   0.1
11899,   1.4,  -0.4,   0.1,  -4.7,  -4.4, 991.9,  -0.2,   0.1
11923,   0.3,   0.6,  -0.5,  -5.6, -11.0, 997.3,  -0.2,   0.1
11951,   0.7,   0.4,   1.0,   4.6, -29.3, 994.9,  -0.3,   0.0
11974,   0.3,  -1.5,   0.0,  -2.7,   0.9,1002.4,  -0.3,   0.0
11998,  -0.2,  -0.6,   0.1,  12.7,  -3.9,1003.4,  -0.3,   0.0
12026,  -1.2,  -0.5,   0.2, -15.9,  -8.3, 995.8,  -0.3,   0.0
12050,  -0.2,  -0.2,  -0.7,  -0.0,   2.2,1005.1,  -0.3,   0.0
12074,  -0.4,   1.2,  -0.2,   7.8,   1.9, 994.4,  -0.3,  -0.0
12098,   0.8,   1.0,  -0.7,   1.4,  19.3, 969.7,  -0.3,   0.0
12126,  -0.3,  -0.1,   0.2, -14.2,  -4.2, 993.6,  -0.3,   0.0
12150,   0.4,  -0.6,  -0.5, -15.4, -11.0,1003.2,  -0.3,   0.0
12174,  -0.0,   1.0,  -0.7,   1.7,  -1.7,1005.9,  -0.3,   0.1
12198,   0.5,  -0.6,  -0.2,  19.5,  -0.5,1005.4,  -0.3,   0.0
12226,   0.6,  -0.1,  -0.6, -16.9,   6.6, 998.3,  -0.2,   0.1
12250,   0.9,  -0.1,  -0.2, -31.5, -13.7, 995.1,  -0.3,   0.1
12278,   0.8,  -0.3,  -0.1, -27.1,   2.7, 996.6,  -0.3,   0.1
12298,   0.9,  -0.2,   0.5,  -8.3,   6.8,1000.7,  -0.2,   0.1
12326,   0.6,   0.4,  -1.1,   9.8,  -6.9, 998.8,  -0.2,   0.0
12350,   1.1,   0.2,  -0.3, -10.8,  -4.4,1000.2,  -0.2,   0.0
12374,   1.4,   1.0,   0.4,  -0.3,   8.3, 998.0,  -0.2,   0.1
12398,   0.5,   0.1,   1.5,  15.6,   1.7,1001.2,  -0.2,   0.0
12426,   1.2,  -0.1,   0.5, -12.2,  -7.4,1000.2,  -0.2,   0.1
12450,   1.1,   1.5,  -0.9,   4.4,   3.6,1002.7,  -0.2,   0.0
12474,   0.3,   0.4,   0.1,   1.7,  -4.4,1003.2,  -0.2,   0.0
12498,   0.7,  -0.2,  -0.1,   2.9,  -7.8,1000.5,  -0.2,   0.1
12526,   0.9,   0.1,  -0.7,  -9.8,  -0.8, 991.2,  -0.2,   0.1
12550,   1.1,   0.4,  -0.3, -15.9, -13.7,1001.5,  -0.2,   0.1
12574,   1.1,  -0.2,   0.5,  10.7,  20.0,1002.9,  -0.2,   0.1
12598,   0.7,  -1.0,   0.4,  37.6,  -7.1,1004.1,  -0.1,   0.1
12626,   1.6,   0.1,  -1.5, -21.7, -10.5, 995.8,  -0.2,   0.1
12650,   0.0,   1.0,   0.6,   5.1,   3.6,1005.6,  -0.2,   0.1
12674,   0.3,   0.0,   0.7,  -3.4, -10.5,1000.0,  -0.1,   0.1
12702,   1.5,  -0.3,  -0.4, -10.3, -12.0,1001.9,  -0.2,   0.1
12726,   0.2,  -0.1,  -0.5,  16.3,  10.5, 998.8,  -0.1,   0.1
12750,   1.9,   0.1,  -1.0,  24.2,   3.1,1003.7,  -0.1,   0.0
12778,   1.1,   0.2,   0.1,  -3.2, -14.2,1005.9,  -0.1,   0.0
12802,   0.6,  -0.8,   0.4,  -2.7,   5.1, 996.6,  -0.1,   0.1
12826,   1.6,   0.6,  -0.4,  -8.1,  -1.7,1002.7,  -0.1,   0.1
12850,   1.9,   0.7,  -0.2,  -4.9,  -3.2,1000.0,  -0.1,   0.1
12874,   1.1,   0.4,   0.1,   2.9,  -6.6, 999.0,  -0.1,   0.1
12902,   1.1,  -0.5,   1.2, -11.2,  -4.2, 997.3,  -0.1,   0.1
12926,   1.7,   0.0,  -0.1,  -2.0,  -7.1,1008.1,  -0.2,   0.1
12950,   1.4,  -0.9,   0.0,  -2.7, -11.8,1004.6,  -0.2,   0.1
12974,   1.7,   0.1,  -0.6,  -1.7,  -3.7, 998.5,  -0.2,   0.1
13002,   1.6,   0.1,  -0.5, -14.7,  -5.4, 997.6,  -0.2,   0.1
13026,  -0.1,  -0.2,   0.9,   3.6,  -0.0,1004.6,  -0.2,   0.1
13050,   1.4,  -0.1,   0.2,   3.9,  -4.2, 997.3,  -0.2,   0.1
13074,   0.3,   0.3,  -0.6,  -2.9,  -2.7,1006.1,  -0.2,   0.1
13102,   1.2,  -0.1,  -0.9,  -1.7,  -3.5,1010.0,  -0.2,   0.1
13126,   1.7,   0.7,  -0.4,  -3.9,   0.5,1006.1,  -0.2,   0.1
13150,   1.2,   1.4,  -0.2,   1.7,  -7.8,1001.5,  -0.2,   0.1
13174,  -0.3,  -0.5,  -0.1,   0.2,  -6.1, 994.1,  -0.2,   0.1
13202,   1.5,  -0.2,   0.1,   1.9,  -1.7, 998.8,  -0.1,   0.1
13226,   1.2,   0.0,  -0.2,  -3.7,   1.4,1001.9,  -0.1,   0.1
13250,   0.2,   0.1,   1.3,   3.2,  -2.2,1002.7,  -0.1,   0.1
13277,  -0.3,   0.4,  -0.5, -11.7,  -7.8,1004.9,  -0.2,   0.1
13301,   0.5,   0.9,   0.2,  -0.3,   4.6, 994.9,  -0.2,   0.1
13325,   0.5,   0.3,  -0.4,  -2.2,   5.1, 995.4,  -0.1,   0.1
13349,   0.8,   1.3,   0.7,   4.1,   6.3,1004.1,  -0.1,   0.1
13377,   1.2,  -0.8,   0.2,  -8.8,  -2.0,1011.0,  -0.1,   0.1
13401,  -0.0,  -0.7,  -0.1,  -0.5,  -9.8,1003.7,  -0.2,   0.1
13425,  -0.2,   0.2,   0.7,   0.5,  -1.7,1004.9,  -0.2,   0.0
13449,  -0.1,  -0.4,  -0.2,  -2.0,  -1.0,1000.2,  -0.2,   0.0
13477,  -0.2,   1.1,   0.7,  -4.2,  -7.1, 997.1,  -0.2,   0.0
13501,  -0.2,   0.6,   0.2,  -3.7,  -2.0,1004.6,  -0.2,   0.0
13525,  -0.6,   1.2,  -0.4,  -4.7,  -5.4,1001.2,  -0.2,   0.1
13549,   0.2,   0.2,   0.2,  -5.1,  -1.7,1006.1,  -0.2,   0.1
13577,   0.2,   0.1,  -0.5,  -5.1,  -8.1,1004.6,  -0.2,   0.1
13599,  -1.1,   0.3,  -0.1,  -4.7,  -3.7,1004.4,  -0.2,   0.1
13627,  -1.1,   0.1,   0.2,  -2.0,   3.1, 998.8,  -0.3,   0.1
13651,  -0.6,   0.3,  -0.2,  -1.2,  -8.3, 996.3,  -0.3,   0.1
13675,   0.8,  -0.9,   0.2,   3.6, -10.5,1005.4,  -0.3,   0.0
13703,   0.0,  -0.1,   0.1,   0.2,  -3.5, 997.8,  -0.3,   0.0
13727,   0.4,  -0.1,   0.2,  -1.5,  -4.9,1000.5,  -0.3,   0.0
13751,  -0.2,  -0.2,  -0.1,   1.7,  -2.7, 996.1,  -0.3,   0.0
13779,   0.3,   0.0,  -0.7,  -1.2,   3.1, 997.6,  -0.3,   0.0
13803,  -0.2,   0.9,   0.4,  -2.5,   2.7, 994.4,  -0.2,   0.0
13827,   1.3,  -0.1,   0.1,   0.7,  -1.5, 993.2,  -0.2,  -0.0
13851,  -0.6,  -0.4,   0.1,  -4.9,  -6.9,1001.2,  -0.2,   0.0
13875,   1.1,   0.4,  -0.9,   2.9,  -4.9,1005.9,  -0.2,  -0.0
13903,   0.8,  -0.4,   1.0,  -2.0,  -0.3, 997.3,  -0.2,  -0.0
13927,   1.0,   1.0,  -0.2,  -1.2,  -2.0,1001.7,  -0.2,  -0.0
13951,   0.1,   0.1,  -0.2,   6.8,  -0.5,1004.9,  -0.2,  -0.0
13975,   1.3,   1.9,  -1.1,  -4.7,  -8.1,1001.9,  -0.2,  -0.0
14003,   1.4,   0.3,  -0.2,   7.8, -10.0,1000.0,  -0.2,  -0.0
14027,   0.3,   0.6,  -0.8,   2.2,  -6.6,1004.9,  -0.2,  -0.0
14051,   1.6,   0.6,  -0.4,   4.4,  -9.1, 999.3,  -0.2,   0.0
14075,   0.2,  -0.5,  -0.9,  -6.9,  -3.2,1002.7,  -0.2,   0.0
14103,   0.9,  -0.3,  -0.2,   2.2,  -6.4,1005.4,  -0.2,   0.0
14127,  -0.3,   0.9,  -0.2,  -0.0,   0.2,1008.8,  -0.2,   0.1
14151,   1.2,   0.1,  -0.1,  -1.7, -11.5, 995.4,  -0.2,   0.1
14175,   0.3,  -0.1,   0.6,  -0.7,  -4.7,1006.3,  -0.2,   0.1
14203,   1.6,   1.2,  -0.1,  -2.5,   0.5, 997.3,  -0.2,   0.1
14227,   0.6,   0.5,   0.2,  -5.4, -11.0,1004.4,  -0.2,   0.1
14251,   2.0,  -1.5,  -0.4, -10.8,  -7.6,1004.1,  -0.2,   0.1
14279,   0.2,  -0.2,   0.5,  -0.5,  -1.3,1001.9,  -0.2,   0.1
14303,   0.6,   0.4,  -0.1,   8.8,   6.8,1001.7,  -0.2,   0.1
14327,  -0.1,   0.6,   0.4,  -1.5,  -6.4,1000.2,  -0.2,   0.1
14351,   0.5,   0.4,  -0.8,  -5.1,  -7.4,1001.5,  -0.2,   0.1
14375,   2.0,   0.0,   0.1,  -4.4,  -2.7,1006.3,  -0.2,   0.1
14403,   0.5,   0.4,  -0.7,  11.9,  -0.0,1005.1,  -0.1,   0.0
14427,  -0.6,   0.3,  -0.9,   8.8,  -0.3,1007.6,  -0.1,   0.0
14451,  -0.0,   0.1,   0.5,   4.1,  -0.5,1003.4,  -0.1,  -0.0
14475,   1.4,   0.1,  -0.9,   5.4,   3.1, 995.4,  -0.1,  -0.0
14503,   0.3,   0.1,  -0.1,   0.5,   4.6,1001.5,  -0.1,   0.1
14527,   0.6,   0.9,   0.4,   4.9,  -2.2,1004.6,  -0.1,   0.1
14551,   0.7,   0.5,  -0.9,   0.7,  -5.7, 996.6,  -0.1,   0.1
14575,   0.9,   0.3,  -0.3,  -3.4, -18.6, 995.8,  -0.1,   0.1
14603,   1.1,  -0.1,   0.2,  -4.4,   7.5, 999.3,  -0.1,   0.1
14627,   0.9,   1.2,  -0.4,   0.5,  -2.7, 996.6,  -0.1,   0.1
14651,   0.5,  -0.1,  -0.1,   5.1, -12.7, 997.3,  -0.2,   0.1
14675,   1.3,  -0.5,  -0.9,  -0.3,  -2.7,1000.7,  -0.2,   0.1
14703,  -0.2,  -0.4,  -0.7,  -1.0, -10.5, 997.8,  -0.2,   0.1
14727,   0.5,  -0.2,   0.0,  -0.7,  -0.5, 991.7,  -0.2,   0.1
14751,  -0.0,   2.0,  -0.5,  -8.6,   8.8,1004.4,  -0.2,   0.1
14779,   1.6,   0.7,  -0.6,   5.4,  12.9, 999.0,  -0.1,   0.1
14803,   0.3,   0.1,  -0.3,  10.7,   1.9, 998.5,  -0.1,   0.1
14827,   0.5,   0.6,  -0.1,  -0.3,  -1.7, 998.8,  -0.1,   0.0
14851,   0.1,   0.6,   0.3,   1.9,   2.4, 997.1,  -0.1,   0.0
14879,   1.1,   0.1,  -0.8, -13.9,   1.7,1007.8,  -0.1,   0.1
14903,   0.8,   1.0,   0.4, -18.3, -12.2,1002.2,  -0.2,   0.2
14927,  -0.3,   0.5,  -0.2, -16.9,  11.0,1011.5,  -0.2,   0.2
14951,   0.6,  -0.2,   0.0, -22.7,   7.8, 991.7,  -0.1,   0.3
14979,   0.8,   0.6,   0.2,   6.6,  12.4,1004.6,  -0.1,   0.3
15003,   0.1,   0.4,  -0.2,   7.3,  -0.8, 994.9,  -0.1,   0.2
15027,   1.7,   0.2,   0.2,   3.2,   6.6,1000.2,  -0.1,   0.1
15051,   2.2,   0.6,  -0.5,  10.7,   9.2,1003.9,  -0.0,   0.1
15079,   1.8,   0.6,   1.7,  -2.5,   4.6, 991.4,  -0.0,   0.1
15103,   0.5,   1.0,   0.3, -20.3,  -1.0, 997.1,  -0.1,   0.1
15127,   1.2,   0.3,  -0.4, -10.0, -13.2,1007.1,  -0.1,   0.2
15151,  -0.2,   1.4,  -0.2,  -9.8,  -7.4,1007.1,  -0.2,   0.2
15179,   1.6,   0.0,  -1.2,  -9.5, -18.3,1005.9,  -0.2,   0.3
15203,   0.5,   0.4,  -0.5,  -0.5,  -5.9,1007.1,  -0.2,   0.3
15229,   0.6,  -2.4,  -0.9,  26.1,  -4.9,1025.1,  -0.2,   0.3
15253,   0.9,  -1.9,  -0.4,  49.1,  27.1,1005.9,  -0.2,   0.3
15281,  -0.9,  -0.7,  -0.7,  67.1,   9.0,1006.3,  -0.2,   0.2
15301,  -0.3,   1.8,  -0.4,  -6.6,  16.1, 994.6,  -0.2,   0.1
15329,   0.4,  -1.3,   0.6,  14.1,   6.8, 990.2,  -0.2,  -0.0
15353,   1.1,  -1.1,   1.2,  -8.8,   0.2,1003.9,  -0.2,   0.0
15377,   1.8,   0.6,  -0.9,  -8.8, -14.4,1001.9,  -0.2,   0.1
15401,  -1.3,  -1.2,   0.1,   1.0,  -5.2, 987.3,  -0.2,   0.1
15429,   0.4,   0.3,  -0.9, -11.0, -10.0,1008.5,  -0.2,   0.1
15453,   1.1,  -0.7,   0.3,   4.1,  -6.9,1002.2,  -0.2,   0.1
15477,   0.1,   0.8,   0.0,  -1.5,  -7.6, 997.8,  -0.2,   0.1
15501,   1.1,   0.0,   0.0,   0.5,  16.6,1007.1,  -0.2,   0.0
15529,  -0.4,   2.1,  -0.3, -30.8,  -3.0,1016.6,  -0.3,   0.0
15553,   0.4,   0.6,  -0.2, -19.1,   6.6,1007.1,  -0.2,   0.1
15577,   1.0,   1.0,   0.0, -13.4,   4.6,1008.5,  -0.2,   0.1
15601,   0.3,   0.5,  -0.5,  19.8, -12.2, 989.7,  -0.2,   0.1
15629,   0.2,   2.4,  -0.7, -60.6, -21.3, 991.0,  -0.3,   0.1
15653,  -0.4,  -0.7,   0.1,  31.7,  -7.6, 997.6,  -0.3,   0.1
15677,  -0.5,   0.3,  -0.1,   7.1,  -7.4, 993.2,  -0.3,   0.1
15701,   0.7,   0.7,  -0.5,   5.1,  13.1, 986.6,  -0.3,   0.1
15729,   0.5,  -1.5,   0.1, -20.0,   0.2, 993.6,  -0.2,   0.1
15753,   0.9,  -1.0,  -0.2,   6.8, -23.5,1000.0,  -0.3,   0.1
15781,   0.7,   0.4,  -0.2,  -3.2,  -3.5, 990.5,  -0.3,   0.1
15805,  -0.5,   0.3,  -1.1,  14.4,  -5.2,1001.0,  -0.2,   0.1
15829,   0.8,   0.3,   0.3,   7.3,  -6.1,1016.1,  -0.2,   0.1
15853,   0.4,  -0.1,  -0.2, -19.1,   1.9,1003.9,  -0.2,   0.1
15877,   1.4,   0.2,  -0.2,   1.4,   0.2,1003.9,  -0.2,   0.1
15905,   0.6,   0.3,   0.3, -12.7,  -8.1,1002.2,  -0.2,   0.1
15929,   0.2,   1.0,   0.1,   5.1,   8.0,1001.0,  -0.2,   0.2
15953,   2.4,   0.4,  -0.6,   3.9, -11.3, 993.2,  -0.2,   0.1
15977,   1.4,  -0.3,  -0.3,   1.9,  -5.2,1000.7,  -0.2,   0.1
16005,   1.3,  -0.8,  -0.7,  -1.0,  -0.0,1005.6,  -0.2,   0.1
16029,  -0.3,   0.8,   0.1,  -8.6,  15.3, 996.3,  -0.2,   0.0
16053,   0.1,  -0.1,  -0.7, -18.3,  -2.2, 997.3,  -0.1,   0.0
16077,   1.9,   1.1,   0.1,  -4.7,   2.4, 996.1,  -0.1,   0.0
16105,   2.3,   0.4,  -0.1,   1.9, -20.8,1000.5,  -0.1,   0.1
16129,  -0.9,   0.4,  -1.3,   1.4, -12.7,1004.4,  -0.2,   0.0
16153,  -0.1,  -1.3,   0.1,  -5.4,  -8.8,1003.4,  -0.2,  -0.0
16177,  -0.3,  -0.8,  -0.1, -17.8,  13.1, 991.4,  -0.2,   0.0
16205,  -0.3,   1.3,   0.7,  -2.7,  -5.9,1001.9,  -0.2,   0.1
16229,  -0.9,   1.6,  -0.1,  -0.3,   0.7, 999.5,  -0.2,   0.0
16253,   0.5,   0.4,   0.2,   4.1,   9.5, 994.9,  -0.2,  -0.0
16280,   0.5,  -0.2,  -0.1,   0.7, -14.9, 997.8,  -0.2,  -0.0
16304,  -0.8,  -0.1,   0.2,   3.6,   0.7, 995.8,  -0.2,  -0.0
16328,  -0.1,  -0.5,  -0.5, -15.2,  -8.8, 978.3,  -0.2,  -0.1
16352,  -0.5,  -0.6,  -0.2,   8.5,   9.2,1001.5,  -0.2,  -0.1
16380,   0.6,  -0.7,   0.3,   2.4,   0.5,1007.8,  -0.2,  -0.2
16404,   0.6,   0.3,  -0.5,  -8.1,   4.1,1001.5,  -0.2,  -0.1
16428,   1.2,  -1.3,   0.1,   6.8,   3.1, 985.6,  -0.2,  -0.1
16452,   0.7,  -0.4,  -0.7,   0.7, -10.5,1000.5,  -0.2,  -0.1
16480,   1.1,  -0.5,  -0.9,  10.7,   2.2,1008.1,  -0.2,  -0.1
16504,   1.2,  -0.1,  -0.2,   5.1, -17.6, 991.2,  -0.2,  -0.1
16528,   2.0,   0.3,  -0.7,   2.4,  -2.2, 993.2,  -0.2,  -0.1
16552,  -0.1,  -0.4,  -0.5,  -6.4,  -9.1,1004.9,  -0.2,  -0.1
16580,   0.3,   1.8,   0.1,  -4.4, -13.2,1006.8,  -0.1,  -0.0
16604,   0.1,   0.3,  -0.1, -22.2,  -0.3, 999.0,  -0.1,   0.0
16628,  -0.3,   0.0,   0.6,   4.9,   7.3, 994.6,  -0.1,   0.0
16652,   0.2,   0.7,  -0.2,   6.8,   0.9, 993.4,  -0.1,   0.0
16680,   2.1,   0.1,   0.6,   2.4,   3.4,1006.8,  -0.1,   0.0
16704,  -0.1,   1.5,  -0.2,  14.4,  -4.4, 997.6,  -0.1,   0.0
16728,  -0.4,   0.7,  -0.8,   6.3,   4.6,1006.1,  -0.0,   0.0
16752,  -0.4,  -0.2,   0.4,  -0.7, -13.5,1003.2,  -0.1,   0.0
16780,  -0.2,   1.0,   0.3,  11.9,  -1.3,1001.0,  -0.1,   0.1
16804,   0.2,   0.5,   0.6,  -9.3,  -6.6,1007.8,  -0.1,   0.1
16828,  -0.1,   0.4,  -0.2,  -3.4,   1.2,1002.4,  -0.2,   0.1
16854,   0.1,  -0.5,   0.7,  19.8,   0.2, 994.6,  -0.2,   0.1
16878,   1.3,   0.7,   0.6,  10.5,   2.9, 996.8,  -0.2,   0.1
16906,  -0.2,  -0.2,   0.2, -10.5,  -7.1, 992.7,  -0.2,   0.1
16930,  -0.2,  -1.5,  -0.1,   1.2,  -0.8, 993.9,  -0.2,   0.1
16954,   0.1,   0.4,  -0.1,  -7.3,  -3.0,1000.5,  -0.2,   0.0
16978,   1.8,  -1.0,  -0.4, -14.2,   5.6, 998.0,  -0.2,   0.0
17006,   1.0,   0.1,   0.2,  -8.6,   8.0,1009.0,  -0.1,   0.0
17030,   0.3,  -0.1,   0.0,   1.2, -11.0, 995.4,  -0.2,   0.0
17054,   0.6,  -0.1,  -0.2,  -5.1, -13.7, 995.4,  -0.2,  -0.0
17078,  -0.1,  -0.8,   0.2, -13.4, -13.5,1005.9,  -0.2,   0.0
17106,  -0.8,   0.7,   0.3,  -9.0,  -2.0,1003.7,  -0.2,   0.0
17130,   0.8,   0.3,  -0.4, -30.3, -12.7,1008.1,  -0.2,   0.0
17154,   1.5,  -0.7,  -0.9,  -6.1,  -5.7,1016.1,  -0.2,   0.0
17178,  -0.5,  -0.1,  -0.3,   5.1, -12.7,1001.2,  -0.3,   0.0
17206,   1.6,   0.0,   0.4,   7.3, -13.0, 993.6,  -0.2,   0.0
17230,   1.7,   0.7,  -0.1, -13.2,  -3.2, 991.7,  -0.2,   0.0
17254,   0.3,  -0.1,   0.7,  -4.9,   0.5,1000.2,  -0.2,   0.0
17282,   0.3,   0.9,  -0.1,  -0.5,  11.4, 995.4,  -0.2,   0.0
17306,  -0.6,   0.3,  -0.1,  -0.3,  17.8,1000.0,  -0.1,   0.0
17330,  -2.2,  -0.1,   0.2, -23.2,  11.9,1002.9,  -0.1,   0.0
17354,   0.7,  -1.2,  -0.2,  12.2, -11.5, 998.8,  -0.1,   0.0
17378,  -1.7,  -0.7,  -0.3,  17.8,  -8.8,1008.3,  -0.2,  -0.0
17406,   0.5,  -0.1,  -0.9,  -5.4, -10.0, 997.6,  -0.2,  -0.0
17430,   0.6,  -0.8,   0.2, -25.4,  -5.7, 999.5,  -0.3,   0.1
17454,   0.0,  -0.5,  -0.2, -13.2, -17.4, 986.3,  -0.3,   0.1
17478,  -1.7,  -0.9,   0.4, -21.5,  -3.5, 983.4,  -0.4,   0.2
17506,  -0.2,  -1.5,   1.7,  16.1,  -9.8, 997.6,  -0.5,   0.1
17530,   1.2,  -1.0,   1.8,  35.1,  -5.4, 986.1,  -0.5,   0.0
17554,   1.2,  -0.1,  -2.5,  47.6,  51.0, 974.8,  -0.4,  -0.2
17578,  -1.3,  -1.5,  -5.2, -52.3,   7.3,1002.7,  -0.1,  -0.2
17606,  -0.3,  -1.2,  -1.1, 105.5, -26.6, 993.4,  -0.4,  -0.5
17630,  -0.2,   1.0,  -2.0,-160.7,  78.6,1008.1,  -0.1,   0.0
17654,  -1.7,  -2.7,  -2.4, -55.9, -14.4, 989.0,   0.0,   0.1
17678,   1.2,   0.1,  -4.1, -77.7, -44.5, 992.7,  -0.2,   0.0
17706,  -2.4,  -6.3,  -4.5, 289.0, 355.9, 731.0,   1.4,  -0.2
17730,   1.2,   5.9,  -6.5, -75.7,-105.3,1122.3,  -0.0,  -0.7
17754,   0.9,   8.0,  -1.1,-168.0, 299.5,1214.1,   0.6,  -0.6
17782,   1.6,   0.8,   8.3, 412.8, 225.8, 958.2,   0.9,  -1.0
17806,   0.7,   5.4,   6.5, 264.1,  17.3,1026.6,   0.8,  -1.2
17830,  -0.5,   0.4,   4.9, -88.9, -18.1, 970.2,   0.3,  -0.1
17854,  -1.0,  -1.9,   1.5,-104.5, -11.3,1025.6,   0.2,   0.4
17882,  -0.9,  -4.8,  -1.2,  42.0,  28.8,1055.9,   0.3,   0.4
17906,  -0.1,  -1.5,  -0.7,   5.8,   7.5,1028.6,   0.6,   0.2
17930,  -0.4,  -1.1,  -0.4, -70.6, -10.3, 970.5,   0.5,   0.2
17954,  -0.7,  -2.6,   0.6,   0.7,   3.1,1000.5,   0.4,   0.3
17982,  -0.6,  -0.8,   1.5,  46.9,  -3.2,1023.4,   0.3,   0.3
18006,   0.1,  -1.1,   1.7,  98.6, -27.1,1012.0,  -0.0,   0.3
18030,  -0.3,   0.2,   1.3, -28.8, -69.9,1003.2,  -0.5,   0.3
18054,   1.1,  -0.6,  -0.9,   1.2,-130.4,1026.6,  -1.1,   0.0
18082,   0.2,   0.2,  -2.6, -28.6,-103.3,1022.7,  -1.8,  -0.5
18106,  -0.9,  -0.1,  -4.5, -26.1,-110.4,1010.5,  -2.2,  -0.7
18130,  -1.8,  -1.8,  -5.5,  65.9, -98.9,1009.8,  -2.6,  -0.9
18154,   0.5,   1.1,  -7.1, -23.0, -64.2,1002.4,  -2.9,  -0.9
18182,  -0.0,  -1.5,  -5.6, -60.1, -30.1,1012.4,  -3.0,  -0.5
18206,  -1.1,  -1.9,  -4.9, -73.3, -21.0,1001.0,  -2.9,  -0.0
18230,   0.5,  -0.2,  -2.4,-103.3,  -6.6, 998.5,  -2.7,   0.4
18254,  -0.3,  -1.9,   1.1, -65.0,  23.6,1008.3,  -2.4,   0.7
18282,   0.3,  -1.8,   3.0, -59.1,   6.3,1004.4,  -2.4,   0.7
18306,   1.9,  -0.8,   4.9, -48.8,   9.5,1006.8,  -2.1,   0.8
18330,  -0.3,  -0.2,   4.9,  -4.7,  13.9, 998.8,  -1.8,   0.8
18354,   0.6,  -0.7,   5.5,  44.2,  15.6,1003.7,  -1.7,   0.6
18382,   0.7,  -0.4,   3.5,  39.8, -31.8, 999.5,  -1.6,   0.3
18406,  -0.0,  -0.3,   2.1,  36.4,  -1.3,1003.9,  -1.6,   0.0
18430,   0.8,  -2.7,   0.7,  29.5, -10.3,1022.0,  -1.4,  -0.2
18454,  -1.3,  -1.2,  -0.1,  75.9,  22.7,1034.7,  -1.3,  -0.2
18480,  -0.5,  -0.2,  -2.1,   5.1,   8.3,1018.3,  -1.2,  -0.4
18504,   4.3,  16.5,  -4.9,-717.5,-317.4, 581.8,  -1.2,   0.2
18532,   2.2,  -3.0,  -1.3, 150.9,  39.0,1046.1,  -0.8,  -0.1
18556,   1.4,  -2.9,  -3.3,  64.2,  48.1,1016.6,  -0.5,  -0.1
18580,  -2.2,   2.0,  -2.6, -41.5, -57.7, 941.2,  -0.3,   0.0
18604,  -1.0,   0.8,  -1.8,  40.8,-123.6, 991.4,  -0.3,   0.0
18632,  -0.2,   0.9,  -1.4,   9.5,  45.9, 970.5,   0.0,  -0.0
18656,   1.6,   0.4,  -0.8,  42.2,  47.6, 996.1,   0.1,  -0.0
18680,  -0.3,   0.6,  -0.1,  -0.5,  22.2, 973.1,   0.3,  -0.0
18704,   1.7,  -1.0,   0.8,  16.3,   8.0, 992.9,   0.4,   0.0
18732,   0.4,   0.8,   0.6,  -9.0,  19.3, 992.4,   0.3,   0.1
18756,   0.4,   1.0,   0.4,   6.6,   4.1,1015.4,   0.4,   0.1
18783,  -0.0,   0.9,  -0.2,  -4.7, -20.5,1005.9,   0.4,   0.1
18807,   0.5,  -1.8,   0.2,  -9.3, -10.5,1013.2,   0.3,   0.1
18831,   0.4,  -1.8,  -0.2,  16.3,  19.7,1014.4,   0.4,   0.2
18855,   0.9,  -1.6,  -1.0, -36.1,   1.9, 996.6,   0.4,   0.1
18883,   0.1,  -1.0,  -0.6,  45.4, -28.1, 998.3,   0.2,   0.1
18907,   0.9,  -1.7,  -0.3,  13.9,  -3.9, 992.7,   0.2,   0.0
18931,   0.8,   0.0,   1.4, -16.6,   3.1, 999.7,   0.2,   0.0
18955,  -0.6,  -0.1,   1.0,   7.8,  12.9,1020.7,   0.2,   0.1
18983,  -0.9,   0.4,   1.4,  16.8,  -4.2,1006.6,   0.2,   0.0
19007,   0.5,  -0.5,   1.9, -20.5, -21.8, 995.1,   0.1,   0.0
19031,   0.8,  -0.2,   1.0,   7.3, -32.0,1012.7,  -0.1,   0.0
19055,   0.0,  -1.0,   0.0,  12.7,  -9.1,1001.7,  -0.2,   0.0
19083,   0.0,  -0.5,   0.0,   3.4, -17.1,1002.2,  -0.3,   0.0
19107,  -1.8,  -2.0,  -0.8, -10.0, -34.7, 996.8,  -0.4,   0.0
19131,  -0.5,  -1.5,  -0.5,  46.1, -12.7, 958.5,  -0.6,  -0.1
19155,   2.4,  -0.8,  -1.3, -18.1, -47.9,1014.6,  -0.6,   0.0
19183,   0.9,   1.5,  -0.5, -17.6, -61.3, 977.0,  -0.8,  -0.1
19207,   1.2,  -2.6,  -0.3, -25.6, -10.0,1013.9,  -0.7,  -0.0
19231,   1.1,   1.2,  -0.7,  -3.9, -36.7,1010.7,  -0.8,  -0.1
19255,  -0.9,   2.6,  -1.9,-143.1,   8.0,1034.7,  -0.7,   0.1
19283,  -0.1,   1.2,   0.1, -13.2,  -6.4, 983.4,  -0.7,   0.1
19307,   1.7,  -1.3,   0.2, -10.3,  -3.2,1001.5,  -0.7,   0.2
19331,  -1.2,   0.3,   0.7, -34.0, -10.5, 992.4,  -0.7,   0.3
19355,  -0.7,   0.1,   0.6,   3.9,   7.8,1006.3,  -0.6,   0.3
19383,   0.4,   0.1,  -0.2,   7.6,  -0.5, 991.0,  -0.6,   0.2
19407,  -0.4,  -0.7,   0.4,   8.5,  -2.2, 993.6,  -0.5,   0.2
19431,   1.9,   1.2,   0.6,  -1.5,   6.8, 991.7,  -0.4,   0.2
19455,   1.1,   0.5,   0.9,   8.0,   5.3,1009.3,  -0.3,   0.2
19483,  -0.3,  -0.1,   0.4,  26.1,   0.7, 997.3,  -0.1,   0.1
19507,   0.8,   1.2,   0.6, -18.8,  59.8,1007.6,  -0.1,   0.0
19531,  -0.9,   0.9,   1.1,  -9.8,   2.2, 987.8,   0.1,   0.1
19555,  -0.1,   0.1,   0.5,  17.1,  -7.6, 995.1,   0.1,   0.1
19583,   0.7,   0.3,   0.9,  10.2,  18.5, 995.6,   0.3,   0.0
19607,  -1.1,   0.6,   0.6,   1.7, -78.6, 970.9,   0.3,  -0.0
19631,  -0.7,   0.2,   0.4,  -5.4,  19.3, 990.5,   0.3,   0.1
19655,  -0.7,   0.5,  -0.5, -17.8,   8.5,1010.5,   0.2,   0.2
19683,   0.3,  -0.7,  -0.8,  22.7,   0.9, 997.6,   0.2,   0.2
19707,   1.6,  -0.1,   0.1,  46.9,   5.3,1009.3,   0.2,   0.1
19731,  -0.9,   1.5,  -0.9, -25.4,  18.3, 979.5,   0.2,   0.1
19755,   0.6,   0.1,  -0.4, -30.8,  53.2, 997.1,   0.4,   0.2
19783,  -0.3,  -0.2,  -0.4,  -3.2,   2.9, 990.7,   0.4,   0.2
19807,  -0.0,  -0.2,  -0.7, -21.0,  -1.0, 987.1,   0.4,   0.2
19831,  -0.7,  -1.8,  -0.7,  14.6,   4.1, 995.1,   0.4,   0.1
19859,   0.0,  -1.1,  -1.6,  46.9,  24.4,1016.4,   0.5,   0.1
19883,  -0.5,   0.4,  -2.3,  -1.7,  29.3, 998.0,   0.6,   0.0
19907,  -1.3,   2.2,  -2.4,-112.3,  27.6, 976.1,   0.8,   0.1
19931,   0.3,  -0.1,  -3.0, -45.7,  30.2, 979.0,   0.9,   0.1
19959,   0.8,  -0.8,  -3.7,  27.8,  16.1,1018.8,   0.9,  -0.0
19983,   1.5,   0.2,  -5.4,  12.7,  19.7,1007.6,   1.0,  -0.1
20007,   1.0,  -0.2,  -5.0,   1.4, -10.8,1013.2,   0.9,  -0.2
20031,   1.2,  -1.2,  -5.9,  -7.3, -11.8, 998.5,   0.8,  -0.3
20059,   1.2,  -1.3,  -5.6, -38.3,  24.4, 991.0,   0.9,  -0.1
20083,   1.3,  -2.5,  -5.9, -27.1,  47.3, 999.5,   1.0,   0.1
20109,   1.1,  -1.8,  -5.9, -10.8,  60.3, 993.9,   1.3,   0.3
20133,   0.4,  -1.9,  -5.9,  -4.7,  17.8, 991.7,   1.4,   0.3
20157,   1.7,  -1.2,  -4.3, -11.7,  -1.3, 984.4,   1.3,   0.4
20181,   1.7,  -2.9,  -5.6,  78.6,  -7.6,1049.6,   1.1,   0.3
20209,   0.6,  -1.6,  -5.9,  32.5,   7.3, 980.0,   1.0,   0.1
20233,   0.1,  -2.3,  -6.2,  17.3,   9.2,1002.7,   1.0,  -0.1
20257,   0.3,   0.1,  -6.5,   2.4,  25.4, 993.4,   1.1,  -0.2
20285,   0.3,  -0.7,  -8.2,  51.3, -18.3,1005.1,   1.1,  -0.2
20309,  -0.9,  -0.5,  -8.0,  17.8,   3.6,1016.6,   1.0,  -0.3
20333,  -1.7,   0.1,  -7.9, -51.5,   0.5, 986.6,   0.9,  -0.2
20357,   0.1,   0.3,  -7.1,  -5.6,  15.8,1002.4,   0.9,  -0.0
20381,  -0.2,  -2.1,  -6.7, -10.5,  29.0,1005.1,   1.0,   0.0
20409,  -1.8,  -0.8,  -6.8,  -4.4,  31.9,1015.1,   1.0,   0.2
20433,  -1.1,  -1.3,  -6.5, -39.6,  31.7, 989.0,   1.2,   0.3
20457,  -1.7,  -1.9,  -6.7, -35.2,  42.0,1010.0,   1.3,   0.4
20481,  -0.2,  -2.7,  -4.3, -37.6,  39.0, 995.8,   1.3,   0.7
20509,  -0.6,  -1.2,  -2.7, -69.8,  40.5,1002.4,   1.5,   1.0
20533,  -0.6,  -2.2,  -2.7,  17.1,  75.9,1016.4,   1.7,   1.1
20557,   0.7,  -2.2,  -1.4, -47.4,  52.5, 987.5,   2.0,   1.1
20581,   0.0,  -2.9,  -0.1,   3.9,  76.4, 964.3,   2.2,   1.2
20609,  -0.9,  -0.4,   0.9,  60.8,  23.4,1014.2,   2.2,   1.0
20633,  -0.9,   1.8,   1.6, -42.7, -17.1,1012.2,   2.1,   0.8
20657,   1.2,  -0.4,   1.8, -35.9, -25.9, 985.3,   1.8,   0.6
20681,  -0.2,  -1.3,   0.8,  28.5,   4.1, 995.6,   1.5,   0.7
20709,   0.2,  -1.3,  -0.9, -68.6,  16.8, 981.9,   1.5,   0.8
20733,   1.5,  -2.3,   0.1,  -6.1,  10.2, 990.5,   1.5,   0.8
20757,   0.0,   2.2,   0.2,-219.3,   0.5, 986.8,   1.2,   0.8
20785,  -0.5,  -1.8,   4.6,  45.6,  38.1,1014.4,   1.2,   0.8
20809,   0.1,   0.9,   6.4, -92.8,  25.1,1003.2,   1.2,   1.1
20833,  -0.6,  -0.2,   8.7, -60.6,   2.7, 990.0,   1.2,   1.2
20857,   1.2,   1.2,  10.7, -51.3, -27.6, 995.8,   1.1,   1.2
20885,  -0.3,  -0.4,  10.5,   6.6, -34.7,1009.0,   0.7,   1.0
20909,   0.9,   1.6,  10.1,  -4.2,  10.2, 975.1,   0.6,   1.0
20933,   1.4,  -0.3,   8.0,   2.2,  13.1, 969.0,   0.7,   0.8
20957,   1.4,  -1.6,   6.3,  29.3,  19.3, 980.2,   0.6,   0.7
20985,   1.4,  -0.7,   3.9,  24.4, -39.8, 957.8,   0.7,   0.2
21009,   0.8,   1.3,   1.7,  63.0, -12.7,1028.1,   0.5,  -0.1
21033,   0.5,   0.6,   1.5, -66.2,  67.1, 960.0,   1.0,   0.3
21057,  -0.0,   2.1,   1.5,  51.0, -73.8,1016.8,   0.7,   0.0
21085,   0.6,  -0.1,   0.5, -84.7,  63.4, 995.6,   0.6,   0.1
21109,  -1.0,  -0.3,   0.0,  24.2,  58.6, 993.6,   0.9,   0.1
21133,  -1.4,  -0.4,   0.3,  38.3,  30.7,1005.1,   1.0,   0.2
21157,  -0.0,  -1.9,   0.3, -15.4,  28.8, 965.6,   1.2,   0.2
21185,  -1.3,   0.6,   0.1,  29.0, -20.5, 993.9,   1.2,   0.0
21209,   0.8,  -0.7,  -1.0, -13.7,  47.1,1012.9,   1.1,  -0.1
21233,  -0.3,  -1.2,  -2.6,  15.4,   7.5, 998.0,   1.1,  -0.1
21257,  -0.6,   0.1,  -4.9,-181.9,  54.9,1092.8,   1.2,   0.3
21285,  -1.9,  -2.9,  -4.3, 249.3,  60.3, 954.6,   1.2,  -0.1
21309,  -0.8,   1.3,  -4.6, -94.5, -63.8,1074.7,   1.0,  -0.0
21333,   0.9,   1.7,  -5.0,-148.2,  11.7, 993.2,   0.9,  -0.1
21357,  -2.2,  -3.1,  -3.6,  16.3,  28.0,1015.4,   1.0,   0.3
21385,  -2.3,   1.7,  -4.8, -25.2, -64.2, 961.7,   0.7,   0.1
21409,  -1.3,   0.2,  -6.6, -66.7, -70.3, 971.2,   0.3,   0.3
21433,  -0.9,  -0.5,  -9.6, -88.6, -25.2, 996.6,   0.3,   0.0
21457,  -1.9,  -2.4, -10.8, 183.1,  -8.6,1030.3,   0.1,  -0.5
21485,  -2.2,   3.1, -11.3,  88.1, -77.9,1021.2,  -0.4,  -1.2
21509,  -2.1,   1.7,  -9.2, -58.6,  50.5,1027.8,  -0.5,  -0.7
21533,   2.5,  -0.8,  -7.8, -39.8,-123.8,1073.7,  -1.3,  -0.1
21557,   2.5,  -2.4, -10.4, -38.8,  72.5, 996.6,  -1.0,   0.1
21585,   0.6,  -2.8, -10.1,  11.2,  82.5, 988.3,  -0.4,   0.5
21609,   1.2,  -4.0,  -9.3, -19.1,  35.9, 984.9,  -0.0,   0.6
21633,  -0.3,  -1.5,  -8.1,  94.5, -38.4, 969.7,   0.1,   0.2
21657,   0.6,   0.3,  -7.8,   3.9,   3.1,1021.7,   0.0,  -0.1
21685,  -0.7,  -0.9,  -8.0,   1.9,   4.8,1022.0,   0.3,  -0.1
21709,   0.2,   0.0,  -9.2, -24.7,  52.7,1044.7,   0.5,  -0.1
21735,  -0.0,   2.3,  -7.8, -67.9,  20.7, 988.3,   0.6,  -0.1
21759,   2.3,   0.1,  -8.2,  51.0, -53.0, 989.7,   0.3,  -0.2
21787,   1.9,  -1.7,  -8.3, 124.3,  33.7, 934.8,   0.4,  -0.4
21807,  -2.0,  -0.3,  -8.2,  -8.8, -17.1,1067.6,   0.4,  -0.1
21835,   0.5,  -1.8,  -8.5, -85.0,  77.1, 973.4,   0.5,   0.2
21859,  -1.7,  -1.3,  -8.3, -40.5, -36.9,1043.2,   0.5,   0.1
21883,   2.5,  -1.1,  -7.6, -49.6, -12.7, 980.0,   0.2,   0.2
21911,   0.6,   0.0,  -8.5, -34.0,  25.6, 972.9,   0.5,   0.2
21935,  -2.4,   7.6,  -7.3,-205.1, -24.0,1018.8,   0.8,   0.4
21959,  -5.3,  -2.7, -10.2,-129.4, -63.8,1043.9,   1.3,   0.6
21983,  -1.4,  -7.1,  -9.8,   0.5, -64.0, 982.7,   0.6,   0.8
22011,  -0.7,  -2.4, -11.6, 227.8,  50.7,1040.3,   0.3,   0.2
22035,  -2.2,  -0.7,  -9.9, 127.9,  21.9, 981.7,   0.2,  -0.1
22059,   0.4,   1.0,  -8.6,-128.4,  19.7,1043.9,   0.2,   0.0
22083,   0.1,  -2.8,  -8.1,  58.8,  61.7, 960.9,   0.6,   0.3
22111,  -1.7,  -4.1,  -9.9, -62.8,  26.8, 933.3,   0.6,   0.7
22135,  -1.6,  -5.8,  -8.4, 109.6, -66.2, 982.4,   0.2,   0.7
22159,  -1.6,  -2.9,  -9.8,  75.4, -18.1,1015.6,  -0.0,   0.5
22183,  -2.7,  -1.0,  -9.5,  24.4,  50.0, 952.4,   0.1,   0.2
22211,  -1.7,  -1.9,  -5.9,-102.8,-175.1,1136.5,  -0.2,   0.6
22235,   1.7,  -2.0,  -4.8,  10.2,  42.4, 948.5,  -0.1,   0.6
22259,   3.5,  -1.2,  -4.0,  24.4,  84.9, 963.9,   0.4,   0.4
22287,   1.3,  -4.3,  -2.3, -99.6, 135.5, 964.6,   0.6,   0.5
22311,  -1.3,  -2.9,  -2.0,   9.0, -61.1,1065.9,   0.7,   0.3
22335,   2.3,  -3.1,   1.2, 121.6,  31.5, 954.1,   0.3,   0.2
22359,  -0.2,   0.7,  -0.7,  23.9,  33.4, 991.2,   0.5,  -0.1
22383,  -0.4,   1.3,   1.2,-153.8, -60.8,1040.8,   0.4,   0.4
22411,  -0.5,  -0.6,   0.1, -86.2,  13.9, 971.9,   0.5,   0.4
22435,  -0.5,  -1.8,   1.1,  25.4,   9.5,1096.7,   0.6,   0.4
22459,  -0.2,   2.3,   1.2,-121.4,  22.4, 971.9,   0.7,   0.5
22483,   0.8,   1.5,   1.0, -58.9,  36.8, 991.9,   0.8,   0.6
22511,  -0.9,   2.6,   1.9,-164.1,  63.4,1004.1,   0.9,   0.7
22535,  -0.8,  -2.8,   2.9, -37.6, -70.8,1111.6,   0.8,   1.1
22559,   1.1,   0.1,   2.8,-110.9,   3.9,1005.6,   0.8,   1.3
22583,   1.1,   0.4,   1.8,  -7.3, -47.2, 986.3,   0.9,   1.0
22611,   1.4,   0.1,   2.3, -19.1, -45.4, 991.4,   0.8,   0.8
22635,   2.1,  -0.1,   2.8, -52.3, -58.6,1062.0,   0.9,   1.0
22659,   1.6,   0.3,   2.0, -34.7,  35.9,1039.3,   0.9,   0.8
22683,  -0.5,   0.1,   2.5, -69.1, 112.5, 921.9,   1.3,   1.1
22711,  -2.1,  -1.8,   2.4,  71.5, 101.0, 922.8,   1.7,   1.0
22735,  -0.6,  -3.8,   5.0,  82.7,-333.0,1302.5,   0.9,   1.3
22759,   3.9,   6.0,   4.1,-204.6,  11.9, 981.9,   0.5,   1.1
22787,   1.6,   1.2,   2.8, -13.4,  42.0, 976.8,   0.6,   1.2
22811,  -0.4,  -0.5,   4.6,  57.1,  84.2, 862.3,   1.0,   1.4
22835,  -0.2,  -2.2,   3.7, 128.9,  33.9, 970.9,   0.9,   1.5
22859,  -0.8,   0.9,   4.0, -19.1,  48.8, 935.3,   1.0,   1.3
22883,  -0.8,  -2.1,   5.6, 119.6,  37.6,1036.4,   0.7,   1.2
22911,   0.3,   2.2,   4.0, -62.8, -16.1, 967.5,   0.6,   1.3
22935,   1.1,  -1.2,   5.0,  81.3,  33.2, 995.6,   0.6,   1.3
22959,   0.3,   0.4,   5.0, -20.8,  44.2, 899.9,   0.6,   1.4
22987,  -0.3,  -0.1,   5.7,  28.5,  -2.7,1093.0,   0.7,   1.5
23011,   0.3,   0.2,   5.2,-218.8, -15.9, 971.9,   0.8,   1.9
23035,   0.1,  -3.8,   5.3,   2.4,  30.0, 981.9,   0.6,   1.8
23059,  -0.3,  -1.7,   4.4, 178.7, -81.1, 936.0,   0.2,   1.2
23087,   0.9,   5.3,   3.1,-238.5,  34.4, 984.4,   0.3,   1.0
23111,   0.6,  -1.4,   4.9,  33.7,  92.7, 905.0,   0.8,   1.4
23135,  -2.4,  -0.4,   3.8,  84.9,  38.3, 965.8,   1.3,   1.0
23159,  -4.0,   0.2,   6.2,  61.3,  31.9,1078.1,   1.3,   1.2
23187,   3.5,   0.3,   9.8, -20.8,  -3.0, 919.7,   0.8,   1.3
23211,   6.0,  -5.4,   8.6, 180.9, 100.3, 971.9,   0.9,   1.2
23235,   1.1,   2.1,   6.8, -88.9, 202.1, 959.5,   1.7,   1.6
23259,   1.1,   0.7,   9.1,  -8.1,  74.4,1054.4,   1.8,   1.6
23287,   1.7,  -2.4,   9.8, -34.2, -12.5,1042.5,   1.8,   1.6
23311,  -0.2,   2.3,   8.2,-111.6, -64.2,1086.9,   1.7,   1.4
23335,   1.6,   0.9,   7.5, -52.7, -28.8,1049.3,   1.6,   1.2
23361,   2.4,   0.7,   6.4, -25.2,  62.5, 922.4,   1.7,   0.9
23385,   1.7,   1.1,   7.5,  32.2,  27.6, 949.0,   1.5,   0.9
23409,   0.8,  -1.6,   9.3, -55.4, -52.3, 967.0,   1.5,   1.5
23437,   1.7,  -0.5,   7.7, -98.6,   7.8,1012.2,   1.4,   1.5
23461,   0.7,   5.9,   7.5,-176.8, -88.2,1030.5,   1.1,   1.4
23485,   4.6,  -0.8,   6.5, 311.5,  64.7,1042.0,   0.7,   0.4
23509,   0.1,   8.2,   4.2,-387.2, 124.7, 867.4,   1.5,   1.0
23537,   0.9, -11.6,   9.3, 460.4,-160.9, 980.5,   0.9,   1.5
23561,   2.0,   6.1,   4.2,-259.0,  39.8,1045.4,   1.0,   1.1
23585,   1.4,   2.6,   3.4,-213.4, -16.6, 991.0,   0.9,   1.4
23609,  -0.1,   3.1,   2.1, -86.9,  -0.0,1034.2,   0.8,   1.1
23637,  -0.3,  -1.5,   1.5,  96.7,-126.5,1159.9,   0.6,   0.8
23661,   2.3,   7.1,  -0.1,  39.3,  56.6,1050.3,   0.4,   0.2
23685,   2.0,  -2.3,   0.4,  52.5, -16.6, 968.5,   0.4,   0.7
23709,  -0.3,   1.7,  -0.6, 108.4, -21.8, 949.5,   0.4,   0.5
23737,   2.4,  -0.2,  -1.0,  57.8,   1.4, 952.9,   0.3,   0.5
23761,   1.9,   1.5,   0.4, 165.0,  36.3, 950.9,   0.3,   0.2
23789,  -0.0,   0.4,   1.2,  52.2,  40.5, 914.1,   0.3,   0.1
23809,   1.5,  -0.7,   2.0,  22.2,  40.0,1035.1,   0.2,   0.3
23837,   0.1,  -3.5,   2.3, 208.2, -61.1,1054.4,   0.0,   0.1
23861,   0.0,   5.2,   0.4,  30.5, 105.9,1006.8,   0.0,  -0.5
23885,  -0.5,  -2.7,   2.0, -40.1, 153.8,1034.9,   0.5,   0.4
23909,  -1.4,  -4.7,   2.5, 135.0,  23.9, 950.4,   0.3,   0.6
23937,  -2.7,   0.4,  -1.1,  96.7,  54.7,1037.8,  -0.2,   0.2
23961,  -1.3,   0.4,  -0.1,-214.9, -43.2,1156.7,  -0.5,   0.5
23985,   0.5,   4.3,  -0.8,-268.6,  15.3, 995.1,  -0.5,   0.5
24013,   0.9,  -4.8,   0.0, 335.7,  11.9,1001.2,  -0.5,   0.0
24037,   1.3,  -0.2,   0.3,  41.0, 100.1, 979.2,  -0.4,   0.4
24061,  -0.6,  -1.7,  -0.4, -85.7,  52.7, 960.2,  -0.3,   0.7
24085,  -0.7,  -1.0,  -1.2, -52.0, -34.9, 942.1,  -0.4,   0.6
24113,  -1.9,   0.2,  -0.7,  23.9, -14.4,1042.5,  -0.3,   0.3
24137,  -1.0,   2.0,   0.9,  20.2, -27.9, 976.1,  -0.4,   0.2
24161,   1.4,  -1.0,   1.8,  -2.7, -27.4,1007.3,  -0.4,   0.5
24185,  -1.1,   1.3,   1.7, -23.5, -32.3, 979.0,  -0.3,   0.6
24213,  -2.7,   1.7,   1.8,-154.1, -25.7, 947.7,  -0.1,   0.8
24237,  -5.4,   5.0,   1.7, -81.1,  33.4, 984.1,  -0.2,   0.7
24261,  -3.3,   1.5,   1.5, 243.6, -40.6,1075.7,  -0.7,   0.1
24289,   2.7,  -1.0,   2.8, -59.3,  92.7, 906.7,  -0.5,   0.1
24313,  -1.6,  -5.9,   1.5, 302.5,  40.7, 913.6,  -0.2,  -0.1
24337,  -2.7,  -1.5,   1.7,-260.0, -13.2,1178.2,  -0.1,   0.3
24361,  -3.2,   1.3,   2.4, -43.7, -44.5,1023.2,  -0.2,  -0.1
24385,  -1.7,   2.8,   2.9, -58.9, -24.4, 984.1,  -0.3,  -0.1
24413,  -1.0,   0.3,   2.7, -57.6,  55.4, 979.2,  -0.1,   0.3
24437,  -1.7,  -3.7,   4.6,-128.2, 112.3, 956.8,   0.1,   1.0
24461,  -6.4,   2.9,   2.3, 238.8, -25.7, 810.3,   0.4,  -0.2
24485,  -0.8,   2.5,   8.7,-424.6,-468.8,1441.6,  -0.4,   0.4
24513,  10.0,   5.5,   7.1,-276.1, 128.6,1106.9,  -0.4,   0.2
24537,   7.5,   4.0,   3.4,-463.9,  14.1, 776.4,   0.4,   1.3
24561,   1.5,   4.9,   2.9,  90.6,-121.1,1039.5,   1.3,   0.6
24585,   5.0,   4.5,   6.5,-323.7, -39.6, 930.2,   0.8,   1.2
24613,   1.3,   7.5,   4.8,  58.6,  34.4, 937.5,   1.3,   0.6
24637,   5.2,  -1.8,   5.1, -78.6,  15.6,1008.8,   1.1,   1.2
24661,   1.6,  -0.7,   5.5,  83.7, -47.9,1010.5,   1.4,   1.2
24685,   3.0,   1.3,   6.0,-137.5,-144.8,1141.4,   1.2,   1.2
24713,   4.7,   1.0,   6.5,-182.9,  54.2, 906.7,   1.3,   1.2
24737,   4.1,  -3.0,   6.5,  51.3, 104.7,1044.2,   1.5,   1.2
24761,   4.3,  -1.2,   6.8, -16.4,  90.5,1054.4,   1.5,   1.3
24789,   4.3,   2.3,   6.2,-111.6,   2.9,1059.3,   1.6,   1.5
24813,   4.3,   0.3,   7.5,-115.0, -23.2, 904.3,   1.6,   1.8
24837,   5.1,  -2.9,   9.2, 241.7,  29.3,1003.7,   1.6,   1.4
24861,   4.5,   5.6,   6.4,-346.7, 226.5, 862.8,   2.4,   1.6
24885,   0.5,  -2.1,   7.5, 155.3,  20.5,1276.4,   3.0,   1.7
24913,   6.1,   1.2,   9.0, 218.2, -88.2, 653.3,   2.1,   1.1
24937,   8.7,  -4.3,   6.2, 533.9, 319.3, 938.7,   2.6,   0.6
24961,   7.3,  -6.2,   6.4, 132.8, 216.0, 842.0,   3.4,   1.5
24987,   2.4,   0.0,   4.8,-340.6, -36.4, 921.9,   3.5,   1.8
25011,   4.8,  -1.4,   6.1, -49.1, -71.3,1143.5,   3.3,   1.1
25039,   4.2,  -5.1,   5.7,  75.4, -90.4,1107.2,   3.5,   1.5
25063,   2.1,   5.1,   0.6, -78.4, -10.3, 726.6,   3.5,   1.2
25087,   0.0,   6.4,  -0.2,-838.2, 244.8,1165.0,   3.7,   1.7
25111,  -0.2,  -9.9,   2.4, 221.2,-111.1, 966.5,   3.1,   0.7
25139,   3.3,   0.4,   2.3,  41.2,  48.3, 964.6,   2.8,   0.1
25163,   0.0,   2.6,   2.1, -29.3, 147.2, 914.5,   2.9,  -0.0
25187,  -2.0,   2.3,   2.9, 157.0,  12.4,1427.2,   3.4,  -0.1
25211,   1.7,  -1.4,   6.2,  16.1, 231.7, 725.8,   3.1,   0.6
25239,  -0.1,  -5.8,   4.9, 820.3, 123.0, 799.1,   2.9,  -0.4
25263,   0.8,   0.6,   3.2,  97.6, 110.6, 911.4,   2.6,   0.3
25291,  -1.3,  -1.4,   5.3,  10.7,-128.9,1131.3,   2.4,   0.2
25311,   0.9,  -2.2,   4.4, -83.3, -73.5,1102.5,   1.9,   0.3
25339,  -1.4,   3.5,   3.2,-243.4, -11.5, 952.6,   1.8,   0.2
25363,  -2.1,  -3.0,   5.6, 140.6,  40.0,1043.7,   1.9,   0.3
25387,  -0.6,  -2.7,   4.4, 213.1,  -6.9, 912.8,   1.7,  -0.1
25411,  -2.0,  -0.9,   3.9,  84.7,   8.3, 986.1,   1.8,   0.0
25439,   0.4,  -4.4,   3.7,  -6.6, -27.4, 988.8,   1.3,   0.7
25463,  -1.5,  -4.6,   2.0, -10.8, 154.5,1053.5,   1.8,   0.4
25487,  -3.9,  -2.6,   0.2, -44.0,  24.9, 858.6,   1.9,   0.1
25511,   1.3,  -9.5,   4.9, -42.0,-147.5,1163.3,   1.2,   0.7
25539,   1.7,  -1.6,   1.4,  14.9,  86.4, 825.7,   1.4,  -0.3
25563,   2.8,  -3.2,  -2.4, -73.7, 150.4,1160.1,   1.3,  -0.7
25587,   1.3,  -0.5,   0.1,-294.9, 112.8, 911.1,   1.9,   0.1
25611,  -0.7,  -0.2,  -1.4,  38.8, -42.0,1068.6,   1.6,  -0.8
25639,   0.2,  -4.1,  -1.0, -22.5,  41.7, 997.3,   1.4,  -0.5
25663,  -2.8,   7.1,  -2.4,-259.5, 124.5, 933.6,   1.6,  -0.7
25687,   0.6,  -2.4,  -0.2, 183.6,  64.9,1038.6,   1.2,  -0.7
25711,   0.5,   6.6,  -1.7,-230.0,  30.0,1020.7,   1.3,  -0.8
25739,   1.0,   1.9,   0.6,-274.9,  59.3, 941.4,   1.5,  -0.1
25763,  -0.3,  -3.6,  -0.1, 204.6, -33.5, 978.3,   1.5,  -0.3
25791,  -3.8,   0.9,  -3.0,-139.2,   7.5,1047.4,   1.3,  -0.2
25811,  -7.8,  10.7,  -4.4,-482.9,-489.8,1811.0,   1.3,  -0.7
25839,  -2.1,   4.7,  -1.7,-152.8,-169.2, 982.9,   1.2,  -1.1
25863,  -1.0,   7.1,  -5.9, 397.4, -56.2,1018.5,   1.4,  -2.6
25887,   3.0,   0.4,  -1.1,-111.3, 101.0, 681.1,   1.4,  -0.6
25911,  -0.7,  -6.2,  -0.6, -93.3, -10.8,1117.2,   2.4,  -0.6
25939,   0.1,  -1.3,  -1.9,  69.6, -40.1,1106.4,   1.7,  -0.7
25963,   1.4,   6.5,  -4.0,-137.7,  79.8, 982.4,   1.8,  -1.2
25987,   3.8,  -1.3,  -0.8, -66.4,  -0.5, 922.8,   1.7,  -0.5
26015,   1.0,  -5.8,  -2.5,  64.9, -58.6, 978.0,   1.8,  -0.6
26039,   1.9,  -1.6,  -2.5,-127.2,  13.4,1036.4,   1.8,  -0.4
26063,   2.4,  -3.1,  -4.3, 203.8, 115.9,1048.6,   1.8,  -0.9
26087,  -1.6,   0.7,  -4.5, 238.5,  75.4, 854.2,   2.4,  -1.2
26115,  -1.3,  -3.3,   0.4,-410.4,-362.1,1675.3,   2.3,  -0.4
26139,   2.5,  -5.1,   1.0, 281.7,-126.0, 993.4,   1.9,  -0.4
26163,   0.1,  12.4,  -5.6,-274.2,-119.4,1012.2,   2.1,  -1.5
26187,   4.1,  -0.7,  -0.5,-352.8, 272.2, 996.1,   2.7,   0.0
26215,   0.9,  -1.2,  -0.7, 158.7,   5.3, 937.5,   2.8,  -0.8
26239,   0.1,   5.7,  -1.9,-255.6, 147.2,1010.7,   2.8,  -0.3
26263,  -1.7,  -3.4,   1.9,  40.0,  31.2, 957.5,   2.7,   0.4
26291,   1.6,   3.1,   0.4,-156.8,  93.7, 827.4,   2.8,   0.7
26315,   1.7,  -0.7,   1.1, -35.4, 295.1, 853.5,   3.2,   1.0
26339,  -0.7, -10.5,  -0.4, 307.1,  86.1, 901.4,   2.9,   1.3
26363,  -1.8,   1.7,  -2.3, 149.2, 166.7, 904.0,   3.2,   1.0
26387,  -5.3,  -1.2,  -1.0, 179.2, 176.0,1043.9,   3.5,   1.0
26415,   2.5,  -3.3,   3.5, -56.4, 116.4, 589.6,   2.7,   1.3
26439,  -0.5,   0.9,  -2.6, 622.1,  -4.4, 830.3,   2.8,  -0.5
26463,   3.4,   4.6,   0.6,-235.9, 217.7,1160.4,   3.0,   0.4
26487,   0.6,  -0.1,   0.9,-153.3,  96.4, 998.5,   3.7,   0.8
26515,  -2.3,  -3.2,   2.0,  85.4,  58.1, 929.9,   3.1,   0.8
26539,  -1.3,  -3.9,   1.8, 287.6,  59.8,1097.9,   2.9,   0.7
26563,  -0.2,   1.7,   1.7,-246.6, -14.2, 895.7,   2.8,   0.9
26587,   2.5,  -4.5,   2.9,  64.4, 104.9,1262.2,   2.8,   0.7
26613,   5.3,   4.5,   2.6,-285.2, 206.8, 926.0,   2.7,   0.9
26637,   1.1,  -4.1,   3.4, 204.8, -63.5,1048.6,   2.7,   0.6
26665,  -6.6,   5.7,   1.4, -51.3, 156.0, 772.0,   4.0,   0.4
26689,  -0.4, -13.5,  11.3, 208.2,-112.3,1203.9,   2.9,   1.3
26713,   0.9,  -4.6,   6.0, 416.7,  69.1,1249.7,   3.3,   0.0
26737,   4.1,  10.0,   3.8,-661.1,-133.6, 966.8,   2.4,   0.5
26765,   1.2,  -1.2,   4.6,  67.6,  -3.5, 916.7,   3.4,   0.4
26793,  -1.3,  -1.0,   5.7,-246.8, -98.7,1073.5,   3.2,   0.6
26813,   0.0,   1.6,   3.1,  96.9,  12.9,1035.4,   3.1,   0.0
26837,   3.9,   0.7,   5.4,  -5.6,  -1.5,1023.7,   2.7,   0.3
26865,   1.6,  -0.7,   3.3, 104.2, -85.2,1059.8,   2.8,   0.4
26889,   2.8,   1.0,   1.4,  40.0, 106.7,1118.6,   2.8,   0.5
26913,  -4.2,   2.1,  -0.6, -41.0,  80.3, 803.5,   3.1,   0.2
26937,  -1.7,  -8.4,   6.2,-130.1,-546.9,1274.9,   2.0,   0.7
26965,   1.9,   0.9,   3.4,-581.8,  37.8, 984.9,   2.5,   0.3
26989,  -1.9,  -6.0,   2.0,-227.6, -16.9,1097.6,   3.0,  -0.1
27013,  -1.3,   1.4,  -0.5, 229.5,  24.4,1066.4,   2.4,  -1.1
27041,  -0.3,   1.2,   0.7,-208.3,  38.3,1061.8,   2.4,  -0.4
27065,   0.5,  -1.4,   0.4,  59.8,  36.6, 878.4,   2.2,  -1.0
27089,   0.2,   0.6,   1.3,-155.5, -63.8,1020.3,   1.7,  -0.4
27113,   2.8,  -0.2,   1.3, 192.6, 125.9, 840.1,   1.8,  -1.0
27141,   4.6,  -8.4,   3.0, 403.1, 106.7, 980.7,   1.9,  -0.8
27165,   2.6,  -3.0,   2.9, 150.4,  21.9, 847.2,   1.6,  -0.4
27189,  -2.5,   1.8,  -1.0,  41.5, 201.4,1089.1,   2.3,  -1.0
27213,  -2.3,   0.6,   1.0, 146.2,  74.4, 969.7,   2.1,  -1.1
27241,   1.4,  -8.9,   4.9, 346.7,-353.6,1120.6,   1.0,  -0.4
27265,   1.4,   0.9,  -0.4,   4.9,  29.3, 982.4,   1.3,  -0.6
27293,   2.0,  -9.3,   2.0, 347.9, 132.8,1034.7,   1.4,  -1.2
27313,   3.3,  -7.5,   1.8, 275.9,  18.0, 989.0,   1.4,  -0.9
27341,  -0.3,  -0.9,  -0.3, -14.4, -53.7,1027.8,   1.2,  -1.0
27365,   1.6,  -1.0,   0.7,-226.3, -10.5, 875.7,   0.9,  -0.6
27389,  -0.3,   2.0,  -1.2, -40.3,  63.0,1146.7,   1.2,  -1.0
27413,  -0.3,   2.4,  -2.8, 201.9,  44.4,1093.5,   1.2,  -1.2
27441,  -0.2,   0.3,  -1.2, 111.1, -57.7,1090.8,   0.7,  -1.2
27465,   1.7,   1.5,  -2.4, -27.4,  44.2, 912.8,   0.7,  -0.8
27489,   1.2,   1.2,  -3.8, 137.2,  88.1, 976.6,   1.2,  -1.4
27513,  -0.9,  -0.3,  -1.8,  43.7, -13.2, 822.3,   0.9,  -1.0
27541,  -2.0,  -3.2,  -2.0,  83.0,  18.3,1047.1,   1.0,  -0.7
27565,  -3.0,   3.4,  -3.0,-527.1, -24.9, 970.9,   0.9,   0.1
27589,  -3.4,   6.4,  -4.0,-191.7,-193.6,1156.5,   0.4,  -1.0
27613,   2.3,   2.1,  -4.3,  33.9,-100.9,1103.8,   0.1,  -1.1
27641,   3.2,   3.8,  -4.9, 164.3,  74.7, 834.2,   0.7,  -1.4
27665,   2.5,  -2.8,  -4.3,  34.9,  31.2,1039.5,   0.8,  -1.1
27689,   1.9,  -4.1,  -1.9, 217.0, 111.3, 931.1,   0.9,  -0.8
27713,   3.3,   5.3,  -1.9,-106.5, -48.1,1025.9,   0.7,  -1.1
27741,   2.3,   3.0,  -0.4,  55.6, -13.0,1137.2,   1.1,  -0.6
27765,   1.7,   5.1,  -2.9,-122.3,  49.5, 825.7,   1.3,  -0.6
27793,  -0.2,  -4.6,  -3.7, 224.8, 146.7, 872.8,   1.4,  -0.9
27813,  -6.0,   2.3,  -3.8,  86.2, 103.7, 938.7,   2.0,  -1.2
27841,   2.7,   1.1,  -0.7,  76.6, 289.8, 794.4,   1.6,  -1.0
27865,   5.2, -15.3,  -2.1, 904.0, 104.7, 816.2,   1.5,  -1.2
27889,   3.4,  -3.8,  -3.0,-206.1,  93.7,1085.4,   1.5,  -0.4
27913,   0.6,  -1.4,  -4.9,-113.3, 107.1,1113.8,   1.9,  -0.6
27941,   1.1,  -2.1,  -3.3, -26.9,  87.6,1054.9,   2.0,  -0.7
27965,  -1.1,  -0.8,  -3.4,   6.1, -33.7, 960.2,   2.2,  -0.9
27989,   0.1,  -0.1,  -1.9,-147.0, -44.2,1050.3,   2.0,  -0.2
28013,   1.9,   1.2,  -3.0, -91.3,  43.4,1143.5,   2.4,  -0.9
28041,   2.7,  -3.5,  -0.6,  32.0, 138.4,1073.7,   2.5,  -0.1
28065,   2.2,   2.6,  -1.5, -90.1,  82.2, 989.7,   2.6,  -0.3
28089,   0.2,  -1.0,  -2.1, -12.7, 162.3, 853.8,   3.0,  -0.1
28117,   2.2,  -9.4,   4.3,-169.9,-392.4,1195.3,   2.3,   0.5
28141,   5.4,  -1.8,   0.5,-122.8, -83.3,1130.1,   3.5,  -0.8
28165,   3.0,  17.5,  -5.4,-603.5, 117.2, 972.4,   3.8,  -2.1
28189,  -0.2,  -0.7,   1.2,-134.5,  85.4, 899.7,   4.2,  -0.7
28217,  -1.8,   4.3,   1.1, -86.2,  78.3, 919.9,   4.2,  -1.3
28239,  -0.0,  -9.7,   2.9, 416.2,  46.4,1010.2,   3.8,  -1.0
28267,   2.3,   3.2,   2.1,-119.2, 131.8, 726.6,   3.7,  -0.8
28295,  -0.2,  -4.9,   2.5, 566.6, -20.1, 908.9,   3.6,  -1.5
28315,  -2.0,   0.4,   2.7, 135.7,   3.1,1050.8,   3.4,  -1.1
28339,  -1.6,   3.5,   0.7,-123.8,  31.2,1023.4,   3.4,  -1.0
28367,   1.1,   4.4,   1.1, -87.9, 137.9, 792.2,   3.3,  -0.9
28391,  -0.7,   0.4,   1.5,  72.7,  25.1, 836.7,   3.1,  -1.0
28415,  -2.9,   2.9,   0.9,-188.0, -20.1,1097.6,   3.1,  -0.8
28439,  -3.8, -15.9,   5.9, 949.9,-185.1,1011.0,   2.6,  -1.0
28467,   0.8,   6.1,   4.8,-238.1,  34.9, 889.6,   2.2,  -0.3
28491,   3.3,  -8.5,   8.2, 297.6, 169.6,1070.6,   2.6,   0.1
28515,   0.9,   2.0,   4.6, -65.7,   3.9, 981.0,   2.9,   0.2
28539,  -2.1,   5.1,   3.7,-222.4,-128.2,1056.6,   2.7,   0.4
28567,  -2.9,  -1.3,   4.9, -75.5,  97.9, 912.3,   2.6,   0.7
28591,  -0.8,  -8.6,   4.8, 606.2, -21.0, 983.1,   2.3,   0.5
28615,  -1.1,   7.0,   1.1,-166.8, -55.7, 958.2,   1.9,   0.5
28639,  -0.5,   0.6,   0.6,-453.4, -11.8, 981.0,   1.8,   1.0
28667,  -2.8,  -5.9,  -0.2,  64.4,  36.8, 989.7,   2.1,   0.8
28691,  -1.7,  -3.1,  -1.4, 292.0, -25.9,1079.6,   1.9,   0.2
28715,  -0.6,   9.4,  -0.5,-513.9,-199.3,1101.8,   1.6,   0.4
28739,   0.7,   5.9,  -0.9,-508.6, 242.6, 731.4,   2.1,   0.8
28767,   1.1,  -1.4,  -0.7, 551.7,-182.4,1060.1,   1.7,  -0.4
28795,   1.6,   6.1,  -1.7,-600.8, 115.7, 775.4,   1.9,   0.5
28815,  -0.3,   2.1,   0.4,-109.6,  21.9,1020.7,   2.3,   0.4
28839,   1.1,  -3.5,   0.3,  73.5, -16.1, 978.3,   2.0,   0.3
28867,   1.8,  -3.1,  -0.2, 360.1,  48.8,1052.7,   1.9,  -0.2
28891,   1.8,   5.6,  -0.4,-239.8,  85.4, 940.2,   1.9,   0.1
28915,   2.3,   2.0,   0.1,   2.7,  59.8,1009.8,   2.0,   0.3
28939,   2.8,   4.3,   0.0,-189.7,  33.9, 857.2,   2.0,   0.5
28967,   0.8,   1.2,  -0.4, -18.6,  84.2, 938.2,   2.4,   0.3
28991,  -4.4,   2.5,  -1.9,  52.5,  76.1, 999.3,   2.9,  -0.3
29015,  -1.7, -15.9,   5.8, 644.3,-573.0,1303.7,   1.6,   0.3
29039,   2.4,   4.5,  -1.2,-577.2,  73.9, 750.2,   3.0,   1.4
29067,   5.1,  -9.5,  -2.3, 318.8, 106.4,1376.2,   2.4,   0.8
29091,   4.0,  -2.6,  -1.9, -90.1,  56.4,1028.6,   3.1,   1.2
29115,   0.1,   7.8,  -5.0,-260.0,-139.0, 993.4,   2.9,   0.6
29143,   0.2,   0.6,  -3.9,-197.5, -54.2, 943.6,   2.4,   0.9
29167,   1.9,   2.0,  -2.4, 230.9, -54.0,1271.0,   2.4,   0.7
29191,   2.3,  -0.4,  -3.8,  -8.3, -42.5, 946.3,   2.5,   1.0
29215,   1.8,   1.2,  -6.4, 178.9, -27.6,1150.9,   2.2,   0.5
29243,   1.6,  -5.4,  -4.5,  54.2, 108.4,1022.2,   2.7,   1.1
29267,  -0.0,  -0.8,  -5.9,  25.9, 109.3, 825.9,   3.0,   0.4
29295,  -1.1,   4.8,  -1.9,-584.5,-135.0,1366.4,   2.8,   0.9
29315,   1.9,  -0.7,  -2.6,  57.8, 423.1, 852.8,   3.8,   1.1
29343,   3.5,  -8.2,  -4.0, 666.2,-136.0,1128.4,   2.6,  -0.1
29367,   0.9,   7.2,  -4.9,-524.7,  58.6, 777.1,   3.1,   1.6
29391,   0.3,  -3.1,  -2.5,-130.4,  -6.6,1039.3,   3.2,   1.8
29415,   2.5,  -3.4,  -5.1, 112.5,  48.1,1002.2,   3.0,   1.1
29443,   1.3,   2.0,  -4.1,-120.4, -49.4, 840.1,   2.6,   1.0
29467,   1.6,  -6.2,  -1.5, -37.9,  37.8, 779.3,   2.9,   1.5
29491,   2.5,  -8.3,  -5.2, 321.0,  25.8,1083.7,   2.9,   0.9
29515,   3.1,   1.5,  -5.1, 258.5, 144.3, 927.0,   2.6,   0.5
29543,  -1.1,  -2.7,  -3.9, 251.2, 129.8, 967.3,   3.1,   0.6
29567,   7.8, -16.5,   2.9, 610.8, -40.6, 782.0,   1.9,   1.0
29591,   0.3,   4.0,  -4.3, 239.2, 138.6,1028.8,   2.7,  -0.6
29615,   2.7,   0.5,  -1.8,-494.2, 234.8,1014.2,   3.0,   0.2
29643,  -0.5,   6.1,  -3.0,   4.4, 129.4, 946.5,   3.8,  -0.0
29667,  -0.0,   0.6,  -2.2,-459.5,-109.4,1137.0,   3.0,   0.3
29691,   0.1,   2.7,  -2.5,-212.9,  29.0, 979.2,   3.0,   0.2
29715,   1.2,   0.9,  -2.5,-214.9, -81.1,1041.7,   2.8,   0.1
29743,   3.0,   5.6,  -2.7,-117.7,  42.4, 845.5,   2.9,  -0.2
29767,   4.7,   4.3,   0.1,-393.1,  62.7,1208.7,   3.0,   0.4
29795,   2.8,   1.6,  -1.0,-102.8,  97.1, 962.2,   3.1,   0.6
29815,   0.3,   7.2,  -3.3,-138.2,  30.7, 906.5,   2.9,   0.1
29843,  -1.9,   1.2,   0.6,-425.8, -99.9,1248.3,   3.1,   1.1
29865,  -4.1,  -2.0,  -0.4, 240.7,-216.6,1189.0,   3.2,  -0.1
29893,   1.8,  11.5,  -3.2,-547.9, 134.0, 988.0,   2.6,   0.1
29917,   0.5,  -8.2,   0.9, 118.1,  86.1, 806.6,   2.9,   0.5
29941,  -3.9,   0.6,  -1.0, 259.8,  64.4, 913.3,   2.9,  -0.2
29965,   1.4,  -4.1,   1.4,   2.9, 143.5, 813.2,   2.7,   0.5
29993,   1.2,  -2.9,   2.2, 151.6, -43.7, 907.7,   2.5,   0.4
30017,  -1.3,  -2.9,   1.0,-124.5, -27.4, 974.6,   2.4,   0.7
30041,  -2.0,   1.3,  -1.6,-132.8, -88.9,1108.1,   2.3,   0.6
30065,  -1.2,   3.0,  -3.0, -14.4, -40.3, 941.4,   2.1,   0.0
30093,  -0.8,  -2.2,  -1.9, 104.5,  32.7, 847.9,   1.9,   0.3
30117,  -2.7,   0.4,  -1.2, 170.2,-140.2,1383.3,   1.9,   0.2
30141,   2.5,  -3.0,  -0.4, 215.6, 292.9, 884.0,   1.8,   0.2
30169,   1.1,  -4.1,   1.3, 354.0,   1.7,1030.5,   1.4,  -0.2
30193,   1.3,  -3.0,   2.6, -11.5, 104.9, 990.5,   1.9,   0.7
30217,  -1.2,   3.8,  -0.9,-275.4, -68.6,1020.7,   1.9,   0.5
30241,  -0.9,  -0.2,   0.4,-140.2,  10.5, 965.6,   1.8,   0.6
30269,  -1.1,  -1.7,   1.2, 210.2, -81.8,1282.7,   1.6,   0.3
30297,   1.4,   3.2,  -0.2,-219.0, 102.5, 902.3,   1.7,   0.6
30317,  -2.9,  -2.1,   0.2,  68.3,  13.4, 903.3,   1.5,   0.4
30341,  -0.9,  -4.6,   1.3, 235.1,  64.4, 937.2,   1.4,   0.6
30369,  -0.2,  -2.4,   0.2,  27.3,   1.9,1153.1,   1.3,   0.1
30393,   0.0,  -2.7,   0.1,-112.1,  86.6, 921.1,   1.9,   0.5
30417,   1.7,   0.0,   0.1,-237.3,-253.9,1397.5,   1.8,   0.3
30441,   1.2,  -6.9,   1.3, 276.4,  78.8, 942.6,   2.1,   0.2
30469,   0.9,  11.9,  -3.2,-241.7,  98.1,1135.0,   2.1,  -1.0
30493,   1.4,  -6.1,   2.8, 156.7, 242.6, 935.5,   2.9,  -0.1
30517,  -0.0,  -1.2,   3.2,  -0.7, -83.3,1145.3,   2.8,  -0.3
30541,  -1.4,   3.9,   2.8,-273.9,  90.8, 890.4,   2.8,  -0.1
30569,   0.7,   5.7,   1.7,  66.6,  62.2, 992.4,   2.9,  -0.4
30593,   0.8,   3.3,   4.5, -10.5,  65.4, 807.4,   2.7,   0.0
30617,   2.9,  -6.1,   4.8, 309.8, 227.5, 960.9,   3.1,  -0.2
30641,   3.5,   2.1,   5.4,-186.8,  59.0, 920.2,   2.9,   0.7
30669,   4.4,   0.9,   2.3, -54.5,  37.8, 960.9,   2.9,   0.4
30693,  -0.3,  -0.7,   1.2,  40.3,  90.3,1013.4,   3.3,   0.1
30717,  -1.4,  -1.0,   3.2, -22.0, -38.4,1032.2,   3.0,   0.6
30741,  -0.6,  -3.0,   2.4, 141.6,-216.3, 814.4,   2.3,   0.1
30769,   1.7,   5.4,  -0.7,-295.4,  38.1,1077.9,   2.5,   0.1
30797,   0.2,  -1.1,   1.2,   7.6,  99.6, 935.3,   2.5,   0.1
30817,   0.6,   3.2,  -1.2,-136.5, -68.4,1191.9,   2.2,  -0.2
30841,   0.4,   6.0,   0.1,-558.6, 128.4,1111.1,   2.1,   0.3
30869,  -0.7,  -0.6,  -1.5, 360.6,  11.4,1123.5,   2.3,  -0.3
30893,   0.7,   2.2,  -1.0,  21.0,  88.6, 929.2,   2.1,   0.0
30917,  -0.3,  -1.9,  -0.4,-165.8, 112.3, 907.5,   2.4,   0.6
30941,   0.1,  -3.6,   0.0, 266.1,  -1.5,1030.3,   2.1,   0.2
30969,  -3.5,   4.0,  -1.8,-222.9,  31.5,1070.6,   2.5,   0.0
30993,  -2.8,   4.5,   0.6,-238.1, -94.3,1356.0,   2.3,   0.3
31017,   3.6,  -1.0,   3.1,-201.7, 160.6, 589.1,   1.9,   0.8
31041,   0.3,   3.2,   2.0, 225.6,-140.4, 982.2,   1.8,  -0.1
31069,   4.8,   2.7,   2.7,-266.9, 277.8,1008.8,   2.3,   0.9
31093,   0.0,   0.7,   1.8,  63.0,  23.4,1004.4,   2.3,   0.6
31117,   1.9,  -2.1,   3.1,  -8.1, 106.4,1007.6,   2.1,   0.8
31145,   1.2,  -0.4,   1.9,  64.9,  45.6, 846.4,   1.9,   0.5
31169,   5.2,  -2.0,   3.2, 111.1,  19.3, 953.9,   1.6,   0.7
31193,   5.0,  -3.5,   3.4, 145.2, 119.6,1022.2,   1.8,   0.6
31217,   2.1,   4.8,   1.0,-266.6, 155.7,1002.4,   2.0,   0.9
31245,   0.8,  -4.7,   1.9, 213.4,  11.4,1049.1,   1.8,   0.7
31269,   0.2,  -2.7,  -0.7, 112.3, 141.3, 911.9,   2.2,   0.4
31297,  -3.1,  -0.5,  -1.5,  68.6,-191.0,1757.3,   1.9,   0.4
31317,  -2.0,  -8.0,   1.5, 846.7,-298.9,1161.1,   1.5,   0.5
31345,  -1.4,   0.9,  -0.9,-279.3,  29.8, 812.2,   1.7,   0.9
31369,   0.5,  -5.2,   2.1, 148.9,  91.5,1065.7,   1.9,   0.9
31393,  -0.6,   8.5,  -2.5,-303.2,  71.7, 838.9,   2.2,   0.7
31417,   3.0,  -3.8,  -0.5, 203.4, 141.1,1048.6,   2.0,   0.6
31445,   1.8,  -2.1,   0.1,  -5.1,  58.6, 733.9,   2.0,   0.7
31469,   1.6,  -1.6,   1.7,   8.0,  -9.3, 941.4,   2.0,   0.7
31495,   0.5,   2.6,   1.3,-366.7, 150.8, 955.1,   2.5,   1.0
31519,  -0.6,  -1.3,  -0.5,  -9.0,-104.0,1121.1,   2.4,   0.9
31543,   1.4,  -1.1,  -0.8,  26.6,  51.7, 957.3,   2.0,   0.5
31567,  -1.8,  -6.2,  -2.1, 213.1,  81.8, 890.1,   2.7,   0.5
31595,  -7.8,  -0.7,  -2.4, 138.4,-303.7,1650.4,   3.0,   0.1
31619,   1.5,  -3.7,   1.2, -85.2, 251.4, 711.4,   2.7,   0.5
31643,   1.6,  -5.5,   0.4, 592.8, -41.1, 743.9,   2.2,  -0.4
31667,   0.6,  -1.5,  -1.4,  86.4, 255.3,1053.5,   2.4,  -0.1
31695,  -0.2,  -3.8,   0.2,-228.0, 120.3, 940.2,   2.6,   0.6
31719,   1.4,  -3.5,  -1.7,  41.2, -52.3,1086.4,   2.2,   0.2
31743,  -2.0,   5.7,  -3.7,-349.4, -64.7,1172.8,   2.4,  -0.0
31767,   0.8,  -1.5,  -0.5, -94.5, -63.3,1003.4,   2.4,   0.2
31795,   3.6,  -1.1,   0.6, -20.8, -20.3, 957.8,   2.4,   0.2
31819,   4.5,   2.9,   1.5,-175.8, 126.7, 915.0,   2.6,   0.5
31843,   5.3,  -2.9,   0.4, -26.9,  85.9, 912.8,   3.1,   0.5
31867,   0.3,   2.3,  -0.1,-215.1, 132.5, 842.5,   3.6,   0.4
31895,  -0.4,   9.7,  -1.2,-468.5, -10.5,1276.6,   3.8,   0.5
31919,   1.7,  -4.1,   0.7,  28.3, 165.7, 961.7,   3.5,   0.5
31943,   1.2,   4.3,  -5.4, 214.6,  35.6, 910.1,   3.2,  -1.2
31967,   2.5,  -6.2,  -0.5,-218.0, 118.4, 816.4,   3.4,   0.7
31995,  -2.0,  -3.4,  -3.2, 390.9, -83.5,1149.7,   3.6,  -0.5
32019,  -1.1,   1.0,  -2.4, -85.2,  84.9, 916.0,   3.2,   0.2
32043,   1.7,  -3.6,  -3.7, 168.2,  98.4, 948.7,   3.4,  -0.3
32067,   2.7,   2.9,  -3.8,-184.3,  66.1, 871.6,   3.0,  -0.0
32095,   3.9,  -6.3,  -2.7, 365.7, 135.7, 994.6,   3.2,  -0.4
32119,   3.0,   4.2,  -3.4,-283.0,  99.6, 959.7,   3.2,   0.2
32143,   1.1,  -2.6,  -5.1, 114.2, 295.6,1025.1,   3.6,  -0.2
32171,  -4.7,   6.6,  -7.1,-375.5, 217.5, 877.4,   4.4,  -0.5
32195,   2.2, -13.7,   0.9, 824.0,  33.2, 913.3,   3.5,  -0.5
32219,   2.4,  -1.8,  -5.2, 283.9,  30.7, 984.6,   3.4,  -1.4
32243,  -0.0,  -6.5,  -2.2, -27.4, 153.3,1013.9,   4.0,  -0.4
32271,  -3.1,   3.0,  -3.8,-356.0, -56.9, 837.2,   4.0,  -0.3
32299,  -2.9,  -4.7,  -3.3, 154.8,  80.5,1232.7,   3.9,  -0.5
32319,  -1.4,  -1.1,  -5.3, -91.8, -74.7,1096.9,   3.7,  -0.5
32343,  -0.6,   0.6,  -4.3,-256.1, -30.8, 926.3,   3.4,  -0.2
32371,  -0.2,  -0.4,  -6.4,  14.9, 120.1, 921.1,   3.4,  -0.5
32395,  -0.0,  -4.2,  -7.2, 158.4,   5.3,1010.0,   3.1,  -0.5
32419,   1.2,  -1.2,  -8.3,-117.9, 116.7, 926.0,   3.0,  -0.6
32443,  -2.9,  -2.8,  -6.8,-109.9, 124.7, 920.2,   3.6,   0.1
32471,  -0.8,   6.0,  -6.2,-767.3,-155.8, 971.9,   3.3,   0.4
32495,   2.2,  -2.6,  -4.9, 234.6,  67.8,1201.7,   2.9,  -0.2
32519,   1.5,   7.3,  -6.1,-188.0, -42.8, 998.3,   3.1,  -0.4
32543,   2.2,  -1.2,  -2.7,  59.8, 166.7, 830.8,   3.5,   0.3
32571,  -1.3,  -6.0,  -1.8, 415.3, -63.8,1056.6,   3.2,  -0.1
32595,   0.6,   1.3,  -2.0,  52.5, 130.8,1097.6,   3.2,   0.5
32619,  -1.1,   1.5,  -1.4,-114.3,  52.0, 956.3,   3.2,   0.6
32643,   1.8,   1.0,   0.0, -30.8, -61.8,1065.7,   2.7,   0.7
32671,   3.2,   2.9,   0.7,-236.8, -34.0, 991.7,   3.0,   0.8
32695,   0.1,  -0.4,   1.1, -14.7, -42.0,1144.8,   3.0,   0.9
32719,   1.5,  -2.3,   1.2,  -4.9,  -3.5, 883.1,   2.7,   1.1
32743,  -4.6,  -9.6,   0.6, 138.9, 158.7, 785.1,   3.7,   1.5
32771,  -6.6, -13.2,   4.2, 382.1,-631.1,1012.0,   2.6,   1.4
32799,   0.3,  -1.6,   0.6,-242.4,  58.1, 809.1,   2.6,   1.7
32819,   2.0,   5.0,  -1.5,-401.4,  21.0, 883.1,   2.8,   1.9
32843,   3.3,  -3.2,  -1.3, 150.4,  52.5,1065.7,   3.0,   1.2
32871,   1.8,  -2.2,  -0.5,  81.0, 128.1, 992.9,   3.1,   1.2
32895,  -1.2,   8.7,  -0.9,-382.3, -50.8, 868.9,   3.2,   1.8
32919,   2.9,  -7.0,   2.4, 162.3,  66.9,1126.9,   3.0,   1.7
32943,   4.1,   0.3,   2.0,-156.0,  87.6,1137.9,   3.3,   1.7
32971,   4.8,   4.5,   2.3,-432.6,  38.8,1092.3,   3.3,   1.9
32995,   4.2,   8.9,   2.0,-395.0,  11.0, 888.2,   3.4,   1.5
33019,   0.3,   0.4,   1.8, 153.3, 202.8, 900.6,   4.4,   0.6
33043,   8.7, -13.4,   6.7, 650.9,  59.3,1146.0,   3.5,   1.2
33071,   1.7,   0.1,   6.3,-185.1, -22.0, 745.4,   4.3,   1.6
33095,  -2.4,  -3.3,   4.3, -53.0, 122.8,1167.5,   4.3,   1.6
33121,  -2.4,   0.5,   4.8,-304.2,  58.3, 982.2,   4.0,   1.7
33145,  -3.7,  -4.1,   5.3, -15.6, -35.7, 957.5,   3.5,   1.4
33169,  -1.6,  -0.2,   2.3, 123.5,  24.4,1042.2,   3.3,   0.9
33197,   0.2,  -0.3,   3.8, -19.1,  85.9, 999.7,   3.0,   1.0
33221,   0.0,  -0.8,   3.4, 118.6, 107.9, 841.1,   2.9,   0.8
33245,   1.4,   3.6,   2.1,-285.7, -18.8,1101.1,   2.8,   1.1
33269,  -1.6,   3.2,   0.5, -53.0, 151.3,1000.5,   3.1,   0.5
33297,  -5.5,   2.6,   1.2,-177.5, -15.4, 775.1,   2.8,   0.8
33321,  -7.7,  -7.7,   3.4, 499.7,-326.9,1473.4,   2.6,   1.0
33345,   4.3,  13.6,   1.6,-147.2, 145.2, 670.2,   1.7,   0.7
33369,  -0.6,   1.2,   3.1,-260.8,-164.3,1105.5,   1.9,   1.6
33397,   0.6,  11.2,   0.1,-379.9,-117.0,1273.4,   2.2,   1.2
33421,   0.5,   6.5,   1.0,-301.5, 108.9, 974.8,   2.1,   1.1
33445,   0.3,  -5.2,   2.4, 305.6, -72.8,1074.2,   2.1,   1.0
33469,   1.5,   3.3,   2.8,-142.1, 147.9, 826.9,   2.2,   1.3
33497,   2.5,  -5.5,   0.7, 402.8,  45.9, 929.9,   2.2,   1.2
33521,   3.1,   3.0,   1.5,-158.5,-135.5,1117.4,   1.8,   1.0
33545,   3.6,  -1.2,   1.9, 132.1, 222.6, 966.8,   2.1,   1.0
33569,  -1.8,   7.6,  -3.7, 148.2, 167.7, 821.5,   2.9,   0.1
33597,   3.1,  -0.5,   3.3,-840.3, 212.1, 602.5,   2.8,   2.2
33621,   2.3,  -3.0,   1.0, 267.1,-357.9,1141.4,   2.2,   1.5
33645,   3.0,  14.2,  -5.7,-870.9,  75.9, 999.3,   2.7,   1.7
33669,   3.1,  -3.8,  -4.5, 213.4,  -3.9,1053.5,   3.4,   1.6
33697,   2.8,  -1.1,  -6.2, 175.0, -42.5, 875.0,   2.9,   1.0
33721,   1.4,  -4.8,  -4.0, 344.2, 139.4, 983.9,   3.0,   0.9
33745,   0.0,   2.5,  -5.1,-115.0, -23.0, 948.2,   2.9,   0.9
33769,   6.6,  -9.1,  -2.0, 230.9, 242.9, 955.6,   2.9,   1.1
33797,   1.6,   1.8,  -6.6,-223.6, -75.5, 957.8,   2.8,   1.4
33821,   2.5,  -7.0,  -4.5, 160.4, -24.2, 963.1,   2.5,   1.3
33845,  -2.4,  -0.5,  -6.2, -15.6, 123.5, 867.9,   3.0,   0.8
33869,  -7.2,  -2.8,  -4.9,-226.8,-472.9,1147.5,   2.6,   1.3
33897,  -0.5,  12.3,  -4.6,-177.3,-104.8, 890.4,   2.2,   0.4
33921,  -0.6,  -7.6,  -6.8, 469.2, -22.0,1069.8,   2.3,   0.2
33945,  -3.1,   2.5,  -4.8, -30.5, 124.5, 788.1,   2.4,   1.3
33969,  -4.6,   3.6,  -5.2,-359.4, -51.1,1147.7,   2.0,   1.2
33997,  -4.6,  -7.0,  -4.6, 313.9,   0.9,1071.8,   1.6,   0.9
34021,  -5.2,   8.4,  -7.0,-243.4, -46.9,1011.7,   1.4,   0.7
34045,   0.0,  -4.7,  -4.0,  85.7, -92.8, 844.0,   1.1,   1.1
34069,  -1.4,   4.5,  -5.1,-277.6,  44.6,1032.0,   1.4,   0.9
34097,  -0.6,  -4.6,  -2.6,   8.0, -65.2,1104.2,   1.3,   0.9
34121,   1.2,   1.8,  -3.8,-139.4, -44.0,1028.6,   1.2,   0.7
34145,  -4.2,  -6.8,  -4.5, 325.7, 144.7, 828.4,   2.1,   0.8
34173,  -8.6,   2.8,  -5.6,-137.2,-429.7,1562.2,   1.5,   0.1
34197,  -0.2,   2.6,  -1.2,-129.4, 178.4, 655.8,   1.5,   0.6
34221,   2.7,  -4.6,  -3.7, 559.3, 127.9, 932.1,   1.7,  -0.5
34245,  -0.3,   1.3,  -4.6, -75.5, 177.2,1030.5,   2.0,   0.4
34273,   0.1,  -6.5,  -3.4,  41.7, -35.2,1213.4,   1.9,   0.8
34301,  -2.7,  -2.0,  -2.6,  73.7, -11.8,1079.3,   1.8,   0.7
34321,   2.0,  -5.0,  -3.2, 164.3,  81.0,1019.5,   1.6,   0.5
34345,   3.1,   2.6,  -3.5,-168.0,  99.3, 807.9,   1.8,   0.8
34373,   0.0,  -4.3,  -2.4, 186.0,  58.8,1095.7,   2.2,   0.7
34397,  -0.3,  -3.6,  -0.7,-235.6,-175.8,1111.6,   2.0,   1.4
34421,  -1.8,   1.6,  -2.0,-107.4,  95.4, 854.2,   2.0,   1.1
34445,   0.9,   3.6,  -1.6,-406.5,-345.5, 866.9,   1.9,   0.6
34473,   7.2,   4.5,  -0.3,-295.2,  97.4, 940.9,   2.6,   0.6
34497,   5.9,   6.0,  -5.2,  82.0, 148.4, 715.8,   3.4,  -0.6
34521,   3.3,   0.9,  -0.4, -99.9,   2.9, 928.9,   3.5,   0.5
34545,   1.8,  -5.5,   2.1, 151.8, -55.5,1184.3,   3.7,   0.6
34573,   2.5,  -4.4,   2.8, 289.0, -86.7,1439.7,   3.4,   0.5
34597,   3.9,  -0.7,   1.4, 105.7, 191.4, 929.7,   3.6,   0.6
34621,   4.5,  -2.1,   1.7, 157.7,  39.3, 869.1,   3.6,   0.6
34645,   5.8,   6.4,   2.3,-327.9, 312.2,1023.2,   3.9,   0.5
34673,   4.4,   3.5,   4.9,-468.8, 165.0, 865.5,   4.3,   1.5
34697,  -2.0,   4.6,   2.5, 116.9, 100.6, 866.7,   4.3,   0.4
34721,   4.6, -20.9,   7.6, 639.6,  -4.7,1089.3,   3.4,   0.9
34747,  -0.2,  -1.6,   1.9,  86.7, -15.9, 992.7,   4.5,   0.8
34771,  -0.2,   0.6,   1.5,-270.5, 137.2,1050.3,   3.9,   1.1
34799,  -1.5,   2.6,   2.0, -62.5, 112.3, 888.7,   4.0,   1.3
34823,  -3.9,   1.0,   2.8,-161.4, -74.0,1104.7,   3.8,   1.1
34847,   0.5,   6.8,   3.2,-225.8, 110.1, 782.2,   3.4,   1.1
34871,  -0.5,   0.5,   3.4,   0.2,   0.5,1415.8,   3.4,   1.4
34895,   1.2,   2.4,   1.8, -42.3,  96.4,1012.7,   3.3,   1.3
34923,   0.5,  -3.0,   3.7,  56.9,  57.1, 865.7,   2.5,   1.3
34947,  -5.0,  -5.2,   5.6,  71.5,  43.9, 969.0,   2.8,   1.4
34971,  -9.0,   0.7,   0.9, 450.7,  70.3,1074.9,   3.2,   0.3
34995,  -1.5, -10.2,   7.3, 477.8,-561.1,1374.0,   1.7,   0.8
35023,   5.6,   1.3,   6.3,-114.0, 388.9,1008.3,   2.6,   0.9
35047,   4.1,  -1.0,   5.2, -41.5,-171.7,1260.0,   2.1,   0.8
35071,   3.9,   5.1,   2.6,-320.3,  48.1,1091.5,   2.7,   1.0
35095,   1.7,   0.2,   3.8, -91.3,-102.3, 911.9,   2.7,   1.0
35123,   2.5,  -1.9,   5.3,  87.9,-149.7, 985.6,   2.2,   1.0
35147,   4.9,   4.0,   1.8,-248.6, 271.0, 971.7,   2.4,   0.8
35171,   3.1,  -0.7,   1.3,  30.0, -29.8,1038.6,   2.7,   0.9
35195,   3.4,  -0.6,   0.9, -34.2, 107.4, 928.9,   2.4,   0.5
35223,  -4.1,  -7.7,   2.3, 204.6,  73.2,1036.6,   2.8,   0.8
35247,  -5.6,   4.1,  -1.9,-174.3,-509.3,1579.3,   2.6,   0.0
35271,   3.5,   0.9,   1.0,  39.3, 242.9, 758.8,   2.2,   0.3
35299,   4.9,   3.8,  -1.9, 358.1, 130.8, 812.2,   2.4,  -0.1
35323,   0.6,  -7.4,   1.0, -14.7,  35.4, 871.3,   2.6,   1.1
35347,  -2.3,  -1.6,   1.2,-299.8,  59.8, 842.0,   2.6,   1.2
35371,  -1.1,  -2.9,   2.1,-162.1, -40.3,1037.8,   2.3,   0.8
35399,   2.2,  -2.9,   0.9,  98.6, 123.7, 906.7,   2.1,   0.4
35423,   1.9,   2.6,  -2.3, -14.9, -13.5, 970.7,   2.1,   0.1
35447,   2.7,   0.6,  -1.5,-224.9,  54.9,1168.0,   2.2,   0.4
35471,  -0.4,   1.8,  -3.9,-122.1,  63.0, 949.9,   2.3,  -0.1
35499,   0.7,  -3.2,  -2.6, 126.4,  97.6,1034.4,   1.9,  -0.2
35523,  -7.2,  -0.5,  -4.0,-121.6,  89.1, 899.7,   2.7,   0.4
35547, -11.5,   2.8,  -5.7, 395.0,-204.6,1388.7,   2.2,  -1.3
35571,  -0.3,   6.2,  -1.7,-157.5, 271.7, 595.5,   1.7,  -0.7
35599,  -0.2,  -8.8,  -0.5, 777.1, -86.2, 870.1,   1.7,  -0.9
35623,  -2.0,  -1.0,   0.4,  49.5,  26.1, 965.8,   1.5,   0.0
35647,  -2.8,  -0.7,  -1.2,  -1.0, 110.6, 851.6,   1.7,   0.1
35671,  -4.1,  -3.0,  -4.0,  68.8,-307.4,1120.8,   1.2,  -0.1
35699,  -0.3,  -1.0,  -1.6,-200.0,  41.0, 886.0,   1.1,   0.5
35723,   0.9,  -5.4,  -3.4, 267.1,  51.0,1011.0,   1.0,   0.1
35747,   0.5,  -1.9,  -3.2,  55.6,   6.6, 985.6,   1.1,   0.2
35771,   2.0,  -1.5,  -4.2, 105.0,  75.9, 916.5,   1.2,  -0.0
35799,   1.0,  -4.8,  -2.6,  24.6,   1.2,1026.1,   1.1,  -0.2
35823,  -3.6,  -1.2,  -5.2,-232.4, 154.8,1007.1,   2.0,   0.1
35847,  -3.5,   0.8,  -6.4, 285.4, -90.9, 863.5,   1.7,  -1.4
35871,  -1.1,  -0.3,  -3.0,-436.3, 126.2,1086.4,   1.6,  -0.5
35899,   1.2,   1.0,  -2.8,  81.8, -33.0,1199.7,   1.9,  -0.5
35923,   2.3,  -2.6,  -3.8,-255.4,  -0.0,1033.4,   1.7,  -0.0
35947,   1.7,  -7.6,  -1.6, 273.2, 113.5, 963.9,   2.0,   0.1
35971,  -0.9,  -1.9,  -0.6,  85.7,  30.2, 995.6,   2.4,   0.1
35999,   0.3,  -1.5,  -0.2, -22.2, 109.3,1032.5,   2.5,   0.0
36023,  -0.2,   4.0,   0.2,-228.5,  31.5, 904.0,   2.4,   0.3
36047,  -0.5,   1.0,   1.8,-108.4,   6.8,1158.2,   2.7,   0.5
36071,   1.7,  -1.4,   2.2,  31.7,  39.5, 919.2,   2.9,   0.5
36099,   1.1,  -7.9,   3.9, 335.2,  81.0,1016.4,   3.0,   0.7
36123,  -3.0,  -1.1,   0.6,  38.8,  98.8,1058.6,   3.4,   0.8
36147,  10.2,  -5.1,   3.8, 216.8, 118.4, 904.5,   2.3,   0.7
36171,   4.5,  -5.1,   2.7,  34.9, 201.6, 826.7,   2.9,   0.9
36199,   2.9,  -5.4,   3.3, 192.1, 212.6,1010.0,   3.4,   0.8
36223,  -0.1,  -0.8,   2.8,  74.4, 111.8, 974.1,   3.5,   0.7
36247,   2.2,   2.8,   4.8,-212.9,  36.6,1039.5,   3.3,   0.7
36275,   3.6,  -1.9,   6.5,-144.3, -44.2, 846.2,   3.1,   1.0
36303,   8.7,   0.3,   6.5,-244.6, -26.4, 746.1,   3.3,   1.4
36323,   5.3,  -2.3,   6.0,-155.0, 136.0, 837.2,   3.8,   1.6
36347,   2.9,   1.8,   4.0, -76.2, -89.9, 904.5,   3.9,   1.3
36373,  -0.2,  -4.1,   5.9, -61.5, 164.3, 822.0,   4.4,   1.7
36397,  -5.8,   8.9,   1.3,  29.8,-597.4,2145.7,   4.2,  -0.1
36425,   1.6,   7.5,   7.3,-323.3, 108.4, 946.3,   4.1,   0.8
36449,   3.4,   0.3,   5.4, 306.9,  37.8, 996.3,   4.3,  -0.3
36473,   3.4,   1.7,   6.3,-197.0,  32.2, 931.6,   4.1,   1.2
36497,   1.1,  -0.5,   5.9,-218.3,  83.7,1112.1,   3.9,   1.3
36525,   0.1,   0.1,   6.8,  98.1, -88.7,1256.6,   3.5,   1.0
36549,   1.6,   8.1,   4.9,-174.8,-105.7,1062.0,   3.0,   0.9
36573,   3.6,  -3.7,   5.5, 207.3,  43.2, 878.7,   3.4,   0.7
36597,   0.8,   0.7,   5.3,-201.9,-141.6,1140.1,   3.3,   1.1
36625,  -4.5,   2.9,   3.2,  95.7,  37.6,1149.4,   3.3,   0.6
36649,  -6.9,   2.7,   1.6, -77.2, 181.4, 740.0,   3.5,   0.6
36673,   5.4, -19.2,   7.0,1240.2, 210.7, 700.4,   2.4,   0.4
36697,   1.7,  -2.6,   1.2,  84.0, -43.2, 991.2,   2.0,   0.1
36725,   0.6,  -7.0,  -0.2, -23.2, 145.5,1056.4,   2.7,   0.5
36749,  -1.1,   1.8,  -2.9,-316.7, -89.6, 939.4,   2.6,   0.1
36773,  -4.6,  -5.8,  -3.6,-196.1, -41.8,1023.4,   2.3,   0.1
36801,   0.7,   1.8,  -4.1,-209.5,  -1.7, 970.5,   2.2,   0.4
36825,   0.3,  -0.5,  -5.2,  37.1, -19.8, 970.2,   2.3,  -0.3
36849,   3.8,   3.2,  -5.2,-379.7, -54.0,1099.6,   2.4,  -0.2
36873,   1.9,   0.7,  -4.0,  47.1,  77.4, 881.8,   2.6,  -0.8
36897,   1.6,   0.1,  -3.0,  10.5,   9.7, 893.5,   2.1,  -0.7
36925,  -6.4,  -1.2,  -3.7, -82.8,-163.4,1668.2,   3.4,  -0.2
36949,   2.2,  -4.8,  -0.2, 461.2,  -5.2, 712.4,   2.1,  -1.3
36973,   7.4,   1.3,  -3.0, 171.4,  58.8, 733.4,   2.0,  -1.5
36997,   4.8,   2.8,  -3.7,-186.5, 170.6, 957.5,   2.7,  -0.9
37025,   0.3,   1.0,  -3.8,-154.1,  31.7,1082.8,   2.6,  -0.6
37049,   1.3,   4.5,  -3.5, -86.7,-118.2,1089.1,   2.2,  -0.5
37073,   0.9,   0.2,  -3.5,-233.9,  40.7, 965.8,   2.1,  -0.2
37097,   3.3,  -4.1,  -2.5,   9.5, -47.9, 967.8,   1.8,  -0.1
37125,   6.9,   0.7,  -3.6, -68.9, 188.2, 953.4,   1.8,  -0.2
37149,   3.0,  -0.7,  -4.6, 117.2, 114.7, 890.6,   2.3,  -0.5
37173,   2.1,   5.1,  -3.8,-106.5,   9.0, 920.9,   2.1,  -0.2
37197,  -1.1,  -6.1,  -1.6,  48.1, 252.9,1036.6,   2.6,   0.3
37225,  -4.1,  -7.4,  -3.2, 557.8, 256.8, 946.5,   3.0,  -0.3
37249,  -1.3, -12.8,   2.8, -64.5,-348.9,1343.0,   1.9,   0.3
37273,   1.5,   1.0,   1.2,  27.8,  69.8, 991.4,   2.8,  -0.0
37301,   2.3,   3.7,  -1.0,-448.3,   3.9,1067.6,   2.8,   0.5
37325,   1.1,  -2.4,   0.3,  99.6, 156.9, 978.8,   3.2,   0.3
37349,  -1.4,   1.8,   0.1,-149.2, -17.1,1074.5,   3.2,   0.4
37373,  -1.7,   0.3,   0.9,  53.2, -54.2,1045.4,   3.1,   0.4
37401,   2.1,   1.0,   1.6,-211.4,  47.6,1022.2,   3.0,   0.7
37425,   1.7,   1.7,   0.9,-130.6, 129.1, 890.4,   3.4,   0.9
37449,  -1.7,  -0.5,  -0.7, -62.3,  11.4,1015.6,   3.4,   0.6
37473,   0.5,  -2.6,   1.2, -24.4, 101.8, 942.9,   3.3,   0.8
37501,  -1.4,  -0.4,  -0.6,  13.7, 102.5,1098.6,   3.4,   0.7
37525,  -4.4,  -3.5,  -2.2, 139.1,  50.7, 918.2,   3.7,   0.6
37549,  -2.2,  -5.2,   2.7,-419.4, 106.9, 932.1,   3.2,   1.1
37573,  -7.6, -21.7,   3.1, 520.7,  -5.7,1011.7,   3.5,   0.3
37601,  -4.3,  13.4,  -3.1,-374.5, -21.0,1172.1,   3.4,  -0.0
37625,  -2.0,  -0.5,   1.0, -39.6, -85.2,1087.9,   3.2,   0.3
37649,  -1.0,  -6.2,   3.2, 213.9, -95.0,1021.5,   3.2,   0.4
37673,  -1.4,   4.3,   2.8,-185.1, -20.3,1051.5,   3.1,   0.4
37701,  -1.1,  -2.3,   5.0, 110.3, 150.1, 947.0,   3.3,   0.3
37725,  -0.1,  -4.0,   6.5, 192.9, 114.0, 879.6,   3.4,   0.5
37749,  -2.5,   4.8,   4.3, -85.7, -56.4, 971.7,   3.1,   0.5
37773,  -3.0,   8.2,   3.7,-342.1, -61.3,1096.9,   2.8,   0.5
37801,  -3.0,  -0.9,   4.6,  42.5, 149.1, 994.1,   2.8,   0.4
37825,  -3.6,  -9.3,   4.6, 735.3,-207.3,1578.1,   2.6,   0.6
37849,   8.3,  12.9,   5.9,-305.7, 180.6, 531.2,   1.4,   0.8
37873,   6.7,  -4.5,   8.1, 148.7, 241.7, 891.8,   2.3,   1.7
37901,   1.2,   4.9,   4.3,-335.2, 105.4,1023.7,   3.0,   2.1
37925,  -0.1,   5.6,   4.0,-194.1, 151.1, 991.2,   3.0,   1.8
37949,  -2.3,  -1.5,   5.9,  -1.2,  36.6,1114.7,   2.8,   1.8
37973,   0.4,  -5.9,   6.8, 293.9, -24.2, 988.0,   2.4,   1.5
37999,   0.3,  -1.2,   6.0,  90.3, -80.6,1203.6,   2.3,   1.4
38023,   5.6,   5.6,   6.7,-260.0, 108.6,1021.7,   2.7,   1.5
38051,   3.4,  -5.5,   7.1, 179.9,-163.6,1320.1,   3.1,   1.6
38075,   1.7,   9.5,   4.2, -94.3, 255.3,1001.2,   3.5,   1.3
38099,   1.4, -11.8,  12.5,-169.0,-289.1,1104.5,   3.0,   2.8
38123,   5.0,   6.0,   4.1, 226.8,  95.4, 862.8,   3.5,   0.4
38151,   3.3,  -4.1,   3.8,-705.1, 145.7,1262.2,   4.0,   1.1
38175,  -2.1,  -2.7,   3.4, 409.7, -24.0, 880.9,   4.4,  -0.1
38199,  -5.3,   0.7,   0.1,  70.3, -64.7,1307.4,   3.7,  -0.1
38223,  -3.8,   2.0,   2.4, -76.7, -43.7, 939.9,   3.4,   0.4
38251,  -1.3,  -0.1,   0.2, 126.7,  11.2,1263.4,   3.2,  -0.5
38275,  -2.0,  -4.6,  -0.4, 313.7, -50.1,1095.2,   3.4,  -0.3
38303,  -4.0,  -0.6,  -3.9,  36.6,-128.5,1147.5,   3.1,  -0.4
38327,  -5.0,  -1.2,  -2.9, 108.4, -81.3, 888.2,   2.9,  -0.5
38351,  -5.8,   2.0,  -3.8, -60.3,-389.2,1912.3,   3.0,  -1.2
38375,   3.1,   0.3,   1.5,  90.8, 207.5, 472.2,   2.7,  -0.8
38399,  -0.4,  -0.4,  -3.8, 581.0,-244.4, 881.3,   2.7,  -2.6
38427,  -3.0,   0.6,  -1.7,-175.8, 227.3, 848.4,   3.3,  -1.1
38451,  -1.4,  -4.1,  -3.7,   7.1,-140.7,1140.1,   3.0,  -1.6
38475,   0.9,  -4.3,  -3.7,  40.5, 117.2,1113.5,   2.6,  -1.2
38499,  -1.6,  -8.0,  -5.7, 225.6,-123.1,1195.6,   2.3,  -1.5
38527,  -1.1,  -5.9,  -4.2, -79.1,  -2.7, 852.0,   2.3,  -0.9
38551,  -1.4,  -0.4,  -5.4,   8.3, -59.4, 873.5,   1.9,  -1.4
38575,   0.6,  -5.4,  -3.9,  95.0, 113.5, 932.4,   1.5,  -1.1
38599,  -1.0,   3.2,  -5.9, -49.1, 184.8, 854.0,   1.8,  -1.3
38627,  -3.3,   1.0,  -6.0,-109.6,-233.9,1588.9,   1.9,  -1.3
38651,   2.9,   3.4,  -2.3,  -2.5, 133.3, 583.5,   1.8,  -1.5
38675,   5.0,  -7.3,  -3.4, 441.4, 186.2, 806.1,   2.1,  -1.8
38699,   2.3,  -2.3,  -4.7,-121.1, 118.4,1200.4,   2.2,  -1.0
38727,  -1.1,  -1.2,  -4.5,-198.5,-125.0,1277.3,   2.4,  -0.7
38751,   0.7,  -4.8,  -3.2, 119.4,   7.3,1028.3,   2.2,  -1.1
38775,   2.2,   2.2,  -3.8,  65.2,  12.2, 988.5,   2.3,  -1.4
38803,   2.8,   0.1,  -1.4, -17.3, 293.2, 908.7,   2.6,  -1.4
38827,   0.6,  -4.6,  -1.2,-123.6, -73.3, 956.8,   2.3,  -1.2
38851,  -0.6,  -4.9,  -0.2, 174.8, 101.8, 997.3,   2.2,  -1.1
38875,  -3.9,   1.2,  -3.5,  -6.1, 123.0, 916.5,   2.7,  -1.2
38899,   8.9, -10.8,   2.3, 478.7,  15.1, 553.7,   1.4,  -1.2
38927,   5.7,  -1.3,  -4.2,  32.5, 175.3, 787.3,   2.6,  -1.7
38951,   1.5,   1.2,  -2.3, -54.5, 195.3,1031.5,   3.1,  -0.8
38975,  -0.5,  -1.9,  -1.9, -77.9,  39.3,1021.0,   2.9,  -0.7
38999,  -2.2,  -4.8,   1.8, -52.7, -28.1,1253.4,   2.6,  -0.5
39027,  -0.3,   1.2,   0.1,-267.1,  36.3,1031.0,   2.9,  -0.4
39051,   2.1,  -2.5,   1.2,  14.9,-163.9,1171.1,   2.9,  -0.5
39075,   4.6,   2.3,   0.0,-274.7, 228.7, 852.5,   3.4,  -0.2
39099,   4.7,  -3.5,   0.0,  82.0,  86.6, 920.6,   3.4,  -0.4
39127,   2.5,   3.9,   0.6,-343.8, 222.4, 816.4,   3.6,   0.3
39151,  -6.3,   1.6,  -0.7, -35.9, 219.2, 725.8,   4.7,  -0.0
39175,   0.6, -12.7,   4.9, 522.4, -93.8, 805.9,   3.1,  -0.3
39199,   0.7,   0.4,   3.0,-128.9, 218.2, 732.7,   4.0,   0.1
39227,  -1.7,  -4.1,   1.8,  20.0,  80.3,1074.0,   4.2,  -0.2
39251,  -1.5,   5.5,   1.8,-359.1, 110.6, 831.8,   4.0,   0.3
39275,  -0.9,  -1.5,   3.2,-249.3, -18.8,1018.8,   3.8,   0.2
39303,   0.9,   5.6,   2.3,-273.7,  39.5, 806.9,   3.8,   0.7
39327,   1.1,  -1.2,   1.6, -60.3,  99.6,1119.9,   3.8,   0.7
39351,  -1.7,  -3.8,   4.0, 201.6,-137.0,1079.1,   3.6,   0.8
39375,  -0.6,   2.3,   2.9,-284.0,-152.6, 867.2,   3.2,   0.7
39403,  -5.4,  -4.6,   1.7, 289.8, 185.8, 914.8,   4.3,   0.5
39427,  -4.1,  -6.2,   6.0, 530.5,-771.5,1258.8,   3.1,   0.6
39451,   1.2,  10.9,   2.6,-346.7, 248.3, 793.9,   4.1,   1.0
39475,  -0.0,  -3.5,   2.7,-233.2,  68.6,1085.0,   4.7,   1.5
39503,  -2.7,   5.9,   3.7,-324.2,  -5.9, 747.6,   4.2,   2.0
39527,  -3.9,  -3.4,   2.1, 247.8,  11.9,1104.0,   3.6,   1.3
39551,  -1.6,  -1.5,   1.7, 146.0, 112.3, 871.1,   3.4,   1.0
39575,   2.9,  -7.9,   4.6, 416.2, -39.8, 956.0,   2.8,   1.0
39603,   2.2,  -2.6,   5.0, 123.8,  78.8, 831.3,   3.0,   1.1
39625,   0.5,   3.5,   2.5,-139.4,-110.4, 996.6,   2.6,   0.9
39653,  -1.7,   7.9,   2.3,-430.4, 155.5, 900.9,   2.9,   1.1
39677,   6.1,   2.9,   5.6,-601.3, 288.1, 660.1,   3.1,   1.7
39701,  -0.2,  -6.3,   3.5, 466.5,-283.7,1208.7,   2.5,   1.1
39725,   3.0,   5.0,  -0.7, 519.8, 177.7,1044.4,   2.8,   0.9
39753,   2.2,  -1.6,  -0.5,  96.2, -42.8, 995.8,   2.7,   1.5
39777,   1.1,  -2.7,  -0.1, 203.6, -75.7, 982.9,   2.5,   1.2
39805,   0.1,   4.1,  -1.2,-200.9, -33.0, 923.8,   2.4,   1.6
39825,   2.8,  -1.8,  -0.2, 122.5, 182.1, 954.1,   2.3,   1.3
39853,   1.1,   0.5,  -1.9, 117.9, 113.7, 730.7,   2.6,   1.2
39877,   4.2,  -9.4,  -1.0, 282.7, 135.2, 776.6,   2.2,   1.0
39901,  -0.2,  -1.6,  -2.8,-216.8, 177.9, 995.1,   2.8,   0.9
39925,   1.1,   4.5,  -2.9,-397.0,-535.2,1250.2,   2.6,   0.3
39953,   0.8,   0.1,  -1.0,  34.9, -59.1,1246.1,   3.4,   0.4
39977,   2.0,   7.5,  -7.3,-476.1,  33.4,1267.8,   3.7,  -0.0
40001,   0.5,  -1.9,  -4.2, 141.3,  50.7,1003.7,   3.8,   0.1
40025,  -1.5,  -1.3,  -3.0,  82.7, -17.9, 885.2,   3.4,   0.2
40053,  -1.7,  -2.7,  -2.4, 137.4, -51.5,1011.7,   3.1,   0.1
40077,   0.5,   0.6,  -2.3,  94.2,   5.8, 918.0,   2.7,  -0.2
40101,   2.5,   3.2,  -2.1, -96.7,  61.2,1120.1,   2.6,  -0.2
40125,  -0.6,   1.0,  -3.5, -34.7,  -3.5,1164.3,   2.8,  -0.1
40153,  -3.7,   8.2,  -4.4,-174.1, 179.2, 789.3,   2.7,  -0.1
40177,  -0.9, -15.6,   2.2,-162.4,-233.7,1263.2,   1.9,   1.2
40201,   1.1,  -0.7,  -4.0, 263.7,-147.0,1168.0,   2.0,  -0.7
40225,   1.6,  10.5,  -8.6,-591.6,  83.0,1064.4,   2.2,  -0.8
40253,  -1.5,   0.5,  -5.8, 432.4, 182.1, 817.9,   2.8,  -1.1
40277,   0.1,   2.0,  -4.6, 114.5,  90.5, 890.1,   2.3,  -0.9
40305,   0.1,  -0.7,  -2.4,  43.0,   9.5, 831.8,   2.2,  -0.9
40325,  -2.7,   1.7,  -2.9,-178.7,  50.0, 978.5,   2.4,  -0.7
40353,   1.4,  10.4,  -3.2,-314.5, 143.0,1000.0,   2.4,  -0.8
40377,   2.3,  -4.8,  -1.6, 240.0,  20.2,1049.1,   2.2,  -0.8
40401,   1.7,   2.8,  -1.7, -38.3, -63.0,1005.1,   2.2,  -0.6
40429,  -0.5,   1.7,  -1.5, -27.8, 235.6, 831.0,   2.8,  -0.3
40453,  -5.9,  -3.3,  -2.4, 131.6,  39.0, 776.1,   3.3,   0.1
40477,   6.2, -11.3,   2.6, 415.3, 193.6, 574.7,   2.1,  -0.3
40501,   0.8,   0.4,  -1.6,-249.3,  24.9, 766.1,   2.6,   0.3
40529,  -0.6,   4.6,  -2.3,-360.1,  -4.9, 955.3,   2.8,   0.5
40553,  -1.1,   3.1,  -2.5,-229.3, 146.9, 959.2,   3.0,   0.1
40577,   0.1,  -1.0,  -0.1,-145.5,  52.9, 920.2,   2.6,   0.5
40601,   0.6,  -0.7,   0.4,  31.0,  86.6, 887.4,   2.7,   0.2
40629,   2.3,  -0.6,   0.9,  75.9, 163.1,1072.5,   2.7,   0.1
40653,   0.0,   2.4,  -0.4, -88.1, -13.0,1070.1,   3.2,   0.2
40677,   0.9,  -4.3,   2.3, 317.6,  61.5,1002.4,   2.8,   0.2
40701,   2.2,   1.5,   3.0,-201.2, 114.0, 806.9,   3.0,   0.4
40729,   2.5,  -1.5,   6.2,-669.9, -76.9, 908.7,   3.3,   1.4
40753,   2.5,   3.8,   3.0, -83.8,-101.1,1492.9,   3.3,  -0.1
40777,   2.0,   7.5,   0.4,-486.6, 175.5, 923.3,   3.9,   0.4
40805,  -0.0,  -0.3,   2.0, 166.2, -59.4,1006.3,   3.7,   0.2
40829,  -2.2,   1.5,   3.3, -42.0,-114.8, 965.1,   3.1,   0.5
40853,  -0.3,  -3.1,   3.5, 213.1,  74.4, 963.6,   3.1,   0.5
40877,   0.8,  -1.4,   3.4,   3.4,  82.2, 837.2,   2.8,   0.6
40901,   4.7,  -6.5,   4.8, 336.9,  41.2,1089.1,   2.5,   0.4
40929,   3.5,  -1.9,   2.9, 224.4,  44.4,1003.9,   2.7,   0.4
40953,   2.5,  -1.2,   3.1,  49.5,  34.9, 988.5,   2.4,   0.3
40977,  -2.1,   1.2,   3.1,-202.4, 185.3, 707.8,   3.2,   1.0
41001,  -6.9, -10.9,   8.0, 164.3,-494.7,1073.7,   2.3,   1.3
41029,   1.6,  12.6,   2.5,-614.8, 215.3, 956.5,   3.2,   0.6
41053,   4.5,  -2.3,   1.6,-215.3, -23.0,1029.5,   3.3,   0.4
41077,   2.0,   0.3,   2.3,  69.3, -63.8, 978.5,   3.1,   0.4
41101,  -1.1,  -0.9,   1.7, -44.2, -18.3,1180.7,   3.2,   0.3
41129,  -0.3,   7.6,   0.2,-274.9,  39.0,1211.2,   3.1,   0.3
41153,   5.6,  -0.6,   1.5, -43.0,  42.4, 771.7,   2.5,   0.3
41177,   3.4,  -6.0,  -0.2, 410.4,  64.4, 840.3,   3.0,   0.0
41201,   3.1,  -1.0,  -2.8, -14.7, -28.8,1059.6,   2.6,  -0.1
41229,  -1.2,  -0.7,  -3.4, -71.1,  76.9, 844.7,   3.2,  -0.1
41251,  -5.6,  -1.5,  -3.7, 111.8, -23.0,1130.6,   3.4,  -0.5
41279,   0.7,   5.0,  -2.5,-209.2, 118.9, 744.6,   3.3,  -1.0
41307,   4.8,   2.4,  -5.1,  -1.2,  18.0, 945.6,   3.4,  -1.0
41327,   2.3,  -0.4,  -3.2,-137.5,  81.3,1047.1,   3.8,   0.1
41351,   0.5,   6.7,  -5.9,-339.4,  24.6,1102.3,   3.8,  -0.4
41379,   1.9,  -0.4,  -3.8, -78.9,  44.2,1151.1,   3.5,  -0.4
41403,   0.5,   2.3,  -4.9,   3.2,  51.7,1004.1,   3.5,  -1.1
41427,   4.1,  -5.1,  -3.4, 403.1, 219.7, 960.7,   3.5,  -1.1
41455,   2.3,  -3.5,  -4.4, 130.8, -23.2, 995.1,   3.5,  -1.1
41479,   0.6,   0.8,  -4.0, -46.2, 109.3,1020.0,   3.4,  -0.8
41503,  -5.3,  -1.8,  -5.4,  24.6, 115.4, 816.4,   4.2,  -0.7
41527,  -0.3, -10.9,  -2.0, 512.9,-243.2, 871.8,   3.1,  -0.9
41555,   0.6,   3.1,  -6.5,-273.9, 178.9, 946.3,   3.8,  -1.3
41579,   0.8,  -3.5,  -4.7, 199.4, 163.3,1054.4,   3.7,  -1.0
41603,  -1.2,   4.0,  -6.6,-175.6, -53.5, 785.4,   3.1,  -0.9
41627,  -0.7,  -8.9,  -3.7, 133.8, -71.1, 975.8,   2.9,  -0.5
41655,   0.8,   2.0,  -4.9,-327.7,  73.7, 834.7,   2.9,  -0.3
41679,   0.2,   1.2,  -5.6, -66.7, 101.5,1341.8,   2.7,  -0.5
41703,  -1.4,   2.9,  -7.6,-277.8, -22.7, 944.1,   2.6,  -0.4
41727,  -0.0,  -2.9,  -5.7, -97.4,  -1.0, 995.4,   2.1,  -0.2
41755,  -2.3,  -5.0,  -7.3, 114.7,  34.1, 974.8,   2.3,  -0.3
41779,  -3.4,   3.0,  -8.7, 288.3,  61.5, 855.5,   2.3,  -1.2
41807,   4.4,   8.6,  -6.3,-419.2, 385.5, 361.6,   3.2,  -0.2
41827,   3.0,   1.7,  -3.8, -23.9, 148.4, 960.2,   3.2,  -0.1
41855,   0.1,  -7.3,  -4.0, -69.8,  55.1,1070.3,   3.1,  -0.0
41879,  -0.3,  -2.5,  -6.5, -67.4,  42.7,1229.5,   3.3,  -0.9
41903,   0.3,   8.0,  -8.4,-511.7,  -4.2, 914.1,   3.1,  -0.5
41927,   1.1,  -5.2,  -5.3, 257.8, -49.6,1170.9,   3.0,  -0.7
41955,   0.6,   2.8,  -5.8,  71.3,  -5.7,1055.4,   3.0,  -0.9
41979,   0.0,  -0.7,  -1.6, -26.4,  38.5, 943.4,   3.1,  -0.6
42003,   0.9,   1.8,  -1.3,-189.2,  55.4,1026.1,   3.1,  -0.3
42027,   1.2,   0.8,   0.7, -95.5, 183.1, 734.4,   3.3,   0.4
42055,  -2.5,   8.1,  -2.1,  80.6, -66.0, 803.9,   3.2,  -0.7
42079,  -2.8,   7.5,  -2.5, -70.3, 223.6,1034.2,   3.4,  -0.3
42103,  14.1,  -4.0,   3.9, 623.0, 493.1, 737.8,   3.3,   0.3
42127,   2.0,  -4.1,   1.8,-138.7,  29.5, 956.3,   4.3,   0.9
42155,   0.0,  -5.4,   3.8,-163.8, 133.0,1265.6,   4.5,   1.3
42179,  -2.4,   3.1,   2.2,-207.8, -10.5,1121.8,   4.6,   0.5
42203,  -0.2,   0.8,   4.2,-251.2,-168.5,1047.8,   3.9,   0.7
42227,   0.8,   1.6,   2.7,  60.5,  19.0, 985.6,   4.1,   0.3
42255,  -0.8,   5.6,   3.3,-327.9,  81.3, 948.7,   4.1,   0.7
42279,  -2.5,  -1.4,   3.8, 118.6,   4.6,1030.8,   4.0,   0.5
42307,  -0.3,   0.9,   3.2,-282.5,  28.3,1056.1,   3.9,   0.8
42327,  -1.6,  -3.7,   4.8,-120.6, 107.9, 808.8,   4.0,   1.4
42355,  -4.0,   0.5,   1.0,  85.9,  27.8, 818.8,   3.9,   0.1
42379,  -1.5,  -1.3,   7.5,-504.4, -92.3,1242.4,   3.1,   1.2
42403,  -1.5,   1.7,   5.0,-269.8, -31.8,1197.5,   3.4,   0.6
42431,  -2.0,   5.0,   3.8,-513.4,   4.4,1049.8,   2.8,   0.7
42455,  -0.2,  -4.6,   4.6, 389.1,  57.3, 984.6,   2.8,   0.5
42479,  -1.6,   3.7,   4.9,-188.7,  -3.9, 939.4,   2.5,   0.9
42503,   2.9,   0.5,   4.3, 142.6, 123.3,1019.8,   2.1,   0.5
42531,   3.3,  -3.6,   4.9,  85.7,   5.8, 956.3,   1.6,   0.7
42555,   0.3,   6.6,   5.6,-191.9,  95.4, 943.8,   1.8,   0.6
42579,   0.5,   1.8,   5.4,  28.1, -90.4,1123.8,   1.8,   0.6
42603,  -2.6,   5.1,   6.0,-180.7,  41.7, 866.9,   1.9,   1.2
42631,  -4.1,   7.9,   2.1, 149.9,-514.2,1946.3,   1.6,  -0.4
42655,   7.7,   6.2,   7.8,-251.0, 145.5, 658.9,   1.1,   0.4
42679,   6.6,  -6.3,   5.7, 715.1, 181.8, 710.2,   2.1,  -0.5
42703,   1.9,  -3.8,   5.1, -62.5, 109.8,1125.5,   2.2,   0.8
42731,  -1.6,  -5.2,   4.2, 192.9,-168.2, 878.2,   1.8,   0.3
42755,   0.2,   0.9,   3.6,-243.2, -59.8,1218.3,   1.6,   0.4
42779,   1.9,   0.2,   1.0,-141.4, 123.3, 889.2,   1.6,   0.1
42807,   4.3,   3.2,   0.0,-216.8, 102.3, 953.1,   1.8,   0.5
42831,   5.0,  -1.2,   1.2, -25.4,  21.4, 922.6,   1.9,   0.4
42855,   4.1,  -0.1,   0.6, 381.3,  30.2,1302.5,   2.2,   0.1
42881,   3.8,  -1.5,  -0.8, -82.3,  85.4, 825.7,   2.2,   0.5
42905,   0.0,  -4.5,   0.7,  66.6,  89.6, 912.3,   2.7,   0.7
42929,  -4.9,   0.4,  -3.2, 259.5,  36.6,1014.2,   2.8,  -0.6
42953,   3.6,  11.2,  -1.5, -60.1,-107.7,1075.9,   2.0,  -0.3
42981,   2.4,  -9.5,   1.5, 165.5,  12.4, 908.7,   2.6,   0.4
43005,   4.8,  -9.1,  -0.1, 691.1, 186.7,1129.9,   2.8,   0.3
43029,   1.2,   3.7,  -2.5,-170.2,  94.4, 941.9,   2.7,   0.6
43053,   1.9,  -1.7,  -0.7, -89.4,  71.5, 923.6,   2.9,   0.7
43081,   1.6,  -4.2,  -1.0, 204.3,  47.1,1071.5,   2.9,   0.1
43105,   1.0,   4.4,  -2.4,-150.9,  93.2,1259.0,   3.0,   0.1
43129,  -1.0,   1.7,  -1.7,  59.3,  13.1, 986.3,   2.9,  -0.1
43153,  -0.6,   0.2,  -0.4,  95.0,  -6.9,1112.1,   2.5,   0.2
43181,  -4.6,  -1.9,  -1.2,-115.5, 147.9, 843.0,   3.3,   0.8
43205,  -5.6, -12.8,  -2.5, 884.3,  97.6,1084.0,   3.3,  -0.4
43229,  -7.4,  -4.2,  -1.1, 227.3, -41.1, 759.0,   1.9,  -0.2
43253,   0.9,   2.1,   0.7,-319.6, 211.1, 778.6,   3.0,   0.9
43281,   1.9,  -3.4,   0.5, 184.6, 148.9,1080.3,   3.0,   0.9
43309,  -0.3,  -1.2,   0.9, -33.5,  61.5,1159.7,   3.0,   0.9
43329,  -2.0,   0.4,  -0.9,-229.3,  -4.4,1005.9,   3.0,   1.1
43353,  -1.3,   0.2,   0.6,-366.2, -40.8,1095.0,   2.5,   1.5
43381,   3.6,   6.3,  -1.6,  20.2, 145.7, 928.7,   2.4,   0.7
43405,   2.8,  -0.1,  -0.4,-188.0,  16.8,1055.4,   2.2,   0.9
43429,   1.2,   4.0,  -1.1, 164.3,  48.5,1157.2,   2.5,   0.4
43457,   1.3,  -5.7,   3.1, 106.9,  87.9, 934.3,   2.3,   1.3
43481,   0.5,  13.7,  -0.5,-235.6,-218.5,1005.4,   2.3,   0.7
43505,   7.2,  -1.5,   1.0, 136.9, 219.4, 794.9,   2.0,   0.9
43529,   3.1,  -4.3,  -0.9, 397.0,  77.1, 911.1,   3.2,   0.4
43557,   4.0,  -0.9,   0.8,-108.4, 197.5, 776.6,   3.0,   1.5
43581,  -0.3,  -7.4,   3.2, 273.7, -29.1,1253.2,   2.9,   1.2
43605,   2.5,   1.0,   3.6,-226.6,  55.6, 970.7,   2.6,   1.4
43629,   3.0,   0.2,   1.9,  88.9,  58.6,1006.3,   2.6,   0.9
43657,   2.6,   2.0,   1.2,-217.5, -47.6, 907.0,   2.5,   1.4
43681,   4.3,  -0.7,   0.6, -92.1,  42.9,1135.5,   2.7,   1.0
43705,   1.9,  -1.6,   2.1,  35.1,  -5.7,1021.7,   2.8,   1.0
43729,   2.9,  -1.2,   0.6, 239.5,   8.5, 913.6,   2.9,   0.7
43757,  -1.1,   2.6,  -1.0,-226.6, 288.3, 736.6,   3.9,   1.2
43781,   0.6,  -3.7,   1.6, 303.0,-131.6, 994.6,   3.2,   1.0
43809,   3.4,  -1.6,  -0.5, 237.5,  90.1,1047.8,   3.3,   0.7
43829,   1.4,  -1.1,   1.3,  72.0, 168.4,1107.9,   3.4,   1.1
43857,  -0.4,  -7.3,   1.7,  70.1, 103.2, 902.3,   4.0,   1.3
43881,  -2.0,  -2.1,   1.5, 211.7, 272.9, 899.2,   4.0,   1.0
43905,   0.3,  -5.8,   3.5,  47.6,  -3.2, 876.7,   3.4,   1.3
43929,   1.5,   2.2,   2.6, 197.0,  87.9,1140.4,   3.4,   1.1
43957,   0.5,  -2.0,   2.6,-135.3,  99.8, 836.4,   3.7,   1.6
43981,  -1.6,  -0.1,   2.3,  51.7,  16.8,1190.7,   3.4,   1.1
44005,  -2.5,   5.7,   1.3,-316.7, 219.4, 925.5,   3.6,   1.3
44029,  -6.4,  -1.2,   3.4, 184.6, -52.8,1102.0,   3.8,   0.9
44057,   4.8,   2.4,   5.1, 130.1, 148.9, 732.9,   3.1,   0.1
44081,   4.8,  -3.5,   1.5, 444.6, 143.8, 937.5,   3.4,  -0.4
44105,  -2.0,   2.1,   2.7,-249.0, 117.2,1072.0,   4.1,   1.2
44129,  -2.7,   5.7,  -0.1,-372.8,  34.9, 890.1,   3.5,   0.8
44157,  -2.5,   0.4,   3.7,  -7.3,  87.9,1009.5,   3.1,   0.6
44181,  -2.3,  -3.8,   3.8,  22.9,-162.9,1057.6,   2.9,   0.8
44205,   1.7,   0.0,   3.1,-182.9, 141.1, 934.1,   2.9,   0.9
44229,  -0.1,  -3.2,   3.1, -85.5, -74.7,1251.9,   2.8,   0.7
44257,   0.9,   1.5,   2.9,-394.3,   8.3, 886.2,   3.0,   1.2
44281,   1.9,  -0.3,   2.7,  92.5, 108.1,1002.4,   2.8,   0.5
44309,  -1.9,  -1.7,   1.8, 197.0, 178.9, 928.2,   2.9,   0.2
44329,   5.0, -10.8,   7.9, 786.4,-219.0,1183.3,   1.8,   0.3
44357,   1.8,  -2.9,   4.4,-252.2,  80.5, 952.6,   2.6,   0.6
44381,   1.9,  -4.0,   4.8, 329.8, 204.1,1064.4,   3.3,   0.6
44405,   0.3,  -0.6,   3.4, -37.6, -98.2, 997.8,   2.9,   0.8
44429,   0.6,   4.9,   4.0,-360.6,  16.1, 973.1,   2.7,   1.3
44457,  -0.5,  -0.4,   2.9, 149.2, -67.9,1162.3,   2.8,   0.5
44481,   1.7,   7.8,   1.2,-515.9, 177.5, 967.3,   2.8,   0.8
44507,   1.9,  -4.6,   1.0, 120.8, -44.5,1112.1,   2.7,   0.9
44531,   3.0,  -5.4,  -1.2, 271.7,  20.7,1066.4,   2.3,   0.3
44555,  -0.9,  -3.2,  -2.9, 149.4,  93.2, 784.2,   2.9,   0.2
44583,  -2.2,   1.0,  -3.6,-365.0,  23.4, 928.2,   2.9,   0.6
44607,  -4.8,  -2.0,  -2.1, 184.8,  75.9, 764.2,   3.0,   0.2
44631,   1.4,   9.7,  -3.9, -55.7, -74.7,1073.0,   2.6,   0.2
44655,  -1.7,  -1.3,  -3.1,-488.8, 119.1,1053.9,   3.4,   0.8
44683,   0.1,   1.5,  -4.2, 120.1,-114.5,1187.7,   3.0,   0.2
44707,  -4.1,   3.6,  -4.6,-100.4, 158.9, 859.9,   3.3,   0.3
44731,   0.4,  -4.3,  -3.2, 400.6, -29.3,1003.7,   2.7,  -0.2
44755,  -1.7,   4.0,  -2.7,-171.9,  31.0,1168.5,   2.8,  -0.1
44783,  -2.0,  -1.8,  -1.0,   9.3, -20.8,1141.4,   2.9,  -0.0
44811,  -0.2,   6.2,  -1.9,  56.1, 279.0, 995.8,   3.1,   0.1
44831,  -5.0,  -4.6,  -0.7, -31.3, 104.5, 929.4,   3.3,   0.7
44855,   0.6,  -4.8,   1.5, 272.7, -91.1, 950.4,   2.2,   0.4
44883,   4.3,   5.3,  -2.0, -58.1, 126.2, 916.5,   2.3,  -0.4
44907,  -0.1,  -3.5,  -0.6,  59.6, 130.1, 940.4,   3.0,   0.6
44931,  -4.0,   2.6,  -1.5,-109.9,-219.0,1120.1,   2.5,   0.3
44955,  -1.0,   0.6,   0.7,-236.6, -11.0,1208.2,   2.1,   0.9
44983,  -1.3,   0.8,   0.7,  16.1,  -5.9,1016.1,   2.1,   0.2
45007,   1.4,  -1.0,   1.1, -68.6,  41.2, 938.5,   2.0,   0.5
45031,   3.4,   6.5,  -0.2,-172.9, 112.3,1029.0,   2.1,   0.2
45055,   3.5,  -2.4,   0.6, 333.5,  26.6,1123.0,   2.1,  -0.2
45083,   2.2,   2.1,  -0.7,-172.4, 144.7, 896.5,   2.3,   0.3
45107,   0.6,  -9.1,   4.8,-216.1, -35.7,1503.4,   2.5,   1.4
45131,   1.0,  -5.5,   0.6, 257.3,-318.9,1224.8,   1.5,   0.4
45155,   3.7,   8.6,  -3.7,-498.1, -15.2, 868.2,   1.9,   0.5
45183,   1.6,  -6.4,  -1.2, -56.7, -54.7, 797.1,   2.4,   0.9
45207,   1.2,  -2.6,  -1.1, 230.2, -88.4,1064.0,   2.2,   0.4
45231,  -1.1,  -0.3,   0.1,-309.1,  16.6, 839.8,   2.3,   1.1
45255,   2.5,  -3.3,   1.3, 220.4,  15.6,1032.0,   2.1,   0.6
45283,   3.4,  -9.3,   0.0, 292.2, 202.8, 892.3,   2.6,   0.6
45311,   2.1,  -2.3,  -0.5, 206.3, -51.3,1001.9,   2.5,   0.4
45331,  -0.4,   9.1,  -0.1,-470.2, 135.2, 802.5,   2.7,   0.7
45355,  -4.0,   0.4,   2.9,-127.5, -30.1, 680.7,   3.2,   1.3
45383,   9.9,  14.0,   3.9,-316.7, 140.6, 316.9,   2.5,   1.2
45407,   3.9,   3.5,   5.4,-310.3,  -7.4, 879.6,   3.3,   2.5
45431,   4.1,  -7.5,   6.2, 300.5, 157.7,1094.7,   3.7,   2.3
45455,   2.7,   4.3,   2.7,-157.0, -30.6,1025.9,   3.4,   2.3
45483,   2.1,  -9.5,   7.1, 374.7, -10.8,1005.9,   3.5,   2.6
45507,   1.1,   2.2,   5.3, 534.9,  -0.3,1125.5,   3.2,   2.0
45531,   0.2,   5.0,   5.9,-554.5, 131.1,1031.2,   3.4,   2.7
45559,   2.2,   2.8,   5.8, -78.1, -91.1, 971.2,   3.4,   2.5
45583,   3.9,   1.5,   5.2,-282.7,  38.5, 811.8,   3.1,   2.3
45607,  -1.6,  -2.1,   6.3,-132.6, -44.5,1428.0,   3.2,   2.7
45631,   1.6,   0.8,   5.2, 175.5,  43.9, 940.9,   2.7,   2.1
45659,   1.9,   7.6,   2.7,  73.7,   5.3,1029.3,   2.6,   1.0
45683,   3.8,  -4.4,   5.0,  29.8, 251.2, 773.4,   3.3,   1.9
45707,   1.3,  -5.7,   6.7, 489.2,  39.5,1050.0,   2.6,   1.3
45731,  -0.6,  -2.9,   4.6,-109.1, 178.2, 956.3,   2.5,   1.8
45759,   2.1, -10.7,   6.4, 462.9, -96.5,1090.1,   2.3,   1.5
45783,   3.3,   5.0,   6.3,-361.1,   9.0,1116.0,   2.3,   1.7
45811,   4.4,  -2.4,   4.0,  34.9,  -1.5,1044.7,   2.3,   1.6
45831,   2.1,  -0.9,   4.2, 197.7, -42.5,1008.1,   2.0,   0.9
45859,  -1.2,   3.0,   2.6, -37.1,  68.8, 876.9,   2.6,   0.9
45883,   2.3,  -9.6,   7.6, 578.6,  56.4, 965.3,   1.9,   0.9
45907,  -0.7,  10.3,   3.6,-189.7, 135.0, 473.9,   2.3,   1.2
45931,   4.8,  -5.7,   3.1,  66.6,  45.1,1047.4,   2.2,   1.0
45959,   1.1,  -2.4,   1.8, 146.0,  93.7, 870.4,   3.0,   1.1
45983,   0.8,   2.1,   0.5,-389.7,-141.6,1013.7,   2.6,   0.9
46007,  -0.5,  -3.5,   0.7,-140.6, -37.1, 907.2,   2.4,   1.1
46031,   3.9,   5.0,  -1.1,-207.5, 161.6,1026.4,   2.5,   0.4
46059,   1.9,   0.0,  -2.4, 125.7, -49.8,1046.6,   2.7,   0.3
46083,  -0.6,   4.3,  -2.4,-144.5,  11.4,1095.7,   2.5,  -0.2
46107,  -4.7,  -3.6,  -0.6,   8.0, 221.6, 779.8,   2.9,   0.2
46133,  -7.1,  -1.3,  -3.0, 376.7, -20.3,1019.5,   2.8,  -0.6
46157,  -4.9,  -8.0,   2.6,-444.1,-134.3,1227.0,   2.3,   1.3
46181,  -2.4,  -2.1,  -2.8, 582.3,-269.6, 935.3,   2.6,  -0.9
46209,   2.6,   4.7,  -7.3,-347.7,  90.1,1411.9,   2.3,  -1.0
46233,  -0.2,   3.1,  -2.6,-115.5, 106.9, 869.6,   3.2,   0.0
46257,  -3.5,  -1.3,  -4.1, 180.2,-124.8, 935.1,   2.5,  -0.5
46281,  -5.9,   1.2,  -6.8,-166.3, -20.8, 943.4,   2.2,  -0.3
46309,  -4.2,  -0.5,  -4.6,-186.1, -69.4,1134.8,   2.0,  -0.1
46333,   0.0,  -0.9,  -7.4, -24.9,   7.5,1121.6,   1.9,  -0.9
46357,   0.3,   6.2,  -8.4,-225.1, -66.7,1077.1,   1.5,  -1.1
46381,  -1.7,  -0.2,  -6.8,  46.9,  60.8,1024.7,   1.4,  -1.2
46409,  -2.1,   4.5,  -8.5,  42.0,  26.6, 816.6,   1.5,  -1.7
46433,  -3.3,  -2.7,  -4.8,  87.4,  28.5, 979.0,   1.5,  -0.9
46457,  -5.1,   3.2,  -5.6, 227.3, -58.9,1151.1,   1.5,  -0.9
46481,   1.7,   1.0,  -6.0, 235.8,-102.6,1083.0,   0.4,  -1.0
46509,   1.6,  -3.0,  -4.9, -93.3,  14.6,1107.7,   0.8,  -0.3
46533,   0.9,   0.1,  -4.1,  86.2, -93.8,1133.5,   1.0,  -0.4
46557,   1.6,  -2.5,  -4.7,  74.7, 107.9, 793.0,   1.1,  -0.4
46585,  -1.7,  -1.2,  -4.3, 233.1, -97.7,1067.9,   1.1,  -0.7
46609,   4.4,   0.6,  -2.2,  56.6, 100.1, 994.1,   1.0,  -0.4
46633,  -0.7,   1.0,  -1.2,-152.1,-122.1,1012.4,   1.4,   0.0
46657,   3.3,  -2.4,  -0.3,  51.5,  72.0,1124.5,   1.2,  -0.1
46685,  -2.0,  -3.6,  -1.1, 137.4, 176.0, 927.2,   2.0,   0.4
46709,  -4.4,  -2.0,  -0.7, -57.4,-207.1,1338.4,   2.1,   0.5
46733,   0.6,   7.7,   1.3, -78.4,   0.2, 812.5,   1.1,   0.1
46757,   7.2,  -2.9,  -0.7, 218.7, 169.6,1128.9,   1.5,  -0.1
46785,   4.5,  -0.8,  -1.0, -27.4, 112.5, 879.4,   2.4,   0.7
46813,   2.3,   0.1,  -0.7, -39.3, 147.7,1113.0,   2.5,   0.8
46833,   1.1,  -0.4,  -0.1, -95.7, 118.4, 880.6,   2.7,   1.1
46857,   1.8,   0.3,   0.4, 147.0,-137.0,1061.5,   2.4,   0.5
46885,   3.9,  -4.5,   2.5,   7.1,  12.4, 994.9,   2.6,   1.0
46909,   3.9,  -1.2,   2.6, -61.5, 108.4, 974.1,   2.9,   0.7
46933,   3.8,  -2.2,   2.2,-166.5, 232.4, 727.5,   3.5,   0.9
46957,   3.8,  -7.4,   3.5, -19.5, 196.7,1013.9,   3.5,   1.2
46985,   2.3, -11.0,   6.2,  57.8,-274.0,1142.8,   3.1,   1.6
47009,   5.6,   9.1,  -0.7,-527.6, 184.5, 852.3,   3.1,   0.2
47033,   5.9,  -2.9,   1.3,-579.6, 204.8, 922.1,   3.8,   0.8
47057,  -1.1,  -5.4,   1.0, 364.5,  18.8,1019.5,   4.0,   0.1
47085,  -1.4,   7.1,   0.4,-451.7,  42.4, 976.1,   3.6,   0.5
47109,  -1.8,  -5.5,   2.9, 156.2, -39.8, 885.7,   3.3,   0.4
47133,   3.3,   3.9,   3.4, -75.5, 152.3, 897.7,   3.4,   0.3
47157,   0.7,  -2.3,   2.3,  79.3,  83.0, 859.1,   3.6,   0.6
47185,   3.6,   3.2,   0.9, -68.1,  78.8,1078.1,   3.0,   0.7
47209,  -0.5,  -8.0,  -0.1, 109.4, 142.8, 803.7,   3.3,   0.8
47233,  -2.9,  -1.7,  -0.8, -71.8,-342.3,1841.8,   3.3,   0.5
47257,   5.4,  12.3,   1.5,-393.3,  85.2, 682.9,   3.2,   1.2
47285,   3.0,  -1.5,  -0.9, 619.1, 143.0,1116.9,   3.5,   0.1
47313,  -3.3,  -4.4,   1.5, 181.4, -16.1, 928.9,   3.3,  -0.2
47333,  -2.0,  -2.9,   2.5,  43.2,  63.9, 985.8,   3.2,   0.2
47357,  -2.4,  -3.2,   1.3,  94.2, -29.3,1090.3,   2.8,   0.0
47385,  -1.7,  -4.3,   1.2, 238.8,  29.8, 879.9,   2.7,  -0.2
47409,   1.9,   1.0,   1.2,-166.8,  38.3, 974.4,   2.7,  -0.1
47433,   2.5,  -3.3,   3.4,-108.7, 136.0, 841.5,   2.9,   0.2
47457,   0.8,  -0.1,   2.8,  85.4, -72.5, 957.8,   2.7,  -0.3
47485,  -3.3,   5.3,   0.4,-124.3,   2.4,1287.6,   3.0,  -0.1
47509,   9.1,  11.0,   1.2,-313.2, 314.4, 377.7,   2.8,   0.2
47533,   4.2,  -5.9,   2.3, 558.6, 111.0, 974.4,   3.0,   0.2
47561,   2.8,  -4.2,   0.9, 113.8, 254.8,1174.6,   3.9,   0.7
47585,  -0.9,   2.0,   1.0,-367.2,  62.0, 955.8,   3.7,   1.4
47609,  -0.9,  -5.4,   1.0, 160.9,  87.4,1062.2,   3.4,   0.9
47633,  -3.5,  -6.0,   2.9, 288.1,  58.3, 816.4,   3.2,   0.6
47661,   3.6,   4.6,   0.1,-278.3, 179.9,1012.0,   3.1,   0.4
47685,   1.8,  -5.0,  -0.5,  -7.6,  50.7, 967.0,   3.3,   1.0
47709,   0.5,  -5.7,  -0.6, 357.9, -50.1, 961.4,   2.8,   0.3
47733,  -3.0,  -0.3,  -1.6, 224.1,  63.9,1235.6,   3.2,   0.1
47759,   6.0,  -0.9,   2.6,-175.3,  73.5, 298.6,   2.9,   1.0
47783,   3.6,   2.9,  -4.0, 181.6,-149.4, 772.2,   2.4,  -0.8
47811,   0.8,   0.6,  -0.7,-127.5, 141.1, 757.1,   2.5,  -0.6
47835,   2.8,  -3.1,  -1.0, -12.0, -81.3, 954.3,   2.6,  -0.8
47859,  -1.6,   1.8,  -1.4,-170.4,  42.0, 964.3,   2.3,  -0.7
47883,   0.8,   0.7,  -2.6,  53.7,   1.2, 967.8,   2.0,  -1.0
47911,  -0.0,  -8.5,   0.7,  43.0, 120.3, 910.6,   2.3,  -0.3
47935,   2.0,  -2.7,  -1.6, -98.6, -53.0,1117.2,   1.7,  -0.5
47959,  -0.4,   3.4,  -2.4,-166.5, 135.7, 958.2,   1.5,  -0.6
47983,  -3.2,  -0.6,  -3.8, 228.7, 103.2, 926.5,   2.2,  -1.4
48011,  -4.7,  17.2,  -2.4,-806.7,-154.6,1366.7,   2.2,  -1.0
48035,  -0.8,   6.2,   0.1,-348.2,  32.9,1042.0,   2.3,  -1.3
48059,   2.2,   3.4,  -2.9, 266.8, -82.6,1264.2,   1.9,  -2.1
48083,   3.0,   0.9,  -1.0,-286.9, 142.1, 611.3,   2.2,   0.1
48111,  -0.1, -13.5,   0.0, 591.0, -96.5, 880.1,   1.9,  -0.8
48135,  -1.1,  -0.4,  -0.6, -35.4,-136.5,1011.2,   1.7,  -0.4
48159,  -0.2,   7.8,  -2.2,-650.9,  46.6,1006.8,   1.7,  -0.4
48183,   1.2,  -2.9,  -2.1, 147.4,  49.5,1110.6,   1.9,  -0.7
48211,   1.8,   1.5,  -4.4, 128.9,   7.8,1006.1,   1.5,  -1.2
48235,  -1.9,  -0.8,  -2.3, -68.6, 183.8, 805.4,   2.0,  -0.4
48259,   2.0, -15.9,   3.0,  96.9,-365.3,1611.3,   1.2,  -0.1
48283,   7.9,   1.9,  -1.3,-174.1, -18.6,1010.2,   1.0,  -1.4
48311,   4.1,  -1.3,  -2.7,-572.3,  96.4, 942.1,   1.1,  -0.9
48335,   1.4,  -3.2,  -1.5,  91.8,   1.4, 991.2,   1.4,  -1.2
48359,  -3.4,   4.2,  -2.9, -40.8,-127.2,1046.9,   1.1,  -1.5
48383,   2.2,   1.0,   0.6, 271.2,  83.9, 908.7,   0.9,  -1.3
48411,   1.6,  -4.0,  -0.2, 310.3,  63.9,1056.6,   1.2,  -1.4
48435,   0.6,   1.8,   1.0,-136.0,   1.7, 942.4,   1.3,  -0.7
48459,   2.9,  -1.3,  -0.3,   0.7, 103.2, 993.2,   1.5,  -0.7
48483,   4.0,  -4.8,  -1.0, 182.4,  28.8, 959.5,   1.4,  -0.5
48511,   0.8,  -3.2,  -2.1,  53.7,  85.9, 827.1,   1.9,  -0.7
48535,  -5.0,  -1.8,  -1.2,  69.8,  97.6, 936.8,   2.4,  -0.4
48559,   3.3,  -7.1,   0.6, 371.8,   9.7, 699.7,   1.6,  -1.0
48587,   3.0,  -1.8,  -1.7, 265.9,  30.0, 962.2,   2.0,  -1.1
48611,   3.6,   0.2,   0.5, -49.1, 226.5, 951.2,   2.6,  -0.4
48635,   2.6,  -0.5,   0.9,-176.8,  73.2,1013.2,   2.6,  -0.5
48659,  -1.7,   1.2,   1.5,-133.1, 159.9, 939.2,   2.7,  -0.3
48687,   0.1,  -2.1,   1.9, 249.7, 116.2, 893.8,   2.6,  -0.6
48711,   1.6,  -4.4,   3.9,  17.3,  18.8, 991.2,   2.5,  -0.0
48735,  -0.7,  -5.9,   5.6, -61.1, -54.2,1098.4,   2.8,   0.1
48759,  -0.4,  -3.8,   5.6,  49.5,  25.8,1011.5,   2.5,   0.0
48787,  -0.2,  -1.6,   4.5, -30.8, 164.3,1001.9,   2.2,  -0.0
48815,  -5.5,  -1.6,   3.7,   6.1, 180.9, 929.2,   2.2,  -0.0
48835,  -6.1,   2.4,   1.7, 459.7,-398.0,1913.6,   1.9,  -0.9
48859,   5.3,   2.5,   6.7, 268.3, 194.1, 689.4,   0.9,  -1.1
48887,   3.7,  -6.1,   3.4, 466.0,  87.1, 913.3,   1.7,  -0.9
48911,  -0.3,  -1.6,   4.0,-252.9, -93.3, 975.3,   1.9,   0.7
48935,  -1.6,  -1.6,   2.8, -68.1,  16.1, 997.8,   1.8,   0.5
48959,   0.6,   0.0,   2.0,-207.3,  -8.6,1042.5,   1.4,   0.4
48987,   0.9,  -1.2,   2.0,  75.4,  48.8, 952.4,   1.5,   0.0
49011,   3.3,  -1.8,   2.8, -42.3,  70.5,1060.5,   1.3,  -0.0
49035,   1.9,   0.3,   2.3, -75.7,  99.8, 904.0,   1.6,   0.2
49059,   1.9,  -0.4,   1.2,  44.7,  84.4,1112.5,   1.5,   0.2
49087,   0.1,  -2.7,   1.6, -23.0,  22.4,1153.6,   1.5,   0.3
49111,  -0.2,   2.5,   1.3,  67.6,  75.9, 891.1,   1.7,   0.0
49135,  -3.3,   0.3,  -0.5,-168.0, 214.3,1014.6,   2.4,   0.3
49159,   3.5,  -3.5,   2.3, 393.5, 176.5, 808.1,   1.8,   0.3
49187,   2.6,  -6.3,  -1.0, 595.0,  26.6,1093.7,   2.1,  -0.5
49211,  -0.9,  -1.0,   1.4, -37.4, 137.4,1100.3,   2.6,   0.4
49235,  -2.4,   7.8,  -1.5,-488.8,  27.6,1057.9,   2.8,  -0.1
49259,  -3.9,  -3.3,   0.9,-167.0,   2.4, 977.3,   2.6,   0.2
49287,  -2.7,   3.5,  -0.6, -50.1,  31.9, 846.4,   2.6,  -0.3
49315,   0.2,  -2.4,  -0.7, 175.5,  41.5, 932.6,   2.6,  -0.6
49335,   0.0,  -2.7,  -0.5, 229.0,  82.7, 958.2,   2.7,  -0.7
49359,  -0.9,   1.2,  -0.7, -79.6,  55.6,1190.2,   2.9,  -0.5
49385,  -1.5,   1.1,  -0.4, -56.2, 158.7, 888.2,   3.0,  -0.5
49409,  -0.8,  -1.2,   2.3, -83.0, -91.8, 982.2,   2.4,  -0.2
49437,  -1.6,   0.1,   0.4,  -0.7, 118.4, 995.6,   2.8,  -0.7
49461,  -6.7,   3.3,  -0.7, -92.5,  94.9, 897.5,   3.3,  -0.5
49485,  -4.6,  -7.8,   4.8, 392.3,-106.2,1259.3,   2.7,   0.1
49509,  -2.7,   6.6,   0.6, 256.1, -95.5, 937.0,   2.5,  -0.3
49537,  -2.0,   1.2,  -0.1,-328.6, -42.8,1120.4,   2.5,   0.3
49561,  -2.0,  -3.0,   0.5,  10.0, -31.5, 985.1,   2.4,   0.4
49585,  -1.1,   2.8,  -1.8, 136.0, -75.0,1054.9,   2.0,   0.2
49613,  -3.1,  -5.4,  -0.7, 190.9, -62.0,1220.9,   2.1,   0.5
49637,  -2.0,   3.6,  -0.9,   6.3,  32.9, 901.1,   2.0,   0.5
49661,  -1.1,   2.4,  -0.4, 102.8, -35.2, 926.8,   1.8,   0.2
49685,  -0.3,   4.4,   0.2,-259.5,  46.8,1022.9,   1.8,   0.5
49713,   0.8,  -1.3,   2.0,-109.1,  74.2, 999.7,   2.1,   0.7
49737,   1.1,   0.9,   2.1,   2.2, -88.9,1111.1,   1.9,   0.5
49761,   1.0,   5.1,   1.7, -56.4, 128.9, 973.4,   2.2,   0.3
49785,  -1.4,  -0.2,   3.5,-139.9,-384.6,1615.5,   1.9,   0.9
49813,   2.8,   2.8,   3.0,  26.4,-105.7,1014.6,   1.8,   1.0
49837,   4.1,  11.1,  -1.5,-171.2, 153.3, 877.4,   1.8,  -0.0
49861,   3.0,  -6.1,   4.8, -68.6,  73.2,1147.0,   2.4,   1.6
49885,   1.2,  -1.4,   3.0, 133.0, -12.2, 958.5,   2.4,   0.8
49913,   0.2,   2.1,   2.3,-191.4,  -6.9,1117.4,   2.2,   1.2
49937,   0.7,  -1.0,   2.9,  37.8,  88.3, 919.4,   2.3,   0.8
49961,  -0.9,   1.0,   2.5, -79.4, -20.8, 976.1,   2.5,   0.7
49985,   3.2,  -1.4,   2.7, 304.4, 201.9, 846.9,   2.3,   0.3
50013,   4.4,  -4.4,   4.5, 226.5, 105.2, 770.5,   2.5,   0.7
50037,   5.6,  -6.2,   4.8, -54.9, -10.0,1074.0,   2.6,   1.1
50061,   3.8,  -0.1,   3.1,-102.3, 123.3,1001.7,   2.9,   0.6
50085,   0.3,   5.3,   0.6,-272.5,  27.1,1031.5,   3.3,   0.0
50113,   8.3,  -4.4,   6.3, 352.5, 225.8, 766.4,   2.8,   0.3
50137,   3.8,   8.8,   2.4,-442.6, -32.0,1026.4,   2.9,  -0.2
50161,   6.6,  -3.4,   5.8, -32.0, 274.6,1105.7,   3.3,   0.5
50185,   1.5,   2.6,   3.7,  63.7, -48.9, 871.8,   3.8,  -0.0
50213,   2.6,   5.9,   2.4,-403.3, 180.6,1053.5,   3.4,   0.6
50237,  -0.1,  -6.9,   4.8, 353.3, -88.4,1127.4,   3.0,   0.5
50261,   1.0,   1.2,   3.3, 106.9,-109.7,1363.0,   3.0,   0.2
50285,   2.3,   5.3,   1.2,-253.9, 104.5, 835.7,   3.4,   0.8
50313,   1.6,  -2.2,  -0.7,  80.3,  59.3,1055.4,   3.5,   0.6
50337,   0.1,  -2.9,  -2.6, 228.0,  38.1,1100.3,   3.1,   0.3
50361,  -1.1,   0.9,  -3.5,-168.0, 160.6, 985.6,   3.3,   0.4
50385,  -3.9,  -5.2,  -3.7, 205.8,  -4.4, 973.1,   3.5,  -0.1
50413,   1.4,   5.6,  -1.6,-293.7, 315.4, 544.4,   3.4,   0.2
50437,   0.2, -16.8,  -2.2,1250.7, -15.9,1043.2,   3.6,  -0.6
50461,  -2.4,   5.9,  -2.6,-296.2, 215.3, 948.7,   3.5,   0.2
50485,  -2.4,  -6.2,   1.8, -43.0,  27.1,1082.3,   3.4,   0.6
50513,  -3.9,  -3.2,   1.9, -72.0, -82.1,1022.5,   3.1,   0.4
50537,  -6.1,   4.0,  -2.7,  22.9, -23.0,1310.8,   3.1,  -0.3
50561,  -1.2,  -0.4,   0.2,-130.1, -21.8, 914.3,   2.4,   0.5
50585,  -0.9,   5.0,   0.5,-167.7, -59.6, 825.2,   2.0,  -0.0
50613,   0.9,  -3.8,   1.6,  -5.1, 178.7,1018.5,   2.2,   0.5
50637,  -1.8,   2.4,  -0.5,-234.6,  41.5, 862.3,   2.2,   0.6
50661,  -4.3,   0.3,  -2.3,  -7.6, -50.3,1013.9,   1.8,   0.2
50689,  -6.7,   2.2,  -3.0,  -0.3,  81.0, 990.5,   1.8,  -0.4
50713,  -2.5,  -6.9,   0.7, 210.4,  62.2, 929.2,   1.2,   0.1
50737,  -1.3,  -2.7,  -1.9, -14.2,  66.9, 826.2,   1.4,   0.4
50761,  -2.2,  -0.8,  -4.3, -35.4,  33.2,1006.8,   1.0,  -0.3
50789,  -4.4,  -0.2,  -3.6, -87.2,   4.8,1045.2,   1.2,   0.0
50817,  -3.0,   0.4,  -2.6,-105.5,  44.9,1071.8,   1.1,   0.1
50837,  -2.9,   1.0,  -4.4,-124.3,  19.3, 980.5,   1.0,  -0.1
50861,  -3.2,  -3.0,  -3.4, 163.6, -21.5, 950.4,   1.1,   0.0
50889,  -3.5,  -2.9,  -4.1, -63.5,  11.7,1003.2,   1.0,   0.0
50913,  -4.7,  -7.4,  -2.4, 181.1, -35.4,1053.9,   0.8,   0.0
50937,  -4.2,  -0.5,  -4.5,  39.0,  59.8,1032.7,   0.9,  -0.4
50961,  -3.2,   0.4,  -4.3, 153.5,  43.9, 966.3,   1.0,  -0.5
50989,  -3.9,   0.5,  -5.1, -37.1,-127.7,1000.2,   0.7,  -0.5
51011,  -4.9,  -0.2,  -4.3, 312.7,  59.0, 993.9,   1.0,  -0.9
51039,  -5.4,   0.3,  -3.5, -23.0, 175.7, 876.9,   1.1,  -0.5
51063,  -4.3,  -5.5,   0.2,  77.4,-110.4,1114.5,   0.8,   0.1
51087,  -0.6,   3.7,  -1.6,  -2.0,  14.1, 945.3,   0.4,  -0.8
51111,   1.1,  -0.6,   0.1,-188.7, 161.1, 953.1,   0.8,   0.0
51139,  -0.5,   1.1,  -1.7,-175.6, -45.7,1001.7,   1.0,  -0.2
51163,  -4.4,   2.3,  -2.1,-116.2,  48.3, 965.3,   0.9,   0.2
51187,  -5.9,  -1.4,  -1.6,  54.9, -29.3, 944.1,   0.8,   0.1
51211,  -4.1,   2.0,  -2.4, -40.1,  -8.8, 892.3,   0.5,   0.1
51239,  -2.1,   1.8,  -2.7,-228.0, -20.1,1065.4,   0.4,   0.1
51263,  -2.5,   0.5,  -3.2,-191.4,  36.3, 867.9,   0.3,   0.3
51287,  -1.3,   0.5,  -5.1, -88.9, -43.0,1006.3,   0.4,  -0.1
51315,  -1.6,  -3.2,  -4.1,  44.4,   8.5,1027.1,   0.3,  -0.2
51339,  -3.1,   1.0,  -5.7, -57.6,  71.0, 789.5,   0.5,  -0.5
51363,  -7.8,  -0.1,  -6.6,   3.6, 123.5, 874.0,   1.0,  -0.5
51387,   2.3,  -3.8,  -1.5, 320.5,  19.7, 789.8,  -0.1,  -0.6
51411,  -0.6,  -0.2,  -4.3,-136.5,  83.9, 960.7,   0.3,  -0.7
51439,   0.9,   1.6,  -2.3,-168.2, 122.3,1085.7,   0.7,  -0.4
51463,  -1.1,  -2.9,  -3.2, -21.5,  17.1, 845.5,   0.8,  -0.4
51487,  -0.5,  -3.2,  -1.2,-134.8,  26.6, 936.5,   0.5,  -0.1
51511,  -2.0,  -2.4,  -0.9, -56.9,  28.0,1032.7,   0.5,  -0.3
51539,   0.1,   2.6,  -2.3,-351.6, -54.2,1011.2,   0.4,  -0.1
51563,   1.1,   1.7,  -2.2,  79.6, -66.7, 904.8,   0.3,  -0.9
51587,   3.0,   0.1,   0.9,  43.0,  11.4,1045.2,   0.5,  -0.5
51615,   1.7,   1.3,  -1.8,  87.4,  73.2, 867.9,   1.0,  -0.8
51639,  -3.8,   1.8,  -1.1,-163.6,-204.6,1952.9,   1.1,  -0.1
51663,   9.5, -18.1,   7.5, 867.2, 230.2, 691.6,  -0.1,  -0.5
51687,   4.1,  -8.6,  -3.8, 664.0, -36.2, 938.5,   0.6,  -1.8
51715,   0.4,  -8.8,   1.7,  87.6,  79.8, 891.8,   1.9,   0.0
51739,  -3.3,   1.2,  -0.5, -57.1, -11.8,1009.8,   2.0,  -0.9
51763,  -1.0,  -6.8,   1.0,  12.7,-141.1,1137.0,   1.3,  -0.5
51787,  -0.9,   3.7,   0.2,-292.5, -10.8, 910.6,   1.2,  -0.6
51815,   2.5,  -1.0,   1.4, 125.5,  67.1, 871.3,   1.4,  -0.7
51839,   3.9,  -0.1,   0.9, 214.8,  24.1,1146.7,   1.3,  -1.1
51863,   0.8,  -1.3,   1.5,  69.6, -33.0, 930.2,   1.5,  -0.6
51887,   1.0,   2.6,   1.3,-279.3, -59.8, 986.1,   1.4,  -0.3
51915,  -3.8,  -2.3,   0.6,-210.7,  17.5,1384.3,   1.9,   0.0
51939,   5.5,  -1.2,   1.9,  55.4,  85.4, 582.3,   1.0,  -0.5
51963,   3.4,  -7.1,  -3.0, 527.8, 148.2, 956.8,   1.5,  -1.1
51987,   0.5,  -4.2,  -0.4, 163.1,  81.0,1053.5,   1.6,  -0.7
52015,  -2.7,  -1.8,  -0.8,-121.8,  -5.9, 975.8,   1.2,  -0.4
52039,  -0.9,  -7.1,   1.2, 187.5, -41.5, 950.9,   0.7,  -0.6
52063,  -2.7,   5.7,  -1.6,-190.0,-228.8,1128.9,   0.6,  -0.6
52087,  -1.4,   6.0,  -1.6,-441.4, 165.5, 983.1,   0.6,  -0.2
52115,  -2.9,  -2.7,  -1.7, 107.9,-142.1, 986.6,   0.1,  -0.5
52139,  -3.3,   3.1,  -3.4,  35.6,   5.3, 902.8,  -0.4,  -0.4
52163,  -2.1,  -3.5,  -1.8,  85.4,  25.6, 937.0,  -0.7,  -0.3
52187,  -7.0,  -2.3,  -2.5, 179.7,   2.9, 940.7,  -0.3,  -0.8
52215,  -4.1,   1.6,  -0.1,-364.3,-506.4,1567.1,  -1.1,  -0.7
52239,   0.7,   0.4,   2.7,-358.4, 238.2, 713.6,  -0.8,   0.0
52263,  -0.6,  -7.4,   3.5, 354.0,-300.8,1140.9,  -0.8,   0.1
52287,   3.1,   1.1,   2.5, 318.6, 135.7,1096.2,  -0.9,   0.2
52315,  -1.4,  -1.8,   3.7,-282.7, -22.0, 918.7,  -1.0,   0.5
52339,  -0.5,  -3.2,   4.0,  13.9, -22.7,1073.7,  -1.5,   0.3
52363,  -0.3,   1.7,   2.2, 243.9, -69.9,1048.3,  -1.6,  -0.4
52387,   1.1,   4.7,   2.2, -42.0, -15.7,1050.3,  -1.6,  -0.3
52415,   0.3,  -0.1,   4.3, 137.7, -63.3,1079.1,  -1.8,  -0.2
52439,   1.4,   3.8,   4.4, -77.9, 119.6, 827.4,  -1.9,   0.1
52463,  -1.2,  -3.2,   3.1,  58.3,  31.5,1105.2,  -1.6,   0.5
52487,  -4.7,   8.3,   2.0,-257.3,-379.7,1332.8,  -1.9,   0.4
52515,   3.1,  -0.7,   4.4,  23.4, 274.9, 926.0,  -2.2,   0.6
52539,  -0.3,  -6.3,   3.5, 429.9,-129.7,1186.5,  -2.1,   0.2
52563,  -1.7,   5.7,   0.6, -56.7, -97.9, 689.9,  -2.0,   0.2
52587,   0.5,  -5.3,   2.8, -52.3, -26.4, 953.9,  -2.1,   0.9
52615,   0.2,   4.0,   1.0,  17.8, -86.5,1101.1,  -2.0,   0.3
52641,   4.4,   2.9,   0.9,-118.4, -52.5,1043.9,  -2.1,   0.2
52665,   4.0,   6.0,   0.1,-382.8, -56.4, 750.2,  -2.0,   0.4
52689,   4.4,  -9.0,   3.8,  -3.7,  82.7,1022.5,  -1.7,   0.8
52713,   4.1,  -1.3,   1.3, 199.2,  57.3,1144.3,  -1.4,   0.3
52741,   4.3,   1.5,  -1.1,  29.8,  80.8,1028.1,  -1.4,   0.4
52765,  -1.6, -10.5,   1.1, 409.7, -14.9,1044.2,  -1.0,   0.8
52789,  -1.5,  -3.8,   2.3,-170.2, -34.9, 808.6,  -1.5,   1.0
52817,   3.9,   7.6,  -0.3,-340.3,  13.6,1127.4,  -1.4,   1.5
52841,   1.9,   0.1,   0.7,-663.3, -49.1, 839.8,  -1.0,   2.0
52865,  -0.0,  -2.1,  -1.9, 199.7,-143.3, 990.5,  -1.1,   1.1
52889,  -2.3,   3.7,  -1.1,-121.4, -98.7,1124.0,  -1.0,   1.2
52913,   1.4,   5.3,  -1.8,-198.0, -79.4, 912.1,  -1.2,   0.9
52941,   2.3,  -6.8,  -0.5, 506.8,-110.1,1260.5,  -0.8,   0.9
52965,   3.0,  -1.0,  -2.1, 269.3,  84.9, 675.8,  -0.9,   0.4
52989,   1.9,   0.3,  -1.4,-190.7, -28.6, 771.0,  -1.0,   1.4
53013,   1.9,   0.6,  -1.5,-311.8, 128.1,1142.1,  -0.6,   1.0
53041,  -3.3,   0.2,  -1.9,   6.3,-343.1,1756.1,  -0.7,   0.8
53065,   6.2,   9.6,  -1.6, -99.4, 357.4, 495.8,  -0.9,   0.2
53089,   5.4, -11.2,   0.4, 458.2,-182.4, 960.0,  -0.5,   0.5
53113,   3.3,   7.6,  -0.7,-301.0, 238.0,1085.2,  -0.1,   0.6
53141,   2.6,   1.7,  -0.8,-239.0,  89.3,1147.0,  -0.1,   0.7
53165,   0.4,  -3.1,   0.9,  -3.7, -31.5, 892.6,  -0.4,   0.7
53189,   0.3,   3.3,  -0.9,  76.2,  94.0,1099.6,  -0.4,   0.2
53213,   1.7,   2.3,  -0.5,-243.2,-114.5,1241.7,  -0.7,   0.8
53241,   0.3,   4.9,  -0.8,-243.9, -80.4, 996.1,  -0.6,   0.5
53265,  -0.6,   0.1,  -1.0, 257.8, -20.8, 936.5,  -0.9,   0.2
53289,   0.1,  -2.3,   0.1, 263.7, -47.9, 853.8,  -1.0,   0.2
53317,  -2.0,  -5.2,  -0.1, 329.3,-107.9, 942.6,  -1.2,  -0.3
53341,   4.7,  -0.4,   0.6,  24.6,  22.7, 998.8,  -1.8,  -0.4
53365,   3.4,  -3.7,   0.6, -32.7, -76.5, 962.9,  -1.7,   0.1
53389,   2.7,   1.6,  -0.7,-103.8, -38.1, 878.9,  -1.6,  -0.1
53413,   2.7,  -3.4,  -0.5,  55.6,  14.1,1001.0,  -1.4,  -0.0
53441,  -1.1,  -3.5,   0.0, 128.4,  49.3,1084.0,  -1.2,   0.1
53465,  -0.1,  -2.3,   0.4, 116.9, -42.8,1017.1,  -1.4,  -0.1
53489,  -0.0,   3.2,   0.2, -97.2,-155.3, 968.7,  -1.6,   0.1
53513,   0.1,   1.7,  -0.4,-230.7, -23.7,1096.4,  -1.4,   0.1
53541,   1.7,  -3.2,   1.0, 333.0,  22.9,1013.2,  -1.4,  -0.3
53565,  -0.5,   1.8,  -0.2,  47.6, -58.6,1007.1,  -1.5,  -0.1
53589,  -2.8,   9.5,  -2.4,-181.2, -65.5,1036.1,  -1.3,  -0.1
53613,  -3.3,  -1.5,   0.2,-116.7, -36.9, 868.9,  -1.1,   0.3
53641,  -5.0,   0.1,  -0.2, 202.4, -20.5,1052.7,  -1.5,  -0.4
53665,   0.7,  -2.9,   0.5, 128.6,  33.2, 908.2,  -1.6,  -0.0
53689,  -1.7,   0.8,   0.4,-242.7, -65.2, 911.4,  -1.7,   0.2
53717,  -0.2,   0.6,  -0.7, -58.1, -27.4,1010.2,  -1.7,   0.1
53741,  -1.8,  -2.8,  -1.0,  37.1,   5.8,1037.3,  -1.6,   0.4
53765,  -4.6,  -1.5,  -0.8, 209.5, -69.6, 782.2,  -1.7,  -0.2
53789,  -7.1,  -6.9,   1.2, 211.7,-222.7,1045.9,  -2.1,   0.3
53817,   2.4,   6.6,  -2.5,-239.3, 221.2, 990.0,  -1.8,   0.7
53841,  -1.1,   0.4,  -1.8, -82.8,-173.1,1065.4,  -1.7,   1.0
53865,  -1.3,  -2.7,  -2.2, 290.0, -22.3,1078.4,  -1.8,   0.6
53889,  -2.8,   5.3,  -3.5,-194.4, -31.0, 809.3,  -1.9,   0.8
53917,  -3.1,   1.0,  -3.2,-135.3, -29.1,1126.2,  -1.8,   0.9
53941,   4.2,  -7.5,   0.8,  72.0,-163.4, 770.3,  -2.9,   1.2
53965,   5.7,  -3.0,  -3.5, 249.5, 117.6, 966.5,  -2.8,  -0.1
53989,   1.2,  -1.5,  -5.2,-120.1, 175.0, 916.7,  -1.9,   0.3
54017,  -4.1,   0.6,  -3.0,-212.4,  -6.6,1013.7,  -1.7,   0.4
54041,  -1.7,  -5.0,  -3.6, 113.5,  35.4,1026.4,  -2.1,   0.1
54065,   0.7,  -2.2,  -4.3, 192.9, -90.6, 999.3,  -2.4,  -0.2
54089,  -2.4,   3.3,  -5.0, -64.5,-186.3,1148.4,  -2.4,  -0.1
54117,   2.3,   0.7,  -3.8, -53.0, -12.5, 974.6,  -2.3,  -0.1
54141,   1.4,   1.3,  -5.2,-108.4,  88.8, 908.7,  -2.0,  -0.1
54165,  -1.8,  -1.2,  -3.5,  94.0,-144.1,1021.0,  -2.1,  -0.2
54189,  -0.5,   4.8,  -3.6, -84.2,  24.9,1047.4,  -1.9,  -0.5
54217,   3.0,   2.1,  -1.6,-177.0,-137.5,1110.3,  -2.0,  -0.0
54241,   2.8,   2.3,  -2.7,-142.1,  57.8, 963.6,  -1.5,   0.2
54267,  -2.7,  -3.0,  -4.0, 491.2,  80.0,1003.7,  -1.1,  -0.7
54291,  -1.7,   8.9,  -4.1,-463.6, -21.8,1332.0,  -1.4,   0.1
54319,   3.2,  -6.3,  -1.5, 412.3, -41.3,1114.7,  -1.3,  -0.4
54339,   1.2,   0.1,  -4.8, 209.2, -50.1, 975.8,  -1.4,  -1.2
54367,  -0.3,  -3.5,  -3.9, -67.6,-232.7,1023.7,  -1.4,   0.2
54391,   1.1,  -0.1,  -5.6, -35.9, -42.5,1049.6,  -1.0,  -0.4
54415,   1.1,  -4.3,  -5.3, -75.5,  -3.7, 882.6,  -1.0,  -0.2
54439,  -0.3,   1.5,  -6.2, -91.8, -14.0, 976.1,  -0.8,  -0.5
54467,   2.3,  -3.8,  -6.0, 119.6,  31.2,1091.1,  -0.4,  -0.5
54491,  -0.2,   5.6,  -7.1,-335.7,  73.9,1055.2,  -0.0,  -0.3
54515,   0.6,  -6.5,  -6.1,  -8.6, -81.8,1026.8,  -0.5,  -0.2
54539,  -2.0,  -2.2,  -6.4,  69.8,  -2.0, 911.4,  -0.5,  -0.3
54567,  -4.6,  -3.8,  -7.9,  67.6, -28.4,1036.1,  -0.3,  -0.2
54591,  -5.3,  -5.6,  -9.1, 785.6,   9.2,1137.7,  -0.4,  -1.0
54615,  -1.3,   7.3,  -8.2,-564.0,-213.4,1093.5,  -1.2,  -0.5
54639,   3.1, -10.4,  -1.0, 312.2, 106.4, 823.0,  -1.3,  -0.1
54667,   3.8,  -2.3,  -4.7, 164.0, 120.8, 891.4,  -0.8,  -1.0
54691,  -0.2,  -2.0,  -4.1,-127.0, 118.9, 986.8,  -0.3,   0.1
54715,  -0.2,   1.3,  -2.9, -77.2,  25.6, 919.4,  -0.3,  -0.2
54743,  -0.5,  -3.2,   0.5, 233.9,  -0.5,1145.7,  -0.5,  -0.3
54767,   0.6,   4.8,  -0.6,-132.1, -80.8,1161.4,  -0.5,  -0.1
54791,   2.1,  -0.5,  -0.1, -91.1,  48.8, 869.1,  -0.3,   0.2
54819,  -0.1,  -4.8,   1.2, 302.7, -34.2,1100.8,  -0.3,  -0.2
54843,   0.5,   5.3,   3.1,  18.8,  -7.6,1151.6,  -0.3,   0.2
54867,   0.3,   4.3,   3.7,-207.0,  -6.1, 966.1,  -0.1,   0.6
54891,  -0.5,  -2.2,   5.2,-222.7,  28.0,1011.5,  -0.2,   1.6
54915,  -0.8,   1.7,   3.8, 176.5,-142.9, 877.7,  -0.8,   0.3
54943,  -3.0,   3.5,   3.2,-254.2,  18.8,1312.2,  -0.0,   0.7
54967,   2.9,   1.0,   6.4, 263.7, 153.8, 755.6,  -0.2,   0.3
54991,   0.6,  -3.1,   6.9,   5.4,  59.8, 944.3,  -0.5,   0.7
55015,  -0.3,  -3.0,   7.5, -72.5, -78.6,1131.8,  -0.5,   1.1
55043,  -0.3,   4.3,   6.6,-176.0,  32.7,1102.8,  -0.4,   0.7
55067,   1.3,   1.1,   6.8, -57.9,-177.0,1225.8,  -0.6,   0.8
55091,   2.3,  -0.1,   7.1,  -4.4, -39.6, 977.3,  -0.7,   1.1
55115,   1.9,   0.0,   7.8, -31.0, -83.5,1057.4,  -0.8,   1.3
55143,   4.0,  -1.9,   7.5,-109.9,  81.0,1204.1,  -0.6,   1.4
55167,   3.5,  -5.2,   6.2, 186.5,  64.4,1004.6,  -0.7,   0.9
55191,   2.5,  -0.4,   6.0,-134.8, -46.4, 978.5,  -0.8,   1.5
55215,   0.2,  -2.4,   6.4,  70.3,  18.5, 991.0,  -0.6,   1.3
55243,   2.0,   4.8,   6.8,-179.7, -45.9,1020.5,  -0.8,   0.6
55267,   5.0,  -1.0,   8.4,  14.9, -55.5,1009.3,  -0.7,   0.8
55291,   4.1,   2.1,  11.1,-268.3,-137.0, 935.8,  -0.5,   1.5
55319,   1.3,  -0.2,  10.6, -24.9,  -9.3, 986.1,  -0.5,   1.6
55343,   3.6,  -0.2,   9.6, -21.3,  36.3, 931.9,  -0.1,   1.4
55367,  -1.6,   2.6,  10.4,  23.4,  13.4, 943.4,  -0.1,   1.3
55391,  -2.1,   1.5,   9.8,  44.9,-103.3,1007.3,  -0.3,   1.2
55415,   1.5,  -0.4,  11.4, 106.4,-185.6,1131.6,  -0.8,   1.2
55443,   3.8,  -4.6,  12.2,  83.0,  10.0,1000.2,  -1.0,   1.5
55467,   5.9,   7.4,  10.4,-263.9,   2.2,1178.2,  -0.9,   1.4
55491,   3.9,   9.1,  10.3,-450.0, -57.4,1125.7,  -0.7,   1.5
55515,   3.4,   0.4,  11.1, 180.4,   1.9, 832.3,  -0.7,   1.2
55543,  -0.2,   4.8,   7.2, -20.5, 195.5, 701.9,  -0.2,   1.2
55567,   4.3, -15.3,  12.8, 583.7,   1.4, 702.6,  -1.0,   1.4
55591,   2.5,   5.9,   4.6,-336.4,   1.4, 792.0,  -0.9,   0.3
55615,   3.9,  -4.4,   6.4, -11.7, 167.2,1215.3,  -0.5,   0.7
55643,  -0.4,   4.2,   2.6,-237.3, -11.5, 839.1,  -0.4,   0.5
55667,  -2.6,  -5.9,   5.3, 220.7, -95.7,1168.5,  -1.0,   0.5
55691,   0.4,   7.6,   2.6,-394.5,   1.9, 881.3,  -0.9,   0.6
55715,  -0.2,  -4.4,   3.1, 141.3,  56.6,1011.5,  -1.1,   0.5
55743,   2.0,  -2.4,   1.2,  87.1,  36.8,1009.0,  -1.1,   0.2
55767,  -0.5,  -6.1,   1.5, 360.1, -55.9,1157.0,  -1.0,   0.4
55791,  -0.6,   1.5,   0.0,  90.8,-114.8,1025.6,  -1.5,   0.1
55819,  -0.2,  -5.7,  -1.4,  78.6,  19.7, 956.5,  -1.5,  -0.1
55843,  -0.3,  -4.0,  -2.2,  47.8,   0.9, 978.5,  -1.5,  -0.2
55867,  -1.1,  -1.1,  -2.8,  52.0,  22.2, 928.2,  -1.6,  -0.5
55893,  -4.1,   3.9,  -4.5,-181.9,  -8.1,1024.7,  -1.4,  -0.8
55917,  -5.6,  -0.2,  -1.9,-152.8,  41.7, 852.5,  -1.2,  -0.2
55941,  -7.8, -10.2,   2.9,  53.2,-158.0,1224.4,  -1.3,   0.5
55969,  -0.9,  10.1,  -1.8,-282.7, -25.9, 855.5,  -2.0,   0.1
55993,   4.0,   5.3,  -3.7,-252.5,   4.6,1080.8,  -2.0,  -0.3
56017,   2.3,   1.5,  -1.8, -37.4,  19.5, 879.1,  -1.1,   0.1
56041,  -1.1,  -3.5,  -0.2, 183.3,-148.0,1089.8,  -1.2,   0.2
56069,  -2.4,   6.5,  -1.1,-357.9,  -6.9, 949.9,  -1.5,   0.5
56093,   0.7,  -4.7,   0.4, 242.2, -73.3,1085.7,  -1.6,   0.6
56117,   1.3,   0.7,  -0.8,  73.7,-107.9,1088.9,  -1.7,   0.2
56141,   3.3,   0.3,   0.7, -97.7,  71.3,1067.6,  -1.6,   0.8
56169,  -0.2,   1.3,  -2.6,-148.9, -48.1, 892.6,  -1.5,   0.4
56193,  -1.1,  -2.3,  -1.0, 110.6, -12.7, 997.1,  -1.9,   0.3
56217,  -1.4,   3.1,  -0.9,-224.1, -20.8,1048.8,  -1.8,   0.3
56241,  -1.1,  -2.2,  -0.9,  66.9, -22.7, 967.5,  -1.7,   0.5
56269,  -0.7,   1.2,  -1.8, -10.5,  61.2, 910.6,  -1.6,   0.3
56293,  -2.5,  -1.4,  -1.4,  58.8, -26.4, 904.5,  -1.4,   0.3
56321,  -3.6,  -3.5,   2.6, -50.1,-415.1,1284.4,  -1.9,   0.2
56341,   0.8,   1.3,  -0.4, 343.2,  11.2, 992.7,  -1.7,  -0.6
56369,   3.1,   1.5,  -2.7, -16.1,  24.6,1029.5,  -1.6,  -0.7
56393,   0.0,  -0.1,   0.2, -15.6, -24.7, 898.9,  -1.0,  -0.1
56417,  -3.1,  -3.8,   0.1, 182.6, -63.8,1046.6,  -1.2,  -0.2
56441,   0.7,   1.2,  -0.7, -44.0,  50.0,1002.2,  -1.5,  -0.0
56469,  -0.5,  -6.4,   0.5, 217.3, -38.4,1047.1,  -1.4,   0.1
56493,  -0.3,   2.9,   0.1,-143.1, -72.1, 991.2,  -1.5,   0.0
56517,   4.0,  -1.4,  -1.0, -12.0,  -1.0,1052.7,  -1.7,  -0.0
56541,   1.6,   2.3,  -1.6, -78.6, -77.7,1024.7,  -1.7,  -0.0
56569,   1.1,   2.9,   0.6,-277.8,  30.5,1025.9,  -1.3,   0.4
56593,   1.1,  -2.2,  -1.2,  55.6, -66.0,1016.6,  -1.2,   0.3
56617,   2.8,  -1.0,  -2.1,  18.3, -12.7, 998.5,  -1.6,   0.4
56641,   2.8,  -4.0,  -1.6, 240.2, -28.8,1073.2,  -1.7,   0.1
56669,  -1.5,  -0.1,  -2.3,-115.5,  30.5, 918.7,  -1.3,   0.2
56693,  -3.9,  -1.7,  -2.7, 118.6,  15.8, 954.6,  -1.1,   0.1
56717,   2.3,  -2.3,   1.5,-230.5,  20.0,1153.8,  -1.4,   0.6
56745,  -0.2,  -4.5,  -0.1, 458.7,-268.3,1176.8,  -1.9,  -0.2
56769,   2.0,   8.7,  -2.3,-210.0, 101.8,1026.6,  -1.7,  -0.0
56793,  -0.4,  -0.1,  -0.5,-213.1, -31.8, 893.3,  -1.7,   0.7
56821,  -1.5,   2.6,  -3.1, 203.1, -92.1,1014.9,  -1.8,   0.6
56845,  -1.7,   0.7,  -0.4, -43.7, -24.9, 942.4,  -2.0,   1.0
56869,  -1.2,   0.0,  -1.2,-130.4, -58.1,1055.7,  -2.0,   0.9
56893,   0.4,  -3.7,  -0.1, 123.5,   4.1,1013.2,  -2.2,   0.8
56917,  -0.5,  -1.6,  -1.0,  11.9,-114.5,1009.0,  -2.5,   0.7
56945,   0.4,  -0.2,  -0.9, -75.7, -64.2, 943.6,  -2.7,   0.7
56969,   0.2,   0.7,  -1.8, -16.9, -49.1,1005.4,  -2.7,   0.6
56993,  -0.7,  -0.4,  -1.0,  34.9,-102.6,1086.4,  -2.9,   0.5
57017,   0.8,  -1.0,  -2.0,   1.0, -15.2, 888.4,  -2.8,   0.5
57045,   1.7,  -2.3,  -2.1,  93.7, -56.7,1000.5,  -2.9,   0.3
57069,  -1.1,   1.2,  -1.9, -76.2, -38.1, 952.6,  -2.9,   0.7
57093,   1.1,  -1.6,  -2.5,  22.0, -50.8, 969.2,  -3.0,   0.5
57117,   0.4,  -0.4,  -2.7,  -6.4, -12.0, 960.9,  -3.0,   0.5
57145,  -3.5,   1.7,  -3.7,  29.5, -16.9, 975.3,  -2.9,   0.2
57169,  -2.1,   2.9,  -1.9,-193.4,-143.1,1152.6,  -3.1,   0.3
57193,  -2.4,  -1.6,  -1.8,  20.7,-149.7,1002.7,  -3.7,   0.3
57217,   1.7,   1.2,  -3.5, 125.0, -85.7, 936.3,  -3.9,  -0.2
57245,   4.5,  -4.1,  -4.5,  -6.6,   8.3,1001.7,  -3.6,   0.2
57269,   1.3,  -1.6,  -4.3,  -2.7, -88.2, 979.7,  -3.6,   0.1
57293,  -0.7,   0.9,  -5.2, -49.1, -65.7,1001.7,  -3.9,   0.1
57321,  -0.2,  -1.6,  -6.0,  47.3, -70.8,1054.4,  -3.9,  -0.0
57345,  -0.4,   0.1,  -7.1,   3.9, -81.8, 981.7,  -4.0,  -0.1
57369,   1.1,  -2.0,  -6.3,  58.8, -58.1, 998.0,  -4.2,  -0.1
57393,  -2.2,   0.3,  -7.0, -47.6, -82.8, 965.1,  -4.3,  -0.2
57417,   0.6,  -0.8,  -7.4,   9.0, -76.9,1022.7,  -4.3,  -0.2
57445,  -1.5,   0.7,  -6.3,   9.0, -97.9,1018.8,  -4.4,  -0.3
57469,   0.2,   0.6,  -7.3, -44.9, -81.8, 999.0,  -4.6,  -0.2
57493,  -1.3,   0.1,  -7.7,  -4.4,-104.3,1006.6,  -4.7,  -0.1
57519,   0.5,  -0.9,  -7.8, -29.1, -65.5,1011.7,  -4.8,  -0.0
57543,  -2.0,  -1.6,  -7.7, -46.9, -78.9,1003.7,  -4.7,   0.0
57567,   0.9,  -1.6,  -8.8,  15.6, -91.3,1009.0,  -4.7,  -0.0
57595,  -0.2,  -0.8,  -8.9, -19.5, -74.0,1002.4,  -4.7,   0.0
57619,  -0.6,  -0.2,  -8.6, -36.4, -96.5,1004.6,  -4.8,   0.0
57643,   0.9,  -1.3,  -8.7,  18.5, -66.2,1000.2,  -4.7,   0.1
57667,  -0.2,  -0.6,  -9.8,  25.9, -45.2,1009.8,  -4.6,  -0.1
57695,   0.4,  -1.5,  -9.6,  14.1, -64.7,1005.6,  -4.6,  -0.0
57719,   1.2,  -1.3,  -9.8,   1.4, -50.6,1006.3,  -4.5,  -0.0
57743,   0.0,  -1.6,  -8.4, -30.3, -52.8,1002.7,  -4.4,   0.0
57771,  -2.0,  -1.1,  -8.0, -20.0, -51.3,1013.4,  -4.2,   0.1
57795,  -0.3,  -1.3,  -7.7, -22.5, -46.2,1006.8,  -4.1,   0.2
57823,  -1.9,   0.3,  -6.1, -53.0, -61.1,1009.5,  -4.2,   0.3
57843,   0.3,   0.5,  -6.2, -27.8, -44.7,1006.3,  -4.1,   0.4
57871,  -1.6,  -0.5,  -4.8,  -6.9, -33.0, 993.4,  -3.9,   0.5
57895,   1.9,  -1.5,  -4.6,  -9.8, -32.5, 997.3,  -3.8,   0.6
57919,   0.3,  -1.2,  -5.6, -14.9, -69.4,1003.7,  -3.7,   0.6
57943,   0.7,  -1.4,  -4.1, -26.6, -35.9,1019.5,  -3.6,   0.6
57971,  -0.0,  -1.6,  -4.7, -17.3, -36.7,1012.4,  -3.5,   0.7
57995,   0.1,  -0.7,  -4.3, -18.6, -41.3,1014.6,  -3.4,   0.7
58019,   0.1,  -0.3,  -3.2, -26.4, -45.0,1016.4,  -3.3,   0.8
58043,  -0.1,  -0.2,  -2.6, -21.5, -29.8,1004.1,  -3.2,   0.8
58071,  -0.2,  -0.4,  -2.0,  -4.4, -31.5, 996.8,  -3.0,   0.8
58095,  -0.7,   0.1,  -2.1,  -6.4, -44.0, 993.9,  -2.9,   0.8
58119,  -0.6,  -0.1,  -1.0, -32.7, -36.7,1007.3,  -2.8,   0.9
58143,   0.3,  -1.1,  -0.4, -16.4, -38.4,1001.9,  -2.7,   0.9
58171,   0.8,  -1.0,  -0.1, -23.7, -25.4,1005.1,  -2.6,   1.0
58195,  -0.0,  -1.0,   0.2,  -1.7, -31.3,1002.4,  -2.4,   1.0
58219,  -0.0,   0.3,   0.3, -10.0, -26.4, 999.5,  -2.3,   1.0
58243,   0.6,  -0.5,   0.7,  -8.3, -38.1,1007.3,  -2.2,   0.9
58271,  -0.5,  -1.4,  -0.5,   0.5, -19.6,1006.8,  -2.1,   0.9
58295,   0.2,  -0.6,  -0.3,   8.5, -22.7,1001.9,  -2.0,   0.8
58323,   0.7,  -1.0,  -0.2,  -1.2, -23.5,1009.8,  -1.9,   0.8
58343,   0.2,  -1.0,   0.2,  -3.7, -16.6,1008.1,  -1.8,   0.7
58371,  -0.2,  -1.0,  -0.4,  -3.9, -12.2,1010.5,  -1.6,   0.7
58395,  -0.7,   0.6,  -0.2, -11.0,  -9.6,1009.3,  -1.5,   0.7
58419,   0.6,  -0.2,   0.9,   3.2, -21.8,1003.9,  -1.4,   0.6
58443,   1.5,   0.2,  -0.1,   6.1,  -9.1,1005.1,  -1.4,   0.5
58471,  -0.3,  -0.2,  -0.4, -10.8, -23.5,1014.6,  -1.3,   0.5
58495,   0.3,   0.2,   0.9, -11.2, -16.6, 995.1,  -1.3,   0.5
58519,   0.6,   0.3,  -0.5,  -8.6, -39.1,1000.2,  -1.2,   0.6
58543,   1.6,  -0.7,   0.1, -13.2, -19.6,1003.2,  -1.2,   0.6
58571,   0.4,  -0.7,   0.4,  -8.8, -30.3,1000.7,  -1.1,   0.6
58595,  -0.0,  -1.1,  -0.1, -17.3, -22.5,1010.7,  -1.1,   0.6
58619,   0.3,  -0.2,  -0.1,  -5.1, -14.9, 998.0,  -1.0,   0.6
58643,   0.6,  -0.4,   0.4,  -4.2, -20.8, 993.4,  -1.1,   0.6
58671,  -0.4,   0.3,   0.7,  -7.8, -24.9,1012.4,  -1.0,   0.6
58695,  -0.1,  -0.1,  -0.5,   2.2, -15.4,1008.5,  -1.0,   0.6
58719,  -0.3,   0.4,   0.6,  -2.5, -34.0, 999.3,  -1.0,   0.5
58743,   0.5,   0.7,   0.9, -17.1, -20.1,1005.4,  -1.0,   0.5
58771,   0.5,  -0.4,   0.9, -20.0, -17.9, 992.9,  -1.0,   0.6
58795,  -0.0,  -0.7,   0.2,   9.5, -28.4,1001.9,  -1.0,   0.6
58823,   0.3,   0.1,   1.2, -11.5,  18.5,1003.7,  -0.9,   0.6
58847,   0.1,   0.5,   0.6, -22.2, -10.5,1008.3,  -0.9,   0.6
58871,   1.1,  -0.2,   0.9, -11.0,   2.9,1005.9,  -0.8,   0.7
58895,   1.2,  -0.7,   2.1, -13.9,  -9.6,1006.3,  -0.6,   0.7
58919,  -0.5,  -0.6,   2.3, -29.3, -10.0,1002.2,  -0.6,   0.8
58947,  -0.1,  -0.4,   2.7,   4.9,  -9.8,1010.7,  -0.5,   0.8
58971,  -0.6,  -0.2,   2.9,  -0.7,   4.1,1002.9,  -0.5,   0.7
58995,  -8.5,  -0.1,   3.4, -23.7,-451.5, 411.4,  -1.1,   0.8
59019,   5.4,  -4.1,   2.2,  23.9, 159.4,1050.3,  -1.0,   0.8
59047,  -0.6,   0.4,   2.3, -54.5, -79.9, 965.6,  -1.0,   0.7
59071,  -0.6,  -0.3,   1.0,  -7.6, -18.8,1003.4,  -1.1,   0.7
59095,   0.4,   0.4,   1.1,  -6.9,  -2.7,1026.4,  -1.1,   0.7
59119,   1.3,   0.6,   1.0,  20.5,  -0.5,1009.3,  -1.2,   0.5
59145,   0.3,   0.1,   0.9, -36.4, -37.6, 995.1,  -1.2,   0.6
59169,   1.1,  -0.8,   1.2, -17.1, -27.6,1011.7,  -1.3,   0.6
59197,   0.5,   0.2,   0.6, -19.8, -45.2, 997.3,  -1.4,   0.5
59221,   0.7,  -0.9,  -0.1, -52.3, -72.3,1013.2,  -1.6,   0.5
59245,   1.3,  -0.7,   0.1, -11.0, -75.2,1022.5,  -1.7,   0.5
59269,   1.6,  -1.5,  -0.6,  10.7, -67.7,1021.5,  -1.8,   0.4
59297,   0.0,  -0.5,  -0.5, -17.1, -58.6,1000.2,  -1.9,   0.5
59325,   0.5,   0.4,   0.1,   5.6, -70.3,1020.5,  -2.0,   0.5
59345,  -0.6,  -0.2,  -0.2, -25.4, -76.0, 995.4,  -2.1,   0.5
59369,   0.0,   0.1,   0.5, -17.8, -47.9,1010.2,  -2.2,   0.5
59397,   0.9,  -0.2,   0.9, -23.9, -68.2,1013.9,  -2.4,   0.6
59421,  -0.6,   0.4,   1.8, -30.8, -69.9,1018.5,  -2.5,   0.7
59445,   1.4,  -1.2,   2.0, -27.6, -65.2,1009.8,  -2.7,   0.8
59469,   0.4,  -0.4,   2.9, -24.7, -49.6,1007.3,  -2.8,   0.9
59497,   0.1,  -0.3,   3.2, -19.8, -69.6,1012.9,  -2.9,   0.9
59521,   0.6,  -0.7,   4.8, -17.3, -57.7, 999.7,  -3.0,   0.9
59545,   0.3,   0.0,   4.2, -32.7, -65.7,1007.3,  -3.1,   0.9
59569,   1.3,  -0.7,   5.1, -11.2, -54.5,1001.9,  -3.1,   0.9
59597,   1.2,  -0.2,   5.0,  -8.3, -72.5,1011.7,  -3.2,   0.9
59621,   0.7,  -0.7,   4.4,  -0.5, -68.4,1000.2,  -3.2,   0.9
59645,   1.0,  -1.0,   4.9,  -6.1, -49.1,1015.1,  -3.3,   0.8
59669,   0.7,   0.0,   4.9, -37.6, -37.1,1017.1,  -3.2,   0.8
59697,   0.8,  -0.4,   4.9,   0.5, -44.7, 995.8,  -3.1,   0.7
59721,  -0.6,  -0.7,   5.0, -27.8, -52.0,1006.1,  -3.1,   0.7
59745,  -0.4,  -0.2,   5.2,  57.8, -39.8,1004.4,  -3.1,   0.5
59769,   0.2,   1.0,   4.8, -16.4, -28.8,1033.4,  -3.1,   0.5
59797,   2.3,   0.4,   3.6, -30.3, -54.5,1003.2,  -2.9,   0.4
59825,   1.5,  -0.7,   3.4, -22.0, -55.5,1002.9,  -2.9,   0.4
59845,  -0.0,  -0.2,   3.8,  19.8, -18.3,1014.4,  -2.8,   0.3
59873,  -0.2,  -0.1,   2.3, -11.2, -38.9,1006.8,  -2.7,   0.4
59897,   1.4,  -0.3,   3.4,  -3.4, -27.4,1009.3,  -2.6,   0.4
59921,   1.4,   0.3,   2.9, -11.5, -44.0,1001.2,  -2.6,   0.2
59945,   0.9,   0.1,   2.8,  16.8, -18.1,1015.6,  -2.5,   0.2
59973,   2.0,  -0.4,   1.3, -33.0,  -8.6,1013.4,  -2.3,   0.2
59997,   0.3,   0.1,   1.0,  16.3, -24.7, 998.0,  -2.2,   0.1
60021,   0.5,   0.4,   1.3,  -5.1, -15.7, 992.4,  -2.2,   0.1
60045,  -0.6,  -0.4,   1.1, -16.4, -13.2,1010.5,  -2.0,   0.1
60073,   1.6,  -0.9,   0.8,  -8.8,  -7.6,1005.9,  -1.9,   0.2
60097,   1.1,  -1.4,   1.0,   6.1, -25.2,1005.6,  -1.7,   0.1
60121,   0.8,  -0.8,   0.2,  30.3, -35.2,1001.9,  -1.7,   0.0
60145,  -0.1,  -1.1,  -0.1,   0.7, -27.4, 992.2,  -1.6,  -0.0
60173,   0.8,  -1.0,  -1.0,  24.2, -23.7, 996.3,  -1.5,  -0.1
60197,   0.2,  -0.1,  -1.0,  -2.2, -25.9, 986.6,  -1.5,  -0.1
60221,   0.9,  -1.0,  -1.6,  -0.0, -40.3,1003.7,  -1.5,  -0.1
60245,   0.9,  -0.8,  -1.8,  28.3, -30.1,1010.0,  -1.5,  -0.2
60273,   0.9,  -0.1,  -2.8,  27.3, -37.1,1018.3,  -1.6,  -0.3
60297,   0.3,  -1.5,  -3.7, -15.6, -42.3, 982.7,  -1.6,  -0.3
60325,   0.1,  -0.7,  -5.5, -15.4, -31.3,1009.3,  -1.6,  -0.3
60345,   0.5,  -2.9,  -5.5,  46.4,  -5.4, 998.3,  -1.5,  -0.3
60373,  -0.2,  -1.6,  -7.1,  11.0, -61.6, 997.8,  -1.7,  -0.4
60397,  -0.2,  -1.6,  -8.1,  27.1, -43.7,1028.8,  -1.8,  -0.6
60421,   0.3,  -1.6,  -8.2,  24.6, -68.4,1020.5,  -1.9,  -0.6
60445,   0.5,  -0.8,  -8.9, -19.8, -29.3,1020.7,  -1.9,  -0.6
60473,   0.8,  -2.0,  -8.0,  33.7, -34.0, 985.8,  -1.9,  -0.5
60497,  -1.1,  -0.7,  -9.1, -40.1, -21.8, 996.1,  -1.9,  -0.5
60521,  -1.2,  -1.5,  -7.8,  31.2, -45.7, 969.7,  -2.0,  -0.5
60545,   0.6,  -0.9,  -9.2,  -1.0, -46.9,1033.9,  -2.1,  -0.5
60573,  -1.4,  -1.6,  -9.3,  43.4, -56.4,1000.7,  -2.0,  -0.5
60597,  -2.0,  -0.5, -10.1, -25.2, -23.0, 973.9,  -2.1,  -0.3
60621,  -2.8,   2.3,  -9.2, -77.9,-234.9,1117.9,  -2.5,  -0.4
60645,   0.3,  -1.6,  -8.5,  -2.0, -39.6, 990.5,  -2.4,  -0.1
60673,   1.5,  -1.6,  -7.9, -98.4,  -1.7, 975.6,  -2.1,   0.2
60697,  -0.2,   0.0,  -7.9, -16.6, -26.4, 970.5,  -2.0,   0.1
60721,   0.3,   0.3,  -7.3, 125.2, -23.7, 991.7,  -1.9,  -0.0
60745,  -0.8,  -0.3,  -7.4, -56.4, -57.4, 988.8,  -1.9,   0.2
60771,  -0.5,  -2.3,  -8.2,  55.6, -71.3,1045.4,  -1.9,   0.1
60795,   0.6,  -0.1,  -7.0, -55.9, -17.4,1007.1,  -2.0,   0.2
60823,  -1.4,  -0.5,  -6.9, -34.4, -32.5,1006.3,  -2.0,   0.2
60847,  -1.6,  -1.0,  -4.9,  13.7, -51.3, 994.6,  -2.1,   0.6
60871,  -1.2,   1.3,  -4.8, -17.6, -30.8,1019.5,  -2.0,   0.4
60899,  -0.7,  -0.9,  -5.3,  36.4, -45.0, 995.6,  -1.8,   0.6
60923,   0.8,   1.0,  -3.9,-134.3, -67.7,1010.7,  -1.8,   0.7
60947,   2.0,  -1.6,  -2.3,   5.4, -18.6, 999.3,  -1.8,   0.8
60971,   0.3,  -1.9,  -2.6,  21.5,  32.2, 964.8,  -1.6,   0.9
60999,   0.5,  -2.1,  -2.1,  31.7,   0.2, 965.8,  -1.5,   0.9
61023,  -0.6,   1.4,  -2.6,-152.8,  75.6,1052.0,  -1.4,   1.0
61047,  -2.0,  -0.4,  -1.0, -27.8,   5.3, 985.6,  -1.2,   1.1
61071,  -0.9,   0.6,   0.3, -38.1,   3.6,1022.0,  -1.2,   1.2
61099,   0.5,   0.9,   1.7,  43.0,   8.3,1020.5,  -0.9,   1.3
61123,   0.8,  -0.1,   4.0,-127.0,  42.2, 991.4,  -0.8,   1.6
61147,   0.4,  -0.4,   4.8, -47.9,  23.4, 983.4,  -0.6,   1.6
61171,   0.0,  -0.8,   6.4, -34.2,  29.0,1007.6,  -0.5,   1.7
61199,   1.8,  -2.3,   6.7, -13.7,  22.4,1045.9,  -0.3,   1.8
61223,   1.5,   0.9,   7.5,-143.3, -12.0,1017.1,  -0.4,   1.8
61247,   0.7,  -0.6,   7.1,  60.3,   9.2,1035.1,  -0.4,   1.5
61271,   0.2,   0.7,   7.3,   9.0,   7.0, 950.2,  -0.3,   1.4
61299,   0.8,  -1.8,   7.9, -41.3,  31.2,1034.4,  -0.6,   1.4
61327,   1.9,   0.2,   7.2,  52.0, -57.9, 986.8,  -0.5,   1.3
61347,   2.3,  -0.3,   5.7,  16.1,   8.3, 977.5,  -0.5,   1.1
61371,   2.2,  -0.8,   5.4,  25.1,  30.0, 997.1,  -0.4,   1.1
61399,   0.5,  -0.6,   4.8, -23.7,  30.7, 973.6,  -0.2,   1.0
61423,  -1.4,   0.9,   5.3,  37.1, -20.8, 978.8,  -0.1,   0.6
61447,   0.3,  -0.4,   6.0,  85.7,  10.5,1026.8,  -0.1,   0.4
61471,   1.1,   0.0,   6.0,  36.6,  21.4, 989.7,  -0.0,   0.3
61499,  -0.3,  -0.4,   6.4,  57.6, -10.8, 996.6,  -0.1,   0.3
61523,   1.8,   2.0,   5.1,  61.3,  19.3,1032.5,  -0.1,   0.1
61547,   1.0,   1.3,   4.2, -18.8,  29.5,1034.7,   0.0,   0.3
61571,   0.7,   1.1,   3.1, -38.6, -42.3,1001.5,  -0.1,   0.2
61599,   0.8,  -1.2,   3.3,  -2.7, -13.0,1028.3,  -0.3,   0.4
61623,   1.1,   0.6,   2.6, -65.2,  -4.7, 992.2,  -0.4,   0.5
61647,   1.4,  -1.0,   1.5,  -5.9, -11.5,1009.5,  -0.4,   0.5
61671,   0.0,  -0.7,   0.9,  60.5,  -6.6,1007.6,  -0.5,   0.4
61699,  -0.2,  -0.4,   0.8,  -1.0,  -4.9,1004.1,  -0.7,   0.3
61723,  -0.6,   0.6,   1.2,  -3.9, -22.5, 976.8,  -0.7,   0.2
61747,   0.1,  -0.3,   1.7,  -1.7, -25.7,1034.9,  -0.7,   0.2
61771,   1.2,   0.8,   0.5, -34.4, -62.3,1040.8,  -0.8,   0.1
61799,   0.9,   0.7,   1.2, -42.0,  15.6, 981.4,  -0.7,   0.3
61827,   1.3,  -1.4,   1.1,  27.3, -27.9, 984.9,  -0.7,   0.2
61847,   1.7,   0.9,   0.9,  -3.2, -17.4,1026.4,  -0.8,   0.1
61875,   0.8,   0.3,   0.6, -54.9, -13.2, 967.5,  -0.6,   0.2
61899,  -0.3,  -1.4,   1.5,   4.4, -68.9,1031.7,  -0.8,   0.2
61923,  -0.3,  -0.4,   0.6,  55.9, -46.7,1015.1,  -0.8,   0.1
61947,   1.1,   0.4,   1.2, -20.0, -13.5, 984.4,  -0.8,   0.3
61975,   0.6,  -0.1,   1.0, -13.7, -49.1, 987.3,  -0.8,   0.2
61999,   1.4,  -2.3,   1.8,  -4.7,  45.1, 986.8,  -0.8,   0.4
62023,   0.2,  -1.2,   2.4,  64.2, -31.8, 980.5,  -0.7,   0.3
62047,  -0.8,   0.7,   0.6,  16.3,  -6.6, 950.2,  -0.7,   0.3
62075,  -0.9,   0.6,   0.1,  39.3, -49.8,1011.5,  -0.9,   0.1
62099,  -1.7,   0.3,   0.2, -15.9, -45.0,1026.8,  -1.1,   0.1
62123,   1.1,  -3.2,   2.9,  58.8,  47.8, 949.7,  -1.0,   0.3
62147,   2.4,   1.2,   0.4, -97.4, -63.3,1033.2,  -1.1,   0.2
62175,   0.8,   0.6,   1.8, -62.8, -21.5, 941.2,  -1.0,   0.5
62199,   1.3,  -0.6,   1.4, -19.1, -21.8,1042.0,  -1.0,   0.5
62223,   1.2,  -0.6,   1.9,  43.4, -38.6, 982.7,  -0.9,   0.4
62247,   0.9,  -0.8,   2.1, -63.0, -49.8, 982.7,  -1.0,   0.6
62275,   0.8,  -1.6,   1.6, 198.7, -31.5, 995.6,  -1.2,   0.1
62299,   2.1,   0.9,   0.5, -73.5,  37.6, 997.8,  -1.0,   0.2
62327,  -0.2,   1.3,   1.3, -37.6,-111.9, 980.0,  -1.2,   0.3
62347,  -0.8,  -0.4,   1.9,  -0.0, -37.1,1013.4,  -1.3,   0.3
62375,   1.2,   0.3,   1.7,  69.6, -16.6,1024.4,  -1.2,   0.3
62397,   0.5,  -0.8,   2.8,  65.2, -15.9, 951.7,  -1.0,   0.5
62425,   2.0,  -1.9,   3.5, -87.4, -25.7, 989.3,  -1.1,   0.7
62449,   0.9,  -0.1,   1.9,  43.2, -73.5,1011.0,  -1.1,   0.3
62473,   2.3,  -0.4,   2.3,  24.6,  24.9, 981.2,  -1.0,   0.4
62497,   1.4,   2.1,   1.9, -88.4, -18.8, 997.1,  -1.1,   0.3
62525,   2.0,   0.0,   2.9,  95.7, -20.3,1004.9,  -1.1,   0.3
62549,   1.1,   0.4,   1.6, -21.3, -71.1,1008.1,  -1.2,   0.3
62573,   0.2,   1.0,   1.2,-139.4, -56.7,1017.8,  -1.1,   0.4
62597,   0.0,  -0.3,   2.1, -68.4, -18.6, 965.6,  -0.8,   0.5
62625,   0.2,  -3.0,   2.1, 112.5, -18.8,1003.4,  -0.8,   0.4
62649,   1.5,   1.0,   4.3, -93.8, -47.2, 999.3,  -0.7,   0.5
62673,   2.4,   1.7,   3.2, -92.3,  17.5, 987.1,  -0.5,   0.6
62697,   2.0,   0.1,   3.8, -42.7,  35.9,1007.8,  -0.3,   0.7
62725,   0.6,  -0.6,   4.6,  40.3, -30.8,1003.4,  -0.3,   0.6
62749,   0.4,  -0.8,   4.1, -18.8,  41.5, 996.8,  -0.3,   0.7
62773,  -2.0,   0.4,   4.0,  18.3, -19.6, 998.8,  -0.3,   0.5
62797,   3.8,  -0.8,   5.3,-224.6, -38.4,1160.4,  -0.7,   0.8
62825,   3.8,  -0.8,   5.5, 152.1, -24.0, 939.2,  -0.6,   0.7
62849,   3.8,  -1.5,   5.5, -96.7,   0.5, 916.3,  -0.7,   1.1
62873,   1.0,  -3.6,   7.8,  -1.2,  75.2,1007.3,  -0.4,   1.3
62901,   0.3,   7.0,   3.5, 113.3,  29.0, 927.2,  -0.3,  -0.2
62925,   0.9,   2.6,   1.3,-115.7, 146.0, 991.7,   0.3,  -0.1
62949,  -0.2,   1.8,   3.1, -71.1, -96.2, 912.8,   0.4,  -0.0
62973,  -0.4,   1.6,   2.9,  36.1, -74.5,1063.2,  -0.1,  -0.4
63001,  -0.6,   2.4,   4.5,-150.6,  27.8, 979.0,   0.1,   0.0
63025,  -1.3,   1.3,   4.6, -24.4,  -0.8, 996.8,   0.2,   0.1
63049,   0.2,  -0.5,   5.6,   6.6, -27.1,1023.4,   0.1,   0.3
63073,   0.5,  -0.4,   6.2,  84.2,  -4.7,1004.4,   0.1,   0.3
63101,  -2.2,   1.7,   5.3, -88.9, -44.7,1016.1,   0.1,   0.4
63125,  -0.3,  -1.2,   5.5,  98.1, -50.3,1064.2,  -0.0,   0.3
63149,   0.0,   0.8,   4.4,  -1.2, -86.9,1032.0,  -0.2,   0.2
63173,   0.6,   0.2,   3.6, -23.2,  -0.0, 984.9,  -0.3,   0.1
63201,   0.5,  -1.3,   3.5,  63.2, -45.9,1046.9,  -0.4,   0.0
63225,   0.4,  -1.1,   3.1, 106.2,   0.2, 966.1,  -0.4,  -0.1
63249,   1.2,  -1.2,   3.2, -67.2,  68.1, 961.4,  -0.3,   0.1
63273,   0.3,  -0.5,   3.5,  22.0,  34.6,1091.1,  -0.2,  -0.0
63301,  -0.6,   1.7,   3.7, -43.5, -21.5,1003.9,  -0.2,   0.1
63329,  -0.4,   0.9,   2.4,   4.9, -54.7,1019.5,  -0.3,   0.1
63349,   0.8,   0.1,   3.5,  32.5,  -1.0, 989.0,  -0.2,   0.1
63373,   0.6,   0.9,   3.5,  20.2,  -7.8, 991.7,  -0.3,  -0.1
63401,   0.6,  -0.6,   4.2,-119.2,  -3.9, 983.4,  -0.2,   0.3
63425,  -0.8,  -2.2,   2.4,  84.5, -29.3,1039.5,   0.0,   0.1
63449,  -1.5,   1.6,   2.5,  29.5, -83.8, 915.5,  -0.1,  -0.0
63473,   0.6,  -0.1,   1.8,  38.3,  78.3, 966.5,  -0.0,  -0.2
63501,  -2.2,  -0.6,   2.6,  19.0, -28.4, 989.3,   0.0,  -0.2
63525,  -1.3,  -1.3,   1.2,  72.0, -65.5, 956.3,   0.0,  -0.4
63549,  -5.3,   4.6,   2.2,-271.3, -90.4,1084.0,  -0.2,  -0.0
63573,  -0.3,  -0.8,   5.8,  -6.6,  53.7,1021.7,  -0.4,   0.3
63601,   1.4,   0.0,   1.1,  62.7,  41.5,1015.9,  -0.4,   0.0
63625,   2.2,  -1.2,   1.0,  59.1,  24.1, 979.0,  -0.3,   0.1
63649,  -0.9,   1.5,   1.7, -35.4,   2.2, 985.6,  -0.4,  -0.2
63673,  -0.9,  -1.6,   2.2,  13.4, -45.9,1015.1,  -0.4,  -0.1
63701,  -0.5,   0.8,   0.1, -93.0, -19.3, 990.7,  -0.3,  -0.1
63725,  -1.1,  -0.4,   0.0,  41.5, -40.6,1019.8,  -0.3,   0.0
63749,  -2.4,   0.7,   1.7,  32.2, -47.2, 999.0,  -0.6,  -0.1
63773,  -1.4,  -0.8,   2.0, -74.5,   5.1, 972.9,  -0.6,   0.1
63801,  -0.2,  -0.7,   0.6,  74.4, -39.6,1009.0,  -0.6,  -0.2
63829,   0.5,  -0.7,  -0.4,  18.1,  22.9, 999.5,  -0.5,  -0.2
63849,   1.6,   0.1,  -0.1, -62.8, -31.8,1057.1,  -0.6,  -0.2
63873,  -0.6,   0.3,  -0.7, -40.3, -25.2, 960.9,  -0.6,  -0.2
63901,  -1.2,  -1.8,  -1.1,  33.2,   5.6,1038.3,  -0.6,  -0.1
63925,  -1.2,  -0.3,  -1.6,  32.2, -73.5,1001.0,  -0.8,  -0.3
63949,  -1.1,   0.4,  -1.5, -40.5, -88.7,1006.8,  -0.9,  -0.3
63977,  -1.1,   1.6,  -1.8, -21.3, -49.4,1043.0,  -1.0,  -0.5
64001,  -0.9,   0.0,  -3.7, -10.8,  -9.3,1005.6,  -0.9,  -0.4
64027,   0.5,   0.9,  -3.0,  13.7, -18.8,1040.5,  -1.2,  -0.5
64051,   0.3,  -0.4,  -3.8, -61.1,  -4.7, 995.4,  -1.1,  -0.3
64075,  -0.2,   0.6,  -4.3,   7.8, -27.1, 997.8,  -1.2,  -0.4
64099,   0.3,  -0.4,  -5.1, -13.7, -29.1, 987.8,  -1.2,  -0.4
64127,  -1.1,  -0.7,  -5.8,  34.2,  22.9,1015.6,  -1.1,  -0.5
64151,  -2.2,   1.3,  -5.6,   8.5, -14.2,1002.9,  -1.1,  -0.5
64175,  -1.3,   0.5,  -7.7,  28.5, -33.2, 984.9,  -1.1,  -0.7
64199,  -2.0,  -0.4,  -7.0,   4.6,  28.5, 953.1,  -1.3,  -0.6
64227,  -1.4,  -1.5,  -7.1,  23.9, -25.2, 955.6,  -1.2,  -0.5
64251,   0.5,  -0.2,  -5.7,-139.2,  27.3,1130.9,  -1.6,  -0.1
64275,   1.8,  -1.2,  -6.3, 101.1,   8.5, 963.1,  -1.2,  -0.1
64299,   1.2,  -2.4,  -4.6,  33.2,   6.1, 973.6,  -1.3,   0.2
64327,   0.9,  -0.4,  -6.1, -65.4, -28.8, 960.7,  -1.3,   0.3
64351,   0.0,  -2.4,  -5.7, -96.9, -32.5,1061.3,  -1.3,   0.4
64375,   1.1,  -1.2,  -5.2,  -6.9,  10.5,1039.5,  -1.0,   0.2
64399,   0.3,  -0.2,  -4.0, -44.2, -14.4, 964.3,  -0.9,   0.3
64427,  -2.2,   0.1,  -3.8, -36.9,  27.8, 989.5,  -0.8,   0.4
64451,  -0.8,  -0.6,  -3.1,   7.8,  -2.7,1058.6,  -0.7,   0.5
64475,  -1.5,   0.0,  -1.7, -58.4,  32.7, 994.4,  -0.6,   0.8
64499,   0.3,   0.8,  -0.2, -85.5,  23.2,1016.1,  -0.6,   1.1
64527,   0.9,  -2.3,   0.9,  29.8,  10.2,1026.4,  -0.4,   1.1
64551,  -0.5,   0.3,   1.8,-120.1, -10.5, 966.8,  -0.3,   1.3
64575,   1.0,  -0.4,   2.7, -43.2, -12.2, 967.5,  -0.2,   1.2
64599,   0.6,  -0.7,   2.9, -53.2,  18.5,1019.3,  -0.1,   1.2
64627,   0.1,   0.4,   3.8, -67.9,   4.1,1015.6,  -0.1,   1.3
64651,  -0.5,  -0.8,   4.9, -54.9, -32.3,1063.0,  -0.0,   1.3
64675,   1.0,  -0.1,   6.8, -74.0,   1.7, 983.9,  -0.0,   1.4
64699,   0.2,  -1.6,   6.9, -31.5,  42.7,1002.2,   0.1,   1.5
64727,  -0.2,   0.6,   7.3, -64.2,  26.8, 977.8,   0.2,   1.4
64751,   1.3,  -1.9,   9.7, -19.5, -10.3,1014.4,   0.1,   1.5
64775,  -0.3,   0.1,   9.5,  32.9, -49.6,1048.3,   0.0,   1.2
64799,  -0.2,   0.8,   8.7, -42.0,  13.4, 996.6,  -0.0,   1.2
64827,   0.3,   0.1,   9.6,  25.6, -28.6, 997.6,  -0.0,   1.2
64851,   1.2,  -1.2,   8.6,  61.5,   0.9,1011.7,  -0.1,   1.0
64875,  -1.2,  -0.1,   7.6,  49.1, -40.1,1010.0,  -0.3,   0.7
64899,  -0.2,  -0.8,   6.8,  51.5, -21.8, 999.5,  -0.5,   0.6
64927,   1.6,  -1.3,   6.4,  19.0, -12.5, 989.0,  -0.6,   0.3
64951,   0.5,   0.3,   4.6,  54.9, -45.7, 990.2,  -0.6,   0.0
64975,  -0.8,   0.5,   4.3,  42.5, -29.6, 986.1,  -0.7,  -0.2
65003,  -2.0,   0.8,   3.6,  12.2, -30.3, 981.9,  -0.9,  -0.3
65027,  -2.0,   1.3,   4.8,-104.5,-165.8,1127.2,  -1.3,  -0.1
65051,   0.6,   1.1,   6.8,-141.4, -26.9, 983.9,  -1.3,   0.3
65075,   2.0,  -1.7,   5.6,  82.3, -49.6,1021.2,  -1.4,   0.1
65103,   1.4,   0.8,   2.9,  38.3,  31.2,1002.7,  -1.4,  -0.1
65127,   1.7,   0.6,   2.7,  11.0, -17.6, 969.7,  -1.2,  -0.2
65151,   0.4,  -2.4,   2.0, 106.4, -38.6, 970.9,  -1.3,  -0.5
65175,   0.1,  -1.5,   1.3,  42.2,   3.1,1006.6,  -1.3,  -0.5
65203,   0.1,  -0.1,  -0.3, -10.8, -11.3,1006.8,  -1.2,  -0.5
65227,  -1.2,  -0.4,  -0.9,  -9.5, -95.7,1056.1,  -1.3,  -0.6
65251,   1.0,  -1.2,  -0.2, -16.6, -19.3,1029.3,  -1.3,  -0.5
65275,   0.0,   1.6,  -1.2,  28.5,  -6.1, 998.5,  -1.2,  -0.6
65303,  -1.0,   0.3,  -1.0,   1.9, -15.7,1006.1,  -1.3,  -0.4
65331,   0.3,   0.6,  -0.1, -17.1, -11.3, 998.5,  -1.3,  -0.4
65351,  -0.5,   1.5,  -0.5,-131.9,  -3.7, 984.9,  -1.3,  -0.2
65375,   0.2,  -0.6,  -1.2,  33.7, -45.4,1025.4,  -1.4,  -0.3
65403,  -0.6,   1.8,  -1.0, -32.0, -47.2,1053.5,  -1.4,  -0.4
65427,   0.0,   0.1,  -0.2, -34.0,  20.5, 974.6,  -1.3,  -0.2
65451,   0.2,   0.1,  -0.7,  11.5, -30.1,1020.0,  -1.2,  -0.2
65475,   0.3,   0.1,  -0.1, -40.5, -35.7, 990.5,  -1.2,   0.0
65503,   0.1,   1.2,   0.0,  19.8, -48.9,1019.3,  -1.3,  -0.1
65527,   0.4,  -0.4,  -0.4,  74.9,  18.3, 993.6,  -1.2,   0.0
65551,   0.7,   1.5,  -0.8,  37.8, -96.5,1001.5,  -1.4,  -0.1
65575,  -0.0,   1.2,   0.7,   6.6,  -3.9,1007.6,  -1.5,  -0.0
65603,   1.8,   0.5,  -0.1, -71.1, -36.4,1013.4,  -1.3,   0.1
65627,   0.2,  -1.6,  -0.2,  27.6, -11.0,1013.9,  -1.3,   0.0
65653,   4.0,  -1.3,  -1.1,   7.6,  20.2, 981.2,  -1.1,   0.0
65677,   0.5,   0.3,  -1.0, -30.0, -14.0, 974.6,  -1.0,   0.1
65701,   0.9,  -1.4,   0.3, -34.9,   1.9,1011.2,  -1.0,   0.2
65725,   2.3,  -1.6,   0.1,  15.9,   2.7, 997.8,  -0.8,   0.1
65753,   0.8,  -1.1,  -0.2, -46.4, -34.7,1025.6,  -0.7,   0.3
65777,  -1.1,   0.4,  -0.7,  23.9, -11.0, 965.8,  -0.8,   0.1
65801,   0.3,  -0.8,   0.2,  -2.5,   2.9, 994.4,  -0.8,   0.1
65829,  -1.6,  -0.1,  -0.1,  46.1,  12.2, 979.7,  -0.8,   0.1
65853,  -0.4,  -1.3,   0.2,   8.3, -12.7,1016.4,  -1.1,   0.2
65877,   1.8,  -0.2,   0.1, -50.8,   8.5,1019.5,  -0.7,   0.3
65901,   1.5,   0.7,   0.6, -19.5,  -2.0,1012.9,  -0.5,   0.2
65925,   1.3,   0.3,   0.9, -44.9, -27.6, 959.5,  -0.5,   0.3
65953,   0.6,  -0.1,   1.0, -10.8,  -0.3, 977.8,  -0.4,   0.2
65977,   0.6,  -0.4,   1.6,  12.9,  20.5, 998.0,  -0.2,   0.2
66001,   1.4,   0.0,   0.6,   8.0, -41.8,1007.8,  -0.3,   0.1
66029,   0.5,  -0.7,  -0.6,   8.3, -23.2,1006.3,  -0.4,   0.1
66053,  -0.1,   0.8,   0.6, -36.6,  -0.8, 997.1,  -0.5,   0.1
66077,  -0.5,  -0.8,   1.0,  11.2,   7.5,1004.4,  -0.4,   0.2
66101,  -0.4,   0.0,   0.8, -13.9, -17.6, 987.8,  -0.5,   0.3
66129,   1.2,   0.9,   0.4,  14.6, -18.1, 993.6,  -0.6,   0.3
66153,   0.6,  -0.1,   1.0, -38.6,  -6.1, 990.7,  -0.6,   0.3
66177,  -0.4,   0.2,   1.0, -26.9, -15.9,1033.4,  -0.7,   0.3
66201,  -0.3,  -0.2,   0.9,  20.7, -18.6, 994.6,  -0.7,   0.3
66229,   0.3,   0.8,   0.6, -51.5, -26.4, 993.2,  -0.7,   0.3
66253,   0.3,   0.3,   1.1,   8.0,  -9.8, 994.1,  -0.8,   0.3
66277,  -1.4,   1.3,   1.1, -22.5,   8.5, 966.5,  -0.8,   0.4
66301,  -1.2,  -1.0,   0.9,  15.4, -24.9, 998.8,  -0.8,   0.4
66329,   0.1,  -0.8,   1.2,  10.7, -20.8, 984.1,  -0.8,   0.3
66353,   0.6,   0.8,   0.4, -70.1,   4.4,1024.7,  -0.8,   0.4
66377,  -0.6,   0.3,   1.0, -36.9, -45.4,1007.1,  -0.8,   0.3
66401,  -0.9,  -1.2,   1.5,  -4.2,   2.2,1017.6,  -0.9,   0.3
66429,  -0.9,   1.7,   1.7,  22.0, -45.4, 995.1,  -0.9,   0.3
66453,   0.1,   0.6,   1.5, -41.5, -25.7,1008.3,  -1.0,   0.3
66477,   0.3,   1.0,   2.1, -61.3, -38.6, 977.8,  -1.1,   0.3
66501,  -0.2,  -1.2,   1.2,  49.8, -16.9,1023.7,  -1.1,   0.3
66529,   0.1,  -0.1,   1.7, -31.3, -16.9,1017.1,  -1.1,   0.3
66553,   0.6,   0.1,   1.1, -13.4, -11.5, 981.7,  -1.0,   0.3
66577,  -0.9,  -0.9,   1.6, -52.5, -10.0,1000.5,  -1.0,   0.3
66601,  -1.1,  -1.2,   1.3,  64.7, -83.8,1073.2,  -1.2,   0.2
66629,   0.0,   1.0,   1.8,  -2.5,  -0.3, 999.3,  -1.1,   0.2
66653,  -0.3,   1.2,   1.9,  23.9, -48.9, 999.3,  -1.2,   0.1
66677,   0.5,  -1.5,   2.3,  51.3, -73.5, 988.8,  -1.4,   0.2
66701,  -1.2,   1.8,   1.0, -25.2, -66.0, 998.5,  -1.5,   0.1
66729,  -0.9,   1.2,   1.4,  -9.8,  -6.4, 999.5,  -1.5,   0.1
66753,   1.6,   0.8,   1.7,  34.7,  23.9, 991.4,  -1.8,   0.1
66777,   4.6,   0.6,   0.7, -58.1, 110.1, 968.3,  -1.5,   0.2
66801,   3.3,  -0.4,   0.1,  14.4, -68.2,1031.5,  -1.3,   0.1
66829,   0.7,   2.8,   1.9, -21.0, -38.4,1010.5,  -1.3,   0.2
66853,   0.0,   0.4,   1.4, -26.6,  31.2, 970.2,  -1.2,   0.2
66877,   1.2,  -0.6,   2.8,   6.3,   7.8, 999.7,  -1.0,   0.3
66901,  -0.0,  -1.0,   1.0, -14.4,-109.9,1027.3,  -1.2,   0.3
66929,  -0.5,   0.9,   0.7, -66.7, -32.0, 997.1,  -1.3,   0.1
66953,  -1.0,  -0.1,   0.2,   6.6,  -3.5,1007.1,  -1.3,   0.1
66977,  -0.1,  -0.4,   0.5,  17.6, -26.2, 985.6,  -1.3,   0.1
67005,  -0.1,   0.0,   0.6, -39.3, -32.5,1011.5,  -1.4,   0.3
67029,   0.5,  -0.2,   1.8, -23.9, -30.3,1003.9,  -1.4,   0.3
67053,  -0.8,   0.6,   1.3,  39.0, -12.5, 992.2,  -1.3,   0.2
67077,   0.3,  -0.3,   1.5,  32.2, -26.6, 993.4,  -1.3,   0.1
67105,  -0.2,   1.2,   0.6,  -5.9, -41.5,1001.2,  -1.2,   0.1
67129,   0.8,  -0.3,   1.4,  -8.3,  -8.3,1000.2,  -1.1,   0.2
67153,   0.0,  -0.5,   2.1,  10.7,  -5.4,1000.5,  -1.0,   0.2
67177,   1.7,   0.2,   2.3, -13.4,   9.7, 991.0,  -1.1,   0.3
67205,   0.4,   0.3,   1.6, -34.7, -40.8,1001.7,  -1.1,   0.4
67229,   1.7,  -1.5,   2.1,  -1.0,  10.2,1019.8,  -1.1,   0.4
67253,   0.8,   0.6,   1.1,   6.6, -56.7, 991.9,  -1.2,   0.4
67279,   0.6,  -1.3,   1.5,  29.3,  19.5,1012.2,  -1.2,   0.3
67303,  -0.2,   0.0,   0.5,  13.7, -75.0, 987.8,  -1.3,   0.2
67331,   0.5,   0.0,   1.0,  16.8, -22.5,1046.1,  -1.3,   0.2
67355,   0.3,   0.4,   1.1,  -5.6,  -0.8,1004.1,  -1.3,   0.1
67379,   0.6,  -0.5,   0.4,  61.8,  -3.7,1003.9,  -1.2,  -0.1
67403,   1.6,   0.1,   0.7,  -3.4,  10.5, 957.5,  -1.2,  -0.0
67427,   1.3,   0.7,  -1.3,  -9.5,   2.7,1004.6,  -1.1,  -0.1
67455,   0.9,   1.9,  -1.8, -36.1, -25.2,1043.2,  -1.0,  -0.1
67479,   1.2,  -0.5,  -0.4,  35.4, -42.3,1005.9,  -0.9,  -0.1
67503,   0.7,  -0.5,  -0.5, -11.2,  -6.6, 961.2,  -0.9,  -0.1
67527,  -0.8,   1.2,  -0.6,  13.9,   1.7, 981.2,  -0.9,  -0.1
67555,  -0.9,  -0.1,  -4.4, -22.5, -33.2, 972.9,  -1.1,  -0.2
67579,  -3.9,   2.1,  -4.1,  47.3, -26.9, 921.1,  -1.2,  -0.5
67603,  -2.8,   5.0,  -7.2,-266.4, -37.9,1130.9,  -1.4,  -0.5
67627,   1.4,   1.3,  -4.9, -99.6,  65.4, 996.8,  -1.3,  -0.2
67655,   0.3,   0.1,  -6.3, -70.8, -67.7,1035.9,  -1.3,  -0.5
67679,   0.4,  -1.1,  -5.4, -12.0,  35.9, 966.8,  -1.0,  -0.0
67703,  -0.0,   1.6,  -6.0,  19.3,  39.5,1019.3,  -0.9,  -0.1
67727,  -0.7,   0.4,  -6.2, -83.5,  48.3, 965.3,  -0.6,  -0.1
67755,   0.3,  -1.3,  -5.6,  83.2,  -6.9,1020.3,  -0.5,  -0.1
67779,   0.6,   1.7,  -4.8, -13.7,  11.0,1015.4,  -0.5,  -0.2
67803,  -1.5,   1.0,  -6.0, -17.8,  -0.3,1014.9,  -0.4,  -0.1
67831,  -1.0,   0.4,  -5.2, -20.3,   3.4,1022.9,  -0.4,  -0.0
67855,  -0.8,   0.5,  -5.4,  19.8,   8.8, 968.0,  -0.3,   0.0
67879,  -0.7,  -1.2,  -6.2,  17.6,   2.7, 978.8,  -0.3,   0.1
67903,  -0.9,  -0.5,  -5.2,  15.1,  24.6,1008.1,  -0.4,   0.2
67927,  -0.6,  -0.5,  -5.1,  -4.9,  21.2,1026.8,  -0.2,   0.2
67955,   0.1,  -0.1,  -6.0,   7.8, -27.9,1015.6,  -0.1,   0.2
67979,   1.0,   1.1,  -3.7,   2.2,  12.7, 986.8,  -0.1,   0.3
68003,   0.9,  -0.7,  -3.8,   8.5,  20.0, 995.4,   0.0,   0.5
68031,  -0.0,   0.1,  -3.4, -13.7,  29.8,1006.6,   0.2,   0.5
68055,   0.1,  -0.1,  -4.5, -45.2, -11.0,1000.0,   0.2,   0.6
68079,   0.5,   0.2,  -3.7, -37.9,  15.6,1012.4,   0.2,   0.6
68103,  -0.9,   0.7,  -1.9, -10.3,  11.0,1006.3,   0.3,   0.7
68131,  -0.6,  -0.1,  -1.1, -19.5,  17.3, 985.6,   0.4,   0.9
68155,  -0.2,  -0.5,  -0.4, -32.5,  33.4,1016.1,   0.4,   1.0
68179,   0.8,  -1.4,  -0.2,   8.0,  -8.1,1012.2,   0.4,   1.0
68203,   0.1,   0.4,   0.7, -45.4,  15.3,1016.1,   0.5,   1.0
68231,  -1.2,  -0.6,   0.5,  -3.7,  -1.5, 994.6,   0.5,   1.0
68255,   0.1,   0.6,   2.1,   1.7,  -8.1,1004.4,   0.5,   1.0
68279,   0.9,  -0.1,   1.3,  -6.1,  12.4,1006.1,   0.6,   0.9
68303,   0.6,   1.0,   1.5,  15.1,  -3.2,1000.5,   0.6,   0.9
68331,   1.3,  -0.2,   2.9,  -2.0,  22.7,1001.7,   0.7,   0.8
68355,   0.5,   0.3,   2.7,   0.2,   7.0, 997.1,   0.8,   0.8
68379,  -0.0,   0.5,   2.6, -13.0,   3.9,1026.4,   0.7,   0.8
68403,   0.9,  -0.9,   2.2, -28.8, -34.2,1001.7,   0.6,   0.8
68431,  -0.0,  -0.3,   1.6,  10.7, -32.7,1011.5,   0.3,   0.7
68455,  -0.8,   1.3,   2.8,  -7.1, -32.3,1010.7,   0.1,   0.7
68479,   0.1,   0.2,   1.5,   2.4, -32.7, 992.2,  -0.0,   0.6
68503,  -0.6,  -0.7,   0.6,  10.0, -31.5,1004.9,  -0.2,   0.5
68531,  -0.3,   0.2,   0.3,  11.2, -46.2,1010.5,  -0.5,   0.4
68555,   0.5,  -0.9,  -0.8,   3.6, -21.5, 991.2,  -0.7,   0.3
68579,  -1.4,   0.7,  -0.7,  19.3, -37.6,1013.9,  -0.8,   0.2
68603,  -0.5,   0.6,   0.6, -68.6, -77.4,1085.7,  -1.1,   0.2
68631,   1.7,  -1.3,   1.1,   7.8, -15.2,1038.6,  -1.0,   0.4
68655,   1.4,  -0.9,   2.3, -21.0, -33.0,1001.0,  -1.1,   0.5
68679,  -0.5,   1.0,   2.5, -45.4, -36.9,1001.2,  -1.1,   0.6
68703,   1.1,  -0.1,   2.5,  11.2, -35.7, 989.7,  -1.3,   0.6
68731,   0.9,  -0.9,   2.6,  39.0,  -5.2,1010.2,  -1.3,   0.5
68755,   1.1,   0.9,  -0.2,  21.0, -19.1, 989.5,  -1.3,   0.2
68779,   1.0,   0.7,  -0.7,  12.9, -22.7,1001.5,  -1.3,   0.1
68803,   0.7,   0.7,  -0.4,  11.2, -52.8, 985.3,  -1.5,  -0.0
68831,  -0.9,  -0.6,  -0.1,  -8.8, -37.9,1011.0,  -1.5,  -0.1
68855,  -0.5,   1.9,  -0.2, -70.1, -40.8,1011.0,  -1.6,   0.1
68879,   1.4,  -1.4,   1.3,  30.7, -20.1, 993.4,  -1.6,   0.2
68905,   0.2,  -0.2,   2.1, -13.9, -25.2,1003.9,  -1.7,   0.2
68929,  -0.4,  -0.1,   2.3,  -7.6, -17.6, 980.5,  -1.7,   0.3
68953,   0.0,  -0.1,   1.3,  41.2, -50.3,1023.9,  -1.8,   0.1
68981,   0.9,  -1.1,   2.5,  -5.1, -21.0,1005.4,  -1.9,   0.2
69005,  -0.2,   0.1,   1.6, -18.3, -49.6,1013.4,  -2.0,   0.2
69029,   0.1,  -1.5,   1.0, -33.2,  -6.9, 992.2,  -2.0,   0.3
69057,  -1.8,   1.3,   1.2,  32.2, -38.4, 990.5,  -2.0,   0.2
69081,  -0.2,  -0.5,   0.6, -30.3,  -9.3, 999.5,  -2.1,   0.2
69105,   0.1,  -0.6,   0.5,   9.5, -28.1, 990.7,  -2.0,   0.2
69129,   2.2,  -0.3,   0.9,   9.5, -47.4,1034.2,  -2.0,   0.1
69157,   0.8,  -0.9,   0.6,  11.5, -36.7,1011.2,  -1.9,   0.1
69181,  -0.1,  -0.8,   2.1,  22.7, -50.8,1012.9,  -2.0,   0.1
69205,  -0.0,   0.6,   0.8,  33.7, -12.5,1068.1,  -1.9,   0.1
69229,  -1.0,   1.9,   2.1,-101.6, -50.6,1015.6,  -2.0,   0.2
69257,  -0.5,  -1.4,   1.2,  -5.1, -57.2,1030.3,  -1.9,   0.2
69281,   0.1,  -0.8,   1.7, -17.6, -31.8, 999.5,  -2.0,   0.2
69305,   0.8,  -1.6,   1.0,  44.4, -35.2,1009.8,  -2.1,   0.1
69333,  -0.5,   0.6,   1.3,   5.1, -39.8,1059.6,  -2.1,   0.1
69357,  -0.1,  -0.4,   1.2,  22.2, -29.1, 992.7,  -2.0,   0.2
69381,   1.6,   0.7,   1.5, -10.0,  -0.8,1014.9,  -2.1,   0.2
69405,  -0.5,  -1.2,   0.9,  46.6, -31.5,1010.7,  -2.0,   0.3
69429,  -1.1,   0.1,  -0.3, -15.6, -44.0, 970.0,  -2.1,   0.1
69457,   0.0,  -0.1,   0.1,  -5.1, -38.4, 981.0,  -2.1,  -0.0
69481,  -2.4,   2.2,   0.2, -89.1,-203.2,1153.6,  -2.2,  -0.1
69505,   1.7,  -1.8,   4.3, -26.1,  43.9, 895.7,  -2.2,   0.4
69529,   1.2,  -0.8,   4.4,-156.8, -67.9, 990.5,  -2.3,   0.6
69557,   0.9,  -1.3,   1.2, 125.2, -20.5,1021.0,  -2.3,   0.1
69581,   0.2,   1.3,   1.7, -28.8,  35.4, 971.9,  -1.8,   0.2
69605,  -2.0,   1.0,   0.7, 135.7, -42.5, 990.2,  -1.8,  -0.4
69629,  -2.0,  -1.2,   2.2, -80.1, -72.3,1064.4,  -2.0,   0.0
69657,   0.2,   1.4,   1.0,  -9.5,   5.6,1027.8,  -1.9,  -0.2
69681,  -2.3,  -0.1,   1.8, -25.9, -61.1,1016.6,  -1.8,  -0.1
69705,   0.2,   0.1,   2.3,  12.4, -25.7,1082.3,  -1.9,  -0.0
69729,  -1.4,   0.7,   2.4,  40.5,   0.7,1016.8,  -1.9,  -0.0
69757,  -1.0,   1.5,   1.0,  -2.5, -61.3,1016.4,  -1.8,  -0.0
69781,  -0.6,   1.2,   1.3,  26.4, -15.9, 976.1,  -1.8,  -0.1
69805,  -1.9,   1.9,   1.5,  -5.6, -54.2, 969.0,  -1.9,  -0.2
69833,  -0.6,  -1.8,   2.1,  24.4,  60.5, 944.1,  -1.8,  -0.3
69857,  -0.5,   0.6,   1.5, -53.7, -87.7,1013.9,  -1.8,  -0.4
69881,  -0.4,   0.7,   1.5,-134.0, -64.0,1043.0,  -1.8,  -0.2
69905,  -0.4,  -0.2,   1.6,  10.7,  68.8, 958.0,  -1.5,  -0.4
69929,   0.1,  -2.1,   2.1, -22.5,  10.7,1054.2,  -1.5,  -0.3
69957,  -0.8,   1.0,   1.1, -36.6, -35.9,1002.2,  -1.4,  -0.2
69981,  -2.1,   1.8,   1.0, -61.1,   5.6,1032.2,  -1.3,  -0.3
70005,  -1.7,  -2.7,   2.1, -45.9, -24.9, 918.7,  -1.3,  -0.0
70029,  -5.3,   2.8,   2.0,-129.4,-122.3,1081.8,  -1.5,  -0.1
70057,   3.3,  -2.3,   3.4, 282.5,  30.0, 897.2,  -1.7,  -0.3
70081,   3.5,  -1.7,  -2.1, -83.8,   3.9, 942.1,  -1.5,  -0.4
70105,  -0.3,  -0.2,  -0.4,  49.1, -43.2, 962.9,  -1.2,  -0.4
70133,  -2.5,  -0.5,   1.5, -99.6, -29.3, 991.9,  -1.6,  -0.3
70157,   0.3,  -4.0,   3.2,  33.2, -22.7,1010.5,  -1.4,  -0.1
70181,   0.5,  -0.7,   1.7, 105.9,  44.9,1047.8,  -1.4,  -0.3
70205,  -1.6,   0.0,   0.9, -24.4,  21.4, 949.9,  -1.3,  -0.2
70233,   0.3,  -1.1,   2.1, 112.5,  11.4, 979.7,  -1.4,  -0.4
70257,  -1.5,  -1.2,   3.1, 112.8,  24.4, 993.6,  -1.4,  -0.3
70281,  -0.6,   0.7,   1.0,  31.2, -27.9,1007.3,  -1.4,  -0.3
70305,   0.5,   1.0,   0.7,-148.0, -45.4, 970.2,  -1.6,  -0.1
70333,  -2.1,  -1.3,   1.4, -22.7,-106.2, 994.6,  -1.7,  -0.1
70357,  -1.1,  -1.0,   2.0,-123.1, -81.3,1025.1,  -1.7,   0.1
70381,   0.8,  -3.5,   1.6, 107.9,  33.4,1006.8,  -1.6,   0.1
70405,   0.6,  -1.3,   1.2, -26.4, -22.7,1041.3,  -1.4,  -0.1
70433,  -2.5,  -0.7,   2.1, -25.6,   2.7,1045.6,  -1.3,  -0.1
70457,  -0.5,   1.4,   2.2,-140.9,  38.5, 960.9,  -1.3,  -0.1
70481,   0.3,  -3.6,   2.3,  47.6,  -1.5,1019.5,  -1.3,  -0.2
70505,  -2.0,   0.2,   1.7,   1.0,-103.8,1005.1,  -1.3,  -0.2
70531,  -3.8,   2.4,   1.2, 109.8, -14.9, 967.0,  -1.1,  -0.3
70555,   7.2,  -4.9,   4.4, -63.0, 351.0, 918.0,  -1.5,   0.2
70583,   3.8,  -3.7,   0.4,  70.1,   6.3, 927.2,  -0.9,  -0.2
70607,   1.4,  -3.5,   1.3,  85.2,  10.7, 978.3,  -0.9,  -0.4
70631,  -1.3,   3.1,   1.0,-148.5, -24.4, 994.6,  -1.1,  -0.3
70655,  -0.6,  -0.8,   1.8, -38.6,  84.7, 986.6,  -1.0,  -0.2
70683,  -0.2,   0.0,   0.7,  46.9, -18.1, 962.9,  -0.9,  -0.6
70707,   0.1,  -2.3,   1.0,  31.5, -21.3,1025.6,  -1.1,  -0.3
70731,  -1.0,   1.1,  -0.6, -17.3,-168.7,1068.8,  -1.3,  -0.6
70755,   1.1,   0.4,  -0.5, -96.9,  36.6, 918.7,  -1.2,  -0.3
70783,   1.7,  -0.7,  -0.1, -83.0, -39.6, 979.0,  -1.2,  -0.3
70807,   2.6,  -3.5,   1.3,  19.0,   0.5, 938.7,  -1.2,  -0.2
70835,   1.3,   1.2,  -0.6, -27.1, -46.2, 993.2,  -1.2,  -0.1
70855,  -0.9,  -1.0,  -0.8,  16.1, -18.3, 990.0,  -1.0,   0.1
70883,  -0.2,   2.0,  -0.5, -56.4,-122.8,1032.7,  -1.2,  -0.1
70907,  -0.3,   0.3,  -0.5,  56.6, -79.4, 965.3,  -1.1,  -0.3
70931,  -0.2,   1.3,  -1.3,  -3.2, -16.1, 965.3,  -1.2,  -0.3
70955,   0.0,  -1.3,  -0.2, 111.3, -37.6,1072.5,  -1.1,  -0.3
70983,  -0.1,  -0.5,   1.2, -64.2, -10.8, 985.6,  -1.1,  -0.1
71007,  -1.6,   1.2,   0.6,   5.4, -44.7, 951.9,  -1.2,  -0.2
71031,  -2.2,  -2.4,   1.0, 237.5, -12.0, 972.9,  -1.3,  -0.5
71059,   4.1,  -3.8,   1.5,  80.3, 120.1,1007.3,  -1.5,   0.0
71083,   3.0,   0.6,   0.0,  24.2,-171.7, 991.2,  -1.3,  -0.4
71107,  -0.2,  -1.3,  -0.6,  -6.9, -44.2,1081.3,  -1.3,  -0.3
71131,   1.6,  -1.6,  -0.1,  29.3, -38.6, 942.1,  -1.5,  -0.2
71159,   1.4,  -3.9,   1.1, 214.3,  53.2, 947.3,  -1.2,  -0.3
71183,   2.3,   0.7,  -1.2,-218.8,-142.6,1006.3,  -1.5,   0.0
71207,   1.7,  -2.3,  -0.2,  99.6,  24.9,1053.2,  -1.5,  -0.3
71231,  -0.2,   0.9,  -0.8, -66.7,  57.8,1070.8,  -1.5,  -0.2
71259,  -0.5,   0.3,  -1.1, -31.5, -22.5,1011.2,  -1.4,  -0.3
71283,   1.6,  -0.4,  -0.3,  51.5,  63.2,1065.4,  -1.4,  -0.4
71307,   4.1,   1.0,  -0.7,-137.5, -45.7, 990.5,  -1.5,  -0.2
71335,   2.8,  -1.9,  -0.9, 112.5, -72.5,1027.3,  -1.5,  -0.4
71359,   3.5,   2.6,  -2.2, -13.9,  22.9, 942.6,  -1.6,  -0.6
71383,   0.7,  -0.5,  -1.8, -77.2, 101.0,1252.2,  -1.4,  -0.6
71407,   2.0,   1.2,  -2.6, -49.8,  24.1, 996.3,  -1.2,  -0.6
71431,   1.4,   1.4,  -3.8, -74.7, -94.3,1040.5,  -1.3,  -0.7
71459,   0.1,   1.2,  -2.4, -48.4,  86.6, 957.3,  -0.7,  -0.5
71483,  -4.1,  -1.9,  -1.2,  58.1,   6.6, 962.4,  -0.5,  -0.1
71507,   1.5,   0.3,  -0.4, 141.3,  25.8,1112.5,  -0.9,  -0.3
71531,   4.0,   0.4,  -2.5,  23.7,  82.5,1047.1,  -0.0,  -0.2
71559,   3.1,  -3.1,  -2.7, 166.7,  36.3,1065.2,   0.2,  -0.2
71583,  -2.9,   0.5,  -0.9,  36.6,-101.8,1022.9,  -0.2,  -0.1
71607,   0.5,   1.8,  -2.4,-234.9, -57.4,1109.4,  -0.3,   0.2
71631,   1.1,   1.3,  -2.4,-265.4,  42.2, 945.1,   0.3,   0.4
71659,   3.0,  -5.4,  -2.3, 216.8,  55.4,1086.9,   0.4,   0.1
71683,  -0.2,  -2.7,  -1.8, 206.8, -13.7,1062.0,   0.5,   0.1
71707,  -0.3,   1.1,  -1.0,   6.6,  32.4, 971.7,   0.5,   0.2
71731,   1.2,  -0.7,   0.4, -59.8,  86.4, 978.8,   0.8,   0.5
71759,  -0.6,  -0.4,  -0.3, 103.5, -21.5,1052.5,   0.9,   0.3
71783,  -2.0,   1.0,  -0.2,   1.4,  -0.8,1024.2,   1.1,   0.4
71807,  -1.7,  -0.6,   1.7, -10.5,  63.4, 996.3,   1.2,   0.6
71835,  -1.0,  -1.9,   3.1, 102.8,  52.7, 959.2,   1.3,   0.4
71859,  -1.4,  -2.3,   2.8, 103.5,  -2.7, 987.3,   1.3,   0.4
71883,  -2.8,   0.9,   3.2,  22.2, -39.3,1049.8,   1.3,   0.3
71907,  -0.4,   0.1,   3.7, -57.6,  22.2, 955.6,   1.4,   0.6
71931,   0.8,  -2.1,   4.2,  21.0,  44.4, 967.5,   1.3,   0.6
71959,   0.7,  -1.6,   3.7, 104.5,   1.7,1006.3,   1.1,   0.3
71983,  -0.9,  -0.8,   4.3,  17.3,  -3.2, 950.7,   1.1,   0.3
72007,  -3.3,  -0.3,   4.8, -18.3, -10.8, 985.8,   0.8,   0.4
72031,  -3.6,  -0.4,   5.6, -75.5, -88.9,1102.3,   0.4,   0.7
72059,   1.5,  -1.8,   6.2,  74.9,  77.1, 892.1,   0.5,   0.4
72083,   1.9,   0.7,   3.5,  56.4, -22.0,1013.7,   0.6,   0.1
72107,   0.3,   2.3,   3.3,-175.6, -50.1, 944.6,   0.5,   0.4
72135,   1.1,  -0.5,   4.2, 134.0,  13.4, 998.5,   0.3,  -0.0
72157,   1.4,  -0.4,   4.6,  43.9,  19.3,1033.7,   0.3,   0.0
72185,  -0.2,   3.7,   3.8, -79.6,   0.7, 982.2,   0.3,  -0.1
72209,   0.3,  -0.1,   4.3,  28.1, -70.3,1038.6,   0.1,   0.0
72233,   0.1,   2.4,   3.7,-119.2,  -6.1, 990.5,  -0.0,   0.1
72257,   0.9,  -0.5,   3.5,   1.7,  -2.2, 982.9,  -0.1,   0.1
72285,   0.8,  -1.9,   2.8,  29.0, -33.5, 949.2,  -0.1,   0.1
72309,  -0.3,   0.9,   2.5,  26.1,-105.7, 997.3,  -0.3,  -0.0
72337,  -0.5,  -0.4,   1.7, -12.5, -93.1,1027.3,  -0.4,  -0.0
72357,   1.6,  -0.5,   2.6,  55.2, -31.0, 977.5,  -0.6,  -0.2
72385,  -0.5,   0.1,   1.0, -84.7,  51.2, 990.2,  -0.4,  -0.0
72409,  -2.6,  -1.0,   0.8,  44.9, -88.9,1003.7,  -0.6,  -0.0
72433,   1.2,  -2.7,   2.3,  36.1, -12.7,1033.9,  -0.6,  -0.1
72457,   1.0,   0.7,   1.8,-122.6,  20.0, 943.1,  -0.6,   0.1
72485,  -0.8,  -1.0,   2.1,  26.1, -38.6,1000.7,  -0.5,   0.0
72509,   0.5,  -1.3,   2.6, -23.2, -15.9,1052.7,  -0.5,   0.0
72533,  -1.9,  -1.1,   3.8, -16.4, -20.8, 956.3,  -0.6,   0.1
72557,  -1.4,   0.4,   2.6, 151.6,   8.8, 929.4,  -1.0,  -0.6
72585,   0.1,  -3.3,  -0.6, 209.2,  98.4,1087.2,  -0.7,  -0.6
72609,  -3.3,   4.9,  -1.6, -56.4, -42.0, 898.7,  -0.6,  -0.7
72633,  -0.2,   5.3,   1.7,-482.4,-323.5,1311.8,  -1.5,  -0.4
72657,   2.5,   0.5,   1.8, -29.3,  37.3,1007.1,  -1.2,  -0.4
72685,  -0.6,  -0.7,   0.7,-147.7,  74.7,1009.3,  -1.1,  -0.1
72709,  -0.5,   0.4,  -0.3, 195.8, -72.3,1102.0,  -1.1,  -0.3
72733,  -0.7,   2.0,   1.7,-138.9,-115.0,1066.6,  -1.4,  -0.0
72757,   1.3,   2.1,   0.2,   0.7, -68.2,1070.1,  -1.3,  -0.3
72785,  -0.5,  -0.1,   1.0, -17.8,-109.7,1054.9,  -1.3,  -0.1
72809,  -0.5,   0.5,   0.1, -12.7,  -7.8,1043.9,  -1.4,  -0.2
72837,  -1.4,  -0.5,  -0.1, 157.0,-102.3,1010.0,  -1.5,  -0.4
72857,   0.5,  -1.0,  -1.1, 102.8,   1.2, 997.3,  -1.6,  -0.3
72885,   1.9,  -1.0,  -0.5, 109.4,   2.9, 977.5,  -1.6,  -0.2
72909,   0.6,  -1.6,  -1.2,  46.6,  -2.0,1027.1,  -1.6,  -0.2
72933,  -0.4,  -3.8,  -0.4, 157.2,  -6.6, 991.0,  -1.4,  -0.1
72957,  -0.4,  -2.2,  -1.0,  87.6, -66.4,1069.8,  -1.3,  -0.1
72985,   1.2,  -0.8,   0.8, -42.7,-148.2,1048.3,  -1.6,   0.1
73009,   0.9,  -0.7,   1.8, -44.4, -10.3,1008.3,  -1.2,   0.3
73033,   0.8,  -3.8,   1.3, 117.2, -89.1, 934.6,  -1.3,   0.3
73057,   1.3,   2.9,  -3.7,-150.9, -56.9, 956.3,  -1.7,  -0.1
73085,   7.2,  -3.8,   0.1,  -2.9,  66.1,1004.6,  -1.5,   0.1
73109,   4.2,   2.2,  -2.3,-138.0, -94.0,1040.3,  -1.4,  -0.3
73133,   1.6,  -1.2,  -3.0,  48.1,  68.1, 926.0,  -1.4,  -0.0
73161,   2.2,  -0.4,  -3.2,  99.4, 165.2, 996.3,  -1.3,  -0.1
73185,   0.2,  -5.8,   0.2, 249.5, -18.6,1034.9,  -1.1,  -0.0
73209,   0.4,   0.9,  -1.7,-100.6,-108.2,1081.8,  -1.3,  -0.1
73233,  -0.9,   3.8,  -1.5,-233.9, -72.3, 980.7,  -1.1,   0.3
73261,  -0.3,  -2.6,   1.4,  33.2, -49.6,1009.3,  -0.9,   0.5
73285,   0.5,  -2.3,  -0.3, 162.3,  69.5, 980.0,  -0.7,   0.1
73309,   0.9,  -0.9,  -0.5,  19.3, -37.9, 973.9,  -0.8,   0.4
73337,   2.3,   1.4,  -1.0, -49.8, -22.5, 980.5,  -0.8,   0.5
73361,   1.0,  -0.9,  -2.1,  -1.7, -32.3,1028.1,  -0.8,   0.4
73385,   1.6,  -4.2,  -1.2, 226.1, 105.7, 955.3,  -0.6,   0.2
73409,   0.3,  -2.3,  -0.9, 112.3, -61.8, 961.2,  -0.6,   0.3
73433,   6.1,  -4.6,   0.2, 154.8,  72.5,1011.2,  -0.7,   0.4
73461,   1.7,  -0.3,  -0.2,-305.7,  13.6, 909.7,  -0.3,   0.8
73485,   0.4,   2.0,  -1.9,  76.2,-435.8,1251.5,  -0.6,  -0.1
73509,   6.2,  -4.6,   0.4, -20.8, 274.6, 801.5,   0.3,   0.7
73533,   6.7,   1.2,  -2.1,  92.5, -30.6, 912.1,   0.2,  -0.2
73561,   1.6,  -7.1,   1.1,   9.0, -97.4,1073.7,   0.1,   0.6
73585,   0.6,   2.1,  -1.5, -19.1,  -7.4, 944.8,   0.4,   0.2
73609,   2.7,  -3.8,  -0.4,  52.0, 104.0,1025.6,   0.7,   0.3
73633,   1.0,   2.2,   0.0, -69.6, -54.7, 960.4,   0.7,   0.3
73661,   2.8,  -4.0,   1.2,  88.6,  42.9,1047.6,   0.8,   0.4
73685,   1.9,   1.4,  -0.1,  41.0, -95.2,1003.7,   0.9,   0.2
73709,   3.6,   1.2,   0.4,-154.3, 175.3,1014.4,   1.2,   0.6
73733,   4.1,  -0.4,   0.1, -86.0,  69.3, 964.6,   1.5,   0.6
73761,   2.2,  -1.7,  -0.5,  28.5,  43.4, 926.5,   1.5,   0.4
73783,   2.2,   1.3,  -0.9,  -4.9, 198.5, 981.0,   1.9,   0.3
73811,   0.5,   1.8,   0.6, -68.1, -37.6, 949.7,   2.1,   0.4
73839,   2.1,   2.6,   0.9,-193.1,  74.9, 987.3,   2.2,   0.7
73859,   0.9,   1.4,  -0.4,  59.1, 158.9, 948.0,   2.6,   0.3
73883,   4.1,   4.9,  -0.9,-527.6,  96.2,1107.7,   2.3,   0.8
73911,   3.4,   0.9,   1.0, 270.0,-127.2,1028.3,   3.0,   0.1
73935,   3.2,   3.2,  -0.4,-185.3,  68.6,1027.8,   3.1,   0.3
73959,  -0.5,  -0.7,   0.5,  54.4, 108.9, 860.3,   3.5,   0.6
73983,   0.4,  -3.7,   1.4, -39.8, 147.4,1082.0,   3.5,   0.5
74011,   2.0,   2.2,   0.5, 156.5,  69.3, 938.7,   3.7,   0.0
74035,   0.2,  -1.6,   0.4, 134.3, 129.6,1041.0,   3.8,   0.1
74059,   1.9,   2.0,   0.0,  32.9, -46.2,1000.2,   3.4,   0.0
74083,  -0.1,   5.1,  -4.3, -73.0, 160.4, 921.1,   3.5,  -0.5
74111,   2.7,  -5.9,  -0.1,  36.6, 168.4,1139.9,   3.5,   0.1
74135,   1.6,  -1.0,  -1.2,  68.1, -29.8,1028.6,   3.2,  -0.2
74159,   1.5,  -1.0,  -4.2, -52.0,  46.6, 997.3,   3.5,   0.1
74187,   3.6,  -4.1,  -2.8,  95.2,  80.5,1047.6,   3.7,   0.1
74211,  -0.2,  -2.2,  -1.5,  46.4,  87.1,1022.2,   4.0,   0.1
74235,   0.3,  -1.0,  -1.3, -53.5,  33.9,1002.7,   3.9,   0.4
74259,  -0.6,  -1.3,  -2.2, 150.9,  82.7, 961.4,   3.7,  -0.1
74287,   1.9,  -3.6,  -3.5,   8.0, 122.8,1231.2,   3.7,   0.4
74311,   0.1,  -0.3,  -2.9,  77.9, -30.8, 892.1,   3.8,   0.0
74339,   0.0,  -3.7,  -3.9,  10.7,  64.7,1024.7,   3.9,  -0.1
74359,  -1.0,  -1.3,  -3.2,  90.8,  24.9, 918.0,   3.7,   0.3
74387,  -0.0,  -2.9,  -3.6, -36.1, -12.5, 984.9,   3.6,   0.3
74411,  -2.0,  -2.1,  -2.2, -23.7,  57.1,1059.6,   3.7,   0.1
74435,  -1.4,  -0.8,  -2.6,  -4.2, -34.7, 957.0,   3.5,   0.0
74459,  -1.7,   0.8,  -1.5, -50.6,  11.9,1054.9,   3.4,   0.1
74487,  -0.8,  -3.8,   0.2,  65.7,  56.6,1031.2,   3.4,   0.2
74511,  -1.6,   0.5,   0.9,-166.3, 114.7, 890.1,   3.3,   0.5
74535,  -0.5,  -3.9,   0.6, 311.3,  35.1,1033.0,   3.1,   0.1
74559,   0.1,   2.1,  -0.2,-155.8,-107.2,1022.9,   2.7,   0.4
74587,   0.2,  -1.6,   1.1, -20.0,  40.5,1016.1,   2.7,   0.3
74611,   1.4,  -0.4,   0.4, -76.4,  75.9,1029.3,   2.4,   0.3
74635,   0.9,  -4.3,  -0.5, 138.4, 118.9,1024.7,   2.5,   0.1
74659,   0.2,   1.6,  -1.2, -20.5,  10.5,1072.0,   2.3,  -0.0
74687,  -1.3,  -0.8,  -0.3, -12.5,  -7.1,1078.4,   2.3,   0.1
74711,  -1.5,   0.4,   0.4,  -6.9,  -2.2, 935.8,   2.2,  -0.0
74735,  -5.0,   1.2,  -0.4, -20.3,  29.0, 961.7,   2.1,  -0.1
74759,   3.2,  -3.2,   2.4, 152.8, 279.3, 997.3,   1.7,  -0.0
74787,   1.5,  -1.6,  -2.4,  82.5,  27.3, 904.5,   2.2,  -0.2
74811,  -3.0,   3.5,  -0.3, -71.3, -48.9,1035.4,   2.0,   0.1
74839,  -3.0,  -3.6,   0.4, 200.2,  38.3, 944.3,   1.9,  -0.3
74859,  -0.8,  -6.2,   1.8, 136.9, 211.4, 956.8,   1.9,   0.0
74887,  -1.3,   1.2,  -0.9,   7.8,  43.9, 921.9,   2.1,  -0.3
74911,  -0.7,   2.9,  -1.6,-343.3,   8.8,1120.8,   1.8,  -0.0
74935,   0.7,  -2.7,   1.2,   3.4,  59.3,1041.0,   1.7,  -0.0
74959,  -1.6,   4.1,   0.6,-153.1,  43.7,1066.6,   1.7,  -0.1
74987,   0.7,  -3.5,   1.6, -26.4, 152.6,1053.0,   1.8,   0.4
75011,  -2.0,  -0.3,   1.2,-113.8,  65.2, 865.0,   1.9,   0.4
75035,  -1.3,  -2.1,   0.9,  11.0,  78.1,1067.6,   1.5,   0.1
75059,  -1.3,   3.4,  -0.1,-213.1, -59.6, 970.9,   1.5,   0.3
75087,  -2.0,   0.7,   0.0,-151.9, -98.2, 990.2,   1.5,   0.3
75111,  -2.0,   0.0,   1.2,  43.7,  72.5, 867.2,   1.3,   0.2
75135,  -1.0,  -1.1,   0.7, 245.3, 146.4, 890.4,   1.2,  -0.6
75159,  -2.6,   8.6,  -2.4,-676.5,-520.1,1617.4,   1.0,  -0.2
75187,   4.2,   2.2,  -0.8,-162.4, -12.5,1055.4,   1.9,  -0.7
75211,   2.7,  -1.1,  -3.4,  45.4,  96.4, 990.7,   1.9,  -1.0
75235,   0.0,  -3.4,   0.3,  35.1,  59.8, 925.8,   1.7,  -0.3
75263,   1.9,  -1.8,  -0.1, 116.2, 171.6,1034.4,   1.8,  -0.6
75287,   0.8,   1.4,  -1.0, -66.7,  94.7,1024.7,   1.9,  -0.4
75311,   0.9,  -1.8,  -2.9, 166.7,  24.9,1066.4,   2.0,  -0.7
75339,   1.4,  -2.2,  -1.0,  67.1, -14.7, 996.3,   2.0,  -0.8
75363,  -0.3,   3.1,   0.4, -46.2,  66.9, 943.8,   1.8,  -0.8
75387,   1.1,   0.9,  -1.6, -23.5,  31.9, 923.6,   2.0,  -0.9
75413,   1.5,  -2.1,  -2.1, 288.6,  85.4, 988.0,   2.0,  -0.9
75437,   0.8,   2.1,  -3.4, 154.5,  22.9, 972.9,   2.1,  -1.2
75461,   2.5,  -0.6,  -4.7, 104.0,  68.6,1069.8,   2.2,  -0.9
75485,   3.6,   5.3,  -4.8,-197.5, 165.0, 892.6,   2.3,  -0.6
75513,   2.4,  -1.1,  -4.6,  95.9, 150.8, 952.6,   2.5,  -0.8
75537,  -2.1,  -0.8,  -3.0, 181.6,  72.7, 964.3,   2.9,  -0.5
75561,  -1.1,   3.2,  -3.0,  26.6, 123.7,1210.9,   2.6,  -0.3
75585,   3.1,   2.5,  -2.4, -76.7, 169.4, 945.3,   3.2,   0.1
75613,   0.9,  -1.2,  -4.1,  32.7,  27.8, 924.8,   3.5,  -0.0
75637,   0.5,  -4.1,  -1.9,  33.9, 124.5,1025.6,   3.4,   0.3
75661,  -2.2,   4.6,  -2.4, -48.4, -92.8,1009.8,   2.9,   0.0
75685,   0.3,  -3.0,  -2.1, -15.9, 140.3, 948.0,   3.3,   0.4
75713,   1.1,   1.2,  -2.9,  12.9,  63.9, 934.6,   3.6,   0.2
75737,   1.2,  -2.9,  -1.3,  76.6, 123.5, 968.7,   3.5,   0.5
75761,   2.0,  -2.3,  -0.4,  81.3,  78.1,1054.2,   3.5,   0.5
75785,   1.3,   1.5,  -1.3,  59.1, 109.6, 963.9,   3.6,   0.3
75813,   0.3,  -5.4,   1.3,   1.0,  98.6,1052.7,   4.1,   1.1
75841,   0.2,  -2.8,   2.6, -59.8, 147.2, 908.0,   4.2,   1.1
75861,   0.8,  -1.3,   3.4, -18.1, 105.4,1067.9,   4.2,   1.0
75885,  -0.5,   0.7,   3.6, -16.9,  33.7, 979.5,   4.4,   1.0
75913,   2.0,  -2.2,   6.5, 135.7,  69.1, 961.4,   4.5,   1.0
75937,   2.7,  -1.3,   5.4, 101.8,  15.8,1016.6,   4.5,   0.8
75961,   0.1,   0.4,   5.3, -45.2,  87.4, 931.6,   4.6,   1.0
75985,  -2.5,   2.0,   6.0, -73.5, -15.7, 947.7,   4.3,   0.9
76013,   5.7,  -0.8,  10.0,  23.4, 236.3, 940.4,   3.9,   1.0
76037,   3.6,   1.9,   5.4, -69.6, 107.4, 999.0,   4.4,   0.5
76061,   3.3,  -2.1,   8.7,  32.0,  56.8, 958.5,   4.3,   1.0
76085,  -1.3,   2.4,   7.3, -65.9, -43.0, 951.7,   3.7,   0.8
76113,   1.6,  -3.0,   7.5,  95.2,  99.1,1053.0,   3.6,   0.7
76137,   0.9,  -0.2,   6.5,  -9.3,  -9.1,1013.9,   3.6,   0.4
76161,   1.9,   0.1,   6.0, 145.7,  -0.0,1045.2,   3.6,   0.0
76189,   0.9,   0.5,   4.8, -15.6,  39.0,1016.4,   3.4,   0.1
76213,  -0.3,   2.2,   4.2, -67.9, -86.0,1074.5,   3.0,  -0.2
76237,   0.8,  -0.3,   6.0,-111.1,  33.7, 969.7,   3.2,   0.1
76261,   0.6,   0.4,   4.8,  20.0, -28.6, 970.5,   2.9,  -0.1
76289,   1.5,   0.5,   5.4, -48.8,  55.9, 909.4,   2.7,   0.1
76313,   3.6,   1.7,   4.8,  61.5,  25.8,1146.7,   2.3,  -0.3
76341,   1.3,  -1.2,   1.3,  59.6, -15.4, 973.1,   2.2,  -0.4
76361,  -0.3,   0.2,   0.6,  84.5,  60.8, 955.3,   2.0,  -0.7
76389,   0.5,  -4.6,   0.6, 169.7, 117.6, 974.8,   1.9,  -0.5
76413,  -1.8,  -4.9,   0.9, 130.8, -27.9, 936.0,   2.0,  -0.5
76437,  -4.1,  -0.8,  -0.8, 313.9,  -0.5, 934.8,   1.8,  -1.2
76461,  -2.5,   3.9,  -3.8,-134.0,  97.6,1040.0,   1.9,  -1.1
76489,   2.1,   4.6,  -1.2,-634.5,-312.8, 884.8,   1.3,  -0.3
76513,   1.4,  -5.7,  -0.3, 274.6, -14.7, 959.0,   1.6,  -0.8
76537,  -0.4,  -3.4,  -1.8, 158.9, 100.3, 925.5,   1.7,  -0.6
76561,  -2.2,  -1.8,  -2.3, 193.3,  97.9,1082.3,   1.7,  -0.6
76589,  -1.3,  -1.5,  -1.1,-114.8, 112.0, 962.6,   1.8,  -0.4
76613,   0.3,  -3.3,  -1.6, -35.7,  84.9,1031.0,   1.6,  -0.4
76637,   1.5,   2.8,  -3.5, -28.3,  59.5, 948.7,   1.8,  -0.4
76661,  -0.1,   0.3,  -4.1,-142.6,  77.8, 936.5,   1.9,  -0.3
76689,  -1.4,   1.9,  -2.6,-124.0,  95.9, 937.0,   1.8,  -0.3
76713,  -2.1,  -0.4,  -3.7,  70.3,  20.5,1050.3,   1.8,  -0.3
76737,   0.9,  -3.0,  -4.5, -14.2,  89.6, 983.4,   2.1,  -0.2
76761,  -0.4,  -1.3,  -3.5, 192.6,  98.4,1064.7,   2.1,  -0.2
76789,  -1.7,   1.7,  -4.0,-197.5,  30.2, 930.4,   2.2,   0.1
76813,  -1.1,  -2.7,  -2.4,  80.3,  13.6,1035.1,   1.9,   0.0
76841,  -2.8,  -0.8,  -3.5, 195.1,  42.0, 964.3,   1.8,  -0.2
76861,   1.5,   2.0,  -4.2,  -7.8,  92.5,1221.9,   1.6,  -0.3
76889,   3.7,  -5.8,  -2.4, 260.5,  46.4, 990.5,   2.2,  -0.1
76913,   0.3,   1.7,  -3.5,-263.2,  -7.8, 920.4,   2.3,   0.3
76937,  -0.5,  -1.8,  -1.0,  24.4, -26.9,1056.6,   2.1,   0.3
76961,  -0.4,   0.9,  -1.5,-122.8, 104.0, 996.6,   2.2,   0.3
76989,  -0.9,  -3.7,  -1.4,  99.6,  88.6,1000.5,   2.6,   0.3
77013,   0.5,  -1.0,  -1.8, 194.1,  47.6, 980.7,   2.5,   0.3
77039,  -1.1,   2.0,  -2.7, 170.4,  14.9, 975.6,   2.4,   0.2
77063,   0.9,   2.4,  -1.7,-299.6,  49.0, 965.8,   2.0,   0.6
77087,   1.7,  -0.7,  -1.9, -78.1,  63.9, 948.7,   2.2,   0.7
77111,   1.2,   0.3,  -3.6, -14.4,  49.8, 996.3,   2.3,   0.6
77139,  -0.3,  -0.2,  -2.3, 119.6,-128.9,1086.7,   2.2,   0.6
77163,   1.3,   1.8,  -3.2,  -9.3,  44.4,1017.8,   2.2,   0.5
77187,   2.4,   1.3,  -2.9, -92.1, 182.1,1007.8,   2.6,   0.6
77215,   1.1,  -1.6,  -2.3, 108.1, 138.4,1106.2,   3.1,   0.5
77239,  -5.7,   2.3,  -2.8, -57.9,  59.8, 909.4,   3.4,   0.5
77263,   5.1,  -0.7,   4.6,-578.9, 158.9,1024.4,   2.8,   1.6
77287,   1.7,   3.2,   3.2, 418.9,  90.1, 921.4,   3.3,  -0.3
77315,   0.8,   0.3,   0.7, -23.2, 254.4,1019.5,   4.0,   0.6
77343,  -0.8,   2.0,   1.9, -26.6,  39.8, 868.6,   4.0,   0.7
77363,  -0.7,   2.9,   3.5,-244.2,  85.9, 940.9,   3.6,   1.1
77387,   0.1,  -4.3,   3.6, 190.4, 226.8,1031.0,   3.7,   0.7
77415,   1.0,   1.1,   1.7, -67.4,  43.2,1017.6,   3.9,   0.9
77439,  -0.6,   1.6,   2.6,-132.1,  23.4, 972.6,   4.1,   0.9
77463,   0.7,  -1.2,   3.2,  56.9,  32.2, 982.2,   3.9,   0.6
77487,   2.5,   1.0,   5.1,  13.7,  99.1, 963.4,   3.9,   0.8
77515,   0.9,   0.4,   4.5, 107.7,  49.0, 967.3,   3.8,   0.5
77539,   2.1,   0.2,   4.3, -74.5, 125.9,1042.7,   3.9,   0.8
77563,   4.5,   0.2,   3.5, -28.3,  81.0,1018.5,   3.7,   0.6
77587,   3.1,  -1.6,   4.0,  40.3, 110.1, 969.7,   3.8,   0.6
77615,   0.1,   0.2,   2.6,  99.8,  30.7,1006.8,   3.8,   0.4
77639,   1.6,   1.7,   3.5,-118.7,  58.6,1017.1,   3.7,   0.6
77663,   0.3,  -0.9,   4.9, -93.8,  52.2, 995.4,   3.8,   0.8
77687,  -2.3,   1.0,   4.3,  14.6,  60.5, 908.2,   3.7,   0.3
77715,   3.8,  -4.8,   3.5, 109.4, -10.5,1269.8,   3.5,   0.4
77739,   2.8,   5.5,   2.4,-191.2, -67.9, 890.9,   3.7,   0.1
77763,   0.1,  -2.4,   3.1,  17.6,  80.3, 918.9,   3.6,   0.5
77787,  -2.0,  -2.3,   5.1,  99.1,  11.2, 929.2,   3.4,   0.5
77815,  -0.3,  -4.0,   4.2, 156.7,  22.2,1006.6,   3.4,   0.4
77843,   0.4,   0.1,   3.1, -41.5,   6.3,1000.7,   3.3,   0.4
77863,   0.3,  -1.6,   2.9, -19.5,  48.8, 965.1,   3.2,   0.6
77887,   0.9,  -0.4,   4.4, -49.3, -72.8,1065.4,   2.7,   0.4
77915,   1.4,  -1.0,   4.3,  70.8,  41.5,1012.9,   2.6,   0.3
77939,  -0.9,   1.5,   2.8,-130.6,  86.1,1015.6,   2.6,   0.4
77963,   1.6,  -2.7,   2.3, 167.5,  30.2, 992.9,   2.4,   0.1
77987,   2.1,   0.1,   2.7,-123.1, -14.2, 979.2,   2.0,   0.2
78015,   2.0,  -0.2,   3.1, -12.5, 141.1, 885.2,   2.1,  -0.0
78039,   0.6,  -6.6,   2.3, 206.3, -10.0,1106.2,   1.9,  -0.0
78063,  -0.8,   2.4,  -0.2, 156.0,  -4.9, 926.8,   2.0,  -0.4
78087,   0.6,  -0.1,   0.4, 143.3, -55.0,1098.9,   1.7,  -0.4
78115,  -0.4,   1.3,   1.8,-142.3,  93.5, 920.4,   1.8,   0.1
78139,  -3.9,  -4.4,   2.9,  33.9,  22.7, 930.4,   1.8,   0.4
78163,  -5.5,  -5.9,   1.6, 245.6,  29.0, 960.0,   1.3,   0.2
78187,   3.3,  -4.4,   2.3, 102.3,-107.2,1322.7,   0.6,  -0.0
78215,   3.4,   1.1,  -1.5,  18.1, -24.2, 980.2,   1.6,  -0.4
78239,   0.9,   7.0,  -3.8,-405.0,  36.8, 883.8,   1.4,  -0.0
78263,   0.1,  -7.1,  -0.2, 244.9, 244.1, 826.7,   1.4,   0.1
78291,  -1.5,   1.5,  -1.5, -36.6, -83.5,1133.8,   1.1,  -0.3
78315,   0.3,   4.8,  -1.9,-118.9,-144.3,1006.6,   1.2,  -0.4
78343,   1.1,  -2.8,  -1.1,-173.1, -79.4,1071.8,   1.1,  -0.3
78363,   0.8,  -2.8,  -1.5,  17.6, -26.6, 985.6,   1.1,  -0.4
78391,   1.4,  -2.1,  -1.2,  48.1,  -3.5, 973.6,   0.8,  -0.5
78415,   2.2,   3.5,  -4.0,-114.0,  45.4,1017.1,   0.8,  -0.8
78439,   0.9,  -6.1,  -1.8,  52.2,  50.0, 910.9,   1.0,  -0.2
78463,   0.9,   0.4,  -5.4, 161.6, -73.3,1048.1,   0.8,  -0.8
78491,   1.1,  -2.9,  -4.4, -95.5,  76.4,1042.7,   0.7,  -0.3
78515,  -1.6,  -1.9,  -5.7, 136.5, -11.3, 933.8,   1.0,  -0.7
78539,  -3.1,  -1.1,  -4.6,  11.7, -19.6,1035.4,   0.9,  -0.6
78563,   4.8,  -7.4,   1.2, 305.6, 299.3,1246.1,   0.6,   0.1
78591,   3.8,   4.6,  -6.0,-109.9,  52.9, 981.4,   0.9,  -0.7
78615,  -0.3,   1.2,  -4.8,-179.9, 114.5, 975.3,   1.6,  -0.2
78639,  -1.5,   2.4,  -3.8,-223.9, -15.4, 848.6,   1.2,  -0.1
78665,  -0.9,  -4.0,  -3.0, 241.2,-106.5,1205.1,   1.1,  -0.2
78689,  -0.8,   2.3,  -4.1, -47.9,-115.8,1062.0,   1.2,  -0.0
78713,   0.6,   1.1,  -4.1, -59.8, -14.2, 961.9,   1.4,  -0.1
78741,  -0.6,  -3.6,  -3.1, 148.9,-125.3,1085.9,   1.3,   0.1
78765,   1.2,   2.6,  -3.6, -24.2,  67.1, 948.2,   1.4,  -0.2
78789,   0.5,   0.4,  -3.7,-205.3, 298.3, 998.0,   1.7,   0.2
78813,   0.1,  -3.8,  -2.2,  38.6, 162.6, 887.0,   2.0,   0.5
78841,   2.3,  -1.2,  -3.0, 150.6,   3.9,1222.9,   2.0,   0.4
78865,   0.9,   2.2,  -3.5, -47.4, -51.3,1059.8,   2.2,   0.5
78889,  -2.1,   1.2,  -2.9,-213.9,-167.5,1109.9,   2.5,   0.8
78913,  -1.7,  -1.1,  -1.9,   7.1, -23.5, 914.5,   2.4,   0.6
78941,   4.0,  -8.0,   0.6, -29.3, 315.6,1129.6,   2.6,   1.1
78965,   0.5,   3.1,  -3.6, 156.5,  99.3, 983.1,   3.3,   0.3
78989,  -2.0,   1.5,  -1.5,  55.9, -14.2,1000.5,   3.4,   0.6
79013,  -2.2,  -1.8,  -0.4,  63.2, -61.6, 944.6,   3.1,   0.9
79041,   0.8,  -2.9,  -0.5,  51.3, -19.1,1131.1,   3.1,   1.0
79065,  -0.8,  -3.1,  -0.3,  27.1, -26.6,1045.9,   3.3,   0.9
79089,   1.2,  -1.8,  -1.3,  -9.8,   2.2, 953.6,   3.3,   0.9
79113,  -2.1,   0.7,   1.3,  28.3, -80.4, 927.0,   3.2,   0.6
79141,   0.4,   2.0,  -0.1,-119.2,  48.5, 939.7,   3.0,   0.5
79165,  -1.2,  -2.5,   1.2,  45.9,  21.4, 954.6,   3.2,   0.7
79189,   0.9,  -4.0,  -0.1, 212.1,  11.7, 995.4,   3.2,   0.5
79213,   0.7,  -2.4,   0.0, 244.1,  89.3, 937.5,   3.1,   0.5
79241,   0.6,   0.4,   1.0,-148.9, 210.7, 961.7,   3.4,   0.8
79265,  -1.8,  -1.0,   0.6,   6.3, -32.7, 986.8,   3.3,   0.7
79289,  -3.5,   0.4,   0.6, -26.9,  88.1, 924.1,   3.3,   0.6
79317,  -4.6,  -0.3,   2.8,-333.0,-361.4,1339.6,   2.4,   1.1
79345,   4.8,   4.6,  -1.1,-150.4,  62.2,1134.3,   2.6,   1.4
79365,   2.5,  -0.9,  -1.4,-380.4, 225.3, 903.1,   2.7,   2.0
79389,  -0.9,  -5.8,   0.1,  86.9,-118.9,1076.9,   2.7,   1.8
79417,  -1.7,   0.3,   0.0,  93.0, 137.4, 948.7,   2.3,   1.3
79441,  -2.3,   6.0,  -0.6,-311.1, 142.3, 886.2,   2.4,   1.3
79465,  -2.0,  -0.4,  -0.9, -31.3, -26.4,1020.0,   2.2,   1.3
79489,   0.2,  -2.6,   0.3, 122.8, -41.1,1017.8,   2.1,   1.1
79517,  -1.4,   1.3,   0.9, 165.0,-103.8,1006.6,   1.7,   0.7
79541,  -0.6,  -1.2,   3.1, -97.7,  27.1, 976.1,   1.6,   1.5
79565,  -0.9,  -4.0,   2.0, 288.3, 138.6,1034.9,   1.9,   0.9
79589,   0.8,   0.4,   0.2,-162.9,  76.1, 932.9,   1.9,   1.1
79617,   2.2,  -1.5,   0.1,  45.4,  -9.1, 945.3,   1.7,   0.8
79641,  -2.2,   3.1,  -0.1,  -5.6,  89.1,1013.9,   2.1,   0.7
79665,  -2.8,  -1.0,   0.8, -24.9, 111.5, 891.1,   2.0,   0.7
79689,  -5.2,  -4.6,   2.3,  99.4,  52.5, 842.5,   2.0,   0.8
79717,   2.1,  -5.2,   3.1, 404.3, 314.2, 872.6,   2.3,   0.5
79741,   2.2,   5.9,  -0.4, -53.0, -18.8, 970.9,   2.6,   0.0
79765,  -3.9,   9.5,  -0.6,-547.9, -40.1, 880.6,   2.5,   0.5
79789,   0.6,  -3.8,   3.5, -55.9,  86.4,1001.0,   2.1,   0.7
79817,   1.4,  -4.8,   4.0, 327.9, 154.3,1022.0,   2.2,   0.4
79845,   1.9,  -0.8,   2.6,-156.0, -64.2, 974.8,   2.2,   0.6
79865,   3.6,  -3.2,   1.9,   5.4,  50.7,1007.1,   2.0,   0.3
79889,   0.4,   1.7,   1.7,-137.0,  -8.6,1013.9,   2.1,   0.1
79917,  -0.9,  -1.6,   2.4,   6.6, -19.8, 973.6,   2.0,   0.0
79941,   2.3,   5.6,   0.7,-239.0, 207.2,1153.6,   2.1,  -0.2
79965,   2.5,   1.2,  -0.7,-115.5,  62.0, 936.5,   2.3,  -0.1
79989,   3.1,   1.7,   1.1, -92.8, 135.7, 974.6,   2.3,  -0.0
80017,   1.8,   0.7,   0.2, -63.7,  -1.0, 927.0,   2.3,  -0.0
80041,   1.1,  -1.2,  -0.1, -68.6, 125.0, 959.7,   2.8,   0.0
80065,  -2.8,  -1.7,  -0.6,  19.3,  43.9, 821.5,   3.0,   0.0
80089,  -7.4,   0.2,  -1.5, 130.4, -98.4,1220.0,   2.6,  -0.7
80117,   3.8,   5.6,   0.2,-331.6,  15.3, 850.1,   2.8,  -0.1
80141,   1.4,   1.7,  -2.6, -82.5,  64.7, 862.1,   3.0,  -0.5
80165,   0.6,  -5.1,   1.4,-339.6, -73.8, 916.7,   2.8,   0.4
80189,   1.9,  -3.7,   1.4, 110.1,  94.2,1007.6,   2.6,  -0.2
80217,   0.9,  -0.2,  -0.4,  92.5,  56.1,1016.4,   2.7,  -0.3
80241,   0.4,  -0.1,  -2.2, -14.7,   6.6, 977.3,   2.8,  -0.4
80265,   0.8,  -1.6,  -0.5,  51.0,  18.5,1024.7,   2.6,  -0.2
80291,   1.6,   3.8,  -2.6, -44.0, -24.0,1089.6,   2.4,  -0.8
80315,   0.9,  -3.5,  -0.9,  58.8,  77.1, 915.5,   2.5,  -0.3
80343,   1.0,  -0.7,  -1.9,  68.8,   2.9,1022.7,   2.4,  -0.4
80367,   1.7,  -3.2,  -2.4,  27.6,-172.9,1050.0,   2.3,   0.0
80391,   3.7,  -0.8,  -2.4, -57.6, 102.7, 999.7,   2.3,  -0.1
80415,   2.5,  -0.2,  -2.7,  23.9,  57.6, 946.5,   2.4,  -0.1
80443,  -0.2,   0.0,  -4.0,  80.1, 201.1, 981.9,   2.7,  -0.2
80467,  -4.3,  -1.4,  -3.3,  31.2, -14.2, 908.4,   2.6,  -0.2
80491,  -1.2, -13.5,   7.1,-176.3,-167.5, 589.3,   1.8,   1.4
80515,   3.8,   6.5,  -4.6,  55.6,  13.6, 973.1,   2.0,  -1.3
80543,   2.4,   4.6,  -4.9,-180.7, 305.9, 980.5,   3.3,   0.0
80567,  -0.7,  -2.4,  -2.5, 296.4,   0.9, 893.3,   3.1,  -0.8
80591,  -0.8,  -2.1,   0.3,  43.2,  44.9,1002.9,   2.7,  -0.3
80615,  -0.5,   0.2,  -3.0, -66.9,  14.1,1006.1,   2.9,  -0.4
80643,   0.8,  -4.1,  -1.3,  19.3,  76.4,1045.4,   3.0,  -0.0
80667,   1.7,   0.9,   0.2,-265.6, 124.0, 985.1,   3.0,   0.1
80691,   0.6,   0.6,  -0.5, -80.1, -23.0, 938.7,   2.8,   0.0
80715,  -1.7,   4.2,  -2.0, -20.3, 100.8,1041.3,   3.0,   0.1
80743,  -0.9,   3.6,  -1.3,-200.2, -48.4,1112.3,   2.9,   0.1
80767,   1.4,   2.9,   0.1,-104.0, 157.4, 939.9,   2.9,   0.2
80791,   3.8,  -0.7,   0.1, -61.5, 243.6, 969.5,   2.9,   0.3
80815,   0.3,   0.2,  -1.0, -29.3,  11.0,1016.6,   2.8,   0.3
80843,  -0.9,   0.3,  -2.1,  43.7,   5.1, 950.4,   2.8,   0.3
80867,  -2.0,   4.0,  -2.5, -98.4, 136.2, 878.7,   2.8,   0.2
80891,   1.9,  -2.0,  -0.6,-351.1,-130.4,1248.0,   2.3,   1.0
80915,   0.5,   4.0,  -0.2,  86.7,  11.0, 944.6,   2.8,  -0.1
80943,   2.5,  -6.7,  -1.3, 219.5, 167.2,1138.2,   3.3,   0.4
80967,  -1.2,   1.3,  -1.5, 281.5,  53.9,1036.1,   3.1,  -0.2
80991,  -0.3,  -1.0,   2.3,-145.8, 100.8, 948.5,   2.8,   0.7
81015,  -0.9,   1.0,   0.6,-248.6, 108.4, 954.6,   2.9,   0.5
81043,   0.8,  -2.6,   0.6, 148.7,  24.6,1121.1,   3.1,   0.5
81067,  -0.5,   2.0,   0.6, -22.0,-140.9, 976.1,   2.8,   0.5
81091,  -0.2,   2.2,   1.0,-116.5, -20.5,1011.2,   2.7,   0.5
81115,   0.3,   1.2,   2.4,-125.3, -72.5,1053.2,   2.5,   0.7
81143,  -0.8,   1.7,   0.1,  15.4,  30.7,1001.0,   2.6,   0.4
81167,   2.3,  -3.2,   1.0,  70.1,  79.6, 959.0,   2.6,   0.5
81191,   2.0,  -5.1,   2.4, 188.7,  13.6,1102.8,   2.4,   0.5
81215,   0.9,   1.3,   0.4, -17.8,  49.0, 970.0,   2.5,   0.3
81243,  -3.9,  -1.5,  -0.1, -51.8,  18.8, 996.6,   2.5,   0.5
81267,  -7.6,   1.3,   2.1,-164.3,-867.2,1781.5,   2.1,   0.2
81291,   1.2,   3.1,   3.4,  21.2, -12.7, 808.6,   2.3,  -0.4
81343,  -0.6,  -9.0,   5.4, 326.6, -90.1, 968.3,   2.8,  -0.6
81347,  -3.3,   1.6,   2.9,  27.6, 135.7, 969.2,   2.9,  -0.6
81367,  -4.0,   1.7,   2.0,  29.8, -50.8,1021.7,   2.4,  -0.8
81391,  -2.2,   2.9,   3.0,-212.7,  96.9, 972.9,   2.5,  -0.1
81419,   0.8,  -0.2,   2.0,  90.3,  68.6,1004.4,   2.9,  -0.3
81443,  -3.0,   1.5,   0.2, 136.0, -33.5, 968.0,   2.9,  -0.7
81467,  -1.5,  -0.1,   2.3,  25.6, -86.5,1049.3,   2.5,  -0.5
81491,  -1.6,   3.8,   0.8, -96.5,  25.4,1014.9,   2.4,  -0.8
81519,   0.3,  -3.7,   2.8, 103.0, 112.5,1027.1,   2.6,  -0.6
81543,   0.2,  -0.3,  -0.9, 133.5, -47.6,1015.1,   2.6,  -0.8
81567,   1.9,   2.1,  -0.5,  40.5,  57.1,1016.1,   2.4,  -0.8
81591,   0.3,  -3.3,   0.3,  47.6,  70.5, 968.7,   2.6,  -0.5
81619,  -5.7,  -4.0,   1.1, 376.2,  13.6, 971.4,   2.5,  -0.7
81643,   4.7,   3.0,  -0.5,-284.0, 277.1,1035.6,   2.0,  -0.2
81667,   1.1,   0.4,  -1.3, 113.5, 117.2, 966.8,   2.8,  -0.8
81691,  -0.3,  -2.3,  -2.2,  79.6,  40.2, 938.2,   2.7,  -0.8
81719,  -2.0,   1.7,  -1.4,  52.2,  -7.6, 832.8,   2.2,  -0.6
81743,   0.3,  -5.7,  -0.5,  55.4, 234.1, 974.8,   2.4,  -0.2
81767,  -0.6,  -1.9,  -3.9,  99.1, -64.2,1027.6,   2.4,  -0.7
81791,  -1.6,   0.1,  -5.7, -32.7, -59.4,1285.1,   2.4,  -0.5
81819,   1.2,   4.3,  -4.2,-236.3,  61.2, 947.5,   2.0,  -0.2
81847,   1.4,  -1.2,  -2.7,  10.7, 108.1,1058.1,   2.1,  -0.3
81867,   0.8,  -2.5,  -3.0,  -0.0,  85.7, 956.3,   2.2,   0.1
81891,   0.8,  -3.7,  -3.0,  98.9, 132.5, 943.1,   2.3,   0.3
81917,   0.3,   0.1,  -3.9, -64.0,  11.7, 981.7,   2.2,   0.3
81941,  -0.5,  -5.4,  -1.8,  76.4,  63.0,1006.3,   2.2,   0.5
81969,   1.1,  -1.4,  -2.7, -82.5,  62.5, 900.4,   2.2,   0.5
81993,  -1.8,  -3.5,  -2.5,  20.7,  84.7, 835.4,   2.3,   0.5
82017,  -7.4,   2.1,  -2.6, -71.5,  55.4,1005.6,   2.3,   0.2
82041,  -1.2,  -8.9,   6.0, 254.1, -96.7, 764.6,   2.0,   0.9
82069,   2.6,   4.3,  -1.9,-228.3,   6.3, 907.0,   2.0,   0.1
82093,  -0.4,  -3.7,   0.7, -75.5,  72.7, 898.7,   2.6,   0.7
82117,  -1.7,   2.4,   0.4,-150.2,-117.2, 942.9,   2.1,   0.0
82141,  -2.0,  -4.3,   3.1, 294.9, 299.3, 899.4,   2.4,  -0.0
82169,  -3.7,   2.6,   0.4,-102.3,-104.8, 987.1,   2.2,  -0.0
82193,   0.0,   0.9,   0.6,-147.5,  30.2, 973.4,   2.1,   0.1
82217,   1.6,   0.6,   2.4,-200.9,  41.7,1011.5,   1.9,   0.3
82241,   3.2,   4.1,   1.8,-210.0,-104.0,1108.9,   1.6,  -0.0
82269,   0.3,  -5.3,   4.1, 215.8, 176.2, 961.4,   2.2,   0.2
82293,   1.4,  -3.8,   2.8, 153.3,  29.0, 993.6,   2.0,   0.1
82317,  -0.5,   3.0,   1.8, -89.6,  59.8, 877.9,   2.1,   0.2
82345,  -1.3,   2.0,   1.6,-223.6,  -6.6, 985.3,   2.0,   0.6
82369,  -2.9,   3.2,   1.7,  57.8,-502.2,1851.1,   1.7,   0.1
82393,   1.9,  -4.8,   6.7, 403.5, -76.2, 832.0,   1.9,   0.2
82417,   2.1,   7.3,   0.3,-214.4,  58.1, 947.0,   2.3,  -0.3
82445,  -0.4,  -4.6,   3.4,-191.4,   5.3, 824.2,   2.6,   0.6
82469,  -2.8,   0.2,   2.0, 253.6, -86.0,1103.8,   2.2,  -0.2
82493,   1.4,   7.8,   0.6,  15.1,  -0.3, 956.8,   2.2,  -0.3
82517,   1.6,   1.1,   1.8, -91.3, 119.1,1079.6,   2.3,   0.2
82545,   1.4,  -0.4,   2.0,  82.3,  -4.2, 867.2,   2.3,   0.2
82569,   3.8,  -5.2,   3.3, 285.9,  96.4,1050.3,   2.2,   0.1
82593,  -0.2,   5.4,   0.7,-100.8,  17.1, 974.4,   2.4,   0.0
82617,  -0.7,  -1.3,   2.1,-115.5, 123.7, 933.1,   2.7,   0.5
82645,  -0.5,  -4.6,   3.0, 230.7,  45.1,1046.6,   2.6,   0.1
82669,  -0.5,  -1.5,   2.6,   6.1,  -1.7,1031.0,   2.4,   0.3
82693,   0.9,   6.5,   1.3,-295.7, -58.1, 970.5,   2.5,   0.4
82717,   1.3,  -2.8,   4.8,   4.6, 166.5, 920.6,   2.6,   0.7
82745,  -2.5,   0.7,   3.6, 227.8, 117.9, 930.7,   2.7,   0.4
82769,  -4.8,   2.4,   2.6, 273.2,  51.7, 788.1,   2.6,  -0.0
82793,   2.0,  -2.8,   4.5,  24.2, 220.2, 909.9,   2.6,   0.6
82817,  -0.6,   3.6,   1.8,-172.6, -72.1, 969.5,   2.9,   0.2
82845,   0.9,  -3.8,   3.7,  43.9,  -2.7,1117.4,   2.8,   0.1
82869,  -0.4,   1.5,   1.5, -82.5,   7.8, 971.4,   3.0,  -0.2
82893,  -0.3,  -0.1,   2.8, 164.5,  74.9,1045.6,   3.1,  -0.3
82917,   1.6,   4.3,   2.5,-183.1, -17.1, 938.0,   3.2,  -0.2
82945,   0.0,  -2.4,   5.1, 145.0, -24.2, 976.1,   3.0,   0.1
82969,   1.2,   1.6,   4.2,-173.4, -91.1,1085.4,   2.8,   0.3
82993,   0.2,   3.2,   5.3,-337.4,  63.0,1045.9,   2.9,   0.7
83017,   1.7,   2.2,   3.4,-189.2,  94.4, 981.4,   3.0,   0.3
83045,   0.5,   2.0,   3.8, -18.3, -13.7, 963.9,   2.8,   0.1
83069,   3.5,  -1.6,   4.5,   3.4, 129.4, 928.2,   2.8,   0.2
83093,   1.4,  -1.3,   5.5,-213.1, 218.7, 935.8,   2.8,   0.5
83117,  -3.1,  -4.9,   6.4, 319.3, -58.4,1009.0,   2.6,   0.0
83145,  -2.7,   6.7,  -0.9, -66.7,  98.4, 908.7,   2.6,  -0.8
83169,   5.0,  -3.2,   5.6,-269.5,  81.3, 933.6,   2.4,   0.3
83193,   2.5,   0.4,   5.9, -41.5,  83.9, 953.9,   2.6,  -1.0
83217,   0.1,  -1.9,   3.1, 144.5, 154.0, 970.5,   2.6,  -0.9
83245,  -0.4,   4.1,   3.1,-109.6, 135.7, 917.5,   2.4,  -0.5
83269,   0.8,  -3.4,   4.8,-268.6,  78.3,1100.1,   2.3,  -0.1
83293,   0.8,   0.3,   1.5, 108.9,  32.4,1003.9,   2.2,  -0.7
83317,   1.6,   0.6,   0.7, 211.2,  27.3,1030.3,   2.2,  -0.7
83345,   1.2,   0.4,   0.7,-148.5, 112.5, 930.9,   2.3,  -0.5
83369,   1.9,  -3.3,   0.9, 166.7, 103.0, 937.5,   2.0,  -0.6
83393,   2.3,  -1.7,  -2.6, -23.0, 123.0,1053.9,   2.0,  -1.0
83421,  -1.3,   3.5,  -6.5, -52.0,-196.8, 996.3,   2.0,  -1.2
83445,  -3.6,   0.7,  -3.7, -71.5,   6.3,1038.6,   1.8,  -0.7
83469,  -3.3,   7.8,  -9.2, -75.9,  15.3, 935.3,   2.1,  -1.5
83493,  -4.0,  -1.6,  -7.6, -45.2,-417.0,1188.2,   2.0,  -0.5
83521,   3.5,   0.7,  -5.4, 109.8, 114.0, 949.0,   2.0,  -0.9
83543,   0.6,   4.6,  -7.4,-342.3, 166.0, 798.1,   2.1,  -0.3
83571,  -1.4, -11.0,  -3.8, 386.5,  75.9, 978.3,   2.3,  -0.1
83595,   0.1,   2.0,  -6.8,-194.1, -82.6,1056.4,   2.1,  -0.3
83619,  -1.7,   2.8,  -7.6,-260.8, -12.0,1053.0,   2.2,  -0.3
83643,   0.6,  -4.9,  -6.3, 100.8,  67.6,1011.5,   2.3,  -0.4
83671,  -0.7,  -2.1,  -6.3, 195.8,   2.4,1045.6,   2.3,  -0.7
83695,  -3.0,   0.7,  -6.5, -77.4,  40.0, 890.1,   2.4,  -0.3
83719,  -1.9,  -0.7,  -8.2, 117.9, 138.9,1143.1,   2.6,  -0.6
83743,  -0.8,   0.4,  -8.5, 111.8, -23.5,1044.7,   2.6,  -0.6
83771,  -2.2,  -0.1,  -7.7,-233.9,  72.0, 972.2,   2.9,  -0.1
83795,  -2.4,  -8.4,  -5.6, 394.3,  48.8, 949.9,   3.3,   0.0
83819,  -4.9,   1.4,  -5.7, -53.0,  98.6, 948.7,   3.6,   0.1
83847, -11.8,  19.4, -11.4,-300.6,-345.0,2121.6,   3.0,   0.8
83871,  -4.2,   4.3,  -1.6, -16.4,-214.6, 587.2,   3.0,   1.7
83895,   0.7,   1.7,  -4.2,-163.8, -68.9,1174.1,   3.0,   1.5
83919,  -0.7,   4.0,  -3.0,-467.8,  27.1, 951.9,   3.2,   2.6
83943,  -0.7,  -2.4,   0.4,  67.9,   5.8, 942.9,   3.2,   2.4
83971,  -0.3,   0.7,   0.1,  19.8,  80.0, 961.4,   3.4,   2.1
83995,  -1.3,  -2.1,   1.4,  63.0, 104.5, 994.4,   3.8,   2.3
84019,   0.9,   0.6,   0.9,-124.3, -58.1, 947.5,   3.5,   2.3
84043,  -0.5,  -2.6,   0.9,  -0.3, 137.2, 978.5,   3.6,   2.2
84071,  -1.1,  -1.4,   2.3,-131.4, 220.9, 925.5,   3.7,   2.2
84095,   0.6,  -3.8,   2.6,  99.4, 140.8, 998.8,   3.8,   1.8
84119,  -0.9,  -0.8,   2.6,  65.7,  93.2,1017.1,   3.8,   1.7
84143,  -0.8,   2.4,   2.6,-166.5,  -0.3,1040.0,   3.7,   1.7
84171,   1.2,  -4.2,   6.2,  56.6,  58.8,1002.7,   3.6,   1.7
84195,  -1.9,   2.1,   7.2,-221.5,  38.8, 968.7,   3.4,   1.7
84219,  -0.7,  -5.9,   9.5,  99.8, -64.2,1071.0,   2.9,   1.8
84243,   2.1,   0.7,   5.8, -18.1, 133.8, 942.9,   3.1,   1.3
84271,   0.4,   2.3,   4.3,-141.9, -31.8, 976.1,   3.3,   1.4
84295,   2.0,   4.6,   6.4,-420.7,  52.0, 924.8,   2.8,   1.7
84319,   0.7,  -2.8,   5.8, 198.7, 126.4, 974.4,   2.7,   1.1
84347,  -0.4,   2.4,   4.5, -66.4,-100.9,1009.8,   2.6,   1.3
84371,  -0.2,   1.0,   3.8,  25.9,   9.0, 982.4,   2.5,   0.7
84395,  -0.4,   0.7,   3.9, -23.2, -48.6, 995.8,   2.4,   0.9
84419,   0.3,   0.3,   3.5,  19.0, -96.7,1001.9,   2.2,   0.4
84447,   0.6,   5.7,   2.7,-142.1,  31.5, 900.9,   2.0,   0.3
84471,   0.3,   1.8,   2.6,-154.3, 178.2, 988.8,   2.2,   0.4
84495,  -0.6,  -0.6,   2.3,  38.8,  -0.8, 985.3,   2.1,   0.4
84519,  -0.1,   1.4,  -0.8, 196.0,  34.1,1023.9,   2.1,  -0.3
84547,  -0.1,   1.1,  -0.1, -99.6,  41.2,1044.7,   2.2,  -0.0
84571,  -2.0,   0.4,   1.3,-296.2,  47.1, 996.8,   2.4,   0.4
84595,  -3.0,  -4.3,   2.2, -38.6,  41.0, 989.0,   2.2,   0.3
84619,   0.7,   1.3,  -1.1, -79.8, 144.7,1055.4,   1.9,  -0.5
84647,   1.6,  -0.5,  -1.8, 221.9,  62.0,1055.9,   2.8,  -0.5
84671,  -3.0,   4.9,  -2.1,   2.2,  11.2, 919.7,   2.6,  -0.7
84695,  -0.3,  -3.9,   0.6, -21.7, 128.1, 978.5,   2.4,  -0.0
84719,  -1.1,  -1.9,   0.2, -84.0,  71.3,1028.1,   2.5,  -0.3
84747,  -2.5,   0.3,  -1.4,  16.1,   6.6,1091.3,   2.7,  -0.5
84771,  -0.1,   0.4,  -2.7,-111.8, 138.1, 879.4,   2.9,  -0.2
84795,   0.8,  -3.0,  -0.7, 202.6,  16.8, 970.2,   2.8,  -0.4
84819,  -1.3,  -1.1,  -0.9, 143.1, -23.0, 954.6,   2.9,  -0.4
84847,  -0.7,   0.8,  -0.2,  10.5,  79.1,1071.0,   2.9,  -0.4
84871,  -3.3,  -1.0,  -1.2,  57.6,  -8.3,1023.7,   2.9,  -0.3
84895,  -2.1,   0.6,  -2.4,  80.3,  16.3, 992.7,   2.6,  -0.4
84919,   0.7,   0.4,  -1.2, -47.6, 138.4, 973.1,   2.4,  -0.1
84947,   0.1,  -0.7,  -2.4,  64.9, -46.7, 996.3,   2.2,  -0.4
84971,  -0.8,  -2.1,  -2.1,   0.2, 110.3, 906.2,   2.4,  -0.1
84995,  -2.3,   0.3,  -3.7,-110.9, -63.3, 965.8,   2.1,  -0.3
85019,  -4.9,  -3.0,  -4.0,  53.5,-109.2, 934.1,   1.9,  -0.3
85047,   3.4,  -2.6,  -2.9,-165.5, 144.3, 939.7,   1.7,  -0.2
85071,   3.3,  -3.2,  -4.5, 349.1,  73.0,1065.2,   2.4,  -0.8
85095,  -1.6,   6.4,  -6.2,-143.6,  42.0, 953.1,   2.0,  -0.7
85119,  -0.8,  -3.2,  -4.0, -25.2,  29.5, 889.2,   1.7,  -0.4
85147,  -0.5,  -0.2,  -3.8, 209.9, -62.5,1105.7,   1.8,  -0.5
85169,  -1.6,   3.9,  -6.4, -71.1, -46.2,1012.2,   1.9,  -0.5
85197,  -0.8,  -2.6,  -4.5, -93.5, -22.3, 999.7,   1.7,   0.1
85221,  -1.1,  -0.8,  -5.4, -79.1, -18.3,1030.8,   1.4,  -0.0
85245,   1.4,   2.7,  -6.7,-143.6, -21.5, 966.3,   1.4,  -0.2
85269,   1.6,  -1.0,  -4.5,  48.3,  31.0,1084.7,   1.5,   0.0
85297,   1.7,   1.0,  -4.7,-192.9, 176.7, 958.7,   1.5,   0.3
85321,  -0.8,  -3.4,  -4.9,  63.2, -22.0,1059.3,   1.6,   0.1
85349,  -0.6,   2.0,  -4.1,-141.4, -10.5, 975.6,   1.6,   0.3
85369,   2.5,  -1.3,  -3.2,  -2.9, 174.8,1116.7,   1.7,   0.2
85397,  -3.3,  -0.8,  -2.6,-140.9,  61.7, 790.8,   1.7,   0.9
85421,  -5.0,  -2.2,  -3.0,  47.3,  71.5, 977.8,   1.8,   0.6
85445,   6.8,  -2.3,   2.5,  53.5, 346.9,1077.4,   1.2,   0.8
85473,   3.6,  -0.5,  -3.9,  59.3, 191.1,1127.9,   2.0,   0.2
85497,   0.5,   3.7,  -2.2,-178.2, -63.5,1022.5,   2.2,   0.6
85521,   2.3,  -1.9,   1.3,  14.1,  54.4,1078.9,   1.8,   0.6
85545,   2.3,   3.8,   2.0,-110.9, -31.0,1056.6,   1.9,   0.7
85573,   1.2,  -3.5,   3.2, 123.0, 118.1,1000.5,   2.4,   1.0
85597,   0.9,  -0.4,   2.8,  17.3,   9.0,1041.0,   2.3,   0.9
85621,   0.6,  -2.4,   4.3, 169.9,  38.1,1059.1,   2.5,   0.8
85645,   2.2,   0.6,   4.5,  10.5,  86.6, 958.5,   2.4,   0.8
85673,   2.3,  -1.3,   4.9, 124.0,  79.8,1098.4,   2.6,   0.6
85697,   1.5,  -0.7,   5.1,  96.7,  14.1, 929.7,   2.6,   0.5
85721,   2.2,  -2.5,   5.1,  43.2,  55.1,1005.9,   2.6,   0.5
85745,   3.1,  -0.4,   4.7,  52.0, 184.5, 940.7,   2.6,   0.4
85773,   3.1,   0.2,   3.4,  30.3, 105.4,1055.7,   2.6,   0.1
85797,  -0.9,   1.6,   3.5, -42.3,  73.5, 959.2,   3.0,   0.2
85821,  -2.1,  -0.1,   4.5, -79.6,  68.8, 912.3,   2.9,   0.5
85849,  -0.5,   0.7,   3.9, -99.9,-103.6,1311.0,   2.8,   0.6
85873,   2.0,  -0.7,   3.4,  78.4, 107.9, 935.5,   3.5,   0.6
85897,  -0.1,   1.0,   3.6,  -3.7, -42.8,1044.7,   3.1,   0.6
85921,   1.1,   0.5,   3.5,-128.9,  36.8, 982.2,   2.7,   1.0
85945,   1.2,  -1.9,   4.0, -22.7,   5.1,1045.2,   2.7,   1.0
85973,   0.3,  -2.2,   2.6,  52.2, 142.8, 946.3,   3.1,   0.9
85997,  -0.9,   0.6,   1.0, -39.8, -71.8,1090.8,   2.9,   0.7
86021,  -0.2,  -2.2,   0.6,  84.0,  -0.8,1001.0,   2.9,   0.4
86045,   0.8,   2.4,   0.7, -55.4,  92.5, 940.2,   2.9,   0.2
86073,   0.6,  -4.2,   0.6, 214.3,  31.7, 972.4,   2.9,   0.1
86097,   1.4,   2.6,  -0.4,-192.6, 133.3,1033.7,   3.0,   0.4
86121,   2.1,  -2.6,  -0.1,  78.8, 119.1,1042.5,   3.2,   0.1
86145,   0.7,   1.3,  -0.9, -51.5,  33.9, 961.4,   3.0,   0.1
86173,   0.8,  -1.7,  -0.2,  41.2,  45.4,1009.3,   3.1,   0.2
86197,  -0.3,  -1.7,   0.5, 168.7,  77.6, 948.0,   3.3,  -0.1
86221,  -1.3,  -1.5,   2.1, -68.4, 113.5,1028.8,   3.3,   0.2
86245,   4.2,  -4.1,   7.5,-412.4,-251.5,1347.6,   2.5,   1.0
86273,   5.6,   4.3,   2.0, -90.6, 130.1, 906.0,   3.4,  -0.6
86297,   2.2,  -3.8,   0.1, 311.3, 214.3,1039.3,   4.0,  -0.5
86321,  -4.1,   5.5,   1.1,  31.7, -52.8, 934.1,   3.6,  -0.5
86349,  -2.9,  -3.6,   2.4, 155.5, 156.5, 996.6,   3.6,  -0.8
86373,  -2.8,  -1.7,   0.6, 159.9, -92.6,1089.1,   3.5,  -0.9
86397,  -0.9,   5.3,  -0.5,-161.9,-114.3, 996.8,   3.2,  -0.9
86421,  -0.0,   2.3,  -0.1,-228.3, 120.6, 920.4,   3.1,  -0.6
86449,  -0.1,  -1.3,   1.0, 172.1,  68.3,1000.5,   2.8,  -0.7
86473,  -0.3,   0.1,   0.4, 249.0,  -4.7,1051.0,   2.6,  -0.9
86497,   0.1,   3.5,  -1.4,-169.7,  26.6, 886.2,   2.3,  -0.5
86521,  -0.5,  -1.0,  -1.7, -11.5,  76.6,1014.4,   2.6,  -0.5
86549,  -2.8,  -1.9,  -2.4,  61.3,  16.6,1091.5,   2.3,  -0.4
86573,   0.1,   1.1,  -2.9,  53.7, -21.0, 979.5,   2.1,  -0.7
86597,  -0.5,   1.3,  -5.4,   8.8,  41.7, 993.6,   2.4,  -0.7
86621,  -1.7,   0.1,  -3.5,-171.6,  83.0,1035.4,   2.5,  -0.2
86649,  -1.2,  -3.9,  -3.0, 179.9, -45.4,1041.5,   2.0,  -0.4
86673,  -2.0,  -2.7,  -4.4, 209.0,  54.9, 939.7,   2.1,  -0.4
86697,   3.1,   0.6,  -6.1,  37.3,   9.2, 948.2,   1.9,  -0.5
86721,   2.2,  -1.6,  -8.3,  -2.2,  53.4, 958.5,   2.4,  -0.3
86749,  -0.8,   5.7,  -8.7,-223.6,-116.5,1131.8,   2.1,  -0.5
86773,  -1.3,  -1.2,  -7.1, 105.7,  55.6,1011.2,   2.3,  -0.4
86799,   2.2,  -3.0,  -6.2,   6.8, 193.1, 938.5,   2.5,   0.0
86823,   0.4,  -3.8,  -6.1, 123.0, -26.9,1055.7,   2.6,  -0.0
86851,  -2.2,  -1.6,  -6.8,-171.2,  72.2,1054.2,   2.6,   0.1
86871,  -0.1,  -1.1,  -5.3, -79.8,  73.7, 982.4,   2.6,   0.1
86899,  -0.7,  -0.5,  -6.1, 176.0,  37.1, 980.7,   2.9,  -0.3
86923,  -2.4,   1.7,  -3.8,-100.4, 181.4,1070.8,   3.1,   0.1
86947,  -0.8,  -0.7,  -2.9,-143.8,  38.5, 970.5,   3.2,   0.7
86971,   1.1,  -2.9,  -1.0,  76.4,  69.3, 990.0,   3.0,   0.7
86999,  -0.9,  -0.2,  -1.0,-101.3, -12.5, 993.6,   3.2,   1.0
87023,   0.5,  -1.2,   1.8,-173.8,  63.0,1088.1,   3.4,   1.4
87047,   1.1,  -1.7,   1.3,  84.0,   2.9, 915.5,   3.4,   1.0
87071,  -0.3,  -1.3,   1.8,  -6.6, 151.8, 892.6,   3.6,   1.1
87099,  -5.3,  -0.3,   2.6,  81.5,  11.4,1036.6,   3.8,   0.7
87123,   1.1,  -4.7,   7.0,-192.6,   5.6, 873.8,   3.3,   1.6
87147,   1.9,   8.3,   2.6,-234.6, 128.9, 938.0,   3.5,   0.6
87171,   1.7,  -2.0,   3.7,-128.2, 289.5,1027.3,   4.0,   1.1
87199,  -1.7,  -1.1,   3.8, 371.6, -15.9,1009.3,   4.1,   0.3
87223,  -0.3,   1.2,   6.0, -30.0, 115.7, 982.9,   3.7,   0.7
87247,  -1.2,   2.3,   4.9,-263.7,  58.1, 969.2,   3.8,   0.7
87271,  -0.7,  -2.2,   4.6,  32.0,  86.1,1025.6,   3.8,   0.7
87299,  -1.4,  -1.0,   5.3, 166.5, -36.2,1050.3,   3.7,   0.4
87323,  -0.7,   3.5,   4.3,-122.8,  -4.2, 938.0,   3.5,   0.5
87351,  -1.6,   0.9,   4.9,  37.6,   8.0,1023.2,   3.4,   0.5
87371,  -1.6,   0.5,   4.2,  50.8, -28.8, 982.9,   3.2,   0.3
87399,   0.0,   3.7,   3.8, -48.1,  10.2, 947.0,   2.9,   0.1
87423,   0.8,  -3.8,   3.5, 139.1,  85.9, 951.2,   3.1,   0.2
87447,  -1.1,  -1.0,   1.8, 122.8,  17.3, 949.5,   2.8,  -0.0
87475,  -1.1,  -1.6,   1.5, 111.6, 121.5, 945.6,   2.7,  -0.2
87499,  -1.1,   0.3,   0.0,  -5.9,  65.9, 962.6,   2.7,  -0.3
87523,  -2.5,  -1.9,   0.9,  -9.0,  15.1,1077.6,   2.6,  -0.1
87547,  -2.9,   0.1,   0.7,  94.2, -56.2, 978.0,   2.3,  -0.4
87575,  -4.7,   0.1,  -0.7, 281.2, -15.4,1061.0,   2.0,  -0.8
87599,   2.4,   2.4,  -0.6,-332.5,  54.7, 958.2,   1.5,   0.1
87623,   2.8,  -1.3,  -2.5,  21.5,  25.6, 998.5,   1.9,  -0.2
87647,  -1.9,   2.9,  -3.8, -50.3, -17.1, 929.4,   1.6,  -0.2
87675,  -1.7,   1.3,  -4.3,  89.1,  38.1, 998.5,   1.1,  -0.3
87699,  -0.3,  -1.2,  -4.5, 178.2, 150.6, 962.4,   1.2,  -0.3
87723,  -2.4,   1.0,  -5.0,-142.6,   0.9, 930.2,   1.1,  -0.3
87747,  -1.9,  -4.4,  -4.3, 158.4, 109.1, 947.5,   1.1,  -0.2
87775,  -1.4,  -1.0,  -4.1,  75.9,  26.6,1003.4,   0.6,  -0.2
87799,  -2.0,   2.4,  -5.8, 135.7,-109.7,1052.7,   0.6,  -0.4
87823,  -0.0,   5.5,  -7.0, -29.1,   7.0,1024.2,   0.6,  -0.3
87851,  -0.5,   2.4,  -8.1,-381.1,  11.9,1104.7,   0.5,   0.1
87875,  -1.2,   0.1,  -8.1, -73.3,  63.2, 966.1,   0.4,  -0.2
87899,  -0.3,  -5.5,  -7.8, 275.1, 103.7,1042.2,   0.5,  -0.6
87923,  -2.0,  -0.8, -10.1, 144.0,  71.5, 938.2,   0.6,  -0.7
87947,  -2.2,  -2.1, -10.6,  38.1, 106.2, 936.8,   0.8,  -0.4
87975,  -2.2,   0.6, -11.4,  71.0, 101.0, 880.1,   1.0,  -0.7
87999,  -3.4,   2.8,  -9.2,-331.8, -47.4,1378.2,   0.6,  -0.1
88023,  -0.2,  -3.0,  -5.9,  22.4,  76.1,1011.5,   1.3,   0.1
88047,   2.8,   7.4, -10.6,-356.2, 109.6, 868.9,   1.2,  -0.0
88075,   0.8,  -9.2,  -7.9, 101.3, 118.9, 862.5,   2.1,   0.8
88099,  -0.8,   2.8,  -7.9, 110.8, -50.8,1123.5,   1.7,   0.0
88123,  -1.4,   6.0,  -7.3,-291.8, -11.3, 985.6,   1.7,   0.5
88147,   0.7,   1.2,  -5.6,-365.2, 131.6, 971.4,   1.8,   0.9
88175,  -0.2,  -2.8,  -6.6, 299.3,   3.4, 944.8,   2.2,   0.5
88199,   0.5,   2.3,  -5.1,  80.3,  84.2, 934.1,   2.1,   0.5
88223,  -1.4,   3.1,  -3.4,-190.2,  -3.0, 867.9,   2.0,   0.9
88247,  -2.4,   2.4,  -1.9,-119.4,  -2.7, 920.2,   2.0,   1.1
88275,   0.9,   0.6,  -1.3,-150.4,  56.8, 976.6,   2.2,   1.5
88299,   2.3,  -4.3,   0.0,  96.4,  78.3,1022.9,   2.2,   1.6
88323,   3.8,  -1.9,   2.9, 152.6, 208.0, 961.4,   2.3,   1.5
88351,   0.4,  -1.8,   4.4, -20.8,  75.2, 981.7,   2.4,   1.5
88375,   0.5,   1.3,   4.6,  -2.7,  41.0, 963.1,   2.2,   1.3
88399,  -3.1,  -1.0,   4.0,  64.9,-177.8,1240.7,   2.1,   1.0
88425,   2.8,  -3.3,   9.5,  56.9,  96.2, 866.0,   2.2,   1.5
88449,   1.3,   2.4,   6.0, 146.0,  65.2, 977.8,   2.1,   0.5
88473,   3.1,   2.3,   3.3,-309.1, 120.1, 952.4,   2.3,   1.4
88501,   0.1,   0.6,   5.3, 164.0, -36.9, 988.3,   2.7,   0.6
88525,   0.2,  -1.6,   7.2, 102.0, 147.9, 963.1,   2.7,   0.6
88549,   1.6,   2.3,   6.1, -46.4, 140.3,1084.7,   2.7,   0.5
88573,   2.5,  -1.4,   7.2, -58.1, 133.0, 895.0,   3.1,   0.9
88601,   0.5,   0.7,   4.7, -12.2, -28.1,1073.2,   2.9,   0.3
88625,   0.4,   1.7,   5.3, 130.1,  38.5,1054.7,   2.9,   0.1
88649,  -0.6,   0.6,   5.6,-143.3,  60.3,1048.8,   3.1,   0.3
88673,   0.8,   1.7,   3.8, -52.0,  -1.0, 949.5,   3.1,   0.2
88701,   0.8,  -0.1,   5.3, -85.5,  97.9,1023.4,   3.1,   0.3
88725,   0.6,   1.2,   4.3,  41.5, 111.8,1035.1,   3.1,  -0.0
88749,   2.5,  -1.3,   4.8,  11.0, 164.3,1024.7,   3.2,   0.2
88773,   1.1,  -1.6,   1.8,  60.3,  -7.1,1023.9,   2.8,   0.0
88801,   0.4,   0.9,   1.7, -68.6,  68.1, 899.2,   2.8,   0.0
88825,   3.0,  -0.5,   5.1,-218.3, 145.7,1075.2,   2.5,   0.4
88853,   1.9,   5.0,   0.6,  99.4,  41.5,1023.7,   2.5,   0.4
88873,   2.3,  -0.4,  -1.5,  16.1, 182.1, 972.2,   3.0,   1.0
88901,  -1.3,  -3.5,   0.6, 249.3, -66.4, 977.0,   2.7,   0.6
88925,  -1.6,  -1.0,   1.3, -37.4,  68.8,1008.8,   2.4,   0.8
88949,  -2.1,   0.2,   1.2,  -7.1,  29.5, 941.6,   2.5,   0.7
88973,  -0.0,  -1.2,  -0.7, 222.4,  71.5,1070.3,   2.6,   0.3
89001,   0.4,  -1.0,   0.6,-153.6, -42.3, 995.1,   2.5,   0.6
89025,  -0.9,   2.9,  -0.4,  73.2, -17.9, 908.4,   2.4,   0.2
89049,   0.8,  -1.5,   1.4,  93.0,  42.9,1059.1,   2.2,   0.4
89073,   0.2,   1.3,   0.0, -79.1, -41.8,1050.3,   2.2,   0.4
89101,  -0.3,  -0.1,  -0.1,  17.6, -20.8,1006.3,   2.4,   0.5
89125,   0.8,   0.6,  -0.6, -39.6,  15.6, 986.8,   2.2,   0.4
89149,   0.9,  -4.2,   1.3, 200.4,  -1.7, 907.0,   2.3,   0.4
89173,   1.1,  -2.9,   1.2, -45.7, 129.1,1023.7,   2.4,   0.6
89201,  -1.1,  -2.6,   0.4,  63.0, -44.5,1015.4,   2.4,   0.4
89225,  -2.7,  -0.7,   1.3,  45.2,  57.3, 891.6,   2.5,   0.3
89249,  -4.9,  -3.0,   2.4, 223.6, 125.9, 901.4,   2.6,  -0.0
89273,   1.4,  -2.9,   6.1, 161.6, 192.8, 731.2,   2.1,   0.2
89301,   3.0,  -0.5,   0.6, -85.7, 153.3,1058.6,   2.4,   0.1
89325,  -0.5,   1.1,   1.8,-215.8, -76.2, 929.4,   2.6,   0.6
89353,   1.1,   3.9,   3.2,-116.0, -80.8,1040.0,   2.5,   0.8
89373,   0.8,  -1.8,   5.4, -18.3,  93.7, 964.8,   2.7,   1.4
89401,   1.1,   1.2,   3.2,  70.5, 126.2, 914.3,   3.0,   0.8
89425,   0.4,  -2.5,   3.8,  54.4,  -4.9,1007.8,   3.0,   0.9
89449,   1.5,   5.2,   3.4, -63.2, -48.4, 939.0,   2.7,   0.6
89473,   0.5,   0.7,   3.1,  76.9, -87.4,1060.3,   2.5,   0.4
89501,   1.3,  -1.3,   4.5,-265.2,  -3.0,1007.1,   2.3,   0.7
89525,   0.9,   0.6,   1.8, -70.6,   3.9,1043.2,   2.5,   0.4
89549,  -0.5,   1.5,   1.6,  29.8, -78.2,1073.0,   2.4,   0.3
89577,   1.6,   1.2,   3.1,-109.1, 144.5, 993.6,   2.4,   0.5
89601,   0.3,   2.3,   4.0,-135.8, 186.0, 914.5,   2.7,   0.7
89625,  -2.0,  -1.0,   4.2, -50.6, 111.0, 991.0,   2.8,   0.7
89649,   0.5,   2.8,   5.6,-203.1, -20.1,1248.8,   2.2,   1.2
89677,   3.6,   4.4,   1.8,-159.7,  69.1,1010.2,   2.5,   0.3
89701,  -0.3,   0.0,   2.4,  17.3,  42.0, 923.8,   3.0,   0.5
89725,  -1.0,  -0.8,   2.3,  92.8, -53.0, 981.0,   2.4,   0.2
89749,   0.3,   0.1,   2.8,   5.1, 169.4, 966.5,   2.4,   0.1
89777,  -2.0,  -0.8,   2.7, 102.8,   1.4, 969.7,   2.3,   0.1
89801,  -0.1,   0.3,   2.1, -21.7,  26.8, 997.1,   2.3,   0.2
89825,  -1.3,   0.9,   1.8,  46.1, -93.3,1153.1,   2.1,   0.2
89853,   1.5,   1.8,   2.2,-208.8,  72.5, 862.8,   2.2,   0.5
89877,   0.0,  -7.2,   2.6, 236.1, 185.5,1033.9,   2.6,   0.4
89901,  -2.7,   4.6,   0.3,-150.2,-112.3,1170.9,   2.5,   0.3
89925,   2.2,  -1.5,   4.5,  38.8, 124.2, 883.5,   2.3,   0.3
89949,  -1.1,   5.3,   2.2,-276.9,  -1.7, 939.2,   2.4,   0.2
89977,  -0.3,   2.5,   3.4,   2.9,  81.3,1002.9,   2.2,   0.3
90001,   0.0,   0.4,   3.5,-126.0,  27.6,1117.7,   2.1,   0.4
90025,  -3.1,   0.7,   4.1, -78.1,   9.7, 806.1,   2.0,   0.4
90051,   2.7,   3.4,   5.0,-258.6,-167.0,1324.7,   1.1,   0.5
90075,   4.3,   0.3,   3.5,  21.0, 119.1,1041.5,   2.0,   0.1
90099,   3.8,  -0.5,   1.6, -91.6,  -8.1, 858.6,   2.0,   0.2
90127,   1.4,  -0.5,   0.9, 144.3,  26.8, 935.3,   1.9,  -0.6
90151,   2.0,  -2.6,   3.7, -50.6,   8.0, 970.5,   1.6,  -0.1
90175,   0.9,   2.4,   1.5, -83.8,  15.8, 974.8,   2.0,  -0.6
90199,   3.1,  -5.9,   1.5,  26.8, 183.1, 995.6,   2.3,  -0.1
90227,  -0.6,   2.3,  -0.5, -24.2,-122.6,1035.1,   2.1,  -0.7
90251,  -0.1,   0.4,   0.4,  21.5, -33.7,1028.1,   2.0,  -0.4
90275,   0.8,   5.6,   0.7,-249.8, -56.9, 923.6,   1.9,  -0.6
90299,   1.2,  -0.1,   0.6,-128.9,  64.7,1014.6,   1.8,  -0.5
90327,   1.6,  -0.4,  -2.3, 154.8, -12.5,1114.5,   1.9,  -0.6
90355,   2.2,   2.8,  -6.0,  64.9,  21.7, 987.3,   1.9,  -0.6
90375,   0.9,   1.8,  -4.5,-139.2, 189.7, 891.8,   2.1,  -0.3
90399,  -3.3,  -5.5,  -3.8, 286.9, -16.6,1056.6,   2.3,  -0.4
90427,  -3.3,   5.7,  -7.8,-221.5,  40.7, 959.2,   2.0,  -0.6
90451,  -0.5,  -4.2,  -2.3, 229.0, -25.7, 768.5,   2.2,  -0.2
90475,  -1.4,   2.8,  -7.7,-124.8,  -4.9, 961.9,   2.1,  -0.6
90499,  -0.6,   2.4,  -6.7,-231.7, 167.7,1022.9,   2.2,  -0.2
90527,  -0.2,  -5.2,  -5.9, 211.2, 140.3, 945.6,   2.1,  -0.2
90551,   1.3,  -4.0,  -6.5, 192.6, 104.0,1033.4,   2.3,  -0.5
90575,  -1.3,   1.2,  -7.9, -37.6,  23.2, 973.1,   2.3,  -0.3
90603,   0.8,  -4.0,  -6.2,  -2.7, 105.2, 944.8,   2.3,   0.3
90627,  -0.0,  -0.8,  -6.4, 174.8, 101.0,1013.9,   2.2,  -0.3
90651,   0.9,  -0.5,  -6.6, -21.0, 153.5,1104.2,   2.4,  -0.0
90675,  -1.2,  -0.1,  -5.5,-163.1,   6.3, 920.9,   2.5,   0.4
90703,   0.7,  -1.7,  -3.8,  73.5,   4.4, 929.4,   2.4,   0.3
90727,   1.3,  -2.0,  -3.0, 127.4, 133.0, 978.3,   2.6,   0.3
90751,   0.7,   3.7,  -3.6,-204.1,  30.0,1087.4,   2.8,   0.5
90775,  -1.4,   2.0,  -2.6,-268.6,   9.7, 992.2,   2.8,   0.7
90803,  -3.3,   1.4,  -2.3, 116.9,-289.8,1283.0,   2.5,   0.5
90827,   0.6,  -6.0,   4.6, -64.7,  23.6, 805.9,   2.5,   1.6
90855,   4.1,   2.7,  -3.0, -39.3, 151.8, 935.8,   2.7,   1.7
90875,  -2.5,  -1.2,  -2.2,  34.4, -16.6,1090.6,   3.2,   1.9
90903,   0.0,   8.1,  -1.0,-537.4, -43.7, 939.4,   2.6,   1.7
90927,  -1.6,  -0.2,   0.1,  23.4, 150.8, 998.0,   2.8,   1.5
90951,   0.2,  -2.6,   1.7,  34.4, 148.6,1000.7,   2.7,   1.7
90975,   1.4,   0.9,   0.4, -51.0,  63.4, 958.2,   2.6,   1.4
91003,  -0.6,   2.1,   0.6, -47.4,  -9.3, 960.4,   2.5,   1.4
91027,   0.1,   2.7,   2.0,-113.8, -86.7,1139.2,   2.1,   1.4
91051,   0.3,   4.8,   0.7,-145.3, -94.3,1065.9,   2.0,   1.1
91075,   2.6,  -0.6,   1.3, -41.0,  54.7,1087.2,   2.1,   1.2
91103,  -0.6,   2.4,   0.8, 126.0, -70.8, 981.4,   2.0,   0.6
91127,   1.0,  -0.1,   1.4,  -9.8, -22.0,1029.0,   1.7,   0.9
91151,  -0.9,  -0.2,   0.4, -63.2, -74.7,1174.1,   2.1,   1.0
91175,  -4.4,  -1.2,   1.5,  74.0,  12.4, 849.6,   2.0,   0.9
91203,   1.8,   4.9,   4.3,-227.1,-324.3,1570.6,   1.2,   0.8
91227,   5.0,   2.4,   1.9,-159.7, 259.2, 921.4,   2.6,   0.9
91251,  -0.9,  -3.2,   0.4,-145.5,  94.9, 928.5,   3.1,   0.9
91275,  -1.2,  -3.1,   1.5, 235.3,-116.5,1047.8,   2.6,   0.7
91303,  -3.0,   1.4,  -0.4,-153.3, -56.7,1092.5,   2.3,   0.6
91327,  -0.4,   0.7,  -0.4, -16.9,  84.9, 887.4,   2.4,   0.6
91355,   0.4,   0.6,  -0.3,-118.2,  42.4, 863.8,   2.4,   0.7
91375,  -1.3,   2.1,  -1.8,  32.7, -38.4,1094.5,   2.5,   0.2
91403,   0.1,  -3.0,   0.4, 314.2,-112.3,1063.5,   2.0,  -0.0
91427,  -0.6,   2.0,   0.8, -24.4,  11.9, 957.3,   2.2,   0.2
91451,  -0.8,  -2.7,   0.1,  10.2,  33.4, 977.5,   2.3,   0.5
91475,   0.6,   2.6,  -1.9,-154.3, -39.1,1034.9,   2.1,   0.2
91503,   0.4,  -0.6,   0.6,  56.4,  97.4, 900.1,   2.5,   0.2
91527,  -1.7,   1.0,   1.2,  11.9,  45.4, 994.6,   2.5,   0.3
91551,  -5.4,  -3.6,   0.9, 496.8,-239.8,1619.6,   2.5,   0.0
91579,   1.4,   2.8,   0.1, -70.8,  74.7, 895.3,   2.6,   0.5
91603,   1.2,   1.6,  -0.9,-163.3,  -1.7, 820.3,   2.9,   0.4
91627,  -1.1,   1.9,   1.5,-388.7, -40.6,1009.5,   2.5,   0.8
91651,  -2.0,  -2.2,   1.5,  24.9, 182.6, 882.1,   2.6,   0.6
91677,  -2.0,   1.3,  -0.4,  54.2, -49.6,1116.2,   2.6,   0.6
91701,   1.7,  -1.4,  -1.2, -19.1, -86.7,1134.5,   2.5,   0.6
91729,   5.4,  -1.5,  -0.3,-234.9,  89.3, 922.1,   2.5,   0.9
91753,   2.7,  -2.2,  -1.2,  78.4,  49.5,1029.0,   2.2,   0.5
91777,  -0.3,  -0.4,   1.2,  33.7,  63.7, 889.6,   2.1,   0.8
91801,   0.6,  -2.6,   0.0,   4.9, 125.9, 925.3,   2.6,   0.7
91829,   0.2,   1.1,   0.2,-241.2,   8.8, 993.2,   2.1,   1.0
91857,   1.7,  -0.5,   1.1, -55.7,  47.3, 978.8,   2.2,   1.0
91877,  -0.1,   1.4,   0.0,-187.5,  75.4,1073.0,   2.6,   0.8
91901,  -2.9,  -0.8,   0.4, -67.9,  46.4, 918.7,   2.9,   1.0
91929,  -7.3,  -3.9,   1.2, 644.0, 199.2, 819.8,   3.0,  -0.6
91953,   1.3,  -3.0,   3.9,-744.6, 436.2,1038.3,   3.0,   0.7
91977,   4.4,  -5.9,   2.8, 490.7,  16.8,1108.4,   3.5,  -0.8
92001,   1.7,   4.2,  -0.1,-244.9,  -3.0, 986.3,   2.9,  -0.4
92029,  -0.6,   3.5,  -0.7, 209.7,  46.8, 963.9,   3.4,  -0.5
92053,   0.6,   0.3,   2.3,-411.9, 195.0, 917.0,   3.3,   0.4
92077,   0.1,  -4.3,   0.5, 236.3,  52.9,1041.7,   3.5,  -0.1
92101,   2.8,   1.3,   0.0,-199.0, 101.3, 996.8,   3.5,   0.2
92129,   1.4,   1.4,  -0.1,  -9.8,  58.3,1031.0,   3.5,  -0.2
92153,   1.4,  -0.9,   1.1, 163.3,  40.2,1029.3,   3.4,  -0.2
92177,   2.2,   3.7,   1.2,-143.3, 140.3,1054.2,   3.6,   0.1
92201,  -0.2,  -0.5,   0.9, -71.1,  42.7, 934.8,   3.9,   0.3
92229,   0.5,  -1.6,   1.5,  81.3,   2.4,1049.3,   3.6,   0.2
92253,   1.7,  -0.7,   1.3, 118.6, 109.3, 921.6,   3.7,  -0.0
92277,   1.4,   0.0,   2.0,   1.0,  98.8, 964.1,   3.8,   0.1
92301,  -0.6,  -2.9,   1.3, 105.7,  69.8, 947.3,   4.0,   0.2
92329,  -1.6,  -1.2,   2.7,  52.7, -82.6,1199.9,   3.7,   0.2
92357,   2.3,  -1.0,   3.6, 124.3,  88.1, 933.6,   3.8,  -0.0
92377,   3.2,  -0.8,   0.7, -13.0,   9.5,1123.3,   4.0,  -0.1
92401,   1.4,  -0.3,   1.5, -71.5, 108.4, 963.1,   4.3,   0.1
92429,  -1.1,   2.0,   0.9, -36.6, -76.2,1009.3,   3.8,  -0.5
92453,  -0.5,   2.8,   1.5,-127.0, -38.9,1027.1,   3.8,  -0.2
92477,   1.6,  -2.4,   1.5, -21.0,  72.7,1016.4,   3.8,  -0.2
92501,   1.8,  -1.9,   2.2, -96.5,  58.1, 994.6,   3.7,  -0.1
92529,   0.1,   1.4,   0.7,  87.9, -19.3,1021.2,   3.5,  -0.4
92553,   0.0,   0.6,   1.7,  -8.3,  18.5,1040.8,   3.4,  -0.3
92577,   0.1,   0.8,   2.3, -41.0,  25.8, 972.6,   3.1,  -0.3
92605,   0.3,  -1.8,   1.2, 121.3, -22.5,1074.0,   3.0,  -0.6
92629,   1.7,   1.4,   0.6, -18.6,  51.2, 920.9,   2.8,  -0.5
92653,  -0.6,  -0.4,   0.2, -28.6, 111.5, 991.2,   2.9,  -0.5
92677,  -0.7,  -2.6,  -0.2,  74.9, 107.9, 921.4,   2.9,  -0.5
92705,   1.7,  -2.3,  -1.0,  76.2,  44.6,1000.0,   2.7,  -0.6
92729,   0.6,   2.0,  -1.3,   4.4,  22.2,1044.7,   2.7,  -0.6
92753,  -1.1,   1.0,  -0.4,-102.3, -30.3, 979.2,   2.7,  -0.3
92777,  -1.3,  -0.5,  -0.9,  60.0,  27.8, 877.4,   2.5,  -0.6
92805,  -1.6,  -2.1,  -0.5, -28.6,  10.5, 981.2,   2.2,  -0.4
92829,  -5.6,  -6.4,  -1.1, 779.5, -37.9, 928.0,   2.0,  -1.5
92857,  10.1, -23.9,   2.2, 804.2, 442.8, 979.0,   2.7,  -2.9
92877,   5.3,  -3.2,  -3.6, 174.3,   9.2, 946.8,   2.7,  -3.6
92905,  -0.9,   1.7,  -5.4, 263.9,-194.1,1228.5,   1.9,  -3.7
92929,  -1.4,   7.1,  -6.1, 107.9,  -8.6, 824.0,   1.9,  -3.2
92953,   1.0,  -4.2,  -3.5,-211.0,  96.9, 962.4,   1.8,  -2.0
92977,   1.1,  -1.6,  -5.6,-165.1,  33.7, 949.0,   1.8,  -2.1
93005,   2.6,  -1.8,  -5.5,  40.0,  59.8, 970.9,   1.7,  -2.0
93029,   1.7,   4.0,  -6.3,-294.4, -76.9, 979.5,   1.5,  -1.8
93053,   1.6,   2.3,  -6.2,-255.1,  17.1, 978.8,   1.7,  -1.6
93077,   1.1,  -2.3,  -3.9,  21.0,  26.8,1003.2,   1.9,  -1.2
93105,   2.6,   0.6,  -3.8,-133.6, 176.0, 988.8,   1.9,  -0.8
93129,   1.7,   2.0,  -6.1,-152.1,  73.5,1001.9,   1.9,  -0.7
93153,   4.2,   0.9,  -3.8,-236.6,  94.9, 847.9,   1.9,  -0.2
93177,   2.5,  -3.7,  -3.2, 136.7, -41.5,1106.0,   2.0,  -0.5
93205,   3.3,   4.6,  -2.1,-264.9, 193.1, 970.7,   2.4,   0.2
93229,   0.7,  -0.4,  -2.7, -37.9, 136.0, 860.6,   2.9,   0.2
93253,  -3.1,  -4.1,  -2.0, 317.6, 128.1, 909.9,   3.2,  -0.1
93277,   1.4, -10.7,   5.8, 253.9, 141.1, 923.1,   3.1,   0.6
93303,   0.3,   6.7,  -2.0,-194.8, -20.5,1076.2,   3.3,  -0.4
93327,  -0.1,   2.8,   1.3,-258.3, 102.3, 960.4,   4.0,   0.5
93355,  -0.1,  -0.1,   4.1, 146.0,-179.7,1004.1,   3.7,   0.4
93379,   1.6,   1.1,   6.2,  63.5, 126.4,1022.2,   3.8,   0.9
93403,   1.2,   1.0,   4.8,-131.4, 206.8, 967.5,   4.2,   1.0
93427,  -0.4,  -2.4,   6.5,   0.7,  60.3, 979.0,   4.3,   1.2
93455,   0.0,   0.3,   6.8, -83.5,  17.5, 987.1,   3.9,   0.9
93479,   1.4,   1.1,   7.5, 177.5, 159.6,1033.4,   3.9,   0.5
93503,   1.1,   3.1,   7.7, -40.3, -23.7,1003.4,   3.7,   0.6
93527,  -0.2,   3.9,   5.4,-144.5, -12.7,1053.7,   3.7,   0.4
93555,   0.4,  -5.2,   6.0, 246.6,  46.6, 991.7,   3.8,   0.5
93579,  -0.3,  -0.4,   4.6, 214.8,  45.6, 979.0,   3.7,  -0.1
93603,   0.6,   2.1,   3.7, -16.1,  58.6,1046.6,   3.7,  -0.0
93631,   0.8,  -0.1,   5.3, -18.1,  52.7,1018.5,   3.7,   0.1
93655,  -1.2,  -0.9,   5.6, 118.6,  42.9,1026.6,   3.7,   0.0
93679,  -1.1,  -2.4,   4.8, 115.2,  49.8, 974.8,   3.7,   0.2
93703,   4.7,   3.8,   3.1,-285.7,  44.2,1043.5,   3.1,   0.2
93731,   3.8,  -1.3,   2.2,  90.6,  51.2,1064.4,   3.8,   0.1
93755,   1.4,   1.9,   0.6,   9.5,  51.5, 972.2,   3.5,  -0.1
93779,  -0.3,  -3.5,   1.8,  28.3, 108.4, 867.7,   3.4,   0.4
93803,  -2.3,  -4.4,   0.7, -12.2, 102.5, 996.3,   3.3,   0.2
93831,  -2.0,  -1.0,  -2.0,  75.4, -33.0,1121.3,   3.2,  -0.3
93859,  -1.2,  -0.4,  -2.3, -44.2, -84.5,1047.6,   3.0,  -0.2
93879,  -2.5,   0.3,  -2.9, -42.5, -77.4, 905.3,   2.7,  -0.6
93903,  -1.6,   0.7,  -3.4,-179.2, -17.1,1043.7,   2.5,  -0.3
93931,  -1.9,   0.8,  -4.5,  50.8,   2.9,1016.4,   2.3,  -0.7
93955,  -0.1,   1.5,  -5.6,-179.0, -27.1,1105.0,   2.1,  -0.5
93979,  -0.7,  -1.2,  -5.7,  89.1,  30.0,1008.3,   2.0,  -0.8
94003,  -0.9,  -0.7,  -5.4,  12.2,  38.5, 980.5,   2.0,  -0.6
94031,   0.3,   2.1,  -6.2, -57.1,  11.4, 927.0,   2.0,  -0.7
94055,  -1.1,   1.0,  -5.8, -11.2,  29.3,1040.5,   2.0,  -0.4
94079,  -2.8,  -0.9,  -5.1,  77.1, -13.0,1044.2,   1.9,  -0.5
94103,  -2.9,  -1.2,  -5.4, 114.7,   5.8, 919.2,   1.6,  -0.5
94131,  -3.9,   0.9,  -6.8, 102.8, -37.6, 913.3,   1.5,  -0.6
94155,  -4.7,   0.1,  -5.7,-210.5,-248.3,1247.8,   0.8,  -0.1
94179,  -0.3,   6.5,  -8.7,-226.3, 103.5, 920.2,   0.9,  -0.5
94203,   2.5,   0.0,  -8.4,-340.6, 177.9, 974.4,   1.3,   0.3
94231,  -1.4,  -3.7,  -8.9, 398.4, -40.8,1006.3,   1.3,  -0.3
94255,  -0.7,   6.4,  -8.7,-256.9,  -8.1,1019.5,   0.9,   0.1
94279,  -1.4,  -1.5,  -6.5,-149.9, -28.8, 959.7,   1.2,   0.6
94303,   1.1,  -0.6,  -8.1, -31.3,  98.1,1006.6,   1.1,   0.5
94331,  -1.8,  -1.3,  -7.9,  49.1, -25.4,1064.4,   1.2,   0.4
94359,   0.9,  -1.5,  -5.5,  79.8, -45.0, 992.7,   1.1,   0.3
94379,   0.3,   2.5,  -6.5,-112.3,  63.4,1063.0,   1.1,   0.4
94403,   0.9,   0.6,  -5.8,  11.9, 134.5, 992.4,   1.6,   0.7
94431,  -1.7,  -2.3,  -4.0, 122.1,-117.2, 998.0,   1.6,   0.9
94455,  -0.0,   0.9,  -4.1,-190.0,  43.9,1072.0,   1.8,   1.3
94479,   1.5,  -3.2,  -1.5, -17.3, 111.0, 945.8,   2.0,   1.5
94503,  -2.0,   0.4,  -2.8, -23.5,  96.6, 839.3,   2.0,   1.4
94531,   0.5,  -3.9,   2.1,  83.0, 246.3, 984.4,   2.1,   1.6
94555,  -0.3,   1.8,   2.8,-191.7,  15.3,1071.0,   2.1,   1.8
94579,   1.2,  -2.8,   0.3, 116.9,  66.1,1064.0,   2.3,   1.4
94603,   0.5,   1.7,   0.2,-108.7,  79.3, 911.4,   2.8,   1.8
94631,  -0.5,   0.5,   3.7,-235.9,  15.1, 967.0,   2.7,   1.8
94655,   0.4,  -1.4,   3.7, -97.4,  32.2, 918.7,   2.6,   1.8
94679,   0.3,  -0.5,   3.7,  43.9,  96.2,1053.9,   2.7,   1.7
94707,   1.1,   0.1,   6.2,   6.6, 102.0, 983.4,   2.8,   1.6
94731,   2.0,   1.9,   5.9,-279.8, 159.4,1061.3,   2.8,   1.6
94755,  -0.5,  -0.5,   6.9,  22.7,  90.1, 991.4,   3.3,   1.6
94779,   2.3,   1.3,   6.7, -95.2,  70.0,1071.5,   3.1,   1.3
94807,   1.3,  -1.5,   8.5,  78.4,  83.2, 976.1,   3.5,   1.2
94831,   1.2,   3.5,   6.8,-268.1,  68.6,1001.0,   3.6,   1.2
94859,   1.8,  -4.1,   6.5, 131.3,  32.2, 979.5,   3.6,   1.0
94879,  -0.1,   0.2,   5.6, 180.6, -40.8,1039.5,   3.4,   0.4
94907,  -1.4,   1.6,   3.9, -18.3,  99.8, 895.7,   3.7,   0.1
94929,  -6.1,   4.6,   3.7,-161.9,-116.7,1141.6,   3.2,   0.1
94957,   1.7,  -1.5,   3.9, 133.8,  -6.1, 956.0,   3.2,  -0.1
94981,   0.9,  -0.7,   1.4,  48.8,  59.0, 940.4,   3.7,  -0.3
95005,  -2.4,   3.8,   2.0,-162.4, -73.3, 978.3,   3.3,   0.0
95029,  -2.3,  -2.0,   4.0, 145.7,  57.1, 998.0,   3.2,   0.0
95057,  -2.2,   2.8,   1.5, -25.9,  56.4, 956.8,   3.2,  -0.1
95081,  -0.3,   1.5,   1.3, -50.8,  13.9,1010.5,   3.2,   0.0
95105,  -2.3,   0.9,   0.8,  12.4,  31.7,1006.3,   3.0,  -0.1
95129,  -1.3,  -4.3,   1.4, 188.9,  78.6, 919.2,   3.0,  -0.2
95157,  -3.0,   4.0,   1.3,-226.6, -88.9,1022.0,   2.6,   0.2
95181,  -0.1,  -3.1,   3.1,-110.1, 124.0, 984.1,   2.7,   0.6
95205,  -0.2,  -1.2,   1.3,  20.0, 118.1, 995.4,   2.7,   0.3
95229,   0.3,  -1.9,   1.2,  11.0, 127.2, 960.9,   2.5,   0.4
95257,  -0.8,   1.6,   1.2,  35.6,  86.4,1052.2,   2.4,   0.2
95281,  -1.2,   1.1,   2.0,-186.3,  99.8, 933.6,   2.4,   0.5
95305,  -2.0,  -4.2,   1.5,  27.6,  56.8, 944.3,   2.5,   0.4
95329,  -2.7,   0.4,   1.4, -36.6,  88.8, 907.7,   2.4,   0.4
95357,  -7.1,   0.7,   1.5, -31.0,  42.7, 950.9,   2.2,   0.5
95381,   2.2,  -4.9,   4.3, 189.4, 148.9, 860.3,   1.9,   0.6
95405,   3.3,   0.1,  -2.0,  18.1,  -8.6,1095.7,   2.1,   0.0
95429,   1.3,   3.1,  -0.9,-296.6,  -8.3, 941.6,   2.2,   0.8
95457,   0.1,  -0.8,   1.5, -32.5, -18.3, 938.7,   1.8,   0.5
95481,   0.2,  -0.5,   1.0,  59.8, 114.2,1038.1,   2.0,   0.3
95505,   1.0,  -3.2,   1.5,  62.7, 142.8, 964.6,   2.1,   0.4
95529,  -0.1,   0.9,   0.3, -30.5,  94.7, 935.5,   1.9,   0.2
95557,  -0.6,  -0.3,   2.0,  33.2, -85.7,1102.3,   1.7,   0.3
95581,   0.4,   1.8,   1.0,  -6.1,-118.4, 944.3,   1.4,   0.0
95605,  -0.0,   0.2,   0.4, -32.7,  -8.3,1006.3,   1.7,  -0.0
95629,   0.3,   0.4,   1.0,-117.9,  -8.1, 991.2,   1.5,   0.0
95657,   1.2,  -0.6,  -0.1,  31.2, -26.6, 990.7,   1.5,  -0.0
95681,   2.5,  -0.1,  -1.7,  36.1,   7.0,1062.7,   1.6,  -0.2
95705,   1.0,  -0.1,  -1.0,  63.5,  54.2,1070.6,   1.7,  -0.3
95733,   1.0,   0.6,  -0.4, -56.2, 169.9, 958.5,   1.9,  -0.2
95757,  -2.5,  -0.3,   0.5,  -6.4,  53.9, 917.2,   2.0,  -0.2
95781,  -3.6,  -0.8,   1.4,  70.8,-444.6,1251.2,   1.4,  -0.3
95805,   5.1,   2.3,  -0.4,  23.4,  79.8, 934.6,   1.9,  -0.2
95833,   3.1,   3.1,  -2.1,-123.6,  23.6, 890.6,   2.3,  -0.1
95861,   0.1,  -2.9,  -0.9, 134.8,  39.0, 949.9,   2.3,  -0.3
95881,   1.4,   0.1,  -0.8, -32.5,  51.7, 949.9,   2.1,  -0.2
95905,   1.5,  -1.8,  -1.8,  50.8,  46.1,1052.0,   2.2,  -0.3
95933,   2.8,  -2.7,  -1.3,  67.9,  93.7, 920.2,   2.3,  -0.0
95957,  -0.6,  -1.1,  -3.9,  41.7, -51.3, 991.4,   2.3,  -0.3
95981,   1.9,  -1.0,  -1.5,-100.4, 121.8, 952.4,   2.3,  -0.0
96005,   1.4,  -1.4,  -2.4, -10.5,  72.0, 899.9,   2.5,  -0.3
96033,  -0.4,   0.4,  -2.7, -27.4, 102.3,1066.9,   2.7,  -0.2
96057,  -0.8,  -1.4,  -2.7,-137.0,  79.3, 919.2,   3.0,   0.1
96081,  -0.1,  -3.9,  -0.7,  72.3, 187.0, 924.8,   3.1,   0.2
96105,  -0.9,  -1.9,  -1.3,  82.7,  76.6,1091.1,   3.3,   0.0
96133,  -0.0,   0.1,  -0.3,-182.1, 168.4,1014.2,   3.6,   0.4
96157,  -0.6,   1.2,  -1.9, -66.2,  59.3, 932.6,   3.8,   0.1
96181,   0.3,   0.6,  -0.4, -54.2, 112.5, 963.1,   3.7,   0.2
96205,   0.1,  -2.6,  -0.5, 144.8,  54.9, 939.9,   3.9,  -0.0
96233,  -3.2,   2.2,  -0.9,-132.8,-152.9,1234.9,   3.5,   0.1
96257,  -0.3,  -1.6,   2.8,  14.1,  65.6, 848.4,   3.5,   0.4
96281,   2.2,   0.2,  -1.7,-105.7, 148.9,1001.0,   3.7,   0.2
96305,   1.0,   1.8,  -0.1,-135.5, -25.2, 944.8,   3.8,   0.5
96333,   2.0,  -1.2,   0.6, -39.6,  11.2,1090.3,   3.6,   0.2
96361,   0.3,  -2.5,   1.7,  93.0,  93.0, 996.3,   3.7,  -0.0
96381,   0.1,  -4.3,   2.4, 142.6,  83.9, 943.4,   3.7,  -0.0
96405,   1.5,  -2.7,   2.4,  16.1,  24.6,1066.4,   3.7,   0.0
96433,   0.3,   0.6,   2.8, -20.5,  42.7, 971.2,   3.7,   0.1
96457,  -0.7,   1.4,   2.8,  29.8, -34.0,1100.8,   3.4,  -0.1
96481,  -1.3,   0.2,   3.4, -87.4,  48.8, 995.4,   3.4,   0.3
96505,   1.7,  -1.2,   3.7, -62.5,  69.5, 970.0,   3.4,   0.3
96533,  -1.4,   0.1,   2.9,   0.2,  74.2, 949.2,   3.2,   0.1
96555,   0.1,  -0.1,   2.2,  41.5,  84.4,1066.4,   3.1,  -0.0
96583,  -0.5,  -0.8,   2.7, -22.0,  68.3,1006.1,   3.0,   0.2
96607,   0.8,   0.6,   1.5, -71.5,  33.4, 976.6,   2.9,   0.1
96631,   1.4,  -1.0,   2.0,  31.0,  10.2,1013.9,   2.7,  -0.0
96659,   0.8,   0.5,   1.3,  19.3,  76.6,1020.0,   2.7,  -0.2
96683,  -0.0,   0.9,   0.8, -10.0,  90.5, 987.5,   2.8,  -0.2
96707,  -1.7,   0.1,   0.7,  36.1,  52.2, 928.9,   2.7,  -0.2
96731,  -1.6,   0.4,   0.8,  11.0, -16.4,1057.1,   2.3,  -0.4
96759,  -1.0,  -3.2,   1.3, 251.7,  42.7, 953.4,   2.3,  -0.4
96783,  -4.4,   7.2,  -4.5,-153.6,  21.2, 995.4,   2.2,  -0.9
96807,   1.6,  -4.4,   1.4, 206.8,  19.7, 887.0,   2.0,  -0.3
96831,   1.1,   2.8,  -1.8, -30.8, -44.0, 993.2,   1.8,  -0.7
96859,   1.7,   0.2,  -1.6,-264.9,  55.4, 978.5,   1.9,  -0.4
96883,  -0.7,  -2.1,  -1.1,  91.5,   1.9, 969.7,   1.8,  -0.6
96907,   1.5,  -3.6,  -1.8, 208.0, 103.2, 930.9,   1.8,  -0.7
96931,  -1.7,  -0.7,  -2.8,  -4.9,  64.7,1024.2,   1.9,  -0.6
96959,   0.8,   1.2,  -2.6,-194.6, -29.1, 990.0,   1.6,  -0.5
96983,   1.2,  -1.9,  -0.6, -83.3,  87.4, 981.4,   1.3,  -0.4
97007,   1.2,  -2.4,  -1.5,  13.9, 125.2, 971.7,   1.4,  -0.3
97031,  -1.0,  -0.2,  -2.4,  24.9,  11.2, 982.9,   1.3,  -0.3
97059,   0.6,   3.5,  -4.3,-145.3, 120.3,1044.9,   1.2,  -0.4
97083,   1.0,  -1.1,  -3.3, -38.6,  57.1,1071.3,   1.3,  -0.2
97107,  -1.3,   2.9,  -2.9,-184.8, -66.2,1072.7,   1.3,  -0.2
97131,  -0.4,  -0.5,  -2.3,  20.5,  41.5,1067.4,   1.2,  -0.2
97159,   0.1,   0.7,  -1.5, -76.7, 162.1, 920.6,   1.6,  -0.0
97183,  -1.6,  -2.2,  -1.5, 131.8,  34.4, 994.1,   1.5,  -0.2
97207,  -3.6,   7.0,  -1.0,-464.4,-301.3,1123.0,   0.9,   0.3
97231,   6.1,  -0.5,   3.3, 176.3, 304.9, 853.8,   1.6,   0.3
97259,   4.1,  -0.7,  -2.6,   3.6, 206.5, 943.4,   2.2,   0.3
97283,   0.6,  -1.9,  -1.4,   2.2,  -1.3, 980.7,   2.3,   0.5
97307,  -2.0,   5.1,  -1.3,-170.2, -56.9,1037.8,   1.9,   0.1
97331,   0.2,  -0.4,  -0.5, -32.0,  58.1,1012.7,   2.1,   0.3
97359,  -2.4,  -0.5,  -1.2, -23.2, -53.0,1152.6,   2.0,   0.3
97383,  -0.8,  -1.6,  -1.0, 190.7,  59.5,1042.2,   1.9,   0.2
97407,   0.6,  -0.7,   0.6,  21.5,  61.0,1005.9,   1.8,   0.4
97431,  -1.6,   0.7,   0.3, -37.9,  56.4, 895.0,   1.9,   0.6
97459,   0.1,  -0.4,   0.0,  47.6,   2.7,1081.8,   1.7,   0.4
97483,  -1.3,  -3.0,   2.0,  26.4, 143.5, 974.1,   2.1,   0.8
97507,  -0.1,  -1.5,   1.5,  39.3, -58.1,1130.9,   1.9,   0.7
97531,  -1.6,   0.9,   0.8,-110.6,  30.5, 991.7,   1.9,   0.8
97559,  -1.9,   0.6,   0.9, -21.0, -16.6, 969.7,   2.0,   0.6
97583,  -0.8,  -1.0,   1.2, -40.3,  44.6, 944.3,   2.1,   0.8
97607,  -1.2,  -0.5,  -0.3,  19.0,  11.7,1013.4,   2.2,   0.4
97631,  -3.0,  -3.1,   0.2,  98.4,  14.4, 975.3,   2.1,   0.4
97659,  -2.9,   2.0,   1.5,   9.3,-135.5,1275.6,   1.6,   0.3
97683,  -0.4,   1.1,   0.3,  -7.6,  27.1, 902.6,   2.0,   0.3
97707,  -0.9,   0.0,  -0.7, -87.9, 114.5, 981.0,   2.4,   0.4
97735,  -3.3,   0.0,   0.4,-108.2,-139.9,1142.3,   2.1,   0.5
97759,  -2.7,  -1.5,   3.2,   5.6, -38.1, 987.5,   1.8,   0.8
97783,  -0.9,  -2.9,   1.7,  58.6, 159.4, 960.2,   2.0,   0.7
97807,  -1.6,  -2.3,   2.1, -74.0, -25.4, 922.1,   1.9,   0.9
97835,  -1.7,  -4.6,   2.9, -15.9, 105.7, 936.0,   1.9,   0.9
97863,  -2.5,   1.2,   1.9, -49.1,  30.2, 923.1,   1.8,   1.0
97883,  -2.1,   1.7,   1.0,-166.8,   9.0, 955.3,   1.6,   0.8
97907,  -0.2,  -3.5,   2.1, 122.3,  70.0,1140.6,   1.6,   0.7
97935,  -2.1,   1.0,  -0.2, -59.3,  67.1, 960.0,   1.7,   0.5
97959,  -0.8,  -1.9,  -0.3,  95.9,  51.2,1100.8,   1.5,   0.5
97983,   0.2,   0.1,  -0.1,  88.9,  81.0, 983.6,   1.6,   0.4
98007,  -3.0,  -0.4,  -0.3, -58.6,  78.1,1041.3,   1.9,   0.4
98035,  -2.9,  -3.2,   0.7,  82.3,  27.3, 925.8,   1.8,   0.5
98059,  -3.9,  -2.3,   0.1, 109.6,  23.9, 941.9,   1.8,   0.5
98083,   5.4,   3.4,  -1.1,-155.0, 256.1,1253.2,   1.2,   0.5
98107,   3.0,   1.5,  -2.9,  59.1,  18.8, 962.2,   1.9,   0.2
98135,  -0.6,   7.0,  -3.0,-355.0, -91.6,1013.9,   1.5,   0.4
98159,  -0.2,   1.4,  -0.5, -88.6, 228.7, 866.7,   1.5,   1.0
98185,  -1.7,  -5.0,  -0.4, 254.4, -51.5,1174.8,   1.5,   0.8
98209,  -0.3,   3.5,  -2.7,-188.7, -27.4,1011.0,   1.6,   0.8
98233,   0.5,   2.2,  -1.2,-211.0, -59.4,1162.6,   1.5,   0.9
98257,   0.3,   1.3,  -1.2, -61.5, -25.2, 947.3,   1.3,   0.7
98285,   0.8,   1.6,  -0.5, -13.2,  85.7,1008.3,   1.3,   0.6
98309,   1.7,   2.1,   2.4,-168.7, -38.6, 959.0,   1.0,   0.9
98333,   1.1,   0.1,   1.7,-191.7, 169.4,1004.9,   1.3,   1.0
98361,   0.2,   1.5,  -0.6, -31.0,  25.8,1061.5,   1.3,   1.1
98385,   1.4,  -1.4,   1.0, 100.6,  55.9, 964.8,   1.5,   1.1
98409,  -1.0,   3.7,  -1.0, -99.4, -31.8,1013.4,   1.6,   0.9
98433,   0.0,  -3.8,   1.3,  91.0,  50.3, 881.6,   1.8,   1.3
98457,  -3.4,   1.1,   1.0, -52.0,  37.8, 878.2,   1.6,   0.9
98485,   4.5,  -6.8,   7.3, 369.9, 138.1, 886.2,   1.1,   0.9
98509,   3.1,   0.6,   0.4, 127.7,  45.9,1069.3,   1.5,   0.6
98533,   0.5,   0.7,   1.2,-154.6,-135.3,1098.6,   1.7,   1.2
98557,   1.7,  -1.1,   1.5,  14.4,-102.1, 975.8,   1.5,   0.6
98585,   4.1,  -3.7,   3.0,  83.0,  46.6,1034.2,   1.5,   0.9
98609,   2.6,   0.2,   1.0, -81.8,  46.4, 970.5,   1.6,   0.6
98633,   2.8,  -4.1,   2.0,  19.3, 133.8, 960.7,   1.8,   0.6
98657,   2.2,  -7.9,   2.0, 194.6, 157.2,1008.1,   2.0,   0.5
98685,  -0.9,   4.9,   0.4,-166.3,-160.2,1206.5,   1.6,   0.3
98709,   1.5,  -3.1,   3.0, -14.7, 224.3, 862.3,   2.1,   0.7
98733,  -0.6,  -0.5,   0.7,-137.7,-139.2,1100.8,   2.2,   0.4
98761,   1.6,  -1.9,   2.4,  19.3, 103.7, 994.6,   2.5,   0.4
98785,  -0.1,  -1.2,   3.0,-148.0, 125.2, 921.1,   2.6,   0.6
98809,  -1.6,  -0.9,   2.3, 206.0,  15.3, 960.7,   2.8,   0.3
98833,  -2.1,  -3.2,   4.0,  72.0,-157.5,1536.9,   2.5,   0.5
98861,   4.4,  -1.9,   4.2, 213.4, 112.5, 932.9,   2.7,   0.2
98885,   2.3,   3.0,   1.3,-284.2, 150.1, 872.3,   3.3,   0.7
98909,  -0.7,  -5.7,   3.8, 304.7,  -2.0,1002.4,   3.5,   0.6
98933,  -0.8,   2.3,   2.9, -95.0, -35.4,1046.4,   3.3,   0.4
98961,   0.2,   1.4,   3.1,-146.3,  84.7, 986.8,   3.5,   0.5
98985,  -1.1,  -0.7,   4.6,-109.4, 100.6, 994.4,   3.6,   0.8
99009,  -2.3,  -4.0,   5.4, 122.3,  54.2, 960.2,   3.7,   0.5
99033,  -1.7,  -2.4,   5.5,  20.2,  93.0, 979.7,   3.6,   0.6
99061,  -2.0,   1.0,   4.6, -73.7,  51.7, 884.0,   3.7,   0.6
99085,  -0.2,  -5.7,   6.5,   2.2,  23.2, 979.5,   3.6,   0.8
99109,   0.3,   2.1,   4.4, -55.7, -29.1,1032.0,   3.5,   0.4
99133,  -0.4,  -0.5,   4.8,-156.0,  25.6,1031.7,   3.4,   0.6
99161,   0.6,  -0.2,   5.2,-126.5, -94.0,1027.3,   3.0,   0.5
99185,   3.2,  -4.3,   4.4, 180.6,  92.5, 972.9,   3.0,   0.2
99209,   1.2,   1.0,   3.7, -31.3, -22.7,1098.1,   2.9,   0.1
99233,   0.1,  -0.8,   3.3, -92.8,  66.4, 926.0,   2.9,   0.2
99261,  -0.8,   9.1,  -0.2,  50.5,  25.6, 815.4,   2.6,  -0.9
99285,  -1.9,  -0.1,  -2.1, -78.4, 155.0, 977.0,   2.9,  -0.5
99309,   6.7,  -7.5,   5.8, 188.0, 420.1, 847.9,   2.7,   0.1
99333,   2.3,  -4.6,   1.2, 410.1, -80.8, 949.9,   2.1,  -1.1
99361,  -0.0,   5.2,  -3.0,-270.8,  91.8, 962.4,   2.2,  -0.7
99385,  -0.6,   6.7,  -2.3,-406.3,  48.8, 877.9,   1.9,  -0.1
99409,  -1.8,  -8.6,  -0.1, 408.9, -31.8,1023.2,   1.7,  -0.5
99433,  -0.2,  -1.3,  -3.7,  51.7,  78.1, 990.7,   1.6,  -0.7
99461,  -0.5,  -1.2,  -3.9,  11.2, -43.0,1098.4,   1.5,  -0.5
99485,  -0.2,  -1.9,  -4.0,-114.8, -58.6, 954.8,   1.2,  -0.2
99509,  -1.0,  -6.0,  -4.1, 213.9, 120.3, 977.0,   1.5,  -0.6
99533,  -0.4,  -0.9,  -4.3,  38.1, -24.4,1008.5,   1.2,  -0.5
99561,   0.8,  -2.6,  -5.4,   1.7,  93.5, 998.0,   1.2,  -0.3
99585,   0.8,  -3.5,  -6.7,  74.9, 102.3, 981.4,   1.4,  -0.4
99609,   0.4,  -2.3,  -7.6,  35.1,  59.3, 985.1,   1.4,  -0.5
99633,  -1.4,  -1.7,  -6.8,  66.4,  85.7,1047.6,   1.6,  -0.5
99661,  -3.0,   0.7,  -7.1,-137.5,  92.0, 895.0,   1.7,  -0.3
99685,   0.0,   5.9,  -8.1,-318.4,-423.4,1300.8,   1.1,  -0.5
99709,   6.6,  -4.1,  -7.7, 380.8, 259.0,1000.5,   2.2,  -0.5
99737,   2.2,  -4.8,  -6.3, 179.2, 148.9, 780.5,   3.1,  -0.3
99761,  -1.3,  -3.5,  -6.2, -60.1,  55.6, 994.1,   3.0,   0.0
99785,  -0.6,   1.8,  -6.8,-149.4, 115.4,1060.3,   3.1,  -0.0
99811,  -1.3,   0.6,  -7.1,  52.2,  14.1,1086.4,   3.7,  -0.3
99835,   0.1,   0.3,  -5.5, -15.6, 139.9, 960.9,   4.0,  -0.0
99863,  -0.5,  -3.7,  -4.1,  68.6, 106.9, 997.6,   4.1,  -0.2
99887,   1.1,  -1.5,  -3.1,  51.7,  21.0,1007.8,   4.1,   0.0
99911,   1.1,   0.1,  -2.7,   7.6, 142.1, 985.6,   4.2,   0.0
99935,   1.9,  -1.0,  -2.0,  65.9, 124.2, 994.6,   4.4,   0.3
99959,   1.1,   2.8,  -1.7,-191.2,  58.1,1087.4,   4.5,   0.4
99987,   0.5,  -3.7,   0.3,  17.6, 192.8,1042.7,   4.9,   0.8
100011,   1.7,  -0.2,  -0.4, -36.1, 105.9,1040.0,   5.0,   0.9
100035,   1.7,  -0.8,   1.5,  31.5,  81.0, 957.8,   5.2,   0.9
100059,   0.8,   0.7,   4.0,-144.8,  90.8, 990.0,   5.3,   1.0
100087,  -0.3,  -2.1,   4.0,  -5.4, 181.8,1023.4,   5.7,   1.2
100111,  -1.0,  -0.2,   4.8,  30.5,  61.7, 969.0,   5.8,   1.1
100135,  -0.9,   1.3,   5.9,   1.4, 109.3, 977.8,   6.0,   0.9
100159,  -0.8,  -0.5,   8.2, -31.0,  92.0, 973.9,   6.1,   1.0
100187,  -1.8,   0.6,   8.6, -44.0, 100.1, 995.4,   6.1,   1.0
100211,  -1.2,  -1.9,   9.5,  74.2, 125.0, 957.8,   6.2,   1.1
100235,  -2.6,   2.3,  10.0, -65.0, -76.9,1099.6,   5.9,   1.2
100259,   2.3,   2.0,  10.7, -52.3, 151.3,1029.8,   5.9,   1.0
100287,   0.1,  -1.6,  10.5,  65.4, 114.7,1020.7,   6.1,   1.0
100311,   0.5,   1.4,   9.0,   2.4,  46.1, 964.8,   5.8,   0.8
100335,   0.4,   0.1,   9.5,   8.8,  63.2, 991.0,   5.6,   0.9
100363,   0.1,   0.4,   9.8,   9.3,  67.8, 998.5,   5.6,   1.0
100387,   1.6,  -1.3,   9.2,  85.2,  68.8,1026.4,   5.5,   0.7
100411,  -0.9,   0.6,   7.5,  36.4,  31.9, 979.2,   5.2,   0.7
100435,   0.9,   0.4,   8.1,   7.3,  34.9,1008.1,   4.8,   0.5
100459,   0.1,   1.1,   7.0,  11.7,  29.0, 970.5,   4.6,   0.4
100487,   0.1,  -0.3,   6.8,  41.0,  49.5,1001.9,   4.3,   0.2
100511,   0.2,   0.0,   7.1, -19.3,  31.0,1009.3,   4.1,   0.1
100535,   1.6,  -0.6,   5.6,  45.2,  28.3, 985.8,   3.8,  -0.0
100559,  -0.1,   1.3,   5.3, -11.0,  33.2, 975.1,   3.6,  -0.1
100587,  -0.2,   0.5,   4.4,  45.9,  13.1,1015.1,   3.3,  -0.1
100611,  -1.2,   0.0,   3.6,  29.3,  31.9, 997.1,   3.2,  -0.3
100635,  -0.2,   0.5,   2.4,   6.8,  21.7,1005.4,   3.0,  -0.4
100659,   0.1,  -0.9,   2.1,  46.4,  45.6, 974.1,   2.8,  -0.4
100687,  -0.6,  -0.5,   2.1, -10.3,  29.8, 990.0,   2.6,  -0.4
100711,  -0.9,   0.7,   1.5,  44.2,  26.3, 988.8,   2.5,  -0.6
100735,   0.3,  -0.4,   0.1,  24.6,  81.5,1012.7,   2.5,  -0.6
100763,   0.1,   0.0,   0.1,  -4.4,  64.7, 991.0,   2.5,  -0.5
100787,   1.4,  -0.2,   0.0, -19.8,  47.6, 991.0,   2.5,  -0.5
100811,  -0.4,   0.6,  -1.2, -20.0,  41.5, 985.6,   2.5,  -0.5
100835,   0.3,  -0.8,  -1.6, -21.3,  71.5, 994.4,   2.7,  -0.4
100863,  -0.5,  -2.1,  -2.0,  13.4,  78.1, 974.8,   2.6,  -0.5
100887,  -0.4,  -1.0,  -2.4,   6.8,  64.2,1029.5,   2.7,  -0.6
100911,  -0.8,  -0.7,  -2.7, -11.0,  51.2,1024.4,   2.8,  -0.6
100935,   0.0,   0.2,  -3.6, -12.5,  83.9, 982.9,   2.9,  -0.5
100963,  -1.2,  -1.6,  -2.2,  18.1,  54.7,1014.2,   3.0,  -0.5
100987,   0.5,   1.3,  -2.7,  13.2,  78.1, 994.1,   3.0,  -0.6
101011,  -0.2,  -0.1,  -2.7, -39.8,  68.6,1006.1,   3.1,  -0.4
101035,   0.4,  -0.4,  -1.5,  -6.6,  68.6, 989.0,   3.2,  -0.4
101063,  -0.4,  -0.7,  -1.0,  -8.1,  64.7, 994.4,   3.3,  -0.2
101087,  -0.5,  -0.7,  -1.2, -26.6,  50.0, 987.8,   3.3,  -0.1
101111,   0.1,  -1.2,  -1.1,   5.4,  52.7, 990.2,   3.2,  -0.1
101135,  -0.8,  -0.8,  -0.4, -19.8,  47.3, 992.9,   3.1,  -0.0
101163,  -1.1,  -1.2,  -0.6,   5.6,  32.4,1003.9,   3.0,  -0.1
101187,  -1.1,  -0.8,  -0.9,  21.0,  37.1, 990.7,   2.8,  -0.1
101211,   1.2,  -0.8,  -1.5,  20.2,  56.1, 989.3,   2.8,  -0.2
101235,   0.0,  -0.2,  -2.1,   0.5,  29.3, 997.3,   2.8,  -0.2
101263,  -0.6,  -0.6,  -1.0,  27.1,  27.6, 998.0,   2.6,  -0.4
101287,   0.1,   0.3,  -2.4,   4.6,  37.8, 990.0,   2.5,  -0.4
101311,   0.1,  -0.4,  -2.7,  -8.3,  31.0, 988.0,   2.5,  -0.3
101335,   0.1,  -0.1,  -2.4,   4.1,  34.6,1001.7,   2.4,  -0.3
101363,  -2.0,  -0.1,  -3.0,  13.7,   4.1, 990.7,   2.3,  -0.3
101387,  -1.8,  -0.8,  -4.0,  43.4,  16.3, 999.0,   2.1,  -0.3
101411,  -0.5,  -0.7,  -3.0, -15.9,  31.9,1014.2,   1.9,  -0.2
101437,   0.9,   0.4,  -2.2, -74.0,  35.1,1003.9,   1.8,  -0.0
101461,   0.3,   0.3,  -2.6, -14.7,  19.5,1008.1,   1.8,  -0.0
101485,  -0.4,  -0.8,  -2.3,  -3.4,   4.4,1013.7,   1.7,   0.2
101513,   0.3,   0.3,  -2.1, -26.9,  45.1, 989.0,   1.7,   0.2
101537,   0.8,  -1.0,  -2.1, -27.1,  23.6,1004.4,   1.6,   0.3
101561,   0.3,  -0.4,  -1.9,  -6.4,  15.1, 990.7,   1.6,   0.3
101585,   0.8,  -0.3,  -1.6,  20.2,  28.3, 993.4,   1.5,   0.3
101613,   0.3,   0.4,  -1.1, -33.5,  12.4,1020.3,   1.4,   0.3
101637,   0.4,  -0.4,  -1.1,  -6.6,  36.6,1009.3,   1.5,   0.4
101661,  -0.3,   0.3,   0.1, -43.2,  20.2,1016.6,   1.5,   0.4
101685,   0.5,  -0.2,   0.6, -26.6,  20.0, 997.3,   1.4,   0.5
101713,   0.3,   0.7,   1.4, -21.3,  30.0, 990.5,   1.5,   0.6
101737,   0.6,   0.4,   1.7,  -6.9,  31.0,1004.6,   1.5,   0.6
101761,  -1.2,   2.0,   2.5, -39.1,  31.0, 989.0,   1.6,   0.7
101789,   1.3,  -0.2,   2.9,   7.3,  42.2,1008.8,   1.5,   0.8
101813,   0.6,  -0.2,   3.0, -14.2,  12.4,1001.0,   1.5,   0.8
101837,   0.7,   1.0,   4.0, -32.0,   7.3,1007.1,   1.4,   0.9
101865,   1.2,  -0.9,   4.8,   6.3,  35.9, 972.4,   1.4,   0.9
101889,  -1.3,   1.8,   4.9, -58.1,  33.2,1021.2,   1.3,   0.7
101913,  -2.1,  -0.3,   5.9, -25.9,   4.6,1012.2,   1.3,   0.8
101937,   0.6,  -0.9,   5.9,  34.7,   5.8,1015.1,   1.2,   0.6
101961,  -1.6,   0.2,   4.9,  16.1,  24.1, 989.0,   1.2,   0.6
101989,   0.5,   0.2,   6.1,  30.3,   7.5, 994.6,   1.2,   0.6
102013,   0.9,  -0.3,   4.4,  -3.2,  26.8, 999.7,   1.2,   0.5
102037,   0.0,   0.3,   4.8, -27.1,  26.8, 993.2,   1.2,   0.5
102061,  -0.8,  -0.7,   5.2, -42.3,  45.1,1027.8,   1.1,   0.5
102089,   0.5,   0.4,   4.2,  -3.7,  19.7, 990.0,   1.1,   0.4
102113,   0.2,  -2.1,   4.0,  23.7,  67.3, 965.6,   1.1,   0.4
102137,   0.5,  -0.7,   4.8,  31.7,  40.0, 996.6,   1.2,   0.3
102161,   0.3,   0.0,   5.4, -24.2,  13.4,1032.5,   1.1,   0.3
102189,   1.6,  -0.6,   6.0,   9.8,  30.0, 979.0,   1.2,   0.3
102213,   0.7,  -0.8,   6.5,  12.4,  39.8,1009.0,   1.0,   0.3
102237,   0.7,  -0.2,   5.7, -12.2,  45.9,1011.5,   1.1,   0.4
102261,   0.4,   1.1,   5.1, -58.4,  56.6, 963.9,   1.2,   0.5
102289,   1.2,  -0.8,   4.9,  48.6,  16.6,1003.2,   1.2,   0.2
102313,   0.7,  -0.3,   5.1,  63.0,  15.1, 987.1,   1.1,   0.0
102337,   0.1,   1.1,   4.3, -50.1,  37.3, 974.6,   1.0,  -0.1
102365,  -1.3,  -0.1,   5.3,  50.3,  29.5, 978.5,   0.9,  -0.1
102389,   1.0,  -0.8,   5.3, -20.5,  15.1,1035.9,   0.7,   0.2
102413,   2.5,   0.9,   5.4, -53.5,  -3.9, 960.4,   0.7,   0.0
102437,   1.2,  -1.5,   5.6,  20.5,  -7.6,1042.5,   0.6,   0.2
102461,   1.4,   0.4,   5.6,  20.5, -24.4, 960.0,   0.6,   0.0
102489,   0.6,   1.0,   6.3, -33.5,   7.0,1007.3,   0.5,   0.1
102513,   0.8,   0.9,   3.4, -58.9, -19.1,1012.7,   0.5,   0.0
102537,   0.8,  -2.1,   4.6, 105.0,   4.6,1024.7,   0.5,   0.0
102561,   0.6,  -0.2,   3.4, 109.4,  19.0, 961.9,   0.5,  -0.3
102589,   1.2,  -0.2,   4.5,  -8.3, -10.5, 976.1,   0.5,  -0.2
102613,  -1.1,   1.0,   3.8,  40.3,  32.2, 962.9,   0.6,  -0.3
102637,   1.9,  -0.5,   3.0,  13.2,  48.3, 952.6,   0.5,  -0.3
102661,   2.5,  -0.3,   3.0,-117.0,  99.1,1012.4,   0.5,  -0.2
102689,   1.6,   1.2,   2.8,  36.1,  11.9, 974.6,   0.6,  -0.4
102713,   0.5,   2.9,   2.4, -94.3,  38.5, 970.5,   0.5,  -0.4
102737,   1.0,  -0.5,   2.1,  73.0,  -5.7,1046.6,   0.8,  -0.6
102761,   0.5,   1.1,   2.1, -77.4, 115.2, 962.4,   1.0,  -0.3
102789,   1.3,   0.3,   1.8, -86.0,  81.5, 908.4,   1.1,  -0.0
102813,   0.5,   0.1,   1.5, -93.5,  11.0,1041.0,   1.2,   0.1
102837,  -0.7,   0.8,   0.8,  59.8,   2.9, 987.5,   1.2,  -0.3
102865,   1.4,  -0.9,   0.5, -32.7, 157.7,1041.5,   1.4,  -0.3
102889,   0.3,  -1.5,   1.3,  85.9,  10.5, 947.5,   1.5,  -0.3
102913,  -0.9,   0.2,   0.8, -20.0,  54.4, 962.4,   1.2,  -0.4
102937,  -1.3,   0.6,  -0.7,  -1.0,  13.9, 970.9,   1.3,  -0.4
102965,   3.8,  -0.6,   0.9, -39.3, -23.2,1118.4,   1.1,  -0.3
102989,   2.2,  -5.1,   2.4, 210.9,  93.7, 946.0,   1.6,  -0.2
103013,   1.2,  -2.0,   1.2,  60.8,  17.3,1062.5,   1.5,  -0.2
103039,  -0.0,   1.8,   1.0,  -9.5, -29.1, 967.8,   1.6,  -0.1
103063,   0.4,  -1.3,   1.9,-101.3,  18.8, 937.2,   1.5,  -0.1
103087,   0.3,  -1.8,   0.3,  76.4, 124.0, 981.0,   1.6,  -0.2
103115,  -0.7,   0.6,   0.1,  94.7,  38.5, 997.6,   1.7,  -0.3
103139,  -0.2,   0.8,  -0.2,  31.2,  22.4, 937.0,   1.5,  -0.3
103163,  -0.5,  -1.8,  -0.4, 100.8,  50.5,1010.5,   1.5,  -0.3
103187,  -0.5,   0.8,  -1.0,  45.4,  21.7,1043.5,   1.4,  -0.4
103215,   1.4,  -0.1,  -1.0, -98.4,  61.5, 948.0,   1.4,  -0.2
103239,  -0.2,  -0.8,  -1.5,  -7.8,-118.0,1115.2,   1.4,  -0.2
103263,  -0.3,   2.4,  -2.4,-179.7,  36.3,1071.0,   1.6,  -0.3
103287,  -1.0,  -1.1,  -2.0, -73.5, 102.0, 988.8,   1.8,  -0.0
103315,  -1.6,  -0.3,  -0.8, -31.3, -38.1,1013.2,   1.6,   0.1
103339,   0.2,   2.6,  -4.0,   2.4,   4.8,1057.9,   1.6,  -0.4
103367,   0.5,  -0.1,  -3.5, -34.9, 135.7, 963.9,   1.7,  -0.4
103387,  -1.4,  -1.9,  -3.5,  -9.3, -60.6,1005.1,   1.5,  -0.4
103415,  -1.7,  -3.0,  -2.4, 205.6,  79.1, 923.3,   1.1,  -0.5
103439,  -2.2,  -0.7,  -4.6,  52.0, -52.0,1226.8,   1.1,  -0.5
103463,   4.5,  -3.8,  -0.9, -98.4, 183.6, 798.1,   1.0,   0.3
103487,   3.7,  -3.7,  -4.1, 112.8,  27.8, 960.7,   1.3,  -0.4
103515,   0.1,  -0.8,  -3.8, -93.8,   3.9,1078.9,   1.3,   0.0
103539,  -1.1,   3.9,  -4.5,   2.2, -48.4,1039.5,   1.4,  -0.5
103563,  -1.1,   1.4,  -4.0, -51.5,  37.1, 962.6,   1.4,  -0.2
103587,  -0.2,  -0.5,  -2.9, -42.7, -20.8,1030.3,   1.6,  -0.1
103615,   0.4,  -2.1,  -2.7, -64.7,  43.2,1057.4,   1.6,   0.1
103639,   2.3,   2.5,  -1.7, -51.8,  60.5,1018.3,   1.5,  -0.1
103663,   2.1,   1.9,  -1.6,  14.9,  20.2, 968.3,   1.7,  -0.1
103687,   0.1,  -1.6,  -1.3,  35.4, 130.3, 981.4,   1.9,   0.1
103715,   1.8,  -0.7,  -1.8,  82.3,  18.5, 953.4,   2.0,  -0.0
103739,   2.2,   2.4,  -2.5,-173.8,  83.2, 979.0,   1.8,   0.2
103763,  -1.5,  -2.6,  -0.8, 143.3,  41.7, 962.2,   2.1,   0.2
103787,   0.6,  -1.8,   0.0, -39.8,  32.4,1009.0,   2.2,   0.6
103815,   1.6,   4.0,  -2.7, -59.3, 192.6, 973.4,   2.3,   0.0
103839,   1.9,  -2.3,   0.0,  36.9, 232.4, 991.0,   2.9,   0.7
103867,  -0.8,   1.8,  -0.3, -37.4,  21.9, 938.2,   2.9,   0.8
103891,  -4.2,   0.0,   1.2, -83.0,  67.8, 964.6,   2.7,   1.3
103915,   1.3,  -5.1,   5.1, -26.1, 284.6, 955.6,   2.5,   1.8
103939,   3.1,   0.4,   2.0, -11.5,  73.0,1001.7,   2.9,   1.0
103963,   0.5,   1.5,   1.0,  19.5,  61.2, 974.1,   3.2,   1.2
103991,  -1.7,  -0.2,   3.9,  47.8,  31.5, 981.9,   3.1,   1.1
104015,   0.8,  -0.8,   4.3, -19.5, 176.2, 934.3,   3.1,   1.2
104039,   0.9,  -3.6,   4.2,-100.6, 173.3, 992.7,   3.3,   1.2
104063,   0.8,  -0.1,   4.6,  70.3, 115.0,1031.2,   3.4,   0.9
104091,   0.3,   0.3,   4.7,-106.7,  49.0,1007.6,   3.3,   1.0
104115,  -0.5,  -1.0,   5.4, -84.7, -32.0,1077.4,   3.2,   1.0
104139,  -0.5,  -0.6,   6.9,  12.2,  35.6, 984.1,   3.3,   1.0
104163,  -0.5,  -1.5,   5.3, 107.9,   9.2, 965.6,   3.2,   0.8
104191,   0.4,   0.3,   5.7,  -3.9,  37.6, 968.5,   3.1,   0.9
104215,   0.4,   2.0,   6.5,-138.7,  61.2,1003.4,   3.1,   0.7
104239,   1.3,   0.3,   7.1,-133.1,  98.4,1001.9,   3.1,   1.0
104263,  -0.5,  -3.3,   8.2, 183.8, -60.3,1054.4,   2.9,   0.7
104291,   2.7,   0.7,   5.9,-104.3,  31.2,1046.9,   2.9,   0.6
104315,   1.7,   3.1,   7.5,-228.3, -20.5, 939.2,   3.2,   0.9
104339,   1.4,  -2.9,   9.5,   6.3,  59.3, 948.2,   2.9,   0.8
104367,   0.4,  -2.2,   7.8, 133.8,  53.9, 966.1,   2.9,   0.6
104391,  -0.8,  -0.1,   5.9,  84.5,  52.0, 941.6,   2.9,   0.4
104415,   5.0,  -7.4,   9.7, 203.1, 218.2, 948.2,   2.6,   0.5
104439,   3.2,   0.3,   7.3,  27.3, -24.2,1010.7,   2.6,  -0.2
104463,   0.1,   1.9,   6.2,  14.9,  73.2,1036.6,   2.7,  -0.2
104491,  -0.6,  -0.8,   7.9,  58.3,  55.9, 997.6,   2.6,  -0.1
104515,   0.8,  -1.2,   8.2,  78.8,  63.9, 982.7,   2.5,  -0.1
104539,   0.6,   0.3,   6.8, -74.2, -24.2, 998.0,   2.6,  -0.1
104563,  -1.3,   0.2,   7.9, -88.9, -20.3,1041.3,   2.3,  -0.1
104591,   0.2,  -0.3,   6.7,  86.2,  73.0, 975.1,   2.3,  -0.7
104615,  -0.6,   2.0,   7.3, -14.7,  26.1,1014.6,   2.2,  -0.7
104641,  -1.3,   2.0,   5.0,   0.5,   5.3,1016.4,   2.2,  -0.8
104665,   0.1,  -4.0,   7.1, 160.4, -18.1, 991.0,   2.0,  -0.8
104689,  -1.8,   3.4,   7.0,-127.2,  42.0, 969.2,   1.9,  -0.6
104713,  -0.5,   0.1,   8.1, 173.6, -95.0, 981.2,   1.6,  -1.1
104741,   1.5,  -1.4,   3.7,  -7.1, 172.3,1059.6,   1.8,  -0.8
104765,   0.1,  -3.2,   3.5, 118.4, -57.4, 993.2,   1.9,  -1.1
104789,  -0.4,   2.3,   3.2,   9.8, -69.1,1008.8,   1.4,  -1.4
104813,  -0.6,   3.2,   3.3,  41.2,  13.6, 997.1,   1.4,  -1.2
104841,   1.6,  -2.3,   4.5,-108.2,  91.0, 964.3,   1.5,  -0.7
104869,  -1.7,   2.0,   1.2, 197.5,  10.7,1002.7,   1.4,  -0.9
104889,  -4.6,   4.2,   0.6,  86.9,  40.5, 939.7,   1.5,  -1.0
104917,   0.5,   1.3,   2.5,  58.1, -19.8, 845.7,   1.1,  -0.9
104941,   3.3,   2.2,  -1.6,  28.5, -10.8,1022.9,   0.8,  -1.4
104965,   0.8,  -0.1,  -0.6,-229.0, -55.2, 970.2,   1.1,  -0.6
104989,   3.1,  -4.0,   0.5, 137.4,  73.0, 963.1,   1.3,  -0.9
105017,  -0.5,  -0.6,  -0.6,  97.6,-121.6,1124.7,   1.0,  -1.2
105041,   1.6,   4.0,  -2.4,-193.4,  30.2, 933.6,   1.3,  -0.9
105065,   4.7,  -0.7,  -1.1, -66.7,  99.1,1034.7,   1.5,  -0.7
105089,  -0.8,   0.1,  -1.2, -15.4,   9.7, 961.4,   1.6,  -0.9
105117,   1.6,  -0.8,   0.7, -52.7,  66.4, 995.8,   1.4,  -0.5
105141,   2.8,   4.4,  -2.3,-130.4,  87.4, 919.2,   1.5,  -0.8
105165,   3.6,  -4.0,  -0.7, 100.1, 205.5,1111.1,   1.9,  -0.6
105189,  -0.2,  -2.7,   0.2, 155.7,  58.3, 930.9,   2.0,  -0.6
105217,   1.4,  -1.4,   1.7,-186.5, 107.9, 940.2,   1.5,  -0.1
105241,   1.7,   0.0,   0.6,-206.3,  76.1,1059.6,   1.7,  -0.2
105265,  -0.7,  -6.8,   1.8, 224.8, 148.2, 990.2,   2.1,  -0.1
105289,  -0.8,  -2.2,   1.7, 161.4, -65.2,1050.8,   1.9,  -0.3
105317,  -4.3,   2.5,  -1.5,   7.6,-176.1,1329.1,   1.8,  -0.6
105341,  -0.8,  -3.2,   3.2,  75.7, -28.1, 809.6,   1.6,  -0.3
105369,   1.6,  -1.5,   1.3, -40.3,  83.2, 960.4,   1.7,  -0.3
105389,   0.0,  -0.4,   1.5, -49.8,  36.1, 955.1,   1.9,  -0.2
105417,  -0.4,  -1.1,   2.9,  31.0,  70.5,1086.7,   1.6,  -0.2
105441,   0.3,   2.4,   2.3,-142.1,  -1.7, 981.9,   1.6,  -0.2
105465,   2.7,  -3.8,   2.9,  80.1, 163.3,1016.8,   1.8,  -0.1
105489,   1.6,  -2.1,   4.1,  27.6, 135.5,1020.7,   1.8,  -0.1
105517,   1.0,   0.6,   4.9, -67.4, 119.1,1017.8,   1.7,   0.0
105541,  -0.9,  -3.1,   7.3, 239.0,-135.0,1061.5,   1.6,  -0.1
105565,   1.1,   2.4,   2.3, -26.9, -54.0, 972.4,   1.6,  -0.4
105589,   1.4,  -1.0,   3.6,  94.5,  31.7, 990.0,   2.0,  -0.3
105617,   1.3,   4.0,   3.1,-153.1, -56.9,1088.1,   1.4,  -0.4
105641,   1.7,   0.3,   2.8,  24.9,  48.1,1022.2,   1.6,  -0.4
105665,   4.8,   1.3,   2.5,  87.4, 139.6, 995.1,   1.6,  -0.5
105689,   2.7,  -0.4,   2.3, -40.5, 118.1, 924.8,   1.8,  -0.4
105717,  -2.0,   2.2,   2.1,  89.8,  36.6,1090.6,   2.0,  -0.9
105741,   2.5,  -1.8,   5.3, -36.9,  88.6, 848.4,   1.7,  -0.2
105765,   0.9,   2.9,   0.8,  53.0,   5.8,1154.0,   1.8,  -1.0
105789,   1.1,   2.6,   1.3, -66.9,   3.1,1042.5,   2.0,  -0.5
105817,   0.3,  -2.6,   0.8, 174.1,  -9.1,1004.4,   2.0,  -0.6
105841,   1.4,   3.2,   2.0,  38.6,  36.1,1025.4,   1.7,  -0.8
105869,   0.1,   1.5,  -0.8,-136.5,  63.7, 981.2,   1.7,  -0.6
105893,   1.6,  -2.9,  -2.2,   7.3, 106.7, 932.1,   1.9,  -0.4
105917,  -1.3,  -6.2,   0.8, 223.1,  58.1,1047.1,   1.7,  -0.6
105941,  -2.7,   5.3,  -3.3, -34.9,  12.9,1086.7,   1.4,  -1.0
105965,  -0.6,   1.3,  -4.0, -26.4,  28.5, 925.8,   1.6,  -0.7
105993,   3.3,  -6.8,  -3.1, 433.6, -89.1,1200.7,   1.3,  -0.8
106017,  -0.9,   4.3,  -3.8,-191.9,-118.4,1058.3,   1.2,  -0.6
106041,  -0.9,   0.5,  -4.9,-154.8,  45.9,1103.0,   1.4,  -0.2
106065,   0.9,  -1.0,  -3.8, -47.9,  78.3, 961.7,   1.5,  -0.2
106093,  -2.8,   1.6,  -5.9,  36.6, 104.0, 993.6,   1.9,  -0.7
106117,   4.7,   2.6,  -2.6,-490.2, -23.7,1295.2,   1.2,  -0.0
106141,   5.9,  -3.5,  -3.4,  96.2, 102.5, 941.9,   1.7,  -0.4
106165,   2.5,  -5.2,  -5.6, 173.8, 186.7, 988.3,   2.0,  -0.4
106193,  -0.6,   1.4,  -6.5,  37.6, 102.3,1053.2,   2.1,  -0.4
106217,  -1.6,   0.1,  -6.3, -40.5,  34.6, 955.1,   2.1,  -0.3
106243,   0.9,  -1.5,  -8.7, -51.8,  69.5,1013.2,   2.0,  -0.4
106267,   0.4,  -2.1,  -7.2,  38.1,  27.3, 905.5,   2.2,  -0.1
106291,   0.3,  -2.9,  -6.3,  49.5,  42.7,1028.1,   2.1,  -0.0
106315,  -0.6,  -4.0,  -6.3,  53.2,   7.0,1050.0,   2.2,  -0.0
106343,   0.1,   6.2,  -9.5,  -5.1,  27.6, 919.2,   2.3,  -0.9
106371,  -1.4,  -4.0,  -7.6,  70.3,  63.2,1000.7,   2.3,  -1.0
106391,  -1.9,  -2.4,  -5.7,   2.9,-138.7,1033.7,   2.1,  -0.8
106415,   1.7,   0.6,  -3.8,-199.5,  71.7,1093.0,   2.0,  -0.5
106443,  -1.1,   0.8,  -3.7,-253.2, 128.6, 917.2,   2.7,   0.1
106467,  -3.8,  -1.8,  -5.6, 105.0, -45.2, 982.9,   2.7,  -0.6
106491,  -4.9,   1.6,  -5.9, 129.9,  73.7,1095.5,   2.7,  -0.9
106515,  -2.2,  -6.6,  -1.4, 115.7,  12.2, 713.1,   2.6,  -0.3
106543,   0.8,  -3.7,  -3.5, 145.2,  21.9,1003.9,   2.5,  -0.8
106567,  -1.7,   0.0,  -3.2,-281.8,  30.0, 949.7,   2.5,  -0.1
106591,  -1.1,  -2.7,  -3.7, 164.0,  64.7,1016.8,   2.5,  -0.4
106615,   0.8,  -4.0,  -1.7, 207.7,  84.7, 989.3,   2.4,  -0.2
106643,  -0.4,  -2.0,  -1.2,   1.0, -11.5,1032.2,   2.3,  -0.0
106667,  -0.3,  -0.9,  -1.9, -10.0, -34.0,1043.2,   2.4,   0.1
106691,  -0.2,   0.1,  -3.4, -85.2,  29.8, 941.9,   2.4,  -0.0
106715,  -0.8,   2.3,  -2.6,-151.9, -83.0, 886.5,   2.2,  -0.2
106743,  -0.3,  -3.8,  -0.8, 270.2, -47.2, 996.6,   2.1,  -0.2
106767,   2.2,   7.7,  -6.4,-160.4,-241.2,1047.1,   1.7,  -1.0
106791,   2.2,  -2.6,  -3.4, -43.2, 103.5,1003.2,   2.4,  -0.2
106815,   0.1,   4.3,  -3.5,-252.5, -21.8, 990.2,   2.1,  -0.5
106843,   1.7,  -2.4,  -1.6, 110.6, 222.4, 945.3,   2.3,  -0.4
106871,  -4.2,  -1.9,  -3.7,  89.3,  82.0, 929.9,   2.3,  -0.5
106891,  -7.5,   6.2,  -3.5,-337.7,-426.5,1390.1,   1.5,  -0.5
106919,   0.6,   3.3,  -0.4, -34.9, 156.0, 932.9,   2.2,  -0.6
106943,   0.2,   1.2,  -3.2,-109.1,  79.8, 947.5,   2.1,  -0.5
106967,  -1.4,  -7.2,  -0.3, 373.0, 147.2, 976.8,   2.1,  -0.5
106991,   0.9,   3.6,  -1.3,-243.4, 117.2,1038.6,   2.1,   0.1
107019,  -2.0,  -1.1,  -3.8, -90.1,-146.0,1063.7,   2.1,  -0.2
107043,  -0.3,  -2.7,  -4.6,  61.5, -39.8,1011.2,   2.3,  -0.0
107067,  -0.0,   4.4,  -5.3,-134.0, -69.4,1167.0,   2.1,  -0.2
107091,   0.6,  -2.1,  -4.1,  12.4,   5.1, 939.4,   2.2,  -0.1
107119,  -2.0,   0.7,  -5.1,  30.3, -59.6,1134.0,   2.3,  -0.2
107143,  -1.5,  -0.2,  -4.5,   4.1,   9.5, 992.2,   2.7,   0.1
107167,  -2.0,  -6.7,  -0.3,  23.2,  68.1, 911.4,   2.6,   0.6
107191,  -0.8,   0.8,  -4.0,-139.9,   1.7,1072.0,   2.4,   0.2
107219,   0.5,  -2.1,  -3.5, 153.3, 159.1,1039.3,   3.3,   0.0
107243,  -4.2,   4.9,  -3.8,-187.3, -53.0, 852.8,   3.0,   0.2
107267,  -4.3,   2.4,  -2.9,-129.4,-188.5,1498.0,   2.2,   0.2
107291,   2.2,   1.1,  -2.3,   7.6, 102.5, 875.7,   2.9,   0.2
107319,   1.4,  -4.1,  -3.7,  84.2,  40.5,1017.1,   3.1,   0.3
107343,  -0.8,  -5.7,  -1.8, 259.8,  93.5, 987.1,   3.2,   0.3
107371,   0.5,   1.8,  -3.9,-224.4,  51.2, 985.3,   3.2,   0.6
107391,  -1.5,   2.9,  -4.2,-166.0, -65.5,1045.2,   3.2,   0.3
107419,  -0.5,  -3.5,  -2.3, 150.6, -56.4,1112.3,   3.5,   0.6
107443,  -0.5,   3.4,  -3.9, -18.3, -41.1,1068.6,   3.3,   0.5
107467,  -1.0,  -0.8,  -2.0,-116.7,  30.7, 905.0,   3.4,   1.0
107491,   0.7,  -3.2,  -1.3,  80.1,   6.8, 992.2,   3.2,   0.9
107519,  -1.1,   0.1,  -0.2,  63.0,  -6.4, 965.6,   3.1,   0.9
107543,  -1.7,   1.1,  -0.7,-152.1,  45.9, 996.6,   3.2,   1.2
107567,  -0.9,  -2.4,   0.4,-177.3,  57.8,1036.4,   3.2,   1.6
107591,  -0.5,  -4.3,   2.0,  48.6,  84.4, 961.7,   3.2,   1.5
107619,  -3.8,  -2.4,   3.5,  58.8,-154.1,1065.7,   2.8,   1.6
107643,   0.2,   3.6,   0.4, -93.8,  -0.5,1169.4,   2.7,   0.8
107667,   0.9,  -0.3,   1.5,  44.2,  18.3, 963.1,   3.3,   1.2
107691,  -1.7,  -1.5,   3.5, 251.0,  14.4, 963.9,   2.8,   0.5
107719,  -3.7,  -1.5,   3.5, 230.0, 139.1, 851.1,   2.7,   0.4
107743,   5.7,  -4.3,  10.4,-190.0, 460.2, 997.3,   2.2,   1.4
107767,   3.6,  -4.6,   6.5, 389.6,  31.7,1036.9,   2.5,  -0.1
107791,   1.2,  -0.8,   6.0,  32.9,  45.9, 988.5,   2.5,   0.4
107819,  -0.8,   3.5,   4.8,-175.6, -61.3, 945.8,   2.4,   0.3
107841,  -0.5,  -3.2,   8.0, -42.5, -31.0,1064.2,   2.2,   0.7
107869,   1.2,   2.0,   5.3, -45.9, -20.3,1113.0,   2.2,   0.8
107893,   0.9,  -0.4,   4.8, -33.2, -87.4,1011.7,   2.2,   0.9
107917,   0.9,   2.4,   3.2,-154.8, -90.6,1032.0,   1.8,   0.4
107945,   1.0,  -0.7,   3.5,  83.5,  42.9, 964.6,   1.8,   0.2
107969,   0.3,  -0.1,   3.6, 147.2,  42.9, 939.0,   1.9,   0.1
107993,   0.6,  -0.2,   1.7,-175.6,  92.0, 993.6,   1.8,   0.1
108017,  -1.5,  -6.6,   6.0,  88.4,  59.8,1008.3,   2.0,   0.6
108045,  -0.3,  -1.0,   5.3, 273.7,-216.3,1148.9,   1.5,   0.2
108069,   3.0,   3.4,   2.0,-313.7,  72.5, 906.5,   1.7,   0.4
108093,   1.7,  -4.0,   3.4, 125.5,  66.6, 917.7,   2.3,   0.3
108117,   0.8,  -0.2,   5.3, -38.3, -45.2, 928.2,   1.8,   0.3
108145,  -1.1,   0.4,   1.5, 133.5,  34.6, 899.7,   1.8,  -0.0
108169,  -2.7,  -0.1,   1.7,  66.6,  60.3, 892.3,   1.9,  -0.2
108193,   5.9, -15.1,   6.2, 582.5, 162.1, 933.8,   1.9,  -0.2
108217,   3.2,   5.0,   0.2, -59.1, -67.9, 877.7,   1.6,  -0.7
108245,   2.2,  -1.9,   1.5,-108.2,  49.3, 969.7,   1.6,   0.0
108269,   0.5,   1.2,  -0.2, -20.0,  37.1, 951.4,   1.6,  -0.5
108293,   2.5,  -5.9,   1.7,  76.6,  78.8,1030.8,   1.6,  -0.1
108317,   3.1,  -0.8,   0.0,  -7.1,  94.4, 977.0,   1.7,  -0.2
108345,   0.5,  -3.7,  -0.7,  17.8,   4.8, 942.9,   1.6,   0.1
108373,  -0.2,  -1.3,   0.7,  82.5,  36.3, 988.5,   1.6,  -0.0
108393,   1.1,   1.7,  -0.7, -53.0,  -6.1, 977.8,   1.6,  -0.1
108417,  -0.1,   0.5,  -1.9,-240.7,  55.1, 913.3,   1.7,   0.0
108445,   1.7,   0.2,  -0.9, -44.2, -19.6,1011.7,   1.6,  -0.2
108469,  -0.9,  -3.5,   0.7, -91.3,  65.9, 917.5,   1.6,   0.2
108493,   0.0,  -6.5,   1.1, 178.2,  43.7,1013.2,   1.6,  -0.1
108517,   0.5,   7.8,  -4.4,-249.3,  47.1, 937.5,   1.7,  -0.4
108545,   1.9,  -3.1,  -2.5,  57.6,  30.7, 924.1,   1.9,  -0.4
108569,  -0.2,   2.6,  -3.7,-104.0, -21.8, 893.3,   1.9,  -0.5
108593,  -0.6,  -1.1,  -1.7,  23.9, 169.4, 931.9,   1.8,  -0.4
108617,   2.8,  -8.7,   1.2, 339.6, 227.3, 809.1,   1.8,  -0.3
108645,   2.6,   5.0,  -4.3,-179.7,  11.9, 979.7,   1.9,  -0.9
108669,   2.0,   2.1,  -2.9,-220.7,  30.7, 911.1,   1.9,  -0.4
108693,   1.6,  -0.8,  -4.1,  81.0,  73.5, 927.7,   1.9,  -0.9
108717,   1.0,   0.6,  -3.2,-125.7, 135.5, 968.7,   1.9,  -0.6
108745,   0.3,  -1.4,  -4.7,  60.3,  52.7, 983.1,   2.0,  -0.7
108769,   0.0,   0.4,  -3.1, -23.5,   7.5, 991.0,   1.9,  -0.7
108793,  -1.3,   2.0,  -4.5, -26.1, -80.8, 986.8,   1.7,  -0.7
108817,  -2.4,  -1.8,  -4.6,  -0.7,  33.4, 967.8,   1.6,  -0.7
108845,   0.2,   0.7,  -5.9, -23.2, -38.6,1049.3,   1.5,  -0.6
108873,  -0.6,  -0.3,  -5.2, -77.2, -81.1, 977.5,   1.4,  -0.6
108893,  -0.2,   1.3,  -6.9, -88.9,  35.4,1045.2,   1.5,  -0.7
108917,  -1.7,  -3.8,  -4.1,  78.1,   2.2,1009.3,   1.7,  -0.4
108945,   1.4,   2.9,  -7.9,  44.4, 107.4, 965.6,   1.4,  -1.1
108969,   0.3,   1.7,  -8.2,-177.3,  73.2, 959.0,   1.9,  -0.5
108993,  -0.1,  -2.0,  -5.6, 138.2, 132.5,1033.9,   2.1,  -0.7
109021,  -2.8,   0.8,  -5.2,-106.0,  10.0, 960.0,   1.8,  -0.3
109045,  -4.6,  -0.4,  -5.5, -28.3,-517.1,1264.2,   1.3,  -0.4
109069,   1.2,  -0.8,  -4.6,  87.9, -46.7, 877.2,   1.8,  -0.5
109093,   2.4,   2.1,  -5.5,-128.4,  91.8, 932.1,   1.8,  -0.3
109121,  -0.2,  -4.0,  -3.2, 119.9,  31.5, 964.8,   1.8,   0.0
109145,   0.0,   3.5,  -4.2,-104.0,   3.6, 999.3,   1.6,  -0.3
109169,   1.6,  -1.4,  -3.4,-159.9, 142.3,1001.7,   1.8,   0.1
109193,   1.8,  -6.5,  -3.4,  99.6, 177.7,1002.4,   1.9,   0.0
109221,  -1.1,   0.4,  -3.8, 183.1, -52.3,1063.5,   1.6,  -0.4
109245,   0.2,  -0.4,  -5.4,  -6.9,  57.6, 938.2,   1.7,  -0.3
109269,  -0.3,  -0.7,  -3.5, -53.7,  22.7, 969.5,   1.6,  -0.2
109293,  -0.1,  -0.3,  -3.2,  31.7, -69.6,1050.8,   1.6,  -0.2
109321,   1.2,  -1.4,  -4.0,  41.0,  63.4, 947.3,   1.6,  -0.0
109345,   1.2,  -0.2,  -2.7,  48.6,  26.8,1065.2,   1.4,  -0.2
109373,   1.4,  -0.7,  -3.8, -36.1,  25.4, 999.7,   1.4,  -0.2
109393,   1.4,  -1.6,  -1.7, -30.0,  45.9, 947.7,   1.5,   0.2
109421,   1.2,   2.0,  -3.4, -93.0, 144.5, 898.7,   1.7,  -0.1
109443,  -1.1,   0.6,  -3.9, -88.6,  80.5,1011.7,   2.1,   0.3
109471,  -2.3,  -1.9,  -2.3,  53.0,-342.8,1367.7,   1.6,  -0.0
109495,  -1.2,  -2.5,   0.9,   6.3,  42.0, 813.0,   1.5,   0.6
109519,  -0.1,  -0.7,  -2.3,-122.8,  71.0,1057.4,   1.6,   0.2
109543,  -2.0,  -0.7,  -1.8,  -8.6, -66.9, 992.7,   1.9,   0.3
109571,  -1.3,   1.0,  -1.5,-251.5,  53.2, 961.2,   2.0,   0.6
109595,   0.8,  -4.4,  -0.8, 186.5,  40.2,1017.3,   1.8,   0.1
109619,   1.4,  -3.8,   0.2,  22.9, 121.1,1007.3,   1.9,   0.7
109643,   1.7,  -3.5,   1.3, 119.4,  45.4,1017.3,   2.1,   0.5
109671,  -0.3,   0.0,   1.3,  55.6,  39.0,1020.5,   2.2,   0.5
109695,   0.1,   0.7,   2.0, -95.2,  23.4, 921.1,   2.3,   0.6
109719,  -0.3,  -1.2,   3.6, -73.0, 138.4,1023.7,   2.2,   0.7
109743,   1.4,  -4.3,   5.2, 112.3,  -2.0, 974.8,   2.4,   0.9
109771,  -1.6,   0.2,   3.2, -62.5, 127.2, 924.6,   2.5,   0.7
109795,  -0.3,  -2.3,   4.3,  22.9,  78.3, 982.4,   2.5,   0.8
109819,  -2.2,  -1.5,   5.9,  74.0,  22.4,1075.9,   2.4,   0.7
109843,  -2.6,  -3.6,   5.5, 422.6,-114.0,1003.7,   2.3,   0.5
109871,   0.9,   2.5,   1.8, -86.7,  96.6, 956.3,   2.4,   0.7
109895,  -3.0,   0.1,   2.9,  24.9,  71.5, 901.4,   2.7,   0.5
109919,   1.4,  -1.9,   7.0, -95.2,  59.0,1133.8,   2.0,   0.7
109943,   0.7,   0.7,   3.8,  82.5,  -6.1,1116.4,   2.2,   0.1
109971,   2.0,  -0.3,   3.7, -66.4, 125.7,1031.2,   2.3,   0.6
109995,   1.0,  -2.2,   3.2,  37.1,  17.8, 938.5,   2.3,   0.4
110019,  -0.5,  -2.6,   3.9, 190.7,   2.4,1056.1,   2.1,   0.2
110047,   2.2,   0.4,   2.5,-163.3, 114.7,1011.0,   2.2,   0.4
110071,  -0.3,   3.3,   2.0, -61.1,  11.4,1006.1,   2.3,  -0.1
110095,  -0.7,  -1.4,   2.1,  52.7,-126.7,1133.5,   2.1,  -0.0
110119,   0.0,   0.6,   1.5, 107.4, -11.5, 930.9,   2.1,  -0.3
110147,  -0.1,   0.4,   1.6,  17.3,  87.4, 969.5,   2.1,  -0.3
110171,  -0.7,  -3.0,   0.4,  85.7,  45.6, 969.2,   1.9,  -0.2
110195,   0.1,   0.9,  -1.5,  75.4,  -4.2, 949.5,   1.8,  -0.4
110219,   0.3,   0.0,  -1.6, -43.0, -39.8,1025.6,   1.4,  -0.6
110247,   1.1,   1.4,  -2.1, 121.8,  14.6, 946.5,   1.0,  -1.0
110271,   2.3,   2.1,  -5.6, -27.6,  92.7,1003.7,   1.3,  -1.1
110295,   1.9,   0.9,  -4.8, -25.2, -15.7, 956.3,   1.4,  -0.9
110319,  -2.1,   1.0,  -5.0,  77.6, -33.7,1055.2,   1.2,  -1.2
110347,  -3.6,  -1.9,  -6.1, 154.5, 143.5, 826.7,   1.6,  -0.9
110375,   2.2,  -6.0,  -3.6, 414.5,  61.7, 892.6,   1.7,  -1.5
110395,   1.4,   0.7,  -7.0, 170.9, -17.6, 981.2,   1.5,  -1.9
110419,   0.0,   3.4,  -8.6,-199.2,  96.2, 972.9,   1.6,  -1.2
110447,  -2.8,  -1.3,  -7.1,  39.8,-154.1,1120.1,   0.9,  -1.0
110471,   1.2,  -2.9,  -9.8, 229.0, -83.5,1038.6,   1.1,  -1.3
110495,   1.6,   3.0, -11.3,-269.8, -51.3,1013.4,   1.0,  -0.9
110519,   2.8,  -0.5, -11.8,-167.0,   5.3,1029.8,   1.0,  -0.7
110547,   0.2,  -0.7, -13.1,-123.1, -12.2, 960.9,   0.9,  -0.8
110571,   1.3,  -1.0, -13.1,  88.6,  82.7,1068.6,   0.9,  -0.9
110595,  -1.0,  -0.1, -13.7, 129.4,  33.9, 973.1,   1.6,  -0.6
110619,  -0.3,  -3.6, -13.2,  12.2, 115.9, 953.6,   1.8,  -0.2
110647,  -0.5,  -2.6, -10.4, -53.2, -13.5, 993.6,   1.8,  -0.0
110671,   0.5,  -4.3,  -8.2, -68.4,  75.4,1073.7,   2.1,   0.5
110695,  -1.1,  -1.0,  -7.5, -76.4, -61.6, 971.7,   1.9,   0.5
110719,  -1.6,   5.4, -11.9, -26.6,  13.6, 898.4,   2.1,  -0.2
110747,   8.1,  -6.6,  -6.5,-212.9, 238.0, 825.7,   2.3,   1.2
110771,   2.4,  -2.9,  -7.9, 237.5, -24.4,1046.9,   2.4,   0.2
110795,   2.1,   1.8,  -8.3,-232.7, -11.5,1026.4,   2.3,   0.8
110819,   2.8,  -2.3,  -7.0, -48.4, 102.7, 888.2,   2.5,   1.0
110847,   1.6,  -7.7,  -6.3, 241.0,  35.9,1081.5,   2.6,   0.8
110875,   0.8,   1.1,  -8.5,-129.9,  89.6, 965.1,   2.7,   1.0
110895,  -2.0,   0.0,  -8.1, -87.4,  92.5, 971.4,   2.7,   1.0
110919,  -0.3,   0.2,  -6.9, -96.0,  10.7,1099.6,   2.5,   1.0
110947,   1.9,  -1.9,  -5.1, 106.7, 144.5, 984.6,   2.6,   0.8
110971,   0.3,  -0.4,  -5.2, -44.9,  57.6, 962.2,   2.7,   1.0
110995,  -1.1,  -2.6,  -3.5,  17.8,  43.4,1029.5,   2.8,   1.4
111023,  -0.8,  -1.2,  -3.5,  33.2,  43.7, 996.8,   2.9,   1.2
111045,  -0.3,   0.3,  -3.5,  13.9,  65.9, 945.3,   2.9,   1.2
111073,   1.1,  -1.1,  -1.9, -32.2, 106.9, 974.4,   2.9,   1.4
111097,  -0.0,  -2.7,  -3.7, 107.7,  29.3, 927.5,   2.9,   1.1
111121,  -2.2,   1.3,  -4.5,  21.2,  25.1, 960.9,   2.8,   1.0
111145,  -1.1,   0.7,  -2.1,   3.6,  20.0, 965.3,   2.5,   0.9
111173,  -4.6,   2.1,  -3.0, -64.0,  61.0, 868.2,   2.5,   0.8
111197, -10.7,   7.0,  -4.8,-506.4,-603.6,1294.4,   2.0,   0.8
111221,  -3.6,  -0.8,  -2.6,  76.2,  78.1, 965.3,   2.0,   0.5
111245,   2.3,   1.7,  -4.4,-120.9,  99.3,1031.7,   2.1,   0.6
111273,   1.2,  -5.1,  -3.5,  60.0, -94.8,1035.1,   1.8,   1.0
111297,   0.0,   0.4,  -2.0, -58.1, -32.7,1055.9,   1.6,   1.0
111321,  -0.1,  -1.9,  -2.6,  97.4,  19.3, 994.9,   1.7,   0.9
111345,  -0.5,   0.7,  -3.2, -16.9,  69.3,1015.4,   1.7,   0.9
111373,   0.3,  -0.9,  -2.1, -15.4, -34.9,1013.2,   1.6,   0.9
111397,   1.5,  -1.2,  -1.9, -24.7,  59.8,1062.5,   1.4,   0.9
111421,  -0.1,  -0.4,  -1.9,-122.8,  31.2,1057.9,   1.5,   1.3
111445,  -1.9,   3.2,  -4.1, -33.2,   8.0,1049.1,   1.5,   0.9
111473,   0.4,  -5.5,  -0.3, 132.6, 190.4,1074.5,   1.6,   1.2
111497,  -1.7,  -0.9,  -1.7,  20.7, 139.1, 997.6,   1.8,   1.0
111521,  -1.8,  -1.5,  -1.5, -20.0,   0.5, 977.0,   1.6,   1.2
111545,   0.6,   0.0,  -0.9,-100.1,  84.4, 988.3,   1.4,   1.0
111573,   4.5,  -4.4,   2.8,  47.1, 111.5, 828.9,   1.5,   1.5
111597,   3.3,   0.9,   0.6, -68.9,   4.6,1057.9,   1.6,   1.1
111621,  -0.3,   3.1,  -0.9,  51.3,  94.0, 975.8,   1.9,   0.9
111645,   0.3,  -0.1,  -3.5,  11.2,  94.4, 977.3,   2.2,   0.9
111673,  -2.2,  -0.7,   0.6,  64.2,  11.9, 920.9,   2.3,   0.9
111697,   0.1,  -1.0,  -0.2, -74.2,  10.5,1166.5,   2.0,   0.9
111721,   0.5,   1.1,  -0.5,-168.5,  54.7,1076.4,   1.9,   0.9
111745,   1.4,   1.3,  -1.0, -17.6,  33.4, 962.9,   2.1,   0.7
111773,  -0.4,  -2.7,   0.7, 114.2,   3.6,1039.1,   2.0,   0.7
111797,  -0.2,   4.5,  -0.5, -86.0, -50.8, 993.2,   1.8,   0.6
111821,   0.1,   1.3,   1.2,-204.8,  72.0, 970.5,   1.9,   1.2
111845,   0.0,   0.4,   0.3,-103.5, -16.9,1016.4,   1.9,   1.0
111873,   1.6,  -0.6,   0.0,  83.7, -14.9,1015.9,   1.9,   1.0
111897,   1.2,  -1.5,   0.0, -31.5, 153.8,1041.7,   2.2,   0.9
111921,   2.1,   1.7,  -0.4,-121.6, 118.1,1054.7,   2.0,   0.8
111945,   0.0,  -1.2,  -0.1,  93.2,  89.6, 949.5,   2.4,   0.7
111973,  -0.7,   1.3,  -1.9, -14.2,  57.6, 961.9,   2.4,   0.6
111997,  -4.5,   2.7,  -2.9,  -1.7,-343.8,1312.7,   2.1,   0.3
112021,   2.7,  -4.8,   2.7, -16.6, 236.8, 846.2,   2.6,   1.1
112049,   2.5,   3.1,   0.1,-240.2,  13.4, 998.5,   2.2,   0.9
112073,   0.4,  -0.2,  -1.6, -82.3,  80.3, 991.2,   2.6,   0.8
112097,   1.1,  -2.3,  -1.2, 209.2,  92.5, 968.0,   2.9,   0.5
112121,   0.3,   1.7,  -0.6,  -8.6, 114.2, 883.3,   2.8,   0.5
112149,   0.1,  -2.0,  -0.4,   3.2,  12.2, 989.5,   2.6,   0.7
112173,  -1.3,  -3.8,  -0.1, 147.7, -23.2,1046.1,   2.6,   0.8
112197,   0.6,   1.7,  -0.1,-191.2,  42.7, 948.5,   2.5,   1.0
112221,  -0.2,  -2.6,   0.7,  54.7,   7.0,1069.6,   2.3,   0.9
112249,   0.9,  -1.4,   0.4, -46.4,  -3.5, 958.2,   2.1,   0.9
112273,  -0.6,  -0.6,   0.7, 126.9,  -3.9,1017.6,   1.9,   0.7
112297,   1.4,   2.2,  -0.2,-138.7,  61.7,1020.3,   1.7,   0.7
112321,  -0.5,  -2.4,  -0.5,  97.6,  43.9, 969.7,   1.8,   0.5
112349,   0.6,  -0.4,  -1.9, -74.5,  80.8, 957.5,   1.6,   0.5
112377,   0.2,  -1.1,  -1.4, 105.7,  21.0, 984.9,   1.6,   0.4
112397,   2.2,  -0.2,  -2.7,   1.7,  44.9, 957.5,   1.6,   0.3
112421,  -2.2,   0.8,  -3.2, -59.1,  27.6,1012.7,   1.9,   0.4
112449,  -3.6,   1.9,  -2.9,-203.6,-468.3,1057.6,   1.2,   0.4
112473,   4.5,  -4.3,   1.5,   6.8, 178.4, 927.5,   1.8,   1.0
112497,   2.2,  -1.0,  -0.7, 385.5,  35.9,1021.0,   1.5,   0.2
112521,   0.1,   0.9,  -3.5, -13.4,  39.3, 991.9,   1.9,   0.7
112549,  -1.4,   6.2,  -5.6,-265.4,-123.8, 956.5,   2.2,   0.5
112573,  -0.6,   1.8,  -2.4,-159.0, -29.3,1014.4,   1.7,   0.6
112597,   0.2,  -1.8,  -1.6,  53.7, -19.6, 998.0,   1.7,   0.7
112621,   0.3,  -1.9,  -2.6, -54.0, -17.1,1085.0,   1.8,   0.9
112647,   1.0,  -3.7,  -2.1, 100.8,  23.6, 986.6,   1.8,   0.8
112671,  -0.5,  -2.3,  -2.7, 120.8,  58.8, 931.1,   1.7,   0.6
112699,  -1.0,   1.3,  -2.6, -57.9, -62.3, 972.6,   1.4,   0.8
112723,   0.8,  -0.2,  -2.4,-105.7,  41.2,1116.4,   1.5,   1.0
112747,   0.5,   4.4,  -2.9,-347.4,   4.8, 940.4,   1.6,   1.1
112771,   1.1,  -5.7,  -1.2, -60.1, 113.7, 959.5,   1.7,   1.3
112799,  -0.3,   2.9,  -1.8,  37.1,-103.1,1095.0,   1.7,   1.0
112823,  -2.0,   2.1,  -0.2,-199.7,   2.4,1029.3,   2.0,   1.2
112847,  -1.7,  -1.5,   0.1, -37.1,   9.0, 972.6,   2.0,   1.3
112875,   2.4,  -0.1,  -0.4, 127.9, 120.8, 910.4,   2.2,   1.2
112899,  -1.4,   0.1,  -2.2,   9.0,  78.6, 915.3,   2.3,   1.0
112923,   0.5,  -0.2,  -0.6, -82.0,   5.6,1199.0,   2.0,   1.2
112947,   1.7,   1.7,   0.5, -44.7,  16.1, 962.2,   2.4,   1.2
112971,   1.7,  -1.9,   2.3,-134.3,  -0.5, 991.4,   2.2,   1.8
112999,   1.2,   4.4,   1.0,-170.7,  89.6, 908.7,   2.3,   1.6
113023,   2.7,  -2.7,   2.1,   8.3, 113.7,1047.4,   2.7,   1.8
113047,   0.5,  -1.2,   2.6,  50.0, -28.8, 918.2,   2.7,   1.5
113075,   1.1,  -1.5,   3.2,  63.5,  89.1,1053.2,   2.7,   1.5
113099,  -0.1,  -2.7,   4.6,  78.4, -26.9, 994.4,   2.8,   1.6
113123,   0.7,  -0.1,   4.1,-194.1,  57.3, 944.1,   2.8,   1.7
113147,   1.1,   0.9,   5.0, -39.1,  32.2,1036.6,   2.7,   1.5
113175,   0.9,  -2.1,   6.3,  30.0,  72.2, 976.6,   2.8,   1.5
113199,   0.8,   0.2,   5.6, 101.3,  27.3,1016.8,   2.7,   1.4
113223,   0.5,  -1.8,   7.1, -52.7,   8.5, 989.3,   2.6,   1.7
113247,  -0.0,   0.7,   6.8,-150.2, -40.8,1085.7,   2.5,   1.6
113275,   2.2,  -0.6,   7.4,  46.6,  41.5, 982.9,   2.4,   1.5
113299,   2.0,   2.7,   6.0,-122.1,  -0.8,1046.4,   2.1,   1.3
113323,   1.9,   1.7,   8.0, -84.0,  -2.7, 945.6,   2.1,   1.4
113347,   2.0,  -2.3,   7.6, -31.0, 113.2,1009.8,   2.3,   1.3
113375,  -1.3,   0.5,   6.3, -25.9,  95.4, 921.6,   2.4,   1.4
113399,  -1.0,  -0.7,   6.0, -40.3, 120.8,1007.8,   2.6,   1.4
113423,  -3.3,  -0.2,   5.4,  67.4,-236.1,1336.9,   2.5,   0.9
113447,   0.9,   0.9,   4.5,  51.5, 170.4, 947.7,   2.8,   0.5
113475,   0.5,  -3.9,   3.8, 218.0, 117.6,1045.2,   3.4,   0.3
113499,  -2.3,   2.7,   5.5, -33.5,  -6.9, 895.5,   3.1,   0.3
113523,  -5.5,   3.1,   6.2, -26.9,  -2.0,1057.1,   3.1,   0.3
113547,  -2.4,   0.7,   5.9, -21.5, 120.8,1004.9,   3.3,   0.6
113575,  -0.0,   0.4,   4.2,  39.0,  60.8,1014.2,   3.4,   0.5
113599,  -0.1,  -2.1,   4.2,  -0.5,  32.4, 963.4,   3.3,   0.7
113623,  -1.3,  -1.6,   3.6,  54.4,  19.5,1044.2,   3.0,   0.6
113647,  -1.6,   0.3,   2.6, -24.9,  27.3, 986.1,   2.8,   0.5
113675,  -0.2,  -1.1,   2.7, -32.2,  72.0,1019.3,   2.7,   0.6
113699,  -0.2,   1.7,   1.4, -21.0, -22.5, 974.4,   2.6,   0.3
113723,  -1.1,  -0.6,   1.5,  57.6,  30.7, 956.3,   2.5,   0.3
113747,  -1.1,  -2.4,   2.0,  55.9,  75.2,1004.9,   2.3,   0.3
113775,  -0.9,   1.7,   1.2,  -0.3,  44.4, 950.7,   2.2,   0.2
113799,  -1.2,  -0.4,   0.4, -19.3,  46.4,1008.1,   2.2,   0.4
113823,  -2.2,   0.1,   0.3, -60.1,  -3.5, 976.6,   2.1,   0.4
113847,  -0.8,  -1.5,   0.9, -15.2,   7.3,1003.4,   1.8,   0.5
113875,  -1.1,  -1.2,   1.0,  48.3, -25.2, 990.7,   1.7,   0.4
113899,  -1.3,   0.8,  -0.5, -38.8,  -7.4,1006.8,   1.4,   0.5
113923,  -0.2,   1.3,   0.1,-145.0, -38.1,1036.4,   1.2,   0.6
113947,  -0.6,   0.6,   0.4, -90.6,   5.1, 978.0,   1.1,   0.6
113975,  -1.8,  -0.3,   0.9, -26.6,  17.8, 981.2,   0.9,   0.6
113999,  -2.0,  -1.5,   0.9,  48.6,  32.7,1006.6,   0.7,   0.7
114023,  -1.1,   0.9,   0.6,  13.4, -39.6,1029.5,   0.6,   0.6
114047,  -3.4,   1.3,   1.6, -68.4, -35.9, 945.3,   0.5,   0.7
114075,   3.1,  -3.0,   2.0, -70.3,  71.7,1154.3,  -0.1,   0.8
114099,   2.0,   0.9,   0.6,  -3.7, -34.0, 966.3,   0.3,   0.5
114123,  -0.4,  -1.2,   0.6,  23.7, -34.0, 983.9,   0.1,   0.6
114151,  -3.0,  -0.2,   1.5, 118.4, -74.0,1033.9,  -0.1,   0.4
114175,  -2.8,  -1.3,   1.9, -28.3, -23.5,1016.6,  -0.2,   0.7
114199,  -0.8,  -0.1,   1.1, -64.0,  11.0, 985.3,  -0.2,   0.6
114223,  -1.8,   1.0,   1.3,-123.8, -39.6, 997.3,  -0.3,   0.7
114249,  -0.6,   0.0,   2.9, -46.2, -37.6, 950.4,  -0.5,   0.7
114273,  -0.2,  -1.1,   2.9, 161.4,  23.4,1008.3,  -0.6,   0.5
114301,  -0.1,   0.2,   1.9, -69.1,  11.2, 997.6,  -0.6,   0.7
114325,   0.0,   2.3,   1.3,-195.8, -51.3, 980.5,  -0.8,   0.7
114349,  -0.2,  -2.0,   3.1, -36.4,   8.3, 987.5,  -0.8,   0.8
114377,   0.0,  -1.0,   1.9, -29.8,  -8.1,1023.9,  -0.9,   0.8
114401,  -0.6,  -1.8,   2.5,  54.9,  54.4,1013.2,  -0.6,   0.7
114425,  -1.8,  -3.2,   2.4,  76.4,-149.9,1131.1,  -0.7,   0.7
114449,  -0.9,   1.3,   2.8, -16.6,  -8.6, 944.6,  -0.7,   0.6
114473,  -0.0,  -0.2,   1.8, -94.0, -20.5, 979.0,  -0.8,   0.6
114501,   0.1,  -3.2,   2.8,  79.3,   5.3,1101.1,  -0.7,   0.7
114525,  -1.4,  -0.1,   4.1,-100.4, -41.1, 976.1,  -0.7,   0.6
114549,  -2.0,  -1.2,   3.5,  57.1,  29.3, 984.6,  -0.6,   0.6
114573,  -3.9,  -3.5,   4.5, 217.8, -33.5, 982.2,  -0.7,   0.6
114601,  -1.6,  -2.3,   5.6,-172.1,  -1.5,1135.0,  -1.2,   0.8
114625,  -0.6,   0.9,   4.3, 105.5,-128.5, 988.0,  -0.8,   0.3
114649,  -0.3,  -4.3,   6.4,  14.1,  -7.8, 959.5,  -1.1,   0.7
114673,  -1.4,   2.5,   3.4, 183.3,-148.2, 897.9,  -1.4,  -0.0
114701,  -1.1,  -0.9,   1.7,-335.7,-239.0,1375.7,  -1.0,   0.2
114725,   3.6,  -6.3,   6.7, 368.9, -26.6, 839.1,  -0.6,  -0.3
114749,   3.1,   6.6,   0.7,-242.9,  13.6, 916.5,  -0.9,  -0.6
114773,   3.6,  -1.9,   2.4,-117.7, -25.4,1018.8,  -0.7,   0.3
114801,   0.9,   0.9,   1.5, 113.0,  -9.3,1072.5,  -0.3,  -0.4
114825,   1.5,  -0.8,   0.5, -43.7,  15.1, 943.4,   0.0,  -0.2
114849,   0.9,  -2.6,  -1.8,  84.5, -29.8,1012.7,  -0.0,  -0.3
114877,   0.1,  -1.7,   0.5, 150.4, -27.9,1043.7,  -0.1,  -0.5
114901,   0.5,  -1.1,   2.9, -22.2,  60.3, 971.4,   0.2,  -0.2
114925,   1.0,  -4.0,   2.6, -56.2, -18.3, 957.3,  -0.0,   0.1
114949,   1.4,   1.7,  -2.2,  26.8,  -9.1, 999.5,   0.1,  -0.7
114973,  -0.8,  -1.2,  -2.9,  50.8,  33.9, 932.4,   0.6,  -0.5
115001,   4.4,  -2.8,   1.7,  -3.9, -15.7, 876.5,   0.0,  -0.4
115025,   4.1,  -3.6,  -0.5,  90.3,  81.0, 956.8,   0.2,  -0.5
115049,   0.3,   0.4,  -1.2,-204.4,  31.7,1027.6,   0.4,  -0.0
115073,   0.3,  -1.4,  -1.5, -11.5, -71.1,1017.8,   0.4,  -0.2
115101,   0.9,  -2.4,  -0.3,  22.9,   8.0,1055.9,   0.3,  -0.2
115125,   2.2,  -1.2,  -1.2,  41.7,  54.2, 962.6,   0.3,  -0.3
115149,   1.5,  -1.3,  -2.6,  77.6,  12.7, 946.8,   0.4,  -0.3
115177,  -1.1,   0.2,  -2.7, -25.4,  -3.5,1023.9,   0.3,  -0.2
115201,  -0.1,   1.8,  -4.0, -55.9, -81.1,1110.3,   0.2,  -0.3
115225,   1.6,   2.1,  -5.6, -90.1, -57.4, 961.7,   0.3,  -0.4
115249,   1.1,  -1.4,  -5.3,  22.2,  18.0,1006.1,   0.4,  -0.2
115277,   1.6,  -1.1,  -4.5, -46.2,  -6.1, 975.8,   0.4,  -0.2
115301,   1.3,   0.1,  -5.7,  32.9, -42.8,1051.3,   0.4,  -0.4
115325,   0.2,   1.0,  -7.2, -49.1,  59.5, 977.3,   0.7,  -0.3
115349,   1.6,  -1.0,  -7.0,-148.5,  83.2, 929.7,   0.8,   0.1
115377,  -0.2,   0.1,  -7.8,  47.6, -62.0,1023.7,   0.7,   0.0
115401,   0.3,   1.4,  -7.5, -46.2,  27.8,1021.0,   0.7,   0.1
115425,   1.7,  -0.4,  -6.7, -41.0,  61.7,1018.3,   0.9,   0.3
115449,  -1.1,  -0.1,  -7.6, -19.8, -68.2, 974.4,   1.1,   0.5
115477,  -3.1,   0.0,  -6.3,-127.0, -34.9, 982.7,   1.0,   0.7
115501,  -3.6,  -1.6,  -7.4, -35.9,  28.0, 906.7,   0.9,   0.8
115525,   1.3,  -4.8,  -6.5,  98.6,  90.3,1149.9,   0.6,   0.7
115549,   2.0,  -0.9,  -7.5, 145.2,  31.0, 934.3,   1.0,   0.8
115577,   0.6,  -0.5,  -7.6, -98.4,  23.2,1001.0,   1.1,   1.0
115601,  -0.9,  -0.6,  -6.0, -93.0, -15.7, 930.4,   1.0,   1.2
115625,  -0.6,  -3.5,  -4.3,  15.1, -23.2,1038.3,   1.0,   1.2
115649,  -0.6,  -0.4,  -4.6,  -1.5,  12.9, 996.3,   1.2,   1.0
115677,   1.0,  -2.5,  -4.3, -56.9, -13.5, 966.3,   1.3,   1.3
115701,   0.9,  -0.7,  -4.0,-113.3,   3.1, 986.8,   1.3,   1.2
115725,  -0.5,  -0.7,  -2.8,   9.0,  14.1,1005.9,   1.3,   1.0
115749,  -0.9,   0.1,  -1.8, -82.8,  66.4,1016.8,   1.3,   1.2
115777,  -0.5,   0.4,  -1.2,  19.0,  16.3,1038.1,   1.3,   1.1
115801,   0.3,  -0.5,  -1.3,  27.3,  37.8, 978.5,   1.4,   1.2
115825,   0.8,  -2.0,  -0.3, -79.6,  52.2,1029.8,   1.3,   1.4
115851,   0.5,  -1.6,  -0.1, -40.5, -15.9, 981.7,   1.2,   1.3
115879,   0.1,  -0.7,  -1.1,  28.5,  24.6,1016.6,   1.2,   1.3
115899,   0.3,  -1.8,  -0.9,  30.7,  50.5, 973.4,   1.3,   1.4
115927,  -1.1,  -0.5,  -0.6, -12.2,  11.4, 979.2,   1.4,   1.3
115951,  -0.6,  -0.5,  -0.6, -35.2,  36.8, 982.4,   1.4,   1.2
115975,  -0.3,  -0.3,   0.2,  24.9,   8.8,1035.6,   1.4,   1.0
115999,  -1.5,   0.6,   0.7, -18.6, -35.7,1033.4,   1.4,   0.9
116027,  -0.2,   0.3,   0.7, -76.9,  74.4,1028.1,   1.5,   1.1
116051,  -0.4,  -1.9,   2.1,  11.7,   3.1, 996.1,   1.6,   1.2
116075,   1.3,  -1.9,   0.8,  26.6,  29.5,1001.0,   1.6,   1.1
116099,  -0.7,   0.7,   1.2, -19.8,  39.0, 992.9,   1.5,   1.0
116127,   0.1,  -0.9,   0.6,  23.9, -20.1, 993.4,   1.4,   0.9
116151,  -0.6,  -0.7,   0.8,  45.2,   8.8,1014.2,   1.2,   0.7
116175,  -0.7,   1.2,   0.4,-105.0,  -9.3,1068.4,   0.9,   0.7
116203,   1.2,  -2.6,   2.6, -14.9,  32.7,1051.8,   1.0,   1.0
116227,   2.4,  -0.7,   1.9, -16.1, -19.8, 989.0,   0.9,   0.9
116251,   2.0,  -1.1,   1.2,  28.3,  48.5,1015.6,   1.0,   0.9
116275,   1.2,  -1.5,   0.8,  29.8,   2.9, 989.3,   1.0,   0.9
116303,   1.2,   1.4,   0.4, -33.2, -35.4, 975.8,   0.8,   0.6
116327,   0.5,  -0.8,  -0.1, -15.2,  -3.5, 997.1,   0.7,   0.7
116351,   0.3,  -0.9,  -0.7,  39.3,   8.0,1000.5,   0.7,   0.7
116379,  -0.7,  -0.8,  -0.4,  23.4,  10.5,1017.1,   0.7,   0.6
116403,  -1.4,   0.9,  -0.4,  14.9, -24.9, 998.3,   0.5,   0.6
116427,  -0.0,  -0.1,  -0.2,   1.0, -14.7,1021.2,   0.3,   0.7
116451,   0.0,  -0.1,  -0.6,  -0.5,  18.5, 960.7,   0.4,   0.7
116475,   0.1,  -0.7,   1.0,   0.7, -12.2, 999.3,   0.4,   0.8
116503,  -0.9,  -0.3,   1.2, -50.6,  -4.2, 998.5,   0.2,   0.8
116527,   0.3,  -1.0,   0.4,  37.3,   6.1, 993.6,   0.3,   0.8
116551,   0.6,  -1.1,   1.3,  41.5,  52.7,1032.7,   0.3,   0.8
116575,   0.7,   0.5,   0.7,  17.8,  12.2,1001.0,   0.4,   0.7
116603,   0.2,   0.7,   0.0,   2.2,   5.3, 975.3,   0.4,   0.6
116627,  -0.1,   0.3,  -0.8, -25.4,  19.0,1009.5,   0.4,   0.5
116651,  -0.3,   0.1,  -1.6,  -3.2,   2.4,1003.4,   0.3,   0.6
116675,   0.8,  -0.7,  -2.8,  19.3,   5.8, 996.3,   0.4,   0.6
116703,   1.6,  -1.9,  -2.7, -18.3,  -5.4, 984.1,   0.3,   0.7
116727,   0.4,  -1.0,  -2.6,  20.2,   1.7, 993.2,   0.3,   0.5
116751,   0.2,  -1.2,  -2.4,  -7.8,  28.0,1021.2,   0.4,   0.5
116775,  -0.0,  -1.9,  -1.8, -34.0,  13.1, 993.6,   0.5,   0.6
116803,  -1.0,  -0.5,  -2.2, -13.9,   9.2,1045.4,   0.6,   0.6
116827,  -0.6,  -0.4,  -1.8, -47.1,  25.8, 977.8,   0.7,   0.8
116851,   1.8,  -0.8,  -1.4, -49.1,  42.7, 967.8,   0.9,   0.8
116879,   1.7,  -0.4,   0.4,   1.7,  51.7,1004.9,   0.9,   0.8
116903,   0.2,  -0.7,   0.1, -14.2,  50.0, 987.3,   1.2,   0.8
116927,   0.5,   2.1,   0.3, -71.1, 106.9, 919.9,   1.5,   1.0
116951,  -0.5,   0.4,   1.3, -66.7,  70.5,1001.0,   1.7,   1.0
116975,   1.9,  -0.3,   2.0, -19.8,  25.8,1016.6,   1.8,   0.8
117003,   1.2,   0.2,   2.4, -30.8,  29.8,1002.4,   1.9,   0.9
117027,   1.1,  -2.4,   0.6,  69.3,   2.2,1073.2,   2.0,   0.9
117051,  -0.3,  -0.3,   0.7, -31.0,  55.1, 985.8,   2.1,   1.0
117075,   1.5,  -0.8,  -0.6,   1.2,  65.6,1013.9,   2.3,   1.0
117103,  -0.1,  -0.7,  -0.7, -59.8,  78.3, 984.6,   2.5,   1.1
117127,  -0.3,  -1.0,  -0.7,  -4.4,  69.1,1002.4,   2.6,   1.1
117151,   0.6,  -1.0,  -0.6, -19.1,  76.4, 979.2,   2.8,   1.1
117179,  -1.3,  -1.0,  -1.2,  -8.1,  59.8, 988.5,   2.9,   1.0
117203,   0.8,  -1.8,  -0.4, -27.1,  26.6,1000.5,   2.9,   1.0
117227,  -1.5,  -1.3,   0.6,   3.6,  13.1,1007.3,   2.8,   1.0
117251,  -0.2,  -0.7,   0.2, -18.3, -12.5,1008.1,   2.6,   1.0
117279,   1.0,  -0.4,   1.2,   6.1, -13.0,1014.2,   2.3,   0.8
117303,   0.1,  -0.2,   1.7,   8.3, -24.7,1011.2,   2.0,   0.8
117327,   0.6,   0.1,   1.5,  16.6, -42.5, 997.3,   1.7,   0.7
117351,  -0.2,   6.7,   0.8,-184.3, -95.7, 903.6,   1.3,   0.8
117379,   1.7,  -2.0,   1.1,  -5.6,  -1.5, 993.6,   1.3,   0.8
117403,   1.2,  -1.7,   0.4,  48.6,  14.6,1035.6,   1.2,   0.7
117427,   0.5,  -0.6,   0.2,  -9.3,  18.0,1005.6,   1.0,   0.7
117453,   0.5,   1.2,   0.8, -39.3,  36.6, 994.6,   1.1,   0.8
117477,   0.8,   0.6,   1.3, -16.4,   2.7, 976.8,   1.0,   0.9
117501,  -0.5,  -0.2,   0.5,   8.8,  -7.6,1006.8,   0.8,   0.9
117529,  -1.7,   0.7,  -0.2, -11.0, -89.6,1003.9,   0.5,   0.8
117553,   0.0,  -0.1,  -0.8, -24.7, -15.7,1005.6,   0.3,   0.8
117577,  -0.1,  -1.3,  -0.2,  -2.5,  19.0,1004.4,   0.1,   0.9
117601,   1.2,  -0.7,  -0.1,  12.2, -11.8,1038.1,   0.0,   0.8
117629,  -0.0,  -0.4,   0.2,  21.5,   7.0,1010.5,  -0.1,   0.7
117653,  -0.2,   0.4,  -0.1,   5.4,   4.6,1001.9,  -0.1,   0.6
117677,   0.6,   1.0,   0.1, -55.9,   8.8,1025.4,  -0.0,   0.7
117701,   0.1,  -0.4,   0.7, -39.6,   9.7,1012.4,  -0.0,   1.0
117729,   0.6,  -0.1,   1.0, -65.7, -12.2, 973.9,  -0.0,   1.1
117753,   1.5,  -0.1,   0.4, -12.7,  -5.4, 994.1,  -0.1,   0.9
117777,  -0.2,  -2.1,  -0.7,  49.3,  10.7,1011.5,  -0.2,   0.8
117801,   0.8,  -2.2,  -1.5,  53.9, -33.0,1003.9,  -0.3,   0.7
117829,   2.0,   6.2,   1.8, -68.9, 518.0, 504.9,   0.3,   0.8
117853,  -1.5,   2.8,   2.1, 320.5,-312.0,1087.2,   0.1,   0.7
117881,   1.2,  -4.9,  -0.9,-140.6,  67.8,1117.4,   0.1,   0.7
117901,  -0.6,   4.0,   0.1,-159.9, -75.7, 875.2,  -0.1,   0.9
117929,   2.6,  -1.8,  -1.0, -53.7,  12.4,1130.6,  -0.1,   0.7
117953,   0.9,  -1.1,  -0.3,-106.2,   0.2,1015.1,  -0.2,   0.8
117977,   1.4,  -4.2,  -0.5, -13.2, -18.3,1053.7,  -0.1,   1.0
118001,  -1.1,  -1.0,  -0.4,   2.2, -22.3,1021.0,  -0.0,   1.1
118029,   0.8,  -1.2,   0.2,   7.8,  -9.1, 992.7,  -0.1,   0.9
118053,  -0.6,   0.0,  -0.7,  65.2,  62.5,1012.9,   0.0,   0.7
118077,  -1.9,   3.1,  -0.2, 336.4, 240.0,1145.0,   0.2,   0.6
118101,   0.9,   1.3,   1.1,-340.6, 109.1, 899.2,  -0.2,   1.7
118129,  -0.9,  -2.3,  -2.6, 195.1, -47.4,1003.9,  -0.3,   1.4
118153,   5.3,  -7.4,   1.2, 317.4,-430.2, 811.0,  -1.5,   1.1
118177,   4.6,   5.1,  -1.4, -63.5, 250.7,1086.2,  -1.7,   0.8
118205,   1.1,  -1.1,  -1.1,-122.3, 195.8, 995.1,   0.0,   1.4
118229,   0.5,  -0.6,   0.4, -78.4,   2.4, 982.7,   0.2,   1.8
118253,   0.3,  -1.6,   1.3,  10.5, -48.4,1064.0,  -0.1,   1.9
118277,   0.8,   0.2,   1.1,  15.6,   8.0,1007.6,  -0.2,   1.7
118305,  -0.6,  -0.2,  -0.2,  31.2,  17.8, 986.3,   0.2,   1.3
118329,   0.8,   0.1,  -0.4, -43.5,-111.4, 977.5,  -0.2,   0.9
118353,   1.4,  -1.0,  -0.1, -28.6,  40.2, 981.4,  -0.4,   1.0
118381,   0.4,  -1.9,  -0.1, -42.5,  23.4, 989.5,  -0.4,   0.9
118405,   0.8,  -1.7,   0.6, -34.9, -67.9,1010.5,  -0.6,   0.9
118429,   0.8,  -1.0,   1.7,   1.7, -13.2,1000.2,  -0.8,   0.8
118453,   1.9,  -0.6,   0.7,  33.9,   1.9, 995.8,  -0.8,   0.6
118477,   1.1,  -0.8,  -1.0,  44.4, -17.1,1015.6,  -0.8,   0.5
118505,  -0.0,  -0.5,  -0.7, -75.9, -22.7, 989.5,  -0.9,   0.6
118529,   0.9,  -1.8,  -0.9,  -4.4,   9.0,1013.9,  -0.8,   0.7
118553,   1.1,  -1.7,  -1.0,  -3.4,   0.9,1012.9,  -0.8,   0.7
118577,   1.0,  -1.4,  -1.0,   5.4,  46.8, 965.1,  -0.6,   0.7
118605,   1.5,  -1.8,  -0.3, -12.7,  52.5, 994.6,  -0.5,   0.7
118629,  -0.9,  -1.9,  -0.4,  -0.5,  16.6, 992.9,  -0.4,   0.7
118653,   1.1,  -1.9,  -0.5,  12.2,   3.1, 999.7,  -0.4,   0.6
118677,  -0.1,  -0.5,   0.2,  -1.5,  12.9,1012.9,  -0.3,   0.5
118705,   0.9,  -0.8,  -0.6, -10.0, -11.8, 997.3,  -0.3,   0.4
118729,   1.7,  -1.0,  -0.5, -37.6,   7.8, 993.2,  -0.3,   0.5
118753,   1.2,  -0.6,   0.6,  -4.2,  -3.9,1001.2,  -0.3,   0.5
118777,   0.2,   0.1,  -0.9,   8.3,   4.6,1015.1,  -0.4,   0.5
118805,   0.6,   2.1,   0.8,  -0.7,  78.6,1002.2,  -0.3,   0.5
118829,   0.9,  -1.0,   0.4,  -2.0,  34.9,1014.9,  -0.2,   0.5
118853,  -0.1,  -0.4,   0.2, -20.3,  -0.5, 999.7,  -0.2,   0.5
118881,  -1.1,  -0.3,   0.1, -15.9,  -1.7,1009.0,  -0.2,   0.5
118905,   0.0,  -0.1,   0.6,  -6.9,  -3.9,1022.0,  -0.2,   0.4
118929,   0.6,  -0.4,   0.1, -17.3,   8.3,1000.7,  -0.1,   0.5
118953,  -0.3,  -0.2,   0.1,  -4.7,  -0.5,1008.3,  -0.1,   0.6
118977,   1.6,  -1.2,  -0.5, -25.6,  -2.0,1008.1,  -0.2,   0.6
119005,   0.4,  -1.6,  -0.5, -23.2, -20.1, 994.1,  -0.2,   0.7
119029,   1.0,  -1.0,  -0.2, -45.9,   2.2,1024.7,  -0.2,   0.7
119055,  -0.2,  -0.6,   0.1, -19.3, -16.4, 943.4,  -0.2,   0.7
119079,   0.5,  -1.0,  -0.2, -46.6,  -9.8, 957.3,  -0.1,   0.6
119103,   1.8,  -1.6,   0.0,  28.5,  12.9,1003.7,  -0.0,   0.4
119127,  -0.3,   0.3,   0.5,  19.5, -63.3, 971.9,  -0.1,   0.3
119155,   5.3,  -3.2,  -0.2,   3.4,   3.4,1013.2,  -0.0,   0.3
119179,   4.2,  -2.8,  -0.1,  -5.1,   6.3,1005.9,   0.1,   0.3
119203,   2.4,  -2.1,   1.2, -29.3, -13.7, 993.2,   0.1,   0.3
119231,   3.4,  -3.7,   0.7,  16.8,  -4.2,1013.7,   0.1,   0.1
119255,   0.3,  -1.0,   0.2,   5.4,   7.8,1014.2,   0.1,   0.1
119279,  -0.6,  -1.2,  -0.4, -19.8,  15.3, 998.8,   0.1,   0.2
119303,   4.5,  -2.6,   0.0, -25.6,   6.6, 997.1,   0.1,   0.3
119331,   5.6,  -3.2,   0.6,   0.5,  12.9,1072.7,   0.5,   0.1
119355,   2.2,  -2.3,  -0.4,  17.8,  32.7,1002.9,   0.8,  -0.0
119383,   0.8,  -1.0,   0.1,  53.5,  -0.8, 988.5,   0.8,  -0.1
119403,   1.2,  -1.8,   0.2,  20.5,  32.4,1001.5,   0.9,  -0.2
119431,   0.5,  -2.6,  -0.2,  32.0,   9.7,1006.1,   0.9,  -0.3
119455,   0.5,  -0.7,  -0.5,   4.1, -13.2,1011.5,   0.8,  -0.3
119479,  -0.5,   0.3,  -0.7,  -2.5, -12.5, 995.8,   0.7,  -0.3
119503,  -0.4,   1.3,  -0.2,   6.8,  -1.7,1002.4,   0.6,  -0.3
119531,  -0.6,  -1.3,   0.7,  44.4, -51.8,1033.2,   0.4,  -0.2
119555,   1.0,  -0.8,  -0.8,   1.9, -12.5,1009.0,   0.3,  -0.1
119579,   1.7,  -5.5,  -1.0,  20.2,  49.3,1018.8,   0.4,  -0.1
119603,   2.0,  -0.8,  -1.3, -99.9,  38.5, 944.1,   0.5,  -0.0
119631,  -0.1,   0.4,   0.6,  14.1,  18.3,1006.6,   0.6,  -0.1
119655,   0.6,  -0.5,  -0.2,  -2.0,  28.5, 996.8,   0.6,  -0.1
119679,   1.1,  -1.3,  -0.4,  -8.1,  20.5, 998.8,   0.7,  -0.1
119703,   0.8,  -0.7,   0.7,  -6.9,  12.4, 998.0,   0.7,  -0.1
119731,   1.2,  -2.1,   0.3,  18.8,   6.8,1002.4,   0.7,  -0.2
119755,  -1.9,  -0.5,  -0.3,  -8.8,  13.6, 999.7,   0.7,  -0.2
119779,   0.6,   0.4,  -0.6,  12.7,  -4.2, 997.3,   0.6,  -0.2
119803,   2.8,  -4.0,   1.0,  -5.6,  59.8, 982.4,   0.6,  -0.2
119831,   4.8,  -1.5,   0.6,  42.7,  63.9,1007.1,   0.8,  -0.3
119855,   1.7,   0.4,  -0.1,  19.3,  36.3,1003.7,   0.9,  -0.3
119883,  -1.5,   1.2,  -0.7, -13.2,   6.6, 997.8,   0.8,  -0.2
119903,  -0.2,   1.7,  -0.2,  -6.1,  26.1,1001.5,   0.9,  -0.2
119931,  -2.4,   3.1,   0.2,  -7.8,  29.8, 997.8,   0.8,  -0.1
119955,  -7.8,   4.4,   0.0,  -3.2,  24.9,1010.0,   0.8,  -0.0
119979,  -6.2,   2.9,  -0.1,  -5.4, -13.2, 981.4,   0.6,   0.1
120003,  -7.2,   4.3,  -0.3, -11.0, -42.3,1007.8,   0.3,   0.2
