Time(ms),Gyro X,Gyro Y,Gyro Z,Acc X,Acc Y,Acc Z,Rot X,Rot Y
130618,   0.5,  -1.2,  -0.4, -24.4,  -4.9, 999.0,   1.6,   0.6
130646,   1.4,  -0.4,   0.2,  -1.5,  13.1, 997.1,   1.6,   0.6
130650,   0.9,  -0.7,  -0.4, -14.7,  -3.7,1020.5,   1.5,   0.6
130654,   1.4,  -1.4,   0.4, -21.7,   8.8, 994.9,   1.5,   0.6
130658,  -0.2,  -0.7,  -0.4, -15.9,  14.9, 994.9,   1.4,   0.6
130672,   0.9,  -1.0,   0.4, -15.4, -10.5,1002.7,   1.4,   0.6
130676,  -0.1,  -0.2,  -0.4, -11.0,   5.1,1008.8,   1.3,   0.6
130680,   0.8,  -1.5,   0.4, -12.0,  13.1,1005.1,   1.3,   0.6
130684,   0.1,   0.9,   0.4, -11.7, -11.5,1005.6,   1.2,   0.6
130688,  -0.8,  -0.9,  -0.5, -13.0,  -5.9,1005.4,   1.2,   0.6
130702,  -0.3,  -0.5,  -0.2, -13.2,   5.6, 999.3,   1.1,   0.6
130706,   0.7,  -0.2,   0.7, -20.5,  -1.7, 993.2,   1.1,   0.7
130710,   0.5,  -0.1,  -0.1, -11.2,   1.4,1002.2,   1.1,   0.7
130714,   1.9,  -0.6,   0.4, -17.1,   4.6,1005.9,   1.0,   0.7
130718,  -0.3,  -0.7,  -0.8, -17.1,   1.2, 999.5,   1.0,   0.7
130740,   1.2,   0.1,  -0.4, -18.3,   5.6, 999.7,   0.9,   0.7
130764,   0.1,  -1.0,   0.6,  -9.3,   1.2,1013.2,   0.8,   0.7
130788,   1.1,  -0.1,   0.0, -16.1,   2.9,1008.3,   0.7,   0.7
130816,  -0.1,  -0.1,  -0.3,  -5.6,  -9.1,1003.9,   0.5,   0.8
130840,   0.9,  -1.0,  -0.4, -17.1,   9.0,1000.0,   0.5,   0.8
130864,   1.0,  -0.9,  -0.4, -10.0, -14.0, 995.1,   0.4,   0.8
130892,  -0.0,  -0.1,   0.3,  -9.3,   0.7,1001.5,   0.3,   0.8
130916,   1.2,  -0.4,   0.0,  -6.9,  -5.2, 999.7,   0.3,   0.8
130940,   1.0,  -1.4,   0.3, -17.6,   3.1,1008.3,   0.2,   0.8
130964,   0.2,  -0.2,   0.6, -12.7,   9.0,1009.5,   0.2,   0.8
130988,   0.4,  -1.2,  -0.1,  -7.3,  -5.7,1002.2,   0.2,   0.7
131016,   0.5,  -1.2,   0.1, -13.4, -16.6,1006.1,   0.1,   0.7
131040,   0.4,  -0.6,   0.3, -18.6,   3.6,1007.3,   0.0,   0.8
131064,   0.5,  -0.5,  -0.4, -14.7,  -4.2,1008.3,   0.0,   0.8
131088,   1.7,  -0.5,   0.2, -11.0, -14.7, 989.0,  -0.1,   0.8
131116,   1.0,  -0.3,   0.7, -13.7, -22.7,1009.8,  -0.1,   0.8
131140,   0.0,  -0.5,  -0.2, -11.7, -10.8, 997.6,  -0.2,   0.8
131164,   1.2,  -0.4,  -0.7, -15.4,  24.1,1003.9,  -0.1,   0.8
131188,   0.9,  -0.6,   0.1,  -5.9,  23.2,1002.7,  -0.0,   0.7
131216,   1.0,  -0.7,   0.9,  -1.2,  -4.2, 999.3,  -0.1,   0.7
131240,   0.9,  -0.9,   0.1, -10.5,  20.0, 998.0,  -0.0,   0.7
131264,   0.1,  -0.7,   0.0,  -0.3,   8.5, 992.7,   0.0,   0.7
131288,  -0.3,  -0.7,   0.8, -18.6,  14.1,1007.8,   0.1,   0.7
131316,   0.9,  -1.0,  -0.2, -32.2,  13.1, 997.6,   0.1,   0.7
131340,   1.1,  -0.8,  -0.7, -11.5,   8.8,1000.0,   0.1,   0.7
131364,   0.2,  -1.0,   0.1,  -6.4, -18.3,1006.3,   0.0,   0.7
131392,   0.2,  -0.7,   0.0, -13.2, -21.5,1004.1,  -0.0,   0.7
131416,   0.9,  -0.4,  -0.5, -14.2,  -5.7,1001.2,  -0.1,   0.7
131440,  -0.1,   0.2,  -0.6, -24.7, -10.5,1006.1,  -0.1,   0.8
131464,   1.7,  -1.2,   0.4,  -9.5,   4.8,1001.7,  -0.2,   0.8
131488,   0.3,   0.3,   0.4, -14.7, -21.0, 991.9,  -0.2,   0.8
131516,   1.6,  -0.5,  -0.3,  -5.9,  -8.3, 992.4,  -0.3,   0.7
131540,   1.6,  -0.5,   0.2, -12.0,   7.8,1001.2,  -0.2,   0.7
131564,   0.8,  -1.2,  -0.1, -14.2,  -1.7, 994.4,  -0.2,   0.7
131588,   0.2,  -0.2,  -0.2, -20.5,   5.1, 995.4,  -0.2,   0.7
131616,  -0.3,  -0.1,  -0.2, -15.6,   4.6,1013.7,  -0.1,   0.7
131640,   1.2,  -0.7,   0.1,  -7.8,   1.4, 995.6,  -0.1,   0.7
131664,   1.6,  -0.4,   0.1,  -3.7,  -5.7,1001.5,  -0.1,   0.7
131688,   0.9,  -0.7,  -0.3, -20.0,  -8.1, 988.3,  -0.1,   0.7
131716,   1.1,  -1.1,  -0.3, -24.7, -14.2,1009.0,  -0.1,   0.8
131740,   1.1,  -0.1,   0.2, -17.8,  -2.7, 999.0,  -0.1,   0.8
131764,   1.3,  -0.6,  -0.1,  -1.0,   7.0,1002.9,  -0.2,   0.7
131788,   1.6,  -0.1,  -0.1, -12.0,  -5.2, 997.3,  -0.1,   0.7
131816,   0.6,  -0.3,  -0.4,  -5.9,  -3.5,1013.4,  -0.1,   0.7
131840,   1.8,  -0.4,   0.5, -24.7, -12.5,1023.2,  -0.1,   0.7
131864,   1.9,  -3.1,   0.2, 126.0,  24.4,1034.7,  -0.1,   0.7
131892,   1.2,  -1.8,   0.1, -63.5,   6.3, 983.1,  -0.1,   0.7
131916,   0.5,   0.1,  -0.1,  15.9,   7.5,1011.5,  -0.1,   0.6
131940,   0.9,  -1.4,  -0.2,   7.8,  -8.8,1003.7,  -0.1,   0.6
131967,   0.8,  -0.8,   0.4, -24.4,  -6.9, 996.6,  -0.1,   0.6
131991,   1.4,  -1.5,  -0.8,  -6.9, -13.0,1005.6,  -0.1,   0.6
132015,   0.6,   0.0,  -0.1,  11.9,   0.9,1007.8,  -0.1,   0.6
132039,   0.4,   0.2,  -0.5, -19.5,  -3.5, 990.5,  -0.1,   0.6
132067,   0.8,  -0.5,  -0.1, -29.3,  -0.5,1003.2,  -0.1,   0.6
132091,   1.8,  -0.2,   0.2, -18.1,  -5.9,1006.1,  -0.1,   0.7
132115,   0.6,   0.3,  -0.3, -11.2,  11.4, 998.5,  -0.1,   0.7
132139,   0.2,  -1.0,  -0.2, -27.4, -10.5,1004.9,  -0.1,   0.8
132167,   1.1,  -1.5,  -0.3,  -9.0,  -6.4,1013.4,  -0.1,   0.8
132191,   0.1,  -0.9,   0.4, -12.5,  -2.0,1001.2,  -0.1,   0.8
132215,   1.4,  -0.2,  -0.4,   1.0,  -1.3,1003.2,  -0.1,   0.7
132239,   0.9,  -0.2,  -0.1,  -0.5, -13.2, 993.4,  -0.2,   0.7
132267,   1.6,  -1.5,  -0.3,  -3.4,  -9.3,1009.8,  -0.2,   0.6
132291,   1.1,   0.2,  -0.1, -16.1,  -8.3,1010.2,  -0.2,   0.6
132315,   1.1,  -0.8,  -0.3, -22.7,  -1.5, 994.9,  -0.2,   0.6
132339,   0.8,  -1.2,  -0.2,  -5.4,  -4.9,1007.3,  -0.2,   0.6
132367,  -0.2,   0.2,  -0.5, -47.1,  -9.3, 998.0,  -0.2,   0.7
132395,   1.7,  -1.1,   0.1,  -6.9,   9.7,1004.1,  -0.2,   0.6
132415,   1.6,  -0.8,   0.7, -13.0,   7.3,1013.2,  -0.1,   0.6
132439,   1.6,  -0.4,   0.4,  -1.0, -14.9,1006.6,  -0.1,   0.6
132467,   0.8,   0.4,   0.4, -17.1, -10.3,1008.1,  -0.1,   0.6
132491,   2.0,  -0.7,  -0.2, -12.0,   2.9,1004.6,  -0.1,   0.6
132515,   0.7,  -0.4,   0.3, -23.7, -16.4,1005.1,  -0.1,   0.6
132539,   0.4,  -0.1,   0.1, -17.6,   7.5, 994.9,  -0.1,   0.7
132567,  -0.1,  -0.5,   0.9, -10.0,   3.6, 996.8,  -0.0,   0.7
132591,   0.8,   0.0,  -0.4,  -2.0, -10.5,1003.2,  -0.0,   0.7
132615,   1.4,  -0.5,  -0.2, -13.4, -15.7,1005.6,  -0.1,   0.7
132639,   1.8,  -0.1,   0.3, -14.4,   9.7,1011.0,  -0.1,   0.7
132667,   1.0,  -0.4,   0.4,  -5.1,   5.1,1012.2,   0.0,   0.7
132691,   0.9,   0.0,   0.8, -20.5, -12.5,1005.9,   0.1,   0.8
132715,   0.0,  -0.2,   0.6,   1.9, -16.4,1010.5,   0.0,   0.8
132739,   2.2,   0.3,   0.4, -10.0, -19.6,1008.1,  -0.2,   0.7
132767,   0.3,   0.4,  -0.1, -22.0,  15.6,1005.4,  -0.1,   0.8
132791,   1.6,  -0.5,   0.6, -41.3,  10.0,1001.7,  -0.1,   0.9
132815,   0.5,  -1.0,   0.7,  -0.0, -25.4,1009.0,  -0.1,   0.9
132839,   0.8,  -0.2,   1.8, -32.5, -30.1,1005.4,  -0.3,   0.9
132867,   1.9,  -0.5,   1.5, -16.4,  -9.3, 994.9,  -0.4,   0.9
132895,   2.6,  -0.3,  -1.8, -86.4,  88.3,1023.7,  -0.3,   1.0
132915,   0.1,   0.3,   1.0,  -6.6,-121.6, 903.1,  -0.5,   0.8
132943,  -0.2,   2.3,  -0.4, 199.4,  11.2,1121.1,  -0.5,   0.1
132967,   2.6,  -0.1,  -5.4,-362.1, -38.1, 946.3,  -0.3,   1.1
132991,   1.9,  -3.4,  -5.4, 157.2, -11.8,1081.3,  -0.2,   0.9
133015,  -0.3,   0.5,  -0.9,  -6.1, 355.2, 983.9,   1.3,   0.7
133043,   1.8,   1.4,  -3.6, 458.0, 112.3, 984.6,   0.1,   0.3
133067,  -4.2,  24.1,  -1.5,-556.4, 184.0, 479.7,  -0.9,   2.6
133091,   2.1,   2.5,  11.1,  27.6,  -7.6, 842.5,  -0.0,   2.4
133115,   2.2,  -2.8,  13.2, 326.9,  18.5, 925.8,   0.6,   2.3
133143,  -0.8,   6.7,  10.4,-532.7,-151.2,1021.7,  -0.2,   3.8
133167,  -0.3,  -9.9,   6.2, 338.9,-312.0,1123.0,  -0.6,   3.6
133191,   0.8,  -3.0,   1.2,  28.5,  31.0,1004.9,  -0.6,   3.0
133215,   2.2,  -5.8,  -0.1, 187.2,  20.5,1082.0,  -0.5,   2.7
133243,   1.9,  -1.8,  -1.1, 180.6,  37.6,1059.1,  -0.5,   2.4
133267,   0.9,  -7.7,  -1.6, 276.8,  39.3,1028.6,  -0.5,   2.1
133291,   1.9,  -2.9,  -1.3,  97.2,  66.6,1030.0,  -0.4,   1.8
133315,   1.1,   0.3,  -0.9,-144.1,  27.3, 998.0,  -0.5,   1.9
133343,   0.9,  -1.3,  -0.7, -20.8,-158.0,1031.5,  -0.9,   1.5
133367,   1.6,   0.7,  -3.6,-261.2, -63.3,1026.8,  -1.3,   1.7
133395,   0.9,  -2.1,  -0.9,   3.6,  52.2,1041.5,  -1.3,   1.6
133415,   0.9,  -0.7,  -0.9,  46.1, -34.5,1008.1,  -1.1,   1.5
133443,   1.1,  -1.6,   2.4, -63.5, -28.8, 977.8,  -1.3,   2.0
133467,   1.1,  -2.9,   2.1,   0.2, -13.2,1005.1,  -1.4,   2.2
133491,  -0.3,  -0.9,   3.3,  18.1,   9.0,1013.2,  -1.3,   2.0
133515,   0.1,   0.0,   3.2, -64.0, -56.4,1002.7,  -1.2,   1.7
133543,   0.0,  -0.2,   2.6, -92.3, -65.5,1008.3,  -1.3,   1.7
133565,   0.8,  -0.7,   1.1, -78.1, -75.5,1015.6,  -1.5,   1.8
133593,   0.8,  -1.8,  -0.9, -25.2, -37.4,1001.0,  -1.6,   1.7
133617,  -0.3,  -1.7,  -0.9,  44.9, -14.2,1018.3,  -1.7,   1.2
133641,   0.1,   0.4,  -1.6, -15.9, -15.9,1005.4,  -1.7,   1.0
133665,   1.1,  -1.1,  -1.0, -45.4, -11.3, 998.8,  -1.7,   1.0
133693,   0.6,  -0.5,  -0.6, -57.1, -13.0, 998.0,  -1.6,   1.0
133717,   0.6,   0.1,   0.7, -49.3, -13.2, 997.1,  -1.5,   1.0
133741,  -0.1,  -0.2,   1.2, -49.6,  -8.3,1007.6,  -1.5,   1.0
133765,  -0.4,  -0.2,   0.7,   7.8,  15.1,1027.1,  -1.4,   0.9
133793,  -0.0,  -0.4,   2.5, -20.5, -33.5, 999.5,  -1.4,   0.8
133817,   0.7,   0.9,   2.9, -11.2, -67.4,1008.8,  -1.6,   0.8
133841,   1.0,   0.9,   1.8, -10.8, -26.9,1002.4,  -1.7,   0.7
133893,   0.9,  -0.8,   2.7, -26.4,  24.4,1002.7,  -1.4,   0.8
133897,   0.9,  -1.1,   2.6, -38.8,  14.9,1001.2,  -1.4,   0.8
133917,   0.9,  -0.4,   3.5, -48.8,  17.3, 999.5,  -1.1,   1.0
133941,   0.3,  -1.2,   3.4, -24.2, -19.8, 994.4,  -1.1,   0.8
133969,   1.2,  -1.5,   0.8,  40.8,  49.3, 981.2,  -0.6,   0.7
133993,   1.4,  -2.1,  -1.1,   6.1,  25.4, 987.1,  -0.3,   0.4
134017,   1.2,  -2.3,  -0.2,  -6.4,  76.6, 971.4,   0.1,   0.4
134041,  -0.1,  -1.8,  -2.3, -76.2, 134.5, 992.2,   0.7,   0.4
134069,   3.6,  -2.0,  -1.0,  32.9,  56.4, 913.6,   1.0,   0.2
134093,   2.1,  -0.8,  -0.5,  10.0,  57.8, 980.2,   1.3,   0.1
134117,   0.8,   0.3,   1.1,  -6.1, 133.3, 992.7,   1.8,   0.2
134141,   1.8,  -0.8,   0.5,  -7.1, 110.1, 998.5,   2.2,   0.3
134169,   2.1,  -0.9,  -0.2, -33.2,  75.2, 976.6,   2.7,   0.5
134193,   0.6,  -0.5,   0.9,  10.7,  84.2, 997.8,   3.0,   0.4
134217,   1.4,  -0.8,   0.7,  -4.9,  80.0, 999.0,   3.2,   0.3
134241,   1.6,  -0.4,   0.0, -29.6,  58.1,1022.5,   3.4,   0.4
134269,   2.0,  -0.1,  -0.2, -42.3,  94.4, 981.0,   3.7,   0.4
134293,   1.4,  -0.7,   1.2,  31.7, 122.0, 978.0,   4.1,   0.3
134317,   2.5,  -0.9,   0.7, -30.3,  93.0, 983.6,   4.3,   0.3
134341,   1.2,  -0.2,   0.5,  11.0,  80.0,1019.3,   4.5,   0.3
134369,   0.5,  -1.2,   1.1,   8.3,  96.6,1004.4,   4.8,   0.3
134397,   1.7,  -0.2,   1.8, -17.3, 123.0, 985.8,   5.0,   0.3
134417,   1.3,   0.8,   1.5, -68.9,  55.4, 960.4,   5.1,   0.4
134441,  -0.5,  -0.4,   1.3,  26.4,  80.3,1051.3,   5.2,   0.4
134469,  -2.2,   1.0,   1.7,  -1.0, -50.3,1032.0,   5.1,   0.3
134493,   0.6,   1.8,   2.6, -98.4, 160.6,1033.0,   5.2,   0.6
134517,   3.7,   2.1,   1.8,-142.8,  82.2,1003.4,   5.1,   0.6
134541,   0.1,   1.2,   1.7,-198.5,  59.3, 989.0,   5.4,   1.0
134569,   0.6,   0.3,   2.6,  41.2,  42.4,1005.6,   5.2,   0.6
134593,   1.0,   0.7,   2.7, -51.8,  72.7, 978.8,   5.3,   0.8
134617,   1.0,   0.5,   3.5,  62.0,  52.2, 987.5,   5.4,   0.5
134641,  -1.6,   1.7,   2.8,  27.8,  42.0, 982.4,   5.3,   0.5
134669,  -1.3,   2.6,   1.5,-116.7,  68.8, 977.0,   5.1,   0.7
134693,  -0.7,  -0.3,   1.2,  73.2, -18.6,1071.3,   4.4,   0.5
134717,  -1.4,   1.5,   1.0,  -8.1,-125.0,1003.9,   3.5,   0.5
134741,   0.1,   1.1,   0.8, -20.0, -15.4,1035.1,   2.8,   0.6
134769,   1.5,   0.2,  -0.2, -65.2,  45.1, 982.9,   2.7,   1.0
134793,  -0.2,  -0.3,  -1.0, -33.5, 116.7, 964.6,   3.1,   1.1
134817,   1.2,   0.7,   0.4,-130.4,  66.4,1002.4,   3.2,   1.4
134841,   0.8,  -4.7,   3.8,-103.0,  -9.6, 932.4,   2.8,   1.6
134869,  -0.3,   0.1,   4.2, 108.1, -91.6,1148.7,   2.3,   1.2
134897,   1.7,  -4.1,   5.6, 136.9,   2.4,1057.6,   2.2,   0.9
134917,   1.9,  -4.6,   4.5,  77.4,-117.2, 998.8,   1.7,   0.7
134945,   4.9,  -1.3,   3.7, 124.0,   5.6,1014.2,   1.0,   0.5
134969,   2.3,  -3.0,   3.2, 131.6,-177.3,1074.7,   0.8,   0.4
134993,   2.2,  -0.3,   3.3,  32.9, -22.5, 959.2,   0.6,   0.4
135017,  -0.3,   3.5,   3.8, -88.4, -28.4, 855.5,   0.2,   0.4
135045,   0.5,   0.6,   5.6, -23.0,  24.6, 923.3,   0.2,   0.7
135069,  -0.9,  -3.9,   6.6, -71.1,-304.7,1237.3,  -0.3,   1.1
135093,   2.6,  -5.4,   3.8, 208.5,-107.5, 963.1,  -0.6,   1.2
135117,   4.3,   2.1,   2.0,   1.7,  16.3,1042.0,  -0.5,   0.8
135145,   2.7,   4.2,   3.1, -14.4, -88.9, 937.7,  -0.5,   0.2
135167,   2.7,   1.1,   4.9,  15.6, 142.3,1020.0,   0.0,   0.5
135195,   2.5,  -1.6,   3.3, -19.5, -29.8,1009.3,  -0.1,   0.9
135219,   2.8,  -2.8,   3.7,  74.4, 203.8, 946.0,   0.5,   1.2
135243,   1.2,  -1.3,   4.0,  78.8,  -2.2, 915.0,   0.7,   0.9
135267,   1.9,   0.0,   5.7, -10.3, -45.9,1038.6,   0.6,   0.8
135295,   1.7,  -0.1,   4.2, -26.1,  28.8,1082.0,   0.7,   0.8
135319,  -1.3,   0.5,   3.8, -20.8, -50.8, 983.1,   0.6,   0.9
135343,   0.7,   0.1,   2.6,  35.4, -65.2, 964.8,   0.3,   0.7
135367,   0.0,   5.4,   2.7,-116.0,  96.6,1022.0,   0.3,   0.9
135395,  -0.2,   1.3,   2.4, -47.6, -21.0,1006.1,   0.2,   0.9
135419,   1.4,  -2.4,   3.2,   9.3,  35.9,1023.2,   0.4,   1.3
135443,   0.7,  -3.2,   4.1,  49.8, -62.0,1026.6,   0.5,   1.3
135467,   2.3,  -3.5,   3.6,  75.4, 103.0,1014.4,   0.5,   1.1
135495,  -1.3,  -2.1,   1.5,  67.6,-124.8, 998.0,   0.4,   0.8
135519,  -3.4,  -1.3,  -0.1, 228.3,  17.1, 980.5,   0.3,   0.4
135543,   3.3,  -2.2,   3.5, -30.0,-342.3,1032.0,  -0.9,   0.7
135567,   4.2,  -0.4,   0.9,-188.5, 142.3, 950.4,  -0.5,   0.7
135595,  -0.0,  -3.8,  -0.4,  37.1,  35.1, 983.1,  -0.1,   0.9
135619,   0.3,   0.3,   0.4, 140.6, -86.2, 926.3,  -0.5,   0.3
135643,  -1.1,   7.8,   3.5,-269.3,   7.0, 976.1,  -1.2,   0.0
135667,  -2.0,   2.1,   4.5, -98.4, -84.5, 976.1,  -1.3,   0.7
135695,   4.4,  -6.5,   1.0, 428.9,  67.8,1073.7,  -2.0,   0.8
135719,   1.7,   2.9,  -2.1,-344.0,  73.7, 909.2,  -1.4,   1.3
135743,   1.6,  -5.9,   0.1,  55.9, -34.9, 975.6,  -1.3,   0.9
135767,   1.4,  -1.0,  -0.1, -13.9, -54.5,1038.1,  -1.4,   0.3
135795,   0.6,  -0.4,   0.4, -43.0,  -6.9, 988.3,  -1.5,   0.4
135819,   1.4,   0.9,  -1.6,-123.6,  19.5, 973.1,  -1.2,   0.3
135843,   2.3,  -1.8,  -2.6,  -9.5,  78.3,1009.8,  -0.7,   0.5
135867,   3.0,  -0.5,  -2.4, -62.3,  60.5,1046.6,  -0.2,   0.4
135895,   1.7,  -3.7,  -2.0, -30.3,   3.9, 944.6,  -0.2,   0.3
135919,   2.3,  -2.9,  -1.2, 113.0,  66.6,1004.4,   0.0,  -0.0
135943,   0.3,   0.6,  -1.5, -42.7,  -2.2, 926.3,   0.4,  -0.1
135971,   0.5,  -0.7,  -1.8,  11.5,   0.7,1044.9,   0.7,  -0.1
135995,  -1.2,  -1.2,  -2.9,-143.3,  55.1,1019.0,   1.2,   0.2
136019,  -1.1,  -1.9,  -2.7, 131.6,  50.5,1017.3,   1.0,  -0.2
136043,  -2.1,   1.5,  -2.4,   6.1,  24.6, 981.9,   0.8,  -0.1
136071,  -4.2,   1.8,  -2.9,-119.2,  22.2, 972.6,   0.8,   0.1
136095,  -4.2,  -4.1,  -5.2, 280.0,  34.4,1130.1,   0.8,   0.1
136119,  -2.2,   6.6,  -1.3, 117.4, -24.9,1013.9,   0.3,  -0.4
136143,   1.1,   1.0,   2.0,-132.3, 157.7,1094.5,   0.3,   0.3
136171,  -1.0,   1.9,   0.0,-191.7,-123.3,1144.5,   0.7,   0.9
136195,   0.3,  -1.3,  -1.4,-158.2, -17.6,1042.0,   0.5,   1.2
136219,  -1.1,  -0.1,  -1.5,  60.5, -62.5,1025.6,   0.2,   0.6
136243,  -1.2,  -0.5,  -3.0, 173.8,  97.6, 893.3,   0.2,  -0.3
136271,  -4.7,   2.3,  -3.0, -70.3, -74.0, 962.4,  -0.1,  -0.0
136295,   0.1,  -5.4,  -0.5,-119.2,  45.4,1098.1,  -0.8,   0.8
136319,   3.4,  -2.9,  -4.3,-302.3,  42.0,1027.3,  -1.4,   1.8
136343,   4.6,  -0.3,  -6.0, 334.0,  -5.9, 925.3,  -2.0,  -0.1
136371,   6.9,   1.4,  -0.7,-178.0,  64.4, 989.0,  -1.6,   0.6
136399,   6.1,  -0.7,  -0.3,  55.9,  72.0, 993.4,  -1.4,   0.5
136419,   2.3,   4.0,   3.3, -97.2,-296.4, 959.2,  -2.0,   0.7
136443,   4.7,   5.1,   0.2,-312.3, -57.4,1065.2,  -2.2,   1.2
136471,   3.9,  -7.3,  -1.1, 143.8, -26.9,1041.5,  -1.6,   1.7
136495,   4.2,   2.4,  -5.1, -80.6, -95.5,1088.6,  -1.5,   0.8
136519,   5.5,  -3.7,  -2.9, -24.2, 125.7, 912.8,  -1.0,   0.8
136543,   4.3,  -4.2,  -1.9, 243.9,  36.1,1020.0,  -0.6,   0.4
136571,   3.2,   0.4,  -1.9,-103.8,  89.3,1087.9,  -0.2,   0.6
136595,   2.2,  -3.1,  -2.1,  50.0, 124.0, 965.3,   0.6,   0.8
136619,   3.3,  -5.1,  -1.7, 120.8, 130.1, 987.5,   1.0,   0.8
136643,   3.0,   1.2,  -0.5, -83.0,  86.6, 932.6,   1.3,   0.8
136671,   2.1,  -3.2,  -0.4, 103.0, -52.5, 968.0,   1.5,   1.0
136695,   2.6,   1.6,  -0.7, -62.0, -64.2, 954.1,   1.2,   0.8
136719,   0.4,  -0.5,  -1.0,   6.1, -54.5,1067.9,   0.9,   0.9
136743,   3.3,   3.3,   0.7,  -2.9,  41.7,1025.6,   0.9,   0.7
136769,   2.4,   2.0,   0.1,-226.1,  31.7, 806.4,   1.4,   1.3
136793,  -0.3,  -1.2,  -0.8,  12.4, 110.8, 876.9,   2.2,   1.2
136821,   6.7,  -0.2,  -0.4,-150.2, 150.8, 687.7,   1.9,   1.3
136845,   0.4,  -5.4,  -1.7, 201.2,  93.5,1090.1,   2.4,   1.3
136869,   3.6,  -0.4,   0.4, 183.8,-181.2,1065.7,   1.0,   0.3
136897,   1.6,   2.6,  -1.9, -51.0, 102.5,1022.7,   1.1,   0.4
136921,   5.7,  -1.5,  -1.6,-209.5,   4.1, 946.3,   0.3,   1.0
136945,   6.1,  -4.8,  -1.8,  -0.7,  25.1,1012.7,   0.8,   1.3
136969,   8.2,  -0.3,  -0.4,-109.4,   9.7,1034.4,   0.7,   1.1
136997,   4.7,  -3.3,  -0.6,-187.5, -67.7, 922.4,   1.1,   1.3
137021,   2.5,  -1.6,  -1.2, -76.4,-132.1,1110.3,   0.5,   1.2
137045,   3.3,  -2.7,  -3.4,   6.8, -46.2,1042.0,   0.1,   1.2
137069,   1.5,  -6.3,  -3.4, 204.6, -91.6,1043.5,  -0.1,   0.9
137097,   1.5,   1.3,  -3.2, -74.7,  48.1, 929.2,  -0.7,   0.4
137121,   1.0,  -3.5,  -4.8, -12.0,   8.0,1070.6,  -0.4,   0.6
137145,  -0.1,  -1.6,  -5.3,  70.1, -41.1, 998.0,  -0.6,   0.5
137169,  -0.2,   2.1,  -5.2,-150.2,  62.2, 931.6,  -0.3,   0.1
137197,  -0.0,  -1.5,  -4.0,  97.2, 109.3, 956.8,   0.2,  -0.3
137221,  -0.7,   1.8,  -5.2, -91.8,  37.8,1232.9,   0.9,  -0.2
137245,   1.9,  -1.6,  -3.0, -89.9,  84.7, 854.0,   0.9,   0.2
137269,   1.1,  -4.8,  -3.0,-321.3,  87.1,1028.8,   1.1,   0.8
137297,  -1.3,   7.8,  -6.8,  94.5, -55.7, 940.2,   1.4,  -0.8
137321,   1.2,   0.1,  -5.5,-189.0, 162.3, 885.7,   2.1,  -0.1
137345,   0.2,  -4.8,  -6.8,  57.8,  94.9, 966.5,   2.3,   0.0
137369,  -0.3,  -2.1,  -8.7, -54.7,  24.4,1026.4,   2.6,   0.2
137397,  -2.8,   3.5,  -6.6,-193.4,  63.0, 838.1,   2.6,   0.5
137421,   0.1,  -3.9,  -4.6, 137.7,  13.1, 973.9,   2.5,   0.1
137445,  -1.6,   3.4,  -3.8,-132.6,  16.1, 885.7,   2.0,   0.2
137469,   0.1,  -0.4,  -2.4,   5.6,  47.1, 981.2,   2.0,   0.6
137497,   3.3,   2.1,  -1.0, -21.3, 123.5, 944.3,   2.0,   0.6
137521,   0.7,  -0.6,  -3.4,-114.3, 234.8,1157.0,   3.1,   0.9
137545,   1.1,  -0.5,  -2.2,   9.3,-178.7,1012.4,   2.7,   1.0
137569,  -0.1,  -0.2,  -1.9, 145.2,   1.2, 914.1,   2.2,   0.5
137597,  -2.4,   3.5,  -3.7,-199.7, -78.2, 894.0,   1.3,   0.5
137621,  -4.2,   0.1,  -5.5,   2.7, -34.5, 995.1,   0.9,   0.2
137645,  -4.6,   4.0,  -9.0, -67.4,-230.0,1365.5,   0.7,  -0.1
137669,   1.8,   4.7,  -6.5,-256.6,-132.1,1002.4,  -0.6,   0.2
137697,   1.0,  -4.9,  -7.8, 230.0, 122.0, 996.8,   0.3,   0.4
137721,  -0.2,   1.7,  -8.2,-265.2, -43.5, 968.3,   0.1,   1.1
137745,  -0.7,  -6.7,  -6.5,  80.6,-107.9,1103.0,  -0.4,   1.0
137769,  -1.0,  -2.1,  -5.9, -17.3, -35.7, 978.8,  -1.0,   0.9
137797,  -0.1,   1.0,  -2.4,  17.8,  48.3,1110.6,  -0.8,   0.8
137821,   3.3,  -3.0,  -0.6,-237.3,  94.4,1114.7,  -0.4,   1.6
137845,   0.7,  -4.4,  -4.1, -54.0,  -7.4,1021.5,  -0.0,   1.8
137869,   1.4,  -0.5,  -3.0, -71.8,  50.5, 982.9,   0.3,   1.5
137897,   1.7,  -3.7,   0.7,  42.7,  69.3,1069.3,   0.3,   1.4
137921,  -0.3,   2.6,   1.0,   1.9, -68.4, 969.7,   0.8,   1.2
137945,   2.2,   1.3,  -0.3,-214.6,  79.8, 952.1,   1.0,   1.6
137973,   2.9,  -5.9,  -1.5, 136.9, 188.4,1039.3,   1.9,   1.7
137997,   2.4,  -0.4,  -0.6, -87.4,  28.8, 980.5,   2.4,   1.7
138021,   4.7,  -2.1,   0.0, 102.8,  44.4, 956.8,   2.2,   1.2
138045,   1.2,   0.4,   0.8, -82.8, 156.5, 982.2,   2.8,   1.3
138073,  -2.7,  -1.2,   2.1, -29.8, 145.5, 950.7,   2.9,   1.5
138097,  -7.4,  -3.5,   2.0, 304.7, -15.4,1054.7,   2.9,   1.4
138121,  -9.4,  12.8,   1.8,-300.8,-160.2, 848.6,   1.8,   0.8
138145,   2.7,  -3.0,   5.1,  37.3, 112.0, 905.8,   1.5,   1.1
138173,   1.4,   6.2,   0.6,-397.5,  55.9,1042.5,   2.4,   1.5
138197,   3.3,  -1.7,   1.0,   6.6, -21.8, 952.4,   2.3,   1.7
138221,   2.4,  -0.2,   1.9, 153.5, -40.8,1058.3,   2.2,   1.1
138245,   1.3,   0.0,   5.0, -41.0, -27.9, 946.8,   1.8,   1.4
138273,  -1.1,   2.4,   4.8,-169.7, -34.7, 973.9,   1.5,   1.6
138297,   1.1,  -3.2,   4.6,  82.5,-133.6, 982.4,   0.9,   1.6
138321,   0.8,   4.3,   3.0,  69.8,  17.8,1104.7,   0.8,   1.0
138345,   2.8,  -0.8,   3.8,-115.2, -86.0,1018.5,   0.5,   1.6
138371,   3.5,  -0.6,   2.8,  59.1, -52.3, 972.4,   0.0,   1.4
138399,   0.9,  -1.5,   2.6, -60.8, -75.7, 937.0,  -0.1,   1.4
138423,   0.0,  -1.4,   4.9,  55.9,-198.8,1042.7,  -1.5,   1.1
138447,   1.2,   0.1,   4.3, -37.4,  79.1, 949.9,  -1.0,   1.3
138471,   3.4,   1.5,   3.4,-135.3,  15.1, 985.8,  -0.6,   1.2
138495,  -0.3,  -4.4,   5.3, -11.5,  83.7, 962.6,   0.4,   1.9
138523,   1.2,  -0.9,   3.7,  -1.0,  90.5,1009.8,   0.2,   1.5
138547,  -1.1,  -1.0,   2.9, 119.9, 136.7, 913.1,   0.9,   1.1
138571,  -2.4,  -1.5,   2.5,  19.8,  -9.8,1223.9,   1.1,   0.7
138595,   4.2,   4.2,   2.4, -98.6,  91.0,1004.4,   0.6,   0.3
138623,   4.7,  -2.4,   2.4, -91.3, 332.2,1065.4,   2.0,   1.1
138647,   5.3,  -2.7,   3.1,  19.8,  36.1,1003.2,   2.7,   1.2
138671,   2.9,  -3.0,   1.8, -24.2, 215.8, 985.3,   3.4,   1.1
138695,  -1.4,  -2.8,   3.6, 164.8, 187.2,1035.6,   4.1,   0.9
138723,   0.3,  -0.7,   6.8, 164.5,  46.8,1061.3,   4.0,   0.6
138747,  -2.9,   1.8,   5.8,-200.9, -43.2, 912.6,   4.0,   1.0
138771,  -0.9,   3.9,   4.1, -55.2, -35.2,1085.7,   3.5,   0.8
138795,  -0.8,   0.2,   5.3,-196.1, -46.7, 925.8,   3.2,   1.4
138823,   1.4,  -1.2,   4.8, 212.4, -85.0, 934.3,   2.6,   0.9
138847,   1.5,  -2.6,   3.8, -12.5, 173.5, 925.0,   3.4,   1.2
138871,   3.8,  -1.6,   3.2,-114.5,  -5.4,1097.4,   3.6,   1.6
138899,   1.6,   2.3,   2.1,-115.2, 111.0, 953.1,   3.7,   1.8
138923,  -4.1,  -1.2,   4.0,  47.1,-120.4, 837.2,   3.5,   1.7
138947,  -1.6,  -8.2,   9.7, 286.1,-266.1,1359.1,   1.8,   1.6
138971,   0.8,   3.5,   2.9,-139.2,  12.7, 833.5,   1.8,   1.3
138995,   1.1,  11.2,   1.3,-368.9,-179.0, 826.2,   1.3,   1.2
139023,   1.7,  -1.4,   3.8,  90.3,  69.8, 948.0,   1.7,   1.4
139047,   0.9,   2.1,   0.9, -89.9, -86.5,1035.9,   1.6,   1.5
139071,  -0.3,  -4.6,   2.5,  49.5, -14.7, 955.1,   1.0,   1.9
139099,   0.2,  -3.9,   4.9, 174.5, -88.7,1044.9,  -0.1,   1.4
139123,  -1.1,   0.1,   5.4, 104.0,-137.2, 949.5,  -1.1,   1.1
139147,   1.9,   1.6,   1.8,-198.5,  -8.1,1004.4,  -1.2,   1.1
139171,   4.2,  -3.4,  -1.4, -58.9,  99.3, 986.1,  -0.2,   1.7
139199,   2.7,  -2.4,   1.0, -23.7, -65.2,1039.3,  -0.1,   1.2
139223,   4.1,   2.0,   3.5, -97.7, 121.1, 956.0,   0.2,   0.8
139247,   0.6,  -3.3,   3.7,  54.9,  72.0,1052.7,   0.7,   0.9
139271,   4.3,  -0.3,   3.1,  25.4, 101.8, 996.3,   0.5,   0.7
139299,   3.8,  -1.7,   1.8,  59.1,  89.3,1039.1,   1.2,   0.6
139323,   3.9,   0.6,   0.4, -43.0, 298.1, 931.9,   2.1,   0.3
139347,  -0.3,   0.9,  -0.1,-147.0, 136.9, 937.0,   3.2,   0.6
139371,  -1.1,  -3.1,   3.8,-293.7, -45.0,1194.3,   2.9,   1.2
139399,   4.8,  -1.2,   3.1, 111.6,   9.7,1003.2,   3.0,   1.0
139423,  -0.2,  12.3,  -2.7,-482.7, 261.9, 798.3,   4.4,   0.8
139447,   3.1,  -5.0,   3.1,  73.5, 158.2, 995.8,   4.6,   1.0
139471,  -1.6,  -0.4,   3.2, 223.4,  -7.6,1050.0,   5.2,   0.8
139499,  -3.0,   4.9,   3.8, -57.4, -14.4, 918.9,   4.4,   0.9
139523,  -0.5,  -1.5,   5.4, -10.5, 110.8,1131.1,   3.6,   1.5
139547,   1.9,  -0.2,   5.0,  83.5, 181.6, 908.9,   3.2,   1.3
139571,   1.7,  -2.7,   2.1, 298.6, 354.5,1054.2,   4.2,   1.1
139599,   3.7,  -1.8,   2.5,  47.3, 185.5,1282.0,   4.7,   1.4
139623,  -1.9,  -1.1,   2.6, 110.1,-149.9,1039.3,   4.3,   1.2
139647,   0.9,   1.5,   3.6,-163.6, -52.0,1008.8,   3.1,   0.8
139671,  -3.1,   0.6,   3.5,  53.5,  17.1, 979.0,   2.7,   0.6
139699,  -4.4,   4.4,   0.7, -38.3, 106.2, 914.8,   2.6,   0.1
139723,  -3.1,   5.3,   3.8,-326.4, -23.7,1194.6,   2.2,   0.6
139747,   4.6,  -4.4,   3.3, 202.1, 165.5, 918.7,   1.2,   0.5
139771,  -0.0,  -0.6,  -1.6,-140.4,  87.9, 954.8,   1.7,   0.9
139799,  -0.0,   5.7,   2.7,  53.7,-266.6,1072.0,   0.2,  -0.2
139823,   1.2,  -1.3,   5.7,-229.0,  65.4, 937.2,   0.1,   0.9
139847,  -0.9,  -5.9,   5.4, 194.8,-273.7,1001.5,  -0.7,   1.0
139871,   1.4,  -3.5,   0.7, -68.1, 155.7,1036.1,  -0.6,   1.4
139899,   1.5,  -2.9,  -1.8,  73.7, -43.0, 948.2,  -0.7,   1.2
139923,  -0.5,  -1.7,  -1.8,-132.1,   9.2, 967.0,  -0.4,   1.0
139947,   2.9,  -6.2,  -0.3, 217.3, 157.4,1194.6,  -0.2,   0.5
139973,   1.3,   1.1,   0.6,  64.9, 165.5,1042.0,   0.3,   0.4
139997,   0.5,   0.1,   0.7,  18.3,  16.6,1022.5,   0.8,   0.3
140021,   1.2,  -1.9,   0.2,-137.7,  71.5, 976.1,   1.0,   0.6
140049,   1.4,  -1.9,  -0.5,  52.2,  38.8, 986.6,   1.5,   0.3
140073,   2.1,  -3.4,  -1.0,  13.2,  69.3, 939.9,   2.0,   0.2
140097,  -0.2,  -4.6,  -1.2,  38.8, 137.4,1034.7,   2.7,  -0.2
140125,  -0.3,   0.1,  -0.1,  21.2,  38.3, 988.0,   2.9,  -0.4
140149,  -1.0,  -0.8,  -1.3,  -8.6, 101.3, 998.3,   2.9,  -0.5
140173,  -2.3,  -0.2,   0.4, -22.7, 211.6, 957.0,   3.1,  -0.3
140197,  -9.6,  -1.3,   0.1, 104.5,  23.6, 830.6,   3.3,  -0.4
140225,  -1.7,  -0.4,   1.7, 382.6,  58.6, 908.0,   1.7,  -1.6
140249,   0.8,   6.7,   4.9,-819.6, 397.7, 998.5,   2.4,   1.0
140273,   1.1,  -8.5,   3.7, 525.4,  15.8,1149.9,   2.9,   0.2
140297,   4.5,   3.9,   1.3,-361.6,  46.6, 907.2,   2.8,   1.0
140325,   2.7,  -3.2,   4.3, 365.0, -74.7,1066.2,   2.8,   0.1
140349,   0.9,   6.0,   5.8,-268.3,-150.7, 974.8,   2.0,   0.3
140373,  -1.3,   1.0,   6.0,  73.7, -39.3,1056.6,   2.1,   0.3
140401,   2.8,  -1.5,   4.7,-145.5, -72.5, 988.0,   2.0,   0.4
140425,   4.4,  -0.1,   1.3, -23.5, -22.7,1001.0,   1.4,   0.3
140449,   0.5,  -0.7,  -0.9, -99.4, 146.0, 784.7,   2.1,   0.3
140473,  -0.9,   0.6,   2.3,  59.3,-156.5, 967.0,   1.1,  -0.4
140497,   2.4,  -0.4,   6.8, -68.1,-126.7,1135.0,   0.2,   0.2
140525,   2.6,  -0.6,   8.1,  78.1,-105.0,1074.2,  -0.8,   0.2
140549,   2.0,   2.8,   3.8,-331.6,  80.3, 860.3,  -0.3,   0.9
140573,   4.8,  -5.8,   0.9, -43.0, 111.5, 973.6,   0.6,   1.2
140597,   2.2,  -5.4,   3.2, 148.9, 102.7,1010.7,   1.1,   0.8
140625,   1.9,   3.4,   4.2, -64.2, -76.9,1023.9,   0.6,  -0.1
140649,  -0.9,   0.3,   4.8, -91.8, 128.4,1023.7,   1.0,   0.2
140673,   2.4,   1.2,   2.9,   7.6, 101.5, 946.0,   1.5,  -0.1
140697,   2.7,   0.2,   0.3, -91.1, 205.8, 931.9,   2.4,   0.2
140725,   1.9,  -2.3,   1.9,  41.7,  40.0, 984.4,   3.2,   0.3
140749,   2.7,   1.0,   4.7,  -2.0,  95.7, 891.1,   3.4,  -0.0
140773,   1.4,  -1.9,   6.4,-120.6, 135.5,1132.3,   3.8,   0.3
140797,   2.3,   0.9,   5.8,  97.4, 154.0, 991.0,   3.6,   0.5
140825,   0.3,   1.1,   1.8,  41.5, 101.8, 938.7,   2.7,   0.4
140849,  -0.8,  -3.4,   0.8, 122.5, 129.4, 918.0,   2.9,   0.6
140873,  -2.4,   2.8,   1.5,  82.3, 195.0, 879.4,   2.9,   0.1
140901,   3.3,  -0.4,   3.8, -57.1, -25.4, 877.4,   2.9,   0.1
140925,   1.3,  -8.4,   1.5,  94.0, 213.3, 975.1,   3.7,   0.5
140949,   0.8,   0.6,   1.1, 149.4, 102.7, 970.7,   4.1,   0.1
140973,  -2.8,  -7.4,   4.0, 166.0,  22.9, 961.4,   4.2,   0.0
140997,  -1.3,  10.7,   8.0,  35.9,-236.4, 853.8,   3.0,  -1.1
141025,   0.6,   1.1,  10.2,-124.0,  88.3, 903.1,   2.7,  -0.2
141049,   1.0,   0.9,   6.9, -88.9, -90.6, 982.2,   2.0,   0.6
141073,   3.0,  -3.7,   3.7,  57.4,   1.4,1101.1,   1.5,   0.7
141101,   1.0,   4.3,   2.0,-239.0,-165.1,1080.8,   1.0,   0.4
141125,  -1.5,  -6.6,   1.7, 265.4,-248.3,1097.2,   0.1,  -0.1
141149,  -0.0,   1.0,   2.2,-215.1, 157.2, 990.0,  -0.4,   0.3
141173,   2.2,   2.8,   7.3, -52.5,   6.3,1054.9,  -0.4,   0.1
141201,   2.1,  -0.5,   8.5,-297.1,  61.5, 948.0,  -0.0,   0.9
141225,   0.8,  -2.6,   5.9,  14.6,  37.6, 962.4,   0.4,   1.0
141249,   0.5,  -4.4,   4.7, 298.8, 127.2, 985.1,   0.5,   0.4
141273,   0.8,   3.9,   3.7,-150.4,-269.6,1386.7,   1.1,   0.1
141301,   7.0,  -5.7,   3.7,  16.8,  84.2, 905.3,   0.8,   0.2
141325,   2.0,  -1.2,  -4.8, 411.9,  81.5,1164.3,   1.5,  -0.6
141349,   1.5,  -0.9,  -3.3,-172.1,-149.0,1074.9,   1.4,   0.1
141373,   2.3,  -6.3,  -1.8, 185.5, 133.5, 926.3,   1.7,  -0.3
141401,  -2.0,  -1.2,  -5.1,  -2.2,  -9.3, 900.1,   1.6,  -0.3
141425,  -8.9,  -2.7,  -8.2, -86.2,  53.9, 850.3,   2.0,  -0.4
141449,  -5.0, -12.5,  -4.6, 623.8,-253.0,1362.8,   1.1,  -1.2
141473,   3.1,   2.4,  -8.1,  97.4, 313.7, 975.8,   1.7,  -1.5
141501,  -0.2,   1.8,  -8.8,-277.4,  -7.8, 990.0,   2.1,  -0.7
141525,   0.8,  -3.7,  -6.5, 185.0, 104.9,1038.6,   2.3,  -0.5
141549,   0.8,   0.1,  -3.8, 282.7, 297.8,1050.3,   2.8,  -0.9
141575,  -0.3,   7.3,   0.7,-157.2,  71.7, 985.3,   2.6,  -0.7
141599,  -0.8,  -0.8,   4.0,  41.0, -10.0,1041.5,   2.1,  -0.3
141623,   0.3,   0.2,   2.9,  34.7,  26.8, 979.0,   1.5,   0.2
141651,   1.4,   1.8,  -4.8,   2.7,  35.1, 898.7,   1.1,   0.1
141675,  -0.6,  -1.0,  -8.5,  -7.8,   8.5, 947.3,   1.2,  -0.4
141699,  -2.1,   3.6,  -6.8,-177.3,-208.0,1497.8,   0.9,  -1.0
141723,   1.4,  -0.3,  -5.4, 131.8, -41.3, 966.8,   0.0,  -1.1
141751,  -2.4,   8.6,  -9.3,-206.1,  31.7, 991.2,   0.0,  -1.0
141775,  -2.5,  -4.2,  -7.3,  54.9, -40.1,1021.0,  -0.1,  -0.3
141799,   0.3,   3.4,  -7.9, -49.3, -16.6, 975.3,  -0.4,  -0.4
141823,  -2.5,   2.7,  -4.1,-127.9,-127.2, 972.6,  -1.1,  -0.5
141851,  -1.1,   2.1,   2.8, -15.2,  60.5, 891.8,  -0.6,  -0.1
141875,   3.0,  -2.4,  -0.9, -70.8, 101.3, 964.3,  -0.8,   0.5
141903,   0.6,  -9.6,  -3.6, 113.0,  19.5, 912.3,  -0.8,   0.1
141923,   3.4,  -4.0,  -4.8, 235.1, -46.4,1106.4,  -1.1,  -1.2
141951,   2.3,  -1.7,  -4.6,-104.0, 236.5,1109.4,   0.5,  -1.2
141975,   5.0,  -5.4,  -4.1, 186.5, 136.2, 940.4,   0.9,  -1.6
141999,   0.3,   0.7,  -5.4, 129.4,  86.4, 961.7,   1.7,  -2.4
142023,  -0.8,   0.0,  -4.9, -16.1, 181.6, 954.8,   2.5,  -2.0
142051,   2.2,   0.4,  -6.4, -74.0, -55.7,1009.0,   3.0,  -1.4
142075,  -3.8,  -0.3,  -6.3,-147.2,  52.5, 947.5,   3.4,  -0.7
142099,  -0.6,  -3.8,  -7.7,  95.0, 193.8, 986.8,   4.1,  -0.6
142127,  -1.9,  -0.2,  -8.7, -33.2, -25.7, 943.6,   4.1,  -1.1
142151,  -3.8,  -4.3,  -6.3, 130.8,  36.1, 917.7,   3.9,  -1.3
142175,  -8.8,   2.8,  -5.6,-173.8,-247.8,1277.1,   3.5,  -1.1
142199,  -0.6,  -2.4,  -3.9, 160.6,  21.4,1111.3,   2.3,  -1.1
142227,  -0.4,   1.8,  -8.5,-332.0, 198.0,1031.2,   3.1,  -0.4
142251,   0.6,   0.7, -10.6,  94.7,  56.4,1061.5,   3.6,  -0.4
142275,   2.5,  -0.2,  -7.6, -62.3,  36.3, 948.5,   3.1,  -0.5
142299,  -1.6,  -2.0,  -4.5, 116.9,   5.6, 934.6,   2.9,  -0.7
142327,  -3.0,   6.0,  -3.7,-136.5,-103.6, 943.8,   1.9,  -1.0
142351,   2.8,   0.2,  -1.2, -98.6, -46.7, 887.0,   1.1,  -0.3
142375,   1.1,   0.6,  -2.9,   3.6, -88.4,1155.5,   1.3,  -0.4
142403,   5.8,  -4.2,  -3.3,  44.9, 114.2,1002.9,   1.5,  -0.5
142427,   4.6,  -1.6,  -2.6, 210.4,  49.8,1040.0,   1.4,  -0.8
142451,   1.6,   2.8,  -2.4, -49.1, 206.0,1045.4,   1.7,  -0.8
142475,  -6.3,   7.0,  -0.1,-352.6,-459.3,1275.1,   1.1,  -0.6
142499,   2.0,  -0.7,   3.3,-315.7,-180.0, 777.6,  -0.3,   0.6
142527,   5.1,  -6.7,  -0.9, 725.6, 173.1,1126.2,   0.1,  -0.5
142551,   3.2,   7.9,   3.8,-199.0,-322.1, 883.1,  -0.4,   0.4
142575,   6.0,  -5.2,   2.2,-111.1, 132.5,1013.7,  -0.2,   1.0
142599,   3.0,  -5.5,  -3.4,-230.7, -46.4,1022.7,   0.5,   1.7
142627,   2.6,  -6.6,  -3.0, 182.1, -20.1, 930.4,   0.5,   1.1
142651,   2.0,  -0.5,  -2.6, -70.6,  42.7,1146.2,   0.6,   0.5
142675,  -0.5,  -6.3,  -0.6,  72.3, -59.4, 927.2,   1.2,   0.6
142699,   0.9,   1.8,  -1.1, 195.5,  23.4,1065.9,   1.2,  -0.3
142727,   4.7,  -0.9,   1.2, -56.2, 434.3,1009.0,   2.4,   0.3
142751,   0.3,  -4.0,   2.5,  73.0, 191.1,1075.2,   3.1,   0.6
142775,   0.9,   3.1,   0.9,-120.9,  28.8, 830.8,   3.4,   0.8
142799,  -0.9,  -0.6,   2.7,  41.7,  29.3,1034.7,   3.4,   0.8
142827,  -2.7,   3.5,   3.6, -67.9, -63.3, 927.2,   2.8,   0.6
142851,  -5.0,  -0.8,   3.7,  52.2,-111.4, 949.9,   2.4,   0.7
142875,  -2.2,   2.8,   2.4,  42.5,  35.4, 947.3,   1.8,   0.4
142903,   3.8, -10.4,   4.0, 132.1, -20.8,1028.3,   1.9,   0.0
142927,   1.9,   1.2,  -1.8,-286.9, 226.0, 906.7,   3.0,   0.6
142951,  -0.8,  -2.5,  -2.7, 293.0,-247.3, 920.2,   2.6,  -0.7
142975,   3.0,   1.3,  -1.2,-192.6, 153.3, 977.0,   2.6,   0.0
142999,  -2.1,   2.1,   0.5,  39.5, -91.8, 956.5,   2.6,  -0.3
143027,  -1.7,   1.9,   2.1,-181.2, -81.6, 997.3,   1.7,   0.1
143051,  -1.3,  -0.8,   1.6,  13.4, -48.9,1096.9,   1.2,   0.4
143075,  -0.3,   2.3,   0.5, -45.4,  19.5, 902.1,   1.0,   0.5
143103,   2.2,   0.4,   2.0,  55.9,  62.5,1021.0,   0.7,   0.4
143127,   2.3,   2.8,   5.3,-254.4,  49.3,1021.2,   0.6,   0.8
143151,  -0.1,  -1.3,   9.7,   4.4,-221.0, 973.4,  -0.4,   1.1
143177,   4.3,   0.7,  -1.5, 108.9,  32.9,1061.3,  -1.4,   1.0
143201,   0.3,  -2.8,  -4.5, -90.3, 146.4, 824.5,  -0.1,   1.6
143225,   2.7,  -0.4,  -3.2, -34.9, -17.9,1029.0,  -0.3,   0.4
143253,   0.1,  -4.6,  -7.2, -40.5,  36.6,1002.4,   0.4,   0.6
143277,   3.3,  -3.2,  -5.0, -12.7, 122.0,1081.0,   0.6,   0.4
143301,   2.9,  -2.3,  -4.0,  53.9, 124.7, 968.0,   1.4,  -0.1
143325,   3.8,  -1.9,  -3.7,  22.4, 165.2,1053.0,   2.0,   0.1
143353,   0.6,  -4.4,  -4.4, -62.5, 186.0, 911.1,   3.5,   0.7
143377,   0.6,  -5.8,  -4.8, 709.2, 107.1,1084.5,   4.1,  -0.5
143405,   4.1,  -1.1,  -4.7,-137.7, 274.4,1039.3,   4.5,  -0.4
143425,   1.7,  -4.8,  -2.6,   4.4,  50.0, 962.6,   4.8,  -0.3
143453,  -3.0,  -0.4,  -6.0,  52.5,   4.4, 948.0,   5.2,  -0.6
143477,  -3.6,  -0.3,  -6.2,  24.2, 107.9,1027.1,   5.1,  -0.4
143501,  -3.8,   2.9,  -3.5, 121.6,-168.5, 867.4,   4.2,  -0.7
143525,   1.1,   2.9,  -0.5,-360.6, 216.0, 960.2,   4.0,  -0.3
143553,   2.4,   1.6,  -1.3, 244.1, 110.1, 940.9,   4.2,  -0.2
143577,   5.3,  -3.7,  -1.5,-509.3, 357.1, 972.9,   4.7,   1.0
143601,   3.6,  -0.8,  -2.9, 249.5, -41.3, 821.3,   4.5,   0.3
143625,   2.1,  -1.0,  -1.8,  53.7,  46.1, 948.2,   4.5,  -0.1
143653,  -3.2,   6.6,   0.2, 104.0, -24.9,1066.2,   4.4,  -1.0
143677,   3.7,  -5.5,   3.4,  -8.6,   7.5, 731.4,   3.1,   0.0
143701,   2.2,  -2.8,   1.2, 250.0,  88.8,1084.7,   2.5,   0.3
143725,  -1.2,   5.5,  -4.3,-214.1,-128.0,1097.4,   2.6,  -0.4
143753,   3.1,  -4.5,  -1.9,  13.4,  59.3, 831.5,   2.9,   0.0
143777,  -0.7,  -1.4,  -2.0,-212.2,-160.4,1081.0,   2.2,   0.2
143801,   1.8,   3.2,  -3.7,-340.6, -21.8,1009.8,   1.4,   0.6
143825,   0.5,   0.1,  -2.2, -79.6,-180.5, 958.2,   0.9,   0.5
143853,  -2.7,   2.2,  -0.4, 163.1,-165.1,1056.6,   0.5,  -0.0
143877,  -0.4,   6.8,   0.2,-424.1,-290.8, 986.3,  -0.6,   0.4
143905,   2.8,  -1.9,  -0.4, 141.1, 106.4,1102.0,  -0.5,   0.2
143925,   2.0,  -6.1,  -4.3, 110.8, 167.7, 983.4,   0.7,   1.0
143953,   3.9,  -0.1,  -2.1, -94.3, 131.3, 948.0,   0.6,   0.6
143977,  -0.6,  -1.2,  -3.4,  14.1,  25.1,1157.0,   1.6,   0.4
144001,   2.1,   0.6,  -4.5, -48.6, 102.0, 919.2,   1.1,   0.3
144025,   1.4,  -8.2,  -2.2, 164.5, 218.5,1075.2,   2.3,   0.3
144053,   3.1,  -2.0,  -4.3,-115.2, 219.7, 936.0,   2.9,   0.2
144077,  -0.6,  -1.9,  -5.4,-106.0, 296.6, 947.3,   4.1,   0.5
144101,  -2.0,   7.3,  -4.4,-127.0, -51.3, 920.6,   4.4,   0.0
144129,  -0.3,   2.0,  -1.0,-127.5, 242.2, 972.2,   5.4,   0.1
144153,  -2.0,   0.2,  -0.9,  29.3, 168.7, 859.1,   5.8,   0.0
144177,  -6.3,   2.3,  -1.9, -55.9,  10.7,1017.6,   5.4,   0.3
144201,  -7.1,   2.4,  -0.2,-183.4,-197.3,1322.0,   4.5,   0.3
144229,  -2.0,  -1.3,   1.5, 102.5, -22.3,1117.4,   3.6,   0.7
144253,   2.7,  -5.6,  -1.5, 119.1, 152.8, 985.6,   4.0,   0.8
144277,   0.9,  -0.5,  -3.2,-155.3, 195.5, 887.9,   5.0,   1.5
144301,   0.5,  -5.1,  -2.9,  67.4,-150.9, 950.4,   4.7,   1.4
144329,  -2.4,  -2.8,   0.0, 432.8, -60.6, 842.3,   3.8,   0.3
144353,  -3.1,   2.1,   2.2, -59.8, -81.6, 915.0,   3.0,   0.3
144377,  -4.2,  -0.3,   2.0,  56.9, 149.1, 990.7,   2.7,   0.3
144405,  -7.8,  -1.5,  -2.9, 223.4,-260.3,1701.9,   2.3,   0.2
144429,  -0.3,   5.3,  -0.1,-148.0,-318.6, 697.3,   0.3,   0.2
144453,   6.1,  -9.6,   1.7, 101.5, 121.8,1162.1,   0.3,   0.6
144477,   3.1,  -1.3,  -1.9, 108.1, -64.7,1010.5,   0.3,   0.7
144501,   2.3,   0.8,  -4.0,-174.8,-136.0,1024.7,  -0.5,   0.7
144529,   0.1,  -3.2,  -1.1, 107.7,-107.5,1043.0,  -0.9,   0.4
144553,  -1.7,   0.8,   1.1, -94.5, -94.3,1063.2,  -1.5,   0.4
144577,   3.4,  -0.9,   0.9, -11.2,  20.5,1012.9,  -1.8,   0.6
144601,   3.8,  -1.6,  -1.2,-170.4, 155.2,1038.6,  -0.5,   1.2
144629,   4.9,  -2.9,   1.7,  98.9, -48.1, 958.2,  -0.8,   0.9
144653,   6.1,   1.4,   0.0,-184.8, 402.8, 987.3,   0.5,   0.8
144677,   2.4,  -4.4,  -1.0,-197.8,  56.1,1002.4,   2.2,   1.3
144701,   4.1,  -2.0,   0.9, 200.4,  45.4,1025.9,   1.9,   0.2
144729,   1.4,  -0.5,   2.6,-134.3, 202.1,1051.5,   2.5,   0.4
144753,   0.0,  -2.4,   2.3,  -7.6, 143.3, 997.3,   3.3,   0.6
144779,   0.6,   3.4,  -1.0, -79.8, 134.7, 848.4,   3.7,   0.6
144803,  -0.0,   1.5,   0.2,  94.2, -41.5,1007.6,   3.1,  -0.2
144827,  -2.0,   5.4,   2.7,  23.7, 214.3, 912.8,   3.4,   0.1
144851,  -5.8,   4.6,   3.6, 112.8, 252.7, 783.2,   4.0,  -0.6
144879, -17.3, -12.8,   8.8,-248.8,-750.3,1347.9,   3.8,   1.3
144908,  -4.6,   9.8,   1.2,-658.0,  95.4,1137.7,   3.7,   2.2
144928,  -2.0,  12.0,  -3.7,-691.9,   8.8, 686.0,   4.2,   2.7
144952,   3.8,  -5.9,   4.5, -58.1,  94.0,1178.2,   3.0,   2.2
144976,   3.0,   3.0,   6.5, 334.5, 113.2, 858.9,   2.4,   1.1
145004,  -1.6,  -1.5,   6.3, 229.2, 245.3,1058.6,   2.1,   1.3
145028,  -0.8,   5.3,   4.8,-103.8,  66.4, 997.1,   1.4,   2.0
145052,   1.5,  -2.3,   2.3,-162.1,  45.6, 993.4,   0.8,   2.2
145076,   2.3,  -1.2,  -0.9,-121.8, -88.4,1142.8,   0.7,   2.3
145104,   2.2,  -6.0,  -3.3,  22.2, -47.6, 907.5,   0.5,   2.1
145128,   1.2,  -5.4,  -1.8,-118.7, -33.5,1014.9,  -0.2,   2.1
145152,   1.1, -14.3,  -2.5, 564.9, -61.1,1010.7,  -0.7,   1.5
145180,  -2.8,  13.6,  -5.0,-524.4,-200.0, 813.0,  -1.3,   1.0
145204,   1.4,  -5.3,  -0.3, 206.3, 144.3,1011.0,  -1.3,   1.2
145228,  -0.5,  -0.4,  -1.1,  26.4,-224.2,1043.9,  -1.5,   1.2
145252,   2.6,  -1.3,  -0.4,   8.0,  16.1, 963.1,  -1.8,   1.3
145280,   1.2,  -3.0,   1.7,  84.5,  -8.1, 900.4,  -1.5,   1.3
145304,   0.9,  -2.8,   0.2,  -6.1,  12.7,1079.1,  -1.4,   1.1
145328,   2.3,   1.3,   0.4,-203.9,  50.5, 987.3,  -0.9,   1.4
145352,   4.0,  -2.3,   0.7,  26.6,  65.2,1056.6,  -0.9,   1.0
145380,   5.9,  -2.6,   3.2,-229.8, 161.6,1051.5,   0.3,   1.5
145408,   7.4,   1.2,   5.8,  68.6, 133.5, 933.1,   0.6,   1.5
145428,   4.8,  -1.8,   4.3, -98.6, 218.0,1012.0,   1.9,   2.0
145452,   5.9,  -2.7,   4.6, 126.9, 216.3, 962.6,   2.8,   1.8
145480,   2.7,  -0.7,   3.8,  25.6, 211.1, 927.5,   4.3,   1.2
145504,   0.6,   3.2,   3.5, -80.1, 170.4, 932.4,   5.1,   0.5
145528,   1.2,  -0.2,   3.3,  93.7, 122.0,1046.4,   5.7,   0.5
145552,  -0.4,   0.4,   2.0, -22.7, 320.3, 895.0,   6.8,   0.8
145580,  -2.5,  10.3,  -0.3, 226.1, 104.7,1158.2,   7.0,  -0.1
145604,   0.9,  -4.3,   4.9,-195.8, 169.6, 973.1,   6.8,   0.9
145628,  -3.4,  -2.4,   4.2, 441.4,  27.6, 939.9,   6.5,   0.3
145652,  -0.5,   4.2,   4.0,-211.0,-138.7,1505.9,   5.3,   0.9
145680,  -6.9,   2.7,   7.5, -33.5, 225.6, 921.1,   5.0,   1.3
145704,  -0.1,  -2.6,   5.8, 317.4, 450.6,1147.2,   5.9,   0.7
145728,   3.8,   8.4,   5.7,-318.6, -29.8,1091.5,   6.4,   1.5
145752,   0.8,  -4.0,   6.4, -27.1,-318.6,1040.5,   6.4,   2.0
145780,   1.2,   0.3,   5.2,  -2.7,-115.5, 965.3,   5.1,   1.6
145804,  -7.1,   2.0,   0.9,-130.6,-195.6, 786.6,   4.9,   1.4
145828,  -7.2,   9.3,   2.8,-131.6,-477.8,1381.6,   3.8,   0.5
145852,   0.1,  -4.9,   4.3, -74.5,  51.0, 944.1,   3.1,   1.3
145880,   0.8,   1.3,  -2.9, 354.0, 200.2,1201.7,   2.8,   0.4
145908,   2.7,  -4.4,  -1.3, 146.5,-133.3,1210.2,   2.7,   0.2
145928,   0.5, -11.1,   2.0,  93.0, 174.0, 864.7,   3.5,   0.9
145952,  -0.5,  -5.5,   1.0,   0.7,-319.1, 779.3,   1.9,   0.4
145980,   0.5,   3.8,  -1.4,-304.7, -83.8, 845.2,   1.0,   0.7
146004,  -0.3,  -3.2,   0.1,-210.2,-176.1,1006.6,   0.3,   0.9
146028,  -0.3,   0.4,   0.1,  97.2,-222.7,1102.5,  -0.0,   0.3
146052,   0.5,   0.5,   2.8, -51.3, -25.2, 978.8,  -0.0,   0.5
146080,  -0.3,   2.3,   2.6, -96.9,-234.7,1048.3,  -0.5,   0.5
146104,   1.6,  -1.4,  -0.4, -82.0,  90.8, 957.0,  -0.9,   0.9
146128,   2.7,  -2.1,  -2.7,  85.4, -21.0, 965.1,  -0.6,   0.6
146152,   2.5,  -2.3,  -2.4,  33.2, 306.6,1011.0,   0.5,   0.1
146180,  -0.9,  -0.8,  -2.9,  -0.7,  56.8, 887.2,   1.6,   0.0
146204,   0.3,  -9.3,   2.4,-159.4,-251.5,1085.0,   1.1,   1.0
146228,   6.1, -10.7,  -0.6, 362.5, 238.7, 979.0,   2.4,   0.4
146256,  -2.5,  -1.8,  -7.1,-312.8, 176.5, 948.0,   4.2,   0.7
146280,  -0.4,  -3.2,  -4.0,  -9.8, 200.6,1057.9,   4.9,   0.1
146304,  -1.7,  -2.0,  -1.9,   7.6,  20.7, 970.2,   5.3,  -0.7
146328,   0.9,   0.1,  -3.7,  20.2, 232.4, 866.4,   5.4,  -0.6
146356,  -0.1,   4.5,  -6.3,-232.2, 227.0, 798.1,   6.0,  -0.0
146378,  -3.8,  -0.9,  -6.0,-227.3, -76.0, 879.1,   5.7,  -0.1
146406,   0.8,   2.6,  -0.5,  11.9,   5.1,1017.1,   5.7,  -0.1
146430,   0.5,   4.8,  -0.2, -65.9, -85.7,1082.5,   5.0,   0.0
146454,   1.5,   0.2,  -4.8,-107.7,  94.4, 981.0,   5.2,   0.7
146478,  -3.8,  -2.4,  -6.5, 208.7, 552.5, 743.4,   7.4,   1.0
146506,   4.2, -14.6,   1.0, 548.1,-399.4,1179.7,   6.1,   1.1
146530,   3.9,  16.1,  -0.9,-210.7,-148.2, 806.1,   5.7,  -1.0
146554,  -2.5,   7.9,  -2.7,-681.7, 227.7, 768.5,   6.8,   0.8
146578,   0.6,  -5.9,   1.1, 312.7,-343.8,1027.3,   4.3,   0.3
146606,  -4.0,   7.7,  -4.6,-573.7, 115.4,1067.9,   4.5,   0.8
146630,   2.4,  -0.5,  -2.4,  72.5, -84.8,1064.7,   3.2,   0.5
146654,   5.0,  -1.6,  -4.6,  30.0, 215.1,1036.4,   2.9,   0.3
146678,   0.6,  -2.4,  -3.9,  82.7,-270.8,1053.2,   2.0,   0.3
146706,   3.4,   1.0,  -1.3,-320.1,  58.8, 788.3,   1.6,   0.9
146730,   2.5,  -2.9,  -0.1,  88.1,-151.6, 906.2,   1.5,   0.9
146754,  -1.3,   1.9,  -1.1,  47.3,  26.1,1014.2,   1.4,   0.5
146778,  -6.4,   0.9,  -0.4, 126.7,-397.5,1623.8,   1.2,   0.4
146806,   2.5,   3.9,   1.5,   3.9, 132.8, 926.0,   0.2,   0.2
146830,   1.6,   6.3,   3.1,   8.8,  46.1, 967.3,   0.0,  -0.3
146854,   0.5,   1.7,   6.7,-110.9, -28.4,1095.2,   0.4,   1.2
146878,   2.6,   0.1,   5.4,   8.3,-185.8, 933.6,  -1.0,   1.0
146906,   2.0,  -9.7,  -0.8, -51.0,  89.6,1022.9,  -1.0,   0.8
146930,   0.4,  -6.2,   0.1, 374.5,-108.7, 951.2,  -0.8,  -0.3
146954,   1.9,  -1.7,  -2.3, -69.8, 233.4,1041.0,  -0.3,  -0.5
146978,   2.7,  -2.4,  -3.0, -57.9,  27.1,1197.0,   1.0,  -0.6
147006,   5.5,  -2.0,   0.4,-180.7, 156.5,1015.4,   1.8,  -0.2
147030,   1.5,  -3.6,  -1.5, 126.9, 113.2, 985.8,   2.5,  -0.5
147054,  -0.8,   1.5,  -0.9, 157.0, 240.4, 969.7,   3.2,  -1.0
147078,  -4.4,   0.0,  -0.2, 208.0, 150.4, 881.1,   4.1,  -1.3
147106,  -3.3,   0.1,  -0.2, -62.8, 130.1,1029.5,   4.8,  -0.9
147130,  -1.2,   4.2,   0.9,-792.7,-145.8, 919.9,   4.5,   0.3
147154,  -4.2, -11.2,  -2.3, 398.2, -12.7, 906.0,   4.1,   0.1
147178,  -0.7,   7.3,  -5.4, 193.1,  41.0, 658.9,   3.0,  -0.4
147206,   0.6, -10.6,   1.8, 400.4, 275.4, 975.1,   3.6,   0.2
147230,   0.9,  -3.3,   1.5, -62.0, 220.7, 696.3,   4.4,   0.2
147254,   1.5,  -5.5,  -1.6, -46.6, -11.0,1233.1,   5.1,   0.6
147282,   5.7,  -7.5,   0.5, 171.9,  17.8,1007.8,   4.4,   0.7
147306,  -0.8,   5.3,   0.9,  71.8,  75.4, 956.0,   4.3,  -0.5
147330,   0.6,   1.0,   3.4,  79.6, -89.9, 839.6,   3.3,  -0.3
147354,  -1.4,  -5.9,   2.4, 240.0,  48.3,1019.0,   3.1,   0.1
147382,  -5.0,   3.3,   0.4,-108.9,  59.8, 832.5,   3.2,   0.7
147410,   5.0,  -4.5,  -0.2, 258.5,   9.5, 598.6,   3.3,   0.2
147430,   2.8,   1.3,  -1.0, 107.4,-150.7,1002.7,   2.7,  -0.6
147454,   3.4,  -7.1,   0.3, -60.3, 208.0,1057.4,   2.8,   0.2
147482,   0.9,  -5.4,  -0.1, 192.1,-129.9, 969.7,   1.5,  -0.1
147506,  -2.0,   0.3,  -0.7,-196.8, -33.7, 953.1,   0.9,   0.2
147530,  -1.2,  -4.8,   2.0, 299.8,   3.6,1021.5,   0.3,  -0.2
147554,  -0.1,   8.3,  -1.6,-314.0,-111.6, 871.8,   0.1,  -0.1
147582,  -0.4,  -2.4,   0.9,-182.1, -33.5, 828.1,  -0.0,   0.4
147606,   0.1,  -1.3,   3.4, 105.9,  -3.5,1079.6,  -0.2,   0.2
147630,  -1.6,   3.2,   4.6, -15.6,-194.9,1067.9,  -0.7,   0.5
147654,   1.2,   3.5,   5.9,-270.0,  48.5, 939.2,  -1.5,   0.9
147682,   5.2,  -2.4,   1.8,-172.6,  31.7,1012.0,  -1.2,   1.5
147706,  -0.2,  -2.6,  -4.0,-293.7, 160.6, 900.4,   0.2,   1.9
147730,   4.1,  -8.1,  -2.7, 105.5,  48.5,1111.8,   0.3,   1.2
147754,   8.4,  -3.2,   1.1,-110.4, 183.6, 933.3,   1.1,   0.7
147782,   3.3,  -0.5,   2.3,-202.9, 264.1, 909.9,   2.5,   0.7
147806,  -5.3,  -3.2,   0.2, 146.2, 123.0, 870.1,   3.6,   0.7
147830,  -2.4,   3.2,   0.6,  63.9, 169.2,1097.6,   3.6,  -0.0
147854,  -2.0,   0.5,   1.5,  28.5, 181.1, 949.2,   4.8,   0.2
147882,   0.6,   0.3,   0.5,-140.9, 100.8, 995.1,   5.5,   0.2
147910,   2.7,  -0.8,  -2.1, -76.4,  26.8, 945.8,   5.6,   0.3
147930,  -1.3,   4.7,  -3.8, -61.8, 125.0, 815.2,   5.8,   0.0
147954,  -6.6,   3.2,  -2.1, 177.5,  72.0, 940.9,   5.9,  -0.7
147980,  -9.4,  17.1,   2.4,-880.9,-262.0,1057.1,   4.9,  -0.5
148004,   6.8,   1.7,   4.0,-232.2, 317.6,1113.0,   4.3,  -0.1
148032,   0.5,   2.8,  -1.3, 103.7, 606.9, 833.0,   7.2,   0.3
148056,  -2.4,  13.4,  -0.9,-164.6,-238.3,2136.0,   7.4,  -0.3
148080,   0.6,  -4.6,   5.1,-244.2,-244.7,-370.4,   4.2,   0.9
148104,   0.8,   4.6,   5.0, 900.1,-470.5,1023.2,   2.7,  -1.3
148132,   1.6,  -0.6,  12.9,-594.7,-115.0, 735.3,   2.8,   2.0
148156,  -4.1,  -5.2,   4.5, 509.5,-337.9, 830.3,   1.9,   0.7
148180,   0.1,  -5.1,   2.3,-156.5, 137.9,1042.0,   1.6,   1.6
148204,   6.3,  -1.6,  -0.8, 315.9,  12.2, 956.3,   0.7,   0.2
148232,   2.6,  -1.2,   0.5,-219.0,-231.0, 853.8,   0.6,   0.7
148256,   6.0, -10.2,   2.7, 324.4, 122.0, 959.7,   0.9,   0.8
148280,   4.6,  -1.6,   2.3, -12.0, 129.8, 966.5,   0.4,   1.2
148308,  -0.5,  -6.8,  -2.4, 187.7,  28.5, 861.3,   0.6,   0.9
148332,  -4.6,  -1.3,  -1.8,  31.7,-414.1,1756.3,   0.0,   0.4
148356,   1.0,   1.1,   0.8,-312.3,  66.9, 464.8,  -0.3,   1.2
148380,  -3.3, -16.7,   1.0, 654.8, -23.0,1135.5,   0.3,   0.9
148408,  -1.1,   9.5,   2.9,-332.8,-115.0,1045.9,   0.1,   1.5
148432,  -4.1,  -1.8,   4.0, -14.2, 151.8, 901.1,   0.8,   1.9
148456,  -4.7,   1.2,   7.3, -74.0,-474.2,1026.4,  -0.5,   1.8
148480,  -4.0,   2.8,   1.0,-446.3,-120.2, 984.4,  -1.3,   2.0
148508,   1.4,  -6.6,  -4.3, 101.8,-198.5,1127.2,  -1.4,   2.3
148532,   3.1,  -1.3,  -3.5, 119.4, 208.7, 793.0,  -0.8,   0.6
148556,   2.8,   0.4,   3.3,  -7.1,  11.7, 916.5,  -0.1,   0.5
148580,   0.3,  -5.4,   3.6,-130.4,  20.0,1039.8,   0.3,   1.4
148608,   3.0,   0.6,   1.8, -39.1, 119.3,1034.7,   0.4,   1.5
148632,   1.2,  -2.3,  -0.7, -88.1, 195.8,1038.1,   1.7,   1.6
148656,   0.9,  -5.0,  -1.3,  89.6, 297.3,1044.4,   3.0,   1.1
148680,   0.8,  -1.2,   1.2, 156.2,  98.4, 914.3,   3.6,   0.3
148708,  -2.6,   5.1,  -0.7,-136.0, 263.6, 951.7,   4.5,   0.1
148732,  -7.5,   0.3,  -0.7, -37.4,  69.5, 911.4,   4.8,   0.3
148756,  -8.8,   9.8,  -2.2,-331.1,-168.2, 943.8,   4.4,   0.1
148780,  -5.1,  -2.8,  -1.0, 187.7,  11.4,1116.2,   3.2,   0.2
148808,  -2.6,   3.4,  -1.3,-179.5,  42.7, 696.8,   2.9,   0.7
148832,   1.1,  -3.0,   0.4, 109.1, 214.1,1084.0,   3.2,   0.9
148856,   4.5,  -1.2,  -0.5,-180.2, 226.5,1069.8,   4.3,   1.4
148880,   2.2,   0.3,   1.0,-602.3, 264.6, 904.0,   5.4,   2.1
148908,   2.2,   1.9,   2.6, 109.4,-137.2, 836.4,   5.3,   2.0
148932,  -0.0,  -1.8,   1.3, -98.2, 372.3, 736.8,   5.5,   1.8
148956,   1.2,   2.1,   7.8, -11.2,-715.9,1809.8,   3.5,   1.5
148980,  11.9,   6.8,   1.8,-466.3, 426.7, 815.7,   2.3,   1.5
149008,  -0.4,   4.8,  -6.5,-156.3,-169.7, 804.7,   2.8,   0.9
149032,  10.3,  -4.0,  -6.5,  45.6, 397.4,1141.1,   2.4,   1.0
149056,   6.3,  -0.3,  -6.6,-131.9,-167.8, 858.4,   2.0,   0.9
149080,   4.5,  -8.4,  -5.8, 226.5, -44.7,1046.4,   1.8,   1.0
149108,   1.8,   1.3,  -4.6,-161.1,-151.2,1104.0,   1.1,   1.0
149132,   1.5,  -1.4,  -2.6, 147.4,-126.5,1149.2,   0.7,   0.2
149156,   4.4,   4.4,  -0.9,-237.6, -25.9,1096.7,   0.6,   0.3
149180,   4.8,  -4.0,  -1.2, 173.1,  31.7, 834.7,   0.8,   0.5
149208,  -0.3,   4.2,  -5.3,-372.1,  -0.5,1023.7,   1.3,   0.9
149232,  -4.2,   1.7,  -1.8, 229.0,-182.9,1297.6,   1.1,   0.1
149256,  -0.4,  -5.8,   2.1, 133.5,-133.3, 753.7,  -0.3,   0.2
149284,  -2.7,  -5.6,   1.2, 656.2,  38.5, 930.9,   0.4,  -0.8
149308,   2.4,   5.4,   3.5,-391.6, -42.0,1099.4,  -0.3,   0.4
149332,   2.1,   1.0,   4.2,-281.0, -13.0, 867.2,  -0.1,   1.1
149356,   0.4,  -1.4,   2.5,  44.9,-129.4,1040.5,  -0.8,   1.0
149384,   0.8,   0.2,  -3.4,-139.2, 148.6, 944.6,  -0.7,   1.4
149412,   0.5,  -1.5,   0.3, 221.7,  16.8,1105.0,  -0.7,   1.1
149432,   4.5,  -3.1,  -0.2, -48.4,  92.5,1037.6,  -0.7,   1.2
149456,   2.4,  -7.3,  -1.5, -87.9, 150.1, 956.3,   0.6,   1.7
149484,   2.7,  -0.7,  -1.6,  35.6,  59.8, 887.4,   0.8,   1.0
149508,   2.1,  -0.1,  -1.0, -81.3, 159.6, 929.2,   1.7,   0.9
149532,   1.2,  -0.8,  -3.3, -70.1, 190.9,1075.2,   2.5,   0.6
149556,   3.4,  -8.1,  -3.4,  65.2, 118.4, 888.4,   3.3,   0.7
149582,   1.1,   1.3,  -1.9,  52.2, 104.2, 976.8,   3.2,  -0.2
149606,  -3.9,  -2.9,  -0.1,  34.7, 252.4, 877.7,   4.2,   0.3
149634, -13.1,  -1.9,  -0.9, 430.4,  67.1, 770.3,   4.3,  -0.3
149658,  -5.0,  -1.3,   6.3, 329.6,-195.3, 653.6,   1.9,  -0.8
149682,   1.2,  15.0,   6.2,-1307.1, 688.7, 880.9,   3.4,   2.2
149706,   2.7, -15.6,   1.8, 607.9, 235.1,1208.7,   4.6,   1.8
149734,   8.0,   5.1,  -3.3,-430.7, 381.3,1003.9,   4.6,   2.7
149758,   2.0,  -2.9,   0.6, 324.7,-200.0,1087.6,   4.8,   1.9
149782,  -1.1,   3.7,   4.5, -48.4,-221.7, 729.7,   3.7,   1.7
149806,  -7.6,  -1.6,   7.1,  -3.4,-278.4,1051.5,   3.0,   1.9
149834,  -4.1,   2.9,   3.1,-206.1, -36.2, 901.8,   2.2,   2.2
149858,  -1.7,  -8.0,   1.0,  92.3,-168.7, 984.6,   2.2,   2.2
149882,  -1.6,   2.8,  -3.6,-117.9, 102.7, 987.5,   2.6,   1.5
149910,   5.3,  -9.6,   2.4, 127.4,-207.6, 878.2,   2.5,   1.1
149934,   1.2,  -2.7,  -1.4,   4.6,  47.3, 913.3,   2.5,   0.4
149958,   0.8,   2.9,   2.0,   6.3,-109.4, 887.2,   1.7,  -0.4
149982,   2.2,  -0.1,   2.9,-158.2, 211.9, 876.7,   1.8,   0.2
150006,  -0.5,   2.5,  -0.2,-153.6, -95.7,1140.4,   1.7,   0.1
150034,   1.4,  -1.3,   0.4,-124.3,   4.4,1010.0,   1.2,   0.5
150058,  -0.8,  -2.1,   2.1,  51.5, -61.1,1225.3,   1.2,   0.2
150082,  -0.5,   2.7,   4.1,-129.9,-127.7, 887.2,   0.7,   0.3
150106,  -0.5,   0.7,   4.5,  29.5, -89.1, 977.5,   0.4,   0.1
150134,   0.1,  -0.7,   6.4, -52.5, -89.1,1000.7,   0.4,   0.5
150158,   1.8,   5.1,   8.5,-263.7,-142.9, 991.9,  -0.1,   0.7
150182,  -0.2,   5.4,   6.5,-308.4,-243.7, 988.5,  -0.7,   1.2
150206,   3.6,  -5.4,   0.1, -39.8, 114.2,1140.1,  -0.8,   1.1
150234,   2.7,  -4.7,  -2.1, 140.1, -47.4,1047.6,  -0.7,   0.7
150258,   3.1,  -4.2,  -3.9, 122.5, 178.4,1013.4,  -0.1,   0.1
150282,   0.2,   0.0,  -4.7,   0.2,   3.1, 984.1,   0.2,  -0.2
150310,   1.5,  -3.2,  -2.4, -57.6,  88.8,1062.7,   0.4,  -0.1
150334,   2.1,  -3.1,  -2.6,  81.8,  71.7, 939.9,   0.7,  -0.3
150358,   1.4,  -3.7,  -4.3, -48.6, 234.3,1012.4,   1.7,   0.0
150382,  -2.5,  -0.4,  -4.3, 391.3,  79.1,1072.7,   2.6,  -0.6
150410,   2.0,  -3.5,  -1.2, -54.0, 348.8,1077.4,   2.9,  -0.7
150434,   1.7,  -4.3,  -1.9, 234.8, 172.1, 886.7,   4.0,  -0.9
150458,  -2.0,  -2.1,  -4.0,   1.0, 300.0,1055.2,   4.8,  -0.4
150482,  -3.9,  -2.1,  -4.9,  68.8, 143.5, 926.0,   5.1,  -0.5
150510,  -6.1,   4.2,  -3.9,  66.4,  84.2, 896.0,   5.3,  -1.6
150534,  -9.3,   7.2,  -3.6, -71.8,  82.0, 930.7,   5.4,  -1.8
150558,  -7.0,   9.1,  -0.1,-512.2,-204.6, 921.4,   4.5,  -0.9
150582,   7.0,   1.3,  -1.3, -67.4, -61.6,1083.5,   3.5,  -0.7
150610,  -0.9,  -4.0,  -4.1, 193.6, 236.3,1246.8,   4.0,  -0.0
150634,   4.8,  -0.6,  -3.0,-139.2, 409.9,1040.5,   4.7,   0.2
150658,  -0.2,  -0.7,  -4.1, 163.1, 238.0, 858.4,   5.5,  -0.8
150682,  -1.9,   1.7,   0.6,-705.1,  66.4, 874.0,   4.9,  -0.0
150710,   1.5,  -0.6,  -0.4, 644.5, 183.3,1020.0,   3.6,  -0.7
150734,   0.0,  12.5,  -5.2,-688.2, -82.3, 888.2,   2.5,  -0.4
150758,   0.5,  -8.5,  -1.8, 379.6, 406.0,1123.0,   3.0,   0.4
150782,   5.2,   3.3,  -6.2,  70.1, 197.2,1105.2,   2.6,   0.2
150810,   0.8, -12.9,  -6.1, 228.0, 111.0,1074.7,   2.4,   1.0
150834,   1.7,  -0.6,  -6.5, 153.5,  51.0,1132.8,   1.7,   0.5
150858,   2.7,  -0.6,  -4.3,-107.9,   8.0, 873.3,   0.8,   0.5
150882,   1.9,   1.1,  -1.2, 134.3, -21.8, 803.5,   0.2,  -0.1
150910,   1.7,   0.8,  -0.3, -73.5, -33.5,1154.8,   0.2,   0.0
150934,   0.8,   5.6,  -1.1,-128.9, -41.3, 867.7,  -0.1,  -0.0
150958,   0.6,  -0.6,   1.8, 105.9,  16.8, 933.3,  -0.3,   0.0
150982,  -0.5,   3.6,   4.9, -30.0,  93.0,1016.8,  -0.3,   0.1
151010,   0.8,  -1.5,   6.5, -41.3,-402.6,1423.3,  -1.0,   1.2
151034,   7.4,  -4.1,   1.5,-186.1, 160.4, 905.3,  -1.0,   1.7
151058,   1.6,   0.3,  -4.0, 386.9, -98.7, 897.7,  -0.2,   0.0
151082,   8.5,   2.9,  -5.7,-152.1, 228.2,1143.8,  -1.1,   0.1
151110,   1.9, -10.2,  -5.3, 224.8, 273.6, 904.3,   1.1,   0.6
151134,   3.0,  -6.1,  -5.2, 171.9, 127.9,1000.2,   1.3,   0.2
151158,   3.0,  -4.6,  -6.2, 212.6,  14.6,1105.5,   1.3,  -0.1
151184,  -2.0,   5.4,  -8.6,-221.5, -80.6,1082.3,   1.7,  -0.3
151208,  -0.5,  -3.0, -11.4,-130.6,  84.2, 896.0,   2.4,  -0.6
151232,   3.3,  -8.4,  -8.1, 276.8, 151.6,1067.1,   2.8,  -0.8
151260,  -1.3,   5.9,  -9.9, -55.4,  38.8, 833.5,   3.1,  -1.2
151284,   2.7,  -1.2,  -6.5,-249.8, -66.2,1107.7,   2.9,  -0.4
151308,   1.6,  -9.9,  -5.1, 385.2,-115.0,1006.6,   3.1,  -0.2
151336,   3.2,   6.7,  -4.4,-420.9, 283.4, 894.0,   3.4,   0.1
151360,  -1.6,  -5.1,  -4.8, -48.8, 407.9, 842.5,   5.9,   0.8
151384,  -0.9,   0.4,  -1.3, 251.0,-408.2,1264.6,   4.4,   0.6
151412,   6.6,   6.8,  -2.4, -79.4, 334.4,1092.5,   4.9,   0.9
151436,  -0.5,  -0.4,  -2.4,   3.2, 153.0, 889.6,   5.0,   1.3
151460,   2.3,  -1.4,  -2.6, 213.1,  -5.4, 936.5,   3.8,   0.8
151484,   0.8,  -2.1,  -4.9, -48.8, -35.2, 924.3,   3.5,   1.5
151508,  -0.1,  -5.2,  -6.0, 428.7,  29.8,1089.8,   3.4,   1.3
151536,   0.3,  -0.1,  -6.2,-187.5,-174.8, 958.0,   2.6,   1.6
151560,   3.1,  -0.4,  -5.5, -58.6, -73.0,1084.5,   2.2,   1.4
151584,   0.9,   7.1,  -5.6,-199.0, 122.3,1024.2,   2.2,   1.2
151608,   1.2,  -3.0,  -4.3, -54.0,-104.3, 974.1,   1.9,   1.6
151636,  -1.0,  -0.1,  -4.4,-250.3, -19.1,1077.9,   1.4,   1.6
151660,  -3.7,  -1.5,  -3.3,  31.7,  58.1,1011.2,   1.2,   1.4
151684,  -4.6,  -0.8,  -3.1, -85.7, -28.8, 949.5,   0.5,   1.2
151708,  -6.1,  -0.7,  -3.4, 268.5, -32.3,1106.9,   0.3,   0.8
151736,   4.2,   4.0,   2.1,-120.6,-304.0,1193.8,  -1.8,   0.8
151760,   4.5,  -1.1,   0.9,  99.4, 147.7, 961.2,  -1.1,   1.0
151784,   2.5,  -1.4,  -5.8,-216.1,  87.9, 905.3,  -0.3,   1.9
151808,   1.1,  -5.4,  -4.9,  32.5,  88.8, 975.1,   0.5,   1.8
151836,  -0.3,  -4.6,  -3.0,  32.7,-189.7,1116.4,   0.2,   1.2
151860,   0.3,   0.6,  -3.8, -42.7,  38.3,1003.7,   0.6,   0.7
151884,   1.6,  -0.5,  -4.1,  25.9, 104.9,1136.5,   1.3,   0.3
151912,   2.5,  -4.1,  -5.4,  42.0, 193.1, 949.0,   1.5,   0.2
151936,   1.5,  -6.2,  -5.1, 174.8, 155.0,1088.9,   2.7,   0.3
151960,   4.5,  -3.8,  -4.9, -48.4, 156.0, 968.0,   3.0,   0.9
151984,   1.9,  -2.9,  -5.8,  90.8, 223.8, 865.2,   4.1,   0.3
152008,   0.6,  -0.8,  -4.6, 128.6, 205.3, 997.6,   5.1,  -0.6
152036,   0.6,  -1.8,  -4.6,  79.8, 212.4, 943.6,   6.3,  -0.4
152060,   1.2,  -0.9,  -4.3, -32.7, 229.2, 991.0,   6.7,  -0.1
152084,  -3.2,  -2.3,  -4.6,  28.5,  91.5, 881.8,   7.2,   0.0
152108,  -6.7,  -6.8,  -4.4, 410.1,  -7.4,1113.8,   7.1,  -0.0
152136,   4.6,  -2.5,  -0.9, 121.3, 280.7, 947.0,   5.5,  -0.1
152160,   4.0,   2.1,   1.6,  23.7, 354.9, 978.0,   5.7,  -0.1
152184,   0.5,  -4.0,   1.9,   3.4, 110.1,1065.4,   6.0,   0.5
152208,   3.6,  -5.5,  -1.2, 225.6, 179.2,1009.5,   6.8,   0.7
152236,   3.9,   0.4,  -1.5, -54.2,  47.1, 913.1,   6.6,   0.9
152260,   2.0,  -0.7,   0.6, 162.8,-342.3, 974.4,   5.8,   0.3
152284,  -0.2,   3.5,   0.4,-105.2,-181.9, 835.9,   5.2,   0.1
152312,   1.2,   1.0,   1.3, -97.4,   9.2, 961.2,   4.4,   0.6
152336,   1.9,   2.5,  -1.6,-249.0, -63.5,1054.7,   3.6,   1.3
152360,  -0.1,  -6.2,  -5.6, 485.3, 204.1, 950.7,   4.2,   0.8
152384,  -0.6,   5.9,  -8.4,-137.2, 206.8, 921.4,   4.1,  -0.2
152412,   4.9, -18.9,   5.0, 562.7,-409.2,1082.0,   3.8,  -1.2
152436,   1.0,   9.8,   0.2,-597.2,  -5.2, 987.3,   2.9,  -1.5
152460,   1.2, -10.0,   0.4,-306.4,-225.6,1072.5,   2.5,  -0.4
152484,   2.7,  -2.2,  -1.6, 237.8,-248.3, 909.2,   1.5,  -1.6
152512,  -0.7,   1.0,   0.4,-198.5,-118.9,1018.5,   1.8,  -1.4
152536,  -0.5,   4.6,   0.2,-112.6, -96.2, 927.0,   1.3,  -1.5
152560,   0.1,  -0.8,   0.4,  87.4,  80.5, 999.3,   1.1,  -1.1
152584,   0.5,   4.5,   1.2, -86.2, -26.6, 969.2,   0.5,  -0.8
152612,  -0.1,  -5.7,   4.1,  -0.0,  45.9,1069.8,   0.3,  -0.0
152636,   1.7,   1.1,   5.7,  29.8, -36.2,1020.3,  -0.5,  -0.2
152660,   2.0,   0.0,  -0.5,-103.3,  10.2,1046.6,  -0.9,   0.1
152684,   3.3,  -4.9,  -3.2, -38.1, 214.3,1045.2,  -0.4,   0.6
152712,  -1.6,   4.6,  -5.4, -43.5,  99.3,1001.9,   0.0,  -1.0
152736,  -0.7,  -2.2,  -1.9, -36.4, 145.2, 992.2,   0.5,  -0.5
152760,  -0.5,   1.3,   1.2,-479.8,  65.6,1137.7,   0.5,   0.4
152786,   1.2,  -3.8,   1.5, 199.0,  94.4,1056.9,   0.4,  -0.2
152810,   3.3,   3.3,  -0.9,-294.2, 229.7,1032.7,   1.4,   0.3
152834,   2.4,  -6.8,   0.6,   2.2, 140.1, 970.2,   2.1,   0.6
152862,   2.2,   2.9,  -0.4,  10.5, 168.9, 957.5,   3.0,  -0.2
152886,   2.0,  -1.5,  -1.3,-129.9, 244.8, 969.5,   3.8,   0.2
152914,   1.5,  -1.8,  -1.2, 171.6, 336.4,1049.3,   4.1,  -0.0
152934,  -1.5,  -4.5,  -0.4, 319.1, 230.9, 984.4,   5.0,  -0.1
152962,  -2.0,   0.9,  -2.1,-110.4, 176.2, 891.4,   6.1,  -0.2
152986,  -2.4,   5.6,  -1.8,  25.9, 229.0,1110.1,   6.7,  -0.5
153010,  -2.3,  -4.1,  -0.1, -18.8, 173.5, 940.2,   7.0,   0.3
153034,  -8.7,  -1.2,   0.2,   1.0, 296.4, 797.4,   7.3,   0.5
153062,  -5.6,   7.5,   2.7, 291.5,  61.0,1115.2,   5.2,  -1.0
153086,  -8.7,  18.6,   5.1,-1331.8,-486.9, 875.7,   5.0,   1.3
153110,  13.1,  -2.2,   4.0,-246.4,-280.6, 565.2,   3.8,   1.0
153134,  -3.8,  -3.8,  -1.2, 257.1, -64.0,1024.9,   4.8,   0.8
153162,   4.1,  -2.6,   2.8, 140.6, 343.5,1208.7,   5.1,   1.3
153186,   2.8,  -0.9,   6.2, 296.1,  33.2, 861.6,   4.0,   0.6
153210,  -3.1,  -1.1,   6.1, 120.3,-281.8,1005.9,   2.6,   0.9
153234,  -3.8,   3.5,   4.5, -99.9,-226.1,1046.9,   1.8,   1.1
153262,   7.0,   0.4,   3.5, -45.2, 107.9, 930.9,   1.4,   1.2
153286,   5.6,  -3.4,  -0.5, 191.9,  39.0,1047.6,   2.2,   1.1
153310,   1.8,   6.5,  -0.5, 127.7, -35.4,1017.1,   2.0,   1.2
153334,   4.1, -10.4,   6.3,-601.1,-424.6,1295.9,   1.2,   1.7
153362,   4.9,   3.5,   2.0, 206.0, -32.0, 776.1,   1.6,   1.4
153386,  -5.5,   3.9,  -1.1,-731.5,-357.2, 894.5,   1.6,   1.7
153414,  -1.4,  -7.3,   2.4, 320.8,-296.4, 807.9,   1.0,   1.2
153438,  -1.6,   3.0,  -0.6,  -3.9, -90.9,1137.2,   0.9,   0.3
153462,  -3.5,   6.3,   1.7, -66.2,-162.1, 956.8,   0.7,   0.3
153486,  -2.7,   0.3,   2.6, -12.2,  29.5,1040.5,   0.6,   0.5
153510,   1.2,  -0.4,   2.7, 139.1,   5.3, 960.4,   0.3,   0.6
153538,  -0.5,   0.3,   3.6,-161.4, -11.8, 996.3,   0.2,   1.0
153562,  -3.5,   0.7,   4.9, 109.1,-239.8,1017.8,  -0.7,   0.9
153586,  -3.5,  -0.9,   4.0, -22.2,-143.1,1023.7,  -1.0,   1.2
153610,  -3.4,  -1.9,   4.2, -24.2,-108.2, 832.3,  -1.5,   1.5
153638,  -3.4,  -0.5,   3.3,  45.9,  55.6, 857.2,  -1.6,   1.7
153662,  -3.2,  -0.9,   4.2, 108.9,-544.2,1302.0,  -2.3,   1.2
153686,   7.2,  -1.8,   2.3, -19.8, 103.0, 951.7,  -3.0,   1.3
153710,   3.6,   3.3,  -1.2,-204.6, 209.7, 973.9,  -1.4,   1.4
153738,   1.2,  -1.5,  -0.9,  62.2, -24.0,1001.9,  -1.3,   1.4
153762,   3.3,  -4.1,  -2.1, 127.9, 138.9, 932.1,  -0.8,   1.0
153786,   0.4,  -3.7,  -0.1,  12.9, 218.7, 964.8,   0.5,   1.2
153810,   4.6,  -0.5,   1.9,-138.4, 120.6, 965.3,   0.7,   0.9
153838,   1.6,  -5.1,   1.5, 226.1,  32.2,1022.9,   1.3,   0.7
153862,   2.0,   4.1,  -0.5,-211.7, 278.5,1106.9,   2.0,   0.6
153886,   2.1,  -2.3,  -0.2,  54.4, 308.1,1018.5,   3.0,   0.5
153914,  -2.2,  -0.9,  -1.2, -54.0, 238.5,1043.9,   3.2,   0.5
153938,  -0.5,   0.4,  -1.2, -50.6, 240.7, 908.0,   3.7,   0.7
153962,   0.3,  -5.4,  -1.2, 191.1, 260.7, 975.3,   4.5,   0.5
153986,  -2.4,  -4.4,  -1.2,  -6.6, 193.6, 874.0,   5.7,   0.7
154010,  -3.1,  14.8,  -3.7,-179.9,-157.3, 891.8,   5.8,  -1.0
154038,   0.2,  -6.3,   1.3, 338.1, 370.1,1034.9,   6.3,  -0.3
154062,  -2.2,  10.3,  -0.5,-357.7, -59.6, 987.5,   5.9,  -0.0
154086,   2.3,  11.4,   5.6,-606.7, 140.8, 781.5,   4.6,   1.4
154110,   1.2,  -9.0,   7.3, 421.1, 491.2,1251.0,   6.0,   1.4
154138,   6.0,   4.0,   2.3,-541.0, 310.8,1400.1,   7.2,   1.6
154162,   3.1,  -1.6,   3.6, 190.9,-219.8,1301.3,   6.7,   1.7
154186,  -0.7,   4.9,   2.0,  13.9,-224.4, 960.0,   6.1,   1.0
154210,  -4.4,   6.0,   8.9, -72.0,-370.6, 916.0,   4.3,   1.3
154238,   0.8,   1.4,   7.5,-597.4,-349.6,1567.6,   3.4,   2.4
154262,  12.8,   1.5,   2.9, 303.0,  70.5, 627.4,   1.2,   0.5
154286,   0.5,   3.1,  -5.4,-379.4, 693.6, 922.8,   4.0,   1.4
154310,   4.6, -10.2,  -0.9, 296.4,-103.1,1128.9,   2.9,   1.4
154338,   2.2,  -3.6,  -1.5, -53.2, 361.8, 893.3,   2.5,   1.1
154362,  -1.6,  -9.6,   2.9, 396.7,-347.2,1307.1,   1.5,   1.2
154388,   3.8,   4.0,   4.4, -44.4, 254.4,1001.9,   0.8,   0.9
154416,   3.0,  -1.2,   2.8, 218.2,  62.2,1176.8,   0.8,   0.7
154436,   3.4,   3.9,   1.2,-385.5,  26.8, 847.6,   1.1,   1.6
154464,   5.2,  -7.9,   1.2, 224.4,  21.7,1066.9,   0.7,   1.4
154488,  -3.9,   0.4,  -1.2,-198.7,  89.8, 665.3,   1.2,   1.7
154512,  -3.8,   8.6,   2.4,-151.1,-276.9,1435.1,   0.8,   0.8
154536,   9.5,  -4.4,   5.1, 340.8, 488.2,1177.0,  -0.2,   1.0
154564,  -4.4,   6.8,  -1.5,-264.2,-184.6, 825.2,   1.1,   1.4
154588,   2.8,  -5.9,   3.5, 211.4,  64.4,1105.2,  -0.2,   1.5
154612,  -0.6,   0.4,   4.7, 114.2, 155.2,1017.6,  -0.2,   1.3
154636,   0.1,  -3.8,   5.0,-106.7,-124.5, 841.8,  -1.3,   1.9
154664,   2.2,  -5.0,   1.7,  77.4,  79.1,1133.5,  -1.2,   1.8
154688,   2.7,  -2.6,  -2.9, 112.8,  12.4, 918.5,  -0.8,   1.2
154712,   4.2,  -5.0,  -2.3,-100.8,  14.6, 990.2,  -0.7,   1.3
154736,   1.9,  -7.9,  -1.3, 183.6,  48.1,1105.2,  -0.3,   1.1
154764,   2.3,  -3.7,   0.9,  74.4, 247.0, 902.3,   0.7,   0.8
154788,   2.8,  -1.2,   4.5, 127.7,  68.8, 906.0,   1.4,   0.8
154812,   4.6,  -0.1,   3.9,-266.9, 353.0,1064.9,   2.4,   1.3
154836,   1.4,  -5.7,   4.0,  46.9, 282.7, 890.6,   4.0,   1.3
154864,   2.5,   5.1,   4.0,-148.9, 139.6, 922.1,   4.4,   0.5
154888,   0.3,   1.9,   2.8,-178.2, -27.4, 749.0,   5.6,   1.1
154916,  -6.7,   1.7,  -1.3,  -2.7,  45.6, 802.0,   5.4,   1.2
154936,  -9.8,   2.9,  -1.6,  41.0,  -5.7, 916.5,   5.4,   0.6
154964, -10.7,   7.3,   1.3, 107.9, -26.2, 880.9,   4.3,  -0.4
154988,  -7.8,   0.1,   9.2,-138.7,-255.7,1120.1,   3.3,   0.7
155012,   4.7,   5.1,   8.5,  71.5, 172.3,1576.2,   3.4,   0.8
155036,   2.1,   0.1,  -0.2,-480.2, 129.1, 721.9,   5.6,   1.8
155064,   4.1,   7.1,   0.6,  70.8, 284.6, 667.5,   5.5,   0.6
155088,  -0.1,   2.6,   7.7,-630.6,-279.6,1258.8,   6.0,   1.4
155112,  13.1,   2.8,  14.8, 272.2, -32.3,1170.2,   3.0,   1.8
155136,  -0.9,  -3.1,   7.7, 671.1, 298.3,1060.5,   4.3,   2.1
155164,   8.5,   0.4,   4.4,-297.9, 342.3, 818.4,   2.8,   3.2
155188,  11.0,  -3.6,   2.5,-362.6, 412.3, 925.8,   2.8,   3.2
155212,   3.5,  -6.4,   0.7, 196.5,-340.1, 959.2,   2.8,   2.6
155236,   2.8,  -2.6,   2.3, -13.9,-275.2,1199.9,   1.8,   2.4
155264,  -1.3,  -0.2,   0.6,  52.7,-473.2,1307.9,   1.9,   2.0
155288,   0.9,   3.2,   1.1, -18.3, -82.3, 845.9,   1.4,   1.3
155312,  -3.4,  -2.7,   2.6, 174.5, -23.5, 785.1,   2.3,   1.2
155336,   4.7,  13.9,   4.7,-1099.6,-109.4,1062.0,   1.5,   1.8
155364,   7.2,  -1.8,   4.5, 410.4,-272.5, 858.4,   0.1,   0.6
155388,  -0.6,  17.3,  -4.9,-1303.2,  14.6,1073.0,   0.8,   1.8
155416,  -0.8, -10.2,   4.6, 543.7,-508.6,1067.9,   0.2,   1.0
155440,   0.4,   8.4,   1.7,-276.6,  32.9,1085.9,   0.7,   0.6
155464,  -0.3,  -1.3,   5.2, 133.5,  44.2, 999.7,   0.4,   1.5
155488,  -3.1,   6.4,   4.9, -99.4,-247.8,1092.0,  -0.4,   1.1
155512,   2.2,  -1.2,   9.3,  46.4, -29.6, 795.2,  -0.5,   1.3
155540,  -1.1,   4.3,  11.1,-242.7,-171.7, 875.0,  -0.6,   1.6
155564,   2.2,   7.3,   3.3,-164.3,-112.6,1021.0,  -1.5,   1.3
155588,  -0.3,  -4.8,   1.0, -99.4, 100.6, 955.3,  -0.7,   2.4
155612,  -0.8,  -4.5,  -0.2, 523.2,  -4.7,1078.1,  -0.8,   0.9
155640,   4.1,  -1.3,   2.9, -12.5,-185.3, 728.8,  -1.6,   0.6
155664,   2.2,  -6.8,   2.0, 215.6, 119.1, 885.5,  -0.3,   0.4
155688,  -0.9,   0.5,  -0.2, 223.4,-182.4, 966.8,  -0.2,   0.0
155712,   3.3,   1.0,   0.6,-304.7, 182.6,1171.4,   0.4,   0.6
155740,   0.3,  -0.8,   0.2,-177.3,  20.2, 939.2,   1.9,   0.8
155764,   5.3,  -7.9,   1.9,  46.4, 146.9,1052.0,   2.0,   0.8
155788,   5.2,  -5.7,   0.3, 100.3, 178.2, 939.0,   3.1,   0.7
155812,   1.3,  -1.3,   0.6, 173.3, 169.2, 981.7,   4.0,  -0.1
155840,   1.2,   0.3,   0.6,  57.6, 168.7, 890.6,   5.1,  -0.6
155864,  -1.0,   0.4,  -1.3,  21.2, 177.0, 934.1,   5.7,  -1.0
155888,  -4.4,   4.3,  -3.4,-136.0, 167.9, 935.8,   6.2,  -1.0
155916,  -7.6,   5.0,  -3.7,  62.2,-113.8, 892.6,   5.9,  -1.0
155940,  -8.9,   4.9,  -2.0, 165.3,-246.1,1749.0,   4.9,  -1.4
155962,  -5.5,   7.2,  -2.1, -31.8, 172.6, 434.8,   4.7,  -0.6
155990,   3.4,  -6.8,   1.2, 845.7, 404.8, 979.5,   5.1,  -0.6
156014,   3.6,   0.3,  -1.2,-107.9, 383.8, 994.4,   7.0,   0.8
156038,  -2.1,  -4.0,  -2.3,-128.9,-343.5,1064.7,   6.5,   0.7
156062,   1.4,  -1.8,   1.0, 184.6,  -9.8, 842.8,   5.4,   0.3
156090,  -4.9,  -3.2,   1.5,  91.0, -19.1, 863.8,   4.5,   0.2
156114,  -5.3,   1.5,   0.1, 207.3, -75.5,1137.7,   3.1,  -0.1
156138,  -2.1,   1.3,  -1.9,-286.6,  32.7, 911.1,   2.8,   0.7
156162,  -4.4,  -3.7,  -6.2, 416.5,  13.9,1000.5,   2.9,  -0.5
156190,   7.2, -10.9,  -1.9, 190.7, 393.5, 558.8,   2.2,  -0.4
156214,   5.6, -11.8,  -4.9, 779.0, 623.5,1177.7,   2.5,  -0.4
156238,   1.7,  -0.5,  -3.7,-318.6, -11.0,1079.6,   1.0,  -0.3
156262,   0.9,  -6.6,  -0.2, 305.6,  37.6, 878.7,   1.4,  -0.2
156290,   1.4,   5.3,  -3.1,-450.9,  22.2,1141.1,   0.5,  -0.6
156314,   1.4,  -5.6,  -1.5,  57.8, -22.0, 806.6,   0.4,  -0.0
156338,  -0.3,  -4.7,  -1.3, 245.8,-111.6,1013.4,   0.2,  -0.4
156362,   0.8,   6.4,  -0.1, -78.9,  -5.9, 869.9,   0.0,  -0.6
156390,   0.9,  -4.3,   1.8,  56.9, -91.1, 979.5,  -0.1,   0.0
156418,   2.1,  -0.3,   1.1, -15.6,  29.5,1043.0,  -0.1,   0.0
156438,  -2.7,  -8.3,   1.6, 162.8,  48.5, 894.5,   0.2,   0.3
156466,  -2.7,   0.6,   8.5,-581.6,-509.3,1510.0,  -0.7,   0.6
156490,   1.1,  -6.8,   7.1,  16.6,  44.9,1084.7,  -0.6,   0.9
156514,  -2.6,   0.2,   4.2, 311.0,-227.6,1175.5,  -0.5,  -0.1
156538,   4.6,   4.3,   6.4,-305.7,  73.2,1155.3,  -1.3,   0.8
156566,   0.6,  -1.8,   5.5,  90.3,-204.4,1125.7,  -1.1,   0.8
156590,   3.9,   1.3,   3.2,-212.9,  14.4, 875.2,  -1.9,   1.4
156614,   0.3,  -5.4,   0.5, 115.0,  65.2, 980.2,  -1.5,   1.3
156638,   1.4,  -4.8,  -0.2, 181.1, -17.4,1028.3,  -1.7,   0.7
156666,   3.3,  -5.1,   0.6, 162.8,  72.7,1089.6,  -0.8,   0.3
156690,   7.7,  -1.5,   0.7,-157.5, 313.7,1106.4,   0.1,   0.3
156714,   3.3,  -3.1,   0.1, -60.6,-129.7, 945.1,   1.2,   0.4
156738,   5.6,   0.1,  -1.5,-115.0, 109.6, 985.3,   1.6,   0.5
156766,  -1.0,   1.6,  -2.9,-133.8,  73.9, 878.4,   2.9,  -0.2
156790,  -0.9,  -3.5,  -1.3, 327.1, 106.4, 983.6,   3.6,  -1.0
156814,  -1.4,   2.9,  -2.9,-162.1, 288.5, 971.2,   4.1,  -1.1
156838,  -2.4,  -6.8,  -1.6, 276.8,  -1.0,1118.6,   4.0,  -0.5
156866,   3.8,  -5.0,  -5.1, 268.3, 132.0, 817.1,   2.6,  -0.5
156890,  -1.2,  -3.4,  -4.6,   6.6, 185.8, 953.9,   3.2,   0.1
156918,   3.4,   8.0,  -3.0,-432.4, 218.5,1153.1,   3.5,   0.7
156938,  -0.4,   0.5,  -2.8,-776.6,   8.3, 878.9,   3.8,   1.7
156966,   3.0,   0.6,  -5.2, 248.8, -43.0, 885.0,   4.2,   1.2
156990,   4.5,   5.7,  -4.1,-310.6, -61.6, 824.7,   3.2,   1.3
157014,  -1.0,  -2.1,  -1.1, 123.5,-244.2, 924.3,   3.6,   1.0
157038,  -0.8,   1.6,  -1.0, 138.2, 150.1, 997.3,   3.0,  -0.1
157066,  -4.6,   2.6,  -1.3,  19.3, -44.2,1121.1,   2.8,   0.5
157090,  -0.4,  -3.7,  -0.4, -11.7, -13.5, 955.3,   1.4,   1.2
157114,   1.4,   1.5,  -2.4, 328.6, 112.0, 928.0,   1.4,   0.1
157138,   3.1,  -2.4,  -4.4,-216.6, 142.5,1259.8,   1.6,   0.4
157166,  -0.0,  -6.5,  -3.9, 102.8, -48.1, 894.0,   2.3,   1.2
157190,  -1.7,   0.1,  -3.8,-117.7,  -6.4,1139.4,   0.9,   1.0
157214,  -1.4,  -4.0,  -2.9, 330.1,-138.5, 997.1,   0.4,   0.7
157238,  -2.5,   1.5,  -2.3,  95.4, -99.4, 927.5,  -0.2,   0.3
157266,   4.1,  -4.4,   0.4,  79.6,  64.4,1045.2,  -0.3,   0.7
157290,   0.7,   3.4,  -1.6, -82.0,  -1.0,1001.0,  -0.2,   0.6
157314,  -1.3,  -2.6,  -0.3, -67.6,-129.9, 997.8,  -0.2,   1.1
157338,   1.4,   3.4,  -0.4,  71.3,  -4.2, 957.5,  -0.8,   0.6
157366,   0.3,  -9.8,   3.8, 375.5, -20.5,1069.8,  -1.0,   0.8
157390,  -2.6,   2.8,   0.6, 137.7, -57.4, 932.6,  -0.8,   0.6
157418,  -1.0,  -3.7,   6.4,-241.2,-314.7,1101.8,  -1.2,   0.7
157438,   3.6,  -4.3,   6.3,  67.6, 109.1,1012.0,  -1.2,   0.8
157466,  -0.3,   3.9,   4.9, -22.5,-108.2, 996.6,  -1.4,   0.4
157490,   3.6,   0.1,   4.6,-129.2, -11.5, 973.4,  -1.6,   1.1
157514,   4.5,  -4.6,   0.3, 123.3, -94.0, 978.8,  -1.9,   0.9
157542,   2.8,  -4.8,  -4.2, 164.0, -77.4, 989.5,  -2.1,   0.3
157564,   4.7,  -2.1,  -4.4, 105.5, 104.7, 926.0,  -2.0,  -0.2
157592,   3.4,  -7.3,  -2.8,  33.9, -14.4, 987.1,  -0.7,   0.2
157616,   3.2,  -2.9,  -4.3, 195.1,  20.7, 995.1,  -0.7,  -0.5
157640,   3.8,  -3.5,  -4.8, -98.2, 297.8,1158.7,   0.4,   0.2
157664,   8.2,  -5.0,  -4.3,  83.0, 144.7, 951.2,   1.5,   0.3
157692,   7.6,  -2.7,  -4.7,  -5.4, 193.8, 947.7,   2.7,  -0.1
157716,   4.4,  -6.6,  -4.3, 102.3, 178.9, 916.5,   3.7,  -0.0
157740,   0.6,   5.4,  -6.0,   3.9, 248.3, 821.3,   4.7,  -1.2
157764,  -2.6,   0.9,  -5.2, 208.0, 182.3, 899.9,   6.0,  -1.9
157792,  -2.7,   2.5,  -5.2,-227.1, 304.9, 992.4,   7.1,  -1.4
157816,  -1.6,  -0.4,  -5.4, -36.1, 204.1, 884.5,   7.4,  -1.0
157840,  -4.8,  -2.7,  -7.5,-200.0,  52.7, 901.4,   7.5,  -0.2
157864,   0.6,   4.8,  -1.6, 547.1,-126.3,1103.5,   5.8,  -1.5
157892,  -4.7,   7.4,  -0.7,-193.1,  87.1, 646.0,   6.8,  -0.0
157920,  -6.0,  -1.1,   1.5, -50.1,  37.6, 827.6,   6.7,   0.0
157940,   0.4,   3.2,  -0.4,-300.6, 162.6,1045.2,   7.0,   0.7
157964,  -3.5,  -5.7,  -4.9, 474.6, 100.1, 901.8,   7.3,  -0.2
157992,   0.7,  -3.7,  -3.7,  84.5, 179.9, 910.9,   6.4,   0.2
158016,  -5.6,   3.2,  -3.7, -53.7,-127.7,1154.8,   5.6,   0.2
158040,  -3.0,   4.7,  -4.0,-141.6, -67.4,1042.7,   4.1,   0.2
158064,  -5.8,  -2.3,  -7.3,  34.7,  39.0,1110.3,   3.7,   0.2
158092,  -0.6,  -0.8,  -8.2,-228.3,  59.5,1010.5,   3.0,   0.6
158116,  -0.2,  -4.9,  -8.7,  18.5, -21.3,1265.1,   2.8,   0.6
158140,   2.3,  -2.1,  -8.8, 162.8, -31.5, 940.2,   1.8,   0.7
158164,   5.4, -10.5,  -7.3, 108.1,  29.3,1074.7,   1.2,   0.1
158192,  -5.4,   3.6,  -6.6,-165.1,-158.7, 809.6,   2.4,   0.4
158216,  -3.0,  -1.8,  -3.4, -75.7,-174.4, 899.4,   1.0,   0.2
158240,  -4.1,  -1.2,  -3.1, -33.5,-118.2,1008.3,   0.8,   0.3
158264,  -2.5,   0.0,  -3.0,   4.1,-105.0,1095.2,   0.2,   0.1
158292,  -3.0,   3.1,  -3.8, -91.3,-106.5,1083.0,  -0.3,  -0.0
158316,  -1.7,   1.8,  -3.5, -84.2,-150.4,1074.5,  -0.7,  -0.2
158340,   1.1,   2.9,  -0.7,-180.9, -65.7,1092.5,  -0.9,   0.1
158364,  -0.2,   3.3,   1.1,-140.4, -51.3,1089.6,  -0.9,   0.2
158392,   0.6,   1.4,   3.7, -64.2,-131.9, 936.5,  -1.4,   0.7
158420,   1.4,  -2.1,   1.1, 102.5, -80.8, 923.6,  -1.6,   0.5
158440,   2.4,  -0.5,  -1.1, -51.0, 119.8, 989.0,  -1.2,   0.7
158464,   0.9,  -2.6,   0.2,  21.2, 106.9,1050.0,  -0.7,   0.8
158492,  -1.6,  -3.7,  -2.9,  90.3,  89.8, 927.5,   0.4,   0.8
158516,   7.4,  -0.9,  -1.4,  81.3,-129.9,1149.9,  -0.9,   0.7
158540,   7.4,   1.0,  -2.3,-134.3, 437.0, 820.6,   0.4,   0.7
158568,   2.7,   0.0,  -3.7, -15.4, 281.7,1043.5,   2.3,   0.5
158592,   4.1,  -3.9,  -2.3,-134.5, 238.7, 916.5,   3.4,   0.9
158616,   3.9,  -2.6,  -4.3,  37.3, 180.6,1036.9,   4.1,   0.3
158640,   3.0,  -4.3,  -2.5,  17.8, 194.1, 939.9,   5.0,   0.8
158668,  -1.6,   3.5,  -3.0,  81.0, 188.2, 937.5,   5.7,  -0.8
158692,  -3.6,   2.5,  -2.6,-178.2,  -9.6, 903.3,   5.9,  -0.3
158716,  -3.1,   7.5,  -2.9,-231.7,-296.4,1318.6,   4.9,  -0.2
158740,  -1.6,   2.3,  -2.1,-144.8,  10.0, 826.2,   4.3,   0.2
158768,   3.1,  -1.3,  -2.0, -66.4, 266.1,1067.4,   5.0,   0.8
158792,   1.4,  -0.8,  -3.0,-260.3, 344.9, 971.9,   6.1,   1.3
158816,  -4.2,  -5.5,  -3.7, 789.3, -25.9, 795.9,   7.2,  -0.7
158840,   7.8,  -7.9,   6.7, 349.8,  23.9, 945.3,   5.1,  -0.4
158868,  -3.3,   6.7,   3.5,-198.3, -78.4, 958.7,   6.1,   0.2
158892,   0.3,  -0.8,   3.1,  89.8, -11.3,1035.4,   4.5,   0.6
158920,  -1.3,  -1.5,   0.1,  64.9, -85.7, 930.7,   4.3,   0.5
158940,   1.7,   1.2,   2.9,-170.7,  -9.8,1309.1,   3.8,   0.9
158968,   7.5,  -0.8,   0.4,-347.9, 110.8, 813.7,   3.1,   1.3
158992,   5.6,  -6.5,  -1.6, 253.9,  -4.7,1058.6,   2.8,   1.0
159016,   3.2,   1.4,   0.7,-295.2, 113.7,1103.5,   2.7,   1.3
159040,   0.1,  -0.2,   1.3, 121.3, -91.6,1060.5,   2.1,   0.7
159068,  -0.4,  -0.8,   0.4,-136.2,  -9.6, 888.9,   1.3,   0.9
159092,  -3.5,  -9.4,  -2.6, 448.5, -56.7, 977.5,   1.7,   1.0
159116,  -4.2,  12.2,  -2.3, -78.9,-364.5,1118.2,   0.0,  -0.3
159140,   3.2,  -8.4,   3.8,  30.3,  57.1, 936.8,  -0.4,   0.8
159166,   1.0,   1.0,   1.7,  29.3, -54.5, 984.1,  -0.1,   0.6
159190,   2.0,  -3.8,   2.1,  33.4, -11.5, 990.5,  -0.3,   1.4
159218,  -0.6,   2.5,   2.4,-224.1,-113.6, 946.3,  -0.7,   1.5
159242,   0.8,  -3.6,   6.6, 107.4,-102.1,1146.2,  -0.9,   1.2
159266,   1.5,   1.3,   6.4,  44.4,   9.0,1055.2,  -0.9,   1.0
159290,  -1.4,   1.1,   6.7, -44.7, -89.1,1118.6,  -1.4,   1.3
159318,   0.9,  -1.2,   1.5, -55.7, -53.0,1005.1,  -1.8,   1.5
159342,   1.0,  -5.9,  -1.0, 101.3,  89.3, 995.1,  -1.7,   1.6
159366,   1.9,  -3.2,   0.1,  56.4, -94.8,1007.8,  -1.9,   1.1
159390,   4.5,   0.5,   0.9, -75.0, 138.6, 941.9,  -1.3,   0.6
159418,   0.3,  -5.4,  -0.2,  10.7, -62.0, 939.7,  -1.4,   0.5
159442,   3.1,  -2.0,  -0.4,  27.3,  -8.6,1084.0,  -1.9,   0.4
159466,   3.1,  -0.9,  -0.8, 104.5, 150.4, 989.7,  -0.7,   0.0
159494,   2.2,   0.1,   0.1, -64.2, 311.7, 941.9,   1.0,  -0.2
159518,   0.4,   4.0,   2.8, -52.0,-157.5,1348.9,   1.8,  -0.1
159542,  11.9,   3.7,   2.9,-385.5, 245.3, 816.6,   1.6,   0.2
159566,   2.8,  -6.2,   0.2, 347.4, 402.1,1062.2,   4.3,   0.5
159594,   3.1,  -2.7,   2.0,  53.2,  53.9,1024.9,   4.8,   0.6
159618,   4.0,  -0.9,   3.7,  92.8, 299.5, 937.7,   5.7,   0.6
159642,  -0.8,   2.8,   4.1,  -5.6,  89.8, 941.4,   6.5,   0.6
159666,  -3.1,  -3.4,   4.5, 181.9, -14.2,1171.9,   6.7,   0.8
159694,  -0.5,   2.3,   5.3, -66.7, -18.6, 984.9,   5.8,   1.1
159718,   0.6,  -1.9,   5.3, 261.2, -39.6,1005.6,   4.7,   0.8
159742,   3.9,   1.9,   4.3,-102.6, 315.4,1248.3,   4.9,   1.4
159766,   2.2,  -1.7,   1.2,-101.6, 237.8, 935.1,   6.1,   1.7
159794,   5.0,  -1.9,   1.9, 184.6, 202.6, 971.7,   6.2,   1.0
159818,  -7.4,   7.0,   2.4,-778.1,-471.7,1263.4,   6.8,   1.4
159842,   3.0,  -0.5,   8.7, 283.7,-483.4, 473.4,   3.2,   0.3
159866,  -0.4,  -0.5,   2.9, 203.6, 212.1,1237.3,   3.5,   0.4
159894,   0.6,   1.7,   3.7,-175.3,-147.5, 991.0,   3.1,   1.7
159922,   3.8,  -4.5,   0.5,  47.3, 403.0,1024.4,   3.5,   1.5
159942,   0.6,  -8.8,   0.7, 222.2,-306.9,1258.3,   2.8,   1.8
159966,   2.2,  -3.0,   0.9, -70.8,  72.0,1122.3,   2.3,   1.5
159994,   2.7,   2.3,   2.3, 116.4,-118.4,1094.5,   1.6,   1.0
160018,   2.4,  -2.1,   2.9,-164.3, 168.7, 873.3,   1.8,   1.3
160042,   0.5,  -3.7,   5.0, 216.0, -90.9,1004.1,   1.5,   0.9
160066,   1.1,  -2.6,   5.6, 109.4,-107.9,1153.1,   0.8,   0.8
160094,  -1.1,  -1.4,   4.3, 120.3,  -6.9, 883.3,   1.1,   1.0
160118,  -1.6,   1.2,   5.0, -41.3, -51.8, 957.5,   0.5,   0.9
160142,  -0.5,  -8.0,   7.9,  60.8,-242.5,1190.2,  -0.5,   1.6
160166,   0.1,  -2.3,   5.8, -66.7,-121.1,1082.0,  -1.0,   1.6
160194,  -0.4,   4.8,   3.4,   5.1, -54.5, 831.0,  -1.7,   0.1
160218,   1.9,  -3.0,   5.5,  42.0, 241.7, 980.7,  -0.8,   0.6
160242,   0.1,   6.1,   7.9,-224.4,-308.4, 972.6,  -1.7,   0.8
160266,  -0.5,   2.4,   3.0,-223.4,   2.4, 950.7,  -1.7,   1.2
160294,  -1.1,  -4.8,   0.7, 141.6,  73.9, 986.3,  -1.2,   1.4
160318,   1.9,  -1.6,   1.3, 111.3, -29.6,1041.0,  -1.3,   0.6
160342,   0.8,  -1.7,   1.4, -61.1,  54.7,1079.1,  -1.2,   0.6
160366,   1.5,  -2.5,  -0.4, -52.7,  18.8, 982.4,  -1.4,   0.7
160394,   1.1,   0.4,  -0.8,  81.0, 161.1, 970.9,  -0.7,   0.1
160422,   3.0,  -0.8,  -0.1,  -0.5, 130.8,1008.5,  -0.5,   0.0
160442,   3.3,   0.1,  -0.1, -41.5, 254.8, 973.1,   0.5,   0.2
160466,   2.8,  -2.4,  -0.6,  25.9, 203.6, 948.2,   1.8,   0.3
160494,   1.4,   0.4,  -1.5,-103.8, 122.8, 982.2,   2.8,   0.4
160518,   2.1,  -1.5,  -0.2, -22.2, 246.5,1057.6,   3.6,   0.4
160542,  -0.9,  -0.2,  -0.1, 192.9,  95.7, 875.0,   4.0,  -0.4
160570,   0.4,  -5.5,  -1.5, 317.6, 260.5, 908.7,   5.2,  -0.2
160594,   3.9,   8.9,  -5.2,-414.1,  23.4, 985.1,   5.1,  -0.5
160618,   2.7,  -6.5,  -3.8,-329.8,-111.9, 938.5,   5.9,   1.3
160642,  -2.4,   1.2,  -8.5,  90.6, -67.7, 824.7,   5.7,  -0.8
160670,  -8.8,   0.5,  -4.8, 186.8,-117.0,1379.6,   5.5,  -1.1
160694,  -2.4,  15.4,   3.1,-273.9, 406.0, 874.5,   4.3,  -0.8
160718,   3.8,   2.9,  -1.7,-427.7, 554.9,1120.8,   5.0,  -0.2
160742,   6.3,  -6.2,  -1.9,  77.9, 292.0,1193.8,   5.5,   0.4
160768,   6.6,   1.5,  -5.6,-358.7, -72.3, 966.8,   4.7,   1.2
160792,   0.5,  -0.8,  -6.6, 255.1,-166.8, 701.9,   3.8,   0.3
160820,   2.1,   1.7,  -2.6,-398.7,  13.6,1063.0,   3.3,   0.4
160844,  -0.1,   0.3,  -0.6, 649.2,-134.8, 986.3,   2.3,  -1.0
160868,   4.2,   5.3,  -6.0,-396.0, 323.7,1115.0,   2.3,   0.1
160892,   0.2,  -1.8,  -6.6,-250.7, -45.2, 784.9,   2.8,   1.4
160920,   0.3,  -4.1,  -9.1, 170.4,  46.8,1306.9,   2.7,   1.2
160944,  -0.8,  -3.9,  -6.4, 224.4, -66.7, 821.3,   2.0,   0.8
160968,  -2.3,  -0.7,  -3.7,  57.8, -31.5,1020.0,   1.4,   0.2
160992,  -1.3,   5.4,  -0.9,-216.6,-115.0, 975.8,   0.5,   0.2
161020,  -1.8,  -9.8,  -1.2, 282.2,  45.6,1109.4,   0.7,   0.2
161044,   0.5,   5.7,  -1.9,-271.7, -52.0, 877.4,   0.1,   0.7
161068,  -2.1,  -2.1,   0.9,  49.5,-152.9,1068.1,  -0.4,   0.6
161092,  -3.0,  -1.1,   1.6,-141.9,-145.1,1109.9,  -0.6,   0.9
161120,  -0.5,  -1.2,   1.9, -13.0,  55.4, 963.4,  -0.7,   0.9
161144,  -2.5,  -0.5,   2.4, -24.2, -76.9, 950.4,  -0.8,   0.9
161168,  -2.4,  -0.8,   4.9, 377.4,-288.6,1011.2,  -1.6,   0.3
161192,   2.8,   3.3,   4.3,-144.1,  83.9,1067.6,  -1.6,   0.7
161220,   1.2,  -2.3,   3.5,  -4.2,-174.1,1012.7,  -1.6,   1.3
161244,  -0.5,  -2.7,   2.8,   8.5, -68.6, 963.6,  -1.7,   1.4
161268,  -2.6,   1.0,   3.1,  77.1,-159.0,1024.9,  -2.3,   1.0
161292,   1.8,   0.4,   1.6,   7.1,  64.2,1099.4,  -2.3,   0.9
161320,   1.4,  -3.0,   0.9,  67.9,  28.3, 957.0,  -2.0,   0.9
161344,   1.7,  -2.3,  -0.3,  81.0,  67.6,1065.7,  -1.6,   0.7
161368,   1.3,  -1.0,   0.5, -49.3, -13.2,1007.1,  -1.4,   0.9
161392,   1.7,  -1.8,  -0.8,  48.1, 105.9, 906.5,  -0.9,   0.7
161420,   2.8,  -2.0,   0.6, 115.7, 125.0,1001.2,  -0.8,   0.5
161444,   2.5,  -2.9,   2.0,  16.3, 240.7,1107.9,   0.4,   0.8
161468,  -0.2,   2.5,  -0.2,-159.4,  96.6, 961.9,   1.1,   0.8
161492,   0.9,  -2.7,   0.3, -80.3, 176.2, 958.5,   1.7,   1.1
161520,   1.3,  -3.0,  -0.5,  61.3, 275.8,1008.8,   2.9,   0.7
161544,  -0.1,  -0.4,  -1.9,-126.7, 178.7,1069.6,   4.1,   0.9
161568,   9.7,  -6.0,  -2.0, 483.6, 219.9, 802.5,   4.0,   0.1
161596,   7.0,  -2.7,  -4.2,-161.6, 518.5,1036.1,   4.6,  -0.3
161620,   5.5,  -2.7,  -0.4, 222.2, 303.9, 966.5,   5.7,   0.2
161644,   3.8,  -3.3,  -2.0,-211.9, 159.1, 847.2,   5.8,   0.7
161668,  -6.4,  -4.6,  -4.5, 247.3, 114.2, 892.6,   6.1,   0.3
161696,   0.4,  11.1,   2.9,-778.3, 358.6,1228.5,   5.1,   0.1
161720,   6.5, -21.1,   3.4,1009.3, 390.8,1388.7,   4.6,   0.2
161744,   2.4,  15.2,  -2.8,-141.1, 143.3, 968.7,   4.8,   0.4
161768,   0.8,   1.4,  -4.0,-388.9, -97.7, 747.8,   5.0,   2.0
161796,   7.7,  -0.5,  -2.7, -76.4, 131.1, 804.7,   3.7,   1.7
161820,  -0.5,  -4.5,  -1.1, 368.6,  50.7, 930.7,   3.6,   1.0
161844,  -5.7,   4.6,  -1.0, -21.0, -20.8, 976.1,   3.3,   0.1
161868,   2.9,  -4.3,  -0.7, -65.4, -31.8, 776.4,   2.1,   0.9
161896,   6.1,  -8.2,  -1.9, 523.4,  30.2,1240.5,   1.1,   0.1
161924,   0.0,   5.1,  -3.1,-395.5, -75.7, 761.2,   0.9,   0.8
161944,   5.0,   0.9,  -1.8,-343.3, -67.4,1124.5,   0.5,   0.7
161968,   2.9,  -9.3,   1.3, 149.4, 168.4,1119.6,   0.5,   0.8
161996,   1.9,  -1.0,   1.5,-154.8, -25.2, 885.2,  -0.6,   0.8
162020,   1.6,  -6.3,   2.6,  23.2, -21.5,1095.5,  -0.2,   0.7
162044,   3.8,   6.4,   1.3,  30.7,  18.5,1050.8,  -0.4,  -0.1
162068,  -1.4,   0.3,   3.5,  -0.0,-196.8,1093.3,  -0.4,   0.4
162096,   1.8,   1.0,   8.4, -74.2,-117.5,1129.9,  -1.2,   0.6
162120,   0.1,   2.0,  10.1, 117.4, 115.4, 964.8,  -1.1,   1.0
162144,  -2.9,   4.6,   9.6,-129.2, -61.3,1046.9,  -0.7,   1.1
162168,  -0.8,   2.6,   6.8,-450.0,-243.9,1341.1,  -1.4,   1.6
162196,   8.1,  -3.7,   5.3, 555.9, -25.7, 834.2,  -2.4,   0.6
162220,   6.4,   7.3,  -0.7,  22.4, 195.0,1026.4,  -1.8,  -0.1
162244,   4.4,  -0.3,   1.3,-293.7, 127.9, 948.5,  -0.5,   1.0
162268,   3.5,  -6.1,  -0.1, -47.6,  82.7,1025.6,  -0.2,   1.4
162296,   1.7,  -3.5,  -2.1, 141.6,  30.5, 982.7,  -0.3,   0.9
162320,   1.4,  -4.3,  -0.7, 245.6, 223.4, 999.3,   0.4,   0.2
162344,   1.2,   1.1,   0.2, -96.5, 127.7,1011.0,   1.2,   0.1
162370,   1.0,  -2.1,  -1.8,  71.3,  87.9, 961.4,   2.0,  -0.2
162394,   1.7,  -0.4,  -3.8,-119.4, 125.7,1005.9,   2.8,  -0.0
162422,   0.5,   3.1,  -3.4, -24.9, -92.6,1151.4,   2.7,   0.1
162446,  -1.0,   3.7,  -3.6,-287.6, 173.5, 947.3,   3.7,   0.2
162470,   2.0,  -7.5,  -3.2, 197.5, 230.2, 987.1,   4.3,   0.2
162494,   4.3,   0.1,  -7.1, 109.4, 219.4,1060.3,   4.6,  -0.1
162518,  -3.9,   1.5,  -7.9,-153.8, 172.1, 867.9,   5.3,   0.5
162546,   1.3,   7.3,  -7.7, 194.1,  15.1, 426.0,   3.7,  -0.6
162570,   5.1,  -3.4,  -2.7,-336.9, 469.0,1119.6,   3.4,  -0.1
162594,  -0.2,   2.5,  -1.8,  87.1, 278.0,1124.5,   5.2,   0.0
162622,   0.6,  -1.3,  -4.3,  98.1, 289.5,1290.5,   5.9,   0.3
162646,  -1.7,  -1.5,  -4.2,-153.6,  21.4, 984.1,   5.8,   0.9
162670,  -0.6,  -0.4,  -0.2, 142.1,-132.8, 946.5,   4.6,   0.2
162694,  -2.2,   3.9,  -0.4, -68.4,-157.3, 988.3,   3.5,  -0.1
162722,  -2.0,   0.1,   0.2,  14.6,  -7.4,1198.0,   3.0,   0.1
162746,  -0.1,   0.0,  -2.4, -28.1, -36.2, 958.5,   2.6,   0.6
162770,   0.4,  -2.4,  -4.6,  38.1,  55.6,1127.7,   2.3,   0.9
162794,  -1.3,  -4.9,  -3.9, -31.3,  45.4, 889.4,   2.2,   1.3
162822,  -4.8, -12.7,  -4.7, 860.3, 118.9,1157.5,   2.2,  -0.2
162846,  -0.4,  25.6,   1.8,-1153.3,-518.6,1098.6,   0.3,  -0.2
162870,   6.0,  -9.6,   9.5, 441.9, 528.8,1080.6,   1.0,   0.8
162894,  -3.1,   8.8,  -2.7, -53.2,-142.4,1055.4,   1.5,   1.3
162922,   0.5,  -9.9,   1.1, 121.8, 104.9,1042.7,   1.6,   0.9
162946,  -0.4,   3.8,   0.7, 137.2, 125.7,1016.1,   1.4,  -0.5
162970,  -2.8,   1.3,   2.3,  28.1,-369.7,1073.7,   0.6,  -0.4
162994,   0.6,   1.3,   2.8,  35.1,  34.6, 904.3,   0.1,  -0.1
163022,  -0.5,  -0.1,   1.2,  -3.9, -79.1, 985.3,  -0.2,   0.2
163046,   2.4,   0.9,   1.7, 156.5, -45.7, 905.5,  -0.9,  -0.1
163070,   0.6,  -1.9,   0.9,-169.7,  75.2, 960.7,  -0.4,   0.6
163094,   2.5,  -5.2,   0.6, -25.4,  52.2, 996.6,  -0.4,   1.1
163122,   3.3,  -5.0,  -2.3,  80.3,   2.2, 992.7,  -0.4,   0.7
163146,   4.9,  -2.8,  -2.8, -39.8,  58.1,1108.9,  -0.2,   0.7
163170,   6.4,  -4.6,   0.7,  36.6, 143.0,1025.9,   0.3,   0.4
163194,   6.5,  -0.5,   1.3, -98.2, 138.9, 967.8,   0.8,   0.4
163222,   5.3,  -5.7,   0.3,-136.2, 299.5, 930.7,   2.3,   1.3
163246,   2.1,  -0.2,  -1.2, 127.9,  -5.4,1008.8,   3.1,   0.3
163270,   4.9,  -4.8,   1.9,  -6.1, 352.3, 989.5,   3.9,   0.6
163294,   2.1,  -4.1,   1.0, 290.0, 224.3, 844.7,   5.2,  -0.2
163322,  -3.1,   0.6,  -1.8,-105.7, 187.0, 991.7,   6.1,  -0.2
163346,  -5.3,  -1.3,  -2.4,  77.9,  15.6, 922.8,   6.0,  -0.4
163370,  -6.4,   3.7,  -3.2, 132.8,  16.3, 893.8,   5.5,  -1.3
163394,  -7.3,   6.1,  -0.9,  46.9,  46.1, 925.5,   5.5,  -1.5
163422,   0.8,   6.2,   4.1,-198.3, -66.9, 876.2,   5.5,  -1.1
163446,   7.1,  -4.7,   3.9,-419.0, 693.3,1023.4,   6.5,   0.3
163470,   7.8,  -2.1,   5.6, 474.6, 245.1,1013.9,   6.6,  -0.5
163494,   6.5,   7.4,   4.8,-322.8, 413.5, 867.4,   6.3,  -0.3
163522,  -4.7,  10.6,   6.6,-363.3,-572.3,1358.4,   6.5,  -0.1
163546,   5.3,   2.5,   6.9, 277.8,-297.6, 661.4,   3.4,  -0.5
163570,  -1.0,   4.9,   2.0, -37.9, 148.2, 822.5,   4.1,  -0.6
163594,   0.5,  -0.7,   5.2,  24.9,  21.2, 925.8,   4.0,   0.5
163622,   2.2,  -1.8,  -1.6,-126.5,-220.7, 800.8,   2.8,   0.4
163646,   1.4,  -3.9,  -2.7,-132.3,-184.4, 939.2,   2.8,   0.7
163670,   2.6,  -4.0,  -3.2, -26.1,-192.7,1016.8,   2.0,   0.6
163698,  -0.6,  -2.7,  -2.7, 202.4,-170.9, 912.1,   1.8,  -0.1
163722,   3.0,  -0.5,   0.0, -47.1,-133.3, 970.7,   1.1,  -0.1
163746,   4.3,  -2.5,   2.1, -46.6, 183.8,1001.9,   1.4,   0.5
163770,   2.6,  -5.7,   0.6, 242.2, -39.8,1105.0,   1.4,   0.6
163798,   3.6,  -3.4,   1.2, -43.5, 209.4, 815.4,   0.9,   0.9
163822,  -2.7,   0.2,   1.5,-134.5, 126.9,1039.1,   1.5,   1.0
163846,  -0.3,   1.0,   6.0,-347.9,-142.9,1153.8,   0.6,   1.1
163870,   4.7,  -0.7,   6.5, 424.8, -97.4, 925.8,  -0.9,   0.0
163898,   2.2,   2.1,   5.5,-380.6,  46.8, 867.2,  -0.4,   1.1
163926,   2.6,   0.1,   0.3,   5.8,-144.1,1050.5,  -0.6,   1.1
163946,   1.3,  -2.4,  -1.5,-178.2, 202.1, 989.0,  -0.2,   1.7
163972,   0.9,  -4.9,  -2.4, 245.1, -16.9, 947.5,  -0.2,   0.8
163996,   0.2,  -2.9,  -1.1,  72.3,  24.1, 959.2,  -0.6,   0.4
164020,   0.5,   0.4,  -0.3,-139.2, 189.7, 967.5,   0.0,   0.6
164048,   2.1,   0.1,  -2.6, -40.8,  90.8, 987.3,   0.3,   0.7
164072,   2.4,  -3.5,  -2.7, 129.1, 245.6, 969.0,   0.9,   0.3
164096,   2.9,  -0.3,  -2.3, -22.5, 159.1,1021.5,   1.9,  -0.1
164120,   1.2,  -3.2,  -0.4,-224.6, 174.8, 982.7,   3.0,   0.4
164148,   3.3,   0.7,  -2.7,-264.2, 169.2,1020.5,   3.4,   0.6
164172,   2.0,  -9.0,  -2.7, 384.0, 172.8,1116.4,   3.9,   0.2
164196,   4.0,  -0.9,  -1.5, -73.7, 293.7,1059.6,   4.7,   0.0
164220,   2.5,  -1.0,   0.2, -34.0, 239.7, 808.1,   6.0,   0.1
164248,  -2.5,  -4.2,  -3.7, 398.4, 136.7,1093.0,   7.7,  -0.2
164272,   2.7,   1.6,  -1.0,-334.0, 190.9,1026.1,   6.8,   0.3
164296,  -4.8,  -8.8,   1.0, 404.3, -22.7, 927.0,   7.3,   0.5
164320,  -4.7,  -1.6,   1.3,-321.3,-254.9, 888.9,   5.9,   0.4
164348,  -0.8,   0.3,   2.1, 154.3, -22.3,1138.9,   5.4,   0.2
164372,   1.2,   5.7,  -0.2,  87.6, 278.3, 911.6,   5.8,  -0.3
164396,   5.9,  -1.6,   1.5, -32.0, 179.7, 959.5,   6.1,   0.2
164424,   3.4,   0.4,  -1.6, 190.7, 117.9, 881.6,   6.3,   0.0
164448,   1.6,   5.7,   2.4,-245.9,-273.7,1027.3,   4.7,   0.4
164472,  -3.9,   3.3,   2.0,-118.9, 320.0, 812.0,   5.0,   0.4
164496, -10.1,  14.0,  -1.0, -15.4,-580.4,1625.0,   4.2,  -1.1
164520,   5.5,  -1.2,   4.5,-175.1,-100.4,1040.8,   2.6,   0.4
164548,   2.0,  -5.4,   1.6, 277.3, 323.2, 884.8,   4.4,   0.7
164572,   4.6,  -2.9,  -0.6, -93.5,-159.0, 901.8,   3.1,   1.7
164596,   1.6,  -5.1,  -1.0, 112.0,-248.8,1226.1,   2.9,   1.1
164620,   2.1,   3.9,   1.0,-354.3,-264.7,1002.7,   2.3,   1.0
164648,   2.2,  -5.9,   6.0, 310.0,-280.1,1358.6,   1.2,   0.5
164672,  -0.8,   6.0,   3.2,-390.4, -26.4,1169.2,   1.1,   1.0
164696,  -1.0,  -4.3,   3.5,  61.5,-181.9,1065.7,   0.8,   1.3
164724,   2.0,  -1.8,   1.7,  46.6,  71.0,1039.1,   0.4,   0.9
164748,  -2.3,  -1.7,   3.6, 134.8,  21.4, 833.2,   0.3,   0.6
164772,  -1.7,   3.1,   5.8,  17.6,-286.4,1423.8,  -0.4,   0.7
164796,   4.5,  -0.7,   5.0,  20.0,-250.3, 844.2,  -1.4,   0.9
164824,   4.1,   6.7,   2.7,  94.5, 184.8, 992.7,  -1.1,  -0.1
164848,   2.8,  -0.3,   6.7,  23.9, 129.8,1002.7,  -0.4,   0.9
164872,   1.2,   0.1,   8.7,   1.0,-179.5, 943.6,  -1.0,   1.2
164896,   1.2,   0.4,   5.9,-257.8,-167.3,1056.9,  -1.7,   1.7
164924,   2.8,  -2.6,   2.8,  64.2, -75.0,1096.7,  -1.8,   1.6
164948,   0.8,   1.3,  -0.1, -64.0,-194.9, 974.4,  -1.5,   0.7
164972,   3.8,   0.9,   0.9,   2.7,  92.0,1040.8,  -1.0,   0.5
164996,   2.3,  -1.9,  -1.5,   0.2,   2.9, 990.2,  -0.8,   0.9
165024,   1.1,  -3.3,  -0.4,  61.3,  42.9,1060.1,  -0.3,   0.7
165048,   0.5,  -3.8,   1.2,  67.4, 126.7,1020.5,   0.6,   0.4
165072,   2.6,  -4.2,   1.5, -28.3, 190.2, 996.3,   1.4,   0.4
165096,   4.4,  -2.1,  -1.1,-168.7, 168.9, 993.9,   2.4,   0.7
165124,   1.2,  -6.1,  -2.6, 230.5, 237.0, 920.6,   3.9,   0.5
165148,   0.7,   1.3,  -0.6, -48.8,  97.1, 923.6,   4.5,   0.2
165172,  -0.3,  -1.7,  -0.6, -15.2, 394.0, 800.3,   6.0,  -0.0
165196,  -3.5,  -4.3,  -1.6, 523.2,  46.8,1144.5,   6.2,  -0.5
165224,   2.4, -10.4,  -1.2, 159.4, 315.9,1098.9,   5.3,   0.4
165248,   0.1,   8.7,  -5.5, -97.7,  52.2, 804.4,   5.1,  -0.1
165272,   5.2,  -1.9,  -2.1,-288.8, 209.9,1016.6,   4.5,   0.6
165296,   3.1,   3.2,  -2.4,  56.1, 177.7,1076.2,   5.2,   0.6
165324,   2.9,  -2.4,  -1.5,-216.6, 320.3,1096.7,   6.2,   1.2
165348,  -3.8,  -4.5,  -5.2, 165.8,-127.7,1136.5,   5.8,   1.0
165372,  -2.8,   4.2,  -3.6,-144.8,-156.5, 977.3,   4.4,   0.4
165396,  -3.9,  -4.0,   0.8, 473.4,-156.5, 878.4,   3.7,  -0.1
165424,  -4.9,  11.2,  -1.9,-374.0,-281.0,1469.0,   3.3,   0.5
165448,   8.0, -12.4,   3.1, 728.7,-173.4, 802.7,   1.3,   0.8
165472,  11.2,   1.5,  -1.8, -31.3, 283.9,1042.2,   1.6,   0.6
165496,  -0.2,  -4.6,  -1.6,-206.8, -70.1, 821.3,   3.3,   2.0
165524,   8.0,  -2.3,  -1.5, -35.2,-150.4,1033.0,   1.2,   1.1
165548,  -4.6,  -9.3,  -1.5, 208.7,-274.2, 839.3,   1.6,   1.1
165574,  -2.9,   3.3,  -0.4, 176.7, -34.9,1119.4,   0.4,   0.5
165598,  -0.4,   0.3,   1.2,-121.6,-171.9, 989.3,  -0.3,   1.0
165622,   0.9,   0.3,   0.6,  29.5,-119.7,1011.2,  -0.3,   0.9
165650,   4.8,  -1.1,   0.9,  27.1, -63.5,1064.7,  -0.6,   1.0
165674,   1.6,  -0.4,   0.2,-303.0,-157.5, 988.0,  -0.5,   1.6
165698,   2.2,  -6.4,   2.1,  89.6, -47.6,1031.0,  -0.9,   1.2
165722,   0.9,   2.1,   1.7, -43.2,  41.5,1053.2,  -0.9,   0.6
165750,  -2.4,  -1.5,   3.4,  82.3, -32.3,1045.2,  -0.4,   0.7
165774,   3.2,  -3.5,   6.0, -30.8, -88.9,1019.0,  -1.4,   1.2
165798,   5.0,   0.1,   5.5,  45.4,  38.3, 964.8,  -2.1,   1.2
165822,   3.0,  -0.6,   3.2,  35.4,  -1.0,1069.8,  -1.9,   0.7
165850,   2.3,  -2.4,   1.4, -97.2,   1.9,1012.0,  -1.3,   1.3
165874,   3.4,  -1.0,  -0.9,-113.5,   3.1,1047.1,  -1.3,   1.0
165898,   1.6,   0.8,  -1.2,-110.4,  37.8,1001.5,  -1.0,   0.7
165926,   2.0,  -0.2,  -1.2,-168.7,  59.8,1010.2,  -1.0,   0.8
165950,   4.5,  -2.2,  -2.7, -59.6, 153.8, 987.5,  -0.5,   0.6
165974,   3.8,  -4.3,  -1.0, 161.6, 238.0, 921.9,   0.7,   0.1
165998,   2.2,  -0.4,  -0.8, -98.2, 186.5, 955.1,   1.8,  -0.0
166022,   2.0,  -1.0,   1.3,  79.6,  91.5, 945.1,   2.0,  -0.0
166050,   0.6,  -0.7,   0.2, 157.0, 196.0, 972.2,   3.0,  -0.5
166074,   0.9,  -4.1,   0.8, 162.1, 252.4,1000.7,   4.2,  -0.3
166098,  -0.8,  -1.9,   0.6, 279.0, 240.2, 911.1,   5.4,  -0.5
166122,   0.9,  -2.6,   1.9, -81.3, 127.7, 979.2,   5.9,   0.1
166150,  -1.7,  -1.2,  -2.3,  76.9, 189.9, 891.4,   7.2,  -0.2
166174,  -2.0,  -8.7,   2.1,-263.0, -21.0, 814.9,   7.1,   0.6
166198,   2.2, -10.4,   1.3, 317.4, -25.9, 856.9,   6.7,  -0.2
166222,  -3.8,  13.0,  -6.5,-410.4, -20.8, 840.6,   6.4,  -0.4
166250,   0.9,  -5.8,  -0.6, 199.2,  53.7,1075.9,   5.4,   0.0
166274,   1.3,   3.9,   0.5, 115.5, 380.1, 950.9,   5.5,  -0.4
166298,  -0.1,  -2.6,   0.6, -59.8, 303.4,1100.8,   6.5,   0.1
166322,   0.1,   3.7,  -1.9,-382.6,  47.8, 691.4,   6.5,   0.6
166350,   3.4,  -4.8,  -1.2, 369.6, -83.5,1076.9,   6.1,  -0.1
166374,  -0.6,   5.7,  -0.1,-316.9,  -2.2, 968.3,   5.3,   0.5
166398,   1.4,   0.0,   1.5,  63.9, -85.5, 890.9,   4.4,  -0.1
166426,  -2.0,  -6.8,   1.2, 146.2, -52.5, 732.2,   4.2,  -0.5
166450,  -5.5,   2.6,  -1.6, 145.2, 236.8, 820.6,   4.3,  -0.8
166474,   3.4,  -7.7,   1.6, 264.9,-130.2,1120.6,   3.3,  -0.1
166498,   4.8,   5.1,   1.0,-368.4, 216.8, 884.8,   2.1,  -1.0
166522,  -0.7,  -8.7,   3.8,-390.9,  31.9, 973.4,   3.3,   0.5
166550,   3.5,  -2.5,   1.3, 145.5,   2.4, 890.9,   1.4,  -0.3
166574,  -2.4,   0.9,   1.8,-172.1, -23.5, 928.0,   1.0,  -0.2
166598,  -2.5,   7.5,   3.5,-177.7,-187.8, 996.3,   0.2,  -0.6
166622,  -3.1,  -0.7,   3.7,  14.6, -75.2, 880.4,   0.3,  -0.4
166650,  -0.5,  -0.2,   6.1, -38.8, -16.9, 957.8,  -0.3,   0.1
166674,  -1.4,  -0.1,   5.4, -92.3,-150.2, 894.0,  -0.7,   0.5
166698,  -1.1,   0.0,   6.2,  17.6,-192.4, 891.4,  -1.8,   0.6
166726,   1.9,  -1.3,   3.1,-173.4,   4.4, 969.0,  -1.7,   0.9
166750,   0.6,  -1.0,  -0.9,-125.3,   7.8, 966.3,  -1.3,   0.8
166774,  -2.2,  -2.3,  -1.2, -32.5,  33.9, 963.1,  -0.9,   0.5
166798,  -1.0,  -2.9,  -0.6, 163.8,-117.0,1258.1,  -1.2,   0.0
166826,   2.7,   2.0,  -3.3,-374.3,  75.9, 762.9,  -1.5,   0.3
166850,  -0.3, -12.6,  -1.7, 272.4, 143.3,1055.2,  -0.6,  -0.1
166874,   1.6,   4.0,  -1.6, 240.2,  19.0,1012.7,  -0.8,  -1.2
166898,   4.7,  -1.8,  -0.2,-380.9, 248.3, 949.7,   0.4,  -0.2
166926,   6.9,  -3.4,  -0.1, -43.7, 150.6, 894.8,   0.7,  -0.2
166950,   4.1,  -3.7,  -1.0, -40.1, 184.8, 999.5,   1.9,  -0.2
166974,   3.4,  -1.0,  -0.6,  43.7, 265.3, 985.3,   2.8,  -0.5
166998,   0.3,  -3.2,   0.1, 174.5, 219.0, 948.5,   3.8,  -0.8
167026,  -0.3,   0.4,  -0.9,  97.2, 226.3, 933.3,   4.7,  -1.5
167050,  -0.7,   4.3,  -0.3,  -8.3,  14.1, 911.9,   4.9,  -1.9
167074,  -2.8,  -1.9,  -0.9,   5.6, 136.2,1115.2,   5.3,  -1.1
167098,  -6.1,   3.5,  -3.7, 109.6, -83.3, 808.6,   4.9,  -1.3
167126,  -8.0,   8.0,  -2.7, -83.5, 159.6, 838.4,   4.8,  -1.6
167150,  -7.4,  17.2,   6.8,-1019.3,-276.6, 862.3,   4.4,  -0.0
167176,   7.0,   2.4,   5.7,-114.3, 792.4,1297.1,   4.3,  -0.3
167200,   2.9,   3.7,  -0.9, 370.1, 185.8, 986.8,   5.5,  -0.5
167224,   7.6,   4.6,   2.1,-610.6, 159.9,1220.2,   4.4,   1.2
167248,  -0.5,  -1.8,   1.5, 209.5,-211.2, 723.4,   4.9,   0.3
167276,   1.4,  -1.0,   2.4, -34.4, -60.8,1051.8,   3.2,   0.4
167300,  -0.3,  -0.9,   1.0, 215.6,-285.4, 959.2,   2.4,   0.3
167324,  -0.1,  -0.4,  -1.2,-162.9, -43.0,1000.7,   2.0,   0.5
167348,   0.3,  -9.1,  -2.5, 259.8,  34.9,1000.0,   2.3,   0.5
167376,   0.0,  -3.2,  -3.9, -64.0,-278.1, 874.5,   1.5,   0.6
167400,  -2.5,   3.7,  -5.6,  65.2, -50.1, 943.6,   1.6,  -0.2
167428,   0.3,  -3.4,   1.0, 106.4, -91.1, 932.6,   1.4,  -0.4
167448,   3.3, -14.5,   6.2, 131.1,-343.3,1302.7,   0.2,   0.4
167476,   1.2,   9.5,   1.7,-180.4,  27.3, 866.2,   0.2,  -0.2
167500,   5.9,   1.1,   2.6, -34.2, 125.7,1336.7,   0.2,  -0.3
167524,   3.2,  -1.8,   5.4, 140.4,  -4.4, 838.6,   0.9,   0.1
167548,  -0.5,   8.4,   7.2,-377.2,-275.7,1014.2,   0.1,   0.6
167576,   3.3,  -2.9,   6.1, 138.2,-188.3,1032.0,  -1.2,   0.8
167600,   1.0,  -2.9,   1.5, -16.4,  99.3,1015.9,  -0.1,   1.2
167624,   2.1,   2.9,   1.1, -45.2,-118.9, 912.6,  -0.3,   0.3
167648,   3.4,  -2.8,   1.0, -99.4, 150.1, 910.4,   0.4,   0.7
167676,   2.9,  -0.4,   1.2,  99.1,  52.9, 997.6,   0.4,   0.5
167700,   2.5,  -1.9,   1.0,  45.2, 240.0,1000.2,   1.4,   0.6
167724,   2.9,   1.1,   1.6, -10.0,  66.4, 945.8,   1.4,   0.3
167752,   3.9,  -2.5,   1.5, -16.6, 295.6, 901.8,   2.5,   0.5
167776,   1.4,  -6.8,   0.4,  34.2, 294.2,1072.0,   3.9,   0.7
167800,   0.7,   2.0,   2.3,  92.3, -31.8,1036.4,   3.5,   0.3
167824,   0.8,  -3.6,   3.0,-107.9, 305.4, 931.9,   4.5,   0.8
167852,  -6.3,  -1.8,  -0.7, -90.6, 278.3, 894.0,   5.9,   0.9
167876,  -4.7,  -3.0,  -0.6, 269.8,-383.6,1003.9,   4.9,  -0.1
167900,  -3.0,   0.3,  -1.7,  17.1, 182.1,1001.2,   5.1,   0.2
167928,  -5.2,   7.9,  -5.2, -26.1,  21.4, 843.3,   5.0,   0.5
167952,  -8.0,   5.7,  -4.8,-601.6, -72.1,1068.4,   4.9,   1.5
167976,  -7.5,  -6.3,   0.6, 149.6,   9.5, 874.5,   4.3,   1.9
168000,  -1.3,  -8.8,   1.3, 536.8,  73.0,1122.3,   4.2,   0.9
168024,  -0.7,   2.8,   2.0,-271.3, 246.1, 987.1,   4.9,   2.2
168052,  -2.7,   2.4,  -2.1,  60.8, 102.0,1001.2,   3.9,   1.4
168076,  -7.8,  -2.6,  -2.4, 140.4, 141.6, 796.1,   4.7,   1.4
168100,  -7.4,   0.5,   2.8,-162.9,-461.2,1169.2,   3.1,   1.3
168124,  -4.9, -10.7,  -0.7, 462.1,  60.5,1115.0,   2.0,   0.9
168152,  -0.3,   4.9,  -8.2,-483.7,-136.3, 972.6,   0.8,   1.4
168176,  -2.8,  -6.5,  -5.1, 149.6, 157.2,1043.9,   1.5,   1.9
168200,   1.5,  -0.5,  -6.5,  40.5, -44.2,1000.0,   1.0,   1.3
168224,  -3.1,  -7.0,  -3.8, 106.2,-217.1, 882.1,   0.3,   1.3
168252,  -5.7,   3.4,  -3.4,-274.7, -25.7, 993.2,  -0.1,   1.3
168276,  -3.9,  -4.7,   0.1,  43.2,-209.0,1034.2,  -1.2,   1.1
168300,  -2.4,   3.8,   0.1, 101.3, -51.1, 996.8,  -1.3,   0.8
168324,  -2.6,   3.9,   1.9,-236.1,-116.5,1097.9,  -1.5,   1.2
168352,  -2.0,  -0.6,   2.8, -77.9,-194.4,1022.5,  -1.9,   1.5
168376,  -2.0,   1.8,   3.3,  39.5,-164.8, 951.9,  -2.7,   1.5
168400,  -1.6,   1.4,   3.4, -69.8,  -1.5, 891.8,  -2.8,   1.5
168428,  -4.4,   2.9,   0.9,-133.3,  39.0,1033.7,  -3.0,   1.7
168452,  -1.1,  -7.7,  -1.4,  88.4,-124.3, 977.0,  -3.2,   1.8
168476,   3.2,   1.6,   1.9, 217.3, -55.0,1029.0,  -3.6,   0.4
168500,   3.0,  -1.5,   1.0,-192.4,  53.2, 986.3,  -2.5,   1.5
168524,   0.1,  -4.9,  -3.0, 117.2, -78.6, 949.2,  -2.6,   1.5
168552,  -1.9,  -2.3,  -7.4,-150.9, 195.3, 943.1,  -1.3,   1.5
168576,  -0.4,  -3.2,  -5.8, -92.3, 134.7, 960.7,  -0.3,   0.9
168600,  -2.4,  -4.9,  -6.5, 155.7, 170.1,1005.1,   0.9,   0.1
168624,  -0.2,  -2.9,  -5.4, 107.7, 204.6, 854.0,   1.0,  -0.1
168652,  -0.9,   0.4,  -3.4, -96.9, 160.9,1075.7,   1.3,  -0.1
168676,  -5.8,   0.8,  -3.3, -68.6, -53.7,1022.9,   2.1,   0.1
168700,  -2.8,  -2.2,  -5.0, -65.4,  57.8, 928.2,   2.1,   0.1
168728,  -4.9,  -2.4,  -6.0,-286.9,-154.6, 937.0,   2.1,   0.7
168752,   1.2,  -1.0,  -5.5,-267.3, -53.7,1364.5,   1.9,   0.8
168778,   1.5,  -6.2,  -9.5,  95.4, 118.1, 827.1,   2.1,  -0.0
168802,  -2.9,   0.4, -11.0, 129.9, 283.2,1202.1,   2.9,  -0.8
168826,  -5.7,  -0.5,  -6.9, 214.6, 144.3, 842.3,   3.6,  -0.7
168850,  -2.8,   3.1,  -6.5,  21.0, 105.4, 949.5,   2.5,  -1.5
168878,  -3.9,  -8.1,  -1.8, 477.3,  77.4,1312.2,   1.9,  -1.0
168902,  -0.7,   9.7,  -3.3,-296.9,  42.9, 892.3,   1.2,  -0.4
168930,   1.5,  -2.1,  -2.5, 220.0,   3.1,1037.1,   1.2,  -0.7
168950,   0.7,   6.6,  -1.5,-637.0, -64.2, 910.6,   0.9,   0.2
168978,   3.8,  -3.8,   1.0, 207.5,-269.8,1033.4,   0.9,   0.1
169002,   1.8,   2.9,  -1.5,-828.6,-158.2,1357.9,   1.1,   1.4
169026,   8.6,  -4.8,  -3.6,1061.5,-204.1, 637.7,  -1.6,  -0.4
169050,   5.0,   1.2,  -9.0, 317.6, 609.3, 942.6,  -0.1,  -1.5
169078,  -4.2,  -9.1,  -0.4, 468.5, -21.5, 975.1,   1.2,  -0.5
169102,   2.6,   3.1,   1.2,   8.0,-118.7, 929.9,  -0.5,  -1.2
169126,   0.2,  -9.9,   1.3,  76.4, -56.4,1041.5,  -0.0,   0.1
169150,   1.1,   6.0,  -1.6, -80.6,-102.6,1323.5,  -0.8,  -1.2
169178,   1.5,  -5.9,   2.4, 150.9,-123.8, 972.4,  -1.0,  -0.5
169202,   6.8,   4.6,   1.4,-181.2,  30.0, 958.2,  -1.3,  -0.8
169226,   5.9, -12.6,   5.7, 226.3,  42.2,1000.2,  -0.7,   0.2
169250,   1.2,   1.3,   3.2,  52.0, 158.7,1229.0,  -0.7,  -0.4
169278,  -3.3,  -5.5,   6.0, 256.1, -42.0,1259.5,  -0.0,   0.4
169302,   8.1,   6.5,   6.8, -33.2,  40.5, 668.5,  -2.3,  -0.4
169326,  -2.5,  -6.3,   6.2,  83.0, 104.2, 996.1,   0.0,   0.8
169350,  -0.2,   0.7,   2.9, -98.9,-382.6,1181.9,  -1.5,   1.1
169378,  -0.0,  -3.5,  -2.1,  96.4, 138.1, 938.0,  -1.1,   0.8
169402,   1.2,  -3.2,  -0.8, -34.0,  91.3, 916.5,  -0.8,   0.2
169430,   1.3,  -5.1,  -0.7,  46.1, 202.6, 979.5,  -0.6,   0.1
169450,  -2.5,  -6.8,  -1.0, 236.1,  71.0,1058.8,  -0.0,   0.4
169478,  -0.6,  -8.2,  -3.7, -30.5,   5.8,1084.2,   0.4,   0.7
169502,  -6.6,   1.1,  -3.9, -93.3,-146.3, 807.9,   0.8,   0.3
169526,  -5.8,  -2.7,  -3.4, 186.8, -39.1, 817.9,   0.7,  -0.1
169550, -15.2,  -2.4,  -3.1, 140.4,-358.9,1401.6,   1.1,  -0.5
169578,  -6.3,  12.9,   0.9,-772.5,-383.3, 332.0,  -1.7,   0.0
169602,   7.8, -14.0,   2.6, 648.2, 728.0, 965.1,   0.0,   0.6
169626,   5.2,   3.4,  -3.1,-470.5, 177.0,1214.8,   0.5,   1.1
169650,   0.1,  -8.5,  -6.6, 137.2, 229.9, 931.4,   1.8,   1.1
169678,  -0.4,  -7.2,  -1.8, 146.0, -31.3, 734.9,   0.8,   0.9
169702,   2.5,  -6.8,   3.1, 479.5, -27.4,1041.0,  -0.3,   0.0
169726,  -0.9,   5.0,   0.4,-237.1,  77.1, 881.8,  -0.2,   0.2
169754,   3.6,  -4.4,   2.4, 224.6, 271.2, 972.4,  -0.7,   0.7
169778,  -2.7,  -1.4,  -1.9,-158.2, 265.8, 744.9,   1.1,   1.5
169802,   2.7,  -4.4,   3.7, 450.2,-557.2,1074.7,  -1.1,   0.7
169826,   2.2,  12.9,  -3.3,-1084.0, 311.0, 684.1,   1.3,   2.6
169854,   2.8, -10.2,   1.5, 606.4,-244.4,1302.2,   0.6,   1.9
169878,   0.3,  10.9,  -0.5,-490.0,  17.1, 871.1,   0.4,   2.5
169902,  -3.6,   0.9,   3.8,  24.9,-285.2, 801.0,   0.3,   2.2
169930,   1.2,   2.6,   5.7,-203.4,-188.3, 911.1,   0.1,   2.6
169954,   1.9,  -5.2,   5.9, 239.2,  66.1,1084.5,   0.7,   2.5
169978,   3.5,   3.3,   4.9,  67.4, -13.2, 721.2,   0.3,   2.5
170002,  -4.9, -11.3,   5.7,-422.4, 369.3, 915.5,   1.4,   3.8
170026,  -0.3,  -4.6,  13.4,1248.8,-825.7,1246.3,  -0.7,   2.0
170054,  -2.4,   9.8,  10.0,-1714.9, 413.5, 914.3,   1.0,   4.8
170078,  -1.1,  -9.4,  12.1,  46.9,-534.7,1175.8,   0.5,   4.0
170102,   9.7,   1.2,   8.5, 145.2, 236.0, 897.2,  -0.1,   3.7
170126,   1.0,   6.4,   7.6, 129.9,-202.7,1033.7,  -0.1,   3.1
170154,   3.0,   7.0,   6.9,-118.7, -73.5,1041.5,  -1.6,   3.1
170178,   3.1,  -4.1,   6.0, 172.6, -94.8, 961.7,  -2.2,   3.3
170202,   6.6,  -1.9,   5.6,  90.6, -73.3,1222.6,  -3.6,   2.9
170226,   0.7,  -4.3,  -0.7,  82.5,  33.9, 817.9,  -2.8,   2.8
170254,  -1.1,  -4.5,   2.3,-368.4,-732.5,1404.3,  -4.3,   3.0
170278,   3.0,  -4.4,   2.6, 794.2,-328.4, 911.1,  -5.0,   0.1
170302,   3.5,  11.6,  -3.1,-557.4,-102.3, 960.7,  -5.8,   0.2
170326,   0.0,   2.9,  -3.2,-238.1, -19.1,1029.0,  -5.1,   0.7
170354,   1.9,  -1.2,  -5.2,  33.9, 121.3,1106.0,  -4.9,   0.5
170376,   5.1,  -8.5,  -3.7, 285.1, 301.0, 897.0,  -4.2,   0.5
170404,   2.7,   0.8,  -4.6,-292.3,-145.8,1124.0,  -4.0,   0.6
170432,   2.2,  -4.3,  -2.4, 124.5, -99.6, 999.7,  -4.1,   0.4
170452,   4.1,   1.6,  -1.5, 198.5,  24.1,1092.3,  -4.0,  -0.2
170476,   1.9,  -0.7,  -1.4, 209.0,  79.8, 928.5,  -2.9,  -0.1
170504,   3.0,   0.1,   0.7,   7.3,   1.9, 983.4,  -2.6,  -0.3
170528,   1.1,  -0.8,  -0.4, -15.4, 138.6, 758.1,  -1.7,   0.1
170552,  -8.1,  -0.8,  -2.1,  27.1,-221.5, 928.2,  -0.7,   0.4
170576,   5.8,   3.1,   2.1, -66.2,-436.8,1000.7,  -2.1,   0.8
170604,   4.4,   0.9,   1.1,-136.5, 333.2,1036.1,  -1.9,  -0.1
170628,   0.9,  -6.0,   0.9, 148.7,-363.3,1166.7,  -1.3,   0.6
170652,   3.8,   8.2,  -3.0,-492.9,  24.6, 955.8,  -2.1,   0.3
170676,  -0.4,  -7.1,  -1.0, 130.8, -56.9,1029.8,  -1.9,   0.5
170704,   0.4,   1.7,  -1.5,  -1.5, -98.7,1163.6,  -3.0,  -0.2
170728,   0.4,   6.4,  -2.9,-287.1,  56.4, 900.6,  -2.8,   0.0
170752,   2.2,  -2.6,  -0.5,  45.2, -37.4, 934.8,  -3.4,   0.3
170776,   2.3,  -0.4,   1.7, -36.1, -70.8,1099.6,  -3.3,   0.4
170804,  -0.3,   0.5,   5.3, -71.5,-217.8,1022.7,  -3.1,   0.6
170828,   5.7,   0.0,   7.5, -26.1, -55.5,1077.4,  -3.2,   0.7
170852,   0.5,  -1.1,   1.7, -12.7, 188.4, 956.0,  -1.4,   1.0
170880,  -2.0,  -4.8,   4.6,-232.9,-349.6,1323.0,  -1.8,   1.6
170904,   2.3,  -7.9,   2.3, 605.7,  87.6,1049.1,  -1.6,   0.5
170932,   0.1,   7.9,  -1.2,-575.2,-113.3, 840.1,  -1.7,   1.4
170952,   0.4,  -1.8,   1.8,-227.6, 260.5,1021.7,  -1.1,   1.9
170980,   0.6,   2.2,  -1.0, 154.8, -51.1,1109.9,  -1.4,   1.0
171004,   0.2,   0.7,  -0.1,-191.7, 115.0, 931.4,  -1.2,   1.6
171028,   2.7,  -3.7,   0.9, 122.3, 228.2, 896.2,  -0.6,   1.1
171052,   1.4,  -0.6,   0.3,   2.7,  66.4,1007.6,  -0.5,   1.0
171080,  -1.9,  -0.1,  -0.6,  -9.3, -17.4,1005.6,  -0.1,   1.0
171104,  -0.2,   5.9,   1.1,-274.9,  -1.7,1003.7,  -0.6,   1.0
171128,  -0.9,  -2.9,   1.3, 219.7,-181.9,1045.4,  -0.6,   0.7
171152,   2.4,  -0.5,   1.8,  37.3,  -1.7,1006.8,  -0.8,   0.9
171180,  -1.1,  -1.5,   1.0,   0.5,  63.9, 848.9,  -0.1,   1.3
171204,  -6.8,  -3.0,   2.7,-154.1,-415.8,1409.9,  -0.3,   1.6
171228,   4.5,   1.7,   1.8, 466.5,-170.7, 914.5,  -1.6,   0.3
171252,   2.4,   6.6,  -2.5,-446.1, 186.2,1021.0,  -1.0,   0.7
171280,  -0.9,   0.2,   1.8,  63.9,-352.1, 987.5,  -0.8,   1.1
171304,   3.4,  -1.8,   4.5,  22.4,  94.9,1031.5,  -1.3,   0.9
171328,  -2.0,  -0.4,   5.7, 103.5, -98.7,1015.6,  -1.2,   1.1
171352,  -1.1,  -0.1,   5.1, -22.7,-145.8,1088.1,  -2.3,   1.1
171380,   3.3,  -1.5,  -3.2,-104.0, 161.3,1130.4,  -2.0,   1.2
171404,   3.1,  -1.2,  -1.0,  73.0,   7.8,1069.1,  -1.4,   0.9
171432,   6.4,   0.7,   0.3,-222.4, 292.9, 939.9,  -0.9,   1.2
171452,  -0.3,  -3.5,  -1.2,   1.9,-214.6,1079.3,  -1.0,   1.3
171480,   0.0,  -3.5,  -1.3, 142.1, 121.3, 983.6,  -1.0,   1.0
171504,  -2.4,  -0.1,  -0.2, 168.2, 105.2, 813.2,  -0.7,   0.5
171528,  -3.8,  -3.5,   4.7,-224.6,-455.4,1387.7,  -1.2,   1.0
171552,   0.8,   5.9,   2.9, 257.1,  -7.8,1010.2,  -0.5,  -0.8
171580,   3.0,   3.4,   4.2,-549.8,  69.8,1063.5,   0.3,   0.7
171604,   1.1,  -3.0,   5.2,  77.9, -47.2,1098.1,   0.9,   1.1
171628,   0.3,   6.0,   2.5,-170.9,-180.0,1114.0,   0.4,   0.8
171652,   0.8,  -4.0,   3.3, 372.8,  64.2, 811.3,  -0.0,   0.8
171680,   2.8,   4.0,   2.3,-120.9,   1.4,1058.3,  -0.8,   0.5
171704,  -0.0,  -4.6,   0.4, -44.4, -53.3, 998.3,  -0.5,   1.2
171728,   2.0,  -1.9,  -4.9,  49.1,-255.4,1280.5,  -1.2,   0.7
171752,  -0.3,  -2.1,  -7.7,   6.3, -14.0, 862.8,  -1.8,   0.7
171780,  -2.5,   3.1,  -9.6,  97.9,-146.0, 822.5,  -2.2,  -0.2
171804,  -1.4,   8.4,  -5.4,-207.0,  91.8, 918.0,  -2.5,  -0.6
171828,  -2.7,  -7.9,   2.3,-221.7,-481.2,1446.5,  -3.1,   0.4
171856,   1.2,  -0.8,  -2.0, -24.2,-200.7, 953.9,  -4.0,   0.6
171880,  -0.3,   2.2,  -8.3, 179.9,-113.8, 815.7,  -4.0,  -0.3
171904,  -0.2,  -5.4,  -9.3,  90.1, -91.1, 952.1,  -4.2,  -0.4
171932,  -2.7,   0.9,  -9.3, 120.1,-300.6, 910.6,  -4.7,  -0.5
171956,  -0.9,  -2.0, -12.0,  47.8,-209.3,1056.6,  -5.6,  -0.4
171978,   1.6,  -5.3, -14.7, 262.2,  81.8,1048.3,  -5.6,  -0.5
172006,   1.3,  -0.7, -15.5, -16.9, 109.8,1029.0,  -5.2,  -0.5
172030,   1.7,  -1.3, -14.0,  -8.1, 111.3, 936.8,  -4.6,  -0.5
172054,  -0.9,  -3.8, -12.8, -60.8,  25.8,1101.6,  -4.1,  -0.2
172078,   1.4,  -2.2, -13.9, -97.9, -45.7, 890.4,  -4.1,   0.0
172106,   2.4,  -2.9, -13.1, 301.5,  67.1, 954.3,  -3.5,  -0.5
172130,   2.5,   2.4,  -8.1,-122.6,  62.0, 889.4,  -3.3,  -0.7
172154,  -0.9,  -0.7,  -5.6,  74.0,  31.7, 910.4,  -2.3,  -0.7
172178,  -0.9,   0.3,  -7.1,-141.4,  39.3, 960.7,  -1.8,  -0.2
172206,  -1.7,  -1.4,  -9.7, -17.6, 155.5, 845.0,  -1.0,  -0.0
172230,  -6.8,  -0.2, -11.3,-147.0,-150.9, 828.6,  -0.6,  -0.2
172254,   4.1,  -4.3,  -6.8, 240.0,-223.7,1248.8,  -2.3,  -0.3
172278,   2.6,  -1.3,  -7.6,-349.9, 163.3, 848.9,  -0.9,   0.8
172306,   0.3,   0.2,  -9.0,-162.1,-206.8,1074.9,  -1.1,   0.5
172330,   1.0,  -1.4,  -8.2,-135.3, -47.9, 950.4,  -1.4,   0.8
172354,  -0.8,  -0.6,  -8.6,-170.4,-110.4,1126.7,  -1.4,   0.6
172378,  -1.3,   3.2,  -6.8,-106.2, -88.7, 964.6,  -2.0,   0.5
172406,  -1.3,   1.1,  -6.0,-107.2,  -7.4,1030.0,  -1.9,   0.4
172434,   1.2,  -3.4,  -3.6, 202.9, -43.2, 993.6,  -1.9,   0.1
172454,   0.7,  -3.2,  -2.6, 205.6, -26.4,1036.9,  -2.2,   0.1
172478,   0.1,   3.2,  -3.7,-117.7, -46.7,1007.3,  -2.4,   0.5
172506,   0.0,   2.1,  -4.5, -61.5,-104.5, 929.2,  -2.8,   0.4
172530,   0.5,   1.8,  -3.2,-207.8,  40.7, 986.8,  -2.5,   0.6
172554,   1.1,  -2.6,  -1.8,  39.8, -97.2,1043.2,  -2.5,   0.9
172578,   0.9,  -0.9,  -1.9, -48.1,  58.8, 969.2,  -2.1,   1.2
172606,   0.5,  -3.6,  -1.5,  38.3,-109.7,1097.6,  -2.0,   1.4
172630,   1.9,   1.1,  -2.1, 116.7,  55.1, 960.0,  -1.9,   0.5
172654,   1.3,   6.2,  -1.0,-279.8,  -7.4,1053.7,  -1.2,   0.7
172678,   7.8,  -2.7,   1.2, 150.4,   9.2, 824.2,  -2.0,   0.8
172706,   2.3,   0.5,  -3.2, -57.4,  37.6,1128.4,  -1.0,   0.7
172730,   0.8,  -5.1,  -1.3,  13.2, -45.9,1020.7,  -0.9,   1.4
172754,   2.3,  -3.1,  -2.2, 111.3, -23.2, 967.8,  -0.9,   0.8
172778,   2.7,  -1.4,  -1.8,-135.5, -37.6,1009.3,  -0.9,   0.9
172806,   2.1,  -0.4,   1.1, 101.3, -48.4,1097.9,  -0.8,   0.5
172830,   2.2,   1.7,   0.9,   0.2,  -4.9,1030.0,  -0.5,   0.3
172854,   4.1,  -1.2,   1.3,  25.4,  77.4,1070.1,  -0.1,   0.6
172882,   3.4,  -2.1,  -0.2,  78.6,  57.3,1026.8,   0.2,   0.7
172906,   3.1,  -1.2,   0.3,  53.9,  94.7, 978.0,   0.2,   0.7
172934,   4.8,  -1.0,   1.5, 114.0, -87.7,1047.6,   0.3,   0.6
172954,   3.3,  -2.3,   3.1, -49.8,  45.9,1085.0,   0.3,   0.8
172982,   3.6,  -1.6,   1.6, -28.3, -82.6, 971.4,   0.1,   1.1
173006,   2.8,   1.7,   0.9, -99.6,-106.7,1056.4,   0.0,   0.6
173030,   5.1,  -0.1,   3.4, 163.3,  75.4,1052.0,  -0.2,   0.2
173054,  -0.8,  -4.8,   5.3,-229.3,-524.0,1465.8,  -0.1,   1.4
173082,   7.9,   1.0,   3.9, -77.7,-101.4, 933.3,  -1.4,   1.2
173106,   3.4,  -1.6,  -0.1, -96.0, -88.4, 846.4,  -0.8,   0.8
173130,  -0.8,  -1.0,   3.1,  45.2,-214.1,1062.5,  -0.7,   0.7
173154,  -0.1,   3.2,   4.5, -11.2, -20.8,1085.7,  -0.9,   0.3
173182,   4.0,  -1.6,   4.8, 105.9, 118.9, 997.8,  -0.7,   0.5
173206,   2.0,   0.1,   3.5, -89.6,  88.3, 943.6,  -0.0,   0.9
173230,   2.1,  -2.3,   5.0,  72.3,  91.8,1006.6,   0.1,   1.0
173254,   2.0,   0.7,   3.7, -32.7, -25.9, 960.9,   0.4,   0.7
173282,   2.2,  -0.4,   4.2, -53.0, 119.3, 997.6,   0.8,   0.7
173306,   1.4,  -0.8,   3.2,  34.2,  14.9,1010.7,   0.7,   0.7
173330,   1.4,   1.7,   1.8, -87.9,  57.3, 874.7,   0.6,   0.9
173354,   3.9,  -1.3,   3.2,  50.3, 122.3,1017.3,   0.8,   0.8
173382,   0.1,  -4.3,   3.5,  19.5,-170.0,1025.9,   1.0,   1.2
173406,   0.1,  -2.9,   3.6, -26.4,  71.7, 951.7,   0.9,   1.3
173434,  -4.0,  -1.0,   4.7, -40.5, -66.2,1007.6,   0.7,   1.3
173454,  -1.8,  -4.3,   5.1, -13.2, 150.4, 891.4,   0.9,   1.2
173482,  -8.0,  -1.3,   3.0, 552.7, 210.7,1046.6,   2.3,   0.3
173506,   2.0,  17.9,   9.2,-1128.4, 119.8,1223.9,   1.1,   0.3
173530,   8.0, -12.2,   9.3, 636.5, 330.3, 856.9,   0.3,   0.8
173554,  -1.1,   3.3,   0.6, 247.5, 206.0, 907.7,   1.1,   0.4
173580,   0.1,  -1.8,   4.2,-158.5,  42.7,1129.4,   0.5,   1.4
173604,  -0.8,  -1.5,   4.6,  27.8,  25.8, 984.1,  -0.0,   0.9
173632,  -2.2,  -4.0,   4.9, 233.1, -80.6,1125.0,  -0.8,   0.7
173656,  -1.4,  -0.5,   2.8, -51.8,   7.5, 909.4,  -1.0,   0.9
173680,  -1.3,  -0.4,   2.9,  25.1,-124.5, 962.6,  -1.6,   0.7
173704,   0.1,   0.1,   2.4,   8.3,-170.9,1024.2,  -1.8,   0.5
173732,  -0.8,   1.0,   5.8,   1.0, -69.4,1043.7,  -1.7,   0.5
173756,  -0.7,  -1.3,   6.7,  32.2, -68.4,1023.7,  -1.9,   1.0
173780,   1.1,   0.4,   6.2, -49.1, -16.9, 992.7,  -2.0,   1.0
173804,   1.1,  -2.6,   7.0,  44.9,  11.9,1057.1,  -1.8,   1.1
173832,   1.7,   0.2,   5.3,-117.0,  83.5,1004.9,  -2.0,   1.1
173856,   1.7,  -1.5,   4.0,  65.2,  -2.2, 949.9,  -2.3,   1.0
173880,   0.6,   1.3,   3.5,-105.5,  72.7, 829.6,  -2.3,   1.2
173932,  -4.9,   3.7,   3.0,-100.1, -53.7,1265.9,  -1.7,   1.4
173936,  -2.6,  -0.7,   4.0, -85.7,-109.9,1180.9,  -1.8,   1.5
173956,   1.4,   0.3,   8.0, -12.2,-282.3, 970.5,  -2.9,   1.2
173980,   5.3,  -1.9,   7.5,  24.9, 268.0, 903.8,  -2.3,   1.3
174008,   2.3,  -0.6,   6.0, -27.1,-119.2,1153.3,  -1.6,   1.7
174032,   1.9,  -0.1,   4.5,-143.3,   6.1, 845.0,  -1.5,   1.7
174056,  -0.6,  -1.8,   4.8,  72.0,-191.4,1166.3,  -1.5,   1.2
174080,   2.3,  -0.2,   5.7,-131.4,  -6.6,1020.7,  -2.1,   1.3
174108,  -0.5,  -0.7,   2.9,   8.8,-142.1,1071.0,  -2.3,   1.2
174132,   0.1,   0.9,   0.6,  65.9, -21.8, 973.1,  -2.3,   1.0
174156,   0.6,  -0.7,   1.3, -49.3, -92.8,1045.9,  -2.5,   0.9
174180,   3.1,  -0.8,   3.8, -35.2,   3.4, 918.0,  -2.6,   0.8
174208,   1.1,  -2.1,   2.1,-100.8, -50.6, 892.3,  -2.2,   1.1
174232,   2.9,  -1.5,   0.9,  12.4,-162.6,1009.5,  -2.8,   1.1
174256,   1.7,   1.1,   0.2, 112.3, -73.5,1067.6,  -3.2,   0.6
174280,   3.0,  -0.2,   2.7,-141.1,  86.4, 927.2,  -3.1,   0.8
174308,   0.0,  -2.5,   2.1,  26.6,  43.9,1010.0,  -2.6,   0.9
174332,  -1.3,  -0.7,   1.7,  30.3, -29.3, 942.4,  -2.6,   0.9
174356,  -3.7,  -1.9,   3.1, 110.3, -25.9, 939.9,  -2.7,   0.5
174380,  -1.4,  -3.2,   3.8, -17.6,-445.3,1306.6,  -3.6,   0.4
174408,   2.3,   4.0,   0.6, -83.5,-169.5,1014.9,  -4.6,  -0.1
174436,   2.1,   3.9,  -0.9,-122.8,  25.6,1011.0,  -4.6,   0.1
174456,   1.8,  -1.8,  -1.1, -36.4, -15.7,1018.3,  -4.1,   0.7
174480,   1.6,  -2.4,  -0.8,  35.9,-147.3, 982.9,  -4.3,   0.8
174508,   1.9,  -3.0,  -0.5,  92.3,-111.1, 986.3,  -4.8,   0.5
174532,   0.1,   0.1,  -0.8, -24.9, -94.3,1044.9,  -5.0,   0.3
174556,   0.6,   0.5,  -1.5, -39.8, -45.9,1001.2,  -5.1,   0.3
174580,   0.8,  -1.2,  -3.9,  38.1, -96.0,1005.9,  -5.1,   0.2
174608,  -0.5,  -0.1,  -5.8, -34.4,-145.1,1020.0,  -5.4,   0.2
174632,  -0.5,  -2.5,  -4.6, -28.3, -62.0,1006.3,  -5.4,   0.4
174656,   0.2,   0.1,  -5.4, -38.8, -94.0, 993.4,  -5.5,   0.4
174680,  -0.3,  -1.9,  -5.1,  15.1, -67.7,1027.8,  -5.4,   0.4
174708,   2.8,  -1.3,  -5.9,   5.1, -90.6,1004.6,  -5.6,   0.2
174732,  -0.2,  -0.1,  -6.1,   7.3, -27.4, 968.0,  -5.4,   0.1
174756,  -0.3,  -1.3,  -6.2, -59.6, -73.8,1007.3,  -5.3,   0.1
174780,  -0.8,  -1.5,  -7.0,  15.4,-112.3,1001.2,  -5.5,   0.0
174808,  -0.8,  -2.1,  -9.1,  32.9,-101.1,1028.3,  -5.6,  -0.2
174832,   0.0,  -0.5, -11.2,  45.2,-115.3,1025.4,  -5.7,  -0.5
174856,   0.9,  -0.9, -11.1,  16.6, -48.6,1006.1,  -5.6,  -0.6
174884,   0.6,  -1.2, -11.0, -51.8, -52.8,1006.1,  -5.5,  -0.5
174908,   1.2,  -1.2, -10.8,-117.2, -98.7,1024.9,  -5.4,  -0.1
174936,   0.5,   0.4,  -7.9, -59.8,   9.0,1006.1,  -5.3,   0.0
174956,   1.9,  -0.5,  -4.5, -83.0,  32.2,1042.5,  -4.7,   0.2
174984,   2.7,  -1.2,  -1.5,-136.2, -11.8,1009.3,  -4.1,   0.9
175008,   1.2,  -0.8,   0.9, -48.6, -66.7, 988.5,  -3.9,   1.3
175032,   1.0,  -1.8,   1.2,  16.3, -45.4,1012.9,  -3.8,   1.3
175056,   2.5,  -1.4,  -2.0,  20.7, -73.8,1033.0,  -3.7,   0.9
175084,   0.3,  -3.2,  -5.2,  70.8, -55.5, 995.6,  -3.4,   0.8
175108,  -0.2,  -0.7,  -6.6,  68.8,-101.4,1003.7,  -3.7,   0.2
175132,  -1.4,   0.9, -10.6, -43.0,-143.8,1006.8,  -4.0,   0.1
175156,  -0.0,  -1.8, -12.1,  11.7,  15.6,1009.8,  -4.1,   0.0
175182,  -0.2,  -1.3,  -9.8,  83.5,  24.6, 993.6,  -3.3,  -0.4
175206,   1.1,  -0.5,  -9.5,  -3.4, -54.2,1005.4,  -3.1,  -0.5
175234,   0.8,  -0.9,  -9.8,  -6.9, -27.9, 996.6,  -3.0,  -0.3
175258,  -0.3,  -0.3, -11.6,  12.4, -28.6,1017.6,  -2.8,  -0.3
175282,   0.1,  -0.8, -12.9,  67.9, -46.4,1001.9,  -2.8,  -0.5
175306,   0.4,  -1.2, -15.1,  33.9, -56.4, 990.2,  -2.9,  -0.7
175334,   0.1,  -0.9, -17.8,  -7.3,  -5.2,1005.1,  -2.6,  -0.8
175358,   0.3,  -2.7, -19.3,  -0.0, -40.1, 994.9,  -2.6,  -0.7
175382,  -0.5,  -2.7, -21.4,  51.5, -78.9,1021.0,  -2.6,  -0.8
175406,  -0.6,  -1.8, -23.6,  51.5, -95.5,1021.2,  -2.7,  -1.1
175434,  -1.5,  -0.2, -23.4,  29.3, -43.5, 981.9,  -2.8,  -1.1
175458,   0.3,   0.3, -23.2, -54.7, -31.5, 998.5,  -2.7,  -1.0
175482,  -0.3,  -3.9, -25.6,  50.3, -48.6,1001.2,  -2.6,  -0.8
175506,  -0.2,  -2.8, -28.3,  27.1, -59.6, 989.7,  -2.7,  -1.1
175534,  -0.0,  -4.2, -30.0,  79.1, -94.3, 974.8,  -2.7,  -1.3
175558,  -1.1,  -1.5, -32.5, -10.8, -71.6,1048.8,  -3.0,  -1.6
175582,  -0.5,  -5.7, -35.5, 100.6, -25.2,1000.5,  -3.0,  -1.6
175606,  -1.4,  -2.9, -38.0, -53.5, -57.9,1026.6,  -3.1,  -1.6
175634,  -2.3,  -2.9, -39.4,   4.4, -67.2, 970.9,  -3.1,  -1.6
175658,  -1.3,  -2.7, -42.5,  14.9, -58.9,1020.7,  -3.2,  -2.0
175682,  -2.0,  -5.7, -43.2,  10.2, -22.0,1001.7,  -3.2,  -1.8
175706,  -0.3,  -3.0, -46.7,  20.0, -95.5,1051.5,  -3.4,  -2.2
175734,  -1.9,  -4.0, -50.2,  53.0,-106.0,1008.8,  -3.4,  -2.2
175758,  -2.0,  -5.0, -52.4,  75.9,  29.0,1003.4,  -3.4,  -2.4
175782,  -1.8,  -5.5, -53.4,  19.3, -39.3,1008.1,  -3.6,  -2.3
175806,  -0.2,  -6.5, -55.4, -28.1, -22.5,1029.3,  -3.7,  -2.1
175834,  -3.1,  -3.2, -59.3, -88.9,-101.4, 957.3,  -3.6,  -2.1
175858,  -1.2,  -7.0, -59.3, 290.3,  -3.5,1012.7,  -3.8,  -2.7
175882,  -0.9,  -1.0, -59.0,-182.9,  99.6, 966.1,  -3.7,  -2.1
175934,  -1.2,  -6.8, -60.8,  42.5,-155.3,1067.6,  -3.8,  -2.2
175938,  -1.3,  -5.0, -61.0, -66.2,   1.7,1027.6,  -3.7,  -2.1
175958,  -4.4,  -3.7, -60.6, -67.2,-109.4, 939.0,  -3.8,  -1.7
175982,  -3.2,  -6.6, -60.1,  41.2, -10.3, 949.9,  -3.7,  -1.5
176010,  -6.3,  -2.4, -63.0, -19.3, -99.6, 972.4,  -3.6,  -1.4
176034,  -6.0,  -6.5, -64.0, -41.8,-101.6, 957.3,  -3.6,  -1.3
176058,  -5.3,  -3.8, -65.4,  -2.0,-253.9,1328.9,  -3.8,  -1.7
176082,   1.2,  -9.0, -61.5, 127.9,  90.1,1154.3,  -3.9,  -0.9
176110,   0.2,  -5.2, -62.1,-152.1, -49.1,1001.5,  -3.6,  -0.8
176134,  -1.1,  -4.0, -61.5,-175.3, -93.8,1051.0,  -3.4,  -0.3
176158,  -0.8,  -5.7, -62.4,-118.2,  66.4, 913.3,  -3.2,  -0.3
176182,  -3.5,  -8.2, -61.3,  14.4, -34.0,1044.2,  -2.9,  -0.3
176210,  -2.0,  -2.1, -61.8,-188.2, -19.1,1042.5,  -3.0,  -0.0
176234,  -3.3,  -2.3, -61.0,-217.8, -90.9,1106.7,  -2.9,   0.4
176258,  -1.7,  -3.5, -57.0,-164.3,  32.4,1052.7,  -2.5,   0.9
176282,  -1.7,  -7.4, -53.3, 225.1,   5.8,1018.5,  -2.1,   0.7
176310,  -3.7,  -5.0, -51.5,-130.6,   4.4, 957.0,  -1.9,   1.5
176334,  -4.8,  -7.5, -48.9,  89.8,-199.7,1300.3,  -2.0,   1.4
176358,   1.3,  -3.8, -47.2,-273.7, -26.6,1109.1,  -2.2,   2.2
176382,   1.1,  -7.6, -45.3,  17.3,   0.9, 932.4,  -1.7,   2.4
176410,  -0.2,  -0.7, -43.9,  23.4,  51.5, 944.3,  -1.3,   1.7
176438,   1.2,  -6.1, -39.6,  69.1, 251.2,1030.5,  -0.9,   1.6
176458,  -1.7,  -4.6, -38.8,  81.3,  46.8, 978.5,   0.1,   1.9
176482,  -0.6,  -3.9, -36.3, -17.6,  41.2, 979.0,   0.1,   2.0
176510,  -0.8,  -3.2, -35.3,   8.3, -41.8,1015.1,   0.1,   1.9
176534,  -2.0,  -1.4, -36.4,  10.5, -58.1,1010.5,  -0.1,   1.9
176558,  -1.9,  -0.8, -39.4, -56.7,-111.4,1035.6,  -0.5,   1.9
176582,  -1.4,  -4.7, -40.5,  29.8,  14.4, 985.8,  -0.8,   1.8
176610,  -2.9,  -4.6, -42.5, 111.6, -75.0, 983.9,  -0.9,   1.3
176634,  -0.5,  -5.1, -42.4,  28.5, -62.8, 962.4,  -1.0,   1.2
176658,  -1.9,  -3.7, -43.1, -99.1,-117.7, 993.9,  -1.1,   1.2
176682,  -2.7,  -4.3, -43.9,  18.3,-105.0,1023.2,  -1.3,   1.0
176710,  -1.6,  -4.3, -45.3,  33.9, -80.8, 962.2,  -1.6,   0.9
176734,  -2.8,  -4.0, -46.0,  53.7, -22.0, 975.6,  -1.5,   0.8
176758,  -1.9,  -4.0, -48.6, -12.0,-124.1,1026.6,  -1.7,   0.7
176784,  -2.1,  -6.5, -49.4, 106.4, -47.4,1110.8,  -1.9,   0.6
176808,  -1.6,  -3.4, -51.0, -95.7, -16.4, 937.5,  -2.2,   0.7
176832,  -1.5,  -5.4, -52.4, -42.7, -34.7, 995.6,  -2.3,   0.5
176860,  -2.6,  -6.8, -53.9,  -0.0,-122.1, 999.0,  -2.5,   0.5
176884,  -2.1, -12.0, -54.7, 333.7, -75.0,1058.1,  -2.7,   0.3
176908,  -2.8,   4.1, -56.0, -94.3,-203.4, 992.9,  -3.0,  -0.1
176936,  -0.4,  -8.7, -54.4, 131.8,  85.9, 979.2,  -2.8,  -0.4
176960,  -3.3,  -2.2, -57.2, -12.7, -58.4, 965.6,  -2.9,  -0.8
176984,  -3.9,   0.9, -60.1, -76.9,-272.5,1102.5,  -3.4,  -0.8
177008,  -0.8, -12.0, -56.0, 253.6, 106.7, 984.6,  -3.0,   0.0
177036,  -1.1,  -5.4, -58.5,  94.0,  29.3, 934.1,  -2.8,  -0.4
177060,  -3.6,  -8.7, -57.5,  64.7,-129.9,1064.9,  -2.6,   0.1
177084,  -3.9,  -6.5, -57.8,-146.5, -41.1,1063.2,  -2.4,   0.3
177108,  -4.4,  -8.3, -58.0,  35.9, -64.7, 943.6,  -2.6,   0.2
177136,  -3.6,  -0.8, -58.6,-168.0,  34.1, 977.0,  -2.8,   0.1
177160,  -2.8,  -5.6, -57.9,  -3.2, -33.0, 959.5,  -2.3,   0.6
177184,  -3.6,  -3.7, -56.9,-124.3, -11.3, 976.6,  -1.9,   0.9
177208,  -6.6,  -7.3, -58.0, 175.3, -13.5, 932.4,  -1.6,   0.7
177236,  -7.4,  -2.5, -57.5,-172.4,-133.3,1073.7,  -2.2,   1.0
177260,  -0.9,  -9.5, -57.3,  30.7, -31.8,1032.0,  -2.1,   1.1
177284,  -0.5,  -5.9, -58.3, -64.0, -35.4, 993.9,  -1.9,   1.5
177308,  -2.0,  -7.9, -60.5,  60.3, -46.4, 997.8,  -1.6,   1.4
177336,  -3.1,  -5.3, -60.5,-112.8, -51.1, 987.8,  -1.7,   1.5
177360,  -4.5,  -5.9, -61.7, -81.1,-142.1,1041.0,  -1.7,   1.4
177384,  -2.8,  -3.8, -59.0,-136.7, -28.1, 961.4,  -1.6,   1.6
177408,  -2.8,  -6.1, -57.9,  96.9,  19.5, 956.3,  -1.3,   1.6
177436,  -3.9,  -1.0, -54.3,-286.6, -21.3, 996.1,  -1.3,   2.1
177460,  -4.4,  -3.6, -49.6, -39.6,  34.1, 976.1,  -1.0,   2.1
177484,  -3.6,  -5.5, -47.1, 156.5,-537.6,1018.1,  -1.3,   2.0
177508,   4.8,  -5.5, -35.0,-512.2, 195.3, 985.8,  -0.8,   4.1
177536,   3.4,  -1.1, -34.5,-303.0, 190.6,1093.5,  -0.1,   4.0
177560,  -0.3,  -9.6, -38.8, -40.5,-178.7,1023.4,   0.2,   4.6
177584,  -2.2,  -3.7, -42.6, 168.7,-191.7,1013.4,  -1.0,   3.1
177608,  -2.1,  -4.6, -44.9,  79.1,   1.7, 982.9,  -1.2,   2.6
177636,  -2.0,  -4.6, -49.1,  -5.1, -96.0,1034.4,  -1.4,   2.0
177660,  -3.8,  -6.8, -52.4,  55.2,-136.3, 945.1,  -1.7,   2.1
177684,  -3.5,  -2.0, -56.3, -12.0,-226.8,1056.4,  -2.3,   1.5
177708,  -1.2,  -6.5, -56.0,  98.9, -21.5,1080.6,  -2.4,   1.3
177736,  -1.1,  -5.7, -55.5,  36.4,  39.5,1020.7,  -2.1,   0.9
177760,  -1.2,  -5.7, -55.6, -53.7,  42.4,1082.5,  -1.9,   1.2
177784,  -0.9,  -6.8, -57.5, -29.6,   5.8, 978.8,  -2.2,   1.5
177808,  -1.7,  -6.5, -57.8, 129.1,-119.9,1116.2,  -2.4,   1.4
177836,  -1.9,  -4.9, -59.7,  27.6,  41.0, 959.7,  -2.1,   1.3
177860,  -3.4,  -3.5, -58.8, -53.2,  33.7,1000.0,  -2.3,   1.4
177884,  -4.3,  -4.1, -61.5, -61.1, -94.8, 878.2,  -2.6,   1.5
177936,  -2.0,  -6.5, -64.3,-115.0,-109.4,1039.8,  -2.8,   1.6
177940,  -1.5,  -7.0, -63.8, -14.4, -19.1,1059.8,  -2.8,   1.6
177960,  -1.3,  -5.4, -64.8, -65.9, -79.1,1034.9,  -2.6,   1.6
177984,  -1.7,  -2.9, -64.3,-119.4, -58.4, 990.2,  -2.7,   1.5
178012,   0.9,  -4.4, -62.1,-206.3,  37.3, 968.3,  -2.4,   2.0
178036,   0.0,  -2.4, -62.4,-340.3, -82.3, 901.4,  -2.4,   2.5
178060,  -2.8, -12.0, -62.0, 136.7, -81.3,1070.3,  -2.3,   2.7
178084,  -1.4,  -4.3, -62.7,-139.2,  17.3, 988.3,  -2.4,   2.5
178112,  -4.4,  -8.8, -64.5, 170.4, -65.7, 899.7,  -2.1,   1.9
178136,  -7.7,  -3.4, -64.5, -47.1,-189.0,1422.6,  -2.2,   1.7
178160,  -0.6,  -9.0, -59.4, 194.6, 114.2, 956.5,  -2.0,   2.2
178184,  -1.9,  -1.8, -62.1, 118.6, 102.0, 975.1,  -1.9,   1.7
178212,  -5.5,  -9.6, -63.7, -23.7,-162.1,1005.4,  -1.5,   2.3
178236,  -5.0,  -4.1, -63.2,-164.3, -56.7, 990.0,  -1.7,   2.3
178260,  -4.2,  -5.5, -61.5, -93.3,  45.9, 963.6,  -1.6,   2.6
178284,  -2.6,  -7.2, -60.1, 152.1,  63.7,1058.6,  -1.3,   2.6
178312,  -3.8,  -2.7, -58.1, -20.8, -71.6,1097.4,  -1.2,   3.0
178336,  -4.0,  -2.1, -56.8,-368.9,-119.4, 967.5,  -1.2,   3.7
178360,  -2.7,  -9.0, -54.6,  19.0, -13.2,1014.6,  -1.1,   3.8
178386,  -2.8,  -7.1, -53.8, -98.2,  43.4,1063.0,  -1.0,   3.8
178410,  -2.5,  -7.0, -52.7, -66.2,  70.5,1078.6,  -0.8,   4.0
178438,  -2.0,  -1.6, -51.4,  80.1,  67.1, 803.0,  -0.6,   4.0
178462,  -0.8,  -3.1, -45.3,-335.0, 202.8,1054.9,  -0.2,   5.3
178486,  -1.8,  -5.7, -41.0, 223.6, 165.7,1097.4,   0.7,   4.9
178510,   1.4,  -2.2, -36.4,-210.5, 100.3, 878.7,   1.2,   5.7
178534,  -2.4,  -3.0, -31.6,-219.5,  33.9,1001.2,   1.6,   5.9
178562,  -2.0,  -1.3, -29.0,-253.7,  63.4,1010.5,   2.0,   6.3
178586,  -3.6,  -4.7, -29.3, -45.7,  55.9,1044.4,   2.5,   6.2
178610,  -2.0,  -2.3, -25.1,  -3.7,  72.2, 988.3,   2.7,   5.7
178634,  -1.5,  -1.3, -22.7,-122.1, 115.4, 996.8,   3.1,   5.6
178662,  -2.0,  -2.7, -19.5,-102.6, 113.0,1003.7,   3.7,   5.8
178686,  -1.3,  -1.7, -18.0, -96.5,  66.1,1022.5,   3.8,   6.0
178710,  -0.6,  -2.4, -15.1,-146.0, 105.2,1033.2,   4.2,   6.4
178734,  -1.3,  -0.7, -11.9, -80.1, 133.3, 958.2,   4.7,   6.3
178762,  -0.7,  -2.1,  -7.9, -38.3,  91.0,1012.7,   5.0,   6.2
178786,  -0.1,  -0.6,  -6.3, -69.6, 121.1, 998.0,   5.3,   6.0
178810,  -0.3,  -1.3,  -4.8, -33.5,  74.2, 993.4,   5.5,   6.0
178834,  -0.6,  -0.1,  -3.9, -95.5, 124.0, 977.8,   5.7,   5.8
178862,   0.1,   0.3,  -1.0, -98.4, 122.0,1009.5,   6.1,   5.7
178886,   0.1,  -0.2,   0.2, -79.6,  74.4, 958.7,   6.3,   5.6
178910,  -0.2,  -1.5,   1.5, -92.3, 104.0,1051.3,   6.5,   5.7
178938,  -1.3,   0.4,   3.8, -80.6,  89.8, 974.1,   6.7,   5.9
178962,  -1.5,  -1.0,   4.4, -34.9,  46.6, 997.3,   6.4,   5.6
178986,  -1.0,   1.4,   5.4, -54.7,  19.0, 958.0,   6.3,   5.3
179010,  -0.8,   1.7,   8.2,-143.3,   6.3, 994.9,   6.0,   5.4
179038,  -0.3,   1.0,   8.7,  63.2,  95.7,1038.6,   5.7,   5.1
179062,  -2.5,   0.3,   9.2,  42.2,  39.0, 957.8,   5.9,   5.0
179086,  -1.9,   5.9,   9.1,-192.4,-135.5,1245.1,   5.6,   4.9
179110,   1.9,  -0.1,  10.5, -44.2, -94.5, 928.5,   4.5,   5.1
179138,   2.5,  -1.4,   5.6,  94.2, 113.0,1038.1,   4.2,   4.6
179162,   0.5,  -4.9,   5.6, 338.6, -16.6,1058.3,   3.9,   4.2
179186,   0.5,   5.8,   6.6,-193.9, -16.9, 862.8,   3.6,   3.6
179210,  -0.1,  -2.3,   9.3, -20.5, -16.9,1041.5,   3.5,   3.8
179238,   1.1,   2.2,   6.9,-177.0, -72.3, 980.7,   3.0,   4.0
179262,  -0.6,   0.1,   7.0,-114.8, -82.1,1034.4,   2.6,   4.1
179286,  -0.9,   0.1,   7.3, -44.9,-129.7,1074.5,   2.2,   3.9
179310,   0.8,   2.2,   9.5, -58.9, -21.0,1037.3,   1.9,   3.6
179338,   1.9,   0.9,  13.7,  53.9, -50.3, 984.1,   1.6,   3.6
179362,   0.9,   0.4,  12.3, -90.6, 143.3, 905.8,   1.7,   4.0
179386,   0.3,  -2.9,   5.3, -23.7,  13.6, 950.4,   1.3,   4.2
179410,  -1.3,  -5.4,   2.9, 167.7,-178.0,1009.3,   0.5,   3.6
179438,  -1.2,  -1.7,   1.0, -72.8,  73.0,1038.6,   0.5,   3.6
179462,  -2.6,  -1.0,  -1.8, -50.1,-197.5,1061.0,  -0.3,   3.2
179486,  -0.2,   2.3,  -5.7,-201.4, -24.2, 984.6,  -0.6,   2.9
179510,  -1.7,  -2.6,  -6.2, 118.6,  -5.4, 941.2,  -0.4,   2.3
179538,  -1.4,  -0.2,  -7.0,  48.1, -14.2, 959.2,  -0.7,   1.6
179562,  -5.7,  -0.4,  -6.5,  76.4, -41.5, 964.1,  -0.9,   1.3
179586,  -7.6,  -0.1,  -4.8,-250.7,-369.4,1073.7,  -1.6,   1.4
179610,   0.1,  -0.4,  -7.7, 284.9, -38.4,1088.4,  -2.1,   0.8
179638,   0.5,  -3.0, -10.7,-493.9, -73.3, 890.9,  -1.9,   1.7
179662,  -0.6,  -8.7, -11.0, 174.8,   6.3,1021.2,  -1.7,   1.6
179686,   0.0,  -0.8, -10.2, 376.9, -95.7,1001.9,  -2.1,   0.5
179710,  -0.2,   1.8,  -9.6,-320.6, 150.4,1017.8,  -2.2,   1.2
179738,   0.9,  -5.5, -11.6, 163.8, -81.3,1074.0,  -2.0,   1.3
179762,   1.5,  -1.3, -15.9, -10.8, -90.9, 977.0,  -2.4,   1.2
179786,  -1.6,  -1.9, -16.3, -43.2,  75.6, 914.8,  -2.4,   1.2
179810,  -1.7,  -2.5, -12.1,  75.7, 123.7, 898.2,  -1.5,   1.0
179838,  -0.8,  -2.1,  -7.2,  29.5,  37.6,1059.1,  -1.4,   0.8
179862,  -0.6,   3.2,  -5.9,-283.0, -69.1,1008.1,  -1.4,   1.5
179886,   2.2,  -0.6,  -3.4, -51.8,  -0.8,1020.3,  -1.0,   1.7
179910,   1.9,   3.7,   0.6,-209.7, 128.4, 946.0,  -0.4,   1.8
179938,  -2.5,  -0.1,   4.0, -36.6, -73.8, 955.1,  -0.6,   1.8
179962,   0.7,   0.1,   3.1,-109.1,   4.4,1052.0,  -0.8,   2.5
179988,  -1.8,  -2.7,   0.6,  35.1,-150.9,1076.4,  -1.2,   2.4
180012,   1.5,  -1.6,  -3.9,  65.7, -36.9, 991.4,  -1.4,   2.0
180036,   0.1,  -1.5,  -5.2,  -7.6,  52.7, 966.8,  -0.9,   1.5
180064,   3.4,  -4.7,  -2.9,-111.3,-157.5,1126.7,  -1.7,   2.0
180088,   6.5,   1.3,  -4.1,  92.0, -54.5, 956.0,  -1.7,   1.2
180112,   3.9,   4.5,  -6.4,-255.9, 260.7, 949.9,  -0.7,   0.8
180136,   1.6,  -3.7,  -3.0,  30.0, -74.3,1040.5,  -0.0,   1.5
180164,   1.9,   2.2,  -4.0,-101.8,  87.6, 934.3,  -0.4,   1.4
180188,  -2.0,  -4.3,  -3.2, 181.6,-183.4,1107.2,  -0.9,   1.4
180212,   1.2,   1.0,  -4.4,  76.4, -72.5,1054.9,  -1.5,   0.7
180236,   1.3,   2.2,  -6.7, -81.6, -48.6,1007.3,  -1.5,   0.7
180264,   2.1,   2.0,  -9.2, -63.0, -33.5, 840.8,  -1.2,   0.5
180288,  -0.9,   1.5, -10.9, -67.6, -20.1, 986.8,  -1.1,   0.6
180312,   0.6,  -3.0, -11.2,  26.1, -78.2,1006.6,  -1.5,   0.7
180336,   0.6,  -0.5, -12.9, 152.8, -92.8,1022.9,  -2.0,   0.3
180364,   3.1,   1.3, -13.0, -93.0,  78.1,1003.9,  -2.0,   0.7
180388,   5.2,  -2.3,  -9.2,-132.3, 232.9,1069.3,  -0.9,   1.1
180412,   5.8,  -1.5,  -5.9,-187.5,-197.3, 999.0,  -0.6,   1.7
180440,   2.7,   0.3,  -5.1,-294.7, 264.1, 886.5,  -0.3,   2.0
180464,  -4.3,  -4.5,  -1.8, 344.7, 138.4,1104.5,   0.5,   1.6
180488,   6.4,  -1.9,   8.2, 242.2,-152.6,1012.0,  -1.0,   1.5
180512,   1.7,   3.7,   8.2,-313.5, 104.9,1017.6,  -0.4,   2.4
180536,   2.6,  -1.8,   3.6,-109.6, -18.6, 997.6,  -0.3,   2.9
180564,   2.4,  -1.6,  -2.1, -92.1,  79.8, 973.1,  -0.1,   2.8
180588,  -0.8,  -7.4,  -1.3,  -5.9,-152.4,1285.9,  -0.0,   2.7
180612,  -5.5,  -0.1,   0.4, 175.3,-215.4,1052.5,  -0.1,   1.7
180636,   1.3,   1.7,  -1.5,-176.0,-102.1, 982.7,  -0.3,   1.8
180664,   2.3,  -2.7,  -2.9, 281.2, -17.9,1056.4,  -0.6,   1.4
180688,   1.7,   2.2,  -4.5,-176.8, -86.5, 968.5,  -0.6,   1.9
180712,   0.6,  -0.4,  -5.0,  17.3,-125.8, 990.5,  -0.6,   1.5
180736,  -2.2,   0.3,  -5.8, -42.7, -70.1,1079.1,  -0.6,   1.3
180764,   2.5,  -1.9,  -5.6,  19.8, -78.4, 982.9,  -1.1,   1.2
180788,  -0.8,  -0.9,  -8.8,   8.8, -79.9, 976.8,  -1.1,   0.9
180812,  -2.0,  -0.9, -12.9, -79.1,-151.6,1015.6,  -1.5,   1.0
180836,  -0.0,  -7.1, -15.3, 303.5,  47.6, 938.2,  -1.8,   0.8
180864,   2.8,   0.7, -10.3,-140.6,  61.5, 964.3,  -1.5,   0.4
180888,   3.9, -10.1,  -4.6,-106.9,-117.2,1109.1,  -1.1,   1.4
180912,   6.3,   0.6,  -6.8,-367.9, -12.0, 894.5,  -1.2,   2.0
180940,   2.4,  -2.6,  -6.2,-137.7, 125.0, 977.5,  -1.0,   2.1
180964,  -0.8,  -1.7,  -0.9,   1.7,  28.0, 987.1,  -0.9,   1.9
180988,  -3.0,   4.8,   1.9,-169.4, -41.8,1019.5,  -1.1,   2.0
181012,   2.9,   3.6,   4.2, -48.8,  34.1, 915.8,  -1.6,   2.3
181040,   1.8,   3.3,  -2.6,-178.5,  86.1, 963.4,  -1.2,   2.4
181064,   2.3,  -2.6,  -2.3, 110.8,   5.1,1036.6,  -1.0,   2.2
181088,   1.4,  -2.8,  -2.1, 151.8, -87.2, 950.4,  -1.0,   1.6
181112,  -0.7,   2.8,  -3.2,-175.3, -45.2, 985.1,  -1.3,   1.8
181140,  -1.1,   0.9,  -5.6, -11.5, -82.6,1058.3,  -1.6,   1.6
181164,  -1.5,   0.6,  -8.2,-119.6, -73.3, 974.8,  -1.5,   1.5
181188,  -1.3,  -2.9,  -8.8,  66.6, -33.0,1077.6,  -1.7,   1.2
181212,  -4.3,  -0.9,  -9.2,-118.9,-219.0,1097.4,  -2.1,   1.6
181240,  -2.8,  -8.5, -12.1, 281.7,  87.4, 975.3,  -2.2,   1.2
181264,  -3.5,  -1.6, -11.8, -46.6,-229.8, 906.2,  -2.9,   0.9
181288,  -0.1,  -3.5, -12.3, 285.1, 204.6, 933.8,  -1.8,   0.4
181312,  -2.4,   6.3, -14.5,-209.0,-129.4,1094.7,  -1.7,   0.4
181340,   2.6,  -7.5, -11.5, 283.7, -19.6, 918.9,  -2.4,   0.9
181364,   1.0,   4.3, -11.8,  -6.1,  82.2,1014.6,  -2.3,   0.6
181388,   2.6,  -4.0,  -5.7,  34.2, 172.8, 947.0,  -1.7,   1.5
181412,   5.9,   0.1,   2.3,-116.5, 194.5, 947.7,  -0.8,   1.8
181440,   3.6,   0.1,   6.3,-124.3,-123.8, 968.3,  -0.8,   1.9
181464,   3.9,  -3.6,   2.6,-173.6,  97.4, 930.2,  -0.5,   2.9
181488,   4.1,  -6.7,  -4.1, 214.8,  66.4, 994.4,  -0.2,   2.6
181512,  -0.3,  -0.7,  -5.6,  54.2, -37.6, 936.8,  -0.2,   1.9
181540,  -0.4,  -0.4,  -6.2, -97.7, -62.5, 973.4,  -0.6,   1.4
181564,  -0.5,  -1.6,  -6.4,-156.5, -35.2, 966.1,  -0.7,   1.7
181590,   0.1,  -1.8,  -8.2, -67.2,  89.3,1022.2,   0.1,   1.9
181614,   0.9,   6.2,  -4.9,  39.8,  71.5, 959.2,   0.2,   0.6
181638,   2.0,  -1.1,  -0.4,-320.6, 183.3, 968.5,   1.3,   1.8
181662,  -1.1,  -5.2,  -2.2,  51.7, -28.6,1013.2,   1.9,   1.8
181690,  -2.0,  -6.3,  -3.7,-241.2,  10.7, 924.3,   1.7,   2.6
181714,  -1.8,  -3.6,  -1.0, -75.9,-387.0,1202.9,   0.8,   1.9
181738,   2.3,  -1.3,  -2.9, 256.6,  11.9,1007.1,   0.0,   1.3
181762,   0.2,   6.4,  -9.2,-258.6,  96.6,1002.7,   0.5,   1.3
181790,   0.3,  -7.1,  -6.6,  36.6, -51.1,1038.6,   0.3,   2.1
181814,  -1.0,  -3.7,  -7.6, 271.7, -98.9,1169.9,  -0.1,   1.8
181838,   2.3,  -2.9,  -7.4, -22.5,   2.4, 985.3,  -0.7,   1.8
181862,   2.1,  -4.0,  -7.7,  10.2,  23.4, 946.0,  -1.0,   1.7
181890,  -1.9,  -2.2,  -8.7,-123.6, -97.2,1013.2,  -0.9,   1.5
181914,   1.2,  -0.2,  -6.5,  41.0, -58.6,1092.5,  -1.3,   1.1
181942,  -1.4,   0.3,  -6.6,-175.1,   6.8, 978.8,  -1.4,   1.3
181962,  -2.1,  -2.5,  -6.3,  41.5,-185.1,1100.8,  -2.1,   1.1
181990,   1.2,   0.6,  -2.6, -59.8, 135.2,1116.0,  -2.5,   1.0
182014,   2.4,   3.2,   0.9,-119.9, -25.9, 941.9,  -2.1,   1.2
182038,   2.5,   2.6,  -2.6,-317.4,  30.5,1076.2,  -1.7,   1.8
182066,   1.0,  -0.6,  -1.7,  65.7,  57.1, 981.9,  -1.6,   1.8
182090,  -3.7,   3.1,  -3.0, -84.5,  91.0, 865.2,  -0.7,   1.5
182114,  -6.0,   3.0,  -0.9,  25.4,  79.8, 948.2,  -0.6,   1.4
182138,  -0.9,   1.5,   3.8,  87.6, -33.5, 975.8,  -1.4,   2.0
182166,   1.1,   0.6,   4.3, 121.1,  71.3,1100.8,  -1.2,   1.9
182190,  -1.1,   2.6,   5.7,-255.4, 111.3, 952.4,  -0.5,   3.0
182214,   1.2,  -0.5,   7.2, -91.1, 155.0, 984.4,  -0.3,   3.4
182238,  -2.0,   1.2,   9.8, -91.8, -26.6,1050.3,  -0.4,   3.4
182266,  -0.9,  -1.4,  11.8, -69.6,  27.6,1088.1,  -0.5,   3.5
182290,  -2.1,  -2.1,  11.7,  71.8, -16.6,1084.5,  -0.5,   3.6
182314,  -0.6,   1.8,  11.4,   8.5, -74.3,1024.9,  -0.9,   3.3
182338,   2.0,   0.3,  11.1,  21.7,  99.1,1022.7,  -1.0,   3.1
182366,   2.0,  -1.4,  11.6, -98.9, 118.4, 975.3,  -0.9,   3.6
182390,  -1.6,   2.8,   8.7,-381.4,  93.5, 884.0,  -0.2,   4.1
182414,   2.7,  -2.1,  10.8, 307.6,-136.5,1055.9,  -0.9,   2.9
182442,   1.7,   1.5,   8.5,-259.0,  87.4, 941.2,  -0.8,   3.3
182466,   1.1,  -0.7,   8.2,-128.4,  45.9, 950.2,  -0.8,   3.3
182490,  -1.4,  -0.3,   7.2,  23.2, -43.0, 896.2,  -0.9,   3.0
182514,   2.0,  -2.7,   8.2,   2.2, -81.6, 881.1,  -1.7,   3.0
182538,   1.6,  -1.9,   6.6,   4.6, -37.9, 976.1,  -1.6,   3.0
182566,   0.8,   3.7,   2.2,-202.9,-125.8, 998.0,  -2.0,   2.7
182590,  -0.9,  -3.0,   2.6, -17.1, -21.5,1029.5,  -2.2,   2.6
182614,   0.2,   3.2,   1.5, -51.3, -15.4,1034.4,  -2.5,   1.9
182638,  -0.0,  -1.0,   1.2, 124.5, -32.0,1033.7,  -2.9,   1.8
182666,   1.6,  -1.7,   2.2, -67.2,-100.4, 998.3,  -3.2,   2.0
182690,  -1.6,  -0.4,   0.6, 198.5, -73.5, 996.8,  -3.2,   1.5
182714,  -0.3,   1.9,  -1.6, -63.0,-179.2,1014.4,  -3.6,   1.5
182738,   1.6,  -1.4,  -0.1, -38.8,  -0.5, 960.0,  -3.9,   1.7
182766,   1.4,   1.4,   0.6, -88.1, -47.9,1037.6,  -3.8,   1.6
182790,   3.9,  -0.1,   1.7,-156.8,  77.6, 946.5,  -3.1,   2.1
182814,   3.5,   1.0,   3.0,-187.3,  97.9, 996.1,  -2.7,   2.4
182838,   3.1,  -1.6,   4.9,  59.1, 113.0,1029.8,  -1.6,   2.5
182866,   4.5,   5.7,   8.1,-202.2,  -6.4,1042.7,  -2.0,   2.3
182890,   2.7,   1.0,   9.6, -45.2, 288.3, 961.2,  -0.7,   3.0
182914,   1.4,  -0.8,  10.0, -24.7,  23.9,1352.8,  -0.3,   3.1
182942,   2.7,  -6.5,  11.0, 190.2, 162.6,1046.6,  -0.0,   2.7
182966,   2.0,   1.3,   8.7,  35.6, 148.6, 960.4,   0.6,   2.0
182990,  -1.3,  -2.9,  10.3, -62.3, -91.8,1045.6,   0.8,   2.7
183014,  -2.3,   3.8,   9.0, 106.9,-104.8, 948.5,   0.1,   2.1
183042,  -0.2,  -2.6,   9.2, -92.8,-140.4,1001.7,  -0.3,   2.5
183066,   2.0,  -0.4,   6.7, 147.9,  75.6,1193.8,  -0.1,   2.0
183090,  -0.3,   0.6,   5.8,-211.4, -31.5,1000.2,   0.0,   2.5
183114,  -0.4,  -3.1,   6.6,  21.5, -46.7,1016.8,  -0.2,   2.5
183142,   0.9,   1.8,   5.4,  18.3, -84.3,1095.7,  -0.5,   2.3
183166,   0.9,   2.2,   7.6,-224.9, -97.7,1051.0,  -0.8,   2.5
183192,   1.4,   0.2,   6.4,  39.0,-122.1,1104.5,  -0.8,   2.2
183216,   4.2,  -0.8,   5.3,  48.3,  28.0, 903.8,  -1.4,   2.2
183240,   2.3,  -0.8,   3.3,-109.6, -48.9, 988.5,  -1.3,   2.5
183264,   2.0,  -7.4,   2.4, 291.2,  99.6,1020.5,  -1.2,   2.3
183292,  -2.4,   3.2,   2.6,  70.5,-104.8, 907.0,  -1.6,   1.0
183316,   3.7,  -4.0,   5.9,  72.3, -73.8, 933.3,  -2.4,   1.6
183340,   6.1,   2.0,   3.4,-113.8,  48.8, 981.2,  -2.2,   1.9
183364,   0.8,  -1.2,   0.7, -30.5,  52.5, 954.6,  -1.5,   1.9
183392,   2.7,  -1.8,   0.5,  44.2, -44.2, 806.9,  -2.1,   1.8
183416,  -0.8,  -1.3,  -0.5, -81.3,-173.1,1117.9,  -2.4,   1.8
183444,   0.8,  -1.5,   2.1,-158.5,  26.1,1064.2,  -2.3,   1.8
183464,   3.5,  -1.2,   1.6, -16.6,  17.3,1007.1,  -1.8,   1.5
183492,   1.6,  -0.7,   2.4,-184.1,  12.4, 945.3,  -1.2,   2.2
183516,   0.8,   0.9,   4.9,  -0.7,  44.9,1031.2,  -0.8,   2.3
183540,   1.6,  -2.2,   8.4, -70.8,  75.4,1076.9,  -0.3,   2.7
183564,   2.3,   1.6,  10.0, -38.8,  67.8, 936.5,  -0.0,   2.6
183592,   1.2,   1.5,  11.5,-258.3,  80.5,1136.5,   0.5,   3.2
183616,   2.4,  -4.4,  11.7,-170.7,-163.4, 988.0,   0.1,   3.7
183640,  -0.0,  -2.8,   9.3, 160.1, -42.3,1230.7,   0.2,   3.2
183664,   0.1,   7.0,   7.2,-341.1,   5.6, 900.4,   0.3,   3.4
183692,  -2.9,  -2.3,   5.6,  43.7,  45.9, 937.5,   0.4,   3.1
183716,   2.0,   0.4,   7.4,-191.4,-363.3,1308.6,  -0.1,   3.1
183740,   7.8,   0.2,  10.1, 307.6, 174.3,1084.2,  -1.1,   1.6
183764,   1.4,   6.7,   4.9,-287.6, 203.6, 844.0,   0.5,   2.3
183792,   1.9,  -0.1,   6.3, -56.7, -73.5,1033.2,   0.3,   3.0
183816,  -0.4,  -0.4,   6.2,   0.5,  58.8, 991.2,   0.0,   3.0
183840,  -0.1,  -4.1,   8.1,  96.9, -10.3,1046.9,  -0.4,   3.1
183864,  -0.7,   2.0,   6.3,-122.8, -77.2,1149.2,  -0.8,   2.7
183892,   0.6,  -2.5,   5.4, -66.2,-182.9,1023.2,  -1.4,   2.9
183916,   1.4,   1.9,   2.3,   6.1, -82.6,1037.3,  -1.6,   2.4
183944,  -0.0,  -1.3,   4.9, -62.8,-147.3, 963.1,  -1.7,   2.4
183964,  -1.0,   0.6,   7.0,  59.1,-119.9,1147.2,  -2.0,   2.0
183992,   0.5,   2.9,   4.5,-119.4, -95.0, 918.9,  -2.9,   2.2
184016,   5.2,  -1.8,   1.7,  59.6, 158.4,1030.5,  -2.6,   2.3
184040,   2.3,   0.0,   1.1, 101.1,   5.8, 963.9,  -2.1,   2.1
184064,   0.9,   0.9,   0.4,  42.7,  14.1,1029.3,  -2.0,   1.7
184092,   0.5,   1.9,   0.1,-126.0, 198.9, 842.0,  -0.6,   2.2
184116,  -4.3,  -0.4,   0.1, 168.4,   8.3, 959.2,   0.1,   1.7
184140,  -6.4,   1.4,  -0.2,-112.8,  73.0, 934.8,   0.4,   2.0
184168,   3.2,   9.6,   0.5,-267.1, 236.3, 731.4,  -0.2,   2.5
184192,   1.9,   5.3,  -0.2, -50.6,  91.8, 979.7,  -0.7,   2.3
184216,   2.7,  -8.7,  -0.8, 299.3, 207.7,1101.8,   0.4,   2.6
184240,   1.5,   2.8,  -4.2,-146.3,  52.0, 942.6,   0.1,   2.5
184268,   0.9,  -6.2,  -3.8, -42.0,  94.2, 987.5,   0.3,   2.7
184292,   1.5,  -3.7,  -3.0,  41.7, -44.7, 951.9,  -0.0,   2.2
184316,  -3.0,  -0.5,  -3.5, -63.5,-156.8,1030.0,   0.1,   2.0
184340,  -1.3,  -1.5,  -4.3, 105.0,-189.0, 997.6,  -0.3,   1.7
184368,   0.3,  -1.8,  -2.9,-101.8,  16.6, 920.4,  -0.3,   2.2
184392,   0.1,  -2.1,  -3.5, -57.9,   9.5,1040.8,  -0.1,   2.4
184416,  -3.1,  -0.5,  -3.5,-149.2,-141.6, 875.2,  -0.3,   2.5
184444,  -0.0,  -1.0,  -2.7, -24.2,-168.0, 989.0,  -0.4,   2.5
184468,  -1.4,  -0.4,  -3.2, -94.0,  -3.2,1003.9,  -0.3,   2.2
184492,  -4.9,   2.3,  -4.1, -53.0, -68.4, 931.4,  -0.2,   2.0
184516,  -2.1,  -2.6,  -2.2,-161.6,-232.7,1299.6,  -0.9,   2.2
184540,   3.3,  -7.6,  -1.4, 261.0,  21.0, 865.0,  -2.1,   2.1
184568,  -4.5,   2.6, -10.0, -51.0,-245.6, 939.0,  -2.0,   1.8
184592,   0.9,  -1.4,  -5.5, 109.1, -60.1,1186.8,  -3.0,   1.4
184616,  -0.5,   2.8,  -4.3,-120.9, 110.8, 944.6,  -2.0,   1.7
184640,   1.6,  -1.9,  -4.4,-169.0,  87.6, 866.9,  -1.5,   2.4
184668,   2.5,  -5.1,  -3.6, 124.0,  55.1,1045.4,  -1.4,   2.4
184692,  -1.4,  -0.2,  -3.1, -33.2,  57.3,1002.7,  -0.7,   2.2
184716,  -0.6,   1.5,  -3.3, -55.4, -20.8, 879.4,  -0.9,   1.9
184740,  -3.3,   2.3,  -2.7,-187.8, -45.7,1017.6,  -0.8,   1.8
184768,  -2.0,   3.2,  -0.8,-187.0, -92.8, 981.2,  -0.6,   2.0
184790,  -0.2,   1.3,  -1.1, -83.0, -11.8, 971.9,  -0.6,   2.0
184818,   3.8,  -3.8,  -2.9, -40.1,  77.1,1132.1,  -0.4,   2.6
184842,   0.4,  -0.3,  -3.9, -34.0,-129.4,1052.2,  -0.3,   2.4
184866,   2.2,  -3.5,  -4.4,-111.3, -29.1, 982.9,  -0.5,   2.4
184890,   0.5,  -1.2,  -5.6,  -9.3,  -5.4,1189.4,  -0.2,   2.0
184918,  -3.4,   1.5,  -6.0,-132.6,-276.9,1050.3,  -0.0,   1.7
184946,   5.3,   0.6,  -4.7,-106.7,  98.1, 977.5,   0.2,   1.8
184966,   2.3,  -3.5,  -4.5, -22.5, 253.4, 960.2,   2.0,   2.7
184990,  -0.8,  -1.8,  -7.3,  97.4, -77.4,1014.2,   1.6,   2.2
185018,  -2.2,   0.0,  -6.8,-219.7, -18.1, 899.4,   1.3,   2.7
185042,  -1.0,  -3.9,  -3.2,  25.9, -69.1,1005.6,   0.7,   2.4
185066,   0.1,  -3.8,  -4.2, 173.1,-106.0,1027.6,   0.0,   2.0
185094,  -0.7,   4.6,  -6.4,-219.7, -28.1,1065.7,  -0.2,   1.9
185118,  -0.6,   1.7,  -6.6,-115.5,  -0.3, 953.6,  -0.2,   1.9
185142,   0.5,  -3.7,  -5.7, 156.2,-164.1,1119.6,  -0.6,   1.8
185166,   0.2,   1.6,  -5.9,  37.6, -89.4, 938.7,  -1.4,   1.7
185194,  -0.1,  -0.3,  -3.8,-106.0, -43.5,1050.8,  -1.7,   2.1
185218,   2.5,  -3.7,  -3.7, -44.4, -43.7, 942.4,  -2.1,   2.5
185242,   0.3,  -5.1,  -4.5,  51.0,   6.1, 930.4,  -1.2,   2.7
185266,   0.6,  -1.9,  -0.4,-154.6,  55.1, 940.7,  -1.2,   2.9
185294,  -1.9,  -3.5,   4.5, 457.5, -24.4, 941.6,  -0.2,   2.1
185318,  -2.8,   6.1,   6.7,-386.0, 120.1, 997.1,  -0.2,   2.6
185342,   1.9,  -4.1,  11.1, -23.9,-140.7, 997.8,  -0.5,   3.5
185366,   2.7,  -0.9,   9.7, -51.0, 147.7,1010.7,  -0.2,   3.6
185394,   1.7,  -2.0,   8.1,  10.0, -24.7, 913.3,   0.4,   3.5
185418,   0.5,  -4.1,   7.8, 159.2,-182.9,1003.9,   0.1,   3.1
185446,   0.3,   2.7,   7.5,-263.0,  16.3, 908.7,   0.2,   3.4
185466,  -2.2,  -0.1,   5.4,-137.7, -55.9, 964.3,   0.2,   3.5
185494,   0.6,  -1.0,   4.0, -49.8,  48.3,1068.8,   0.5,   3.1
185518,  -0.2,   0.1,   3.9, -34.0, -45.0,1095.2,   1.0,   3.0
185542,  -0.3,   1.8,   4.5,-117.7,-140.2, 986.8,   1.0,   2.8
185566,  -1.6,  -3.6,   6.7,  23.7, -55.7, 934.1,   1.3,   3.2
185594,  -3.2,   1.8,   8.9,-100.4,-198.3,1014.4,   0.2,   3.0
185618,  -1.7,  -4.9,   9.0,  41.5,-140.2, 989.3,  -0.6,   3.1
185642,  -2.7,   2.6,   4.9,-150.2,  72.7, 938.0,  -0.3,   2.9
185666,  -0.1,  -4.8,   4.0,-118.4, -30.3,1012.0,  -0.6,   3.1
185694,   1.8,   2.8,   1.7,  12.9,-296.4, 956.8,  -2.0,   2.5
185718,   5.6,  -1.3,  -1.7, -71.8, 303.2,1079.1,  -1.9,   2.0
185742,  -2.0,   1.7,  -4.8,-125.7, -36.9,1088.4,  -1.2,   2.1
185766,  -1.3,   0.7,  -8.4,-146.0,-104.5, 886.2,  -2.5,   1.8
185794,  -5.0,   1.3,  -6.6,-137.2,  54.7,1058.6,  -1.9,   1.5
185818,  -1.4,   2.6,  -4.0,-161.1,  39.8, 923.6,  -1.7,   1.4
185842,   0.0,  -0.7,  -3.1,-122.6,  41.5, 973.6,  -1.7,   1.7
185866,  -4.3,   1.9,  -1.6, -82.8,-288.9,1154.8,  -1.3,   1.9
185894,   6.4,   0.8,   2.9,  21.2, 446.3, 808.8,  -1.4,   1.6
185918,  -4.5,   6.0,   1.9,-434.6,-131.9, 978.0,   0.3,   2.4
185946,  -1.6,   1.7,   4.3,-123.6,  -4.2,1109.9,   0.2,   2.6
185966,  -4.7,   3.0,   1.5,-145.8, -79.4, 880.9,  -0.2,   2.5
185994,  -4.9,  -1.9,   1.6, -44.2,  94.0, 919.2,  -0.3,   2.8
186018,   2.0,  -6.8,   4.2, 164.3,-111.6, 901.8,  -0.8,   2.8
186042,   1.4,   4.6,   2.2,  55.2,  90.1,1177.2,  -1.3,   1.6
186066,  -3.6,  -0.8,   0.7,-394.8,  75.6, 852.0,  -0.0,   2.6
186094,  -2.0,  -0.3,   2.2,  35.6,  61.7, 941.4,  -0.5,   2.3
186118,  -5.3,  -1.8,   4.4,  61.0, -74.7, 939.7,  -0.9,   2.3
186142,  -2.7,   0.9,   3.5, 154.0, -96.7, 960.0,  -1.6,   1.8
186170,  -3.3,  -4.4,   2.3,  12.4,   2.2, 939.0,  -1.6,   2.2
186194,  -4.2,   1.5,  -0.6,  61.0, -27.9,1042.5,  -1.8,   1.7
186218,  -3.8,   0.4,  -1.3,-167.5, -39.3, 949.5,  -1.7,   2.0
186242,  -4.6,  -4.4,  -1.5,  88.9,-107.7,1042.0,  -2.2,   1.8
186270,  -5.5,   4.3,  -4.4,-143.1,-115.5, 936.5,  -2.4,   1.5
186294,  -4.4,  -1.5,  -4.2, -23.0,-112.8, 959.7,  -2.9,   1.5
186318,  -4.0,  -1.9,  -7.8,  93.0, -28.1, 952.6,  -3.4,   1.2
186342,  -6.2,  -2.9, -10.2,-265.6, 259.5, 950.7,  -2.5,   1.9
186370, -11.8,   8.2,  -6.3,-303.7,-916.5,1361.6,  -3.7,   1.0
186392,   2.2,  -1.5,  -7.6,-208.8, 358.4, 762.0,  -2.7,   1.5
186420,  -2.0,   1.9, -10.6,-148.9,-210.7, 850.6,  -2.3,   1.1
186448,  -5.1,  -5.4,  -8.8, 133.8, -85.7, 964.1,  -2.5,   0.8
186468,  -6.4,   2.0, -11.2,  28.1,-199.7,1204.1,  -3.1,  -0.0
186492,  -4.2,   0.2,  -9.3,-219.7, 106.2, 949.0,  -3.4,   0.6
186520,  -5.4,  -1.3,  -9.9, 155.5,-208.0,1051.8,  -3.4,   0.4
186544,  -1.3,   1.1,  -8.6, -14.4, 123.0, 942.1,  -3.6,   0.5
186568,  -0.4,  -1.7,  -6.7, 152.1,  27.8,1268.1,  -3.2,   0.3
186592,  -2.1,  -0.9,  -2.3, -81.1,-172.4, 824.0,  -3.3,   1.1
186620,  -1.7,   1.2,  -0.9,  52.2,-267.1,1154.0,  -4.5,   1.1
186644,  -6.0,  -6.5,  -2.5,  72.7,-322.3, 837.9,  -5.4,   1.7
186668,  -5.5,   6.8,  -0.8, 338.1,-206.3, 885.7,  -6.3,   0.3
186692,   0.2,   7.1,  -1.3,-605.5,-561.1, 967.8,  -7.1,   1.3
186720,   3.4,  -1.0,  -6.5,  51.0, -95.2, 965.1,  -7.3,   1.5
186744,  -2.0,  -2.6,  -8.2, 188.9, -95.7, 990.5,  -6.9,   1.6
186768,   0.2,   3.0,  -6.4,-128.9,-159.9, 979.5,  -7.4,   1.6
186792,  -0.9,  -1.2,  -1.8, -86.0, 106.2,1044.4,  -7.0,   2.1
186820,  -0.2,  -2.3,   6.4,  39.5,-143.1,1095.0,  -6.6,   2.2
186844,   1.1,   6.0,   8.9,-258.1, 109.1,1175.3,  -5.7,   2.4
186868,   3.3,  -0.1,   8.4,-298.8, 106.7,1038.6,  -4.7,   3.7
186892,   1.7,  -6.0,   7.6, 115.0,-151.9, 997.3,  -4.4,   3.8
186920,   3.6,  -4.6,   6.4, 137.7, -76.9,1097.4,  -4.3,   3.1
186948,   4.2,  -2.7,   7.8, -75.2,  44.6,1152.3,  -4.1,   3.1
186968,   0.9,  -2.9,   6.0,-115.2,-232.7, 804.7,  -3.9,   3.3
186992,  -1.2,  -3.0,   6.3, 135.0, -74.7,1258.5,  -4.0,   2.9
187020,  -2.7,  -1.9,   5.9, -53.7, -90.9, 997.1,  -3.3,   3.1
187044,  -1.2,  -3.0,  10.1,-209.0,-616.7,1453.9,  -4.3,   2.7
187068,   6.3,  -2.9,   7.0, 431.9, 135.5, 890.1,  -3.6,   2.0
187092,  -1.3,   7.5,  -1.0,-287.6,   7.5, 852.5,  -3.0,   2.0
187120,  -2.5,  -9.1,   4.0, 589.6,-250.8,1067.6,  -3.3,   2.1
187144,  -0.2,  10.3,   4.0,-318.4,  82.2,1185.8,  -3.1,   1.6
187168,  -0.2,   2.6,   5.2,-197.8,-125.0,1079.1,  -3.0,   2.3
187196,   1.4,  -1.6,   2.9, -28.8,   3.9, 876.2,  -3.3,   2.4
187220,   1.5,   0.1,   1.5,  49.3, -63.0,1084.0,  -2.9,   2.2
187244,   3.3,   3.7,   0.2,-211.4,-144.1,1080.1,  -3.0,   2.2
187268,  -0.6,  -4.0,   0.7,  19.0, 117.9, 856.0,  -2.0,   2.3
187296,   6.6,   1.7,   1.6, -57.9, -26.6, 771.0,  -2.5,   2.2
187320,  -1.9,   3.7,  -0.3,-232.7, 293.4, 864.5,  -1.6,   2.4
187344,  -6.0,  -3.8,  -0.1, 591.8, -28.8, 998.0,  -1.4,   1.1
187368,   3.3,   0.1,   3.5,-214.4,-263.5,1378.9,  -2.7,   1.6
187396,   2.5,   3.7,  -0.7,-237.3,  82.7,1209.0,  -1.8,   1.7
187420,   0.4,   0.9,  -1.2,-245.6,  20.2, 812.5,  -1.8,   2.3
187448,  -0.7,   2.5,  -0.1, 101.3, -71.8, 895.5,  -1.8,   2.2
187468,  -4.6,   7.6,  -0.1,-197.0,-226.1,1170.9,  -1.9,   1.9
187496,   0.1,   1.8,   1.6,-126.2, -96.7,1033.9,  -2.0,   2.1
187520,  -0.4,  -1.8,   2.1,-251.7,-129.2,1064.7,  -2.2,   2.4
187544,  -0.1,  -1.5,   0.4, 200.7, 157.9, 990.0,  -1.6,   2.2
187568,  -3.7,   5.1,   0.3,-246.4,-333.3,1270.0,  -2.1,   2.4
187596,  -1.7,  -4.1,   1.7, 115.5, 122.8, 947.5,  -2.6,   2.5
187620,  -8.9,  -0.1,  -2.4,-213.9,-100.4,1098.1,  -1.8,   2.7
187644,   0.8,  -8.0,   4.8, 480.7,-378.7, 866.2,  -3.8,   1.9
187668,   2.6,   3.1,  -3.4,-273.0, 215.8,1016.1,  -3.2,   1.5
187696,  -4.3,  -1.2,  -2.8, -30.5,-307.7, 951.9,  -2.4,   2.0
187720,  -1.8,  -0.7,  -1.9,  58.1,-185.1, 831.5,  -2.9,   1.5
187744,  -5.5,   3.8,  -0.9,-329.4, -24.7, 918.9,  -2.1,   1.8
187768,  -3.0,  -4.5,   4.5, 225.8,-245.6,1387.7,  -2.7,   1.8
187796,  -0.8,   6.8,   3.2,-247.8, -33.2,1064.0,  -3.2,   1.9
187820,   1.5,   2.4,   7.5, -79.1,  -4.9, 877.9,  -3.3,   1.9
187844,   3.0,   0.8,  15.3,  -7.3,-153.6,1263.2,  -3.4,   2.3
187868,   0.3,   8.9,  16.6,-207.0,-129.2, 951.7,  -3.2,   2.7
187896,  -6.7,   0.5,  16.1,-292.3,  83.0, 864.7,  -1.3,   4.5
187920,  -1.7,  -5.9,  19.8, -33.2,-669.2, 934.3,  -3.3,   5.0
187948,   2.3,   3.0,  21.5, 105.7,  12.9,1170.4,  -3.2,   5.0
187968,  -0.8,   1.7,  22.6,-217.1, 118.4,1020.7,  -2.3,   6.1
187994,   2.4,  -4.2,  21.8, 177.7, -53.5,1095.5,  -2.2,   6.1
188018,   3.6,   3.4,  18.0,-313.7, -23.2,1035.4,  -2.2,   6.5
188046,   1.8,  -3.0,   9.3,  78.1,-219.3,1147.5,  -2.7,   6.0
188070,   1.7,  -0.8,   3.6,  53.5, -22.5,1062.7,  -2.9,   4.8
188094,  -3.6,  -6.3,   0.6, 213.4,-362.6,1285.6,  -2.7,   4.4
188118,   4.8,  -2.9,   3.7, -95.7, 129.8, 945.8,  -3.4,   4.4
188146,   1.6,  -5.1,   0.5, 187.0,  63.4, 735.6,  -2.5,   3.6
188170,  -3.8,   2.7,   2.1, -51.8, 331.0, 861.3,  -1.1,   3.3
188194,   9.9, -16.9,  14.4, 620.1, 707.5, 513.7,  -1.0,   3.4
188222,   5.4, -18.4,  10.9, 651.6, -32.5,1350.8,  -1.4,   2.8
188246,   7.3,   2.6,   9.9,  42.7, 358.1,1456.0,  -1.1,   3.0
188270,   5.1,  -1.0,   8.8,-238.5, -91.6, 911.6,  -0.9,   3.6
188294,   2.2,   4.5,   8.7,-335.2,-222.4, 863.0,  -1.5,   3.6
188322,   1.9,   7.5,   6.7,-229.0,  21.2, 863.8,  -1.4,   3.4
188346,   2.7,  -5.7,   9.4, -78.9, -52.5,1288.1,  -1.3,   3.5
188370,   4.2,   6.7,   7.0,-172.1,  18.5, 925.8,  -2.0,   3.0
188394,  -1.0,  -4.1,   2.8,  44.7, 113.7, 860.1,  -1.1,   3.1
188422,   3.9,  -4.9,   4.6, 402.1,-223.4, 533.9,  -2.9,   1.9
188450,   1.4,   2.2,   2.4,-424.8, 342.0,1012.7,  -2.5,   2.3
188470,  -7.1,   2.3,   6.7, 101.8,-809.1,1067.1,  -4.1,   1.7
188494,   4.2,   1.4,   1.7,-509.5,  38.1,1123.5,  -5.3,   2.3
188522,  -5.0,  -6.3,  -1.6, 541.5,-387.7,1235.8,  -4.9,   1.6
188546,   3.5,   4.8,  -4.5,-247.3,  72.0,1077.9,  -6.0,   1.5
188570,  -1.1,  -4.2,  -5.9, 259.8,-159.5,1011.5,  -5.5,   1.2
188594,   2.8,   0.7,  -6.8,-229.3, -57.4,1156.2,  -5.2,   1.2
188622,   6.2,   1.8,  -7.6,-177.5,  73.5, 860.8,  -4.0,   1.7
188646,  -3.5,  -4.0, -11.3, 209.2, 124.0, 965.8,  -2.2,   0.7
188670,  -3.3,  -3.7,  -2.6,-540.1,-746.1,1330.3,  -2.8,   1.9
188694,   0.9,  -1.9,  -7.9,  16.3, 146.0,1033.9,  -2.7,   0.9
188722,  -2.5,   2.6,  -8.8,-185.6,-301.1, 702.4,  -3.2,   0.4
188746,   2.8,  -5.2,  -9.2, 264.9, 210.9,1175.3,  -3.0,   0.4
188770,  -2.2,   5.5, -11.1,-178.2,-206.8,1013.4,  -2.3,   0.5
188794,  -1.3,   2.0, -11.5,-224.9, -65.2,1050.0,  -2.7,   0.7
188822,  -2.6,  -1.5,  -8.7, 136.5,-141.9, 788.6,  -2.7,   1.0
188846,  -4.5,   2.1,  -5.7,  51.5,-220.2,1080.3,  -3.0,   0.6
188870,  -2.1,   2.7,  -5.6,-147.5,  31.7, 891.8,  -2.3,   0.9
188894,  -4.2,  -0.8,  -5.9,  38.3, -10.0, 713.9,  -2.0,   1.3
188922,  -0.8, -14.2,  -0.5, 585.4,-193.6,1104.5,  -2.5,   1.3
188950,   1.6,   1.8,  -5.1,-197.8, 224.1,1070.1,  -2.2,   1.5
188970,  -2.2,  -5.4,  -2.7,-133.6,-167.5, 913.3,  -1.4,   2.6
188994,   0.1,   1.6,  -4.2,  95.7,-429.0, 875.0,  -2.9,   1.6
189022,  -2.0,  -3.7,  -2.0, -30.0,-136.3, 931.1,  -2.0,   2.1
189046,  -1.0,   4.2,   1.3, -18.3,-417.3, 886.0,  -3.8,   1.5
189070,   3.0,   0.3,   0.9, 135.0,-495.6, 753.4,  -5.7,   1.6
189094,   3.0,   5.0,  -1.1,-123.6,  52.2,1067.9,  -5.3,   1.7
189122,  -3.9,  -2.2, -10.1,-417.7,-244.2, 700.7,  -5.1,   2.5
189146,  -2.3, -14.3,  -7.3, -90.6,-346.7, 684.6,  -6.3,   3.3
189170,  -3.3,  -7.9,  -5.9, 527.3, -93.1, 915.8,  -6.4,   0.9
189194,   3.7,   0.3,  -7.0,-548.4, 542.2,1408.9,  -5.6,   0.8
189222,  -1.2,   0.9,  -6.7,  20.7, 236.3,1164.3,  -2.6,   0.9
189246,   0.8,   2.6,  -6.0,-464.4,  14.9, 970.9,  -3.5,   1.8
189270,   0.4,  -9.1,  -3.0, 223.1,-100.4, 938.0,  -4.4,   2.0
189298,   4.9,   4.5,  -0.9,-297.6, 270.0, 935.1,  -4.9,   1.8
189322,   3.9,   0.2,  -2.4,-258.8, 123.3, 816.9,  -4.1,   2.2
189346,   3.5,   0.6,  -5.4,-336.2,  29.5, 669.4,  -4.4,   2.8
189370,  -2.3,  -2.7,  -9.9,  65.9,  79.1, 679.7,  -3.1,   2.2
189398,  -0.6,   2.9,  -5.9,-218.0, -18.8,1455.8,  -3.7,   2.5
189422,  -4.4,  -4.5,  -2.6, 380.6, -82.8,1021.0,  -5.1,   1.8
189450,  -4.6,  11.2,  -5.6,-475.6,  38.3, 619.6,  -5.1,   2.8
189470,   0.3,  10.4,  -4.0,-581.6,-155.8,1181.6,  -5.4,   3.4
189498,  -1.7,  -2.5,  -3.9, 140.9,-113.1,1098.9,  -5.2,   3.2
189522,  -1.8,   3.5,  -3.8,-297.6,  11.2, 695.8,  -4.9,   3.7
189546,   3.1,  -2.1,  -1.0, 173.6,  24.9, 991.4,  -4.2,   3.3
189570,   2.9,  -2.6,  -0.9, 154.8,-178.7,1055.7,  -4.5,   3.7
189596,   2.5,   2.3,  -4.3,-227.3, 146.9, 823.5,  -4.3,   3.7
189620,  -4.2,  -0.4,  -2.5, -53.0,  84.9,1355.2,  -3.1,   3.8
189648,   4.9,   1.8,   1.7, 238.3, -45.9, 466.5,  -4.8,   2.4
189672,  -0.3,  -8.1,  -1.9,  53.2, 246.1,1358.6,  -3.5,   2.2
189696,  -0.3,   1.5,  -0.6, 122.5,-310.1,1293.7,  -3.3,   2.6
189720,  -1.4,   0.7,  -2.4,-142.8, -83.5, 923.3,  -3.3,   2.4
189748,   0.1,  -0.2,   0.4,-179.2,-296.4, 777.6,  -3.3,   2.8
189772,  -1.1,  -3.2,   2.6,  83.7,-236.6,1035.9,  -3.7,   2.3
189796,   5.8,   4.5,   3.7,-132.6, 119.1, 933.1,  -3.6,   2.3
189820,   2.0,   1.0,   2.3, -86.9,-163.1, 973.6,  -2.6,   2.4
189848,  -3.3,  -1.3,   3.4,  -6.1, 361.5, 649.7,  -0.8,   3.1
189872,  -1.3,  -0.1,   6.5,  86.4,-503.9, 631.6,  -2.7,   2.7
189896,   2.8,  -2.3,   6.2, -80.8, 348.8,1557.6,  -2.7,   2.5
189920,  -0.1,  -3.2,   6.5, 131.1,-101.6,1136.2,  -1.8,   2.9
189948,   1.6,   0.3,   4.5, -71.1,-137.7,1011.2,  -1.8,   3.0
189972,  -2.9,   1.4,   4.2,-167.0,-338.2,1078.4,  -2.1,   3.5
189996,  -1.6,  -1.2,   7.0, -23.5,-207.3, 936.3,  -2.7,   3.3
190020,   1.2,  -1.0,   8.6,  53.9, 100.3, 827.1,  -2.1,   3.6
190048,   3.8,  -1.3,   6.7, -38.8,  73.9,1220.0,  -2.6,   3.3
190072,  -0.5,  -4.2,   6.0, 137.7, 219.7, 582.5,  -1.5,   3.4
190096,   5.9,  14.0,   6.8,-1529.3, 124.5,1415.8,   0.1,   3.1
190120,   8.1,   3.3,  14.8, 144.5,-140.4,1056.9,  -3.6,   2.0
190148,   0.9,   5.9,   4.6,-522.2, 594.9,1112.5,  -0.8,   2.9
190172,   6.3,  -7.7,   6.0,  90.3, 259.2,1112.3,  -2.7,   3.0
190196,   3.0, -11.2,   4.5, 367.4, 292.4, 917.7,  -2.6,   2.6
190224,   1.8,   3.7,   7.0,-139.7,  74.7,1240.5,  -2.9,   2.3
190248,   0.8,   3.3,   5.9,-352.8,  -7.6, 946.0,  -2.7,   3.0
190272,   0.1,  -1.7,   1.8,  99.1,  93.7, 957.5,  -2.8,   2.3
190296,  -4.5,   2.2,  -0.1, 120.6,-153.1, 970.2,  -2.7,   1.9
190324,  -6.2,  11.8,   3.7,-1015.4,-423.1,1388.7,  -3.0,   2.4
190348,  -3.1,  -6.3,   4.0, 532.9, 128.1,1339.6,  -2.7,   1.9
190372,   1.4,   3.5,   1.5, 131.3, 240.7, 985.8,  -3.0,   1.2
190396,  -1.1,  -1.9,   5.3, -25.4,-101.8, 632.3,  -2.9,   2.5
190424,   1.4,   2.6,   3.7, 190.7,-225.6, 901.6,  -3.3,   1.2
190452,   1.4,  -5.8,   4.9, 315.9, -69.9,1165.3,  -3.3,   0.7
190472,   3.0,   0.3,   2.9,  71.3,-154.1,1016.6,  -3.5,   1.0
190496,   1.5,  -3.8,   0.7,-278.8, 181.8,1394.5,  -3.6,   2.0
190524,  -3.3,   2.2,  -2.9, 104.7, 154.5, 742.9,  -3.2,   0.4
190548,  -2.9, -25.5,  10.0, -50.8,-518.6,1592.0,  -4.0,   1.0
190572,  -2.0,  18.1,   0.6, 731.2,-136.3, 967.3,  -3.6,  -0.1
190596,  -1.3,   2.9,  -3.3,-1098.2,-221.7, 984.9,  -4.2,   1.9
190624,   1.1,   0.2,  -2.0, 629.1,-345.7, 923.6,  -3.4,   1.5
190648,   1.8,   8.7,  -4.3,-377.7,-391.6,1252.4,  -3.8,   1.1
190672,  -2.2,  -5.7,  -1.6, 200.4,-415.3, 678.7,  -3.4,   1.1
190696,  -0.6,   0.3,  -2.4, -97.9, 136.4,1232.7,  -3.6,   1.1
190724,   0.1,  -0.2,  -4.3,  71.8, 130.6, 542.5,  -3.5,   1.0
190748,   8.7,  -8.7,   0.9,-177.7,-468.1,1188.5,  -4.2,   1.8
190772,  10.6,   8.2,  -8.4, 334.9, 251.9, 787.8,  -3.7,  -0.9
190796,   4.2,  11.3, -11.7,-1191.2,  85.7, 750.5,  -3.4,   0.3
190824,   2.5,  -0.1,  -7.6, 132.6,-377.7, 748.3,  -3.3,   0.0
190848,   4.1,   0.5,  -6.5,-594.5, 341.3, 859.9,  -3.9,   0.2
190872,   3.1,  -4.6, -10.2, 635.2, 132.5, 862.3,  -3.7,  -0.4
190896,   6.3,   7.9,  -8.4,-282.7, 145.2,1022.7,  -4.5,  -0.5
190924,   3.7,  -5.2,  -9.9, 188.0, 219.7, 977.8,  -3.5,  -0.2
190952,  -7.8,  -3.0, -13.6,-278.6, 303.2, 744.4,  -3.3,   0.0
190972,  -8.2, -14.8,  -3.1,-458.8,-551.8,1337.4,  -3.6,   1.1
190996,   3.8,   6.8,  -5.9,  -8.6,-241.5, 977.0,  -5.9,  -1.4
191024,  -3.9,  -1.8,  -8.6,-111.8,-134.6, 943.4,  -4.4,  -0.4
191048,   1.9,   3.7,  -9.3, 220.0,-104.3, 837.9,  -4.9,  -0.7
191072,   0.8,  -4.0,  -7.5,  29.5,  -5.4,1169.2,  -4.4,   0.0
191096,   0.0,   1.2,  -6.9,-147.7, 158.4, 951.7,  -4.0,   0.3
191124,  -1.3,  -6.6,  -6.0, 296.6,-430.5,1117.2,  -4.5,   0.4
191148,  -3.5,   0.8,  -7.1,  57.4,  65.9, 894.8,  -4.4,   0.5
191172,  -4.7,   7.6,  -7.1, -58.9,-503.5,1629.1,  -4.2,  -0.1
191198,   9.5,  -8.7,  -2.4, 212.9, 150.8, 780.8,  -5.0,   0.3
191222,   1.1,  -2.6,  -4.7, -80.3, 100.3, 777.6,  -3.3,   0.5
191250,   1.9,  -1.2,  -2.5,-284.0,-117.7,1073.7,  -3.7,   1.8
191274,  -0.2,  -5.1,  -5.5, 263.9,  16.8,1025.1,  -3.3,   0.9
191298,   2.9,  -0.4,  -1.3, -13.2,-145.3, 970.7,  -3.9,   1.3
191322,   6.1,  -0.9,  -0.3,  43.2,-258.6,1182.1,  -4.3,   1.0
191350,   8.5,  10.8,  -0.4, 121.8, 181.6,1475.1,  -3.1,   0.8
191374,  -5.9,  -2.1,  -0.9,-324.2, 538.5, 673.1,   0.2,   2.5
191398,  -0.2, -30.9,   9.9, 445.1,-919.0, 990.7,  -1.4,   3.1
191422,  -4.8,  12.3,   3.4, 226.8,  40.0,1103.3,  -1.7,   1.6
191450,  -2.4,  -6.5,   5.9, -90.3,-330.8,1222.6,  -2.0,   1.5
191474,  -0.9,   6.4,   0.2,-139.9,-290.8, 808.1,  -2.4,   0.8
191498,  -1.8,   3.0,   1.0,-327.7,-188.0, 737.8,  -2.1,   1.8
191522,  -2.1,   2.0,   0.8,-169.7,-264.7, 938.2,  -2.8,   2.4
191550,  -3.6,  -1.6,   0.6,-246.1,-167.0,1132.3,  -3.0,   2.9
191574,  -6.3,  -4.9,  -2.4, 253.4, -14.7, 789.3,  -2.1,   1.6
191598,  -9.2,  -0.2,   0.8,-213.4,-1126.5,1747.8,  -2.3,   2.6
191622,   5.7,  -2.6,   0.2,  55.6, 119.8,1537.3,  -3.3,   0.4
191650, -10.5,  -3.9,  -0.8, -90.6,-289.1, 984.6,  -2.2,   1.2
191674,  -2.0,   7.3,  -1.3,-267.6,-299.8,1042.2,  -3.0,   1.0
191698,  -3.3,   2.0,  -1.2,  37.8,-370.6,1351.1,  -2.9,   1.3
191722,   2.2,   0.7,   2.7, 350.6,  22.2, 605.5,  -2.9,   0.9
191750,  -1.1,  -0.5,   4.8,-198.0,-370.2,1229.7,  -2.5,   1.9
191774,  -4.9,   6.7,   2.0,-152.8,  71.0, 906.0,  -1.8,   1.8
191798,  13.6,  -5.2,   4.0, 745.8, 305.4, 234.4,  -2.8,   0.8
191822,   4.5,  -1.7,   3.3, -89.4, 681.8,1675.5,  -2.9,   1.1
191850,  -2.0,   2.3,   8.5, 194.6,-422.9,1269.5,  -3.6,   1.8
191874,   0.4,  -2.1,   2.8,  76.2, 233.4,1079.3,  -4.1,   1.7
191898,  -4.2,  -8.7,   4.9, 586.7,-206.6,1005.4,  -4.0,   1.7
191922,   5.6,   6.7,   8.5,-221.5,-320.3, 932.9,  -5.8,   2.1
191950,   7.3,  -4.1,   4.6, 220.7,  12.9,1076.2,  -5.6,   1.8
191974,   3.0,  -5.4,   3.1, 245.1, 223.8, 618.2,  -4.1,   2.1
191998,  -2.0,  -1.5,   8.6,-887.2,-643.6,1314.9,  -3.7,   3.2
192022,  -5.2,  11.4,   3.7,  17.6,-685.8, 882.6,  -2.4,   1.9
192050,  -0.4,  -2.4,   3.7, -13.4, 133.3, 833.7,  -2.8,   2.4
192074,   3.7,  -2.1,   5.7, 310.3, -35.9, 886.5,  -2.7,   2.1
192098,   4.6,   2.8,   7.4,  26.4, 152.8,1130.9,  -3.0,   1.9
192122,   2.1,   0.1,   8.7,  85.2, 125.5, 857.7,  -3.2,   2.3
192150,  -1.2,   5.4,   7.6,-251.7, 117.4, 729.7,  -2.9,   3.5
192174,   0.9,  -3.2,   9.0, -32.7,  83.0, 734.1,  -3.3,   3.7
192198,  -2.2,   9.8,   4.1, 173.1, -38.9, 463.1,  -3.4,   2.3
192222,   0.5, -14.9,  10.5,   4.6,-472.7, 891.1,  -4.4,   3.5
192250,   2.3,  -0.4,   5.3,  64.4,-175.3, 827.6,  -3.8,   2.3
192274,   4.1,   2.0,   3.8,-395.8,  12.9,1206.3,  -3.9,   3.1
192298,  -0.8,  -2.0,  -0.7,   2.7, -88.9,1234.6,  -3.8,   2.5
192326,  -2.0,  -0.9,   1.7,-108.4,-206.1,1264.2,  -3.8,   2.8
192350,   1.0,  -1.1,   0.6, 102.8,-249.5, 847.4,  -4.7,   2.2
192374,   1.3,  -5.7,   3.0, -67.4,-374.5,1018.8,  -4.7,   2.9
192398,  -0.6,   1.7,  -0.8, -67.2,-363.3, 766.4,  -4.4,   2.1
192426,   1.2,  14.9,   1.0,-1118.2,-166.1,1618.4,  -3.6,   3.0
192455,   2.1,  14.8,   0.9, 335.9,-621.4, 878.2,  -4.1,   3.1
192475,   4.6,  -0.2,  -3.5,-522.7, 447.2,1122.8,  -3.6,   4.0
192499,   0.6,  -6.5,   1.7, 197.0,-149.4,1045.6,  -3.3,   4.5
192523,   3.8,   2.4,  -1.5,  34.9,  47.8,1173.6,  -4.4,   3.4
192551,   0.3,  -4.8,  -2.1, 185.3,-152.4,1168.9,  -4.3,   3.7
192575,   6.1,  -0.8,  -0.7, -47.4, 201.9,1204.1,  -4.9,   3.4
192599,   3.1,   0.9,  -1.5, -25.4,-245.6, 912.1,  -5.1,   3.4
192623,   2.5,   1.8,  -6.8,-200.7, 176.0, 763.2,  -4.0,   2.9
192651,  -0.8,   0.2,  -1.0,-596.5,-437.5,1520.7,  -3.2,   3.8
192675,  -0.2,   6.8,  -4.1,  78.6,-210.7, 902.3,  -4.1,   1.6
192699,   3.9,   1.0,  -7.1,-254.4, 149.1,1137.4,  -4.1,   1.8
192723,  -2.1,  -3.9,  -4.6, 185.5,  99.3, 968.5,  -3.0,   1.8
192751,   2.3,  -2.4,  -5.2, 129.9, 311.0,1104.0,  -3.5,   1.6
192775,   0.2,   0.7,  -6.3, -15.4, -55.2, 902.6,  -4.0,   1.9
192801,   3.9, -11.4,  -4.7, 494.6, 132.3,1087.9,  -4.2,   1.9
192825,   0.6,   6.4,  -7.3,  -4.9,  26.6, 801.5,  -3.6,   2.1
192849,  -1.6,  -4.4,  -4.8,  -7.3,-352.8, 752.2,  -4.2,   2.2
192873,  -6.7,   1.8,  -5.6,  -5.1,-495.4,1540.0,  -3.2,   2.4
192901,   2.4,  -5.8,  -5.7, 719.7,-157.7,1068.8,  -4.1,   1.0
192925,   5.6,   5.7,  -9.8,-225.1, 344.4,1149.9,  -3.7,   1.1
192953,   1.2,  -5.9,  -3.9, 297.1,-121.9, 889.2,  -3.8,   0.5
192973,   4.5,   2.4,  -4.2, 106.7, 221.6, 976.8,  -4.0,   0.5
193001,   1.7,  -5.4,  -2.3,  22.0, -28.6, 940.2,  -4.0,   1.6
193025,   2.2,  -4.3,  -1.6, 387.9,  49.0,1054.7,  -4.5,   1.2
193049,   0.9,   3.1,  -2.4,-102.3, -12.5, 885.2,  -4.0,   1.4
193073,   4.0,  -0.1,  -2.3,-179.9, -99.4,1205.6,  -4.2,   1.5
193101,  -3.9,   4.2,  -1.0,-669.2,-309.8,1515.9,  -3.1,   2.3
193125,   6.7,  -9.7,  -1.8, 846.4,  48.5,1173.3,  -5.5,   0.8
193149,   6.3,  -1.2,  -7.5,-131.4, 511.9,1322.5,  -4.3,   0.9
193173,   1.5,   0.9,   0.6,-257.1,-259.8,1107.2,  -4.0,   2.2
193201,   5.3,   5.0,  -2.0,-274.4, 136.7,1256.8,  -4.6,   1.6
193225,   3.1,  -4.5,  -3.2,  16.8,   4.4, 915.8,  -4.2,   2.1
193249,   4.0,  -3.6,  -2.1, 201.4, -54.7,1027.6,  -4.8,   1.7
193273,  -1.1,  -4.2,  -3.2,-361.1,  92.7,1186.3,  -3.6,   2.3
193301,   5.4,   1.5,  -3.0,-153.8, -84.5,1181.4,  -3.7,   1.9
193325,  -3.8,  -2.6,  -2.9, 223.9, 312.0, 742.9,  -1.9,   1.4
193349, -10.6,  19.2,   2.4,-1475.4,-1184.8,1172.6,  -1.8,   1.8
193377,   8.0,  -3.6,   3.4, 355.2, 681.1,1209.2,  -1.9,   1.2
193401, -10.0,   8.1,  -4.9,-683.9,-567.7, 927.0,  -0.6,   1.8
193425,  -4.7,  -3.5,  -1.1, 497.3,-238.3,1208.2,  -1.6,   1.6
193453,  -5.6,   0.5,  -1.5, -30.5,-106.0,1052.5,  -1.8,   1.7
193477,  -3.5,  -4.4,   2.0, 222.2,-334.3,1076.7,  -2.8,   1.7
193501,  -6.4,  -0.8,  -0.4,-112.8,-128.5,1098.6,  -1.9,   2.2
193525,   1.3,   5.0,   0.2,-264.2,-150.2,1035.9,  -2.9,   2.3
193549,  -4.4,  -1.0,  -3.8,-131.4,  20.2, 814.0,  -2.1,   2.4
193577,  -5.2,   8.2,  -3.6,-749.0,-124.5,1576.9,  -2.0,   2.8
193601,   6.6,   1.4,  -1.7, 231.7, 543.7, 933.8,  -0.7,   0.3
193625,  -5.2,   3.1,  -2.7,-393.6, 135.2, 821.0,   0.5,   1.3
193649,   3.6,  -3.2,   4.2, 324.0,  -4.9, 909.7,  -0.9,   0.9
193677,   3.9,   3.4,  -0.4,-308.1, 204.3, 936.5,  -0.8,   1.6
193701,   2.5,  -3.2,   0.6, -53.2,-201.9,1102.8,  -1.3,   1.9
193725,   4.0,   5.5,   2.4, 222.4, 237.5, 857.4,  -1.4,   1.1
193749,  -2.8,   1.2,   4.4,-441.2,-636.8, 901.4,  -0.7,   2.5
193777,  -1.0,   2.3,   0.6,-158.5, 391.3, 828.6,   0.4,   2.2
193801,  -6.7, -16.7,  10.6,-111.8,-852.1,1317.4,  -0.7,   3.4
193825,   4.3,   3.7,   5.5, 248.5,  65.9,1275.6,  -2.0,   2.6
193849,  -6.2,  10.6,  -1.0,-413.6,-381.1,1139.6,  -0.7,   2.9
193877,   2.8,   1.0,   2.2,  67.6,-156.0, 756.3,  -1.8,   3.1
193901,  -2.3,   1.2,   1.2,-138.0, -44.7,1369.6,  -1.7,   3.2
193925,   1.9,   1.8,   2.6,  50.5, 160.6,1001.9,  -2.2,   2.9
193953,   5.6,  -2.3,   1.0,-135.0, 201.4, 798.1,  -1.7,   3.0
193977,   0.7,  -3.7,  -1.5,  -8.1, 321.0, 827.9,  -0.7,   3.2
194001,   3.8, -12.7,   5.4, 913.1,-533.7,1137.7,  -2.6,   2.3
194025,   6.6,   0.6,   0.1,-147.5, 267.1,1442.4,  -2.5,   0.8
194049,  -7.8,  -0.3,   2.2,-252.5,-353.3, 798.3,  -1.0,   2.1
194077,   1.0,   0.6,   2.3,  68.8, -92.3,1086.4,  -2.7,   1.2
194101,  -5.3,   7.1,   3.1,-200.9,-368.9, 740.2,  -2.7,   1.7
194125,  -0.5,   2.0,   5.2, 206.0,-507.4, 895.7,  -3.3,   1.4
194149,   3.0,   3.4,   4.4,-145.3, 177.5,1206.5,  -2.6,   1.9
194177,  -1.6,   5.4,   3.1, -19.1,  87.6, 583.5,  -2.3,   1.7
194201,  -3.1, -19.5,  10.3,  40.0,-847.7,1850.8,  -2.3,   3.4
194225,   7.6,  10.8,   5.3, 147.4, -21.3,1233.6,  -3.8,   0.4
194249,  -1.6,  -6.0,   4.1,-183.1,  98.4, 890.1,  -2.1,   2.0
194277,   3.9,   4.5,   2.9, -38.3,-266.1, 554.7,  -3.4,   1.2
194301,   3.4,  -6.2,   2.3,  25.1,  -0.8,1296.4,  -3.2,   1.9
194325,  -0.9,   6.7,  -0.1,-415.3, -82.3, 906.7,  -3.4,   2.2
194353,  -0.0,  -1.0,  -2.2,  79.3,-460.2,1392.3,  -3.5,   2.2
194377,  -1.4,   5.3,  -4.7, -25.4,  25.4, 497.1,  -2.8,   1.4
194403,  -2.0, -14.7,   7.1,-139.9,-452.4,1339.8,  -3.7,   2.2
194427,   5.0,   9.8,   1.6, 138.7,-572.8, 773.4,  -4.0,  -0.6
194455,   0.0,  -4.6,  -1.3,-234.4, 120.6,1242.4,  -3.9,  -0.6
194475,   2.4,  -1.9,  -1.8,  85.9,-256.4, 789.8,  -4.0,  -0.8
194503,   0.6,   3.7,   0.1,-550.6,-145.1,1114.5,  -4.6,   0.3
194527,   2.2,  -0.3,   0.3, 420.2,-424.8,1109.6,  -4.9,  -0.9
194551,   7.6,  -0.5,   1.2,-283.2, 534.9,1210.7,  -4.3,   0.1
194575,   8.0,  -4.6,   1.2, 423.1, 399.6,1129.4,  -4.3,  -0.1
194603, -11.8,  -2.9,   5.9,-1396.5,-1005.9,1339.1,  -4.4,   1.3
194627,  -0.2,   7.3,   1.8, 257.1,-215.1, 695.6,  -5.7,  -1.6
194651,  -0.2,   0.1,  -3.8,-323.5, 548.5,1275.1,  -4.3,  -0.4
194675,   0.2,  -4.6,   1.2, 297.6,-235.9, 836.9,  -4.9,  -0.3
194703,  -2.8,   2.3,  -0.6,-319.4, 245.3,1111.6,  -4.9,   0.4
194727,   3.8,   2.9,  -0.1, 240.5, -67.9,1144.8,  -5.8,  -0.2
194751,   0.6,   4.0,  -3.5,-335.5, 247.0, 837.4,  -5.3,   0.5
194775,   0.2,  -2.9,  -0.6,  10.5, -99.6, 972.4,  -5.4,   0.6
194803,  -0.8,  -3.5,  -5.1, 225.3, 326.4, 828.4,  -4.1,   0.5
194827,  -9.4, -18.5,   4.1, 211.7,-392.9,1148.7,  -4.8,   1.4
194851,  -2.7,   9.5,   1.6, 127.2,-493.4,1005.9,  -5.5,  -1.2
194875,  -6.7,  -1.6,  -3.0,-255.9, -20.3, 961.2,  -4.5,  -0.1
194903,   2.8,   0.7,  -2.0, 145.2,-190.5, 687.2,  -5.1,  -0.7
194927,  -2.7,  -1.2,  -1.8,-113.5,-216.6,1161.9,  -4.7,   0.1
194955,   1.3,   6.2,  -0.7,-246.6,  21.2, 817.4,  -4.6,   0.6
194975,  -2.7,  -8.7,   0.2,-102.8, 210.9,1008.5,  -3.0,   1.8
195003,  -0.9,   0.5,  -1.8, -56.9, -20.3,1038.6,  -3.8,   1.4
195027,  -5.8,   1.3,  -3.4, -92.3, 318.1, 723.1,  -2.0,   0.8
195051,  10.0,   3.9,   2.0, 458.2, -55.7, 102.5,  -4.0,  -0.4
195075,   5.7,   7.1,  -0.2,-196.3, 721.9,1327.4,  -3.4,   0.3
195103,  -2.6,   0.4,   0.7,-279.6,-453.4, 854.0,  -3.5,   1.2
195127,   0.4,   2.5,  -3.8,  50.5, 246.5,1157.2,  -3.7,   0.4
195151,   1.1,  -1.8,  -1.2,-144.8,  54.7,1000.0,  -3.7,   1.2
195175,   2.7,   0.6,   2.6, -50.8,-357.0,1263.2,  -4.7,   0.9
195203,   8.2,   2.2,  -2.9,  72.5, 442.6, 931.6,  -3.5,   1.1
195227,   0.6,  -3.5,  -4.1, -98.9, 510.0, 648.2,  -1.9,   2.0
195251,  -7.1, -25.8,   7.0, 808.8,-825.2,1728.3,  -3.0,   2.3
195275,  -0.6,  12.3,   0.0,-213.6,-490.0, 931.1,  -5.1,  -0.6
195303,  -1.8,  -5.4,   1.5,  29.5, 187.2, 709.7,  -3.1,   1.1
195327,  -0.2,   2.9,  -0.1, -37.4,-153.6, 681.1,  -4.4,   0.7
195351,   0.8,  -1.6,   1.8,  35.1,-400.2,1198.2,  -4.2,   1.1
195379,  -1.1,  -1.9,   1.4,  88.4,-497.8,1351.8,  -4.6,   1.1
195403,  -4.9,  -3.9,  -0.4,  39.0,-370.9, 807.9,  -3.7,   1.5
195427,  -3.8,   3.7,   0.1,-138.0, -43.0, 838.1,  -3.6,   1.4
195455,  -1.4,   0.9,   4.2,-1418.2,-618.4, 963.6,  -4.2,   2.4
195479,  -1.8,   8.7,   0.0, 442.9,-371.1, 655.5,  -5.1,  -1.0
195503,  -1.0,   2.6,  -4.3,-571.5, 506.8,1047.8,  -3.5,   0.5
195527,   4.1, -11.1,   1.8, 426.7,  54.2,1516.4,  -4.1,   0.9
195551,   1.1,   2.1,  -1.2, -65.0,  70.8,1070.1,  -4.7,   1.0
195579,   2.1,  -2.4,  -1.7, 490.2, 149.4, 823.0,  -4.4,   0.6
195603,   5.9,  -7.6,   0.9,  78.6, 303.2,1023.4,  -4.3,   1.4
195627,   0.6,   2.9,   0.4, 227.3,-104.0, 932.1,  -4.0,   0.8
195651,  -7.5,  -1.1,  -2.3,  84.5, 114.7, 603.5,  -2.1,   1.1
195679,   3.8,   8.2,   2.6, 102.8, -12.5,-457.8,  -6.2,   0.1
195703,  -1.3, -12.6,   4.9, 278.1, 218.2,1090.8,  -4.9,   1.3
195727,  -2.5,  -6.4,   2.5, 548.3,-361.4,1488.5,  -5.0,   0.8
195751,   2.8,  10.0,  -2.1,-800.3, 231.4, 510.2,  -4.8,   2.3
195779,   1.6,   2.1,   0.9,-109.9, 125.0, 933.3,  -4.6,   1.8
195803,   6.4,   3.5,   4.0,-419.4, 125.9,1187.0,  -4.9,   2.6
195827,   3.8,  -4.6,   1.8, 432.6,-191.4, 998.8,  -4.9,   1.7
195851,  -6.1,  -0.5,  -2.7, -92.5, 277.1, 549.3,  -2.4,   2.0
195879,   5.6,  -8.2,   2.2, 799.8, 145.0, 823.5,  -3.6,   1.5
195903,   2.6,  -1.9,  -0.2,-706.6,-269.6,1318.1,  -5.1,   1.4
195927,  -0.6,  -3.8,   0.4, 451.2, 245.3, 661.4,  -2.8,   1.1
195955,  -0.2,  -2.1,  -3.9,-233.7,  -4.7, 637.2,  -2.8,   1.4
195979,  -2.0,   3.4,  -0.7, -99.4,-180.2, 787.8,  -2.6,   1.7
196001,   5.5,  11.4,   1.7,-453.6,  45.9, 913.3,  -3.4,   1.5
196029,   0.3,  -2.7,   0.3, 361.1,  -9.1,1194.1,  -2.7,   1.8
196053,   2.3,  -0.5,  -0.7,-701.2,-234.2,1583.0,  -2.7,   2.6
196077,   5.7,  -9.3,  -1.2, 787.3,  -0.3, 789.5,  -3.7,   1.4
196101,   6.5,  11.4,  -6.4,-909.9, 457.5, 830.3,  -3.0,   1.2
196129,  -1.1,  -8.2,  -0.2, 387.9,-355.3,1103.8,  -2.4,   1.4
196153,  -0.8,   3.7,  -3.4,-442.6,-142.9,1093.3,  -3.5,   1.2
196177,  -2.4,  -4.9,  -2.6, 202.4,-183.4, 918.0,  -3.4,   1.5
196201,   4.4,   3.1,  -1.3,-123.1,  31.5,1386.7,  -4.0,   1.2
196229,   4.5,  -6.0,  -4.3, 245.1,   5.6, 844.5,  -3.8,   1.2
196253,  -9.5,   1.8,  -9.0,-481.9, -34.5,1277.6,  -2.0,   1.7
196277,   4.8, -18.7,  -0.7, 803.0,  89.3, 186.5,  -3.1,  -0.1
196301,   4.3,   1.4,  -3.5,-206.6, 251.9,1461.4,  -3.3,  -2.0
196329,  -3.3,  -8.8,   3.4, 415.8,-410.4,1079.6,  -2.1,  -0.7
196353,   4.0,  10.5,   0.3,-201.9, -34.7, 771.0,  -3.2,  -1.1
196377,  -0.5, -10.3,   2.8,   1.0,-307.2,1038.3,  -2.8,   0.3
196405,  -1.1,  -0.3,   3.5,-565.4,-188.8,1312.0,  -3.1,   0.4
196429,   2.9,  -6.5,   3.2, 395.7,-199.7,1082.3,  -3.3,  -0.1
196457,   0.0,  -2.8,  -0.6, 168.4, 298.1, 608.4,  -2.7,  -0.5
196477,  -3.0,   2.9,   4.5,-1192.9, -67.7,1739.3,  -1.7,   0.5
196505,   5.5,   9.7,   3.9,-338.6,-275.7, 595.7,  -4.7,  -0.9
196529,  -0.5,  -0.8,  -4.1,-411.1,  17.8,1013.4,  -2.6,   0.2
196553,   4.7,  -4.6,  -2.9, 310.5,-182.2,1538.6,  -3.9,  -0.6
196577,   2.4,   1.8,  -4.8,-130.4, -22.7,1114.7,  -3.7,  -0.1
196605,   3.3,  -0.4,  -2.2, -57.4, -69.9, 982.9,  -4.4,  -0.1
196629,  -0.5,  -3.8,  -1.5, -86.0,  59.8, 913.1,  -3.5,   0.7
196653,  -1.7,  -1.5,  -1.0, 105.2, 268.5, 746.1,  -3.2,   0.2
196677, -14.4,  -2.9,  -3.1,  46.9, 152.6, 467.8,  -1.4,   0.5
196705,   0.8,   1.9,   0.7, 174.5,-415.3,-470.7,  -3.8,  -0.3
196729,   0.7, -10.7,   1.1, -32.7, 689.2,1447.5,  -2.8,  -0.7
196753,  -6.9,   1.7,   4.2, 319.3,-314.2,1059.6,  -2.6,   0.2
196777,   5.0,   3.7,   2.8, -33.0, -13.2,1035.6,  -4.4,   0.2
196805,   0.6,  -4.4,   4.6, -73.3,  71.0,1149.2,  -3.9,   1.1
196829,   8.0,   8.2,   5.0,-239.8, 189.2,1264.4,  -5.1,   0.9
196853,   5.2,   1.3,   0.8,-150.4,-123.8, 754.9,  -5.0,   1.3
196877,   2.5,  -2.5,   2.2,-449.2, -57.2, 835.4,  -4.9,   2.3
196905,   2.3,   2.5,   5.6,-969.0,-562.5,1357.7,  -4.1,   2.5
196929,   4.9,   7.9,   1.6,  53.5,-408.7, 991.4,  -5.0,  -0.4
196957,  -0.6,  -6.8,   2.1,-108.7, 136.4, 782.7,  -4.8,  -0.5
196977,  -0.6,   2.4,   2.5,  51.7,  86.9,1046.6,  -5.0,  -1.0
197005,   0.6,   4.5,   1.8,-275.6, -57.7,1007.1,  -5.3,  -0.4
197029,   1.4,   1.5,   1.7, 194.6,-183.6, 749.5,  -5.3,  -0.7
197053,   3.3,   4.6,   4.2,-426.5,-136.8,1100.1,  -5.1,  -0.1
197077,   1.7, -11.8,   2.1, 342.8,-288.4,1196.8,  -4.2,   0.8
197105,  -6.1,  -7.0,  -2.1,   7.3,-105.0, 957.0,  -3.2,   1.3
197129,  -0.0,  -6.3,   3.4,1032.5, -85.0, 825.4,  -4.6,  -0.3
197153,   3.3,   5.6,   1.6,-592.1, 158.2,1191.2,  -4.7,   0.4
197177,  -0.9,  -2.7,   3.9,  40.8,  55.6, 705.8,  -3.4,   1.6
197205,   3.0,   5.4,  -3.1, -57.4, 178.7,1252.2,  -4.9,   0.5
197229,  -5.6,   0.1,  -0.4,-218.0,-244.7, 806.1,  -4.6,   1.6
197253,  -0.9,  -0.1,   1.5, 245.8, -40.1,1251.2,  -5.1,   0.7
197277,  -4.7,  -1.0,   2.1,  37.6,-256.4, 977.3,  -4.9,   1.4
197305,  -0.9,   3.2,  -1.6,-215.3,-114.8,1180.7,  -5.6,   1.2
197329,  -6.4,  -1.9,   0.9, -85.2,  -1.0, 575.2,  -5.0,   2.2
197353,   3.7, -19.6,   5.4, 604.7,-492.2,1009.0,  -6.4,   2.4
197377,   1.0,  10.9,   0.1,  22.4,   1.2,1182.4,  -5.5,   0.3
197405,  -2.6,  -1.8,   0.6,-232.2,-293.0,1149.9,  -4.5,   1.9
197429,   2.3,   4.7,  -0.5, 152.1, -60.1, 869.4,  -5.5,   0.5
197457,  -4.8,   2.0,   0.4,-419.2,-185.8, 842.0,  -5.8,   1.0
197481,   0.1,  -6.2,   4.2, 273.4,-121.6,1254.9,  -6.4,   0.6
197505,  -1.9,  -1.0,  -3.2,-178.7,-202.7, 773.4,  -6.1,   1.4
197529,   1.0,   3.0,  -4.0,-395.8,  41.5, 820.1,  -6.0,   1.7
197553,  -4.7,  -0.7,  -1.7, 336.4,-324.3,1873.3,  -5.3,   0.6
197581,   6.6, -16.6,  -2.9, 641.1,-214.4, 768.3,  -7.2,   0.5
197603,   3.7,  11.4,  -7.1, -14.2,  48.1, 604.0,  -6.1,  -1.0
197631,   3.4, -14.0,   0.2, 148.2, 142.3,1002.7,  -4.3,   1.2
197655,   5.7,   2.3,  -4.8,  68.1,-446.8,1063.7,  -5.0,   0.3
197679,   1.0,   3.3,  -1.6,-685.1,  27.8, 916.0,  -4.3,   1.7
197703,   4.4,  -6.6,   0.5, 185.0,-212.9, 655.8,  -5.3,   1.2
197731,   0.3,  -3.6,  -2.9, -34.7, -83.0, 688.7,  -4.2,   1.4
197755,  -0.5,  -3.7,  -1.9, -95.2,-100.1,1123.3,  -4.0,   1.3
197779,  -5.7,   1.8,  -3.4,-147.5,  51.2, 674.6,  -3.0,   1.4
197803,   4.6, -16.4,   2.6, 639.6,-394.3,1053.7,  -4.5,   1.3
197831,   5.3,  -2.4,   0.7,-282.7, 475.3,1415.0,  -4.3,   1.1
197855,  -0.8,  -2.4,  -0.9,-193.4,-136.0,1238.3,  -3.6,   1.7
197879,   1.2,  -2.3,  -2.8,  17.6,  40.2, 998.8,  -4.8,   1.4
197903,  -1.2,   2.9,  -2.3,-275.9, -92.1, 882.3,  -4.5,   1.7
197931,   2.8,   2.5,   1.7,-196.1, -86.0, 921.1,  -5.5,   1.7
197959,   6.6,  -8.9,  -1.3, 209.9,  66.1,1071.0,  -5.2,   1.3
197979,  -0.6,  -7.6,  -1.7, 135.0,-154.6,1126.2,  -5.0,   1.5
198003,  -2.7,   2.3,  -1.9, -39.3, -85.0, 995.1,  -5.9,   0.9
198031, -12.1,  -6.0,   1.5,-486.6,-643.1,1507.8,  -5.4,   2.1
198055,  -1.0,   3.8,   1.8, 647.0,-290.3, 691.6,  -6.6,  -0.0
198079,   4.4,  13.6,  -2.2,-471.7, 267.5, 884.8,  -6.4,   0.6
198103,  -0.9,   3.4,   1.3,-265.6,-315.2, 890.4,  -5.6,   1.4
198131,   4.4,  -1.2,   1.3, -25.6,-108.2,1374.3,  -6.2,   1.5
198155,  -2.4,  -0.3,   0.9,   5.4,-284.7,1117.2,  -5.7,   1.8
198179,   0.3,  -3.0,   1.3, -78.1,-144.1,1103.8,  -6.2,   1.9
198203,   5.9,  -3.5,   1.3, 111.1,  -4.9, 984.4,  -6.2,   1.9
198231,  -0.2,   3.0,  -1.8,-175.6,-177.3,1170.4,  -5.2,   1.9
198255,   0.0,  -4.3,   0.1, -16.6,  41.2, 880.9,  -5.3,   2.3
198279,  -3.3,  -2.2,   0.4,-114.5,-322.5,1046.1,  -5.0,   2.5
198303,   2.0,   3.1,   3.6, 350.6,-371.4, 735.8,  -7.0,   1.1
198331,   3.9,  -1.6,  -0.7,-364.0, 365.7, 862.3,  -4.6,   2.7
198355,   2.2,  -6.7,   0.4, 164.8,-279.3, 992.7,  -4.6,   2.5
198379,   1.1,  -2.2,  -3.0,-150.6,  -6.6, 915.0,  -5.0,   2.4
198403,  -2.6,  -4.3,  -1.9, -50.1,-319.1, 880.4,  -4.9,   2.7
198431,   1.6,  -4.1,   0.2, 102.0,-198.5,1161.1,  -5.2,   2.0
198459,   3.8,   0.1,  -0.4,  69.3, -17.4,1054.4,  -5.0,   2.0
198479,   3.0,  -1.9,  -1.8,-245.4,  87.9, 915.3,  -4.0,   2.0
198507,  -2.2,   2.6,  -1.2,-228.0,-615.5,1021.7,  -3.5,   2.0
198531,  -4.9,  -3.0,   1.4,-141.4,  28.8,1064.4,  -3.0,   2.2
198555,   0.0,  -2.6,   6.7,  17.8,-811.6,1318.1,  -3.9,   2.0
198579,   8.3,   7.5,   0.0, -80.6, 431.4,1276.8,  -4.0,   0.8
198607,  -0.8,  -2.2,   0.2,-166.0, -65.5, 774.2,  -2.3,   2.3
198631,   5.6,  -2.9,   2.3,  12.9,-216.6,1161.4,  -3.8,   2.2
198655,  -5.0,   3.5,   0.1, -23.5,-127.0,1033.9,  -2.5,   2.2
198679,  -2.4,   2.0,   2.1,  46.4,-180.5, 952.4,  -3.6,   2.1
198707,  -1.8,   4.3,  -1.3,  -4.9, -66.7,1231.2,  -3.2,   1.8
198731,  -2.3,   3.1,  -2.8,-313.0,-234.7,1067.6,  -3.2,   2.5
198755,  -2.9,   0.6,  -2.6, 108.4,  49.0,1061.3,  -3.3,   2.0
198779,  -7.2,  -5.2,   0.0, 104.5,-203.9,1130.4,  -3.4,   2.6
198807,  -5.3,   3.3,  -1.6, 123.8, 168.7, 875.5,  -2.9,   1.0
198831,  -2.0,  -4.8,   3.5,-210.7,-428.5, 852.8,  -3.9,   2.2
198855,   4.9,  -2.7,   2.0, 182.8, -73.0,1099.4,  -4.4,   0.8
198879,  -5.3,  -1.9,   1.5, -20.8,-129.2,1058.3,  -2.4,   1.9
198907,   2.6,   4.8,  -0.7,-309.8,-194.1, 738.0,  -3.3,   1.8
198931,  -3.9,  -2.9,  -0.1, -78.6,-175.1,1048.8,  -2.9,   2.1
198959,  -2.5,  -2.9,   1.1,  42.5, -40.1,1038.6,  -2.9,   1.9
198979,  -4.2,  -4.9,   0.9, 295.2,-201.2,1274.4,  -3.1,   1.9
199007,   0.4,   1.2,  -1.3,-230.7,  29.8, 881.6,  -2.6,   1.9
199031,  -1.1,  -1.5,   0.1,  25.4,-130.2, 777.8,  -3.1,   2.0
199055,  -8.2,  -6.8,   1.2, 278.3, 111.3,1015.4,  -2.5,   2.1
199079,  -8.4,   0.5,   4.7,-222.7,-1542.5,2051.8,  -3.6,   2.4
199107,  10.5,  17.8,   1.2,-532.0, 365.2, 791.5,  -4.0,   0.7
199131,   3.9,   3.5,  -4.1,-493.2, 405.7, 591.5,  -1.3,   2.1
199155,  -3.9,  -2.1,  -1.2, 109.1,-326.2, 948.0,  -1.9,   1.9
199179,   0.3,  -3.4,  -0.6,  42.2,  74.7, 869.6,  -2.4,   1.9
199205,  -4.2,   4.2,  -0.7,-271.5,-318.4, 925.0,  -3.0,   2.0
199229,  -0.3,  -1.0,   0.2,  61.0, -88.2,1012.7,  -3.1,   1.9
199257,   2.3,   4.2,   0.2,-239.0, -51.5,1083.2,  -3.4,   1.7
199281,   2.6,  -0.4,  -1.1,  -0.0, -19.1, 893.8,  -2.8,   2.0
199305,   3.8,  -4.4,   0.0, 183.1,  -2.2,1055.7,  -3.0,   2.0
199329,  -9.2,   2.3,  -0.7,  35.6,  60.5,1130.4,  -1.3,   1.9
199357,   5.4,   1.3,   3.1, 505.4,-149.4, 726.1,  -3.4,   1.0
199381,   4.1,   4.1,  -2.7,-214.9, 376.9,1021.5,  -2.4,   1.5
199405,   3.6,   4.5,   1.3,-334.2, -86.9,1153.1,  -2.1,   2.1
199429,   2.4,  -4.9,   0.7, 111.6, -67.7,1078.4,  -2.3,   2.1
199457,  -1.9,  -3.5,   1.8,-229.5,-206.6, 907.7,  -2.5,   2.3
199481,   2.1,  -5.8,   3.5, 208.0, -91.3,1088.6,  -2.7,   2.0
199505,  -3.3,   1.2,   0.4,-226.8, -37.6, 921.4,  -1.9,   2.4
199533,   0.6,   2.1,  -1.2,  76.2,  60.8, 845.9,  -2.6,   1.8
199557,  -0.8,  -1.9,  -3.0, -47.9, 278.0, 743.9,  -1.9,   1.8
199581, -11.4,   7.4,  -1.8,-613.3,-600.6,1590.3,  -2.1,   1.3
199605,   3.3,  -4.9,   2.4, 313.7,-207.6, 491.9,  -3.8,   0.3
199633,   3.3,   7.8,  -5.0,-388.0, 335.4, 933.8,  -2.2,  -0.0
199657,   0.9,  -1.9,   0.9,-157.0,-286.9, 837.2,  -2.7,   1.4
199681,   1.7,   0.9,  -1.1, -86.2, -32.3, 791.5,  -3.1,   0.7
199705,  -2.4,  -6.6,   2.3, 135.2,-335.0, 941.4,  -3.0,   1.3
199733,   2.3,   2.1,   2.8,  71.0, -22.5,1012.0,  -3.7,   0.8
199757,  -1.7,  -3.7,  -0.2,  19.3, -75.7,1053.9,  -2.9,   1.1
199781,   3.5,   0.5,  -1.3,-146.3,-324.5, 939.4,  -3.2,   1.4
199805,  -3.5,  -5.0,  -0.7, 184.3, -18.1, 762.0,  -2.2,   1.6
199833,   6.9,   4.3,   0.4, 238.8,-508.3, 477.3,  -4.8,   0.3
199857,   4.4,   2.0,   1.8,-485.4, 214.6, 919.9,  -2.9,   1.7
199881,  -4.0,  -1.3,   5.0,-106.2,-945.6,1085.9,  -2.5,   1.9
199905,   3.9,  -0.4,   3.3, 269.3,-185.6,1065.4,  -3.4,   1.3
199933,   0.8,   4.3,   2.4,-520.3,-243.4, 826.4,  -3.0,   2.0
199961,   8.7,  -0.2,   2.8,   1.2, -77.7, 926.3,  -2.8,   2.0
199981,   6.4,  -3.0,   2.4,-296.2, 152.3, 963.6,  -2.1,   2.7
200005,   4.4,  -6.9,   1.5, 265.1, 140.3,1173.6,  -1.8,   2.5
200033,  -0.0,   5.5,   1.7,-730.5,-138.5,1687.2,  -1.0,   3.2
200057,   2.5,   1.5,  -3.0, 203.8,-111.1, 784.7,  -2.0,   0.3
200081,   1.9,  -2.6,  -4.1,-139.7, 351.0,1114.7,  -1.3,   0.6
200105,  -0.6,  -3.0,   2.0, 130.4,-184.1, 829.6,  -1.5,   1.1
200133,  -0.2,   1.5,   0.3,-167.0, 366.2, 944.8,  -1.6,   1.3
200157,  -2.6,  -6.0,  -0.6, 220.9,-309.6,1086.7,  -1.8,   1.2
200181,   2.9,  -3.0,   0.6, 127.9, 238.0,1229.2,  -2.4,   1.3
200205,  -3.1,  -1.6,  -2.6,  46.9,-121.9, 954.8,  -2.3,   1.2
200233,   0.3,  -2.2,  -0.2, -16.9, 298.5,1237.3,  -2.9,   0.9
200257,  -6.1,   4.2,   0.6,  96.2, 259.7, 687.2,  -2.1,   0.4
200281,   2.0,  10.9,   7.1,-1777.4,-363.6,1999.3,  -2.1,   1.4
200305,  10.3,   3.0,   5.4, 518.1, -10.3, 784.4,  -4.2,  -2.3
200333,  -4.8,   4.5,   0.4,-923.8, 714.6, 665.0,  -1.5,  -0.2
200357,  -2.2,  -9.3,   2.6, 427.5,-301.1,1435.1,  -2.8,  -0.4
200381,  -4.3,  -8.1,   4.0, 289.0, 377.7,1222.6,  -3.0,  -0.0
200405,  -3.5,   0.9,   3.5, 178.7,-361.6, 820.1,  -4.2,  -0.2
200433,  -2.5,   0.7,   4.0,-213.9, 133.5, 897.0,  -3.9,   0.7
200461,   4.1,   0.4,   2.9, 329.8, 242.6, 987.5,  -3.5,   0.3
200481,  -3.6,  -4.8,   3.2, 130.6,-186.1,1031.0,  -3.8,   0.9
200509,  -3.8,   5.9,   1.0,  56.6,-374.8,2154.0,  -3.6,   0.2
200533,  10.8, -12.8,   2.8, 207.5,-162.6, 506.1,  -5.1,   0.4
200557,   4.4,   9.9,   2.3,-123.1, 257.0, 795.6,  -3.9,  -1.1
200581,   1.9,  -8.3,   4.7, 162.6, 156.2, 679.7,  -2.5,   0.3
200609,   2.1,   3.5,  -0.6,-154.1,-300.3, 970.5,  -3.6,  -0.1
200633,  -2.6,  -6.0,   4.0,-230.2,-159.0,1076.2,  -3.4,   1.1
200657,   1.8,  -3.1,   1.9, 321.0, -11.5,1013.7,  -4.0,  -0.1
200681,   0.3,   3.7,   1.0,-453.1,-161.4,1204.8,  -4.0,   0.6
200709,   3.6,   0.3,   0.4,  31.7,-222.0,1207.5,  -4.2,   0.4
200733,   1.4,  -6.4,  -1.9, 115.0, 107.6, 807.1,  -3.6,   0.7
200757,  -5.8,   9.7,  -0.2,   7.3, 173.5, 730.0,  -2.8,  -0.7
200781,   4.4, -19.1,   9.6, 650.9,-309.1,1073.2,  -3.7,   0.3
200807,  -0.5,  13.3,   4.5,-460.5, 243.9, 875.5,  -3.1,  -0.8
200831,   1.5,  -4.0,   7.0, 114.5, 144.7, 874.7,  -2.9,   0.7
200859,   4.4,   1.5,   2.3, -31.0, 134.0, 864.5,  -3.5,   0.2
200883,   2.7,  -4.6,   4.5,-240.0, 134.5, 921.9,  -2.9,   1.3
200907,  -2.7,   1.8,   4.1,-182.6,  30.0,1233.4,  -3.5,   1.0
200931,  -2.8,  -3.5,   2.9, -77.7,-210.7, 955.6,  -3.7,   1.8
200959,   0.8,   0.7,  -1.8,-145.8, 280.7, 783.9,  -3.3,   2.0
200983,  -6.9,   3.5,  -1.9, -90.1,-205.6, 885.5,  -3.4,   1.3
201007,  -1.6, -10.4,   4.5,  11.5,-232.9,1341.8,  -4.5,   1.7
201031,   2.8,  -2.3,  -0.2, 285.4, 322.0, 880.4,  -3.6,   1.0
201059,  -1.6,   6.9,  -3.7,-652.1,-106.2,1216.1,  -4.0,   1.1
201083,  -2.2,  -1.1,  -1.5, -39.6,  -2.7, 743.9,  -3.0,   1.4
201107,  -1.6,   4.2,  -0.4,-217.1,-133.3,1074.2,  -4.0,   1.0
201131,   0.0,  -1.8,  -2.4,-152.6,  37.3,1052.5,  -3.9,   1.8
201159,   0.4,   0.3,  -1.8,-373.6, -14.7,1018.5,  -4.1,   1.5
201183,   2.6,  -4.0,   1.9, 276.4,-153.4,1416.3,  -4.3,   1.1
201207,   5.0,   5.6,  -2.7,-321.3, 140.8,1032.0,  -4.1,   1.5
201231,   0.5,   8.9,  -3.8,-467.5,   8.3, 776.6,  -3.6,   1.6
201259,   7.4, -10.9,   4.3,  19.5,-116.5,1375.5,  -4.1,   2.5
201283,   4.3,   5.4,   0.1,  66.1, -18.6, 640.6,  -4.4,   1.1
201307,   4.5,   1.9,  -4.0,-331.3, 289.3,1060.8,  -3.9,   1.3
201331,   1.2,  -3.9,   0.1, 251.4,-105.7, 869.1,  -3.7,   1.5
201359,   1.3,   1.8,  -1.1,-403.6,  37.1,1165.0,  -3.8,   1.9
201383,  -0.8,  -3.8,  -2.1, 173.3,-220.2,1053.9,  -4.2,   1.7
201407,   5.3,   5.4,  -4.1,-211.2, 249.5,1041.0,  -4.1,   1.1
201431,  -1.9,  -1.0,  -1.1, -60.1,-340.6, 814.9,  -4.2,   1.7
201459,   4.0,   6.5,  -3.7,-394.1, 172.6, 999.5,  -3.9,   2.2
201483,  -2.0,  -4.3,  -1.6, 123.0,-195.8, 969.0,  -3.7,   2.6
201507,  -0.0,   8.6,   1.6,-617.4,  53.7,1354.7,  -3.5,   2.7
201531,   3.1,  -4.2,   2.5, 568.8,-196.3, 948.2,  -4.6,   1.2
201559,  -1.7,   7.7,  -3.8,-863.3,  50.5,1047.6,  -4.5,   2.1
201583,  -1.4,  -6.0,  -1.5, 396.0,-198.3,1008.1,  -4.3,   1.9
201607,   1.4,   2.1,  -3.0,-125.3, 251.4,1013.2,  -4.5,   1.7
201635,  -3.2,  -2.4,  -2.1, 488.8,-174.4, 954.3,  -4.8,   1.2
201659,  -3.5,   3.9,  -3.2, -66.2, -54.2,1003.7,  -4.9,   1.4
201683,  -0.2,  -3.7,  -0.9, 185.3,  49.3, 963.9,  -4.7,   1.7
201707,  -0.7,   0.9,  -0.1, 203.1, -26.4, 922.8,  -5.0,   1.3
201735,  -3.1,   3.2,  -0.7,  30.7,  50.3, 902.6,  -4.1,   1.2
201759,   4.7, -12.7,   5.8, -57.6,-334.5, 786.1,  -5.2,   2.3
201783,   5.4,   7.0,   2.1,  74.7, 363.7, 967.8,  -4.9,   0.5
201807,   0.9,  -6.4,  -2.6,-186.1, 109.8,1403.8,  -3.9,   1.6
201835,  -1.8,   2.3,  -2.1,  39.5, -60.6, 963.1,  -3.3,   1.4
201859,   1.4,  -6.4,   1.7, -81.1,  92.5,1252.7,  -3.9,   2.3
201883,  -1.6,  -2.3,  -0.4, 102.0, -63.3, 839.6,  -4.5,   2.0
201907,   0.7,   2.9,  -0.2,-264.4, -61.1,1082.3,  -4.5,   2.1
201935,   6.3,  -0.2,   2.3, -55.2,-118.2,1040.3,  -4.3,   1.9
201963,   6.1,   5.3,   3.7,-291.0,  90.5, 986.1,  -4.0,   2.4
201983,  -0.7,   1.9,   1.0,  62.7,  40.2, 854.2,  -3.5,   2.1
202007,  -0.9,  -1.6,  10.3,-556.7,-718.8,1432.4,  -4.1,   3.3
202035,   3.0,   3.1,   5.1, 491.9, -55.0,1021.7,  -5.0,   1.3
202059,   2.1,   2.0,  -1.8,-311.5,-316.0,1298.3,  -5.9,   1.7
202083,  -1.1,  -9.4,  -7.0, 220.0,-149.2,1019.8,  -6.2,   2.4
202107,  -1.3,   0.9,  -9.5, -59.3,-525.4, 989.5,  -7.2,   1.5
202135,   0.2,  -6.2, -10.6, 324.4, -10.5, 811.3,  -7.1,   0.9
202159,  -0.6,  -0.8,  -6.3,  13.4,-162.4, 878.4,  -7.0,   0.5
202183,   4.5,   0.2,  -2.4,   9.3, -54.2, 913.6,  -7.2,   0.3
202207,  -0.3,   1.3,   2.4,  56.1,-154.6,1134.3,  -5.6,  -0.1
202235,   3.3,   1.0,   8.2,-127.7, -65.5, 919.2,  -5.8,   1.4
202259,   0.3,  -1.8,   6.0,  16.3,   2.2, 932.9,  -5.3,   2.1
202283,  -1.9,   6.1,   3.9,-153.1,  63.7, 784.7,  -5.2,   2.0
202307,   0.4,  -8.8,   6.2,  10.2,-400.7,1390.1,  -5.5,   2.9
202335,   2.3,   8.1,   1.6,-138.7,-128.5, 812.0,  -6.5,   1.7
202359,   4.5,  -4.5,  -1.2, -13.7, 470.4,1026.1,  -5.0,   2.4
202383,   1.2,  -7.0,   0.1, -76.7,-221.2,1018.5,  -4.3,   3.2
202409,   1.3,  -5.1,   2.2, 220.2, -66.2, 977.8,  -4.9,   2.5
202433,  -0.8,   0.8,   4.6, -57.1,-161.7, 974.6,  -4.8,   2.5
202461,   2.7,  -0.4,   8.9,-198.3,  15.1, 944.1,  -4.7,   2.7
202485,   2.4,   1.0,  12.5,  39.3,-143.3, 954.8,  -4.8,   2.4
202509,  -2.0,   3.7,  11.3,-315.9, 149.1,1171.9,  -3.7,   3.1
202533,  -0.0,   0.9,  13.0,-200.5,-267.9, 873.3,  -4.3,   3.6
202561,  -1.3,  -6.0,  11.1, 140.6,  12.9, 999.5,  -4.2,   3.4
202585,  -6.0,   4.8,  10.6,  10.0,-185.6, 765.6,  -4.0,   3.0
202609,   1.2,  -3.4,  13.7,-150.4,-470.0,1282.0,  -4.8,   3.5
202633,   5.8,   0.9,  12.2,-286.6, 136.0,1133.5,  -4.3,   3.6
202661,   1.7,  -3.0,   8.4,  40.0,-204.1,1103.8,  -4.1,   3.4
202685,   4.2,  -0.8,   8.4,  40.8,  95.4,1089.1,  -4.5,   2.6
202709,   2.0,   5.1,   9.3,-326.4, 103.0, 973.1,  -3.5,   3.2
202733,   1.8,   1.8,   8.2,   6.3, -66.4, 973.9,  -3.9,   2.7
202761,  -1.3,   3.2,   5.6,-205.8,-157.5,1150.4,  -3.8,   3.0
202785,   1.3,  -2.5,   7.0, 173.1,-121.1, 937.0,  -4.6,   2.5
202809,  -5.6,  -2.8,   4.8,  92.0,-121.1,1137.0,  -4.4,   2.5
202833,   0.7,   3.3,   2.8,  93.2,-320.6,1117.4,  -4.9,   1.9
202861,   0.8,  -2.7,  -4.1,-232.7, -38.4, 835.9,  -5.5,   2.5
202885,  -3.8,  -2.5, -10.1, 165.0,-326.5, 937.0,  -6.2,   1.6
202909,  -5.8,   0.6, -12.0, 258.0,  69.1, 895.0,  -5.9,   0.2
202933,   0.7,  -0.4,  -4.1,  95.0,-156.3, 916.3,  -6.4,   0.2
202961,   1.1,   3.1,  -4.8,  30.3,-186.1, 932.6,  -6.5,   0.2
202985,  -0.3,   0.1,  -5.1,-265.9,-144.8,1052.2,  -5.9,   1.6
203009,  -1.4,   7.3,  -5.4,-386.0,-270.8,1012.9,  -5.9,   1.7
203033,  -1.4,  -5.4,  -3.5, 118.1,  62.0,1187.0,  -5.4,   2.0
203061,  -1.5,   2.5,  -4.6,-169.2,-104.0,1141.6,  -5.5,   1.7
203085,   2.3,  -0.4,  -6.8, -76.4,-201.0,1082.0,  -5.8,   1.9
203109,   2.6,  -4.1,  -8.8, -86.2,-118.0, 920.4,  -5.5,   2.3
203133,   2.0,  -3.0,  -9.6, -61.1,  25.8, 951.4,  -5.3,   2.3
203161,  -5.0,   0.8,  -9.3,-141.4,-257.4,1124.3,  -4.6,   2.1
203185,  -3.2,  -1.3,  -8.7, -35.4,-181.9, 914.3,  -5.0,   1.6
203209,  -3.1,  -2.7,  -9.1,   1.2,  67.6,1024.4,  -4.5,   1.6
203233,  -2.2,  -2.1,  -8.4,  94.2,-116.2,1003.9,  -4.2,   1.3
203261,  -2.2,   1.7,  -4.5,-181.2,-392.4,1436.3,  -4.2,   1.5
203285,   2.4,   0.9,  -4.1,  95.2,  -7.1, 850.8,  -4.5,   1.2
203309,   1.2,  11.0,  -2.4, 188.5, -26.9, 822.7,  -4.4,   0.1
203333,   0.9,  -0.2,   0.4,-316.2,  17.5,1010.5,  -3.4,   1.9
203361,  -1.3,  -1.8,  -0.4, 182.4, -36.2, 873.5,  -3.5,   1.8
203385,  -4.0,  -0.7,  -1.0,-300.1,-295.7,1016.6,  -3.7,   2.4
203409,  -1.7,  -0.9,   0.6, 224.4,-209.5,1046.6,  -4.1,   1.7
203433,  -0.0,   2.7,  -0.9, -94.0,  37.1,1058.8,  -3.8,   1.5
203461,   1.9,  -2.2,   0.6,  87.6,-179.0, 918.9,  -3.8,   1.3
203485,   0.7,  -1.2,   0.5, -26.9, -13.2, 931.6,  -3.2,   1.7
203509,   2.5,  -5.9,   1.7, 146.5,-106.5, 823.0,  -3.5,   2.1
203533,  -2.5,  -2.9,   2.9, 150.1, -21.3,1133.3,  -2.9,   1.8
203561,  -2.0,   1.9,   2.1, 134.5,  50.0, 725.1,  -2.5,   1.3
203585,   4.0,   0.1,   5.8,-274.7, -79.9, 829.1,  -2.9,   2.1
203609,   5.8,  -0.9,   4.5,  99.6, 268.8,1050.3,  -2.8,   1.9
203637,   2.9,   0.7,   3.3, -68.1,-210.5,1287.6,  -2.9,   1.6
203661,  -0.2,  -5.9,   5.7,  44.7, 185.3,1050.3,  -1.4,   2.6
203685,   3.1,   0.6,   4.3,-193.4,-171.7, 858.1,  -1.9,   2.5
203709,  -1.7,  -3.3,   3.4, -41.3,-216.1, 863.8,  -2.1,   2.7
203737,   4.8,   5.8,   4.5,-613.1,   9.2,1075.9,  -2.3,   2.5
203761,  -0.4,  -6.8,   4.4, 297.8,  92.3, 930.7,  -1.9,   2.3
203785,  -2.8,  -1.3,   1.8,-292.0,-159.2,1037.1,  -1.9,   2.8
203809,  -2.2,  -3.7,   1.3, 109.6, -33.0,1028.1,  -2.2,   2.6
203837,  -3.3,   0.4,   0.5,  19.8,  31.2, 973.6,  -1.8,   1.9
203861,  -2.2,  -1.0,   7.5,-447.0,-632.1,1190.9,  -2.9,   2.5
203885,   2.0,  -0.2,   1.7, -99.1,  77.4, 856.2,  -2.2,   2.0
203909,  -8.1,   4.6,  -1.9, -10.8,-181.9,1147.5,  -1.8,   2.1
203937,   2.3,  -0.4,   0.9, -80.1, 129.4,1063.2,  -2.7,   2.0
203965,  -5.1,  -5.7,   1.9, 145.2,-365.0, 792.5,  -3.3,   1.7
203985,   3.5,  -2.1,   2.8, 185.3, 133.5,1184.3,  -3.6,   1.3
204011,   0.8,   1.4,  -0.1, -88.4, -52.3,1202.4,  -3.5,   1.7
204035,  -1.1,   0.4,   1.7,-166.8, 102.5,1137.0,  -3.2,   2.0
204059,  -0.4,  -6.1,   4.0, 147.7,-160.4, 987.3,  -3.3,   2.1
204087,   2.2,  -0.1,   3.6,  -5.9,  94.4,1023.7,  -3.3,   2.1
204111,  -6.2,   3.1,   4.0,  30.3,-102.3, 746.3,  -2.7,   1.6
204135,   3.1, -12.7,  11.5, 507.3,-346.2, 900.4,  -4.0,   1.8
204159,  -2.7,   7.5,   6.8,-228.3,-118.7,1247.6,  -2.4,   1.2
204187,  -0.9,   0.5,   6.9, 583.7,  29.0, 952.1,  -2.2,   1.7
204211,   2.5,   1.7,   3.4,-391.9,   6.3, 924.3,  -3.4,   1.8
204235,  -0.6,  -2.3,   6.0,-116.2, -57.4, 954.3,  -2.3,   2.5
204259,  -0.0,   3.4,   7.3, -66.7,-261.8,1037.8,  -3.2,   2.0
204287,   1.6,   0.9,   5.6,-187.0, -34.2,1026.4,  -3.0,   2.6
204311,  -6.3,  -1.3,   5.7,  80.3,-438.5,1154.3,  -2.7,   2.5
204335,   0.5,   0.9,   7.1,-174.8,  -9.6,1028.1,  -2.6,   2.9
204359,   0.6,   2.1,   4.2,  55.6,  91.0, 787.1,  -2.8,   2.2
204387,  -3.5,   1.7,   6.8,-612.3,-633.1,1737.3,  -2.5,   2.7
204411,   6.1,   2.3,   6.9,-215.3,-190.2, 912.8,  -3.5,   2.0
204435,  -3.8,  -3.9,   0.4,-180.9, 138.4, 949.9,  -2.4,   2.4
204463,   5.2,  11.1,   4.3,-244.9,-204.4, 876.9,  -2.5,   2.9
204487,   1.2,  -3.5,   4.0, -68.1, 223.4,1099.8,  -0.7,   3.7
204511,  -0.6,   1.3,  -0.2, -71.1,-291.1, 823.7,  -1.9,   3.4
204535,   3.0,  -3.6,   1.7, 100.3,  18.0,1345.5,  -2.2,   3.2
204559,  -2.7,  -0.2,   0.2, -33.0,-337.2,1075.4,  -2.2,   3.3
204587,  -0.4,   4.7,  -2.0,-117.9,-113.8,1088.6,  -2.8,   2.5
204611,  -3.3,   0.8,  -2.6, 116.7,  15.3, 764.6,  -2.1,   2.1
204635,  -8.8,   6.4,  -4.0, 223.1,-322.3,2513.9,  -1.6,   1.8
204663,   8.0,  -3.5,  -1.5,  92.8, 103.7, 860.8,  -2.2,   1.3
204687,  -1.1,  -1.7,  -7.5, 136.9, 227.7, 955.1,  -1.2,   0.8
204711,  -0.4, -17.3,  -1.1,1027.6,-148.2,1246.3,  -1.5,   1.3
204735,   5.4,  14.0,  -4.2,-337.4, 179.2, 909.7,  -3.0,   0.1
204763,  -4.7,  -9.7,  -1.6, 688.9,-261.8,1065.7,  -1.9,   1.1
204787,   2.2,  10.4,  -3.4,-452.4,-118.7, 862.3,  -3.4,   1.0
204811,   1.6, -18.7,  -1.0, 501.4, -31.5, 933.1,  -2.5,   1.5
204835,   1.7,   3.2,  -1.9,-144.1,-231.7,1066.2,  -3.3,   0.8
204863,  -3.3,  -7.1,  -0.5, 250.2,-212.7, 902.8,  -2.7,   1.2
204887,  -6.3,   4.8,  -2.1, -71.5, 127.7, 714.3,  -2.1,   0.7
204911,   4.7, -19.8,   8.5, 654.0,-202.2, 759.5,  -3.3,   0.7
204935,   2.5,  11.0,   2.8,-753.4,  54.7, 974.6,  -2.8,   1.0
204963,   0.3,  -7.0,   3.2, 553.2, -75.2,1149.2,  -2.8,   0.3
204987,   1.0,   5.0,  -1.9,-409.9,-246.1, 952.1,  -3.7,   0.7
205011,  -0.2,  -5.1,   3.1,  83.2,-247.1,1515.6,  -2.7,   0.9
205035,   5.0,   7.5,   2.1,-130.9,-220.5,1054.2,  -3.4,   0.5
205063,   7.8,   0.1,   1.4,-328.4, 406.5,1134.5,  -2.8,   1.2
205087,   1.9,  -6.6,   2.1,-103.5,-157.5,1206.3,  -2.5,   1.8
205111,   4.3,   0.9,  -1.1,-166.8, -84.0, 627.4,  -2.7,   1.7
205135,  -3.1,   3.4,  -4.1, 266.1, 594.2, 737.8,  -0.5,   0.2
205163,   6.4,  -3.2,   2.9, 205.8, -26.4, 394.5,  -2.1,   0.4
205187,  -3.6,   9.8,  -3.2,-190.4, -34.9,1437.5,  -1.2,  -0.5
205211,   1.5,  -7.0,   4.5,-186.8,-286.2,1403.6,  -2.7,   1.0
205235,   5.3,   0.4,   2.1, -23.5, 214.6, 546.6,  -1.3,   1.1
205263,   3.2,  -4.4,   1.7, -85.0, -98.4, 824.2,  -1.7,   1.8
205287,   0.7,   2.1,   2.3, -55.7,-197.5, 716.5,  -2.4,   1.5
205311,  -0.5,   0.5,   3.7,-276.1, 311.5, 961.4,  -1.4,   2.0
205335,   3.9,  -5.2,   5.3, 520.0, -58.1, 934.6,  -2.6,   1.2
205363,  -1.6,   4.0,  -1.0,-684.6,-291.5,1623.0,  -2.1,   2.2
205387,   0.9,  -0.5,  -3.2, 105.9, 224.6, 900.4,  -3.1,   0.8
205411,  -2.3,  -1.9,  -5.6,  80.6, 442.8, 852.0,  -1.8,   0.4
205435, -10.0,   3.1,  -1.0, 148.4,-512.2,1093.3,  -2.4,   0.9
205463,   1.6,  -4.6,  -1.3,-200.0, 385.0,1063.5,  -1.9,   0.9
205487,  -3.5,  -0.8,  -4.3, 149.9,-318.4, 849.6,  -1.9,   1.5
205511,  -1.4,   3.1,  -3.0,-119.6,-242.2,1130.1,  -3.2,   1.1
205535,   2.0,  -1.6,  -1.1, 143.8,  70.0, 966.5,  -2.7,   1.3
205563,   2.0,  -2.5,  -1.2,  84.9, 230.4, 791.5,  -1.9,   1.4
205587,   6.7,  -0.9,   2.1, 150.9, 213.8, 866.9,  -2.4,   1.4
205613,  -9.9,  -2.6,  -0.4, 273.7,  63.4, 855.5,  -0.8,   1.3
205637,   5.8,  -4.7,   4.7, 545.9, 115.4,1043.2,  -2.5,   1.4
205661,  -0.6,   4.9,   4.3,-598.4,  11.2, 970.9,  -2.7,   2.9
205689,  -0.2,   7.8,   2.5,  78.8,-141.4, 938.2,  -2.6,   1.7
205713,   6.6,   2.9,  -1.2,-613.5,  90.5, 793.5,  -2.7,   3.3
205737,   0.3,  -4.8,  -1.8, -53.0,-146.0,1085.2,  -2.4,   3.1
205761,   0.8,   6.4,  -2.0,-796.9,-107.0,1395.5,  -2.9,   3.5
205789,  -2.2,   0.8,  -1.9,-131.9,-202.9, 966.3,  -3.0,   2.7
205813,  -2.4,  -9.2,  -2.2,  59.3, -52.5, 960.7,  -3.0,   2.9
205837,   0.1,  -1.4,  -5.7, 280.5,  18.0, 850.6,  -2.8,   1.6
205861,  -1.8,  18.4,  -4.1,-1249.8,-424.4,1446.5,  -2.2,   1.2
205889,   4.1,  -3.1,   2.7, 398.4, 314.9, 769.0,  -2.5,   0.8
205913,  -1.6,   3.6,  -6.0, 168.0, 126.9,1225.1,  -2.2,   0.2
205937,   4.2,   2.3,   1.2,-550.8, -59.6,1115.5,  -3.5,   1.6
205965,   1.9,   1.3,  -1.2,  97.4, 226.8,1194.8,  -3.2,   1.5
205989,   2.8,  -1.8,  -0.1, -37.4,-117.0, 773.4,  -4.0,   2.1
206013,  -0.1,   3.7,  -0.9,  31.0,  49.5, 972.2,  -3.7,   1.9
206037,  -2.4,   3.2,   0.1,-367.7,-374.1, 749.7,  -3.6,   2.6
206061,  -4.9,  -5.0,  -1.3, -37.9,  57.8, 935.3,  -3.2,   2.8
206089,   5.8,  -3.7,   2.7,-141.6,-488.8, 909.9,  -4.5,   3.0
206113,   8.5,  -1.9,  -2.2, 326.9, 298.1, 905.8,  -4.0,   1.0
206137,  -4.4,  -3.4,  -7.0,-123.8, -27.6,1053.7,  -2.4,   1.7
206161,   8.3,   0.9,   1.2,  84.2, 275.4, 938.2,  -3.4,   1.0
206189,   0.0,  -0.9,  -0.5,-326.9,-141.6,1047.1,  -2.1,   2.4
206213,   1.6,   0.8,  -1.9, 178.0,-352.6,1066.6,  -3.4,   1.3
206237,  -0.3,  -7.1,  -1.5, -36.9,  98.8, 935.1,  -2.5,   2.2
206261,   5.2,   2.3,   0.6,-117.7,-120.9,1156.2,  -3.4,   1.6
206289,  -2.5,   0.2,  -3.5, 163.6, -99.4, 802.7,  -2.3,   1.0
206313,   0.7,  15.0,  -3.0,-610.6,-351.4,1611.8,  -1.6,   0.8
206337,   3.1,   1.2,   2.4,-119.2,  45.1, 758.8,  -2.1,   0.9
206361,  -2.0,   0.4,  -4.0, 725.3, -13.0,1296.9,  -1.3,   0.0
206389,   7.1,  -9.6,   0.4,-124.0, 356.2,1273.4,  -2.6,   1.7
206413,   0.9,  -1.9,   0.4, 423.6, -24.2,1044.4,  -1.7,   1.4
206437,   0.5,   0.3,   0.0, -57.1,-188.3, 971.2,  -2.3,   2.0
206465,   0.7,   0.9,  -3.7,  41.2,-104.0, 817.6,  -2.3,   1.9
206489,   0.3,  -8.5,  -3.4, -35.9, -89.6,1230.0,  -2.8,   1.9
206513,  -1.6,   3.3,  -6.6, 132.1, -99.9, 958.0,  -2.5,   1.1
206537,  -3.4,  -2.4,  -7.7, 248.0,-339.9,2135.7,  -2.2,   1.1
206561,   2.8,  -1.6,  -3.4, -75.0, -63.0, 463.1,  -2.8,   1.6
206589,  -5.4,   3.8,  -7.2,  33.7,-119.9, 832.5,  -2.1,   0.8
206613,   3.0,  -2.4,  -2.7,-191.2, -68.4,1198.2,  -3.4,   1.8
206637,  -6.0,   1.7,  -5.4, -60.3,-324.7, 939.0,  -2.3,   1.2
206665,  -0.6,  -3.6,  -2.8,  72.3, -43.7,1071.8,  -3.2,   1.1
206689,   1.4,   2.1,  -4.1, -92.5,  57.3,1119.9,  -2.7,   0.9
206713,   3.3,  -6.3,  -1.0, 221.7, -70.3,1024.4,  -3.1,   1.2
206737,  -0.4,  -0.1,  -3.3,   7.1, 267.8, 891.4,  -2.2,   0.8
206765,  -2.0,  -2.0,   2.9,-352.8,-434.4,1467.5,  -2.4,   1.8
206789,   5.9,  -0.5,  -1.5, 482.9, 257.3, 917.7,  -2.9,  -0.0
206813,  -8.5,  11.7,  -4.7,-550.3,-386.3, 836.7,  -1.9,   0.8
206837,   4.3, -13.9,   1.3, 141.6, 248.3,1594.2,  -2.6,   1.4
206865,  -1.8,  -3.4,   1.5,-241.0,-338.4,1004.4,  -2.6,   2.1
206889,  -1.2,   1.6,  -1.1, 220.0,-150.9,1047.6,  -3.3,   1.7
206913,   1.6,  -2.6,  -0.8, 261.9,  -2.2, 923.6,  -3.5,   1.7
206937,   2.4,   1.9,   0.1,-211.4,-138.7, 989.7,  -3.8,   2.1
206965,   2.3, -10.1,  -4.2, 177.0, 214.6, 753.7,  -3.4,   1.6
206989,  -3.9,  -3.8,  -3.0,-502.9,-1012.5,1613.5,  -3.6,   1.6
207013,   0.9,  -1.5,  -4.8,-312.5,  94.7, 699.5,  -3.3,   1.6
207037,  -3.2,   8.2,  -6.2,-210.2,-326.9, 812.0,  -3.5,  -0.3
207065,   0.9,  -8.0,  -0.4, 138.2, 273.9, 686.8,  -2.3,   1.3
207089,  -3.6,  -0.9,  -5.5,  36.4,-478.3,1007.3,  -2.6,   0.6
207113,  -2.4,  -3.6,  -3.4,  95.0,  15.6, 774.4,  -3.1,   1.4
207137,  -1.9,   4.4,  -3.8,-272.0, 191.4,1145.0,  -3.1,   0.9
207165,  -1.7,  -6.2,  -3.8, 243.9,-257.8, 981.9,  -3.7,   1.0
207189,  -3.9,   0.3,  -8.7, 180.4, 355.2, 650.1,  -2.2,   0.5
207215,   0.6, -11.2,   3.0,-514.9,-901.2,1551.5,  -4.0,   1.9
207239,   1.9,  14.7,  -6.5, 274.2, 268.0,1018.1,  -2.9,  -0.2
207263,   2.9,   6.8,  -8.5,-957.8, 254.4, 980.7,  -2.7,   0.7
207287,  -0.2, -11.5,  -2.5, 588.4,  61.2,1213.6,  -1.8,   1.1
207315,  -0.9,   5.5,  -4.9,-257.6, -64.7,1155.3,  -3.1,   0.6
207339,  -3.3,  -1.2,  -3.4, 251.7,-184.4,1087.6,  -3.3,   0.9
207363,  -0.5,   4.0,  -4.7,-346.5,  76.9, 983.6,  -3.2,   1.2
207387,   1.4,  -6.3,  -2.4, 213.4,-313.5, 944.6,  -3.5,   1.1
207415,  -4.6,   0.9,  -5.2,-113.5,-167.5, 788.3,  -3.0,   1.4
207439,  -5.9,   4.5,  -3.9, 187.0, -71.3,1556.4,  -2.9,   0.3
207467,  -3.5,   1.7,  -3.4,  78.1,-211.7, 584.5,  -3.3,   0.3
207487,   5.0,   3.2,   1.7, 319.3, -17.1,1200.9,  -4.0,  -0.6
207515,   0.5,  -4.9,   1.5, 213.9, -89.9, 953.4,  -2.8,   0.6
207539,   4.3,   3.2,  -3.2,-119.9,-131.9, 918.7,  -3.3,   0.1
207563,   2.2, -10.3,   1.3,-114.0, -17.1,1056.1,  -2.6,   2.0
207587,   4.5,   6.0,   0.2,  93.7,-129.4,1043.0,  -3.4,   0.3
207615,  -3.6,  -8.8,  -0.2, 249.7,-146.8, 828.6,  -2.7,   1.2
207639,  -1.3,   1.2,  -2.6, -95.5, -47.4, 898.7,  -3.1,   0.6
207663,  -0.1,  -0.1,   1.1,-390.4,-428.7,1327.1,  -3.2,   1.5
207691,   8.9,  -7.7,  -2.6, 830.1, 431.8, 866.0,  -3.5,   0.1
207715,   1.6,   0.1,  -3.5,-522.2, 127.2, 847.4,  -2.6,   1.1
207739,  -0.6,  -8.0,   4.3,  11.2,-110.6,1158.4,  -2.6,   1.8
207763,  -0.9,  -3.6,   1.7, 183.1,-397.0,1064.9,  -3.1,   0.8
207791,   1.1,  -0.4,   0.9, -83.0, 155.5, 961.7,  -2.9,   1.3
207815,   1.3,  -6.8,   3.8, 178.5,-156.8, 958.0,  -3.2,   1.3
207839,   0.1,  -0.7,   4.2,-140.6, -81.1, 955.1,  -3.0,   1.6
207863,   0.5,   1.8,   1.5,-220.0,-174.4, 902.8,  -2.8,   1.6
207891,  -2.8,  -6.0,   0.8,  53.0,-102.8, 884.5,  -2.9,   2.0
207915,   0.3,   4.9,   2.8,-671.9,-211.0,1057.9,  -3.7,   2.2
207939,  -0.1,   8.2,   1.5,  84.7,-216.8, 938.5,  -4.3,   0.2
207967,  -1.7,  -4.6,   1.8,-265.2, 293.4, 852.0,  -3.9,   0.4
207991,   0.6,   4.0,   2.6, -67.2,-202.4,1043.7,  -5.2,  -0.2
208015,  -2.8,   1.4,   1.6,-260.8, -66.0,1156.2,  -4.3,   0.3
208039,  -3.0,   3.7,   2.3,  42.7,-383.8, 782.0,  -5.2,  -0.5
208063,  -1.7,  -4.9,   1.3, -37.4, 171.1, 981.0,  -4.2,   0.3
208091,   2.0,   1.3,   2.6,-146.3, -33.5, 746.6,  -5.0,   0.5
208115,  -1.0,  -2.6,   1.0, -20.0, -44.5, 812.7,  -4.2,   0.9
208139,  -4.1,   9.5,  -2.6,-190.4, 390.3, 879.1,  -3.6,  -0.3
208163,  -1.3,   2.2,   0.7, 179.7,  39.3, 822.0,  -3.9,   0.4
208191,  -1.1,  -4.3,  -0.5, 298.6, 306.6,1229.0,  -4.5,  -0.3
208215,  13.8, -12.6,   3.6, 356.2, -73.3, 326.4,  -5.7,  -0.1
208239,  11.6,  14.0,   2.3,  51.0,  68.8,1007.3,  -6.2,  -3.0
208263,  11.9,  -6.3,   3.7,-210.5, 183.8,1376.2,  -4.8,  -1.4
208291,  10.3,   2.3,   1.8,-216.6, 200.4, 962.2,  -3.3,  -0.8
208315,   1.4,   8.4,   1.7,-271.7,  78.6,1828.4,  -2.7,  -0.9
208339,   1.9,  -5.2,   4.8, 151.1,-317.2, 142.6,  -4.5,  -0.9
208363,   1.2,   4.3,   4.1, 309.8,-394.1,1053.9,  -5.0,  -2.6
208391,   4.0,   3.5,   6.8,-313.7,-322.5, 880.1,  -4.0,  -0.6
208415,   5.9,  -2.3,   0.4, 146.7,-429.7,1056.4,  -4.1,  -1.3
208439,   2.3,  -5.3,   2.3,-178.2,-169.5,1036.1,  -3.4,   0.2
208467,   1.4,   0.9,   2.0,-155.5, -60.3,1008.1,  -3.4,   0.4
208491,   3.0,  -7.0,   4.6, 194.8,-210.7, 965.8,  -3.2,   0.8
208515,   6.9,   2.3,   1.7,  23.7,-135.3, 862.3,  -3.6,   0.1
208539,   5.8,  10.7,   1.8,-189.7, 303.9, 708.2,  -2.0,  -0.6
208563,  15.0,  -9.1,   8.4, 325.9,   2.2, 858.1,  -2.2,   0.5
208591,   0.6, -10.9,   2.6, 230.0, 106.2,1006.6,  -0.4,   1.4
208615,  -3.0,  -4.1,   1.7, -36.4,  49.3,1658.0,  -1.3,   1.6
208639,  -1.7,   2.6,  -4.8,-112.6,-327.9, 746.3,  -2.0,   1.0
208663,  -0.5,  -1.6,  -2.4,-106.0, 188.9, 925.3,  -2.4,   0.7
208691,  -1.6,   2.1,  -0.4, -72.0,-323.8, 784.9,  -2.9,   1.0
208715,  -4.9,  -3.1,  -0.5,  42.0, -14.7,1212.2,  -2.5,   1.2
208739,   0.7,   4.8,  -1.1,-306.7,-394.3,1001.2,  -3.3,   1.5
208767,  -2.0,  -4.3,  -1.4,  27.8, -39.1, 707.0,  -2.6,   1.4
208791,  -5.9,  -0.3,  -1.5, 272.7, -44.2, 681.1,  -2.1,   0.4
208817,   2.2, -14.5,   6.8, 368.1,-211.2, 826.2,  -3.1,   1.1
208841,   2.3,  14.2,   1.6,-408.2, -58.4, 931.1,  -3.1,  -0.1
208865,  -2.0,  -2.7,  -2.1,-318.1,  30.5,1031.0,  -2.3,   1.0
208889,   1.9,   1.3,  -6.5,  13.7,-322.1, 761.5,  -3.1,   0.3
208917,  -1.4,  -3.2,  -5.1,-294.2,   0.2, 837.6,  -2.8,   1.1
208941,  -2.8,   5.5,  -5.1,-237.1,-239.3, 879.1,  -3.4,   0.8
208969,  -0.8,   1.6,  -5.4, -51.0,  63.9, 865.2,  -3.3,   0.9
208989,   2.5,   5.7,  -5.1,-157.5, -19.6,1089.1,  -3.4,   0.8
209017,   2.7,  -3.3,  -4.5,-142.1, 141.6,1085.7,  -2.8,   1.5
209041,   1.6,  -2.4,  -6.2, 308.1, 147.7, 949.7,  -2.4,   0.8
209065,  -3.0,  -1.7,  -1.6,-358.4,-629.9,1678.9,  -2.7,   1.7
209089,   7.0,  -3.5,  -4.0, 370.8, -29.6, 831.0,  -3.8,   0.4
209117,   1.5,   2.9,  -6.9,-549.1,-235.9,1080.8,  -2.7,   0.5
209141,   2.2,  -9.2,  -2.1, 233.1, -21.5, 918.2,  -2.2,   1.2
209165,   2.7,   4.3,  -5.6, -59.6,-167.3,1020.0,  -2.4,   0.3
209189,   2.5,  -3.7,  -4.5,   7.3, -80.4,1196.0,  -2.4,   1.3
209217,   0.2,   1.2,  -5.9, -16.1,-118.7,1005.1,  -3.0,   0.6
209241,   2.7,   2.4,  -5.9,-137.2, -21.8, 972.2,  -3.0,   0.9
209265,   3.5,  -5.4,  -5.7,  62.2, -68.9,1168.9,  -2.6,   1.2
209289,   2.7,   1.2,  -7.2, -57.9, -75.2, 885.7,  -2.3,   1.1
209317,   2.5,  -4.0,  -6.0,  71.5, 125.2, 957.0,  -2.3,   1.1
209341,  -3.8,   5.7,  -6.9, -71.8, 162.1, 797.8,  -1.3,   0.5
209365,   1.4,  -8.8,   0.2, 143.3,-157.3,1350.3,  -1.9,   1.1
209389,   6.9,   4.0,  -3.3,-166.8, 138.6, 948.2,  -3.1,   0.4
209417,  -0.8,   0.6,  -4.1, -82.5, -75.5, 997.6,  -1.7,   0.9
209441,   1.2,  -0.5,  -5.6, -70.6,  -1.0, 938.5,  -2.0,   1.0
209469,  -0.3,   0.0,  -5.9,-137.2,-129.2,1049.8,  -2.1,   1.2
209489,  -0.5,  -0.4,  -4.0, -49.8, -48.1,1053.2,  -2.4,   1.2
209517,  -0.2,  -2.1,  -6.3, -18.8, -37.1,1073.7,  -2.6,   1.3
209541,  -0.5,   3.0,  -7.5,  -3.9,-101.1,1140.4,  -2.7,   1.1
209565,  -0.4,  -1.8,  -9.8, -52.7, 117.9, 979.2,  -2.0,   1.4
209589,  -1.3,  -2.4,  -8.9, -12.5,  19.3, 852.0,  -2.5,   1.4
209617,  -4.1,  -5.7,  -8.3,   0.5, 104.9, 983.4,  -2.1,   1.4
209641,  -7.2,  -4.1,  -6.6, 227.8, -42.5, 959.7,  -2.2,   1.1
209665,  -7.4,  12.4,  -7.6,-220.5,-388.0,1392.3,  -2.8,  -0.2
209689,   1.2,  -2.9,  -3.8,   7.8,  36.1, 784.9,  -3.1,   1.0
209717,   1.5,   4.1,  -7.3,-173.4,   1.7,1107.2,  -2.2,   0.6
209741,  -0.9,  -1.8,  -2.6,-118.9,  44.2,1020.7,  -2.0,   1.6
209765,  -5.3,  -2.7,  -2.7, 178.9,-319.4,1097.9,  -2.4,   1.2
209793,  -4.8,  -0.5,  -2.3, 127.4,-241.2,1057.4,  -2.4,   1.2
209817,  -1.1,   6.0,  -4.0,-340.8,-194.6,1001.9,  -2.8,   1.4
209841,  -0.8,  -2.5,  -3.0,  79.6,-104.0,1065.2,  -2.8,   1.6
209865,   2.3,   5.0,  -4.3,-246.4,  73.7,1063.5,  -2.6,   1.6
209893,  -2.0,  -1.4,  -3.0, 122.3,  25.8,1115.2,  -2.1,   1.9
209917,  -2.8,  -0.4,  -1.8,  17.1, -70.3, 968.7,  -2.4,   2.0
209941,  -1.9,  -0.4,  -0.6,-131.1,-109.4,1187.0,  -2.8,   2.2
209969,  -2.8,  -7.0,  -2.6, 315.9, -95.5, 918.0,  -2.9,   1.7
209993,  -5.7,   5.1,  -4.4, -87.7, 144.0, 974.1,  -2.5,   1.1
210017,   1.3,  -5.7,   2.1, 191.4,  27.8, 927.0,  -2.9,   1.9
210041,   2.1,   3.4,  -0.5,-243.4, -67.2,1042.0,  -3.1,   2.0
210065,   3.0,  -2.4,  -0.4, -51.3, -40.8, 871.3,  -2.7,   2.4
210093,   2.9,   2.3,   0.1,-141.9,  92.0, 842.0,  -2.6,   2.1
210117,   0.8,   1.3,  -0.9,-278.6,  24.6, 961.7,  -2.5,   2.4
210141,  -0.3,  -6.7,  -0.9, 216.0, -38.6,1105.0,  -2.7,   1.8
210165,   1.4,  -3.0,  -1.6,  -4.2, -48.4,1022.0,  -2.9,   2.0
210193,   3.1,  -0.4,  -4.0, -88.1, 102.7,1059.1,  -2.5,   2.5
210217,   4.4,  -3.0,  -4.4, 204.1, 146.7, 989.3,  -2.2,   1.8
210241,   3.0,  -0.4,  -1.3,  23.4, -65.2,1046.4,  -2.2,   2.0
210265,   0.4,   2.8,  -1.8,-197.0, 124.7, 821.0,  -1.9,   2.1
210293,   2.0,   8.6,   1.2, 275.1, -74.5,1077.6,  -2.5,   1.0
210317,   1.2,   2.8,   1.5,-515.4,  52.5,1130.6,  -1.4,   2.4
210341,   5.5,  -0.7,   2.6, 159.4, -86.9, 811.3,  -2.2,   2.1
210365,  -2.4,   2.9,  -0.2, -60.8,   8.8,1070.1,  -1.3,   1.8
210393,  -1.4,  -3.8,   4.0,  51.3, -61.6,1007.3,  -1.4,   2.3
210415,   0.1,  -4.0,   4.3, 328.8, -30.1,1011.0,  -1.6,   1.9
210443,  -0.5,   1.5,   3.5,-137.0, -34.7, 913.6,  -1.8,   2.3
210471,   0.2,   0.9,   2.6, -22.7, -34.2,1029.3,  -1.7,   2.4
210491,   0.1,   0.6,   1.8, -39.1,-134.8, 953.9,  -1.9,   2.5
210515,   0.4,   2.2,   0.8,-104.3, -20.3, 990.0,  -1.8,   2.3
210543,   0.5,   0.4,   3.1, -63.7, -31.5,1043.2,  -1.7,   2.6
210567,   2.1,  -2.4,   1.8, 105.7, -85.2,1081.5,  -1.7,   2.4
210591,   2.2,   4.5,   0.6,-254.7,  13.1, 915.3,  -1.5,   2.7
210615,  -2.7, -11.2,   1.7, 345.7, 232.6, 852.5,  -0.7,   3.1
210643,  -3.1,  10.1,   1.6,-195.3,-467.3,1590.3,  -2.0,   1.5
210667,   0.9,  -4.9,   4.2,  31.7,  90.8, 822.3,  -2.1,   2.2
210691,   2.3,  -1.3,  -0.2, 120.8,  86.9, 922.6,  -1.5,   1.8
210715,   2.0,   1.3,   0.8,-267.8,-260.0, 984.6,  -2.1,   2.5
210743,  -0.9,   2.2,   0.7,  64.9,-279.3,1203.1,  -2.1,   1.7
210767,  -4.2,   0.1,   1.4,-111.3,-403.6,1074.2,  -2.7,   2.2
210791,  -3.8,   2.9,  -1.2, -42.3,-313.5,1020.0,  -3.9,   1.9
210819,   0.6,  -1.3,   1.0, -48.6,-174.6,1066.2,  -5.0,   2.0
210843,   1.4,  -2.7,  -8.0, -28.6,-431.9,1081.5,  -6.0,   1.9
210867,   0.3,  -7.1, -12.4,  89.3,-239.0, 948.5,  -7.1,   2.3
210891,  -2.0,  -0.2, -11.5, 107.2,-346.2,1039.5,  -7.9,   1.4
210919,  -3.8,  -0.1,  -7.7, -23.5,-292.0, 806.9,  -8.6,   1.4
210943,  -0.9,   1.3,  -4.2,  44.9,-332.1,1018.1,  -8.8,   1.4
210971,   2.5,   2.0,  -4.6, -84.0,-305.2, 933.8,  -9.1,   1.5
210991,   1.6,  -1.6,  -4.5,  32.9,-119.4, 970.7,  -9.4,   1.5
211019,  -0.5,   0.1,  -5.3, -57.9,-107.5,1030.0,  -9.1,   1.3
211043,  -0.2,  -1.5,  -5.1, -43.0,-121.4,1045.4,  -9.3,   1.6
211067,   1.6,  -1.0,  -7.3, -66.4,-217.6, 998.8,  -9.6,   1.8
211091,   1.1,  -0.4,  -5.9,  14.1, -94.8, 995.1,  -9.6,   1.7
211119,   0.5,   0.7,  -4.1,-150.6, -46.4,1004.9,  -8.9,   2.0
211143,   0.5,  -0.8,  -3.2, -70.8, -99.2,1001.5,  -8.5,   2.3
211167,  -0.6,  -1.0,  -2.6, -89.1,-113.8,1001.7,  -8.3,   2.5
211191,   1.0,   0.6,  -2.1, -93.8, -89.1, 994.6,  -8.1,   2.5
211219,   1.4,  -0.4,   0.6,-228.0,  61.5, 929.9,  -7.0,   3.1
211243,   1.6,  -4.1,   1.7,  24.2, -36.2,1018.5,  -6.3,   3.1
211267,   2.1,  -2.1,   1.4, -23.7, -35.9,1010.7,  -5.9,   3.0
211291,   0.7,  -1.8,   1.0, -14.2, -93.3,1019.5,  -5.8,   2.8
211319,   0.5,  -1.9,   1.3, -33.0, -95.2,1015.4,  -5.7,   2.6
211343,   1.7,  -2.1,   1.0,   1.4, -69.4,1034.9,  -5.7,   2.5
211367,   1.1,   0.3,  -0.1, -50.6,-100.9, 974.8,  -5.5,   2.4
211391,   1.1,  -2.1,  -1.2,   9.3, -40.1,1041.0,  -5.2,   2.3
211419,   2.0,  -1.7,  -2.7,  21.7,   4.1,1119.6,  -5.0,   2.0
211443,  -0.8,  -0.2,  -2.8,  17.1, -92.8, 999.3,  -5.1,   1.7
211471,  -0.6,   0.4,  -3.3, -41.5, -55.5,1001.0,  -5.1,   1.8
211491,   0.6,  -0.8,  -4.0, -19.5, -54.5,1029.0,  -4.9,   1.7
211519,  -0.0,   0.4,  -3.8, -31.5, -27.6,1007.6,  -4.7,   1.6
211543,   0.5,  -0.8,  -2.0, -76.2,  36.1,1026.4,  -4.1,   1.8
211567,   0.5,  -0.1,   0.9, -72.8,  28.5, 994.9,  -3.4,   2.2
211591,   1.1,  -1.0,   3.2,   2.2, -14.9,1020.5,  -3.0,   2.3
211619,   2.0,  -1.0,   3.5, -39.1,  54.4, 974.8,  -2.5,   2.7
211643,   0.5,  -2.7,   4.0,  20.0,  30.0, 949.7,  -1.8,   2.7
211667,   1.6,  -2.0,   5.1,  -5.4,  77.4,1025.4,  -1.2,   2.8
211691,   1.3,  -0.5,   4.0, -90.8,  45.4,1016.6,  -0.8,   2.9
211719,   1.2,  -1.1,   4.4, -46.9,  67.1,1010.7,  -0.3,   2.9
211743,   0.9,  -1.2,   4.5,  -8.6,  54.7,1030.0,   0.0,   2.8
211767,  -0.1,   0.3,   4.0, -27.4,  44.2, 973.6,   0.4,   2.6
211791,   0.5,   0.1,   5.4, -38.3,  47.6, 986.6,   0.8,   2.6
211819,   1.2,   0.3,   5.2, -73.0,  82.2,1022.0,   1.3,   2.6
211843,   0.9,  -1.9,   6.2,   6.1,  34.6, 987.8,   1.7,   2.7
211867,   0.6,   1.2,   7.5,   4.9,  46.8, 999.5,   1.8,   2.4
211895,   0.3,   1.3,   8.0,  -4.2,  -2.7,1061.3,   1.9,   2.3
211919,   0.5,   3.0,   8.5,-125.5, -80.6,1059.8,   1.6,   2.5
211943,   2.6,   1.3,   6.8, -37.9,  32.9,1016.4,   1.3,   2.5
211971,   2.3,   1.3,   4.4, -55.4, -52.3, 992.9,   1.4,   2.6
211995,   3.0,   0.4,   4.0, -40.1,   6.8,1010.2,   1.2,   2.6
212017,   1.2,  -0.8,   3.8, -43.0,  -0.3, 966.8,   1.2,   2.6
212045,   0.8,   1.7,   6.0, -28.8, -41.3,1014.6,   0.9,   2.5
212069,  -0.5,   1.5,   7.8, -32.0,-118.7, 971.4,   0.6,   2.4
212093,   0.0,   2.1,   8.1,  -4.7,-158.2,1015.9,  -0.3,   2.3
212117,   0.1,   1.5,   5.9, -11.5, -98.2,1013.7,  -1.0,   2.2
212145,  -0.2,   0.9,   5.1,  48.3,-132.8,1000.7,  -1.4,   1.9
212169,  -0.4,   2.8,   4.1, -91.6,-181.7,1045.4,  -2.2,   2.0
212193,  -0.8,   0.8,   0.9, -76.4,-146.8,1012.9,  -2.9,   2.4
212217,   2.5,  -1.0,   0.4,  -6.4, -66.0,1039.5,  -3.2,   2.4
212245,   1.1,  -0.2,   0.7, -87.7, -50.8, 995.4,  -3.1,   2.5
212269,   1.3,  -1.5,   0.3, -65.9, -65.2,1009.3,  -3.1,   2.6
212293,   1.9,  -0.8,   0.9, -23.9, -54.5,1018.3,  -3.2,   2.6
212317,   1.6,  -2.3,   1.1, -27.4, -72.3,1022.7,  -3.2,   2.4
212345,   2.3,  -1.3,   1.5, -32.0, -60.8,1003.9,  -3.2,   2.3
212369,   0.6,  -0.8,   1.0,  -7.6, -65.5,1006.6,  -3.2,   2.1
212393,   0.0,   0.2,   1.1,  -8.8, -60.8, 998.3,  -3.3,   1.9
212417,  -0.9,   0.2,   1.3,  17.6, -45.0,1010.0,  -3.3,   1.7
212445,  -0.3,   1.4,  -0.4, -39.6,   2.4,1010.0,  -3.2,   1.6
212473,   0.1,   0.4,  -0.4, -10.0, -18.8,1036.9,  -3.2,   1.6
212493,   1.4,   0.4,  -0.4, -37.1,   4.1,1022.0,  -2.9,   1.7
212517,  -0.9,   0.1,  -0.6, -76.7,   8.5, 998.8,  -2.6,   1.9
212545,   0.9,  -0.7,   0.5, -51.3, -18.6,1015.6,  -2.3,   2.1
212569,   1.1,  -0.6,  -0.3, -47.9, -33.5,1020.7,  -2.1,   2.2
212593,   1.9,  -0.5,  -1.2, -49.1,   3.1,1019.8,  -2.0,   2.2
212617,   0.9,  -1.7,  -1.0, -42.7, -23.0,1016.8,  -1.8,   2.3
212645,   0.6,  -1.0,  -0.4, -16.4,  -1.0,1002.9,  -1.6,   2.2
212669,  -0.4,   0.1,   0.6, -42.3, -38.4, 972.4,  -1.6,   2.1
212693,  -0.8,   0.0,   0.6, -57.6, -63.3,1015.9,  -1.7,   2.1
212717,   0.8,  -3.6,   0.9, 121.3,  36.1,1077.4,  -1.6,   2.0
212745,   0.0,   1.5,   0.2, -75.0, -23.2, 994.1,  -1.6,   2.1
212769,  -0.5,  -0.5,  -0.6, -33.2, -25.9,1010.7,  -1.5,   2.2
212793,   0.1,   0.3,  -1.3, -41.3, -50.6,1001.9,  -1.6,   2.2
212817,   0.5,  -0.1,  -0.7, -10.8, -18.6,1016.4,  -1.6,   2.1
212845,   0.8,  -0.8,   0.1, -17.6,  -3.5,1008.5,  -1.5,   2.1
212869,   0.3,   0.0,   0.1, -42.7, -13.2, 996.8,  -1.3,   2.2
212893,   1.7,   0.1,   0.4, -42.3, -41.8,1017.6,  -1.4,   2.2
212921,   0.3,   0.4,  -0.8, -58.9, -39.3, 999.3,  -1.5,   2.3
212945,  -0.1,   0.6,  -0.6,-104.3, -55.9,1016.4,  -1.6,   2.4
212973,   0.8,  -1.4,  -1.6,  23.2, -46.4,1029.8,  -1.6,   2.3
212993,   0.5,   1.5,  -2.3, -42.5,  12.7,1004.9,  -1.6,   2.1
213021,   0.9,  -4.6,  -0.2,  68.3,  10.2,1018.1,  -1.4,   2.2
213045,   0.3,   0.6,  -0.9, -61.8,  16.1,1013.7,  -1.2,   2.1
213069,   0.5,   1.0,   0.1, -96.0, -11.3,1002.7,  -1.2,   2.3
213093,   0.2,   0.6,  -0.1,-130.9, -61.8,1000.2,  -1.3,   2.3
213121,   1.1,  -0.9,  -1.0,  40.8,  28.0,1012.0,  -1.3,   2.2
213145,   0.8,   0.7,  -0.6, -88.6,  -7.4, 979.7,  -1.3,   2.2
213169,  -0.7,  -0.7,  -1.0, -26.6,  -3.9,1034.2,  -1.2,   2.2
213193,   1.5,   0.1,  -0.2, -14.7, -34.7, 999.5,  -1.3,   2.1
213221,   0.3,   0.8,  -0.7, -80.3,   1.7,1005.6,  -1.2,   2.3
213245,   0.1,   0.3,  -0.4, -59.8,   4.4,1003.2,  -1.0,   2.4
213269,  -1.3,  -0.7,   1.0, -31.8, -24.2,1000.2,  -0.9,   2.3
213293,  -1.0,  -0.1,  -0.3, -34.9, -21.3,1012.7,  -1.0,   2.2
213321,   0.6,  -0.1,  -1.4, -41.5, -15.4, 995.6,  -1.0,   2.2
213345,   0.7,   0.4,  -1.8,  31.2,  88.6, 996.6,  -0.5,   2.2
213369,   0.9,  -2.5,  -2.0,  11.7, 160.6, 987.5,   0.4,   2.1
213393,  -0.3,  -0.7,  -1.0, -38.6, -26.9, 993.9,   0.6,   2.1
213421,   1.7,   3.2,   1.7,-231.0, -61.8, 618.2,  -0.1,   2.3
213445,  10.6,   2.3,   3.8, 134.5, 321.7, 856.0,  -1.2,   2.1
213473,   3.4,  -1.3,  -0.6,-117.4, -46.7,1268.8,  -1.1,   2.1
213493,  -1.1,   5.7,  -5.3,-198.7, -36.2, 908.4,  -1.5,   1.8
213521,  -1.1,  -2.7,  -2.4, 117.9, -42.0,1093.3,  -1.7,   1.2
213545,   0.9,   0.9,  -1.1,-143.1, -56.7,1068.4,  -2.1,   2.0
213569,  -2.2,   3.0,  -0.7,-251.0,-189.0, 963.9,  -2.4,   2.6
213593,   2.0,   0.2,   2.0, -30.8,-116.2,1030.0,  -2.9,   2.7
213619,  -0.3,   0.5,  -0.9,  -6.6, -66.9, 982.2,  -3.0,   2.4
213643,  -1.1,   7.6,  -3.0,-556.7,-128.2, 941.9,  -2.8,   3.3
213671, -16.1,  63.7,   2.3,-2300.1, -10.0, 913.6,  -3.7,   3.6
213695,   8.5, -32.5,   2.4, 904.3,  19.3,1887.0,  -4.5,   3.3
213719,   3.6, -11.9,  -1.8, 764.1, 163.5,1345.7,  -4.1,   3.1
213743,   4.8,   6.9,  -5.0,-104.0, 106.2,1033.9,  -3.9,   3.1
213771,   2.2, -10.5,   1.9, 179.9,  79.1,1180.4,  -3.0,   3.7
213795,   0.9,  -2.0,   1.7, 174.3, 151.8,1013.2,  -2.2,   3.6
213819,  -1.0,   1.9,   1.5, -45.2, 175.7, 966.3,  -1.1,   3.6
213847,  -4.2,   0.2,   1.8, 110.3,-142.1, 937.0,  -0.8,   2.8
213871,  -0.5,   0.3,  -1.1,  41.5,-105.7, 992.2,  -1.4,   2.4
213895,  -1.7,   1.0,  -2.3, -95.5,  30.7,1032.5,  -1.3,   2.6
213919,  -0.8,   0.1,  -1.5,-106.2,  18.0,1024.9,  -1.1,   2.8
213971,  -0.2,   2.3,   2.0, -20.0,-119.9,1026.8,  -1.4,   2.9
213975,  -1.5,   2.1,   1.7, -47.1,-153.4,1005.1,  -1.5,   2.9
213995,   0.1,   2.1,   1.4, -61.8, -98.7,1018.3,  -2.0,   2.7
214019,   0.6,  -0.5,  -1.3, -29.8, -84.8,1003.9,  -2.3,   2.6
214047,   1.4,  -1.0,  -1.9,-123.3, -55.9, 964.3,  -2.4,   2.8
214071,   4.0,   0.4,  -0.7, -82.5, -26.2,1071.5,  -2.5,   3.0
214095,   1.7,  -0.9,  -0.4, -37.6, -56.2, 906.0,  -2.3,   3.1
214119,   1.3,  -2.8,   0.0,  52.7, -51.1,1057.4,  -2.2,   3.0
214147,   2.7,  -3.3,  -0.1,   6.3, -69.6,1268.5,  -1.9,   2.8
214171,   0.9,  -2.7,   0.1,  -9.3, -40.6, 968.0,  -1.7,   2.6
214195,   0.0,   2.3,  -1.6, -96.0,  -6.6, 939.7,  -1.6,   2.4
214219,   0.6,  -2.1,   0.1,  -0.0,  63.9,1029.3,  -1.4,   2.3
214247,   0.1,  -0.3,   0.1, -42.0,  12.2,1005.9,  -1.2,   2.4
214271,  -0.0,   0.2,   1.2, -34.4, -94.3,1008.1,  -1.4,   2.3
214295,   0.1,   0.2,   0.4, -26.4, -42.3, 998.5,  -1.5,   2.3
214319,   0.3,   0.5,   0.2, -10.3,  -1.0, 983.9,  -1.5,   2.2
214347,  -0.9,   1.0,   0.8, -45.4, -28.6, 986.3,  -1.4,   2.0
214371,  -0.2,  -0.9,   1.5, -60.8, -54.0,1020.7,  -1.5,   2.2
214395,   0.3,  -0.5,   1.0, -15.2, -56.9,1011.2,  -1.7,   2.2
214419,  -0.5,   3.5,  -0.1,-220.5, -54.0, 851.1,  -1.7,   2.6
214447,   0.7,  -0.4,   0.9, 149.4, -32.7,1106.0,  -1.6,   1.8
214475,   0.7,  -0.7,   1.5,-121.8, -54.0,1021.0,  -1.6,   1.9
214495,   0.0,  -1.0,   0.7, -84.2, -14.9,1024.2,  -1.7,   1.9
214519,   0.6,  -0.6,  -1.1,  47.3, -18.8,1012.7,  -1.7,   1.7
214547,   0.6,  -0.7,  -0.1, -36.9, -21.3,1030.5,  -1.6,   1.6
214571,  -0.8,   0.4,  -0.9, -64.0,  -7.8,1005.6,  -1.5,   1.8
214595,   0.3,  -0.8,   0.5, -52.3, -47.4,1011.5,  -1.5,   1.9
214619,   0.6,  -0.1,  -0.6,  -4.7, -68.6,1020.5,  -1.7,   1.9
214647,  -0.0,   0.0,  -0.5, -68.1, -42.3, 997.3,  -1.8,   1.9
214671,   0.7,  -1.9,  -0.2, -28.1, -19.3,1011.0,  -1.8,   2.0
214695,   0.9,  -0.8,  -0.5, -24.2, -26.9,1006.3,  -1.7,   2.0
214719,   0.5,  -0.3,   0.0, -44.9, -42.5,1024.9,  -1.8,   2.0
214747,   1.4,  -0.2,   1.1, -36.9, -39.3,1006.6,  -1.8,   2.0
214771,   0.3,  -0.2,   0.2, -29.1, -34.9,1016.6,  -1.7,   1.9
214795,   0.3,   0.4,   0.1, -29.3, -30.3, 994.1,  -1.8,   1.9
214819,   1.1,  -0.6,   0.5, -39.6, -19.1,1007.8,  -1.7,   1.9
214847,  -0.7,  -1.0,   0.3, -39.6, -23.7,1010.2,  -1.7,   2.0
214871,  -0.4,   0.2,   0.5, -34.7, -24.0,1015.6,  -1.7,   2.0
214895,   0.5,   0.3,   0.2, -54.5, -57.4, 956.0,  -1.7,   2.0
214923,   0.5,   0.2,   0.3, -10.5, -15.4,1007.6,  -1.6,   2.0
214947,   1.1,  -0.8,   0.7, -30.5, -16.9,1005.4,  -1.6,   1.9
214975,   0.8,   0.4,   0.6, -40.8, -32.5,1011.2,  -1.6,   2.0
214995,   1.6,  -1.0,  -0.4, -32.5, -49.1,1008.3,  -1.6,   2.0
215023,   0.2,  -0.2,  -0.7, -34.0, -36.9,1005.6,  -1.5,   1.9
215047,   0.7,  -0.2,  -0.1, -35.7, -27.1,1005.1,  -1.5,   1.9
215071,   2.2,  -1.6,   0.9, -49.3, -36.4,1012.2,  -1.5,   2.0
215095,   1.2,  -1.0,   0.4, -43.2, -26.2,1008.3,  -1.6,   2.0
215123,   2.5,  -2.1,   0.5, -21.0, -20.5,1024.4,  -1.6,   1.9
215147,   0.7,  -1.0,   0.4, -26.4, -22.0, 993.4,  -1.5,   1.9
215171,  -1.0,   0.4,   0.7, -37.4, -24.7,1011.2,  -1.5,   1.8
215195,   0.2,   0.5,   0.2, -43.2, -24.7,1006.1,  -1.5,   1.9
215221,  -0.1,  -1.1,  -0.1, -34.7, -33.5,1011.5,  -1.5,   1.9
215245,   0.5,   1.0,   0.6, -38.8, -26.6, 995.6,  -1.6,   1.9
215273,   0.4,   1.2,   0.5, -27.1, -25.7, 998.3,  -1.5,   1.9
215297,  -0.3,   1.0,  -0.2, -35.7, -41.1, 998.3,  -1.6,   2.0
215321,  -0.2,  -0.2,   0.1, -40.3, -16.4,1005.4,  -1.6,   2.0
215345,   3.4,   0.6,   0.8, -55.9, -10.3, 996.1,  -1.5,   1.9
215373,   0.3,   1.2,  -0.2, -35.2, -77.2, 970.7,  -1.6,   2.0
215397,   0.5,   1.2,  -0.7, -70.3, -24.9, 995.6,  -1.4,   2.0
215421,   0.6,  -0.2,   0.2,  -7.1,  -5.9,1042.2,  -1.5,   2.0
215445,   1.4,  -3.2,   0.0, -66.2, -33.2, 997.8,  -1.4,   2.1
215473,   0.6,  -2.0,  -0.6, -18.3, -27.6,1019.8,  -1.4,   2.0
215497,   0.8,  -0.8,  -0.2, -21.0, -26.6,1007.8,  -1.4,   1.9
215521,   0.5,   0.4,   0.6, -48.4, -30.8,1006.8,  -1.4,   1.9
215545,   2.4,  -1.1,   0.4, -63.5, -19.8,1000.2,  -1.3,   1.9
215573,   2.5,  -2.0,  -0.8, -47.9, -23.7, 997.8,  -1.3,   2.0
215597,   1.7,  -1.3,  -0.5, -15.2, -32.3,1012.0,  -1.3,   1.9
215621,   2.3,  -1.1,   0.3, -13.9, -10.0,1007.8,  -1.2,   1.8
215645,   2.8,  -0.8,   0.4, -38.3, -35.2,1003.7,  -1.2,   1.8
215673,   2.0,  -2.3,   0.6, -58.1,   3.4,1005.6,  -1.1,   1.9
215697,   1.7,  -1.9,   0.1,  -8.6, -11.3,1011.2,  -1.1,   1.8
215721,   4.7,  -0.8,  -1.2, -44.2,  22.9, 952.9,  -1.1,   1.6
215745,   0.9,  -0.1,   0.3, -39.1, -42.8, 996.3,  -1.1,   1.6
215773,   0.6,  -0.2,   0.2, -36.1, -22.0,1004.4,  -1.1,   1.6
215797,   0.8,  -2.1,   0.0, -47.1, -21.3,1007.3,  -1.0,   1.7
215821,   1.2,  -1.4,  -0.6, -29.3, -10.3,1013.7,  -1.0,   1.6
215845,   0.7,  -2.0,   0.6, -24.9, -20.5,1005.6,  -1.0,   1.6
215873,   0.5,  -1.9,  -0.8, -34.0, -17.1,1003.2,  -1.0,   1.5
215897,   3.3,  -1.6,   0.2, -14.7, -19.8,1001.5,  -0.9,   1.5
215921,   2.2,  -1.3,  -0.1, -20.5,  -6.9,1014.9,  -0.9,   1.5
215973,   1.7,  -0.7,   0.5, -27.6, -11.0,1015.6,  -0.8,   1.4
215977,   1.6,  -0.9,   0.6, -32.0, -11.0,1001.5,  -0.8,   1.4
215997,  -0.0,   0.3,   0.0, -26.9, -13.2,1004.1,  -0.7,   1.5
216021,   0.4,  -0.2,  -0.1, -42.0, -21.8,1003.7,  -0.7,   1.5
216049,   0.5,  -1.1,   0.1, -30.0,  -9.3, 998.3,  -0.7,   1.5
216073,   1.3,  -0.8,  -0.4, -13.2, -35.4,1010.5,  -0.6,   1.4
216097,   0.6,   0.4,   0.1, -18.8, -17.6,1004.9,  -0.7,   1.4
216121,   1.1,  -1.8,  -0.9, -32.5, -11.0,1009.8,  -0.6,   1.5
216149,   0.9,  -2.6,  -0.5, -35.9, -18.8, 995.4,  -0.7,   1.6
216173,  -1.1,  -0.5,  -0.2, -21.0,  -0.5,1010.0,  -0.6,   1.5
216197,   0.7,   1.0,  -0.4, -12.7, -10.0,1004.9,  -0.6,   1.5
216221,  -0.6,   0.0,   0.2, -20.3, -21.5,1015.6,  -0.6,   1.5
216249,  -0.2,  -0.8,  -0.2, -37.1, -13.0, 999.7,  -0.6,   1.5
216273,  -0.6,  -1.2,  -0.1, -30.5, -12.0,1008.5,  -0.6,   1.6
216297,   0.1,  -0.1,  -0.3, -21.3, -10.5,1009.8,  -0.6,   1.6
216321,  -0.1,  -0.5,  -0.3, -43.5,  -9.3,1004.6,  -0.6,   1.6
216349,  -0.3,  -1.2,  -0.4, -32.2,  -6.4, 999.5,  -0.6,   1.6
216373,  -0.4,   0.1,   0.2, -15.2, -30.6,1003.4,  -0.7,   1.5
216397,   0.2,  -0.3,  -0.4, -37.6, -18.8,1000.7,  -0.7,   1.5
216421,   0.8,  -0.8,  -0.1, -19.1,  -8.1,1001.7,  -0.7,   1.5
216449,   0.3,   0.7,   0.4, -13.0,  -0.3,1005.6,  -0.7,   1.5
216477,  -0.3,   1.5,   0.1, -32.7, -11.5,1007.6,  -0.7,   1.6
216497,   0.6,   0.9,  -0.7, -22.7, -21.5, 999.0,  -0.7,   1.6
216521,   1.7,   0.4,  -0.1, -20.8, -18.3,1014.6,  -0.7,   1.6
216549,   0.2,  -0.5,  -0.1, -38.8,  -3.2,1004.4,  -0.7,   1.7
216573,  -1.4,  -0.4,  -0.3, -14.9, -25.2, 996.6,  -0.7,   1.7
216597,   0.8,  -2.3,  -0.8, -41.0,  -3.2,1014.6,  -0.7,   1.7
216621,  -0.5,  -2.4,  -1.2, -42.0, -23.2,1004.9,  -0.7,   1.7
216649,  -0.6,  -1.3,  -0.5,  -8.3, -10.0,1019.0,  -0.7,   1.6
216673,  -1.3,   1.3,  -0.7, -30.8, -24.4,1000.7,  -0.8,   1.5
216697,  -0.9,   2.8,  -0.6, -33.0,  -3.9,1014.9,  -0.8,   1.5
216721,  -6.2,   3.1,  -0.8, -27.8, -19.1,1001.9,  -0.8,   1.6
216749,  -3.3,   1.0,  -1.0, -43.5, -28.4,1006.8,  -1.0,   1.7
216773,  -5.4,  -1.4,  -1.1, -40.1, -24.9,1014.2,  -1.1,   1.8
