Time(ms),Gyro X,Gyro Y,Gyro Z,Acc X,Acc Y,Acc Z,Rot X,Rot Y
10309,   0.1,  -0.6,   0.4,   1.5,  -5.8, 999.5,   1.2,  -0.1
10337,  -0.9,   0.9,   0.1,   5.6,   3.8, 987.6,   1.1,  -0.1
10341,  -0.1,  -1.5,   0.2,  -4.9, -15.5, 997.1,   1.0,  -0.1
10345,  -0.1,   2.4,  -0.1,   3.9,  -8.7,1001.7,   1.0,  -0.1
10349,  -0.9,  -0.5,  -0.0,   2.5, -11.1, 997.3,   0.9,  -0.1
10353,  -0.4,  -0.3,   0.4,   5.4,   4.0, 991.2,   0.9,  -0.1
10367,  -0.4,   0.3,   0.4,   1.7,  -2.8, 989.8,   0.8,  -0.1
10371,  -0.8,  -1.0,  -0.2,   0.3,   1.8, 987.3,   0.8,  -0.1
10375,  -0.2,  -1.2,   0.4,  -5.8,   0.6,1008.6,   0.8,  -0.1
10379,  -0.1,  -1.0,   0.3,   2.5,  -4.1,1000.0,   0.7,  -0.1
10383,  -0.2,  -0.2,   0.8,   9.3,  -9.9, 999.8,   0.7,  -0.1
10397,  -0.9,  -0.4,   0.5,   5.9,   0.1, 993.4,   0.7,  -0.1
10401,   0.1,  -1.0,   0.3,  10.5,   2.0,1006.6,   0.6,  -0.1
10405,   0.0,  -0.0,   1.0,   0.0,  -7.5,1027.4,   0.6,  -0.1
10409,  -0.4,   0.8,   1.0,   5.4,  -0.9, 997.1,   0.6,  -0.1
10413,  -1.0,   0.3,  -0.7,   3.4,   5.7, 984.1,   0.6,  -0.1
10427,  -1.0,  -0.5,   0.4,  13.0,  -4.1, 992.7,   0.5,  -0.1
10447,  -0.5,  -0.0,   0.3,   2.0,  -2.8, 990.7,   0.5,  -0.1
10471,  -1.0,   0.6,  -0.3,  -0.2,  -9.7, 986.8,   0.3,  -0.1
10495,  -0.1,   0.1,   0.1,  -1.4,   4.2, 984.1,   0.3,  -0.0
10523,  -0.5,   0.6,   0.4,  -2.2,  -8.0, 999.8,   0.2,  -0.0
10547,  -1.0,   0.1,   0.2,  12.0, -10.2,1017.6,   0.1,  -0.1
10571,  -0.7,  -0.2,  -0.3,   3.7,   0.6,1001.5,   0.1,  -0.1
10595,  -0.7,   0.2,   0.2,   0.7,  -0.9, 993.9,   0.0,  -0.1
10623,  -1.3,  -0.5,  -0.8,   8.3,   0.3, 999.8,  -0.0,  -0.2
10647,  -0.6,  -0.1,   0.3,   0.3,  -3.8,1001.5,  -0.1,  -0.2
10671,   0.3,   0.1,  -0.9,  -3.4,  -4.1,1010.3,  -0.1,  -0.2
10695,   0.0,  -0.3,  -0.1,   6.1,   1.8, 998.3,  -0.1,  -0.2
10723,  -0.2,  -0.4,   0.4,   4.7,   0.6,1008.8,  -0.1,  -0.1
10747,  -0.5,   0.3,  -0.5,  -5.8,  -5.5,1002.9,  -0.1,  -0.1
10775,   0.3,  -1.1,   0.4,  10.0,  -1.4,1003.9,  -0.1,  -0.1
10795,  -1.0,   0.7,  -0.2,   3.9,  -0.9, 999.0,  -0.1,  -0.1
10823,  -0.2,  -0.6,   0.2,  -3.9,  -1.4,1007.8,  -0.1,  -0.0
10847,   0.2,  -0.0,  -0.0,  -0.5,  -6.0, 995.1,  -0.1,  -0.0
10871,   0.3,  -0.5,  -0.8, -13.9,  -2.4,1002.5,  -0.2,  -0.0
10895,  -0.7,   0.6,  -0.3,   8.8,  -4.3, 985.1,  -0.2,  -0.1
10923,  -0.5,   0.7,   0.0,  -8.8,  -8.7,1006.8,  -0.2,  -0.0
10947,   0.4,  -0.8,   0.5,   1.7,  -8.9,1008.3,  -0.3,   0.0
10971,   0.1,  -2.0,  -0.1,   8.1, -13.6,1008.8,  -0.3,  -0.0
10995,  -0.2,   0.1,  -0.5,  -3.6,  -5.0,1007.3,  -0.3,  -0.0
11023,  -0.6,   0.3,   0.3,   1.2, -12.6, 997.8,  -0.3,   0.0
11047,  -0.6,   0.1,   0.3,  -1.4,  -4.3, 991.2,  -0.2,   0.0
11071,  -1.2,   0.3,  -1.1,  -3.4,  -1.6,1009.5,  -0.2,   0.0
11095,  -0.7,   1.2,  -0.2,  -4.6,  -4.3,1012.0,  -0.2,   0.1
11123,  -1.7,  -0.8,  -0.2,  -4.1, -11.9,1008.8,  -0.3,   0.1
11147,  -0.5,  -0.5,  -0.4,  26.9,   0.1, 989.0,  -0.3,   0.0
11171,   0.3,   0.6,   0.1,  11.5,  -4.3, 993.9,  -0.3,   0.0
11195,  -1.0,  -0.5,   0.3,  -3.6,  -8.9, 991.7,  -0.3,   0.0
11223,  -1.0,  -0.3,   0.4,  -0.7,  -8.5,1001.5,  -0.3,   0.0
11247,  -1.0,   1.1,  -0.0,   7.6,  -0.9, 999.5,  -0.3,  -0.0
11275,  -1.5,  -0.0,  -0.0,   3.9, -13.8, 999.0,  -0.3,  -0.0
11299,  -1.9,   0.3,  -0.2,   5.9,  -2.6, 991.5,  -0.3,  -0.0
11323,  -1.0,   0.5,  -0.8,  -7.1,  -1.6, 990.0,  -0.3,  -0.0
11347,  -0.2,  -0.5,  -0.2,  -8.8,  -4.8,1002.2,  -0.3,  -0.0
11371,  -0.7,  -0.6,  -0.7,  10.0,   0.1, 994.2,  -0.3,  -0.0
11399,  -0.5,   1.4,  -0.9, -10.7,   6.2,1001.5,  -0.3,  -0.0
11423,  -1.2,   1.0,  -0.3,   6.4,  -5.0,1000.0,  -0.3,  -0.0
11447,  -1.9,  -0.2,   0.2,   0.5,   3.0,1006.6,  -0.3,  -0.0
11471,  -1.1,  -0.3,  -0.5,   6.4,   7.7, 989.8,  -0.3,  -0.0
11499,  -1.5,   0.1,  -0.0,  -8.5,   6.7, 994.9,  -0.3,  -0.0
11523,  -0.5,  -0.8,  -0.2,  13.4,   7.7, 995.1,  -0.3,  -0.0
11547,  -1.1,   0.3,  -0.2,   9.5,  -8.5,1005.1,  -0.4,   0.0
11571,  -1.3,  -1.0,  -0.2,   2.5, -18.2, 995.9,  -0.4,  -0.0
11599,  -0.4,  -0.4,  -0.0, -15.1, -10.9,1011.5,  -0.4,  -0.0
11623,   0.1,   1.1,  -0.2,   2.7,   2.8,1008.8,  -0.4,  -0.0
11646,  -1.7,   1.1,  -0.3,   8.3,  -1.6,1002.9,  -0.3,  -0.0
11674,  -0.8,  -0.4,  -0.1,   1.7,  -2.1,1000.0,  -0.3,   0.0
11698,  -0.5,  -0.3,  -1.0,  20.8, -11.6, 990.0,  -0.3,   0.0
11722,  -1.2,   0.2,   0.4,   1.7,  -1.6, 986.1,  -0.3,   0.0
11746,   0.1,   0.6,  -0.0,  -1.2,   8.6, 983.4,  -0.3,   0.0
11774,  -0.6,   0.7,  -0.8,  -6.6,   4.2,1007.6,  -0.3,   0.0
11798,  -1.6,  -0.4,   0.1, -11.2,  -1.9, 999.3,  -0.3,   0.0
11822,  -1.8,  -0.5,   0.1, -12.2,   4.2,1013.2,  -0.3,   0.0
11846,  -1.5,   0.4,   0.3,   1.7,  -4.1,1001.2,  -0.3,   0.0
11874,  -1.3,   0.1,  -0.5,   5.1, -10.2, 993.9,  -0.3,  -0.0
11898,  -1.5,  -0.2,  -0.3,  13.4,   2.0,1011.0,  -0.3,  -0.1
11922,   0.4,   0.4,  -0.2,   5.4,   9.9, 999.5,  -0.2,  -0.1
11946,  -1.8,  -0.1,  -0.2,  10.5,   1.1, 999.5,  -0.2,  -0.1
11974,  -1.7,   0.3,   0.2,   9.5,  -1.9, 997.8,  -0.2,  -0.1
11998,  -0.8,  -2.0,  -0.6, -12.4,   4.0,1001.7,  -0.2,  -0.1
12022,  -0.9,   0.8,   0.1,  -0.5,   1.1,1003.2,  -0.2,  -0.0
12046,  -0.6,   1.4,   0.2,   1.5,  -6.3, 997.6,  -0.2,  -0.0
12074,  -0.8,   0.1,  -0.2,   2.2,   4.2,1001.5,  -0.2,  -0.0
12098,  -1.5,  -0.3,   0.1,  -5.1,   0.8, 989.8,  -0.2,  -0.0
12122,  -0.8,   1.1,  -0.3,   8.1,   0.8, 994.4,  -0.2,  -0.0
12146,  -0.4,  -0.6,   0.4,   2.7,  -6.0, 999.0,  -0.2,  -0.0
12174,  -0.8,   0.1,  -0.1,  10.5,  -3.1, 994.4,  -0.2,  -0.0
12198,  -1.3,  -0.3,  -0.2,  -2.2,   1.3,1012.2,  -0.2,  -0.0
12222,  -0.1,  -0.3,  -0.2,  -4.4,  -1.1,1012.0,  -0.2,  -0.0
12246,  -0.6,   0.5,  -0.1,   3.2,   6.9, 994.9,  -0.2,  -0.0
12274,  -0.9,  -0.2,  -0.1,   4.9, -11.9, 999.5,  -0.2,  -0.0
12298,  -1.3,  -1.1,  -0.8,   3.9,   2.8,1003.9,  -0.2,  -0.1
12322,  -1.6,   0.4,   0.1,  -6.6,   0.1,1006.1,  -0.2,  -0.0
12346,   0.0,  -0.6,   0.1,  10.8,  -8.9,1009.0,  -0.2,  -0.0
12374,  -1.1,  -0.0,   0.1,  18.3,  -5.3,1011.0,  -0.2,  -0.1
12398,  -1.0,  -0.9,  -0.2,  -2.2,  -0.9,1006.8,  -0.2,  -0.0
12422,   0.4,  -0.8,  -0.1,  14.7,   3.3, 987.6,  -0.2,  -0.0
12450,  -0.7,  -0.7,  -0.4,   9.0, -11.1, 990.7,  -0.2,  -0.0
12474,   0.4,  -0.1,  -0.4,   2.0,  -1.1,1003.4,  -0.1,  -0.1
12498,  -0.1,  -1.7,  -0.1,   3.9,  -3.1,1002.5,  -0.1,  -0.1
12522,  -0.4,   0.3,   0.5,   3.4,  -2.8,1002.7,  -0.1,  -0.1
12550,   0.8,   0.5,   0.4,  -7.6,   0.6,1003.4,  -0.0,  -0.1
12574,   0.1,   0.7,  -0.3,   4.9,   9.6, 996.8,   0.0,  -0.1
12598,   0.1,  -0.4,  -0.5,  11.2,  -0.4,1003.4,  -0.0,  -0.1
12622,   0.4,  -0.8,   0.1,   3.4,   2.8, 996.6,   0.0,  -0.1
12650,   1.5,  -0.1,  -0.3,   0.0,  -6.5, 999.0,   0.0,  -0.1
12674,   0.4,  -0.0,   0.1,  -0.2,  13.5,1002.5,   0.0,  -0.2
12698,  -0.6,  -0.2,   0.1,  -1.2, -22.1,1012.0,   0.0,  -0.2
12722,  -0.1,  -0.5,  -0.3, -13.2, -12.4,1003.7,  -0.0,  -0.1
12750,   0.1,  -0.2,  -0.5,  17.6,  -1.6,1004.4,  -0.0,  -0.2
12778,  -1.0,  -0.4,  -0.2,  12.7,   7.2,1003.4,  -0.0,  -0.2
12798,   0.7,  -0.8,  -0.3,  -6.3,  -9.9,1003.4,  -0.1,  -0.2
12822,  -0.4,  -0.6,  -0.5,  -9.5,  -5.3,1009.3,  -0.1,  -0.1
12850,  -0.1,  -1.4,   0.2,  -7.3,  -9.7,1005.6,  -0.1,  -0.1
12874,  -0.3,   1.0,  -0.4,   0.7,  -1.6, 989.0,  -0.1,  -0.1
12898,   0.6,  -1.0,  -0.2,  -3.2,  -5.3,1005.1,  -0.1,  -0.1
12922,   0.1,   0.6,  -0.4,   5.4,  -4.6, 996.1,  -0.1,  -0.1
12950,   0.4,  -0.3,  -0.2,   1.7,  -0.9,1002.7,  -0.1,  -0.1
12974,  -1.2,  -0.7,   0.3,  10.5,  -1.6, 998.5,  -0.1,  -0.1
12998,   1.2,  -1.4,   0.1,  10.8,   4.0,1000.0,  -0.1,  -0.1
13022,  -0.5,   0.1,   0.6,  -5.6,  -6.5,1003.2,  -0.1,  -0.0
13050,   1.4,  -1.4,   0.1,  20.0,   4.0, 992.7,  -0.0,  -0.0
13074,   1.3,   0.7,  -0.2,  -5.6, -19.2,1017.3,  -0.1,   0.0
13098,  -0.8,   0.7,   0.1,   1.7,  13.0, 996.1,  -0.0,   0.0
13122,  -0.2,  -0.7,   0.2,  -2.2,  -5.0,1003.4,  -0.0,   0.0
13150,   0.9,  -0.0,  -0.8, -10.5, -10.9,1004.4,  -0.0,   0.0
13174,  -0.1,   1.1,  -0.2,   6.1,   5.5,1005.1,  -0.0,  -0.0
13198,   0.8,  -0.8,  -0.3, -11.9,  20.6,1003.4,   0.0,  -0.0
13222,  -1.1,   1.2,  -0.0,  10.3,  -4.1, 996.4,  -0.0,  -0.1
13250,  -0.6,   1.7,   0.0,  13.7,   7.4,1007.1,  -0.0,  -0.1
13280,  -0.4,   1.6,   0.4,  -3.4,  -9.4, 990.5,  -0.0,  -0.0
13300,  -0.9,  -0.2,  -0.7,  -7.3,  -0.9, 997.6,  -0.0,   0.0
13324,  -1.9,   0.9,  -0.1,   0.3,   7.7,1005.4,  -0.0,  -0.0
13348,  -0.6,   0.6,  -0.3, -13.9, -16.3,1003.2,  -0.1,   0.0
13372,  -0.5,  -0.4,   0.3, -22.7, -11.1, 993.9,  -0.1,   0.1
13400,  -1.0,  -1.0,  -0.2, -24.9, -16.3,1007.8,  -0.2,   0.1
13424,   0.4,   0.1,  -0.2,   1.5,  -7.5, 991.5,  -0.2,   0.0
13448,  -0.2,  -0.3,  -0.3,   2.7,  -1.9,1003.4,  -0.2,   0.0
13472,   1.2,  -0.2,   0.2,   3.4,   7.9, 991.2,  -0.1,  -0.0
13500,   1.0,  -1.0,  -0.2,   8.8,  -4.1,1003.2,  -0.1,  -0.0
13524,  -0.7,   0.9,   0.3, -18.0,  -8.0,1002.0,  -0.1,   0.0
13548,   1.1,   0.9,  -0.1,  -8.5,  -8.9,1004.2,  -0.1,  -0.0
13576,   0.6,  -0.0,   0.4,   0.3,   8.4, 998.8,  -0.0,  -0.0
13600,   0.6,  -1.7,  -0.1,   5.6,   4.0,1009.8,  -0.0,  -0.0
13624,   0.9,   0.4,  -0.5,   0.3,  -0.4,1011.7,  -0.1,  -0.0
13648,  -0.3,   0.6,  -0.4,  -4.6,  -8.9,1000.0,  -0.0,  -0.0
13676,   0.4,  -1.3,  -0.1,   5.1,  -2.8,1020.0,  -0.1,  -0.0
13700,  -0.7,  -0.4,  -0.5,   4.9,   1.1, 995.6,  -0.1,  -0.0
13724,  -0.1,  -1.0,  -0.5,   4.2, -13.6,1004.4,  -0.1,  -0.0
13748,  -0.1,   0.5,  -0.6,  -3.4,  -5.0,1002.0,  -0.1,  -0.0
13776,   1.2,  -0.5,  -0.5,   7.3,  -3.1,1006.1,  -0.0,  -0.0
13800,   0.7,  -0.2,  -0.9,  21.7,  -5.8, 990.0,  -0.0,  -0.0
13824,   0.5,   0.6,  -0.3,   0.7,  -3.8,1003.2,  -0.0,  -0.1
13848,   0.7,  -0.8,  -0.7, -16.6,   1.8, 997.8,   0.0,  -0.0
13876,   0.2,  -0.5,  -0.9,  11.0,   5.9,1017.3,   0.0,  -0.1
13900,   1.4,   0.8,  -1.1, -10.0,  -5.8,1007.1,   0.0,  -0.1
13924,  -1.2,  -1.0,  -0.2,  16.4,   7.9,1001.5,   0.0,  -0.2
13948,   0.7,  -0.2,  -1.6,  38.3,  21.8,1015.6,   0.1,  -0.2
13976,   0.3,  -2.1,  -0.5,  23.5,   4.7,1010.5,   0.1,  -0.2
14000,   0.3,   0.0,  -0.7,  16.1,   2.0, 981.2,   0.1,  -0.2
14024,   0.4,   0.3,  -0.4,  33.2,   2.5,1002.5,   0.1,  -0.3
14048,   0.7,   1.8,  -0.8,  -8.8,  -2.1, 999.0,   0.1,  -0.2
14076,   1.0,   0.4,  -0.8, -28.3,  -7.7, 987.3,   0.1,  -0.2
14100,  -0.5,   1.2,  -0.5,  -6.6, -25.1, 977.6,   0.1,  -0.2
14124,   1.1,  -0.8,  -0.7,  -8.3,  -3.3,1015.4,   0.1,  -0.1
14148,   0.7,   1.0,  -1.1,   4.2, -23.1, 993.9,   0.0,  -0.1
14176,   0.3,   0.2,   0.4,  -8.8,  15.0,1000.0,   0.0,  -0.1
14200,   0.3,  -1.2,  -0.0,  -1.0,  -3.6, 993.7,   0.0,  -0.2
14224,  -0.1,  -0.8,  -1.3,  -6.3,   9.9,1010.0,   0.1,  -0.1
14248,   0.8,  -3.1,  -0.8,  18.8, -11.1, 998.8,   0.0,  -0.2
14276,   0.3,  -0.7,  -0.5,  -3.4,  19.4,1002.5,   0.0,  -0.2
14300,   1.2,   0.3,  -0.4, -10.5,  -7.0,1028.8,   0.0,  -0.1
14324,   0.5,  -1.3,  -0.5, -10.7,  -6.5, 998.3,   0.0,  -0.1
14348,  -0.4,  -1.9,  -0.9,  -7.3,   1.8, 973.2,  -0.0,  -0.1
14376,   1.7,  -1.5,   0.0,  13.0,   7.2, 995.6,   0.0,  -0.2
14400,   0.0,   0.4,  -0.4, -14.4,  -7.2,1004.4,  -0.0,  -0.2
14424,   0.7,  -0.8,  -0.4, -15.6, -14.3,1013.2,  -0.1,  -0.1
14448,   1.6,   0.8,  -1.3,   5.1,   6.4, 986.8,  -0.1,  -0.1
14476,   0.8,  -1.8,  -0.2,   9.8, -28.0,1007.6,  -0.2,  -0.2
14500,  -0.2,  -0.6,  -0.8,   6.1,  -2.8,1003.2,  -0.2,  -0.2
14524,   0.1,   0.0,  -0.3,  -9.3,  -3.3, 993.4,  -0.2,  -0.2
14548,  -0.5,  -3.1,  -0.2,  27.6,  43.3,1045.9,  -0.1,  -0.3
14576,   0.1,   0.6,  -2.1,  12.2, -50.4,1007.8,  -0.4,  -0.2
14600,   1.4,   0.5,  -2.1,   4.2, -21.4, 974.1,  -0.5,  -0.3
14624,  -0.2,  -0.5,  -2.2,  10.5,  -5.8,1003.7,  -0.5,  -0.3
14652,   1.6,   0.0,  -1.6,  -6.8, -18.2, 995.9,  -0.5,  -0.3
14676,   0.8,   1.4,  -0.3, -19.8,  32.8,1022.2,  -0.4,  -0.1
14700,   0.3,   2.2,  -0.2,  28.8, 107.8, 877.5,   0.1,  -0.2
14724,  -0.9,  -2.8,  -2.4,  83.5, -66.8,1112.1,  -0.8,   0.1
14752,   1.0, -10.4,  -3.3, 378.2, -20.9,1177.3,  -0.6,   0.1
14780,   0.6,   1.5,   1.1, 190.4, -37.8, 978.0,  -0.7,  -0.1
14800,   1.3,   2.8,   4.2,  51.8, -65.6, 987.3,  -0.7,  -0.1
14824,   1.3,   3.6,   5.4,  -2.7,   0.1,1135.5,  -0.8,   0.2
14852,   0.6,   2.2,   1.9,  13.9, -39.7, 979.0,  -0.8,   0.3
14876,   0.6,   3.4,  -0.2, -77.4,  21.8, 942.2,  -0.8,   0.2
14902,   1.3,  -0.2,   1.1, -65.9,  16.7, 975.6,  -0.8,   0.3
14926,   0.6,  -1.7,   1.8, -33.2, -17.5, 995.9,  -0.9,   0.5
14950,   1.0,   0.9,   1.4, -14.4, -22.4,1004.9,  -0.9,   0.7
14974,   0.4,   3.3,  -0.1,  40.8, -13.6, 996.6,  -0.9,   0.6
15002,   1.8,   3.4,  -4.8,  30.8,  16.7,1004.9,  -0.7,   0.3
15026,   0.7,   1.2,  -2.1,  57.4, -71.0, 980.2,  -0.7,   0.3
15050,   1.6,  -1.3,  -0.4,  27.4,  10.6,1063.7,  -0.8,   0.2
15074,   1.0,  -1.9,  -2.4, -20.0,  18.2,1083.8,  -0.4,   0.2
15102,  -0.7,  -3.4,  -5.8,  73.7,  27.7,1075.9,   0.1,   0.4
15126,   0.6,   3.1,  -6.8,-142.1,-105.6, 893.6,   0.1,   0.6
15150,  -0.5,  -1.9,  -4.6,  83.5,  30.1,1059.6,   0.1,   0.3
15174,   0.9,   1.1,  -3.3, -75.9,  25.5, 978.8,   0.2,   0.4
15202,   1.3,   1.7,   0.2, -55.4,  23.5, 963.9,   0.5,   0.7
15226,   1.9,  -4.2,   2.9,  61.3,  36.2, 995.6,   0.8,   0.8
15250,   1.5,   1.3,   2.8,   1.2,  34.0,1005.6,   0.8,   0.7
15278,   1.7,  -4.2,   4.9, 189.7, -12.4,1075.0,   0.8,   0.4
15302,   1.0,  -0.6,   4.4,  57.4, -33.6, 996.8,   0.6,   0.4
15326,   0.6,   2.1,   3.2,-146.2, -11.6,1015.6,   0.4,   0.6
15350,   0.4,   0.9,   2.7, -75.9, -51.9, 996.4,   0.1,   0.6
15374,   0.2,   1.6,   1.5,  -4.9, -61.7,1021.3,  -0.1,   0.6
15402,   0.9,  -2.2,   1.2, -41.2, -49.2,1001.0,  -0.4,   0.5
15426,   0.4,   0.6,   0.7,  -2.7, -49.5, 995.4,  -0.5,   0.5
15450,   0.7,   0.3,   1.4,  28.8, -36.5, 999.3,  -0.7,   0.4
15474,   0.6,   0.6,   0.9,  20.8, -35.1, 999.5,  -0.8,   0.3
15502,   0.6,   0.0,   0.3,  22.5, -39.5,1011.5,  -1.0,   0.2
15526,   2.3,   0.4,   0.5,   6.4, -43.1,1002.0,  -1.1,   0.2
15550,   1.2,   0.2,  -0.4,   5.9, -47.3, 992.2,  -1.3,   0.2
15574,   1.4,   2.3,  -0.7,  18.8, -29.2,1003.7,  -1.3,   0.1
15602,   0.4,   2.0,  -1.0,  29.6, -33.1, 996.4,  -1.4,   0.0
15626,   1.6,  -3.6,  -1.3,  15.9,  -7.0, 998.5,  -1.4,  -0.1
15650,   0.6,   2.3,  -1.1,   7.3,   8.4,1008.1,  -1.3,  -0.1
15674,   1.4,   0.9,  -0.2,  12.5,  -4.1,1012.5,  -1.2,  -0.1
15702,   0.4,   1.9,  -1.0,  -0.5,   2.3,1004.9,  -1.1,  -0.1
15726,   0.7,  -0.0,  -0.9,   2.0,  -9.7,1000.3,  -1.0,  -0.1
15750,   0.3,   0.6,  -1.3,   6.4,   3.3,1010.8,  -0.9,  -0.1
15778,   2.0,  -0.7,  -1.1, -33.4,  44.0, 990.0,  -0.8,  -0.1
15802,   0.3,   0.9,  -1.9,  -3.6,  27.7, 993.2,  -0.6,  -0.1
15826,   0.2,  -1.6,  -2.2,   4.9,  33.0,1009.5,  -0.3,  -0.0
15850,  -0.8,  -0.3,  -1.7,  10.3,  51.6, 999.0,  -0.1,  -0.1
15878,   2.0,  -4.2,  -1.1, 140.2,  37.2,1063.7,   0.1,  -0.0
15902,   0.4,   3.1,  -1.0, -95.2,  10.6, 906.5,   0.3,  -0.0
15926,   0.1,   0.8,  -0.8,  90.8,   7.9,1023.9,   0.4,  -0.1
15950,   0.8,   1.6,  -1.2, -54.7,   7.9, 983.4,   0.5,  -0.0
15978,  -0.7,   0.8,  -1.1,  45.2,  21.1,1031.3,   0.5,  -0.1
16002,   0.6,  -0.7,  -1.1, -22.2,   5.5, 988.3,   0.5,   0.0
16026,   0.7,   2.0,  -1.3,   8.1,  14.5,1025.4,   0.5,  -0.0
16050,   0.1,  -0.1,  -0.7, -19.8, -15.3, 991.7,   0.4,   0.0
16078,  -0.3,   3.0,  -0.7, -19.5, -13.6,1002.7,   0.3,   0.0
16102,   0.6,  -0.1,   0.0, -19.3, -11.6,1002.0,   0.3,   0.1
16126,   0.1,   0.3,  -0.5, -19.3, -24.8,1006.1,   0.2,   0.2
16150,   1.0,  -0.3,   0.3,  -1.2,   1.1,1001.2,   0.1,   0.2
16178,   0.6,  -1.8,  -0.7,  13.7,  -9.2,1002.2,  -0.0,   0.2
16202,   0.6,   0.9,  -0.5,  14.4,  -9.9, 990.2,  -0.1,   0.1
16226,  -0.5,   0.1,  -0.8,  -5.1, -25.3,1002.2,  -0.2,   0.1
16250,   0.0,  -2.2,  -0.6, -16.6,  -9.7,1021.3,  -0.3,   0.1
16278,   0.0,   0.1,  -1.1,  -8.0,  -8.7,1003.2,  -0.3,   0.1
16302,   0.1,  -0.0,  -0.5,   2.0, -14.6,1011.2,  -0.4,   0.0
16326,   0.2,   0.5,   0.8,   3.7,   1.6,1016.1,  -0.4,  -0.0
16350,   0.7,   1.9,   1.5,   8.1, -28.2, 999.5,  -0.5,  -0.0
16378,   0.4,   0.1,   1.5,  -1.9,  -3.6, 992.9,  -0.5,   0.0
16402,   0.4,   1.9,   0.1,   4.9,   7.4, 995.9,  -0.5,  -0.0
16426,   0.9,   0.1,  -1.1,  -1.4,   1.8,1019.1,  -0.5,  -0.1
16450,   0.2,   0.4,   0.4,   2.0,   0.8,1019.1,  -0.5,  -0.1
16478,   0.7,   1.0,  -0.7,   9.8,  14.5,1004.7,  -0.5,  -0.1
16502,   0.6,   1.1,  -2.3, -11.5,  -2.6,1000.3,  -0.4,  -0.1
16528,   0.4,  -1.7,  -1.0, -44.4,   0.1, 972.9,  -0.3,   0.1
16552,   0.4,   1.2,  -1.0,  35.4,  -0.6, 989.3,  -0.3,   0.1
16576,  -0.7,  -2.1,  -1.0, -10.0, -14.3,1033.5,  -0.3,   0.1
16600,   0.1,  -0.3,  -3.0,   3.2, -16.5,1000.3,  -0.3,   0.1
16628,   0.1,   1.2,  -1.6,   2.5,   6.2,1009.5,  -0.3,   0.1
16652,   0.1,   3.1,  -1.8,  -5.6,   4.5,1002.9,  -0.2,   0.1
16676,   1.3,   0.8,  -1.3,  -9.5,   2.5, 995.4,  -0.2,   0.1
16700,   0.7,   0.2,  -1.0,  -5.8,  24.3,1006.8,  -0.0,   0.2
16728,   0.6,   1.2,  -0.6,   6.1,  24.5,1002.2,   0.1,   0.2
16752,   0.4,   0.3,  -0.2,   2.9,   3.5, 998.3,   0.2,   0.2
16779,  -0.2,   0.9,   0.8,  11.2,  -5.5, 989.3,   0.2,   0.2
16803,  -0.2,   0.9,   0.7,   3.2, -14.8,1014.7,   0.1,   0.1
16827,   0.0,   0.6,  -0.2,   1.2,  -3.8, 995.4,   0.1,   0.1
16851,   1.8,  -1.3,   0.0,  -3.6,  -9.2, 992.4,   0.0,   0.0
16879,   0.6,   0.1,  -0.0,  15.9,  -3.8,1003.9,   0.0,  -0.0
16903,   1.7,   0.0,  -0.1,   6.4,   1.1,1000.3,  -0.0,  -0.0
16927,   0.7,   0.8,   0.4,   7.3,  -4.6,1013.9,  -0.0,  -0.0
16951,   0.8,   1.2,  -1.9,  -0.2,  -7.2, 998.8,  -0.1,  -0.0
16979,   0.3,   0.1,  -1.8,   3.9, -14.6,1003.9,  -0.1,  -0.1
17003,  -0.1,   2.3,  -0.5,  -1.2,  -3.3, 995.6,  -0.1,  -0.1
17027,  -0.2,  -0.7,  -1.1,   7.6,  -8.5,1001.2,  -0.1,  -0.1
17051,  -0.4,   0.1,  -0.7, -15.1,  -2.4, 996.4,  -0.2,  -0.1
17079,   2.0,  -1.3,  -1.1,  12.0,  -9.2,1010.5,  -0.1,  -0.1
17103,   0.7,  -1.9,  -3.1,  -9.3,  22.1, 986.8,   0.0,  -0.1
17127,   1.0,  -1.1,  -1.7,  11.7,   8.9, 999.8,   0.1,  -0.1
17151,   1.0,   0.6,  -2.1,   7.3,  20.6,1003.9,   0.1,  -0.2
17179,   0.1,  -1.8,  -2.5,  19.5,  69.9,1030.0,   0.4,  -0.2
17203,  -0.3,  -1.0,  -3.9,  -8.0,  30.6, 983.9,   0.5,  -0.2
17227,  -0.6,   0.0,  -2.7,  35.4,  17.9,1011.5,   0.6,  -0.3
17251,  -0.4,  -0.1,  -2.4,  -7.1,  55.5, 967.5,   0.7,  -0.3
17279,  -0.1,  -0.7,  -2.1,   4.2,  13.5,1001.5,   0.8,  -0.3
17303,  -0.5,  -1.4,  -2.8,  26.9,  48.7,1052.3,   0.9,  -0.3
17327,   0.4,  -1.5,  -1.5,  25.7,  47.9,1026.4,   1.1,  -0.3
17351,  -0.4,   0.5,  -0.8, -11.0,  39.4, 995.6,   1.3,  -0.2
17379,  -0.1,  -1.5,  -1.0,  -2.7,  24.5, 999.0,   1.3,  -0.2
17403,  -1.2,   0.8,  -0.4,  -4.1,  30.6, 999.5,   1.4,  -0.2
17427,  -0.4,  -0.4,  -1.3,   3.4,  32.3,1009.8,   1.4,  -0.2
17451,  -0.5,  -1.3,  -1.7,  24.9,  15.0, 980.2,   1.3,  -0.3
17479,   0.4,  -0.7,  -1.7,   9.0,  36.2,1013.2,   1.4,  -0.4
17503,  -0.2,  -1.4,  -2.4,  43.7,  19.9,1021.0,   1.3,  -0.4
17527,  -0.6,   0.0,  -3.0, -29.0,  10.8, 964.9,   1.3,  -0.4
17551,  -0.7,   0.0,  -3.6,  27.1,  18.2,1008.1,   1.4,  -0.5
17579,  -0.5,   0.8,  -2.6,  15.4,  -3.8,1022.7,   1.3,  -0.5
17603,  -0.6,  -0.6,  -3.0,  59.3,   5.0,1013.4,   1.2,  -0.6
17627,  -0.8,   0.0,  -3.9,   7.3,  -6.5,1026.1,   1.1,  -0.6
17651,   0.0,   0.5,  -3.9,  32.0,   1.6, 996.1,   1.0,  -0.6
17679,  -0.5,   0.3,  -4.7,   4.2,   6.2,1023.5,   0.9,  -0.6
17703,   0.2,  -0.8,  -5.5,   8.6,   6.2,1042.0,   0.9,  -0.6
17727,  -0.4,  -0.2,  -5.3,  -3.4,  22.8, 977.1,   0.9,  -0.5
17751,   0.1,  -0.3,  -5.4, -21.0,   6.7,1002.5,   1.0,  -0.4
17779,   0.7,  -0.8,  -3.5, -42.7,  12.1,1015.4,   1.0,  -0.4
17803,   0.5,  -0.8,  -3.7,  42.7,  34.5,1022.5,   1.1,  -0.4
17827,   0.4,   1.6,  -3.5, -84.9,  50.6, 795.4,   1.3,  -0.3
17851,   1.2,  -1.4,  -2.7,  25.9,  49.9,1019.8,   1.4,  -0.4
17879,   1.3,  -0.8,  -3.0,  -2.7,  59.4,1017.6,   1.6,  -0.4
17903,   0.6,   0.0,  -2.1, -12.4,  72.4, 990.7,   1.9,  -0.4
17927,   0.7,  -0.0,  -3.5, -14.9,  94.1, 954.8,   2.2,  -0.4
17955,  -1.0,   0.0,  -3.2,  31.0,  60.9, 965.3,   2.5,  -0.2
17979,  -0.2,   0.6,  -1.3, -85.7,  73.6,1002.2,   2.6,  -0.1
18003,  -0.7,   0.4,  -2.6,  38.8,  64.8,1025.4,   2.8,  -0.2
18027,  -0.5,   0.3,  -2.4,  72.3,  -8.9,1046.4,   3.0,  -0.2
18055,   0.1,  -1.9,  -2.1,  25.7,  38.9,1083.5,   3.0,  -0.1
18079,  -0.4,   0.5,  -1.8,  23.7,  55.8, 981.9,   3.2,  -0.1
18103,  -0.1,  -0.3,  -1.1,  21.3,  13.0, 997.6,   3.2,  -0.1
18127,  -0.7,  -1.8,  -2.3,  85.7,  23.3,1016.9,   3.2,  -0.1
18153,   0.3,  -0.0,  -2.7, -18.5,  33.0,1011.0,   3.3,  -0.0
18177,   0.0,  -1.6,  -2.0,  54.5,  29.1, 960.0,   3.3,  -0.0
18205,   1.8,   0.6,  -1.3,-104.7,  41.8, 959.2,   3.3,   0.2
18229,   2.6,   0.6,  -2.0,-129.9,  34.0, 985.1,   3.3,   0.1
18253,   2.7,   2.4,  -1.3, -73.2,  85.0, 958.3,   3.4,   0.0
18281,   1.6,   0.3,   0.3,   4.7,  51.4,1052.3,   3.4,   0.1
18305,   2.3,   1.6,  -0.3, -70.3,  -9.7, 945.1,   3.4,   0.3
18329,   1.5,  -1.0,   0.6,  64.7, -29.7, 892.3,   3.2,   0.2
18353,  -0.2,  -0.2,   0.0,  67.6, 189.3, 880.6,   3.6,   0.3
18377,  -3.4,  -8.9,   1.2,  92.8,  47.0,1061.3,   3.9,   0.6
18405,  -1.9,  -3.3,   2.0, -35.4,-196.4, 925.5,   2.6,   0.4
18429,  -0.4,   3.4,   1.7,-114.5,  98.5, 954.1,   2.8,   0.2
18453,  -0.6,  -0.1,  -1.1,-126.0, 165.1, 896.0,   3.3,   0.4
18477,   0.1,   1.4,  -2.5, -56.9,   2.5, 986.8,   3.3,   0.3
18505,  -0.8,  -0.2,   0.9,-170.9,  37.2,1007.8,   2.8,   0.6
18529,  -1.2,   2.2,   1.5, -53.2,  64.5, 898.5,   2.7,   0.4
18553,  -3.3,  15.8,   1.1,-579.6, -52.4, 662.4,   2.4,   0.8
18577,  -2.3,  -3.3,   3.3, -16.1,  26.7, 884.8,   2.4,   0.9
18605,  -0.1,   2.8,   1.2, -86.2, -22.1, 843.0,   2.3,   0.9
18629,   1.3,   2.6,   0.6,  18.8,  16.9,1071.1,   2.4,   0.6
18653,  -0.1,   5.3,   1.1, -73.7,   5.5,1082.3,   2.3,   0.6
18677,  -1.3,   2.8,   1.2, -82.5, -32.6, 808.1,   1.9,   0.7
18705,  -0.7,  -1.4,   0.4,  41.3, 115.1, 910.4,   1.9,   0.5
18729,  -2.7,  -1.0,   1.5,  75.2, -52.9,1544.4,   1.9,   0.5
18753,   1.2,   6.7,  -0.1,-227.3,-246.0, 967.5,   0.3,   0.6
18781,   3.6,   1.0,  -2.3,-149.4,  53.8, 616.0,   0.5,   0.9
18805,   2.0,  -0.5,  -4.0,  -3.4,  66.3, 976.8,   1.6,   1.0
18829,   0.4,   5.2,  -4.6,-309.8, -95.1,1059.6,   1.4,   1.0
18853,   0.6,   0.6,  -2.6, -39.8, -15.8, 986.8,   0.9,   0.5
18877,  -2.4,   0.8,  -2.7, -49.8, -44.8,1077.6,   0.4,   0.4
18905,  -4.6,  -0.3,  -2.2,  74.2, -12.6,1093.3,   0.3,  -0.0
18929,  -2.1,   1.1,  -2.2,  80.3, -39.7, 973.6,   0.1,   0.1
18953,   0.7,   0.6,  -2.9,  -6.6,  -7.7, 928.0,   0.0,  -0.0
18977,   0.4,  -0.0,  -3.9, -63.0, 111.9, 918.7,   0.5,   0.2
19005,  -1.0,   0.6,  -2.5, -77.9,-127.6, 896.0,  -0.0,   0.3
19029,   1.0,   1.2,  -0.9, -63.5,  27.4, 919.7,  -0.4,   0.2
19053,  -1.1,  -1.9,  -2.2, -12.9,  50.1, 949.2,  -0.4,   0.2
19081,  -3.5,  -1.5,  -2.2,  76.9,-292.1,1316.9,  -0.1,   0.1
19105,   2.3,  -0.7,  -1.1, -17.3,-144.4, 853.0,  -1.0,   0.3
19129,   3.9,  -0.2,  -2.2, 242.2,  61.9, 923.1,  -0.2,  -0.2
19153,   3.6,   2.2,  -2.9,  14.7, 120.7, 975.6,   0.3,  -0.0
19181,   1.7,  -0.2,   0.6, -75.7,  -4.1, 925.8,   0.2,   0.3
19205,  -0.4,   0.1,  -0.7, -39.3, 111.2,1010.5,   0.3,   0.4
19229,   0.8,   2.9,   0.5,-104.0,  72.8, 963.4,   0.1,   0.3
19253,  -1.0,  -3.1,   0.3,  54.5, -77.3,1010.0,  -0.0,   0.3
19281,   3.0,   1.9,  -0.3, -24.2, 257.7,1031.0,   0.3,   0.4
19305,   0.2,   0.8,   0.4,-101.8,  64.8, 987.6,   0.1,   0.6
19329,   0.1,   1.6,   0.0, -13.2,  73.6, 954.1,  -0.2,   0.4
19353,  -0.1,  -1.3,   0.0,  42.0,  62.3, 999.3,  -0.2,   0.4
19381,  -2.0,  -2.5,  -1.4, 117.9, 136.8, 893.6,   0.0,   0.3
19405,  -3.6,   5.0,  -0.1, 138.7,  -7.0, 943.1,  -0.3,  -0.5
19429,   4.7,  -4.1,   2.9,  42.3, 119.0, 923.8,  -1.0,   0.5
19453,   4.5,  -5.5,   1.4, 226.8, 161.7, 859.9,  -0.4,   0.2
19481,   2.3,   0.5,  -0.1, -57.8,   6.2,1210.2,  -0.1,   0.1
19505,   1.6,  -2.7,   0.8,-117.4, -49.5, 919.0,  -0.3,   0.4
19529,   0.3,   0.5,   0.8, -40.5,  36.5, 956.1,  -0.3,   0.4
19553,  -0.1,   1.7,   0.8, -84.2,  25.2, 952.4,  -0.3,   0.4
19581,  -1.3,  -0.6,   0.5,  30.3,-140.8,1010.3,  -0.7,   0.3
19605,   1.7,   6.3,   0.1, -60.8,  21.3, 834.0,  -0.5,   0.0
19629,   2.1,   4.1,  -0.6,-109.6, -14.8,1154.3,  -0.1,   0.2
19653,   0.9,   2.6,   0.3,-134.3,-229.2,1071.1,  -0.2,   0.4
19681,   1.0,  -4.1,   0.5,  38.1,  21.1,1017.6,  -0.1,   0.5
19705,  -3.5,   1.1,   0.9, 150.7,  10.1, 897.7,   0.3,  -0.0
19729,  -3.0,  10.0,  -0.3, -30.7, -45.6,1607.9,   0.1,  -0.5
19753,   3.2,   0.1,   5.9, 120.6,  13.5, 573.7,  -0.1,   0.4
19783,   1.5,   4.6,   2.4,  22.2,-131.5, 938.5,  -0.3,   0.5
19803,   2.8,   1.3,   2.0, -82.7,  69.2, 988.3,  -0.1,   1.2
19831,   2.3,   2.6,   2.8, -43.4, -82.7,1032.2,  -0.3,   0.9
19855,   2.0,   1.8,   1.7,-115.0, -37.5, 920.7,  -0.3,   1.1
19879,   3.5,   0.8,   2.2, -86.7,  76.0,1053.5,  -0.4,   1.0
19903,   0.9,   3.1,   2.5, -10.2, -11.4, 978.5,  -0.3,   0.9
19931,   3.0,  -6.0,   0.9, 195.1,  23.8,1181.4,   0.1,   0.9
19955,   3.2,   0.4,   1.8, -26.1, -40.7, 917.0,   0.1,   1.3
19979,   2.0,  -1.3,   3.1,  34.0, -11.9, 882.8,   0.3,   1.2
20003,   3.1,  -1.7,   4.4, -54.4, 287.2, 774.9,   0.8,   1.5
20031,  -6.3,   4.5,   1.1, 222.2, -52.2, 999.5,   1.1,   0.0
20055,   1.8,  -1.0,   6.5,-135.7,  68.9, 958.5,   0.2,   1.2
20079,  -0.8,   0.1,   3.8, 203.6, -14.6,1007.1,   0.9,   0.7
20103,   0.5,   0.3,   3.3, -50.0, -22.6,1100.6,   0.9,   1.1
20131,   3.8,   0.1,   3.6,-139.1,  52.3, 840.3,   0.6,   1.1
20155,  -1.0,  -2.1,   1.0, 176.0, -61.2,1178.7,   0.6,   0.8
20179,  -3.3,   1.1,   1.4, -80.3, -66.8,1144.3,   0.4,   1.0
20207,  -0.2,  -2.2,   0.6, -28.5, -77.3,1015.9,   0.1,   1.0
20231,   0.9,  -1.9,  -1.8,  -5.8,  79.9,1043.7,   0.2,   1.0
20255,   0.7,  -2.5,  -0.0, 192.4,  12.1, 983.9,   0.3,   0.7
20283,   0.3,  -1.6,  -0.4,  64.2,  -4.3,1144.8,   0.3,   0.5
20307,  -2.4,   0.0,  -1.2,  94.5,  55.5,1176.5,   0.6,   0.2
20331,  -8.2,  -8.5,   1.4, 295.4,-552.9,1506.1,   0.3,   1.0
20355,   1.8,   8.2,   0.8, -79.6, 138.5, 670.4,  -0.2,   0.8
20379,   0.7,   4.2,  -0.7,-123.8, 189.5, 966.8,   0.8,   0.6
20407,  -0.8,   2.3,  -2.1,-110.6,  55.8, 971.4,   0.9,   0.5
20431,   0.1,   1.4,  -0.2,  28.6,  14.7,1100.8,   0.8,   0.6
20455,  -1.3,   0.4,   1.1, -13.9,  13.3,1097.4,   0.6,   0.8
20479,  -5.3,  -0.8,   0.8,-101.3,  97.5, 810.8,   0.9,   0.9
20507,   1.8,   5.9,   4.7,-169.2,-230.9,1002.9,  -0.1,   1.0
20531,   8.3,  -1.0,   2.8, -60.8,  39.4, 948.5,  -0.6,   1.5
20555,   7.8,   2.2,  -2.5, -53.9, 107.5,1223.4,   0.5,   0.7
20579,   6.4,   0.3,  -1.8,-125.0,-408.6, 997.8,   0.3,   1.1
20607,  10.7,  -2.5,  -2.0,  70.6, 191.3, 762.5,   1.3,   1.2
20631,   2.8,  -3.3,  -4.7,  60.6,  -0.2,1010.3,   1.8,   1.1
20655,   2.9,  -4.2,  -1.0, 237.8, -83.9,1055.7,   1.6,   0.9
20679,   1.4,   3.8,  -2.0, -83.5,  86.8, 961.2,   1.5,   1.0
20707,   3.5,   2.8,  -2.1,  30.5, 229.8, 930.2,   1.6,   0.9
20731,   3.5,   0.5,  -0.6,-112.3,  77.5, 981.7,   1.7,   1.1
20755,   5.1,   1.5,  -2.4, -10.0,  12.8,1165.3,   1.8,   1.0
20783,   5.0,  -6.8,  -2.5, 176.5, -53.1,1003.4,   1.9,   0.6
20807,   3.4,  -3.3,  -3.3,-113.0,  42.6, 795.7,   1.9,   1.0
20831,   1.3,  -6.2,  -3.2, 456.6, 235.9,1047.1,   2.8,   0.2
20855,   3.4,  13.2,  -4.3,-534.7,  77.5, 841.3,   2.6,  -0.2
20879,   8.4,  -6.1,   2.9, 343.8, 257.9,1123.8,   2.4,   0.4
20907,   0.9,  -2.8,  -0.4,  68.9, -46.8,1049.8,   2.9,   0.4
20931,   2.4,   2.0,   0.6, -51.3,  72.1, 880.6,   3.3,   0.3
20955,   2.8,  -3.3,   2.3,  75.0,-149.8,1148.9,   3.1,   0.5
20979,   3.4,   4.7,   1.9,-221.4, 173.7,1012.5,   3.8,   0.7
21007,  -2.0,   0.3,  -0.2, -86.7,-192.1,1063.5,   3.4,   0.9
21031,  -0.5,   0.6,   0.2,  58.9, 180.0, 981.0,   3.1,   0.5
21055,  -5.2,   3.6,  -1.3, -89.8, -44.6,1006.1,   3.2,   0.6
21079,  -4.3,  -1.1,  -0.2, 129.9, -31.7,1045.2,   2.7,   0.6
21107,  -4.0,  -2.4,  -1.1,  53.0, 203.0,1024.7,   3.0,   1.0
21131,  -6.4,  -6.6,   3.1, 189.5,-424.5,1452.2,   2.0,   1.0
21155,   1.7,   2.0,   0.6, -43.4, 126.8, 802.3,   2.0,   1.5
21179,  -1.5,  -4.2,  -1.2,  73.5,  69.4,1130.9,   2.6,   1.5
21207,  -0.4,   3.1,  -0.6,-146.0,   5.9,1023.7,   2.5,   1.7
21231,   0.6,  -2.7,  -0.2,  54.7, 143.6, 903.6,   2.2,   1.6
21255,  -0.6,  -0.3,   0.4, -64.9,  22.1,1008.3,   2.1,   1.5
21283,  -0.3,   0.1,   1.1,  46.9, 133.4, 811.8,   2.2,   1.5
21307,  -1.3,   1.6,   1.0,-146.5,  47.9,1076.2,   2.3,   1.5
21331,   2.0,  -2.2,   0.8, -88.4,  91.2,1055.2,   2.1,   1.6
21355,   0.1,  -1.1,   0.5, -27.3, -57.5,1110.6,   2.0,   1.4
21383,   1.1,  -2.8,   0.0, -27.6, 162.4, 921.4,   2.2,   1.7
21405,  -5.7,  -0.7,  -1.6, 462.7,-157.1,1300.5,   2.5,   0.2
21433,   4.6,  -3.3,   3.6,-126.4,-106.6, 970.2,   1.4,   1.6
21457,   1.7,   0.3,   0.6, 205.1, -13.3,1055.2,   2.3,   0.7
21481,   1.3,   1.4,   1.0,-202.9,  19.1, 874.3,   2.3,   1.5
21505,   2.9,   0.9,  -0.7, -98.6, -17.2,1025.4,   2.3,   1.1
21533,   0.6,  -6.6,   1.4, 208.0, 167.1, 944.1,   2.3,   1.1
21557,   2.9,   3.6,   0.8,-133.8,  94.1, 860.9,   2.1,   0.9
21581,   3.4,  -3.1,   1.8, 138.0, 224.0, 946.1,   2.2,   0.7
21605,   0.6,   1.7,   1.8,   9.3,   8.6,1045.7,   2.5,   1.0
21633,   1.3,   2.0,   1.8, -63.7,  15.2, 878.7,   2.3,   0.8
21657,  -2.9,   3.3,   2.0,-250.0,  90.7, 820.8,   2.8,   1.3
21681,  -5.2,  -5.7,   3.1, 221.2,-567.8,1533.2,   2.0,   0.9
21705,   5.1,   2.0,   2.6,-204.6, 134.6, 838.6,   1.7,   1.3
21733,  -0.7,   2.6,  -1.4,-138.4,  38.9, 962.2,   2.7,   1.1
21757,   4.0,   4.1,   0.4, -13.9, 161.0, 758.8,   2.8,   0.8
21785,   1.5,  -5.2,   1.4, 168.5, -90.2,1091.8,   2.7,   0.5
21805,   0.1,   0.0,   2.7,-110.8,  62.3, 963.4,   2.7,   0.7
21833,   0.2,  -1.1,   0.9, -42.7, 131.9, 760.5,   2.7,   0.8
21857,   2.0,   3.9,   0.5,  13.4, 127.8, 944.8,   2.6,   0.2
21881,   2.7,  -2.5,   1.2, -12.2,   8.6,1138.2,   2.7,   0.4
21905,   1.8,   1.6,   0.8, -48.3,-101.5, 930.4,   2.4,   0.4
21933,  -3.6,   0.8,   0.4,-183.6, 345.3, 800.5,   3.6,   0.8
21957,  -9.0,  -5.1,   0.3, 268.8,-484.8,1411.1,   3.1,   0.4
21981,  -0.4,   9.9,   2.3,-251.9, 173.4, 844.7,   2.4,   0.9
22005,   0.0,   1.1,   0.6,  23.5,  53.1,1136.7,   2.5,   0.8
22033,   0.9,   0.9,  -1.0, -80.3,  39.9, 788.3,   2.7,   0.9
22057,   1.0,  -1.6,   0.8, 103.8,  74.6, 918.2,   2.7,   1.0
22081,   1.7,   3.0,   0.6,-101.1,  65.8, 852.6,   2.7,   1.1
22105,   2.1,  -2.2,   1.7,  83.0, -19.0,1013.9,   2.3,   0.9
22133,  -1.8,  -1.4,   1.1, -10.0, -45.8,1079.4,   2.3,   1.2
22157,   2.1,  -0.1,   1.2,  44.2,  10.3,1061.0,   2.4,   0.9
22181,   1.8,   0.4,   1.1,-194.1,  44.0, 971.0,   2.3,   1.2
22205,   0.1,  -4.6,  -0.5,  65.9,   9.4,1159.9,   2.5,   0.8
22233,   4.9, -11.0,   1.7, 305.2, -56.3,1079.4,   1.5,   1.1
22257,  -0.5,   2.0,  -0.1,-156.7, 103.8, 819.6,   3.0,   1.3
22285,  -0.4,  -6.7,   1.2, 229.0, -72.7, 998.3,   2.9,   0.9
22305,   0.7,   3.7,   0.1,-132.3, 130.2, 974.4,   2.7,   1.0
22333,  -2.6,  -1.8,  -0.0, -30.0,  -5.0,1106.2,   2.2,   1.0
22357,  -0.8,  -0.2,   0.8, -46.4, 135.8, 940.9,   2.0,   0.8
22381,  -1.3,  -4.4,   1.1, 222.7, -69.2,1051.8,   2.0,   0.5
22409,   1.2,   3.4,   1.5,-185.0,  80.9, 830.6,   2.2,   0.9
22433,  -0.3,  -1.9,   0.4, 199.5, -70.7,1022.0,   2.4,   0.8
22457,   0.7,  -2.9,   1.1, 124.3,-118.6, 996.4,   2.0,   0.7
22481,  -4.5,  -2.0,  -0.1,   6.4, 114.8, 914.1,   2.4,   1.0
22509,  -7.5,   0.5,   1.6,-212.4,-410.8,1438.7,   2.0,   0.8
22533,  -0.5,   2.2,   2.9,-165.8, 261.3, 620.1,   2.1,   1.2
22557,  -0.5,   9.4,   0.1,-349.3,  86.0, 886.7,   2.7,   0.9
22581,  -0.3,   0.7,   0.6, 226.8,  41.3, 974.1,   2.8,   0.7
22609,   1.4,   5.5,   1.0,-276.6,  73.8,1019.8,   2.4,   1.2
22633,  -1.6,  -0.4,   0.6, 118.7,-103.4,1148.7,   2.4,   0.8
22657,   0.3,   2.3,   0.5,-279.3,-122.7,1042.5,   2.3,   1.1
22681,  -2.6,  -1.7,   0.1, -23.2,  26.5, 967.1,   2.5,   1.2
22709,  -0.5,   0.9,   0.4,  41.3,  27.7, 931.9,   2.0,   0.8
22733,   2.1,   3.3,  -1.0,-103.0, 273.0, 895.5,   2.2,   0.7
22757,  -3.2,  -1.3,  -0.6, -18.5, 167.3, 954.8,   2.9,   1.0
22785,  -6.2, -10.8,   3.4, 353.5,-691.6,1008.6,   2.0,   0.4
22809,   3.9,   7.0,  -1.1, -72.7,  92.9, 766.9,   2.1,  -0.4
22833,   2.0,   2.1,   0.9,  -7.1, 292.3, 936.5,   3.2,  -0.2
22857,   0.2,   1.0,  -1.0, -98.6,  -0.4,1096.7,   3.2,  -0.2
22881,   3.4,   5.3,   1.1,-162.8,   9.4, 809.1,   2.8,   0.3
22909,   0.7,   5.4,   0.1, -45.6, 168.5, 990.0,   2.6,   0.1
22933,   0.3,   1.9,   2.2,-109.1, -71.0, 895.0,   2.4,   0.3
22957,   0.1,   2.2,   2.1, -90.3,  40.4, 952.6,   2.4,   0.2
22981,   1.5,  -5.5,   2.3,  88.4,  28.7,1130.9,   2.4,   0.4
23009,   3.5,  -3.3,   2.3, 106.2,  90.4, 972.2,   2.6,   0.3
23031,  -0.5,   0.8,   0.9,  29.1, 348.7,1179.7,   3.3,   0.5
23059,  -0.2,   5.4,   4.3,-223.4,-308.3,1017.6,   2.4,   1.0
23083,   0.3,   5.5,   2.8,-245.1, 196.4, 819.6,   2.1,   1.1
23107,  -0.8,   2.7,  -0.9, -48.1,   8.4,1083.0,   2.7,   0.6
23131,   1.8,  -0.9,  -0.4, 151.6,  57.7,1020.5,   2.7,   0.6
23159,   1.7,  -5.5,   0.5, 216.1, -18.7,1065.0,   2.7,   0.7
23183,   0.6,   1.3,   2.0, -41.5,  56.2, 901.6,   2.5,   1.0
23207,   1.3,  -1.7,   1.1, 126.5, -39.2,1142.8,   2.2,   0.8
23231,   1.7,   3.4,   0.7,-171.6,  67.7,1017.3,   2.3,   1.1
23259,   1.7,  -3.5,  -0.1,  58.6,  76.0,1007.1,   2.2,   0.9
23287,   2.8,  -3.3,  -0.5,  38.8, 139.7, 963.4,   2.4,   0.7
23307,  -0.7,  -4.2,  -1.4,  12.7, 280.1, 717.1,   3.5,   1.3
23331,  -9.3,  10.3,  -3.3,-191.4,-166.7, 866.0,   3.8,  -0.1
23359,   1.5,  -1.9,   0.3,-131.3, 130.9, 964.6,   2.7,   0.6
23383,   2.7,   8.0,   1.4,-176.3,  -8.0, 977.1,   2.7,   0.3
23407,   0.4,  -2.0,  -0.1, 156.0,   7.7,1033.9,   2.9,   0.4
23431,   4.2,   3.6,  -0.5, -40.8, 123.1, 930.9,   3.0,   0.3
23459,   0.2,   1.2,  -0.8,  14.2, -15.8,1024.2,   3.0,   0.3
23483,   2.6,   0.9,  -1.2,-113.0,  36.2,1042.5,   2.5,   0.4
23507,   0.0,  -3.1,  -0.3, 168.7,  63.6,1075.0,   2.6,   0.4
23535,  -1.0,   0.8,  -0.9, -83.5, -51.7, 948.7,   2.7,   0.5
23559,   1.1,  -0.0,  -0.2,   5.6, 167.8, 994.9,   2.7,   0.5
23583,  -0.5,   3.8,  -0.7,-273.2, 298.9, 929.7,   3.5,   0.8
23607,   0.1,   0.5,   2.5, 139.7,-332.7,1161.6,   2.4,   0.6
23635,   1.5,  -3.8,   2.9, 135.5, 281.6, 991.7,   2.8,   0.6
23659,  -4.3,   3.3,   0.1,-235.8, -79.0,1058.6,   3.1,   0.8
23683,  -1.1,   2.9,   0.5, -68.1,  -2.1, 940.9,   2.9,   0.7
23707,  -1.4,  -2.7,   0.3,  90.8,  48.2,1223.6,   2.7,   0.5
23735,  -2.1,   2.5,   0.6, -62.5,-175.9,1133.6,   2.2,   0.7
23759,   0.4,   2.5,   0.1,-122.8,  51.8, 885.8,   2.5,   0.7
23787,   2.6,  -0.3,   0.1, 120.9,  40.4,1158.0,   2.5,   0.6
23807,   2.4,  -0.2,   1.4, -81.8, 116.5,1017.8,   2.7,   1.0
23835,   1.3,  -2.0,   0.9, 137.5,  12.3,1122.3,   2.5,   0.6
23859,  -5.0,  -1.0,   1.1,  65.4, 329.4, 879.9,   3.4,   1.0
23883,   0.4,   0.6,   2.8,  18.6, -90.7,1166.3,   2.2,   1.0
23907,   0.3,  -8.7,   3.1, 284.7, 233.5, 918.2,   2.8,   1.0
23935,  -1.3,   2.7,   0.0,-170.1, 151.2,1024.2,   3.0,   1.0
23959,  -1.8,  -1.7,   0.3,  87.4,-215.7,1099.1,   2.8,   0.7
23983,  -0.1,   0.1,   1.3, -30.5,  31.6,1044.9,   2.7,   0.8
24007,  -0.9,   1.1,   2.3,-144.3, 114.6, 971.0,   2.6,   0.9
24035,  -0.3,   5.3,   2.0, -15.4,  10.3, 805.7,   2.2,   0.7
24059,  -0.9,   2.6,   1.8,-130.4, -39.0,1043.5,   2.4,   0.8
24083,   2.9,   3.7,   3.6, -43.2,  18.4, 926.5,   2.4,   0.8
24107,   3.0,  -2.1,   1.1,  38.8,   2.8,1002.9,   2.1,   0.7
24135,  -4.8,  -6.4,  -1.0, 406.8, 217.6, 769.5,   3.5,   0.1
24159,   6.5,   7.4,   4.7,-606.4, 287.0, 849.6,   2.7,   1.2
24183,   2.8,  -5.5,   4.4, 304.9, 223.5, 889.7,   3.1,   1.0
24207,  -1.5,  -0.5,  -1.0,-157.0,  30.6,1175.8,   3.1,   0.9
24235,   0.5,  -0.4,  -0.8, 160.7, -55.8,1119.9,   2.9,   0.4
24259,   1.9,   1.6,   0.5,-130.6,  22.5,1020.5,   2.9,   1.0
24287,  -0.7,  -1.1,  -0.5,  62.0,-154.5,1127.5,   2.7,   0.9
24307,   1.7,  -2.7,  -0.8,   0.5,  63.6, 992.2,   2.5,   1.2
24335,   1.0,   1.7,  -2.5,-146.7, 114.8, 858.7,   3.0,   1.2
24359,   3.1,  -4.6,  -2.0, 237.6, -14.3,1061.0,   2.5,   0.6
24383,  -0.7,   1.3,  -3.6,-117.4, 236.9, 993.7,   3.0,   0.5
24407,   2.9,  -5.2,   0.7, 143.1,-207.7,1325.9,   2.3,   0.9
24435,   4.3,  -0.0,  -2.0, 180.4, 164.9, 753.7,   2.4,  -0.0
24459,   0.3,  -1.9,  -1.5,  26.6, 292.3, 767.3,   3.6,   0.2
24483,   0.4,   1.7,  -1.4,-157.9,  35.7, 980.0,   3.4,   0.6
24507,   0.6,  -0.0,  -1.0,  22.0,  99.7,1218.5,   3.1,   0.2
24535,  -2.6,  -0.3,  -0.5,  10.8,  40.9, 982.2,   2.7,   0.4
24559,  -1.8,  -0.4,  -0.8, -18.3,-102.0,1120.1,   2.4,   0.3
24583,   0.9,   0.8,   0.3,  28.1,  93.3,1095.2,   2.8,   0.3
24611,  -2.9,  -2.7,   0.2, 164.8,-260.4,1267.1,   2.9,   0.3
24635,   1.4,   4.1,   1.0,-134.0,  36.2, 927.5,   2.7,   0.8
24661,  -5.3,  -7.5,  -1.8, 567.4, 203.7, 880.4,   3.7,   0.1
24685,  11.2,   2.3,   2.2,-501.0,  -3.1,1039.8,   2.0,   0.7
24709,   6.7,  -9.6,   6.7, 269.1, 458.6, 608.4,   3.5,   1.3
24733,   2.7,  -4.4,  -3.5,-152.8, 305.5, 982.4,   4.1,   1.1
24761,   2.0,   1.1,  -2.7, -36.4,  55.3, 953.1,   4.1,   0.7
24789,   0.7,  -3.5,  -1.2, 134.5, 151.9,1058.6,   4.2,   0.5
24809,  -0.9,   1.4,  -0.2,  51.3, -19.2, 996.6,   3.6,   0.5
24833,  -2.9,  -0.4,   0.9, -89.1,  80.7, 824.2,   3.6,   0.8
24861,  -3.1,  -4.1,  -1.3,  62.5,  38.7, 979.5,   3.7,   0.5
24885,   0.1,   1.2,  -0.1, -56.6,  11.6, 992.9,   3.4,   0.5
24909,  -1.1,  -2.4,  -0.8,  73.3, 192.5,1023.2,   3.7,   0.4
24933,  -6.0,  -5.6,  -1.6, 215.8,  26.5, 840.1,   4.2,   0.4
24961,  -6.9,   0.5,   2.6,-239.2,-427.2,1421.9,   2.6,   0.2
24985,  -1.4,  -1.5,   5.0,  48.6, 213.0, 820.6,   3.7,   0.4
25009,   2.9,   5.4,   1.4,-311.8, 239.6,1161.9,   3.5,   0.5
25033,   2.6,   1.0,   1.3,  39.3,  15.7,1015.6,   3.4,   0.1
25061,   0.2,  -1.9,   2.6, -19.0, 121.2, 735.1,   3.3,   0.7
25085,   2.9,   2.3,   0.6,  56.7,  50.1,1168.2,   3.0,   0.1
25109,   0.1,  -4.9,   3.1, 122.3, 184.9, 887.7,   3.1,   0.5
25133,  -2.6,  -1.9,   2.0, -46.1,  43.1, 951.2,   2.8,   0.4
25161,  -0.5,   1.5,   2.3,  15.6,  55.8,1021.5,   2.5,   0.4
25185,  -3.1,  -2.5,  -0.5, -56.1, 114.8, 828.1,   2.9,   0.7
25209,  -4.8,  -0.3,   0.9, -39.5,-116.6,1387.5,   3.4,   0.7
25233,   1.1,  -4.7,   2.2, 154.1,-196.9, 876.7,   2.2,   0.9
25261,   2.3,   4.6,   0.2, -16.6,  23.3, 817.6,   2.4,   0.5
25289,   1.9,  -0.3,  -0.3,  57.4,  84.3, 971.9,   2.5,   0.4
25309,   3.3,  -3.0,  -0.2,  94.3,  79.7, 796.4,   2.6,   0.2
25333,   0.4,  -2.1,  -1.1, 146.5, -16.8,1196.1,   2.7,   0.1
25361,   3.9,   1.2,   0.4,-315.4,  78.2, 823.3,   2.4,   0.6
25385,   4.8,   2.4,   0.1, -50.5, 248.4, 774.9,   2.8,   0.2
25409,   3.2,  -1.7,   0.3,  72.5, 203.5, 937.0,   3.0,   0.2
25433,   2.3,  -2.8,  -0.0, 116.7,-144.7,1081.8,   2.4,  -0.1
25461,  -1.9,   4.0,  -1.6, 235.4,  72.4, 908.5,   3.2,  -1.0
25485,   6.0,   7.3,   2.0,-378.2,  83.8,1075.0,   2.3,   0.1
25509,   3.3,  -8.8,   4.7, 250.3, 307.9, 714.6,   3.4,   0.5
25533,  -1.2,   6.0,  -1.3,-245.8,  83.6, 907.0,   3.2,   0.2
25561,  -0.9,   3.5,  -0.8, -12.7,  55.5, 907.0,   3.0,   0.0
25585,  -1.8,   4.4,  -1.0,-175.3,  -4.3,1185.8,   2.3,   0.3
25609,   0.5,  -0.0,  -2.5,  60.1,  55.3,1088.1,   2.0,  -0.1
25633,   0.7,   2.7,  -2.1, -80.5, 103.6, 924.6,   2.0,   0.2
25661,   2.2,   0.1,  -1.8,  92.5,  10.8,1043.0,   2.2,   0.0
25685,   1.0,   0.1,  -1.7,  30.3,  10.8,1170.9,   2.6,   0.2
25709,   1.6,  -5.3,   0.8, 314.5, -64.6, 951.2,   2.2,   0.3
25737,  -2.9,   7.2,  -1.9, 128.4,  27.9, 918.5,   2.5,  -0.7
25761,   5.0,   8.1,   2.2,-395.2, 170.5, 894.3,   2.0,   0.4
25789,  -0.8,   1.9,  -0.4, 101.3, 157.3, 719.3,   2.1,   0.3
25809,  -0.8,  -1.6,  -3.2, -84.5,  36.7,1006.6,   2.3,   0.6
25837,  -1.8,  -0.2,  -2.2,  84.2, -47.0,1059.8,   2.0,   0.3
25861,   0.2,   0.6,  -1.9, -78.8,  94.1, 972.2,   1.8,   0.4
25885,  -1.9,   1.5,  -3.1, -11.9,  97.3, 916.8,   1.7,   0.1
25909,  -1.2,  -3.6,  -2.7, 169.9,  66.3,1064.2,   1.7,   0.2
25937,   0.6,   1.6,  -4.3,-104.7, 181.2, 883.1,   2.1,   0.2
25961,  -1.2,  -0.2,  -3.2, -52.5, -86.3,1053.2,   2.1,   0.1
25985,  -0.4,  -0.0,  -1.5, -45.6,  65.5, 911.9,   2.1,   0.4
26009,  -4.4,  -0.4,  -3.5,   6.9, 181.5, 955.8,   3.2,   0.3
26037,   0.8,   6.8,  -1.8,-191.9,-307.8,1218.8,   2.0,   0.4
26061,  -0.1,  -2.0,  -0.8,  48.6, 154.1, 848.4,   2.5,   0.6
26085,  -1.5,   4.9,  -3.8,-151.8,  49.2,1245.1,   3.2,   0.2
26109,   1.7,   0.5,  -3.0, -32.5,  78.0, 926.5,   3.2,   0.4
26137,   1.2,   3.9,  -2.5, -61.0,  40.6, 856.7,   3.2,   0.6
26161,   0.9,  -3.5,  -2.9, 111.8,  26.2,1008.6,   2.9,   0.5
26185,  -2.3,  -1.9,  -3.3, 114.8, -24.3,1193.9,   2.7,   0.5
26209,  -2.9,   1.4,  -0.7,-161.1,  78.9, 943.4,   2.9,   1.0
26237,   1.6,  -0.0,  -1.9, -49.5,  68.0, 967.3,   2.7,   0.9
26261,   2.4,   0.3,  -1.9, -46.4, 116.8, 872.8,   2.7,   0.9
26291,  -6.6,   1.7,  -4.4, 338.4,  26.5, 800.3,   2.5,   0.5
26311,   3.2,   5.9,   0.1,-481.7, -71.2,1202.9,   1.4,   1.4
26335,  -1.3,  -7.0,   0.2, 171.9, 132.9, 772.7,   2.5,   1.1
26359,  -2.3,  -1.1,  -2.1,-371.3, 106.3, 958.0,   2.5,   1.1
26387,  -2.7,  -0.5,  -1.4, 107.2,  -1.9,1035.7,   2.7,   0.4
26411,  -1.5,   1.5,   0.0, -67.9,   3.3, 975.4,   2.6,   0.6
26435,  -1.5,  -1.0,  -1.0,   0.0,  38.2, 880.4,   2.6,   0.7
26459,   3.5,  -0.6,  -1.4, 142.6, 214.7,1057.1,   2.7,   0.5
26487,  -1.5,  -2.5,   0.4, 113.3,  34.3, 885.3,   2.7,   0.5
26511,   0.6,   2.1,  -0.3, -48.3, 204.7, 753.2,   2.8,   0.6
26535,  -1.0,   1.0,   0.8, -25.6, 141.0,1045.9,   2.7,   0.6
26559,  -9.6,  -0.1,  -2.0, 361.3,   2.8, 744.9,   3.6,  -0.3
26587,  -8.9,  -3.9,   0.5,-251.4,-865.9,1654.6,   2.7,   0.3
26611,   1.0,   3.0,   2.8,-205.5, 202.2, 679.9,   2.8,   0.2
26635,  -3.8,   7.8,  -1.6,-252.7, -72.2, 897.7,   2.5,  -0.2
26659,  -1.3,  -0.0,   1.8, 121.4,-112.0, 921.6,   2.6,  -0.0
26687,   3.3,   2.4,   0.8, -92.8,  67.0,1153.1,   2.5,   0.1
26711,   2.3,   2.3,  -1.4, -11.2, -34.3, 944.6,   2.3,   0.3
26735,   1.7,   0.5,  -0.3, -44.2,  81.6, 997.3,   2.2,   0.4
26759,  -0.2,   3.6,  -0.7, -15.4, -19.4,1057.9,   2.1,   0.1
26787,   0.5,  -6.9,   1.2, 239.5, 164.6,1032.0,   2.3,  -0.3
26811,  -1.5,   3.3,  -1.3,  23.2, 106.5, 910.9,   2.7,  -0.6
26835,   0.6,  -1.0,  -0.8,-217.5,-533.1,1405.5,   1.8,  -0.0
26863,   1.1,  -4.9,   1.1,  32.7,  49.2, 841.3,   2.6,  -0.0
26887,  -0.7,  -0.4,  -2.0,-161.8, 100.7,1045.4,   2.6,  -0.0
26911,  -0.2,   4.8,  -1.5, -16.1,  55.0, 973.4,   2.7,  -0.5
26935,  -0.9,   0.4,  -0.7,   5.6,-124.4,1036.9,   2.1,  -0.2
26963,  -1.9,   3.1,  -3.2,  34.9, -15.5,1225.1,   2.2,  -0.6
26987,  -0.5,  -0.9,  -0.7, -11.5, -34.1, 936.8,   2.2,  -0.0
27011,   5.1,  10.0,  -2.0, -37.8, 281.8,1105.5,   2.5,  -0.5
27035,   3.4,  -2.5,  -0.3, 113.5, -27.5, 939.7,   2.6,   0.0
27063,   1.0,   1.4,   1.1,-100.8,  16.7, 988.3,   2.6,   0.5
27087,  -6.4,  -4.0,   0.1, 233.7,-491.6,1715.1,   1.9,   0.0
27111,   2.6,   1.4,   0.0,-271.2, 183.4, 544.2,   2.1,   0.8
27135,   1.8,   4.4,  -3.2, -24.4, 150.5,1016.6,   3.0,  -0.3
27163,   1.0,   0.6,  -0.5,  65.4, 153.4, 805.2,   3.3,   0.3
27187,   0.9,   0.9,  -1.4, -61.0,  40.6, 958.3,   2.8,   0.3
27211,  -3.3,  -1.0,  -0.8,  29.8, -52.9, 935.1,   2.5,   0.4
27235,   0.6,   1.9,  -1.7, -26.6,  96.5,1157.5,   2.4,   0.3
27263,  -2.3,  -1.7,  -0.0,  91.8,-104.4,1183.6,   2.2,   0.3
27291,   1.4,   0.5,   0.8, -14.6,  74.8, 984.9,   2.3,   0.3
27311,   4.1,   0.6,   0.2,-149.4, 126.1, 848.9,   2.2,   0.6
27335,   4.3,   1.3,  -0.2,  32.5, 340.9, 941.2,   2.4,   0.2
27363,   0.0,  12.2,  -2.9,-463.6, 176.4, 812.5,   2.8,  -0.1
27387,   3.2,  -3.7,   3.4, 244.4,-171.3, 903.8,   1.9,   0.7
27411,   3.4,  -3.0,   0.4, 293.0, 139.0, 972.2,   2.3,   0.4
27435,   1.1,  -1.6,  -0.5, -33.7, 107.8, 893.1,   2.4,   1.0
27463,   1.8,   6.5,   0.3,-201.2,  18.2, 910.9,   2.4,   0.7
27487,  -0.4,  -7.4,   0.4, 165.5, -24.1,1015.6,   2.2,   1.0
27511,   2.5,   5.0,  -0.3,-122.3, 139.7, 922.4,   2.2,   0.9
27535,   0.9,  -8.0,  -1.9, 215.6,  20.4,1035.2,   2.1,   1.0
27563,  -1.8,  -4.4,  -1.0, -54.9, -35.1, 885.5,   2.3,   1.2
27587,   1.8,  -1.0,  -1.3,-133.0,  81.4, 892.6,   2.3,   1.3
27611,   1.1,  -4.9,   0.1, 157.0, 146.8, 865.7,   2.4,   0.9
27635,  -0.6,   4.1,  -2.1,  15.4,  55.5, 804.5,   2.6,   0.3
27663,   0.2,  -7.8,   5.4,-135.5, -78.8, 922.6,   2.2,   1.6
27687,   1.4,   1.2,   3.3, -12.7, 205.7, 910.7,   2.9,   0.9
27711,  -1.3,   2.1,   1.7, -17.6,  18.6, 940.7,   2.9,   0.8
27735,   0.3,   2.8,   4.4,-172.3, 113.1, 992.2,   2.9,   1.0
27763,  -1.2,   1.4,   6.4,  20.8,  69.2, 911.4,   2.9,   0.9
27791,   0.1,   2.7,   5.6, -97.9, 178.8, 845.7,   3.1,   1.1
27811,  -2.6,   2.2,   4.6, 141.4,-101.7,1078.1,   3.0,   0.6
27835,  -0.6,   1.4,   4.8,-104.0,  53.1,1041.8,   3.0,   1.0
27863,   0.4,   0.9,   5.7,  46.9,  77.7, 914.8,   3.2,   0.9
27887,   1.2,  -2.7,   5.3,  -8.5, -74.9,1049.6,   2.8,   1.5
27913,  -2.6,   2.4,   3.4, 129.2, 157.3, 747.6,   3.6,   1.0
27937,  -0.1,  11.2,   3.3,-279.5, -20.7,1144.1,   3.4,   0.8
27961,   5.9,  -1.1,   7.9,  99.4, 380.9, 922.6,   2.9,   1.2
27989,   3.3,   3.2,   4.4, -24.2, 148.3,1023.0,   3.1,   0.9
28013,  -0.6,   1.9,   2.5,  -2.7,  27.2, 928.0,   3.3,   0.7
28037,  -0.5,  -1.3,   3.6,  12.0, -10.7,1063.5,   3.2,   1.0
28061,  -1.6,   0.5,   3.1, -83.7,  12.3,1093.8,   3.2,   0.8
28089,  -2.3,  -0.2,   3.6,  22.2,  51.1, 927.7,   2.9,   0.7
28113,  -1.5,   0.9,   3.0,  58.4,  41.8, 994.4,   2.8,   0.4
28137,  -0.7,   2.2,   2.5, 117.2,  78.2,1081.3,   3.1,   0.3
28161,  -0.4,   3.1,   2.5, -37.6, -68.8,1048.6,   2.8,   0.5
28189,  -0.6,   0.7,   0.3, -49.1, 276.2, 816.2,   3.1,   0.5
28213,   1.8,  -3.2,   3.5,  88.4,-406.2,1776.1,   2.5,   1.0
28237,   1.8,  -4.9,   1.5,  76.7,-104.6, 760.3,   2.3,   0.5
28261,   2.9,  -1.3,  -0.7, -47.6, 351.7, 991.2,   3.0,   0.3
28289,   1.1,   3.0,  -3.3,-176.7,  60.1,1100.8,   3.0,   0.6
28313,  -1.6,  -0.2,  -0.7,  13.4,  31.8, 919.4,   3.1,   0.6
28337,  -1.9,  -0.8,   0.4,  -9.7,  14.7,1048.6,   2.9,   0.6
28361,  -2.9,  -0.4,   1.3,  21.5,  18.9,1013.2,   2.8,   0.5
28389,   0.4,   3.1,   1.1, -15.4, 201.5, 866.0,   3.0,   0.3
28413,  -1.2,  -0.8,   1.2,  63.7, 147.5,1237.1,   3.2,   0.2
28437,  -3.2,   1.9,   1.2, -82.0,-129.6,1016.9,   3.1,   0.5
28461,  -0.7,   2.0,   1.5, -32.2,   1.6, 987.3,   3.2,   0.6
28489,  -7.8,  -1.8,   0.7, 112.3, 104.8, 824.2,   4.1,   0.7
28513,   0.3,   8.6,   3.9,-238.3,-141.8,1040.5,   2.6,   0.7
28537,   1.4,  -3.7,   2.6,  43.2, 281.8, 736.1,   2.7,   0.4
28561,  -1.0,   2.3,  -0.8,-128.9, 159.8, 938.2,   3.0,   0.5
28589,   1.2,   2.0,  -2.1, -17.1,  55.5, 879.7,   3.1,   0.3
28613,   0.4,  -0.6,  -0.5, -18.5, -66.1, 946.5,   2.6,   0.4
28637,  -1.2,   0.3,   0.3, -96.7,  43.5,1017.1,   2.8,   0.5
28661,   1.1,  -3.9,   1.4,  69.8,  -5.3, 994.4,   2.4,   0.5
28689,  -2.3,   0.9,  -1.4, 117.2,-117.1,1037.9,   2.8,   0.4
28713,  -1.2,  -0.1,  -1.0,  16.4, -79.7, 992.2,   2.4,   0.4
28737,  -1.8,   0.3,  -0.5,-199.0, 190.0, 865.0,   2.6,   0.6
28761,  -2.3,  -0.3,  -1.9, 106.7, 190.5, 862.1,   3.0,   0.1
28789,  -2.5,  10.1,  -0.6,-382.1, 104.8,1286.4,   3.0,   0.7
28813,   4.8,  -8.2,   1.2, 262.2, 104.6,1162.1,   1.6,   0.4
28837,   0.1,   9.9,  -0.3,-125.2,-124.4,1071.3,   2.2,   0.2
28861,   1.2,  -7.5,   1.4, 252.7,  89.4,1044.9,   2.5,   0.5
28889,   5.0,  -1.7,   1.0, 128.9,  11.6,1072.0,   2.5,   0.6
28913,   5.0,   4.1,   0.8,-155.5, 110.2, 830.3,   2.9,   0.9
28937,   5.9,   3.4,   1.0,-105.9,  37.0, 832.8,   2.6,   1.0
28961,   4.1,   2.2,  -0.5, -84.9, 136.8,1076.2,   2.6,   0.6
28989,   0.8,   1.9,  -0.9,-112.5,  35.0,1089.9,   2.8,   0.5
29013,   0.5,  -0.4,  -0.4,  87.4,   0.6, 981.7,   2.6,   0.5
29037,  -3.0,  -0.6,  -2.3, -53.0, 206.9, 650.4,   3.8,   1.0
29065,   9.3,  10.9,   2.0,-370.8,  66.7, 730.7,   2.7,   1.6
29089,   3.4,  -7.8,   2.5, 185.6, 315.3, 788.6,   3.2,   1.5
29113,  -1.4,   0.3,  -3.8,-239.7, 109.5, 995.9,   3.8,   1.3
29137,   0.9,   4.7,  -4.3, -10.5,  86.8, 926.8,   3.9,   0.7
29165,   0.4,   0.9,  -1.1,-129.4, 144.1, 902.8,   3.1,   0.9
29189,  -1.6,   2.3,  -2.7,  96.5,  57.0,1053.5,   3.1,   0.5
29213,  -2.0,  -1.9,  -1.4,  56.2, -83.7,1077.4,   2.7,   0.7
29237,   3.4,   1.2,  -0.4,  73.0,   7.4,1054.0,   2.6,   0.4
29265,   1.0,   1.1,  -1.5, 146.0,  37.9,1143.3,   3.1,   0.3
29293,   2.9,   3.9,  -0.1, -58.6, 113.9,1003.4,   3.2,   0.5
29313,  -3.2,  -4.2,  -1.0,  -3.9, 226.4, 913.1,   3.7,   0.7
29337,  -9.8,  -1.0,  -0.1, 139.4, 118.0, 820.8,   4.2,   0.6
29365,  -8.8,  -1.5,   3.6,  30.0,-716.5,1816.9,   2.7,   0.1
29389,  -5.7,   4.1,   4.5, -49.8, -64.9, 887.0,   2.5,   0.7
29413,   0.2,   8.1,   0.6,-349.3, 225.4, 997.6,   2.4,   0.4
29437,  -0.8,   1.1,   1.2, 199.5, -16.0,1041.8,   2.4,   0.2
29465,  -0.7,   4.2,   0.4,-157.9,  51.4, 996.1,   2.4,   0.3
29489,   1.3,   7.1,   0.6,-322.2,  88.5, 942.2,   2.0,   0.6
29513,   0.9,   2.9,   2.3, -65.4,  63.8,1016.6,   1.6,   0.7
29539,  -2.3,  -0.2,  -0.2,-139.1, 105.3,1102.8,   2.1,   0.8
29563,  -2.3,  -2.5,  -1.2,  73.3,-136.9,1240.7,   1.7,   0.4
29587,   0.6,   2.0,  -0.2, -72.5,  -7.5,1016.6,   1.3,   0.3
29615,  -2.2,   1.6,  -1.2,-131.8, 174.9, 933.4,   2.3,   0.7
29639,  -3.5,  -2.2,   1.5, -89.3,-409.1,1369.4,   1.7,   0.9
29663,   5.5,   1.6,  -0.3, -79.8, 170.7, 732.4,   1.1,   0.3
29687,   2.0,   0.6,  -0.9,  50.8, 225.2, 893.6,   2.0,   0.2
29715,   0.9,  -0.5,  -2.1,  94.5, -48.7,1095.7,   2.4,   0.2
29739,  -0.8,  -0.6,  -0.8, -22.9, -60.5, 946.8,   2.3,   0.3
29763,  -1.5,   0.1,  -1.3, -96.9, 100.7, 926.8,   2.2,   0.3
29791,  -1.3,   0.5,   0.8,-153.3,  42.8,1040.8,   2.2,   0.4
29815,   0.6,   2.4,   1.2,  70.1,  52.1,1089.1,   2.1,   0.1
29839,   3.7,   3.3,   1.0,-123.3, -18.2,1054.0,   2.1,   0.3
29863,   4.2,   3.4,   0.5,-118.6,  97.3,1076.7,   2.2,   0.1
29887,   3.1,  -0.5,   1.8,-166.7,  71.9, 882.6,   2.4,   0.6
29915,  -0.7,   1.3,   1.4, -57.6,  -9.9,1202.4,   2.7,   0.4
29939,  -0.2,  -4.8,   4.9,-302.2,-102.0, 969.0,   2.0,   2.0
29963,   0.0,   0.1,  -2.1, -21.5,  21.3, 844.5,   1.6,  -0.0
29987,  -1.5,   0.5,  -1.7, -96.9, 227.1,1035.2,   1.8,   0.1
30015,  -0.4,   3.6,  -1.1,-218.5, 112.1,1016.4,   2.2,  -0.1
30039,   0.6,   3.6,  -0.3,-127.2,  52.1, 914.6,   2.1,  -0.1
30063,  -1.3,   0.2,   3.2,  35.7, -11.1,1026.1,   2.1,   0.2
30087,  -1.3,  -1.1,   4.5,  50.8,  78.0, 967.3,   2.0,   0.2
30115,  -2.4,  -2.9,   5.8, 202.2, -27.3,1042.7,   1.7,   0.0
30139,  -1.8,   1.2,   6.4, -72.0,  63.8, 799.3,   2.1,   0.7
30163,  -2.4,  -0.1,   5.0, 104.3,-124.4,1137.0,   1.8,   0.4
30191,  -0.7,   1.2,   3.7,  -1.2,   7.4,1156.0,   1.5,   0.2
30215,  -2.3,   0.9,   3.9, 136.2, 169.8, 948.7,   2.4,   0.2
30239,  -4.0,   1.6,   3.7,  53.0, -23.3,1150.6,   2.6,   0.1
30263,  -0.9,  -5.5,   8.3, 113.1,-144.9,1132.3,   1.5,   0.7
30291,  -0.4,   2.3,   5.6,  99.1, 103.6, 849.6,   1.6,   0.7
30315,   1.3,   0.7,   6.0, -55.2, 210.8, 939.0,   1.9,   0.6
30339,   2.0,   2.3,   4.1, -31.5,  -4.6,1211.0,   1.7,   0.4
30363,   0.9,   0.7,   3.9, -78.1,  22.1,1017.3,   1.8,   0.5
30391,   0.0,   5.9,   3.7,-257.8, 105.1, 992.2,   1.7,   0.6
30415,   2.6,   2.2,   5.0,  10.5,  30.8,1114.3,   1.2,   0.3
30439,  -0.8,   3.9,   4.0,-180.6,   0.6,1079.8,   1.3,   0.3
30463,   0.1,   2.4,   2.7,  -5.6,  41.3, 985.4,   1.4,   0.3
30491,   1.6,  -1.1,   1.8,  19.3,  66.3, 912.9,   1.4,   0.2
30515,   1.8,   4.8,   0.4, -71.0, 129.5, 928.0,   1.6,  -0.2
30539,  -2.6,  -0.6,   1.2,  28.6,-185.0,1396.5,   1.9,  -0.1
30563,   2.0,  -5.0,   4.5, 270.5,-259.7, 906.8,   1.1,   0.1
30591,   2.4,   6.1,   1.1,-135.7, 100.4, 913.3,   1.4,  -0.4
30615,   2.2,   0.3,   2.5, -30.0, 132.7,1070.6,   2.1,   0.2
30639,   0.2,   1.2,   0.5,-113.5, -41.7,1098.2,   2.3,   0.1
30663,   1.3,  -3.4,   1.8, 184.8, -41.2,1002.2,   1.8,  -0.2
30691,   1.3,  -1.6,   1.4, -58.1,  20.4,1026.9,   1.7,   0.1
30715,  -0.9,   3.3,  -0.1, -27.8, -25.3, 967.1,   1.7,  -0.3
30739,   3.4,   2.5,   0.6, -46.9,  51.6,1007.8,   1.9,  -0.2
30763,   4.8,   1.6,   1.2,  15.2, 121.7, 951.2,   2.0,  -0.2
30791,   3.2,   1.7,  -1.0, -39.8,   6.7,1137.5,   2.0,  -0.2
30815,   1.7,  -4.2,   1.4,  70.3,-138.3,1011.0,   2.0,   0.3
30839,   1.2,   1.7,  -0.3, -32.7, 173.2, 734.9,   2.2,  -0.3
30863,   0.9,  -3.1,   1.9,-169.7, -61.2,1179.2,   2.0,   0.5
30891,   2.6,   3.3,   0.0,  44.9, 157.8, 875.5,   2.0,  -0.8
30915,   1.7,  -5.4,  -0.4,  19.1, 182.9,1066.2,   2.5,  -0.3
30939,   1.7,   2.6,  -1.1, -89.8, 204.4, 950.2,   3.0,  -0.4
30963,  -0.4,   3.0,  -1.7, -19.0, -21.9, 890.1,   2.9,  -0.4
30991,  -2.1,   0.8,  -1.3,  60.8,  93.1, 968.5,   2.9,  -0.4
31015,  -3.8,   2.9,  -1.9,  61.5,  15.5,1084.2,   2.7,  -0.5
31039,  -1.8,  -0.9,  -1.8,  80.8,  31.1, 913.8,   2.8,  -0.4
31063,  -1.9,  -1.4,  -1.3,  24.7,  53.8, 951.9,   2.9,  -0.1
31091,  -2.2,   2.2,  -3.7,   2.5,  11.3, 989.0,   3.0,  -0.5
31115,  -1.0,   3.9,  -3.3, -18.8,  63.8, 995.4,   3.0,  -0.4
31139,  -0.7,   6.5,  -2.9,-127.9, 205.2, 884.5,   2.8,  -0.5
31165,  -7.4,  -1.4,  -3.1,  97.4, 163.2,1091.1,   3.3,  -0.6
31189,  -1.9,   9.1,  -0.4,-357.6,  55.3,1057.6,   2.9,   0.3
31213,   0.9,   3.6,  -0.7,   1.2,  54.5, 880.9,   1.9,  -0.5
31241,   1.9,   4.0,  -1.6,-141.8, 207.9, 990.2,   2.3,  -0.2
31265,  -0.8,  -3.3,  -3.0,  75.9,  45.0,1003.7,   2.8,  -0.0
31293,   0.2,   0.3,  -3.1, -91.0,  68.9, 852.3,   2.8,   0.1
31317,  -1.0,  -2.6,  -2.2,  71.1,  -6.5,1036.6,   2.4,   0.1
31341,  -3.3,   4.3,  -1.4, -85.2, -43.6, 842.3,   2.0,   0.1
31365,  -3.0,  -3.0,  -2.7,  59.8, -72.2,1216.6,   1.7,  -0.1
31389,  -2.6,  -1.0,  -3.4,  72.8,  60.4, 994.9,   2.0,  -0.1
31417,   0.1,   4.1,  -2.5,-120.1,  45.5,1003.2,   1.7,  -0.1
31441,   1.5,  -0.3,  -3.1,   4.9,  55.5,1011.0,   1.7,  -0.2
31465,   0.3,  -1.0,  -1.7,  29.3, 173.9,1052.3,   2.2,  -0.0
31489,  -2.6,   5.8,  -0.5,-375.5,  40.4, 965.3,   2.4,   0.5
31517,   0.4,   0.4,   1.4, 323.5, -64.6, 929.9,   1.2,  -0.1
31541,   2.8,   4.9,  -2.2,  28.1,  39.9,1030.0,   1.3,  -0.4
31565,   1.0,   0.3,  -0.8,  75.7, 150.2, 945.6,   2.4,  -0.0
31589,   3.5,   0.9,  -0.5, -38.1, 172.5, 811.5,   2.8,   0.3
31617,  -0.4,  -2.0,  -1.3,   2.9, -72.7,1122.1,   2.6,   0.2
31641,   1.4,  -0.8,   0.1,  55.2,  84.3, 957.5,   2.5,   0.3
31665,  -0.5,   2.4,   0.4,-105.7,  25.7, 967.3,   2.4,   0.2
31689,   2.0,  -0.9,   0.3,  74.0, 100.2,1095.7,   2.5,  -0.1
31717,   1.9,   2.8,  -0.2, -67.1, 100.9,1135.8,   2.8,   0.1
31741,   0.5,   2.4,  -0.5,   4.4,   7.9,1129.7,   3.2,   0.1
31765,   1.7,   0.1,   2.2, 141.1, -78.5,1088.4,   2.9,   0.1
31793,  -1.9,  -3.1,   0.5,  19.3, 218.6,1016.1,   3.0,  -0.0
31817,  -6.6,  -8.1,   4.0, 126.7,-428.1,1637.0,   2.5,   0.7
31841,   1.8,   4.2,   2.6,-154.5,-105.1, 779.8,   1.5,   0.2
31865,   2.4,   4.4,   0.6,-144.8, 206.9, 879.4,   2.0,   0.3
31889,   1.3,   1.2,  -1.1,  -1.9, 151.9, 914.3,   2.5,   0.1
31917,   2.1,   0.9,  -0.2,  29.6,   7.7,1035.4,   2.2,   0.2
31941,   0.7,   2.6,   0.3,-229.2, 108.2, 904.3,   2.2,   0.6
31965,  -1.2,  -3.8,  -1.1, 114.3,  95.8,1008.8,   1.9,   0.5
31989,  -1.2,  -2.5,  -0.0, 103.8, -79.7,1169.7,   1.4,   0.4
32017,   1.9,  -3.1,  -1.4,  64.7, 176.8,1006.6,   1.6,   0.4
32041,   0.4,  -2.5,  -1.7, 141.1,  53.8,1000.0,   1.8,   0.2
32065,   0.6,   2.8,  -1.8, -86.2,  -1.6, 843.8,   1.6,   0.3
32089,  -0.5,  -2.5,  -2.5,  45.9,  65.8, 936.8,   1.7,   0.0
32117,  -4.0,   1.8,  -2.6,  48.1,  13.8,1337.9,   2.3,  -0.2
32141,  -2.3,  -1.1,  -0.4, 116.5,-194.0,1025.2,   1.5,  -0.1
32165,   2.4,   0.7,  -1.8,-101.5, 129.7, 785.9,   1.5,  -0.2
32189,   1.0,   2.8,  -2.8,-133.5, 170.7, 978.0,   2.1,  -0.2
32217,   0.0,   1.1,  -3.9,  40.1,  16.0, 928.7,   2.4,  -0.3
32241,   1.0,  -0.3,  -3.8,  51.8, -34.8, 963.9,   2.2,  -0.4
32265,  -3.8,  -1.9,  -2.7,  98.9,-195.5,1009.0,   2.0,  -0.2
32293,   1.2,   0.0,  -4.4,  52.0,  36.7,1107.2,   2.1,  -0.2
32317,   1.3,   1.6,  -5.0,-101.8, 121.9,1096.2,   2.2,  -0.4
32341,   2.3,  -2.5,  -4.9, 163.8, 200.5,1040.3,   2.5,  -0.5
32365,   0.3,  -2.0,  -5.7,  11.2,  11.6,1025.4,   2.5,  -0.1
32393,   0.7,  -0.0,  -5.1,  31.0, -33.1, 991.7,   2.3,  -0.4
32417,  -1.8,  -2.7,  -5.9, -49.8, 205.7, 815.4,   2.8,   0.2
32441,  -6.5,  -5.0,  -6.9, 141.9, -45.6,1120.9,   3.1,  -0.4
32465,   1.0,  -0.5,  -3.3,-201.6, -45.1, 895.0,   1.7,   0.2
32493,  -1.4,  -2.8,  -4.1, 207.0,  35.0, 836.4,   2.2,  -0.2
32517,   3.4,   0.3,  -5.4, -71.0, 146.3, 959.2,   2.6,  -0.0
32541,   2.9,   2.7,  -3.8,-266.3, 183.2, 803.5,   2.8,   0.1
32565,  -0.6,  -1.7,  -3.8,  30.8,  41.8,1013.4,   2.8,  -0.0
32593,  -0.7,  -0.3,  -2.7, -50.8, -54.6,1091.3,   2.4,   0.1
32617,   0.9,   0.1,  -0.9,  83.3,  30.6,1010.3,   2.2,   0.1
32641,   1.8,  -0.6,  -0.3,  50.3, 101.4,1053.2,   2.2,   0.0
32665,   2.1,   1.2,   0.3,-127.4, 110.7, 932.4,   2.5,   0.3
32693,   1.6,   1.7,   1.3, -21.0, -73.6,1132.1,   2.6,   0.4
32717,   1.5,  -3.3,   0.5, 223.4,  74.8, 840.1,   2.8,   0.4
32741,  -4.3,   2.0,   0.1, -82.0,  80.4, 841.1,   3.4,   0.4
32765,   2.6,   1.9,   4.1,-304.4, -76.3,1092.5,   2.1,   0.8
32796,   2.0,  -1.6,   2.2, 225.4, 166.6, 883.6,   2.4,   0.5
32816,   1.6,   0.6,   1.4,   2.5,  66.7, 959.2,   2.5,   0.8
32840,   1.8,  -1.9,   1.1, -29.8, -66.3, 937.3,   2.7,   0.9
32868,   2.5,  -1.9,   1.9,   3.4,  31.8, 964.6,   2.7,   0.9
32892,   1.2,  -0.3,   2.0, -43.2,  23.0, 943.1,   2.5,   1.0
32916,   0.2,   1.3,   2.1, 127.9, -25.3,1000.0,   2.6,   0.7
32940,   1.2,   0.5,   2.7, -85.4,   9.6, 924.6,   2.6,   1.0
32968,  -0.4,  -5.0,   1.7,  -7.1,  12.1,1030.5,   3.1,   1.1
32992,   0.0,  -2.6,  -0.3, 105.7,  40.4,1019.5,   3.2,   0.8
33016,  -0.1,   0.4,   1.6, -24.9,  12.8, 827.6,   3.0,   0.7
33040,  -1.5,  -2.6,   0.4,  44.2, 275.5, 819.6,   3.8,   0.7
33068,  -7.9,  -7.7,   2.9, 113.1,-517.2,1490.5,   3.3,   0.8
33092,   1.8,   4.5,   3.1,-150.9, 206.6, 718.5,   3.2,   0.8
33116,   1.0,   0.4,   1.1,  63.0, 201.0,1017.8,   3.6,   0.3
33140,   1.5,  -0.4,   1.0,  29.3,  32.1, 940.7,   3.8,   0.3
33168,   2.9,  -1.6,   2.5,  60.3,  80.4, 905.0,   3.7,   0.4
33192,   3.1,   1.8,   2.3, -65.9,  95.3, 905.3,   3.7,   0.6
33216,  -2.4,  -5.2,   2.7, 138.2, -87.3, 984.9,   3.4,   0.4
33240,   1.0,  -3.0,   3.1, 201.9,  47.9, 949.7,   3.4,   0.4
33268,  -2.2,  -0.0,   2.0,  53.2, -66.6,1075.5,   3.5,   0.4
33296,  -1.5,   0.5,   0.6,  68.1, -67.3,1038.6,   3.3,   0.3
33316,   1.2,   4.5,   0.1,-160.9,  13.8, 919.0,   3.1,   0.7
33340,   0.5,   0.9,  -2.5, 136.7, 132.2, 959.2,   3.6,   0.1
33368,  -2.5,   9.1,  -2.4, -24.2, -23.1,1193.4,   3.9,  -0.5
33392,  -0.9, -10.5,   3.4, 210.7,  -9.2, 932.4,   3.3,   0.7
33416,   0.9,   0.8,   0.1, 262.5,  76.7, 954.6,   3.6,  -0.0
33440,  -2.6,   0.4,  -1.0,-127.9,  85.0, 968.3,   3.7,   0.4
33468,   0.2,  -0.1,   0.0,-108.6,  23.8, 974.4,   3.4,   0.3
33492,  -1.3,  -0.4,   0.7,  -3.6,  38.9,1072.5,   3.6,   0.1
33516,  -1.0,   0.0,  -0.4,-157.0, 135.1, 896.7,   3.8,   0.4
33544,  -1.1,  -2.0,   0.3,  62.8,  74.8, 873.5,   3.7,   0.1
33568,   0.0,   1.1,  -1.3, -38.3, 264.0, 895.8,   4.0,  -0.0
33592,   0.2,   3.4,  -0.9, -22.4, 109.0, 935.6,   4.2,   0.1
33616,  -0.4,   0.1,  -0.0,  -9.3, -34.3, 917.5,   3.9,   0.3
33644,  -3.8,   5.7,  -1.9, -56.1, 268.4, 844.0,   4.5,   0.0
33668,  -0.5,   8.1,   1.1,  -0.5, -37.8,1304.5,   4.4,   0.1
33692,   8.2,   1.7,   1.1,-118.6, 218.1, 700.2,   3.5,   0.5
33716,   0.7,   2.5,  -1.7, 169.7, 109.0, 905.8,   5.1,   0.2
33744,  -2.6,  -2.2,  -0.8,   7.8,-168.4, 911.6,   5.0,   0.9
33768,   0.1,   2.9,  -1.0,-100.8, -32.6,1019.8,   4.6,   0.5
33796,  -1.6,  -1.3,   1.0,  11.2, 134.6, 918.2,   4.7,   0.4
33816,  -2.1,  -0.2,   0.4,  77.9,  38.7,1002.7,   4.2,   0.2
33844,  -1.6,   0.1,   0.9, 119.4,  77.2,1058.6,   4.2,   0.2
33868,   0.6,   2.4,  -0.3,-141.3,  58.2,1121.6,   4.2,   0.3
33892,   0.8,   5.0,   0.6, -91.3, -26.3,1063.7,   4.1,   0.3
33916,   2.0,  -1.7,   2.9,  15.2,-150.3, 920.2,   3.5,   0.6
33944,  -2.2,   4.3,   1.5, -43.9, 140.2, 835.0,   4.2,   0.5
33968,  -8.5,  -7.8,   3.7, -33.7,-132.5,1168.2,   4.5,   1.4
33992,   1.5,   4.4,   1.4, 120.4, -10.2,1041.0,   3.1,   0.5
34016,  -1.9,  -1.7,   1.3,-103.0, 212.2, 949.5,   3.3,   1.1
34044,  -1.0,   2.3,  -0.4, -42.7,  19.4,1048.1,   3.7,   0.7
34068,  -1.0,   2.3,   2.0,  37.4, -48.0, 894.3,   3.5,   0.6
34092,  -1.0,   1.2,   1.3, -73.7,  34.0, 850.8,   3.4,   0.8
34116,  -1.0,  -3.3,   2.0, 220.5,  44.5,1068.9,   3.5,   0.6
34144,  -1.8,   4.0,   0.6,-211.7, 124.1, 939.0,   3.4,   0.9
34168,  -2.9,  -0.8,   1.9, 124.3,  61.6,1120.4,   3.6,   0.7
34192,  -2.7,  -0.5,   1.4, -35.6,  84.6, 993.2,   3.0,   0.7
34216,  -3.3,  -2.5,   1.1,   7.6, 232.0, 772.7,   3.6,   1.0
34244,  -5.7,  -5.3,   0.1, 354.0,-104.9,1523.9,   3.8,   0.3
34268,   1.1,   6.7,   2.0,-207.0, -38.0,1000.5,   2.6,   0.7
34296,  -3.3,  -3.4,   0.8, 226.6,  -5.0,1139.2,   2.5,   0.4
34316,  -2.1,   2.2,  -0.2,-220.7,  93.3,1019.1,   2.5,   0.7
34344,  -3.8,   0.5,   0.4, -53.5,  28.7, 907.0,   2.5,   0.4
34368,  -4.3,   0.7,   2.0, -24.2, -92.7,1075.9,   2.1,   0.5
34392,  -2.3,  -0.3,   2.2,  63.7,  16.2,1050.5,   2.0,   0.2
34418,  -2.6,   2.9,   2.6, -21.0, -53.9, 870.1,   1.8,   0.2
34442,  -1.5,   2.5,   1.7,-120.6, -81.5, 952.4,   1.6,   0.3
34466,   0.9,   0.9,   0.3,   2.2,  36.0, 978.8,   1.7,   0.2
34494,   2.8,  -0.5,   0.2,  56.9,  -9.9, 983.2,   1.2,  -0.0
34518,  -0.7,  -6.6,   1.8,-299.1,-137.4,1180.7,   1.6,   0.9
34542,   3.1,   2.4,  -1.4,  91.8, -53.4, 780.5,   0.9,   0.1
34566,   4.0,   5.9,  -4.3,  -9.7, 116.8,1050.8,   1.3,  -0.4
34594,   1.3,  -0.5,  -2.1, 100.8, -22.1,1025.4,   1.9,  -0.1
34618,   1.8,  -1.9,   0.4,  44.5,   4.2, 857.2,   1.9,   0.1
34642,  -1.0,  -2.5,  -1.4, -42.0,  -0.9, 922.9,   1.8,   0.1
34670,  -0.4,  -2.5,  -1.3,  47.1,  11.6, 977.8,   1.7,  -0.1
34694,   3.7,   4.8,  -0.8, -75.9, 177.1, 946.3,   1.9,  -0.3
34718,   2.3,  -4.7,  -0.3, -18.0,  83.3,1051.3,   2.2,  -0.1
34742,   4.4,  -0.8,   0.7,  77.9,  48.4, 958.8,   2.0,  -0.4
34770,   1.7,   3.0,  -1.1,  12.0, 352.6, 722.7,   2.9,  -0.5
34798,   0.4,  20.8,   0.6,-821.5, -45.6,1271.3,   2.8,   0.6
34818,   4.3,   0.6,   3.7, 151.4, 124.4, 679.9,   2.4,   0.2
34842,   1.9,   3.7,   1.3, 149.9, -51.7,1028.6,   2.6,  -0.3
34870,   2.2,   5.7,  -0.6, -36.4, -60.5,1077.2,   3.0,   0.2
34894,   1.9,   3.3,  -1.2, -75.9,  79.2, 965.1,   3.2,   0.1
34918,  -1.0,   2.0,  -0.4,  80.8, -33.4, 972.2,   3.2,   0.0
34942,   0.8,   2.7,  -1.3,-106.2, -45.3,1134.3,   2.6,   0.0
34970,  -1.9,  -1.0,  -2.5,  77.9, 131.2,1015.1,   3.0,   0.1
34994,  -2.4,  -0.5,  -2.5, -73.7,  16.4, 967.5,   2.5,   0.2
35018,  -1.5,   2.8,  -2.3,  79.9,  27.7, 905.5,   2.2,  -0.2
35042,  -2.2,   5.1,  -4.7, -35.9,-111.5,1022.5,   2.3,  -0.2
35070,   4.1,   1.9,  -3.8, 353.3,  65.3, 997.8,   1.6,  -0.9
35094,   2.8,   7.0,  -5.8,   2.2, 127.5, 880.4,   2.3,  -0.7
35118,  -3.0,   1.7,  -4.6,-104.0, -59.5,1089.9,   2.8,  -0.0
35142,  -1.2,   2.7,  -3.3,  18.1,-117.1,1041.0,   2.1,  -0.3
35170,  -3.7,   0.7,  -2.2,  21.3, -94.4,1075.7,   1.4,  -0.4
35194,  -1.6,  -1.8,  -2.2, -26.8,  -8.2,1116.7,   1.3,  -0.0
35218,  -0.6,   2.1,  -3.0,  -4.6, 120.2, 978.5,   1.8,  -0.4
35242,  -1.6,  -2.1,  -2.6, 101.6, -26.3, 985.4,   1.7,  -0.4
35270,   1.1,   2.9,  -0.2,-166.5, -10.4, 956.6,   1.8,  -0.0
35298,  -0.8,  -4.6,  -0.3,  82.3,  -2.1,1010.5,   1.8,  -0.3
35318,  -3.1,  -1.4,  -1.3, 211.9, 144.9, 953.6,   2.4,  -0.6
35342,  -7.2,   7.3,  -2.8,-164.5,-159.3, 832.0,   2.2,  -1.1
35370,   5.5,  -5.3,   2.7, 105.5, 137.8,1060.3,   1.3,  -0.2
35394,   1.1,   0.3,  -1.0,  -5.1,  16.2, 983.2,   2.1,  -0.2
35418,   0.6,   1.1,  -3.0,-138.4,   4.0,1036.9,   2.2,   0.2
35442,   0.3,  -0.5,  -1.7,  81.6, -67.3,1034.4,   2.2,   0.0
35470,  -0.1,   4.4,  -1.8,  -9.3,  17.9, 890.4,   2.1,   0.0
35494,  -2.0,  -2.8,   0.1, 134.5,  -2.6,1192.4,   2.0,   0.2
35518,  -1.1,  -3.3,  -0.1, 114.3,  87.7, 970.2,   2.2,   0.6
35542,  -1.7,  -3.1,  -2.2, 138.4,  62.6, 993.9,   2.1,   0.4
35570,  -1.1,   3.3,  -2.5,-113.5,  31.6, 973.2,   1.7,   0.2
35594,   0.0,  -1.7,  -1.9,-185.0, 222.5, 728.8,   2.3,   0.8
35618,  -0.9,   8.8,  -1.7,-507.6,  77.7,1146.7,   2.5,   0.4
35642,   6.2,  -2.0,  -0.2, 354.0, -12.1, 829.6,   1.1,   0.1
35670,   0.4,   3.3,  -2.2, -92.3,  33.5, 915.3,   2.9,   0.3
35694,   3.1,  -1.6,  -0.0, 103.0,  44.0,1097.2,   3.2,   0.6
35718,  -0.8,  -4.9,   2.2, -50.8, -65.6, 816.9,   2.9,   0.9
35746,  -0.1,   3.9,   0.3, -76.2,  30.8, 892.8,   2.5,   0.6
35770,  -1.2,  -1.9,   0.4, 167.7, -45.8,1123.5,   2.5,   0.4
35798,   1.1,  -1.6,   0.4,  29.1, -21.2,1197.0,   2.4,   0.4
35818,  -0.9,  -0.6,   1.6,  58.9, -93.9,1113.3,   2.4,   0.3
35846,   0.6,  -4.2,   1.4, 100.6,-110.0,1180.2,   2.5,   0.5
35870,   1.6,   1.4,   1.1,-101.5, -72.9, 842.8,   2.6,   0.7
35894,  -1.4,   2.3,  -0.9, 143.6,  94.6, 838.6,   3.0,   0.2
35918,   0.7,   4.3,  -0.2,-121.1,-371.2,1405.8,   2.1,   0.2
35946,   1.9,  -3.9,   2.6, 277.4, 152.7, 932.1,   3.0,   0.6
35970,   4.0,  -3.2,  -0.8, -16.8, 119.5, 918.5,   3.1,   0.7
35994,   3.8,   2.2,  -1.9, -10.0, 105.1, 942.6,   3.4,   0.3
36018,   2.8,   0.2,  -1.1,   3.2,  98.7, 900.9,   3.3,   0.6
36044,   0.8,   3.1,  -1.2,-110.1, 137.3, 918.5,   3.0,   0.5
36068,   0.4,  -0.3,  -0.7,  77.9,  75.3,1037.6,   3.1,   0.4
36096,   0.3,  -0.8,  -2.2, -48.3,  70.2, 939.7,   3.3,   0.6
36120,  -0.4,  -3.4,  -3.8, 188.7,  37.7,1070.1,   3.2,   0.1
36144,   0.6,  -1.3,  -2.5, -65.9,  23.5, 983.9,   2.9,   0.4
36168,  -2.2,  -4.8,  -4.4, -22.4, 202.0, 891.1,   3.6,   0.4
36196,  -3.8,  -0.8,  -3.3,-126.0,-395.9,1377.9,   3.1,  -0.2
36220,   3.7,   3.3,  -1.0,-175.3, 257.2, 826.9,   3.2,   0.3
36244,   1.1,   5.8,  -3.6,-186.3,  97.0,1032.2,   3.7,  -0.2
36268,  -0.6,  -1.4,  -1.9,  41.5, -80.5,1092.1,   3.8,  -0.1
36296,  -0.5,   0.2,  -1.7, -97.6, 110.2, 945.1,   3.9,  -0.0
36320,  -1.3,   1.0,  -0.5, 198.7,  81.6,1054.9,   3.5,  -0.3
36344,  -3.7,  -0.4,  -1.2,  33.2,  20.6, 941.4,   3.5,   0.0
36368,  -1.3,   1.4,  -0.4,  43.7,  22.3, 862.6,   3.3,  -0.1
36396,  -3.8,   0.1,  -1.3, -16.3,-138.1,1211.2,   3.2,   0.0
36420,   0.7,   3.7,   0.1, -65.4,  95.8, 958.3,   3.2,   0.2
36444,  -1.5,   1.4,  -1.2,-151.1, 167.6, 839.9,   3.5,   0.9
36468,  -6.6, -13.6,  -0.3, 458.0,-506.5,1772.5,   2.7,   0.7
36496,   0.1,  -5.6,  -2.1,  -7.6, 232.0, 861.1,   2.8,   1.3
36520,  -0.8,   1.5,  -5.0,  28.3,  63.8,1001.2,   3.2,   0.6
36544,  -4.0,   0.3,  -3.6, 115.3,  29.9,1027.4,   3.3,   0.5
36568,  -2.9,  -2.0,  -1.2,  15.9, -96.8, 958.0,   3.0,   0.7
36596,  -3.9,  -1.8,  -1.4, -16.1, -59.7, 992.4,   2.9,   0.6
36620,  -1.6,  -3.8,   0.0, 148.0,  72.4,1104.3,   2.8,   0.6
36644,  -0.7,   0.3,   0.1,  -0.7,  31.6,1030.0,   3.0,   0.7
36668,   1.1,  -1.3,   0.6,  22.7,  73.8, 937.8,   3.0,   0.7
36696,   0.7,  -1.1,   0.0, -12.7,   2.8, 851.1,   2.4,   0.8
36720,  -4.3,  -0.9,  -1.2,-180.6, 131.2, 903.3,   3.0,   1.2
36744,  -7.0,  11.7,  -1.6, -80.8,-214.8, 876.7,   3.0,   0.3
36768,   5.0,  -4.8,   1.8, 178.2,  39.6,1045.4,   1.6,   0.8
36796,  -0.4,   3.4,  -1.8, 138.7,  43.5, 883.3,   1.6,   0.7
36820,   0.7,  -9.2,  -0.8, 315.0, 101.9,1100.4,   2.2,   0.9
36844,  -1.6,   2.5,  -1.0,-179.4,  78.7, 926.8,   2.4,   1.0
36872,  -1.0,  -3.5,   0.8, 245.4,  90.9, 990.5,   2.2,   0.8
36896,  -3.8,   4.4,   0.9,-183.3, -25.3, 865.0,   1.9,   1.0
36920,  -3.0,   1.1,   0.6, 132.1, 107.8,1001.0,   2.2,   0.6
36944,  -1.6,   3.4,   1.2,-118.1, 149.3, 817.2,   2.5,   0.9
36972,   0.4,   2.5,   1.1, -13.9,  49.4, 934.3,   2.3,   0.7
36996,  -2.2,  -1.7,  -0.0, 281.0, 127.0, 822.0,   2.4,   0.5
37020,  -4.9,   1.9,   0.4, -88.6,-755.5,1681.7,   1.5,   0.5
37044,   3.3,   3.3,   1.8,  -7.3, 280.1, 614.8,   2.2,   0.7
37072,   2.8,   5.6,  -4.1,-128.9,  38.7,1084.5,   3.0,   0.0
37096,  -0.3,   0.1,  -2.7, -53.5,  25.5, 989.3,   3.3,   0.2
37120,   0.4,  -2.0,  -0.9,  38.6,-157.9,1103.0,   2.7,   0.4
37144,   0.1,   1.6,   1.4,-106.2, 159.8, 797.1,   2.8,   0.4
37172,  -1.2,  -4.9,   0.1, 167.5,-197.9,1092.5,   2.5,   0.3
37196,  -0.1,  -1.7,  -1.1, 193.9,  40.4,1160.7,   2.9,  -0.1
37220,   1.3,   1.4,  -1.0, 120.4,-106.1,1170.7,   2.9,   0.2
37244,   1.4,   3.3,  -1.0, -94.2, 120.7,1087.4,   2.9,   0.3
37272,  -2.4,  -0.7,  -1.3, 306.2, 144.4, 854.7,   3.2,  -0.4
37300,  -0.3, -10.5,   2.3, 120.9, -71.4, 800.1,   3.1,  -0.9
37320,   2.5,  -1.6,   1.4, 201.2, 237.1, 821.3,   4.1,  -1.4
37344,  -1.2,  -5.6,  -2.8,  33.0,  24.0,1121.1,   4.1,  -1.1
37372,   2.5,   1.1,  -2.8,  61.1, -82.9,1083.3,   3.9,  -1.5
37396,  -0.3,  -3.0,  -0.9,  18.8,-150.8,1034.9,   3.8,  -1.1
37420,  -0.2,   1.1,  -1.2,  77.9,   6.4, 893.3,   4.1,  -1.1
37444,  -0.2,   6.9,  -0.8,-129.6,  15.7, 881.1,   4.1,  -1.2
37472,   1.0,  -0.2,   0.1, 109.9, 187.3,1015.1,   4.2,  -1.0
37496,  -2.1,  -1.0,   0.6,  57.4, -44.3,1062.5,   3.9,  -0.9
37520,  -6.8,  -2.8,   0.1,-135.0, 147.3, 940.7,   4.4,  -0.1
37544,  -6.2,  18.7,  -3.0,-637.4,-133.9, 865.5,   3.9,  -1.0
37572,   6.4,  -1.3,   2.8, -30.7, 222.0, 669.7,   3.2,  -0.3
37596,   0.8,   6.5,  -1.9,-236.3,  15.7, 923.8,   3.9,  -1.0
37620,   0.1,  -2.9,  -0.6,  48.6,-104.6,1096.9,   4.1,  -0.4
37644,   1.0,   4.1,   0.8,-217.0,  16.2, 825.0,   3.8,  -0.3
37670,  -0.6,  -4.1,   2.0, 122.1, 102.1, 953.6,   3.4,  -0.3
37694,  -3.4,  -5.0,   1.3, 182.4, -23.8,1090.3,   3.4,  -0.3
37722,  -0.6,  -2.5,   1.9, 162.1, 110.4,1043.0,   3.2,  -0.6
37746,  -1.2,   1.4,   1.2, -36.4,  -9.9, 967.1,   3.0,  -0.2
37770,  -0.1,   0.7,   2.2, -24.4,  24.0, 854.3,   3.1,   0.1
37798,  -4.0,  -6.5,   0.9, 400.9,  -0.2,1003.7,   2.9,  -0.5
37822,   5.9,   8.0,   4.3,-478.5, -34.1, 867.9,   1.9,   0.7
37846,   3.2,  -5.4,   4.2, 114.5, 313.8, 990.7,   2.4,   0.2
37870,   2.8,   4.0,   1.2, -90.8, 202.0, 965.1,   2.7,   0.2
37894,   1.4,  -0.8,   3.3, 117.4,  49.2,1004.9,   2.6,   0.3
37922,   2.6,   1.9,   3.3, -28.8,  47.7, 980.2,   2.5,   0.5
37946,  -0.8,   6.0,   3.7,   8.3,  31.3, 921.6,   2.5,   0.4
37970,   2.8,   0.6,   5.6,-142.6,  71.4, 875.0,   2.4,   0.8
37998,   0.4,   1.2,   5.4, -13.7, 179.0, 795.9,   2.8,   0.8
38022,   1.0,   0.8,   4.4, 260.0, -48.5,1272.7,   2.6,   0.5
38046,  -0.2,  -0.6,   4.4,   9.3, 157.6,1134.3,   2.6,   0.8
38070,  -4.9,   6.1,   3.2,  33.2, 142.9, 848.4,   3.5,   0.1
38098,  -3.1,  34.5,   2.9,-1022.0,-187.9,1267.6,   3.4,  -0.6
38122,  -3.8, -10.9,  12.3, 448.5, -98.8,1031.5,   3.1,  -0.0
38146,  -1.7,   2.6,   7.3, 121.6, -74.1,1141.1,   3.8,  -0.8
38170,  -1.8,   3.2,   8.6, -74.7, 100.4, 774.9,   3.6,   0.4
38198,  -2.0,   3.1,   6.9, -76.9, -81.0, 920.9,   3.2,  -0.1
38222,   0.1,   3.6,   7.0, -63.7,  78.9, 818.6,   3.2,   0.1
38246,  -0.6,   4.5,   5.0,-260.0,  18.2, 944.8,   2.9,   0.2
38270,  -3.5,  -0.2,   4.4,  -1.4, -59.2, 924.1,   2.8,   0.2
38298,  -2.3,   0.3,   4.6,  57.4,  66.5,1070.6,   2.8,   0.1
38322,  -3.2,   0.7,   3.9, -10.5, -22.1,1204.8,   2.6,   0.0
38346,  -5.1,   3.3,   2.2, -15.4,  96.0, 914.1,   2.9,  -0.2
38370,   1.7,   5.6,   6.9,-486.3, 115.3, 774.2,   1.8,   1.0
38398,   2.6,   4.2,   1.5, 307.1,  22.3,1053.0,   1.8,  -0.5
38422,  -1.2,  -1.9,   0.1,-188.7, 197.4, 860.9,   2.7,   0.6
38446,  -2.4,  -0.2,  -1.5,  47.1, -72.9,1151.6,   2.4,  -0.1
38470,  -2.9,  -2.5,   0.7, -44.4, -58.3, 901.9,   1.8,   0.2
38498,  -3.4,   2.2,  -0.7,-173.1,  29.9, 881.6,   1.5,  -0.1
38522,  -2.0,  -0.1,  -1.4,  55.2, -12.9, 980.7,   1.4,  -0.5
38546,   1.1,   4.2,  -1.6,   8.3,  12.5,1075.7,   1.3,  -0.5
38570,   3.5,   0.9,  -2.9, 113.8, 107.3,1015.4,   1.8,  -0.8
38598,   3.9,   4.5,  -1.8,-106.7,  12.5, 872.1,   2.0,  -0.5
38622,  -1.6,   4.5,  -1.8, -30.5, 157.6,1014.9,   2.4,  -0.6
38646,  -5.4,  15.3,  -2.5,-393.3,  44.0, 810.1,   2.9,  -0.4
38670,   1.2,  -1.3,   1.0, -52.0, 120.4, 896.5,   1.7,  -0.3
38698,  -0.2,  -0.3,   0.4, 165.5, 138.3,1002.2,   2.4,  -0.3
38722,  -1.5,  -4.2,  -1.9, 237.3,  -2.1,1028.8,   2.7,  -0.1
38746,   0.7,  -2.2,  -2.0,  49.6,  59.9, 953.6,   2.5,  -0.0
38770,  -1.6,   4.6,  -3.0,-123.3,  -9.4,1057.9,   2.4,  -0.0
38798,  -0.7,   2.1,  -2.2, -63.0,  92.1, 795.9,   2.5,   0.1
38822,  -0.4,   4.7,  -2.5,-130.1, 137.3,1017.1,   2.5,   0.2
38846,  -5.2,  -1.7,  -4.3,  -4.9, -72.9,1151.9,   2.5,   0.3
38870,  -1.5,   0.7,  -5.0, -48.6, -43.9, 916.0,   2.2,   0.0
38898,  -2.8,  -0.8,  -5.5, 109.6, 247.2, 924.3,   2.9,   0.1
38922,   2.3,  -3.5,  -0.4,-248.0,  65.0, 692.6,   2.1,   1.6
38946,   2.8,   0.8,  -5.5, 149.7, 118.5, 931.7,   1.9,   0.3
38970,  -2.5,  -1.3,  -5.0,  49.1, 100.7,1018.1,   2.6,   0.5
38998,  -0.7,   2.8,  -5.6,-208.2,  32.6,1018.8,   2.7,   0.5
39022,   1.2,   2.8,  -3.6, -81.8, 138.8,1036.4,   2.4,   0.3
39046,  -0.9,   2.3,  -3.7, -48.1, 119.2,1117.4,   2.3,   0.1
39074,  -0.8,  -4.0,  -1.5, 103.5, -36.8, 978.5,   2.1,   0.1
39098,   0.9,   6.8,  -1.6,-116.4, 228.8, 783.9,   2.6,  -0.1
39122,   0.6,  -1.3,   0.9, 230.2,  36.2,1126.7,   2.5,  -0.1
39146,  -2.9,  -4.1,   1.7,  33.2,-182.3,1030.3,   2.3,   0.3
39174,  -3.8,   2.8,   0.1,  49.3, 117.3,1053.5,   2.7,   0.1
39198,   4.5, -10.2,   3.3, 154.6, -35.8,1081.3,   2.2,   1.1
39222,   2.3,   0.2,   2.9, 142.1, 293.3, 808.6,   3.3,   1.0
39246,   0.6,   2.4,  -0.6,-295.9,  68.2,1026.9,   3.2,   1.2
39274,   3.2,   1.9,   0.6, -87.9, -25.3, 882.1,   3.0,   0.9
39304,   0.6,  -1.8,   1.5,  44.9, 110.7, 921.6,   3.1,   0.7
39324,   1.1,   1.9,   1.4,-123.5,  75.3, 926.3,   3.1,   0.7
39348,   2.6,   0.4,   1.7,  27.6,  85.0,1101.1,   2.9,   0.4
39372,  -0.5,  -4.1,   2.7,  24.9,  44.8,1046.9,   3.3,   1.0
39396,   2.2,   5.4,   0.6,-237.5,  53.8, 733.4,   3.1,   1.0
39424,   1.0,  -5.0,   0.4, -47.6, 120.7, 841.8,   3.2,   1.5
39448,  -7.3,   4.5,  -2.7, 357.0, -25.8, 770.0,   3.7,  -0.7
39472,   6.0,  11.7,   2.2,-486.8,  94.1, 992.9,   2.8,   0.7
39496,   5.8,  -0.2,   5.0,  60.6, 328.2, 910.4,   3.7,   0.6
39524,   3.5,  -0.1,   1.3,-181.1, 269.4,1019.1,   3.7,   0.4
39548,   2.1,   0.3,   0.5, -16.8, 101.2,1002.5,   3.6,   0.0
39572,   0.0,  -6.0,   2.6, 179.9, 122.9, 999.0,   3.7,   0.2
39596,   1.5,   1.2,   3.7, -69.8,  80.7, 999.8,   3.6,   0.3
39624,   0.6,   3.7,   1.9, 149.7, 274.3,1096.0,   3.5,   0.0
39648,  -1.3,   3.1,   2.4, -69.3, 124.6,1103.0,   3.6,   0.1
39672,   0.1,   3.7,   2.6,  13.0, 122.6, 949.2,   3.3,   0.2
39696,  -4.3,   0.1,   2.0,  -4.9, 112.4, 945.1,   3.5,   0.3
39724,  -1.2,  -4.4,   5.1, 216.1,-225.0,1058.9,   2.3,   0.3
39748,   3.4,   1.4,   2.0, -88.9, 166.1, 739.3,   2.4,   0.2
39772,   0.6,  -6.5,  -0.3,  77.2, -12.4,1394.5,   3.2,   0.2
39800,   2.0,   0.8,  -0.2, -58.6,  93.1, 932.6,   3.4,   0.3
39824,  -3.7,  -5.5,   0.5, 306.2,-182.3,1253.4,   2.8,  -0.0
39848,  -2.3,  -2.5,   1.6,  96.0, -71.7, 850.1,   2.7,   0.3
39872,  -3.2,  -5.9,   0.9, 304.5,  17.7,1051.8,   2.5,  -0.1
39896,   3.2,   2.8,   2.3, -89.1, 150.2, 861.3,   2.6,   0.2
39924,   3.5,   4.8,  -0.5,-289.3, 151.2, 895.0,   3.0,   0.3
39948,   3.2,  -4.2,   0.6, 225.8,  44.3, 877.7,   3.1,  -0.1
39972,   0.6,  12.7,   0.6,-618.1, -45.3,1373.5,   3.5,   0.5
39996,   1.0,   4.2,   1.2,  28.8,  -4.3, 847.2,   3.0,  -0.9
40024,   0.4,   4.8,   0.2,-164.3, 372.4,1135.3,   3.3,  -0.5
40048,  -4.0,  -2.2,   3.0, 190.0, -93.7,1018.1,   3.4,  -0.5
40072,  -2.3,  -0.2,   4.5, 161.6,  89.0, 845.7,   3.4,  -0.2
40096,   0.2,   1.9,   2.0,   2.0,  89.4,1055.2,   3.0,  -0.3
40124,  -0.3,   6.0,   2.3,  24.4,  19.1,1072.3,   2.8,  -0.4
40148,   0.6,  -2.3,   4.9,-249.3, 168.5, 819.6,   2.8,   0.6
40172,  -1.9,   3.4,   1.4, 179.9,  56.5,1257.8,   2.7,  -0.3
40200,  -2.1,   1.7,   4.1, -37.3,   0.1, 989.0,   2.1,   0.1
40224,  -1.6,   3.7,   2.0,  55.9, 170.7,1117.2,   2.6,  -0.2
40248,   0.6,   6.1,   6.2,-313.2,-230.4,1155.5,   1.7,   0.8
40272,   4.4,   5.7,   2.3,  58.6, 103.8, 867.7,   1.2,  -0.5
40300,   2.9,  -1.8,   1.6,-180.4, 210.5, 877.9,   1.5,  -0.4
40324,   1.8,   1.0,   0.6,  -9.7,  49.9, 988.5,   1.6,  -0.7
40348,   1.0,   2.5,   1.2,-125.5,  -0.2,1076.2,   1.0,  -0.5
40372,   0.7,   3.5,   1.5, -91.8,  93.8, 917.5,   0.7,  -0.4
40400,  -2.8,   3.8,   1.7,-127.4, 133.9, 907.7,   0.9,  -0.5
40424,  -1.8,   3.9,   0.8, -67.9,  14.7,1153.3,   0.9,  -0.6
40448,  -0.2,   3.4,  -0.8, -22.2, -27.3,1068.1,   1.1,  -0.4
40472,   3.8,   5.8,  -0.0,-255.6, 153.4, 975.4,   1.2,  -0.2
40500,   1.5,  -0.4,   0.3, 132.3, 228.4, 762.2,   1.4,  -0.6
40524,   0.1,   6.6,   2.0,-356.2, -79.5,1036.6,   2.0,   0.4
40548,   1.8,  -4.2,   2.0, -26.1,  94.1, 716.1,   1.7,   0.1
40572,  -1.3,   0.1,  -1.6, -20.7,  12.1,1020.3,   1.6,  -0.5
40600,  -2.7,  -2.7,  -0.4, 169.0,  34.3, 874.0,   2.1,  -0.5
40624,   1.7,  -2.2,   0.3, -35.4, 113.9,1005.9,   2.1,  -0.3
40648,  -1.2,   0.4,  -1.4, -29.8, -33.1,1049.3,   2.2,  -0.4
40672,  -2.6,  -4.3,  -0.2, 105.5, -86.1,1176.8,   2.2,  -0.4
40700,  -0.4,  -4.0,   0.9, 305.2, -24.3,1125.5,   2.2,  -0.6
40724,  -4.1,  -3.9,   0.2, 231.2, -86.1,1153.8,   2.2,  -0.4
40748,  -4.0,  -0.3,  -0.6,  16.1,-106.8,1079.6,   2.0,  -0.4
40772,  -1.7,  -0.8,  -0.3, -98.9, 197.6, 874.8,   2.0,  -0.0
40800,  -4.6,  -1.3,  -2.0, 228.0, 113.1, 902.8,   2.0,  -0.3
40824,   2.7,   0.3,   2.1,-374.3,   8.4, 837.4,   1.3,   1.0
40848,  -2.1,  -0.6,  -0.9,  86.0,  67.7, 858.9,   1.4,  -0.0
40872,  -2.4,  -1.7,  -3.3,  17.1,  32.6,1116.0,   1.2,  -0.1
40900,  -0.5,   2.8,  -2.2, -70.8, 135.8,1044.2,   1.7,  -0.2
40922,  -1.5,  -3.8,  -2.9,  87.7,-168.6,1194.1,   1.4,  -0.3
40950,  -1.2,  -1.7,  -1.1, 124.5,  29.4,1020.5,   1.4,  -0.2
40974,  -1.4,   0.3,  -2.6,   0.0,  34.8, 877.9,   1.4,  -0.4
40998,  -1.0,   1.2,  -2.2, -23.9, -31.7, 919.2,   1.2,  -0.3
41022,  -3.7,  -6.8,  -1.8, 198.0,-144.0,1104.5,   1.6,  -0.2
41050,  -2.3,  -5.8,  -3.0, 264.2,-105.6,1094.3,   1.4,  -0.3
41074,  -1.2,  -3.6,  -3.5, 179.5,  66.3, 961.2,   1.8,  -0.6
41098,   1.0,   7.7,  -1.4,-135.5,-124.2, 987.8,   1.7,  -0.2
41122,   5.0,   1.4,  -1.4,  71.5, 156.3, 766.1,   1.2,  -0.6
41150,   0.9,   3.1,  -3.1,  80.3, 178.3, 985.9,   2.6,  -0.9
41174,  -1.4,   2.9,  -1.8, -72.2, -16.5,1155.5,   3.0,  -0.4
41198,   0.4,   2.0,  -0.0, -83.7,   2.0, 947.0,   3.0,  -0.4
41226,  -0.8,   1.8,   1.6,-162.1,  75.3, 932.4,   2.5,  -0.2
41250,  -2.8,   3.9,   1.4, -15.9,  70.4, 989.3,   2.6,  -0.5
41274,  -3.4,   0.8,   0.8, -60.0, -97.8,1037.1,   2.6,  -0.4
41302,  -0.1,  -2.4,  -0.3, -30.5, -18.7,1129.7,   2.5,  -0.4
41326,   0.7,  -2.8,  -0.8, -26.1,  21.6,1119.9,   2.7,  -0.3
41350,   0.7,   2.6,  -0.8,-178.5, -62.9, 779.3,   2.3,  -0.2
41374,  -1.7,   4.4,  -1.3,-119.6, 188.6, 829.4,   2.9,  -0.3
41398,  -6.8,  -1.6,  -0.2, -90.3, -59.5,1228.3,   3.3,  -0.0
41426,   2.1,   5.0,  -1.3,  -6.8,  45.3,1010.8,   2.0,  -0.4
41450,   0.7,   1.1,  -0.4,  80.1,   0.1,1098.2,   2.4,  -0.2
41474,   1.3,   0.1,   0.2,  52.5,  22.1,1065.0,   2.8,   0.0
41498,   3.5,  -1.4,  -0.8, 121.1, 180.3, 856.7,   2.9,  -0.1
41526,  -1.8,   0.4,   0.0,  68.9, -66.6,1310.1,   2.7,  -0.1
41550,  -0.7,   0.9,   1.0,  17.8, -71.0, 882.3,   2.4,   0.1
41574,  -1.3,  -4.7,   0.8,  76.4,  64.1, 994.6,   2.5,   0.3
41598,  -7.3,  -6.7,  -0.5, 321.5,-204.7,1205.3,   2.3,   0.1
41626,  -0.4,  -1.7,   0.5,  73.5,  33.5, 983.9,   2.0,   0.2
41650,  -1.6,   3.9,  -1.1,-161.6, 166.6, 863.3,   2.3,   0.3
41674,  -5.4,  -5.0,   0.3, 115.0,-836.6,1935.8,   2.1,   0.5
41698,   4.9,  15.0,   1.2,-339.3, -16.5, 518.8,   1.4,   0.2
41726,   2.8,  -0.2,   0.9,  47.9, 196.9,1077.2,   2.6,   0.5
41750,   1.0,  -0.2,   0.9,   1.5,  -4.1,1113.5,   3.0,   0.8
41774,  -0.1,   1.1,   1.6,-129.9, -76.3, 970.5,   2.8,   0.7
41802,   0.4,   2.5,   1.4, 201.2,  70.4,1025.6,   2.8,   0.5
41826,  -2.2,  -2.8,   2.9, 171.9, -95.9, 973.2,   2.6,   0.7
41850,  -0.3,   3.3,   4.2,  54.2, 264.2, 864.0,   3.0,   0.6
41874,   1.8,   0.0,   4.5, -44.9,  95.8,1001.0,   3.0,   0.8
41898,   2.4,   5.5,   3.9, -82.5, 165.9, 900.4,   3.5,   1.0
41926,   0.5,  -0.4,   4.4, 182.9,   7.4,1046.9,   3.4,   0.7
41950,  -0.3,   5.8,   5.1, -35.4,  89.9, 719.3,   3.4,   0.7
41974,   1.0,  -3.3,   8.6,-316.1,-295.3,1210.7,   2.8,   1.7
41998,  -1.6,  -5.1,   4.0,  74.0, 128.8, 781.5,   3.3,   0.6
42026,  -1.9,  -2.3,  -0.2,-143.5,  87.0,1140.6,   3.3,   0.4
42050,  -0.4,   5.2,  -0.9, -19.3,  25.2, 836.9,   3.6,  -0.2
42074,   0.9,  -1.3,   1.2,  96.9,  22.3,1156.8,   3.5,   0.1
42098,  -0.7,   3.8,   2.3,  14.4, -43.6, 974.1,   3.5,  -0.1
42126,   0.7,   1.0,   3.9,  31.3,  67.7, 992.9,   3.2,   0.0
42150,  -3.4,  -1.0,   2.8,  43.2,-133.5,1155.0,   3.3,   0.1
42174,  -1.3,  -2.5,   3.2,  31.3,  35.7, 974.4,   3.4,   0.0
42198,   0.4,   1.3,   3.4,  89.4,   1.8, 972.9,   3.0,  -0.0
42226,   0.8,   4.1,   2.8, -52.0, 192.5, 701.2,   3.1,  -0.0
42250,  -4.8,   1.8,  -0.0, 204.9, 223.0, 727.6,   3.9,  -1.0
42274, -10.6,  11.1,  -1.9,-979.5,-452.8,1251.2,   4.2,  -0.5
42302,   2.0,  -4.4,   3.5, 344.3, 234.2,1122.6,   4.5,  -1.0
42326,   3.8,   9.0,  -2.2,-126.7,  51.8,1100.4,   3.5,  -1.3
42350,  -2.3,   0.5,  -1.0, 210.5, -36.0,1016.1,   4.5,  -0.9
42374,   0.4,  -5.0,  -0.3,  71.1, -41.2,1048.6,   4.3,  -0.7
42402,   0.1,  -2.3,  -1.4, -59.8,-103.2,1075.5,   4.0,  -0.6
42426,  -1.3,  -0.6,  -0.7, -42.2,  46.5,1163.8,   3.9,  -0.5
42450,  -2.4,  -0.3,  -0.8, -86.2, -11.4,1023.7,   3.4,  -0.3
42474,  -2.9,   3.6,  -3.0, -27.3,  79.4, 890.6,   3.1,  -0.6
42502,  -3.8,   0.1,  -2.8, -89.8,  43.5,1150.6,   3.0,  -0.7
42526,  -1.5,   3.9,  -2.8, -62.5,  95.5, 837.9,   3.1,  -0.9
42552,  -1.8,   8.9,  -1.7,-553.7, 122.9,1120.1,   3.2,  -0.6
42576,   2.0,   1.0,  -0.6, 241.0, 110.2, 885.3,   2.6,  -1.0
42600,   0.2,   4.7,  -3.7, 145.8, -99.5,1208.0,   2.5,  -2.1
42624,  -4.3,  -4.1,   0.1, 140.2,  32.1, 933.6,   3.3,  -1.0
42652,  -0.5,   5.0,   1.1,-243.6, 178.1, 889.7,   3.1,  -0.8
42676,  -2.4,  -1.9,   0.1,  21.3,  64.1,1050.1,   2.9,  -0.9
42700,  -2.9,   0.6,   0.6,  59.1,  26.0, 919.9,   2.4,  -0.8
42724,  -1.4,   1.2,   0.8,  67.2, -31.2,1076.4,   2.1,  -1.1
42752,   3.7,   4.2,   0.0,  83.8,  66.0, 858.7,   2.3,  -1.1
42776,   0.9,  -5.2,   1.4, 237.3, -10.7, 980.2,   2.7,  -0.6
42804,   2.8,   0.1,  -0.3, 179.5,-104.4, 894.5,   2.6,  -0.8
42824,  -2.6,   2.2,  -1.3,  26.6, 273.5,1048.8,   2.8,  -0.8
42852,  -3.9, -12.7,   2.3, 438.7,-157.4,1044.0,   2.2,  -0.1
42876,  -2.1,   3.0,  -2.2, 132.8,-100.3, 926.8,   1.5,  -1.4
42900,  -1.2,   2.7,  -1.1,  82.5, 135.3,1134.5,   2.0,  -0.8
42924,   0.1,   2.8,  -3.1, -57.4,  32.6,1141.6,   2.3,  -0.8
42952,   0.9,   6.8,  -2.4,-201.2, 116.8, 775.6,   2.2,  -0.5
42976,  -1.3,   0.0,  -0.4, -28.3,  54.0, 866.0,   2.0,  -0.3
43000,   0.1,   5.3,   0.4, 144.5,  68.7,1013.7,   1.7,  -0.8
43024,  -1.6,   0.1,   1.8, -11.9,  19.1,1026.4,   1.6,  -0.2
43052,   1.3,  -0.0,   0.2,   0.7, -43.9,1053.2,   1.7,  -0.2
43076,  -1.2,  -5.1,   0.4, 210.0,  13.8, 924.1,   1.9,  -0.2
43100,  -1.4,   2.6,  -0.7,-151.1, 208.3, 806.2,   2.3,   0.1
43124,  -0.2,  -1.9,   1.3, -69.6,-242.1,1175.1,   1.8,   0.3
43152,   3.3,   3.6,   0.9,  51.5,  11.6, 824.2,   1.2,  -0.6
43176,   3.4,   2.3,   0.6,-114.5, 346.5, 925.5,   1.9,   0.1
43200,   0.1,  -2.1,  -1.5,  71.3,  69.2,1095.0,   2.5,   0.1
43224,  -2.3,  -2.5,  -0.5,   5.9,-119.1, 994.2,   2.3,   0.4
43252,   0.2,   0.9,  -0.0,-170.9,   6.4,1035.7,   1.8,   0.6
43276,  -0.2,   1.0,   0.1,  56.4,  92.9, 938.0,   1.8,   0.1
43304,  -2.5,  -0.9,  -0.1,  40.3,  94.6,1093.8,   1.7,  -0.0
43324,  -0.8,  -6.3,  -1.1, 337.7,  50.9,1031.5,   1.8,  -0.2
43352,  -1.2,   1.2,  -1.3,   7.1,  28.7, 894.5,   1.7,  -0.2
43376,   0.1,   3.3,   0.4, 111.8, 173.4, 931.4,   2.0,  -0.5
43400,  -3.0,   0.8,   1.1,-157.0, -38.0,1134.3,   2.1,   0.1
43424,  -1.3, -12.2,   5.1, 310.8,-127.6, 841.8,   1.3,   0.5
43452,   0.4,   2.1,  -1.0, 131.9, -42.6, 950.0,   1.1,  -0.7
43476,  -1.5,  -2.5,   1.7, 260.0, 135.6,1057.6,   1.8,  -0.1
43500,  -1.7,   1.9,   0.4,-217.0,  42.1, 866.5,   1.9,   0.2
43528,  -1.4,   5.0,  -0.2, -68.1, -28.7, 963.4,   1.7,  -0.0
43552,  -0.8,   1.9,   0.9,-156.7,  92.4,1000.3,   1.6,   0.3
43576,  -0.3,   2.0,   0.1, 112.8, -12.9,1009.5,   1.5,  -0.0
43600,  -1.6,   0.3,   0.1,  93.8,  72.1, 888.9,   1.7,   0.2
43628,  -0.5,   5.9,  -2.2,-126.2,  28.7, 851.8,   1.4,   0.3
43652,   2.4,   6.6,  -1.6, -95.9, 148.3, 986.1,   1.4,   0.0
43676,  -5.2,  -0.1,  -3.3, 107.4, -25.8, 926.5,   1.8,   0.0
43700,  -2.8,  10.2,  -1.8,-424.5,  79.4,1140.9,   2.3,   0.3
43728,  -4.4,  -1.9,  -1.4,  61.1,  -0.6, 846.7,   1.9,  -0.1
43752,   1.1,  12.2,  -5.4,-319.8, 123.6,1014.2,   1.4,  -1.0
43776,  -0.2,  -3.1,  -1.4, 263.0, 143.4, 964.4,   2.0,  -0.4
43804,  -1.2,   0.4,  -2.2,  65.2,  87.7,1032.0,   2.1,  -0.5
43828,  -1.2,  -5.1,  -1.4, 155.5,  50.9, 997.6,   2.0,  -0.2
43852,  -1.8,   2.6,  -2.5,  52.0,-124.9,1024.9,   1.8,  -0.5
43876,  -1.4,  -1.3,  -1.0, 101.1, -80.0,1089.1,   1.5,  -0.5
43900,  -2.1,   2.9,  -2.1, -64.4,  36.0, 985.4,   1.9,  -0.3
43928,   0.3,  -0.8,  -2.2,  49.3,  47.7,1081.3,   1.5,  -0.2
43952,  -0.4,   3.3,  -3.5, -90.6,  38.4, 998.8,   1.7,  -0.3
43976,  -0.4,   5.2,  -3.1,-416.7,  -4.3,1205.6,   2.0,   0.5
44000,   5.9,   1.4,  -2.9, 500.5, 138.8,1010.0,   0.8,  -0.7
44028,   6.1,   4.7,  -5.0,-139.9, 295.5, 951.9,   1.1,  -0.2
44052,   1.0,   1.7,  -5.7, 171.2,  -0.9, 925.1,   2.2,  -0.1
44076,   2.3,  -2.7,  -3.2, 102.8, -37.5, 919.4,   2.0,   0.2
44100,  -2.7,  -2.2,  -3.6,  44.7, -71.0,1045.2,   1.8,   0.2
44128,  -1.8,   1.4,  -3.3, -39.5, 150.2, 839.9,   1.7,   0.0
44152,   1.4,   2.9,  -1.5,-139.6, 200.5, 852.3,   1.6,   0.2
44178,   5.1,   4.1,  -2.7,  -6.1, 118.0,1209.2,   1.7,  -0.2
44202,   2.8,   1.3,  -3.0, -88.1, -51.2, 993.2,   2.0,   0.1
44226,   1.6,  -0.9,  -2.9, 217.3,-206.2,1248.5,   2.0,  -0.2
44250,   2.3,  -0.6,  -1.4, -36.4,  82.9, 833.5,   2.3,   0.0
44278,  -4.0,  -1.6,  -1.1, -59.6,  18.2,1108.2,   3.0,   0.5
44306,  -0.1,   6.3,  -1.4, -31.5, -50.2,1068.9,   2.9,   0.7
44326,   0.2,   6.3,   0.1,-150.1,  15.5,1002.0,   3.2,   1.2
44350,  -0.4,   0.1,  -1.6, -16.3, 128.8, 905.3,   3.5,   1.1
44378,  -0.7,  -1.7,  -1.3,  10.0,  78.9, 964.4,   3.5,   1.1
44402,  -0.8,   6.3,  -0.3,-202.4, 131.4, 891.1,   3.3,   1.2
44426,  -1.7,   1.4,  -0.2,   9.5,  61.4,1108.9,   3.2,   1.0
44450,  -1.4,  -0.5,  -1.1,  89.9,  -4.3,1083.8,   3.0,   0.8
44478,  -3.6,  -0.2,  -0.7, -22.9,  29.4, 998.1,   3.3,   1.2
44502,  -3.0,   2.4,  -1.3,   8.6, 122.6, 994.6,   2.8,   1.0
44526,  -1.4,   3.3,  -3.1, -57.8, 149.7,1038.8,   2.7,   0.8
44550,  -4.1,  -1.6,  -5.4, -71.3,   2.8, 971.4,   3.1,   1.2
44578,  -5.5,   0.1,  -2.5, -18.3,-323.4,1277.8,   2.4,   1.1
44602,   0.9,   2.6,  -4.1, 108.2,   3.3, 984.6,   1.6,   0.7
44626,   0.9,   5.5,  -4.9,-178.0, 121.9, 961.0,   2.2,   0.7
44654,  -1.8,  -3.1,  -4.7,  11.2,  67.0, 898.0,   2.6,   0.8
44678,  -0.7,  -4.1,  -5.8, 128.2, -64.1,1080.8,   2.3,   0.6
44702,  -1.4,  -3.7,  -5.3, 215.1,-117.1,1106.7,   2.0,   0.4
44726,   0.3,  -1.9,  -4.2,  33.5,  89.7, 903.8,   1.9,   0.4
44754,  -1.7,  -0.0,  -5.5,  33.0,  70.2, 875.5,   1.9,   0.2
44778,  -0.6,   0.1,  -6.1,  84.7, -19.4, 899.4,   1.7,  -0.0
44806,   2.9,   3.5,  -5.8,-127.9,  39.4,1091.1,   1.8,   0.2
44826,   1.8,  -0.7,  -4.7,  22.5,  29.4, 979.0,   1.8,   0.3
44854,  -0.7,   0.6,  -4.6,  -5.8,  36.5,1056.9,   2.0,   0.4
44878,  -3.2,   2.0,  -6.4, 100.4,  84.6, 774.2,   2.6,   0.0
44902,  -1.3,   6.5,  -5.0,-323.2,-134.4,1309.8,   1.7,   0.3
44926,  -1.4,  -3.3,  -1.9, 215.3,  84.1, 879.9,   2.0,   0.4
44954,  -0.7,   1.9,  -5.0,  82.3, 127.5,1057.4,   2.3,   0.0
44978,  -3.2,  -0.5,  -5.4,  68.4,  12.3, 969.0,   2.7,  -0.1
45002,  -1.0,   0.6,  -5.0,  82.3,  -4.1,1106.7,   2.5,  -0.0
45026,  -2.6,  -0.6,  -2.5,  61.1,  23.3,1027.8,   2.4,   0.2
45054,  -1.1,   3.4,  -3.7, -94.0,  34.8, 935.6,   2.3,   0.4
45078,  -1.0,  -1.9,  -2.0, 133.8,  33.5, 942.2,   2.4,   0.3
45102,  -1.6,  -0.8,  -1.0, -37.6,  53.3, 986.6,   2.6,   0.4
45126,  -1.3,  -1.4,  -2.1, -14.1,   8.4, 890.1,   2.5,   0.5
45154,  -1.4,   2.2,  -3.6, -35.4, -28.2, 954.6,   2.2,   0.5
45178,  -1.6,   3.4,  -4.3, 197.0,  54.0, 933.4,   2.5,  -0.2
45202,  -1.1,   4.4,  -2.1,-163.1,   0.3,1191.4,   2.7,   0.1
45226,   0.9,  -2.8,   1.0, 124.0, -92.2, 993.9,   1.9,   0.5
45254,   2.1,   6.0,  -1.7,  20.8,  99.0, 878.7,   2.5,  -0.0
45278,  -1.0,   1.6,  -0.4, -53.5,  90.7,1013.0,   2.6,   0.5
45306,  -0.4,  -0.1,   0.7,  62.5, 125.1, 873.5,   2.7,   0.4
45326,   0.1,   0.5,   0.9,  82.3, -27.5, 997.6,   2.4,   0.2
45354,  -0.8,   3.1,   0.0,-148.7,  36.2,1099.9,   2.2,   0.6
45378,   1.7,  -0.6,  -0.5,   1.0, 100.2, 856.7,   2.3,   0.6
45402,  -0.2,   1.8,  -2.4,  -4.1,  30.1, 880.4,   2.2,   0.4
45426,   1.0,   2.1,  -1.5,-110.3,  27.7,1015.9,   2.1,   0.4
45454,  -0.6,  -4.4,  -0.3,  58.6,   1.6,1226.1,   2.2,   0.9
45478,  -2.6,  -3.0,  -0.8, 154.3, -80.2,1085.2,   2.5,   0.5
45502,   0.4,   6.3,  -1.1,  50.6, 111.7, 909.9,   2.7,  -0.2
45526,   0.1,  -1.0,   4.2,-228.0, -92.2,1412.1,   2.6,   1.0
45554,   0.4,  -1.1,   1.3, 170.4, 136.1, 978.0,   2.9,   0.8
45578,  -1.9,   2.8,  -0.8,-219.2, 172.2, 944.6,   3.2,   0.7
45602,  -0.2,   4.5,  -0.4, -79.1, -29.2,1210.0,   3.1,   0.4
45626,  -2.1,  -0.8,   1.7, 102.1,-141.8,1129.7,   3.0,   0.7
45654,  -2.0,  -0.5,   0.8, 105.0, -74.6,1025.6,   3.0,   0.8
45678,   0.7,  -3.0,   0.6,  57.6, 149.7, 980.5,   3.3,   0.9
45702,   0.7,   4.9,   0.9,-126.9, 131.4, 972.7,   3.4,   0.7
45730,   1.2,   8.1,   3.7,-220.2,  81.1,1011.5,   3.4,   0.9
45754,   1.0,   3.3,   5.0,  83.8,  58.7,1075.9,   3.4,   0.9
45778,   1.7,   4.0,   5.0,-138.2, -16.8, 909.7,   3.4,   1.4
45808,  -6.3,   9.7,   3.3,  82.8, 138.8,1070.1,   3.3,   1.6
45828,  -1.8,   1.8,   5.0,-232.6,-140.3,1278.8,   2.1,   1.9
45852,  -0.8,   0.7,   5.2,  92.5, 133.9,1033.5,   1.9,   1.7
45880,  -1.4,  -3.6,   2.3,  34.0, 187.3, 901.6,   2.4,   1.8
45904,  -1.5,   0.6,   1.7, -24.9,  77.5, 934.1,   2.6,   1.5
45928,   0.7,   0.5,   3.9, -47.3, 152.7, 869.2,   2.4,   1.7
45952,  -1.2,  -3.5,   3.3,  36.1,  76.0,1023.2,   2.4,   1.6
45980,  -1.6,   0.1,   3.2, -18.0,  18.9, 831.1,   2.0,   1.6
46004,  -0.3,  -1.8,   2.9, 143.8, 117.8,1021.7,   1.8,   1.3
46028,  -1.2,  -5.5,  -0.2, 183.6,  65.0,1029.6,   2.0,   1.2
46052,  -0.8,  -2.1,  -0.8, 136.5,  12.5, 933.9,   1.9,   0.9
46080,   0.1,   1.0,  -0.2, -42.2, 101.9, 808.6,   2.0,   0.9
46104,  -4.5,   2.7,   0.0, 260.8, -86.3, 875.3,   2.2,  -0.0
46128,   1.3,  -1.9,   2.0,-151.4,-224.0,1228.5,   1.0,   0.6
46152,   5.2,   0.0,   2.9, 229.0, 196.6, 802.5,   1.8,   0.5
46180,   3.8,   1.7,  -1.3,  19.8, 206.6, 911.4,   2.8,   0.2
46204,   1.9,  -1.5,   0.8,  94.7,  37.0, 968.8,   3.0,   0.3
46228,   2.5,   1.1,   1.5, 120.6,  47.5,1129.4,   2.6,   0.1
46252,  -0.7,   2.1,   1.2,  68.9,  -8.5, 940.7,   2.4,   0.3
46280,  -1.8,   3.4,   0.6,  24.2, 128.5, 956.8,   2.4,   0.3
46308,  -0.8,   2.8,   0.1,  49.1,  79.9,1043.0,   2.4,   0.2
46328,   3.2,   1.2,  -0.8, -27.3,  14.2, 968.0,   2.4,   0.4
46352,   2.3,  -1.9,  -1.9,  48.6, -37.0,1063.0,   2.7,   0.5
46380,   1.7,  -1.8,  -1.9, -14.6, -23.6, 989.8,   2.7,   0.5
46404,   0.7,  -7.7,  -1.8, 272.5, 183.9, 989.3,   2.9,   0.4
46428,  -0.3,  10.6,  -4.7,-126.9, -31.7,1079.6,   2.9,  -0.6
46452,  -0.4,  -3.9,   0.5, 186.5,-100.0, 978.3,   2.3,   0.2
46480,   1.1,   2.3,  -2.4,  66.7,  79.2,1006.6,   3.2,  -0.1
46504,   1.7,   3.6,  -2.3, -76.2, 101.2, 877.9,   3.7,  -0.0
46528,   0.2,  -1.1,  -0.7,  55.4,   4.5,1044.2,   3.4,   0.0
46552,   0.1,  -2.8,  -1.6, 164.3,  -6.7,1002.0,   3.2,   0.1
46580,  -1.2,  -1.3,  -1.0, 144.8, 120.2, 949.7,   3.0,  -0.1
46604,  -1.9,  -2.6,  -1.8, 164.6,  61.6, 967.8,   3.0,  -0.3
46628,   0.2,   2.4,  -2.4,-154.5, 143.9, 953.1,   3.1,   0.0
46652,  -2.2,  -0.8,  -3.5,  13.2, -97.1,1064.2,   3.0,  -0.0
46680,  -1.3,   1.1,  -2.6,  30.3,  37.0, 932.9,   2.7,  -0.1
46704,  -1.8,  -1.3,  -3.1,  62.0, 106.5, 992.2,   2.7,  -0.0
46728,  -4.8,  -6.4,  -3.8, 136.7,  64.8,1098.2,   2.9,  -0.0
46752,  -4.6,   4.1,  -3.8, -44.9, -46.5,1007.8,   2.5,  -0.4
46780,  -1.8,  -4.2,  -1.8, 106.5,  61.1, 939.7,   2.1,   0.1
46808,  -1.6,  -2.1,  -4.6,  69.8,  63.8, 987.1,   2.1,  -0.1
46828,  -4.6,  -1.3,  -4.8,  31.0,  10.6,1117.9,   2.2,  -0.4
46856,  -4.5,  -5.5,  -2.7, 195.3,  37.0,1067.2,   1.9,  -0.3
46880,  -5.0,   4.4,  -2.1, 101.6,  49.9, 903.1,   1.7,  -0.9
46904,   0.5,   0.6,   1.1,-214.3, -44.1,1240.0,   1.0,   0.1
46928,  -0.4,  -0.4,  -2.1,  56.2, 172.5, 772.7,   1.8,  -0.3
46956,  -2.3,   0.9,  -4.0,  29.3, -57.3,1176.8,   2.1,  -0.6
46980,  -2.1,   0.1,  -2.2,  98.4,  21.6, 997.6,   2.0,  -0.5
47004,  -0.5,  -1.9,   0.8,  60.6,  41.3, 997.6,   2.0,  -0.0
47028,  -4.7,   0.1,   0.8, -95.7,  99.0, 836.2,   2.1,   0.5
47056,  -7.2,   0.9,  -1.6, 140.4,  39.9, 965.6,   2.0,  -0.4
47080,  -3.0,   8.6,  -0.5,-291.0,  37.9, 941.9,   1.8,  -0.1
47104,  -1.9,  -2.2,   1.7,  93.0,  18.4, 890.1,   1.8,   0.1
47128,  -0.7,   1.8,  -0.1,  98.4,  61.4, 904.8,   2.2,  -0.4
47156,  -3.5,   0.1,   2.0,  16.1,  68.4, 920.2,   2.5,   0.1
47180,  -4.7,   2.5,   3.4, -82.5,  -1.6, 852.6,   2.4,   0.1
47204,  -4.4,  -0.0,   5.7,  14.7, -43.4,1136.0,   2.0,   0.3
47228,  -4.1,   4.2,   5.6, -65.4,  -6.7, 929.2,   1.8,   0.4
47256,  -2.6,   2.2,   5.0, -31.5,  89.9, 950.7,   2.1,   0.4
47280,  -1.9,   2.5,   4.8, -40.3,  15.2,1048.4,   1.7,   0.6
47308,  -2.1,  -1.0,   6.1, 137.0, -14.3, 988.3,   1.6,   0.4
47328,  -3.1,  -1.9,   5.7, 137.0,  -6.3,1106.7,   1.5,   0.5
47356,  -3.0,  -2.2,   5.6,-110.1, -55.8, 944.6,   1.1,   1.0
47380,  -5.0,  -1.7,   3.9,  13.9,  97.5, 926.8,   1.1,   1.0
47404,  -4.3,   2.9,   2.2,  12.7, -93.9,1130.1,   1.3,   0.5
47430,   0.3,   1.8,   2.5,-339.3, -20.9, 932.1,   0.1,   1.2
47454,   0.3,  -0.4,   1.3, 289.8,   3.8,1001.5,   0.6,   0.1
47478,  -2.9,  -0.1,  -0.3, 116.0, -32.4,1002.0,   1.1,   0.2
47506,  -3.8,   0.3,   1.2, -62.5, -44.3, 941.9,   1.1,   0.4
47530,  -4.4,   2.3,   2.8,-114.7, 174.6, 891.4,   1.0,   0.6
47554,  -3.4,  -0.0,   2.9,  -7.8, -41.7, 957.0,   0.6,   0.4
47578,  -3.2,  -0.1,   4.0,  87.9,  -6.5, 954.6,   0.3,   0.2
47606,  -1.0,   3.3,   1.5, -75.9,  40.9,1015.6,   0.3,   0.2
47630,   0.3,   2.2,   0.8,   3.9,   9.1,1028.3,   0.4,  -0.1
47654,   1.7,   0.6,   2.9,  26.6,  21.3, 993.9,   0.4,   0.1
47678,   0.4,   0.5,   1.4, -11.7, -98.5,1108.9,   0.0,   0.1
47706,  -1.5,  -0.0,   1.3,  12.5,  98.2, 981.0,   0.3,   0.2
47730,  -5.5,  -3.5,   0.9, 225.8, 131.4, 917.7,   1.1,  -0.1
47754,  -3.2,  -0.7,   3.1,  20.3,-248.4,1498.1,   0.1,  -0.2
47778,   0.6,   3.3,   2.8,-206.0, -32.6, 954.8,  -0.0,   0.3
47806,   3.9,  -2.4,   1.5, -23.4,  63.3,1075.2,   0.1,   0.3
47830,   3.9,   2.7,  -0.2,-106.4, 146.3, 858.2,   0.5,   0.4
47854,   2.9,   0.0,   0.8, 111.1,  97.3,1001.0,   0.4,   0.1
47878,   0.6,  -0.9,  -0.2,  65.9,   8.4,1068.1,   0.3,   0.2
47906,  -0.9,  -1.7,   0.8,  -3.9, -66.8,1047.4,   0.1,   0.3
47930,   1.1,  -2.4,   2.0,  58.9,  42.3,1051.3,   0.2,   0.3
47954,  -0.1,  -3.1,   1.0,  20.3,  28.2,1127.7,   0.6,   0.3
47982,  -0.9,  -2.5,   1.5, 153.3, -48.0,1060.3,   0.5,  -0.0
48006,   1.8,   2.6,   1.7,-150.9, 178.3, 935.3,   0.5,   0.1
48030,  -2.7,  -2.0,   1.0,  -5.1, 181.5, 941.7,   1.3,   0.3
48054,  -5.5,  -0.0,   3.1, -17.6,-281.9,1381.4,   0.8,   0.1
48082,   0.7,   5.2,   2.1,-202.9, 125.1, 893.1,   0.3,   0.1
48106,  -2.0,   4.4,   0.0, -51.0,  85.3,1031.3,   0.8,   0.1
48130,  -1.2,   5.0,  -0.2, -94.2, -48.3,1111.8,   1.0,   0.1
48154,   0.0,  -0.4,   2.0, -44.2,  36.2, 916.0,   0.8,   0.4
48182,  -3.6,   0.7,   1.1,  13.0,-144.9,1175.5,   0.6,   0.2
48206,  -3.8,   4.5,   1.0,-153.8, -60.7, 959.0,   0.3,   0.2
48230,  -1.0,   6.7,   1.1,-112.5, 150.5, 874.3,   0.6,   0.3
48254,   0.4,   1.0,  -0.2,  50.8,  -3.1,1149.9,   0.4,   0.3
48282,   0.6,  -0.3,   0.3, -14.4,  22.1, 926.5,   0.7,   0.4
48310,  -0.3,  -3.6,  -0.1, 219.0,-142.5, 978.8,   0.5,   0.1
48330,   0.6,   2.6,   0.2,-228.7,  31.1, 884.5,   0.4,   0.4
48354,  -5.9,  -1.3,  -0.8, 197.0, 143.9, 796.2,   1.5,  -0.2
48382,   0.8,   6.3,   3.4,-223.6, 188.1, 972.4,   0.4,   0.5
48406,  -0.5,  -1.3,   3.6,  33.0, 114.6, 941.4,   1.0,   0.5
48430,  -0.5,  -1.9,   0.5,  41.3, -27.5,1114.8,   0.9,   0.5
48454,  -2.4,   0.6,  -0.5,  54.2,-113.4,1088.9,   1.0,   0.3
48482,  -1.8,   0.8,   2.2, 171.9, -42.1,1157.0,   0.4,   0.3
48506,  -3.1,  -0.7,   1.8,  99.4, -31.9, 984.9,   0.2,   0.5
48530,  -1.2,   3.4,   1.5,  68.9, 119.5, 925.8,   0.2,   0.5
48554,   2.4,   1.5,   1.3,  58.6, 105.8,1052.7,   0.1,   0.6
48582,  -0.1,   5.6,   0.9, -58.8, -45.6, 863.5,  -0.1,   0.4
48606,   1.3,  -0.3,   2.5,  48.4, -15.3, 965.3,  -0.4,   0.4
48630,   0.7,  -1.9,   0.8,  21.3,  91.9, 903.8,   0.0,   0.4
48654,  -2.2,   6.1,   2.9,-488.5,-151.8,1064.5,   0.4,   1.0
48682,   2.5,  10.5,   0.9, -38.6, -97.8, 953.9,  -0.6,  -0.2
48706,   1.5,   6.1,   0.9,-214.1,  10.8, 945.6,  -0.2,   0.1
48730,   1.2,   0.3,   0.9, 125.3,  35.0, 980.0,   0.3,  -0.1
48754,   1.2,  -2.0,   3.6,   4.4, -79.5,1039.8,   0.3,   0.2
48782,   1.3,   3.3,   4.2,-125.7,  -5.5, 905.3,   0.3,   0.5
48810,   0.5,   3.1,   4.5, -95.0,-159.6,1088.1,   0.2,   0.7
48830,   0.4,   4.4,   5.0,  17.6, -18.0, 962.9,   0.0,   0.4
48854,   2.1,  -1.3,   4.7, -29.3, -37.0,1151.4,   0.2,   0.7
48882,   0.9,   0.9,   4.7, -51.7,-150.8, 944.6,   0.0,   0.8
48906,   1.3,   3.4,   3.7,  62.8, 116.1, 978.8,   0.3,   0.4
48930,  -1.1,   7.8,   4.0,-491.2,  43.3, 791.8,   0.7,   1.0
48954,   0.9, -14.3,   7.3, 772.0,  55.5,1047.1,  -0.3,   0.3
48982,   2.5,   4.5,   0.9,  -1.4,  42.6, 935.8,  -0.4,   0.1
49006,  -1.4,  -1.6,   1.7, 261.0,-114.9,1257.6,   0.2,   0.2
49030,  -0.7,  -0.1,   0.9,-112.8, -54.8, 782.0,   0.2,   0.8
49056,   0.7,  -0.7,   0.4, -32.9,  -7.5,1070.8,  -0.1,   0.6
49080,   0.0,   0.5,   0.9, -40.0,  -1.9,1142.8,  -0.1,   0.6
49108,   2.0,  -4.4,   1.0, 174.3,  61.4, 975.8,  -0.1,   0.3
49132,   0.4,   0.6,   0.0,  60.8,  16.7, 998.1,  -0.1,   0.3
49156,   2.1,   4.7,  -0.8,   1.0,  55.0, 890.4,  -0.1,   0.1
49180,   1.0,   5.2,  -2.9,  29.1, 152.2, 843.5,  -0.0,  -0.4
49208,  -3.1,   4.1,  -1.5,-520.0, -70.0, 966.1,   0.5,   0.3
49232,   0.3,   8.3,   0.2, 369.9,  35.5,1002.9,   0.1,  -1.2
49256,   1.0,   6.1,   2.3,-194.8, -43.9,1096.0,   0.0,  -0.3
49280,   1.6,   6.2,   2.2,  62.5,  -6.5,1077.6,   0.3,  -0.3
49308,   1.0,  -3.4,   1.1,  15.9,-111.0,1079.6,   0.2,  -0.5
49332,  -0.8,   0.1,   0.8, 145.0,  71.4,1066.9,   0.1,  -0.7
49356,  -0.8,  -5.7,   1.2, 155.5, -27.7, 988.0,  -0.3,  -0.5
49380,  -0.4,   0.3,   0.9, 112.6, -50.9,1162.9,  -0.3,  -0.6
49408,   2.4,  -5.7,   0.3, 142.8, -67.5,1105.0,  -0.5,  -0.2
49432,   0.5,   4.7,  -2.4, -88.4, -22.6, 946.8,  -0.6,  -0.5
49456,   1.5,   2.9,  -2.4, -82.7, -29.9, 966.8,  -0.6,  -0.4
49480,  -2.6,  -4.6,  -1.3, 244.4, -82.4,1366.0,  -0.3,  -0.6
49508,  -1.8,  -6.0,  -0.0, 372.1,  16.0,1080.6,  -0.4,  -0.5
49532,  -1.5,   6.5,  -2.1,-142.6,-104.9,1058.6,  -1.0,  -0.7
49556,  -1.5,  -3.0,   1.1, 163.1, -55.1,1161.4,  -0.6,  -0.3
49580,  -0.8,   2.4,  -2.2,-134.7, -62.2, 937.8,  -0.7,  -0.3
49608,   2.0,   4.6,  -0.5,-130.4,  68.9, 907.0,  -0.6,  -0.2
49632,   1.3,  -0.4,   0.2,  25.4, -80.5,1048.6,  -0.9,  -0.4
49656,   1.1,   4.0,   1.4, -69.3,  37.7, 910.9,  -0.8,  -0.4
49680,  -0.7,  -2.6,   2.2, 121.6,  23.3,1128.9,  -0.7,  -0.3
49708,  -0.5,   3.7,   0.4, -51.7, -38.0, 912.4,  -0.8,  -0.5
49732,   1.3,   1.1,   1.2,  81.1, -33.4,1024.2,  -1.1,  -0.7
49756,   4.3,   4.3,   3.3,-603.0, 202.5,1241.0,  -0.8,   0.2
49780,   4.9,  -6.8,   1.6, 231.0,  92.1, 781.3,  -0.8,  -0.1
49808,   2.1,   6.6,  -3.3,  10.0, -84.6, 944.8,  -0.9,   0.0
49832,  -1.9,  -4.3,   0.1, 278.6,  -9.7,1016.6,  -0.2,   0.7
49856,   0.3,   0.5,   1.7, -32.2,  52.3, 899.4,  -0.4,   0.9
49880,   0.2,  -1.0,   1.5, 160.7,  74.8,1202.6,  -0.4,   0.7
49908,   1.3,   1.9,   1.5, -42.0,   6.4,1057.1,  -0.7,   0.8
49932,   1.6,   5.1,   1.6,-146.5,   7.7,1135.0,  -0.6,   0.3
49956,   1.5,  -4.0,   2.3,  36.6, -11.1, 960.5,  -0.4,   0.8
49980,   2.4,  -0.5,   1.4, 147.0,-134.9,1201.7,  -0.3,   0.4
50008,   1.5,  -1.9,   0.6, 100.6, 140.5, 896.7,  -0.2,   0.2
50032,  -5.4,   4.8,  -2.5,-102.3, 125.1, 757.3,   0.7,  -0.0
50056,  -0.3,  -2.7,   6.4, -63.7, -79.5, 989.0,  -0.1,   1.1
50080,  -2.0,   0.9,   1.5,  19.3,-176.9,1075.7,  -0.4,  -0.7
50108,   0.9,   3.2,   1.8, -79.1, 121.2,1132.6,  -0.1,  -0.0
50132,   2.4,   3.7,  -1.8,-191.6, -24.3,1037.9,   0.2,  -0.4
50156,   2.7,   2.2,  -0.2, -51.0,   5.9, 926.0,  -0.0,  -0.3
50184,  -0.2,   0.9,   0.1, 160.4, -65.8,1056.4,   0.1,  -0.4
50208,   0.1,   0.0,   0.3, -39.3,  30.4, 755.9,  -0.1,  -0.1
50232,  -2.8,  -5.3,   0.8, 245.6,-203.8,1180.2,  -0.3,  -0.2
50256,  -3.1,  -3.0,  -1.8, 127.2, -23.8, 949.2,  -0.3,  -0.4
50284,  -2.4,   4.7,  -3.9,-184.1, 169.3, 966.8,   0.0,  -0.5
50312,   3.4, -10.1,   0.8, 294.2,-166.4, 688.7,  -0.2,  -1.2
50332,  -0.9,   4.5,  -3.9, 314.2,  24.5, 759.5,   0.7,  -2.6
50356,   1.6,   4.2,  -4.7,-334.5,  78.2,1153.3,   0.7,  -2.2
50384,  -1.5,  -0.5,  -3.9, -11.9, -57.5,1015.4,   0.9,  -2.0
50408,  -0.2,   0.8,  -2.1, -59.8, -64.9,1130.6,   0.0,  -1.7
50432,  -4.8,   1.3,  -2.6,-103.7,-186.9, 934.1,  -0.2,  -1.6
50456,  -1.2,  -0.6,  -2.6, 185.3,  39.9, 917.7,  -0.3,  -1.9
50484,   2.1,  -0.7,  -2.3,  82.3, -11.6, 900.6,  -0.3,  -1.9
50508,   0.6,  -4.4,  -1.3,  55.9,  19.1, 983.2,  -0.2,  -1.5
50532,   1.5,  -2.4,  -2.6,  78.6,-179.6,1167.2,  -0.2,  -1.6
50556,   0.0,   1.2,  -3.4, 170.7, -29.2, 785.7,  -0.5,  -2.0
50584,  -5.9,   8.9,  -1.7,-534.9,-473.8,1516.6,  -0.3,  -0.9
50608,  -2.1,   2.8,  -2.4,  99.1, -79.7, 944.3,  -0.9,  -2.3
50632,   2.1,   9.5,  -3.2,-288.3, 101.4, 849.9,  -1.0,  -1.7
50656,  -0.5,   3.1,  -1.6,  82.0,  45.3, 979.5,  -0.6,  -1.6
50682,  -0.6,  -3.2,  -0.5, 152.4, -69.7,1022.0,  -0.8,  -1.2
50706,   0.3,  -0.2,  -0.9, -84.2,-102.2, 904.6,  -0.8,  -1.0
50734,   0.8,  -0.6,   0.7, -10.7,-104.4,1002.5,  -1.0,  -0.7
50758,  -1.3,  -0.6,  -0.0,-100.3, -30.4,1025.9,  -1.1,  -0.5
50782,  -1.5,  -0.1,  -1.4, -11.5,-104.4, 978.5,  -0.9,  -0.7
50810,  -1.7,  -3.4,  -1.8,  72.0,-165.2,1116.0,  -1.1,  -0.8
50834,  -0.8,   3.6,  -3.6,-136.9, 160.0, 906.8,  -0.5,  -0.9
50858,  -6.3,   2.3,  -2.9, 142.1,  72.6,1011.7,   0.5,  -1.1
50882,  -5.4,  -9.5,   3.1, 148.2,-388.3, 950.5,  -0.6,  -0.4
50906,   1.2,   5.9,   2.3,-255.1, 211.0, 727.8,  -0.4,  -0.4
50934,  -1.6,  -2.0,   1.3, 104.5, -32.4,1130.6,  -0.2,  -0.2
50958,   0.1,   3.0,   0.1,-114.0,  -8.5, 914.8,  -0.1,  -0.3
50982,   0.4,   1.6,   1.4,  24.7,  19.6, 899.4,  -0.3,  -0.3
51006,  -1.3,   0.5,   0.4, -23.7,-125.6,1017.6,  -0.5,  -0.1
51034,   1.2,   3.8,   1.5,  27.6, -48.7,1013.7,  -0.9,  -0.4
51058,   0.8,  -0.4,   1.8,  53.2, -77.1,1031.3,  -0.7,  -0.3
51082,  -0.7,   1.7,   0.4, -23.7, -87.3,1023.5,  -0.4,  -0.2
51106,  -0.2,   0.9,   1.1,  54.0, -34.6,1002.7,  -0.5,  -0.3
51134,  -2.2,  -3.7,   2.6, -59.3,-401.5,1553.5,  -0.7,   0.4
51158,  -1.0,   2.4,   2.0, 145.3, -12.1, 791.0,  -0.6,  -0.4
51182,   3.8,   6.1,  -2.5,-192.6,  31.8, 991.2,  -0.9,  -0.8
51206,  -1.3,  -5.1,   2.5, 359.9,-143.7,1151.1,  -0.5,  -0.5
51234,  -1.0,  -6.0,   0.8, 267.4, -80.2,1438.0,  -0.6,  -0.3
51258,  -2.8,  -2.0,  -0.1,  44.2,-201.3,1110.6,  -0.9,  -0.1
51282,   0.0,   3.7,   0.8,  78.4, -19.4,1031.8,  -0.9,  -0.3
51310,   1.3,  -2.2,   1.8,  15.2,   6.7, 963.1,  -0.8,  -0.4
51334,   0.7,   2.1,   0.6, -61.8,-106.1,1036.9,  -1.0,  -0.5
51358,   3.2,  -0.8,   0.4,  57.9,   6.4,1033.2,  -1.2,  -0.6
51382,   1.8,   1.8,  -0.8, -40.0,  45.7, 886.7,  -0.9,  -0.8
51410,  -4.1,   0.4,  -1.9, 104.8,  99.5, 843.5,  -0.0,  -1.0
51434, -10.5, -15.0,   3.1,-197.0,-537.5,1524.7,  -0.3,  -0.1
51458,   3.4,  19.7,   0.3,-292.0, 262.1, 821.5,  -0.3,  -0.9
51482,   3.7,   6.6,   3.2,-525.6,  93.6, 797.4,  -0.3,   0.4
51510,   4.3,   7.2,   1.3, 163.3,  39.6,1119.6,   0.1,  -0.1
51534,   3.7,  -4.1,   2.3, -38.8, 130.0, 750.7,   0.2,   0.6
51558,   1.5,   2.7,   0.4,  43.7,  19.9,1096.4,  -0.1,   0.3
51582,   2.4,   1.9,   2.1, -67.6,  69.9,1064.7,  -0.2,   0.5
51610,   1.2,   0.3,   1.2,  76.4,  76.7, 888.4,  -0.1,   0.3
51634,  -0.5,  -2.8,   2.2, 274.2,-178.4,1223.9,  -0.4,   0.2
51658,   0.5,   4.6,   1.2,  14.9,  53.3, 825.5,   0.1,   0.1
51682,  -1.8,  -4.1,   5.0,-432.4,-399.1,1310.1,  -0.6,   1.0
51710,   1.5, -12.0,   2.3, 381.4, -22.6, 904.3,   0.5,   0.0
51734,  -0.2,   8.3,  -2.5,-333.7,  83.6, 918.5,   0.1,  -0.7
51758,   0.0,   2.4,   0.8, -25.6,  63.1,1048.6,   0.3,  -0.2
51782,  -2.7,   3.1,   2.3,-116.4, -97.8, 960.5,   0.1,   0.1
51810,  -1.3,  -0.4,  -1.2, -48.3,  79.7, 959.5,   0.1,   0.1
51834,   0.3,  -1.0,   1.5,  47.1,  34.0,1009.5,  -0.2,   0.2
51858,   0.3,   0.1,   0.9, 154.8, -33.4,1134.5,  -0.3,  -0.4
51882,   1.1,  -3.5,   1.1, 115.0,-113.4,1191.2,  -0.4,  -0.2
51910,   1.3,  -0.2,   2.6, -12.9,  18.2, 904.3,   0.1,  -0.0
51934,   2.2,   2.7,   4.7,  -5.4, -72.4, 957.3,  -0.2,  -0.1
51958,  -1.7,   4.2,   3.8, -65.9, -19.9, 917.5,   0.0,  -0.4
51982, -10.1,   5.5,   0.8,  58.1, 168.8, 788.3,   1.2,  -0.6
52010,  -4.8,  -3.6,   8.4,  24.9,  88.0, 573.7,   0.8,   0.5
52034,  -1.5,   1.1,   5.5, 819.6,-105.4,1194.3,   0.3,  -0.8
52058,  -0.8,   6.9,   1.4,-337.4,  25.0,1069.6,   0.0,   0.4
52082,  -0.1,   3.1,   3.1,   2.0, -29.5,1035.9,   0.2,   0.5
52110,  -0.1,  -0.3,   2.0, -16.6, -93.7,1263.7,  -0.1,   0.4
52134,  -0.4,   5.8,   2.9,-188.0, -41.2,1093.8,  -0.3,   0.5
52158,  -0.7,   4.4,   2.5,-141.3,  -1.4, 966.3,  -0.5,   0.4
52182,  -1.1,   3.2,   4.4,  48.1,  22.3,1048.6,  -0.9,   0.4
52210,  -1.2,   5.7,   2.8,-149.4,-168.6, 961.7,  -1.0,   0.5
52234,   0.9,  -1.3,   4.3,  47.1,  47.5, 897.5,  -1.0,   0.4
52258,  -0.4,   2.4,   4.0, 161.9, -39.2, 888.0,  -0.9,   0.1
52282,  -4.3,   4.5,   4.0,  71.1,   1.8, 831.1,  -0.8,  -0.0
52312,  -2.3,   2.5,   7.2,  83.8,-229.2, 701.4,  -1.2,  -0.1
52332,  -0.8,  -1.7,   6.4, 201.9, -54.8,1114.3,  -1.1,  -0.1
52360,  -1.5,   4.5,   3.6,   1.2, -65.6, 829.4,  -1.6,  -0.3
52384,   1.4,  -0.0,   2.9, 108.2,  27.7,1075.9,  -1.8,  -0.4
52408,   1.2,   1.4,   1.7, -85.9, -89.8,1148.9,  -1.9,   0.2
52436,   2.5,  -3.6,   1.2, 162.6, -46.5, 950.2,  -2.1,  -0.0
52460,   1.6,   7.8,   0.9,-134.0, -63.9, 959.2,  -2.2,  -0.1
52484,   0.7,   1.6,   1.5, -98.4, 105.1,1078.4,  -2.0,   0.0
52508,  -1.6,   4.6,  -1.1,-210.2, -20.2, 984.1,  -1.8,   0.0
52536,   2.0,   2.0,  -1.6, -28.5,  18.2,1003.2,  -2.3,   0.1
52560,   4.2,   0.8,  -3.3,  76.7, -76.3, 945.3,  -2.7,  -0.2
52584,  -3.7,   2.2,  -5.9,  60.1, -28.2, 829.4,  -2.0,  -0.4
52608,  -2.7,  -3.1,  -4.7,-189.9,-425.2,1405.0,  -2.5,  -0.2
52636,   1.4,  -3.9,  -3.6,-118.1,  24.0, 875.0,  -2.7,  -0.2
52660,   0.1,  -0.2,  -8.3,  48.8, 118.7, 961.9,  -2.4,  -1.0
52684,  -1.0,   4.2,  -6.9, 173.6,-159.8,1114.0,  -2.7,  -1.6
52708,   0.7,   0.6,  -1.9,  47.9, -10.9,1030.5,  -2.7,  -1.2
52736,   1.2,   1.7,  -3.3,  -9.0, -78.5,1173.8,  -2.7,  -1.0
52760,   0.3,   0.4,  -3.5,  37.6,-108.6,1021.3,  -2.7,  -1.0
52784,   0.4,   0.5,  -2.4, -37.6,-112.2,1036.4,  -3.1,  -0.8
52812,   0.2,   0.4,  -2.9,  84.5, -29.9, 995.6,  -3.1,  -0.9
52836,   1.5,   3.3,  -2.0, -79.8,  -3.3, 978.3,  -3.3,  -0.7
52860,   2.2,   4.2,  -1.0,-165.5, -10.7,1049.8,  -3.3,  -0.5
52884,   2.4,   1.2,  -0.4,  -0.5, -88.5, 992.4,  -3.4,  -0.5
52908,   3.1,   2.5,  -2.4, -61.5, -26.0, 944.3,  -3.4,  -0.3
52936,   1.7,  -0.6,  -0.5, 103.3,  23.3, 956.6,  -3.2,  -0.3
52960,  -0.2,   3.6,  -3.1,   7.8, -25.8, 989.0,  -2.9,  -0.4
52984,  -1.8,   5.9,  -1.3,-184.3,  33.0,1031.8,  -2.8,  -0.1
53008,  -1.7,  -4.4,  -0.8, 131.4,-260.9,1151.9,  -3.3,   0.2
53036,   0.7,  -0.1,  -0.6,  -0.2,-119.3, 937.3,  -3.3,   0.3
53060,  -0.4,  -1.9,  -0.5,  96.9, -17.7, 991.5,  -3.1,   0.3
53084,   0.3,   2.6,  -1.7, 119.9, -68.5,1013.0,  -3.2,  -0.1
53108,   2.3,   2.3,  -2.8, -97.2,  -4.6, 954.6,  -3.3,   0.2
53136,   0.2,  -0.6,  -1.1,  31.0, -54.1,1095.7,  -3.0,   0.0
53160,   0.2,   3.9,  -2.9,-147.7, -36.0, 953.1,  -2.9,   0.1
53184,   0.7,  -1.9,  -2.9,  52.3,  40.9,1042.2,  -3.0,   0.1
53208,   1.8,   2.9,  -2.3,  54.0,  -0.4,1018.6,  -3.0,  -0.0
53236,  -0.9,   0.9,  -2.0,  29.8, -72.9,1044.7,  -2.9,  -0.0
53260,  -0.4,   1.1,  -2.1,  52.0, -71.2,1098.9,  -3.0,  -0.1
53284,  -0.8,   1.4,  -2.9, -54.4, -72.2, 952.6,  -3.0,  -0.1
53312,   1.3,  -1.6,  -2.4,  99.1, -16.0,1012.0,  -3.0,  -0.3
53336,   0.6,  -0.2,  -3.8, -49.3,  -0.2, 938.7,  -2.7,  -0.2
53360,  -0.9,   0.3,  -3.4,  18.3, -68.5,1046.4,  -2.7,  -0.2
53384,  -0.8,  -1.1,  -2.9,  20.3, -35.8,1006.8,  -2.6,  -0.4
53408,   0.4,   1.1,  -3.5,  -6.3,  -3.1,1013.2,  -2.5,  -0.4
53436,  -0.5,   1.6,  -2.9, -32.7, -13.8,1004.4,  -2.5,  -0.4
53460,  -0.8,   0.5,  -3.3,  30.8, -16.5,1030.3,  -2.5,  -0.3
53484,  -1.5,   1.4,  -2.1, -76.2, -15.3, 981.0,  -2.4,  -0.2
53512,  -2.6,  -0.5,  -2.4, -23.9,  10.3, 937.8,  -2.3,  -0.2
53536,  -2.9,  -0.6,  -4.0, -86.7,-141.5, 983.2,  -2.6,  -0.0
53560,  -1.9,  -2.3,  -3.8,   2.9, -83.4,1014.9,  -3.0,   0.0
53584,  -1.8,   2.0,  -5.6,  -2.2, -61.2, 993.4,  -3.1,  -0.4
53612,   1.2,   1.3,  -4.6,  36.6, -40.4,1038.6,  -3.2,  -0.6
53636,   1.2,   3.1,  -5.4, -65.2, -56.1, 993.4,  -3.1,  -0.3
53660,   0.8,  -0.8,  -6.8,  53.5, -42.4, 984.4,  -3.0,  -0.4
53684,  -1.3,  -1.4,  -6.6,  33.0, -92.0,1017.1,  -3.2,  -0.4
53712,  -1.6,  -0.5,  -6.6,  32.2, -76.8, 980.0,  -3.3,  -0.6
53736,  -1.0,   0.4,  -5.3,   7.6, -18.7,1002.7,  -3.3,  -0.6
53760,  -0.8,  -0.9,  -5.8,   0.0, -44.8,1005.4,  -3.2,  -0.5
53784,   0.0,   1.2,  -6.2,   7.6, -52.4,1017.6,  -3.1,  -0.6
53812,   0.1,   1.3,  -4.6, -14.1, -54.8, 986.3,  -3.1,  -0.6
53836,   0.7,  -0.0,  -5.1,  25.2, -60.0,1027.4,  -3.1,  -0.6
53860,   0.3,   0.1,  -5.3,  13.0, -51.7,1028.3,  -3.1,  -0.5
53884,   0.6,  -0.6,  -5.7,   9.0, -38.2,1001.7,  -3.1,  -0.4
53912,   0.6,  -0.3,  -5.6,  39.6, -67.8,1012.5,  -3.2,  -0.4
53934,   0.2,   0.2,  -5.6,  -9.7, -51.9,1002.2,  -3.2,  -0.4
53962,   0.2,  -0.6,  -5.0,  32.7, -50.7, 986.6,  -3.1,  -0.4
53986,   0.7,  -0.8,  -4.9,   9.5, -30.9, 997.8,  -3.1,  -0.3
54010,  -0.4,  -0.6,  -3.6,   2.5, -46.1, 996.8,  -3.0,  -0.3
54034,   0.0,   0.4,  -2.5,  12.0, -25.8, 995.4,  -2.9,  -0.2
54062,   0.4,   1.0,  -2.5,   2.9, -27.7,1003.9,  -2.8,  -0.2
54086,   0.4,   1.0,  -2.4,  16.1, -32.4,1023.5,  -2.7,  -0.1
54110,   0.4,   1.1,  -2.2,   6.4, -39.0,1007.3,  -2.7,  -0.1
54134,  -0.2,   0.8,  -0.7, -20.5, -34.8, 997.8,  -2.7,  -0.0
54162,  -0.7,   1.5,  -2.1,  -8.5, -60.9, 999.5,  -2.7,   0.0
54186,   0.2,   0.9,  -1.4, -14.1, -53.4, 999.5,  -2.7,   0.2
54210,  -0.5,   2.3,  -1.6, -16.3, -69.0,1008.8,  -2.8,   0.2
54234,   0.2,   0.8,  -1.1,  10.0, -68.5, 990.2,  -2.9,   0.2
54262,   0.9,   0.1,  -1.4,  -1.4, -64.6,1009.0,  -3.0,   0.3
54286,   0.4,   0.6,  -0.9,   9.3, -50.7, 993.7,  -3.0,   0.3
54314,   0.4,   0.9,  -0.9, -15.1, -81.0,1011.0,  -3.1,   0.3
54334,   0.4,   0.0,   0.9,   7.1, -74.1,1012.0,  -3.1,   0.3
54362,   0.4,   1.7,  -0.4,  -3.9, -63.6, 988.5,  -3.3,   0.2
54386,   0.6,   1.1,  -0.9,   2.5, -75.4,1000.3,  -3.3,   0.2
54410,   0.3,   1.9,  -0.3,  -4.9, -70.7,1001.7,  -3.4,   0.2
54434,  -0.2,   3.1,   0.3,  -4.6, -85.6, 994.2,  -3.5,   0.2
54462,  -0.6,   1.4,   0.5,   6.4, -82.9,1010.5,  -3.7,   0.1
54486,   0.1,   1.6,   1.5,  10.8, -88.8, 998.1,  -3.9,   0.1
54510,   0.1,   2.5,   0.4,  -7.8, -89.3,1006.6,  -4.0,   0.0
54534,   0.6,   0.5,  -0.5,  -7.8, -82.7,1000.0,  -4.1,   0.1
54562,  -0.8,   1.6,   1.3, -13.4, -85.6,1013.9,  -4.2,   0.1
54586,  -0.5,   0.8,   0.3,   0.0, -86.3,1000.3,  -4.3,   0.1
54610,  -0.1,   0.7,   2.7, -11.5, -79.0,1008.1,  -4.4,   0.1
54638,  -0.4,   0.5,   2.6,   4.9, -71.7,1002.0,  -4.5,   0.1
54662,   0.7,   0.8,   2.6,  -8.0, -70.7,1001.7,  -4.5,   0.1
54686,  -0.1,   1.2,   1.2,   2.2, -49.0,1008.8,  -4.4,   0.1
54710,   0.1,   0.9,   1.6,  -8.8, -54.6,1019.3,  -4.4,   0.2
54738,   0.4,  -0.3,   0.9, -10.0, -58.7,1008.8,  -4.2,   0.2
54762,  -0.2,   1.0,   2.9,   4.7, -35.6, 989.3,  -4.1,   0.2
54786,   0.2,   0.1,   2.3, -21.0, -35.8, 999.8,  -4.0,   0.2
54814,   0.4,   0.9,   0.9,  -6.8, -52.2, 999.0,  -4.0,   0.3
54838,   0.4,   1.2,   2.3,  30.5, -38.2,1017.8,  -3.9,   0.2
54862,  -0.1,   1.1,   2.6, -27.6, -52.4, 989.8,  -3.8,   0.2
54886,   0.1,   0.5,   3.1, -14.1, -43.6, 967.1,  -3.6,   0.2
54910,  -0.4,  -0.8,   2.5,   7.3, -44.8,1019.3,  -3.5,   0.2
54938,  -0.2,   0.6,   2.4,  16.9, -32.1,1008.6,  -3.4,   0.2
54962,   1.1,   0.9,   1.2, -10.5, -37.8,1006.8,  -3.4,   0.2
54986,   0.9,   1.1,   2.9,  -5.4, -45.3, 987.3,  -3.2,   0.2
55010,   1.3,   1.0,   3.4, -23.2, -31.4,1018.3,  -3.1,   0.1
55038,  -0.1,   1.7,   3.2,   6.9, -27.7, 993.9,  -3.0,   0.1
55062,  -0.6,   0.9,   2.1,  -5.8, -34.8, 973.9,  -2.9,   0.1
55086,   0.6,   1.2,   3.3,  -3.4, -47.0,1012.0,  -2.8,   0.0
55110,   0.6,   1.2,   2.9,  18.1, -56.8, 984.9,  -2.8,  -0.0
55138,   0.7,   1.9,   0.8, -52.7, -29.0,1011.2,  -2.7,  -0.1
55162,   0.7,   1.2,   2.3, -13.2, -33.4, 996.1,  -2.6,  -0.2
55186,   0.9,   2.0,   2.1,  17.8, -37.0,1011.5,  -2.5,  -0.2
55210,   0.6,   0.5,   4.2, -46.4, -16.8, 975.8,  -2.4,  -0.1
55238,   0.4,   1.3,   2.9,  -4.6, -28.0,1005.4,  -2.3,  -0.2
55262,   0.4,   1.5,   1.8,  -7.1, -38.5, 952.4,  -2.3,  -0.1
55286,  -0.1,  -0.3,   2.0,  19.3, -22.4,1039.6,  -2.3,  -0.1
55314,  -1.1,   2.0,   3.9, -29.0, -32.6,1016.6,  -2.3,  -0.1
55338,  -1.8,   0.6,   3.4, -30.5, -98.3,1108.4,  -2.4,   0.1
55362,   1.6,   2.3,   3.7,  -9.5, -48.7, 992.9,  -2.4,  -0.0
55386,   5.1,   1.0,   3.4, -45.1,  10.8, 984.4,  -2.2,   0.1
55410,   3.7,   3.5,   2.2, -57.8, -21.9, 895.0,  -2.1,  -0.1
55438,   1.2,   2.6,   4.1, -84.9, -25.1, 969.3,  -2.1,   0.1
55462,   0.4,   0.8,   4.8, -11.2,   6.9, 977.8,  -1.8,   0.3
55486,  -0.7,   0.3,   5.4,   8.8, -12.9,1021.3,  -1.6,   0.2
55510,   0.6,   1.8,   6.7, -53.7,  24.0,1005.4,  -1.5,   0.5
55538,   0.4,   1.7,   6.1,  51.3, -47.3, 989.0,  -1.4,   0.2
55560,   0.4,   2.6,   5.3,  18.1, -39.0, 968.8,  -1.4,   0.2
55588,   0.6,   0.2,   5.4,  10.5,  38.7, 983.7,  -1.1,   0.2
55612,  -0.4,  -2.1,   7.9,  81.8,   4.7,1032.7,  -1.0,   0.1
55636,  -1.0,   2.8,   7.0, -30.0, -44.8,1020.0,  -0.9,   0.2
55664,   0.1,   2.0,   8.7,  -4.4,  -3.1,1018.8,  -0.8,   0.3
55688,   0.7,   1.1,   7.1,   5.1, -20.7,1010.8,  -0.7,   0.1
55712,   1.1,   2.3,   9.3, -30.0,  16.7, 986.8,  -0.6,   0.1
55736,   0.0,   0.6,   8.4,   2.7, -12.9,1026.1,  -0.5,   0.0
55764,  -0.3,   1.6,   9.0,  55.2, -15.8,1028.1,  -0.5,   0.1
55788,  -0.6,   2.7,   8.4, -15.1,  -6.0,1067.9,  -0.4,   0.1
55816,   1.3,   0.7,   8.9,  45.9,  37.0,1050.8,  -0.3,   0.1
55836,   1.2,   1.7,   7.8,  12.5,  35.2,1007.8,  -0.2,   0.0
55864,   0.5,   2.4,   7.1,  23.7, -17.0, 977.1,  -0.1,  -0.1
55888,   0.9,   0.8,   6.5,   1.2,   9.4,1008.3,   0.0,  -0.1
55912,   0.7,   1.0,   5.6,  32.2,  -9.7, 986.6,   0.1,  -0.2
55936,   0.4,   1.1,   4.7,   7.8,  -0.2,1028.6,   0.1,  -0.2
55964,  -0.7,   2.3,   5.2,  -7.6,   9.6, 987.1,   0.2,  -0.2
55988,   1.2,   0.8,   3.7,  28.1,  13.3, 998.8,   0.2,  -0.4
56012,  -0.2,   1.9,   3.6, -13.9, -14.1,1005.6,   0.2,  -0.4
56036,   0.7,   1.0,   3.7,  15.9,   2.3, 994.9,   0.2,  -0.5
56064,   0.7,   0.9,   2.7,  18.8, -30.2, 996.1,   0.1,  -0.6
56088,   0.2,   1.0,   2.7,  36.6,  15.7, 990.7,   0.2,  -0.7
56112,   0.4,   1.1,   3.0, -22.9, -11.9, 976.8,   0.2,  -0.8
56136,   0.3,  -1.1,   4.1,  66.7, -10.7,1012.7,   0.2,  -0.8
56164,   1.3,   0.8,   0.1,   8.6, -12.4,1018.8,   0.0,  -0.8
56188,   0.4,   0.4,   1.3,   3.7,   1.6,1006.6,   0.1,  -0.8
56212,   0.7,   0.1,   1.9,  34.4,  54.0, 990.2,   0.3,  -0.8
56236,  -0.1,   0.5,  -0.6,  14.2, -21.2, 996.1,   0.5,  -1.0
56264,  -0.5,   0.6,  -2.5,   3.2,   0.6, 995.9,   0.4,  -0.8
56288,  -0.5,  -0.0,  -2.2,  -0.5,  16.7,1017.6,   0.3,  -0.8
56316,  -0.1,   1.2,  -3.6, -66.9,  24.7, 998.3,   0.3,  -0.7
56336,  -0.6,  -0.8,  -3.3,  23.7,  23.3, 997.8,   0.4,  -0.5
56364,  -0.3,  -1.3,  -3.9, -17.1, -20.7,1020.0,   0.4,  -0.6
56388,  -0.6,  -0.8,  -4.7,   7.3,   2.3, 985.9,   0.5,  -0.6
56412,  -0.8,  -0.5,  -2.8,  -5.8,   6.2,1007.8,   0.4,  -0.5
56436,  -0.1,   0.6,  -3.2, -39.8,  14.2,1003.4,   0.5,  -0.5
56464,  -0.7,   0.6,  -3.2,   7.3,  11.3,1002.7,   0.6,  -0.4
56488,   0.4,  -0.3,  -2.0,  -3.6,   9.6,1013.2,   0.6,  -0.4
56512,   0.4,   0.8,  -2.3,   8.6,  22.1, 994.2,   0.7,  -0.4
56536,  -0.1,   1.4,  -2.6,  -2.7,  19.6,1003.2,   0.8,  -0.4
56564,  -0.7,  -0.1,  -2.3,  17.6,  14.5,1004.7,   0.9,  -0.4
56588,  -0.2,   0.5,  -1.9,  16.9,   4.5,1002.2,   0.8,  -0.4
56612,  -0.9,   0.3,  -3.2,   7.1,   2.5, 984.9,   0.8,  -0.4
56636,  -0.8,   0.9,  -2.6,   1.7,  -5.0, 989.8,   0.8,  -0.4
56664,  -1.1,   2.4,  -2.9, -32.5, -31.2, 974.1,   0.6,  -0.3
56688,  -0.4,   0.7,  -2.7,  17.8, -10.7,1014.2,   0.5,  -0.4
56712,  -0.9,   1.7,  -2.9, -17.1, -26.8, 991.7,   0.4,  -0.4
56736,  -0.8,   1.7,  -3.0,  24.9,  -7.5,1022.0,   0.3,  -0.4
56764,  -0.5,   1.2,  -2.3,  12.2,  -9.9, 995.1,   0.2,  -0.4
56788,   0.4,   0.7,  -2.4,   4.9,  -8.2, 989.3,   0.1,  -0.3
56815,  -0.1,  -0.0,  -2.1,   4.4, -22.9,1008.8,   0.1,  -0.4
56839,  -0.1,   0.3,  -1.6,   1.5, -30.9, 992.9,  -0.0,  -0.3
56863,  -0.2,   0.6,  -2.7,  10.5, -16.8,1004.7,  -0.2,  -0.3
56887,  -0.1,   2.2,  -2.4,  -3.9, -18.0,1002.0,  -0.2,  -0.2
56915,  -0.1,   1.6,  -1.1, -20.0,   5.7,1002.9,  -0.1,   0.0
56939,   0.7,  -0.0,  -0.7, -16.3,  -0.2, 994.2,  -0.1,   0.1
56963,  -0.5,   1.4,  -0.7,  -5.6,  -4.8,1006.4,  -0.1,   0.2
56987,   0.9,   1.4,  -0.5, -42.5,  -0.4,1009.8,  -0.2,   0.3
57015,   0.0,   2.4,   0.5,  -1.0, -13.3, 994.4,  -0.2,   0.2
57039,   0.2,   1.4,   0.3, -13.2, -30.4,1010.5,  -0.4,   0.3
57063,  -0.2,   0.5,   0.7,  -7.6, -29.2, 998.1,  -0.5,   0.2
57087,  -0.8,   1.0,   0.6,   0.3, -35.8,1004.4,  -0.6,   0.3
57115,   0.0,   1.9,   0.8, -13.7, -40.2,1013.7,  -0.8,   0.3
57139,  -0.4,   1.6,   2.2,  12.5, -39.0, 994.6,  -0.9,   0.3
57163,   0.4,   0.9,   2.4,   2.5, -36.5, 998.1,  -1.1,   0.2
57189,  -0.1,   1.4,   2.9,  12.5, -47.0, 988.3,  -1.3,   0.2
57213,   0.3,   0.5,   0.7,  18.3, -59.0,1011.2,  -1.5,   0.1
57237,  -0.2,   2.0,   2.5,  14.2, -50.4,1007.6,  -1.7,   0.1
57265,  -0.4,   1.7,   1.5,  22.2, -50.7,1006.1,  -1.9,  -0.0
57289,  -0.7,   1.1,   1.3,   1.2, -59.0,1008.3,  -2.1,  -0.2
57317,   0.3,   2.0,   0.7, -12.2, -40.4, 995.4,  -2.1,  -0.1
57337,  -0.4,   1.0,  -0.2,  15.6, -48.7, 988.8,  -2.2,  -0.2
57365,   0.1,   2.2,   0.2,  10.8, -38.2,1006.1,  -2.3,  -0.2
57389,  -0.4,   1.0,  -0.6,  -9.7, -43.9, 996.4,  -2.4,  -0.2
57413,  -1.6,   1.6,  -0.3,  18.3, -41.7, 993.9,  -2.4,  -0.2
57437,  -0.1,   1.9,  -1.3,   5.4, -47.0,1003.2,  -2.5,  -0.3
57465,  -0.9,   1.0,  -1.2,  15.2, -75.1,1058.6,  -2.6,  -0.3
57489,  -0.8,  -0.1,  -1.8,  -2.9, -32.9,1002.5,  -2.6,  -0.2
57513,   0.2,   1.4,  -1.0, -18.0, -34.8, 997.3,  -2.6,  -0.2
57537,   0.1,  -0.2,  -1.9,   5.9,  -4.8, 988.8,  -2.5,  -0.2
57565,  -0.1,   0.9,  -2.3,  -5.1, -35.3, 995.6,  -2.5,  -0.3
57589,  -0.1,  -0.2,  -1.6,  41.8, -28.2,1012.2,  -2.4,  -0.4
57613,  -0.2,   0.3,  -2.6,  15.9, -37.8, 995.9,  -2.4,  -0.4
57637,  -1.7,   1.7,  -3.1,  25.7, -19.9,1001.2,  -2.4,  -0.5
57665,  -1.5,   1.3,  -3.3,  11.5, -81.2,1013.2,  -2.5,  -0.7
57689,   0.3,   1.1,  -3.9,   6.4,  24.3,1029.8,  -2.5,  -0.7
57713,  -1.4,   1.2,  -2.5, -34.9,  -4.1,1037.6,  -2.4,  -0.6
57737,  -0.4,   0.3,  -2.2,  67.9, -22.6, 991.7,  -2.3,  -0.5
57765,  -0.9,   1.6,  -3.1,  29.8, -41.7, 995.4,  -2.4,  -0.5
57789,  -1.6,   3.0,  -3.0,  -1.0, -25.8,1004.7,  -2.4,  -0.5
57817,   0.3,   0.5,  -2.5, -48.6, -16.3,1023.2,  -2.4,  -0.5
57837,  -0.7,   0.3,  -2.2,  12.7, -25.3,1028.8,  -2.2,  -0.5
57865,  -1.3,   1.3,  -2.7,   0.7,  -1.1,1041.3,  -2.2,  -0.4
57889,  -1.3,   2.0,  -2.2, -47.1,  -8.2, 979.7,  -2.2,  -0.3
57913,  -1.5,   0.7,  -1.8, -61.0,  11.3,1029.8,  -2.1,  -0.0
57941,  -1.2,   0.5,  -1.7, -18.0, -89.8,1001.2,  -2.2,   0.1
57965,  -1.6,   0.3,  -1.1,  22.2, -32.4, 993.7,  -2.2,   0.1
57989,  -2.5,   1.5,  -2.2,  41.8, -88.0, 979.3,  -2.5,  -0.1
58013,  -1.5,   0.5,  -4.7,  75.9, -13.8, 980.7,  -2.6,  -0.3
58041,   0.3,   2.5,  -4.7, -63.0, -40.4,1080.8,  -2.7,  -0.3
58065,   1.3,   0.6,  -3.0, -57.4, -33.6,1122.8,  -2.6,  -0.0
58089,   1.9,   0.3,  -1.4, -34.2, -30.4, 970.2,  -2.4,   0.1
58113,   1.3,   1.6,  -1.7, -30.5,   3.5, 977.1,  -2.3,   0.0
58141,   0.7,  -0.5,  -1.3,   7.3, -16.5, 987.1,  -2.3,  -0.1
58165,  -0.3,   0.5,  -1.6,  43.5, -30.2, 979.0,  -2.3,  -0.2
58189,  -0.5,   0.6,  -2.4,  12.0, -45.6,1014.7,  -2.3,  -0.2
58213,  -1.2,   2.2,  -2.4,   8.1, -86.6,1013.9,  -2.4,  -0.2
58241,   0.1,   0.8,  -2.9,  18.6, -53.4,1031.3,  -2.5,  -0.1
58265,  -0.5,   1.9,  -2.1, -18.8, -29.5,1010.3,  -2.4,  -0.1
58289,  -1.8,   2.4,  -2.5, -35.1, -65.8, 956.8,  -2.3,   0.1
58317,  -0.5,   0.0,  -1.3,  67.6,  -8.0, 993.2,  -2.3,   0.0
58341,  -0.4,   0.1,  -2.9, -40.8, -22.6,1030.5,  -2.3,   0.0
58365,  -0.9,  -0.7,  -1.6,   1.0, -65.1, 964.9,  -2.4,   0.0
58389,  -0.1,  -0.8,  -3.0,  49.6, -39.0,1004.9,  -2.4,  -0.1
58413,  -0.5,   1.9,  -3.4,   5.6, -60.2, 983.4,  -2.5,  -0.0
58441,   1.2,   3.3,  -2.7, -52.5, -53.4,1056.4,  -2.6,   0.0
58465,   0.9,   2.4,  -1.9, -37.1, -29.5, 943.9,  -2.6,   0.0
58489,   0.1,  -0.7,  -1.9, -30.3, -32.6,1031.8,  -2.6,   0.1
58513,   0.3,   0.6,  -1.8,  30.5, -88.8,1046.4,  -2.6,   0.1
58541,   1.7,   0.4,  -2.6, -33.2,   3.8, 979.0,  -2.6,   0.1
58565,   0.4,  -0.0,  -1.2, -13.2, -58.0, 996.1,  -2.5,   0.1
58589,   1.4,   0.0,  -2.6,  62.5,  20.6,1004.2,  -2.3,  -0.0
58613,  -1.3,   1.7,  -1.6,  -4.1,   1.8, 997.3,  -2.2,  -0.1
58641,  -3.9,  -0.4,  -0.8,   5.9,-200.6,1066.9,  -2.5,   0.0
58665,   1.8,  -2.5,   1.2, 123.1,  24.5, 929.7,  -2.0,   0.1
58689,   1.9,   0.8,  -0.8,  12.0,  14.5, 988.0,  -1.6,   0.1
58713,  -0.1,   2.0,  -1.3, -40.5, -58.7,1029.3,  -1.6,  -0.0
58741,  -0.9,   2.0,  -1.3, -49.5,  19.6, 962.2,  -1.6,  -0.1
58765,   0.0,   0.9,  -1.5, -64.4,  -0.9, 967.5,  -1.7,  -0.0
58789,  -0.7,  -1.3,  -0.7,  54.0,  24.0,1066.9,  -1.3,  -0.0
58819,   0.3,   0.8,  -0.9, -17.8, -53.4,1024.4,  -1.3,  -0.0
58839,   0.1,   1.8,  -1.2,  -1.7, -37.0,1001.0,  -1.3,  -0.1
58863,  -0.1,  -0.2,   0.2,   5.1,  -0.9, 989.3,  -1.2,   0.0
58891,   0.1,   1.9,  -0.0,  -1.0,  30.6, 967.1,  -1.1,  -0.0
58915,   0.1,  -0.3,   0.6,  -3.6,  37.0, 961.2,  -1.0,  -0.0
58939,  -0.7,   0.7,   0.5, -22.0,  -5.3,1105.2,  -0.8,   0.1
58963,   1.0,   0.5,   2.2, -66.6,  50.6, 959.5,  -0.7,   0.2
58991,  -1.8,   1.2,   2.8,  57.1, -21.9,1021.0,  -0.6,   0.0
59015,  -1.8,   2.5,   2.4, -14.1, -32.6, 991.7,  -0.6,   0.1
59039,  -0.8,   0.3,   4.3, -63.2, -18.5, 969.7,  -0.3,   0.3
59067,   0.7,   1.6,   4.4, -81.5,  46.0, 984.1,  -0.2,   0.2
59091,   0.3,  -0.3,   3.9, -88.6,  30.4,1050.8,  -0.1,   0.4
59115,  -1.1,  -0.2,   4.5, -14.6, -21.2, 968.5,  -0.2,   0.4
59139,  -2.4,   1.7,   5.3,  26.9,   6.4,1004.4,  -0.2,   0.2
59167,  -3.5,  -2.0,   5.3, 196.8, -32.4, 968.3,  -0.3,  -0.1
59191,   2.8,   1.8,   2.1, -43.9, 145.6,1304.0,  -0.4,  -0.3
59215,   4.8,  -1.9,   5.0, 229.8,  24.3, 873.1,   0.4,  -0.4
59239,   4.5,   0.8,   5.3,  28.1, -60.5, 972.4,   0.4,  -0.3
59267,   2.8,   2.2,   6.9,  52.0,  -8.5, 983.2,   0.3,  -0.1
59291,  -0.5,   0.4,   6.4,   2.2,  33.8, 952.2,   0.5,  -0.1
59319,   0.7,   2.5,   7.7,  -3.4,  35.0, 930.2,   0.6,  -0.0
59339,   1.0,  -1.9,   8.0,   7.8,  20.6,1004.9,   0.7,   0.0
59367,   0.5,  -0.2,   8.0,  60.1,   7.7,1043.5,   0.6,  -0.3
59391,   0.1,   3.4,   5.3,   7.3, -71.2, 995.4,   0.3,  -0.5
59415,  -0.3,   2.8,   6.4,  -4.6, -27.0, 985.4,   0.1,  -0.5
59439,   0.0,   3.8,   7.4, -87.9,  14.2, 969.3,   0.2,  -0.4
59467,   0.5,   0.1,   6.2, -25.1, -29.0, 971.0,   0.2,  -0.2
59491,  -0.1,  -0.4,   6.9,  63.7, -17.5, 982.4,   0.1,  -0.3
59515,   0.1,   3.3,   6.5,   0.7,  -6.0, 965.8,   0.0,  -0.4
59539,   1.3,   0.9,   6.4,  56.9, -15.8,1003.2,  -0.0,  -0.6
59567,   0.2,   2.2,   7.2,  16.6, -39.5,1013.2,   0.0,  -0.6
59591,   0.0,   0.5,   6.3,  34.9, -21.6, 982.9,  -0.2,  -0.7
59615,  -0.4,   3.5,   4.8,  67.2, -20.4,1001.0,  -0.3,  -0.8
59639,   1.8,   0.9,   5.3,   6.4,   3.5,1026.4,  -0.4,  -0.8
59667,   0.6,   0.2,   3.9,  46.2, -20.9,1004.2,  -0.5,  -0.9
59691,   0.1,   0.1,   2.9,  53.7, -28.7,1010.3,  -0.6,  -0.9
59715,   0.3,   2.0,   1.7,  -7.3, -14.8,1019.5,  -0.7,  -1.0
59739,  -0.8,   0.5,   2.6,  66.4, -53.4,1005.6,  -0.8,  -1.0
59767,  -0.5,   0.6,   2.6, -65.2, -19.0,1051.3,  -0.9,  -0.9
59791,  -0.6,  -0.6,   3.5, -26.1,  -5.3, 918.0,  -0.9,  -0.7
59819,   0.8,   2.3,   1.5,  91.3, -37.3, 993.2,  -0.9,  -0.8
59839,   0.1,  -1.1,  -2.4,  97.4, -16.5,1024.2,  -0.8,  -0.9
59867,  -1.4,   1.7,  -1.3,   7.1, -22.1, 966.6,  -0.9,  -1.1
59891,  -3.2,   2.1,  -2.2, -17.3, -40.0, 943.4,  -1.1,  -1.2
59915,  -6.3,   5.0,  -5.3,   1.0,-324.4,1181.7,  -1.6,  -1.6
59939,  -0.5,   2.7,  -2.1,-156.7,  54.5, 977.8,  -1.6,  -0.9
59967,   0.0,   0.9,  -3.8, -90.3, -17.5,1038.8,  -1.5,  -1.1
59991,   0.9,  -2.4,  -3.8,  79.9,   7.9, 999.5,  -1.7,  -1.0
60015,   0.8,   1.4,  -4.4, -24.6, -79.0,1009.3,  -1.9,  -1.2
60039,   0.1,   1.7,  -4.6,  96.7, -31.4,1033.7,  -1.9,  -1.4
60067,   0.3,  -0.3,  -5.3,  64.5,  66.0, 978.3,  -1.7,  -1.2
60091,   0.1,   0.1,  -7.9, -25.4,  10.8,1004.7,  -1.7,  -1.3
60115,  -0.7,   1.2,  -8.4,  66.4, -47.3,1058.6,  -1.7,  -1.4
60143,  -0.3,   0.1,  -8.6,  34.2,  20.6,1000.3,  -1.5,  -1.4
60167,   0.3,   0.8,  -8.8,-102.5,  51.8, 954.8,  -1.5,  -1.2
60191,  -1.1,   0.6,  -8.7, 115.5, -50.7,1111.1,  -1.3,  -1.2
60215,  -0.1,   0.9,  -9.3,   1.7,  24.0, 996.4,  -1.2,  -1.0
60243,  -1.8,  -2.2,  -9.4,  63.5, -78.3,1017.6,  -1.1,  -1.0
60267,  -1.4,  -0.5, -10.4,  58.9,  10.3, 965.8,  -1.1,  -1.0
60291,  -0.2,   2.5, -11.0,-103.3,  23.8, 977.1,  -1.0,  -0.9
60319,  -0.5,  -0.6,  -9.8,  19.8, -24.3, 986.1,  -1.0,  -1.0
60343,  -1.3,   1.5,  -9.3, -38.6,  13.5,1017.8,  -1.0,  -0.9
60367,  -1.9,   1.9,  -9.1, -77.1, -18.0, 991.5,  -0.9,  -0.7
60391,  -2.6,   0.1,  -8.2,   8.6, -50.0,1037.1,  -1.0,  -0.6
60415,  -2.2,   1.4,  -8.1,-120.6,  -5.0, 979.0,  -1.1,  -0.1
60441,   3.2,  -1.5,  -2.8,  -1.2,  47.2, 918.5,  -0.8,   0.4
60465,   8.1,   6.0,  -5.2,  82.0, 281.1,1330.8,  -0.4,   0.0
60493,  -0.6,  -0.2,  -5.0, -28.5,  -4.1,1067.6,  -0.6,   0.7
60517,   0.6,   0.2,  -4.7, 122.1, -94.6, 903.3,  -0.8,   0.5
60541,  -3.4,   2.0,  -5.2, -38.8, -50.7, 951.7,  -0.9,   0.4
60565,  -1.8,   0.4,  -6.6, -46.6,  -1.6, 961.0,  -1.0,   0.4
60593,  -0.6,   0.9,  -5.8, -77.4,  24.3, 986.8,  -1.0,   0.5
60617,  -1.4,  -2.0,  -5.3,  99.6,  18.2,1039.6,  -0.9,   0.4
60641,  -0.6,   0.5,  -3.0, -71.0, -11.4, 949.2,  -0.8,   0.6
60665,   0.6,   0.3,  -1.7,  15.9,  82.1,1020.3,  -0.7,   0.6
60693,  -0.5,   1.8,   0.5,  46.9, -10.4,1006.8,  -0.7,   0.6
60717,  -0.2,   0.8,   1.2,  10.5, -12.1, 964.1,  -0.6,   0.6
60741,  -0.2,   1.6,   0.6,  13.4, -25.3, 988.8,  -0.7,   0.5
60765,  -0.1,   3.1,  -0.2, -11.0,  10.8,1004.2,  -0.7,   0.4
60793,  -0.4,   0.9,   0.9,   7.6,  -4.6,1005.6,  -0.7,   0.5
60821,  -0.7,   0.5,   1.1,  -6.3,   6.9,1001.2,  -0.6,   0.5
60841,  -0.7,   0.3,   1.5,  39.1,  26.0, 982.2,  -0.6,   0.6
60865,  -0.8,   0.8,   3.9,   2.7, -35.1,1030.0,  -0.7,   0.7
60893,  -0.2,  -0.9,   3.1,  30.8, -15.3, 993.4,  -0.5,   0.6
60917,  -0.1,   1.9,   3.0, -46.6,   1.8, 983.4,  -0.5,   0.7
60941,   0.2,   1.9,   3.5, -42.7,  16.4,1000.3,  -0.5,   0.7
60965,   0.1,   0.9,   4.5,  14.2,  30.1,1050.3,  -0.4,   0.6
60993,  -0.2,   0.9,   4.7,  52.3, -11.9, 988.0,  -0.3,   0.5
61017,   0.6,   1.1,   4.0,  -3.9,  23.3, 965.8,  -0.2,   0.4
61041,  -1.8,   1.1,   6.4,  35.7, -22.6, 982.2,  -0.2,   0.3
61065,  -3.3,   1.4,   7.3,  -5.4,   7.7, 977.3,  -0.3,   0.3
61093,  -1.5,  -0.6,   8.2, 140.4,   1.8,1016.1,  -0.7,   0.1
61117,   2.2,   2.8,   6.1, -27.3, -14.1,1052.3,  -0.5,   0.2
61141,   1.5,   3.1,   5.6,  18.1, -16.5,1016.1,  -0.3,  -0.1
61165,   0.7,   1.3,   5.5,  42.3, -55.8,1035.7,  -0.4,  -0.2
61193,  -1.0,   0.3,   6.0,  18.3, -18.5, 951.2,  -0.5,  -0.1
61217,  -0.7,   1.2,   6.7,   4.7,  19.6,1007.8,  -0.5,  -0.1
61241,   0.2,   1.1,   6.5,  53.5,  -2.6,1006.8,  -0.4,  -0.3
61269,   0.6,   1.6,   5.3,  22.5, -76.6,1013.4,  -0.6,  -0.3
61293,   0.3,   1.1,   5.2,  41.8,   0.8,1026.4,  -0.6,  -0.5
61321,   0.4,   1.6,   3.9,  41.3, -24.3, 991.7,  -0.6,  -0.5
61341,  -0.5,  -0.1,   4.3,  35.2,   9.1,1005.6,  -0.6,  -0.4
61369,  -0.5,   1.6,   3.9,  29.1,   3.0, 991.2,  -0.6,  -0.5
61393,  -0.2,   0.5,   3.2,   6.4, -71.0,1017.1,  -0.7,  -0.5
61417,  -0.1,   1.6,   3.3, -10.0, -32.9,1004.2,  -0.9,  -0.5
61441,   0.0,  -0.1,   2.8,  40.5, -51.4,1008.1,  -1.0,  -0.7
61469,   0.4,   3.9,   3.1,  -4.9, -29.0, 976.6,  -1.1,  -0.8
61493,   0.4,   0.9,   2.8,   6.9, -73.6,1059.1,  -1.2,  -0.9
61517,  -0.2,   0.0,   2.5,  59.6, -21.6, 988.3,  -1.3,  -0.9
61541,   0.7,   1.2,   2.0, -42.7, -46.8,1012.2,  -1.4,  -0.9
61569,   0.5,  -0.4,   2.5,  23.5, -48.5,1026.4,  -1.5,  -0.9
61593,  -0.9,  -0.0,   1.5,  14.4, -63.1,1015.9,  -1.7,  -0.9
61617,  -0.7,   2.4,   1.4,   3.4, -27.7, 972.2,  -1.7,  -0.9
61641,  -0.2,   0.1,   1.2,  42.3, -14.8,1043.0,  -1.9,  -1.0
61669,   0.7,   2.2,   0.1, -39.8,  12.8,1002.7,  -1.8,  -1.1
61693,  -0.7,  -0.3,   1.5,  79.4, -33.8, 983.9,  -1.8,  -1.0
61717,  -1.3,   1.4,  -0.2,  33.2,-105.6,1017.6,  -1.8,  -1.2
61741,  -2.1,   2.6,  -1.4,  54.5,-148.8,1188.7,  -1.9,  -1.2
61769,   1.4,  -1.7,   1.6,   2.9,  47.7,1111.6,  -1.6,  -0.7
61793,   1.8,   0.9,   1.5,  41.3, -26.5, 907.2,  -1.4,  -0.8
61821,   0.5,   2.0,  -0.2, -66.6, -43.4, 948.3,  -1.4,  -0.7
61841,  -0.5,   1.3,  -0.2,  84.5, -38.5, 976.3,  -1.3,  -1.0
61869,  -0.7,   1.1,  -0.6,  47.1,   2.0, 935.1,  -1.2,  -1.1
61893,  -0.1,   0.9,  -1.0, -18.3, -16.0, 973.4,  -1.2,  -1.0
61917,  -0.5,   1.4,  -1.0,  34.2, -19.4, 995.6,  -1.2,  -1.0
61941,   0.0,   1.5,  -0.2,   3.4, -47.8, 988.3,  -1.2,  -0.9
61969,  -0.1,   0.9,  -1.4,   5.4,  -2.8,1018.1,  -1.2,  -0.9
61993,  -0.5,  -1.0,   0.2,  10.0,   9.6, 983.2,  -1.1,  -0.9
62017,   0.9,   2.1,   0.4,  -9.7,  13.5,1027.6,  -1.1,  -0.8
62041,   0.5,   0.8,  -0.4,  79.6, -32.1,1016.1,  -1.1,  -1.0
62067,   0.3,   2.2,   0.1,  34.7,   5.0, 971.4,  -1.2,  -1.0
62091,  -0.7,   2.4,  -1.4, -22.0,  12.3,1030.0,  -1.1,  -1.0
62119,  -0.2,   0.0,  -0.5,  19.3,  27.2, 930.9,  -1.0,  -0.8
62143,  -0.2,   0.9,  -1.1,   9.0, -50.0,1022.2,  -1.0,  -0.8
62167,  -0.1,   0.9,   0.1,  17.4,  -3.1, 991.5,  -1.0,  -0.8
62191,  -1.0,   1.9,   0.2,  21.3, -20.4,1024.4,  -0.9,  -0.8
62219,   0.0,   1.7,  -0.2,  23.9,  23.0, 988.0,  -0.8,  -0.8
62243,   1.3,   0.1,  -1.2,  -2.2,  21.8, 989.8,  -0.7,  -0.6
62267,  -0.3,  -0.4,   0.1,  42.5,  -2.4, 985.6,  -0.6,  -0.5
62291,  -1.1,  -0.7,   0.2,  36.1, -20.7, 998.8,  -0.6,  -0.6
62319,   0.1,   1.7,  -0.7,  22.7, -29.2,1008.8,  -0.6,  -0.6
62343,  -1.4,   1.7,  -1.6,  55.9, -17.5, 941.9,  -0.6,  -0.8
62367,  -0.5,   2.3,  -3.4,  64.0,   2.5, 992.2,  -0.7,  -1.0
62395,   2.1,   2.0,  -0.5, -77.4,  -3.6,1105.5,  -0.7,  -0.5
62419,   1.7,   2.0,   0.7, -90.1, -32.4, 970.5,  -0.5,  -0.4
62443,   1.2,   0.1,   0.9, -10.2,   8.4, 969.5,  -0.6,  -0.3
62467,  -0.8,   1.7,   0.9,  23.9, -39.5, 999.8,  -0.5,  -0.4
62495,  -1.2,   0.0,   0.5,   7.3,  19.9, 983.2,  -0.5,  -0.5
62519,  -1.0,   2.0,  -0.2, -11.0, -30.4,1030.8,  -0.5,  -0.5
62543,   0.6,   1.1,  -1.3,  16.1,  17.9, 992.4,  -0.4,  -0.7
62567,  -0.1,   1.0,  -1.8, -10.7,  49.6, 991.2,  -0.5,  -0.6
62595,  -1.0,   1.4,  -0.0,  27.1, -10.9, 958.0,  -0.4,  -0.6
62619,   0.0,   0.1,   0.7, -11.7,  37.2, 975.6,  -0.3,  -0.4
62643,   0.8,  -2.0,   0.7,  65.9, -13.6,1009.8,  -0.2,  -0.4
62667,   0.0,   1.3,   1.3,  12.5, -37.8, 996.8,  -0.2,  -0.5
62695,  -0.4,   0.9,   1.0,  34.2,  -9.4,1000.5,  -0.2,  -0.4
62719,   0.1,   0.3,   0.0,  28.8, -21.2,1003.7,  -0.3,  -0.5
62743,  -0.4,   1.2,  -0.6,  -0.7, -10.2,1005.1,  -0.4,  -0.6
62767,   0.3,   2.5,  -1.1,  48.6, -21.6, 978.5,  -0.5,  -0.8
62795,  -0.2,   1.4,  -1.3,  24.9,  -8.5,1036.9,  -0.5,  -0.8
62823,   0.8,   0.8,  -0.6,  39.1,  -4.1, 982.7,  -0.5,  -0.8
62843,   0.1,   0.5,  -1.0,  28.6, -29.2, 993.4,  -0.6,  -0.7
62867,   0.0,   2.5,  -0.7,  47.6,  -8.0, 987.6,  -0.5,  -0.7
62895,   0.6,   0.8,   0.1,  21.3,  13.3,1003.9,  -0.5,  -0.8
62919,   1.3,   2.6,  -0.0, -30.7,  -6.3,1027.4,  -0.3,  -0.8
62943,   1.0,   0.3,   0.1,  10.3,  15.0, 976.6,  -0.1,  -0.6
62967,   0.1,   0.7,   0.3,  -0.2,  11.8, 999.3,  -0.1,  -0.5
62995,  -1.2,  -2.7,   0.4,  41.0, -20.7,1012.7,  -0.3,  -0.4
63019,  -1.5,  -0.8,  -0.1, 175.6,  21.3, 997.8,  -0.4,  -0.7
63043,  -3.4,   3.1,  -4.8,  59.6,  -1.4, 969.5,  -0.6,  -1.0
63067,  -0.7,   5.0,  -4.8,-112.8,  36.5,1116.0,  -0.9,  -0.9
63095,   0.7,   0.5,  -0.5,  -4.1,  -0.6, 894.8,  -0.8,  -0.4
63119,   0.6,  -0.7,  -1.1,  55.2,  -2.8,1098.6,  -0.8,  -0.6
63143,  -0.2,   2.3,  -1.3, -39.3, -35.8, 942.4,  -0.8,  -0.3
63167,  -0.1,   1.6,  -0.8, -18.0,  26.7, 980.0,  -0.8,  -0.5
63195,   0.4,  -0.4,  -1.0,  18.1,  29.1,1030.5,  -0.8,  -0.5
63219,   0.7,   1.4,  -1.8,   5.9, -34.1,1001.7,  -0.7,  -0.6
63243,   0.4,  -2.2,  -1.8,  20.3, -39.5,1009.0,  -0.8,  -0.5
63267,  -1.0,   0.5,  -2.7,  13.7,   4.0, 978.3,  -0.8,  -0.6
63295,  -0.6,   2.2,  -3.3, -24.4, -31.4, 977.8,  -1.0,  -0.7
63323,   0.2,  -0.2,  -3.5,  -1.4, -19.0,1043.0,  -1.0,  -0.7
63343,   0.4,  -0.9,  -1.8,  48.6,  11.6, 983.9,  -0.9,  -0.7
63367,   0.1,   1.0,  -3.1, -84.2,   3.8,1029.6,  -1.0,  -0.6
63395,  -0.7,   1.3,  -3.7,  -9.3, -40.2, 959.2,  -1.0,  -0.7
63419,  -0.1,  -1.9,  -2.2,  92.5, -22.9,1028.1,  -1.1,  -0.7
63443,  -0.8,  -0.7,  -3.4,   6.4, -42.9,1042.5,  -1.1,  -0.7
63471,  -0.3,  -1.0,  -3.0,  31.5, -10.7,1004.9,  -1.1,  -0.7
63495,  -1.8,  -0.7,  -3.5,  25.4, -29.2, 976.8,  -1.2,  -0.7
63519,  -1.3,  -0.3,  -4.5,  45.9, -28.2, 975.4,  -1.2,  -0.8
63543,  -2.4,  -1.1,  -4.6,  20.3, -28.7, 999.0,  -1.3,  -0.8
63571,  -1.4,   2.3,  -4.3, -55.4, -50.4, 992.2,  -1.5,  -0.8
63595,  -2.9,   1.7,  -4.0, -22.4,  -0.6, 928.5,  -1.5,  -0.8
63619,   2.5,   0.0,  -2.7,-260.2, 213.5, 976.3,  -1.7,  -0.4
63643,   2.8,  -2.6,  -0.3,  97.7,  15.0,1007.8,  -1.6,  -0.3
63671,   1.4,   3.6,  -5.3, -58.6,  -0.2, 984.6,  -1.2,  -0.7
63693,   0.6,   0.9,  -5.2,  35.9, -64.6, 991.7,  -1.2,  -0.9
63721,  -1.5,   2.4,  -4.7,  10.3, -45.3, 963.9,  -1.3,  -1.1
63745,  -3.1,  -1.2,  -4.1,  69.4,  -0.9, 985.4,  -1.4,  -1.0
63769,  -1.0,   1.2,  -3.0, -12.9, -19.9, 998.1,  -1.4,  -0.7
63793,  -0.7,   1.1,  -4.0,  21.5, -35.3,1073.3,  -1.3,  -0.8
63821,   0.0,  -0.3,  -4.9,  28.8,   2.5,1002.2,  -1.3,  -0.8
63845,  -0.1,   0.2,  -4.1,  38.6, -64.6, 973.2,  -1.4,  -0.8
63869,  -1.1,   0.7,  -3.5, -56.6, -22.4, 952.4,  -1.4,  -0.7
63893,  -0.4,  -0.9,  -2.8,  68.4,  20.8,1043.0,  -1.3,  -0.6
63921,  -0.9,   0.1,  -4.1, 126.2,  -5.0,1023.2,  -1.2,  -0.7
63945,  -1.6,   0.1,  -3.6,  15.6, -53.6, 945.8,  -1.2,  -0.5
63969,  -0.7,   0.1,  -4.2,  77.7,  -0.4, 965.3,  -1.2,  -0.6
63993,   1.2,   1.1,  -3.8, -62.0,  22.3,1001.2,  -1.1,  -0.5
64021,  -2.1,  -0.1,  -2.6, -11.9, -71.7, 987.1,  -1.0,  -0.4
64045,  -0.2,  -0.1,  -3.3,  23.7, -36.0,1086.4,  -0.8,  -0.4
64069,   0.6,   1.6,  -3.5, -61.0, 110.0, 947.5,  -0.5,  -0.2
64093,  -1.0,   0.9,  -3.2,  30.0, -42.1,1016.1,  -0.5,  -0.3
64121,  -2.5,   2.6,  -4.3,  57.4,  28.7, 976.1,  -0.4,  -0.6
64145,  -3.2,   2.1,  -4.6,  -2.4,  17.2, 924.8,  -0.2,  -0.6
64169,  -2.7,   4.2,  -3.8, -67.1,-149.3,1292.7,  -0.5,  -0.7
64193,   0.9,  -4.1,   0.8,-108.9,  93.6, 887.5,  -0.4,   0.1
64221,   1.0,   1.4,  -2.5, -38.3,   8.4, 958.3,  -0.3,  -0.2
64245,   2.0,   1.1,  -5.6, -10.2,  35.2,1045.4,  -0.0,  -0.4
64269,   0.9,   0.2,  -3.8,  48.8, -13.1, 943.4,  -0.1,  -0.5
64293,   0.1,   0.1,  -3.0,  39.8, -50.2,1011.0,  -0.2,  -0.7
64321,  -0.6,   0.9,  -2.6,  -7.3,  15.7,1033.0,  -0.1,  -0.7
64345,  -0.2,   1.9,  -2.3, -23.4,  45.7, 993.2,   0.1,  -0.5
64369,  -0.6,   1.7,  -2.2,  45.9,   6.7,1006.8,   0.3,  -0.6
64393,  -1.0,   0.9,  -1.6,  63.2, -15.0, 997.3,   0.4,  -0.5
64421,  -1.1,   3.5,  -2.4, -21.0,  21.8, 980.7,   0.5,  -0.4
64445,  -0.2,   1.7,  -1.7,  12.5,  16.7,1022.2,   0.5,  -0.4
64469,   0.3,   1.7,  -1.4,   5.1,   8.9, 998.5,   0.6,  -0.6
64493,  -0.4,   0.6,  -2.0, -21.0,   0.6, 998.3,   0.6,  -0.5
64521,  -1.3,   0.3,  -2.7,  -7.8,  25.2, 992.0,   0.9,  -0.4
64545,   0.4,   0.7,  -2.4,  23.2,  26.2,1014.9,   0.9,  -0.3
64569,   0.0,   1.1,  -2.8,  11.7,  31.6, 989.0,   1.0,  -0.4
64597,   0.4,  -0.7,  -2.2, -22.7,  27.7, 981.5,   1.1,  -0.4
64621,  -0.3,   0.7,  -1.9,  18.1,  32.6, 999.5,   1.2,  -0.4
64645,   0.4,   0.8,  -1.0, -23.9,  55.0, 986.3,   1.3,  -0.3
64669,  -0.6,   1.4,  -2.1,   5.4,  14.2, 989.0,   1.4,  -0.4
64697,  -0.4,   2.6,  -1.4,   1.5,  27.2,1016.1,   1.4,  -0.4
64721,   0.3,  -1.1,  -1.5,  22.2,  31.3, 971.7,   1.5,  -0.4
64745,  -0.6,  -0.1,  -1.6, -12.4,  28.7, 993.4,   1.6,  -0.4
64769,  -0.8,   1.2,  -1.6,  18.1,   4.0,1010.3,   1.5,  -0.4
64797,  -1.3,   3.6,  -2.5,   7.8,   4.0, 987.1,   1.4,  -0.4
64824,  -0.4,   3.0,  -2.7,  -0.5,   7.4, 983.2,   1.4,  -0.4
64844,  -1.6,   2.5,  -2.1,  40.1, -24.3,1010.3,   1.3,  -0.3
64872,   2.6,   0.9,  -0.8, -12.7,  38.7,1063.2,   1.8,  -0.1
64896,   2.0,   2.5,   0.6,  -6.6,   3.5, 956.6,   1.8,   0.0
64920,   0.4,  -0.0,   0.4,  44.5,   1.6,1007.3,   1.8,  -0.0
64944,   1.1,  -0.8,  -0.0,  17.4,  22.3, 998.8,   1.8,  -0.1
64972,   0.9,   1.1,  -0.5,   3.2,  39.2, 976.1,   1.9,  -0.2
64996,  -0.1,   0.1,  -0.8,   4.9,  44.0,1004.4,   2.0,  -0.2
65020,  -0.2,   1.6,  -0.3,   4.7,  25.0,1002.5,   2.0,  -0.2
65044,   0.4,   1.9,  -0.2,  -6.6,  11.3, 989.3,   1.9,  -0.2
65072,   0.4,  -0.2,   0.9, -12.9,  26.5,1004.7,   1.9,  -0.2
65096,   0.1,   1.9,   1.3,  -4.9,  11.8,1004.9,   1.9,  -0.1
65120,  -0.3,   1.2,   2.6,   3.7,   2.0,1000.7,   1.8,  -0.1
65144,   0.3,   1.5,   2.9,  25.2,  -7.7, 995.1,   1.6,  -0.2
65172,   0.9,   1.3,   3.1,  13.7,  -9.4, 994.4,   1.4,  -0.2
65196,  -1.0,   1.2,   2.3,  20.8,  -8.5, 985.9,   1.2,  -0.3
65220,   1.0,   1.2,   1.0,  30.0,   6.7, 991.5,   1.1,  -0.3
65244,   0.4,   1.9,   0.4,  20.5,  -1.4, 990.5,   1.0,  -0.4
65272,   0.7,   1.6,  -0.1,   9.0,  -0.2, 998.3,   0.9,  -0.5
65296,   0.2,   1.1,  -0.0,  17.4,   0.6, 993.7,   0.8,  -0.5
65326,   0.1,   1.7,   0.2,  12.0,   5.0, 995.6,   0.8,  -0.5
65346,   0.1,   1.1,   0.0,  24.7,   0.6, 986.6,   0.7,  -0.5
65370,   0.0,   1.9,   0.9,  17.4, -10.7, 990.5,   0.6,  -0.6
65394,  -1.1,   2.7,  -0.2,  23.9, -19.2,1001.7,   0.4,  -0.6
65422,   0.4,   1.7,   0.8,   5.4, -20.7,1000.3,   0.3,  -0.6
65446,   0.2,   2.0,   0.9,   2.5, -14.1, 999.0,   0.2,  -0.6
65470,   0.1,   0.1,   1.5, -11.9, -16.8,1011.7,   0.1,  -0.5
65494,  -1.0,   2.1,   1.1,  11.2,  -3.1,1007.8,  -0.0,  -0.5
65522,   0.3,   1.9,   1.1,   3.7,  -6.0,1004.9,  -0.1,  -0.5
65546,   0.1,   1.2,   0.4,  14.2,  -3.3, 990.2,  -0.1,  -0.5
65570,  -0.1,   1.9,   0.9,  -3.6, -24.8,1008.6,  -0.3,  -0.4
65594,  -1.0,   1.5,   0.3,  -3.2, -25.5,1014.9,  -0.4,  -0.3
65622,  -0.4,   1.3,   1.0,   3.9, -33.6,1006.6,  -0.6,  -0.3
65646,   0.1,   2.0,   1.7,  11.7, -38.2,1023.2,  -0.8,  -0.4
65670,  -0.5,  -0.0,   1.6,  -9.5, -43.6,1001.7,  -1.0,  -0.3
65698,  -1.0,   2.2,   1.1,   5.9, -58.7,1002.7,  -1.3,  -0.3
65722,  -0.4,   0.7,   1.2,  13.4, -54.1,1011.0,  -1.5,  -0.3
65746,  -1.5,   1.1,   1.1,  18.3, -92.0,1008.8,  -1.9,  -0.3
65770,  -0.1,   0.8,   1.2,  18.8, -70.0,1005.1,  -2.2,  -0.5
65798,  -0.7,   0.2,   0.6,  15.6, -80.7, 996.6,  -2.5,  -0.5
65826,  -0.8,   2.6,   0.6,   5.4, -77.3, 994.4,  -2.7,  -0.4
65846,  -0.9,   0.8,   1.1,  13.4, -91.5, 997.6,  -2.9,  -0.4
65870,  -0.2,   2.7,   1.2,  41.0, -64.9, 992.4,  -3.2,  -0.5
65898,   1.2,   2.1,   1.6,  33.2, -69.0, 989.8,  -3.4,  -0.5
65922,   1.5,  -0.5,   1.8,  35.9, -78.0, 988.8,  -3.7,  -0.6
65946,  -0.8,   4.2,   0.8, -19.8, -79.0,1003.4,  -3.9,  -0.6
65970,  -0.8,   0.0,   0.6,  22.2, -78.0,1038.1,  -3.9,  -0.6
65998,  -1.2,   3.3,   0.9,   2.5,-124.9,1080.6,  -4.1,  -0.7
66022,   0.7,   1.0,   1.2, -16.3,  -6.0,1001.2,  -4.1,  -0.6
66046,   0.8,   1.2,   0.6, -28.1, -44.6,1000.3,  -4.2,  -0.6
66070,   2.0,   1.7,   0.4,  44.7, -30.2, 992.4,  -4.1,  -0.6
66098,  -0.9,   2.5,   0.6, -14.1, -42.4,1009.5,  -4.1,  -0.6
66122,  -0.2,   4.0,   0.1,   2.5, -73.6,1009.3,  -4.1,  -0.6
66146,  -1.1,   3.8,  -0.0,  77.4, -28.2,1036.1,  -4.1,  -0.6
66170,  -1.5,   4.4,  -1.6,  78.1, -45.3,1020.3,  -4.0,  -0.9
66198,   1.9,   3.4,   2.2,-172.1,  29.1,1038.3,  -3.8,  -0.2
66222,   1.0,   2.9,   4.2, -83.0, -85.8, 929.2,  -3.6,  -0.2
66246,   1.7,   2.4,   3.3,-152.6,-274.8,1268.3,  -3.8,   0.5
66270,   1.9,  -1.4,   1.3, 205.8,-213.3, 985.6,  -3.5,   0.1
66298,   0.4,   0.6,   1.7, 151.6,  97.0,1008.8,  -3.1,   0.1
66326,   3.1,  -5.7,   2.0, 157.7,-106.4,1125.0,  -3.1,  -0.2
66346,   0.7,   0.3,   1.5, -32.2,  44.5,1042.2,  -2.9,  -0.0
66370,  -1.2,   2.0,   2.3, -12.7, -45.1, 950.2,  -2.8,   0.1
66398,  -1.4,  -0.6,   3.6,  -7.3, -95.6,1010.8,  -2.7,   0.1
66422,  -0.5,   3.4,   3.6,-131.1, -19.2, 931.2,  -2.6,   0.2
66446,   0.1,   1.6,   5.1,  25.7, 109.7,1093.0,  -2.3,   0.1
66470,  -1.9,   1.0,   5.3,  48.8, -74.4, 958.5,  -2.2,   0.2
66498,   1.5,   0.5,   5.3,  56.4,  48.4, 964.4,  -2.3,   0.2
66522,   0.9,  -1.1,   5.3,  77.2,  -0.6, 967.3,  -2.3,   0.1
66546,   0.3,  -1.5,   4.5,  67.2,   7.2,1065.4,  -2.1,   0.0
66570,   0.4,  -1.0,   6.2,  40.3,  -2.8, 948.7,  -1.9,   0.2
66598,  -1.5,   2.7,   5.2, -42.2, -30.2, 890.9,  -1.8,   0.2
66622,  -2.3,   3.1,   4.5,  78.6,  19.4, 984.4,  -1.7,  -0.2
66646,  -1.2,   6.4,   5.9,-369.6,-123.4, 973.2,  -1.9,   0.3
66670,   1.1,  -4.6,  10.5, 270.8, 190.5,1028.8,  -1.5,   0.3
66698,   2.0,   0.1,   5.0,  81.1, 136.8, 998.5,  -1.3,  -0.1
66722,   0.1,   4.1,   4.6,-105.0,  28.7, 900.6,  -1.1,   0.0
66746,   1.2,   3.7,   6.7, -11.9, -20.2,1017.1,  -1.4,  -0.2
66770,   1.7,   3.1,   7.7, -97.2,  35.7, 937.0,  -1.2,  -0.0
66798,   0.4,   5.0,   7.8,-105.2,  39.4, 901.6,  -1.1,   0.1
66826,   1.8,   0.8,   8.6,  25.2,  19.6,1067.4,  -0.9,   0.0
66846,   0.6,  -0.5,   8.7, 232.9, -78.8,1014.7,  -1.0,  -0.4
66874,   0.9,   3.3,   5.8, -77.6,  28.9, 908.7,  -0.9,  -0.2
66898,   0.7,  -0.2,   6.5, -23.4, 141.9, 955.8,  -0.6,  -0.1
66922,   1.0,   0.1,   6.8, -35.6, -43.4, 953.9,  -0.7,  -0.1
66948,  -0.1,   3.7,   6.7, -63.5,  12.8, 941.2,  -0.6,  -0.2
66972,   0.0,  -1.3,   7.2,  90.3,  -2.8,1023.7,  -0.5,  -0.3
66996,   0.4,   2.1,   5.3, -33.2, -10.9,1024.4,  -0.6,  -0.4
67024,  -0.5,   3.7,   3.7, -28.5, -29.0,1011.5,  -0.4,  -0.4
67048,  -3.0,   2.5,   4.4,  91.1, -68.8,1002.9,  -0.5,  -0.6
67072,  -1.3,   3.9,   2.2, 166.3, -26.3, 872.1,  -0.7,  -1.2
67096,  -1.2,  -4.9,  -0.0,  34.9, -56.3,1095.7,  -0.8,  -1.3
67124,   3.9,   2.9,   1.7, -50.8,   3.8, 845.2,  -0.3,  -1.3
67148,  -0.1,   4.0,   1.0, -80.1, -50.2, 978.8,  -0.3,  -1.3
67172,   0.6,   2.5,   1.5, -21.0,  34.3, 898.2,  -0.4,  -1.2
67196,  -1.3,   0.3,   1.8,  -1.2,  14.0,1015.1,  -0.4,  -1.1
67224,   1.0,   4.2,   0.8,-119.6, -34.3,1021.0,  -0.5,  -1.0
67248,   0.3,   0.8,  -0.0,  79.6, -39.5, 988.0,  -0.4,  -1.0
67272,   0.1,  -1.7,  -2.4, 114.0, -60.5,1004.4,  -0.4,  -1.2
67296,   1.1,   2.2,  -3.3, -56.1,  19.6, 976.8,  -0.6,  -1.2
67324,   2.3,   0.5,  -2.4,  34.4,   1.1, 954.8,  -0.5,  -1.3
67348,  -0.3,   3.0,  -4.6,  10.3,-129.1,1101.1,  -0.6,  -1.4
67372,  -1.1,  -2.1,  -4.4,  51.3, -45.1,1064.5,  -0.4,  -1.0
67396,   1.4,  -0.9,  -5.0,  67.4, -21.9,1043.0,  -0.3,  -1.0
67424,   2.2,   2.3,  -4.7, 102.3,  34.3,1010.3,  -0.4,  -1.1
67448,   1.7,   1.0,  -6.8,  37.4, -83.7,1090.3,  -0.4,  -1.2
67472,   1.0,   1.7,  -4.4, -38.6,  19.6,1070.8,  -0.3,  -0.9
67496,   0.4,   1.8,  -4.3,-111.1,  56.7, 926.0,  -0.1,  -0.6
67524,  -1.6,   2.6,  -4.6, -14.6, -67.1, 948.3,  -0.3,  -0.7
67548,  -0.1,  -0.1,  -2.4,-200.4,  -9.2,1072.3,  -0.8,  -0.3
67572,   2.1,  -1.7,  -3.0, 279.8, -20.2,1021.3,  -0.5,  -0.4
67596,   2.1,  -1.6,  -3.6,  32.2,  41.6, 966.3,  -0.2,  -0.1
67624,   0.8,   0.9,  -4.3, -35.6, -92.9, 962.4,  -0.3,  -0.1
67648,   2.3,   2.3,  -3.5,-147.7,  54.0, 932.9,  -0.3,   0.1
67672,  -0.8,  -1.0,  -3.8, -10.0,-121.0,1008.3,  -0.4,   0.1
67696,  -0.5,  -1.1,  -3.7,  31.3, -31.7,1054.0,  -0.2,   0.2
67724,   0.7,  -1.1,  -3.2,  19.3,  97.7,1011.5,  -0.0,   0.3
67748,   0.1,  -0.7,  -2.5,  -6.3, -84.1,1147.2,  -0.2,   0.3
67772,   1.8,   0.8,  -0.8,  18.3, -33.6,1011.2,  -0.2,   0.3
67796,   0.6,  -0.4,   0.2, -85.9,  34.3,1021.3,  -0.0,   0.7
67824,  -0.5,  -1.1,   1.1,  88.9,  -7.0,1063.2,  -0.0,   0.5
67848,   1.0,   1.2,   0.8, -46.1,  15.0, 931.7,  -0.2,   0.5
67872,  -0.1,   1.9,   1.2, -30.3,  35.7, 954.1,  -0.2,   0.4
67896,   1.3,  -2.0,   1.7,   6.9, -25.1,1035.4,  -0.1,   0.4
67924,   1.7,  -1.2,   1.7,  13.9,  86.8, 998.5,   0.3,   0.4
67948,  -0.9,  -1.1,   0.8,  34.4, -20.9,1003.2,   0.2,   0.3
67972,   3.2,  -1.0,   3.8, -64.9,  -0.4,1114.3,  -0.1,   0.6
68000,   1.9,  -2.3,   8.3, 139.9,  25.5, 833.8,   0.4,   0.6
68024,   1.3,   5.0,   3.5, -78.1, -28.2, 969.0,   0.5,   0.3
68048,   0.4,  -3.1,   2.8, 146.3,  20.8, 973.9,   0.8,   0.3
68072,  -0.6,   5.8,   3.7,-125.0,  48.9, 928.5,   0.6,   0.1
68100,  -1.0,  -1.5,   4.2, 230.0, -31.2,1122.8,   0.5,  -0.1
68124,  -0.7,   2.6,   5.1,  23.9,   4.5, 939.5,   0.4,   0.3
68148,   0.6,   1.6,   5.2,  42.7, -15.0,1128.7,   0.5,   0.3
68172,  -0.3,   1.9,   5.3,   3.9, -67.5,1066.2,   0.4,   0.3
68200,   1.5,  -1.4,   6.4,  29.1,  15.5, 981.7,   0.4,   0.3
68224,   0.3,   3.8,   5.0, -41.0,  48.7, 944.8,   0.4,   0.2
68248,  -0.3,   1.4,   5.3,  64.7, -49.2,1004.2,   0.2,   0.0
68272,   1.2,   0.5,   5.0,-139.6,  39.6, 987.3,   0.2,   0.2
68300,   2.0,   0.2,   5.1, 100.4, -42.6,1099.6,   0.1,  -0.1
68328,   2.5,   3.0,   3.7, -10.0,   7.4, 986.8,   0.2,  -0.0
68348,   1.8,   0.0,   5.4,  97.9,   7.9, 995.9,   0.2,  -0.1
68372,   0.6,  -0.8,   6.0, -17.3,  25.5, 902.6,   0.2,   0.0
68400,  -0.9,   5.2,   4.3,  74.0, -66.6, 954.8,  -0.2,  -0.5
68424,  -0.7,   0.9,  -0.6,  36.6,  66.0, 989.8,  -0.1,  -0.8
68448,   0.1,  13.6,  -1.2,-447.7,  -9.7, 985.6,  -0.3,  -0.7
68472,   2.5,  -9.1,   4.7, 325.0, 123.1,1152.1,  -0.3,  -0.4
68500,   0.3,   1.9,   1.7, -89.1,  23.8,1014.4,  -0.5,  -0.0
68524,   1.3,   0.6,   1.1, -35.1,  53.3,1027.6,  -0.4,  -0.1
68548,  -0.1,   2.3,   1.5, -49.5, -88.8, 960.5,  -0.6,  -0.2
68574,   0.2,  -0.2,   1.1,-130.6, -62.2,1016.9,  -0.7,   0.1
68598,  -0.4,   2.3,  -0.2, 106.0, -56.6,1148.9,  -0.6,  -0.1
68622,   2.0,   3.4,  -2.7, -15.4, -45.6,1005.4,  -0.5,   0.0
68650,   1.5,  -1.3,  -2.4,  17.6,   8.9, 950.2,  -0.5,   0.1
68674,   0.7,  -0.0,  -3.8, -34.7, -36.3, 973.4,  -0.7,   0.1
68698,   3.7,   2.4,  -3.0,-169.4,  16.4, 943.1,  -0.7,   0.3
68722,   2.1,  -2.5,  -3.9, -31.7,  31.3, 979.3,  -0.3,   0.2
68750,   2.6,  -1.1,  -4.4, -13.2,  20.6,1023.7,  -0.3,   0.1
68774,   4.2,   5.2,  -5.8,-146.7,  -9.7,1054.7,  -0.3,  -0.0
68798,  -0.8,  -3.8,  -4.4,  31.8,   2.8,1076.9,   0.1,   0.3
68826,   8.2,  -3.5,  -3.1,  23.2, 210.3, 970.5,   0.5,   0.1
68850,   3.7,  -1.2,  -6.0, -28.1,  11.6, 972.2,   1.2,  -0.2
68874,   3.1,  -1.6,  -4.5, 160.4,  63.6,1031.5,   1.5,  -0.4
68898,   1.0,   3.5,  -3.6, -14.9, -66.3, 921.4,   1.3,  -0.4
68922,   1.7,  -1.1,  -3.6,  15.2,  47.5,1085.7,   1.6,  -0.2
68950,   1.9,  -2.6,  -2.8, 116.2,  54.5, 995.4,   2.0,  -0.2
68974,   2.6,   3.1,  -3.2, -65.4, 104.1, 875.7,   2.1,  -0.1
68998,   2.7,   0.6,  -3.5,  -2.2, -17.2,1014.9,   2.0,  -0.1
69026,   3.2,  -2.5,  -1.6,  52.3,  58.2,1027.1,   2.4,   0.3
69050,   0.7,  -0.7,  -2.1,  47.4, -72.7, 975.4,   2.2,   0.1
69074,   4.1,  -0.2,  -2.7, -54.4,  19.4,1077.9,   2.1,   0.2
69098,   2.3,   2.8,  -3.8, -25.4,  13.8, 952.6,   2.2,   0.3
69126,   3.7,   3.3,  -2.9, -96.9,  14.5, 999.5,   2.2,   0.3
69150,   4.5,  -1.5,  -2.7, -47.8, 120.0, 963.9,   2.5,   0.5
69174,   2.5,  -2.1,  -2.4, 114.0,   5.5, 984.6,   2.3,   0.2
69198,   4.2,   1.1,  -2.1,  46.4,  65.5,1004.4,   2.4,   0.1
69226,  -0.9,   0.3,   0.5, -20.0,-210.8,1247.1,   2.4,   0.3
69250,   7.7,  -0.9,   1.4, -57.6, 179.8, 983.4,   2.7,   0.5
69274,   3.8,   2.2,  -0.5,-164.5,  55.8, 929.7,   3.1,   0.3
69298,  -0.2,   0.1,  -0.3,  93.5,   3.0,1028.3,   3.2,   0.2
69326,   1.9,   2.6,   1.4, -86.9,  61.6, 924.6,   3.3,   0.3
69350,   2.4,   0.0,   2.7,  34.7, 125.3,1058.6,   3.3,   0.4
69374,   2.0,  -1.6,   3.1,   9.0,  55.5,1033.7,   3.3,   0.6
69398,   0.8,  -1.7,   2.9,  89.1, -26.8,1097.2,   3.2,   0.5
69426,   2.3,   0.8,   3.5,   6.4,  34.5, 942.6,   3.0,   0.5
69450,  -3.2,   7.6,   1.0, 196.3,-322.4,1427.3,   2.8,  -0.2
69474,   7.0,  -2.6,   3.5,-157.9, 373.4, 826.7,   3.1,   0.8
69498,   3.4,   6.1,   2.2,-179.2,  21.6,1027.1,   3.2,   0.5
69526,   4.5,   0.8,   2.9,  52.8,  67.0, 955.6,   3.2,   0.4
69550,   2.1,   2.3,   1.4,  -3.6, -29.9, 961.7,   3.3,   0.3
69574,   1.5,   0.7,   3.3,  40.3, 145.1, 945.8,   3.6,   0.2
69598,  -0.2,   0.1,   4.8, -65.4,  21.1, 934.6,   3.6,   0.5
69626,   5.0,   0.1,   5.1,  92.1,  65.8,1299.8,   3.3,   0.3
69650,   4.5,   1.4,   4.5,  -0.7, 141.0, 901.4,   3.7,   0.5
69674,   2.0,   2.2,   2.2, -66.1,  38.4, 927.5,   3.7,   0.5
69698,  -0.7,   0.5,   3.2, -16.6, -14.8, 984.6,   3.5,   0.5
69726,  -0.5,   4.3,   2.7,-109.6,  17.7,1017.3,   3.1,   0.4
69750,  -0.1,   4.4,   3.7,-146.5, 187.8,1014.7,   3.2,   0.7
69774,  -0.8,   1.1,   3.2, -36.6,  53.8,1039.6,   3.1,   0.6
69798,   1.0,   2.6,   3.1, -34.4,  46.5, 961.2,   3.0,   0.4
69826,   0.9,   1.6,   2.6,  73.5,  23.8,1085.2,   2.9,   0.4
69850,  -0.2,   3.7,   1.8,  47.9,  -8.9, 981.5,   2.7,   0.3
69874,  -2.7,  -0.1,   3.6, -19.3, -19.2, 969.5,   2.8,   0.5
69898,  -1.6,  -1.0,   2.5, 131.1, -18.0, 970.7,   2.5,   0.3
69926,  -0.4,   1.9,  -0.3, -45.9,  79.2,1006.4,   2.4,   0.2
69950,  -1.8,   0.4,   0.8, -34.7,  35.0, 937.0,   2.5,   0.1
69974,  -2.1,   0.9,   2.3,  19.8,  -5.8, 882.8,   2.4,   0.3
69998,  -2.3,   1.8,   2.7, -52.5,  19.1, 865.5,   2.1,   0.4
70026,   0.3,   8.0,  -2.5, -55.6, 125.3,1115.0,   1.7,  -0.6
70050,  -0.5,   1.6,   3.4,-228.7, 318.9, 909.9,   2.0,   0.5
70074,  -1.1,  -3.9,  -1.2,  17.8, -87.6,1239.3,   1.7,  -0.2
70098,   1.2,   4.1,  -1.0,-131.6,  51.1, 978.0,   1.6,   0.0
70126,  -2.9,   0.8,  -0.5,   2.7,  43.5, 962.2,   1.6,   0.1
70150,  -3.3,  -2.8,  -0.3,   8.6,   9.1,1032.5,   1.6,   0.1
70174,  -0.1,  -0.6,  -0.0,  59.6, 128.5, 936.3,   1.6,   0.0
70200,  -0.8,  -2.1,  -3.5, 108.4,  80.7,1038.1,   1.6,  -0.3
70224,  -2.5,  -0.5,  -1.8,  97.4,  41.6,1071.3,   1.8,  -0.2
70252,  -1.8,  -0.5,  -2.3,  93.5,  54.0, 992.7,   1.9,  -0.3
70276,  -1.5,   3.2,  -3.4, -93.0, 124.4, 953.4,   2.0,  -0.2
70300,  -3.0,   3.5,  -4.1,-114.0, -34.6,1037.4,   2.2,  -0.3
70328,  -2.4,  -1.6,  -2.7, -16.8,  -4.3,1031.3,   2.1,  -0.3
70352,  -2.4,  -1.8,  -2.2,  -8.0,  59.2, 953.1,   2.1,  -0.3
70376,  -1.6,   0.5,  -4.4, 145.0, -24.3, 997.8,   1.8,  -0.8
70400,  -1.0,  -3.0,  -3.8, 138.2, -39.2, 946.8,   2.2,  -0.3
70424,   0.3,  -1.9,  -3.7, 125.0, 171.5,1066.9,   2.8,  -0.5
70452,  -1.6,   1.1,  -2.9, -40.5, -42.6, 951.2,   2.6,  -0.4
70476,  -0.9,  -1.9,  -1.9,  59.1, -10.4,1027.4,   2.6,  -0.1
70500,   0.3,   0.8,  -3.0, -16.6,  82.1, 941.7,   2.8,  -0.1
70524,   0.5,   0.8,  -2.9,  22.2, 140.0, 968.5,   2.9,  -0.2
70552,   0.4,  -2.9,  -2.6, 176.3,   6.9,1027.8,   2.9,  -0.1
70576,   2.4,   6.7,  -3.1,-165.0, 106.8, 999.0,   2.8,   0.1
70600,  -1.6,  -2.2,  -3.0,  20.5,  25.2,1011.2,   3.3,   0.3
70624,   1.6,   0.8,  -3.2,  36.9,  69.2, 946.1,   3.3,   0.2
70652,  -1.6,  -0.2,  -2.4,  48.4,  87.2, 996.4,   3.5,   0.3
70676,  -0.8,   1.9,  -1.9, -48.1, 119.0, 949.5,   3.6,   0.4
70700,  -2.8,  -0.8,  -1.6, 110.6, -15.5,1171.2,   3.7,   0.3
70724,  -1.3,   3.3,  -1.0, -63.2, 104.6, 947.8,   3.7,   0.6
70752,  -2.4,   6.3,  -3.2,-117.9, -96.1,1042.5,   3.4,   0.2
70776,   6.0,  -0.3,  -1.2, -45.9, 275.0, 934.3,   4.0,   0.8
70800,   0.4,   1.9,  -2.2, -93.2,  60.1, 908.0,   4.3,   0.6
70828,   0.4,   0.8,  -0.0, -40.5,  32.3,1067.2,   4.3,   0.7
70852,  -0.7,   2.0,   1.0, -76.9, 146.1, 908.9,   4.4,   0.9
70876,   0.6,  -1.4,   0.6,  28.8,  76.0,1043.5,   4.4,   0.8
70900,  -0.2,   0.3,   1.0,  60.8, 124.1, 951.7,   4.5,   0.7
70924,   0.1,  -1.1,   0.6,  36.9,  16.2,1080.8,   4.4,   0.8
70952,  -1.3,   1.1,   1.4,  28.8,  25.2,1120.9,   4.4,   0.7
70976,   0.1,  -0.3,  -0.2, -31.5,  42.1,1002.9,   4.3,   0.7
71000,   0.3,   0.0,   2.7, -48.8, 115.8, 947.0,   4.5,   0.8
71024,  -0.8,  -0.0,   3.1,  44.2,  48.9,1032.0,   4.3,   0.8
71052,   0.9,   0.5,   3.3, -24.9,  95.3,1013.4,   4.2,   0.9
71076,   0.5,  -0.2,   3.4,  39.8,  44.0, 994.6,   4.3,   0.8
71100,  -0.5,   0.8,   5.3, -28.8,  19.1, 981.9,   4.1,   0.9
71124,   0.2,   1.7,   4.0,   2.5,  32.6, 994.4,   4.0,   0.7
71152,   0.9,   1.7,   4.3, -68.1,  85.5,1011.0,   4.0,   0.8
71176,   0.1,   0.4,   5.5,  62.0,  -6.5, 988.8,   3.8,   0.6
71200,   0.1,   2.5,   5.0,   1.5,  -0.9, 966.3,   3.5,   0.6
71224,  -2.1,   1.8,   4.9, -11.7,  11.1, 972.4,   3.3,   0.7
71252,   2.6,   4.3,   4.5, -66.4, -73.6,1044.7,   2.7,   0.6
71276,   4.8,  -1.6,   5.9,  85.7,  63.1, 940.9,   3.1,   0.7
71300,   2.3,   2.5,   4.7, -73.7, -39.2, 890.4,   2.8,   0.7
71328,   0.0,   2.2,   6.1,  23.7,   9.1, 949.0,   2.8,   0.8
71352,  -2.1,   2.3,   5.5, -44.7, -56.8, 986.1,   2.4,   0.8
71376,  -1.0,   2.3,   5.2, -69.8,  64.8, 919.9,   2.3,   0.7
71400,  -1.3,  -0.9,   6.0, -23.4, -26.8,1059.3,   2.1,   0.7
71428,   0.3,  -0.9,   5.8,  74.7, -11.4, 983.9,   1.9,   0.7
71452,   0.6,   2.9,   4.7, -60.8, -66.8, 951.7,   1.6,   0.7
71476,   0.2,  -1.9,   6.1, 113.5, -29.9,1100.8,   1.3,   0.5
71500,  -1.5,   1.9,   4.2, -12.7,  -4.3, 882.3,   1.2,   0.5
71528,   0.3,   4.4,   1.7,-115.5,  82.6,1026.9,   1.0,   0.1
71552,   2.3,   1.7,   3.3,  11.0, 159.3,1018.3,   1.2,   0.2
71576,   0.4,  -3.0,   3.7, 171.2,  13.0,1018.3,   1.0,  -0.0
71600,  -1.2,   3.1,   0.4, -84.7,   6.2, 971.4,   1.0,  -0.2
71628,  -0.5,   0.0,   2.9, -12.7,  26.2,1020.5,   1.2,  -0.1
71652,  -4.1,  -2.4,   4.5,  62.5,  24.0, 935.3,   1.4,   0.1
71676,  -2.6,   6.1,  -1.6,  96.9,   1.1, 916.3,   1.1,  -1.0
71700,   2.3,  -2.4,   0.6, 117.4, 150.7,1348.6,   1.1,  -0.5
71728,   0.4,   1.2,   0.2,  26.4, -47.0, 933.9,   1.4,  -0.8
71752,  -1.8,  -1.5,  -1.3,   7.8,   3.5, 918.7,   1.3,  -0.6
71776,  -0.6,  -0.8,  -2.8,  16.1,  80.4,1028.8,   1.2,  -0.7
71800,  -1.9,   1.9,  -2.2,  10.8,   0.1, 879.4,   1.3,  -0.9
71830,  -1.4,  -1.0,  -2.7,  -4.6,  64.3, 968.0,   1.2,  -0.9
71850,  -1.6,  -2.8,  -3.9, 156.8, -22.1, 964.4,   1.3,  -1.1
71878,   1.4,  -1.7,  -5.2, 115.0,  48.2, 952.9,   1.3,  -1.2
71902,  -1.8,  -2.7,  -4.2,  77.9,  16.9, 927.5,   1.5,  -1.2
71926,  -1.1,   1.9,  -6.0, -20.5,  -6.7, 986.1,   1.4,  -1.1
71950,  -2.3,   1.4,  -6.6, -13.7,  16.2,1073.0,   1.2,  -1.1
71978,  -0.4,  -3.4,  -7.0, 156.0,  87.5, 974.9,   1.3,  -1.1
72002,  -0.4,  -0.1,  -7.4,  73.5,  42.1, 986.3,   1.3,  -1.2
72026,   0.5,  -2.5,  -8.0,  38.8,  32.8, 911.1,   1.3,  -1.0
72050,  -3.4,   1.5,  -8.5,  14.4,  55.3, 890.6,   1.2,  -1.0
72078,   0.7,   2.2,  -9.9,-109.4, -69.7,1086.7,   0.6,  -1.1
72102,   1.2,  -3.7,  -8.4, 201.4, -15.3, 920.2,   1.6,  -0.9
72126,  -1.0,  -0.4,  -9.4,  24.4, -46.3, 972.7,   1.5,  -0.9
72150,   0.0,   1.8,  -8.0, -41.5,  42.6, 925.3,   1.1,  -0.7
72178,  -1.5,  -0.9,  -7.8,   6.1,  38.9, 986.6,   1.0,  -0.3
72202,  -2.6,  -2.6,  -7.9,  52.0,  -1.1, 981.0,   1.1,  -0.3
72226,   0.1,  -1.1,  -9.1,  75.7,  47.2, 987.1,   1.1,  -0.4
72250,   0.8,   0.9,  -9.9, -55.4, -13.6, 926.8,   1.0,  -0.1
72278,   1.8,   3.4,  -9.6, -74.0, -72.2, 950.9,   0.8,  -0.3
72302,   0.3,  -2.8,  -7.5,  47.6, -10.2,1057.9,   1.0,   0.3
72330,   0.7,  -2.2,  -6.7,-124.5,  -7.5, 928.2,   0.9,   0.4
72350,   1.7,  -1.9,  -6.7,  66.7,  62.6,1015.6,   1.0,   0.3
72378,  -0.7,  -1.0,  -5.4,  29.1, 159.3,1013.9,   1.7,   0.5
72402,  -3.8,   3.4,  -7.1,   7.3,  72.4, 870.4,   2.0,   0.3
72426,  -5.9,   6.9,  -7.2,-299.3,-235.0,1314.7,   1.5,   0.5
72454,  -0.5,  -4.1,   1.7,  97.9,  28.4,1041.0,   2.0,   0.9
72478,   3.1,   0.3,  -4.3,-114.0, 189.3,1004.2,   2.4,   0.8
72502,   1.9,   4.3,  -1.8,-135.7, 111.2, 927.5,   2.9,   1.0
72526,  -0.4,  -0.3,   1.8,   0.3, 154.6, 942.6,   3.0,   0.9
72554,  -1.2,  -0.2,   2.2,  86.9,  44.5, 999.0,   3.0,   1.1
72578,  -1.5,  -0.1,   3.0, -46.1,  59.9, 947.8,   3.1,   1.3
72602,  -1.9,   1.7,   4.7,   3.7,  90.2,1032.5,   3.4,   1.3
72626,   1.4,  -2.9,   6.5,  79.1, 122.9, 980.7,   3.7,   1.5
72654,   0.9,   4.7,   7.4,-112.3, 103.4, 878.9,   3.6,   1.4
72678,  -1.0,  -2.5,  10.7, 175.1,  52.3,1102.6,   3.8,   1.4
72702,  -0.7,   2.2,   9.8, -38.1,   4.5,1016.9,   3.9,   1.5
72726,  -2.0,   5.0,   9.9, -26.8,  74.3, 931.9,   4.3,   1.4
72754,  -2.6,   4.5,  11.2,-200.4, -29.2,1116.5,   4.0,   1.5
72778,   0.9,   2.0,  14.3,-155.0, 129.7, 956.1,   3.9,   1.6
72802,   4.0,   0.2,  14.8,  31.3, 164.9, 943.1,   3.7,   1.4
72830,   0.5,   3.4,  10.0,-121.1,  90.9, 974.6,   3.8,   1.7
72854,  -0.7,   0.3,  11.9, 127.0,   5.7,1041.5,   3.7,   1.4
72878,  -2.1,   4.4,  12.9, -78.6, -14.1, 918.0,   3.3,   1.2
72902,  -1.2,  -0.0,  12.4, 104.8,  -5.5,1044.2,   3.2,   0.9
72926,  -2.4,   1.9,  12.0,   5.4, -30.9, 957.3,   3.0,   1.0
72954,   0.4,  -1.1,  11.4, 145.0,  55.8,1000.3,   2.9,   0.7
72978,  -0.5,   5.9,  10.6, -82.7,  52.6, 953.6,   2.6,   0.5
73002,   0.3,  -0.3,  10.2, 143.3, -51.9,1071.8,   2.5,   0.1
73026,  -0.3,   4.8,   9.4,-108.6,  21.3, 877.9,   2.4,   0.2
73054,  -2.7,  -1.9,   8.3, 112.6, -88.3,1028.3,   2.3,  -0.1
73078,   0.1,   2.0,   6.6,  56.4,  75.8, 980.5,   2.1,  -0.4
73102,  -0.8,   1.6,   6.1,  24.7,  62.1, 958.0,   2.2,  -0.4
73126,   0.2,   2.9,   6.9,-158.4, 103.6, 945.6,   2.2,  -0.2
73154,  -3.5,   1.8,   7.9, -53.5,   1.8, 869.9,   2.0,   0.1
73178,  -2.9,  13.4,  -0.9,  26.9,  23.8, 984.9,   1.6,  -1.5
73202,  -3.5,   5.4,   0.3,-101.8,-314.1,1389.4,   1.6,  -1.1
73226,   3.4,  -5.3,   7.2, 349.4, 310.9, 975.4,   2.1,  -0.9
73254,   0.3,  -1.4,   1.5, -90.1, 104.3,1006.8,   1.9,  -0.9
73278,  -0.5,   0.9,   1.2, 135.5,  34.8, 968.0,   1.9,  -1.0
73302,  -1.2,   0.8,   1.7,-100.3,  31.6, 960.5,   1.9,  -0.7
73330,   1.2,   6.3,   0.9,-264.4, 116.1, 830.6,   2.0,  -0.2
73354,   1.2,   1.6,  -1.3, 122.6,  52.8,1056.4,   2.2,  -0.5
73378,   0.9,   2.1,  -1.3, -12.4, 108.0, 916.5,   2.3,  -0.7
73402,   0.7,   2.5,  -2.8,  84.0,  -2.8,1062.8,   2.2,  -0.9
73426,  -0.4,   3.0,  -2.6, -44.7,  38.9, 930.2,   2.1,  -0.7
73452,   0.1,  -1.1,  -5.4,  24.9, -71.0,1159.4,   2.1,  -0.7
73480,   1.7,  -1.6,  -5.4, -27.8,  84.3,1036.6,   2.3,  -0.6
73504,  -0.2,   4.8,  -5.0,-126.0,  -9.2, 992.2,   2.3,  -0.8
73528,   2.1,  -1.7,  -2.8, 162.1, 165.1, 982.4,   2.3,  -0.9
73552,  -0.1,   3.6,  -6.7, -49.3,  50.9, 966.1,   2.5,  -1.1
73580,  -2.7,   2.6,  -6.0, -43.4,-336.3,1094.0,   2.2,  -1.2
73604,   1.8,  -4.1,  -1.3,  65.7,  57.5, 890.4,   2.5,  -0.4
73628,   0.1,   1.7,  -3.5, -62.5,  33.0, 950.2,   2.5,  -0.8
73652,  -0.6,  -1.0,  -2.9,  49.3, 121.9, 963.9,   2.6,  -0.4
73680,   0.0,   3.0,  -4.4,-154.3,  28.2, 968.0,   2.3,  -0.4
73704,  -0.5,   1.8,  -5.1,  -1.7, -26.8,1003.2,   2.3,  -0.6
73728,  -0.7,  -2.7,  -4.1,   6.4,  78.7, 927.7,   2.3,  -0.3
73752,   0.8,   2.8,  -4.6, -84.2,  16.0,1085.5,   1.9,  -0.4
73780,   1.8,   2.3,  -3.0,-204.6,  68.2, 968.0,   1.9,  -0.0
73804,   1.0,  -0.3,  -3.3,  31.3,   6.4,1125.7,   1.8,  -0.1
73832,  -0.7,  -3.2,  -2.9,  24.2, -40.0,1030.3,   1.7,  -0.3
73852,   0.7,  -1.7,  -2.4,  86.9, -27.0, 971.7,   1.4,  -0.3
73880,   0.4,   1.1,  -3.3,  23.5, 119.0, 956.1,   1.5,  -0.2
73904,   0.8,   2.1,  -0.6, -23.4,  21.8,1004.7,   1.6,  -0.3
73928,  -0.1,   1.4,   0.8,-119.1,  28.9, 973.2,   1.7,  -0.1
73952,  -2.4,  -0.3,   1.4, -14.4,  34.3, 898.0,   1.7,  -0.0
73980,  -3.2,   6.8,  -5.2, 100.4,  63.8, 896.7,   1.7,  -1.1
74004,   4.6,  -0.2,   2.3, -76.2, 221.3, 999.3,   1.8,  -0.1
74028,   2.0,   0.3,   3.0,  77.9,  20.1,1124.3,   2.0,  -0.6
74052,  -1.2,   3.3,   1.4,-109.1,  -7.7,1011.7,   2.0,  -0.1
74080,  -1.9,   5.0,   0.8,-147.9, -38.7, 982.2,   1.9,  -0.2
74104,  -0.1,   1.1,   1.1, -45.6,  81.4,1074.2,   2.2,  -0.0
74128,   0.1,   1.1,   1.7, -53.7,  69.2, 847.2,   2.4,   0.0
74152,  -2.9,   0.9,   1.2,  77.2, -74.6,1083.0,   2.2,  -0.0
74180,   0.3,  -0.3,   2.3,  90.1,  98.5, 931.9,   2.3,  -0.2
74204,   2.1,   1.4,   0.8, -35.1, 151.9,1024.4,   2.1,  -0.2
74228,   2.6,   2.3,   1.9, -61.5,  82.9, 979.0,   2.4,   0.1
74252,   0.8,  -0.4,   2.1,  63.7, -19.7,1067.9,   2.3,  -0.1
74280,   0.6,   0.6,   0.9,  26.1,  65.0, 992.7,   2.4,  -0.2
74304,   1.3,   1.9,   2.9, -19.5, 119.5, 904.8,   2.5,  -0.1
74332,  -3.6,   1.7,   3.2, -30.0,  30.4, 868.2,   2.4,  -0.0
74352,  -6.2,  -2.7,   5.8, 111.3, -82.2, 893.1,   2.1,   0.2
74380,  -0.1,  -2.5,   1.6,-105.9,  20.6,1137.0,   1.6,  -0.2
74404,   1.1,   2.6,   3.8,  87.7,   5.7, 884.3,   2.3,  -0.2
74428,   1.5,  -2.8,   1.8, 148.7,  -6.7,1042.5,   1.9,  -0.4
74452,   1.4,   3.1,   1.2,   8.3,  45.0, 938.2,   1.9,  -0.4
74480,  -0.2,   1.8,   3.1,  12.0,  15.0,1042.7,   1.7,  -0.2
74504,  -2.8,   0.8,   1.1,  66.9,-163.7,1121.4,   1.6,  -0.4
74528,   1.3,  -1.4,   1.6, -22.4,  64.1, 929.0,   1.5,  -0.1
74552,   0.7,   1.1,  -0.0,  50.3,  14.0, 952.2,   1.6,  -0.5
74580,  -1.3,  -4.2,   0.4, 169.5,   1.1, 968.3,   1.9,  -0.5
74604,   0.4,  -2.3,   2.2,  86.4, -24.3, 922.1,   1.8,  -0.4
74628,  -0.7,  -1.7,   0.8, 152.6,  77.7,1064.7,   1.9,  -0.7
74656,  -2.6,   1.4,   0.6, -25.9,  -1.1, 984.9,   2.1,  -0.3
74680,  -3.4,  -2.8,   2.9, -47.8,  19.9, 890.4,   2.4,  -0.1
74704,  -2.5,  -3.3,   3.6, 281.5, -96.3,1055.2,   1.8,  -0.5
74728,  -2.4,   7.1,  -4.8, -61.3,  59.9, 910.9,   1.8,  -1.2
74756,   2.4,   0.8,  -1.1,-163.8, -72.7,1059.3,   1.6,  -0.6
74780,   1.4,   0.3,   0.0,  68.9, -98.3, 985.4,   1.9,  -0.9
74804,   1.2,   2.5,  -1.3, -79.3,  66.5, 918.0,   1.8,  -0.4
74832,   1.1,   1.5,  -1.1,  58.4,  76.7, 992.0,   1.9,  -0.5
74856,   0.6,  -0.9,  -1.0,  96.2,  88.0,1034.4,   2.0,  -0.6
74880,   0.2,  -1.6,  -0.4,  45.2,  85.0, 983.9,   2.0,  -0.4
74904,   1.0,  -2.2,  -1.2,  34.4,  34.3,1058.6,   2.0,  -0.5
74928,   0.1,  -0.8,  -1.9, 111.3,  18.6, 903.1,   2.1,  -0.6
74956,   0.4,   3.7,  -2.0, -39.3, 104.1, 894.5,   2.1,  -0.7
74980,   1.5,   2.6,  -2.2,   6.4,   4.7,1074.2,   2.0,  -0.7
75004,  -0.1,   0.1,  -3.0,  31.5,  55.8,1030.5,   2.2,  -0.3
75028,   0.5,   3.1,  -3.9,  53.2, -32.1, 980.5,   2.2,  -0.7
75056,   1.5,   1.1,  -3.6, -91.5,  97.0, 974.1,   2.2,  -0.3
75078,  -0.5,  -1.3,  -2.8,  50.6,  67.2, 852.1,   2.4,  -0.4
75106,  -5.0,  -4.7,  -2.9, 406.5,  38.4, 995.6,   2.4,  -0.6
75130,  -2.4,  -0.8,  -5.2,-182.8,  78.9,1394.3,   1.8,  -0.1
75154,  -0.2,   0.6,  -2.2,  66.4, -54.1, 824.0,   2.4,  -0.4
75178,   1.8,   1.5,  -3.5, -20.0, 182.0, 962.9,   2.6,  -0.4
75206,  -0.2,  -2.1,  -3.5, 160.7,  -8.7, 989.0,   2.5,  -0.5
75230,   0.3,   2.5,  -3.9, -62.0,  85.0, 884.5,   2.5,  -0.4
75254,  -2.3,  -0.8,  -4.4,  89.6, -86.3,1066.4,   2.3,  -0.6
75278,   0.2,   0.9,  -3.0, -43.0, 112.6, 990.7,   2.5,  -0.1
75306,  -0.5,  -0.3,  -2.7, -14.4,   7.2, 921.9,   2.5,  -0.3
75334,   3.2,   4.7,  -1.5,-168.2, 106.8, 932.1,   2.7,   0.1
75354,   2.4,   2.3,  -1.2,  -5.6,   0.1, 847.7,   2.6,  -0.0
75378,  -0.8,   0.0,  -2.8,  40.3,  51.6,1156.8,   2.7,   0.0
75406,   0.7,   0.6,  -2.3,  38.6, -45.3,1064.5,   2.3,   0.0
75430,  -1.0,   1.4,  -2.6, -14.9,  26.2, 888.9,   2.3,  -0.1
75454,  -0.5,  -0.6,  -3.9,  72.3, 103.8, 930.2,   2.3,  -0.1
75478,  -4.8,   1.1,  -4.4, -88.1,-535.8,1890.1,   2.1,   0.1
75506,   8.0,  -3.3,   3.4, 476.3, 410.7, 906.0,   3.1,   0.0
75530,   4.5,  -6.4,  -1.4, -57.1, 134.1, 853.0,   3.1,   0.7
75554,   0.6,  -0.5,  -1.5,   4.9,  89.2, 963.6,   3.3,   0.4
75578,  -2.7,   3.1,  -1.1,-107.4,-156.2,1155.0,   2.8,   0.1
75606,  -1.2,  -1.6,  -0.2,  93.0,   4.5,1123.1,   2.8,   0.1
75630,  -1.0,  -0.2,  -0.5, -40.3,  62.6,1004.9,   2.9,   0.2
75654,  -0.3,   1.4,  -0.7, -19.0,  75.0, 880.1,   2.9,   0.1
75678,   0.9,   0.3,   0.4,  72.5, -48.0,1055.2,   2.6,  -0.0
75706,  -1.9,   0.4,   2.1, -74.9,  77.0,1048.4,   2.9,   0.3
75730,  -0.4,   1.2,   1.3,-104.5,  30.6, 992.4,   2.9,   0.2
75754,  -0.8,   4.6,   1.8,-164.8,  36.5,1052.5,   2.9,   0.2
75782,  -0.7,  -1.3,   2.6,  87.2,  69.4, 992.4,   3.0,   0.1
75806,   0.7,   4.4,   1.8,-145.7, 103.6, 982.2,   3.0,   0.2
75834,  -1.5,   1.0,   2.3, -48.8, 124.4, 966.8,   3.1,   0.2
75854,  -4.3,   0.5,   1.1, 171.9, -33.8, 900.4,   3.0,  -0.0
75882,  -6.3,  14.0,  -5.2,-653.5,-492.1,1363.3,   2.8,  -0.6
75906,  -0.7,  -1.0,   2.0,  78.6, 316.3, 772.0,   3.5,  -0.1
75930,   0.7,   5.5,  -1.0,-240.7,  41.1, 961.7,   3.1,  -0.4
75954,  -1.3,   0.0,   1.2, -46.1,  -6.5,1009.3,   3.0,  -0.2
75982,  -1.4,   0.9,   0.5,  49.6,   8.9,1047.4,   2.8,  -0.6
76006,  -0.7,  -0.2,  -0.0, -89.8,  88.0, 987.8,   2.9,  -0.4
76030,  -0.5,   1.1,  -1.6,  -2.7, -97.1,1055.9,   2.6,  -0.6
76054,   1.2,   2.6,  -1.5, -75.4,   9.9,1006.4,   2.5,  -0.7
76082,  -0.8,  -2.2,  -1.0,  64.5,  27.4,1008.3,   2.5,  -0.6
76106,   0.7,   1.6,  -3.0, 122.1, -13.1,1048.6,   2.4,  -0.9
76130,   1.7,   3.1,  -5.4, -13.4,  62.8,1037.4,   2.2,  -0.9
76154,  -1.2,  -2.3,  -4.3,  70.8,  -6.5, 958.8,   2.3,  -0.8
76182,   2.3,   1.9,  -4.7, -47.6, 143.6, 994.9,   2.2,  -0.8
76206,   1.5,   1.1,  -4.9, -48.1, 159.0, 984.9,   2.6,  -0.9
76230,  -3.8,  -1.7,  -5.1,  21.5, 138.3, 884.8,   2.9,  -0.8
76254, -10.6,   3.7,  -5.5,-171.6,-465.5,1403.8,   2.1,  -0.8
76282,   1.2,   1.0,  -5.0,   6.9, 165.4,1018.8,   2.7,  -0.7
76306,   1.9,   1.4,  -6.8, -18.3, 129.5,1019.5,   2.9,  -0.6
76334,  -1.3,  -1.7,  -6.5, 133.6,   9.9, 907.0,   2.8,  -0.9
76354,  -1.8,  -3.3,  -6.9,  95.2,   1.1,1054.0,   2.5,  -0.8
76382,  -1.9,  -1.8,  -6.9,  78.9,-122.0,1006.8,   2.4,  -0.7
76406,  -1.7,  -1.7,  -6.4,  59.3,  29.1, 958.0,   2.5,  -0.6
76430,   0.1,   3.1,  -7.3, -45.6, 143.9,1014.7,   2.5,  -0.5
76454,  -3.0,  -2.0,  -8.1, 113.8,  37.0, 992.7,   2.7,  -0.5
76482,   1.5,  -1.0,  -6.8,  94.5, 112.9, 962.2,   2.8,  -0.5
76506,  -2.1,   2.4,  -7.5, -53.7,  14.5, 996.1,   2.9,  -0.3
76530,  -0.5,   1.6,  -6.6, -72.2,  40.9,1018.8,   2.9,  -0.1
76554,  -1.0,  -3.1,  -7.2,  -3.2,  -8.5,1080.6,   3.1,  -0.0
76582,  -1.6,   2.2,  -6.9,-136.2, 111.2, 925.3,   3.2,  -0.1
76606,   2.4,  -2.1,  -4.1,   3.4,  65.5,1205.8,   2.9,   0.1
76630,   2.9,  -6.1,  -0.9, 333.0, 136.8, 993.9,   3.3,   0.2
76654,   1.8,  11.9,  -7.4,-115.7, 112.9, 922.1,   3.3,  -0.1
76682,  -0.9,  -1.8,  -4.1, -93.2,  57.0, 913.8,   3.6,   0.6
76704,   0.3,  -0.3,  -2.5, -78.1, 114.6, 977.1,   3.5,   0.5
76732,  -1.5,  -1.1,  -2.1, -38.3,  26.0, 974.6,   3.2,   0.6
76756,  -1.3,   0.6,  -1.8,  -2.7, -16.3,1075.5,   3.2,   0.5
76780,  -0.8,   0.1,  -1.6, -23.4,  49.6, 984.6,   3.4,   0.6
76808,   0.0,   2.9,  -0.4, -61.0, 113.4, 960.7,   3.3,   0.7
76836,  -0.5,   4.1,   0.4,-154.3,  92.9,1017.6,   3.3,   0.9
76856,   0.7,   0.7,   1.8,   4.9,  84.3, 945.8,   3.3,   1.1
76880,  -0.7,  -0.5,   2.4,  95.7,  66.7,1003.9,   3.2,   0.8
76908,   0.7,   4.5,   1.7,-117.4, 104.6, 911.6,   3.0,   0.8
76932,   0.8,   2.8,   2.6, -85.2,   1.3, 972.4,   2.9,   0.8
76956,   0.6,  -0.3,   3.6, -35.9, -13.3,1007.6,   3.0,   0.9
76980,   0.3,  -0.9,   2.9,  78.6, -15.8, 953.6,   2.9,   0.8
77008,  -0.4,   3.4,   1.5,  56.9,  68.2, 893.1,   2.9,   0.2
77032,  -0.9,   4.9,   2.3,-238.8, -29.0,1063.0,   2.6,   0.5
77056,  -0.5,  -5.2,   9.6, -81.8, 156.6, 932.4,   2.8,   1.3
77080,   2.6,   0.8,   3.5, 265.9,  39.4,1124.8,   2.5,   0.1
77108,   1.8,  -3.3,   3.9,  14.4, 124.6, 985.1,   2.9,   0.7
77132,  -1.4,   0.2,   4.2,  75.2, -63.1,1006.8,   2.7,   0.3
77156,   1.0,   1.9,   4.7, -19.0,  47.0, 998.5,   2.4,   0.3
77180,  -1.0,   0.1,   3.7, -13.4,  32.8, 927.7,   2.5,   0.4
77208,   0.6,   0.9,   3.5,   4.9, 121.7, 967.8,   2.6,   0.3
77232,   0.3,   2.2,   3.4,  29.8,  77.5, 933.9,   2.6,   0.1
77256,   0.9,   2.0,   2.8,  89.9,  25.2,1009.5,   2.4,  -0.0
77280,   3.5,   3.9,   4.2,-113.0, 101.4,1062.3,   2.3,   0.2
77308,  -0.4,   1.5,   3.6, -17.1, -81.7,1054.2,   2.5,   0.1
77336,  -0.4,   0.7,   4.0,  40.3, -19.0,1112.8,   2.4,   0.0
77356,   0.1,   3.0,   4.4, -51.0,  78.9, 936.0,   2.3,   0.0
77380,   2.6,   0.6,   5.3,  16.4, 120.4,1033.7,   2.4,  -0.1
77408,   0.3,  -1.6,   4.5,  98.2,  59.4, 959.5,   2.6,  -0.1
77432,  -4.1,   2.1,   2.8,  93.3,  32.8, 955.6,   2.4,  -0.3
77456,  -0.3,  -3.6,   6.5, -82.5, 150.2,1199.2,   2.2,   0.2
77480,   1.9,  -2.1,   8.5, 362.8, -40.2, 910.9,   2.4,  -0.3
77508,  -0.5,   3.7,   2.3, -94.7,  93.1, 934.3,   2.6,  -0.1
77532,   1.0,  -0.2,   4.5,  58.6,  87.2, 951.2,   2.5,  -0.2
77556,   0.6,   1.4,   4.7, -71.5,  44.3, 990.2,   2.4,  -0.1
77580,   0.4,   1.1,   4.8, -35.4,  94.6,1075.9,   2.3,  -0.0
77608,  -0.5,   0.8,   5.1, -25.9,  31.3,1042.0,   2.5,  -0.1
77632,  -0.2,   2.3,   5.5,  56.7,  32.3, 976.3,   2.5,  -0.3
77656,   0.6,  -0.7,   5.8, 103.8,  58.7, 938.2,   2.4,  -0.3
77680,   1.7,   2.7,   5.8, -84.9,  73.3, 852.8,   2.3,  -0.2
77708,   0.5,   2.2,   6.4, -26.1,  14.5,1026.6,   2.5,  -0.2
77732,   1.8,  -2.0,   6.1,  43.0,  40.9,1043.2,   2.5,  -0.2
77756,   2.6,   2.5,   6.4, -46.6,  81.1, 908.7,   2.5,  -0.3
77780,   2.0,   1.1,   5.8,  85.2, 111.4,1020.3,   2.7,  -0.3
77808,   0.7,   0.9,   4.8,  26.4,  93.3,1033.0,   3.0,  -0.5
77836,   0.7,  -0.3,   6.4, -39.0,  30.8, 921.9,   3.0,  -0.5
77856,   0.4,   2.1,   2.4, 222.9,  61.4, 941.9,   2.9,  -1.6
77880,  -3.8,   4.3,   1.4,  -6.8,-266.8,1346.0,   2.9,  -1.3
77908,   0.2,  -9.3,   7.3, 270.3, 158.0,1011.0,   3.4,  -0.7
77932,  -0.1,   4.5,   3.6,-182.4,  27.2, 900.2,   3.2,  -0.8
77956,  -1.5,   2.1,   4.4,  73.3,  31.8,1008.3,   3.2,  -0.8
77984,   0.4,   1.6,   4.0, -66.9, 136.1, 943.4,   3.3,  -0.7
78008,  -1.6,  -1.7,   3.8,  98.6, -40.4,1066.7,   3.1,  -0.9
78032,  -1.3,   1.9,   4.0,  50.1,   1.1,1000.5,   3.1,  -0.8
78056,   0.2,   0.4,   2.6,  -0.5,  47.0, 983.2,   3.1,  -0.8
78084,   0.1,  -1.0,   2.6,  25.2,  81.1, 941.2,   3.0,  -0.7
78108,   0.9,   2.5,   1.0,  26.6,  82.4, 932.9,   2.9,  -0.9
78132,  -0.5,  -0.5,   0.0,  82.3,  71.4,1071.3,   2.8,  -0.9
78156,  -1.2,   0.8,  -0.6, -76.4,  38.9,1064.5,   2.8,  -0.8
78184,  -0.2,  -0.1,  -1.3,  66.2, -45.8,1058.9,   2.8,  -0.9
78208,   0.9,  -2.2,  -1.3, -25.6,  66.3, 944.6,   2.7,  -0.8
78232,  -0.4,   0.1,  -2.3,  23.2,  73.6, 990.7,   2.6,  -1.0
78256,  -1.5,   1.7,  -1.0,  -4.6,  10.8,1039.3,   2.6,  -1.1
78284,  -2.3,  -3.8,   0.4,  -2.7,  -0.6, 973.9,   2.7,  -0.7
78308,  -4.1,  -1.4,   0.8, -31.2, -31.4, 921.9,   2.4,  -0.6
78338,  -4.3,   8.1,  -6.5,  23.0, 157.1, 807.9,   2.5,  -0.4
78358,  -0.8,  -4.3,  -3.2, 164.3, -96.1,1352.8,   2.0,   0.2
78382,   2.4,   1.5,  -1.1, -72.7, -59.2, 816.9,   2.1,   0.4
78406,   2.2,  -0.7,  -4.3, 122.6, 136.1,1019.3,   2.1,   0.2
78434,   1.8,  -0.5,  -4.4, 161.1,  63.8,1027.8,   2.1,   0.1
78458,   0.4,   3.4,  -3.8,-105.0,  -2.4,1002.7,   1.9,   0.2
78482,   0.8,   0.8,  -3.9,  47.1,  39.4,1082.3,   2.0,  -0.1
78506,   2.0,  -2.5,  -3.6,  29.3,  78.7, 947.5,   1.9,   0.2
78534,   0.7,   1.2,  -4.0,  37.4,  58.2, 912.9,   2.0,  -0.1
78558,   0.3,   2.4,  -4.8, -78.6,  29.1,1094.0,   2.1,  -0.3
78582,   0.8,   2.7,  -3.3, -27.1,   7.9,1019.5,   2.0,  -0.2
78606,   0.2,   3.3,  -3.0, -29.8,  17.7, 992.7,   2.0,  -0.3
78634,   0.7,  -0.4,  -4.1,  39.6,  16.7,1098.4,   2.1,  -0.2
78658,  -0.4,   2.0,  -1.7,  35.2,  89.4, 905.3,   2.2,  -0.2
78682,  -1.3,  -1.0,  -1.9,  44.0,  20.1,1079.1,   2.2,  -0.3
78706,  -2.8,   0.6,  -1.7,   8.3, -47.5, 944.8,   2.0,  -0.1
78734,  -4.4,   1.1,  -2.6,  39.8,  -3.3, 878.9,   1.8,  -0.1
78758,  -5.0,   5.9,  -7.3, 206.3,-310.0,1576.9,   1.6,  -1.1
78782,   4.3,  -3.1,  -1.0,-297.8, 292.3, 783.2,   1.9,   0.5
78806,  -0.2,   5.7,  -3.0, -52.2, -50.4,1073.7,   1.8,  -0.3
78834,  -1.0,   0.3,  -3.7,  65.0, -73.9,1145.3,   1.7,  -0.4
78858,  -0.4,   4.0,  -1.6,-128.9,  38.4, 981.5,   1.7,  -0.2
78882,  -0.9,   3.7,  -2.0,  -8.5,  82.9, 907.7,   1.7,  -0.2
78906,   1.0,  -0.7,  -2.1,  23.2,  63.3, 973.6,   1.6,  -0.1
78934,   2.0,   6.7,  -2.6, -57.4,  -7.2,1054.0,   1.4,  -0.2
78958,   0.6,   1.9,  -2.9,  51.3,  34.5,1062.5,   1.2,  -0.3
78982,  -0.7,   2.5,  -1.7, -32.2, -50.9, 991.5,   1.3,   0.1
79006,  -0.4,  -0.6,  -1.0, -13.2, -69.7,1118.9,   1.1,   0.1
79034,  -0.4,  -1.3,  -2.2,  40.3,  26.0,1087.2,   1.1,   0.1
79058,   0.5,   3.3,  -1.1, -37.1,  47.5, 882.1,   1.1,   0.3
79082,  -2.2,   2.4,  -1.7, -57.4,  53.8, 921.6,   1.5,   0.2
79110,  -3.8,   0.8,  -1.2,  14.4, 133.9, 885.3,   1.6,   0.1
79134,  -5.4,  -3.1,   2.6, 100.1,  -0.9,1314.2,   1.0,   0.4
79158,   0.3,   1.7,   1.5, -97.4, 188.3, 921.4,   1.6,   0.5
79182,   0.3,   2.2,  -0.5,-142.1, 164.6,1034.2,   1.9,   0.4
79210,  -0.5,  -0.3,   0.2, -37.1, -71.2,1104.5,   1.8,   0.5
79234,  -2.9,   1.7,   1.2, -41.0, -38.0, 913.1,   1.8,   0.5
79258,  -2.7,   0.3,   0.1,  81.3,  43.8, 964.9,   1.9,   0.1
79282,  -0.4,   4.8,   0.9,-166.7, 124.4, 810.1,   1.9,   0.5
79310,  -1.3,   3.1,   1.5, 144.8, -55.6, 933.6,   2.0,   0.0
79338,   1.5,  -1.7,   1.8, -46.6, 217.6, 986.6,   2.2,   0.0
79358,   0.3,  -0.9,   2.1, 103.0,  19.9, 978.3,   2.2,  -0.1
79382,   1.2,   2.2,   3.3,-112.0,  82.1, 892.3,   2.2,   0.1
79410,  -1.5,   3.7,   2.7,  33.7,  13.8, 926.8,   2.3,  -0.2
79434,  -1.2,   2.1,   2.9, -31.7, 110.2, 907.0,   2.7,  -0.0
79458,  -7.6,   2.9,   4.0, -29.8,-416.9,1252.9,   2.2,  -0.1
79482,   1.3,  -6.4,  11.5, 105.0,  66.5, 825.0,   2.2,   0.7
79510,  -0.8,   4.6,   1.2, -83.0,  82.6,1003.7,   2.4,  -0.2
79534,  -2.7,   1.2,   1.3,  62.8,   3.5,1015.1,   2.6,  -0.2
79558,  -0.8,   2.6,   2.5, -69.8,-105.4, 827.2,   2.0,  -0.4
79582,  -2.9,   4.1,   1.1,   3.4, -50.2,1075.2,   2.0,  -0.5
79610,   0.1,  -0.6,   3.1,  73.5, 148.5,1015.1,   2.3,  -0.4
79634,   1.4,  -1.5,   4.5,   6.4,  43.8, 989.0,   2.2,  -0.2
79658,  -0.6,   2.0,   3.9, 116.0,  67.7,1086.2,   2.1,  -0.4
79682,  -2.1,  -1.1,   4.6,  27.1,-173.3,1155.8,   2.2,  -0.2
79710,   0.3,  -3.0,   6.2, 153.3,  31.8,1070.8,   2.2,  -0.4
79734,  -1.3,  -1.4,   5.9,  29.3, -60.9, 996.8,   2.1,  -0.3
79758,  -0.7,   0.9,   4.6, -38.8, -42.6, 914.3,   2.0,  -0.3
79782,  -0.4,  -0.5,   3.5,  38.6,   3.8,1104.5,   1.9,  -0.3
79810,  -1.8,  -3.3,   3.6, 333.0, -16.0, 953.1,   1.8,  -1.0
79838,  -7.4,   8.6,  -3.1,-550.5,-274.1,1367.7,   1.4,  -0.4
79858,   0.8,   1.2,   3.4,  47.9,  98.2, 658.5,   1.7,  -0.1
79882,   0.3,   7.1,   1.5,-106.4, -83.4,1135.8,   1.5,  -0.8
79910,  -0.9,   0.0,   2.2, 126.7,  55.0,1059.1,   1.6,  -0.3
79934,   0.4,   1.2,   2.2, -99.1, -24.1,1014.2,   1.5,  -0.1
79960,   0.7,   3.2,   2.2, -95.4,  21.3, 970.0,   1.5,  -0.2
79984,   1.2,   3.9,   2.3, -29.3, -13.3, 896.0,   1.4,  -0.3
80008,   1.5,   2.3,   0.6,  92.8,  49.2, 994.6,   1.3,  -0.6
80032,   2.0,   4.2,   0.0,  31.8, 107.0, 884.0,   1.2,  -0.6
80060,  -0.8,   0.3,  -2.2,-107.9,   2.5, 870.4,   1.3,  -0.3
80084,   0.7,   0.0,  -3.1,  76.4, -89.8,1012.5,   1.2,  -0.7
80108,   0.4,   0.8,  -1.8,  20.0,  44.8,1020.5,   1.5,  -0.4
80136,  -2.7,  -6.0,   0.1,  -5.4,  27.4, 985.6,   1.9,   0.1
80160,  -3.8,  11.1,  -7.2, -90.1, -30.4, 713.6,   1.8,  -1.2
80184,  -1.7,  -5.6,  -2.9,  92.3,-211.8,1643.8,   1.6,  -0.2
80208,  -1.4,   0.2,  -0.7,  65.7, -76.1, 856.7,   2.2,  -0.3
80236,   1.2,   3.9,  -4.8,-126.7, 119.0, 981.2,   2.1,  -0.1
80260,   3.1,  -3.4,  -2.4, 142.8, 205.9,1093.3,   2.1,   0.3
80284,  -0.1,   1.9,  -3.7, -80.5,  64.8, 952.9,   1.9,   0.2
80308,   2.2,  -3.7,  -4.6,  32.7, 102.6,1051.8,   2.0,   0.2
80336,   0.9,  -0.2,  -6.6,  -8.0, -29.2,1196.5,   1.9,   0.2
80360,   0.3,  -0.4,  -5.8,-124.0, 111.4, 973.6,   2.5,   0.6
80384,  -1.7,  -1.4,  -5.1,  41.8, -32.6,1001.2,   2.4,   0.2
80408,  -1.1,   0.8,  -4.3, -34.7,  43.3, 940.0,   2.3,   0.2
80436,   0.5,  -0.4,  -2.9,  -1.9, 209.3,1079.4,   2.7,   0.5
80460,  -3.6,  -0.7,  -2.7,  31.8, -35.3, 943.9,   2.6,   0.4
80484,  -3.5,   3.0,  -2.3, -41.2,   5.2, 917.0,   2.2,   0.3
80508,  -1.3,   0.9,   1.9, 123.3, -79.5,1075.9,   1.6,   0.5
80536,   1.0,   0.6,  -1.8,-123.0,  73.8, 981.7,   2.4,   0.6
80560,  -0.9,  -0.2,  -2.0,  14.9, -35.3, 885.0,   2.4,   0.4
80584,  -1.1,   2.2,  -1.0, -77.1,   1.6,1066.9,   1.9,   0.2
80608,  -1.0,   5.2,  -0.2,  56.2, -34.6,1033.2,   1.8,  -0.1
80636,   0.4,  -1.6,   0.3,  63.0,  92.4, 965.1,   1.9,   0.2
80660,   2.6,   0.7,   0.6, -18.8,  42.3,1001.0,   1.8,   0.2
80684,   2.4,  -0.4,   0.4,  34.7,  36.7, 996.4,   1.8,   0.1
80708,   1.2,   2.8,  -0.1,  -4.4, -83.9, 976.6,   1.7,  -0.1
80736,   0.9,   1.4,   1.7, -66.6,  26.9,1017.1,   1.9,   0.4
80760,   2.3,   5.6,   2.3, -99.3,  43.5, 954.1,   1.5,   0.2
80784,   2.8,   1.6,   2.6, -84.0, 104.6, 894.5,   1.9,   0.6
80808,  -1.6,   0.2,   0.3,  12.5,  55.8, 906.0,   2.3,   0.3
80836,  -5.6,   2.6,  -2.0, 354.8,  81.9, 826.4,   2.2,  -0.1
80860,   6.1,  -1.0,   3.9,-114.7,  97.5, 820.6,   1.8,   1.3
80884,   3.3,  -2.7,   2.6, 209.2, -67.1,1109.6,   2.1,   0.4
80908,  -1.8,   2.1,   0.1,-133.5, -95.6, 821.5,   2.4,   0.9
80936,   1.5,   1.7,   1.0,  28.1,  -7.7,1057.6,   2.2,   0.4
80960,   1.7,   2.1,   1.8,  47.1, 100.7, 903.6,   2.4,   0.3
80984,   0.2,   1.4,   2.5, -38.3,  67.7, 962.2,   2.3,   0.6
81008,  -0.1,  -0.2,   3.0, 110.1,   6.2, 992.9,   2.2,   0.5
81036,   4.4,   2.2,   1.2,-129.1, 161.2, 860.1,   2.1,   0.5
81060,  -0.2,   0.0,   0.4,  24.4,  22.3,1139.9,   2.3,   0.1
81084,   0.5,   0.2,   0.5, -19.8,  56.5, 869.6,   2.4,   0.2
81108,   1.0,  -2.6,   1.4,  58.1, 109.0, 892.6,   2.4,   0.1
81136,  -3.9,   4.1,   0.6,-147.9, 151.2, 923.4,   2.9,   0.1
81160,   7.6, -14.1,  15.3,  -0.2,-169.3,1318.4,   2.2,   1.3
81184,   2.4,  -2.0,   2.2, -24.9,-150.8, 829.6,   2.9,  -0.4
81208,  -0.1,   1.0,  -0.7, 351.8, 253.8,1098.2,   3.6,  -0.6
81236,  -0.8,  -1.3,  -0.2, 257.6,  37.4,1064.0,   3.2,  -0.8
81260,  -0.8,  -2.6,   1.6, 100.8,  85.0, 875.3,   3.0,  -0.6
81284,  -3.0,  -5.3,   1.4, 172.9, -29.9,1024.9,   2.9,  -0.4
81312,  -3.2,   2.5,   0.7, -73.5, -32.6, 971.4,   2.9,  -0.4
81340,  -1.1,  -1.9,   1.4, 205.1, -11.1,1020.8,   2.8,  -0.7
81360,   1.3,   4.4,   0.7, -97.4, 102.6,1022.2,   2.8,  -0.7
81384,   1.2,   0.8,   1.8, -47.3,  83.8, 961.2,   3.0,  -0.6
81412,   1.2,   0.8,   3.1,   0.3,  40.6, 970.2,   2.8,  -0.6
81436,  -1.4,   0.4,   2.9,  19.3, 103.6, 961.0,   3.1,  -0.6
81460,  -1.6,  -0.6,   2.3, 163.3, -13.3,1030.5,   3.0,  -0.9
81484,  -1.7,   8.9,  -2.8,  43.2, 128.8, 842.1,   3.1,  -1.8
81512,   0.6,  -6.0,   4.0, 209.5, 145.1, 857.9,   3.2,  -0.6
81536,  -1.2,   8.0,  -0.4,-149.4, -46.8,1154.3,   3.4,  -1.4
81560,   1.1,  -3.8,   0.5, -30.0,  28.2,1104.0,   3.4,  -1.0
81586,  -1.2,   4.4,  -0.8,-189.7, 135.3, 993.9,   3.6,  -1.0
81610,  -1.6,   0.3,  -0.3,  53.5, 147.3, 978.3,   3.6,  -1.1
81634,  -0.4,   2.7,  -1.3, -69.3, -71.0, 979.5,   3.2,  -1.0
81662,   0.9,   2.6,  -2.0,-135.0, 124.1, 933.6,   3.4,  -0.9
81686,  -1.8,   1.7,  -3.8,  -9.7,  -3.6, 989.3,   3.3,  -1.1
81710,  -0.9,   2.5,  -4.0,  14.9,  -5.3, 981.5,   3.2,  -1.1
81734,  -0.5,   4.8,  -4.8,   4.2, -72.9,1042.0,   3.1,  -1.2
81762,   1.8,   0.2,  -4.2, -12.4,  99.2,1095.7,   3.4,  -1.1
81786,  -0.7,  -1.0,  -2.9,  58.6, 121.2, 938.7,   3.8,  -1.0
81810,  -4.8,   6.5,  -8.0, 225.8, 113.1, 899.2,   3.7,  -2.0
81838,  -0.1,   5.3,  -3.1,-417.2, 267.4, 797.4,   4.0,  -1.4
81862,   0.7,  -1.7,  -3.6, 180.7,  82.9,1124.3,   4.5,  -2.1
81886,  -1.5,   6.1,  -5.5,-220.9, -75.4, 981.9,   4.2,  -1.5
81910,   0.6,  -3.2,  -5.7, 159.9,  81.1,1131.8,   4.1,  -1.3
81934,  -0.5,  -2.0,  -6.6,  94.0,  59.9, 809.8,   4.0,  -1.2
81962,  -2.1,   2.2,  -7.9, -24.6,  22.5, 972.9,   3.5,  -1.1
81986,  -1.2,   0.3,  -8.1,  23.7,  59.9, 843.5,   3.5,  -1.1
82010,   1.5,  -0.1,  -8.7,  -1.4,  70.4, 923.4,   3.4,  -1.0
82034,  -0.9,   2.0,  -8.5,  67.6,  89.9, 936.3,   3.6,  -0.7
82062,   1.9,  -0.3,  -9.4, -79.1, 102.6, 951.2,   3.6,  -0.8
82086,   0.3,   2.6,  -8.8, -24.6,  77.5,1199.5,   3.7,  -0.9
82110,  -2.3,  -5.7,  -7.8, 196.8,  91.4,1054.5,   4.1,  -0.6
82134,  -1.6,   6.1,  -8.0,-170.6, 174.6, 825.7,   3.9,  -0.4
82162,  -1.5,  -1.4,  -3.0, -68.8, 150.5,1238.3,   3.8,   0.4
82186,   0.7,   2.5,  -4.8, 187.5,  18.4, 811.8,   3.7,  -0.4
82210,  -3.0,   3.7,  -6.6,-144.3,  57.7,1051.8,   3.8,   0.3
82234,  -1.8,  -4.0,  -4.7, 154.1,  69.4,1119.6,   3.9,   0.3
82262,  -0.3,   1.2,  -4.2,-135.0,  92.4,1015.6,   3.8,   0.5
82286,  -1.3,   2.2,  -5.1,-183.3, 174.2, 947.0,   3.9,   0.6
82310,  -0.4,   2.8,  -3.6, -93.5, 196.6,1003.2,   4.0,   0.7
82338,  -1.6,   2.8,  -2.2,  -1.4,  77.0,1176.8,   4.0,   0.8
82362,  -2.7,   3.1,  -2.2, -91.5,  78.9, 953.6,   4.2,   1.1
82386,  -2.1,   1.5,  -0.5, -41.2,  46.7, 960.7,   4.3,   1.1
82410,  -1.0,   0.5,   1.8,  33.0,  88.7, 877.0,   4.3,   1.1
82438,   0.7,   2.3,   1.4, -27.8, 124.6,1076.4,   4.4,   1.3
82462,  -0.7,   0.1,   3.0,  27.4,  45.7, 983.9,   4.4,   1.3
82486,   0.4,   1.5,   2.5, -30.5, 121.4, 955.1,   4.3,   1.2
82510,  -0.5,   2.5,   2.6,  64.7,  90.2, 937.3,   4.3,   0.9
82538,  -2.3,   1.7,   2.3,  22.7,  96.0, 895.8,   4.1,   0.7
82562,  -4.9,  -1.2,   5.3,-144.8, -49.2,1120.1,   3.4,   1.2
82586,  -1.5,  -5.7,   9.7, 580.1,  16.2,1000.0,   3.4,   0.7
82610,   3.1,   5.6,   5.8,-227.3, 232.3, 969.3,   3.5,   1.1
82638,   1.5,   0.1,   6.8,  48.4, -75.6,1055.7,   3.3,   1.1
82662,   0.7,   2.0,   6.7,-118.6, -36.0,1012.2,   2.9,   0.9
82686,  -0.2,   2.4,   7.2,  -4.6,  31.3,1001.7,   2.7,   0.9
82710,   0.4,   4.1,   6.5, -40.8,  95.8, 912.4,   2.8,   0.8
82738,  -0.2,  -0.1,   4.9,  19.8,  51.4, 945.6,   2.5,   0.6
82762,   3.2,   2.1,   4.8,-110.3, 104.3, 983.4,   2.1,   0.6
82786,   0.7,  -3.3,   5.1, 120.1, -86.1,1092.3,   2.2,   0.3
82810,   1.8,  -1.1,   5.0,  92.3,   1.6, 978.8,   2.0,   0.1
82838,   0.7,   2.3,   4.9, -28.8, -18.0,1103.3,   2.0,   0.2
82862,   1.2,   3.6,   4.0, -65.2,  44.5,1006.8,   2.0,   0.2
82886,   0.0,  -1.7,   5.2,  81.6,  36.5, 987.6,   2.0,   0.1
82910,   0.3,   3.0,   4.4, -97.6, 107.0, 931.7,   2.2,   0.1
82938,  -2.4,   5.0,   4.5, -12.7,  -2.1, 995.9,   2.4,  -0.1
82962,  -1.6,   0.8,   1.1, 257.8,  47.5, 959.0,   2.0,  -1.3
82986,  -0.7,   3.9,   2.6,-404.5,-106.4,1003.2,   1.7,  -0.2
83010,   3.4,  -5.4,   4.6, 213.9,  55.3,1041.8,   2.3,  -0.6
83038,  -0.1,   0.4,   3.1,  30.8,  36.0,1044.7,   2.1,  -0.4
83062,  -0.2,   2.0,   2.6,   7.1,  12.8,1069.6,   2.0,  -0.4
83086,  -0.5,   0.1,   3.8,  39.1,  38.2, 924.1,   2.0,  -0.2
83110,   1.9,  -0.2,   2.2, -16.6,  64.8, 937.8,   1.8,  -0.0
83138,   1.0,   1.2,   0.3,  55.7,  77.7,1011.7,   1.8,  -0.3
83162,   1.0,  -1.1,   0.3,  19.5, -74.9,1079.8,   1.6,  -0.4
83186,   3.9,   4.4,   0.1, -26.6, 148.8,1007.3,   1.6,  -0.3
83212,   0.2,   1.3,  -1.3, -40.3,  27.4,1027.8,   1.7,  -0.1
83236,   0.6,  -0.7,   0.3,  65.4,  19.6, 919.0,   1.6,  -0.2
83260,   2.4,   0.3,  -0.2, -93.2,  58.7,1016.6,   1.6,  -0.1
83288,   1.8,   3.3,   0.5,  19.8,  62.3,1028.1,   1.7,  -0.2
83312,   0.9,  -3.0,  -0.5, 113.5,  57.2, 935.6,   1.8,  -0.3
83340,  -2.1,   3.2,  -1.6, 153.1,  34.8, 893.3,   1.7,  -0.4
83360,   2.9,   7.0,  -3.5,-298.1, 106.5,1014.9,   1.5,  -0.3
83388,  -0.5,   1.9,   0.4,  93.8, -66.8, 877.7,   2.1,  -0.2
83412,  -1.0,   1.1,  -0.2,  22.7, 135.3, 987.3,   2.1,  -0.2
83436,   1.5,   3.3,   0.9,  -8.8,  71.6,1025.2,   1.8,   0.0
83460,  -2.5,   2.6,  -0.2,  46.4, -75.4,1179.2,   1.8,  -0.1
83488,  -0.4,  -0.8,  -0.4, -56.1, 129.5, 962.9,   1.9,   0.0
83512,  -1.2,  -1.1,  -0.8,  58.6, -22.1,1093.3,   1.8,  -0.1
83536,   0.8,  -1.1,  -0.5,  66.9,  55.8, 982.4,   1.6,  -0.1
83564,  -0.4,   0.5,  -0.7,  -4.4,  -0.2, 894.8,   1.5,  -0.2
83588,  -1.4,  -0.2,  -1.4,   4.7,  82.6, 991.0,   1.6,   0.0
83612,   0.1,  -1.2,  -1.9,  31.8, 101.9, 906.0,   1.5,  -0.1
83636,   0.5,  -3.0,  -1.4,  95.7, -79.0,1109.4,   1.6,  -0.2
83664,   0.2,   1.1,  -1.1,  32.7, 118.3, 944.8,   2.1,  -0.1
83688,  -3.2,   4.6,  -0.5, -20.2, 161.0, 822.0,   2.5,  -0.0
83712,  -9.1,   4.7,  -4.3, 334.0,-208.7,1260.3,   2.2,  -1.2
83736,  -4.8,  -1.9,  -0.4, -95.0,  47.2, 625.3,   2.4,   0.3
83764,   0.9,   4.8,  -2.2,-220.2,  56.2, 912.4,   2.6,  -0.2
83788,   0.4,  -1.7,  -0.7, 178.5,  51.4,1017.1,   2.5,  -0.2
83812,  -1.1,   7.0,  -1.4, -46.1, -45.6, 994.2,   2.4,  -0.0
83840,  -2.7,  -2.2,  -2.1,  54.9, -79.0,1110.4,   2.3,  -0.2
83864,  -0.8,   2.7,  -2.9, -61.5,  62.8, 967.1,   2.3,   0.1
83888,  -2.4,   2.4,  -3.7,  26.9, 151.5,1052.3,   2.6,   0.2
83912,  -1.5,  -0.6,  -2.7,  18.3, -35.8, 872.3,   2.5,   0.2
83936,  -1.0,   1.8,  -3.5,  39.3,  22.3,1049.6,   2.5,   0.0
83964,  -4.3,  -0.8,  -2.9,-120.8, -96.1,1136.7,   2.5,   0.2
83988,  -1.0,  -2.6,  -2.9,  54.9,  14.5, 915.8,   2.5,   0.1
84012,  -2.8,   6.4,  -3.6,-112.0,  53.8, 975.1,   2.4,  -0.1
84036,  -4.0,   3.3,  -1.9,-124.3,-244.1,1203.9,   2.0,   0.0
84064,   3.9,  -6.1,  -1.0, 316.4, 193.2,1053.7,   2.2,  -0.4
84088,  -0.6,   1.7,  -5.2,-154.5,  63.1, 933.1,   2.5,   0.0
84112,   1.0,   4.4,  -3.7, -72.2,   3.3,1091.8,   2.2,  -0.1
84136,  -1.0,   2.8,  -0.5,-184.1, 123.1, 970.2,   2.2,   0.3
84164,  -4.1,   2.6,  -1.1,  41.3, -72.4,1035.9,   2.0,  -0.0
84188,  -2.1,   1.2,  -1.5,-106.7,-114.4,1029.1,   1.8,   0.1
84212,   1.7,   4.8,  -1.8, -19.3, 155.6, 913.8,   2.0,  -0.0
84236,  -1.9,   3.3,  -3.7, -41.0,  -2.1, 932.4,   2.0,   0.1
84264,   2.0,  -3.1,  -1.9, 176.8,  83.8,1024.9,   1.8,  -0.0
84288,  -1.2,   5.3,  -2.2,-171.6,  35.0, 875.3,   1.6,   0.3
84312,   1.1,  -0.1,  -1.0,  21.3,  72.1, 996.6,   1.9,   0.5
84340,  -0.4,  -6.9,  -3.5, 271.3, 110.2,1004.4,   2.0,  -0.0
84364,  -5.1,   8.0,  -5.0, -13.9, 140.7, 794.4,   2.3,  -0.2
84388,   0.8,   6.0,   1.9,-258.8, 119.0, 942.9,   1.5,   0.7
84412,   2.9,  -1.5,  -1.4, 151.1, 103.4,1058.4,   2.1,  -0.0
84436,   0.9,   0.3,  -1.6,-157.9,  76.7, 965.6,   2.6,   0.5
84464,   1.3,   2.0,   0.8,   9.5,  47.9, 967.5,   2.4,   0.1
84488,   0.6,   2.6,   0.4,   9.5,  23.8, 961.0,   2.3,   0.1
84512,  -2.3,  -5.8,   1.0, 251.2,   5.2,1022.5,   2.5,   0.1
84536,  -0.3,   0.8,   1.0, -28.1,  42.1, 900.6,   2.3,   0.4
84564,   1.7,   1.6,  -0.0, -23.4,  29.4,1067.4,   2.3,   0.2
84588,   1.0,   3.5,   0.4,  39.6,  95.5, 943.9,   2.7,   0.2
84612,  -1.4,   0.7,   1.4, 119.4, -41.2, 951.9,   2.4,   0.3
84640,   0.6,  -1.6,   1.8, 120.6, 144.9, 995.1,   2.6,   0.1
84664,  -3.4,   2.7,   0.8,  -0.7,  80.2, 936.3,   3.0,   0.3
84688,   3.0,   3.2,   3.0,-174.8, -58.7,1270.3,   2.6,   0.9
84712,   2.1,   1.2,   5.6, 208.8, -17.7, 753.9,   3.2,   0.3
84740,   0.9,  -1.7,   0.6,   7.8, 146.1, 964.6,   3.7,   0.3
84764,   0.3,   2.3,   2.4,   7.8, 185.9,1052.3,   3.7,   0.4
84788,   0.9,  -3.0,   3.8,  25.7, 151.5, 981.0,   3.6,   0.5
84812,  -1.7,   2.2,   3.1,-159.9,  57.5, 928.5,   3.6,   0.7
84842,  -0.3,   1.2,   4.3,  17.1, 117.0, 957.0,   3.7,   0.7
84862,   1.7,  -0.6,   4.7,  61.8, 112.9,1052.7,   3.8,   0.7
84890,   0.9,   1.2,   4.9,  -5.8,  22.8, 946.3,   3.8,   0.9
84914,   0.0,   0.8,   5.9,  -3.2,  84.8, 983.7,   3.8,   0.9
84938,  -0.2,  -2.0,   6.6, 130.1,  77.0, 913.8,   3.8,   0.9
84962,   1.9,   3.3,   6.6,  21.3,  59.7,1051.0,   3.6,   0.7
84990,   4.0,   1.4,   6.6,  12.0, 105.1,1018.1,   3.8,   0.6
85014,  -1.3,   0.0,   5.3, 105.2,  96.8, 931.7,   4.1,   0.5
85038,  -1.9,  -2.2,   4.8,  90.8,  86.8, 985.4,   4.1,   0.3
85062,  -1.6,  -0.8,   6.4, -49.3,  13.5,1121.6,   3.7,   0.3
85090,  -0.2,   0.4,   6.5, -75.7,  43.3, 822.0,   4.3,   0.4
85114,  -1.8,  -0.6,   6.8,  31.3, 183.7,1015.6,   4.7,   0.4
85138,   0.0,   0.1,   8.3, -50.0,  72.6, 915.3,   4.4,   0.5
85162,  -3.0,   0.3,   8.0, -59.3,  25.5, 966.1,   4.4,   0.3
85190,  -2.6,   1.2,   7.5,  46.9,  70.4,1026.4,   4.4,   0.2
85214,  -1.2,  -0.0,   7.2,  76.7, -19.7,1005.4,   4.3,  -0.0
85238,  -0.5,   2.6,   6.0, -67.6, 153.9, 916.0,   4.4,   0.1
85262,  -1.3,  -0.7,   6.7,  63.7, -69.5,1022.0,   3.9,  -0.1
85290,   0.3,   3.7,   4.0,  34.2,  -0.2,1044.0,   3.9,  -0.5
85314,   0.7,  -0.1,   4.4,  58.6,  49.9,1034.2,   3.9,  -0.4
85342,  -0.6,   3.8,   4.5,  27.4,  33.5, 907.5,   3.9,  -0.4
85362,   0.0,  -1.9,   2.8,  85.2,  44.0, 994.2,   3.7,  -0.6
85390,  -0.8,   0.9,   1.8,  28.8,  56.7, 969.3,   3.7,  -0.8
85414,  -0.6,   0.9,   2.3,  11.2,  42.1, 989.3,   3.6,  -0.8
85438,  -1.7,   0.9,   3.2, -71.5,  74.8, 976.8,   3.7,  -0.7
85462,  -4.9,   0.1,   3.0, -15.9,  47.2, 937.0,   3.7,  -0.6
85490,  -3.8,   5.3,  -3.9, 167.5,  44.5, 947.8,   3.1,  -1.7
85514,   0.3,   1.0,  -3.9, 139.9, 170.0,1177.7,   2.9,  -1.6
85538,   0.5,   3.4,  -2.1,  18.3, -10.7, 928.2,   2.9,  -1.5
85562,  -1.2,   3.4,  -3.9, -54.9,  47.2,1062.8,   2.7,  -1.4
85590,  -0.5,   1.6,  -4.6,  58.9,  34.8, 938.5,   2.6,  -1.3
85614,  -1.0,   1.7,  -5.2, -19.5,  -0.4,1039.1,   2.4,  -1.4
85638,  -1.6,   0.0,  -5.8, -12.9,  72.4, 938.0,   2.4,  -1.3
85662,  -2.3,  -1.6,  -8.7, 122.6, -37.5,1037.1,   2.3,  -1.5
85690,  -0.2,   3.6,  -9.7, -29.5, 103.8,1006.4,   2.3,  -1.6
85714,  -1.0,   3.1,  -9.0,  60.8,  -2.6, 968.8,   2.2,  -1.6
85738,  -1.8,   0.0, -10.8, -36.8,  74.8, 986.6,   2.3,  -1.5
85766,  -1.5,   1.6, -11.3, -18.3,  25.7, 991.7,   2.2,  -1.2
85790,  -0.2,  -0.8, -10.5,  42.5,  39.4, 915.3,   2.3,  -1.1
85814,  -0.8,   3.1, -10.8,  12.7,  39.4, 982.7,   2.2,  -1.2
85842,   0.3,   2.8, -10.6, -95.2,  74.1, 998.3,   2.2,  -1.0
85866,  -2.1,   0.1, -11.4,  71.1,  -4.6,1099.4,   2.3,  -1.1
85890,  -2.5,   1.7, -11.9, -33.4, -16.3, 966.8,   2.0,  -0.8
85914,  -1.3,   2.7, -11.5,   3.9, -10.7,1019.8,   1.8,  -0.9
85938,  -3.8,   2.6, -11.4,  60.6,  34.0, 902.8,   1.8,  -0.7
85966,  -5.5,   1.6, -11.7, -96.2,-147.9, 977.3,   1.2,  -0.4
85990,  -0.3,   0.8,  -7.4,-286.1, -71.7,1173.4,   0.9,   0.5
86014,   1.4,   2.8,  -9.6,-103.0,  10.8, 930.4,   1.2,   0.0
86038,   0.8,   3.3,  -9.9,-142.8,  68.2, 952.9,   1.4,   0.4
86066,   1.3,   2.8,  -8.1, -63.0,  42.1, 981.0,   1.2,   0.3
86090,  -0.1,  -2.8,  -6.9, 122.3,  -2.1,1010.3,   1.1,   0.6
86114,   0.7,  -0.0,  -7.6,  30.3,  -4.3,1021.0,   1.0,   0.8
86138,   2.4,   2.7,  -6.2,-139.9,  90.2, 954.1,   1.2,   1.0
86166,   0.7,   0.8,  -5.8,   1.5, -18.7, 979.5,   1.3,   0.9
86190,   1.8,   1.7,  -6.6, -58.3,  16.7,1014.9,   1.2,   0.8
86214,   0.4,   0.7,  -5.4, -53.7,  18.6, 991.5,   1.2,   0.9
86238,   2.5,   3.6,  -3.7, -14.6,  94.6,1086.9,   1.3,   0.9
86266,   0.4,  -1.4,  -1.8, -54.9, -47.5,1030.5,   1.6,   1.4
86290,  -0.5,   3.3,  -0.8, -90.6,-121.7,1048.6,   1.4,   1.5
86314,   0.6,   2.2,  -0.1,  63.0,   1.8,1077.2,   1.5,   1.5
86342,   1.4,  -0.8,  -0.2, -19.5,  85.8,1007.1,   1.6,   1.5
86366,  -0.1,   3.9,   2.2, -65.9,  31.8, 945.8,   1.8,   1.7
86390,  -1.5,   1.9,   0.8, -21.2, -15.3, 955.8,   1.4,   1.3
86414,   1.3,   7.5,   0.8,-149.9, 235.9, 892.3,   1.2,   1.3
86438,   0.7,  -2.2,   3.6, -35.6, 161.5,1053.5,   1.3,   1.8
86464,   1.8,  -1.9,   4.5, -89.8,  34.8,1041.3,   1.4,   1.7
86488,  -2.7,   6.6,   3.4, 119.4, 139.5,1121.8,   1.1,   0.8
86516,  -0.3,  -2.9,   2.4, 242.2,  37.0,1049.6,   1.3,   1.2
86540,   0.0,   1.9,   2.8,   2.2, -73.9, 908.2,   1.2,   1.1
86564,   0.3,  -2.7,   2.6, -21.2,  44.5,1150.6,   1.1,   1.1
86588,  -0.7,   2.5,   2.2, -58.1,  30.4, 934.3,   1.2,   1.0
86616,  -1.7,   5.1,   1.5, -26.8, -41.2,1069.1,   1.1,   0.6
86640,   2.1,   1.2,   0.9,  34.7,  63.3,1069.8,   1.1,   0.4
86664,   2.0,   2.6,   1.7,  14.4,  96.0, 993.2,   1.2,   0.3
86688,   2.0,   1.3,   1.9,  75.0,  89.2,1059.6,   1.3,   0.4
86716,   0.6,   0.8,   2.6,  49.8,  14.2, 996.6,   1.3,   0.4
86740,   1.3,  -0.2,   1.4, 106.2,  85.3, 961.4,   1.4,   0.2
86764,  -0.4,   4.1,   0.8, 110.9,  59.7, 937.8,   1.6,  -0.0
86792,  -3.4,   1.9,   0.8,  25.9,  14.5, 932.6,   1.7,   0.1
86816,   1.0,   4.9,   2.8,-206.5, -59.2,1131.4,   1.4,   0.5
86844,   3.4,  -0.0,   1.3, -24.4,  10.3, 977.1,   1.4,   0.5
86864,   1.7,   5.0,  -1.6,  16.6, 127.5, 928.0,   1.8,  -0.3
86892,  -1.0,  -0.2,  -0.0, 148.5,  59.9, 891.4,   2.1,  -0.1
86916,  -2.9,   0.2,   1.3,  45.2, -35.1,1098.4,   1.9,  -0.0
86940,   0.1,   2.3,   1.2, -79.1,  99.7, 918.5,   2.2,   0.2
86964,  -2.0,   4.5,   1.4,  -2.2,  55.0,1010.3,   2.5,   0.2
86992,   0.3,   4.4,   2.6,-104.0,  69.4, 992.7,   2.6,   0.2
87016,   0.4,  -2.1,   2.3,  95.7,  78.0, 957.0,   2.7,   0.1
87040,   0.9,   2.6,   1.8, -26.4,  61.4,1039.6,   2.6,   0.1
87064,   0.5,   3.9,   3.6,-160.1, 189.3,1026.1,   2.9,   0.5
87092,   0.7,   0.9,   4.4,  17.6, -28.7,1060.3,   3.0,   0.5
87116,   0.9,   4.5,   3.1, -72.0,  28.7, 938.5,   3.0,   0.3
87140,   1.5,   2.4,   4.0, -37.8, 130.0,1000.5,   3.0,   0.3
87164,   2.0,   2.2,   3.9, -25.4,  66.3,1060.8,   3.1,   0.3
87192,  -0.2,   1.1,   3.1,  37.9,  54.3, 995.4,   3.3,   0.4
87216,  -2.6,   3.9,   2.0,  64.0,  70.4, 866.5,   3.3,   0.1
87240,  -6.2,   3.8,   0.6,  79.9,-237.7,1643.1,   3.0,  -0.2
87264,   3.5,  -7.5,  11.3,  34.4, 242.8, 800.1,   3.1,   1.1
87292,   5.1,   6.4,   3.8,  -4.6, 138.0, 898.2,   2.8,  -0.0
87316,   1.3,  -3.9,   4.8,  57.9, 152.2,1038.3,   3.5,   0.7
87344,   0.3,  -0.0,   6.1,  84.7,  17.2,1069.1,   3.4,   0.6
87364,  -0.8,   4.4,   4.9, -73.5, -50.2, 995.4,   2.9,   0.4
87392,  -0.7,  -1.4,   5.7,  85.5,  36.5,1034.2,   3.0,   0.6
87416,   0.7,   1.9,   5.3, -29.8,  32.1, 875.0,   3.1,   0.4
87440,   1.5,  -1.3,   6.1, 116.7,  16.4,1013.7,   3.0,   0.2
87464,   0.4,   3.3,   4.2, -63.9, -71.2,1054.9,   2.8,   0.1
87492,   3.0,   1.7,   6.6, -23.4,  97.0,1024.4,   2.7,   0.1
87516,   0.4,   1.9,   5.8,  -3.6,  38.9,1016.9,   2.9,   0.1
87540,   0.6,   0.5,   4.7,   5.6,  22.1, 992.4,   2.7,   0.1
87564,   1.3,   1.6,   4.0, 113.5, 100.7, 991.7,   2.5,  -0.3
87592,   1.0,   1.7,   2.5,  48.1, 115.3,1040.5,   2.6,  -0.3
87616,  -1.1,  -0.5,   2.3, -17.3,  79.7, 958.0,   2.9,  -0.2
87640,  -2.6,   1.1,   3.9,  33.2, 103.1, 919.2,   2.9,  -0.2
87664,  -3.3,   5.0,   2.3, 162.4, -35.6, 980.5,   2.4,  -0.6
87692,  -1.1,  -1.4,   2.1, -15.1,  68.2, 999.8,   2.6,  -0.2
87716,  -2.1,  -1.0,   1.5,  48.1,  43.1, 925.8,   2.7,  -0.2
87740,  -1.6,   3.3,  -1.3,  63.7,  26.0,1091.1,   2.5,  -0.6
87764,  -3.2,   1.7,   0.7, -50.0,  64.1, 933.1,   2.5,  -0.2
87792,  -1.8,   2.5,   0.3, -97.2,  -0.4, 896.5,   2.6,  -0.4
87816,   0.3,   0.1,   1.0,  48.1,  77.5,1031.0,   2.4,  -0.5
87844,   0.1,  -0.8,  -0.2, 116.2,  -4.3,1077.4,   2.4,  -0.6
87864,  -0.7,   2.3,  -1.1,  -4.6,  42.1,1021.0,   2.5,  -0.5
87892,  -1.8,   2.9,  -0.7,  -9.7,  40.4, 921.6,   2.4,  -0.5
87916,  -1.2,   3.0,   0.3, -91.5,  51.6, 949.2,   2.3,  -0.5
87940,  -3.2,   3.7,  -0.2,  54.7,   0.8,1038.6,   2.4,  -0.7
87968,  -0.8,  -1.1,   1.8, -81.0, 108.2, 995.4,   2.4,  -0.0
87992,  -5.1,  -0.9,   1.6,  24.7,-415.9,1312.0,   1.9,  -0.1
88016,   6.5,   8.1,  -0.7,-297.6, 231.3, 750.3,   2.2,  -0.0
88040,   1.4,   0.4,  -1.1, 116.5,  53.8, 987.6,   2.8,  -0.2
88068,  -2.7,   0.2,  -0.9,  98.2,  -6.5,1070.8,   2.7,  -0.3
88090,  -5.1,   1.9,  -2.1, -15.9, -73.2, 886.2,   2.3,  -0.2
88118,  -2.9,   3.7,  -2.9,-137.7, -36.3,1120.9,   2.2,  -0.0
88142,  -0.8,  -2.7,  -1.1,  74.0, 151.5, 933.9,   2.5,  -0.1
88166,  -1.3,   0.0,  -2.4,   5.9,  65.8, 972.2,   2.3,  -0.2
88190,  -0.6,   0.9,  -3.5,  84.2,  -9.4, 967.3,   2.2,  -0.5
88218,  -0.9,   1.5,  -2.7,  40.3,  68.4,1003.7,   2.3,  -0.3
88242,  -2.4,   0.2,  -0.7, -31.7, -23.3, 965.6,   2.2,  -0.2
88266,   0.7,   0.1,  -1.3, -39.5, 106.5,1040.5,   2.1,  -0.2
88290,   0.3,   4.4,  -1.6,-156.5, 119.7, 961.0,   2.3,  -0.1
88318,  -0.8,   2.6,  -1.5, -23.4,  49.6, 999.8,   2.4,  -0.2
88346,  -8.4,   2.1,  -2.4, 175.6,  83.1, 925.3,   2.3,  -0.4
88366,  -9.0,   0.1,   0.8,  -4.6,-379.6,1490.5,   1.3,   0.1
88390,  -0.2,  -2.0,  -1.0,  16.1, 162.9, 882.3,   2.5,   0.4
88418,  -1.6,   1.1,  -2.0,  19.1,  58.7, 983.9,   2.6,   0.1
88442,  -0.6,   1.5,  -1.7,  -2.7, -15.3, 960.0,   2.4,   0.2
88466,  -1.7,   1.3,  -1.6, -28.1,  43.8, 945.1,   2.3,   0.2
88490,  -1.0,  -0.6,  -1.0, -47.6,  87.5, 991.5,   2.3,   0.3
88518,   0.5,   2.8,  -1.9,-179.9,  75.0,1009.5,   2.2,   0.2
88542,   1.2,  -0.6,  -1.3, 116.7,  16.2,1031.5,   2.1,  -0.0
88566,   1.0,   0.4,  -2.0, -63.9, 155.4, 903.8,   2.3,   0.2
88590,  -1.8,  -3.6,  -2.9, 173.1, -73.9,1035.2,   2.4,  -0.2
88618,   0.8,   0.9,  -1.9,  49.8,   8.4, 979.0,   2.4,  -0.1
88642,  -1.8,   3.3,  -1.6, -54.7,  -5.5, 911.9,   2.6,  -0.0
88666,  -3.8,   0.1,  -3.3,  59.1, 100.2, 972.4,   3.0,  -0.1
88690,  -0.3,   5.3,  -1.0, -28.5, 286.5,1086.2,   2.4,  -0.3
88718,   0.4,   3.1,  -2.4, -29.3,  10.8, 866.0,   2.9,   0.1
88742,   1.0,   4.5,  -4.4,-127.2, 127.0, 913.8,   3.2,   0.1
88766,  -1.6,   2.3,  -0.8,  25.2, -41.2, 953.6,   2.9,   0.3
88790,  -2.1,   4.8,  -1.8,  53.7, -98.8,1034.2,   2.6,   0.2
88818,  -1.2,   1.7,  -2.1,  -2.2,  68.7, 932.6,   2.7,   0.5
88846,   0.1,   1.3,  -2.9,  68.9,  51.4,1103.5,   2.7,   0.4
88866,  -0.1,   0.7,  -3.3, 208.0,  13.0,1064.2,   2.6,   0.3
88890,   0.4,   1.8,  -3.9, -14.4,  49.9, 983.9,   2.6,   0.6
88918,   0.6,   1.6,  -2.9,  -6.1,  63.1,1020.8,   2.6,   0.8
88942,  -0.4,   0.9,  -2.5, -85.7, -50.0, 994.9,   2.4,   1.0
88966,   1.5,  -0.2,  -2.1, -60.3, 113.4, 912.9,   2.4,   1.1
88990,  -1.8,  -1.0,  -2.5,   6.4,  17.7,1067.2,   2.6,   1.1
89018,  -1.8,   1.7,  -3.9,  92.1, -10.4, 895.8,   2.5,   0.7
89042,  -3.5,  -1.3,  -2.7,-173.6, -68.0,1107.9,   2.1,   1.0
89066,   1.7,   1.4,   0.2, 507.1,  93.8, 962.2,   2.4,   0.5
89094,   0.5,  -2.8,  -4.3, -34.4, 206.6,1011.2,   2.8,   0.8
89118,   0.6,   1.2,  -2.1,   0.5, 107.0, 809.3,   2.9,   0.9
89142,  -0.5,   2.2,  -0.2, -34.2,  58.4,1122.8,   2.7,   0.7
89166,   0.7,   3.0,  -0.2,-116.4, 185.9, 935.8,   2.7,   0.9
89194,  -0.3,   4.0,   0.4, -78.8,  31.8, 887.2,   2.8,   0.8
89218,   2.5,   3.0,   0.4, -46.6, 115.6, 955.8,   2.9,   0.8
89242,  -1.3,  -1.6,   1.5,  66.7,   5.7, 894.3,   3.2,   1.1
89266,  -1.3,  -0.7,   2.9, 101.3,  47.5, 930.4,   3.0,   0.9
89294,  -1.1,  -0.5,   2.6, -29.5, 153.9, 904.8,   3.2,   1.1
89318,  -3.4,  -2.4,   2.6,  12.0, -14.6,1079.6,   3.2,   1.0
89346,  -1.1,  -0.7,   1.4,   7.8,  30.8, 961.4,   3.2,   1.0
89366,  -2.6,   2.7,   0.9,  24.7, -38.2,1077.2,   3.1,   0.8
89394,  -7.5,   1.6,  -0.8, 183.9, 117.3, 859.4,   3.6,   0.2
89418,  -8.3, -11.6,   5.8, 294.5,-224.5,1374.5,   2.9,   0.8
89442,  -0.6,   8.4,   0.8,-208.5,  76.7, 778.8,   3.1,   0.3
89466,   0.6,   0.5,   2.5, 164.1, 277.4,1104.0,   3.6,   0.5
89494,  -0.6,   0.8,   3.1,  98.6,-111.7,1160.4,   3.3,   0.3
89518,  -1.8,   0.7,   3.7,  -7.3, -54.6, 940.9,   3.3,   0.6
89542,  -0.5,   3.9,   4.2, -72.7,  12.3, 950.7,   3.2,   0.4
89566,   0.6,   2.2,   3.4,  28.3, 132.9, 923.4,   3.2,   0.2
89594,  -0.4,  -1.4,   3.4,  26.9, -28.2, 931.2,   2.8,   0.2
89618,  -0.8,   2.2,   1.4,  12.5, -31.7, 983.4,   2.7,   0.1
89642,  -0.5,  -0.2,   0.8, 122.3, -69.7, 954.8,   2.6,   0.1
89666,   0.2,   3.5,  -0.1, -24.9, -22.6, 973.4,   2.3,  -0.0
89694,   1.5,   0.1,   0.2,  82.5,  56.7,1021.3,   2.2,   0.0
89716,   0.7,  -0.2,  -0.5,  68.9, 106.8, 956.8,   2.3,   0.2
89744,   0.7,  -0.2,  -1.3,  -1.2,  72.8,1030.8,   2.3,   0.3
89768,   3.4,  -0.7,   0.6, -35.1, -15.5,1400.2,   1.8,   0.5
89792,  -1.0,  -4.2,   2.6, 243.2,  92.6, 881.4,   2.0,   0.6
89816,  -0.1,   8.1,  -5.0,-239.7,   6.7, 949.5,   2.0,   0.2
89844,   0.3,   0.9,  -2.5, -30.7,  83.3, 991.2,   2.0,   0.2
89868,  -2.5,  -1.4,  -1.7, 158.0, -63.9,1002.7,   1.8,  -0.1
89892,  -1.4,   1.2,  -2.0, -30.7, -25.8, 999.8,   1.6,  -0.0
89916,  -2.9,   0.8,  -1.7, 105.5,-131.5,1217.1,   1.7,  -0.1
89944,  -0.1,  -1.6,  -0.2, 112.6,  55.3,1055.2,   1.8,  -0.1
89968,   0.1,   2.9,   0.5,-165.5, 152.7, 902.4,   1.8,   0.2
89992,  -1.5,  -1.1,   0.8, 138.4,  18.2,1066.4,   1.9,   0.3
90016,   0.1,   4.3,   0.4,-120.6,  33.8,1090.8,   1.7,   0.2
90044,  -0.5,  -0.8,   2.6,  52.5, -19.0,1027.6,   1.8,   0.3
90068,   1.8,   3.6,   1.0,-167.5,  51.8, 990.5,   1.8,   0.3
90092,  -0.8,   1.1,   1.1,  28.6,  69.9,1014.2,   2.2,   0.3
90116,  -5.7,   4.8,  -0.2, -81.5,-490.4,1471.9,   1.7,   0.1
90144,   2.4,  -4.9,   8.2, 434.1, 217.4, 914.6,   2.2,   0.5
90168,   3.1,   0.8,  -1.8,-367.9,  76.5, 871.6,   2.3,   0.4
90192,   2.1,   1.1,   0.3,  69.8,  26.9,1006.8,   2.8,   0.1
90220,  -0.4,  -1.4,   3.7, 141.9,  79.4,1120.9,   2.5,  -0.1
90244,   0.5,   3.3,   2.0, -58.6, 101.7,1063.5,   2.5,  -0.1
90268,  -2.9,   2.5,   2.5, -69.8,   4.2,1103.3,   2.7,   0.1
90292,   2.1,   1.6,   2.9, -56.4, 118.5,1077.9,   2.6,   0.0
90320,  -0.3,   1.7,   4.1, -29.5,  12.8,1006.6,   2.6,   0.0
90348,  -1.8,   1.7,   4.3,   3.9,  69.2,1079.4,   2.6,   0.1
90368,   0.6,   1.6,   4.7, -37.8,  93.1, 953.9,   2.5,   0.1
90392,  -1.7,  -1.1,   6.1,  27.6, -44.6,1117.4,   2.4,  -0.0
90420,   1.2,  -0.8,   6.0,  72.8,  28.4,1103.3,   2.6,   0.1
90444,  -2.7,  -0.3,   5.0,  15.4,  -7.5, 918.5,   2.8,   0.2
90468,  -4.1,   2.2,   5.2, -37.6,  13.5, 928.2,   2.6,   0.0
90492,  -9.2,  -0.6,   4.4, 244.2,  10.1, 837.9,   2.6,  -0.4
90520,   0.2,  -7.1,   6.1, -79.8, 188.8, 700.7,   2.3,   0.7
90544,  -2.3,  10.8,   2.6,-191.9,  -0.2, 951.2,   2.6,  -0.1
90568,  -0.3,  -1.7,   5.4, 139.2,  -8.5, 971.9,   2.3,   0.1
90592,   0.2,   3.9,   3.2,  86.2, 106.3,1031.0,   2.3,  -0.2
90620,  -2.6,   2.6,   4.7, 231.7, -20.4,1104.0,   2.3,  -0.3
90644,   2.0,   3.4,   6.7, -81.8, 179.0, 906.8,   2.3,   0.1
90668,   1.2,   5.0,   3.8,  75.0, 108.7, 980.0,   2.2,  -0.4
90692,  -2.0,  -0.6,   4.2, 132.8,  -0.9,1102.1,   2.3,  -0.3
90720,  -2.2,   2.1,   3.4,  52.5,  29.4, 939.7,   2.4,  -0.6
90744,  -0.4,   7.0,   2.3,-171.6,  46.2, 956.6,   2.2,  -0.6
90768,   0.2,   4.0,   4.8,-111.8, 136.6, 909.2,   2.4,  -0.5
90792,  -2.3,   2.8,   4.6,-181.1, -34.1,1013.7,   2.5,  -0.1
90820,  -3.3,  -4.1,   3.9, 410.9, -41.4,1028.3,   2.2,  -0.6
90848,   0.7,  10.4,  -2.1,-408.2, 105.3,1152.8,   2.3,  -0.0
90868,  -2.4,  -6.1,   3.4, 204.4,  80.9, 981.0,   2.5,   0.2
90892,   0.9,   5.7,  -1.0,  -2.4, -12.1,1052.3,   2.3,  -0.6
90920,   0.1,   1.9,  -0.2, -83.0, -16.0,1063.7,   2.2,  -0.1
90944,   0.9,   2.5,  -0.2, -58.8,  47.0, 993.9,   2.1,  -0.0
90968,  -0.1,   2.4,  -0.5, -40.8,  36.7, 888.9,   2.1,  -0.1
90992,   0.2,   2.5,  -1.5, -52.5, 128.0,1113.3,   2.1,  -0.2
91020,   1.0,   0.8,  -1.0, -23.4,  46.5,1026.6,   1.9,  -0.3
91044,   0.3,   0.3,  -1.4, 144.1,  73.6, 972.2,   1.8,  -0.6
91068,  -1.0,   6.8,  -2.3,-210.9,  39.2, 989.3,   1.6,  -0.6
91092,  -0.6,   0.5,  -1.4, -37.3,  40.1, 935.3,   1.7,  -0.3
91120,   1.8,   3.1,  -1.8, -92.8, 166.3, 902.8,   1.7,  -0.4
91144,  -1.4,  -0.5,  -1.8, -13.7, 128.3,1067.6,   1.9,  -0.4
91168,  -4.9,  -4.9,   2.2, 254.9,-345.4,1527.8,   1.4,  -0.0
91192,   7.6,   5.6,   2.0,-376.0, 135.6, 783.0,   1.2,   0.4
91220,   0.6,   0.8,  -0.2, -35.9,   9.4, 905.5,   2.0,   0.4
91244,   0.2,   1.6,  -0.4,  85.7, -50.4, 903.8,   1.9,   0.1
91268,  -1.6,  -0.3,  -0.9, 115.3,-107.1,1003.9,   1.6,  -0.1
91296,  -1.5,   1.9,  -0.3, -57.4, -19.0,1058.4,   1.6,   0.1
91320,   1.6,   2.1,  -0.4,-159.4, 128.3,1051.8,   1.7,   0.3
91351,   1.1,   2.2,  -0.8,  11.0,  98.7, 919.7,   1.8,   0.3
91371,  -1.0,  -2.0,   0.8,-118.1,  35.5,1009.8,   2.2,   0.6
91395,   0.1,   2.6,   0.9,-148.4,  80.7, 948.5,   2.3,   0.5
91419,  -0.1,  -0.5,   0.8,  15.4, 122.6,1059.3,   2.3,   0.4
91443,  -2.9,   1.9,   0.4,-105.5,  28.9,1051.8,   2.6,   0.4
91471,  -1.2,  -2.6,   2.2, 111.6,  58.7,1033.7,   2.6,   0.3
91495,   0.3,   2.7,  -4.1, 338.9,  79.2,1033.2,   2.4,  -1.0
91519,   0.1,   4.7,  -5.0,-140.4, 103.6,1034.7,   2.8,  -0.3
91543,  -0.4,  -4.1,   1.1, -62.0, 129.7, 822.5,   3.1,   0.3
91571,  -0.7,   2.5,  -1.4, -97.4,  39.4, 865.7,   3.2,  -0.1
91595,   0.0,   3.1,  -2.1, -72.0,  -0.2,1037.9,   3.1,  -0.1
91619,  -1.4,  -2.2,  -0.8, 161.4,  42.3, 974.6,   3.3,  -0.1
91643,  -0.4,   3.9,  -1.5, -80.8,  46.7, 954.8,   3.3,  -0.1
91671,  -1.9,   1.8,  -1.9,  65.0, -89.3,1053.5,   3.3,  -0.1
91695,  -1.6,  -1.2,  -1.3,  60.1,  54.3, 914.6,   3.4,  -0.0
91719,   0.2,   1.3,  -2.1,  80.8,  20.8, 957.8,   3.1,  -0.1
91743,   0.2,   3.1,  -2.5,-165.3, 152.4, 944.3,   3.1,   0.1
91771,  -0.7,  -2.2,  -3.6, -77.6,-115.1,1017.1,   2.9,   0.1
91795,   2.2,  -2.5,  -3.3, 144.8, 163.2, 971.7,   2.9,  -0.1
91819,   0.3,   2.6,  -5.4, -76.2, 139.2, 940.2,   2.9,   0.1
91847,  -1.2,   0.3,  -3.8, -20.7,  21.1, 892.8,   2.8,   0.1
91871,  -4.4,  -0.5,  -2.7, -27.1, -57.0, 977.6,   2.5,   0.1
91895,  -4.8,   6.3,  -7.2, 200.9,  39.9, 913.6,   2.3,  -1.2
91919,   1.0,   4.1,  -2.9,-454.3, 123.6, 873.5,   1.9,   0.2
91943,   1.7,  -1.5,  -2.6, 149.7,  -2.8,1069.1,   2.5,  -0.5
91971,  -0.7,   1.1,  -3.2, -22.2, -72.2, 947.0,   2.2,  -0.1
91995,   0.5,  -1.1,  -1.6,  16.4,  24.0,1029.1,   2.1,   0.0
92019,   0.1,   2.2,  -2.3,-115.7,  -0.4, 956.6,   1.9,   0.1
92043,   0.6,   2.2,  -1.3, -76.2,  37.2,1041.5,   1.9,   0.3
92071,  -0.8,  -0.8,  -2.7, -34.9, -83.9, 987.8,   1.9,   0.2
92095,  -0.1,  -0.3,  -3.3, 132.8,   5.7, 963.9,   1.7,  -0.0
92119,   1.7,   2.6,  -3.0, -53.9, 168.5,1027.4,   1.7,   0.1
92143,  -0.5,   0.5,  -4.3,  34.7,  -1.9,1127.9,   1.9,  -0.1
92171,  -1.0,  -2.7,  -3.3,  79.1,  37.0,1130.6,   1.9,   0.2
92195,  -1.9,   0.1,  -2.9,  38.3,  68.9, 949.7,   2.0,   0.1
92219,  -1.8,   0.1,  -2.0, -60.5, 132.7,1069.1,   2.4,   0.2
92243,  -6.2,  -0.9,  -1.9, -45.1,-414.0, 939.2,   1.8,   0.1
92271,   2.4,  -2.4,   0.6, 387.5, 153.7, 940.9,   2.2,  -0.3
92295,   3.4,   2.5,  -4.3,-159.4, 193.0, 948.3,   2.9,   0.4
92319,   1.3,   1.1,  -2.4, -58.6,  66.5, 952.9,   3.0,   0.2
92347,  -2.1,   1.6,  -1.3, -53.5, -31.2,1079.8,   2.9,   0.2
92371,  -2.6,   1.9,  -2.5,  65.9,  67.5, 879.7,   2.7,  -0.1
92395,  -1.2,   0.9,  -2.2,  12.2, 120.9, 970.0,   2.7,   0.1
92419,  -1.9,   1.3,  -2.3,  41.8,  26.2, 899.2,   2.7,   0.1
92447,  -0.1,   1.6,  -2.4,  79.1, -33.4, 961.0,   2.4,   0.0
92471,  -1.3,   1.5,  -3.0, 201.4,  33.0,1004.4,   2.4,  -0.1
92495,   0.7,   4.1,  -3.9, -94.2, -33.4, 944.3,   2.1,   0.0
92519,  -0.5,   3.4,  -1.8, -25.9,  54.3, 915.8,   2.2,   0.3
92547,   0.4,   0.4,  -4.0, 141.6,  67.7, 973.2,   2.1,   0.1
92571,   0.8,   2.8,  -4.4, -12.4, -30.2,1040.5,   2.0,   0.1
92595,  -1.0,   0.6,  -4.3,  -3.4,  44.8, 889.7,   2.4,   0.2
92619,  -2.9,   3.4,  -5.7,-189.9,  81.4, 884.8,   2.6,   0.2
92647,  -1.7,  11.4,  -1.9,-447.7,-298.3,1338.6,   2.0,   0.2
92671,   2.4,   0.3,   3.2, 405.0, 255.9, 704.8,   2.5,  -0.1
92695,   3.5,   1.7,  -5.0,-446.0, 272.5, 956.6,   2.7,   0.1
92719,  -1.1,   1.1,  -2.7,  27.4,  15.0, 988.3,   3.2,  -0.2
92747,  -1.9,   4.7,  -2.1,-129.9, -19.9,1049.3,   2.8,  -0.1
92771,  -1.4,   2.9,  -1.7,-195.3,  52.3, 988.0,   2.7,   0.2
92795,  -1.2,  -1.2,  -0.0,   8.6, -10.2,1046.6,   2.8,   0.4
92819,  -2.3,   6.1,  -2.3,-129.6,  -1.6, 948.7,   2.6,   0.4
92847,  -0.7,   0.3,  -3.6,  13.0,  20.1,1004.4,   2.6,   0.3
92871,   1.2,   0.1,  -2.1,   1.2, 176.4,1058.4,   2.7,   0.3
92895,  -1.5,   3.1,  -1.3, -17.1,  44.0, 918.0,   3.0,   0.5
92919,  -1.0,  -0.8,  -0.6,  49.6,  72.4, 977.3,   2.8,   0.5
92947,  -1.8,   0.4,  -0.7,  27.4,  16.4, 980.7,   2.9,   0.4
92969,  -1.1,   1.2,   0.3,  82.8,  76.5, 977.1,   3.1,   0.4
92997,  -1.8,   2.7,  -0.5, -70.3, 103.6, 927.3,   3.4,   0.4
93021,   1.7,   0.5,   1.2,-263.9, 236.9,1058.6,   3.3,   0.7
93045,   3.2,  -5.5,   6.7,  51.3, 193.2, 964.6,   3.4,   1.2
93069,   2.6,   6.1,  -0.9, -38.3,   6.7,1026.4,   3.3,   0.1
93097,   2.4,   0.1,   1.0,  13.2, 130.7,1033.0,   3.9,   0.6
93121,  -0.5,   1.0,   1.2, -49.5,  87.7, 941.7,   3.8,   0.3
93145,   0.2,   2.2,   1.9, -28.5, 106.8, 970.7,   3.6,   0.4
93169,  -1.8,   2.5,   1.9,-146.7,  71.6, 922.4,   3.6,   0.7
93197,   0.6,   0.6,   0.6,  11.0,  66.7, 922.4,   3.6,   0.6
93221,   0.3,   0.0,   0.6,  51.0,  36.2, 973.2,   3.4,   0.4
93245,  -1.8,   4.1,  -0.2,  -4.1, -40.4, 966.1,   3.3,   0.3
93269,  -0.5,  -0.0,   1.8,  23.0,  90.7, 974.1,   3.2,   0.5
93297,  -0.7,  -0.3,   1.1,  80.1,  67.2, 993.7,   3.2,   0.3
93321,   0.3,   3.6,   2.4, -45.6,  17.7, 900.9,   3.0,   0.2
93349,  -0.6,   5.5,   2.0, -75.7,  37.0, 948.3,   3.0,   0.4
93369,  -0.4,   4.0,   2.0,   4.4,  77.7, 956.3,   2.9,   0.4
93397,   0.4,   3.4,   2.6,  23.2,  22.3, 876.2,   2.9,   0.5
93421,  -0.5,   0.9,   3.4, 150.7,  48.2,1003.9,   2.8,   0.2
93445,  -4.3,   1.7,   1.5,  68.1,  21.3, 890.6,   2.8,   0.0
93473,   2.0,  -0.6,   6.5,-244.4,  26.2, 958.5,   2.4,   1.2
93497,   0.9,  10.4,  -0.7,-193.6, -21.9, 848.4,   2.5,  -0.1
93521,  -1.0,  -4.7,   0.3, 196.1,  74.1, 987.3,   2.7,   0.4
93545,  -0.5,   2.2,   0.9,  17.4,  -9.2, 959.7,   2.5,   0.3
93573,  -1.6,   3.5,   0.1,  22.7,  -4.1, 941.7,   2.3,   0.2
93597,  -1.2,   2.9,   0.8, -68.8,  45.7, 985.1,   2.3,   0.4
93621,  -1.6,   0.5,   1.0,  83.3, -61.9,1128.9,   2.3,   0.3
93645,   1.2,   0.3,   0.5,  -3.6, 117.8,1000.3,   2.4,   0.3
93673,   0.1,   0.7,   0.6,  35.2,  -3.3, 981.7,   2.4,   0.1
93697,  -1.4,   2.2,   0.3,  18.1, -29.5,1051.5,   2.6,   0.1
93721,  -0.7,   0.6,   0.5, -41.5,  38.7, 982.9,   2.6,   0.1
93745,   2.1,   3.6,  -0.5,-125.5, 166.1, 919.9,   2.5,   0.1
93773,   0.9,   3.6,  -0.9, -18.0,  29.9, 989.0,   2.6,   0.0
93797,   2.0,   3.7,  -2.2,-120.6,  66.5,1080.6,   2.6,  -0.1
93821,   0.0,  -1.7,  -2.6,  60.6, 129.0, 951.2,   3.0,  -0.1
93849,  -2.1,  -0.2,  -3.3, 106.7,  20.8, 850.1,   2.9,  -0.3
93873,  -5.7,   2.0,  -5.1, 246.8,-172.0,1409.2,   2.7,  -1.0
93897,   5.6,   8.0,  -3.3,-428.5, 276.5, 795.4,   2.7,   0.5
93921,   3.2,   1.7,  -4.1,  66.4,  65.3,1080.1,   3.2,  -0.5
93945,   0.6,  -0.2,  -4.0,  -5.8, -66.8,1071.8,   3.1,  -0.1
93973,  -0.5,   2.6,  -2.2, -66.4, -32.9,1074.0,   2.9,  -0.1
93997,  -0.5,   3.2,  -2.4, -27.8,  92.4, 998.3,   2.8,   0.0
94021,  -1.7,   2.9,  -2.4,-142.3,   4.7, 965.1,   2.7,   0.3
94045,   0.1,   1.6,  -3.3,   9.0,  60.9, 903.8,   2.6,   0.2
94073,   1.0,   2.2,  -3.9, -45.1, -27.7, 984.4,   2.2,   0.3
94097,   0.9,  -1.9,  -3.8,  78.6,  25.5, 981.7,   2.3,   0.3
94121,  -0.4,   0.5,  -3.5, -19.0,  -2.6, 976.3,   2.2,   0.3
94145,   0.7,   0.6,  -4.6, 128.9,  69.2,1004.7,   2.2,   0.2
94173,  -1.2,  -1.4,  -3.6,  -1.7, -59.2, 948.0,   2.1,   0.5
94197,   1.3,   1.6,  -2.2,-120.1, 180.0, 911.4,   2.3,   0.6
94221,   0.8,   1.3,  -2.9,  66.9,  11.6, 986.3,   2.3,   0.3
94245,  -2.5,   4.1,  -5.0, -56.4,  17.9, 966.6,   2.3,   0.1
94273,   1.3,   3.4,   1.2,-351.5, -55.8, 902.8,   1.9,   1.0
94297,   0.6,  -0.8,  -0.1, 221.9,  39.6,1137.2,   2.2,   0.3
94321,   0.5,   2.3,  -3.5,-139.1, 130.9, 882.8,   2.5,   0.6
94349,  -0.4,   6.1,  -1.1,-196.3,  91.9, 954.6,   2.5,   0.9
94373,   0.7,   2.8,   0.7, -29.3,  53.3, 961.0,   2.4,   1.0
94397,   0.7,   3.9,   1.0,-120.8, 108.7,1077.6,   2.4,   1.1
94421,   0.1,   1.5,   1.8,  28.1, 211.0, 936.3,   2.6,   1.1
94445,  -0.2,  -1.0,   1.9,  53.5,  -9.9,1026.9,   2.7,   1.2
94473,  -1.3,  -0.8,   1.8,  31.3,  41.3,1089.1,   3.0,   1.2
94497,  -0.1,   3.6,   2.3, -53.2,  53.6, 999.0,   3.0,   1.2
94521,  -0.4,   6.6,   2.4,-126.7, 108.5, 961.9,   2.9,   1.1
94545,   0.0,   1.4,   3.0, -11.9,  85.8, 992.9,   3.0,   1.2
94573,  -1.6,   1.2,   2.0, -24.4, -38.0,1060.1,   3.3,   1.2
94599,  -1.6,   1.9,  -0.0,  37.4,  -3.3, 926.8,   3.3,   0.9
94623,  -3.7,   1.2,  -0.3,  70.6, 119.5, 896.0,   3.3,   0.7
94647,   1.4,   3.4,   2.9,-109.8, 151.5,1197.0,   3.1,   0.9
94671,   1.2,  -0.0,   3.1, 389.2,  89.7, 897.0,   3.1,   0.4
94699,   0.9,   1.1,   0.4,-151.6, 124.6, 902.8,   3.1,   0.8
94723,  -1.2,  -2.5,   0.1, 113.8,  51.1, 995.4,   3.2,   0.5
94747,  -1.5,   2.0,   1.7,  22.7, -23.3, 999.3,   2.9,   0.5
94771,  -1.2,   2.6,   1.2,-124.7,  66.3, 950.2,   2.7,   0.6
94799,  -2.5,   1.2,   0.4, -17.8,  59.2, 997.6,   2.6,   0.7
94823,  -2.8,  -0.2,  -0.1, 105.2, -62.7,1046.6,   2.6,   0.5
94851,  -3.0,   0.6,   0.5, -77.6,  57.0,1076.4,   2.5,   0.5
94871,  -2.7,   1.4,  -0.2, 101.6,   5.2, 984.1,   2.5,   0.2
94899,  -2.6,  -1.1,   0.3, -76.2,  34.8,1008.6,   2.4,   0.3
94923,  -1.2,   3.3,   1.6, -59.8,  95.3,1020.0,   2.4,   0.3
94947,  -1.3,   0.9,   0.9, -62.7, 183.4, 959.5,   2.5,   0.5
94971,  -2.6,   0.3,  -0.6,  29.3, -29.7,1033.2,   2.3,   0.1
94999,  -2.1,   2.7,  -0.2, -79.8,  35.2, 957.3,   2.1,   0.1
95023,  -5.7,   2.5,   0.1, -81.8,-300.4,1184.8,   1.8,  -0.1
95047,   2.5,  -2.9,   3.4, 188.5, 203.7, 918.5,   1.6,   0.3
95071,   1.9,   5.6,  -1.1,-188.5,   2.0,1031.8,   1.9,   0.2
95099,   0.5,  -1.4,  -0.5,  23.2,  65.0,1101.1,   2.3,   0.4
95123,  -1.0,   6.3,   1.1,-219.7,  88.7, 953.4,   2.0,   0.4
95147,  -2.0,  -1.5,   1.1,  15.6, -62.2,1157.0,   1.9,   0.4
95171,  -1.8,   2.0,   1.2, -46.1, -96.6, 956.1,   1.8,   0.4
95199,  -0.4,   2.9,   2.5,  68.1,  76.5,1035.7,   2.1,   0.4
95223,  -0.4,   1.9,   0.5,-125.2,  84.8,1015.4,   2.3,   0.5
95247,  -0.6,  -0.2,   0.6, -36.4,  68.2, 960.0,   2.3,   0.6
95271,   0.1,   3.6,   0.8,-103.3,  95.8, 941.2,   2.2,   0.3
95299,  -2.4,   1.7,   1.6, -30.0, -26.0, 910.9,   2.1,   0.3
95323,  -1.0,   3.6,   0.6, -85.9, 149.7,1020.8,   2.4,   0.3
95351,  -3.4,  -0.0,   0.7,  45.4,   2.8,1052.5,   2.2,   0.2
95371,  -4.1,   5.2,   0.4, -24.4,  21.6, 816.2,   2.0,  -0.1
95399,   2.3, -10.5,   4.6, 402.1,  68.9, 920.7,   1.8,   0.3
95423,   0.1,   6.9,  -1.3,-185.8,  73.6, 934.3,   2.2,  -0.1
95447,  -2.3,  -2.0,   1.2, -28.3, -24.1,1037.6,   2.3,   0.4
95471,  -3.0,   4.5,   2.0,-197.0,  -9.7, 885.8,   2.1,   0.1
95499,  -0.9,   0.9,   1.1,  63.7, 118.0,1007.1,   2.1,  -0.0
95523,  -1.0,   3.2,   2.9, -60.5,  89.9, 929.5,   2.2,   0.3
95547,   0.3,   2.0,   2.2, -11.9,  78.0, 981.7,   1.9,  -0.1
95571,  -0.4,   0.3,   1.8,  54.7,  70.9,1071.5,   1.8,   0.1
95599,  -2.7,   3.0,   1.4,  32.5, -82.9, 991.5,   1.9,  -0.1
95623,  -1.1,   5.0,   0.8,-142.1,   6.7, 900.4,   1.7,   0.1
95647,  -0.2,   4.7,   1.5, -58.6,  58.4, 948.7,   1.6,   0.0
95671,   0.8,   1.4,   1.1,  40.5, -21.2,1009.0,   1.7,   0.1
95699,   1.1,   3.7,   1.1, -57.6,  -8.2,1020.3,   1.9,   0.0
95723,  -2.6,   0.8,   0.2,  32.2,  71.6, 856.0,   2.2,   0.0
95747,   0.4,  -2.0,   4.2, 156.8,-225.5,1430.7,   1.7,   0.3
95775,   2.0,   0.5,   1.0,  45.2, 127.0, 910.2,   2.5,   0.3
95799,  -2.9,   2.3,   0.3,-191.6, -38.2, 947.5,   2.7,   0.4
95823,  -2.5,   1.4,   0.3, -23.7,  69.4, 982.4,   2.4,   0.3
95851,  -3.0,   0.9,   0.1,   9.5,  26.0, 888.4,   2.3,   0.3
95875,  -1.5,  -2.1,   0.7, 134.0,  -3.6, 934.6,   2.2,   0.3
95899,  -0.4,   0.0,   1.3,  11.2,  31.3,1000.5,   2.1,   0.5
95923,   0.2,  -1.9,  -0.2, 123.1, -48.3, 956.8,   2.0,   0.4
95947,   0.1,   0.1,  -0.5, -41.2, -29.2,1015.1,   1.9,   0.6
95975,   0.9,   4.8,  -0.8,-105.5, -10.9,1021.0,   1.8,   0.5
95999,   2.9,  -5.7,   0.1, 137.5, 194.7,1067.6,   2.0,   0.5
96023,   2.4,   0.5,  -0.6,-195.1, 191.0, 857.7,   2.3,   0.9
96047,  -2.6,  -5.3,  -0.7, 214.1,  42.1,1136.0,   2.4,   0.4
96075,   1.5,   4.6,   0.1,-119.4, 144.1,1144.1,   1.9,   0.4
96099,   6.0,  -6.4,   0.5, 176.8, 293.1,1045.2,   2.7,   0.8
96123,   0.9,   7.3,  -3.3,-282.0, 161.0, 803.5,   3.2,   0.9
96147,  -0.4,  -2.4,   0.6, 159.7,-118.6,1168.7,   2.9,   0.8
96175,  -3.0,   6.9,  -1.1,-100.3,   9.1,1009.8,   2.8,   0.7
96199,  -2.1,   0.1,   0.8,  56.4,  94.8, 924.8,   2.8,   0.7
96225,   1.5,   5.4,   1.4,-154.3,  61.4, 871.6,   2.7,   0.7
96249,   0.1,   1.2,   0.4, -63.2, 185.9,1045.4,   2.8,   0.8
96273,  -1.7,  -1.9,   0.8,  96.2, -21.9,1152.8,   3.0,   0.9
96297,   0.3,   3.1,  -0.2,-146.2, -15.3, 930.4,   2.7,   0.8
96325,  -0.7,   1.5,   0.4, -18.5,  78.2, 988.3,   2.7,   0.7
96353,   1.7,   1.0,   0.9, -41.0,  34.8,1083.0,   2.8,   0.7
96373,  -0.9,   2.3,  -1.7,  -6.8,  66.3, 917.7,   3.0,   0.4
96397,  -3.0,  -0.6,  -0.5, -17.3,  44.8, 908.5,   3.0,   0.4
96425,   6.8,   5.0,   1.8, -72.7, 109.5, 940.4,   2.3,   0.2
96449,   1.5,   6.1,  -1.1,-139.4, 169.5,1012.5,   3.2,   0.1
96473,   0.4,  -0.9,  -0.2,  68.4, 183.7, 962.4,   3.3,   0.4
96497,   0.7,   4.4,   0.8, -71.5, 120.0,1091.3,   2.9,   0.2
96525,  -2.3,   1.4,   0.8, -26.6,  91.4,1018.3,   2.7,   0.2
96549,  -0.1,   3.6,   1.3, -21.2, 116.8, 988.0,   2.8,   0.3
96573,  -2.9,   1.5,   1.7,  12.5,-124.7,1147.0,   2.5,   0.3
96597,   0.4,  -1.9,   3.3,-100.6, 196.9, 934.8,   2.6,   0.6
96625,  -0.7,  -0.6,   2.6,  71.3,  15.5,1086.0,   2.8,   0.5
96649,   1.5,   1.1,   3.2, -63.5, 140.2,1044.2,   2.6,   0.8
96673,   0.3,   5.0,   3.3, -93.2,  89.2, 950.2,   2.5,   0.6
96697,  -1.0,   4.2,   4.4, -87.4,  75.8, 983.2,   2.7,   0.7
96725,  -7.0,   2.3,   3.4,-119.6,   1.6, 834.5,   2.9,   0.7
96749,  -3.6,  -0.6,   3.4, 142.6,-240.6,1272.2,   1.9,   0.4
96773,   0.1,   3.9,   6.0, -54.7, 189.5, 732.4,   3.1,   1.2
96797,  -2.5,  -4.9,   3.4, 242.2,  37.7,1213.9,   3.2,   1.0
96825,  -1.3,  -2.3,   4.5, 115.5,  41.8,1069.3,   3.0,   1.2
96853,  -0.7,   2.2,   4.2, -14.9, -92.7, 954.6,   2.9,   1.3
96873,   2.8,   1.7,   2.9,-126.2, 197.4, 932.9,   3.1,   1.1
96901,   0.8,   6.9,   3.7,-211.4,-183.0, 925.5,   2.8,   1.1
96925,   0.5,  -1.9,   3.6, 130.1,  46.0,1211.2,   3.0,   0.6
96949,   1.2,   1.5,   2.3,-163.8, 118.7, 888.9,   3.1,   0.8
96973,   0.1,   1.2,   3.3, 111.6, 125.1,1010.5,   3.0,   0.3
97001,   0.9,   1.6,   3.3, -80.5,  82.1,1108.7,   2.8,   0.4
97025,  -0.1,   1.7,   2.5, -63.9, 130.5, 961.7,   3.0,   0.2
97049,  -2.1,   3.6,   2.5,-103.5, 178.6, 881.8,   3.2,   0.3
97073,  -4.9,   0.6,  -1.8, 460.5,-440.8,1569.3,   2.6,  -0.9
97101,   2.4,  -5.0,   3.7, 202.2, 246.2, 884.0,   3.3,   0.2
97125,   1.1,   2.4,  -1.9,-105.2,  29.9, 996.6,   3.3,  -0.4
97149,  -1.0,   0.4,  -0.8,-118.6,  93.8,1037.6,   3.1,  -0.2
97173,  -3.0,   1.2,  -3.4, -53.2, -30.7, 988.5,   2.9,  -0.8
97201,  -2.1,   3.1,  -3.0,-118.6,  34.0,1031.0,   2.9,  -0.5
97225,  -0.4,  -2.1,  -4.9,  11.0, 126.8,1071.3,   2.7,  -0.5
97249,  -1.6,   3.1,  -6.0, -37.1,   1.8, 979.3,   2.6,  -0.7
97273,  -2.2,  -2.9,  -7.4, 107.2,  44.8,1003.4,   2.8,  -0.5
97301,   0.1,  -1.7,  -7.4, 102.6, -55.1,1195.6,   2.4,  -0.8
97325,   2.6,   2.1,  -7.7,  21.3, 178.6, 965.6,   2.6,  -0.8
97353,  -0.8,   6.8,  -9.4,-286.6,  16.0, 846.2,   2.5,  -0.3
97373,  -2.1,  -2.2,  -8.8, 187.3,  72.1, 851.6,   2.6,  -0.9
97401,  -7.0,   1.7, -10.5, -31.0, -30.9,1052.3,   2.4,  -0.7
97425,   5.3,   5.6,  -9.0,-169.7, 357.3,1009.5,   1.9,  -0.3
97449,   1.5,   4.3, -12.2,  -2.4, 203.2,1103.8,   2.4,  -0.7
97473,   1.1,  -1.3, -10.9,-199.9, 221.0, 876.2,   2.7,   0.2
97501,   0.0,   6.6, -11.8,-189.9,  37.9, 932.1,   2.3,  -0.2
97525,  -1.7,  -2.8, -10.1,  94.3,  99.2, 911.6,   2.3,  -0.0
97549,  -1.6,   1.4, -10.7, -22.0,  63.3, 914.8,   2.3,   0.0
97573,  -2.3,  -1.3, -10.1, -32.2,  -0.4, 937.8,   2.2,   0.5
97601,   0.5,   2.7, -12.2, 181.7, -91.0, 975.4,   1.9,  -0.0
97625,   1.3,  -1.4, -11.8,  89.6, 126.1,1064.7,   2.4,   0.6
97649,   2.5,  -2.1,  -9.5, -47.8, 169.0, 844.5,   2.7,   0.9
97673,  -0.3,  -1.1,  -8.5,  90.6,  55.0, 980.5,   2.5,   0.9
97701,  -4.3,  -1.4,  -8.2,  -6.6,  13.3, 976.8,   2.8,   1.1
97725,  -5.6,   6.7,  -9.7, -84.2, -94.6,1217.3,   2.7,   0.8
97749,   3.0,   1.2,  -4.9,-382.8, 326.7, 731.0,   2.8,   2.0
97773,  -0.8,  -2.4,  -6.5, 257.8,  13.0,1008.3,   3.0,   0.6
97801,   1.2,   2.0,  -9.7,-159.7, 299.9,1103.0,   3.2,   1.0
97825,  -1.9,   2.0,  -7.4, -80.8,  21.6, 982.7,   3.4,   0.8
97855,  -3.1,  -1.1,  -4.0,  37.4,  74.6,1021.3,   3.4,   0.7
97875,  -2.2,   2.0,  -4.1,-156.2, -32.9,1071.5,   3.2,   1.1
97899,  -1.6,   1.5,  -3.5,   3.4,  36.7, 979.3,   3.4,   1.0
97923,   0.8,   4.1,  -1.6, -57.1, 173.4, 986.6,   3.4,   1.0
97951,  -2.3,   1.1,  -1.7,  75.7,  37.7,1017.6,   3.3,   0.8
97975,  -1.2,   0.9,  -1.3,  54.7,  50.4,1165.8,   3.3,   0.7
97999,  -3.2,  -7.4,   0.1, 173.4,   5.9, 949.2,   3.5,   1.3
98027,   0.0,   2.0,  -3.3,  40.3,  85.8, 942.2,   3.3,   0.8
98051,  -3.5,   6.0,  -3.6,  -8.5, 121.2, 876.5,   3.5,   0.8
98075,  -2.3,  -0.0,  -3.1,-214.8,-288.0,1495.9,   2.8,   0.9
98099,  -1.1,   2.1,  -0.2,  -9.5,  26.9, 743.9,   3.4,   0.8
98127,  -0.8,   0.3,   0.1,-181.4, 110.2, 966.1,   3.5,   1.3
98151,  -1.4,  -3.8,   2.0,  53.7,  -6.0, 999.0,   3.2,   1.3
98175,   1.7,  -1.4,  -0.7,-250.5,  80.7, 967.8,   3.1,   1.1
98199,  -1.0,  -0.1,  -2.1,  45.4,  73.8,1120.4,   3.4,   0.8
98227,  -0.4,  -0.9,  -1.8,  29.6,  30.1,1117.7,   3.2,   0.7
98251,  -1.8,   3.9,  -1.4,-149.4,  -8.9, 891.1,   3.2,   0.7
98275,  -0.1,   1.2,  -1.8,  46.2,  95.5, 998.8,   3.3,   0.5
98299,  -0.8,   4.5,  -1.6,-174.1, 178.1, 993.9,   3.4,   0.6
98327,  -0.8,  -3.0,   0.3, 141.9, 128.0,1033.2,   3.7,   0.7
98355,  -0.7,   1.5,   1.2,  12.7,  86.8, 977.3,   3.7,   0.7
98375,  -1.7,   1.9,   0.8,  29.6,  39.4,1007.3,   3.6,   0.7
98399,  -1.7,   2.6,   2.0, -34.4,  79.2, 951.7,   3.6,   0.8
98427,  -1.5,   6.3,   0.6, -55.6,  -2.4, 973.4,   3.6,   0.6
98451,  -3.2,   1.8,  -0.0,  21.3,  67.7, 938.2,   3.6,   0.4
98475,  -7.7,   7.2,  -2.4,-254.1,-642.2,1229.0,   2.9,  -0.1
98499,   2.8, -10.3,   8.0, 198.7, 207.4, 981.7,   3.3,   0.9
98527,  -0.6,   2.5,   5.2,-314.9,  43.3,1041.3,   3.2,   1.4
98551,  -3.3,  -7.6,  10.3, 209.5, -83.9, 952.4,   3.0,   1.8
98575,   1.4,   7.9,   1.7,-556.1,-100.7, 894.8,   2.4,   1.2
98599,  -1.9,   2.2,   5.4, 193.6, -23.8, 949.7,   3.0,   1.0
98627,  -0.4,  -1.6,   6.5,  79.9, -81.7, 959.0,   2.6,   1.0
98651,   2.6,   3.5,   6.0, -61.0, 187.8, 979.3,   2.4,   1.0
98675,  -2.1,  -4.1,   7.7,  29.6,  22.1,1020.8,   2.4,   1.2
98699,   0.7,  -1.0,   9.9,  -8.8,  83.8,1012.5,   2.5,   1.1
98727,   0.9,   3.6,   9.6, -89.1,  92.9, 944.6,   2.6,   1.2
98751,  -0.8,  -1.1,   9.6, 195.1, -39.5,1094.3,   2.5,   0.8
98775,  -1.2,   3.1,  10.0, -74.4,   2.5, 843.5,   2.5,   0.7
98799,   0.2,   3.6,  12.0,-121.3,  57.0,1066.9,   2.6,   0.8
98827,   0.1,   1.4,  11.2, -15.9, 125.1,1022.5,   2.9,   0.8
98855,  -1.9,   2.6,  10.4,  60.3, 142.2, 896.3,   2.9,   0.7
98875,  -6.4,   1.7,  10.2, 143.8,  97.3, 891.4,   3.1,   0.3
98899,   3.6,  -2.4,  11.4, 319.8, 107.8,1296.4,   2.8,   0.0
98927,   4.0,   0.0,  10.5, 107.2, 149.5,1200.5,   3.3,   0.3
98951,  -0.9,   4.2,  10.5,-134.7, -76.8, 857.9,   3.3,   1.1
98975,  -1.2,  -0.5,  10.6, 147.5,  75.5,1036.6,   2.9,   0.7
98999,  -2.4,   4.4,  10.9,-116.7,  88.7, 971.9,   2.7,   1.0
99027,  -1.3,   6.5,   8.7,-133.8,  40.6,1003.7,   2.6,   0.6
99051,  -1.3,   2.5,   8.1, -35.6, 143.9, 998.5,   2.7,   0.6
99075,  -0.5,   2.2,   7.2, -31.7,  80.7, 853.3,   2.6,   0.4
99103,  -1.3,   6.3,   5.3,  25.7, -28.7,1017.8,   2.1,  -0.3
99127,  -1.3,   2.6,   6.1, -46.6,  40.4, 980.2,   2.0,  -0.0
99151,  -0.5,   4.2,   5.1, -68.1,  -1.4, 977.1,   1.9,  -0.1
99175,  -1.6,   0.4,   3.6, 105.5,  -9.9,1054.9,   1.8,  -0.4
99203,   0.6,  -2.5,   4.4, 144.1,  35.0,1057.4,   1.6,  -0.5
99227,   0.1,   6.0,   5.3,-144.3,  64.8, 948.7,   1.6,  -0.3
99251,  -1.6,  -1.4,   7.2,  29.8, -29.9,1021.3,   1.5,   0.0
99275,   0.8,   5.9,   1.2,  41.0, -83.2, 974.9,   0.9,  -0.8
99303,  -0.4,  -0.5,   3.6,  33.7, 110.0, 920.2,   1.0,  -0.3
99327,  -0.7,  -3.6,   0.4,  57.6, -32.1,1039.8,   0.8,  -0.8
99355,  -1.4,  -3.8,  -0.7, 117.9, -77.5, 997.8,   0.6,  -1.1
99375,   1.7,  -1.1,  -0.2, -15.1,  74.8, 992.4,   0.5,  -1.0
99403,  -1.3,  -2.8,  -1.5, 120.1, -38.0,1065.4,   0.4,  -1.1
99427,  -0.4,   0.7,  -2.7, -19.8,  -0.4, 968.5,   0.2,  -0.9
99451,   0.2,  -0.8,  -3.2, 149.4, -85.4, 932.1,   0.1,  -1.1
99477,   1.8,   2.8,  -3.2, -16.1, 235.4, 987.8,   0.3,  -1.0
99501,  -1.4,   0.8,  -2.2,  16.4, -12.4, 965.3,   0.6,  -0.8
99525,  -1.3,  -5.1,  -1.8, 309.8,  15.7,1119.2,   0.4,  -0.9
99553,  -1.3,   5.6,  -4.7,-227.8,  94.6, 884.5,   0.4,  -0.3
99577,  -2.6,  -4.9,  -4.0,  59.8, -10.4,1041.8,   0.5,  -0.2
99601,  -2.2,  -0.2,  -2.1, 120.1,-113.4, 882.6,  -0.1,  -0.4
99625,  -1.3,  17.3, -11.5,-604.2, -67.1,1161.1,  -0.3,  -1.1
99653,  -0.2,  -6.3,  -4.6, 246.6, 108.2,1045.9,   1.0,  -0.2
99677,   0.1,   1.1,  -8.9,-115.5, -58.7, 887.2,   0.7,  -0.5
99701,  -2.9,   2.4,  -8.2,   9.5, -87.1,1075.9,   0.6,  -0.4
99725,  -0.6,   0.1,  -5.9,-101.3,  -7.2, 966.1,   0.6,  -0.2
99753,  -2.3,   0.6,  -6.8,  57.9,  73.3, 936.8,   1.0,  -0.3
99777,   0.3,   4.8,  -6.8,-181.6,  46.2, 894.1,   1.0,  -0.0
99801,   0.3,   0.3,  -6.7, 192.6,   4.5,1032.5,   1.0,  -0.4
99825,  -2.9,  -2.5,  -6.8,  90.6, -92.7,1196.3,   1.2,  -0.1
99853,  -1.0,   0.9,  -6.5,-118.6, -71.2, 949.0,   1.1,   0.0
99877,   0.0,  -0.4,  -5.2, -25.6,  81.1, 952.6,   1.6,   0.1
99901,  -0.4,   2.6,  -6.9,-197.7,  47.5,1104.3,   1.7,   0.3
99925,  -3.0,   0.5,  -7.7,  51.0,  -6.3, 894.5,   2.0,   0.0
99953,   2.8,   3.3,  -5.4,-309.8,  46.0,1140.1,   1.7,   0.5
99977,   2.3,   0.8,  -5.7, 268.6,  77.5, 873.3,   2.3,  -0.4
100001,   0.3,  -0.1,  -6.9, -44.9, 225.2, 969.7,   2.6,   0.7
100025,  -2.7,   0.7,  -6.0, -12.7, -75.1, 912.6,   2.5,   0.6
100053,  -1.8,   0.0,  -5.2,  -2.7, -62.2,1072.8,   2.3,   0.6
100077,  -3.7,  -1.4,  -4.5, -19.3, -67.8,1071.1,   2.4,   0.8
100101,  -4.1,   0.8,  -4.4, -26.8, -68.0,1095.2,   2.2,   0.7
100125,   0.7,   3.4,  -4.6, -96.7, 163.9, 881.6,   2.2,   0.8
100153,   3.7,   3.0,  -4.2,  18.3, 188.1,1085.7,   2.2,   0.6
100177,   0.9,   0.9,  -2.7, -53.5,  86.8, 910.4,   2.6,   1.0
100201,   0.8,   0.0,  -4.7, -38.1, 110.7, 926.8,   2.5,   0.9
100229,   0.1,  -0.3,  -1.8, -49.5, 112.1, 887.0,   2.4,   1.1
100253,  -3.2,   3.8,  -3.5, -20.5,  82.9,1015.6,   2.8,   0.9
100277,  -4.3,  -3.9,   0.6, -69.6,-215.0,1149.9,   2.5,   1.3
100301,  -0.5,   4.9,   1.8, 144.1,   0.6, 794.2,   3.2,   1.0
100329,  -0.7,   5.3,  -1.9, -22.7,  91.2, 933.6,   3.5,   0.8
100357,  -3.2,   2.2,   0.8, 126.7,  65.8, 974.9,   3.4,   0.7
100377,  -2.7,   3.7,   2.5,-131.6,  37.0, 968.5,   3.3,   1.0
100401,  -2.1,   2.2,   2.6,  86.7,  24.3,1034.2,   3.3,   0.8
100429,   0.0,   2.5,   2.6,-101.1, 139.5, 921.4,   3.4,   1.2
100453,   1.8,   0.5,   3.3,  -4.6,  78.2, 981.0,   3.3,   1.1
100477,  -0.2,   4.0,   3.4,   2.0, -46.3, 978.3,   3.1,   1.1
100501,  -1.6,   1.2,   3.3,-103.5,  75.5,1018.8,   3.4,   1.3
100529,  -2.6,   0.5,   4.7, -28.8, -36.3, 974.9,   3.4,   1.3
100553,  -1.9,   1.8,   5.8,  25.2,  60.6, 988.0,   3.3,   1.2
100577,  -1.5,   0.1,   5.2, -48.3,  60.1, 973.6,   3.4,   1.3
100601,  -0.2,   1.3,   4.7,  27.1,  23.0, 957.0,   3.4,   1.1
100629,  -3.0,   2.0,   2.9,  10.8, -29.0,1020.0,   3.3,   0.8
100653,   2.1,   6.8,   4.5,-233.1, 177.8, 994.6,   3.1,   1.0
100677,   0.7,  -5.8,  11.7, 313.7, 148.8, 856.0,   3.2,   1.2
100701,   1.7,   1.1,   2.8,-127.4,  77.7,1086.0,   2.9,   0.8
100729,  -0.6,   2.7,   5.1,  -0.7,   5.9, 903.8,   3.3,   0.9
100753,  -0.7,   0.6,   6.4,  75.9, -35.8, 941.9,   2.8,   0.7
100777,  -1.3,   2.5,   4.0, -41.7, -17.5,1089.4,   2.6,   0.5
100801,  -2.7,  -1.0,   4.5,  94.0, -61.9, 994.6,   2.6,   0.5
100829,  -0.7,   1.7,   5.6, -56.1,  86.3,1036.6,   2.5,   0.6
100857,  -0.5,  -1.4,   3.6,  98.2, -52.9,1028.8,   2.4,   0.4
100877,  -0.9,   0.2,   3.0, 125.7,-100.3,1049.3,   2.1,   0.1
100901,  -1.5,   0.5,   2.6,  -1.0,  50.1,1034.7,   2.0,   0.3
100929,   0.9,  -1.1,   2.0,  53.2,  36.2, 960.7,   1.9,   0.1
100953,   1.1,   1.6,   1.7, 103.3, 121.2,1047.9,   1.7,  -0.0
100977,   0.4,   1.7,   0.7,  21.5, -10.9, 994.6,   1.6,  -0.2
101001,   1.5,   0.5,   0.7, -45.6, 101.2,1047.1,   1.8,  -0.0
101029,  -2.3,  -3.0,   1.4,  65.2, -34.1, 900.6,   1.6,  -0.0
101053,  -5.2,  -3.0,   2.1,  36.9, -78.5,1072.0,   1.2,   0.1
101077,   1.5,   5.5,  -3.2,-103.7,   7.9, 951.7,   1.3,  -0.5
101103,  -0.8,  -0.5,  -4.8, 119.2, 157.3,1089.6,   1.9,  -0.5
101127,   0.4,   1.7,  -3.4,  50.1,-108.8,1051.5,   1.5,  -0.7
101151,  -2.3,   1.1,  -2.5, -13.9,  75.8, 949.2,   1.6,  -0.3
101179,  -1.1,   5.8,  -2.2,-112.3,  57.2, 861.3,   1.5,  -0.2
101203,  -0.4,  -3.1,  -1.8, 217.8,  74.1,1088.6,   1.6,  -0.3
101227,   0.6,   1.3,  -4.1,  46.2,  32.1, 918.0,   1.5,  -0.2
101255,   0.1,   4.7,  -5.3,-112.5, 174.9,1022.7,   1.8,  -0.0
101279,   1.8,   2.2,  -5.7,-109.6, 142.9, 937.5,   1.9,   0.0
101303,  -0.7,   0.2,  -5.0,  91.8, -18.2,1100.1,   1.8,  -0.2
101327,   0.8,  -4.3,  -5.2, 142.4,  36.7,1026.1,   1.9,   0.1
101355,  -0.7,   1.2,  -4.4, -95.7,  37.7,1005.1,   1.9,   0.2
101379,  -1.3,   1.4,  -5.0, -34.2,   7.7,1015.6,   2.1,   0.2
101403,  -2.1,   2.2,  -4.4, -59.3,-344.4,1414.3,   1.7,   0.3
101427,   1.2, -10.0,   1.5, -20.5,  87.2, 814.2,   1.9,   1.2
101455,   3.9,   2.2,  -8.9, -71.8, 134.4, 907.2,   2.4,   0.2
101479,  -1.4,   2.0,  -7.3,  36.9,  26.7, 981.5,   2.7,   0.3
101503,  -0.5,   1.8,  -5.2,-147.4,  51.6, 930.9,   2.4,   0.4
101527,  -1.5,   1.6,  -3.6,  72.8,   5.2,1040.1,   2.3,   0.4
101555,   1.0,   1.0,  -2.4, -81.3, 197.4,1018.6,   2.4,   0.7
101579,  -0.4,  -2.7,  -2.6,  74.0,  57.9, 994.2,   2.5,   0.7
101603,  -2.1,  -0.9,  -2.3,  33.2, -13.6, 995.9,   2.4,   0.6
101627,  -0.8,  -0.7,  -2.2,  45.7, -18.7,1043.5,   2.2,   0.6
101655,  -0.4,   0.5,  -1.0, -88.9,  97.7, 938.5,   2.4,   1.0
101679,  -1.2,  -0.6,  -1.7,  -0.2, -64.1,1001.0,   2.2,   0.9
101703,   1.2,   3.4,  -1.8, -73.0, 156.6, 922.6,   2.0,   0.9
101727,   0.2,   2.0,  -0.6,  29.6,  54.5, 984.9,   2.0,   0.9
101755,  -0.2,   1.1,  -0.5, -62.5,  39.4, 957.3,   2.2,   1.2
101779,   0.2,  -1.2,  -2.0,  39.3,  38.9, 933.9,   2.1,   0.9
101803,  -4.2,  -2.4,  -2.4,  65.4,  -2.4, 852.6,   2.1,   0.7
101827,  -4.8,  -3.0,   0.4,-106.4,-102.7,1391.6,   1.7,   1.1
101855,   1.1,   2.2,   1.4, 182.1, -45.6, 906.8,   1.6,   1.0
101879,  -0.1,  -2.8,  -2.4, -20.7, 150.7, 983.9,   2.1,   1.6
101903,  -1.3,   1.1,  -1.0, -55.6, -23.3, 953.4,   2.1,   1.4
101927,   0.0,   0.7,   0.3,   5.6,  16.0,1017.1,   2.0,   1.0
101955,  -1.5,   0.1,   1.2, -13.7,  31.8,1033.5,   2.0,   1.0
101979,  -1.9,   0.3,   1.9,  25.7,  81.1, 967.5,   2.0,   1.0
102003,  -0.4,   3.7,   1.4,-110.8,  43.5, 967.1,   2.0,   1.0
102027,   0.4,   0.8,   1.1,  64.7,   0.1,1014.2,   1.9,   0.9
102055,  -2.1,   1.7,   0.6,  13.4,  26.0, 967.1,   2.2,   0.8
102079,  -1.0,   0.1,   2.5,  19.5,  -1.9,1002.2,   2.1,   0.9
102103,   0.8,   0.1,   2.8, -35.1,  78.2, 997.6,   2.2,   0.9
102127,  -0.7,  -0.7,   2.9,  70.3,  55.3,1006.1,   2.4,   0.9
102155,  -2.5,   0.2,   1.8,  42.5, 120.7, 964.1,   2.7,   0.9
102179,  -5.1,   4.0,   1.5, -32.0,  -2.8, 938.5,   2.6,   0.7
102203,  -4.9,   2.9,   3.1,-214.1,-201.8,1304.2,   2.1,   0.7
102227,   2.1,  -3.9,   7.1, 210.5,  93.3, 751.0,   2.5,   0.9
102255,   2.1,   1.9,   1.2,-180.2, 107.3, 957.8,   2.7,   0.9
102279,  -0.4,   4.8,   1.4, -19.3,  75.8,1010.3,   2.9,   0.6
102303,  -0.2,   1.5,   2.8, -65.9,  34.5, 993.4,   2.6,   0.6
102327,  -2.7,   2.3,   3.1, -25.1,  17.7, 965.8,   2.3,   0.6
102355,  -1.6,   2.3,   3.5,-103.5,   1.6, 964.9,   2.2,   0.7
102379,   0.7,  -1.1,   3.7,  34.9,  27.4,1020.8,   2.2,   0.5
102403,   0.3,   0.4,   4.2,  54.9,  12.8, 920.4,   2.1,   0.4
102431,  -1.6,   2.0,   2.8,  44.7, -32.6,1001.5,   1.8,   0.2
102455,   1.3,   7.6,   2.5,-130.1,  34.8, 884.8,   1.5,   0.1
102479,  -2.3,   1.0,   2.1, 195.3, -24.1,1075.5,   1.7,   0.0
102503,  -1.3,   1.5,   2.2,  72.0, -38.5, 946.3,   1.6,   0.1
102531,   0.4,   4.9,   1.4,-117.2, 100.7, 928.2,   1.5,   0.2
102555,  -1.3,  -1.0,   2.2,  71.1,  58.7,1000.3,   1.7,   0.1
102579,   0.0,   3.4,   2.2,-130.4, 108.7, 918.7,   1.8,   0.2
102603,  -3.8,   3.9,   1.6, -83.7,  45.0, 925.8,   1.7,   0.2
102631,  -0.5,  -3.6,   4.7, 284.2,  65.0,1301.8,   1.1,   0.4
102655,   0.6,   7.8,   0.0,-213.4,  -6.5, 663.8,   1.3,   0.3
102679,  -0.5,  -0.2,  -0.7,  68.9,  -0.6,1044.9,   1.6,   0.4
102705,   1.7,   1.1,   0.7, -17.8,  41.1, 916.0,   1.4,   0.4
102729,  -1.9,  -2.0,   0.0,  93.5, -37.8,1102.6,   1.3,   0.2
102753,  -1.3,   1.9,   1.7, -60.8, 122.2, 993.7,   1.5,   0.6
102781,  -2.3,   1.5,   1.9, -56.1, -24.3,1015.9,   1.4,   0.5
102805,  -0.5,   4.2,   0.4, -38.1,  90.9, 985.6,   1.4,   0.3
102829,   0.6,   2.2,  -0.2,  47.4, -56.8, 990.5,   1.3,   0.2
102857,  -0.7,   1.0,   1.1,  25.7,  24.3,1092.1,   1.3,   0.2
102881,  -0.5,  -0.5,   2.0,  72.3,  68.9, 967.1,   1.4,   0.4
102905,   1.0,   0.5,   1.9, -27.8, -12.9, 902.1,   1.2,   0.3
102929,  -0.2,  -5.4,   2.2, 168.2,  68.4, 960.5,   1.2,   0.2
102953,   0.1,   2.6,   1.7, -32.0,-114.7, 929.0,   1.1,   0.3
102981,  -0.2,   1.6,   2.0,  17.4,  55.3, 924.8,   1.6,   0.2
103005,  -3.1,  -1.1,   2.6,  -7.1,-232.3,1488.8,   1.1,   0.2
103029,   7.7,   3.0,   3.7, -97.6, 283.8, 894.1,   1.0,   0.3
103053,   0.3,   0.6,   1.8,  23.2,  34.5,1007.1,   1.8,   0.4
103081,  -1.2,   3.3,   1.7,  43.2, -46.5, 998.5,   1.7,   0.2
103105,  -2.2,   0.3,   2.4, -18.3,   7.7, 917.2,   1.5,   0.2
103129,  -1.4,   0.7,   3.9, 119.2,  22.8, 976.3,   1.3,   0.4
103153,   0.5,   0.3,   3.7,  -4.1,  -6.5, 982.7,   1.2,   0.6
103181,   0.7,  -1.7,   2.8, 101.3, -28.2,1005.9,   1.2,   0.6
103205,   1.3,   0.9,   3.1,  -1.2,  44.3, 960.7,   1.0,   0.6
103229,  -0.3,   4.1,   3.5, -23.7, -17.7, 873.1,   0.8,   0.5
103253,   0.4,   4.1,   2.9,-176.0, -35.1, 974.1,   0.7,   0.5
103281,   0.9,   0.0,   3.6,  66.2, -18.5,1085.5,   0.7,   0.5
103305,   3.1,  -0.6,   4.2, -47.8, -25.3,1016.4,   0.4,   0.6
103329,   2.4,   1.0,   3.1, -93.7,  78.5,1030.0,   0.7,   0.6
103357,   0.1,  -0.0,   5.0,-139.6, 126.3, 918.0,   0.8,   0.7
103381,  -2.1,   2.8,   5.1, 334.7, -16.8, 971.4,   0.7,  -0.4
103405,  -3.7,   0.5,   0.6,-187.7, -97.8,1410.9,   0.9,  -0.1
103429,  -4.9, -10.0,   9.6, 276.9,  73.8, 832.0,   1.6,   0.7
103453,  -1.0,  10.3,   6.9,-246.3,  52.8, 821.8,   0.9,   0.2
103481,  -2.3,   3.6,   4.9,   7.8, 136.3, 905.0,   1.2,   0.2
103505,  -1.6,   2.2,   5.6, -32.5, -28.7,1071.8,   1.0,   0.3
103529,  -3.5,   5.6,   5.1,-222.9, -39.5,1029.1,   1.1,   0.2
103557,  -2.3,  -8.8,   6.0, 128.2,  44.0,1064.0,   1.3,   0.5
103581,  -1.8,   4.2,   5.3, -14.4, -65.8,1006.6,   1.1,   0.3
103605,   1.3,   2.0,   6.4, -12.2,  73.6,1068.1,   1.3,   0.3
103629,  -0.2,   4.2,   7.8,-184.3,  71.9, 971.9,   1.5,   0.5
103657,  -2.7,  -3.8,   7.4, 236.8,   0.3,1136.5,   1.8,   0.3
103681,  -2.3,   4.4,   6.5,-150.9,  86.8, 862.6,   1.8,   0.6
103705,  -3.0,   1.2,   8.8,  28.1,  70.4, 946.8,   2.0,   0.6
103729,  -5.0,  -0.6,   8.1, 312.5,   5.2, 861.8,   1.8,   0.0
103757,  -6.5,   0.0,   3.4,  85.2,  14.5,1269.1,   1.8,  -0.1
103781,   2.5,   1.4,   8.6,-304.2, 214.9, 767.6,   1.8,   0.5
103805,   0.4,   2.8,   4.7, 105.0,  31.6,1154.8,   1.9,  -0.6
103829,  -3.8,   0.4,   4.5, -89.8, -67.8,1015.6,   2.0,   0.0
103857,  -4.0,   0.8,   7.4,   4.7,  49.2, 981.9,   2.0,  -0.0
103881,  -0.4,   1.3,   4.6,  66.7,  17.9, 919.7,   1.8,  -0.3
103905,  -1.5,   1.2,   2.8,  30.0, -73.6,1036.4,   1.5,  -0.4
103929,  -1.2,   0.6,   1.8,  83.3, 133.6,1036.9,   1.7,  -0.5
103957,  -1.9,   1.1,   1.9,  23.9, -65.1, 923.6,   1.4,  -0.5
103981,  -2.4,   2.3,  -0.5,  53.7,-110.3,1062.3,   1.0,  -0.8
104005,  -3.0,   1.4,   0.8, -47.3, -16.0, 975.8,   1.1,  -0.5
104029,  -3.2,   1.6,   1.8, -91.3, -30.7, 857.7,   1.1,  -0.4
104057,  -1.5,  -2.3,   1.4, -87.9, -64.9,1002.9,   0.8,   0.0
104081,   0.6,   3.9,  -1.4,  67.2, -31.7, 992.7,   0.4,  -0.8
104105,  -3.2,  -0.2,  -2.5,   7.1,  58.9, 957.5,   0.9,  -0.6
104129,  -5.2,   0.1,  -2.7,  92.1, -72.9, 996.6,   0.7,  -0.8
104157,  -4.3,  -2.7,   0.6,-133.5,   5.2, 994.6,   0.2,  -0.3
104181,  -3.5,   0.8,  -0.7, 368.4,  43.5, 954.8,   0.3,  -0.5
104205,  -1.6,  -0.8,  -7.0,-241.0, 186.4,1021.3,   0.1,  -0.4
104229,  -4.2,   8.0,  -5.5, -72.5, -86.3, 968.3,   0.3,  -0.8
104257,   3.5,  -6.9,   2.1, 123.8, 107.5, 813.2,  -0.1,   0.1
104281,   0.6,   9.2,  -5.9,-134.3,-124.4, 995.6,  -0.0,  -0.7
104307,   3.2,  -4.4,  -1.3,  87.4,  76.7,1083.5,   0.1,  -0.0
104331,  -1.5,  -0.7,  -5.6,  -6.6, -64.1, 923.8,   0.3,  -0.5
104359,  -0.9,   5.5,  -5.4, -78.6, -25.3,1012.5,   0.3,  -0.3
104379,  -0.7,  -0.2,  -4.6, 101.6,  -9.2, 897.2,   0.2,  -0.2
104407,   3.7,   1.0,  -8.2,  -8.8, 176.1,1035.4,   0.7,  -0.4
104431,  -1.8,  -1.0,  -7.3, 114.0,  44.5, 937.3,   1.4,  -0.4
104455,  -1.2,   3.0,  -5.0, -64.2,-144.7,1315.2,   0.7,  -0.2
104479,   0.7,   0.8,  -4.3, -78.6, 108.7, 832.0,   1.3,   0.1
104507,  -0.2,   2.5,  -5.8,-119.4,  70.2, 958.3,   1.5,   0.4
104531,  -0.6,  -1.3,  -7.6,  13.4,  29.9,1066.9,   1.6,   0.0
104555,  -1.5,  -3.7,  -6.4,   5.4,  64.5,1012.2,   1.7,   0.3
104579,  -1.5,   2.5,  -8.6, -72.0,  23.3, 958.8,   1.7,  -0.0
104607,  -3.1,  -1.3,  -8.2, -44.7,  41.1, 933.1,   1.9,   0.1
104631,  -1.4,  -2.9,  -8.0,  14.9,  50.4,1026.6,   1.9,   0.0
104655,  -0.7,   3.1,  -8.8, -84.2,  -8.0, 962.9,   1.7,   0.0
104683,  -1.1,   0.3,  -9.8,   7.3,  35.0, 971.9,   1.9,  -0.1
104707,   0.8,   1.1,  -8.8,  36.9,  11.8,1067.4,   1.9,  -0.2
104731,  -1.5,   0.4,  -8.5, -50.5,   3.0,1005.1,   2.1,  -0.1
104755,  -1.7,   1.7,  -8.0, -14.4,  25.5, 958.3,   2.0,  -0.2
104783,   0.3,   0.7,  -6.6, -27.3,  52.8, 977.3,   2.0,  -0.1
104807,  -1.0,  -0.3,  -6.9,   0.5,  10.8,1033.0,   2.0,  -0.0
104831,  -1.9,   3.0,  -7.7,  24.4, -25.1,1022.7,   2.1,  -0.0
104859,  -0.7,  -0.9,  -5.8, -27.3,  63.1, 974.9,   2.2,  -0.0
104883,   0.7,  -2.0,  -4.2, -80.5,  92.9, 987.3,   2.3,   0.2
104907,  -1.2,   1.7,  -4.6, -35.9,   9.6,1002.0,   2.3,   0.3
104931,  -1.3,   1.2,  -3.2,  87.2,  36.2, 987.8,   2.2,   0.3
104955,  -2.6,   1.7,  -5.3,  59.1,  45.7, 970.7,   2.2,   0.1
104983,  -2.4,   3.5,  -5.2, -25.4, -36.0,1047.6,   2.1,   0.2
105007,  -1.1,  -0.9,  -4.7, -48.1,  24.5,1029.1,   2.1,   0.4
105031,  -0.7,   1.4,  -2.5, -92.8, -24.3, 977.1,   2.1,   0.8
105055,  -0.1,   0.7,  -1.4, -55.6,  91.6, 999.5,   2.3,   1.0
105083,  -1.6,   1.4,  -0.3,  -6.8,   4.0, 994.4,   2.1,   1.1
105107,  -0.7,   0.1,  -0.3, -43.0,  17.7, 976.8,   2.0,   1.2
105131,  -1.9,   0.8,  -0.8, -28.3, -26.3,1036.1,   1.8,   1.2
105155,  -1.1,   2.5,  -1.1, -36.6,  17.7, 997.3,   1.6,   1.2
105183,  -1.2,   0.0,   0.8, -33.9,  16.0, 985.1,   1.4,   1.3
105207,  -0.2,  -0.2,   0.8, -32.2,   7.7, 999.0,   1.3,   1.3
105231,  -1.6,   2.6,   1.5, -25.6, -33.8,1021.7,   1.3,   1.4
105255,  -1.3,   0.9,   1.7,   9.3,   9.9, 978.3,   1.1,   1.4
105283,   0.1,   0.2,   2.0,   8.1,  -5.8,1019.3,   1.0,   1.2
105307,   0.0,   0.1,   2.4,  14.2,  21.3, 989.0,   1.0,   1.2
105331,  -1.3,   1.1,   2.8, -19.0,  -7.2, 976.6,   0.9,   1.1
105359,  -1.0,   2.2,   4.1, -29.0, -20.9, 979.7,   0.8,   1.2
105383,   0.3,   0.8,   5.0,  11.5, -16.5,1028.3,   0.7,   1.1
105407,   0.2,   0.0,   4.6,   5.6,  17.7,1003.7,   0.6,   1.0
105431,  -1.7,   0.6,   3.5,  58.4,  11.3,1018.8,   0.6,   0.9
105455,  -0.6,   0.9,   4.4,  10.0,  -7.2, 986.8,   0.5,   0.9
105483,  -0.3,   0.8,   3.6, -54.2,   0.1, 997.8,   0.3,   0.8
105507,  -0.5,   1.6,   3.0,  -1.9, -12.1,1021.7,   0.3,   0.8
105531,  -1.5,   1.2,   3.3,  -7.6,  15.0, 998.3,   0.3,   0.7
105555,  -0.8,   1.7,   3.1,  10.0,  37.2, 999.0,   0.3,   0.6
105583,  -0.8,  -1.3,   2.4,  17.4,   8.6,1007.1,   0.3,   0.5
105607,   0.1,   1.1,   2.3,  -7.8,  12.3,1013.0,   0.3,   0.4
105631,   0.1,   0.7,   2.7, -11.0,  49.9, 996.6,   0.4,   0.4
105655,  -1.1,   0.9,   4.0,  -4.6,  29.9,1031.0,   0.6,   0.4
105683,   0.1,   1.1,   3.9, -10.2,  17.4, 991.0,   0.7,   0.5
105707,  -1.4,   2.6,   4.4, -27.3,   9.9, 981.9,   0.6,   0.5
105731,  -0.7,   1.7,   4.3, -17.3,   5.9,1017.8,   0.5,   0.5
105759,  -2.3,   0.5,   4.1,  74.5, -10.4,1000.0,   0.4,   0.4
105783,  -0.6,   1.3,   2.3, -10.7,   0.3, 988.0,   0.3,   0.2
105807,  -1.6,   1.0,   0.9,  76.4,   0.1,1005.9,   0.3,   0.1
105831,  -1.0,   1.4,  -0.6,  10.5, -21.6, 977.6,   0.1,  -0.1
105859,  -1.3,   3.4,   0.6,-119.1, -52.2,1020.8,   0.0,   0.1
105883,  -1.0,   0.0,   2.0, -11.5,  41.6,1026.1,   0.2,   0.3
105909,  -0.2,  -1.0,   3.9,  39.3,   5.7, 991.2,   0.2,   0.5
105933,  -0.4,   2.2,   3.1, -47.6, -12.9,1005.1,   0.1,   0.4
105957,  -0.7,   0.8,   2.3,  41.0, -15.3, 993.9,  -0.0,   0.3
105981,  -0.6,   0.5,   3.0, -19.3,  -9.7, 983.2,  -0.2,   0.2
106009,   0.4,   2.2,   1.1, -22.4,  -9.9, 992.0,  -0.3,   0.1
106033,  -0.2,   1.6,   0.7,   8.8, -11.6,1007.6,  -0.3,   0.2
106057,   0.3,   0.2,   0.5,  38.6, -28.0,1013.7,  -0.4,   0.2
106081,  -1.2,  -1.1,   0.2,  23.5, -10.7,1009.8,  -0.4,   0.3
106109,  -1.1,  -0.3,   0.4, -13.4,  -9.4,1010.0,  -0.5,   0.3
106133,  -0.3,  -0.0,   0.6, -21.2,   8.4, 994.6,  -0.4,   0.3
106157,   0.1,   0.1,   1.1,  26.1,  -9.9,1001.5,  -0.4,   0.3
106181,  -0.8,   1.5,   1.1,  -4.4, -18.7, 999.0,  -0.4,   0.3
106209,  -0.1,   1.5,   0.6,  -4.1,  -5.5, 986.1,  -0.4,   0.2
106233,   1.3,  -0.8,   0.5, -21.2, -17.7,1008.8,  -0.3,   0.2
106257,  -0.5,   0.8,   0.1, -31.2,-204.0, 846.0,  -0.5,   0.2
106281,  -1.0,  -0.8,  -0.0, -30.7,  17.4, 977.6,  -0.4,   0.2
106309,  -1.3,   0.6,   0.7,  10.8,  15.5, 993.7,  -0.2,   0.1
106333,  -1.2,   1.5,   0.5,  -1.4, -51.9, 993.2,  -0.3,   0.1
106361,  -3.7,   3.4,   1.9, -56.6, -57.8, 909.4,  -0.5,   0.3
106381,  -1.8,  -0.2,   1.5,  32.0, -71.2, 957.3,  -0.4,   0.3
106409,  -0.5,   2.3,   1.3, -44.9, -22.6,1003.4,  -0.6,   0.3
106433,  -0.8,   1.8,   1.0,  10.0, -58.7,1026.6,  -0.7,   0.2
106457,   0.8,   0.5,   0.6,  22.2,  27.7,1015.6,  -0.6,   0.1
106481,   0.2,   1.5,  -0.5,  17.6,  59.2,1053.7,  -0.5,   0.1
106509,  -0.1,   3.6,   1.7, -80.3, -22.1,1012.0,  -0.5,   0.2
106533,   0.0,   0.1,   2.1,  56.7, -25.5, 983.9,  -0.6,   0.2
106557,  -0.3,   4.2,  -0.2, -90.8,  -3.6,1009.3,  -0.7,   0.2
106581,   0.1,   1.0,   0.2,  -1.9,  20.8,1082.0,  -0.8,   0.2
106609,  -0.1,   4.8,  -0.0, -85.4, -19.2, 978.3,  -0.9,   0.1
106633,   0.2,  -0.0,   1.1, -22.4, -20.9,1000.5,  -0.9,   0.2
106657,   0.6,  -0.4,   0.6,  18.3, -37.5,1033.5,  -1.1,   0.2
106681,   0.0,   0.9,  -0.1, -35.6, -21.4, 990.5,  -1.1,   0.2
106709,  -0.5,   1.0,  -0.2,   9.0, -23.3,1014.2,  -1.1,   0.1
106733,   0.6,   1.6,   0.1,  -6.8, -24.6,1002.0,  -1.2,   0.1
106757,  -0.8,  -0.6,  -0.4,  23.2, -17.5, 990.2,  -1.2,  -0.0
106781,   0.3,  -0.0,  -0.0, -28.1,  -5.8, 990.0,  -1.2,   0.0
106809,  -1.0,   2.2,  -0.0,  -2.2,  -1.4, 984.1,  -1.1,   0.1
106833,   1.0,  -0.5,   1.4, -10.2,   2.8,1006.6,  -1.0,   0.2
106861,  -0.9,  -0.5,   1.7, -29.5, -11.4,1004.9,  -1.1,   0.1
106885,  -1.3,   0.5,   1.1, -22.7, -14.6, 998.1,  -1.0,   0.1
106909,  -1.2,   1.2,  -0.0,  31.8, -11.1,1003.9,  -1.0,   0.0
106933,   0.3,   0.5,  -2.1,   3.2,   6.4, 992.9,  -1.0,  -0.1
106957,  -1.0,   3.0,  -2.3,  13.7,  -5.8, 981.0,  -1.0,  -0.3
106985,  -1.5,   2.6,  -2.9,  -1.2,  11.6,1002.5,  -0.9,  -0.4
107009,   0.4,  -0.3,  -2.8, -57.8,  38.2, 994.4,  -0.9,  -0.2
107033,  -0.5,   0.3,  -2.1, -31.0,  49.2, 998.5,  -0.6,  -0.1
107057,   0.1,  -2.7,  -0.6,  13.4,  21.1,1071.1,  -0.4,  -0.1
107085,   0.9,  -0.3,  -1.8,  20.0,  -6.5,1001.2,  -0.2,  -0.1
107109,  -0.1,   2.1,  -1.4,  30.5,  15.7, 993.7,  -0.1,  -0.1
107133,  -1.5,   1.7,  -3.1,   2.2,  14.7,1001.7,   0.0,  -0.2
107157,   1.3,  -4.1,  -4.7, 113.8, 130.9,1125.3,   0.3,  -0.1
107185,   0.5,  -0.9,  -5.4,  -1.9,  35.5, 986.8,   0.5,  -0.2
107209,  -0.5,   0.9,  -5.4,   9.0,  49.2, 925.8,   0.7,  -0.3
107233,  -1.5,  -0.8,  -5.2,   4.7,  29.4,1018.8,   0.7,  -0.2
107257,  -0.4,   0.9,  -5.8, -13.7,  42.1,1000.7,   0.8,  -0.2
107285,  -1.2,   2.4,  -6.3,   8.6,  41.3, 993.4,   1.0,  -0.2
107309,   0.3,  -0.9,  -5.0,  -6.3,  39.4, 999.3,   1.2,  -0.2
107333,   0.7,   2.1,  -3.8, -18.5,  42.1, 992.7,   1.4,  -0.2
107361,  -1.0,  -1.1,  -2.1, -16.6,  28.2, 993.4,   1.4,  -0.2
107385,   0.1,  -0.3,  -3.1, -11.0,  29.9,1000.5,   1.5,  -0.1
107409,  -0.3,   0.6,  -1.1, -13.9,  27.9,1007.3,   1.5,  -0.1
107433,  -0.8,   2.0,  -1.3,  -5.4,  25.0, 996.1,   1.5,  -0.0
107457,  -0.4,   0.9,  -0.5, -32.9,  20.6,1006.6,   1.5,   0.1
107485,  -1.3,   1.8,  -0.3, -11.2,  15.5,1001.2,   1.5,   0.3
107507,   0.3,   2.2,   0.5, -17.8,  19.6,1001.0,   1.5,   0.4
107535,  -0.3,   0.8,   0.9, -32.2,   5.5, 988.8,   1.5,   0.5
107559,  -1.2,   1.2,   1.6, -22.2,  16.0, 995.9,   1.5,   0.6
107583,  -0.1,   1.5,   2.2, -35.9,  25.2,1053.2,   1.5,   0.6
107607,   0.6,  -0.3,   3.3,  18.8,  47.7,1033.7,   1.5,   0.6
107635,  -0.2,   1.8,   4.0,  -7.8, -13.1,1001.2,   1.4,   0.6
107659,  -0.5,   1.6,   4.7,  -4.9,  -7.7, 996.1,   1.3,   0.6
107683,  -0.4,   2.9,   3.9,   6.9,  -3.8,1004.7,   1.2,   0.6
107707,  -1.4,   2.5,   4.2,   0.7,   0.6, 994.4,   1.1,   0.6
107735,  -0.8,   2.2,   3.4,  -9.5, -12.9, 992.7,   0.9,   0.6
107759,  -2.5,  -0.3,   3.3,  54.2, -37.0,1076.2,   0.8,   0.5
107783,   0.5,  -1.4,   2.9,  -2.2,  -4.8,1021.3,   0.6,   0.5
107807,   0.7,  -0.2,   2.3, -14.1, -25.8, 972.4,   0.5,   0.4
107835,  -1.0,   1.9,   1.0,  19.3, -33.6,1001.7,   0.3,   0.4
107863,  -0.4,   1.6,   0.4, -12.2,  -8.5, 995.6,   0.3,   0.4
107883,  -0.8,   2.5,   0.3, -20.5, -16.8, 990.2,   0.2,   0.4
107907,   0.7,   1.4,  -0.0,   5.9, -29.2,1001.0,   0.1,   0.3
107935,  -1.0,   0.7,  -0.5,   3.2,  -6.7,1017.3,  -0.1,   0.2
107959,  -0.5,   0.9,  -0.6,  24.7, -15.3,1013.7,  -0.3,   0.2
107983,   0.3,   0.9,  -1.7, -14.1, -40.0, 972.7,  -0.4,   0.1
108011,   1.0,   0.7,  -1.2,   5.1,   9.9,1020.0,  -0.6,   0.1
108035,  -1.2,   0.3,  -1.9,   5.6, -49.0, 987.8,  -0.7,   0.0
108059,   0.0,   2.4,  -3.8,  -4.1, -21.6,1007.1,  -0.8,  -0.1
108083,   0.2,   1.8,  -3.3,   0.7, -20.7, 997.3,  -0.9,  -0.1
108111,   0.1,   0.9,  -4.1, -23.4, -24.1, 998.1,  -0.9,  -0.1
108135,  -0.7,   1.2,  -2.4,   9.8, -25.5, 998.5,  -1.0,  -0.0
108159,  -0.4,   0.5,  -3.4, -12.9, -19.0, 999.8,  -1.0,  -0.0
108183,  -0.7,   0.4,  -3.6,  -8.0, -10.2,1002.9,  -1.0,  -0.0
108211,  -0.5,   0.5,  -2.8,  -1.7, -30.9, 987.6,  -1.1,  -0.0
108235,  -0.8,   1.9,  -2.5,   4.2, -16.3,1000.7,  -1.2,  -0.1
108259,  -0.7,   1.6,  -3.1,  11.0, -14.3,1000.5,  -1.1,  -0.2
108283,  -1.1,   0.3,  -1.6, -21.7, -10.2,1007.1,  -1.2,  -0.1
108311,  -1.3,   0.3,  -1.8, -13.9, -13.1, 995.4,  -1.1,   0.0
108335,  -0.2,   0.6,  -0.8,   6.9, -24.8,1008.1,  -1.2,   0.1
108363,  -0.9,   3.1,  -2.1,   5.9, -23.8,1000.5,  -1.2,   0.1
108383,  -0.5,   2.6,  -2.6,  -4.6, -21.4,1006.4,  -1.3,   0.1
108411,  -0.8,   1.6,  -3.8,   8.8, -38.2,1011.7,  -1.4,   0.1
108435,  -0.6,   0.0,  -4.4,  14.7, -33.6,1000.7,  -1.5,  -0.0
108459,  -1.0,   0.1,  -4.8,  11.2, -17.0, 990.5,  -1.5,  -0.1
108483,  -0.8,   2.3,  -6.1,   2.7, -18.5, 997.1,  -1.6,  -0.1
108511,   1.0,  -0.5,  -5.0,  -0.7, -14.3,1002.5,  -1.5,  -0.2
108535,   0.2,  -0.1,  -5.3,  25.7, -17.7, 988.3,  -1.5,  -0.3
108559,  -1.2,   1.5,  -5.4,   9.3, -21.4, 997.8,  -1.5,  -0.4
108583,  -1.3,  -0.2,  -5.2,  13.0, -22.6,1002.0,  -1.5,  -0.4
108611,   0.3,   1.6,  -5.0,   2.9, -19.2,1001.7,  -1.5,  -0.5
108635,  -0.5,  -0.8,  -5.7,  28.1, -28.0, 994.6,  -1.5,  -0.5
108659,  -2.2,   1.8,  -6.9,   9.3, -18.2,1000.7,  -1.5,  -0.6
108683,  -1.0,   2.1,  -5.4,  11.2,  -1.4,1005.6,  -1.4,  -0.6
108711,  -1.0,   1.4,  -5.3, -15.6,  -2.6, 996.1,  -1.3,  -0.5
108735,   0.7,   1.7,  -3.9,  -5.8,  13.0, 989.3,  -1.1,  -0.4
108759,   0.1,   0.8,  -2.3, -14.9,  18.9, 995.4,  -1.0,  -0.2
108783,   0.7,   2.9,  -1.9, -23.4,  16.9, 992.7,  -0.8,  -0.0
108811,  -0.8,   0.8,  -0.2, -11.7,  12.1,1011.7,  -0.6,   0.2
108835,  -0.5,   2.2,   0.9, -27.1,  20.6, 997.8,  -0.4,   0.3
108863,   0.6,   1.1,   1.6, -22.4,   6.2,1001.5,  -0.4,   0.4
108883,   0.6,   1.2,   2.3, -27.6,   4.5,1002.5,  -0.3,   0.5
108911,   0.4,   2.2,   2.8, -20.5,   5.9, 998.1,  -0.2,   0.6
108935,  -0.4,   1.4,   3.1, -31.2,  18.9, 984.4,  -0.1,   0.8
108959,  -1.4,   3.4,   3.2, -37.1,  13.8,1005.6,  -0.0,   0.8
108983,  -0.2,   2.6,   2.5,  -5.6,   4.2, 980.5,   0.1,   0.8
109011,   0.2,   2.4,   2.9, -31.2,   3.3,1001.5,   0.1,   0.9
109035,  -0.1,   2.6,   3.6,  -8.8,   4.0, 994.2,   0.1,   0.8
109059,   0.3,   1.9,   2.7,   7.3,   8.9,1001.2,   0.1,   0.7
109087,  -1.2,   0.3,   2.3,  12.7,  -4.1, 981.7,   0.2,   0.5
109109,  -1.6,   0.3,   3.0,  34.2, -11.4, 940.4,   0.2,   0.5
109137,  -0.8,   3.4,   1.5,  -3.4,  -3.1, 990.5,   0.2,   0.4
109161,   0.4,   0.8,   1.5,  -1.2,   6.2, 983.2,   0.2,   0.3
109185,   0.3,   2.0,   1.9,   8.3, -16.0,1005.9,   0.2,   0.2
109209,   0.9,   2.8,   1.2, -88.1,  64.5, 922.1,   0.3,   0.3
109237,   1.0,   3.7,   0.7, -29.5,  13.3, 988.8,   0.2,   0.2
109261,  -0.4,   1.1,   0.8,  35.9, -15.8,1026.4,   0.1,   0.2
109285,   0.4,   3.1,  -0.2, -17.3, -22.9, 993.9,  -0.0,   0.2
109309,  -1.0,  -0.5,   0.0,  14.9, -25.5,1008.6,  -0.1,   0.2
109337,  -1.0,   3.0,  -1.2, -30.0, -23.1, 982.9,  -0.3,   0.2
109365,  -0.4,   1.5,   0.3,  -8.3, -24.1,1005.9,  -0.3,   0.2
109385,  -0.5,   2.0,  -0.2,  -1.2, -15.5,1003.9,  -0.3,   0.2
109409,  -1.1,   1.6,  -0.7, -17.8, -10.7, 992.9,  -0.4,   0.3
109437,  -0.8,   1.2,   0.1,   5.1,  -4.6, 990.2,  -0.4,   0.3
109461,  -0.4,   0.3,  -0.8,  43.5, -16.5, 995.6,  -0.4,   0.3
109485,  -0.1,   0.0,   0.2, -14.6,   6.7, 997.1,  -0.4,   0.3
109509,  -0.5,  -0.0,   0.8, -30.3,  -2.6,1001.7,  -0.4,   0.4
109537,  -0.2,   0.0,   0.3,  11.7,  -7.7,1010.3,  -0.4,   0.3
109561,  -0.5,   0.5,   0.2,  -7.1,  -7.2,1004.7,  -0.4,   0.3
109585,   0.2,   1.6,   0.8,  -5.1,   3.5,1009.0,  -0.4,   0.3
109609,  -0.1,   2.9,   1.4,  -3.6,   0.3, 996.8,  -0.4,   0.3
109637,   0.1,   2.6,   0.8,  -5.1,  -7.2, 997.6,  -0.4,   0.2
109661,  -0.2,   0.8,   1.8,  -3.9, -13.3,1000.7,  -0.4,   0.2
109685,  -1.5,   1.4,   1.1,   1.5, -14.6,1002.9,  -0.4,   0.2
109709,  -0.6,   3.4,   0.8,  -8.8, -14.1, 996.1,  -0.4,   0.2
109737,  -1.0,   3.5,   0.3, -24.2,  -9.4, 992.2,  -0.4,   0.2
109761,   0.6,  -0.4,   0.9, -12.7,   5.0, 998.3,  -0.4,   0.3
109785,  -1.0,  -0.2,  -0.0, 125.5, -25.3,1018.6,  -0.4,   0.1
109809,  -0.2,   1.9,   0.1,-112.3, -24.3, 968.8,  -0.3,   0.3
109837,   0.0,   2.3,   0.5,  47.4,  17.2,1012.7,  -0.3,   0.2
109865,   0.1,  -1.3,   0.7, -31.7,  17.7, 987.6,  -0.2,   0.1
109885,   0.1,   0.2,   0.2, -24.9,  -8.0,1001.5,  -0.2,   0.2
109909,  -1.0,  -1.0,  -0.1,  46.4,  64.3,1066.4,  -0.1,   0.1
109937,   0.2,   0.8,   0.8,  12.7,  12.1,1016.6,  -0.3,   0.3
109961,   0.3,   0.7,   1.2,  13.7,   5.2, 977.3,  -0.2,   0.3
109985,   0.3,   0.1,   1.3,  20.0,  -6.7, 983.4,  -0.2,   0.3
110009,  -0.9,   1.1,   2.2,  52.3,   6.2, 995.4,  -0.2,   0.2
110037,  -0.4,   0.6,   2.8,   2.2,  52.3, 998.3,  -0.1,   0.3
110061,  -0.8,   3.7,   1.4,-195.5,   9.4, 929.2,   0.1,   0.5
110085,  -0.8,  -0.9,   1.6,  85.7,  -9.2,1094.5,   0.0,   0.4
110109,  -1.0,   3.8,   2.3, -27.8, -73.2, 942.2,  -0.5,   0.3
110137,  -1.0,   1.3,   2.4,  18.8, -71.0,1029.1,  -1.0,   0.4
110161,  -0.3,   0.8,   0.3, -35.4, -45.6, 993.9,  -1.2,   0.6
110185,   0.6,   0.1,  -1.0,  53.0, -65.1,1015.6,  -1.4,   0.4
110213,  -0.4,  -0.2,  -0.7,  10.3, -15.3,1010.0,  -1.6,   0.2
110237,  -0.4,   1.7,  -0.1,  13.4,  35.5, 993.7,  -1.4,   0.1
110261,  -0.4,   0.9,  -0.1,   7.8,  37.0,1003.9,  -1.1,   0.1
110285,  -2.7,   2.2,  -0.2,  10.0,  19.4, 995.1,  -0.9,   0.1
110313,  -1.9,   1.6,  -0.0,  -0.2, -17.2,1000.0,  -0.9,   0.1
110337,   0.3,   0.3,  -0.5,   3.9, -31.2, 999.3,  -1.0,   0.1
110365,  -1.1,   0.1,  -1.4,   9.0,  -4.3, 984.6,  -1.0,   0.1
110385,  -0.7,   1.4,  -1.6,  -1.0, -10.2, 999.3,  -1.0,   0.0
110413,  -0.6,   1.4,  -1.0, -38.8,  37.2,1007.8,  -0.7,   0.2
110437,   1.4,  -8.8,   1.0, 515.9,-219.4,1271.5,  -0.9,  -0.0
110461,  -3.8,   8.3,  -0.5,-315.7,-230.1, 923.1,  -1.2,   0.7
110485,   0.1, -12.1,   1.2, 232.0, 131.9,1072.5,  -0.8,   1.1
110513,  -0.2,   1.6,  -0.6,  75.2,  36.5, 987.1,  -0.8,   0.7
110537,  -0.4,   1.0,  -0.6,-127.7,  -4.8, 949.7,  -0.6,   1.0
110561,  -1.0,   1.6,   0.9, -84.9, -31.7, 979.0,  -0.7,   1.2
110585,  -1.1,  -0.6,  -0.5, 155.0,  19.6,1036.6,  -0.5,   0.8
110613,   0.1,   3.4,  -0.6, -96.4,   0.8,1072.3,  -0.5,   0.9
110637,  -0.4,   3.1,   1.4,-184.3,  -6.3, 884.3,  -0.5,   0.7
110661,   0.3,  -3.9,   1.2, 119.4,  -2.4,1026.1,  -0.4,   0.5
110685,   0.1,   5.9,  -1.6,-120.6, -19.4, 957.5,  -0.5,   0.4
110711,  -0.4,  -0.6,  -1.3, 169.0, -39.0,1067.2,  -0.6,   0.0
110735,   1.5,   5.1,  -0.1,-129.9,  37.0, 947.3,  -0.5,   0.3
110763,  -0.8,   0.3,   0.3,  30.5, -16.3,1035.7,  -0.3,   0.3
110787,  -0.9,  -0.1,   0.8, -56.4, -30.7, 960.2,  -0.5,   0.5
110811,   0.7,   0.5,  -0.2,  10.0, -12.9,1036.9,  -0.6,   0.5
110835,  -1.0,   0.3,   0.0, -42.7,  -3.8, 999.8,  -0.7,   0.6
110863,  -0.8,  -0.4,   0.1, -14.1,  -9.4, 978.5,  -0.7,   0.6
110887,   0.9,  -1.3,  -1.1, -10.7, -16.3,1000.0,  -0.7,   0.5
110911,  -0.5,   1.2,  -0.2,  -8.8,  -1.6,1002.2,  -0.7,   0.4
110935,  -0.4,   1.6,  -0.3, -28.8,  -5.0, 992.4,  -0.6,   0.3
110963,  -0.4,   0.5,  -0.6, -20.5,  -0.6,1002.0,  -0.5,   0.3
110987,   0.1,   0.2,  -0.1,   6.4, -29.5,1013.4,  -0.5,   0.2
111011,  -0.8,   0.8,  -0.0, -34.9,  -6.3,1001.5,  -0.5,   0.3
111035,   0.0,  -1.4,  -0.3,   7.6, -11.1,1006.8,  -0.5,   0.3
111063,   0.6,  -0.2,   0.2,   1.5, -11.1, 998.1,  -0.5,   0.3
111087,   0.9,  -1.5,  -0.3,  15.2,  -5.3, 997.8,  -0.4,   0.2
111111,  -0.6,   2.6,   0.0,  12.2,  -3.8, 985.4,  -0.4,   0.1
111135,  -0.5,  -0.3,  -0.4,   6.4,  -9.2, 999.3,  -0.4,   0.0
111163,  -1.0,   1.7,  -0.7,   6.9, -12.6, 997.1,  -0.4,  -0.0
111187,  -1.1,   0.3,  -0.8,  -1.4,  -4.3, 993.9,  -0.4,  -0.1
111211,  -1.2,   1.2,  -0.7, -15.1, -16.8, 998.8,  -0.4,  -0.1
111235,   0.5,   0.5,  -1.0, -47.8, -14.3, 989.0,  -0.4,  -0.1
111263,  -0.7,  -0.9,  -0.2,  -5.6, -14.1,1001.7,  -0.5,  -0.0
111287,   0.4,  -2.0,  -0.3,  13.7, -16.0,1004.2,  -0.4,  -0.0
111311,  -1.0,   1.2,  -0.6,   0.3,   1.3, 999.5,  -0.4,   0.0
111339,   0.4,  -1.7,   0.0, -14.1,   2.0,1001.2,  -0.4,   0.0
111367,  -0.7,   0.3,   0.1,   8.6,  -6.5,1005.6,  -0.4,   0.0
111387,   0.7,   1.4,  -0.3,  -1.4,   2.3, 996.4,  -0.4,   0.0
111411,  -0.2,  -0.5,   0.0, -11.7,  -3.1, 997.8,  -0.4,   0.0
111439,   0.2,  -0.8,  -0.8, -13.9, -10.4,1008.1,  -0.4,   0.0
111463,  -0.8,   2.3,  -0.1, -16.8,  -2.6,1000.5,  -0.4,   0.1
111487,   0.1,  -0.6,   0.5,  -7.3,  -5.0, 997.1,  -0.4,   0.1
111511,   0.4,  -1.0,   0.1,   2.9,  -6.0, 990.7,  -0.4,   0.1
111539,  -0.3,   0.7,  -0.0,  -3.2, -12.6,1000.5,  -0.4,   0.0
111563,   0.3,   0.0,  -0.2,   5.6,  -8.7, 993.9,  -0.5,   0.0
111587,   1.0,  -2.2,  -0.1,  17.4,  -3.8, 989.3,  -0.5,  -0.1
111611,   0.6,   0.9,   0.1,   0.0, -20.9,1004.7,  -0.5,  -0.1
111639,  -1.5,   3.2,   0.0,  10.5, -17.5, 986.8,  -0.5,  -0.2
111663,  -1.0,   3.6,  -1.3,   3.9,  -8.2,1008.1,  -0.5,  -0.1
111687,   0.4,  -0.5,  -0.7,  -4.6,  -9.2, 988.3,  -0.5,  -0.1
111711,   0.9,  -0.1,  -0.5,  12.7, -14.3, 998.5,  -0.5,  -0.1
111739,  -0.7,   1.9,   0.1, -17.6,  -5.0,1000.3,  -0.5,  -0.1
111763,  -0.5,  -5.2,  -0.6, 253.2, -50.2,1053.7,  -0.4,  -0.3
111787,   0.4,   0.8,  -0.0, -92.8,  19.9, 981.9,  -0.4,   0.2
111811,  -0.1,   1.1,  -0.3, -23.9,  -5.0, 974.6,  -0.4,   0.2
111839,  -0.1,  -1.0,  -0.1,  27.6, -15.3,1009.0,  -0.4,   0.1
111867,  -0.2,   0.7,  -0.4,-121.6, -55.1, 932.4,  -0.5,   0.2
111887,   0.1,   1.8,  -0.3, -36.4, -21.4, 992.4,  -0.5,   0.2
111911,  -1.1,   4.1,   0.4,  44.0,  18.6, 997.3,  -0.4,   0.1
111939,  -0.2,  -0.2,   0.1,  11.7,  -2.6,1011.0,  -0.4,   0.1
111963,   0.1,   0.7,  -0.1,  26.9, -12.9, 992.9,  -0.3,   0.0
111987,   0.5,   0.5,  -0.1,  17.4,   0.3,1000.3,  -0.3,   0.0
112011,  -0.5,   3.1,   0.1, -29.0,  -4.8, 919.0,  -0.3,  -0.0
112039,   0.6,  -1.3,  -0.5,   9.0,  -7.7, 996.8,  -0.3,   0.0
112063,  -1.2,   1.9,  -0.8,  11.5,   2.8, 989.0,  -0.3,  -0.0
112087,   0.0,  -1.2,   0.3,  16.4,  -2.1,1001.7,  -0.3,  -0.1
112111,   0.7,   0.6,  -0.3,   3.7, -13.1, 996.1,  -0.3,  -0.1
112139,  -0.4,   3.6,  -1.1,   1.2,  -8.7,1006.4,  -0.3,  -0.1
112163,   0.7,  -0.0,  -1.0,   2.7,  -7.5,1003.4,  -0.3,  -0.0
112187,   0.8,   1.8,  -0.4,  -9.5,  -2.4,1000.5,  -0.3,  -0.0
112211,   2.1,  -4.4,   0.3,   8.6,   9.9, 988.3,  -0.2,  -0.0
112239,   1.3,  -3.5,   0.1,  20.5,   5.9,1013.4,  -0.1,  -0.2
112263,   0.6,  -0.2,   0.0,   0.5,  -6.0, 982.2,  -0.1,  -0.2
112287,   1.8,  -0.9,   0.7,  -6.8,   7.2, 990.0,  -0.1,  -0.2
112313,   0.7,  -1.3,   0.4, 178.5,  96.3,1127.0,   0.0,  -0.3
112337,   1.0,  -0.3,   0.0,  12.5,   1.8, 989.3,   0.0,  -0.4
112365,   0.6,  -0.3,  -0.4,  -2.7,  -7.2, 992.9,   0.1,  -0.4
112389,   0.5,  -3.9,   0.1,  -2.7,   6.2, 996.4,   0.1,  -0.5
112413,   0.7,  -2.0,  -0.5,   1.0,  -3.8, 993.2,   0.1,  -0.5
112437,   3.5,  -1.3,   0.1,   6.1,  13.5, 992.7,   0.2,  -0.6
112465,   1.1,   1.5,  -0.7,  10.5,  -0.9, 993.2,   0.2,  -0.6
112489,   1.2,   1.7,  -1.0,   5.4,   9.9,1001.2,   0.2,  -0.7
112513,  -0.1,  -0.9,  -0.2,   6.9,   2.0, 993.2,   0.2,  -0.7
112537,  -0.1,  -1.7,  -0.0,  10.5,   0.6, 997.8,   0.2,  -0.7
112565,   0.3,  -3.6,  -0.5,  14.9,   5.2,1003.7,   0.3,  -0.8
112589,   0.6,  -3.1,  -0.2,   0.5,   2.8,1011.7,   0.3,  -0.9
112613,   0.6,  -2.0,  -0.7,   8.8,   4.2, 993.2,   0.3,  -0.9
112637,  -0.5,  -3.0,  -1.0,   5.6,  12.5, 996.1,   0.3,  -0.9
112665,   0.6,  -3.0,  -0.3,   7.3,   3.3, 997.8,   0.4,  -1.0
112689,   1.4,  -1.2,  -1.0,  13.2,   5.7, 981.7,   0.4,  -1.1
112713,   0.8,  -3.0,  -0.2,  35.9,  10.1, 990.5,   0.4,  -1.1
112737,   0.6,  -1.1,  -0.8,  26.6,   8.4,1012.7,   0.4,  -1.1
112765,   0.1,   1.8,   0.1,  16.4,  16.9,1000.7,   0.5,  -1.1
112789,   0.4,   0.3,  -0.8,  -5.4,   8.9, 995.6,   0.5,  -1.0
112813,   0.4,  -0.5,  -0.8,   9.3,   5.7, 994.9,   0.5,  -1.0
112837,   0.6,  -2.0,   0.5,  22.5,   7.4, 993.7,   0.5,  -1.1
112865,  -1.5,   2.6,  -0.0,  20.0,  16.4, 997.6,   0.5,  -1.0
112889,  -0.7,   2.8,  -0.2,  23.0,   9.6,1001.5,   0.5,  -1.0
112913,  -1.1,  -1.2,  -0.6,   4.7,  10.6, 998.8,   0.4,  -0.9
112937,  -1.9,  -0.1,  -0.5,  10.8,   4.5,1002.9,   0.4,  -0.9
112965,  -0.9,  -2.0,  -0.0,  30.5,  11.3, 997.8,   0.4,  -1.0
112989,  -2.2,   4.4,  -0.3,  38.8,   9.6,1002.0,   0.4,  -1.1
113013,  -2.1,   8.5,   0.9,  22.5,   3.5,1001.2,   0.3,  -1.0
113037,  -2.1,   3.2,  -1.2, -14.4,   3.8, 986.1,   0.2,  -0.7
113065, -14.0,   4.5,  -1.0,  37.6, -26.0,1032.5,   0.1,  -0.6
