Time(ms),Gyro X,Gyro Y,Gyro Z,Acc X,Acc Y,Acc Z,Rot X,Rot Y
33517,  -1.1,   0.7,  -0.4,  30.0,   3.3, 996.7,   0.0,  -1.6
33545,  -0.5,  -0.7,  -0.3,  26.1,  -1.3,1004.3,   0.0,  -1.6
33549,  -0.1,   1.6,  -0.4,  19.0,   2.8,1015.7,   0.0,  -1.6
33553,   0.5,   0.1,  -0.4,  -4.9,  -8.6,1012.1,   0.0,  -1.5
33557,  -0.6,   1.0,  -0.3,  15.1,  -6.9,1007.4,  -0.0,  -1.5
33561,  -0.6,  -0.4,   0.1,  22.9,  -2.5,1005.0,  -0.0,  -1.5
33575,  -0.5,  -1.0,   0.3,  23.2,   0.6, 988.9,  -0.0,  -1.5
33579,   0.1,  -1.3,  -0.3,  35.6,   4.0,1011.3,  -0.0,  -1.5
33583,   0.7,  -0.8,  -0.1,  34.6,   3.3, 992.8,   0.0,  -1.5
33587,   0.0,  -0.4,  -0.1,  19.3, -12.1,1000.1,  -0.0,  -1.5
33591,  -0.2,   0.5,   0.2,  10.2,  15.5, 987.4,   0.0,  -1.5
33605,  -0.3,  -0.0,   0.3,  18.5,  11.1, 979.4,   0.0,  -1.4
33609,  -0.5,   1.3,   0.1,  20.5,  17.5, 994.2,   0.1,  -1.4
33613,   0.5,   0.3,  -0.2,  37.1,  14.8,1008.4,   0.1,  -1.5
33617,  -0.1,  -0.6,  -0.4,  18.5,   0.1, 985.9,   0.1,  -1.4
33621,  -0.1,   0.2,   0.5,  39.0,   7.5, 999.9,   0.1,  -1.5
33639,  -1.2,  -0.9,   0.1,  24.6,   4.8, 998.6,   0.1,  -1.4
33663,  -0.1,   0.4,  -0.3,  30.2,   5.5, 999.4,   0.1,  -1.4
33691,  -0.3,  -1.1,  -0.6,   5.3,   6.5,1002.5,   0.1,  -1.4
33715,   0.2,   1.8,   0.0,   7.0,  -6.0,1013.0,   0.1,  -1.4
33739,   0.2,   0.8,  -0.2,  41.2,   0.1, 988.9,   0.0,  -1.4
33763,   0.1,   1.9,   0.8,  28.3,  11.6,1011.6,   0.1,  -1.4
33791,  -0.2,   0.3,  -0.6,  37.1,  -6.2,1004.3,   0.1,  -1.4
33819,  -0.9,   1.3,   0.2,  29.5,   6.5, 990.6,   0.0,  -1.3
33839,  -0.4,  -0.1,   0.3,  14.6,  14.8, 986.9,   0.1,  -1.3
33863,  -0.0,   1.3,  -0.0,  32.9,  11.4, 994.0,   0.1,  -1.3
33891,   0.2,  -0.5,  -0.1,  34.1,  -5.7,1000.1,   0.0,  -1.3
33915,   0.1,  -0.7,   0.0,  20.5,   9.7,1006.0,   0.1,  -1.2
33939,  -0.8,   0.5,  -0.2,  30.0,   8.0, 994.5,   0.1,  -1.3
33963,   0.8,   0.3,  -0.3,  34.6,  -2.5, 992.3,   0.1,  -1.2
33991,  -0.1,  -0.9,   0.6,  35.9,  -4.5, 994.7,   0.0,  -1.3
34015,  -0.3,  -1.0,   0.1,  24.6,  -6.9,1010.4,   0.0,  -1.3
34039,   0.2,   0.2,  -0.4,  22.9,   3.3, 999.1,   0.0,  -1.3
34063,  -0.2,  -1.3,  -0.2,  21.7, -10.8,1001.3,   0.0,  -1.3
34091,  -0.4,   1.1,   0.3,  17.8,   7.7, 987.9,   0.0,  -1.2
34115,   0.2,  -0.1,  -0.3,  24.4,   5.0, 988.1,   0.0,  -1.2
34139,  -0.2,  -0.7,  -0.3,  20.7, -10.8, 999.4,   0.0,  -1.2
34163,   0.1,  -1.4,  -0.0,  12.2,  -7.7, 980.1,   0.0,  -1.2
34191,  -0.4,   1.3,   0.0,   4.6,  -5.7,1017.7,  -0.0,  -1.2
34215,   0.3,   1.8,  -0.3,  21.7,  -7.2, 994.0,  -0.0,  -1.2
34239,  -0.6,  -0.7,   0.0,  39.5,   4.3,1003.0,  -0.0,  -1.2
34263,  -0.6,  -0.3,  -0.3,   8.5,   2.3, 992.3,  -0.0,  -1.2
34291,   0.4,   0.5,   0.3,   3.9,   0.9,1005.7,  -0.0,  -1.2
34319,  -0.4,   0.2,  -0.0,  11.2, -14.5, 996.0,  -0.0,  -1.2
34339,  -0.0,  -1.1,  -0.3,  20.0, -12.6, 997.9,  -0.1,  -1.2
34363,  -0.7,   0.8,  -0.6,  11.0,   4.8, 992.8,  -0.1,  -1.2
34391,   0.5,  -0.9,  -0.0,  40.0,  -4.0, 974.0,  -0.1,  -1.3
34415,  -0.3,  -1.2,  -0.4,  28.0,  -3.0,1001.1,  -0.1,  -1.3
34439,   0.8,   0.1,   0.3,  32.7,  -3.8, 972.8,  -0.1,  -1.3
34463,   0.3,  -0.1,  -0.1,  28.3,   7.5,1009.4,  -0.1,  -1.3
34491,   0.4,  -0.9,  -0.1,  32.4,   0.1,1019.9,  -0.1,  -1.3
34515,   0.0,  -0.7,  -0.2,  -1.3,  -3.5, 994.2,  -0.1,  -1.4
34539,   0.7,  -1.2,  -0.2,  38.3,  -5.2,1004.0,  -0.1,  -1.4
34567,   0.1,   0.1,   0.1,  15.1,  -2.5,1015.7,  -0.0,  -1.3
34591,  -0.1,   0.4,  -0.4,  30.7,  11.1, 985.0,   0.0,  -1.3
34615,  -0.1,  -0.0,   0.1,  29.0,   1.4, 985.0,   0.0,  -1.3
34639,   0.2,   0.7,  -0.3,  15.8,  -6.0,1002.3,  -0.0,  -1.3
34667,   0.5,  -0.1,   0.1,  15.3,   1.8, 997.9,  -0.0,  -1.3
34691,   0.5,  -1.5,   0.2,  15.6,   1.6, 990.3,  -0.0,  -1.3
34715,  -0.7,   0.9,   0.2,  17.5,  19.9,1002.8,  -0.0,  -1.3
34739,  -0.3,  -1.5,  -0.2,  22.7,   8.0, 998.1,  -0.0,  -1.3
34767,   0.7,  -0.4,  -0.1,  22.4,  -5.7, 997.2,  -0.0,  -1.3
34791,  -0.1,   1.1,   0.3,  14.6,   5.8,1008.9,  -0.0,  -1.3
34819,   0.1,  -0.3,   0.2,  26.3, -14.0, 986.9,  -0.0,  -1.3
34839,  -0.3,   1.0,   0.0,  24.4,  15.5,1003.8,   0.0,  -1.3
34866,   0.6,  -0.6,  -0.1,  35.4,  -0.6, 990.6,  -0.0,  -1.3
34890,  -0.3,  -1.2,  -0.2,   0.2,   1.1,1001.8,  -0.0,  -1.3
34914,   0.3,  -1.7,   0.2,  38.8,  12.6, 990.6,   0.0,  -1.3
34942,   0.3,  -0.0,   0.3,  26.3,  -0.1, 997.2,  -0.0,  -1.3
34966,  -0.9,   1.9,  -0.1,  12.9,   4.3,1008.6,  -0.0,  -1.3
34990,  -0.1,   0.3,  -0.3,  21.2,  -6.7,1005.7,   0.0,  -1.3
35014,   0.1,   0.1,  -0.1,  13.4, -11.1,1013.5,   0.0,  -1.3
35042,  -0.2,  -0.8,   0.2,  25.6, -22.1,1008.9,  -0.0,  -1.3
35066,   0.2,  -0.6,   0.3,  35.6,  14.3,1026.2,  -0.0,  -1.4
35090,   0.5,  -1.0,  -0.2,  37.8,   2.3, 993.5,  -0.0,  -1.4
35114,   0.0,  -0.0,   0.3,  22.2,  -6.0,1000.3,  -0.0,  -1.4
35142,  -0.1,   0.1,   0.6,  11.2,  -1.6,1002.1,  -0.0,  -1.3
35166,   0.0,  -1.0,  -0.4,   9.7,  -4.7, 987.2,  -0.0,  -1.3
35190,  -0.3,   0.4,  -0.1,  23.2, -11.3, 985.2,  -0.0,  -1.3
35214,   0.2,   0.2,  -0.2,  17.5,  11.4,1005.0,   0.0,  -1.3
35242,  -0.1,   1.3,   0.2,  29.3,   2.1,1002.3,   0.0,  -1.3
35266,  -0.4,   0.3,  -0.5,   6.1,   1.6, 995.2,  -0.0,  -1.3
35290,  -0.2,  -0.4,   0.2,  14.9,  -6.9,1007.9,   0.0,  -1.3
35318,  -0.2,  -0.6,  -0.2,   2.7, -13.8, 994.5,   0.0,  -1.3
35342,  -0.3,  -0.1,  -0.0,  23.2, -10.4,1004.3,  -0.0,  -1.3
35366,  -0.3,   0.5,   0.2,  27.1,  -3.5, 992.5,  -0.0,  -1.2
35390,   0.5,  -0.9,  -0.0,  27.1,  11.4, 987.2,  -0.0,  -1.2
35414,  -1.1,   1.5,   0.2,  40.7,  16.3, 985.2,   0.0,  -1.3
35442,  -0.2,   0.4,   0.2,  16.3,   6.5, 991.8,   0.0,  -1.3
35466,  -0.1,  -1.5,  -0.0,  43.7,  -6.2, 999.6,   0.0,  -1.3
35490,  -0.6,  -1.8,   0.0,  22.7,  -2.8,1003.5,  -0.0,  -1.4
35514,  -0.4,  -0.5,  -0.0,  34.9,   2.6, 989.4,  -0.0,  -1.4
35542,   0.4,  -0.8,  -0.6,  42.2,   0.1, 993.0,  -0.0,  -1.4
35566,  -0.4,   0.9,   0.0,  32.2,   3.8,1006.5,  -0.0,  -1.4
35590,  -0.6,  -0.4,  -0.4,  14.9,   6.0, 998.6,  -0.0,  -1.4
35614,  -0.3,   0.1,  -0.6,  32.2,  11.1, 994.2,  -0.0,  -1.4
35642,  -0.3,   1.3,   0.5,  10.0,   1.6,1014.8,  -0.0,  -1.3
35666,  -1.1,  -0.4,  -0.1,  32.4,  -6.7, 999.6,  -0.0,  -1.3
35690,  -0.1,   0.8,  -0.2,  26.1,  -3.0,1010.1,  -0.0,  -1.4
35718,   0.2,  -0.2,  -0.1,  27.8,   3.6, 985.5,  -0.0,  -1.3
35742,   0.5,  -1.4,  -0.4,  33.2,  12.8,1013.0,  -0.0,  -1.4
35766,  -0.4,   0.9,  -0.4,   9.5,   1.4,1002.1,  -0.0,  -1.3
35790,  -0.4,   1.8,  -0.1,  21.9,  -3.0, 989.8,  -0.0,  -1.3
35818,  -0.3,  -0.8,  -0.1,  14.9,   6.2, 982.5,  -0.0,  -1.3
35842,  -0.6,  -0.3,   0.1,  42.0,   0.6, 991.3,  -0.0,  -1.4
35866,  -0.3,   1.2,  -0.3,  14.4,  -6.5,1005.2,  -0.1,  -1.3
35890,   0.0,   0.8,  -0.3,  41.2,  -6.5, 982.0,  -0.1,  -1.4
35918,  -0.4,   0.2,  -0.0,  40.7, -18.2, 999.6,  -0.1,  -1.4
35942,   0.2,   0.1,  -0.2,  13.2,  -0.6, 997.4,  -0.1,  -1.4
35966,   0.2,  -0.2,  -0.4,  31.9,  -2.8, 996.7,  -0.1,  -1.4
35990,  -0.2,  -0.0,  -0.1,  34.6,  -5.0, 995.5,  -0.1,  -1.4
36018,   0.0,  -0.4,  -0.1,   2.2, -13.3,1008.9,  -0.1,  -1.4
36042,  -0.0,  -0.1,   0.2,  16.8,  -4.5, 988.9,  -0.1,  -1.4
36066,   0.5,  -1.7,   0.5,  14.4,  16.7, 986.9,  -0.1,  -1.4
36090,  -0.4,   0.4,   0.2,  35.6, -17.9, 996.4,  -0.1,  -1.4
36118,  -0.7,  -0.3,  -0.1,  10.7,  -5.2, 996.0,  -0.1,  -1.3
36142,   0.3,  -1.4,  -0.1,  33.2,   1.8, 978.9,  -0.1,  -1.3
36166,  -0.0,  -1.5,   0.3,  22.7,  -4.5, 986.4,  -0.1,  -1.3
36190,   0.2,  -0.7,   0.3,  22.7,   6.2, 995.0,  -0.1,  -1.3
36218,  -0.7,   0.7,  -0.0,  42.4,  -5.5,1002.1,  -0.1,  -1.3
36242,  -0.9,   0.7,  -0.0,  31.0, -10.1, 990.8,  -0.1,  -1.3
36266,  -0.0,   1.3,   0.3,  14.1,   3.8, 985.5,  -0.1,  -1.3
36290,  -0.3,   1.1,  -0.5,  17.8,  -3.5,1002.3,  -0.1,  -1.3
36318,  -0.1,  -0.5,   0.3,  17.3, -18.4,1010.4,  -0.1,  -1.3
36342,  -0.7,   1.1,   0.1,  32.9,  -1.6,1000.1,  -0.1,  -1.2
36366,  -0.1,   1.3,  -0.3,  15.1,   9.7,1018.4,  -0.1,  -1.2
36390,  -0.0,  -1.3,  -0.0,  17.3,  -6.9,1000.6,  -0.1,  -1.2
36418,   0.6,  -0.7,   0.0,  33.2,   2.1, 995.2,  -0.1,  -1.2
36442,  -0.1,   0.5,   0.3,  44.2,   3.6, 996.0,  -0.0,  -1.2
36466,  -0.0,   1.1,   0.1,  38.3,   3.3, 982.3,  -0.1,  -1.2
36492,   0.2,  -0.0,  -0.0,  13.4, -12.8, 987.2,  -0.1,  -1.3
36516,  -0.4,   0.2,  -0.8,  42.0,   5.0, 987.7,  -0.1,  -1.3
36540,   0.3,   0.2,   0.2,  29.8,   7.0, 992.5,  -0.1,  -1.3
36568,  -0.1,   1.2,  -0.1,  13.6, -11.6,1007.4,  -0.0,  -1.3
36592,  -0.0,   0.1,  -0.0,  22.2,  10.1, 988.4,  -0.0,  -1.3
36616,   0.1,  -0.3,   0.3,  29.8,   9.4, 992.0,   0.0,  -1.3
36640,   0.1,   0.1,  -0.5,  21.5,   6.5,1000.3,   0.0,  -1.3
36668,  -0.1,  -0.8,   0.2,  14.4,  -7.2,1000.8,   0.0,  -1.3
36692,   0.2,  -0.9,   0.3,  15.3,  -3.8,1002.8,   0.0,  -1.3
36716,  -0.2,  -0.6,  -0.6,  34.9,  -6.5,1000.1,   0.0,  -1.4
36740,   0.2,  -1.6,  -0.4,  10.5,   2.3, 998.6,   0.0,  -1.4
36768,  -0.5,  -1.2,  -0.3,  25.1,  10.1,1001.6,   0.1,  -1.4
36792,   0.3,  -0.4,  -0.2,  25.6,  -3.3,1004.7,   0.0,  -1.4
36820,   0.1,   0.1,   0.5,  20.0,   8.2, 987.7,   0.1,  -1.4
36840,  -0.6,   0.3,  -0.7,   2.2,  -1.6,1004.7,   0.0,  -1.3
36868,   0.1,  -0.2,   0.3,  38.1,  -7.2,1001.8,  -0.0,  -1.4
36892,  -0.3,  -1.2,  -0.1,  24.6,   0.1,1015.5,   0.0,  -1.3
36916,   0.5,  -0.1,  -0.3,  16.6,  -7.2,1003.3,  -0.0,  -1.3
36944,   0.3,  -0.9,  -0.6,   9.0,  -8.9, 998.4,  -0.0,  -1.2
36968,   0.4,   0.1,  -0.0,   6.1,  -7.4,1006.7,  -0.0,  -1.2
36992,  -0.3,   0.3,  -0.4,  16.1,  -2.1,1008.9,  -0.0,  -1.2
37016,  -0.4,   1.0,  -0.1,  31.7,   6.2, 990.6,  -0.0,  -1.2
37044,   0.4,  -1.3,  -0.2,  24.1,  -5.7, 996.9,  -0.1,  -1.2
37068,  -0.1,   1.1,   0.2,  25.8,  -1.3, 997.2,  -0.0,  -1.2
37092,  -0.3,  -0.0,  -0.3,  26.8,   5.0,1009.9,  -0.0,  -1.2
37116,   0.2,   0.7,   0.1,  20.7, -17.0, 986.9,  -0.0,  -1.3
37144,   0.2,   0.5,   0.1,  30.7,  12.6, 998.9,   0.0,  -1.3
37168,   0.4,  -0.9,   0.8,  42.2,   3.1, 996.2,   0.0,  -1.3
37192,  -0.2,   0.5,  -0.3,  28.3,   2.3,1001.8,   0.0,  -1.3
37216,   0.1,   0.9,   0.2,  16.6,  15.8, 994.5,   0.0,  -1.3
37244,  -0.1,  -0.3,   0.2,  33.2,  -6.7,1006.7,   0.0,  -1.3
37268,  -0.1,   0.2,  -0.1,   0.7,   0.6, 998.9,   0.0,  -1.3
37292,   0.1,  -1.4,  -0.1,  38.3,   3.3, 994.2,   0.1,  -1.3
37320,  -0.6,   0.1,   0.3,   8.5,   0.9,1003.0,   0.1,  -1.3
37344,  -0.8,   0.8,   0.0,  15.6,  17.0,1002.8,   0.1,  -1.3
37368,  -0.3,   0.9,  -0.3,  22.2,  -1.8, 985.9,   0.0,  -1.3
37392,   0.5,   1.3,  -0.6,  20.5,  10.6, 995.0,   0.1,  -1.2
37416,   0.7,  -0.3,   0.5,  14.1,  -8.9,1005.0,   0.1,  -1.2
37444,   0.4,  -0.1,   0.0,  25.1,  -0.6, 991.6,   0.1,  -1.2
37468,  -0.7,   1.8,   0.0,  20.0,   4.8, 997.2,   0.1,  -1.2
37492,  -0.3,   0.1,   0.4,  41.5,   6.2, 990.3,   0.1,  -1.3
37516,   0.0,  -1.5,   0.2,  22.9,  16.7, 998.4,   0.1,  -1.3
37544,  -0.7,  -0.5,   0.8,  13.2,   0.9, 998.9,   0.1,  -1.3
37568,  -0.6,   0.2,  -0.1,  22.4,   9.7,1003.3,   0.1,  -1.3
37592,   0.4,   0.4,  -0.1,  13.9,  15.5, 988.1,   0.1,  -1.3
37616,   0.5,  -0.1,  -0.0,  16.3,   0.4,1003.8,   0.2,  -1.3
37644,   1.4,  -4.3,  -0.3,  43.4,   6.0, 989.1,   0.2,  -1.4
37668,  -0.6,   1.1,  -0.8,  27.1,   8.2, 988.6,   0.2,  -1.4
37692,   0.5,  -0.8,  -0.9, -88.9, -38.7,1059.4,   0.1,  -1.2
37716,  -0.1,  -0.1,   0.0,  -5.4,   6.0, 998.4,   0.1,  -1.2
37744,  -0.4,   1.9,   1.1, -13.2,   5.8, 963.2,   0.1,  -1.1
37768,   0.3,  -0.7,   1.4,  -2.5,  11.1, 987.4,   0.1,  -1.1
37792,  -0.1,  -0.4,   0.5, -14.9,  -9.6, 995.2,   0.0,  -1.1
37820,  -0.0,  -1.1,   1.0,  22.2,  -0.3,1069.9,   0.0,  -1.1
37844,   0.4,  -1.4,  -0.5,  -6.4, -17.4, 978.4,  -0.0,  -1.1
37868,  -0.5,   1.6,  -0.6,   9.2,  -4.0,1011.1,  -0.1,  -1.2
37892,   0.4,   1.3,  -1.3,  -2.2,  13.1, 998.1,  -0.1,  -1.1
37916,   0.3,   1.3,  -0.4,  37.1,  -3.8,1010.4,  -0.1,  -1.1
37944,  -0.2,   0.5,  -0.3,  21.5,   9.4,1009.4,  -0.0,  -1.1
37968,   0.6,   0.7,   0.5,   4.4,   5.3,1001.6,  -0.0,  -1.0
37992,   0.9,  -0.4,   0.3,  11.0,  -1.6, 975.9,  -0.0,  -1.0
38016,   0.4,   1.2,  -0.0,  17.5,  -8.4,1016.5,  -0.1,  -0.9
38044,  -0.6,   2.4,  -0.3,  10.7,  -0.1,1001.8,  -0.1,  -1.0
38068,  -0.1,   0.9,   0.2,  42.2,  16.3,1006.2,  -0.1,  -1.0
38092,  -0.9,  -0.2,   0.5,  11.4,  -4.7, 993.3,  -0.1,  -1.0
38118,   0.6,  -1.9,  -0.2,  22.7,  -6.0,1012.3,  -0.1,  -1.1
38142,  -0.3,   1.0,   0.2,   5.8,  -7.7,1011.8,  -0.1,  -1.0
38170,  -1.3,   4.3,  -0.1, -20.8,  79.7, 910.7,  -0.1,  -1.0
38194,  -1.1,   3.0,  -0.1,  51.0,  -7.4,1121.9,  -0.1,  -1.2
38218,   0.2,   0.5,  -0.3,  37.8, -37.9,1005.2,  -0.2,  -1.1
38242,  -0.8,   0.5,  -0.5,   6.3,  13.1, 958.6,  -0.2,  -1.1
38270,   0.2,  -1.6,  -1.4, -51.1, -60.7, 972.0,  -0.2,  -1.0
38294,  -0.4,   1.3,  -0.9,  -9.8, -15.7,1001.3,  -0.2,  -1.0
38322,  -0.0,   1.5,  -0.6,  37.8,   1.4, 998.1,  -0.2,  -1.0
38342,  -0.6,   0.4,   0.6,  68.6,   5.3,1016.0,  -0.2,  -1.1
38370,   0.8,  -1.5,  -0.1,  23.9,  41.6, 982.8,  -0.1,  -1.1
38394,  -0.1,   1.0,  -0.1, -25.4,   8.7, 993.5,  -0.1,  -1.0
38418,   0.3,   0.4,  -0.1, -10.5, -13.3, 991.1,  -0.1,  -1.0
38442,  -0.1,  -2.3,  -0.1,  12.4,   2.6, 982.5,  -0.1,  -1.1
38470,  -0.3,   1.0,  -0.4,  41.0,   8.4, 999.9,  -0.0,  -1.1
38494,  -0.6,  -0.4,  -0.2,  32.2,  33.1,1025.2,  -0.0,  -1.1
38518,   0.8,  -2.8,  -0.2,  -4.9,   7.5,1005.0,   0.0,  -1.2
38542,   0.5,  -1.8,  -0.1,  16.8,  12.6, 999.1,   0.1,  -1.2
38570,  -0.3,   0.6,  -0.4,  18.8,   0.9, 997.4,   0.1,  -1.2
38594,   0.1,  -0.9,  -0.3,   6.3,   6.5, 990.3,   0.1,  -1.2
38618,   0.6,   1.0,  -0.2,   1.4,   3.3,1009.6,   0.1,  -1.2
38642,   1.0,  -1.0,  -0.3,   2.7,  15.3, 997.4,   0.1,  -1.2
38670,   1.1,  -2.6,  -0.2,  22.9,  -3.3, 993.8,   0.1,  -1.2
38694,  -0.5,  -0.1,  -0.8,  31.7,   5.5, 969.8,   0.2,  -1.3
38718,   1.1,  -3.6,  -0.2,  20.7,  -5.0,1019.4,   0.3,  -1.4
38742,  -0.7,  -0.7,  -0.5,  24.1,  -1.8, 993.5,   0.3,  -1.4
38770,   0.1,  -2.0,  -0.7,  40.5,  15.5, 983.7,   0.3,  -1.4
38794,   0.4,  -2.3,  -0.3,  19.3,   1.6,1007.2,   0.3,  -1.5
38822,   1.2,  -1.8,  -0.9,  10.0,  -5.5,1008.4,   0.3,  -1.5
38842,   0.4,   0.1,  -1.1,  31.7,   2.1, 984.5,   0.3,  -1.5
38870,   0.3,   0.9,  -1.4,  21.7,   9.4,1001.3,   0.3,  -1.5
38894,   0.3,   1.0,  -2.0,  39.5,  26.0, 976.9,   0.3,  -1.6
38918,   0.7,  -2.5,  -1.2,  20.2,  -2.3, 997.7,   0.4,  -1.5
38942,   0.4,  -3.1,  -1.7,  33.4,   8.2,1024.5,   0.5,  -1.6
38970,   0.1,  -2.6,  -2.3,  22.7,  14.8, 994.2,   0.5,  -1.6
38994,   0.6,  -2.0,  -1.5,  31.7,  28.9, 982.5,   0.5,  -1.6
39018,  -0.3,  -1.7,  -2.5,  15.8,   3.8, 990.8,   0.6,  -1.6
39042,  -0.1,  -3.1,  -1.9,  14.4,  20.6, 989.8,   0.6,  -1.6
39070,  -0.3,   2.9,  -1.5,  38.8,  47.3, 999.9,   0.7,  -1.6
39094,  -0.0,  -0.1,  -1.4,  40.3,  28.5,1004.5,   0.7,  -1.6
39118,  -0.4,   0.4,  -0.4,   2.2,  19.7, 993.3,   0.8,  -1.5
39142,   0.4,  -2.2,  -0.3,  23.2,  25.8,1006.0,   0.9,  -1.4
39170,  -0.0,   0.2,  -0.0,  15.3,  16.3, 989.6,   0.9,  -1.4
39194,  -0.0,  -0.3,   1.0,  10.7,   9.7, 986.4,   0.9,  -1.3
39218,   0.7,  -2.9,   1.3, -11.8,  16.0, 995.5,   0.9,  -1.3
39246,   0.4,  -1.7,   2.0,   7.0,  12.1, 982.8,   1.0,  -1.1
39270,  -0.7,  -0.2,   1.6,   4.9,  15.8, 990.8,   0.9,  -1.1
39294,   0.3,  -1.6,   2.6,  -5.2,   0.4, 997.7,   0.9,  -1.1
39321,   1.0,  -1.5,   3.1,  -2.5,  21.4, 987.7,   1.0,  -1.1
39345,  -0.6,   3.5,   3.2,   2.4,  19.7,1004.5,   0.9,  -1.0
39369,   0.6,   0.1,   3.2,  35.9,  18.0,1001.6,   1.0,  -0.9
39393,  -0.3,  -0.3,   3.8,  15.6,   4.8,1019.9,   1.0,  -0.9
39421,   0.3,   2.6,   4.4,  19.3,   7.5, 992.0,   0.8,  -0.8
39445,   1.3,  -2.1,   4.7,  23.2,  -6.5, 974.7,   0.8,  -0.8
39469,   1.6,  -1.9,   4.4,  13.6,  -8.9, 999.9,   0.6,  -0.8
39493,   1.0,   0.2,   4.9,  23.4,  23.8, 994.0,   0.7,  -0.8
39521,   0.8,   0.2,   5.4,  42.4,  -6.7,1004.3,   0.7,  -0.9
39545,   1.2,  -1.5,   5.3,   7.0,  -0.8,1004.5,   0.7,  -0.8
39569,   1.4,  -1.3,   6.4,  16.3,   1.4, 992.3,   0.7,  -0.8
39593,   0.9,  -0.4,   6.4,  34.4,   5.8,1025.7,   0.7,  -0.8
39621,   0.7,  -2.6,   6.1,  31.9,  23.8, 998.9,   0.8,  -0.8
39645,   1.1,  -3.2,   6.3,  46.4,   8.4,1009.6,   0.8,  -0.9
39669,   1.1,  -1.2,   5.3,  52.0,   5.8, 996.9,   0.7,  -1.0
39693,   1.1,  -1.2,   4.9,  49.5,  -7.7, 991.8,   0.6,  -1.0
39721,   0.7,  -1.1,   3.7,  43.9,  -5.7, 988.6,   0.5,  -1.1
39743,   1.3,  -2.0,   3.1,  39.5,  24.8, 990.1,   0.5,  -1.1
39771,  -0.2,   1.1,   1.0,  27.3,  -2.8, 991.3,   0.5,  -1.1
39795,   1.3,  -3.4,  -0.4,  75.7,  15.3,1007.7,   0.5,  -1.3
39823,   1.1,  -2.2,  -0.9,  87.6,  20.9, 997.2,   0.5,  -1.4
39843,   0.5,  -2.1,  -0.3,  41.0,  -5.0,1010.1,   0.5,  -1.4
39871,   0.5,  -1.5,  -0.6,  -3.9,   9.7, 983.0,   0.5,  -1.4
39895,  -0.3,  -0.9,  -0.6, -10.3,  54.1, 984.5,   0.7,  -1.4
39919,   0.5,  -1.2,   0.5,   1.2,  44.1,1022.6,   1.0,  -1.3
39943,   0.5,  -1.9,   1.3,  36.8,  35.8, 995.7,   1.2,  -1.3
39971,   0.4,   2.2,   1.4,  -9.8,  22.8, 992.3,   1.2,  -1.2
39995,   0.0,   2.6,   1.4,  35.9,  31.4, 989.1,   1.3,  -1.3
40019,  -0.3,  -0.5,  -0.1,  86.6,  63.4, 979.6,   1.5,  -1.4
40043,  -0.2,  -0.1,  -0.0, -68.1,  15.8, 956.6,   1.5,  -1.3
40071,   0.1,  -0.6,  -2.3,  15.8,   1.4,1001.8,   1.4,  -1.3
40095,   0.4,  -0.9,  -3.2,  60.0,  -3.5,1047.2,   1.3,  -1.5
40119,   0.5,  -3.0,  -5.4, 120.6,  46.0,1008.2,   1.3,  -1.7
40143,   0.7,  -0.4,  -5.1,  77.1,  84.4, 981.8,   1.5,  -1.7
40171,  -0.4,  -2.5,  -4.6,  55.9,  30.9, 989.6,   1.7,  -1.6
40195,   0.2,   1.0,  -3.9, -34.2,  40.4, 989.8,   1.8,  -1.4
40219,   0.2,   0.4,  -2.3,  29.0,  80.7, 991.6,   2.1,  -1.6
40243,   0.4,  -2.3,  -0.6,  21.0,  91.2,1069.4,   2.3,  -1.3
40271,   1.3,  -3.7,  -2.2,   2.4,  29.2,1010.1,   2.5,  -1.2
40295,   1.6,  -2.9,  -0.8,  89.8,  35.8, 993.0,   2.4,  -1.3
40323,  -0.7,  -1.4,  -2.5, 111.1,  -4.0,1026.5,   2.4,  -1.4
40347,  -1.3,  -2.2,  -4.0,  44.2,  -3.8, 992.8,   2.2,  -1.5
40371,  -0.3,  -1.9,  -5.1,  49.5,  57.5, 942.0,   2.1,  -1.4
40395,  -0.3,  -6.3,  -6.1, 122.3,  51.9,1009.6,   2.2,  -1.6
40419,  -0.3,  -4.3,  -5.5, 101.3,  -3.8,1085.6,   2.2,  -1.4
40447,  -0.3,  -3.4,  -5.3,  45.6,  11.4,1056.3,   2.0,  -1.3
40471,   0.1,  -3.7,  -5.0,  -3.0,   8.0,1018.4,   2.0,  -1.3
40495,   0.2,  -5.7,  -3.3,  61.0,  32.9, 990.3,   2.0,  -1.3
40519,   1.9,  -0.3,  -3.6, -59.6,  48.2, 893.7,   1.9,  -1.3
40547,   1.8,  -2.3,  -2.7, -67.9,  32.4, 939.8,   1.8,  -1.3
40571,   0.7,   1.6,  -1.8,   1.7,   7.7,1024.3,   1.8,  -1.4
40595,   0.5,  -3.1,  -1.3,-116.0,  20.4, 965.9,   2.0,  -1.1
40619,   0.7,  -0.0,  -2.2, -22.7,  22.8, 944.0,   1.8,  -1.1
40647,   1.4,   0.8,  -3.3,   9.7,  -6.2, 968.9,   1.5,  -1.1
40671,   1.1,  -1.7,  -2.7,  51.2,  49.0,1010.6,   1.4,  -1.4
40695,  -1.3,  -1.2,  -1.5,  42.7, -63.8,1031.1,   1.3,  -1.3
40719,  -1.8,   1.1,  -2.2,  11.2,  13.1, 947.1,   1.3,  -1.2
40747,  -1.2,  -3.2,  -1.6,  89.8,  88.5, 992.5,   1.5,  -1.2
40771,  -2.6,  -3.4,  -1.2,   9.0,  -1.1,1086.5,   1.5,  -1.2
40795,  -1.8,   0.7,  -1.2,  50.7, -98.5,1027.7,   0.9,  -1.1
40823,   0.4,  -1.4,  -0.3, 103.0, -17.4,1002.1,   0.9,  -1.2
40847,   0.5,   0.5,   0.3,  88.1,  78.0, 921.0,   0.8,  -1.4
40871,   0.8,  -1.8,  -0.2,  49.8,  93.4, 969.8,   1.2,  -1.1
40895,   1.1,  -1.9,  -1.1,  28.0,  16.0,1032.6,   1.2,  -0.9
40919,  -1.5,   1.5,  -1.2,  57.1, -58.5,1030.1,   0.9,  -0.9
40947,  -0.7,  -2.3,  -1.0,  54.9,  53.9,1148.3,   0.7,  -0.9
40971,  -2.2,  -1.0,  -2.2,  11.0, -77.0,1066.5,   0.4,  -1.0
40995,  -0.8,  -3.8,  -1.8,  51.7,  27.7,1013.5,   0.4,  -1.0
41019,   0.0,  -1.7,  -3.1,  86.9, -28.2,1031.4,   0.3,  -1.2
41047,  -0.3,  -2.0,  -3.7, -32.3,  50.2, 975.2,   0.5,  -1.2
41071,  -0.7,  -0.1,  -3.0, -80.1,  -1.1, 994.0,   0.5,  -1.0
41095,   0.2,   2.1,  -1.9,-120.6,  79.7, 760.6,   0.6,  -0.8
41119,  -0.1,  -2.5,  -2.6, -40.8, -12.6, 971.8,   0.6,  -0.9
41147,   0.9,  -1.7,  -2.3,  40.7,  59.0, 926.4,   0.8,  -0.9
41171,   1.8,  -0.4,  -0.6, 168.7,  97.8,1112.4,   1.0,  -1.0
41195,   2.7,  -0.7,  -1.2, -10.0,  27.5, 909.0,   1.1,  -1.1
41219,   1.4,  -0.4,  -0.6, -69.1, -34.3, 998.4,   0.9,  -1.0
41247,   1.9,  -2.3,  -1.1, -51.3,  60.2, 865.8,   1.0,  -1.0
41271,  -0.3,   0.9,  -1.0,  48.8,  93.6, 860.5,   1.2,  -1.0
41295,   0.4,  -0.0,  -1.7,  62.2,  74.8, 968.4,   1.3,  -1.1
41323,  -1.2,   0.8,  -3.6, -74.0, -35.0,1080.9,   1.2,  -1.0
41347,  -2.8,  -1.5,  -5.3, -89.6,  82.4, 969.3,   1.6,  -1.0
41369,  -6.2,   0.7,  -3.8, -63.8,-312.8,1507.4,   1.0,  -1.0
41397,  -0.8,  -5.0,   0.4, 341.8,  -5.5,1207.9,   0.6,  -1.1
41421,   1.7,   0.4,  -1.9, 110.6, 134.4, 957.6,   1.0,  -1.0
41445,   1.9,  -2.3,  -2.6,  71.3,  72.4,1016.5,   1.6,  -0.8
41473,   1.6,  -1.5,  -0.9, -47.4,  76.6, 839.9,   1.8,  -0.4
41497,   1.7,  -0.4,  -0.8,-294.0,  43.6, 776.7,   1.7,  -0.1
41521,  -0.6,  -3.3,  -1.2, 125.5,  -3.3,1043.1,   1.5,  -0.7
41545,  -0.3,  -4.4,  -0.7, 217.5,  36.5, 957.1,   1.2,  -1.0
41573,  -0.8,  -2.4,  -0.8,  86.6,   0.6,1013.5,   1.1,  -1.0
41597,   3.3,  -3.7,  -0.8, 116.2,  62.9, 900.2,   1.1,  -0.9
41621,   1.1,  -0.0,  -1.7, 101.3,  14.5,1062.4,   1.1,  -0.7
41645,   3.6,  -1.4,  -0.1,-131.9,  97.1,1178.3,   1.4,  -0.7
41673,   1.7,  -1.0,  -1.2, -68.1,  33.8, 943.2,   1.5,  -0.7
41697,  -0.7,  -2.0,  -0.1,  22.2, -39.4, 962.5,   1.1,  -0.9
41721,  -3.0,  -2.0,   0.1, 154.0,-105.8,1140.7,   1.0,  -0.8
41745,  -1.2,  -0.3,  -0.4, 107.1,  14.1, 927.8,   1.0,  -0.7
41773,  -2.0,  -5.7,  -1.3,  97.9,  43.4,1059.7,   1.4,  -0.6
41797,  -1.7,  -2.4,  -1.9, -91.8, -41.9, 877.3,   1.7,  -0.9
41825,   5.2,   0.5,   2.2,-151.6,  13.1, 796.7,   1.9,  -0.6
41845,   3.2,  -3.1,   1.1, 135.7, 147.6, 989.6,   2.2,  -0.8
41873,   3.5,  -1.1,  -0.9, 125.2, 157.1,1014.3,   2.5,  -0.9
41897,   1.8,  -3.3,   0.9, 225.8, 142.0, 876.3,   2.8,  -0.7
41921,  -2.3,  -4.0,   1.1, 122.5,-151.5,1120.2,   2.6,  -0.7
41945,   1.8,   1.9,   2.4, -88.2,  23.8, 887.3,   2.2,  -0.4
41973,  -0.9,   2.6,   0.8, -42.8, -94.1,1169.3,   2.1,  -0.4
41997,  -0.1,  -1.0,   0.8, -72.3,  -0.6, 986.9,   1.9,  -0.6
42021,   0.9,  -0.5,   0.3,   3.4,  34.3, 964.2,   1.9,  -0.7
42045,   1.6,   0.5,   0.4, 129.9,  -2.3,1183.9,   2.0,  -0.7
42073,   3.6,  -0.3,  -0.1, -16.9, -42.1,1116.6,   1.8,  -0.6
42097,   4.9,  -7.9,   2.8, 315.6,  10.4,1071.1,   2.1,  -0.4
42121,   2.2,  -4.5,   3.0, 219.9, 111.2,1109.0,   2.0,  -0.3
42145,   3.1,  -0.1,   1.7,  30.5,  -2.3, 937.8,   1.7,  -0.1
42173,  -1.4,  -2.8,   0.3, 113.2,  34.6,1058.0,   1.8,  -0.2
42197,   0.9,   0.6,   1.1,-138.5,-229.4, 890.0,   1.7,   0.1
42221,   1.2,  -4.8,   4.3, 222.9,  44.3,1062.4,   0.9,   0.1
42245,   1.2,  -3.6,   1.9,  72.7, 121.7,1009.6,   1.6,  -0.0
42273,  -0.1,   3.0,  -1.4, -25.9,  16.7,1199.6,   2.0,  -0.4
42297,  -1.1,   1.0,   0.3,   3.1,-111.7,1064.8,   1.9,  -0.2
42325,  -0.7,   0.3,   2.3, -14.9, 106.8, 903.9,   2.0,  -0.1
42345,  -0.0,   1.4,   2.7,  15.3,  40.7, 791.6,   1.8,  -0.2
42373,  -3.3,  -1.4,   3.2,  61.2, -55.8,1123.1,   1.4,  -0.2
42397,   0.8,  -0.4,   3.0, -82.1, 121.5, 597.3,   1.4,  -0.0
42421,   0.5,  -1.9,   2.1,  23.4, 135.6, 759.4,   1.6,  -0.3
42445,  -3.3,  -1.2,   1.6, 253.1,-160.7,1448.3,   1.6,  -0.4
42473,   1.2,  -3.7,   1.6, 342.0, 214.5,1173.0,   2.0,  -0.2
42497,  -1.5,  -0.6,   1.6,  73.9,  71.2, 763.8,   1.7,   0.1
42521,  -3.3,  -4.6,   2.7,  43.9, -61.1,1052.6,   1.2,   0.2
42545,  -1.9,  -2.3,   1.3, 114.7,  28.9,1073.8,   0.9,   0.0
42573,  -3.7,   1.9,   0.5,-158.7, 132.0, 859.5,   1.4,   0.0
42597,  -5.4,   2.4,  -0.1,-180.9,-678.6,1621.7,   0.4,   0.1
42621,   4.7,   1.5,  -0.1,  22.2,  76.1, 859.0,   0.0,  -0.1
42649,   5.7,  -4.0,  -2.9, -34.2, 143.0, 874.6,   1.2,  -0.0
42673,   1.0,  -3.7,  -2.8,  83.2, 229.1,1087.7,   1.9,  -0.1
42697,  -2.2,  -4.7,   0.3, 189.4,  -0.6,1040.9,   1.5,   0.2
42721,  -0.9,  -3.7,   2.5, 108.6,  -3.0, 861.9,   1.0,   0.4
42749,  -1.1,  -2.4,   2.6, 121.3,  20.6,1007.2,   0.4,   0.1
42773,  -2.8,  -1.5,   1.7,  74.9,-123.9,1173.9,   0.3,  -0.1
42797,  -2.5,   5.2,  -1.7,-157.7, -34.5, 959.1,   0.5,  -0.2
42825,  -0.4,  -1.4,  -0.4, -62.5,  22.4, 811.6,   0.5,  -0.2
42849,   1.8,  -5.0,   0.2, -59.6, 122.2, 781.1,   0.6,   0.1
42873,  -1.5,  -5.5,  -0.9, 109.3, -38.7,1103.6,   0.6,   0.0
42897,   0.3,  -0.8,  -0.4,  88.3, -47.0, 955.9,   0.2,  -0.1
42921,  -0.6,  -2.1,   0.2,  11.9,  36.8, 906.1,  -0.0,  -0.0
42949,  -0.9,  -2.8,  -0.1, -29.8,   4.8,1013.5,  -0.0,  -0.1
42973,   0.3,   0.4,  -0.6,  44.9, 129.3, 883.2,   0.3,  -0.3
42999,  -1.4,  -3.7,  -0.5,  74.7, 151.3, 859.2,   1.1,  -0.4
43023,   0.9,  -6.9,   4.7, 229.5, -95.6, 893.9,   0.5,  -0.3
43047,  -0.4,   4.0,   2.1,  46.6, -41.1,1077.7,   0.1,  -0.2
43071,   3.9,  -0.6,  -0.1, -85.2,  99.3, 704.0,   0.6,   0.1
43099,   2.7,  -6.7,  -0.1, 272.2, 169.3,1039.2,   0.7,   0.1
43123,   3.2,  -2.8,  -1.0,-266.6, 117.3, 608.0,   0.9,   0.5
43147,   3.1,  -1.1,  -0.3, -83.3, 105.9, 941.5,   0.9,   0.2
43171,  -0.3,  -0.2,  -1.8,-125.0,  14.8, 956.6,   1.0,  -0.0
43199,   1.6,  -1.8,  -0.3,  34.1,  98.0, 784.0,   0.8,   0.1
43223,   3.9,  -2.5,  -0.1, 176.0, 220.1, 851.9,   0.8,  -0.3
43247,  -0.0,  -1.8,  -3.1,  31.5,  26.0, 979.1,   0.9,  -0.1
43271,  -2.8,  -1.0,  -2.6, -42.5, -12.6,1094.3,   0.6,  -0.0
43299,  -0.9,  -1.5,  -0.0, 128.9, -57.0,1011.1,   0.4,  -0.3
43327,   0.2,  -1.7,   0.5, 139.4, -19.1,1020.4,   0.4,  -0.4
43347,   0.7,  -1.7,   0.2, -12.7, 125.1, 798.7,   0.7,  -0.2
43371,   1.0,  -5.2,   0.6, 115.0, 262.8, 770.1,   1.5,  -0.4
43399,  -7.2,   0.5,   1.3,-198.0,-527.4,1572.4,   1.1,   0.3
43423,   4.6,   0.9,   4.3, -32.5, 107.3, 738.6,   0.0,   0.2
43447,   0.9,  -1.5,   1.4,  18.0,  48.7, 998.6,   0.1,  -0.0
43471,   1.0,   4.4,  -0.4,-299.6, -22.8,1033.1,   0.3,  -0.2
43499,   1.7,  -3.6,  -0.2,-169.7, -11.3, 974.0,   0.5,   0.0
43523,   1.4,  -1.3,  -0.8, -58.9, -73.8,1187.6,   0.5,  -0.1
43547,   0.3,   3.8,  -0.7,-241.7,-115.3,1014.8,   0.5,  -0.1
43571,  -1.2,  -1.3,   0.6, -94.3, -44.8, 953.7,   0.4,  -0.2
43599,   2.0,  -2.1,   1.3, 124.7,  64.8, 938.3,   0.3,  -0.3
43623,   1.3,   0.6,   1.5, 121.1,-146.6,1139.8,  -0.1,  -0.4
43647,   2.4,   0.2,   2.1,-106.5, 176.4, 923.0,   0.4,  -0.4
43671,  -0.1,   3.3,   2.4,-232.7,-135.1,1184.9,   0.5,  -0.5
43699,   1.0,   0.6,   3.7,-222.4,  43.4, 821.6,   0.6,   0.1
43723,  -1.8,  -0.3,   3.0,  31.2,  41.6,1057.7,   0.4,  -0.3
43747,  -4.1,  -0.2,   3.5, -20.5, -59.2,1102.2,   0.4,  -0.1
43775,  -3.7,  -3.7,   4.1, -76.2,-223.5,1552.1,   0.1,   0.5
43799,   0.4,  -1.7,   3.5, -45.0,  25.3, 774.3,  -0.4,   0.4
43827,   1.6,  -0.9,   1.0, 116.4,  98.5,1051.1,  -0.3,   0.3
43847,   0.4,  -2.6,   0.5,  57.3,  34.1,1110.9,   0.2,   0.6
43875,   1.9,   3.8,  -0.5,-332.1,  56.0, 669.5,   0.2,   1.0
43899,   0.3,  -1.2,   0.8,-159.0, -56.7,1173.0,   0.1,   0.7
43923,  -1.0,  -4.2,   1.2, 179.2, 109.8,1154.4,   0.0,   0.6
43947,  -0.9,  -0.5,   1.8,  63.0, -34.3,1056.3,  -0.2,   0.4
43975,   0.9,  -1.1,   1.6, 226.3,  27.7,1141.7,  -0.3,  -0.0
43999,   2.6,  -1.1,   2.8, 244.8,  81.2, 949.6,  -0.0,  -0.2
44023,   5.0,  -1.8,   3.5,  97.4,  83.1, 797.5,   0.1,  -0.1
44047,   2.0,   2.1,   3.0,-216.3, 174.9,1192.7,   0.7,   0.2
44075,  -0.1,  -0.6,   3.8,-243.4,-158.6, 985.5,   0.5,   0.7
44099,   2.7,   0.1,   4.4,-184.6, 127.1, 928.1,   0.4,   0.4
44123,   0.1,  -1.5,   3.6, -86.0,  28.5, 884.1,   0.1,   0.2
44147,  -1.4,   2.7,   1.6,-122.8, 127.3, 891.9,   0.4,  -0.0
44175,   1.0,   4.3,   2.1,-339.4,-357.5,1329.2,  -0.2,   0.6
44199,   2.4,  -0.3,  -1.0,  55.6,   9.7, 965.4,   0.6,   0.2
44223,  -0.8,  -4.2,  -0.8, 326.1,-103.1,1259.4,   0.9,  -0.6
44247,   0.7,  -2.1,   1.0,  -4.4, -33.3, 990.1,   1.0,  -0.2
44275,   1.6,   1.2,  -0.3,  90.3, -27.9, 998.1,   0.8,  -0.1
44299,  -1.6,   2.6,  -0.8,  14.6, -13.3,1079.0,   0.7,  -0.1
44327,   0.2,  -0.2,   0.7, -76.2,  71.4, 855.1,   0.8,   0.0
44347,   0.5,   1.0,   0.2,  67.8, -21.6,1077.3,   0.8,  -0.5
44375,  -0.0,   1.0,   0.4,-102.6,   2.8,1086.8,   1.0,  -0.6
44399,   3.5,   0.2,   2.1,  76.4,  45.1,1027.4,   1.3,  -0.6
44423,  -0.7,  -5.5,   2.5, 314.9,-138.0,1257.9,   1.6,  -0.5
44447,  -0.9,  -2.0,   1.0,  27.6, -99.0, 969.1,   1.2,   0.1
44475,   0.3,  -4.9,  -0.8, 249.5,  70.2, 929.1,   1.2,   0.0
44499,   0.7,  -4.3,  -1.4,  97.1, 138.1, 969.3,   1.3,  -0.2
44523,  -0.6,  -2.3,  -1.4,  27.8,  54.8, 930.5,   1.4,  -0.5
44547,  -3.4,  -1.0,  -1.2, -92.3,-225.9,1285.5,   1.1,  -0.2
44575,   1.6,   0.5,   0.3, 148.4, -25.7, 865.6,   0.8,  -0.8
44599,  -0.6,   0.9,  -0.6, -28.8,  40.2,1007.9,   1.0,  -1.0
44625,  -2.1,  -2.5,  -0.6, -63.5, -30.6,1117.3,   1.2,  -0.6
44649,   0.7,   0.6,  -1.3, -50.1,  61.7, 826.8,   1.4,  -0.7
44673,  -2.2,  -3.6,  -0.5,  76.6,  40.9, 957.1,   1.2,  -0.8
44697,  -5.9,  -0.4,   0.8, 172.6, -93.4,1204.4,   1.1,  -0.8
44725,  -4.5,  -0.9,  -1.1, 243.1, -85.8,1298.9,   0.8,  -0.9
44749,   7.1,   0.2,   1.9,-156.0,-113.4, 905.4,  -0.3,  -0.1
44773,   3.8,   4.6,  -2.8,-116.0, -22.1, 790.1,   0.3,  -0.7
44797,   6.8,   2.7,  -2.8,-270.5,-108.7, 833.4,  -0.3,  -0.7
44825,   2.5,  -2.4,  -4.2, -22.7, -93.9,1528.9,  -0.3,  -0.7
44849,  14.3,  -5.4,  -1.4,-219.0, 170.3, 335.3,  -0.1,   0.8
44873,   7.9,  -6.7,  -1.2, 130.3,  78.5, 863.6,   0.3,   0.4
44897,   2.9,  -1.3,  -4.1, 185.3, 147.6,1213.5,   0.9,  -0.8
44925,   2.1,  -1.1,  -1.7, -67.2,-162.2, 897.8,   0.6,  -0.3
44949,   1.4,  -4.6,   0.2, 158.7, -14.0,1364.6,   0.5,  -0.5
44973,   4.6,   1.6,  -0.8, -12.7, -24.0, 860.5,   0.0,  -0.5
45001,   3.0,  -1.2,   0.0, 126.7,  21.9,1141.5,   0.3,  -0.8
45025,   4.4,  -2.3,  -0.7, 177.9, 130.3,1038.2,   0.7,  -0.9
45049,   4.9,  -1.4,   0.3,  94.7,  97.3, 942.7,   0.9,  -0.6
45073,   4.3,  -2.5,   2.0, 138.4,  -9.6,1154.9,   1.0,  -0.6
45101,   2.8,   0.1,   1.2,-267.6, -99.5, 941.0,   0.8,  -0.2
45125,   4.5,   2.7,   0.6, -73.8,  24.8, 849.5,   0.7,  -0.5
45149,   4.4,  -1.6,   0.6,  75.2, -28.4,1027.9,   0.8,  -0.6
45173,   5.6,  -1.0,   1.9, 191.6,  63.9,1053.1,   0.9,  -0.5
45201,   4.2,  -0.9,   0.6, 168.9, 141.3, 877.8,   1.7,  -0.5
45225,  -0.3,  -2.2,   0.2,  93.2,  43.8, 943.0,   1.8,  -0.4
45249,  -0.5,  -4.5,   2.5, 218.7, -48.4,1057.0,   1.4,  -0.1
45273,   1.4,  -0.9,   0.0,  80.3, -26.5, 972.8,   1.5,  -0.5
45301,   1.9,   0.4,   1.0, -90.9,  73.6,1000.6,   1.6,  -0.6
45329,   5.0,  -1.7,   0.5,-172.4,  20.2, 851.2,   1.7,  -0.4
45349,   4.1,  -2.1,  -1.2, -62.5,  60.0,1030.9,   2.2,  -0.5
45373,   8.0,   1.1,   0.5, -96.7,  90.5, 766.0,   2.5,  -0.4
45401,   2.5,  -1.6,   2.5,-196.1,  49.0, 785.7,   2.8,  -0.1
45425,  -1.1,  -4.5,  -0.1,  14.1, -63.8,1082.6,   2.6,   0.1
45449,   0.8,   0.1,  -2.9,  38.3, -27.7, 975.4,   2.1,  -0.2
45473,  -2.2,   1.9,  -1.2, 171.6,  63.4,1175.4,   2.1,  -0.9
45501,  -2.5,  -0.6,  -0.4,  61.0,  70.9,1043.1,   2.2,  -0.7
45525,  -3.6,  -0.9,  -1.3,-183.9,-100.0,1029.6,   1.9,  -0.3
45549,  -2.7,   0.4,  -3.3,   6.3,  45.5,1043.1,   2.2,  -0.6
45573,  -2.0,   1.9,  -1.3, 132.8, -11.3,1056.0,   2.2,  -0.7
45601,  -1.8,  -3.7,  -0.2, 120.8,  22.1,1104.6,   2.1,  -0.5
45625,  -2.6,  -1.5,  -1.1, 110.6,  39.2,1067.5,   2.0,  -0.5
45649,  -1.8,  -1.0,  -1.8,  -2.7,  61.9, 860.0,   2.0,  -0.5
45673,  -2.4,  -3.9,  -1.4,  90.3,-225.2,1357.8,   1.2,  -0.3
45701,   0.7,   0.7,  -3.7,  41.0, 127.1, 872.2,   1.2,  -0.5
45725,   4.2,  -0.1,  -1.9, 120.8, 258.2, 922.2,   1.6,  -0.8
45749,  -0.5,  -2.0,  -2.8, 103.0,  30.9,1170.3,   2.1,  -0.5
45773,   1.0,   0.6,  -4.0,  -6.6,   8.0,1007.4,   2.1,  -0.3
45801,  -2.3,  -2.7,  -1.8,  70.8, -17.2,1076.5,   2.0,  -0.3
45829,  -0.2,  -3.9,  -0.8, 102.3,  70.9,1037.7,   2.1,  -0.5
45849,  -1.4,   2.2,  -2.4,  -6.9,   2.1,1026.5,   1.9,  -0.7
45873,  -0.8,  -0.9,  -2.2,  99.8,  54.6,1007.9,   1.8,  -0.7
45901,  -0.7,   0.3,  -3.0,  61.0, -55.0,1139.8,   1.7,  -0.7
45925,   0.3,   0.1,  -3.6,  20.0,  28.5, 996.0,   1.8,  -0.8
45949,  -0.3,   1.3,  -3.4,  99.1, -10.1,1039.7,   1.8,  -0.7
45973,   4.1,  -1.2,  -1.7,  99.8, 219.4, 866.1,   2.0,  -0.6
46001,  -0.2,  -2.2,  -2.5,  77.1, -49.4,1057.0,   1.9,  -0.4
46025,  -0.1,  -2.9,  -2.7, 191.4,   2.1,1119.0,   1.7,  -0.4
46049,   0.3,  -0.3,  -2.3, 126.9,  81.7, 938.3,   1.8,  -0.3
46077,   2.0,  -0.6,  -2.2, -75.0,  89.0, 798.0,   1.7,  -0.3
46101,   2.2,  -2.1,  -2.0,  98.1, 142.0, 973.5,   2.0,  -0.4
46125,  -0.1,  -0.3,  -4.2,  87.1, 134.9, 905.6,   2.7,  -0.5
46149,  -2.8,  -4.5,  -2.4, -11.5, -19.6, 975.0,   2.9,  -0.1
46177,   0.8,   4.0,  -0.9,-160.4, -77.0, 858.3,   2.0,  -0.2
46201,   1.0,  -0.6,  -1.5,  -6.1,  67.8, 892.7,   1.9,  -0.4
46225,   2.1,  -1.1,  -3.7, -22.5,  37.5, 945.4,   2.0,  -0.5
46251,   1.9,  -0.3,  -5.2, -72.1,  48.2, 946.4,   2.2,  -0.5
46275,   1.9,  -2.6,  -4.8, -55.9,  32.6, 917.8,   2.5,  -0.2
46299,  -0.2,  -5.8,  -3.6, 135.5,  47.7,1027.0,   2.6,  -0.1
46327,   2.6,  -2.7,  -3.9,  60.5, 103.7, 895.9,   2.7,  -0.2
46351,   1.5,  -2.1,  -3.3,  83.5,  53.6, 959.8,   2.7,  -0.3
46375,   0.6,  -0.1,  -3.3, -44.2,  28.5, 953.7,   2.7,  -0.3
46399,   1.2,  -1.0,  -3.7, -45.9,  34.6,1010.8,   2.8,  -0.3
46427,   5.1,  -3.0,  -3.3, 102.0, 225.2, 829.4,   3.3,  -0.5
46451,   0.1,  -4.5,  -5.8,  72.0, -80.9,1023.5,   3.4,  -0.2
46475,  -1.0,  -1.5,  -6.9,  60.3, -34.5,1141.9,   3.1,  -0.5
46499,   0.0,   0.8,  -6.4, -36.9,  85.6, 769.4,   3.1,  -0.5
46527,  -1.1,  -3.2,  -5.3, -24.9,  62.2, 981.8,   3.1,  -0.5
46551,  -2.4,  -2.0,  -5.6,  31.5,  78.3,1032.6,   3.5,  -0.8
46575,  -1.5,  -1.3,  -3.9, 137.2, 174.5, 940.5,   3.5,  -1.2
46599,   0.2,  -5.3,  -0.3, -84.7,  90.0, 969.8,   3.5,  -0.3
46627,   0.7,  -4.2,  -3.4, 203.8,  94.6,1105.6,   3.3,  -0.5
46651,   1.0,  -4.4,  -3.3,  60.0,  87.5,1023.3,   3.4,  -0.5
46675,   1.6,  -0.0,  -3.3,-139.7,  23.3, 964.9,   3.3,  -0.5
46699,  -0.8,  -5.4,  -2.7, 214.1,  86.8,1028.9,   3.4,  -0.6
46727,  -0.9,  -1.4,  -2.8,  20.0, 113.4, 864.1,   3.3,  -0.5
46751,  -1.5,  -2.5,  -2.5,  83.0,  98.5, 944.9,   3.4,  -0.4
46775,   1.0,  -3.4,  -2.7,  92.5,  32.1,1021.3,   3.3,  -0.4
46799,  -0.0,  -1.6,  -2.2, -27.4, -12.8,1161.5,   3.3,  -0.2
46827,   3.3,  -2.9,  -3.1,   0.9,  45.8,1008.4,   3.4,  -0.2
46851,   0.8,  -1.2,  -3.6,  23.9,  36.3,1115.8,   3.4,  -0.2
46875,  -1.5,  -1.2,  -2.9, 195.0, -63.6,1135.1,   3.3,  -0.6
46899,  -0.3,  -0.1,  -2.5,  58.1,  49.0,1049.7,   3.1,  -0.3
46927,  -0.8,  -5.5,  -2.5, 141.3,  61.2,1087.0,   3.3,  -0.1
46951,   0.3,  -2.1,  -2.6, 184.8, 160.3, 835.8,   3.5,  -0.7
46975,  -3.0,   1.6,   0.3, 139.9, 147.1, 778.4,   3.6,  -1.1
46999,   3.7,  -6.4,   5.3, -88.7, -64.3,1141.5,   2.6,   0.0
47027,   0.0,  -2.9,   1.9,  98.1,  88.0, 981.8,   3.2,  -0.2
47051,   0.6,  -1.0,   0.3,  33.2, -58.0,1131.2,   3.3,  -0.3
47075,   1.0,  -5.3,   4.4, 220.4, 120.7,1205.2,   3.3,   0.0
47099,  -1.5,   0.8,   2.1,-145.1,   2.6, 798.0,   2.9,   0.3
47127,   0.2,  -2.1,   2.8, 158.9,  78.3, 947.6,   2.6,   0.1
47151,  -0.6,  -2.9,   2.5, 155.2, -19.6, 977.2,   2.4,   0.3
47175,   2.2,  -2.8,   0.4, 113.0, 125.4, 824.1,   2.3,   0.2
47203,   4.3,  -1.4,   0.1,  70.3, 164.4, 844.8,   2.5,  -0.1
47227,   2.7,   0.3,   2.2,  38.3, 115.4,1034.3,   2.5,  -0.1
47251,   3.3,   2.9,   1.1, -28.8, 174.7, 932.5,   2.8,   0.1
47275,   2.9,   2.3,   1.4,-107.7,  48.0, 810.9,   2.5,   0.5
47303,   3.5,  -6.5,   2.4,  92.0, 140.8, 750.6,   2.5,   1.0
47331,  -0.0,  -0.2,   0.3,  -4.7,  79.7, 791.1,   2.5,   1.0
47351,  -0.4,   2.7,  -0.7,   2.4,  55.1, 873.9,   2.7,   0.4
47375,   7.3,   0.8,   3.1, -29.8,  46.5, 734.5,   2.0,   1.0
47403,   4.0,  -1.4,  -0.7, 103.2,  62.6,1061.4,   2.1,   1.1
47427,   3.5,  -0.4,  -2.2,  95.4,  45.5, 999.6,   2.6,   0.4
47451,   1.2,   0.1,  -1.9, -13.2, -29.4,1026.7,   2.8,   0.6
47475,  -1.4,  -3.9,  -1.6,  10.0,-131.0,1038.4,   2.7,   0.8
47503,  -1.0,  -2.1,  -1.1, -13.7, -74.1,1068.7,   2.3,   0.7
47527,  -1.5,  -1.7,  -1.7, 125.9, -30.6,1167.6,   2.2,   0.3
47551,  -0.6,  -2.5,  -1.6, 162.8, 119.8, 898.5,   2.5,   0.2
47575,   2.8,  -5.0,  -1.5, 114.5, 172.0, 918.3,   2.4,   0.4
47603,   3.0,  -3.6,  -2.2, -35.4,  48.0,1031.8,   2.5,   0.5
47627,   4.9,  -1.8,  -1.6,-167.3, 142.7, 700.3,   2.9,   0.3
47651,   0.3,   3.9,  -1.0, 147.7, 160.1,1193.2,   3.1,  -0.5
47675,  -0.3,   4.6,  -0.2, -32.5, -11.8,1031.4,   3.1,   0.0
47703,   1.9,   0.7,  -0.4,-244.7, 161.3, 639.5,   3.2,   0.8
47727,  -2.0,  -6.1,   0.1, 297.6, 243.3,1017.7,   3.4,   0.5
47751,  -3.9,   1.5,   0.8,   7.8,  59.7, 841.9,   3.5,   0.2
47775,  -1.5,   4.3,   0.6,-467.3, -64.1, 824.3,   3.3,   0.5
47803,   1.6,  -3.1,   1.0, -25.9, -29.4,1202.5,   2.4,   0.7
47831,   0.7,  -0.9,  -0.0,  16.3, 138.1, 919.3,   2.6,   0.7
47851,  -0.9,  -0.4,  -0.5,  -3.2, -43.1,1257.9,   2.7,   0.5
47877,   0.7,  -2.2,   1.4, -37.4,  18.7, 979.6,   2.6,   0.9
47901,   1.5,  -2.2,   2.2, -34.2,  89.5, 763.8,   2.6,   1.1
47925,   0.8,  -2.5,   1.7, -25.4, -14.3,1170.3,   2.4,   0.8
47953,   1.0,   1.0,   1.0, -88.2, -19.1,1075.3,   2.4,   0.7
47977,   1.0,  -1.7,   0.5, -11.3,  -8.2,1048.9,   2.4,   0.8
48001,   1.0,  -2.0,   1.3, 117.6,  52.9, 897.3,   2.7,   0.4
48025,   2.8,  -1.9,   2.7,  80.0,  27.2, 893.9,   2.7,   0.4
48053,   1.0,  -5.5,   3.9, 132.8,  -5.5,1136.1,   2.9,   0.5
48077,   2.1,  -0.4,   2.4,  22.4,  34.1,1125.8,   2.8,   0.5
48101,   0.1,   1.0,  -0.2,-179.7, -22.6, 971.8,   2.6,   0.9
48125,  -0.9,  -0.6,   0.2,  73.5, 107.1, 982.8,   2.9,   0.4
48153,  -1.5,   7.1,  -1.8,-444.1, 154.7, 807.2,   3.2,   0.2
48177,   1.8,  -1.3,   1.6, -40.1,-134.6,1168.1,   2.7,   0.6
48201,   5.1,  -3.7,   2.5,-116.5, 159.8, 785.0,   2.8,   0.9
48225,   2.6,   4.1,   0.1, -48.9,  65.1,1030.1,   3.1,   0.2
48253,   2.6,   2.9,   0.9,-292.3,  92.7, 628.8,   3.4,   0.5
48277,  -0.8,  -1.1,   1.1, -60.3,  72.9, 968.4,   3.4,   0.5
48301,  -1.1,  -2.1,   1.7,  82.2,  60.9, 809.2,   3.3,   0.3
48329,  -2.8,   1.5,   1.1, 130.6,  20.2,1250.1,   3.2,   0.2
48353,  -0.3,   4.4,   0.0, -33.5, -76.0,1255.0,   3.1,   0.4
48377,   3.2,  -0.0,   1.4, -74.3, 141.0, 823.8,   3.4,   0.7
48401,   3.1,  -2.3,   2.2, 186.5,  82.9, 949.6,   3.7,   0.3
48429,   1.4,   5.1,   0.7, -68.9,  99.7, 903.2,   4.0,   0.5
48453,  -1.1,   1.5,   1.3,-168.7,   6.0, 942.5,   3.7,   0.9
48477,  -0.9,  -1.8,   1.9, -34.5,  91.7, 870.2,   3.7,   0.8
48501,  -1.1,  -0.9,   2.1,  -3.2, 229.4, 917.3,   4.1,   0.8
48529,   0.1,  -5.0,   4.6, 361.8,-250.8,1650.0,   3.2,   0.8
48553,   3.2,  -1.2,   2.0, 227.3, 153.5,1011.1,   3.1,   0.7
48577,   2.7,   1.6,  -1.9,  -3.9, 151.5, 825.1,   4.0,   0.6
48601,   2.9,   0.4,   1.0,-220.0, 215.2, 460.1,   4.6,   1.2
48629,   0.9,  -6.1,   2.7, 155.0,  55.6, 999.6,   4.3,   1.1
48653,  -2.3,  -1.9,   2.7, -24.7,  33.1, 902.9,   3.8,   0.9
48677,  -4.2,  -0.1,   2.1, -27.9, -37.0,1067.7,   3.4,   0.6
48701,  -1.1,  -2.1,   1.6,  22.9, 124.7, 912.7,   3.3,   0.4
48729,   1.0,  -3.3,   2.2,  52.2, 136.6, 891.9,   3.3,   0.3
48753,   4.1,  -3.2,   2.6,  90.3, 186.4, 795.5,   3.7,   0.1
48777,   1.6,  -3.2,   3.8,  75.7, 121.2,1045.0,   4.0,   0.4
48801,  -0.1,  -4.2,   3.6, -25.7,   8.9,1115.1,   3.7,   0.2
48829,   2.2,  -4.0,   4.4, 202.1, 208.4, 861.7,   4.0,  -0.1
48853,  -0.5,   0.7,   1.6,  70.8, 184.5, 855.1,   4.0,  -0.3
48877,  -4.6,  -0.9,   2.3, -24.2,  13.1,1580.9,   4.4,  -0.1
48901,   1.9,  -1.0,   4.6,-263.5,  -0.3, 975.4,   3.5,   0.3
48929,  -0.6,  -6.2,   2.4, 136.0, 152.0,1118.0,   4.0,  -0.1
48953,  -0.5,  -3.1,  -0.2,  70.8, -21.6,1121.2,   4.1,  -0.3
48977,   1.3,  -0.3,  -0.3, -24.2, -71.6,1013.3,   4.0,  -0.4
49001,   0.7,  -3.2,   0.9, 131.6,  76.3, 946.4,   4.0,  -0.4
49029,   1.1,   5.6,   0.5,-152.9,  28.0, 944.7,   3.7,  -0.4
49053,  -1.8,   4.3,  -0.4,-126.3,  79.0, 920.3,   3.9,  -0.4
49077,   1.9,   0.4,   1.0, -48.1, 105.9, 654.9,   3.6,  -0.6
49101,   2.1,  -3.6,   1.4, 248.7,  33.3,1225.4,   3.6,  -0.8
49129,   1.9,  -1.7,  -1.2, 213.6, 160.1, 900.5,   3.9,  -1.0
49153,  -2.2,   3.7,  -1.1,-161.9, -79.2,1107.8,   3.4,  -0.6
49177,  -0.8,   5.1,   0.2,-148.0,  32.4, 802.8,   3.1,  -0.6
49201,   1.7,  -5.1,   2.2, 220.2, 166.9,1088.7,   3.5,  -0.6
49229,  -3.2,  -2.5,   1.3,  37.3,  55.1,1044.8,   4.0,  -0.4
49253,   2.9,   0.7,   2.9, -20.3,-248.4,1070.7,   2.9,  -0.1
49277,   4.6,   1.6,   0.5, 126.4, 177.1, 825.5,   2.8,  -0.8
49301,  -0.6,   0.8,  -1.4,  88.1,  -4.0,1230.6,   3.1,  -1.0
49329,   2.8,   2.3,  -0.6,-104.8, 119.3, 809.4,   3.3,  -0.8
49353,   2.5,  -5.7,   1.9, 160.6, 201.3, 912.7,   3.4,  -0.5
49377,   0.2,  -2.3,   3.2,-119.9,  81.7, 919.8,   3.3,   0.1
49401,  -2.1,  -4.6,   3.8,   8.5,  30.9,1208.8,   3.0,  -0.0
49429,  -0.3,  -4.0,   3.4,  42.7, -26.2,1244.2,   2.7,  -0.1
49453,  -0.3,   1.8,   1.8,-120.6,  15.0, 983.3,   2.6,  -0.4
49477,  -0.4,   0.3,   0.2,-323.3,  91.7, 766.7,   3.0,  -0.2
49503,   0.6,   4.1,  -2.2,-187.0,-162.5,1208.6,   3.0,  -0.3
49527,   0.5,   0.4,  -1.0,-192.4, 174.7, 924.4,   3.2,  -0.0
49555,  -0.1,  -3.1,   3.0, -64.0, -88.7,1126.3,   2.8,  -0.0
49579,  -2.5,  -1.6,   3.1,   4.1,   5.5,1026.2,   3.2,  -0.2
49603,  -4.0,  -4.5,   2.7,  -3.2,  94.1,1040.4,   3.8,   0.0
49627,   1.0,   3.0,   3.8, -27.6,-234.5,1098.2,   2.4,   0.0
49655,   2.5,  -0.5,   3.2, 139.9, 202.3, 896.6,   2.7,  -0.2
49679,  -2.3,  -1.6,   0.2,-127.5, -48.0,1249.9,   3.4,   0.0
49703,  -0.3,  -2.2,   1.5,  49.8,  70.9,1094.1,   3.5,   0.1
49727,  -1.2,  -1.9,   2.9, 107.9,   0.6,1082.1,   3.3,   0.1
49755,  -1.2,  -0.3,   4.8, -12.2, -19.9,1044.0,   2.9,   0.1
49779,  -1.7,   0.8,   2.8, -31.8,  52.6, 987.9,   2.8,  -0.1
49803,  -0.2,   0.1,   3.4,   7.8,  64.3, 922.7,   2.5,  -0.4
49831,   3.0,   3.1,   3.3, -22.7, 167.1, 722.5,   2.8,  -0.2
49855,   2.8,   0.3,   3.7,-102.3,  45.3, 816.5,   3.1,   0.3
49879,   0.9,  -1.6,   2.4,-118.7, -57.7, 799.7,   2.8,   0.4
49903,   0.1,  -5.3,   2.5, 168.4, -12.3,1146.3,   3.0,   0.2
49927,   0.7,  -0.6,   3.1, 194.1, 176.9,1131.7,   3.2,  -0.6
49955,  -4.0,   2.6,   1.9,  -1.3,  45.3,1052.8,   3.5,  -0.7
49979,   1.2,   9.4,   1.4,-573.0,   7.5, 685.6,   3.6,   0.4
50003,  -0.2,  -6.8,   4.2, 405.7, 141.0,1162.0,   3.3,   0.2
50027,  -0.4,  -3.2,   3.9, 353.7,  26.8,1090.7,   3.2,  -0.7
50055,   0.3,  -2.3,   2.0,  57.1,  78.3,1071.9,   3.2,  -0.4
50079,   1.9,  -2.3,   0.6, 136.9, 103.7, 862.7,   3.6,  -0.4
50103,   2.9,   0.2,   0.4,-142.4,  63.6, 798.0,   3.9,  -0.2
50127,   1.0,  -3.1,   2.8, -61.8,  21.9,1047.5,   3.8,  -0.2
50155,  -0.7,  -3.0,   2.9, -92.6,  -2.8, 999.4,   3.7,  -0.2
50179,   1.9,   0.5,   2.9, -97.9,  39.7, 946.9,   3.6,  -0.4
50203,   2.6,   1.9,   1.1, -21.8, 112.4, 744.0,   3.8,  -0.6
50227,   1.6,   0.1,  -0.3, 315.2, 304.6,1014.5,   4.1,  -0.8
50255,  -0.3,   3.1,   0.2,-147.7, -22.8, 888.3,   3.9,  -0.6
50279,   0.3,  -0.8,   2.1,  27.1, 144.2, 907.3,   4.1,  -0.7
50303,  -1.4, -11.8,   5.8, 139.6,  64.1,1063.3,   3.2,   0.5
50331,   0.8,   7.1,  -1.2, -45.0, -18.2,1030.1,   3.1,   0.7
50355,   1.8,   2.9,  -3.5,  98.6,  -5.7,1028.9,   3.4,  -0.3
50379,   3.8,  -2.6,  -3.3, -64.5, 175.9, 694.0,   4.2,   0.8
50403,   1.8,  -3.9,  -4.1, -60.8,  47.3, 857.5,   4.3,   0.7
50427,   0.9,  -4.4,  -2.3,  57.1, 156.6, 766.9,   4.2,   0.5
50455,  -3.1,  -5.6,  -1.3, 211.9,  12.3,1248.4,   3.7,   0.2
50479,  -0.6,  -2.5,  -2.9,  21.0, 140.0, 903.9,   3.5,  -0.0
50503,   1.6,  -0.4,  -3.6,  78.1, 194.0, 705.7,   3.7,  -0.6
50527,  -0.7,   2.0,  -3.7,-307.2,   8.9, 949.1,   3.7,  -0.2
50555,  -0.4,  -6.4,  -3.8, -84.3,  20.2,1121.9,   4.1,   0.3
50579,   1.6,  -7.6,  -6.5, 150.6,  12.3, 890.2,   3.9,   0.2
50603,   1.0,  -8.7,  -6.5, 107.6, 199.4, 872.2,   3.9,  -0.3
50627,  -4.7,   1.0,  -7.7,-155.8, 152.0, 643.9,   4.2,  -1.1
50655,   0.0,   6.9,  -1.2,-170.0,-256.9, 963.5,   3.0,  -0.2
50679,   2.9,   9.8,  -4.4,-305.2, 153.2,1064.3,   3.2,  -1.3
50703,   1.7,   5.1,  -7.7,-378.5, 187.9, 923.9,   4.4,  -0.7
50731,  -2.5,  -2.2,  -6.3,-172.6, -67.0,1119.7,   4.7,  -0.6
50755,   3.0,  -4.8,  -3.2, 239.0, 154.4,1150.7,   4.7,  -0.8
50779,   2.0,  -0.1,   0.3, 295.9,   5.3, 842.1,   4.1,  -1.0
50803,   0.2,   0.6,  -0.8, 141.3, 255.0,1017.9,   4.1,  -1.0
50831,  -2.1,   2.5,  -4.0, -53.0,   8.7,1008.9,   3.9,  -0.8
50855,  -2.1,   3.7,  -5.5,-314.2, -29.2, 672.2,   3.3,  -0.3
50879,   0.0,   0.2,  -3.9, -72.3,  41.4, 993.0,   3.1,  -0.6
50903,  -0.1,  -4.2,  -2.8, -11.8,  80.0,1021.6,   3.2,  -0.5
50931,   1.1,   0.3,  -3.0,-191.4, 125.1, 864.4,   3.5,  -0.3
50955,  -0.6,   2.2,  -5.0,-260.5, 197.2, 717.4,   4.1,  -0.3
50979,  -7.6,  -3.2,  -3.0,-129.2,-471.5,1625.3,   3.1,   0.2
51003,   1.0,   1.6,  -0.9, -83.0, -87.0,1063.1,   2.2,   0.0
51031,   2.1,  -2.7,  -3.5, 279.8,  26.0,1115.3,   2.4,  -0.5
51055,   5.8,   2.9,  -4.8, -77.2,  18.7, 902.2,   2.6,  -0.4
51079,   4.9,   2.1,  -4.8,-274.2,  71.4, 877.8,   3.1,  -0.2
51103,   4.2,  -0.6,  -3.0,-187.5, 182.0, 819.4,   3.0,   0.1
51129,   0.0,  -2.4,  -2.0,  35.6,  -4.3,1121.0,   3.0,  -0.3
51153,   4.1,  -1.2,  -0.9,  42.4,  92.2, 916.9,   2.9,  -0.4
51181,   1.4,  -4.5,   2.1, -38.6, 119.5, 913.2,   3.4,  -0.5
51205,  -2.5,  -3.9,   1.1,  27.8,   0.4,1213.5,   3.1,  -0.3
51229,   1.3,  -1.6,   0.4, 184.8,  90.5, 986.4,   2.9,  -0.1
51253,  -0.2,  -0.7,  -2.0,-136.0, 153.7, 966.7,   3.3,  -0.1
51281,   2.7,  -1.7,  -0.1,-288.6,  44.3, 523.8,   3.8,   0.4
51305,   4.5,   0.7,   0.5,  92.5,  19.7, 952.5,   2.8,   0.1
51333,   2.2,  -2.7,  -2.4, 189.7, 252.3,1075.3,   3.0,  -0.1
51353,   2.1,   1.0,  -3.7,-317.4,  -4.7, 695.4,   2.8,   0.3
51381,   2.1,   4.6,  -4.0,-257.4,  39.0, 508.9,   3.0,   0.4
51405,  -1.3,   3.3,  -3.1, 199.7, -25.3,1379.0,   2.9,   0.1
51429,   0.6,  -1.1,  -2.5, 167.2, -58.0,1194.2,   2.7,   0.4
51453,   2.1,  -5.2,  -1.1, 115.0, 132.5, 884.6,   3.0,   0.5
51481,  -0.3,  -2.1,  -2.5,  42.4, -39.9,1328.0,   2.9,   0.2
51505,   0.2,  -0.1,  -1.9,  45.4, -65.3,1265.2,   3.2,  -0.1
51529,   7.2,   4.6,  -0.9,-134.6, 100.2,1364.1,   4.1,  -0.2
51553,   0.8,  -0.4,  -0.4, -11.5,  58.2,1114.4,   4.0,   0.2
51581,  -2.4,  -6.3,  -0.0, 224.3,  62.4,1041.1,   3.8,   0.4
51605,  -3.2,  -0.4,  -0.8, 143.8, 199.1, 909.3,   4.3,   0.0
51629,  -2.3,  -2.2,   1.6, -34.7,  18.2, 894.4,   3.8,   0.6
51653,  -3.4,   1.1,   0.2,-141.9,-102.6,1013.0,   3.5,   1.2
51681,   1.5,  -5.8,  -3.1,  97.9,  77.8,1091.4,   3.6,   0.8
51705,   0.5,  -0.2,  -5.0,-190.2,   2.6, 898.3,   3.8,   0.6
51729,   3.0,   0.8,  -4.0,-152.6,  93.6, 841.4,   4.1,   0.3
51753,  -0.4,   0.3,  -3.6,-120.9,-114.1, 955.2,   3.7,   0.5
51781,  -2.7,  -6.8,  -1.0, 224.1, -23.3,1417.8,   3.4,   0.7
51805,   2.4,  -1.7,  -2.5,  82.5, 128.3,1151.2,   3.3,   0.4
51833,  -3.4,  -8.5,  -1.9,-102.1,-127.3,1369.2,   3.0,   0.3
51857,  -1.7,  -6.4,  -4.5, -89.1,  -3.8,1119.0,   3.2,  -0.1
51881,  -0.4,  -2.6,  -3.4,-161.7,  10.9, 925.4,   3.3,  -0.3
51905,   1.2,  -2.4,  -1.5,-103.8, 152.0, 754.7,   3.3,  -0.4
51929,  -1.9,  -4.0,  -2.1, 217.0, 287.5, 871.7,   3.9,  -1.0
51957,   1.1,  11.5,  -1.8,-616.2, -99.5, 497.2,   2.9,  -0.4
51981,   5.1,   0.4,   0.2,  52.0, 268.9, 784.5,   2.7,  -0.2
52005,   0.8,   0.7,  -4.4,  32.7, 126.4, 974.5,   3.5,  -0.5
52029,   0.6,  -3.7,  -3.2,-116.2,   5.8, 900.7,   3.6,  -0.3
52057,   0.1,  -4.4,  -0.3, 127.7, 128.3, 871.9,   3.6,  -0.2
52081,  -0.7,  -1.5,  -1.4,   3.9, 113.4, 860.2,   3.3,  -0.2
52105,  -1.1,  -2.2,  -1.1, -20.5,  33.1,1105.6,   3.0,  -0.1
52129,  -0.6,  -1.3,  -1.3,-170.2, 119.8, 934.9,   3.3,   0.0
52157,  -0.8,  -4.7,  -1.5,  16.3,-143.9,1287.0,   3.1,  -0.0
52181,   4.8,   2.7,  -1.5,-197.3,  99.5, 614.8,   3.3,  -0.3
52205,  -0.8,   6.9,  -2.5,-400.7,-149.8, 919.5,   3.6,  -0.3
52229,   2.6,   1.2,  -2.5,-450.5, 102.9, 641.7,   3.8,   0.4
52257,   0.5,  -4.1,  -2.6, -20.8,   6.5, 964.0,   3.7,   0.6
52281,  -5.1,  -0.8,  -3.7, 111.8,  64.3, 877.1,   4.0,  -0.4
52305,  -6.6,   0.3,  -1.4,-161.2,-535.0,1783.3,   4.7,   0.3
52333,   0.7,  -4.8,   0.2, 226.8, 173.7,1101.9,   4.8,   0.0
52357,   3.6,  -5.0,  -0.8, 318.3, 164.0, 872.4,   5.1,  -0.1
52381,   2.4,  -1.7,  -2.5,  75.2, 125.6,1138.0,   5.1,   0.1
52405,  -0.6,   0.5,  -3.0,-189.0, -97.0,1019.1,   4.9,   0.3
52429,  -0.7,  -4.9,  -2.6,  15.8,  23.8, 980.1,   4.6,   0.6
52457,   0.0,  -2.0,  -2.5, 116.7,  17.7, 969.8,   4.2,   0.2
52481,   2.1,  -3.7,  -1.2, 224.6,  39.2,1125.6,   4.3,   0.3
52505,   5.5,  -2.4,   0.0,  55.1, 263.3, 670.0,   4.5,  -0.0
52529,   2.4,   5.2,  -0.5,-527.6,  44.1, 704.2,   4.8,   0.3
52557,   4.6,  -3.3,   0.2, -72.3, 128.6, 890.7,   4.7,   0.5
52581,  -1.2,  -3.3,  -0.2, 236.5,  75.1,1028.4,   4.7,   0.2
52605,  -1.3,   6.5,  -1.0,   8.5,  25.0, 943.0,   4.6,   0.0
52629,  -5.6,  -0.9,  -1.7,  -0.3, 245.7, 896.1,   5.1,   0.1
52657,   2.0,  -0.8,   4.1,  51.0,  26.5, 889.3,   3.9,   0.9
52681,  -0.6,  -2.6,   2.2, 198.9, 105.4, 991.8,   4.3,   0.6
52705,  -1.4,  -4.6,   1.1, 248.5, 106.8,1301.6,   4.5,   0.3
52729,   2.8,  -2.5,   0.9,  23.2, 107.6, 950.8,   4.4,   0.8
52755,  -2.5,  -2.3,  -1.0, -60.1,  27.0, 963.7,   4.4,   0.9
52779,  -1.6,  -1.5,  -1.7,-168.7, -39.2,1024.5,   4.2,   0.9
52807,  -4.4,  -8.7,  -0.9, 284.6,  68.0,1131.0,   4.0,   0.5
52835,   0.7,  -1.0,   0.9, 106.9,  15.5, 918.6,   3.9,   0.4
52855,   0.9,   2.6,   1.5,-201.4, -20.6,1243.0,   4.2,   0.1
52879,  -0.5,   4.9,   0.7,-340.1,  16.7, 991.8,   4.5,   0.2
52907,   0.9,  -0.3,   2.7,-225.4,  76.6, 761.8,   4.3,   1.0
52931,  -4.3,   0.3,   1.7,   0.9, -16.7, 856.5,   4.7,   0.3
52955,  -4.6,  -3.1,   5.8, 104.9,-494.5,1601.2,   3.7,   0.4
52983,   1.9,   1.7,   4.4,  42.0, 201.3, 805.8,   3.9,   0.6
53007,   0.8,   3.0,   1.1,  17.1,  76.8, 917.3,   4.1,   0.1
53031,   1.3,  -0.1,   3.5,  20.7, 344.1, 921.0,   4.4,   0.3
53055,  -4.7,  -0.5,   2.3,  59.3,-217.4,1406.6,   4.4,   0.5
53083,   0.8,  -5.6,   4.1,  57.1, 147.1, 743.5,   4.1,   0.9
53107,  -3.8,   0.1,   1.3, 113.2,-171.5,1466.2,   3.6,   0.7
53131,   4.4,   2.6,  -0.3,-199.0, 250.9, 468.1,   3.9,   1.0
53155,   0.5,  -0.8,  -2.3, -25.9,  83.4, 907.1,   3.8,   0.7
53183,   4.3,   5.9,   0.1,-375.8,  25.0, 964.7,   3.8,   0.5
53207,   2.9,   5.1,   0.6,-260.5,  78.3, 909.8,   4.2,   0.4
53231,  -1.5,  -6.5,   1.3,-239.8,  37.7, 790.1,   4.1,   1.4
53255,  -1.7,  -0.3,  -0.8,  18.3,  66.3, 792.8,   4.3,   0.7
53283,  -2.2,   4.9,   0.8,-346.5,-299.4,1324.1,   3.8,   0.5
53307,   1.4,   1.6,   2.7, -62.5,  85.6,1122.2,   3.4,   0.6
53335,  -1.4,  -1.0,  -0.9, 104.7,-132.4,1326.8,   3.1,   0.5
53355,  -1.9,  -2.0,  -1.7,  -6.4,-109.0,1264.0,   3.4,   0.3
53383,   0.1,  -2.1,   0.2,  62.7,-149.5,1407.6,   3.5,   0.1
53407,   1.9,   4.9,  -0.7,-227.8, -96.5,1392.2,   3.5,   0.6
53431,   4.7,  -0.4,   0.4,-117.5, 206.9, 730.8,   3.7,   0.9
53455,  -0.7,  -0.1,   0.6,-100.1,-106.1,1100.2,   3.6,   0.8
53483,   4.7,  -2.2,   1.4, 172.1, 287.7, 671.5,   4.2,   0.9
53507,   1.1,  -0.6,   0.5,  15.6, 166.9, 765.5,   4.0,   0.8
53531,  -0.6,  -1.2,   1.2, -21.8, 161.0, 683.9,   4.1,   0.5
53555,  -0.8,  -4.9,   2.2, 182.3, 186.4, 972.5,   4.3,   0.3
53583,  -2.8,   3.7,   0.5,  92.3,  91.9, 696.6,   4.5,  -0.2
53607,   1.6,   5.0,   5.2,-197.1, -83.1,1223.2,   3.4,   0.8
53631,   1.2,  -0.8,   1.7, -40.6, 168.4, 916.6,   3.9,   0.6
53655,   1.2,   1.8,  -1.1,  31.9, -63.6,1030.9,   4.0,  -0.1
53683,   4.9,   0.1,   2.1,  47.6, 205.5,1019.9,   4.0,   0.0
53707,   0.9,   2.1,   1.3,  71.7, -60.9, 888.5,   3.7,  -0.0
53731,   0.8,  -1.2,   3.2,  -3.5,  27.0, 856.1,   3.3,   0.4
53755,  -2.1,  -1.7,   1.1, 143.8, -46.2,1371.7,   3.3,   0.2
53783,   3.3,   2.6,   0.5,-137.0, -57.7,1320.9,   3.2,   0.3
53807,   6.0,  -4.8,   1.4, 163.8, 365.9, 996.2,   4.0,   0.3
53835,   0.7,   2.1,   0.7,-109.9, -73.1,1229.6,   3.9,   0.5
53855,  -2.0,  -0.2,   1.7,-242.2, -29.4, 737.7,   4.0,   1.3
53883,  -1.8,  -7.6,   2.2, 326.9,  78.3,1170.5,   4.3,   0.9
53907,   1.5,   7.7,   2.4,-511.3, -79.5, 646.3,   4.2,   1.5
53931,   1.8,  -1.7,   4.3,  52.0, 150.8, 933.2,   3.4,   1.1
53955,  -1.5,  -0.1,   1.1,  28.3, -38.2,1156.6,   4.0,   0.7
53983,   1.2,  -1.5,   0.5,   1.9,  35.8,1044.5,   4.3,   0.6
54007,   2.7,   0.7,   0.5,-164.3,  64.8,1065.5,   4.4,   0.6
54031,  -0.0,  -4.0,   1.9,  65.2, 132.0,1053.3,   4.5,   0.4
54055,   1.1,   0.9,   3.3,   1.2, -77.5,1248.4,   4.8,   0.7
54083,   2.0,  -4.2,   5.2, 182.6,  57.0,1218.4,   4.7,   0.3
54107,   6.3,   1.8,   5.2,  93.5, 213.5, 711.8,   4.7,   0.1
54131,  -0.1,  -0.6,   2.7, 231.7, 119.8,1249.9,   5.0,  -0.0
54159,   0.6,  -0.7,   3.4, -55.7,  65.3, 903.9,   4.9,   0.5
54183,  -0.4,   3.3,   1.3, -58.9, 250.9,1002.5,   5.1,   0.2
54207,  -4.5,  -4.8,   5.0,-296.7,-473.0,1264.8,   4.4,   1.2
54231,   4.5,  -0.6,   3.9,  26.3, 360.0, 927.6,   4.3,   1.0
54259,   2.9,   9.5,  -0.1,-265.9,  18.7, 657.8,   4.9,   0.8
54283,   2.3,  -0.3,   2.1,   4.4, -98.2,1242.0,   4.3,   0.9
54307,  -0.7,  -0.9,   1.3, -38.1,  97.1, 929.1,   4.6,   0.8
54335,  -2.2,  -2.5,   1.4, -68.1, -95.8, 964.5,   4.3,   0.8
54359,   0.1,  -4.3,   1.4, 151.1,  78.5, 884.1,   4.0,   0.5
54381,  -1.4,   1.3,  -0.4,-232.9, -65.0,1013.5,   3.8,   0.4
54409,   2.3,  -2.9,   1.8,  -1.7, 182.0,1222.8,   3.8,   0.3
54433,   2.0,  -3.9,  -0.5,  77.8, 207.4,1029.6,   4.3,   0.2
54457,  -2.1,  -4.5,  -0.8,  58.1,  22.1,1044.0,   4.2,   0.1
54481,  -3.1,  -1.3,   1.7, 151.1, -62.6,1134.6,   3.7,  -0.5
54509,  -3.9,  -3.4,   3.6, 244.4, 120.7, 994.2,   3.7,  -0.5
54533,   0.5,  -3.9,   5.9, 209.9,-214.2,1323.6,   2.7,   0.1
54557,   1.4,   3.7,   3.0,-166.0, 160.5, 781.4,   2.7,  -0.0
54581,   0.1,  -0.8,  -0.0, 110.8, 123.9,1196.1,   3.6,  -0.6
54609,   4.0,  -6.7,   2.1, 189.2, 262.1, 968.9,   4.2,  -0.1
54633,  -1.6,  -4.6,   2.5, 158.7,-106.5,1158.8,   3.6,  -0.0
54657,  -2.1,  -2.2,   3.6,  91.8,  44.8, 926.6,   3.3,  -0.3
54681,   1.0,  -1.3,   4.9,  82.2, 133.9, 829.2,   3.1,  -0.1
54709,  -0.3,  -2.0,   3.2,  80.3,  54.8, 985.2,   3.0,  -0.1
54733,  -1.9,  -3.2,   1.0,  73.5,  47.5,1152.0,   3.2,   0.1
54757,  -3.7,  -4.3,  -0.6, 157.4,-153.9,1312.4,   3.1,   0.1
54781,   0.6,  -3.3,  -0.9, 159.1, 108.8, 998.6,   3.1,  -0.2
54809,  -1.1,  -3.5,   1.3, 334.4, -72.1,1183.5,   2.8,  -0.6
54837,  -0.1,   1.5,   1.7,  -4.2, 115.1, 902.0,   2.8,  -0.5
54857,  -3.5,  -1.2,   0.6,  34.4, 107.8,1209.8,   3.4,  -0.6
54881,  -1.8,   0.8,   1.6,-227.3,  21.6, 840.2,   4.0,  -0.1
54909,  -0.3,  -6.1,   5.3, -19.1,  26.8,1143.7,   3.1,   0.6
54933,  -4.2,  -1.4,   3.0, 310.5,  10.6,1145.1,   3.1,  -0.7
54957,  -1.3,  -0.9,   1.7, -42.5,  68.7, 998.1,   2.7,  -0.7
54981,   1.4,   1.3,   0.6,   6.3, 272.8, 680.0,   3.2,  -0.7
55009,   0.5,  -1.3,  -0.3,  22.7,   1.8, 977.6,   3.3,  -0.5
55033,   0.7,  -6.4,   1.4,  33.2,  72.9,1028.7,   3.4,  -0.3
55057,  -0.6,  -3.7,   1.3,  74.9,  88.0,1115.8,   3.4,  -0.6
55081,  -1.2,   0.2,   3.0,-107.9,  -2.8,1049.7,   3.2,  -0.5
55109,  -3.3,  -4.6,   2.3, 216.8,  41.2,1063.6,   3.3,  -0.4
55133,  -3.4,  -1.7,   0.0, 116.2,  23.1,1116.1,   3.0,  -0.3
55157,  -1.4,  -3.0,  -0.7, 212.6,  79.5, 946.1,   3.2,  -0.7
55181,  -1.2,  -2.7,   0.6,  34.9, 187.6, 810.6,   3.2,  -0.7
55209,  -3.2,   0.6,   0.3,-104.8,  79.7, 854.6,   3.8,  -0.6
55233,  -6.4,  -5.5,   1.2, -34.9,-424.4,1860.9,   3.3,   0.3
55257,   7.3,  -0.8,   2.8,  84.7, 203.3, 473.7,   3.3,  -0.0
55285,   2.8,  -0.1,   0.6, 260.7, 237.4,1217.4,   3.5,  -1.3
55309,   4.5,  -1.9,   0.3,  39.5, 229.6, 920.3,   4.1,  -0.6
55337,   0.2,  -3.5,  -0.4,  46.4, 113.7,1133.4,   4.1,  -0.7
55357,  -1.5,  -6.6,   1.9, 392.5,   2.8,1214.5,   3.8,  -0.8
55385,  -1.8,  -3.5,   3.5, 221.2, 119.5, 905.9,   3.7,  -0.9
55409,  -1.0,   1.2,   2.9,-157.7,  30.7, 864.1,   3.7,  -0.8
55433,   1.2,  -0.2,   3.8, -55.0,  -2.3,1182.0,   3.5,  -0.9
55457,   1.3,   1.4,   3.0,  24.1, 125.4, 843.4,   3.7,  -1.0
55485,   3.8,  -0.9,   1.9,  12.9, 174.9, 798.4,   4.6,  -0.8
55509,   1.4,   0.5,   0.3,-109.7, -17.7, 954.7,   4.3,  -0.3
55533,   4.4,  -4.4,  -0.4,  97.4, 113.2, 852.9,   4.1,  -0.0
55557,  -0.4,  -5.7,  -2.3, 276.6, 295.5,1053.6,   4.7,  -0.7
55585, -10.7,   3.6,  -2.5,-125.0,-451.3,2237.7,   4.9,  -1.6
55609,   3.6,  -6.5,   2.6, 450.2, 475.5, 872.9,   5.3,  -1.2
55633,  -1.4,  -3.3,   3.5, 239.2,   6.2, 986.9,   4.4,  -1.2
55657,   0.7,   1.0,   1.3,   2.2, 285.1, 927.1,   4.6,  -1.1
55685,  -4.0,   0.8,  -1.1, -10.8, -23.8, 976.2,   5.0,  -0.8
55709,   0.4,   0.7,   0.5,-264.2,  23.1, 829.7,   5.0,  -0.4
55733,   2.9,  -3.4,   2.1,  30.0, 139.3, 927.3,   4.6,  -0.4
55757,   1.1,  -0.7,   2.9, 110.6, -44.5,1041.9,   4.5,  -0.8
55785,   3.5,  -3.1,   4.4,  34.4, 158.6, 713.5,   4.4,  -0.4
55809,   0.8,  -2.4,   1.1, 169.6,  83.4,1003.8,   4.1,  -0.6
55837,  -1.9,   0.8,  -0.6, 116.7,  -5.5,1197.1,   4.0,  -0.6
55857,   0.7,   4.7,  -0.2, -55.2,  25.3, 963.7,   3.9,  -1.3
55885,   0.4,   2.9,  -0.1,-220.7, 251.4, 552.6,   4.8,  -0.7
55909,   6.4,   5.2,   1.7,-567.7,-191.5, 497.9,   4.2,   0.6
55933,  -1.2,  -4.4,   0.8, 318.3,  47.5,1488.9,   4.8,   0.5
55957,   1.9,   2.7,  -5.1,-118.2, -46.5, 708.1,   5.1,  -0.1
55985,   3.3,  -0.3,  -3.2,-189.5, 150.8, 842.1,   4.7,  -0.5
56007,   0.7,  -6.9,  -3.2,  40.7, 256.7, 944.7,   4.9,  -0.1
56035,  -2.2,  -0.6,  -5.8,  12.9, -28.4,1025.2,   4.8,  -0.3
56059,  -3.1,   0.8,  -4.5, -14.4, -67.0,1243.8,   4.9,  -0.3
56083,  -0.1,  -1.3,  -3.5, 232.6,  58.2, 829.9,   4.8,  -0.6
56107,   1.9,  -2.1,  -1.9, 290.3, 195.9, 939.3,   4.9,  -0.7
56135,  -0.4,   1.9,  -1.6, 254.9,-100.4,1345.8,   4.8,  -1.1
56159,   0.7,  -3.7,  -0.7,  72.2, 211.1,1432.2,   5.5,  -0.6
56183,   3.6,  -3.9,  -0.6,  64.4, 141.5, 600.4,   5.5,  -0.2
56207,  -0.2,  -8.1,   0.5, 295.6,  56.3,1034.5,   5.1,  -0.1
56235,  -4.3,  -3.5,  -1.2, 108.9,  83.1, 877.5,   5.0,  -0.5
56259,  -9.3,  -2.2,  -3.7,  91.5, 146.6, 815.8,   5.7,  -0.9
56283,   1.9, -15.7,   2.7, 651.3,-188.3,1446.1,   7.5,  -0.2
56307,  -3.9,   2.1,   0.5, 282.4, 111.2,1169.8,   7.5,  -0.8
56335,  -1.8,  -1.7,  -3.3, -64.7,  80.0, 937.6,   7.5,  -0.7
56359,  -3.7,  -4.0,  -5.4, 257.0,   9.2,1240.1,   7.5,  -1.1
56383,   0.6,  -0.6,  -3.6, 137.2, 148.1, 779.2,   7.1,  -1.1
56411,  -1.2,  -3.1,  -1.7, 159.6, -15.0,1140.5,   6.2,  -1.0
56435,   0.9,   1.1,  -0.6,  -5.9,  84.9, 716.2,   5.8,  -0.9
56459,  -0.6,  -9.6,   0.0, 287.1, -57.0,1258.6,   5.6,  -0.3
56483,  -4.7,  -4.2,  -4.8,  53.4,-172.7,1202.5,   5.4,   0.3
56511,  -2.6,  -3.4,  -5.9, 200.4, 129.0, 973.2,   5.2,  -0.6
56535,  -2.6,  -5.4,  -1.9, 380.3,  64.8,1155.9,   5.1,  -1.3
56559,  -2.6,  -2.1,  -1.5,-162.9, 224.3, 724.7,   5.6,  -0.8
56583,   2.4,  -4.2,   1.3, 139.4,  17.2, 855.1,   4.9,  -0.4
56611,   2.4,   3.5,  -1.5,-128.5, 254.3, 867.0,   5.0,  -0.7
56635,  -2.6,   0.8,  -3.0,-105.0,-147.3,1083.6,   5.2,  -0.2
56659,   4.4,   0.7,  -2.7,-130.4,  99.3, 620.2,   5.4,   0.0
56683,   1.2,  -3.9,   0.6, 151.3, 127.8, 784.8,   5.2,  -0.2
56711,  -3.6,  -2.3,   2.4, 123.0,-137.6,1379.0,   4.6,  -0.1
56735,  -0.4,   3.4,  -0.2,-266.1, -69.4,1021.8,   4.1,  -0.4
56759,   1.1,   2.3,  -0.4, -46.2, 183.7, 805.5,   4.2,  -0.6
56783,   1.9,  -0.6,  -0.4, 107.1, -66.5,1295.8,   4.3,  -0.8
56811,   4.6,  -0.9,  -1.4, 196.0, 151.0, 779.4,   5.2,  -0.4
56839,  -3.7,   4.0,  -3.7,-258.1,-254.7,1393.9,   4.8,  -0.1
56859,  -1.8,   7.3,  -2.6,-272.2, -85.1, 658.1,   5.0,   0.4
56883,   2.5,   5.6,  -1.1,-609.2,-165.4, 698.6,   4.6,   1.4
56911,   0.6,  -3.2,   0.9, 339.1, -51.6,1274.3,   4.0,   0.5
56935,   0.8,  -3.2,   0.2, 149.6, 186.4,1129.3,   4.4,   0.5
56959,  -0.7,  -0.1,  -1.5, 147.7,  41.9,1065.8,   4.7,   0.5
56983,  -1.0,  -1.1,   0.3, 125.2,   6.5,1103.4,   4.7,   0.6
57011,  -2.6,  -7.8,   1.5, 237.3, 101.7,1072.4,   4.6,   0.7
57035,  -0.4,  -2.1,   0.6, 103.0,  16.0,1015.0,   4.0,   0.3
57059,   1.8,   0.2,   0.6, 120.3, 116.4, 987.9,   4.1,   0.0
57083,  -0.1,  -0.2,  -1.7, -51.3,  47.7,1012.1,   4.3,   0.5
57111,   1.5,  -0.9,  -2.8,-136.3, 157.1, 802.1,   4.1,   0.6
57135,  -0.4,   6.0,  -3.4,  -3.7,  34.6,1232.3,   3.9,  -0.4
57159,   0.0,  -0.3,  -0.3,  15.1,  88.0, 827.3,   3.8,  -0.1
57183,  -5.3,   1.0,  -1.7, -81.3, -72.9,1310.6,   4.1,  -0.1
57211,  -2.3,  -5.4,   1.0, 225.3,-136.8,1300.6,   3.4,   0.1
57235,   0.5,  -1.7,   0.5,  65.4, 260.4, 792.6,   4.0,  -0.2
57259,  -1.1,  -3.4,   0.2, 282.2,  33.6,1415.1,   4.2,  -0.4
57283,   1.0,   1.0,   0.2, -38.6,  35.5, 883.9,   4.3,  -0.2
57311,  -1.1,  -1.6,   1.9,  -6.6,-115.8,1376.1,   4.2,   0.1
57339,  -1.1,  -5.0,   2.4, 103.7,  40.7, 945.9,   4.2,  -0.1
57359,   1.3,   3.7,   1.3, -92.3, 114.9, 708.6,   3.9,  -0.3
57383,  -4.4,  -2.6,   1.3,  76.6, -35.3,1444.4,   4.2,  -0.2
57411,  -0.7,  -0.7,  -1.0, 204.6,  67.3,1143.9,   3.9,  -0.3
57435,   2.6,  -3.4,   1.3, 298.1, 191.8, 849.5,   4.1,  -0.6
57459,  -0.6,  -3.9,   0.1, 186.7,  62.4, 976.9,   4.0,  -0.8
57483,  -4.5,  -2.4,  -0.0, 148.4,-103.4,1849.0,   4.7,  -0.5
57511,   2.1,  -4.3,   5.2, 348.6, 104.9, 847.3,   3.4,  -0.2
57535,  -0.4,  -3.6,   4.1, 208.2, -36.0,1513.8,   3.8,  -0.4
57559,   3.3,   1.4,   1.1, -80.8,  -3.8,1118.8,   4.2,  -0.1
57587,   6.2,  -2.2,   2.1,  42.7,-123.9, 984.7,   4.7,   0.1
57611,   0.8,  -5.4,   4.0, 132.8,  74.6, 799.7,   4.8,   0.2
57637,  -1.6,  -0.9,   2.9,  33.7, -19.1,1105.1,   4.6,   0.0
57661,   3.8,   5.0,   2.2,-245.4,  48.0, 625.3,   4.2,   0.1
57685,  -1.2,   5.8,   2.8,-438.8, -94.1,1020.4,   4.2,  -0.0
57709,   2.2,   3.2,   2.3,-283.0,  26.0,1014.3,   4.4,   0.1
57737,   0.4,  -1.7,   2.1,  46.4, 116.8,1127.3,   5.1,  -0.0
57761,  -1.0,   1.8,   1.3,  87.6,  81.0, 941.5,   5.1,  -0.5
57785,  -1.0,  -2.9,   4.9, 111.5,  66.8,1285.0,   4.3,   0.5
57809,   0.9,   3.3,   0.1,  41.7, -50.2, 858.3,   4.8,  -0.3
57837,  -1.1,   1.8,  -0.6, -57.2, 125.9,1111.9,   4.8,  -0.2
57861,   1.4,  -0.9,   1.0,-243.4, 160.5, 686.1,   5.4,   0.6
57885,  -1.2,  -3.4,   0.3,   7.5,  96.6,1183.5,   5.2,   0.2
57909,   1.0,   0.5,   0.4,-202.4,  27.7, 734.7,   5.2,   0.5
57937,  -0.4,   2.4,   0.7, 154.3, -99.2,1205.9,   4.9,  -0.0
57961,   2.3,   3.6,   2.0,  80.5,  72.2, 840.9,   4.9,  -0.3
57985,   3.6,  -0.7,   3.7, -63.5,  56.3, 868.0,   4.9,   0.2
58009,   0.8,  -5.6,   2.3,  84.9, 318.7, 937.6,   5.2,   0.3
58037,  -4.3,  -2.3,   0.0, 209.7,   2.8,1157.6,   5.0,  -0.4
58061,  -3.3,   5.1,  -1.5,-164.6, 161.3, 931.3,   5.9,  -0.4
58085,   0.3,  17.4,   0.5,-1054.0,-466.7, 503.5,   4.6,   0.6
58109,  -4.5,   6.0,   3.5, -69.6, 114.2, 827.5,   5.0,  -0.7
58137,   1.4,   0.4,  -0.3,  59.8, 206.9, 606.8,   5.0,  -0.9
58161,  -1.5,  -4.3,  -0.1, 236.1,-138.3,1314.1,   5.3,  -0.5
58185,   1.8,  -1.5,   0.8, -78.9, 141.5, 559.2,   5.2,  -0.2
58209,   1.7,  -5.3,   1.0,  50.7, 194.5,1047.5,   5.2,  -0.1
58237,  -0.9,   0.2,  -2.0,-118.7,-142.9,1540.6,   4.8,  -0.3
58261,  -2.5,  -0.0,  -1.0,-153.8,  23.6, 966.7,   4.9,   0.3
58285,  -1.2,  -4.3,  -1.4, -73.5, 100.0, 705.9,   4.4,   0.4
58309,   1.3,   0.1,  -3.4,   5.1, 128.3, 842.1,   4.1,  -0.5
58337,   1.6,   0.6,  -0.4, -41.5, 201.6, 886.1,   4.3,  -0.5
58361,   7.7,  -0.0,   2.7,-298.1,  88.0, 929.1,   4.1,   0.2
58385,   0.5,   0.8,   1.1, -89.1,-278.7, 999.4,   3.5,   0.5
58409,   4.3,  -2.4,  -1.1, 116.7, 111.7,1050.4,   3.8,  -0.2
58437,  -0.7,  -0.4,  -1.9, 235.1, -60.9,1112.9,   4.5,  -0.2
58461,   1.4,  -1.4,  -0.1, 117.6,  88.0, 911.5,   4.3,   0.1
58485,  -3.2,  -6.1,  -0.1,  51.0,-149.0,1124.6,   3.9,   0.2
58509,   2.6,  -3.4,   0.5,   3.6, 158.6, 752.5,   4.1,  -0.0
58537,  -1.8,  -1.2,  -0.9, 338.1, -57.0,1329.2,   4.1,  -0.7
58561,   7.5,  -7.5,   2.1, 105.9, 441.3, 612.7,   4.8,  -0.5
58585,  -1.8,  -5.4,  -1.8, 380.1,  38.5,1386.8,   5.5,  -0.3
58609,   0.0,  -7.4,  -1.9, 344.0, 115.1,1006.0,   5.7,  -0.3
58637,  -4.0,   3.6,  -3.5, -58.6,-513.5,2064.6,   5.6,  -1.0
58661,  12.5,   6.9,   0.8,-101.6, 301.4, 494.2,   5.0,   0.4
58685,   3.2,   7.6,  -0.7,-158.0,  93.9, 805.8,   5.1,  -0.1
58713,   2.5,   0.8,  -3.0,-248.6, 292.1, 502.3,   6.0,   0.6
58737,   3.5,  -4.6,  -1.4, 158.4, 310.4, 790.4,   6.1,   0.1
58761,  -0.1,   1.1,  -2.2, -99.2, -96.3,1214.7,   5.9,  -0.1
58785,  -1.1,   4.6,  -0.3,-342.3, -60.9, 767.7,   5.1,   0.5
58813,   0.0,   1.1,   0.3,  79.3, -52.4,1305.3,   4.6,  -0.2
58841,  -0.6,  -2.5,  -0.8,  56.4, 154.7,1088.0,   4.6,  -0.3
58861,  -2.2,  -3.4,  -1.7, 261.2, 143.9,1087.0,   4.6,  -0.3
58885,   0.6,   0.1,  -1.7,-107.5, -28.9, 824.6,   4.4,  -0.2
58913,   1.3,   0.2,  -0.8,  38.1, 255.0, 642.7,   4.8,  -0.6
58937,  -2.6,   0.8,  -1.6,-262.7,  42.1,1397.8,   4.8,  -0.2
58961,  -0.6, -11.8,   1.0, 317.6,  52.4,1198.6,   3.8,   0.3
58985,  -0.1,   4.3,  -3.3,  67.8,  52.4, 714.7,   3.7,  -0.6
59013,   0.5,  -0.8,  -3.0, -53.5,  83.4, 958.1,   3.8,  -0.2
59037,  -1.5,  -3.1,  -5.1, 230.4,  12.8,1361.7,   3.8,  -0.6
59061,   0.3,  -1.9,  -4.8, 230.9,  65.3,1252.3,   3.8,  -0.5
59085,   1.6,  -1.7,  -2.3, -93.8, -16.0,1043.6,   3.7,  -0.1
59113,  -2.8,  -5.9,  -3.1, 457.7, 191.3,1671.7,   4.0,  -0.6
59137,  -2.9,   2.3,  -5.5,-139.7,-270.1,1039.4,   3.9,  -0.1
59161,   0.3,   3.0,  -4.9,-224.9, 119.0, 893.9,   3.9,  -0.2
59185,  -2.5,  -1.6,  -1.9,-150.2, -72.1, 846.5,   3.8,  -0.4
59213,   0.3,  -1.2,  -1.3, 136.4, 279.2, 912.0,   4.4,  -0.7
59237,  -4.3,  -0.7,  -1.1, -33.7,-713.2,1988.9,   3.8,   0.3
59263,   6.0,   5.1,   0.8,  24.6, -38.2, 897.6,   3.4,  -0.4
59287,   1.4,  -4.4,  -1.2, 193.8,   1.6,1276.0,   4.4,  -0.3
59311,   0.3,  -2.1,  -2.3,-148.0, -13.3, 887.1,   4.5,   0.4
59339,   0.2,  -4.7,   1.0, 157.4,  84.1, 931.3,   4.5,   0.2
59363,  -0.3,  -1.0,   1.3,  89.3, -82.4,1012.8,   3.8,   0.3
59387,  -1.2,  -3.6,   0.5, 118.4, -76.5,1067.2,   3.4,  -0.0
59411,  -2.4,  -1.2,   1.4,  43.7,  -9.1,1054.8,   3.1,  -0.0
59435,   2.2,  -9.1,   0.0, 317.8, 336.6,1004.0,   3.7,  -0.0
59463,   0.9,  -2.8,  -3.3, 159.1, 192.8, 851.9,   3.9,  -0.1
59487,   0.2,  -3.4,  -1.5, 436.0, 202.3,1007.4,   3.9,  -0.4
59511,  -2.6,  -2.9,  -0.9, 396.0, 277.7,1065.5,   4.5,  -0.4
59535,  -0.0,  -6.6,   0.5, 589.6,-392.9,1815.8,   3.5,   0.4
59563,   5.0,   5.9,  -2.7,-154.1, 220.1, 942.5,   3.7,   0.2
59587,   3.0,   4.2,  -4.0,-221.0, -18.7,1242.0,   4.2,   0.1
59611,   4.4,  -5.5,  -2.3,  82.7, 155.2, 730.6,   4.7,   0.6
59635,   2.7,  -5.8,   0.2, 193.1, 216.4, 753.5,   4.9,   0.6
59663,   0.7,  -6.4,   1.2, 511.2,  99.7,1184.4,   4.5,   0.3
59687,  -0.2,  -4.2,   1.5, 496.5,  47.0,1127.5,   4.4,   0.6
59711,   2.7,  -4.0,   2.6, 397.9,  88.3,1085.6,   4.2,   0.4
59735,   0.9,  -7.5,   2.8, 253.4, 206.7, 947.1,   4.7,   0.5
59763,   1.6,  -4.5,   1.8,-190.7,-104.1, 916.1,   4.7,   0.9
59787,   2.6,   1.1,   3.3, -57.9, 191.8, 476.4,   5.0,   0.4
59811,   0.0,  -2.4,   3.0, 120.6, 267.5, 935.2,   5.2,   0.4
59839,  -8.2,   4.6,  -0.8,-441.4, -48.2,1441.0,   4.9,   0.9
59863,   6.8,   0.9,   4.2,  29.0, 167.6, 737.4,   3.7,   1.0
59887,   1.1,   2.7,   1.7, -67.7,  44.6,1007.9,   3.7,   0.5
59911,   4.1,  -4.4,   2.7, 136.2, 403.7, 655.6,   4.4,   0.8
59939,   0.0,  -4.3,  -0.4, 141.8, 230.1, 795.5,   4.8,   0.6
59963,   0.7,  -3.8,  -0.1,  12.7,-119.2,1171.5,   4.5,   0.9
59987,  -2.8,  -4.8,   0.2, 110.8,-118.8,1298.9,   4.5,   0.9
60011,   2.1,   0.2,   1.6, -41.3,  90.2, 949.6,   4.6,   1.1
60039,  -0.9,  -2.1,   1.7,  -6.6,  69.2,1004.3,   4.6,   1.0
60063,  -1.1,  -7.0,   0.2, 357.6, 134.9,1039.7,   4.7,   0.7
60087,  -1.7,  -2.9,  -0.6, 217.0,  63.1, 911.0,   4.7,   0.6
60111,  -2.9,   4.4,  -1.3, 145.5, -53.6,1053.1,   4.5,  -0.2
60139,  -3.6,   6.8,   0.0,-184.6,  47.3, 853.9,   4.8,   0.2
60163,  -1.7,  -7.3,   5.3, -23.7,-197.9,1415.4,   4.2,   1.1
60187,  -0.3,  -5.4,   4.1, 415.3,  45.8,1052.8,   4.2,   0.4
60211,   2.5,  -2.5,   3.5, 111.8, 287.7, 838.7,   4.5,   0.1
60239,  -0.3,  -3.8,   2.0, 174.3, 130.8, 860.5,   4.9,   0.4
60263,   1.4,  -3.2,   2.7,  47.1, 195.5, 837.5,   4.6,   0.5
60287,  -2.8,  -3.1,   1.6,  69.3,  62.2,1070.9,   4.2,   0.2
60311,  -0.9,  -2.5,   2.1, 177.9, 130.8, 946.4,   3.8,  -0.1
60339,   0.7,  -3.7,   2.1, 298.3,  91.0,1175.9,   3.8,  -0.4
60363,   2.2,  -2.6,   2.4,  23.6, 147.8, 819.4,   4.1,  -0.4
60387,   5.7,  -0.7,   3.9,   9.2, 321.2, 831.2,   4.3,  -0.5
60411,   1.0,  -1.8,   2.2, -46.9, -50.6,1204.7,   4.7,  -0.1
60439,   1.1,   2.2,  -1.2, -63.0,  81.9,1111.2,   4.5,   0.0
60463,  -2.0,   0.5,  -0.7, 124.0,  60.2, 868.3,   4.0,  -0.4
60487,  -2.5,   0.7,  -0.9, -26.2, 150.8, 836.5,   4.0,  -1.0
60511, -10.3,  -2.6,  -0.4,  14.1,-169.5,1859.2,   4.1,  -0.9
60539,  -2.3,  -3.6,   4.2, 295.9, -19.6,1271.1,   3.2,  -0.7
60563,   0.5,   6.6,   3.6,-234.2, -38.9,1028.2,   2.9,  -1.1
60587,   3.1,  -0.1,  -0.7,-277.9, -29.4,1010.1,   3.8,  -0.3
60611,   4.9,  -1.5,  -3.5,-144.6, 174.5, 809.2,   4.0,  -0.2
60639,  -0.4,  -2.0,  -1.1, 110.3, -84.1,1067.5,   3.8,  -0.5
60663,  -1.4,   4.3,  -1.7,-278.8,-145.4, 834.6,   3.0,  -0.5
60687,  -1.7,  -1.7,   0.5,  35.4,  66.5, 807.2,   2.6,  -0.9
60711,  -1.2,  -1.1,   0.7, 188.9, 148.3, 916.6,   2.4,  -1.0
60739,   0.4,   1.9,  -0.8, -52.8,  94.6, 989.1,   2.7,  -0.9
60763,   2.5,  -1.7,  -2.5, -32.0,  77.3, 994.0,   3.1,  -0.9
60787,  -0.3,  -3.4,  -2.3, 136.7,-110.7,1273.5,   3.2,  -0.9
60811,   1.4,  -1.2,  -1.1,  31.2, 151.8, 900.0,   3.5,  -0.9
60839,  -2.5,  -2.8,   1.2,  34.6, -97.8,1086.0,   3.2,  -0.9
60863,  -0.0,  -0.8,   0.1, 107.6, 127.8, 857.3,   3.2,  -1.0
60889,  -3.9,   1.1,  -4.0,-181.2, -53.1,1199.1,   3.8,  -1.1
60913,   1.2,  -0.7,  -2.8,-160.2,  52.9, 927.6,   3.6,  -0.8
60937,  -1.0,   2.4,  -2.3, -44.5,  12.3, 932.0,   3.4,  -1.3
60965,  -0.0,  -2.5,  -1.0,  30.2, 126.6, 971.0,   3.4,  -1.0
60989,   1.6,   1.5,  -4.0,-165.6,  47.3, 792.3,   3.5,  -0.7
61013,  -1.8,  -2.8,  -4.7,  54.2, 113.7,1095.3,   3.7,  -0.9
61037,  -0.6,   0.7,  -4.7, -97.7,  62.6, 769.1,   3.7,  -0.8
61065,  -1.2,  -0.4,  -4.5,  33.7,  53.9,1077.5,   3.4,  -1.0
61089,  -1.1,  -0.5,  -3.4,   4.1, 121.2, 937.4,   3.4,  -1.0
61113,   1.0,  -1.7,  -2.2,  98.6, 120.7, 874.9,   3.6,  -1.2
61137,  -0.0,  -5.9,  -2.2, 235.1,  -9.9,1172.0,   3.9,  -1.1
61165,  -0.4,  -7.4,  -2.6,  76.1,  90.7, 989.1,   3.8,  -0.6
61189,  -1.1,   2.1,  -3.9,-211.0, -75.8,1050.2,   3.6,  -1.0
61213,  -1.2,  -1.5,  -3.3, -11.5,  97.8, 875.8,   3.7,  -1.2
61237,  -3.6,  -0.6,  -3.6,  33.4, 158.6,1070.9,   4.3,  -1.3
61265,  -2.1,   3.6,  -4.2,-225.1,-272.6, 916.9,   3.9,  -0.9
61289,   2.2,   1.9,  -4.5, 146.9, 211.3,1010.4,   3.9,  -1.5
61313,  -2.5,  -1.5,  -5.7, -16.1, 129.3,1138.8,   4.6,  -1.4
61341,   0.4,  -2.8,  -2.3, -83.8,  56.0,1081.4,   4.7,  -1.3
61365,  -2.1,   1.8,  -3.9, -20.8, -33.1,1140.7,   4.4,  -1.6
61389,  -1.6,  -3.4,  -2.2,  65.6,  80.2, 960.6,   4.4,  -1.4
61413,  -1.1,  -2.3,  -2.3, 112.3,  53.9, 865.6,   4.1,  -1.4
61437,   0.5,   2.1,  -3.5,  77.4,  98.3, 796.2,   4.1,  -1.6
61465,   2.5,   1.3,  -2.3, -57.2,  36.0, 912.2,   3.9,  -1.5
61489,   1.1,  -1.5,  -2.1, 170.4, 154.2,1249.6,   4.3,  -1.3
61513,   1.6,  -5.0,  -4.0, 114.7, 265.8,1190.0,   4.4,  -0.9
61537,  -1.6,  -6.1,  -4.6, 258.5, -20.6,1305.3,   4.0,  -1.0
61565,  -4.5,  -8.7,  -3.3, 326.9, 245.3,1396.6,   4.7,  -1.0
61589,   3.5,   6.0,  -1.3,-301.5, -19.1, 406.6,   3.6,  -0.0
61613,  -0.3,  -0.4,  -2.8,-267.6,  91.9, 976.9,   4.0,  -0.1
61637,  -0.6,   1.2,  -6.5,-125.0, -13.8,1074.3,   4.8,  -0.6
61665,   0.3,  -3.4,  -3.1, 224.6,  86.6,1014.3,   5.4,  -0.7
61689,   3.6,  -8.9,  -0.8, 332.2, 268.9, 730.3,   5.6,  -0.4
61713,  -0.9,  -9.0,   0.2, 421.1, -78.5,1194.0,   5.0,  -0.3
61737,  -2.2,  -0.8,  -1.3, -33.7,-146.3,1221.0,   4.8,  -0.4
61765,   1.8,  -4.5,   0.9, 273.9, 133.4,1005.2,   4.7,  -0.8
61789,  -3.3,  -4.2,   0.0,  48.3,  15.5,1211.8,   5.1,  -0.6
61813,   0.7,  -1.4,   1.1,  44.9, 185.7,1203.7,   5.0,  -0.6
61841,  -0.0,  -2.1,  -0.6,  46.8, 148.3, 711.5,   5.2,  -0.7
61865,  -1.7,  -0.7,  -0.3,-184.8,-243.5,1070.7,   4.9,  -1.1
61889,  10.8,  11.3,   2.3,-357.7,  -8.6, 555.8,   3.4,  -0.0
61913,   6.2,  -1.3,  -1.2, -17.4, 181.8, 953.2,   5.0,  -0.0
61937,   4.9,   3.0,  -6.4,-346.5, 127.6, 575.1,   5.9,  -0.1
61965,   5.0,   5.4,  -1.9,-447.1, 112.4, 391.9,   5.8,   0.5
61989,  -1.5,  -2.1,   2.0, 195.8,-193.2,1499.4,   5.3,   0.5
62013,  -1.4,  -2.6,  -0.3, 295.9, -22.1,1472.5,   5.0,  -0.0
62037,  -0.9,  -2.1,  -0.0, 134.2, -51.9,1168.6,   4.8,   0.1
62065,  -1.4,  -3.1,   0.3, 288.3, 131.2,1504.3,   5.6,   0.1
62089,   0.5,   5.4,  -1.8,  -8.8, -70.7, 871.4,   6.0,   0.4
62113,   1.8,   0.5,   1.5,-101.8, -31.1, 586.5,   5.5,   1.1
62141,   0.4,  -1.3,   0.3,  42.0, 153.0, 687.4,   5.4,   0.9
62165,  -2.1,   3.5,  -2.1, 168.2,  57.8,1448.3,   5.7,   0.4
62189,   2.4,   0.2,   1.9, 137.2, 173.0,1012.3,   4.5,   0.8
62213,   1.4,   0.3,  -0.1,-271.0,  86.3, 805.5,   4.5,   1.3
62241,   1.1,  -1.8,  -2.2,  35.9, -98.7,1037.7,   4.2,   0.6
62265,   2.6,   0.2,  -3.1,  26.1,  49.0,1009.4,   4.5,   0.3
62289,   2.3,  -1.5,  -1.4,   4.1, 162.7, 726.4,   4.7,   0.2
62313,   1.5,   0.5,  -1.3,-102.8, -11.1, 951.8,   4.2,   0.3
62341,   0.1,   1.5,  -1.6, -24.7,-146.1,1294.0,   4.0,   0.4
62365,   0.3,   4.3,   1.0,-141.1, 292.6, 719.3,   4.4,   0.7
62389,  -5.1,  -0.9,   0.3, -28.1, -18.4,1052.8,   4.0,   0.3
62413,  -2.2,  -8.4,   2.4, 443.6,  98.3,1094.1,   3.7,   0.3
62441,  -1.8,  -2.6,   0.7, 125.7, 107.8,1270.9,   3.9,   0.2
62465,  -3.3,  -2.4,  -0.9, -83.0,  64.3, 871.4,   4.5,   0.7
62489,  -0.7,  -8.1,   4.6, 275.1, -19.6, 765.5,   3.5,   0.6
62515,   3.6,  -0.6,   2.7,  62.7, 307.3, 804.3,   3.6,   1.0
62539,   1.3,   0.7,  -0.6, 184.3, 229.1, 932.0,   3.9,   0.3
62563,  -0.3,   2.6,   0.2,   7.0,  98.8, 889.0,   3.7,   0.6
62591,   0.8,  -1.5,   1.8,   4.4,  42.1,1123.4,   3.5,   0.8
62615,   0.3,  -3.8,   1.6,-114.8, 116.6, 868.3,   3.5,   0.9
62639,  -2.0,  -0.3,   1.1, -98.2,  50.4, 872.9,   3.4,   0.6
62663,   2.2,   0.8,   1.4,  52.2,  87.5,1000.6,   3.4,   0.4
62691,   4.9,  -3.9,   3.0, 152.8, 372.0, 777.4,   3.8,   0.5
62715,   3.8,  -0.1,   1.1,  20.7, 215.2, 828.7,   3.9,   0.8
62739,   0.1,  -1.8,   0.5, 127.7,  49.2,1173.4,   3.6,   0.6
62763,   0.5,  -1.5,   0.6, 114.0, 112.2,1142.4,   3.9,   0.4
62791,  -4.7,  -6.1,   1.1,  84.4, -21.1,1375.6,   4.0,   0.4
62815,   5.2,  -0.9,   4.9, 208.5,  50.7,1113.4,   3.2,   0.5
62843,   1.9,  -0.6,   1.3, -61.6, 335.1, 586.0,   3.7,   0.6
62863,   4.3,   0.6,   0.2,-119.2,  62.9, 992.5,   3.7,   0.5
62891,  -2.1,  -5.1,   0.9, 153.8, -79.9,1479.8,   4.1,   0.3
62915,   3.6,   2.5,   0.8, -42.8, -23.5,1001.6,   4.1,   0.3
62939,   2.5,   3.3,   1.9, -92.3, 176.2, 790.9,   4.0,   0.0
62963,   0.7,  -1.7,   3.0,  74.7, -89.9,1226.4,   4.1,  -0.0
62991,   5.2,   0.1,   3.5, 131.6, 630.5,1613.4,   4.7,  -0.1
63015,  -3.6,   3.1,  -1.7,-212.4, -42.8, 874.6,   4.5,   0.5
63039,   1.2,   0.2,  -2.2,  78.8,  97.6,1002.1,   4.4,   0.5
63063,   0.1,  -0.5,  -0.3, -33.2,  64.8, 789.9,   4.7,   0.2
63091,  -0.7,  -4.4,  -0.7, 198.5, 233.5, 994.5,   5.4,  -0.1
63115,   1.4, -10.1,   5.6, 335.4,  22.8, 934.9,   4.6,   0.1
63139,   0.6,   0.4,   1.5,-112.3,  -0.6,1079.0,   4.5,  -0.2
63163,   5.1,   4.0,  -1.4,  -7.6, 147.6, 894.1,   5.1,  -0.4
63191,  -1.1,  -1.1,  -1.5,  32.4,  35.8,1257.9,   5.6,  -0.7
63215,   3.6,   0.5,   1.1, -88.2, 155.7, 700.8,   5.5,  -0.4
63239,  -2.6,  -3.4,   3.9, 204.3,  21.4,1168.1,   5.4,  -0.5
63267,   1.4,  -0.8,   4.4, 289.5,  95.8, 937.4,   5.1,  -0.8
63291,  -0.4,   2.2,   2.7, 124.5,  48.5, 763.5,   5.3,  -0.6
63315,  -2.4,  -1.0,   1.7, 224.3,  11.9,1183.5,   4.9,  -0.6
63343,  -2.4,  -2.5,   1.7, 133.8,  34.8, 984.5,   4.8,  -0.8
63367,  -2.2,  -0.0,   0.3,  87.1, 164.2,1176.9,   5.2,  -1.1
63391,   2.5,  -8.7,   4.4,   2.4,-259.6,1400.0,   4.4,   0.4
63415,   5.2,   0.5,  -2.5, 175.5,  -3.5, 991.6,   5.7,  -1.7
63439,   4.4,   2.0,  -4.8,-159.0, 161.0, 681.7,   6.2,  -1.3
63467,   0.3,   2.7,  -4.8,-268.1,-188.3, 921.0,   6.0,  -0.7
63491,  -2.8,  -1.5,  -2.2,  30.5,  -9.6, 933.9,   5.6,  -0.6
63515,  -4.7,  -3.0,  -0.7, 197.0,  -6.2,1134.6,   5.2,  -1.0
63539,  -2.1,   2.2,  -1.9, -20.1,-100.7,1045.8,   4.8,  -1.2
63567,   1.2,   2.8,  -1.0,-255.4, -47.2,1098.7,   4.5,  -1.3
63591,   1.0,   3.8,  -2.3,-158.7, 204.7, 901.7,   5.2,  -1.0
63615,   1.7,  -0.3,  -1.2, 193.1,  43.4, 810.6,   5.1,  -1.3
63639,   2.4,  -5.8,   2.4, 263.9,  45.1, 822.6,   4.5,  -0.5
63667,  -1.0,  -3.0,  -0.9, 187.2, 289.7, 779.4,   4.6,  -0.7
63691,  -6.4,  -2.5,  -2.6,-153.4,-313.3,1062.8,   4.4,   0.0
63715,  -3.4,  -3.1,   0.0, 716.8, 160.1,1174.7,   4.0,  -0.4
63739,   1.1,   0.5,  -0.8, -15.2, 162.5, 831.9,   4.2,   0.2
63767,   0.5,  -0.3,  -3.3,  79.3, -20.9, 890.0,   4.3,   0.0
63791,  -1.1,  -4.9,  -3.0, 129.9, -66.8,1246.9,   4.2,   0.2
63815,  -1.3,  -5.1,  -1.4,  16.1, -97.3,1189.6,   4.1,   0.4
63843,  -1.2,   3.3,  -2.3,  52.2,  11.4,1080.4,   4.0,   0.5
63867,   1.0,   1.9,  -1.2,-316.7, 120.3, 836.3,   3.9,   0.9
63891,  -6.6,  -4.3,  -3.4,  38.1, -30.1,1231.1,   4.0,   0.8
63915,  -5.9,  -0.6,  -5.1,  75.9, -51.9, 934.2,   3.7,   0.5
63939,  -2.5,   7.8,  -4.8,-150.7, -11.6, 990.1,   3.3,   0.1
63967,  -2.2,  -3.2,  -1.1,  -2.7,  43.6,1157.8,   3.4,   0.7
63991,   1.9,  -2.1,  -1.6,-319.6, 244.5, 574.1,   3.8,   1.3
64015,   0.7,  -0.6,  -1.9,-114.3,-139.5,1103.9,   3.3,   1.1
64039,   2.1,   3.0,  -3.7,-215.6,  93.4, 951.8,   3.5,   0.4
64067,   2.8,  -1.2,  -1.1,-158.0,  58.0, 713.7,   3.8,   0.7
64091,   0.8,   0.2,  -2.9,-211.7, -16.5, 986.4,   3.7,   0.4
64115,  -1.8,  -1.1,  -3.4, -16.9, -18.7,1105.6,   3.6,  -0.1
64141,   1.4,   6.6,  -1.6,-209.0, 139.8, 576.5,   3.7,  -0.1
64165,  -2.8,  -1.8,   0.8, 199.9, -60.4,1245.5,   3.3,  -0.1
64189,   0.2,  -0.8,  -0.2, -55.9,  42.1, 876.3,   3.3,   0.0
64217,   2.2,  -0.3,  -0.6,-183.1, -60.2, 922.2,   3.4,   0.5
64241,   3.0,  -0.4,  -3.6, -30.6, -83.8,1257.7,   3.7,   0.3
64265,   2.3,  -6.7,  -1.1,  11.2,  24.1, 871.4,   3.4,   0.5
64289,   1.9,  -5.6,  -0.9, 105.4, 113.7, 770.9,   3.7,   0.2
64317,   1.1,   7.7,   0.5,-754.2,  60.4,  30.1,   5.0,   1.1
64345,   6.5,  -7.9,   2.1,  47.3, 349.0, 503.3,   5.8,   0.8
64365,   2.7,  -5.1,   0.8,   4.9, 311.9, 747.4,   6.6,   0.6
64389,   2.1,  -1.1,   0.6,  18.3, 250.9,1100.7,   6.4,   0.1
64417,   2.9,   5.2,   2.1,-404.3,  -7.4, 741.6,   6.4,   0.4
64441,   1.8,  -0.4,   3.9,-238.1,   7.7, 860.2,   5.7,   0.6
64465,  -0.2,   4.1,   2.0,-269.8, -54.3, 802.3,   5.5,   0.5
64493,   4.9,  -2.1,   5.0,  -9.6, 222.6, 628.5,   5.3,   0.5
64517,  -4.5, -11.8,   3.5, 354.7, -40.9,1583.6,   5.8,   1.1
64541,   1.4,  -2.9,  -2.0, -25.2, 101.7, 966.2,   5.3,   1.1
64565,   2.6,  -0.7,  -2.0,   2.7, 115.4, 522.1,   5.1,   0.9
64593,   1.9,  -1.8,  -0.5, 124.0, 211.3, 814.1,   5.2,   0.1
64617,  -2.0,  -5.8,   0.4, 337.9, 171.0,1188.8,   5.5,  -0.1
64641,  -1.1,  -5.8,   3.4, 251.7,-294.3,1204.2,   4.0,   0.0
64665,   5.2,  -2.2,   3.1, 115.4, 222.1,1069.4,   4.4,   0.2
64693,   1.4,  -0.4,  -2.0,-133.8, -56.7, 803.8,   4.5,   0.0
64717,   3.3,  -3.2,   0.5,  48.6,  76.1, 890.0,   4.5,  -0.1
64741,   1.5,  -6.5,   1.0, 270.5,  93.9,1054.1,   4.6,  -0.3
64765,  -2.2,  -2.3,   1.2,  14.9,  98.3, 940.8,   4.1,  -0.3
64793,  -2.8,   1.6,  -0.8, -95.2,  17.0, 895.9,   3.8,  -0.6
64817,   1.6,   2.2,  -0.6,  61.7, 134.9, 916.9,   3.6,  -0.9
64845,   3.9,   1.3,  -0.4, -68.1, 283.6, 623.9,   4.0,  -0.7
64865,  -1.4,  -1.0,  -0.4, 163.3, -33.6,1102.9,   4.0,  -1.1
64893,  -2.0,  -1.6,  -0.6,  80.3, -12.1, 967.9,   3.5,  -0.6
64917,   2.1,   0.3,  -0.6,  50.7, 194.0, 754.0,   3.7,  -0.8
64941,  -1.1,  -1.9,  -1.5,  97.9,-162.2,1911.0,   3.7,  -0.7
64965,   7.4,  -4.9,   2.4, 227.3, 284.6, 727.2,   2.9,  -0.5
64993,   3.5,  -2.8,  -3.1,  71.0, 172.0, 960.1,   3.7,  -0.8
65017,   1.0,  -0.9,  -5.5, 265.1, 118.3,1109.0,   4.3,  -1.1
65041,   0.6,  -5.3,  -2.0, 187.5,  -6.7, 971.8,   3.9,  -0.8
65065,  -0.0,   0.8,  -2.6, -10.8, 170.8, 776.5,   3.9,  -0.5
65093,   1.7,   5.4,  -3.7, -91.6,  82.9, 916.1,   3.5,  -0.9
65117,  -1.1,   1.1,  -3.0, 144.0,  91.0,1011.3,   3.7,  -1.2
65141,   0.3,  -3.0,  -2.4, 181.6,  37.5, 987.7,   3.8,  -0.9
65165,  -3.3,   1.3,  -4.6,  37.3,-177.1,1320.2,   3.7,  -1.0
65193,   3.6,   0.2,  -1.5, -21.0,  35.8, 910.5,   4.5,  -0.7
65217,  -2.3,  -2.3,  -0.8,  41.2, -52.8,1049.2,   4.5,  -0.6
65241,   0.3,  -4.6,  -3.4, -64.5, -10.4,1007.4,   4.1,  -0.2
65265,  -2.5,  -1.7,  -5.5,  54.9,  33.3,1013.5,   4.2,  -0.4
65293,  -5.1,  -6.8,  -2.2, 379.1,-291.1,1599.7,   3.6,  -0.7
65317,   5.4,  -7.0,  -0.4, 264.6, 165.9, 877.3,   3.4,  -0.4
65345,   3.8,  -6.4,  -5.5, 249.2, 157.6, 722.5,   3.6,  -0.9
65365,   2.9,  -2.9,  -5.6,-163.6, -26.7, 831.2,   3.7,  -0.4
65393,   0.8,  -1.0,  -4.3,-191.2, -39.2,1065.0,   3.6,  -0.4
65417,  -0.3,  -0.1,  -4.8,-145.8, -31.1,1056.3,   3.9,  -0.9
65441,  -1.1,   1.3,  -3.6,-140.9, 118.3, 917.3,   3.9,  -0.8
65465,  -1.1,   2.9,  -4.0,-214.4,  66.1, 756.5,   3.9,  -0.8
65493,   1.1,   1.0,  -4.4,  38.8, -28.7,1039.4,   3.8,  -1.1
65517,  -0.7,  -0.9,  -6.1, -54.5, -11.1,1011.1,   4.1,  -0.9
65541,  -1.0,  -3.2,  -6.2, 114.2,  80.5, 975.0,   4.1,  -1.0
65569,  -4.2,  -0.2,  -7.7, -60.6, -65.0,1204.0,   3.8,  -1.1
65593,  -1.2,  -2.9,  -6.1, -10.8,  35.3,1020.6,   3.7,  -1.0
65617,  -4.4,   3.0,  -6.9, 386.7,  50.9, 891.9,   4.2,  -1.6
65641,  -4.3,   0.2,  -6.3, 282.4, 129.8,1061.1,   3.9,  -1.9
65669,  -2.8,  -6.1,  -4.2,-253.7,-292.3,1022.1,   3.6,  -0.4
65693,   2.7,   0.5,  -7.4,-115.5, -45.0, 801.6,   4.1,  -0.7
65717,   1.7,  -6.1,  -7.0, 225.8,   5.8,1276.0,   4.4,  -1.2
65741,  -1.5,  -2.0,  -6.3, -74.3,-129.3,1102.6,   4.4,  -1.2
65767,  -3.9,  -7.2,  -3.7, 140.6, -63.1,1346.5,   4.1,  -1.1
65791,  -3.3,  -1.1,  -3.2,  64.4,  17.0,1042.1,   3.9,  -1.1
65819,  -3.1,  -1.2,  -5.1, 100.1, -86.3,1279.4,   4.0,  -1.5
65847,  -2.3,  -0.5,  -4.6, -35.7, -42.8,1143.9,   3.8,  -1.4
65867,   0.3,   5.2,  -3.4, -73.8, -81.4,1014.5,   3.6,  -1.5
65891,   2.7,  -0.4,  -1.7,  16.1, 248.9, 695.4,   4.2,  -1.1
65919,  -1.4,  -3.5,  -2.6, 177.5,  92.4, 870.7,   4.0,  -1.0
65943,  -1.5,  -4.4,  -3.4,  69.5,  92.9, 889.5,   3.9,  -0.6
65967,  -1.7,  -8.1,  -3.0, 326.1, -64.8,1357.3,   3.8,  -0.7
65991,  -1.3,   1.0,  -3.8,   2.7,  16.7, 790.4,   3.8,  -0.9
66019,  -4.0,  -4.0,  -3.9, 109.3, 216.4, 884.9,   4.3,  -0.9
66043,  -0.9,  -7.2,  -1.2, 116.9, -69.7,1003.3,   3.6,  -0.6
66067,  -0.4,  -8.3,  -1.2, 266.8, 120.7, 992.0,   3.4,  -0.2
66091,   0.3,  -2.6,  -4.1, 245.1, 206.4, 888.5,   3.8,  -1.0
66119,  -2.0,   0.7,  -3.9,  28.8,  -6.5,1170.0,   3.9,  -0.9
66143,   1.3,  -3.0,  -2.6, -49.3, 115.9, 850.7,   4.0,  -0.6
66167,   0.1,  -4.2,   0.1, 215.5,  49.0, 923.7,   3.8,  -0.7
66191,   0.8,  -1.7,   3.9, 107.4,  86.8, 893.9,   3.6,  -0.8
66219,  -3.2,   1.6,   3.3, -96.5,  40.2,1042.1,   3.5,  -0.8
66243,   1.6,   5.5,   2.8, -36.4, -30.6,1093.1,   3.3,  -0.8
66267,  -0.9,   4.9,   1.1, -29.8,  22.1,1476.9,   3.5,  -0.5
66291,   1.3,  -1.2,  -0.4,-326.7,  98.3, 653.9,   4.1,   0.6
66319,  -0.6,   1.1,  -1.8, 221.2,-174.2,1059.4,   3.0,  -0.5
66347,   1.7,   0.7,  -0.1, 165.3, 254.5, 997.9,   3.2,  -0.6
66367,  -0.1,  -3.6,   0.3, 203.1,  44.1,1248.9,   3.7,  -0.2
66391,  -4.7,   5.9,  -1.3,-389.7,-312.6,1134.4,   3.7,   1.0
66419,  -3.1, -10.7,   2.5, 258.5, -60.4,1214.0,   3.2,   1.3
66443,  -1.2,  -1.8,  -0.1,  69.3, 104.9, 967.4,   3.3,   0.7
66467,  -2.5,  -0.2,   0.0, -49.8, -52.8,1044.3,   3.3,   0.6
66491,  -2.2,  -1.8,  -0.5, -41.5,  54.3,1203.5,   3.6,   0.4
66519,  -1.5,  -6.8,  -0.1,  74.7,-102.6,1141.2,   3.8,   1.0
66543,  -0.8,  -7.3,  -0.3, 134.7,  94.1, 879.0,   3.9,   0.9
66567,  -2.3,  -0.9,  -0.3,  32.4, -44.3,1002.5,   3.6,   0.6
66591,  -2.9,   1.4,   1.3,-133.8,  86.6, 917.3,   3.6,   0.1
66619,   0.3,   3.4,   2.1, -34.5, -44.8,1227.4,   3.3,  -0.1
66643,   2.0,   0.8,   3.1, -24.2,  85.8, 740.3,   4.1,   0.2
66667,   1.2,   2.4,   5.0,  16.1, -98.2,1128.5,   3.4,   0.1
66695,   0.8,  -5.4,   2.5, 230.7,  77.5, 900.2,   3.8,   0.7
66719,   0.9,  -6.7,   2.3, 444.3,-169.0,1604.8,   3.4,   0.9
66743,   2.2,  -3.1,   1.6, 142.5, 202.8, 663.4,   4.5,   0.6
66767,  -0.9,  -4.5,   2.5, 206.3,  81.9,1017.2,   4.8,   0.7
66795,  -3.9,  -0.0,   0.8, 114.2, -34.8,1156.8,   4.5,   0.8
66819,  -4.4,  -4.3,   1.9, 217.7, -84.1,1216.9,   4.2,   0.8
66847,  -0.8,  -2.5,   1.5, 165.3,  58.2,1182.0,   4.2,   0.6
66867,   0.7,   1.5,   2.1, 167.4,  62.6, 957.6,   4.3,   0.2
66895,   1.5,   5.0,   4.1, -50.6, 213.5, 689.1,   4.7,   0.3
66919,   1.9,  -1.4,   6.0, 110.3,  95.4, 787.9,   4.5,   0.6
66943,  -1.8,  -1.4,   4.1,  99.1, -36.5, 950.3,   4.0,   0.9
66967,  -2.9,  -4.7,   3.9,  85.2, -38.2,1154.2,   3.7,   0.9
66995,  -1.1,  -2.2,   3.8,  80.3,  20.6,1064.1,   3.6,   0.6
67019,  -0.2,   2.4,   3.6, -10.0, 121.0, 993.0,   3.7,   0.1
67043,   5.7,   3.0,   6.1,-295.4, 186.2, 418.6,   3.4,   1.6
67067,   1.6,  -2.1,   1.6, -20.5, 196.9, 826.0,   3.9,   1.0
67095,   2.8,   4.5,  -0.8,-181.7,  94.6,1044.3,   4.5,   0.3
67119,   2.7,  -0.7,   2.1, 139.9,  48.7,1066.5,   4.5,   0.3
67143,  -1.2,   3.0,   2.3, -28.6, -90.7,1193.0,   4.3,   0.6
67167,  -3.5,   1.0,   2.2,-257.6,-158.8,1111.7,   4.1,   1.2
67195,  -3.3,  -2.5,   2.4,  17.5,  26.0,1363.4,   4.9,   1.1
67219,   2.0,   1.9,   3.9, -27.1, -65.3, 987.9,   4.7,   0.7
67243,   1.9,   0.9,   3.9,  66.6, 128.3, 711.8,   5.1,   0.9
67267,   0.6,  -0.7,   2.6,  90.1, 111.7,1139.8,   5.3,   1.2
67295,   1.0,   4.6,   3.0,-161.7, -70.2, 732.5,   5.0,   1.3
67319,  -1.5,   5.6,   2.7,-268.6,  97.3,1062.8,   4.7,   0.9
67347,  11.7,   0.7,   5.3,-321.6, 252.1, 201.0,   5.9,   1.8
67367,   4.0,  -1.5,   0.5,-115.0, 191.5, 877.3,   6.3,   1.2
67393,   3.6,  -1.1,   2.1, 124.7, 157.4, 665.1,   6.4,   0.6
67417,   0.4,  -3.5,   4.3, 267.3, 104.9, 930.8,   6.2,   0.7
67445,  -0.5,   7.2,   2.5,-142.4,  -0.3, 829.0,   5.6,   0.8
67469,   0.2,   2.4,   3.5,-287.4,  31.9, 722.3,   5.1,   1.1
67493,   1.8,   1.4,   3.7,-124.3, -72.6,1135.4,   5.1,   1.0
67517,   2.1,  -0.0,   1.4, -47.9,  30.2, 923.7,   5.4,   0.8
67545,   5.3,  -3.1,   3.8, 289.8, 310.7, 846.3,   5.4,   0.3
67569,   1.3,  -2.3,   4.1,  21.5, 202.8, 643.7,   5.2,   1.1
67593,  -0.9,   2.1,   0.0,-158.2,  27.0, 916.6,   4.8,   0.8
67617,  -2.7,  -4.0,   1.4,  91.8, 286.5, 937.1,   5.7,   0.5
67645,  -3.4,   1.4,   2.9, -64.0,-519.4,1533.1,   4.2,   0.1
67669,   2.1,   2.1,   1.1,-143.3, 106.3, 802.3,   4.5,   0.5
67693,   1.6,   1.8,  -0.2, -62.3,  66.1, 770.6,   4.7,  -0.0
67717,   0.5,  -1.0,   0.6, -43.0,-267.0,1546.0,   4.7,  -0.1
67745,   1.0,  -3.2,   2.2, -84.0,  91.0, 985.5,   5.5,   0.4
67769,   2.7,   0.3,   3.3, -19.8,-135.1,1071.1,   5.4,   0.4
67793,   2.7,  -0.6,   3.2, 161.1, 158.3, 768.9,   5.1,   0.3
67817,  -3.3,   1.5,   4.2, 242.2,-175.4,1261.1,   5.3,   0.1
67845,  -1.4,   0.7,   3.8, 209.4,  59.2, 983.0,   5.2,  -0.0
67869,  -1.7,   5.8,   3.2,-134.1,-106.1, 796.5,   4.8,   0.7
67893,  -1.1,   1.8,   3.1,  66.1, 174.2, 967.4,   5.0,   0.7
67921,   5.0,   2.9,   4.9,-284.5, -33.3, 626.1,   4.8,   1.1
67945,   5.8,  -4.2,   6.2, 429.7, 203.0,1133.6,   3.7,   0.7
67969,   2.4,  -5.6,   2.7, 119.4, 226.5, 906.6,   4.8,   0.8
67993,  -0.5,  -3.2,   1.5, 152.1,  58.5,1113.9,   4.9,   0.5
68021,   0.6,   1.3,   1.9, -98.4,  60.7, 995.0,   4.6,   0.5
68045,  -1.5,  -2.5,   3.8,  -9.8,-113.4,1075.5,   4.2,   0.7
68069,  -3.4,  -8.6,   4.9, 221.4,-107.3,1345.3,   4.2,   0.7
68093,   1.9,  -3.0,   5.5,  -0.0, 267.5, 754.0,   4.3,   0.5
68121,   2.2,  -0.4,   3.8, -28.4, 109.3, 892.9,   4.3,   0.1
68145,   1.9,   2.9,   3.8,-495.1,  40.2, 504.0,   4.3,   1.2
68169,  -0.4,  -1.5,   1.1,-276.9, 116.1, 720.3,   4.5,   1.2
68193,   0.4,  -1.4,   1.6, -44.7, -73.3, 999.6,   4.2,   0.8
68221,  -3.6,  -4.0,   0.9,  95.2, 110.7, 871.4,   4.5,  -0.1
68245,   4.3,  15.1,   3.9,-891.1,-408.6, 298.7,   3.1,   0.6
68269,  -2.4,   4.6,   6.0,-136.0, 195.9,1032.8,   3.6,  -0.3
68293,  -2.6,   3.0,   3.9,-151.9,  63.1,1176.4,   4.3,   0.1
68321,   1.4,   0.7,   4.3, -84.7, 195.9, 832.6,   4.8,   0.1
68349,  -0.4,  -2.3,   4.5, 171.4, 112.2,1201.8,   4.8,  -0.1
68369,   0.3,  -3.4,   5.5, 377.2,  60.7,1101.9,   4.3,   0.4
68393,  -0.7,   2.1,   2.0, 185.0,  29.7, 953.5,   3.9,   0.1
68421,   2.5,   1.0,   3.2,-457.8,  44.6, 494.0,   3.5,   0.8
68445,  -1.4,  -1.2,   1.3,-285.2,-130.0, 793.6,   3.1,   0.6
68469,   1.1,  -3.3,  -1.7, -98.4,  88.3,1000.3,   2.9,   0.3
68493,  -0.1,  -3.9,  -0.1, 120.3, 119.0, 915.1,   3.1,   0.1
68521,  -0.9,  -2.2,   1.6, -71.8,  76.6,1008.9,   3.4,  -0.1
68545,  -3.9,  -0.7,  -0.0,  21.0, 258.7, 888.3,   4.6,  -0.5
68569,   2.9,  -3.6,   6.8, 392.1,  59.0,1044.3,   3.8,   0.3
68593,  -1.6,   1.1,   3.6, 373.3, 160.1, 889.8,   4.0,  -1.1
68621,  -2.2,  -2.6,   3.9,  40.0,  38.2,1291.6,   4.2,  -0.5
68645,  -4.1,   0.5,   1.9,-253.9,-152.9,1110.9,   4.1,  -0.3
68669,  -0.9,   2.2,   0.8,-150.4,  10.6, 876.6,   4.2,  -0.3
68693,   1.6,   0.7,   1.9,  81.0,  81.4, 798.9,   4.3,  -0.5
68721,  -0.5,  -6.7,   2.8, 465.5,  61.7,1104.6,   4.1,  -0.7
68745,  -0.9,  -3.2,   2.2, 301.7, -35.5,1049.7,   3.8,  -0.7
68769,  -4.4,  -6.2,   2.5, 326.9,-188.8,1361.9,   3.7,  -0.5
68793,  -1.4,  -2.9,   3.2, 156.9,  15.5, 842.1,   3.8,  -0.5
68821,   0.7,  -6.9,   3.9, 330.0, 191.1, 878.0,   3.7,  -0.5
68849,  -5.7,  -3.3,   1.7, -99.9,  58.5,1340.4,   3.5,  -0.5
68869,   6.7,   9.7,   0.6,-612.6, 281.4,-135.9,   5.2,   0.8
68893,   1.4,   1.5,  -2.1, 143.0,  55.1,1156.4,   5.0,  -1.2
68921,   0.7,   0.1,  -4.4,-227.6, 103.2,1360.0,   5.6,  -0.9
68945,  -0.3,   3.7,  -4.9,-319.1,  94.9, 952.5,   6.2,  -0.6
68969,   1.8,   3.2,  -3.3,-242.7,-103.1, 950.8,   5.9,  -0.6
68997,  -2.8,  -7.2,  -0.4, 183.8,  26.5,1004.3,   5.3,   0.4
69019,  -3.3,  -4.1,  -0.3, 187.0,  18.7, 873.9,   4.8,   0.0
69047,  -0.2,   1.3,  -0.6, 179.4, 133.0, 917.3,   4.5,  -0.3
69071,   1.5,  -3.9,  -0.1, 304.9,  88.5,1043.6,   4.5,  -0.5
69095,   6.8,  -3.1,  -0.1,  -7.4, 267.5, 589.2,   4.9,   0.1
69119,   2.5,  -6.7,  -2.7, 104.0,  52.9,1211.0,   4.7,   0.1
69147,   3.0,  -2.1,  -3.8, 121.8, 186.7, 763.0,   4.6,  -0.6
69171,   2.7,   3.4,  -2.5,-243.9, 226.0, 650.2,   4.8,  -0.5
69195,   2.2,  -0.3,  -2.4,-300.6,   2.6, 780.1,   3.9,  -0.1
69219,   0.7,   4.4,  -3.8, -76.2, 225.5,1077.7,   4.2,  -1.0
69247,   1.8,  -2.7,  -2.8, -94.3, 116.6, 992.3,   4.5,  -0.7
69271,   3.5,   0.8,  -3.1, -27.9, 247.5, 667.8,   4.9,  -0.8
69295,   1.9,  -3.1,  -1.4, 105.7,  52.1, 872.9,   4.7,  -1.0
69319,   0.8,  -1.3,  -0.4,  62.2, 161.3, 867.3,   4.7,  -1.1
69347,   1.6,   1.8,  -2.2,  28.5,  91.9, 714.0,   4.8,  -1.1
69371,   0.5,  -2.3,  -1.3,-172.4,  48.5, 769.4,   4.6,  -0.1
69395,  -2.7,  -0.7,  -4.1, -77.7,  46.0, 891.7,   4.4,  -0.3
69419,  -3.9,  -7.5,  -0.7, 405.0,  65.1,1090.4,   4.4,  -0.8
69447,   1.4,   2.2,  -0.8,-161.9,  91.7, 903.9,   4.5,  -0.7
69471,  -1.5,  -0.4,  -0.8,  93.7,  47.0, 844.8,   5.0,  -0.8
69495,  -5.5,   6.6,  -0.6,-115.0,-283.3,1235.5,   4.6,  -1.4
69519,   5.0,  -3.2,   5.1, 195.5, 370.0, 744.7,   4.8,  -0.5
69547,   3.6,  -0.8,  -0.2, 160.9,-142.2,1036.5,   5.1,  -0.4
69571,   3.4,  -1.2,   0.7,  31.2, 229.1, 747.4,   5.0,  -0.5
69595,  -1.6,  -2.8,   2.4, 143.5, -36.7,1431.7,   5.1,  -0.3
69619,   0.3,   0.5,   1.3, -74.5, 146.6, 801.6,   4.8,  -0.3
69647,  -3.1,  -0.6,   1.4, 220.2, -27.0,1141.7,   4.4,  -0.7
69671,  -1.1,  -0.7,   1.8, 156.0,  46.3,1052.3,   4.3,  -0.7
69695,  -0.4,  -0.3,  -0.4, -18.1,  82.7, 960.3,   4.6,  -0.3
69719,  -1.4,  -3.6,  -0.5, 115.9, -33.3, 994.2,   4.5,  -0.4
69747,  -1.4,   0.9,   0.8,  26.6, -70.2, 878.0,   4.1,  -0.2
69771,  -3.8,  -3.2,   2.7,-451.4,-347.0,1245.7,   3.4,   0.7
69795,   5.2,  -1.4,   1.7,  83.5,  48.5, 747.4,   4.3,  -0.6
69819,   2.6,  -7.9,   1.0, 176.7, 186.7, 995.0,   4.7,  -0.8
69847,   1.8,  -7.6,   2.3,  94.4,  39.9, 648.8,   4.7,  -1.1
69871,  -0.6,  -0.6,   2.0,  12.4, 119.5, 971.8,   4.7,  -1.0
69895,  -4.9,  -1.0,   1.7, -21.3,-134.9,1223.5,   4.2,  -1.2
69919,  -2.7,  -0.7,   1.1,  53.9, -93.6,1350.9,   3.8,  -1.0
69947,   0.0,   1.0,   1.6, -16.9, -14.0,1053.3,   3.9,  -1.2
69971,  -1.7,  -4.5,   2.7, 143.8,  76.1, 992.3,   4.0,  -1.0
69995,   2.9,  -6.7,   1.4, 198.9, 231.1, 880.7,   3.9,  -0.6
70019,  -0.4,  -0.5,  -0.2,-126.5,-228.9,1035.0,   3.5,  -0.1
70047,   1.4,  -2.9,   0.8, 280.2, 130.3,1030.4,   3.6,  -1.0
70071,  -2.9,  -0.1,   1.4, 147.7,  55.1, 913.7,   3.5,  -1.1
70095,   2.0,  -0.4,   2.8,-542.8,-411.7, 933.5,   2.8,  -0.0
70119,   1.0,   1.7,   1.6, 116.2,  20.6, 994.7,   2.9,  -1.2
70147,   1.0,  -1.7,   2.1, 105.4,  76.6,1067.0,   2.9,  -1.5
70171,  -2.8,   2.0,  -1.1, 193.3,-244.7,1650.5,   3.1,  -1.4
70195,   4.2,  -3.5,   1.9,  39.3, 123.2, 937.4,   3.5,  -0.6
70223,   0.5,  -4.6,   2.5, 104.0,  66.3, 754.0,   3.9,  -0.6
70247,   1.8,   2.2,   1.5,-168.5,  29.9, 715.7,   3.4,  -0.5
70271,  -1.5,  -1.0,   1.6,  25.4, -60.9, 938.3,   3.2,  -0.6
70295,  -2.7,   1.1,   1.6,-109.4, -48.7,1030.1,   3.3,  -0.5
70323,   1.6,   0.9,  -0.7, -17.1,  88.3, 772.1,   3.6,  -0.7
70351,  -0.8,  -1.1,   0.7, -35.9,  44.6, 963.5,   3.6,  -0.7
70371,  -1.1,   3.2,   2.9,  25.8, -69.7, 873.6,   3.4,  -0.6
70395,  -2.4,  -0.4,   2.4,  27.1,  78.5,1233.7,   3.5,  -0.3
70423,  -4.9,  -2.7,   0.2, 261.4, 196.9, 994.0,   4.1,  -0.5
70447,  -8.7,  -6.9,   5.8,-348.2,-919.3,2115.8,   3.0,   1.2
70471,   4.9,   3.0,   2.0,-237.1,  31.4, 420.3,   2.9,   0.6
70495,   1.6,   2.1,  -0.5,  96.4, 206.2,1079.4,   2.5,  -0.6
70523,   2.5,  -3.1,  -2.1,  67.1, 220.1, 932.2,   3.5,  -0.1
70547,  -0.1,   2.8,  -2.6,-126.3,  10.4,1085.1,   3.4,   0.2
70571,   0.4,   1.8,  -1.4,-151.4,-100.7,1095.1,   3.3,   0.2
70595,   1.1,   1.4,   1.2,  -4.2,  45.8, 850.4,   3.2,   0.1
70623,   2.2,   2.0,   1.4,  25.4, 144.2, 831.9,   3.1,  -0.1
70645,   0.7,  -0.7,   3.1, 186.5,  -8.9,1062.4,   3.0,  -0.3
70673,   3.3,   3.3,   0.2,-217.1, 173.5, 446.1,   3.2,   0.3
70697,   1.0,  -1.6,  -2.4, -75.5, -42.1,1119.2,   3.0,   0.5
70721,   1.8,  -2.6,  -1.1,  92.7, 197.6, 673.7,   3.2,   0.2
70745,   1.0,  -1.5,   0.5, 108.1, 172.0, 808.7,   3.2,  -0.1
70773,  -1.4,  -1.2,   0.2,-111.8, 101.9, 752.8,   3.3,   0.0
70797,   0.2,  -7.9,   1.4, 337.1,  80.5,1163.4,   2.9,   0.3
70821,   0.2,  -4.1,   0.3, 154.5,  78.5, 986.4,   2.8,   0.6
70849,  -0.6,  -0.4,  -0.8, 195.0,  58.5, 954.9,   2.8,   0.4
70873,  -2.6,  -0.8,   0.0, 144.0,  49.2,1039.2,   2.9,   0.5
70897,  -0.6,  -0.9,  -1.2, 109.1,  17.5,1016.0,   2.7,   0.4
70921,  -2.3,  -3.0,  -1.1, -21.3,  38.2,1149.3,   2.8,   0.4
70945,  -0.6,   1.6,  -1.1,-187.8,  39.7, 945.9,   2.8,   0.3
70973,   0.2,  -0.7,   0.8,  39.0,  -7.9,1156.6,   2.8,   0.0
70997,  -0.7,   0.7,   0.2, 243.1, -62.8,1372.4,   3.1,  -0.4
71021,   6.4,   5.1,  -0.3,-138.9, 542.6, 883.9,   3.8,  -0.2
71045,  -1.9,   0.7,  -4.1, -85.2,  58.2,1298.7,   3.9,   0.2
71073,  -0.7,   0.3,  -3.0,   1.7, -42.6, 918.1,   3.1,   0.0
71097,  -1.2,  -2.8,   0.6, 295.9, 152.0,1014.5,   3.4,  -0.5
71121,  -2.8,  -2.1,   0.6,  96.2, 101.2, 855.8,   3.8,  -0.7
71145,   0.2,   4.1,   1.0,-504.4,  37.2, 503.5,   4.0,   0.3
71173,   2.4,  -5.3,   2.7, 370.1,  38.0,1101.7,   3.3,  -0.0
71197,   2.8,   0.7,  -0.2,  16.8, 147.6,1051.6,   3.7,  -0.2
71221,   1.5,  -3.6,  -2.0, -20.3,  74.6, 820.7,   3.8,  -0.2
71245,   1.6,   0.4,  -1.7,-265.4, 127.1, 655.1,   3.7,  -0.1
71273,   1.1,  -2.1,  -0.5,  79.3,  58.5,1004.7,   3.3,  -0.4
71297,  -0.9,   1.6,  -0.4,  52.2,  42.9, 996.9,   3.3,  -0.6
71321,  -1.2,   2.1,  -1.1, -37.6,  86.6, 720.1,   3.4,  -0.6
71349,  -1.5,   2.3,  -1.7, -49.6,  63.1, 981.8,   3.3,  -0.5
71373,   1.4,  -6.1,  -2.2, 357.4, 188.6,1000.1,   3.5,  -0.3
71397,   3.3,  -1.7,  -2.6, 339.1, 261.9, 921.0,   3.8,  -0.3
71421,   2.1,  -6.3,  -0.8, 169.6, 223.5, 657.6,   3.8,  -0.1
71449,  -2.1,  -0.9,  -0.7,  96.2,  86.8, 954.9,   3.8,  -0.6
71473,   7.7, -10.4,   2.9, 382.3, 151.0, 897.6,   2.9,  -0.1
71497,   2.5,   1.4,   1.3, 284.4,  32.6,1121.7,   2.3,  -0.3
71521,   4.4,   2.7,  -2.7,  19.7, 207.4, 935.6,   3.3,  -0.7
71549,   6.0,  -3.7,  -3.9, 196.0, 321.9, 820.9,   4.8,  -0.4
71573,   1.7,  -2.4,  -0.9, 138.9,  81.4,1150.2,   4.5,  -0.0
71597,  -0.1,   3.4,  -1.4,-249.1, -90.2, 707.1,   4.2,   0.1
71621,  -0.6,   1.7,   1.3, -44.5, 153.9, 813.1,   3.8,   0.0
71649,  -0.1,  -0.8,   0.7,  90.3, 107.8, 874.6,   3.6,  -0.3
71673,  -3.3,  -0.8,  -2.0, 125.9, 158.8,1157.1,   3.6,  -0.4
71697,  -2.0,  -1.5,  -3.9,  34.9, -23.1, 865.1,   3.4,   0.1
71721,  -1.3,  -5.1,  -5.0,  83.2,  21.6,1082.1,   3.3,   0.2
71749,   1.0,  -5.7,  -3.0, 225.8, 123.9, 820.9,   3.5,  -0.3
71773,  -0.4,  -5.9,  -3.1, 267.1,  -0.8,1071.6,   3.9,  -0.7
71797,  -4.0,   2.7,  -4.5,-208.8,  33.6, 807.7,   4.3,  -0.2
71821,  -0.6,  -5.5,   1.8, 116.2,-137.8,1121.0,   3.3,  -0.1
71849,   2.6,   2.2,  -0.7,-137.2, 226.7, 759.9,   3.6,   0.2
71873,  -0.2,   0.2,  -3.8,-139.4,-216.2,1311.4,   4.0,   0.2
71897,   4.3,  -1.9,  -2.5,  53.7, 183.5, 801.9,   4.2,  -0.1
71921,  -0.9,  -1.4,  -2.0, 239.2,  78.8,1103.1,   4.3,  -0.5
71949,   0.2,  -0.6,  -1.4,-105.3, -17.2, 788.2,   3.8,   0.1
71973,   1.8,  -0.8,  -0.5,   7.3, 197.4, 749.4,   3.9,   0.2
71997,  -6.2,  -9.4,  -1.6, 126.7,   1.8,1267.2,   3.9,   0.7
72021,  -2.9,  -2.1,  -4.7, -14.4,  38.0, 997.4,   3.5,   0.5
72049,  -5.7,  -3.2,  -3.5,  51.7,  42.1, 740.8,   3.1,   0.1
72073,  -4.3,  -1.7,  -2.5, 112.0,-118.8,1184.4,   2.8,  -0.1
72097,  -1.6,  -3.1,  -1.4, -28.6, 123.2, 943.0,   3.0,   0.3
72121,  -1.5,  -2.4,  -4.8, -46.7, 276.5, 962.0,   3.9,  -0.1
72149,   0.0,  -4.9,   1.5, 437.5,-235.2,1408.1,   2.9,   0.1
72173,   0.5,   2.3,  -0.9,-195.1, 104.1,1033.3,   3.4,   0.3
72197,   1.1,   2.5,  -5.1,-128.5,  -6.2,1212.0,   4.1,  -0.2
72221,   2.2,  -1.8,  -1.4, -94.5, -54.3,1094.6,   3.9,   0.1
72249,  -1.7,  -6.4,   0.4, 159.9,  29.2,1299.2,   4.0,   0.4
72271,  -3.9,  -4.3,  -0.1, 193.1,-176.9,1249.6,   3.8,   0.1
72299,  -1.6,   2.1,  -0.6, -59.6,  16.3,1171.5,   3.6,  -0.2
72323,   1.3,   0.8,  -1.2,  84.9, 134.2, 996.2,   3.6,  -0.3
72351,   5.5,  -1.7,  -1.3, 243.6,  93.2,1074.6,   3.8,  -0.6
72371,   3.7,  -5.4,   0.2, 297.8,  33.1,1268.7,   4.6,  -0.3
72399,   2.6, -10.4,   1.1, 459.7,  77.3,1108.7,   4.0,  -0.2
72423,   3.3,  -3.9,   0.2, 161.8, 212.5, 710.3,   4.2,   0.3
72447,  -2.2,  -2.8,  -3.7,  40.3,-136.3,1597.3,   4.4,   0.2
72475,   4.1,  -4.3,   2.1, 271.9, 141.7, 973.0,   3.1,  -0.1
72499,   2.7,  -3.6,  -0.3,  32.4, 148.8, 839.9,   3.8,   0.1
72523,   2.1,  -3.2,  -1.5,  40.5, 105.1,1083.1,   4.0,  -0.0
72547,   4.0,  -2.0,  -2.9,-153.8, 103.7, 774.8,   4.3,  -0.2
72575,   3.0,  -6.1,  -1.5,-113.3,  25.0, 925.9,   4.1,  -0.0
72599,  -1.1,  -3.4,  -0.4,  33.9,-108.5,1119.2,   3.8,  -0.1
72623,   2.9,  -0.5,  -1.2,-129.9, 160.1, 742.0,   3.7,  -0.2
72647,   1.2,  -0.9,  -0.6,-106.7,  48.2, 976.2,   3.4,  -0.3
72675,  -5.0, -13.5,   2.5, 314.9,  56.5,1298.9,   4.8,  -0.1
72699,  -0.9,  -5.0,   2.0,  95.4,  16.7,1107.0,   4.6,  -0.1
72723,   0.6,   1.9,  -0.7, -33.5,  -3.5,1021.8,   4.4,  -0.2
72747,   1.2,   2.2,  -1.5, -27.1, 134.7,1014.0,   4.6,  -0.4
72775,  -2.0,  -2.5,  -2.6, -57.2, 367.1, 701.8,   5.6,  -0.3
72799,  -0.9,  -6.5,   3.7, -89.6,-213.7, 972.8,   4.7,   0.3
72823,  -0.6,   0.2,   2.3, 100.3, -52.6,1078.5,   4.1,   0.4
72851,  -3.6,  -2.1,  -0.7,  63.0,-112.2,1288.7,   3.9,   0.4
72875,  -1.4,  -0.6,  -0.7,  37.8,-131.7,1222.8,   3.9,   0.3
72899,   0.3,   2.4,  -1.5,-128.2,  75.6, 912.5,   4.3,   0.3
72923,  -0.1,   0.4,  -0.6, -82.1,  87.1, 832.4,   4.3,   0.4
72947,   0.2,  -1.1,  -1.2,  23.4, 148.1,1043.3,   4.1,   0.2
72975,  -1.4,  -3.0,  -0.7,  36.8, -44.5,1118.8,   4.0,   0.2
72999,  -1.6,  -0.7,  -0.6, -69.1,  12.8, 814.8,   4.4,   0.3
73023,   0.6,  -9.9,   1.5, 320.8,  80.5,1195.4,   3.9,   0.1
73047,  -1.5,  -0.7,  -0.1,-167.5, 161.5, 631.9,   4.0,   0.3
73075,  -3.7,  -2.6,  -0.5, -66.7,  73.6,1133.9,   4.0,   0.1
73099,   0.5,   6.3,  -0.5,-280.6,-473.0,1273.1,   3.3,   0.3
73123,   5.2,  -2.0,   2.5, 138.4, 241.8, 686.6,   3.3,   0.4
73147,   4.4,  -5.6,  -0.9, 257.3, 201.1, 860.0,   4.2,   0.3
73175,   0.3, -10.0,  -0.0,  83.5, 175.4, 962.7,   4.7,   0.6
73199,  -0.3,   3.8,  -0.1,   2.2,  60.4,1020.4,   4.3,   0.3
73223,   0.8,  -1.4,   2.8, -40.1,  50.4, 913.4,   3.5,   0.4
73247,  -1.4,  -1.7,   2.8,  45.1, 142.0, 912.9,   3.5,   0.3
73275,  -2.7,  -0.2,  -0.3, -78.9, -48.2, 978.4,   3.3,   0.3
73299,  -0.8,  -0.1,  -0.6,  17.8, -90.4,1136.3,   3.1,   0.2
73323,   7.5,  -0.9,  -0.1, -33.5,  34.3, 924.9,   3.1,   0.2
73351,   3.6,  -7.6,   1.7, 241.7, 188.6,1181.5,   3.2,  -0.2
73375,   4.3,  -1.2,   1.9,  80.0,  82.7,1106.8,   3.1,  -0.3
73399,   0.3,   1.9,  -0.8,-153.1, -40.1,1160.7,   3.3,   0.0
73423,  -0.5,   4.4,  -1.9,-142.1,-154.6,1083.1,   3.9,  -0.0
73447,   5.9,   1.3,   1.9,  58.1, 151.3, 916.6,   3.0,   0.0
73475,  -1.7,  -0.7,   0.8, 106.4, 210.6, 871.9,   3.7,   0.0
73499,  -0.9,   2.6,   0.0,-104.0,  50.9, 968.9,   4.2,   0.1
73523,   0.2,   0.6,   0.3,-111.1, 123.2, 857.0,   4.5,   0.4
73547,  -2.1,  -6.2,   2.0, -28.4, 170.1, 782.1,   4.5,   1.0
73575,  -1.1,  -2.8,   1.5, 181.4,  77.8, 999.1,   4.2,   0.8
73599,  -1.2,  -1.4,   0.2, -79.6,  93.4, 831.9,   4.0,   0.8
73623,   0.1,   1.8,  -2.3, -87.4,  55.6,1165.1,   3.8,   0.6
73651,  -2.4,  -4.2,  -3.1, -19.1, 160.1, 922.7,   3.7,   0.8
73675,  -0.4,   2.1,  -2.5,-190.0, 165.9, 668.8,   3.7,   0.7
73699,  -1.1,  -2.3,  -1.6, -43.0, -10.6, 983.0,   3.5,   0.5
73723,  -2.2,  -1.8,  -1.5, -20.1,  -8.6, 996.2,   3.4,   0.5
73751,  -1.8,   4.8,  -2.2, -92.6,-188.3,1503.8,   3.9,   0.0
73775,   4.7,  -0.9,   0.3,-151.4,  83.1, 869.7,   2.6,   0.7
73799,   2.9,  -2.2,  -3.7,-142.4, 171.3, 707.1,   3.2,   0.6
73823,   1.0,  -5.1,  -4.5,  94.9, 185.0,1004.5,   3.4,   0.2
73851,   2.1,   1.3,  -4.8, -81.8,  34.3, 798.0,   3.4,   0.4
73875,  -1.4,  -0.0,  -1.6,  -4.7, -91.2,1152.2,   3.2,   0.4
73901,  -4.7,  -5.0,  -1.7, 249.2, -57.2,1117.8,   3.0,   0.2
73925,  -1.7,  -5.3,  -1.8, 228.5,  -6.2,1130.5,   2.6,  -0.1
73949,  -1.5,   2.7,  -4.2,-212.7,  -9.1, 809.9,   2.3,   0.1
73973,  -0.1,   1.3,  -3.7, -44.0, -68.5,1200.8,   2.1,  -0.2
74001,   3.6,  -2.6,  -2.2,-113.8, 145.4, 948.6,   2.6,  -0.0
74025,   1.2,  -4.1,  -3.3,  27.3, -89.2,1251.3,   2.4,  -0.3
74049,   0.0,   1.3,  -3.9,  60.8,   6.7,1046.5,   2.2,  -0.5
74073,   1.8,  -3.9,  -3.0,  69.5,  35.1, 956.9,   2.1,  -0.6
74101,  -0.3,  -1.2,  -3.9,  14.4, 117.3, 926.4,   2.5,  -0.6
74125,   0.2,   2.9,  -4.8,-290.6,   8.9, 734.0,   2.8,  -0.6
74149,   4.1,   0.1,  -3.3,-346.7,  59.5, 944.2,   1.9,  -0.3
74173,   1.7,   1.0,  -5.8, -67.7,  40.4, 917.6,   2.4,  -0.5
74201,   4.0,  -0.4,  -6.6, -99.6,  41.6,1120.0,   2.9,  -0.9
74225,   0.8,   5.4,  -6.6,-223.7,   3.8, 927.8,   3.3,  -0.8
74249,  -3.4,   0.2,  -4.7,  16.6,-166.6,1299.4,   3.2,  -0.8
74273,   2.1,   0.4,  -2.6,  45.1, 241.8, 639.0,   3.4,  -0.5
74301,   0.5,  -0.6,  -3.3, 103.0, 137.6,1029.2,   3.3,  -0.9
74325,  -1.5,  -1.0,  -4.2,  53.4,  -1.3,1189.1,   3.3,  -0.9
74353,   0.9,  -5.2,  -2.3, 101.3, 115.1, 933.5,   3.4,  -1.1
74373,   1.8,   2.9,  -2.5, -15.7,  21.1,1040.1,   3.3,  -1.4
74401,   0.1,   0.4,  -2.5,  17.8,  66.1, 950.5,   3.5,  -1.1
74425,  -0.6,   1.6,  -3.7, -95.7, -21.3,1001.3,   3.4,  -0.7
74449,  -2.4,  -4.0,  -4.1, 153.3,  90.0, 907.6,   3.2,  -0.6
74473,  -2.2,  -7.2,  -3.6, 451.6,  98.3,1065.5,   3.2,  -1.0
74501,  -0.7,   3.2,  -4.4, 163.3,  83.1, 932.5,   2.8,  -1.4
74525,   1.0,  -3.2,  -2.7,-137.5, 208.1,1046.2,   3.5,  -0.7
74549,  -3.3,  -1.5,  -5.1,   7.5,-271.6,1459.3,   3.0,  -0.5
74573,  -0.3,  -1.0,  -4.7,  93.0, 166.9, 922.5,   3.2,  -0.6
74601,   0.5,  -0.3,  -5.0, -87.7,  23.3, 933.9,   2.9,  -0.6
74625,  -0.7,  -1.2,  -4.8,   5.8,  75.8, 954.9,   2.9,  -0.6
74649,  -0.4,  -1.2,  -4.2, 112.0,  87.8,1048.4,   3.0,  -0.7
74673,  -0.8,   0.4,  -5.1, -40.1,  33.1,1010.8,   2.9,  -0.5
74701,  -0.8,   1.5,  -4.3,-102.1,  30.9, 910.3,   2.7,  -0.4
74725,   2.0,  -3.3,  -6.0,-108.4,  42.9, 874.6,   2.6,  -0.3
74749,   0.3,  -4.3,  -6.6,  -9.1,   0.9,1079.2,   2.7,  -0.8
74777,   2.2,  -2.6,  -4.9, -45.0,  63.1, 896.6,   2.8,  -0.7
74801,   1.3,  -6.5,  -2.4,  35.4,  94.4, 909.5,   2.9,  -0.6
74825,  -0.1,  -2.3,  -3.9, -52.8,  29.7,1027.7,   3.0,  -0.5
74853,  -0.3,  -0.4,  -3.5, 111.1, 101.0,1051.6,   3.0,  -0.6
74877,  -0.6,  -1.5,  -2.1, 240.0,  87.5, 969.6,   2.8,  -0.9
74901,   0.8,  -2.1,  -3.6,  60.0,  39.9,1153.9,   3.1,  -0.8
74925,  -1.3,  -1.2,  -4.2, 155.0,  74.4,1000.3,   3.7,  -0.6
74949,  -2.0,  -8.1,  -0.3, 420.4,-319.2,1548.4,   3.0,  -0.1
74977,   3.7,  -4.6,  -0.7,  47.1, 134.9,1105.8,   3.1,  -0.0
75001,   3.3,   2.6,  -3.0,-112.3, 113.2, 701.3,   3.7,  -0.5
75025,   0.7,  -3.1,  -0.1, 134.0,  93.6,1018.7,   3.8,  -0.3
75049,   2.1,  -2.4,  -0.1, 111.1,  69.0,1090.7,   3.7,  -0.1
75077,  -0.3,   2.0,  -0.6, -21.8, -37.5,1116.1,   3.5,  -0.1
75101,   0.6,   2.4,  -1.3,-107.2, 127.1, 996.2,   3.6,   0.1
75125,   4.8,  -3.7,   0.3,-135.3, 133.4, 813.6,   3.7,   0.5
75149,   1.4,  -2.5,  -1.9, 103.7, -38.9,1256.7,   3.8,   0.0
75177,   5.8,  -0.5,  -1.1, -44.0, 127.6, 862.4,   3.9,  -0.1
75201,   2.6,  -8.1,  -0.8, 197.7, 136.6,1087.5,   4.4,   0.4
75225,  -2.4,  -5.3,  -1.4, 148.2,  57.0,1094.8,   4.1,   0.8
75249,   0.4,  -4.5,  -1.1, 129.9,  97.1, 820.7,   3.9,   0.7
75277,   0.7,   1.8,  -2.2,-173.1,  88.8, 808.7,   3.6,   0.3
75301,  -0.6,   1.3,  -2.5,-138.0, 202.0, 773.5,   4.1,   0.1
75325,  -1.4,  -3.7,  -2.5,  49.0,  88.5,1003.5,   4.8,  -0.1
75353,   3.9,  -3.4,   2.8,  50.0,-166.1,1319.7,   4.7,  -0.2
75377,   1.9,   0.2,   1.0,-123.3,  36.8, 860.0,   4.5,  -0.1
75401,  -0.3,  -0.6,  -0.4,  70.5,  20.9,1070.2,   4.5,  -0.8
75425,  -1.1,  -1.8,   1.9, 244.8,  66.1,1023.3,   4.4,  -0.9
75449,  -1.5,  -6.3,   3.2, 235.3, 140.8,1056.3,   4.4,  -0.4
75477,  -1.4,  -2.3,   2.1, 124.5,  35.5, 989.4,   4.3,  -0.2
75501,   1.2,  -0.1,   1.7, -84.7, 240.9, 791.9,   4.6,   0.0
75527,  -0.3,  -4.1,   1.2, -34.2,  11.9,1066.8,   4.3,   0.1
75551,   1.6,  -2.5,   2.1,-157.5, -14.0, 997.4,   3.9,   0.3
75575,   0.5,  -1.2,   1.4, -92.3,   5.8, 938.8,   3.9,  -0.0
75599,  -0.3,   0.6,   0.5,-259.6, 233.3, 854.8,   4.4,   0.0
75627,  -2.0,  -2.3,   1.2, -89.4, -62.6,1106.3,   4.0,   0.3
75651,  -1.5,   0.4,   0.9,-107.2, -17.9, 952.0,   3.6,  -0.0
75675,   0.7,   0.5,   2.2, -45.9,  71.9, 854.8,   3.3,  -0.2
75699,   0.1,   2.0,   1.1, -51.5, 170.1, 933.7,   3.7,  -0.2
75727,  -2.3,   0.8,  -0.5, -50.8,  39.4, 960.3,   4.0,  -0.3
75751,   2.5,  -2.0,   3.8,  98.4,  54.1, 971.3,   3.5,   0.5
75775,  -1.1,  -0.2,   1.9, 218.2,  23.6,1102.9,   3.5,  -0.1
75799,  -0.7,   1.1,   1.8,  56.1,  39.9, 902.7,   3.5,  -0.0
75827,  -4.0,  -1.6,   1.1,  47.3, 149.1, 868.3,   3.8,   0.1
75855,  -2.6,  -3.1,   1.8, 190.2,  76.1, 855.6,   3.8,  -0.2
75875,  -1.6,  -3.9,   4.7, 163.1,  83.1,1021.6,   3.3,  -0.0
75903,  -1.4,   1.0,   5.3, -81.8, 186.7, 713.5,   3.3,   0.2
75927,   0.8,  -0.3,   4.8,-132.1,-115.1,1045.8,   3.4,   0.9
75951,   1.8,   2.9,   2.6,-235.6,  53.4, 942.2,   2.9,   0.6
75975,   0.7,  -2.0,   4.1,  59.0,  19.4,1161.0,   3.2,   0.2
76003,   1.6,   2.5,   5.6, -56.2, 110.2, 854.1,   3.1,   0.4
76027,   0.7,  -1.2,   4.9,  63.9,  19.9, 957.9,   3.1,   0.1
76051,  -2.3,  -5.6,   6.7, 341.5,  28.9,1364.6,   3.2,   0.4
76075,  -2.8,   2.5,   4.1, -55.9, -21.6, 993.5,   2.9,   0.5
76103,  -2.7,  -1.2,   2.7,-103.8,  92.9, 904.4,   2.9,   0.7
76127,   0.3,   2.7,   2.1,-447.8,  36.5, 711.3,   3.1,   0.8
76151,  -0.1,  -3.4,   1.7,-155.3, -87.3,1077.5,   2.4,   0.8
76175,  -0.7,   2.8,   1.5, -61.8,  90.5, 874.1,   2.8,   0.3
76203,  -2.2,   0.5,   2.4, -90.9, 129.8, 911.7,   3.3,   0.3
76227,  -1.5,  -0.7,   4.1, -32.5,  53.4, 804.8,   3.3,   0.4
76251,  -3.4,   0.8,   3.9,-146.5, -34.5, 993.3,   3.0,   0.6
76275,  -4.5,  -1.7,   3.9, -13.0,  72.4,1049.4,   2.9,   0.3
76303,  -2.5,  -0.4,   4.4, -11.5,  87.3, 991.3,   2.9,   0.1
76327,  -4.0,  -0.7,   5.7,  55.6,  -3.8,1079.2,   2.9,   0.1
76355,  -2.3,   2.7,   6.1,  -0.5,  12.1,1061.1,   2.8,   0.2
76375,  -2.2,   3.8,   5.2,   6.3, -17.2,1103.4,   2.7,   0.1
76403,  -3.9,  -1.0,   4.6, 196.5, -66.5,1261.1,   3.0,   0.3
76427,  -0.4,   3.5,   4.8, -12.0,  62.2, 678.8,   2.9,   0.3
76451,  -2.9,  -7.9,   6.2, 390.1, -28.4,1148.5,   2.7,   0.3
76475,  -4.5,  -3.9,   3.3,  87.4,  82.7,1028.9,   2.5,   0.8
76503,  -0.7,  -1.2,   1.7,-108.4, 109.8, 677.6,   2.4,   0.8
76527,  -4.1,  -4.5,   3.1, 140.1, 131.2,1068.5,   2.7,   0.5
76551,  -2.8,   0.2,   2.4,  62.2, -19.1,1396.3,   2.9,  -0.2
76575,   2.7,   6.0,   1.5,-243.9,-115.3, 928.6,   2.2,   0.4
76603,   3.4,  -0.6,   1.2, -38.4,  62.2, 957.6,   2.2,   0.5
76627,   1.4,  -2.0,   0.7, -13.5,  58.7, 978.9,   2.7,   0.2
76651,  -2.2,   0.4,   2.7, -83.8, -35.0, 996.2,   2.8,  -0.1
76675,  -3.5,  -0.6,   4.2,  21.7, -79.9,1047.2,   2.4,  -0.1
76703,  -3.1,   4.1,   4.6, -94.5,  -2.5,1130.2,   2.0,  -0.1
76727,  -3.7,  -1.4,   4.6, -72.8,  38.5, 983.3,   2.0,  -0.1
76751,  -0.9,  -1.1,   5.1, 240.7, 229.9, 763.3,   2.0,  -0.3
76775,  -2.2,   2.2,   4.3,  84.7, -12.8,1002.3,   1.8,  -0.4
76803,  -1.4,  -5.9,   6.6, 234.3, -15.0,1070.9,   1.5,  -0.2
76827,  -0.9,   1.9,   4.9,   1.2, -56.7, 931.7,   1.0,  -0.1
76855,  -0.6,  -2.5,   3.0,   4.9,  -9.9,1007.9,   1.0,  -0.2
76875,   0.3,  -0.3,   2.8, -28.1,  19.9, 933.9,   0.8,  -0.3
76903,  -0.3,   1.1,   1.1,   9.2,  63.4, 947.6,   1.2,  -0.5
76927,  -3.7,  -0.9,   2.5, -31.8, 205.5, 836.5,   2.0,  -0.2
76951,  -1.2, -12.6,   7.7, 108.1,-221.1, 921.2,   1.1,   0.3
76975,   0.7,  -8.6,   4.7, 476.5, 107.3,1215.2,   0.2,   0.1
77003,  -0.4,   0.5,  -1.1, 179.2, -52.4,1158.8,   0.6,  -0.5
77027,   2.4,  -1.2,  -0.6,-125.3, 146.6, 761.8,   0.9,  -0.4
77051,   4.9,  -6.5,   0.1, 123.0, 122.9,1001.3,   1.1,  -0.3
77079,   1.3,  -2.9,  -0.6,-221.7,  47.3, 782.1,   1.1,  -0.1
77103,   1.6,  -2.8,   1.7,  69.8, 105.4, 892.9,   1.2,  -0.4
77127,  -1.4,  -4.3,   0.6, 212.4,  56.5,1035.3,   1.1,  -0.7
77153,  -2.4,   3.7,  -1.9,-170.9,-102.9, 922.0,   0.6,  -0.5
77177,   1.1,  -1.2,  -1.9,-132.1,  99.5, 890.7,   0.7,  -0.3
77201,   1.1,  -6.4,  -2.8, 198.7,  22.1,1095.6,   0.9,  -0.7
77229,   2.9,  -3.6,  -3.7, 206.8, 155.2, 957.6,   1.0,  -0.9
77253,  -0.9,  -4.6,  -2.2, 197.7,   3.6,1000.3,   0.8,  -1.0
77277,   1.1,   0.3,  -1.9, -47.9, 124.2, 746.9,   0.8,  -1.0
77301,  -2.5,  -2.1,  -2.7,  61.2,   2.8,1129.0,   1.0,  -1.2
77329,  -2.1,  -0.9,  -1.1,-351.1, -81.6, 873.9,   0.8,  -1.0
77357,   1.1,  -2.0,   0.7,  98.1, 129.5, 881.9,   1.0,  -1.2
77377,   0.2,  -2.1,  -0.9,  27.6, 119.3,1000.8,   1.5,  -1.3
77401,  -1.2,   0.2,  -2.5,  -9.3, -56.0,1067.7,   1.5,  -1.5
77429,  -2.5,  -0.2,  -1.5,-169.5,-141.7,1187.4,   1.2,  -1.2
77453,  -1.2,   2.7,  -1.1, -81.8, -79.5, 941.3,   0.9,  -1.4
77477,  -3.2,   0.5,  -0.9,  15.6,  67.5, 816.5,   1.2,  -1.4
77501,  -1.7,  -2.8,   0.3, 179.7,  -4.0,1206.6,   0.8,  -1.4
77529,  -0.3,  -1.8,  -0.0, -14.2,  96.6, 768.2,   0.8,  -1.1
77553,  -0.4,  -3.9,   0.4,   6.3,  -2.5, 955.9,   0.7,  -0.9
77577,   0.5,  -1.5,   0.0,-111.4,  36.3, 858.0,   0.7,  -0.9
77601,   2.5,  -3.7,   0.2, -47.6, 115.1, 747.4,   0.7,  -1.1
77629,   1.0,  -2.9,   0.1, -43.7,   4.3, 928.3,   0.6,  -0.9
77653,  -2.5,   1.7,  -0.7,-237.3, -89.0,1054.8,   0.5,  -0.8
77677,  -1.1,  -0.7,  -0.9, -77.7, -44.8,1109.0,   0.5,  -1.0
77701,  -0.4,  -2.4,  -0.3, 136.4, 153.9, 735.0,   1.0,  -1.3
77729,  -7.6,   4.7,   0.2, 100.1,-175.6,1429.1,   0.9,  -1.9
77753,   1.9,   7.2,   2.8,-276.9,  98.8, 742.3,   0.2,  -0.9
77777,   0.2,   2.9,   0.6,-110.4, 133.4, 804.3,   0.3,  -0.8
77801,   0.4,  -1.9,   1.3,  33.4,  31.1, 856.8,   0.3,  -1.0
77829,   0.8,   1.5,   0.5,-114.5,  78.0, 888.8,   0.3,  -1.0
77857,  -1.1,  -6.2,   2.7, 205.0, -24.5,1072.4,   0.2,  -1.3
77877,  -0.4,   2.1,   2.8, -91.1, -39.9, 982.8,  -0.2,  -1.3
77901,  -3.9,   1.6,   1.7, 131.8,  30.9,1441.8,  -0.2,  -1.5
77929,  -3.3,   3.1,   0.1,-145.5, -81.4, 873.6,  -0.7,  -1.0
77953,  -3.0,   0.7,  -0.4,  38.1,-117.5,1154.2,  -1.0,  -1.0
77977,   0.0,   0.5,   0.2,   8.3, -78.2, 985.5,  -1.0,  -1.0
78001,   0.2,  -1.4,  -0.5, -80.4,  22.4,1225.9,  -0.7,  -0.9
78029,   0.0,  -0.1,   0.0,-144.1, -80.4, 988.4,  -0.9,  -0.9
78053,   0.9,   1.9,   1.4,-101.4, -81.2, 891.9,  -1.1,  -1.0
78077,   1.1,   1.3,  -0.3,  71.3, 104.4, 870.2,  -0.9,  -1.3
78101,   0.7,   0.4,  -0.1, -41.0,  95.6, 765.0,  -0.4,  -1.0
78129,  -2.6,   3.1,   2.1,-159.5,-334.1,1463.2,  -0.4,  -1.1
78153,   1.1,  -0.7,   5.6, -30.6,  72.4, 874.4,  -1.0,  -0.6
78177,   1.3,   0.5,   3.7, -59.8,  23.8,1085.8,  -0.5,  -0.6
78205,   1.0,   0.4,   0.0,-201.2,-117.8, 960.1,   0.1,  -0.7
78229,   2.3,  -5.2,   0.5,  24.4,  40.7,1035.3,   0.2,  -0.4
78253,  -0.9,   1.9,   1.1,-182.4,-101.7, 814.1,  -0.0,  -0.4
78277,  -1.8,  -1.1,   0.6, 104.2, -62.1,1208.1,  -0.4,  -0.6
78305,   1.1,  -2.5,   1.9,  69.8,  63.4, 871.0,  -0.5,  -0.6
78329,   0.0,  -2.3,   2.4,  67.1,  91.9, 860.5,  -0.5,  -0.7
78357,   0.7,  -0.7,   1.9,  57.1,  21.9, 972.5,  -0.5,  -0.8
78377,   2.8,  -1.5,   2.8,  82.5,  66.5, 991.8,  -0.3,  -0.7
78405,   5.6,  -1.8,   3.8,  43.7, 178.6,1119.5,   0.1,  -0.7
78429,  -0.3,  -0.6,   2.3,-178.7,-161.2, 824.1,   0.2,  -0.5
78453,   0.7,  -1.7,   3.4,  95.9,  15.5,1045.0,  -0.0,  -0.8
78477,  -0.7,  -1.6,   4.3, 189.7, -21.6, 914.2,  -0.2,  -0.8
78505,  -2.4,   3.3,   3.2,  90.8,  92.7, 899.0,   0.1,  -1.1
78529,  -0.9,   4.3,   3.6,-214.9,-121.4, 954.7,   0.3,  -0.5
78553,   3.9,  -3.9,   6.0, -46.2,  92.2, 896.8,  -0.2,  -0.2
78577,   1.8,   2.5,   4.2,  21.7,  22.1, 944.7,  -0.2,  -0.8
78605,   1.3,   0.9,   2.1, -16.1,   5.8,1176.9,   0.1,  -0.7
78629,  -0.4,   0.1,   1.3, -61.1, -90.9,1156.6,   0.2,  -0.4
78653,   1.1,  -3.4,   1.6,  91.3,  58.2,1006.2,   0.2,  -0.4
78677,  -0.6,   0.3,   2.0, -42.3,-114.9,1174.9,  -0.0,  -0.3
78705,  -1.1,  -0.6,   2.7, -11.0,  19.7, 824.1,   0.1,  -0.3
78729,   1.0,   1.4,   3.0,  78.1, -67.7,1070.4,   0.2,  -0.5
78753,  -0.7,   5.9,   2.4,-125.8,-101.4,1064.1,   0.2,  -0.7
78779,   3.1,   2.4,   1.9,  30.7,  20.2, 935.4,   0.3,  -1.0
78803,   0.0,  -4.2,   3.5, 179.9,  84.9, 950.3,   0.5,  -0.4
78827,   1.2,  -1.0,   1.9,  84.9,  24.6, 891.0,   0.2,  -0.3
78855,   2.1,   3.0,   1.4, -63.8,  17.2, 794.8,   0.3,  -0.1
78879,  -0.9,   0.7,   2.2, -63.5,  29.7, 933.7,   0.4,  -0.3
78903,   0.2,  -1.7,   1.9,  26.6, 223.8, 786.7,   0.8,  -0.6
78927,  -4.0,   3.7,   1.0,-163.9,-139.3,1475.2,   1.1,  -0.7
78955,  -3.3,   3.2,   3.5,-168.5,-401.2,1233.5,   0.1,  -0.1
78979,   2.5,   1.3,   2.1, -78.6, -29.2, 854.8,   0.1,  -0.2
79003,   0.7,  -1.1,  -0.3,  27.1,  75.3, 921.5,   0.6,  -0.6
79027,   2.4,  -4.2,   0.8, 293.4,  93.2,1096.3,   0.9,  -0.8
79055,   2.3,   1.7,   0.8,  67.6, 196.9, 929.1,   0.9,  -0.6
79079,   0.5,   3.8,   0.1,-101.1,  94.9, 835.3,   0.8,  -0.3
79103,   0.9,  -3.7,   2.4,  21.0,  43.6, 913.2,   0.6,  -0.3
79127,   1.0,  -3.0,   2.2,  67.6, -82.6,1023.1,   0.3,  -0.3
79155,   0.4,  -0.9,   0.6, 109.3, -13.0,1074.3,   0.4,  -0.8
79179,   1.3,   1.4,   1.9, -71.1,  -4.5, 880.5,   0.4,  -0.7
79203,   3.8,  -0.6,   3.0, -71.8, 212.5, 835.8,   0.6,  -0.4
79227,   2.1,  -3.4,   2.2,  31.5,  68.5, 824.8,   0.4,  -0.3
79255,   1.6,  -3.6,   0.4, -41.8,  23.3, 870.5,   0.0,  -0.1
79279,   2.2,  -2.3,  -0.6,  76.9, 135.9, 765.5,   0.2,  -0.6
79303,  -0.4,  -0.5,  -0.1, -83.0,  43.1,1036.5,   0.1,  -0.7
79331,  -4.3,   0.2,  -0.3, -14.4, -10.6,1081.9,   0.4,  -0.8
79359,   3.3,   0.1,  -0.1,-213.9,  41.4, 831.9,   0.5,  -0.5
79379,   2.7,  -5.0,  -0.6, 250.0, 158.3, 923.7,   0.7,  -1.1
79403,  -1.1,  -5.1,  -0.3, 312.0, -44.8,1096.0,   0.5,  -1.5
79431,   1.7,  -4.1,  -1.4, 155.2,  98.8,1003.3,   0.4,  -1.5
79455,  -0.4,  -3.1,  -2.8,  74.7,   0.9,1013.8,   0.3,  -1.2
79479,  -0.7,   2.1,  -1.7, -66.4, -61.9, 931.3,  -0.1,  -1.1
79503,  -1.7,  -5.0,   0.6,  97.4,  22.6,1039.4,  -0.2,  -1.1
79531,  -0.8,  -0.9,  -0.7,  70.8,  14.5,1056.7,  -0.2,  -1.5
79555,  -0.9,   0.3,  -1.9, -36.7, -79.7,1115.1,  -0.4,  -1.3
79579,   0.5,   0.7,  -1.9, -42.5,  48.2, 786.0,  -0.3,  -1.3
79603,  -0.3,  -3.3,  -0.4, 224.1,  55.3,1008.2,  -0.4,  -1.4
79631,   0.7,   1.6,  -0.1, -65.5, -42.1, 842.9,  -0.5,  -1.3
79655,   1.4,   0.2,   1.1,  53.2, -46.0,1066.3,  -0.5,  -0.9
79679,   0.5,  -4.8,   1.0, 207.0,  38.7, 944.9,  -0.5,  -1.1
79703,  -1.0,  -0.7,  -0.2, -79.6, -22.1, 996.9,  -0.7,  -1.2
79731,   1.7,  -3.5,   1.1,  52.9,  85.1, 993.3,  -0.9,  -1.1
79755,   0.2,  -1.5,  -0.1, 119.4, 126.4,1016.7,  -0.7,  -1.1
79779,  -0.3,   0.2,  -1.3, -47.2,  22.4, 881.2,  -0.6,  -1.2
79803,  -1.7,  -3.9,   1.4, -14.2,-264.8,1263.5,  -1.0,  -0.7
79831,  -0.4,  -3.6,   0.6, 209.2,  -5.2,1171.0,  -1.2,  -0.6
79859,   1.1,  -2.4,  -1.1, 140.8, -31.8, 956.9,  -1.2,  -0.8
79879,   1.0,  -3.6,   0.2,-145.1, -33.3,1000.8,  -1.1,  -0.6
79903,   1.3,  -0.1,  -0.9,-146.8, -10.8, 929.5,  -1.0,  -0.6
79931,   0.6,   0.7,  -0.9,  42.0, -27.2,1023.8,  -1.0,  -0.7
79955,  -0.2,   0.6,  -1.2, -36.2, -60.2,1047.2,  -0.9,  -0.8
79979,  -0.9,   3.0,  -0.1,-126.7, -64.1, 873.4,  -0.9,  -0.8
80003,  -1.2,  -2.1,   0.0,  44.9,   6.2,1123.4,  -0.8,  -1.0
80031,  -0.9,  -0.6,   1.3,  80.5, -23.8,1039.9,  -0.9,  -1.1
80055,  -1.0,   1.2,   0.5, -47.4, -34.8, 955.7,  -0.9,  -1.1
80079,   2.5,  -0.7,   1.7,  21.5,  73.6, 893.4,  -0.6,  -1.1
80103,  -0.3,   0.5,   1.5,   2.4, -88.5,1060.9,  -0.7,  -1.1
80131,   0.4,   1.0,   2.2, -15.4, -58.2,1071.6,  -0.5,  -1.0
80155,  -0.4,   1.6,   3.1,-116.0, -34.8, 955.2,  -0.7,  -0.9
80179,   1.2,   1.8,   2.5,-145.5,  18.0, 810.9,  -0.3,  -0.6
80203,  -0.4,  -1.2,   1.4,  32.7,-100.0,1207.6,  -0.2,  -0.7
80231,   1.1,  -0.9,  -0.0, -93.8,  60.2, 972.0,  -0.2,  -0.6
80255,   0.3,  -1.3,  -0.3, -56.7,  -7.7, 995.0,  -0.2,  -0.7
80279,   0.6,   0.2,  -0.6, -69.6,   8.4, 936.4,  -0.2,  -0.8
80303,  -1.7,  -0.7,  -0.0,  36.8,  81.2, 915.4,   0.1,  -1.0
80331,  -1.4,   1.2,   0.1,  51.2, -86.5,1307.5,   0.2,  -1.2
80359,   0.7,   3.5,   0.2, -67.2,-185.9,1053.3,   0.0,  -1.0
80379,   1.4,  -1.1,   0.3, 201.1,  35.1,1023.3,   0.0,  -1.0
80405,   0.6,  -2.9,  -0.8, 132.0, -17.4, 995.0,   0.2,  -1.5
80429,   3.0,   1.7,   0.4,  49.8,  45.1, 858.3,   0.2,  -1.5
80457,   3.0,   0.5,  -0.1,  46.6,  69.2, 873.1,   0.5,  -1.2
80481,   0.2,  -0.6,   1.0,  42.2,  21.6, 991.3,   0.5,  -1.1
80505,   0.2,  -2.9,   1.7,  54.9, -16.0,1094.6,   0.2,  -1.1
80529,  -1.5,   0.1,   1.1,  35.1, -41.4,1067.0,   0.1,  -1.0
80557,  -0.9,  -2.0,   0.4,  62.5,  15.8, 965.2,  -0.1,  -1.1
80581,   0.2,  -1.0,   1.1, 100.6, -38.2,1019.4,  -0.3,  -1.1
80605,   0.3,  -1.2,  -0.2,  65.4, -12.6, 965.9,  -0.4,  -1.0
80629,   1.1,  -1.2,  -1.4, -30.3,   1.1, 958.1,  -0.5,  -1.1
80657,   0.9,  -1.7,  -2.0,  38.3,  -4.0, 980.6,  -0.4,  -1.2
80681,   0.7,  -1.8,  -1.8,  55.4,  -8.9, 996.9,  -0.5,  -1.2
80705,  -0.6,   2.6,  -1.9, -34.0, -42.6,1015.0,  -0.5,  -1.3
80729,  -0.4,  -1.4,  -0.6,  70.8, -15.7, 999.9,  -0.6,  -1.2
80757,  -0.2,  -0.4,  -2.3,  37.8, -73.3,1037.2,  -0.7,  -1.3
80781,   0.6,  -1.7,  -3.5,   6.6, -33.8,1003.3,  -0.8,  -1.3
80805,  -0.7,  -1.5,  -4.5, 117.2, -23.5, 986.9,  -0.8,  -1.4
80829,  -1.0,  -2.9,  -3.9,  95.7,   8.4, 998.6,  -0.9,  -1.5
80857,  -0.7,  -2.0,  -3.9,  39.5,   8.4, 970.3,  -0.9,  -1.6
80881,  -1.4,  -1.7,  -2.5,  48.3,  44.6, 955.4,  -0.9,  -1.5
80905,  -2.1,  -1.3,  -2.2,  -2.0, -39.9, 989.4,  -1.1,  -1.5
80929,  -1.9,  -2.8,  -2.0,  44.4,   1.8, 962.5,  -1.1,  -1.5
80957,  -1.8,  -2.6,  -2.4, 199.7,-152.9,1212.5,  -1.4,  -1.5
80981,   0.2,  -1.6,  -3.2, 141.3, -66.8,1059.7,  -1.9,  -1.5
81005,   0.8,  -0.6,  -3.4, 194.3, -41.4, 986.2,  -2.1,  -1.7
81029,   0.8,  -0.6,  -2.7,  89.6,  11.4,1015.2,  -2.0,  -1.7
81057,   1.5,   0.2,  -0.7,  22.2, -26.0, 956.2,  -1.9,  -1.6
81081,   0.0,  -1.0,  -0.6,  51.7, -27.4, 981.5,  -1.7,  -1.4
81105,   0.8,  -0.6,  -1.4,  52.2,  23.6, 998.6,  -1.7,  -1.3
81129,   1.1,  -2.0,  -1.2,  -6.9, -59.9,1022.1,  -1.8,  -1.3
81157,  -0.4,   0.1,  -2.3, -18.6, -64.6,1009.9,  -2.1,  -1.3
81181,  -0.3,   1.8,  -2.3, -32.5, -26.5,1017.2,  -2.2,  -1.4
81205,  -0.8,  -2.1,  -2.2,   2.9, -48.4,1030.9,  -2.3,  -1.4
81229,  -0.4,  -0.9,  -2.2,  -6.1, -29.2, 998.4,  -2.2,  -1.4
81257,   0.1,   1.5,  -2.1, -33.0, -42.8,1021.1,  -2.2,  -1.3
81281,  -0.6,  -0.1,  -1.2, -19.1, -65.0,1004.5,  -2.2,  -1.3
81305,  -0.0,  -2.0,  -1.7,   2.7, -66.8,1009.1,  -2.3,  -1.3
81329,  -0.3,   0.2,  -0.6,  22.9, -59.2,1001.3,  -2.4,  -1.4
81357,  -0.1,  -1.7,  -0.4,  23.9, -42.3, 996.7,  -2.4,  -1.4
81381,  -0.1,  -2.3,  -1.0,   5.3, -34.3,1016.5,  -2.5,  -1.4
81405,  -0.3,  -1.5,  -0.8,   0.9, -54.5,1001.8,  -2.5,  -1.4
81429,   0.4,   1.3,  -0.6,  27.3, -34.8, 993.0,  -2.4,  -1.4
81457,   0.2,  -1.1,  -0.6,  10.7, -18.4, 996.4,  -2.4,  -1.4
81481,  -0.3,   0.5,  -0.1,  52.7, -33.3,1003.0,  -2.4,  -1.4
81505,   0.3,  -0.7,  -0.2,  18.3, -56.5, 996.4,  -2.4,  -1.4
81529,   0.3,  -1.1,  -0.5,  14.9, -54.8, 986.7,  -2.4,  -1.4
81557,   0.3,  -0.9,  -0.2,  11.2, -45.0, 988.1,  -2.4,  -1.5
81581,   0.4,  -0.7,  -0.8,  27.6, -41.4,1003.5,  -2.4,  -1.5
81605,  -0.4,   0.4,  -0.3,  18.5, -39.2,1002.1,  -2.4,  -1.4
81633,  -0.1,   0.4,  -0.4,  18.5, -28.2, 994.5,  -2.4,  -1.5
81657,   0.0,  -1.7,  -0.3,  23.9,  -6.2,1024.3,  -2.3,  -1.5
81681,   0.3,  -0.4,   0.2,   4.6, -26.2,1010.6,  -2.2,  -1.5
81705,   0.3,  -0.9,  -0.1,  21.7, -15.7,1000.3,  -2.1,  -1.5
81733,  -0.3,  -0.6,  -0.1,   4.1, -23.5, 998.6,  -2.0,  -1.5
81757,  -0.4,   0.2,  -0.2,  12.4, -13.3, 982.0,  -1.9,  -1.5
81781,   0.7,  -1.2,  -0.1,  30.7,  -9.6, 995.7,  -1.8,  -1.5
81805,  -0.3,  -0.9,  -0.1,  36.3, -26.5,1007.9,  -1.8,  -1.5
81833,  -0.4,   0.3,  -0.1,  21.5, -11.3,1006.0,  -1.6,  -1.6
81861,   0.4,  -0.5,  -0.0,  31.7,  -9.6, 987.4,  -1.6,  -1.6
81881,   0.2,  -0.3,   0.1,  38.3, -16.2, 987.4,  -1.5,  -1.6
81905,  -0.0,  -1.3,  -0.1,  61.5,  -7.2,1006.0,  -1.4,  -1.6
81933,  -0.1,  -0.1,   0.3,  -3.0, -14.3,1009.6,  -1.2,  -1.5
81957,   0.2,  -0.9,   0.4,  32.7, -16.5, 993.5,  -1.1,  -1.6
81981,  -0.2,   0.1,  -0.0,  26.1,  16.7,1003.5,  -1.0,  -1.5
82005,  -0.3,   0.4,   0.3,  37.3,  14.3, 967.9,  -0.8,  -1.5
82031,  -0.1,  -0.4,   0.7,  37.3,  -9.1,1000.3,  -0.7,  -1.5
82055,   0.0,   0.5,   0.4,  46.8,   8.7, 982.0,  -0.6,  -1.5
82083,   0.2,  -0.2,  -0.1,  30.0,  -6.5,1010.8,  -0.5,  -1.5
82107,   0.2,  -0.4,   0.3,  18.5,   8.2,1026.7,  -0.4,  -1.5
82131,  -0.2,  -0.6,  -0.2,  40.5,   7.0,1015.2,  -0.3,  -1.5
82155,   0.5,  -1.4,   0.1,  31.7,  10.9,1014.8,  -0.2,  -1.5
82183,   0.1,   0.4,  -0.1,  37.3,   3.3,1007.2,  -0.1,  -1.5
82207,   0.2,   0.8,  -0.0,  21.2,  -8.4, 992.3,  -0.1,  -1.5
82231,  -0.1,  -0.9,  -0.6,  36.8,  -2.5, 999.1,  -0.1,  -1.5
82255,   0.0,  -1.2,   0.3,  28.3,  13.3, 982.5,  -0.0,  -1.6
82283,  -0.3,  -0.6,  -0.3,  28.8,   1.8, 992.8,   0.1,  -1.6
82307,   0.0,  -1.2,   0.3,  11.9,   9.7, 984.0,   0.1,  -1.6
82331,   0.5,  -0.1,  -0.3,  24.9,  -6.7,1010.8,   0.1,  -1.6
82359,  -0.1,  -0.9,   0.2,  35.9,   1.1, 992.3,   0.1,  -1.6
82383,  -0.1,  -0.7,   0.3,  27.8,  -9.6,1004.7,   0.1,  -1.6
82407,  -0.4,  -0.3,  -0.4,  29.8,  -0.1, 998.4,   0.1,  -1.6
82431,   0.3,   0.4,  -0.0,  11.9,  -1.3,1018.4,   0.1,  -1.6
82455,  -0.4,  -0.6,   0.2,  15.3, -13.3,1002.3,   0.2,  -1.5
82483,   0.8,  -2.8,   0.4,  31.5, -10.1, 997.9,   0.1,  -1.6
82507,  -0.0,  -1.1,  -0.1,  26.3,   1.1,1005.7,   0.1,  -1.7
82531,   0.7,  -1.2,  -0.1,  35.4,  11.6,1009.1,   0.1,  -1.7
82555,   0.3,  -1.6,   0.2,  28.3,   2.8,1001.1,   0.2,  -1.6
82583,  -0.1,  -1.4,  -0.1,  30.7,  -5.0, 993.5,   0.2,  -1.7
82607,   0.1,  -1.3,  -0.4,  37.6, -12.6, 998.1,   0.1,  -1.7
82631,   0.2,   1.1,  -0.1,  29.3,   0.1,1010.8,   0.1,  -1.7
82655,  -0.1,  -0.3,  -0.1,  26.8,  -0.8, 997.4,   0.1,  -1.7
82683,  -0.3,   0.8,   0.0,  39.5,   5.5, 994.5,   0.1,  -1.7
82707,  -0.4,  -0.8,  -0.8,  22.4,  -1.8,1006.7,   0.2,  -1.7
82731,   0.0,   0.4,   0.3,  22.9,  -3.0, 995.2,   0.1,  -1.7
82759,   0.1,   0.8,   0.2,  12.9,   3.8, 990.1,   0.1,  -1.6
82783,   0.1,   0.7,  -0.3,  29.5,   5.5,1011.8,   0.1,  -1.6
82807,   0.2,  -0.3,   0.4,  39.8,  -0.6, 988.6,   0.1,  -1.6
82831,  -0.4,  -0.6,   0.2,  11.9, -13.5, 992.5,   0.1,  -1.6
82859,   0.1,   0.5,   0.2,  10.7, -11.1, 993.3,   0.2,  -1.5
82883,   0.2,  -1.2,   0.2,  37.6,  13.6, 990.8,   0.2,  -1.6
82907,   0.2,  -1.5,   0.2,  32.9,  -2.8, 992.3,   0.2,  -1.6
82931,   0.0,   0.4,  -0.8,  38.3,  -2.1, 984.7,   0.2,  -1.6
82959,  -0.9,  -1.5,  -0.8,  27.1,  -6.5,1014.3,   0.1,  -1.6
82983,  -0.0,  -0.3,  -0.1,  30.5,  -5.0, 992.5,   0.1,  -1.6
83007,  -0.2,  -0.9,   0.1,  21.7,  -6.0, 996.4,   0.1,  -1.6
83031,   0.8,  -1.8,  -0.4,  26.1,   0.6,1015.5,   0.1,  -1.6
83059,   0.2,  -1.9,  -0.8,  35.6,  -5.7,1007.2,   0.1,  -1.6
83083,   0.0,   0.3,  -0.2,  21.5,  -1.6,1016.5,   0.1,  -1.6
83107,  -0.4,   0.1,  -0.3,  20.0,  -1.6, 999.4,   0.1,  -1.6
83131,   0.3,  -0.3,  -0.3,   2.7, -11.8, 994.2,   0.1,  -1.5
83159,   0.4,  -1.2,   0.1,  36.1,  14.3,1001.1,   0.1,  -1.5
83183,   0.5,  -1.2,  -0.8,  36.8,   7.7, 988.9,   0.1,  -1.6
83207,  -0.4,  -0.0,   0.0,  38.1,   2.8,1001.8,   0.1,  -1.6
83231,  -0.0,  -1.8,  -0.2,  19.3,   2.1, 996.2,   0.0,  -1.6
83259,   0.5,   0.2,  -0.6,  24.1,  -5.5,1030.6,   0.0,  -1.6
83283,   0.1,  -0.9,   0.2,  24.9,   0.1, 994.5,   0.0,  -1.6
83307,   0.4,  -1.9,  -0.7,  23.6,  22.1, 988.6,   0.1,  -1.6
83331,  -0.7,  -1.3,  -0.4,  13.6,   6.5, 995.7,   0.1,  -1.6
83359,  -0.3,  -0.3,  -0.1,   1.4,  -6.2,1008.9,   0.0,  -1.6
83383,   0.1,  -0.1,  -0.0,  31.7,   6.7,1005.2,   0.1,  -1.6
83407,   0.0,   0.2,   0.0,  40.5,  -5.7,1002.1,   0.0,  -1.6
83431,  -0.3,  -1.4,  -0.8,  16.6,   0.9,1014.5,   0.1,  -1.6
83459,  -0.1,  -0.4,  -0.8,   4.9, -15.5, 993.3,   0.0,  -1.6
83483,  -0.1,  -0.8,  -1.0,  29.5,  -3.8,1006.5,   0.0,  -1.6
83507,  -0.6,  -1.4,   0.1,  31.9,  -0.1, 997.4,   0.0,  -1.6
83531,  -0.1,   0.2,   0.3,  14.1, -22.1,1010.1,  -0.0,  -1.6
83559,   0.2,  -1.4,  -0.6,  29.3,   7.0,1006.5,  -0.0,  -1.6
83583,  -0.4,  -1.0,  -0.3,  33.7,  -7.2,1014.0,  -0.0,  -1.5
83607,   0.1,   0.4,  -0.4,  40.7,  -2.3, 991.6,  -0.0,  -1.5
83631,  -0.3,  -0.4,   0.0,  40.7,  -7.4,1006.0,  -0.1,  -1.6
83657,  -0.0,  -1.8,  -0.4,  30.2,   2.8,1011.8,  -0.1,  -1.6
83681,  -0.5,  -1.4,   0.3,  25.4, -15.2, 994.0,  -0.1,  -1.5
83709,   0.2,  -1.3,  -0.8,  21.0,   6.0, 987.4,  -0.1,  -1.5
83733,   0.2,  -2.0,   0.8,  46.4,   4.3, 985.5,  -0.1,  -1.5
83757,  -0.2,   0.2,  -0.3,  56.1,  18.0, 988.6,  -0.0,  -1.6
83781,  -0.3,   0.6,  -0.4,  31.7,  -0.1,1011.6,  -0.1,  -1.6
83809,   0.3,   1.7,  -0.0,  26.6,  -9.6, 992.8,  -0.1,  -1.6
83833,   0.3,  -1.3,  -0.6,  11.7,  -6.5,1012.1,  -0.1,  -1.6
83861,  -0.0,  -1.0,  -0.7,  15.1,  -8.9,1007.2,  -0.1,  -1.6
83881,   0.8,   0.4,   0.0,  19.7,  -7.4,1007.2,  -0.1,  -1.6
83909,  -0.4,  -1.1,   0.2,  12.9,  -9.1, 999.6,  -0.2,  -1.6
83933,  -0.0,  -0.9,  -0.1,  34.4,   3.8,1000.1,  -0.2,  -1.6
83957,   0.5,   0.1,  -0.6,  31.5,  13.1,1006.7,  -0.2,  -1.6
83985,  -0.4,  -1.1,   0.2,  26.6,   0.9, 992.0,  -0.3,  -1.6
84009,   0.2,  -1.1,  -0.9,  27.6,   1.1,1002.3,  -0.3,  -1.6
84033,  -0.4,  -1.1,  -0.3,  36.8,   3.8,1004.3,  -0.2,  -1.6
84057,   0.3,  -1.5,   0.2,  32.7, -10.4, 999.4,  -0.3,  -1.6
84085,  -0.4,  -0.4,   0.1,  10.0,  -6.7, 999.1,  -0.3,  -1.6
84109,   0.5,   0.3,  -0.0,  36.3,  -6.5, 994.5,  -0.3,  -1.6
84133,  -0.4,  -0.3,   0.1,  17.3,   9.2, 999.1,  -0.3,  -1.6
84157,  -0.3,  -1.5,   0.5,  11.2,  -1.3,1003.0,  -0.3,  -1.6
84185,   0.5,  -0.5,  -0.0,  25.8,  -3.0, 998.1,  -0.3,  -1.6
84209,   0.1,  -0.7,   0.5,  27.3,  -1.3, 990.8,  -0.3,  -1.6
84233,  -0.6,  -0.9,  -0.3,  46.8,   3.8,1013.5,  -0.3,  -1.6
84257,  -0.0,  -0.1,  -0.6,  16.1,  14.1,1001.1,  -0.2,  -1.5
84285,   0.3,  -0.7,   0.5,   6.6,   7.0, 988.1,  -0.2,  -1.5
84309,   0.1,  -0.9,   0.0,  -9.6,  -6.5,1006.7,  -0.1,  -1.4
84333,   0.1,  -1.6,  -0.3,  46.1,   9.7, 993.0,  -0.0,  -1.5
84361,  -0.4,  -1.4,   0.2,  39.8,   1.1, 992.5,  -0.0,  -1.5
84385,  -0.3,   0.7,  -0.3,  28.8, -15.5, 980.8,  -0.0,  -1.5
84409,   0.9,  -1.7,  -0.1,   1.7,  -0.8,1001.3,  -0.1,  -1.6
84433,  -0.4,  -0.5,   0.4,  15.3,   4.3,1006.9,  -0.0,  -1.6
84457,  -0.3,  -1.2,  -0.5,  40.5,  -6.5,1013.0,  -0.1,  -1.6
84485,  -0.2,   0.4,   0.2,  17.3,  -5.0,1003.8,  -0.1,  -1.5
84509,   0.1,  -0.7,  -0.0,  29.0, -17.4,1002.3,  -0.1,  -1.5
84533,  -0.1,  -0.4,   0.2,   8.5, -16.5, 998.9,  -0.2,  -1.6
84557,  -0.1,  -0.8,  -0.0,  40.7, -16.2,1014.3,  -0.3,  -1.6
84585,  -0.3,  -0.4,  -0.3,   3.6, -14.3,1028.7,  -0.3,  -1.6
84609,   0.5,  -1.0,  -0.1,  38.3, -25.3,1010.4,  -0.4,  -1.6
84633,  -0.4,  -1.7,  -0.3,  30.7, -12.3, 989.1,  -0.5,  -1.6
84657,  -0.0,  -0.5,  -0.0,  36.6, -32.3,1001.6,  -0.5,  -1.6
84685,   0.7,   0.1,  -0.3,  30.0,  -3.0,1002.8,  -0.6,  -1.6
84709,   0.7,  -1.5,   0.7,  25.6, -11.3, 997.4,  -0.6,  -1.6
84733,   0.8,  -1.4,   0.3,  12.9, -25.3,1008.4,  -0.7,  -1.6
84757,   0.7,  -1.5,  -0.5,   9.5, -16.7,1009.1,  -0.7,  -1.5
84785,  -0.4,  -0.4,  -0.1,  34.9,  -6.0,1016.9,  -0.7,  -1.5
84809,   0.5,  -1.0,   0.6,  38.3,  -9.6, 990.6,  -0.7,  -1.5
84833,  -0.1,  -0.0,   0.5,  20.0, -21.3,1007.7,  -0.7,  -1.4
84861,   0.5,  -1.7,   0.3,  34.9, -29.6, 993.8,  -0.7,  -1.5
84885,   0.3,  -1.0,   0.8,  33.2, -16.7, 992.8,  -0.8,  -1.5
84909,  -0.6,  -1.2,   0.2,  24.1,  -0.6,1004.7,  -0.8,  -1.4
84933,   0.2,   1.5,  -0.1,  23.6, -19.1,1000.8,  -0.8,  -1.4
84957,  -0.3,  -0.9,  -0.6,  11.7,   1.6, 996.0,  -0.7,  -1.4
84985,   0.2,  -0.4,   0.2,  28.3, -20.4,1000.3,  -0.7,  -1.4
85009,   0.2,  -1.0,   0.2,  20.0,  10.4, 988.6,  -0.7,  -1.4
85033,   0.5,  -0.1,   0.7,  29.8, -21.6,1014.5,  -0.7,  -1.4
85061,  -0.0,  -1.0,   1.3,  37.3,  -3.5,1004.5,  -0.7,  -1.5
85085,   0.1,  -1.7,   0.6,  38.1, -17.2,1012.6,  -0.7,  -1.5
85109,   0.6,  -0.9,   0.2,  37.3, -16.5, 994.7,  -0.7,  -1.5
85133,   0.3,  -0.5,   0.0,  34.4, -23.1, 997.7,  -0.7,  -1.6
85161,  -0.2,  -0.7,   0.7,  41.0,   4.0, 985.9,  -0.7,  -1.5
85185,  -0.4,  -0.7,   0.0,  26.8,  -7.2,1003.8,  -0.6,  -1.5
85209,   0.5,  -1.4,  -0.4,  39.3,  10.9, 984.2,  -0.5,  -1.5
85233,   0.2,  -0.6,   0.5,  40.7, -23.8,1005.7,  -0.5,  -1.5
85261,   0.2,  -0.7,   0.3,  29.8, -20.4, 991.3,  -0.5,  -1.6
85283,   0.0,  -1.4,  -0.4,  37.1, -10.4, 993.0,  -0.6,  -1.7
85311,   0.2,   0.1,  -1.1,  19.3,  10.1,1018.4,  -0.5,  -1.7
85335,  -0.0,  -0.4,   1.0,  -5.6,   2.6, 989.1,  -0.4,  -1.6
85363,   0.0,  -1.2,   0.6,  27.3,  -6.7, 979.1,  -0.4,  -1.6
85383,   0.2,  -0.5,   0.9,  25.8, -19.9,1003.3,  -0.4,  -1.6
85411,  -0.3,   0.5,   2.1,  39.0,  -6.2, 994.0,  -0.5,  -1.5
85435,  -0.8,  -0.6,   1.8,  35.9,  -7.4,1010.4,  -0.5,  -1.5
85459,  -0.3,  -0.5,   1.1,  33.7, -17.9,1005.0,  -0.6,  -1.5
85483,   0.3,  -0.7,   1.3,  23.6, -40.4,1024.8,  -0.7,  -1.5
85511,  -1.1,   0.7,   1.1,  26.3, -23.5,1008.2,  -0.8,  -1.6
85535,  -1.0,  -1.3,  -0.6,  44.6, -52.1,1028.4,  -1.0,  -1.7
85559,  -0.6,  -0.0,  -2.4,  17.5, -35.0, 973.2,  -1.1,  -1.7
85583,  -0.3,  -1.1,  -3.4,  38.3, -31.1, 992.5,  -1.2,  -1.8
85611,  -0.1,   2.4,  -4.5, -56.9, -19.9, 943.5,  -1.4,  -1.8
85635,  -0.2,  -1.7,  -3.1, -31.5,  37.0,1006.9,  -1.2,  -1.6
85659,   0.7,  -0.5,  -2.3, -32.5,  26.3,1003.5,  -0.9,  -1.6
85683,   0.7,   0.2,  -0.1, -34.7, -29.9,1032.6,  -0.8,  -1.4
85711,   2.1,  -0.2,   2.0, -31.0,  15.5, 937.4,  -0.6,  -1.2
85735,   0.7,  -0.5,   2.1, -16.9, -15.7, 998.9,  -0.6,  -1.1
85759,   0.5,   0.8,   1.8,  10.2, -14.0, 996.9,  -0.6,  -1.1
85783,   1.4,   1.2,   2.3,  31.9, -19.1, 981.5,  -0.6,  -1.1
85811,   0.9,  -1.1,   1.7,  32.7, -12.6, 976.9,  -0.6,  -1.2
85835,   0.7,  -0.6,   1.3,  36.1, -20.9,1025.5,  -0.6,  -1.3
85863,  -0.1,  -0.3,  -1.0,  47.3, -44.0,1015.0,  -0.7,  -1.3
85883,   0.7,  -1.8,  -0.2,  46.4, -24.3,1021.8,  -0.8,  -1.3
85911,   0.2,  -0.5,  -2.2,  49.0, -17.7,1012.3,  -0.8,  -1.3
85935,   0.5,   1.1,  -0.9,  50.0,  -4.3, 964.7,  -0.8,  -1.2
85959,  -0.3,  -0.7,  -1.0, -57.2,   3.3, 975.7,  -0.7,  -1.1
85983,   0.6,  -0.9,  -0.6, -39.3,  -3.3, 992.5,  -0.5,  -1.0
86011,   0.3,  -2.7,   1.0,  49.8,  11.6,1012.1,  -0.4,  -1.0
86035,   0.6,  -0.7,   1.4,   1.4,  11.4, 986.9,  -0.3,  -1.1
86059,   0.3,   0.4,   1.8,   7.3,   4.0, 993.3,  -0.3,  -1.1
86083,  -0.3,  -0.9,   2.0,  39.3,   8.0,1031.6,  -0.2,  -1.0
86111,  -0.1,  -1.5,   2.7,  56.4,  12.1,1013.5,  -0.1,  -0.9
86135,  -0.1,  -1.8,   2.5,  30.5,  -6.5,1012.1,  -0.1,  -0.9
86159,  -0.2,  -0.7,   1.0,  -9.3, -15.7, 977.9,  -0.2,  -0.9
86187,  -0.1,   1.0,   1.2,  34.1, -24.3,1003.5,  -0.2,  -0.9
86211,  -0.3,  -1.0,   1.4,  41.0, -12.1, 968.6,  -0.3,  -1.0
86235,  -0.4,   0.5,   1.3,  30.7,  -5.7,1011.3,  -0.3,  -0.9
86259,  -0.0,  -0.8,   0.7,  45.6,  -9.6,1001.6,  -0.4,  -1.1
86287,  -0.4,  -0.3,   0.4,  38.3, -22.1, 997.9,  -0.4,  -1.1
86311,  -0.6,  -0.6,   0.5,  43.4, -26.5, 989.1,  -0.5,  -1.1
86335,  -0.1,  -0.3,   1.0,  11.7, -31.1,1005.2,  -0.6,  -1.2
86363,   0.2,  -0.4,   0.7,   8.3,  -1.8,1006.5,  -0.6,  -1.1
86387,   0.4,  -2.1,   0.5,  49.3,   0.1, 994.0,  -0.6,  -1.3
86411,   0.1,   1.6,   1.0,  -0.5, -59.2,1016.9,  -0.7,  -1.3
86435,   0.7,  -0.1,   0.8, -22.2, -30.1, 965.2,  -0.7,  -1.2
86459,  -0.0,  -1.1,   0.0,  41.5,  -2.1,1023.5,  -0.7,  -1.2
86487,   0.1,  -1.8,  -0.0,  61.0,  -6.9, 993.3,  -0.7,  -1.2
86511,  -0.7,  -1.2,  -0.6,  40.7, -76.0,1011.1,  -0.9,  -1.2
86535,   0.0,  -1.0,  -1.5,  43.9,  -6.0, 999.6,  -0.9,  -1.3
86559,  -1.8,  -0.6,  -1.4,  82.2, -16.7,1000.1,  -1.0,  -1.3
86587,  -0.1,  -1.8,  -1.1,  20.0,  -9.1,1001.6,  -1.1,  -1.2
86611,  -0.2,  -1.2,  -0.4,  50.0, -12.6,1028.7,  -1.1,  -1.2
86635,   0.3,  -0.4,   0.3,  41.0,  20.9, 996.0,  -1.0,  -1.1
86659,  -0.3,  -2.8,   2.0,  85.9,  -3.3,1025.7,  -0.9,  -0.9
86687,  -0.9,   0.1,   3.2, -43.2, -27.4, 982.0,  -0.9,  -0.9
86711,  -1.2,   1.1,   2.5, -29.6, -11.6,1008.2,  -0.9,  -0.9
86735,  -0.3,   0.4,   2.0, -69.9,  -3.3, 968.9,  -0.9,  -0.9
86759,   1.4,  -0.9,   0.9, -24.2,  23.6,1006.2,  -0.6,  -1.2
86787,   2.4,  -1.0,   0.5,  -4.4, -45.0, 953.2,  -0.5,  -1.2
86811,   1.5,   0.4,  -1.1, -28.1, -58.0, 969.6,  -0.6,  -1.3
86835,  -0.0,  -0.4,  -0.5,  75.7, -24.5, 987.2,  -0.5,  -1.4
86863,   0.3,  -1.4,  -0.3,  35.9,  25.0, 960.8,  -0.4,  -1.4
86887,   0.0,  -0.4,  -1.2,  46.1,  -8.6, 986.7,  -0.3,  -1.5
86909,  -0.5,  -0.8,  -1.2,  45.4,  80.7,1010.1,  -0.2,  -1.5
86937,  -0.6,   0.7,  -0.2,  14.9,   5.3,1025.0,   0.0,  -1.4
86961,  -0.6,  -0.4,   0.7, -13.9,  23.8, 961.0,   0.3,  -1.4
86985,  -0.6,   1.5,   1.1,  26.3,  32.1,1021.6,   0.4,  -1.4
87009,  -0.6,   0.1,   0.7,  25.6,  13.6, 996.9,   0.4,  -1.4
87037,  -0.9,  -1.1,   1.2, -14.9, -11.6, 946.1,   0.4,  -1.2
87061,  -0.4,  -1.8,   1.5,  45.1,   4.5, 988.6,   0.4,  -1.3
87085,  -0.8,  -0.9,   1.5,  64.2,  23.3,1016.5,   0.5,  -1.4
87109,  -0.1,  -1.2,   0.3,  33.2, -10.6,1025.7,   0.3,  -1.4
87137,  -0.3,  -0.2,  -0.7,  58.1, -38.4,1014.8,   0.2,  -1.6
87161,  -0.4,  -1.8,  -2.2,  31.0, -31.4,1005.5,   0.1,  -1.6
87185,  -0.1,  -1.8,  -2.6,  46.1, -24.5, 970.1,  -0.1,  -1.7
87209,  -1.2,  -0.6,  -4.0,  70.5, -44.0,1017.7,  -0.2,  -1.9
87237,  -0.1,  -1.5,  -6.1,  79.6, -42.6, 995.0,  -0.4,  -2.0
87261,  -0.9,  -1.2,  -6.9,  60.8, -13.8, 980.3,  -0.6,  -2.2
87285,  -0.7,  -2.0,  -8.6,  26.6, -20.4,1046.5,  -0.7,  -2.3
87309,  -2.0,  -0.3,  -9.7,  22.4, -11.1, 983.0,  -0.8,  -2.4
87337,  -1.1,  -2.0, -10.8,  23.4, -49.4,1040.9,  -1.0,  -2.5
87365,  -0.4,  -2.3,  -9.5,  79.6,   6.5,1134.9,  -1.0,  -2.6
87385,   0.2,  -0.7,  -7.1,  24.6, -48.4,1113.6,  -0.8,  -2.3
87413,   1.9,  -4.1,  -5.1, 227.0,  99.5, 947.4,  -0.4,  -1.8
87437,   1.3,  -4.1,  -4.4,  11.7,  -1.8, 987.9,  -0.4,  -1.6
87461,   0.8,  -0.6,  -4.5, -83.3, -36.7, 981.5,  -0.4,  -1.5
87485,   0.3,  -1.2,  -5.0,   9.5, -48.0, 974.7,  -0.5,  -1.6
87513,  -0.7,  -1.4,  -5.3, 111.3, -28.2,1064.6,  -0.6,  -1.7
87537,  -0.3,  -2.4,  -5.5,  54.7,  -6.0, 959.6,  -0.6,  -1.5
87561,   0.6,  -3.1,  -6.2,   9.5, -19.9, 977.6,  -0.7,  -1.5
87585,  -0.0,  -2.3,  -5.6,  -1.3, -17.2, 970.3,  -0.7,  -1.5
87613,  -1.1,   0.1,  -6.0, -10.5,-172.0,1062.1,  -0.9,  -1.5
87637,  -0.7,   0.2,  -7.3,  34.1,  -0.6,1032.8,  -1.0,  -1.5
87661,  -0.5,  -0.9,  -5.7,  77.4, -12.8,1059.9,  -1.0,  -1.4
87685,   0.3,   1.0,  -6.2,  18.3,  38.2, 951.5,  -1.1,  -1.4
87713,   0.8,  -1.5,  -4.8,  89.8,  79.0,1088.2,  -1.0,  -1.3
87737,  -0.3,  -4.3,  -4.2,  76.6,  44.3, 952.7,  -0.9,  -1.0
87761,  -0.4,  -2.2,  -4.0,  43.9, -59.7, 998.4,  -0.8,  -0.9
87785,   0.3,  -0.5,  -1.7,  -4.7,  -0.6, 992.5,  -0.7,  -0.7
87813,  -1.4,   0.7,  -0.3, -54.5,  44.1, 996.4,  -0.6,  -0.6
87837,  -1.4,  -3.5,   0.7,  36.1,  11.6,1021.3,  -0.6,  -0.4
87865,   0.2,  -2.2,  -0.0,  54.2, -12.1, 999.9,  -0.6,  -0.5
87885,  -1.3,  -1.0,  -0.1, 115.7, -34.0,1067.0,  -0.5,  -0.9
87913,  -0.5,   0.7,   0.3,  13.4, -12.1, 984.2,  -0.7,  -0.7
87937,  -1.4,  -0.4,   0.4, 113.0, -42.1, 996.2,  -0.7,  -0.8
87961,  -1.6,  -3.6,   1.5, 186.0,  12.8, 997.7,  -0.6,  -0.8
87985,  -3.8,  -2.6,   1.5, 136.9,   5.5, 924.7,  -0.7,  -0.9
88013,  -0.0,   1.6,   5.4,  35.4,-129.5,1184.9,  -0.9,  -0.4
88037,   1.8,  -1.5,   3.9, -10.5,  32.6, 936.1,  -0.5,  -0.5
88061,   1.9,  -4.6,   2.3, 230.7,   7.7,1034.8,  -0.2,  -0.6
88085,   0.5,   1.8,   1.1,  67.6, -39.2, 933.2,  -0.3,  -0.9
88113,  -0.7,  -0.3,   2.8, -19.6, -61.1, 977.4,  -0.6,  -0.8
88137,  -0.4,  -1.4,   4.4, -55.0, -49.4,1000.1,  -0.9,  -0.5
88161,  -0.8,  -0.4,   3.3,  38.8, -38.4,1032.8,  -0.5,  -0.6
88185,   0.3,   1.4,   3.9, 102.3,  52.1, 987.7,  -0.3,  -0.9
88213,   1.3,   1.5,   3.0,  23.2,  -7.4,1076.8,  -0.3,  -0.8
88237,   1.2,  -0.0,   3.0,  19.0,   1.6, 975.4,  -0.4,  -0.8
88261,   0.3,  -0.6,   3.5,   9.5, -37.5, 997.4,  -0.5,  -0.9
88285,  -0.1,   0.9,   3.3, -49.8,  -8.9, 977.6,  -0.6,  -1.0
88313,   0.2,   0.4,   3.6,  10.0,  33.6, 980.8,  -0.4,  -1.0
88337,   0.4,  -1.0,   3.8, -59.1,   2.8, 936.4,  -0.5,  -0.9
88365,   0.7,  -1.7,   4.3,  50.5,  50.2, 914.9,  -0.4,  -1.0
88385,   1.3,   1.0,   2.7, -86.2,  -3.5, 917.8,  -0.5,  -1.0
88413,   1.4,   0.9,   2.7, -43.7,  15.3, 969.6,  -0.7,  -1.0
88437,   0.5,  -0.3,   1.9,  18.0, -17.9, 972.0,  -0.6,  -1.2
88461,   0.2,  -3.8,   2.2, 111.5,  32.1,1008.6,  -0.5,  -1.1
88489,   1.0,  -4.0,   2.2, 155.0, -13.3,1065.0,  -0.3,  -1.3
88513,   1.5,   1.0,   1.2,  -6.6,  50.7, 935.9,  -0.2,  -1.3
88539,  -0.0,   1.3,   1.7, -50.3, -73.1,1137.3,  -0.3,  -1.3
88563,  -0.5,   0.7,   2.6,   9.7,  -7.4, 932.5,  -0.1,  -1.2
88587,  -0.6,   0.7,   2.7,   4.1, -31.6, 983.5,  -0.3,  -1.2
88611,  -1.9,  -1.1,   1.5, 133.0, -52.6, 995.2,  -0.3,  -1.3
88639,  -1.5,  -0.9,   1.4, 170.4,   7.5,1035.0,  -0.3,  -1.5
88663,   1.4,   1.3,  -0.2,  64.9,  84.1, 998.9,  -0.2,  -1.4
88687,   2.2,  -1.8,   0.0, -50.8, 101.9, 902.7,  -0.0,  -1.2
88711,   2.5,  -3.2,  -0.1, -50.8,  23.3, 931.5,   0.1,  -1.2
88739,   1.4,   1.4,   0.6, -15.4, -69.0,1058.7,  -0.3,  -1.3
88763,   0.6,  -1.4,   1.3, -22.7,  10.9, 962.0,  -0.3,  -1.1
88787,  -0.9,  -0.1,   0.0, -46.7, -31.1, 976.2,  -0.2,  -1.2
88811,  -0.1,  -0.7,  -0.1,   5.6,  68.7, 991.3,  -0.2,  -1.3
88839,  -0.9,  -1.6,  -0.6,  47.6, -63.1,1083.6,  -0.1,  -1.3
88867,   0.6,   1.7,  -1.0,-131.4,  45.5, 913.7,  -0.1,  -1.1
88887,  -0.4,   0.2,  -0.9, -68.9, -51.1,1060.4,  -0.1,  -1.1
88911,  -0.2,   0.6,  -0.1, -73.5, -93.9,1041.4,  -0.2,  -1.1
88939,  -0.8,  -0.7,   0.3,  32.4, -22.3,1073.3,  -0.3,  -1.3
88963,  -1.5,  -0.1,   0.8, 125.5,  45.5,1085.1,  -0.2,  -1.3
88987,   1.2,   1.9,  -0.1, -34.7,  10.1, 929.5,  -0.3,  -1.2
89011,  -0.8,  -0.6,  -0.0, 104.0, -76.3,1062.6,  -0.4,  -1.1
89039,   0.3,  -0.0,  -0.3, -48.1,   0.1, 926.4,  -0.5,  -1.1
89063,  -0.1,  -0.5,  -0.8,  41.0, -17.2,1013.3,  -0.6,  -1.0
89087,   0.4,  -2.3,  -1.1, 205.5, -60.7,1076.8,  -0.6,  -1.4
89111,   0.9,  -0.0,  -0.9,  90.1,  -2.3,1037.9,  -0.6,  -1.4
89139,  -0.5,   0.5,  -2.3,  62.7,  21.6,1026.0,  -0.4,  -1.5
89163,   0.0,   1.1,  -2.5,  66.9,  56.3,1026.0,  -0.2,  -1.4
89187,   0.2,  -1.2,  -2.5,  48.3,   7.7,1029.4,  -0.3,  -1.3
89211,  -0.1,  -2.1,  -1.3,  59.0,   4.5, 979.6,  -0.1,  -1.3
89239,  -0.2,  -0.7,   0.1, 131.3,  28.2, 993.5,  -0.2,  -1.1
89263,  -2.3,   0.5,  -0.7, -70.6, -19.9, 901.5,  -0.2,  -0.9
89287,  -2.5,  -1.1,  -0.4,  62.7, -20.1, 968.1,  -0.3,  -1.0
89311,   0.0,  -2.9,   1.4, 198.7,  94.6,1222.5,  -0.3,  -0.9
89339,   1.3,  -5.0,   0.0,  61.7,  -8.4, 945.2,   0.2,  -0.7
89367,   1.9,  -0.7,  -2.8, 135.7,  -7.9, 947.1,   0.3,  -0.8
89387,   0.8,  -3.1,  -2.2, 123.3,  -4.0, 979.6,  -0.0,  -0.9
89411,  -0.9,  -0.0,  -2.6,  19.7, -28.9, 979.1,  -0.3,  -1.0
89439,  -0.6,   0.7,  -2.6,  -2.2, -78.0,1060.6,  -0.4,  -1.0
89463,  -2.2,  -2.1,  -0.6,  16.8,  19.4, 991.1,  -0.1,  -0.8
89487,  -0.5,  -1.0,  -1.7,  74.2, -72.1,1056.5,  -0.1,  -1.0
89511,  -1.6,  -1.9,  -1.8,  61.7,   3.6, 991.3,   0.1,  -1.1
89539,  -0.1,  -0.9,  -1.2,  39.5,  22.8,1049.9,   0.1,  -1.1
89563,  -0.9,  -0.9,  -0.8,  54.2, -35.0,1012.8,  -0.1,  -1.2
89587,  -0.7,  -1.4,  -0.1,  93.2,  -1.1,1027.9,  -0.3,  -1.2
89611,  -1.1,  -3.0,  -0.1, 141.8, -20.6,1019.4,  -0.4,  -1.3
89639,   0.1,  -2.1,  -2.1, 122.8, -28.9,1035.3,  -0.5,  -1.2
89663,  -0.6,  -2.2,  -2.3,  92.0, -29.9,1055.5,  -0.3,  -1.1
89687,   0.0,  -0.9,  -1.5,  53.2, -18.9, 975.4,  -0.4,  -1.1
89715,   0.2,   0.2,  -1.4,  13.6, -99.2,1063.1,  -0.6,  -1.1
89739,  -0.9,  -1.4,  -1.1, -51.3,  56.5, 963.7,  -0.5,  -0.8
89763,   0.6,  -0.7,  -1.7, -29.3,  36.8, 942.5,  -0.4,  -1.0
89787,   0.9,  -0.8,  -2.2,  19.7,  15.0, 959.8,  -0.5,  -1.1
89815,  -0.6,  -1.3,  -2.5, -42.0,  12.3,1022.1,  -0.4,  -1.0
89839,  -0.9,  -0.0,  -2.7, -30.3,  47.5,1012.6,  -0.3,  -1.1
89867,  -0.2,   1.2,  -1.6,  17.3, -39.7, 953.2,  -0.3,  -1.0
89887,  -0.3,   0.5,  -1.3, -67.7,  -9.1, 916.4,  -0.3,  -1.1
89915,  -0.9,   0.7,  -1.7, -57.4,  15.0, 939.3,  -0.3,  -1.1
89939,  -2.5,   1.1,  -2.5,  16.8, -36.2, 964.9,  -0.5,  -1.2
89963,  -4.8,   1.0,  -3.1, 166.0,-205.4,1254.7,  -0.8,  -1.5
89987,   1.9,   2.1,  -2.8,-137.5,  17.2,1011.3,  -0.6,  -1.0
90015,   1.6,   1.5,  -5.3,  40.7, -63.6,1031.1,  -0.3,  -1.3
90039,   2.1,  -2.8,  -3.6, 190.4,  -6.2,1039.4,  -0.2,  -1.5
90063,   1.4,  -0.7,  -2.5,  37.6, -14.5,1035.3,  -0.5,  -1.2
90087,  -0.3,   2.7,  -2.2, -88.9, -16.2, 969.1,  -0.6,  -1.1
90115,  -0.1,  -1.6,  -1.4,  59.0,   9.7,1029.9,  -0.5,  -1.0
90139,  -0.0,  -0.2,  -1.9, -22.2,  16.5, 943.0,  -0.3,  -0.9
90165,   0.3,   0.1,  -3.7, -58.6,  31.6, 940.0,  -0.3,  -1.0
90189,   0.5,  -1.7,  -2.5,  33.2, -29.6,1009.4,  -0.4,  -1.0
90213,   0.5,  -1.4,  -2.7,  58.1,   5.3, 995.7,  -0.5,  -1.1
90237,  -0.7,  -1.5,  -3.3,  -6.4, -52.6, 990.8,  -0.7,  -1.0
90265,  -1.5,  -2.0,  -3.2,  38.1,   6.5,1033.1,  -0.5,  -1.1
90289,  -0.8,  -5.1,  -3.0, 162.6,  13.6,1052.6,  -0.5,  -1.2
90313,   0.2,  -0.1,  -3.2, -13.5,   5.5, 923.0,  -0.6,  -1.1
90337,   0.6,  -2.1,  -3.1,  87.4,  -8.6,1024.8,  -0.7,  -1.2
90365,   0.8,  -1.2,  -2.5,  52.7,  53.4, 946.9,  -0.6,  -1.2
90389,  -0.6,  -0.5,  -2.8,  51.7, -56.5,1140.0,  -0.7,  -1.1
90413,  -0.5,  -1.0,  -3.3,  69.5,  -1.8, 956.4,  -0.7,  -1.1
90437,  -0.0,  -2.6,  -2.6,  69.8,  22.1, 969.3,  -0.7,  -1.1
90465,  -0.3,  -0.3,  -4.2, 100.3, -10.6,1001.6,  -0.8,  -1.3
90489,   0.1,   0.1,  -4.2, -35.2, -16.5, 953.0,  -0.7,  -1.2
90513,  -0.3,   0.9,  -4.3,  83.0,  17.0,1032.3,  -0.8,  -1.2
90537,  -0.6,  -1.1,  -4.2, 144.3, -45.0,1013.8,  -0.7,  -1.3
90565,  -2.1,   1.3,  -5.9,  11.2, -25.7, 997.2,  -0.8,  -1.3
90589,   4.0,   3.5,  -5.1,-189.0,  90.5,1009.9,  -1.0,  -1.3
90613,   2.2,   1.1,  -1.7,-164.1, -58.0,1004.3,  -0.9,  -0.8
90637,   1.1,   3.5,  -1.1,-122.3, -17.2, 946.4,  -0.8,  -0.8
90665,   1.2,   1.9,  -1.3,  73.9, -60.2,1029.2,  -0.9,  -1.0
90689,   2.0,   3.3,  -3.0,-111.1,  40.2, 883.2,  -1.0,  -0.7
90713,   0.9,   0.5,  -4.1, -62.8,  29.4, 975.7,  -0.8,  -0.8
90737,   1.7,  -2.1,  -2.0,  27.3,  15.0,1028.7,  -0.9,  -0.8
90765,   1.9,  -0.6,  -1.6,  26.1, -12.8,1007.2,  -0.9,  -0.7
90789,   1.9,  -0.0,  -1.4,  29.3,  -6.9, 938.3,  -0.9,  -0.8
90813,   0.4,  -1.7,  -2.1,  -3.0, -61.1,1031.6,  -0.8,  -0.7
90841,   0.2,  -1.2,  -1.1,  -3.2, -67.2,1120.7,  -0.8,  -0.8
90869,   0.6,  -0.6,  -0.3,  61.7,  14.8,1002.1,  -0.8,  -0.9
90889,   1.7,  -2.1,  -0.0, 113.2,  26.0,1119.5,  -0.8,  -0.9
90913,   2.5,  -1.7,  -0.6,  98.6,  31.4, 934.2,  -0.6,  -1.0
90941,   1.8,   0.8,  -0.2,  68.3, -17.4,1044.8,  -0.8,  -1.0
90965,   2.4,  -0.1,   1.3,-120.4,  88.3, 824.6,  -0.6,  -0.7
90989,   0.7,  -1.7,   1.6, -17.9, 113.7,1005.5,  -0.2,  -0.6
91013,   0.3,  -3.1,   2.0, 140.6, -86.5,1067.0,  -0.2,  -0.7
91041,   1.4,  -1.0,   2.5, -66.2,  41.2, 916.9,   0.1,  -0.4
91065,   0.8,  -0.7,   3.2,  14.4,   0.6, 917.1,   0.0,  -0.5
91089,   0.3,  -0.6,   2.0,  70.3, -17.2, 984.2,   0.0,  -0.7
91113,  -0.0,  -1.0,   1.2,  30.5,  23.8, 945.2,  -0.1,  -0.9
91141,  -0.7,  -0.1,  -0.6,  75.4,  30.9,1012.8,  -0.0,  -1.1
91165,   4.0,   2.0,   0.9, -26.6, 156.9,1061.9,  -0.2,  -1.0
91189,   3.1,   0.1,   4.7,-249.3, -49.2,1018.4,   0.0,  -0.4
91213,   1.8,   2.7,   3.8,-213.7,  12.1, 920.3,   0.4,  -0.5
91241,   1.4,   1.9,   4.7,  -0.0, -15.0, 980.1,   0.3,  -0.6
91265,   1.4,   1.3,   2.4,   3.6,  -0.1, 968.9,   0.3,  -0.9
91289,   1.0,   0.7,   0.3,  -2.5,  29.7,1019.6,   0.3,  -1.1
91313,   0.3,   1.0,   1.4,  -5.2,  63.9,1056.3,   0.3,  -1.2
91341,   1.2,   0.7,   2.3, -42.0, -84.1,1028.7,   0.2,  -0.8
91369,   0.2,   1.1,   2.6, -43.2, -31.6,1040.9,   0.1,  -0.7
91389,   1.3,  -2.5,   3.7,  87.9,  12.6, 975.2,   0.4,  -0.7
91413,   1.3,  -3.2,   4.9, 139.1,  22.4, 996.2,   0.3,  -0.8
91441,   0.8,  -1.5,   4.3, 163.1,  23.8, 969.3,   0.4,  -1.0
91465,   1.3,  -2.6,   3.3, 188.0,  31.4, 990.8,   0.3,  -1.1
91489,  -0.2,   0.4,   3.0,  40.5, -34.3,1058.2,   0.3,  -1.1
91513,   0.7,  -1.2,   2.2,  35.6,  -1.3,1001.6,   0.3,  -1.0
91541,   0.9,  -0.5,   1.4,  48.8, -40.4, 997.9,   0.3,  -1.2
91565,   1.7,   0.9,   2.0,  36.6,  81.2,1102.4,   0.3,  -1.2
91589,   0.3,  -3.9,   3.6, 100.1, -20.6,1030.1,   0.5,  -0.9
91613,   0.3,   0.1,   1.9, 110.6, -27.9,1032.1,   0.6,  -1.0
91641,  -0.2,   1.4,   2.2,  29.3, -36.2,1010.4,   0.8,  -1.2
91665,   1.2,  -0.8,   2.3, 134.5,  47.3,1063.3,   0.8,  -1.2
91689,   0.2,  -0.1,   2.4,  66.6,  31.9, 945.4,   0.9,  -1.1
91713,   0.7,  -2.1,   2.2, 144.0,  33.8, 982.8,   1.1,  -1.2
91741,   0.2,   0.2,   2.3, 114.0,  60.0, 943.0,   1.2,  -1.5
91765,  -0.9,  -0.7,   2.5, 162.6,  36.5, 943.2,   1.2,  -1.5
91791,  -0.2,  -3.1,   4.6, -15.4, 122.2, 881.0,   1.2,  -0.8
91815,   3.0,  -3.6,   6.8, 124.7, 100.7, 989.4,   1.4,  -0.8
91839,   2.2,  -0.3,   3.4,  34.4,  11.6,1015.2,   1.5,  -1.1
91867,   1.2,  -1.1,   0.3,  63.7,  10.6,1002.1,   1.6,  -1.1
91891,   0.3,   2.0,   0.3, -86.0, -39.7,1053.8,   1.4,  -1.0
91915,   0.5,  -0.6,   2.7,-101.8,  39.0, 976.9,   1.4,  -0.8
91939,  -0.7,   1.4,   2.4, -11.5,  -0.1,1028.9,   1.5,  -0.7
91967,  -0.7,   1.3,   2.1,  44.6, -50.9,1069.4,   1.6,  -0.9
91991,  -0.9,  -0.4,   1.6,  15.8, -33.1,1011.3,   1.5,  -0.9
92015,   0.3,   3.6,   0.8,   1.7,  41.9, 953.0,   1.5,  -1.0
92039,  -0.3,   0.8,   1.1,  40.0,  31.6, 979.4,   1.6,  -1.0
92067,   0.2,   3.8,   0.8, -34.0,  69.2, 953.5,   1.5,  -1.1
92091,   0.2,   1.1,   1.2, -42.8, -59.2,1018.9,   1.2,  -1.1
92115,  -1.1,  -0.1,   2.5, -35.2, -16.2,1017.2,   1.2,  -1.0
92139,   0.0,  -0.3,   2.2,  49.8,  45.8, 984.7,   1.3,  -1.1
92167,  -0.0,  -0.3,   2.6,  21.0,  14.5, 987.4,   1.4,  -0.9
92191,  -0.2,  -0.6,   2.7,  35.1, -22.6, 980.1,   1.3,  -0.9
92215,   1.0,   0.6,   1.5,  22.9, -42.6,1058.0,   1.1,  -0.9
92239,  -0.8,   1.3,   0.3,  22.4, -52.6, 987.4,   0.9,  -1.1
92267,   0.3,  -0.5,   0.4,  49.0,  22.8, 991.1,   0.8,  -1.1
92291,   1.0,   1.8,   0.1,  71.3,  39.9,1046.5,   0.8,  -1.2
92315,   0.2,  -1.1,   0.8,  44.9, -20.1, 982.3,   1.0,  -1.0
92339,   1.4,  -0.3,   2.0,  75.7,  94.1, 970.3,   0.9,  -1.1
92367,  -0.2,   2.4,   0.7, 101.3, -47.7,1071.9,   0.8,  -1.1
92391,  -0.7,   1.5,   1.3,  41.2,   0.1, 950.5,   0.9,  -0.9
92415,  -0.1,  -1.6,   1.7, 147.4, -36.5,1040.9,   0.8,  -1.1
92439,  -0.9,   1.8,   1.4,   8.3,  32.6, 945.7,   0.6,  -0.9
92467,  -1.3,   0.7,   1.3,  32.9,   6.5,1015.0,   0.4,  -0.6
92491,   0.5,  -2.0,   4.3, 117.6, -57.2,1172.5,   0.3,  -0.5
92515,   5.0,  -0.2,   3.6,  18.0, 121.2, 883.9,   0.8,  -0.4
92539,   3.3,  -3.3,   0.9,  50.3,  -1.8,1015.7,   0.7,  -0.4
92567,   1.9,  -1.0,   0.1,  19.3, -80.2,1014.8,   0.4,  -0.5
92591,   1.0,   0.2,   0.6,  -5.9, -12.8, 953.2,   0.2,  -0.6
92615,  -0.4,  -1.2,   1.1,  42.4,  48.2,1081.2,   0.2,  -0.6
92639,   0.8,  -0.7,   1.9,  94.7,  80.5, 983.7,   0.4,  -0.6
92667,   1.4,  -1.8,   1.4,  39.5,  47.0,1014.3,   0.7,  -0.6
92691,  -0.1,  -2.0,  -0.4,  21.2, -52.1,1138.8,   0.7,  -0.7
92715,   0.2,  -0.0,   0.1, -27.4,  10.4, 990.1,   0.7,  -0.7
92739,  -0.2,   3.5,   1.6, -41.3, -97.5,1052.1,   0.5,  -0.7
92767,  -1.1,   4.1,   1.4, -39.3, -32.8,1012.3,   0.5,  -0.8
92791,  -0.3,   3.7,   1.1, -82.3, -29.2, 975.2,   0.5,  -0.7
92815,   1.0,   4.3,   0.7, -85.2, -43.6,1050.2,   0.3,  -0.6
92839,  -0.0,   0.3,   1.7,  63.9, -10.4, 980.8,   0.3,  -0.6
92867,   2.7,   1.4,   1.7, -68.6, -35.3,1021.8,   0.3,  -0.5
92891,   0.2,   1.3,   0.2, -10.0,-105.8, 987.2,   0.3,  -0.7
92915,   3.0,   0.1,   0.3,  42.4, -13.5,1018.9,   0.2,  -0.9
92939,   1.3,  -0.6,  -0.4, -29.1,  -2.3,1116.6,   0.4,  -0.8
92967,   1.3,   2.0,   0.7, -13.5,  -7.9,1044.8,   0.4,  -0.7
92991,   0.3,   1.8,   2.0,-102.8, -20.1,1006.2,   0.5,  -0.7
93015,   0.2,   1.2,   2.6,-157.0, -53.8, 967.9,   0.6,  -0.3
93039,   1.6,   1.1,   1.4,-136.3,-109.5, 977.4,   0.3,  -0.3
93067,   1.0,  -1.5,   1.3,   2.9,   0.6, 939.6,   0.3,  -0.2
93091,   2.3,  -5.6,   2.4, 290.7,   3.8, 978.9,   0.1,  -0.4
93115,   2.5,   3.7,  -4.4,-219.8,   5.5, 898.3,   0.1,  -0.7
93143,   2.7,  -2.4,  -1.0, -31.8,  -3.0,1097.8,   0.6,  -0.5
93167,   1.9,   1.6,  -0.3, -19.6,  19.9, 980.8,   0.7,  -0.8
93191,   1.0,   0.3,   0.6,  37.1,  -0.3,1048.7,   0.6,  -0.8
93215,   1.2,   1.6,   0.3,  47.6,  -7.4,1035.5,   0.5,  -0.9
93243,   1.0,   0.4,   0.6,  16.8,  30.9, 975.4,   0.8,  -0.8
93267,   1.3,  -1.4,   0.8, 124.2,  11.1,1059.4,   1.1,  -0.7
93291,   2.1,  -1.5,   1.1, 191.1,  80.5,1024.0,   1.2,  -0.8
93315,   1.0,   0.6,   0.0, 162.1, -13.5,1029.9,   1.2,  -1.0
93343,   1.8,   0.3,  -0.6,  -5.2,  16.0, 949.8,   1.2,  -0.8
93371,   2.1,  -0.0,  -0.4, -27.6,  34.1, 959.8,   1.3,  -0.7
93391,   2.6,  -0.1,   0.6,  74.7, -27.2, 997.9,   1.2,  -0.8
93417,   1.7,   0.6,   0.9, -23.0, -45.8,1012.3,   1.2,  -0.6
93441,   0.8,   2.0,  -0.5, -50.6, -28.4,1195.2,   1.4,  -0.7
93465,   1.9,   0.2,  -0.3,   3.9,   6.2,1033.5,   1.7,  -0.5
93493,   2.2,   0.1,   0.8, -50.8,  25.3, 962.3,   1.8,  -0.5
93517,   1.1,  -1.7,   0.8,  40.5, -12.1,1072.1,   1.8,  -0.6
93541,   1.3,  -0.7,  -0.1,  28.5, -17.4, 941.3,   1.7,  -0.7
93565,   1.4,  -0.7,  -0.1,  29.5,  47.5, 964.2,   1.8,  -0.8
93593,   2.1,  -1.4,  -0.2,  43.9,  -2.3,1067.7,   2.0,  -0.8
93617,   2.8,   0.6,   0.8, -45.7,  66.8, 970.8,   2.2,  -0.6
93641,   1.8,  -0.0,   1.7, -97.4,  42.6, 957.1,   2.3,  -0.5
93665,  -1.3,  -0.6,   3.3,   2.4, -79.5,1059.2,   2.3,  -0.5
93693,   1.0,   0.2,   1.6, -76.9,  90.2,1059.2,   2.5,  -0.5
93717,   1.8,   1.0,   0.0,  74.9,  56.8, 926.9,   2.8,  -0.8
93741,   1.5,  -0.8,  -0.3,  15.6,  49.0, 909.0,   2.8,  -0.9
93765,   2.4,  -1.1,   1.7,  33.7,  21.1, 998.1,   2.6,  -0.8
93793,   0.7,  -0.9,   1.7,  12.7,  93.4, 920.5,   2.6,  -0.8
93817,   2.5,  -1.8,   2.2,  80.5, 117.6, 936.6,   2.7,  -0.9
93841,   0.9,  -0.8,   2.2,  41.5,  51.7,1121.4,   2.8,  -0.8
93869,   0.6,  -1.3,   1.6, -33.7,  51.9,1041.4,   2.9,  -0.8
93893,   1.9,  -2.1,   2.1,  93.5,  76.1,1030.9,   2.8,  -1.1
93917,   1.0,  -0.1,   0.2, -25.4,  45.3,1007.2,   2.9,  -1.1
93941,   1.0,  -0.1,  -2.4,  24.9,  54.3, 927.6,   3.0,  -1.5
93965,   3.6,  -0.7,   1.9,  -1.0, -81.4,1240.3,   2.5,  -1.0
93993,   2.5,  -0.1,   0.3,  81.3,   6.0,1020.1,   3.0,  -1.3
94017,   1.9,   0.8,  -0.1,  93.2, 144.9, 991.6,   3.2,  -1.0
94041,   1.9,  -1.5,  -0.8, 148.2,  48.0, 976.4,   3.3,  -1.1
94065,   1.1,  -3.3,  -0.4,  68.8,  92.2, 970.1,   3.5,  -1.1
94093,   1.1,   0.5,   0.4, 135.5,  10.6,1042.6,   3.4,  -1.4
94117,   0.7,  -1.7,   3.0, 164.0,  57.3, 902.2,   3.3,  -1.3
94141,   1.0,   0.6,   4.4, 134.0, 118.5, 919.3,   3.1,  -1.2
94165,  -1.3,  -0.1,  -0.4, 119.6, 112.2, 954.9,   3.3,  -1.3
94193,  -3.1,   0.2,  -2.6, 211.4,   9.9,1082.6,   3.3,  -1.7
94217,   1.0,  -3.8,   1.7, 198.5, 142.7,1010.6,   2.9,  -1.1
94241,   0.2,   4.8,  -2.0, -90.1, -23.5,1017.2,   2.9,  -1.5
94269,  -0.1,   3.0,  -0.5,  28.3, 106.8, 985.0,   3.2,  -1.2
94293,   0.4,   0.9,   1.0, 114.0, 163.5, 995.2,   3.4,  -0.7
94317,   0.3,  -0.1,   2.2, 122.8,  11.1,1020.4,   3.7,  -0.6
94341,   0.3,  -2.2,   2.2, 109.8, 140.0, 921.5,   4.1,  -0.2
94369,   1.4,  -2.1,   1.3, 137.2, 120.0, 973.2,   4.3,  -0.4
94393,  -0.3,  -4.6,  -0.0, 185.0,  -7.7,1040.1,   4.2,  -0.6
94417,   0.7,  -3.1,  -0.1, 209.7,  62.2,1009.1,   4.0,  -0.7
94441,   0.2,  -1.5,  -0.8, -68.9, -38.2, 964.5,   3.6,  -0.4
94469,   1.5,  -2.9,   1.0,  26.6, 138.3, 947.9,   3.5,  -0.4
94493,   0.0,  -1.8,   0.3, 177.2,  34.3,1037.5,   3.4,  -0.8
94517,   0.7,  -0.1,   0.5,  65.4,  49.0, 987.9,   3.5,  -0.9
94541,   1.4,   0.8,   1.9,  59.8,  96.3, 932.2,   3.4,  -1.0
94569,   1.6,   2.4,   0.7, 140.6,  39.9,1081.6,   3.4,  -1.1
94593,   1.6,   0.2,   1.0, 144.3, 192.5,1131.7,   3.8,  -0.8
94617,   0.5,   2.6,   0.9,-106.7, 157.1, 883.4,   4.1,  -0.3
94641,   1.3,  -1.5,   1.5, -20.5,  88.3, 924.4,   4.1,  -0.2
94669,  -0.5,  -3.2,   2.1,  89.6,  88.5, 950.8,   4.4,   0.0
94693,  -0.4,  -2.5,   1.7,  81.8,  58.0, 965.2,   4.1,   0.2
94717,  -1.7,  -0.4,  -1.1,  31.5,   4.3, 999.6,   4.0,  -0.2
94741,  -0.8,  -2.9,  -0.1, -33.7, 195.5, 884.1,   4.1,  -0.1
94769,   2.8,  -4.3,   2.5,-106.5, 134.4, 855.8,   4.4,   0.1
94793,   0.4,  -2.1,   1.5, -62.3,  27.5,1021.8,   4.4,  -0.0
94817,   0.1,   2.0,   0.4,-167.8,   8.2, 923.0,   4.2,  -0.2
94841,  -1.1,   0.5,   0.3,  29.5,  99.0,1006.2,   4.2,  -0.5
94869,  -1.3,   1.8,  -0.3,-127.0, -61.1,1072.1,   4.1,  -0.3
94893,  -0.1,   2.1,  -0.1,-163.9,  91.9, 895.6,   4.2,  -0.2
94917,  -1.5,  -0.8,   0.7,  10.0,  16.0,1051.6,   4.0,  -0.4
94941,  -0.7,   2.1,  -0.6,-131.9,  79.5, 863.4,   3.9,  -0.4
94969,  -0.7,  -0.9,   2.1,  90.5,  15.3,1019.1,   3.5,  -0.3
94993,  -0.5,  -1.2,   1.6,  41.2,  20.9,1015.2,   3.2,  -0.3
95017,  -0.3,   2.9,   0.1, -70.6,  49.7, 923.7,   3.0,  -0.4
95043,  -1.2,  -1.7,   1.4,  89.1,  40.2, 968.4,   2.8,  -0.4
95067,  -0.1,  -1.6,   1.4,  19.7,  50.4,1004.5,   2.8,  -0.6
95091,   0.1,   1.6,   0.6, -19.1,  58.7,1009.1,   3.0,  -0.8
95119,  -1.2,  -1.7,   1.5, 157.7, -30.9, 984.2,   2.7,  -0.9
95143,  -0.3,  -1.9,   1.4, 127.9,  96.6,1044.0,   2.6,  -0.9
95167,   0.8,   0.6,   2.0,  33.7,  78.0,1066.8,   2.5,  -0.8
95191,   0.0,   0.8,   2.3, -40.1,  36.8,1050.2,   2.4,  -0.7
95219,   0.5,   0.1,   2.2, -55.2,  20.4, 960.1,   2.4,  -0.5
95243,   1.3,  -0.4,   2.7, -56.4,  49.9, 994.5,   2.3,  -0.4
95267,  -1.2,  -0.7,   3.0,  -7.8, -43.1, 994.5,   2.2,  -0.4
95291,  -1.2,   0.7,  -0.6, 128.1,  16.0, 968.1,   2.0,  -0.8
95319,  -2.6,   1.9,  -4.2, 157.2,  86.8, 931.0,   1.9,  -1.2
95343,   1.8,   2.5,  -1.1,  45.6, 149.1,1038.2,   1.9,  -0.8
95371,   0.3,   2.0,  -0.3, -85.7, 110.7, 948.1,   2.0,  -0.6
95395,   0.3,  -1.4,   0.6,  81.5,  65.3, 937.4,   2.1,  -0.4
95419,  -0.8,  -2.4,   2.1, 105.9, -28.7,1010.6,   2.0,  -0.4
95443,  -0.6,   0.1,   1.8, 105.9,  -8.9,1106.3,   1.8,  -0.7
95467,  -0.4,   3.2,  -0.0, -89.4,   1.1, 941.0,   1.7,  -0.7
95495,   0.2,   0.2,  -0.1,-130.9,  66.3,1115.6,   1.8,  -0.5
95519,   0.0,   0.6,   0.2, -15.4,  -7.9,1033.5,   1.8,  -0.6
95543,   0.4,  -0.7,   1.1,  10.7,  42.1, 960.3,   2.1,  -0.3
95567,   0.0,  -1.7,   1.3,  25.8,  40.7, 933.0,   2.2,  -0.2
95595,  -0.1,  -3.7,   0.5, 144.0, -52.6,1014.8,   1.9,  -0.4
95619,   1.7,  -0.3,  -0.3,   0.2,  64.1,1031.6,   1.7,  -0.5
95643,  -0.2,   1.4,  -0.9, -79.4,   4.5,1042.1,   1.9,  -0.6
95667,  -0.7,  -1.6,  -0.4, 125.7, 116.1,1029.4,   2.4,  -0.6
95695,  -0.7,  -1.0,  -0.5, -31.5,  16.5, 989.6,   2.5,  -0.5
95719,  -0.5,   0.4,   1.1, -45.9,  71.9, 966.9,   2.8,  -0.5
95743,  -2.1,  -2.5,   4.0, 167.0,  -2.1,1042.1,   2.8,  -0.3
95767,  -1.2,  -2.4,   1.2, 159.6,  19.4, 994.0,   2.7,  -0.5
95795,  -2.6,  -2.0,  -2.9, 221.6,  99.5,1144.9,   2.8,  -0.8
95819,  -4.9,  -0.4,  -2.6, -28.8, 141.5, 873.1,   3.2,  -0.8
95843,   0.9,   0.7,   1.9, -62.3,  26.8,1056.7,   2.8,  -0.3
95871,   0.1,   2.0,   0.8,  23.6, 138.8, 987.7,   2.9,  -0.2
95895,   2.1,  -0.6,   1.3, -50.6, 174.7, 920.5,   3.0,  -0.0
95919,  -0.7,  -3.5,   1.4, -89.4,  70.9, 912.7,   3.0,   0.0
95943,   0.5,   1.1,  -0.6,  97.9,  68.5,1034.3,   2.9,  -0.4
95967,  -0.8,  -2.2,   1.4, 186.0,  51.4, 969.3,   3.0,  -0.4
95995,   0.6,  -0.1,   1.2, -15.2,  97.1, 948.1,   3.2,  -0.2
96019,  -0.6,  -0.3,   1.0,  -0.0, 127.6, 973.7,   3.3,  -0.3
96043,  -0.4,  -3.1,   1.0,  35.6,  94.6,1018.7,   3.4,  -0.3
96067,  -0.3,  -1.0,   1.4, -78.6, -22.1, 925.9,   3.3,  -0.2
96095,   0.6,  -2.0,   1.9,   0.5,   4.0,1026.2,   3.2,  -0.4
96119,   1.1,   2.2,  -0.3, -76.9,  79.5, 921.2,   3.2,  -0.8
96143,  -0.4,  -0.3,  -1.1, -52.5,  -0.8,1013.5,   3.1,  -0.7
96167,  -0.1,   2.3,  -1.1,-102.6,  94.4, 942.5,   3.2,  -0.6
96195,  -1.2,  -0.1,   1.2,  -9.1, -35.0,1057.5,   3.3,  -0.8
96219,  -1.1,   0.6,   0.5, -10.3, -95.6,1071.9,   3.2,  -0.8
96243,  -0.7,  -1.0,   2.7,  15.6, -21.1,1035.7,   3.3,  -0.7
96267,  -0.1,   1.3,   1.7,  18.0,  52.9, 981.1,   3.2,  -0.8
96295,  -0.2,  -0.5,  -2.2,  48.8,  71.7,1074.6,   3.2,  -1.1
96319,  -1.2,   1.9,  -3.3,  26.6,  81.2, 959.8,   3.2,  -1.4
96343,  -1.1,   4.9,  -1.5,-267.6,-123.9,1078.2,   2.8,  -1.2
96371,   1.1,  -3.2,   3.9, 154.3, 121.5,1035.5,   2.9,  -1.4
96395,  -0.7,  -0.9,   3.8,  20.5,  52.4, 903.9,   2.9,  -1.2
96419,  -1.4,   1.3,   1.9,  89.3, -20.1,1046.2,   2.9,  -1.5
96443,  -0.2,  -4.6,   2.4, 227.3, -59.4,1132.2,   2.8,  -1.5
96467,   0.4,   3.3,   1.0,-106.7,  23.1, 906.4,   2.6,  -1.4
96495,   0.8,  -0.4,   1.0, 116.7,  54.3,1024.0,   2.5,  -1.4
96519,   0.2,   1.3,   0.3,  16.8,  34.8,1024.0,   2.4,  -1.4
96543,  -0.2,   1.3,  -0.2, -72.3, -50.4,1058.5,   2.3,  -1.3
96571,  -0.2,   1.9,   0.6,-143.6,   8.0, 998.9,   2.3,  -1.0
96595,  -1.5,   0.4,   1.6, -32.0, -55.8,1122.2,   2.3,  -0.9
96619,   0.2,  -0.2,   2.5,  31.9,  59.0, 998.4,   2.5,  -0.9
96643,   1.5,  -0.1,   0.8,  54.2,  13.8, 966.2,   2.3,  -1.1
96669,   1.3,   2.0,   0.7,  46.1, 129.5, 965.4,   2.2,  -1.1
96693,   0.5,   1.1,   0.2,-144.3,   5.0, 980.3,   2.3,  -0.9
96721,   0.5,   5.2,   0.7,-188.3, 101.2, 873.1,   2.4,  -0.9
96745,  -0.3,   1.5,   1.4, -90.9, 156.6, 910.5,   2.6,  -0.7
96769,  -0.6,   1.5,   2.8, -40.8,  15.0,1013.5,   2.4,  -0.8
96793,  -0.7,   3.1,   1.1,  28.8,  12.8,1065.5,   2.5,  -1.0
96821,   0.5,   2.2,  -3.0, -55.5,  69.7, 926.1,   2.6,  -1.0
96845,  -1.5,   0.8,  -3.6,  20.0,  -6.2, 998.4,   2.7,  -1.2
96873,   0.7,   3.4,  -0.6,-329.1,  53.9, 926.1,   2.7,  -0.7
96893,   1.5,  -1.5,   2.2, -34.5, 226.9, 933.2,   3.2,  -0.4
96921,   1.9,  -1.8,   1.4,  -2.2, 152.7, 942.0,   3.3,  -0.6
96945,  -0.1,   0.4,  -0.0,  -7.1, -36.2,1018.2,   3.3,  -0.6
96969,   1.3,   1.5,  -1.5,  55.1,   9.4,1076.0,   3.1,  -0.9
96993,   0.2,   1.0,  -0.3,  11.9,  54.3,1052.6,   3.2,  -0.7
97021,   0.4,   1.5,  -0.6,  21.5,  60.9, 958.4,   3.2,  -0.7
97045,   0.5,  -1.7,  -0.2,  23.6,  78.8, 944.2,   3.2,  -0.8
97069,   1.2,   1.8,  -0.6,  21.7, -17.2,1014.8,   3.2,  -0.8
97093,  -0.4,   0.4,  -0.5,  79.1,  40.7, 978.1,   3.2,  -0.8
97121,  -0.8,  -1.0,  -0.4,  -0.5,  16.3,1025.5,   3.1,  -0.5
97145,   1.5,  -0.9,   0.9,  40.5,  86.8, 935.2,   3.0,  -0.4
97169,   0.7,   0.4,  -0.3, -68.9,  82.4, 885.4,   3.0,  -0.5
97193,   1.3,  -1.0,  -1.3,  30.7,  14.5, 976.2,   2.8,  -0.8
97221,   0.3,  -0.3,  -2.6,  -3.5,  63.4, 950.1,   2.8,  -0.9
97245,  -0.4,  -1.4,  -1.0, 146.0,  26.3,1103.6,   2.9,  -0.9
97269,   0.5,  -0.6,   0.8, -45.7,  24.6, 944.0,   2.8,  -0.7
97293,  -0.8,  -2.5,   2.7,  53.4, 141.7,1046.0,   2.9,  -0.5
97321,   0.2,  -1.0,  -0.4,  99.6,  58.2,1109.7,   2.9,  -1.0
97345,  -0.3,   0.1,  -3.9,  66.9,  48.2, 882.4,   2.9,  -1.3
97373,  -1.4,   1.1,  -5.6,  32.4,  30.9, 985.2,   2.9,  -1.3
97393,   0.8,  -3.4,  -1.4,  56.6, -25.0,1063.8,   2.7,  -0.9
97421,   1.1,  -0.4,  -1.9,  41.7,  89.0, 859.5,   3.0,  -0.9
97445,  -1.1,  -2.0,  -1.9, 122.8, -22.6,1043.1,   3.0,  -0.8
97469,   0.3,  -2.5,  -2.9, 176.5,  77.5,1047.2,   3.1,  -1.0
97493,   0.1,  -0.1,  -3.9, -80.1, 162.2, 828.5,   2.9,  -1.1
97521,  -2.2,  -0.2,  -3.8,  95.7,  22.6, 978.9,   2.8,  -1.2
97545,  -1.2,  -0.9,  -4.2,  36.6, -52.4,1108.5,   2.7,  -1.2
97569,   0.8,   2.9,  -5.3,-139.4,  50.2, 928.6,   2.8,  -1.1
97593,   0.9,  -1.9,  -4.3,  40.5, 119.0,1006.5,   2.7,  -1.1
97621,  -1.8,  -3.9,  -4.2, 238.2, -32.8,1202.7,   2.6,  -1.0
97645,   1.3,  -2.3,  -4.8,  72.5,  92.4,1049.4,   2.5,  -0.9
97669,  -0.0,  -2.3,  -5.3,  97.9,  51.9, 878.3,   2.3,  -1.0
97697,   0.7,  -2.1,  -6.1, 292.2,  28.9, 958.1,   2.2,  -1.3
97721,  -1.9,  -6.0,  -5.8, 173.3,  27.0, 947.6,   2.3,  -1.0
97745,  -0.1,  -4.4,  -7.0,  85.2,  68.3, 924.7,   2.5,  -0.9
97769,  -0.1,  -3.4,  -6.0, 131.1,  86.8,1085.6,   2.7,  -0.9
97797,  -1.5,  -4.6,  -5.3, 260.2, -57.2,1017.2,   2.4,  -1.0
97821,  -1.4,  -1.0,  -5.4, 174.8, -16.7, 954.2,   2.2,  -0.9
97845,  -2.9,  -2.2,  -6.1, 186.2,-154.9,1292.6,   2.0,  -1.0
97873,   3.8,   0.6,  -4.6,-100.4, 216.7, 886.1,   2.3,  -0.8
97897,   1.0,  -0.3,  -7.3, -54.7,  64.6, 928.3,   2.7,  -0.9
97921,  -0.6,  -1.8,  -6.3,  85.4,-173.0,1212.0,   2.6,  -1.1
97945,   1.3,   2.9,  -5.8, -54.7, 136.4, 895.6,   2.3,  -0.9
97969,  -2.5,  -1.8,  -5.6, 145.2,-160.5,1204.9,   2.4,  -1.1
97997,  -0.6,   2.1,  -6.7, -86.9, 120.3, 945.2,   2.6,  -0.7
98021,  -2.8,  -0.7,  -6.8, 112.3,  -7.7,1014.8,   2.8,  -0.9
98045,   1.0,  -0.8,  -4.7,  82.2, 209.9, 946.4,   2.8,  -0.7
98069,  -0.1,  -2.2,  -4.2, 124.7, -16.0,1022.3,   2.9,  -0.5
98097,  -0.3,  -1.5,  -3.6,  78.3,  29.7, 961.3,   2.8,  -0.5
98121,   1.8,  -2.6,  -2.6,  82.5, 125.1, 957.6,   2.7,  -0.4
98145,   3.3,   1.4,  -2.8,-227.6, 146.1, 722.3,   2.7,  -0.1
98169,   1.3,  -0.1,  -2.5,-142.4,  26.8, 926.1,   2.9,   0.2
98197,   0.2,  -2.7,  -2.2,  76.4, 160.3, 966.2,   3.3,   0.2
98221,   0.3,  -2.9,  -1.2, 168.9,  -1.8,1199.3,   3.2,   0.1
98245,  -0.6,  -0.7,  -0.9, 177.0, -29.2, 986.9,   3.2,  -0.1
98269,  -2.6,  -0.8,  -0.6, 120.3,  35.1,1051.1,   3.1,  -0.3
98295,  -6.6,   5.2,  -0.3, -74.7,-467.1,1399.3,   2.8,  -0.4
98319,   0.2,  -0.3,   5.3,   9.0, 182.5, 816.8,   3.0,   0.3
98347,   1.0,   1.7,   0.6, -23.5,  56.5, 963.0,   3.4,  -0.1
98375,   0.4,   3.7,  -1.5,-168.2,  21.6, 944.4,   3.4,   0.2
98395,   0.8,  -1.0,   1.5,  52.0,  73.4, 940.8,   3.3,   0.2
98419,  -2.3,  -1.5,   1.6,   4.9, -64.3,1059.4,   3.1,   0.1
98447,  -1.4,  -0.6,   2.2, -38.1,   0.9,1018.4,   3.1,   0.3
98471,  -1.5,   0.5,   3.0, -54.5, -40.4,1057.7,   3.2,   0.1
98495,  -0.8,  -0.0,   2.1,  25.1,  64.1, 952.7,   3.5,   0.1
98519,  -1.1,   0.8,   2.1,  23.2, 155.4, 963.0,   3.5,  -0.1
98547,  -3.2,  -0.4,   2.3, 104.0,-155.4,1156.8,   3.3,  -0.4
98571,  -0.4,   3.8,   2.4,  37.3, 119.3, 959.6,   3.4,  -0.6
98595,  -3.0,   0.3,   1.3,  62.0,-151.0,1301.4,   3.5,  -0.5
98619,  -1.2,   2.2,   1.2, -56.4, 124.2, 857.0,   3.9,  -0.1
98647,  -1.4,  -1.6,   2.4, 297.1,  26.0,1218.6,   4.1,  -0.1
98671,  -2.2,  -0.4,   2.6, 208.5,  73.1,1082.6,   4.1,  -0.2
98695,  -2.5,   1.9,   1.7,  54.4, -87.0,1027.7,   4.0,  -0.2
98719,  -1.9,   4.7,   1.7, -47.9,  95.6, 956.6,   3.9,   0.0
98747,  -2.0,  -0.6,   3.1, -76.4, 120.0, 889.5,   3.9,   0.3
98771,  -4.8,  -3.6,   1.8, 328.3,  29.2,1067.0,   3.8,  -0.2
98795,   2.1,  -1.4,   0.6, 167.4, 242.8,1138.0,   3.9,  -0.1
98823,   1.3,   0.9,   0.6, 188.4,  88.8,1047.2,   4.4,  -0.3
98847,   0.7,   1.4,   1.1,  61.2, 109.8, 905.9,   4.4,  -0.2
98875,   1.4,  -0.1,   2.8,  41.7,  85.3, 959.6,   4.5,  -0.3
98895,  -1.0,   1.6,   3.2, -18.8, 104.4, 900.5,   4.5,  -0.3
98923,  -1.2,  -0.7,   1.7, -20.1, 185.2, 903.4,   4.6,  -0.3
98947,  -0.6,   0.6,   1.9, -25.2,  68.3,1004.3,   4.6,  -0.4
98971,  -1.2,   1.1,   1.9,  -6.6,  73.9,1007.4,   4.5,  -0.6
98995,   0.3,   1.2,   1.5, -44.7,  41.6, 959.6,   4.3,  -0.7
99023,   1.4,  -1.3,   1.6,  41.5,   8.7, 996.7,   3.9,  -0.7
99047,  -1.5,   1.2,   0.1, -63.0, -94.8,1063.3,   3.6,  -0.7
99071,   1.3,  -0.1,  -0.3, -26.9,   5.8,1017.2,   3.6,  -0.8
99095,   2.1,   1.0,   0.0,-126.7,  20.6, 950.3,   3.4,  -0.7
99123,  -0.3,  -2.1,   2.6,  69.1, -10.1,1073.3,   3.3,  -0.6
99147,   1.5,   1.0,   2.6, -64.7,  47.3, 929.5,   3.0,  -0.7
99171,  -0.7,   0.6,   1.8,-107.0, -41.6, 934.9,   3.0,  -0.6
99195,   1.1,  -0.2,   1.0, -83.5, -28.7,1081.9,   2.8,  -0.7
99223,   0.2,  -1.0,   1.9,-101.6,  81.4, 893.4,   2.9,  -0.6
99247,   0.4,  -1.4,   2.1,   6.3,  38.5,1018.2,   2.8,  -0.6
99271,   0.4,   0.6,   1.6, -16.9,  37.7, 975.7,   2.8,  -0.7
99295,  -0.5,  -0.3,   2.8, -72.1,   9.2, 979.4,   2.7,  -0.7
99323,  -1.3,   0.4,   3.6, -48.4,  48.7, 912.0,   2.5,  -0.6
99347,  -1.7,   0.4,   1.6,  27.8, 101.5, 940.0,   2.4,  -0.7
99375,  -1.4,  -2.4,  -0.3, 209.0,  56.0,1016.5,   2.4,  -1.0
99395,  -2.5,   2.2,  -1.5, -96.5,-379.5,1216.2,   1.8,  -1.1
99423,   1.9,  -4.0,   3.9,  17.5, 108.5, 972.3,   2.3,  -0.3
99447,   1.9,  -1.2,   3.2, -49.3,  77.0, 922.7,   2.2,  -0.4
99471,   0.3,   1.6,   1.6, -25.4, -10.8,1030.1,   2.1,  -0.7
99495,  -2.0,   2.4,   0.9,  27.6, -85.6,1042.1,   2.1,  -0.9
99523,   0.3,   0.9,   0.8,-145.5,  71.7, 946.1,   2.0,  -0.7
99547,  -0.3,  -3.9,   2.4, 154.0,  82.4,1042.1,   2.3,  -0.7
99571,  -0.6,   0.9,   1.5, -66.9,  58.7, 872.7,   2.3,  -0.7
99595,   1.1,  -2.3,   1.3,  68.3,  40.2,1048.9,   2.2,  -0.9
99623,  -0.5,  -0.2,   2.1, 103.5,  89.0, 956.9,   2.2,  -0.9
99647,  -0.6,  -1.7,   1.6,   4.9,  72.2,1011.1,   2.2,  -0.8
99671,  -0.0,  -3.4,   1.6,  54.2,  89.0,1058.5,   2.2,  -0.8
99695,   1.0,  -0.7,   1.5, -71.1,  85.8, 922.0,   2.2,  -0.6
99723,   0.4,  -3.4,   2.3,  90.1,   0.9,1029.2,   2.1,  -0.8
99747,   0.3,  -3.1,   0.3, 164.8, -35.5,1050.6,   1.9,  -1.1
99771,   0.9,   1.5,  -0.7,  -9.6, -80.9,1030.1,   1.7,  -1.2
99795,   2.2,   1.0,  -1.5,   0.9,  23.8,1007.7,   1.6,  -1.6
99823,   1.5,  -5.0,  -1.2,  57.8,  92.2,1003.5,   1.9,  -1.3
99847,   1.0,   2.2,  -2.8,  11.9,  35.8, 964.5,   2.0,  -1.6
99875,   1.0,   2.6,  -1.9,-169.7,  50.4, 924.4,   2.1,  -1.3
99895,  -0.3,   1.9,  -0.3,-157.0,  -2.5, 950.3,   2.1,  -1.1
99921,  -2.1,   0.8,  -0.9, 138.2, -34.0,1148.8,   2.1,  -1.4
99949,  -3.7,   0.8,  -2.5,-138.2,-335.3,1227.4,   1.7,  -1.2
99973,   4.0,  -2.9,   0.2,-112.6, 166.6, 852.2,   1.9,  -0.8
99997,   2.5,  -1.0,  -3.3, -73.5,   2.3, 982.8,   2.2,  -1.2
100021,   1.9,  -0.3,  -3.1,  38.3,  60.0, 933.9,   2.2,  -1.2
100049,  -0.4,  -1.2,  -3.1,  39.8,  70.9, 963.0,   2.1,  -1.2
100073,  -0.7,  -0.6,  -3.0,-155.6, 160.3, 850.9,   2.1,  -1.1
100097,  -1.1,   2.8,  -4.6, -92.6, -75.8,1080.7,   1.9,  -1.3
100121,  -1.2,   1.0,  -5.1, -32.3,   5.3, 973.7,   2.1,  -1.2
100149,   0.5,  -1.0,  -4.4, -37.4,  49.0, 926.9,   2.1,  -1.4
100173,  -0.8,  -2.1,  -3.9,  46.4,  62.4,1103.6,   2.2,  -1.5
100197,  -3.3,   2.4,  -4.4, -27.9, -96.8,1067.0,   1.9,  -1.4
100221,  -0.6,   1.5,  -2.9, -67.4,  15.5,1022.1,   2.0,  -1.1
100249,   0.9,   0.5,  -2.6,-119.7,  33.1, 963.5,   2.0,  -1.0
100273,  -0.1,  -1.7,  -3.1,  98.6, -81.2,1062.1,   2.0,  -1.3
100297,   1.3,   3.4,  -4.5, -85.5,  18.0, 880.2,   1.9,  -1.4
100321,   0.5,   0.6,  -4.8,   4.4,  25.5,1066.8,   2.0,  -1.3
100349,   0.4,   1.0,  -4.6, -79.4,  81.7,1040.1,   1.9,  -1.2
100377,   0.6,  -0.3,  -2.9,  -7.8,  57.0, 979.6,   1.9,  -1.2
100397,  -0.4,  -0.1,  -2.1,  56.1,  18.9, 971.8,   2.1,  -1.0
100421,  -0.9,  -1.4,  -1.7, -33.5,  96.6, 930.5,   2.1,  -0.9
100449,  -1.7,   1.0,  -3.0,  20.2,  50.4, 978.9,   1.9,  -1.1
100473,  -4.2,   1.9,  -3.1, -26.4, -33.8, 848.5,   1.8,  -1.0
100497,   0.6,  -0.4,  -3.6, 103.7, -96.5,1324.3,   1.5,  -0.9
100521,   2.7,  -0.3,  -5.3,  58.6, 107.1, 929.5,   2.1,  -0.9
100549,   1.6,  -3.2,  -3.9, 154.8, 124.4, 986.7,   2.2,  -0.8
100573,   0.7,   3.1,  -4.0, -97.4, -37.2,1002.1,   1.8,  -0.6
100597,   0.2,   2.2,  -3.0,-183.4,   2.8, 975.7,   1.8,  -0.5
100621,  -1.8,  -2.5,  -2.9,  54.9, -80.2,1100.2,   1.8,  -0.5
100649,   1.2,  -0.3,  -2.2,-174.3, 144.2, 893.9,   1.9,  -0.4
100673,   1.0,   0.9,  -2.6,  26.6,  49.5,1002.3,   2.0,  -0.6
100697,   0.1,  -1.0,  -2.0, 132.8,  17.5,1080.9,   2.0,  -0.7
100721,   0.2,   0.7,  -3.1,  52.9,  -0.1,1045.8,   2.0,  -0.7
100749,  -0.7,   3.9,  -3.1,-161.2,-170.5,1012.1,   1.5,  -0.6
100773,   1.8,   4.4,  -3.5, -70.3, -34.8, 950.5,   1.5,  -0.7
100797,   2.7,  -1.2,  -2.5, 217.5,-101.4,1114.1,   1.2,  -0.7
100821,   2.9,   0.2,  -2.2,-130.4, 242.3, 748.6,   2.0,  -0.2
100849,   2.7,  -4.5,  -2.0,  89.6, 203.5,1027.9,   2.4,  -0.3
100877,   1.5,  -0.6,  -2.2,-160.4,  -2.1, 854.8,   2.4,  -0.1
100897,  -1.4,  -0.5,  -1.4,   0.5,  -5.0, 975.7,   2.2,  -0.4
100921,  -1.8,   0.8,  -2.2, -25.4,  55.8, 902.7,   1.9,  -0.9
100949,  -6.0,   3.2,  -2.8, -76.9, 134.2, 769.1,   2.1,  -1.0
100973,  -2.6,  -4.4,   0.8, 151.3,   6.5,1593.6,   2.2,  -0.3
100997,   2.2,   0.8,  -2.0, -73.5,  79.0, 938.1,   3.7,  -0.1
101021,   0.9,  -0.5,  -2.9, -86.9,  81.4,1082.6,   3.9,  -0.1
101049,   2.2,  -3.0,  -1.2,  29.0,  75.8, 993.5,   3.6,  -0.2
101073,  -0.1,   2.5,  -0.1,-207.8,   2.8, 793.6,   3.2,  -0.0
101097,   1.5,  -1.4,   1.5, -18.8, 121.7, 938.3,   3.2,   0.1
101125,   1.4,   0.7,   0.2, -12.0, 153.7, 900.7,   3.4,   0.0
101149,   1.0,  -1.5,  -0.3, -64.5, 119.3, 969.3,   3.6,   0.1
101173,   1.1,  -0.3,  -1.4,-122.6,  91.0,1112.7,   3.5,  -0.1
101197,   1.0,   3.0,  -2.4,-237.3,  53.4, 884.1,   3.5,  -0.1
101225,   3.0,   1.8,  -0.8,-249.1, 160.8, 907.3,   3.4,   0.0
101249,  -0.2,   2.1,   0.3,-202.2, -10.6, 963.5,   3.3,   0.0
101273,   1.9,   1.5,  -0.3, 211.1,  65.6, 917.6,   3.3,  -0.3
101297,   3.0,  -6.5,   1.6, 272.9, 120.5, 997.2,   3.4,   0.0
101325,   0.7,  -0.3,  -1.4, -30.3,-119.0,1173.7,   3.6,  -0.1
101349,  -0.3,   0.6,  -0.1,  -4.7,  81.7, 945.9,   3.8,  -0.2
101377,  -1.5,  -2.5,  -0.4, 180.6, -85.3,1060.6,   3.6,  -0.4
101397,  -3.1,  -2.0,  -1.1, 206.8, 136.1, 917.1,   3.8,  -0.6
101425,  -2.2,   2.0,  -0.9,  85.7, -35.3,1141.0,   3.3,  -0.8
101449,   0.9,   2.2,  -1.1,  31.5, 153.7, 985.5,   4.0,  -0.6
101473,  -0.1,   0.4,  -2.5,  51.2, -54.5,1052.3,   3.8,  -0.7
101497,   0.8,  -0.5,  -0.9,  21.5,  93.6, 986.2,   3.8,  -0.4
101523,   0.6,  -1.1,   1.5,   8.0,  91.2, 862.2,   3.6,  -0.2
101547,  -0.5,   0.8,   1.6,  55.6, 214.5, 987.4,   3.4,  -0.4
101575,   0.5,  -0.4,   1.4,-158.0, 202.0, 850.4,   3.5,  -0.1
101599,   0.4,  -1.0,  -0.8, -44.7,  -2.3, 930.0,   3.4,  -0.4
101623,   0.1,   2.4,  -1.0, -56.2,  25.5, 921.2,   3.3,  -0.5
101647,  -0.5,  -1.3,  -1.0,  68.8, 153.2, 927.8,   3.4,  -0.6
101675,   0.2,   1.2,  -1.5,-121.1, -66.3, 983.3,   3.1,  -0.4
101699,   1.1,   2.8,  -1.3,-107.7,  91.7, 826.5,   3.2,  -0.5
101723,  -0.0,  -0.0,  -1.2,  70.3,  25.5, 987.4,   3.1,  -0.6
101747,   0.3,  -5.3,  -0.4, 300.5, 145.4,1045.5,   3.5,  -0.5
101775,   1.8,   2.6,  -0.3, -10.8, 175.9, 891.7,   3.6,  -0.5
101799,   0.2,  -1.0,   0.2,  -8.6, 113.9, 924.9,   3.8,  -0.5
101823,  -1.1,  -2.5,   0.3,  66.4, -18.9, 974.5,   3.7,  -0.6
101847,  -2.9,   0.2,  -2.1,  73.5,  34.8, 976.9,   3.5,  -0.9
101875,  -3.7,   1.5,  -2.9,  27.1,  98.0,1043.6,   3.5,  -0.9
101899,  -2.4,   5.4,   1.9,-520.5,  20.4,1197.4,   2.9,   0.2
101923,   1.6,   1.0,   4.6, 147.2, 194.0, 871.9,   3.6,  -0.3
101947,   3.0,   0.1,  -3.8, -10.3, 138.1, 949.1,   3.9,  -0.7
101975,   0.3,  -0.3,  -5.6, -13.2,-115.3,1071.9,   3.7,  -1.3
101999,  -0.4,   0.1,  -2.9, 115.4,  -5.0,1080.9,   3.5,  -1.1
102023,   0.2,   2.1,   0.5,   5.1, -26.5,1061.1,   3.1,  -0.7
102047,   0.1,   1.6,   1.2, -23.7,  79.5, 960.1,   3.4,  -0.5
102075,  -0.8,  -1.0,   1.4,  64.7,  70.7, 996.4,   3.6,  -0.6
102099,  -1.4,   0.2,  -1.6, -38.4, -37.7,1034.8,   3.6,  -0.7
102123,  -1.7,   2.5,  -2.0,  29.5,  50.7,1058.2,   3.7,  -1.0
102147,  -1.0,  -0.7,  -0.4, 144.3, -47.7,1174.7,   3.5,  -1.0
102175,  -0.7,  -0.4,   0.2,  42.7,  58.2, 953.7,   3.4,  -0.5
102199,  -1.4,   0.2,   1.0, -23.2,  37.2, 855.1,   3.3,  -0.5
102223,  -1.5,  -3.4,   1.3, 222.9, -45.3,1079.0,   3.1,  -0.7
102251,   1.1,   0.4,   0.4, -68.1, 103.9, 866.3,   2.9,  -0.6
102275,   0.0,  -1.7,   0.6,-146.8,  77.3, 940.8,   3.0,  -0.3
102299,  -1.2,  -2.3,   1.0,-132.6, -83.6,1018.9,   3.1,  -0.2
102323,   1.3,   2.5,   0.3,  31.5, 126.8, 901.5,   3.0,  -0.5
102351,  -1.1,   0.1,   1.5,  57.1, -55.0,1025.7,   2.9,  -0.3
102379,  -1.0,   1.0,  -0.1, 146.9, 117.6,1034.0,   2.9,  -0.4
102399,  -3.4,  -0.1,  -0.4,  64.9,-220.8,1318.2,   2.5,  -0.6
102423,   3.6,   2.4,   4.4,-210.0, 185.7, 838.2,   2.6,  -0.0
102451,   0.2,   2.1,   6.2,-291.5,  38.2, 931.0,   3.0,   0.3
102475,   0.1,   1.1,   2.5,  24.4,  94.1, 924.9,   3.3,  -0.4
102499,  -0.1,  -4.3,   0.6, 197.7,  43.6,1005.5,   3.2,  -0.5
102523,  -1.0,  -1.1,   1.3,  16.1,-107.3,1141.9,   3.1,  -0.7
102551,   0.3,   1.6,   0.7, -70.1,  77.0,1064.1,   3.2,  -0.8
102575,  -0.3,  -0.9,   2.8, 124.2, 126.6, 909.8,   3.2,  -0.8
102599,  -0.8,  -1.2,   2.9,  89.1,  27.2, 990.8,   3.2,  -1.0
102623,  -0.7,   0.1,   2.1,  56.6,  86.8, 923.4,   3.4,  -1.0
102651,   0.4,   0.4,   1.5, 111.8,  51.7, 958.4,   3.4,  -1.0
102675,  -0.4,  -1.1,   2.4, 225.1,  86.6, 957.1,   3.4,  -1.1
102699,  -1.0,  -2.6,   2.4, 209.2,  26.3,1077.3,   3.4,  -1.0
102723,   0.1,   1.4,   1.5,  10.7, -21.1, 967.6,   3.1,  -0.9
102751,  -0.7,  -2.6,   2.8, 100.3,  76.6,1009.6,   3.4,  -0.7
102775,   0.0,  -1.0,   2.1, 166.5, 126.1, 945.4,   3.4,  -0.6
102799,  -0.6,  -2.7,   1.7,  99.1,  23.6,1027.7,   3.4,  -0.6
102823,  -0.2,  -2.3,   1.0,  39.8,  85.3, 928.1,   3.5,  -0.6
102851,   0.0,  -0.4,   1.6,  40.7,  74.8, 957.9,   3.3,  -0.7
102879,   0.5,  -0.2,   1.6,  48.1,  86.3, 987.9,   3.4,  -0.8
102899,  -0.3,  -0.8,   0.5,  47.3, 130.0, 937.4,   3.6,  -1.0
102923,  -2.4,   1.7,  -0.3,  -4.7,  57.5, 909.5,   3.5,  -1.1
102951,  -1.4,   1.6,   0.0,-276.6,  84.4, 740.1,   3.4,  -0.6
102975,   0.2,  -5.5,   2.5, 366.4, 113.7,1097.3,   3.7,  -0.6
102999,   0.3,  -1.7,  -0.5, -44.2,   7.5, 980.8,   3.7,  -0.7
103023,  -1.0,   3.5,  -0.0,-152.1, -68.2,1037.0,   3.4,  -0.9
103051,  -2.1,  -0.9,   2.2,  52.0, -25.7,1026.5,   3.1,  -0.8
103075,  -0.8,   1.0,   1.1, -35.4,  32.1,1025.0,   3.1,  -0.8
103099,  -0.3,   1.5,   0.8,  38.3,  92.9,1013.5,   3.1,  -0.9
103125,   0.8,   0.2,   0.4,   3.1,  50.9, 937.4,   3.0,  -0.8
103149,  -0.5,  -1.0,   0.5,  34.4,  38.5,1045.8,   3.0,  -0.9
103173,   0.0,   1.6,   0.4, -69.6,  60.0, 895.1,   2.9,  -0.9
103201,   1.0,  -0.7,   1.7,  27.3,  21.1, 913.9,   2.8,  -0.8
103225,   0.2,  -1.0,   0.1,  43.2,  49.0,1039.4,   2.8,  -1.0
103249,   0.1,  -1.1,  -0.2,  25.8,  60.4, 986.9,   2.8,  -1.1
103273,   0.3,  -0.5,  -0.4, 121.1,  51.7,1079.4,   2.6,  -1.2
103301,   0.2,  -3.9,   2.4,  85.7, -34.3,1081.2,   2.8,  -0.6
103325,   0.3,  -0.4,   1.6, -21.8,  31.4, 886.1,   2.9,  -0.8
103349,   2.0,  -1.4,   0.7,  11.2,  37.0,1013.0,   2.7,  -1.0
103377,   2.9,  -2.8,  -0.2,  15.6,  81.7, 979.8,   2.8,  -1.0
103401,  -0.0,  -1.3,  -0.5, -54.7, 150.8, 988.1,   3.1,  -1.0
103425,   1.0,  -0.7,  -0.3,  -5.9,  98.8, 952.3,   2.9,  -1.3
103449,  -1.8,   1.3,   0.3, -95.5,  33.6, 865.6,   2.8,  -1.3
103477,  -3.9,   1.1,   0.6,-100.4,  91.9, 799.2,   2.9,  -1.3
103501,  -4.5,  -0.3,   3.0, 477.8,-225.4,1654.6,   2.5,  -1.2
103525,   2.1,   3.0,   0.6,  46.4, 103.7, 911.7,   3.2,  -1.1
103549,   1.1,   2.3,  -2.3, -76.4,  17.7,1070.2,   3.1,  -1.0
103577,   0.5,  -0.0,  -2.3, 141.8, -51.9,1038.7,   2.8,  -1.2
103601,  -1.0,   0.2,  -1.3,  54.7, -24.5, 921.7,   2.5,  -1.1
103625,  -0.5,  -1.7,  -0.8, 134.5,   9.7,1109.5,   2.4,  -1.1
103649,   0.3,   2.9,  -1.3,  63.4,  89.5, 882.2,   2.5,  -1.1
103677,   1.0,   0.4,  -2.0,  72.2, 107.1, 978.6,   2.4,  -1.0
103701,   1.0,  -3.0,  -2.3, 151.3,  25.8,1157.8,   2.4,  -0.9
103725,   1.8,   2.4,  -2.3,-166.0, 122.7, 728.9,   2.4,  -0.7
103749,  -0.6,  -4.1,   0.5, 263.9, -58.9,1177.8,   2.3,  -0.8
103777,   1.9,   2.6,  -2.0, -12.2, 128.1, 959.6,   2.2,  -1.0
103801,  -0.3,   4.7,  -3.2,-327.9, 143.2, 804.3,   2.3,  -0.6
103825,   1.7,  -1.1,  -3.2,  56.1,  70.0,1025.0,   2.3,  -0.7
103849,   0.6,   0.7,  -4.0,  42.7, -55.8,1083.4,   2.4,  -0.7
103877,  -1.4,   1.7,  -4.7, -99.6,  22.8, 959.1,   2.3,  -0.5
103901,   0.8,   4.4,  -3.5,-137.0,  54.3, 828.0,   2.0,  -0.4
103925,  -0.9,   1.5,  -3.7, -44.7, 133.2, 855.8,   2.0,  -0.4
103949,  -2.0,   5.1,  -3.3,-299.8,-104.1, 969.8,   1.5,  -0.0
103977,   3.0,  -4.2,  -1.1, 207.0, 150.5,1081.4,   2.7,  -0.0
104001,   1.3,  -0.3,  -3.7,  61.2,  81.9,1068.2,   2.8,  -0.1
104025,  -0.7,   0.2,  -4.7, -21.8,-158.1,1083.1,   2.6,  -0.3
104049,  -0.5,   1.1,  -4.3,-157.7,  57.8, 975.4,   2.4,  -0.2
104077,  -0.3,  -1.0,  -1.7, 164.0, 155.4, 956.6,   2.0,  -0.3
104101,   1.8,  -0.3,  -1.4, 226.3, 252.8, 977.4,   2.1,  -0.2
104125,  -0.9,  -1.4,  -3.3, -68.9,  74.1,1022.6,   2.3,   0.0
104149,   3.2,  -0.9,  -2.4,-238.1, 112.7, 823.3,   2.4,   0.1
104177,   0.2,  -4.5,  -2.1,  12.7,  54.3, 935.6,   2.6,  -0.0
104201,   0.4,  -2.6,  -1.1,  40.0,  66.1, 977.6,   2.5,  -0.1
104225,   0.8,   0.1,  -1.4,-107.7, 176.4,1009.4,   2.4,  -0.2
104249,  -1.3,   0.2,  -1.2,-174.3, -41.9,1025.7,   2.4,   0.2
104277,   1.1,   0.1,   0.3,-148.7,  94.9, 989.4,   2.6,   0.5
104301,   0.7,  -2.3,  -0.1,   4.4,  81.7, 978.4,   2.6,   0.3
104325,   0.7,  -4.0,   1.1, 222.4,  13.6,1089.7,   2.7,   0.1
104349,  -0.1,  -0.2,  -0.6,   1.2, 104.1, 954.9,   2.6,  -0.0
104377,  -2.3,  -0.3,  -2.3, 138.9, -70.7,1107.3,   2.4,  -0.1
104401,  -3.3,   2.4,  -3.0,  44.6, 143.2, 758.9,   2.6,  -0.5
104425,   0.1,  -7.0,   2.4, 162.6,-135.4,1355.1,   2.4,   0.2
104449,   0.0,  -1.7,  -0.8, 100.6,  32.6, 964.5,   3.5,   0.0
104477,   1.8,   0.7,  -1.1,  99.8, 116.1, 974.2,   3.5,  -0.3
104501,  -0.7,  -4.0,   0.4, 137.7, -15.2, 961.3,   3.3,  -0.2
104525,   0.9,  -0.7,   1.3, 157.9, -12.1,1067.0,   2.8,  -0.2
104553,  -0.4,   0.4,   1.7,  55.6,   0.4, 926.6,   2.7,  -0.1
104577,  -1.9,  -5.2,   1.9, 157.2, -51.1,1152.4,   2.8,   0.0
104601,  -0.4,  -3.8,   1.9,  52.9,  28.5,1049.7,   2.9,   0.2
104625,   0.7,   0.2,  -0.1,  16.6,  28.2,1013.0,   2.8,  -0.1
104653,   0.2,   1.4,  -0.3, -44.5, -39.9, 959.1,   2.6,  -0.3
104677,  -1.1,   2.7,  -0.7,-163.4,-167.8, 981.1,   2.3,  -0.3
104701,   1.6,  -3.0,   2.1, 158.7, 119.0,1071.4,   2.5,  -0.3
104727,   0.7,  -0.2,   0.8,  -4.2,  72.9, 899.8,   2.6,  -0.2
104751,  -1.8,   0.3,  -0.9,  63.4,-161.7,1357.5,   2.6,  -0.5
104775,  -1.0,   0.5,  -0.8, 213.1, -21.8, 927.1,   2.7,  -0.8
104803,  -3.6,   3.5,  -2.3,  84.0,-625.1,1648.1,   2.0,  -1.1
104827,   4.7,   0.8,   6.4,-144.1, 287.5, 741.1,   2.7,   0.1
104851,   0.3,  -1.5,   3.1, 133.0, -35.3,1189.3,   3.1,  -0.4
104879,  -0.4,  -0.5,   0.4,  66.6,  66.8,1048.7,   3.1,  -0.5
104903,  -0.0,   0.7,   0.3,  48.6,  26.0, 996.9,   2.9,  -0.4
104927,   1.9,   2.6,   0.5,-122.6,  68.3, 848.2,   2.5,  -0.3
104951,   0.5,  -2.1,   2.6,  53.2,   2.6, 971.8,   2.4,  -0.2
104975,  -0.9,   0.4,   1.2, -19.3,  50.7, 833.6,   2.6,  -0.3
105003,   0.4,  -2.8,   1.0,  88.3, 131.2,1142.4,   2.6,  -0.6
105027,  -1.5,   2.9,   0.7,  -9.1,  11.1, 943.7,   2.5,  -0.7
105051,   0.8,   0.4,   1.1,  40.5, -40.6,1032.6,   2.3,  -0.7
105075,  -2.8,  -0.1,   0.4,-136.0,  50.7, 940.5,   2.7,  -0.4
105103,  -2.4,  -3.4,   1.7, 246.3,  35.8, 992.5,   2.7,  -0.9
105127,  -0.9,  -0.3,   1.1, 169.4, -81.9,1171.7,   2.9,  -0.7
105151,  -2.0,   0.8,   2.0, -76.0,-102.6,1026.5,   2.5,  -0.7
105175,  -0.4,   2.7,   2.0, -62.3, 122.5, 920.8,   2.5,  -0.7
105203,  -0.2,   8.6,   1.2,-858.2,-136.1,1077.7,   2.1,  -0.3
105227,   2.8,   7.4,   2.5, -76.7, 177.1, 917.8,   3.3,  -0.9
105251,   1.4,   0.5,  -1.1, -59.4,  18.2, 872.4,   3.6,  -0.9
105275,   1.6,   2.3,  -0.8,  30.2,  18.0, 858.7,   3.4,  -1.0
105303,  -1.7,   3.6,   0.3,  79.6,  37.7, 902.0,   3.1,  -1.0
105327,  -3.1,  -4.6,   4.2, 225.8,  -4.3,1088.5,   3.1,  -0.6
105351,   0.1,  -3.1,   2.9, 222.6,  85.8,1054.1,   3.5,  -0.7
105379,  -0.9,  -0.5,   0.6,   5.8,  76.8,1003.5,   3.5,  -0.7
105403,  -0.4,  -7.1,   2.5, 105.9,  19.7,1040.9,   3.5,  -0.4
105427,   0.0,  -5.0,   3.8, -68.1,  70.7, 851.2,   3.6,  -0.2
105451,   1.6,  -1.6,   3.2,  -0.5,  15.8,1042.1,   3.3,  -0.4
105475,   1.2,   1.8,   3.1,-339.4,  -3.8, 945.9,   3.4,   0.1
105503,   0.0,  -4.0,   3.0, 153.0, -31.8,1243.0,   3.7,  -0.3
105527,   1.1,   2.9,   0.3,-257.8, 150.0, 832.1,   4.1,  -0.2
105551,   0.7,  -2.3,   0.8,  81.8,  84.1, 936.4,   4.1,  -0.6
105575,  -2.1,  -2.3,   3.5, 240.9,  29.7,1142.9,   4.2,  -0.8
105603,  -5.7,   1.5,   1.0,  85.4,  44.3, 910.3,   4.1,  -1.2
105627,  -1.2,   2.2,   2.7,-283.0,   7.7, 961.0,   3.9,  -0.5
105651,   0.2,   1.4,   2.8,  -3.2, 135.1, 853.4,   4.8,  -0.6
105679,   0.7,   0.5,   2.1, -10.8, 298.5, 963.7,   4.8,  -0.8
105703,  -0.9,  -1.8,   3.0, -61.8, 157.4,1092.4,   5.0,  -0.2
105727,  -0.1,   4.2,   2.4, -14.9,  67.8,1036.0,   4.8,  -0.6
105751,  -0.9,   2.5,   1.6,  15.6,  35.5, 899.8,   4.7,  -0.7
105779,  -0.9,  -0.1,   2.5, -10.3,  59.2,1062.6,   4.7,  -0.6
105803,   1.8,   4.1,   1.8,-128.0, 174.2, 846.0,   4.8,  -0.6
105827,  -0.0,   0.7,   1.3, -90.6,  75.1, 985.5,   4.9,  -0.6
105851,  -0.4,  -2.5,   3.6,  33.4, 116.4, 969.1,   4.9,  -0.5
105879,  -0.2,  -0.0,   3.3,  82.5, -59.4,1121.7,   4.8,  -0.6
105903,   0.7,   4.6,   1.9, -46.9,  35.3, 988.1,   4.7,  -0.8
105927,  -0.5,  -0.3,   1.0,  11.7,  97.8,1070.2,   4.7,  -0.9
105951,   0.9,   2.8,   1.7,  56.6,  77.3, 920.5,   4.7,  -0.8
105979,   0.2,   1.5,   1.9,  72.2, -45.0,1120.2,   4.4,  -0.8
106003,   0.7,   0.4,   3.0, -34.7,  20.2,1039.2,   4.4,  -0.7
106027,  -0.4,  -0.8,   4.3, -38.6,  59.0, 911.5,   4.4,  -0.4
106051,  -0.9,  -0.7,   0.1, 117.4,  19.4,1014.5,   4.2,  -1.1
106079,  -1.7,   3.0,  -3.1, -19.6,-123.6,1175.6,   4.0,  -1.2
106103,   0.2,   2.6,  -1.4,-155.1,  37.5,1035.0,   4.0,  -0.9
106127,   0.7,   0.4,   0.6,  63.9, -19.1,1045.0,   4.0,  -1.1
106151,   0.2,  -1.5,   2.1, 225.6,  15.8, 983.7,   3.9,  -0.9
106179,  -1.2,   1.1,   1.0, 120.3,  95.4, 927.3,   3.7,  -1.2
106203,  -2.7,   1.3,  -0.0,  -2.0, 118.1, 983.0,   3.4,  -1.1
106227,  -0.6,  -0.2,  -0.6,  11.0,  31.6,1053.1,   3.3,  -1.1
106251,  -0.7,   1.6,  -0.1, -52.0, -41.1, 881.9,   3.1,  -1.0
106279,  -0.1,  -2.3,  -0.7,  89.8,  70.7, 925.2,   3.1,  -1.0
106303,  -0.1,  -3.6,   0.2, 328.3, -47.0,1185.2,   2.8,  -1.1
106329,  -1.3,   1.0,  -1.1, -48.1,  45.3, 981.3,   2.7,  -0.8
106353,   0.1,   1.2,  -0.8,-208.3, 137.6, 726.4,   2.8,  -0.5
106381,  -0.4,  -3.6,  -0.1, 136.9,  -0.1,1023.1,   2.7,  -0.7
106401,   0.7,  -1.4,   0.2,   1.7, -94.1,1046.2,   2.5,  -0.6
106429,  -0.9,  -2.0,   0.5, 179.2, 140.3,1050.4,   2.9,  -0.7
106453,  -1.6,  -0.1,  -1.6,  98.8,  12.3,1053.3,   2.6,  -0.7
106477,   0.6,   2.9,  -2.4, -42.3,  25.0, 977.2,   2.4,  -0.7
106501,  -0.0,   0.7,  -2.1,-153.4,  91.9, 890.5,   2.4,  -0.6
106529,  -1.4,   0.2,  -0.8, -85.0,  22.4, 890.0,   2.3,  -0.6
106553,  -2.3,  -2.6,   0.4, 196.5,  -2.3,1191.5,   2.3,  -0.8
106577,  -4.1,   1.3,   0.3,  15.1,  74.6, 821.1,   2.2,  -0.6
106601,  -2.0,   4.8,   0.4,-344.5, 135.1, 731.1,   1.8,  -0.3
106629,   0.9,  -7.0,   1.8, 255.3, 148.1,1077.0,   2.4,  -0.2
106653,  -0.0,   0.1,  -1.5,-204.1,  11.9, 886.1,   2.4,  -0.4
106677,   1.0,   0.2,  -2.4, -31.8,  15.8,1040.1,   2.2,  -0.8
106701,  -0.7,   1.8,  -1.5,  21.9, -62.8,1022.3,   1.9,  -0.8
106729,   1.7,   2.1,  -0.0,-143.3, 208.9, 841.2,   2.1,  -0.6
106753,  -2.8,   2.2,  -0.1, -94.5, -86.8,1107.8,   2.2,  -0.6
106777,  -1.8,   1.4,  -0.9, -60.6,  -2.3, 971.8,   2.3,  -0.7
106805,  -0.0,  -0.6,  -0.9,   8.3, 102.2,1036.0,   2.4,  -0.7
106829,   0.0,  -1.2,  -0.0,  41.2, 101.0,1010.8,   2.4,  -0.6
106853,  -0.3,  -1.1,   0.6,  38.3,  52.9,1056.3,   2.2,  -0.7
106881,   0.8,   0.5,   0.6, -80.4,  76.6, 849.5,   2.3,  -0.6
106905,  -0.7,  -0.2,  -2.3,  46.6,-136.3,1041.9,   1.9,  -1.3
106929,   1.3,  -1.2,  -2.2,  75.9, 191.8,1059.7,   2.0,  -1.2
106953,   1.2,  -2.0,  -2.1,  -4.7,  80.2, 965.2,   2.0,  -1.1
106977,   0.2,  -1.2,  -2.0, -95.2, -69.7, 982.8,   2.1,  -1.2
107005,  -1.6,  -3.1,   0.4,  64.2,  46.0, 933.2,   2.1,  -1.2
107029,  -3.1,  -3.2,  -2.2, 171.6,  40.4, 953.2,   1.9,  -1.6
107053,   1.3,   4.9,  -1.7,-474.9, 258.2, 842.1,   1.6,  -1.0
107077,   1.1,  -2.5,  -0.9, 177.0, 184.7,1030.4,   2.3,  -1.4
107105,  -0.5,  -0.3,  -2.5,-203.2, -49.9, 950.1,   2.1,  -1.2
107129,  -0.6,   0.5,  -3.6, -23.5,-113.6,1057.0,   1.9,  -1.4
107153,   0.5,   3.0,  -3.0,  21.2, 116.6, 995.7,   2.1,  -1.4
107177,  -0.0,   0.8,  -3.6, -31.5,  58.7, 888.3,   2.2,  -1.2
107205,   1.0,  -1.4,  -1.7,  40.3,  52.9, 999.1,   2.1,  -1.1
107229,  -1.1,  -2.3,  -3.2, 108.1,  -1.1,1008.2,   2.1,  -1.2
107253,  -0.4,  -1.8,  -3.4,  40.5,  25.8, 990.8,   2.1,  -1.2
107277,   0.2,   1.2,  -3.3,   2.7,  44.6, 961.5,   1.9,  -1.4
107305,   2.1,  -0.6,  -3.6, -28.6,  72.9,1083.6,   2.1,  -1.3
107329,  -2.6,  -2.0,  -3.8,   6.8,  31.6,1055.8,   2.4,  -1.0
107353,  -0.9,   1.0,  -5.2, -93.5, -20.1,1000.3,   2.4,  -1.1
107381,  -2.3,  -2.4,  -5.2, 217.5,-187.8,1209.8,   2.1,  -1.3
107405,   1.8,   3.9,  -4.9, -92.6,  90.5, 920.8,   1.8,  -1.2
107429,  -0.1,  -1.0,  -3.9, 129.6,  95.4,1004.0,   1.8,  -1.2
107453,  -2.2,   0.7,  -6.5,  14.6,  20.6, 894.9,   1.9,  -1.4
107477,   0.4,  -1.3,  -4.7,   8.8, -34.5,1133.9,   1.7,  -0.8
107505,   1.5,   1.6,  -8.3, -23.5, 138.1, 910.0,   2.3,  -1.1
107529,   2.0,  -0.4,  -8.1, -64.0, -39.4, 954.0,   2.1,  -1.0
107553,   0.7,  -2.1,  -7.4,-114.3,  27.2, 862.4,   2.0,  -0.9
107577,   0.5,   0.5,  -7.7, 100.8, -38.4,1008.4,   1.9,  -1.0
107605,   1.9,  -1.1,  -7.7,  34.6, 112.0, 959.1,   1.9,  -0.9
107629,   1.6,   0.9,  -8.1,-121.4,  81.9, 952.7,   2.2,  -0.9
107653,   1.2,  -2.8,  -6.9, -17.1,  83.6, 998.6,   2.4,  -0.7
107677,   0.8,  -2.1,  -6.1,  93.5,  85.8, 949.8,   2.5,  -0.5
107705,   1.2,   1.1,  -6.9,  27.1, -97.3,1024.0,   2.3,  -0.8
107729,   1.9,  -0.3,  -7.3,  15.6,  27.5, 915.9,   2.2,  -0.8
107753,   5.0,  -0.4,  -5.4, 151.8, 196.4, 930.5,   2.0,  -0.8
107777,   0.2,  -3.2,  -5.9,  34.9, 119.5,1307.2,   2.5,  -0.2
107805,  -0.0,  -4.3,  -4.0,  97.9, -48.2,1140.7,   2.9,   0.1
107829,   1.3,  -5.1,  -4.0, 173.6,  59.2,1022.8,   3.1,   0.0
107853,  -0.9,   1.1,  -5.6, -51.3, -71.1, 972.5,   2.9,  -0.2
107881,  -4.5,  -1.4,  -7.1, 196.5,  56.5,1027.2,   2.8,  -0.4
107905,  -4.4,  -4.8,  -2.8, 284.4,-334.6,1611.9,   1.9,  -0.0
107927,  -0.2,  -1.5,  -0.9,  19.5,  85.3, 860.5,   2.7,   0.6
107955,   1.5,   2.9,  -2.1,  16.1,  82.2, 921.5,   2.7,   0.7
107979,  -0.8,  -1.5,  -3.1, -53.0, -11.1,1017.2,   2.9,   0.8
108003,  -0.2,   0.5,  -3.6, -80.8, -17.9, 990.1,   3.0,   0.5
108031,  -0.8,   2.6,  -2.0, -64.2, -68.7, 956.9,   2.5,   0.4
108055,   1.9,  -1.0,  -0.0,  40.7, 222.6,1248.9,   2.4,   0.5
108079,  -0.9,   3.7,  -0.6, -86.7,  18.7,1093.4,   2.6,   0.5
108103,   1.4,   3.8,  -0.4, -46.2,  78.0, 945.4,   2.7,   0.2
108131,   1.4,  -2.1,   2.2,  40.5, 242.1, 926.1,   3.0,   0.4
108155,   1.4,   3.7,   1.1,-119.9,  36.0, 997.7,   2.8,   0.2
108179,   1.3,   1.9,   1.1,-233.4, 159.1, 817.0,   3.0,   0.4
108203,   1.0,   0.5,   2.5, -39.3, 145.9,1020.9,   3.0,   0.3
108231,  -0.9,   1.6,   4.1, -94.8,   8.4, 989.8,   3.3,   0.4
108255,  -0.9,  -1.8,   3.9, -31.5,  74.4, 898.5,   3.5,   0.5
108279,  -3.9,   0.4,   2.9,  86.1,-383.9,1549.7,   3.0,   0.2
108303,   6.3,  -0.6,   7.6,-154.1, 269.7, 932.0,   3.3,   0.7
108331,   1.5,  -1.3,   7.7, -53.0,  28.0, 980.8,   3.7,   0.6
108355,   1.5,   5.2,   3.6,  -4.7,  42.4, 965.9,   3.7,  -0.1
108383,   2.1,  -0.3,   3.8,  33.9, 143.7, 933.0,   3.9,  -0.1
108403,  -0.4,   1.4,   3.9, -90.4,  66.8, 907.8,   3.8,  -0.1
108431,   0.7,  -0.6,   6.1,  93.0,  87.5, 992.3,   3.7,  -0.4
108455,  -1.7,   0.9,   5.2,  47.8, -88.5,1201.3,   3.7,  -0.5
108479,  -0.4,   2.2,   4.6,  26.6, 124.7, 875.6,   3.8,  -0.8
108503,   0.7,   0.7,   5.0,  41.7,  85.8, 938.3,   3.8,  -0.7
108531,   1.6,  -2.8,   5.3, 163.3,  63.6, 933.2,   3.7,  -0.8
108555,  -0.4,   0.1,   5.8,  22.4,  88.8, 895.1,   3.6,  -0.6
108579,   1.9,   1.6,   4.9,-134.8,  19.2, 869.0,   3.4,  -0.6
108603,   1.0,  -0.1,   3.9, -12.2,  39.9, 996.0,   3.3,  -0.8
108631,   1.8,   2.9,   2.9,-174.6, 209.6, 962.5,   3.2,  -0.7
108655,  -0.4,  -2.7,   2.0,  32.7,  16.5,1156.4,   3.1,  -0.9
108679,   4.2,   2.4,   1.3,-145.8, 297.0, 777.7,   3.6,  -1.0
108703,   0.3,  -2.4,   0.5,  54.7,   6.7,1049.9,   3.7,  -1.1
108731,  -1.4,   1.8,  -2.5,-101.4,-126.3, 881.7,   3.2,  -1.3
108755,  -3.9,  -0.1,  -1.9,  26.1,  42.1, 826.3,   2.8,  -1.6
108779,  -3.3,  -6.8,   8.0,  -9.6,-327.5,1277.7,   2.4,  -0.6
108803,   2.1,   0.1,   1.3, 104.7,  73.9, 940.8,   3.2,  -1.5
108831,   0.3,  -1.0,  -2.5,  53.2,   8.7,1026.7,   3.6,  -1.1
108855,   0.7,   1.9,  -2.3,-105.3,  -5.2, 939.1,   3.4,  -1.1
108883,   0.2,   1.8,  -1.0,-139.7,   1.8, 880.2,   3.4,  -0.9
108903,  -0.0,  -1.4,   2.8,  -8.1,   6.0,1033.5,   3.1,  -0.6
108931,   1.3,  -2.5,   2.8, 261.7, 199.6,1027.0,   3.3,  -0.8
108955,   0.3,  -0.2,   1.1, -15.9, 209.1, 727.2,   3.6,  -0.6
108979,   1.3,  -1.2,   0.9,-100.9,  -2.8, 814.3,   3.5,  -0.4
109003,  -0.1,  -4.3,  -0.3,  38.8,  57.0,1042.8,   3.8,  -0.5
109031,  -0.3,   1.0,  -1.1,  14.4, -97.8, 973.0,   3.5,  -0.9
109055,   0.2,  -1.2,   0.6, 174.3, -98.0,1150.7,   3.3,  -1.0
109079,   1.8,   3.2,   0.2, -21.0,-111.4, 951.5,   2.9,  -0.9
109107,   0.6,  -1.4,   0.5,  42.2,  -9.6,1095.3,   3.3,  -0.7
109131,   0.6,   0.8,  -1.4, -36.9, 192.0, 901.5,   3.9,  -0.8
109155,   0.3,  -1.5,  -0.2, -26.6,  79.7, 946.1,   4.1,  -0.6
109179,  -1.5,  -3.8,   0.2,  83.7,  25.8,1003.8,   3.9,  -0.6
109207,  -4.0,   1.3,  -1.1,  27.6,  64.6,1006.2,   3.7,  -1.1
109231,   1.9,  -4.4,   6.5, 174.5, 223.3, 949.1,   3.3,  -0.5
109255,   1.4,  -2.9,   0.6,   1.2, 222.3, 973.2,   4.1,  -0.8
109279,  -0.6,  -3.6,  -1.1,  65.6,  96.3, 913.4,   4.4,  -0.9
109307,  -0.3,  -0.7,  -0.4, -76.2, 103.2, 919.3,   4.3,  -0.7
109331,   0.8,  -3.2,   2.1,-125.0, 174.2, 777.2,   4.1,  -0.3
109355,  -3.4,  -4.6,   2.4,  37.8, -19.6,1012.3,   4.1,  -0.3
109383,  -0.7,  -2.1,   1.4,  86.4,  63.6,1127.1,   4.1,  -0.4
109407,  -0.6,  -2.2,   0.8, -94.3, 101.0, 902.0,   4.2,  -0.3
109431,   0.7,  -1.2,  -0.1,-145.3, 162.5, 762.1,   4.2,  -0.4
109455,   2.7,  -0.1,   0.9,  65.9,   8.7, 964.5,   3.9,  -0.4
109479,  -0.0,   0.2,  -0.1, -66.7,   2.3, 935.2,   3.8,  -0.4
109507,   0.8,  -1.5,   0.8,  29.0, 119.5, 973.0,   3.9,  -0.3
109529,  -0.8,  -1.1,   1.6, -39.1,  61.4, 868.5,   4.0,  -0.2
109557,   0.3,  -2.1,   0.2,  -8.6, 113.4, 886.1,   3.9,  -0.4
109581,  -1.3,  -2.4,   0.8, 135.2, -66.3,1216.4,   3.7,  -0.7
109605,   0.7,  -0.2,  -0.2, 112.8,   3.3,1037.2,   3.5,  -1.0
109629,  -2.9,   2.4,  -0.4,  80.8, -31.8,1070.4,   3.4,  -1.3
109657,  -5.1,  -1.4,   1.4,  45.1,-338.7,1377.1,   3.2,  -0.9
109681,   2.8,   0.5,   4.7,  -3.9, 234.0, 747.7,   3.5,  -0.4
109705,   0.5,  -2.8,   0.8,  36.3,  50.2,1006.2,   3.8,  -0.6
109729,  -0.4,   0.5,  -0.7,  10.0,-189.6,1126.3,   3.6,  -0.8
109757,  -1.7,   2.4,  -0.1, -96.0,  18.0,1063.3,   3.4,  -0.6
109781,  -0.7,   2.4,  -0.8,-192.2, -25.0,1010.6,   3.1,  -0.7
109805,  -3.3,  -0.6,   0.1, -41.0, -22.1,1102.4,   3.1,  -0.7
109829,  -1.1,   3.0,  -0.1,-202.4,  69.5, 974.2,   3.3,  -0.6
109857,   1.1,   0.1,  -0.0, -53.7, 233.3, 935.2,   3.5,  -0.7
109885,   1.3,   1.8,   0.5, -98.7,  54.6,1028.9,   3.6,  -0.5
109905,  -1.0,   5.8,  -1.4, -98.4, -39.7, 960.1,   3.5,  -0.8
109929,   0.8,   4.3,  -0.8,  40.7,  98.3, 939.3,   3.3,  -0.9
109957,   0.9,  -0.7,  -0.7, 175.7, -56.3, 987.7,   3.0,  -0.9
109981,   1.9,  -3.7,  -0.2,-126.0, 178.4, 842.6,   3.5,  -0.5
110005,   1.4,  -3.1,  -0.7,  70.3, 181.3, 990.1,   3.7,  -0.6
110029,  -0.1,  -3.5,  -0.8, 198.5, 164.7,1009.1,   3.8,  -0.7
110057,  -0.7,  -1.2,  -0.1,  25.8,  11.1, 927.6,   3.5,  -0.6
110081,  -2.7,  -0.7,   0.2,  43.4, 106.6, 860.2,   3.4,  -0.4
110105,  -6.9,  -0.6,  -0.7, 138.6,  34.8, 959.6,   3.3,  -0.7
110129,   0.3,  -0.9,   1.7,-212.2, 420.8,1003.0,   3.0,  -0.3
110157,   0.7,  -2.3,  -1.1,  11.7, 168.8,1132.4,   3.8,  -0.5
110181,   0.6,  -0.9,  -3.1,  -9.6,  44.3, 974.7,   3.8,  -0.7
110205,   0.6,  -1.5,  -2.9, 189.2,  75.6,1135.6,   3.7,  -1.0
110229,   0.1,   3.2,  -3.3, -50.1,  11.4, 860.5,   3.5,  -0.9
110257,  -0.8,  -0.6,  -1.4, 160.4,  70.0, 987.7,   3.4,  -0.9
110281,  -1.4,  -1.7,   0.1, 169.4, -44.0,1018.7,   3.2,  -0.7
110305,  -0.1,  -1.4,  -0.3, 153.8, 170.3, 866.6,   3.4,  -0.7
110333,  -0.7,  -0.9,  -0.1, 170.9,  50.2, 998.6,   3.1,  -0.9
110357,   1.0,  -0.9,   0.0,  51.7, 244.0, 983.0,   3.2,  -0.5
110385,   0.5,  -0.6,  -0.3, -26.9,  59.7, 939.3,   3.2,  -0.5
110405,  -0.9,   0.1,  -1.3, -83.3, 146.1, 859.2,   3.4,  -0.6
110433,  -1.5,  -3.8,  -0.3, 179.7,  36.5,1097.8,   3.4,  -0.7
110457,  -1.5,  -0.3,  -0.9,  21.7, -11.8, 935.9,   3.2,  -0.6
110481,  -0.1,   0.5,  -1.6, 101.8,  95.1, 978.4,   2.9,  -1.0
110505,  -2.2,   1.5,  -0.9,  37.1, -12.8,1115.3,   2.6,  -1.0
110533,  -2.5,   0.4,  -0.3,-132.4,   9.4,1040.1,   2.6,  -0.6
110557,   0.7,   1.9,   1.5,  30.2,  44.8,1032.1,   2.7,  -0.3
110581,   1.3,   0.8,  -0.7, 243.6,  70.9,1027.9,   3.0,  -0.7
110605,   0.8,  -0.4,  -1.3, 100.8,  50.2, 948.1,   3.0,  -0.5
110633,  -0.1,   1.9,  -0.8,  -1.0,  48.0, 991.3,   2.7,  -0.7
110657,  -2.3,   0.9,   0.1, -40.6, -54.3, 979.6,   2.3,  -0.6
110681,  -0.7,  -0.6,   1.9, -40.8, 128.6, 836.3,   2.4,  -0.4
110705,  -0.3,  -2.9,   1.2, 128.4,  21.4,1113.9,   2.5,  -0.5
110733,  -2.3,  -2.9,   0.5,  53.4, -81.6,1124.9,   2.6,  -0.4
110757,  -1.5,  -4.2,   1.0, 263.9, -13.0,1077.0,   2.5,  -0.7
110781,  -0.1,   1.3,   0.6,  76.9, -28.7, 947.1,   2.3,  -0.7
110805,   3.1,   2.7,   1.0, -81.6,  52.4, 841.4,   2.3,  -0.3
110833,   2.5,  -4.6,   2.4, 302.9, 111.0, 844.6,   2.3,  -0.5
110857,   3.3,  -5.4,   3.3, 245.6, 174.9, 945.7,   2.4,  -0.2
110885,  -1.1,  -6.9,   2.0, 340.5,   6.5,1175.6,   2.3,  -0.7
110905,   2.2,  -0.7,   1.1, -70.1,   8.2, 938.6,   2.4,  -0.6
110933,  -1.4,  -4.0,   0.5, 170.6,   1.8,1150.2,   2.1,  -0.6
110957,   1.1,  -0.0,   1.2, -42.0,  82.4, 835.8,   2.1,  -0.6
110981,  -2.3,  -0.5,   0.9,  29.8,  63.1, 944.7,   2.2,  -0.8
111005,   2.2,  10.7,  -0.2,-362.6, 264.8,1133.9,   1.8,  -0.8
111033,   0.4,  -1.5,  -0.0, -15.9, 150.5, 985.5,   2.8,  -0.3
111057,   2.8,  -1.4,  -1.4, -72.3, -45.5, 974.2,   2.8,  -0.4
111081,   4.1,   3.8,  -2.3, -65.0,  49.5, 934.4,   2.6,  -0.8
111105,   0.5,  -0.4,   0.8, 108.9, -23.1, 966.7,   2.5,  -0.5
111131,   0.5,   0.3,   0.6,  48.8,  44.8,1030.4,   2.5,  -0.5
111155,  -2.1,   3.3,  -0.7,  91.5,  26.3,1170.8,   2.8,  -0.5
111183,  -2.7,   2.2,  -0.9,-146.8,-190.3,1207.9,   3.0,  -0.3
111207,  -0.4,   6.2,  -2.3,-223.9, -36.5,1018.7,   3.0,  -0.4
111231,   1.3,   0.6,  -1.0,  89.8, -38.9,1027.2,   2.9,  -0.6
111255,   1.3,   0.3,   0.7, 106.2,  54.1, 882.2,   3.0,  -0.6
111283,   1.1,   2.1,   0.3,-313.5,  19.9, 825.5,   2.9,  -0.1
111307,   4.0,  -6.4,   3.0, 100.1, 255.3, 929.1,   3.2,   0.3
111331,   2.2,  -5.2,   3.0, 186.5, 153.7,1050.9,   3.4,   0.2
111355,  -1.1,  -3.7,   0.3,   0.7, 121.0,1036.0,   3.8,   0.2
111383,  -1.9,  -2.8,  -0.4, 131.3, -19.1, 983.3,   3.6,  -0.0
111407,  -2.7,  -4.4,   0.8, 246.8,-130.2,1374.1,   3.2,  -0.3
111431,   5.3,   1.1,   1.9,  40.7, 312.2, 879.0,   3.3,  -0.1
111459,  -0.0,  -1.0,  -0.8, 124.0, -62.8,1137.6,   4.0,  -0.4
111483,  -0.7,   0.5,  -1.0,  43.4, -15.5,1077.5,   4.1,  -0.5
111507,  -1.5,  -1.3,   0.8, 116.4,  32.9, 991.3,   4.1,  -0.3
111531,  -1.1,  -2.0,   1.6, 109.1, -22.3,1001.1,   3.8,  -0.2
111559,  -2.2,  -2.9,   2.0,  68.6,  26.5,1022.3,   3.9,   0.1
111583,  -1.4,  -4.1,   2.2, 277.3,-109.5,1134.1,   3.7,  -0.2
111607,   0.7,  -1.6,   0.2, 136.2,  92.9, 864.6,   3.8,  -0.3
111631,  -0.4,  -1.6,  -0.1, -40.1,  57.3, 891.9,   3.5,  -0.2
111659,   1.1,  -1.7,   2.1,  67.1,  89.7, 992.3,   3.4,  -0.2
111683,   2.1,  -3.6,   3.3, -17.1, 152.5, 927.6,   3.4,  -0.1
111707,   1.9,   0.2,   0.5,  54.9, 214.5,1009.4,   3.3,  -0.4
111731,  -0.3,   1.5,  -0.8,  40.0,  26.8,1109.5,   3.3,  -0.6
111759,   0.2,  -1.0,  -0.1,-111.8, 137.6, 990.1,   3.6,  -0.3
111783,   0.9,  -3.1,   0.5,  16.6,  60.7,1085.1,   3.7,  -0.2
111807,   1.3,   2.4,   1.1, -40.3, 131.7, 859.5,   3.6,  -0.5
111831,  -2.6,   0.7,   0.4,  77.6,  80.0, 919.3,   3.6,  -0.6
111859,  -7.6,   0.9,  -0.6, 305.1,-287.5,1466.9,   3.3,  -0.6
111887,  -0.1,   1.5,  -0.9,-147.5,  90.2, 898.5,   3.3,  -0.4
111907,  -0.1,  -0.2,  -2.2,  89.8,  32.1, 953.0,   3.8,  -0.7
111931,  -1.1,  -4.6,   0.1, 147.7,  85.8, 961.5,   3.8,  -0.5
111959,   0.6,   0.7,   0.5,  31.0, 133.9, 861.4,   3.5,  -0.4
111983,  -0.4,   0.1,  -0.1,  -5.2,  89.3,1015.5,   3.3,  -0.5
112007,  -1.0,  -1.0,   0.5, -22.0, 150.5, 973.7,   3.6,  -0.4
112031,  -1.2,  -0.3,   0.2, -10.8, 112.2, 862.2,   3.8,  -0.5
112059,  -0.6,  -6.1,   0.4, 291.7,  88.0,1051.6,   3.7,  -0.8
112083,  -1.1,  -2.0,  -0.3, 288.3, -40.4,1122.7,   3.6,  -0.9
112107,  -0.5,   2.0,   0.1,  59.0, 112.7, 872.9,   3.4,  -0.9
112131,  -1.2,  -2.9,   1.3, 231.4,  78.3,1132.4,   3.2,  -0.8
112159,   0.7,  -0.6,   0.6, 183.3, 103.9, 892.2,   3.0,  -0.8
112183,   1.0,   1.2,  -1.1, -75.0, 263.3, 963.5,   3.3,  -0.7
112207,   0.8,  -0.9,  -0.0, -19.3,  94.6, 999.6,   3.4,  -0.7
112231,   1.8,   0.2,  -0.3,-173.1, 224.7, 892.2,   3.6,  -0.5
112259,   0.1,  -0.2,   1.0,-128.7,  30.7, 914.9,   3.6,  -0.3
112283,  -0.7,  -1.8,   0.6, -71.1,  29.9, 868.0,   3.3,  -0.4
112307,  -5.3,   0.2,   0.5,  56.6,  50.2, 984.2,   3.1,  -0.6
112331,  -5.8,  -4.4,   4.8,-103.1,-267.9,1207.9,   2.5,   0.2
112359,   2.1,   2.3,   1.4,-173.1, 141.7, 787.2,   3.1,  -0.1
112387,   0.0,  -2.9,  -2.8, 117.9, -70.9,1205.7,   3.0,  -0.3
112407,   1.2,  -0.9,  -3.1,  22.7,  38.2, 985.2,   2.9,  -0.4
112431,   0.7,   1.9,  -2.8,  46.1, -80.2, 877.8,   2.4,  -0.6
112459,  -0.8,  -0.9,  -0.1, -14.4, -31.8,1006.7,   2.3,  -0.2
112483,  -0.4,  -0.4,   0.3,-155.6, 147.6, 881.0,   2.6,  -0.1
112507,  -1.4,  -0.3,  -0.0, -58.4, -43.1,1062.8,   2.6,  -0.2
112531,  -1.0,   0.7,  -1.6, -38.1,-151.7,1097.5,   2.6,  -0.3
112559,   0.7,   1.9,  -1.2,-156.5, 182.8, 788.7,   2.7,  -0.3
112583,   0.2,  -4.1,   0.3, 196.0,  21.1,1102.9,   2.5,  -0.4
112607,   0.3,  -4.1,   1.6, 178.7, 227.2, 926.9,   2.9,   0.0
112635,   0.5,   2.2,  -0.6, -98.7,  34.1, 921.0,   2.9,   0.1
112659,  -2.1,  -2.8,  -0.6,  88.1, 180.3,1019.1,   2.9,   0.1
112683,   1.4,  -0.0,  -1.1, -94.5,  42.4, 798.7,   2.6,   0.0
112707,  -2.9,  -0.5,  -1.6,-170.0,  77.0, 934.2,   2.4,   0.1
112733,  -0.7,  -3.3,  -0.8,  35.4,  54.8, 974.2,   2.4,   0.1
112757,  -4.1,  -2.8,  -1.0, 105.7,  80.0,1211.0,   2.6,  -0.2
112785,   4.4,   5.5,  -0.1,-235.6,  93.9, 868.0,   2.3,   0.1
112809,   3.5,  -0.2,  -1.6, -74.0,  55.3, 958.1,   2.8,  -0.2
112833,   2.3,  -1.4,  -0.5, -18.1,  40.7, 884.1,   2.8,  -0.3
112857,   0.2,  -3.6,   0.7, 122.8,  99.0, 990.8,   2.6,  -0.3
112885,  -0.9,  -1.7,   0.8, -78.4, 101.9, 862.4,   2.6,  -0.2
112909,  -2.2,  -0.8,   0.3, -40.3,-128.3,1090.7,   2.4,  -0.3
112933,  -0.7,   1.6,  -1.5, -78.9,  91.9, 939.1,   2.8,  -0.5
112957,   1.0,   1.2,  -1.9,  -2.0,  66.1, 966.7,   2.8,  -0.7
112985,   3.0,   1.9,  -1.5,-183.6, 199.6, 849.2,   2.8,  -0.5
113009,  -0.8,   0.2,  -1.2, -11.0,-151.2,1161.0,   2.5,  -0.6
113033,   3.2,   0.9,  -0.5,-134.1, 163.5, 901.7,   2.5,  -0.4
113057,   1.3,  -0.2,  -0.3,  45.6,  92.9, 997.2,   2.5,  -0.6
113085,  -0.1,   5.2,  -2.4,-207.3, -19.4, 919.8,   2.8,  -0.1
113109,  -0.3,  -2.1,  -0.1,  68.8,  41.2,1056.7,   3.0,   0.1
113133,   1.0,  -2.5,  -1.1, 128.4, -37.7, 991.3,   2.9,  -0.2
113157,  -0.9,  -0.4,  -3.6, 149.6,  15.0,1009.1,   2.8,  -0.7
113185,  -4.8,  -0.9,  -3.1, 125.2,  70.0,1033.5,   2.6,  -0.8
113209,   5.6,  -6.8,   5.7, 359.8, 124.4, 973.0,   2.2,  -0.1
113233,   2.2,  -2.8,  -0.7, 159.6, 245.7, 985.0,   3.1,  -0.6
113257,   2.2,   1.8,  -3.0,  -1.7, 148.8, 937.6,   3.4,  -0.7
113285,   2.1,  -1.0,  -1.2,-102.8, -63.1, 990.8,   2.9,  -0.3
113309,   1.9,   0.8,  -1.6,-208.3,  89.3, 961.8,   2.8,  -0.4
113333,   1.0,   5.4,  -3.1,-384.3, -23.3, 895.4,   2.8,  -0.4
113357,  -0.6,   2.3,  -0.8,-153.6, 102.7, 926.4,   2.9,  -0.3
113385,   1.0,  -2.0,  -0.8, -50.1,  77.5,1034.0,   3.0,  -0.3
113409,   0.2,   3.2,  -1.9, -86.0, 133.7, 906.1,   3.2,  -0.4
113433,  -0.1,   2.8,  -0.9, -17.9,  -8.6, 911.5,   2.9,  -0.5
113457,   2.8,   2.5,  -1.1, -67.4, 107.1, 836.0,   2.7,  -0.5
113485,  -1.1,  -4.6,  -0.9, -19.6,  29.4, 959.6,   2.8,  -0.2
113509,   0.4,  -2.8,   1.1, -60.8,  39.9, 948.1,   2.8,   0.1
113533,  -0.6,  -3.8,   0.6,  97.6,  94.6, 975.2,   3.1,  -0.1
113557,   1.6,  -2.8,  -0.4,  71.3,  60.9,1026.0,   3.1,  -0.2
113585,  -2.4,  -2.1,  -1.1, 175.7, -50.6,1141.5,   3.2,  -0.4
113609,   0.8,   3.8,   0.4,-420.2, -60.9,1020.6,   2.7,  -0.1
113633,   1.7,   0.8,   4.3,-175.6, 148.6, 819.2,   3.2,  -0.0
113657,   0.8,   2.6,  -0.1,  46.8, 202.5,1004.0,   3.5,  -0.6
113685,  -2.4,  -1.2,  -0.3,  12.2,  27.5, 932.2,   3.8,  -0.6
113709,  -1.7,  -2.1,   2.0, 181.4,  67.3, 957.9,   3.7,  -0.8
113733,  -0.9,  -3.0,   2.7, 166.5, 179.1,1056.5,   3.5,  -0.7
113761,  -2.0,  -0.5,   2.2,  84.0,  14.8, 975.9,   3.0,  -0.5
113785,  -1.7,  -4.5,   4.2, 264.1,  14.1,1066.3,   3.0,  -0.7
113809,   0.4,  -2.8,   3.2, 198.9, 102.7,1010.6,   3.4,  -0.7
113833,   1.2,   1.8,   3.2, -38.1, 139.5, 956.6,   3.4,  -0.5
113861,  -0.3,  -1.0,   2.6, 161.8,   6.2, 998.9,   3.4,  -0.7
113889,  -2.6,   2.4,   1.4, -69.6,  24.1,1037.2,   3.3,  -0.5
113909,  -1.5,   0.2,   2.1,  29.3, -66.3,1058.2,   3.4,  -0.6
113933,   0.3,   5.3,   2.4,-250.0, 134.4, 812.1,   3.6,  -0.3
113961,  -0.5,  -0.4,   2.4, -40.1,  50.7, 947.1,   3.9,  -0.5
113985,   0.2,   2.1,   1.6,  19.3,  16.5,1018.2,   3.6,  -0.9
114009,  -0.4,   0.9,   1.4,  46.8, -12.8, 992.3,   3.4,  -0.9
114033,  -1.7,   3.8,   0.8,  10.5,  91.7, 865.8,   3.3,  -1.0
114061,  -4.7,   2.0,   0.6,  -8.6,  81.0, 985.9,   3.2,  -1.0
114085,  -3.6,   6.5,   1.9,-170.9, -27.4,1012.8,   2.6,  -0.8
114109,   2.0,  -0.5,   2.5, -10.3, 278.7, 839.7,   3.3,  -0.6
114133,   0.5,  -2.7,   0.2,  27.1, -44.3,1099.7,   3.4,  -0.7
114161,   1.3,  -1.3,   0.7, -83.3,  13.6, 917.3,   3.2,  -0.7
114185,  -0.1,   0.5,   1.6, -22.2,  27.7,1011.3,   2.7,  -0.8
114209,  -1.0,   0.7,   2.3,  29.0, -63.3,1120.5,   2.5,  -0.7
114233,  -0.5,   4.1,   0.9,-126.3,  51.9, 920.3,   2.6,  -0.6
114261,  -0.3,   5.7,   0.8,-155.8, -61.4, 988.9,   2.7,  -0.6
114285,   0.4,   0.5,   0.7,  -0.5,  97.8,1054.3,   2.8,  -0.6
114309,  -1.2,   1.9,  -0.3,  71.5,  49.9,1077.0,   2.8,  -0.9
114335,   1.2,   1.5,   0.0, -72.5,  60.0, 899.8,   2.9,  -0.7
114359,   1.1,   0.5,   2.7, -28.4, 118.3, 905.4,   2.6,  -0.5
114387,   2.4,   2.8,   0.8,-127.2,  28.2, 874.4,   2.7,  -0.2
114411,   0.3,  -0.3,   0.5,-112.6,  39.7,1026.0,   3.0,  -0.1
114435,  -0.1,  -1.5,   1.4,  59.8,  34.8,1165.9,   3.3,  -0.1
114459,  -0.3,   1.7,   1.2, -64.0,-156.6,1174.2,   3.4,  -0.3
114483,   1.4,   4.6,   0.3,-144.8,  47.3, 991.3,   3.5,  -0.2
114511,  -1.4,   1.1,   2.1,-136.5,  48.0, 891.5,   3.3,  -0.0
114535,  -0.8,  -0.4,   2.5, -34.0,  85.1, 933.9,   3.3,   0.1
114559,  -2.2,   1.9,   2.6,-147.0,  -1.6,1113.1,   3.0,   0.2
114583,  -1.4,   4.6,   1.1, -74.5, 152.2, 923.0,   3.3,  -0.1
114611,   1.4,   2.8,  -1.2, -48.1,  55.3, 987.4,   3.3,  -0.5
114635,   0.9,  -0.4,  -0.8, 104.5,  36.0,1075.5,   3.3,  -0.5
114659,   0.2,   1.6,  -0.0,  40.5, -33.3, 998.4,   3.0,  -0.4
114683,  -0.1,   3.2,   0.1,  70.3, -21.6,1052.8,   3.0,  -0.4
114711,   1.5,   2.7,   1.3, -77.4, 104.1, 917.1,   3.0,  -0.4
114735,   1.7,   0.5,   1.7, -54.5, 138.1, 934.7,   3.2,  -0.3
114759,   1.6,  -0.9,   1.4,  36.8,  96.3, 949.8,   3.1,  -0.5
114783,   0.0,  -0.7,   1.4,  96.6,  43.6,1022.1,   3.1,  -0.5
114811,   0.0,   2.7,   1.6,-110.9, -54.5,1007.2,   3.0,  -0.5
114835,   0.7,  -0.5,   2.1, -93.8,  84.4, 999.9,   3.2,  -0.3
114859,   0.7,   0.9,   1.3, -49.1,   0.1,1011.6,   3.1,  -0.4
114887,   1.6,   1.1,   1.4, -66.4,   6.7, 989.8,   3.1,  -0.3
114911,   1.9,   0.7,   1.4, -92.1, -28.4, 952.3,   2.9,  -0.3
114935,   3.2,   1.7,   2.3, -14.9, 273.6,1112.2,   2.9,  -0.3
114959,   0.7,   0.5,   1.1, -23.7,  96.3, 980.1,   3.2,  -0.0
114987,   0.6,  -2.3,   0.8, -21.5,  67.8,1053.8,   3.4,  -0.0
115011,  -0.5,   1.1,  -0.5,-173.6, -41.6, 957.4,   3.4,  -0.1
115035,  -0.3,  -0.1,  -0.3, -93.5, -84.1, 997.2,   2.9,  -0.3
115059,  -0.1,   0.8,   0.7, -53.0,  21.4, 947.6,   2.7,  -0.4
115087,  -1.1,   2.4,   0.2,  24.1, -30.9,1160.0,   2.7,  -0.9
115111,   2.5,   4.6,  -0.8,-220.0, 196.9, 797.0,   3.1,  -0.7
115135,   3.8,   0.8,   1.3, -66.2,  58.0, 918.8,   3.4,  -0.4
115159,   2.2,  -1.0,   1.8,  49.0, -40.9,1089.7,   3.4,  -0.6
115187,   0.5,   0.6,   1.3, -36.2, -38.7, 970.3,   3.2,  -0.6
115211,  -0.0,   1.3,   1.3,-129.2,  59.0, 913.9,   3.0,  -0.6
115235,   0.3,   1.9,   0.9,-190.5, -36.7,1043.3,   2.8,  -0.8
115259,  -0.3,   1.5,   1.1,-213.2, 168.6, 938.8,   3.0,  -0.6
115287,   0.9,  -1.0,   2.0,  93.7, 112.0, 981.3,   3.0,  -0.7
115311,  -0.4,  -0.7,   1.5,  89.3,  87.5, 925.9,   3.1,  -0.8
115335,   0.1,   2.2,   0.7,  53.7,  32.4, 958.1,   2.9,  -0.8
115359,   0.5,   1.0,  -0.1, -61.1,  23.8, 955.9,   2.8,  -0.7
115387,  -0.9,  -1.5,   0.2,  55.1,  88.8,1023.1,   2.8,  -0.8
115411,  -0.4,  -1.5,  -0.3, 151.3,  73.4,1047.0,   2.8,  -0.8
115435,  -0.7,  -1.3,   0.6,  92.7,  30.9,1007.9,   2.9,  -0.7
115459,   0.4,   0.1,  -0.9,  29.8,  57.5, 961.8,   2.9,  -0.8
115487,  -0.9,  -5.1,  -0.2, 191.6, 116.8,1089.9,   3.2,  -0.8
115511,  -1.1,  -3.7,   1.2, 180.9,  80.0,1017.7,   3.2,  -0.7
115535,  -0.6,  -2.7,   0.2,  91.3,  22.4,1066.5,   3.1,  -0.8
115559,  -0.6,   0.2,  -0.3,  62.2,  79.2,1012.3,   3.3,  -0.8
115587,  -0.1,  -1.1,   1.1,  93.5, 100.0, 949.1,   3.4,  -0.8
115611,  -0.4,  -2.1,   1.3, -12.5,  91.0, 934.2,   3.3,  -0.7
115635,  -1.5,  -3.4,   1.9, 146.7,  26.0, 979.4,   3.2,  -0.8
115659,  -1.4,  -0.5,  -0.3, 130.3,  81.4, 985.2,   3.0,  -1.1
115687,   2.3,  -3.1,  -2.5,  11.9,  44.8, 938.1,   3.1,  -0.9
115711,   1.4,  -4.1,  -0.8, 197.2,  68.3, 986.7,   3.3,  -1.0
115735,   1.9,   1.1,  -2.6,-184.8,  14.5, 918.3,   3.1,  -0.9
115759,   1.9,   2.2,  -1.5,-176.1,  14.5, 951.5,   2.9,  -0.8
115787,   0.3,   0.3,  -0.8, -41.3,  43.1,1008.4,   2.9,  -0.9
115811,  -0.9,   0.3,  -1.0,-135.3,  44.8, 956.6,   2.8,  -0.7
115835,   0.5,  -0.3,  -0.5,  33.2,  48.7, 980.6,   2.8,  -0.8
115859,  -0.3,  -0.4,  -2.2,  21.5, 120.7, 951.8,   2.9,  -0.9
115887,   3.9,   3.0,  -1.7,-142.1, 162.7, 886.8,   3.1,  -0.7
115911,  -0.4,  -0.7,  -1.5,  18.0,  -7.9,1036.2,   3.0,  -0.7
115937,  -0.4,  -0.4,  -1.5, 129.6,  66.1, 972.5,   2.9,  -0.8
115961,   0.6,   0.5,  -1.6,  32.2,  69.7, 996.0,   2.6,  -0.7
115985,  -0.5,  -2.6,  -1.0, -44.5,  66.1, 927.3,   2.7,  -0.3
116013,   0.5,   0.2,  -2.1, -63.0, 124.7, 933.5,   2.8,  -0.6
116037,   0.7,  -2.5,  -2.3,  40.0,  76.1, 932.5,   2.7,  -0.7
116061,   0.5,   0.4,  -2.4,  10.0, -46.0, 937.6,   2.4,  -0.8
116085,  -1.8,   1.9,  -3.4,-119.9, -24.8,1106.5,   2.4,  -0.8
116113,   1.4,  -1.4,  -2.1,  38.3, 120.5, 925.4,   2.5,  -0.8
116137,   0.0,  -2.7,  -2.5, 104.5, -66.3,1127.5,   2.5,  -0.7
116161,   1.4,  -0.6,  -3.6,  -3.7,  12.8,1052.3,   2.8,  -0.8
116185,  -0.1,  -0.7,  -2.6,  73.0, -22.6,1077.5,   2.9,  -1.0
116213,  -3.0,   0.6,  -2.0,  38.8,  -9.1, 876.3,   2.8,  -1.1
116237,  -5.4,   0.5,  -2.0,  31.7, -29.9,1111.9,   2.3,  -0.9
116261,   3.8,   4.9,   1.7,-180.5, -84.3,1294.8,   1.6,  -0.5
116285,   3.3,  -2.8,  -0.1, 233.9, 370.0,1026.2,   3.0,  -0.6
116313,   3.0,  -2.5,  -6.2, 105.7,  21.4,1069.7,   3.1,  -1.0
116337,   2.4,  -0.3,  -4.3, -15.4, -98.2,1010.4,   3.0,  -0.8
116361,   0.5,  -0.6,  -2.5, 118.6,  -7.2,1119.7,   2.8,  -0.7
116389,  -0.7,   1.0,  -3.1,  11.0,  50.9,1000.8,   2.8,  -0.7
116413,  -0.4,   0.5,  -1.5, 129.9, 127.3, 960.6,   3.0,  -0.6
116437,   0.6,  -0.6,  -1.6,  92.5,  93.9, 910.3,   3.0,  -0.6
116461,   0.7,  -2.4,  -0.6, 117.6,  37.5,1000.1,   3.0,  -0.6
116485,  -0.3,  -4.4,  -1.1,  90.8,  48.5, 991.8,   3.0,  -0.7
116513,   1.0,  -1.6,  -1.8,  18.3,  35.3, 944.9,   2.9,  -0.7
116537,  -0.7,  -5.6,  -0.7, 188.7, -42.8,1142.9,   2.9,  -0.5
116561,   0.9,  -0.4,  -2.1,  69.1,  45.3, 923.0,   2.9,  -0.5
116585,   0.6,  -2.0,  -1.7,  70.8,   9.9, 944.2,   2.8,  -0.4
116613,   1.8,  -0.4,  -1.7,-107.2,  81.0, 956.9,   2.7,  -0.2
116637,   0.6,  -2.6,  -2.0,-192.2, 105.1, 903.4,   3.2,   0.0
116661,   0.7,  -2.0,  -2.0, 149.1,  86.3,1115.1,   3.3,  -0.2
116685,   3.2,   2.2,  -4.0,-103.8, 179.8, 925.4,   3.3,  -0.2
116713,   0.9,   0.4,  -2.8,  48.1, -66.0,1098.7,   3.0,  -0.3
116737,  -0.8,   1.6,  -3.9,  -8.6,  26.8, 993.8,   3.2,  -0.5
116761,  -3.2,  -0.3,  -3.3,  68.8,-351.7,1420.0,   2.9,  -0.7
116785,   6.6,   4.4,   0.5,-102.1, 247.9, 703.7,   3.2,  -0.1
116813,   3.0,  -0.7,  -1.8,   9.0,  63.6, 984.0,   3.8,  -0.3
116837,   1.3,   1.0,  -3.4, -40.6,  18.9, 872.7,   3.9,  -0.3
116861,   0.3,  -0.7,  -2.6, -67.7,  43.1, 890.2,   3.6,  -0.1
116889,  -1.8,  -0.8,  -2.0, -38.4,  75.6, 850.9,   3.6,  -0.0
116913,  -1.8,  -2.8,  -1.0,  48.8,  70.2, 920.0,   3.4,   0.1
116937,  -1.7,  -2.5,  -1.6,  78.6,  82.2,1092.6,   3.5,  -0.2
116961,  -2.0,   0.7,  -2.8,  73.9,  87.1, 886.6,   3.7,  -0.5
116985,  -2.2,   1.1,  -1.7, 127.7,  -1.6,1000.3,   3.7,  -0.5
117013,  -1.4,  -0.2,  -1.9, 122.8,-105.6,1086.3,   3.5,  -0.5
117037,  -1.1,  -1.1,  -1.9,  86.6,  52.9, 970.8,   3.6,  -0.3
117061,  -1.1,  -1.8,  -0.8,  54.7,  52.6, 893.4,   3.3,  -0.2
117085,   0.7,  -0.9,  -0.2,  82.2,  88.3, 976.7,   3.1,  -0.2
117113,  -0.8,  -6.1,  -0.0, 285.9,  -4.0,1156.4,   3.3,   0.1
117137,   0.8,  -3.8,  -0.2,  23.2,  84.6, 847.0,   3.5,   0.4
117161,   1.6,   0.1,  -0.6, -29.3, 193.0,1038.2,   3.5,   0.2
117189,  -0.3,  -4.0,  -0.9, 135.7,  -3.3,1037.2,   3.5,   0.0
117213,  -2.8,  -3.4,  -3.2, -42.0,  51.2, 913.7,   3.5,  -0.1
117237,  -3.8,   1.8,  -4.3,  29.5,  26.3, 921.5,   3.3,  -0.6
117261,  -2.2,  -1.0,   0.6, -73.0, -75.1,1138.5,   2.7,  -0.0
117289,   0.8,   2.2,   1.3,-129.7, 174.5, 874.9,   3.7,   0.4
117313,   0.7,  -2.0,  -2.0,  38.1,  -6.0, 996.9,   3.8,  -0.1
117337,   0.5,  -0.6,  -2.9,  24.4, 103.4, 907.1,   3.8,  -0.4
117361,  -0.6,   1.3,  -1.9, -66.7, -52.1, 945.2,   3.4,  -0.3
117389,  -3.0,   2.6,  -0.6,-128.0, -33.8,1014.8,   3.3,  -0.1
117413,  -1.7,  -0.7,  -0.8, -59.4,   8.7, 984.7,   3.8,  -0.3
117437,  -2.2,  -4.0,   1.4, 167.0, 122.0,1023.5,   3.8,  -0.3
117461,  -1.2,  -1.6,   0.9,  44.9,  -2.3, 977.6,   3.8,  -0.3
117489,  -0.4,   3.2,   0.1, -69.4,  80.5, 891.9,   3.8,  -0.4
117513,  -0.7,   0.2,   0.5,  23.9,  35.8,1099.5,   3.4,  -0.5
117539,  -0.9,  -0.7,   1.3, -86.0, 149.8, 833.4,   3.4,  -0.3
117563,   1.2,   0.4,  -0.4, 104.9,  30.7,1058.0,   3.1,  -0.8
117587,  -0.1,   2.0,  -0.2,-161.2, 173.0, 810.4,   3.4,  -0.3
117611,  -1.8,  -1.4,  -0.2, -81.8, -36.5,1014.0,   3.3,  -0.3
117639,  -2.2,  -2.1,   0.4,  16.3, 205.7, 914.4,   3.6,  -0.4
117663,  -2.1,  -3.6,  -0.4, 117.2, -30.1,1094.8,   3.5,  -0.5
117687,  -2.7,   1.9,  -1.0, 164.8,  27.5,1077.7,   3.3,  -0.9
117711,  -4.9,   2.5,  -1.4,  63.2, -75.3,1095.1,   3.1,  -0.8
117739,   0.2,   1.4,   2.7,-275.9,  84.1,1006.7,   2.8,  -0.0
117763,   0.9,  -2.5,   4.6, 313.4, 133.9,1039.4,   3.2,  -0.2
117787,   0.8,  -1.3,   0.1, 179.9, 170.1,1013.3,   3.4,  -0.6
117811,   0.0,  -0.7,  -2.6,  22.4,  70.7, 891.2,   3.4,  -0.5
117839,  -1.1,  -3.4,   0.4, 108.4,  21.9, 923.4,   3.1,  -0.5
117863,  -0.0,  -2.6,   0.8, 130.6,  49.2,1081.2,   2.8,  -0.4
117891,  -0.4,  -0.6,   1.0,  40.0, 122.0, 918.8,   2.9,  -0.4
117911,  -1.7,   1.7,  -0.8, -65.2, -65.8,1080.4,   3.0,  -0.6
117939,  -1.3,  -0.5,  -1.1, -35.2,   6.7,1019.6,   3.0,  -0.8
117963,  -0.0,   1.2,  -0.4, -52.5,  67.5, 892.7,   3.2,  -0.8
117987,  -0.7,  -1.3,   0.8, 123.0, -28.4,1059.9,   3.0,  -0.9
118011,  -0.0,   2.0,   1.2, -75.7,   8.0, 897.3,   2.8,  -0.7
118039,   2.3,  -0.3,   2.1, -76.4,  37.0, 879.3,   2.6,  -0.4
118063,  -0.4,  -4.1,   2.1, -33.7, -16.7,1049.7,   2.9,  -0.2
118087,  -1.1,  -0.0,   1.2, -74.7,-108.3,1086.8,   2.9,  -0.2
118111,   0.4,   0.5,  -0.0, -93.5,  83.4,1013.3,   3.0,  -0.4
118139,   0.4,   3.4,  -0.2, -11.3,  44.6,1029.2,   2.9,  -0.6
118163,  -0.7,  -0.4,  -0.9,  94.9,  19.4, 940.8,   2.7,  -0.6
118187,  -2.9,  -1.2,  -2.2,  52.5, -56.7, 987.9,   2.4,  -0.7
118211,  -3.0,  -0.1,  -1.5,  51.5,  48.7, 946.1,   2.4,  -0.9
118239,   1.4,  -1.2,   4.6,-232.7,  86.1,1029.4,   2.0,  -0.2
118263,   1.0,   0.7,   3.8,  -5.4, 125.9,1023.8,   2.5,  -0.6
118287,   1.7,   5.6,  -0.9, -24.7,  77.3, 986.7,   2.7,  -0.9
118315,   0.0,  -0.1,  -2.5, -71.3,  33.3, 965.9,   2.8,  -0.9
118339,   1.1,   2.9,  -3.3,   1.7, -61.9, 957.9,   2.4,  -1.2
118363,  -1.1,  -0.1,   0.1,  28.8,-141.2,1076.3,   2.2,  -1.0
118391,  -1.0,  -1.6,   1.7,  88.8,  75.8,1106.8,   2.2,  -1.1
118415,  -1.5,   0.8,   1.0,-105.7,   8.9,1047.5,   2.4,  -0.9
118439,  -1.2,  -4.5,   0.8, -23.5,  95.1, 974.7,   2.6,  -0.6
118463,   0.2,   0.7,  -0.7,-137.0, -24.3,1049.4,   2.3,  -0.6
118487,   1.8,  -0.6,  -0.8,-132.1,  54.6, 913.9,   2.4,  -0.6
118515,  -1.2,   0.7,  -0.4,  27.3, -61.1,1022.6,   2.0,  -0.9
118539,   0.3,  -0.3,  -0.3,-130.9,  95.8, 911.2,   2.2,  -0.6
118563,   0.6,   1.8,   0.6,-160.9,  72.2, 923.0,   2.3,  -0.5
118587,   1.1,   2.7,   0.0,-181.4,  17.7, 878.3,   2.4,  -0.3
118615,   1.1,   0.2,   0.5, -58.6,  71.7, 932.2,   2.4,  -0.4
118639,  -0.2,  -2.5,   0.0,  51.2, -15.0,1112.2,   2.4,  -0.5
118663,  -0.6,   2.9,  -2.5, -73.5,  59.0, 980.1,   2.3,  -0.7
118687,  -3.1,   3.5,  -2.0, -89.4,  19.7, 895.6,   2.3,  -0.7
118715,   1.5,   0.1,   1.9,-180.0,  94.9,1082.1,   1.9,  -0.2
118739,   1.8,  -1.6,   0.8, 207.5, 153.0,1107.8,   2.6,  -0.6
118763,   1.2,  -0.4,  -3.4,  87.4,   2.8,1030.9,   2.7,  -0.8
118787,   2.1,   2.7,  -1.9,-196.1,   7.0, 798.7,   2.4,  -0.6
118815,  -1.2,   4.0,  -1.4, -93.3, -85.8,1016.2,   2.1,  -0.5
118839,  -0.8,  -1.0,  -0.1, -59.8,  22.4,1123.6,   2.2,  -0.0
118863,  -0.1,  -0.6,   0.6,   6.1, 181.8,1014.5,   2.3,  -0.1
118891,   1.4,  -0.8,  -0.1,  21.9, -80.7,1108.3,   2.2,  -0.1
118915,  -0.1,   1.8,  -1.1, -45.2,-117.0,1037.9,   2.0,  -0.3
118939,  -0.6,   1.6,  -1.4, 224.8, -37.5,1115.3,   2.1,  -0.8
118963,  -0.1,   6.2,  -2.1, 125.0, -34.5,1073.3,   2.0,  -0.8
118987,  -1.2,   2.9,  -1.9,  25.6,   4.8,1110.2,   2.2,  -0.4
119015,   2.7,   2.2,  -2.0, -86.9, 172.3, 872.9,   2.5,  -0.2
119039,   0.5,  -2.0,  -1.6,  38.8, 139.1, 962.0,   2.8,  -0.2
119063,  -1.5,  -3.9,  -1.2, 197.2,   7.2,1109.5,   2.8,  -0.4
119087,   1.0,   1.6,  -0.7, -40.8, 159.8, 838.0,   2.7,  -0.4
119115,  -1.9,   2.2,  -0.3,  39.8, -13.0, 946.4,   2.5,  -0.6
119137,  -4.4,   3.4,  -0.9,   3.4, 171.0, 886.6,   2.7,  -0.7
119165,   3.8,   0.5,   3.7, -54.2, 270.9, 771.1,   2.6,   0.2
119189,   0.7,  -0.9,  -1.1,  70.0,  80.0,1048.9,   3.3,  -0.0
119213,   1.4,  -2.8,  -3.1,  75.7, 150.8, 930.8,   3.6,  -0.1
119237,   1.1,  -0.4,  -3.2, -26.2, -45.8,1012.6,   3.4,  -0.3
119265,  -0.6,   2.5,  -1.7,-206.1, -17.9, 872.9,   2.9,  -0.1
119289,   1.1,  -0.4,   0.5, -76.7,  44.3, 842.1,   2.9,   0.0
119313,  -0.4,  -4.2,   0.8,  64.7,  78.5,1216.7,   2.8,   0.2
119337,  -1.3,  -0.7,  -2.0, -74.5, -11.1,1122.4,   3.1,   0.0
119365,  -2.6,   0.5,  -2.2,-173.6, -17.7,1049.9,   3.4,   0.1
119393,  -1.1,   1.5,  -1.8,-307.6,  32.1, 756.9,   3.4,   0.6
119413,  -0.1,   0.6,  -1.4,-137.5, -33.6, 903.7,   3.1,   0.4
119437,   1.0,   2.6,  -2.5,  64.9,  52.4,1013.3,   2.9,   0.1
119465,  -0.6,  -0.7,  -3.0,  24.9,  32.9,1080.4,   2.9,   0.2
119489,  -0.7,  -0.1,  -4.1, 250.2,  88.3, 969.1,   3.2,  -0.1
119513,  -1.4,  -0.7,  -2.5,  89.8, 131.5, 986.4,   3.1,   0.1
119541,  -0.6,  -4.4,  -1.4, 299.0, -77.0,1149.8,   3.1,   0.1
119565,  -0.9,   2.6,  -1.7,-157.5,  33.6, 810.9,   3.0,   0.1
119589,   0.7,  -3.8,   3.7, 358.4,-101.2,1431.5,   2.9,   0.6
119613,   1.8,   3.0,   2.1, -17.9, 165.2, 910.5,   3.3,   1.0
119641,   0.3,  -1.2,  -0.5, 164.0,  68.7, 965.9,   3.3,   0.6
119665,   1.9,  -4.0,  -1.6, 220.9,  61.2,1063.1,   3.3,   0.6
119689,   2.1,  -0.7,  -2.3,-123.8, 135.6, 860.5,   3.3,   0.7
119713,   0.8,  -0.7,  -2.3,-166.0, -16.0,1111.9,   3.0,   0.7
119741,  -1.7,  -1.7,  -2.1, 126.9,-110.9,1130.5,   2.9,   0.4
119765,   0.3,  -0.7,  -2.3,  73.2, 124.7,1059.4,   2.9,  -0.0
119789,  -0.6,   2.7,  -3.1,-156.3,  63.6,1037.5,   3.0,   0.1
119813,   0.2,  -0.6,  -0.6, -94.0,-174.9,1104.1,   2.9,   0.6
119841,   0.7,  -0.5,   0.1, -13.2, -20.9,1018.4,   2.9,   0.5
119865,  -1.4,  -4.0,   0.2, 104.7,  61.2,1182.5,   3.1,   0.6
119893,  -0.6,  -1.3,  -0.2, -94.5,-160.0,1106.1,   2.9,   0.7
119913,  -0.7,  -0.4,  -0.0, 124.0,  85.3,1058.0,   3.3,   0.4
119941,  -2.8,  -4.7,   0.4, 160.6, -37.7,1077.5,   3.0,   0.5
119965,  -2.9,  -0.1,  -1.5, 234.3,-158.8,1075.1,   2.8,   0.2
119989,  -1.7,  -0.8,  -2.5, 178.9,  90.5,1030.9,   2.8,  -0.1
120013,   3.2,  -1.5,   1.3,-182.4, 255.8, 898.1,   2.9,   0.6
120041,   1.3,  -2.6,   2.2, 197.7,   4.8, 995.7,   3.1,   0.1
120065,   1.3,  -1.7,  -1.3, 217.3,  80.7,1049.4,   3.1,  -0.5
120089,  -0.5,   2.6,  -2.8, -21.8,  77.3, 775.2,   3.0,  -0.4
120113,  -1.5,  -0.1,  -0.4, 136.9, -19.1,1158.3,   2.6,  -0.4
120141,   0.5,  -0.7,   1.1, 209.0, 212.3,1126.1,   2.8,  -0.4
120165,   1.4,  -0.1,   1.8,  99.1, 156.9, 804.8,   3.2,  -0.2
120189,  -0.1,  -1.4,   2.9, 125.2,  80.7,1110.0,   3.1,  -0.3
120213,  -0.7,  -4.0,   3.5, 189.4, -24.0,1181.7,   3.0,  -0.1
120241,  -0.3,   1.4,   0.8,  -0.3, -76.8,1076.8,   2.9,  -0.2
120265,   0.7,   1.6,   0.9,-192.9, 131.5, 839.2,   3.1,   0.2
120289,  -1.4,  -5.0,   3.9, 155.2,-221.8,1158.3,   3.0,   0.1
120313,   0.5,   3.0,   1.2, -46.7, 206.7, 878.5,   3.3,   0.1
120341,  -1.5,  -1.4,   0.5, 127.9,  49.0,1055.5,   3.2,   0.0
120365,  -2.2,  -5.1,   0.9, 447.2,  15.0,1258.9,   3.2,  -0.6
120393,  -1.8,   1.4,  -1.2,  53.9,  28.5, 995.7,   3.1,  -0.6
120413,  -3.3,   0.4,  -0.4,  50.5, 119.3, 902.9,   3.3,  -0.6
120441,   1.0,  -2.9,   3.6, 121.1,-352.9,1344.6,   2.5,  -0.2
120465,   1.4,   2.4,   0.6,  29.8, 103.2, 907.8,   3.7,  -0.4
120489,  -0.1,  -0.7,  -0.4, 186.0, 160.8, 934.7,   3.9,  -0.7
120513,   0.3,  -0.9,   1.0,  15.6, -21.8, 915.1,   3.6,  -0.4
120541,  -2.2,  -3.1,   2.5, 265.1,  31.6, 971.8,   3.7,  -0.4
120565,  -0.4,  -0.1,   2.9, 102.0,  19.9,1012.8,   3.5,  -0.1
120589,  -1.7,  -3.2,   2.2,  29.3,  -5.0,1182.2,   3.7,  -0.0
120617,  -0.7,  -2.5,   3.2,  51.7,  87.1,1027.7,   3.7,   0.2
120641,   1.7,  -1.9,   1.5, -60.3, 158.1, 897.8,   3.6,   0.1
120665,   0.7,  -0.8,   0.6,  -6.1,  21.1, 934.9,   3.4,  -0.2
120689,  -0.6,  -0.7,  -0.4,  93.7,   6.0,1047.5,   3.4,  -0.4
120717,  -0.1,   6.1,  -0.2,-295.9,-127.1, 971.5,   3.1,  -0.3
120739,  -0.9,   0.7,   0.3, -12.0, -19.1,1082.4,   3.1,  -0.4
120767,   1.2,  -3.1,   2.1,  58.3,  87.3,1019.6,   3.2,  -0.3
120791,  -0.3,  -0.9,   1.5, -89.9, 167.1, 931.3,   3.6,  -0.3
120815,  -0.6,  -0.2,  -0.4, -20.3,  -9.9, 947.9,   3.5,  -0.7
120839,  -1.8,   3.5,  -0.3,-144.1,   3.8, 850.2,   3.2,  -0.8
120867,   1.8,   0.3,   4.9,-187.8,  11.4,1101.2,   2.6,  -0.1
120895,   2.1,   0.8,   1.3,  -4.4,  73.6, 992.5,   2.7,  -0.0
120915,   1.6,  -1.7,  -0.1,  42.7, 115.4, 918.8,   3.0,  -0.4
120939,   3.1,   2.1,  -1.0, -90.4, 126.8, 977.4,   2.9,  -0.5
120967,  -0.1,   2.6,  -1.2, -86.7, 139.3, 964.2,   3.0,  -0.4
120991,  -1.0,   0.7,   0.7, -72.3,  -2.1, 976.7,   2.9,  -0.2
121015,   0.4,   0.1,   2.2,  42.0,  99.7, 983.5,   3.1,  -0.2
121039,   1.3,   0.5,   1.8,  29.0, 234.5, 893.2,   3.2,  -0.4
121067,  -1.8,   0.2,   1.1, 125.2, -24.0,1040.9,   3.3,  -0.5
121091,   0.8,  -0.4,   0.6,  94.0,  81.7, 914.4,   3.2,  -0.4
121115,   1.4,   2.0,   1.2, -55.2, 181.5, 877.8,   3.1,  -0.3
121139,   0.4,  -1.1,   2.2, -72.3,  36.3, 999.4,   3.2,  -0.3
121167,  -1.3,  -1.1,   0.6, 116.9, -35.3,1105.6,   3.1,  -0.5
121191,   1.0,   1.0,  -0.3, 104.9, 182.3,1384.9,   3.0,  -0.9
121215,  -0.3,   0.8,  -0.7,-249.8,  51.4, 833.1,   3.4,  -0.2
121239,  -0.4,  -1.9,  -0.3, -43.7, 109.3, 972.8,   3.8,  -0.3
121267,   1.3,   0.2,  -0.8,   6.6, 146.9, 979.8,   3.8,  -0.4
121291,  -0.9,  -0.3,   0.0, -30.6,  52.9, 908.1,   3.7,  -0.4
121315,  -2.4,   1.1,  -0.4, -63.0, -14.0, 884.9,   3.4,  -0.7
121339,  -3.4,   2.2,  -0.8,  -8.1,-313.1,1106.1,   3.0,  -0.7
121367,   2.2,   2.7,   0.3,-221.0, 183.5, 989.1,   3.5,  -0.3
121395,   0.6,  -2.4,  -2.2,  -2.7,  63.1,1057.2,   3.5,  -0.4
121415,   1.2,  -2.9,  -1.9, 107.4, -37.2,1065.8,   3.5,  -0.5
121439,   0.8,   0.7,  -2.3,  29.8,  -4.5,1012.3,   3.2,  -0.7
121467,   0.1,   1.6,  -1.3, -28.4,  43.4, 949.1,   2.9,  -0.6
121491,  -0.4,   1.5,  -0.1,-111.8, 154.2, 862.9,   2.9,  -0.3
121515,  -1.2,   0.9,  -0.3,-188.0, 127.3, 886.3,   3.1,  -0.1
121539,   0.3,   3.2,  -1.4,-166.3, 114.9, 838.2,   3.3,  -0.1
121567,   1.3,  -1.1,  -0.9,  29.0, 126.4, 955.2,   3.4,  -0.3
121591,   0.1,  -0.6,  -1.5, -61.1,  75.1, 925.6,   3.4,  -0.4
121615,  -1.2,   0.7,  -0.8,  37.8, -12.1,1065.5,   3.2,  -0.4
121639,  -0.3,   3.7,  -1.5,-109.7, 116.1, 921.7,   3.1,  -0.4
121667,   0.5,  -1.2,  -1.0,  43.2,  81.7, 951.3,   3.2,  -0.4
121691,   0.5,  -1.2,   0.2,  19.0, 146.6,1081.2,   3.2,  -0.6
121715,  -0.7,   0.7,  -1.8,-167.3,  84.6, 925.9,   3.4,  -0.3
121743,  -0.7,  -1.7,  -0.3,  -3.7,  64.8,1002.5,   3.5,  -0.3
121767,   0.7,  -0.4,  -0.9, -80.4, 124.2, 912.7,   3.5,  -0.4
121791,  -0.7,  -1.6,  -0.9, -85.2,  46.8, 952.5,   3.4,  -0.4
121815,  -1.5,  -0.3,  -1.6,  92.0, -39.7,1029.4,   3.2,  -0.6
121843,  -0.7,   1.3,  -2.6,-139.9,  92.2, 903.4,   3.1,  -0.5
121867,  -0.9,  -1.5,  -1.9, -80.4,  91.7,1000.3,   3.2,  -0.6
121895,   0.1,  -1.8,  -1.6,  23.2,  67.0, 987.4,   3.2,  -0.6
121915,  -0.5,   0.7,  -1.9, -54.2,  39.2,1062.4,   3.2,  -0.6
121943,  -2.2,   1.2,  -1.9, -95.5,  37.2, 997.9,   3.0,  -0.8
121967,  -1.5,   2.7,  -2.6,-162.4, -41.9,1029.4,   2.6,  -0.9
121991,  -2.4,   1.9,  -1.1,-116.2, -18.7,1114.1,   2.2,  -0.8
122015,   0.5,   2.1,  -2.3,   2.4, 122.9, 907.1,   2.5,  -0.9
122043,   1.2,   1.6,  -3.9,-100.4, -29.4, 992.8,   2.5,  -0.9
122067,   0.3,   1.1,  -3.1,  -1.7,  10.1,1054.5,   2.3,  -1.0
122091,   0.5,   0.9,  -3.0, -71.1,  65.1, 959.6,   1.9,  -0.8
122115,  -0.7,   2.7,  -1.5,-117.0,  51.4, 911.0,   1.9,  -0.4
122143,  -1.4,   1.0,  -2.0, -18.1, -48.7, 993.5,   1.8,  -0.4
122167,  -0.2,  -2.0,  -2.5,  51.5,  56.0, 965.4,   2.1,  -0.4
122191,  -1.0,   1.4,  -3.3, -81.6,  67.0, 879.0,   1.9,  -0.3
122215,  -0.1,  -0.0,  -2.2, -66.4,  -5.0,1037.9,   1.8,  -0.3
122243,   0.4,   0.1,  -1.6,  25.4,  51.9,1006.2,   1.7,  -0.5
122267,  -0.4,  -0.4,  -3.1,  37.6,   1.1,1064.1,   1.6,  -0.7
122291,   0.2,   1.9,  -2.6, -77.7,  69.7, 922.0,   1.5,  -0.6
122315,  -0.2,   1.6,  -1.3, -39.3,  -4.3, 972.0,   1.5,  -0.6
122341,   0.2,   0.1,  -1.7,  44.6,  39.2, 941.5,   1.5,  -0.6
122365,   2.5,  -1.4,  -1.0,  73.7,  40.4, 961.5,   1.3,  -0.6
122393,   0.3,  -4.6,   0.2, 182.1,   8.4,1186.6,   1.2,  -0.9
122417,   1.1,   0.5,  -0.1, -64.0,  16.7, 938.6,   1.3,  -0.7
122441,   1.0,   0.2,  -1.6, -47.9,  64.6, 987.2,   1.7,  -0.8
122465,   1.3,  -2.5,  -1.1, -83.0,  99.7, 925.2,   1.8,  -0.6
122493,  -0.7,   0.6,  -2.2,  43.9,  -8.4, 955.2,   1.5,  -1.0
122517,  -1.5,   0.4,  -2.0,  -3.5,  61.9, 911.2,   1.4,  -1.1
122541,  -0.2,  -0.7,   1.3,  36.8,  -1.8,1100.2,   1.1,  -0.6
122565,   2.2,   0.6,   3.2,  84.7, 120.7, 982.3,   1.6,  -0.2
122593,   1.0,  -1.9,   4.3, 192.1, 129.3, 940.5,   1.8,  -0.1
122617,   0.9,  -0.7,  -0.3,  94.9,  -3.3, 993.3,   1.7,  -0.3
122641,   2.1,  -3.8,  -0.7, 125.0, 109.3,1008.9,   1.8,  -0.4
122665,  -0.1,  -0.7,  -0.1,  29.5, -35.0,1007.4,   1.7,  -0.3
122693,   0.7,  -1.1,  -0.2, -14.7,  34.1,1140.0,   1.3,  -0.3
122717,  -0.4,   1.0,  -0.1,  17.1, -36.0,1035.0,   1.3,  -0.3
122741,   0.9,  -2.5,   0.8,  95.2,  -5.2,1067.5,   1.5,  -0.3
122765,   2.2,   1.3,   0.8, -65.0,  21.4, 874.6,   1.7,  -0.2
122793,   0.4,   4.7,   0.5,-249.8, 147.4, 789.2,   1.7,   0.0
122817,  -1.0,  -2.2,   1.7, -81.1, -57.7, 990.3,   1.6,   0.2
122841,   0.8,  -0.8,   1.3, -38.4,  70.5, 987.2,   1.7,  -0.1
122869,  -1.0,   3.5,   1.6,-191.4,-125.3,1001.3,   1.9,   0.3
122897,   0.3,  -2.5,   3.4, -19.8,  34.8, 994.0,   1.9,   0.2
122917,   0.6,  -1.3,   3.2,-245.1,  49.2, 872.7,   1.9,   0.4
122941,   0.5,  -1.5,   3.5, -30.6,  28.0,1042.1,   2.0,   0.2
122969,  -2.2,  -1.5,   0.7, 168.2,   8.4,1060.6,   2.1,  -0.5
122993,  -4.4,   2.8,  -1.3,  32.9,-610.0,1402.9,   1.6,  -0.9
123017,   2.7,  -0.4,   7.3, -91.1, 154.7, 870.2,   2.2,   0.0
123041,   1.9,   2.6,   2.7, -13.5,  31.4,1063.8,   2.5,  -0.5
123069,   2.4,   1.3,   0.5, -89.4,  52.4, 975.9,   2.9,  -0.5
123093,  -0.3,  -1.0,   0.8,  66.6, -16.2, 979.6,   2.9,  -0.6
123117,   1.0,   1.0,   1.9,  17.3,  55.6, 931.7,   2.7,  -0.6
123141,  -0.3,  -1.3,   3.6,  24.1, 132.5, 883.4,   2.9,  -0.3
123169,   1.6,   0.5,   4.1, -38.6, 197.2, 851.7,   2.9,  -0.2
123193,   0.1,  -1.4,   3.2, 141.3,  13.8,1152.2,   2.9,  -0.4
123217,   0.9,   1.6,   2.5, -38.6,  57.8, 987.9,   3.1,  -0.5
123241,   0.2,   1.3,   1.3, -10.0, 120.0, 906.6,   3.2,  -0.4
123269,   2.1,   1.8,   1.5, -86.2, 183.7, 770.6,   3.1,  -0.3
123293,  -1.5,  -5.1,   2.1, 279.5, -80.7,1306.3,   3.2,  -0.3
123317,   1.3,   1.0,   1.1,   3.6, 108.0, 824.1,   3.3,  -0.3
123341,   1.6,  -0.9,   1.6, 114.2,  29.2, 972.0,   3.0,  -0.5
123369,   0.8,  -2.2,   2.5,  84.4, 121.5,1041.4,   3.3,  -0.2
123397,  -0.0,  -2.6,   2.8, 209.2,  35.5,1049.2,   3.3,  -0.5
123417,   0.2,  -5.5,   2.1, 156.7,  72.6, 958.8,   3.4,  -0.3
123441,  -2.4,  -2.1,   1.9,   6.1, -27.7, 986.4,   3.4,  -0.1
123469,  -4.0,   0.1,   1.4, -61.3,  88.5, 838.7,   3.0,  -0.4
123493, -12.7,  -2.7,   0.8, 219.9,-758.6,1966.7,   2.5,  -0.8
123517,   2.5,  -4.4,   5.5, 406.2, 360.7,1104.1,   3.0,  -0.4
123541,   1.2,  -2.9,  -2.5, 139.4,  73.4, 997.7,   3.8,  -0.6
123569,   1.0,  -2.6,  -0.0,  73.0, 133.0, 920.0,   3.9,  -0.5
123593,  -2.7,  -1.2,   0.7, -23.0,  18.0, 898.3,   3.4,  -0.4
123617,   0.3,  -0.6,   2.5,  99.3, 104.9, 918.8,   3.3,  -0.3
123641,  -0.1,  -1.7,   2.9, -91.3,  62.4, 959.6,   3.1,  -0.0
123669,   0.3,   0.7,   3.0,-112.1, 115.9, 974.2,   3.4,  -0.2
123693,   0.2,   1.6,   1.0,-200.7,  60.9, 973.7,   3.4,  -0.4
123717,  -0.3,  -0.0,   1.1, -94.5, -54.8,1003.3,   3.4,  -0.4
123741,  -1.2,  -0.0,   0.1, -36.7,  62.9,1043.6,   3.4,  -0.6
123769,  -0.3,   4.0,  -0.1, -66.4, 209.4,1032.6,   3.5,  -0.9
123793,  -1.5,  -1.5,   2.1, -43.7, 148.3, 858.5,   3.6,  -0.3
123817,  -2.3,  -4.5,   2.7,  99.8,   0.6,1047.2,   4.0,  -0.3
123841,  -2.6,  -3.3,   1.1, 158.4, 126.4, 960.3,   4.0,  -0.7
123869,  -2.4,   3.0,   1.3,  59.5,  -4.0,1015.2,   3.6,  -0.8
123897,  -1.5,  -5.5,   2.8, 179.9,  12.6,1123.6,   3.5,  -1.2
123917,  -1.8,  -0.1,   1.3, -67.2,   3.6,1005.0,   3.5,  -0.9
123943,  -3.7,  -0.3,   1.1,  67.8,-246.4,1447.6,   3.1,  -1.0
123967,   2.1,  -1.0,   2.3,  17.1,  66.3,1178.1,   3.2,  -0.8
123991,   1.1,   4.0,  -0.1, -97.7, 115.1, 838.2,   4.0,  -0.7
124019,   1.4,   0.7,  -0.8,  26.1, -75.8,1072.4,   3.8,  -1.0
124043,   1.3,   1.3,  -0.6,  85.7,   9.4,1046.5,   3.5,  -1.0
124067,  -0.1,   0.2,  -0.4,  38.1, -24.3,1037.0,   3.3,  -1.0
124095,   1.0,  -0.6,   0.8, -64.7, 159.3, 910.3,   3.4,  -0.9
124119,  -0.1,   0.4,   1.3,  36.1, 118.5,1007.4,   3.5,  -0.9
124143,   1.0,   2.4,   0.3, -33.0, 100.7, 954.2,   3.6,  -0.9
124167,  -0.2,  -1.2,   0.3, 101.3,  43.1,1022.3,   3.5,  -1.0
124195,  -0.6,   3.2,  -0.5,  25.6, -64.3,1076.8,   3.1,  -1.1
124219,   0.4,   2.2,   0.6, -61.6,  23.3, 956.9,   3.1,  -0.8
124243,  -0.6,  -0.2,   1.6,  32.2,   6.5, 985.2,   3.0,  -0.7
124267,   0.1,   3.5,   1.1, -17.1,   7.5, 963.0,   2.8,  -0.7
124295,   1.9,   2.4,  -0.5, -50.1,  21.9,1009.9,   2.5,  -0.9
124319,  -1.5,   1.1,  -1.6, -87.2,  -0.1,1236.9,   2.6,  -1.0
124343,   1.2,   0.3,  -0.6,-125.3,   1.8, 986.2,   2.7,  -0.7
124367,   1.8,   2.3,  -0.3,-173.1, 102.4, 882.9,   3.0,  -0.4
124395,  -1.4,  -2.1,   0.5, 107.4, -24.3, 959.6,   2.9,  -0.5
124419,  -2.8,  -0.3,  -0.1,  51.7,   1.6, 908.5,   2.5,  -0.6
124443,  -4.9,   0.1,  -0.4, 129.1,-194.0,1379.3,   2.2,  -0.7
124467,  -1.5,  -2.6,   3.9, 108.1, 134.4, 987.9,   2.4,  -0.1
124495,   0.4,   4.5,   0.1,-288.6, -41.9, 934.2,   2.7,  -0.2
124519,   0.4,   1.9,  -1.2, -47.2, -30.9, 946.1,   2.8,  -0.5
124543,   2.8,   1.6,  -1.7, -36.2,  27.0, 904.6,   2.4,  -0.7
124567,  -0.3,  -0.6,  -1.0,  25.8,  52.1,1042.8,   2.2,  -0.8
124595,  -2.1,   1.6,  -0.3,-103.5,-148.8,1061.6,   2.3,  -0.4
124619,  -0.6,   3.3,   0.5,-153.8, 132.0, 891.5,   2.6,  -0.4
124643,   0.5,   1.3,   1.1,  43.2, 101.0, 972.5,   2.7,  -0.5
124667,  -0.0,  -2.9,   1.1,  65.9, -72.4,1056.7,   2.5,  -0.5
124695,   0.7,  -3.6,   2.2,  72.2,  62.4, 996.2,   2.4,  -0.5
124719,   1.0,   0.4,   1.7, -26.6, -23.3,1019.6,   2.2,  -0.5
124743,   0.8,   0.8,   1.4,  32.2,  66.1, 886.3,   2.2,  -0.7
124767,   1.5,  -3.4,   1.1,  82.7,  28.9, 879.3,   2.0,  -0.7
124795,   1.4,   1.3,   0.6,  -2.0,  -5.0, 875.6,   2.3,  -0.5
124819,  -0.3,  -4.3,   1.9, 153.8,  59.2,1049.9,   2.7,  -0.4
124843,  -0.0,  -1.1,   2.0, 232.9, -30.6,1127.5,   2.3,  -0.5
124867,   1.0,   3.1,  -4.5, -11.0,  72.2, 866.1,   2.2,  -1.2
124895,   0.1,  -2.1,  -2.7,-137.0, 145.9, 652.0,   2.4,  -1.0
124919,   4.1, -12.6,   4.6, 426.5, 150.8,1022.1,   2.9,  -0.3
124943,   3.0,  -2.1,   1.4, -21.0, -33.1, 992.0,   2.8,  -0.3
124967,   3.5,  -1.1,   0.8, -19.3, -17.4, 948.6,   2.7,  -0.2
124995,  -0.3,   1.2,   0.9,-167.8, 112.0, 983.5,   2.7,  -0.2
125019,   2.2,   3.3,   0.6,-199.5, 131.2, 699.1,   2.8,  -0.3
125043,  -0.3,  -4.7,   1.1, 182.6, 121.7,1056.7,   2.9,  -0.3
125067,   1.0,  -0.5,  -0.4, 100.1,  10.6, 996.2,   2.6,  -0.3
125095,   2.9,  -0.6,  -0.8,  18.3, -57.5,1010.6,   2.4,  -0.5
125119,   0.7,   1.7,   1.0,-109.2, 227.7, 872.2,   2.8,  -0.2
125143,   1.4,  -0.1,   2.3,   9.5, 265.0, 915.4,   2.9,  -0.2
125171,  -0.3,   1.8,   1.9,  84.0, 105.4, 953.0,   3.0,  -0.4
125195,   3.1,  -3.3,   0.3, 197.5, 262.3, 914.9,   3.7,  -0.6
125219,   0.7,  -1.1,  -0.4,  32.2, 117.6, 992.0,   4.0,  -0.4
125243,  -0.5,   0.5,   0.2,-159.0, -25.7,1014.3,   4.0,  -0.2
125271,  -0.3,  -0.6,   2.5,-145.3,  80.7,1030.9,   4.0,   0.1
125295,  -1.7,   1.5,   1.4,-274.9, 181.0, 903.2,   4.1,   0.0
125319,  -8.1,   7.3,  -3.1,-235.6,-583.6,1384.9,   3.7,  -0.6
125343,   1.6,   4.7,   1.4,-521.8, 271.6, 799.4,   4.4,   0.4
125371,   0.3,  -1.4,   1.4, -34.0,   7.5,1041.4,   5.0,   0.2
125399,  -0.4,   0.3,   0.5, -90.6, -27.4,1045.3,   4.9,   0.3
125419,   3.2,   4.1,   0.5, -77.7, 157.9, 871.2,   4.8,   0.1
125443,  -0.0,   0.8,   0.5, -42.8, 109.3,1008.2,   4.8,   0.1
125471,  -1.6,  -1.7,   1.1, -14.4,  71.2, 950.1,   4.9,   0.3
125495,  -1.2,   0.3,   2.0,  21.9, 137.8, 960.1,   4.8,   0.2
125519,   0.2,  -2.1,   1.6, -26.6, 181.0, 891.0,   4.8,   0.3
125545,  -0.9,   0.4,   1.1, -66.4,-215.2,1090.4,   4.6,   0.3
125569,   0.3,   0.8,   1.1,  34.9,  63.6, 967.6,   4.6,  -0.1
125593,  -0.9,  -3.9,   0.8, 215.3,   2.3,1051.1,   4.5,  -0.2
125621,   0.4,   0.9,  -0.8, -14.2, 296.3, 833.4,   4.7,  -0.2
125645,  -2.5,  -2.3,   0.7, 252.4,  64.1,1227.2,   4.6,  -0.3
125669,  -1.0,   0.5,   2.1,  82.0, 188.4,1028.4,   4.5,  -0.1
125693,  -1.2,  -0.0,   2.9,  47.8,  90.7,1066.0,   4.3,   0.1
125721,  -1.7,   1.6,   2.7, -77.7,  64.1, 876.6,   4.1,   0.4
125745,  -2.5,   2.0,   0.3,  57.1, 121.2, 961.3,   3.9,  -0.1
125769,  -4.6,  -5.2,   0.8, 178.7, 166.4,1237.4,   4.1,   0.2
125793,   1.4,  -3.1,   2.7, 186.7, 178.9, 981.1,   4.4,   0.2
125821,   0.1,  -4.2,   3.8, 117.9,  21.1,1027.4,   4.1,   0.2
125845,  -1.4,  -0.9,   2.9,  69.5,  33.3, 910.5,   3.8,   0.1
125869,  -1.3,  -2.9,   2.9, 188.0,  91.0, 913.2,   3.5,   0.0
125897,  -2.1,   1.3,   2.4,  -6.1, -29.6, 993.3,   3.4,   0.1
125921,  -1.7,  -3.3,   1.9, 108.6,  69.2, 999.9,   3.7,   0.1
125945,   0.0,   2.5,   0.5, 138.4,  51.9,1081.2,   3.5,  -0.2
125969,  -0.4,   1.2,   2.0,  26.1,  24.3,1004.0,   3.4,  -0.0
125993,  -2.6,  -3.1,   3.2,  34.4, -10.6, 996.2,   3.4,   0.1
126021,  -2.8,  -2.5,   1.3, 268.0,  -6.0,1096.0,   3.2,  -0.4
126045,  -1.0,   4.0,   0.3,-118.0,  76.1,1174.9,   3.2,  -0.2
126069,  -1.1,   0.5,   0.8,-141.6, 122.9, 953.0,   3.7,   0.1
126093,  -1.4,  -3.9,   1.2, -19.1, 112.2,1009.1,   3.7,   0.2
126121,  -2.9,  -1.0,   2.5, -51.1, -64.1,1068.0,   3.5,   0.2
126145,  -2.6,  -0.0,   4.3,  13.6,  15.0, 997.7,   3.4,   0.3
126169,  -2.3,   3.5,   0.7,  11.9,  32.9, 972.3,   3.3,  -0.3
126193,  -3.5,   1.8,  -3.5, -57.2,-362.9,1325.3,   3.0,  -0.5
126221,   1.4,   1.1,   0.6,-290.3,  38.5, 884.4,   3.1,   0.3
126245,   1.0,  -1.5,  -0.2,-145.3,  36.8,1012.8,   3.3,   0.1
126269,   0.7,   0.8,  -0.4,-125.8, -19.1, 967.4,   3.3,  -0.1
126293,  -1.4,  -1.5,  -0.0,  38.1, 157.4, 950.3,   3.2,  -0.3
126321,  -0.2,  -0.7,  -0.0, -45.0, 123.4,1000.8,   2.9,  -0.5
126345,  -1.2,   2.4,   0.0,-187.3, 155.9, 857.8,   3.1,  -0.1
126369,  -0.2,   3.3,  -0.0,-147.0,  -4.0, 983.3,   3.0,  -0.5
126397,  -0.1,   1.9,  -0.3, -32.3,  85.8,1173.0,   3.0,  -0.4
126421,  -1.0,   1.6,  -0.1, -61.3,  74.8, 836.8,   2.9,  -0.2
126445,  -0.4,  -2.5,   1.8, 132.3,  85.8, 937.6,   2.8,  -0.1
126469,  -0.9,  -2.2,   1.1, 198.0,  35.8,1058.2,   2.7,  -0.3
126497,  -0.3,  -0.6,  -0.3,  65.6,  80.7, 966.7,   2.7,  -0.5
126521,   0.3,   4.0,  -2.5,-102.6,  56.3,1113.4,   2.6,  -0.7
126545,   0.2,   1.6,  -1.0,-132.8, 133.4, 886.6,   2.8,  -0.5
126569,  -0.5,   3.3,  -1.0,-101.1, 124.9, 979.6,   2.8,  -0.6
126597,  -3.3,  -2.5,   0.2,-224.9,  65.1, 891.2,   3.0,  -0.0
126621,  -0.7,   1.6,   0.2,-109.9, 157.9,1024.8,   2.9,  -0.4
126645,  -0.3,   2.6,  -2.8,-103.1,-276.2,1351.2,   2.5,  -0.6
126669,   3.4,   6.2,  -0.7,-378.0, 334.6, 794.5,   3.3,   0.1
126697,   1.6,   0.1,  -2.5, -20.3,  30.7,1058.5,   3.5,  -0.5
126721,   0.3,  -1.5,  -2.5, -23.7,  -6.9, 946.9,   3.5,  -0.4
126745,  -0.3,  -0.7,  -3.2,  75.7,   9.7,1133.2,   3.3,  -0.6
126769,  -1.0,   1.8,  -3.1,-138.5,  89.5, 907.6,   3.3,  -0.4
126797,   0.3,   1.6,  -2.0, -59.1,  72.9, 896.3,   3.3,  -0.3
126821,  -1.4,   1.8,  -3.4,-127.7,  59.5, 988.1,   3.4,  -0.3
126845,   0.3,   1.9,  -4.0,-117.7,  96.6, 862.4,   3.3,  -0.6
126869,  -1.3,  -1.3,  -2.9,  82.0,  52.9,1104.1,   3.3,  -0.5
126897,   0.2,  -0.3,  -2.5,  29.3,  70.7,1006.7,   3.3,  -0.6
126921,   0.1,  -0.2,  -2.1, 119.4,  57.3, 927.1,   3.2,  -0.7
126945,  -0.7,  -4.2,  -2.0, 110.1, -33.1,1109.2,   3.0,  -0.8
126969,  -0.1,  -2.4,  -2.5, 107.4,  61.4, 998.1,   3.4,  -0.6
126997,  -0.8,  -0.9,  -3.3, 186.7,  77.5,1020.1,   3.3,  -0.5
127021,   0.5,   1.5,  -2.2, -69.1,  95.4, 818.7,   3.2,  -0.1
127045,  -0.6,  -2.8,  -0.5, -11.0, -24.3, 981.8,   3.1,  -0.0
127069,  -0.4,  -0.4,  -0.8, -37.1,   0.6,1024.5,   2.8,  -0.1
127097,  -2.4,   1.6,  -1.5, -61.3,   9.7, 946.1,   2.6,  -0.1
127121,  -1.1,  -0.3,  -5.1,  79.3,  58.2,1003.3,   2.6,  -0.6
127147,   4.6,  -0.2,  -3.7,-147.5,  57.0,1007.7,   2.7,  -0.3
127171,   3.6,   0.1,  -4.1, -27.6, -23.3, 885.4,   3.1,  -0.4
127195,   2.2,  -3.2,  -0.8,  80.3, -26.2, 944.2,   2.9,  -0.2
127219,  -2.8,  -1.2,  -1.5, 157.7,-194.2,1238.4,   2.6,  -0.3
127247,  -0.6,   1.6,  -1.2,-120.6,  12.8, 971.8,   2.6,  -0.2
127271,  -1.2,  -0.3,  -1.3, 100.6,  13.6, 986.9,   2.8,  -0.3
127295,   1.9,  -0.4,  -1.1, 112.0, 163.5, 892.7,   2.8,  -0.4
127319,  -0.0,  -4.0,   0.0, 134.5,  69.7, 996.7,   2.9,  -0.4
127347,  -0.4,   1.1,  -1.2,  92.7, -35.7,1044.5,   2.8,  -0.6
127371,   2.5,   0.1,   0.2,   1.4,  68.7, 879.3,   2.9,  -0.5
127399,   0.2,  -5.2,   1.0, 145.0, -16.7,1186.9,   2.9,  -0.7
127419,  -0.5,  -1.0,  -1.1, -23.0, -94.1,1098.2,   2.6,  -0.8
127447,   0.2,   3.8,  -2.3,-215.9,  85.3, 955.7,   2.5,  -0.6
127471,   0.2,  -0.8,  -1.0,-102.1,  96.8,1080.7,   2.6,  -0.4
127495,  -0.3,  -2.8,  -0.7,  57.1,  -3.5,1002.8,   2.5,  -0.1
127523,   0.5,  -1.5,  -0.6, 105.7,  80.2, 989.8,   2.6,  -0.0
127547,   0.3,  -6.0,  -0.7, 216.5,  34.1,1013.3,   2.7,  -0.3
127571,  -1.0,  -5.6,  -0.8, 139.4, -24.3,1176.4,   2.6,  -0.5
127595,  -0.3,  -0.2,   0.2,  14.6,  90.7, 803.8,   2.6,  -0.6
127623,  -2.7,  -0.4,  -0.8, 120.6,-110.5,1069.2,   2.3,  -1.0
127647,  -2.3,   0.5,  -3.5,  84.4,  98.3, 901.0,   2.5,  -1.4
127671,   0.8,  -7.3,  -1.4, 241.2, 181.3,1058.9,   2.6,  -0.9
127695,   2.2,   0.2,  -0.9, 227.0,  13.1,1047.2,   3.1,  -0.8
127723,   2.1,  -3.7,  -0.8, -56.4,  30.4, 874.1,   3.2,  -0.3
127747,   0.7,  -2.6,  -0.4, -81.8, -27.2,1009.9,   3.1,  -0.3
127771,   0.3,  -1.4,  -0.4,  -4.4,  60.7,1017.9,   3.0,  -0.4
127795,  -0.6,  -4.7,  -0.8, 110.6,  27.2,1042.6,   2.9,  -0.4
127823,   0.2,   1.6,  -2.2, -82.3,  93.9, 911.5,   2.9,  -0.3
127847,   0.1,   2.1,  -2.2,  82.5,  -8.9,1104.6,   2.7,  -0.5
127871,   1.1,   0.3,  -2.2, -61.3, 118.3, 822.9,   2.8,  -0.3
127899,   2.0,   0.1,  -2.3,  53.2, 141.0, 957.6,   3.0,  -0.3
127923,  -0.7,  -2.5,  -1.8, 193.1,  59.7,1087.5,   2.8,  -0.3
127947,   2.1,   1.8,  -1.9,  54.9,  68.0, 937.8,   2.6,  -0.1
127971,   1.6,  -0.7,  -2.7,   0.9,  72.9, 939.6,   2.5,  -0.4
127995,  -0.4,   1.9,  -3.6, -56.9, 146.9, 939.6,   2.8,  -0.4
128023,   0.3,  -1.4,  -2.2, -59.8,  94.1, 929.1,   2.9,   0.0
128047,  -0.3,  -0.5,  -2.2, -24.7, 167.9, 946.4,   3.1,  -0.1
128071,  -1.5,  -4.9,  -1.9, 195.0,  -2.8,1032.3,   3.1,  -0.1
128095,  -1.8,   0.2,  -1.9,  77.4, -38.4,1024.0,   2.8,  -0.3
128123,   7.4,   4.9,  -1.1,-509.1,  54.8, 909.8,   2.3,   0.4
128147,   6.0,  -8.3,   1.7, 194.8, 254.0, 889.0,   3.5,   0.7
128171,   2.8,  -2.7,  -3.6, -62.0,  77.3, 903.2,   3.8,   0.5
128195,   0.6,  -0.0,  -5.1,  43.4,  19.7, 996.7,   3.8,   0.1
128223,  -0.9,   2.5,  -4.4,-181.2,  -4.5, 891.5,   3.3,   0.2
128247,  -3.8,  -0.3,  -2.6, -11.0, -49.2,1144.6,   3.0,   0.3
128271,  -1.1,  -3.3,  -2.2,-122.6, 233.0, 808.0,   3.3,   0.7
128295,  -0.3,  -4.2,  -3.9, -48.6,  93.4, 956.9,   3.2,   0.4
128323,  -1.4,  -1.7,  -4.4, -33.5, -32.8,1013.5,   3.1,   0.0
128347,   1.1,   1.0,  -4.0,  21.5,  46.8,1012.8,   3.0,  -0.3
128371,   0.5,   2.4,  -2.7,  44.6,  78.8, 860.5,   2.9,  -0.2
128399,  -0.9,   3.0,  -3.3, 219.7,  45.3, 961.0,   2.9,  -0.3
128423,  -0.6,   1.1,  -4.2, 290.7, -20.6,1195.4,   2.7,  -0.3
128447,  -1.9,  -3.2,  -2.5,  -7.6, 121.0,1037.7,   3.0,   0.5
128471,  -0.3,  -4.8,  -0.4,  37.8,  43.8,1081.2,   3.2,   0.7
128495,  -0.9,  -0.8,  -1.8,   0.9,  49.0, 949.8,   3.2,   0.6
128523,  -1.1,  -4.5,  -2.4, 142.5, -99.0,1071.6,   2.8,   0.4
128547,  -0.4,  -1.1,  -3.0,  68.8,  43.4, 953.7,   2.6,   0.3
128571,  -0.4,  -0.8,  -3.8, -24.4,  -4.3, 943.7,   2.5,   0.2
128595,  -4.3,   1.1,  -4.4,-168.0,-231.3,1079.9,   2.1,   0.1
128623,   3.5,  -2.1,   2.5,-149.9, 246.0, 815.8,   2.9,   1.0
128647,   2.9,  -3.6,  -0.6, -13.7,  69.5, 945.4,   3.0,   0.5
128671,   1.8,   0.2,  -5.0, -94.0, 123.4, 995.2,   3.2,   0.0
128699,  -1.4,   0.5,  -5.4, -51.3, -12.1, 924.7,   3.1,  -0.0
128723,  -0.8,   0.2,  -3.9,-129.2, 104.4, 965.4,   2.9,  -0.1
128749,  -1.6,   0.4,  -2.4,-125.5,  82.9,1131.0,   2.9,   0.0
128773,  -1.9,   3.7,  -2.6,-166.3, 104.4, 924.4,   3.2,  -0.2
128797,  -1.1,  -0.1,  -1.9, 143.3,  85.6, 971.5,   3.1,  -0.3
128821,  -1.4,  -1.9,  -1.5, 145.7, 101.7,1002.8,   3.2,  -0.3
128849,   0.0,  -0.9,  -2.6,  43.7,  10.6, 975.4,   3.0,  -0.3
128873,  -1.8,  -2.9,  -2.5, 125.5, -13.8,1106.1,   2.9,  -0.2
128901,   1.9,   3.3,  -1.9,-127.5,  54.8, 902.2,   2.9,   0.0
128921,   0.8,   3.7,  -3.4,  -3.2,  41.9, 977.9,   2.9,  -0.2
128949,  -0.4,   1.0,  -4.7,  -5.2,   2.6,1069.9,   3.1,  -0.1
128973,  -0.1,   2.6,  -5.5,  80.3,  -4.7,1040.9,   3.2,  -0.3
128997,  -1.4,  -0.7,  -3.3, -87.9,  39.2, 891.7,   3.2,  -0.1
129021,  -1.7,  -3.7,  -2.6, 355.4, -20.4,1091.7,   3.1,  -0.3
129049,  -2.2,   3.8,  -5.5,  29.8,  48.5, 949.8,   2.9,  -0.5
129073,  -0.0,   3.4,  -2.3,-314.0, 185.4, 919.3,   2.7,   0.2
129097,   0.7,  -3.4,   0.8, 196.3,  -3.8,1127.5,   3.0,   0.4
129121,   0.6,  -0.4,   0.0,  38.8,  73.9, 941.3,   2.8,   0.6
129149,   1.0,  -1.0,  -5.5, -31.3,  33.3, 950.5,   2.6,   0.3
129173,   0.5,  -0.6,  -4.3, 114.7, -72.1,1196.4,   2.6,  -0.1
129197,   0.3,  -0.6,  -5.0, 112.8,-168.6,1170.8,   2.5,  -0.1
129221,   0.5,   0.7,  -3.3,  42.9,  55.1,1001.6,   2.7,   0.1
129249,   1.0,   2.5,  -3.1,-174.6, 176.2, 825.5,   2.8,   0.5
129273,  -2.8,  -4.1,  -2.8, 192.1, -28.2,1159.8,   2.8,   0.3
129297,   0.5,   1.2,  -2.4, -31.0,  77.0, 921.5,   2.6,   0.3
129321,   1.1,   0.6,  -3.0,  79.3, -11.6,1031.8,   2.5,   0.1
129349,  -1.0,   0.2,  -2.9, -16.1,  70.2, 993.5,   3.1,   0.4
129373,  -0.4,  -3.1,  -2.2,  51.7, -67.5,1120.5,   3.1,   0.3
129401,  -3.6,  -0.1,  -2.0, -80.4,   0.4, 947.9,   3.0,   0.5
129421,  -1.8,  -5.9,  -0.6, 213.6,  78.0, 988.4,   2.6,   0.5
129449,  -2.8,   2.5,  -4.2, 243.9, -46.0,1202.5,   2.4,  -0.0
129473,  -1.8,   0.1,  -3.9, -17.1,  14.1,1039.9,   2.5,   0.4
129497,   5.7,   1.5,  -0.3,-166.8, 176.7, 858.0,   2.9,   0.8
129521,   1.4,  -1.5,  -1.0, -48.6,  91.0,1016.9,   3.6,   0.7
129549,  -1.9,  -1.7,  -1.5, 144.7,  27.5,1124.1,   3.5,   0.3
129573,  -1.8,   3.1,  -0.9, 189.4,  91.4, 905.4,   3.1,   0.2
129597,  -2.6,  -1.2,  -1.7, 124.5,  70.0,1107.5,   3.2,   0.1
129621,   0.9,  -0.3,  -2.2,-198.5, 171.0, 838.2,   3.4,   0.3
129649,  -1.4,  -4.4,   2.8, 191.6, 124.9,1129.5,   3.5,   0.5
129673,  -0.7,   0.9,   0.6,-122.8, 172.0,1013.3,   3.4,   0.4
129697,  -1.6,  -0.0,   0.8,  -1.7,  37.2,1103.4,   3.4,   0.3
129721,  -0.3,   1.9,   1.1,  30.5,  67.3, 909.0,   3.5,   0.3
129749,  -1.8,   0.1,   0.3,  68.1,  30.2,1012.1,   3.3,   0.1
129773,  -0.9,  -1.8,   1.1, 282.2,  63.4,1031.8,   3.1,  -0.1
129797,   1.6,   1.5,   0.7, -18.1, 154.7, 941.3,   3.1,   0.0
129825,  -0.4,   0.2,   1.4, -91.8, -58.7,1154.4,   3.2,   0.2
129849,   2.0,   2.7,   1.7,-256.6, 117.8,1013.8,   3.3,   0.6
129873,   1.9,  -1.2,   2.7, -86.7, -14.8, 985.0,   3.4,   0.6
129901,  -2.2,   1.3,   0.5,  -3.5,  -0.1,1049.9,   3.3,   0.7
129925,  -3.9,   3.0,  -1.8, -38.9,  40.4, 840.7,   3.5,   0.2
129949,  -1.8,  -3.9,  -0.1, 304.2, 162.0,1281.8,   3.3,   0.2
129973,   1.1,   4.3,   1.1, 257.8,  62.6,1056.7,   3.4,   0.4
129997,   0.2,  -1.4,   2.3, 225.8, 106.1,1023.1,   3.6,   0.4
130025,  -0.7,   1.5,  -2.6, -18.6, -32.1,1058.9,   3.6,   0.1
130049,  -0.8,   1.2,  -1.2,  74.9,  21.1, 995.7,   3.8,   0.0
130073,   1.1,  -0.6,   1.1, 144.5, 192.5, 974.0,   3.8,   0.1
130097,  -0.6,   0.8,   2.7, -20.8,  69.0, 969.6,   3.8,   0.4
130125,  -0.4,  -0.4,   2.8,  48.8,  28.7,1064.8,   3.8,   0.5
130149,  -0.3,  -1.8,   1.3,  -9.6, 109.0, 955.4,   3.9,   0.4
130173,  -1.4,  -0.4,  -0.3,   8.5,  49.5,1007.4,   3.7,   0.2
130197,  -2.6,  -2.9,  -0.0, 133.3,   8.0, 996.9,   3.6,   0.1
130225,  -0.9,   0.7,   0.2,  31.5,  88.8, 781.8,   3.4,   0.1
130249,  -1.7,  -0.6,   0.6,  80.5, -95.8,1016.2,   3.3,   0.0
130273,   0.3,  -0.7,   0.1, 103.7,  15.0,1027.9,   3.3,  -0.2
130297,   1.6,   3.8,  -0.7, -67.9,   4.0, 881.7,   2.9,  -0.3
130325,   1.7,  -2.0,   0.8, 152.3,  -8.4,1088.7,   3.0,  -0.3
130347,  -0.7,  -0.7,   1.0,  25.8,  -5.2,1066.3,   3.0,  -0.1
130375,  -0.2,   1.6,  -1.1, -75.5, 101.5,1014.8,   3.0,  -0.1
130403,  -3.5,  -1.4,  -0.0, -80.4, -93.1,1307.7,   2.8,  -0.0
130423,   4.0,   2.1,   2.0,-200.0,   8.2, 975.0,   3.0,   0.5
130447,   1.4,   1.0,   1.9, -63.5,  35.1,1012.3,   3.5,   0.3
130475,  -0.2,   1.6,   2.7,  33.4, -72.1,1008.9,   3.0,  -0.0
130499,   0.1,   1.0,   0.5,  29.5,  87.3,1025.7,   2.8,  -0.2
130523,  -0.6,   0.7,  -1.4,  21.2,  91.9,1050.2,   2.8,  -0.1
130547,  -1.0,   2.8,  -1.5, -57.2,  81.9,1104.8,   3.0,  -0.0
130575,  -2.0,   1.1,  -1.4,-158.0,  15.0, 952.3,   2.9,   0.0
130599,   0.3,  -0.6,   0.6, 129.4,  77.3,1003.0,   2.8,  -0.2
130623,  -0.9,  -3.7,   1.4, 127.4,  85.6,1046.0,   2.8,   0.0
130647,  -1.2,   1.3,  -0.8,  41.7,   3.6,1037.9,   2.8,  -0.1
130675,  -0.6,  -3.0,   1.0,   5.3,  21.4,1008.6,   2.8,  -0.1
130699,  -0.7,  -3.0,   1.1, 171.1,   0.1,1063.6,   2.7,  -0.2
130723,  -1.1,  -1.4,   0.1, 132.0, 133.9,1047.7,   2.8,  -0.3
130747,   2.1,   0.8,   1.2,-159.7, 209.6, 767.4,   3.0,   0.1
130775,  -0.1,  -2.6,   2.2, 244.1, 130.3,1057.7,   3.3,   0.0
130799,  -0.4,  -1.8,   0.7,  80.0,   7.7,1038.9,   3.2,   0.1
130823,  -2.2,  -0.5,   0.1, -67.2, -64.6,1013.3,   3.3,   0.0
130847,  -1.8,  -2.1,   0.9,  68.6,  -8.4, 929.8,   3.1,  -0.2
130875,  -1.9,   0.3,  -0.8,   4.9,  50.4, 935.2,   3.1,  -0.3
130903,  -5.4,   0.5,  -1.4,  46.6,  56.3, 917.3,   3.0,  -0.4
130923,  -2.9,  -5.8,   5.2, 128.9,-295.8,1622.7,   2.5,   0.6
130951,   1.7,   1.3,   4.6, -36.9,  81.2, 921.0,   3.6,   0.6
130975,  -0.2,  -0.5,   5.2, -10.3, -50.9,1068.0,   3.4,   0.9
130999,   0.5,   2.8,   1.5,  64.4,  63.9, 931.7,   3.1,   0.3
131023,  -0.8,  -0.1,   1.0,  73.9,  90.5, 942.7,   3.1,   0.0
131051,   0.4,   1.1,   0.0,  64.2,  -7.9, 984.5,   2.8,  -0.2
131075,  -0.1,   0.9,  -0.4,  73.7, 129.5,1096.5,   2.9,  -0.4
131099,  -0.8,  -2.3,   0.6, 138.6, 191.1, 981.5,   3.1,  -0.1
131123,   1.6,  -5.6,   3.5, 188.0, 118.8,1005.0,   3.2,   0.0
131151,  -1.4,   2.4,   2.1,  68.6,  63.9, 954.0,   3.4,  -0.2
131175,  -0.3,  -0.7,   2.4,  55.4,  87.8,1005.0,   3.2,  -0.0
131199,  -1.4,   1.1,   1.7,  24.4, -28.4,1045.5,   3.1,  -0.0
131223,  -1.2,  -0.3,   1.7,  63.0,  52.9,1009.9,   2.9,  -0.2
131251,   0.3,   0.9,   2.4,  15.6,  50.4, 927.8,   2.8,  -0.1
131275,   1.0,   1.6,   1.2, -23.5,  67.5,1037.5,   2.6,  -0.3
131299,   0.8,  -1.5,   0.8,  23.2,  84.6, 986.7,   2.8,  -0.1
131323,  -0.8,  -0.1,   1.5, 113.7,  81.2,1084.6,   2.8,  -0.1
131351,  -1.6,   2.6,   1.7, -86.7, 100.5,1011.8,   2.9,  -0.2
131375,  -1.7,   0.1,   1.1, 100.1, -86.5,1001.8,   2.7,  -0.3
131403,  -1.3,  -2.1,   1.4, 115.4,  71.4, 995.2,   2.7,  -0.5
131423,  -2.6,  -0.9,   0.1, 134.2, -12.8,1079.2,   2.7,  -0.7
131451,  -3.3,   3.3,  -0.2,  28.8, 140.0, 948.3,   2.7,  -1.0
131475,  -0.1,   4.0,   2.7,-504.7, 159.8, 581.2,   2.6,   0.3
131499,  -1.1,  -3.9,   7.5, 307.8,  98.3,1109.0,   3.0,   0.2
131523,   0.8,  -0.1,   3.0,  25.6,  51.7,1035.7,   2.9,   0.0
131551,  -0.0,   2.0,  -0.4,-203.9,  -8.9, 922.0,   2.7,   0.1
131575,   0.0,  -1.0,   1.3,  22.7,  33.8, 939.6,   2.7,  -0.2
131599,   0.0,  -0.8,   1.1,  42.0,  50.2, 885.4,   2.5,  -0.3
131623,  -1.5,  -3.4,   1.6, 193.3, 135.6,1223.7,   2.5,  -0.4
131651,  -1.9,   3.0,  -0.2,-249.3,  26.8, 910.3,   2.6,   0.1
131675,  -0.9,   0.5,   1.3, -67.7, -41.4, 942.0,   2.5,  -0.0
131699,  -0.3,  -3.4,   2.0,  82.0,  80.7, 934.9,   2.6,  -0.1
131723,  -1.4,  -1.0,   2.2, 229.2,  43.1,1088.7,   2.6,  -0.2
131751,   0.7,  -2.3,   1.4,  32.4,  31.1, 979.1,   2.3,  -0.2
131775,   0.7,   1.0,   1.4,-136.8, -35.5, 933.2,   2.0,  -0.1
131799,   1.3,   1.0,   0.7,-119.9,  39.0, 998.6,   1.9,  -0.3
131823,  -0.0,   1.9,  -0.2,-162.1,  24.6, 951.5,   2.0,  -0.3
131851,   0.0,   1.0,   1.0, -90.1,  -7.7, 996.9,   2.0,  -0.3
131875,   1.0,  -1.0,   0.6, 107.1,  69.7, 968.9,   2.1,  -0.6
131903,   0.5,  -0.5,   0.2, 115.7,  43.6, 994.0,   2.1,  -0.7
131923,  -0.6,   0.8,   0.0,   5.1,  -0.8, 990.6,   1.8,  -0.7
131949,  -1.5,  -0.9,  -0.3,   2.9, -28.7, 996.9,   1.7,  -0.9
131973,  -0.3,  -3.6,   4.4,  31.2,  75.3,1016.0,   1.6,  -0.4
132001,   3.1,   2.9,   1.4,  -5.4, 157.4, 858.7,   2.5,  -0.5
132025,   2.7,  -4.3,  -0.2, 123.7,  23.6, 957.9,   2.6,  -0.4
132049,   1.2,  -1.5,   0.2,  49.3, -77.0,1016.7,   2.4,  -0.5
132077,   0.3,  -2.4,   1.6, 246.3,  48.2,1089.0,   2.0,  -0.6
132101,   0.5,   1.6,   1.4,  18.0, 192.0, 891.7,   2.0,  -0.4
132125,  -0.6,   2.1,  -0.0,  10.0,  62.4, 996.9,   2.2,  -0.5
132149,   1.1,   1.6,   0.2,-137.5,  42.6, 890.0,   2.4,  -0.2
132177,   0.8,  -1.1,   0.8,  63.9, 142.5, 957.1,   2.6,  -0.3
132201,  -0.1,   1.6,   0.3,  68.6,  31.1,1046.0,   2.5,  -0.3
132225,  -1.2,  -1.7,   0.5,  51.5,  66.1,1023.1,   2.6,  -0.3
132249,  -1.4,  -0.7,   1.4,  40.7,   8.4, 923.9,   2.4,  -0.2
132277,   0.7,   1.8,   1.4,  67.4, -12.3,1024.3,   2.1,  -0.3
132301,  -0.7,   0.4,   0.2,  83.7,-246.7,1153.4,   1.9,  -0.3
132325,   2.5,   3.1,  -0.6,-164.1, 169.1, 992.5,   2.2,  -0.1
132349,   2.2,  -1.4,  -1.1, -41.3, 100.7, 967.4,   2.5,  -0.0
132377,   0.3,   0.9,  -1.3,  48.8,  26.8,1049.4,   2.6,  -0.3
132405,  -0.3,   0.3,  -1.5,-103.1,  63.9, 975.2,   2.6,  -0.1
132425,  -0.4,   0.7,  -0.9,  29.3,  -0.8, 989.8,   2.3,  -0.2
132449,  -1.1,   2.3,  -0.8, -81.8,  46.8, 928.6,   2.3,  -0.2
132477,  -4.1,  -0.9,   0.2,  42.9, 107.6, 956.2,   2.5,  -0.3
132501,  -0.4,   0.1,   4.8,  87.1,   6.2,1065.5,   2.2,   0.2
132525,   1.6,   3.2,   1.9,   1.9, 161.0, 975.9,   2.7,  -0.1
132549,   0.8,   1.4,  -0.3,  25.8,  43.8, 976.2,   2.9,  -0.1
132577,   0.2,   0.7,   0.5,  61.5,  82.2, 923.9,   2.7,  -0.0
132601,  -0.8,  -2.1,   1.9,  20.7, -55.0,1057.7,   2.3,  -0.1
132625,  -0.6,  -0.7,   3.3,  31.2,  -4.0,1028.4,   2.3,  -0.0
132649,  -0.2,  -0.6,   1.9,  10.5,  55.6, 957.9,   2.3,  -0.1
132677,  -1.4,  -0.3,   0.6, -21.3, -89.9,1084.3,   2.2,  -0.0
132701,  -0.1,  -1.5,   0.8,  41.2,  58.7, 995.2,   2.5,  -0.2
132725,  -0.0,   0.7,   0.4, -80.4, -30.4, 964.5,   2.5,  -0.3
132749,  -1.1,   0.3,   0.8, -16.4, -18.9,1084.6,   2.5,  -0.3
132777,   0.4,  -0.5,   1.9,   1.2,  43.8,1004.0,   2.3,  -0.5
132801,   1.8,   0.2,   2.5,  30.5,  39.2, 929.3,   2.3,  -0.4
132825,  -0.0,   1.0,   3.1, -74.5, -18.4, 952.3,   2.4,  -0.1
132849,  -0.3,   0.1,   2.5,   8.8, -30.9,1046.5,   2.6,  -0.1
132877,   1.9,   0.6,   1.7,  21.5, 129.8, 881.9,   2.9,  -0.3
132905,   0.2,  -4.6,   2.9,   5.3,  16.0, 897.3,   2.9,  -0.4
132925,  -0.6,  -1.0,   1.8, -11.8,   8.9,1020.1,   2.5,  -0.8
132949,  -1.2,   1.7,   1.9,-140.7, -30.6, 956.9,   2.3,  -0.9
132977,  -2.7,   1.0,   2.5, -17.9, 100.0,1017.7,   2.5,  -0.9
133001,   1.7,   7.2,   0.3,-153.4,  49.7,1073.3,   2.1,  -1.1
133025,   5.2,   1.8,   0.5,-396.0, 267.5, 866.6,   2.8,  -0.5
133049,   1.6,   0.6,   0.2, -86.7,  36.3,1022.6,   3.2,  -0.8
133077,   1.0,   1.6,   0.9, -32.3,  -9.1,1025.7,   3.0,  -0.8
133101,  -0.4,   3.3,   1.9,-152.4,  22.4,1030.9,   2.7,  -0.7
133125,  -1.2,   2.6,   1.8,-190.5,  23.3, 905.4,   2.8,  -0.6
133149,  -1.5,   0.5,   1.9, -42.5,  89.3, 958.1,   2.9,  -0.7
133177,  -0.8,   1.0,   1.2, -43.5,  67.0, 947.9,   3.0,  -0.6
133201,  -1.4,   0.6,   0.2, -74.5,   1.6,1061.6,   2.9,  -0.6
133225,  -0.4,   0.4,   0.6, -52.8,  61.9, 967.4,   3.0,  -0.7
133253,  -2.2,  -0.1,   1.3, 114.7, -88.7,1138.0,   2.8,  -0.7
133277,  -1.3,   3.0,   1.4,-101.6,  61.7,1032.8,   2.7,  -0.7
133301,  -0.4,   3.2,   1.0,-117.5,  83.9, 891.0,   2.5,  -0.7
133325,  -1.2,   1.1,   1.8, -56.4,  -8.9,1097.3,   2.6,  -0.5
133353,   1.0,   2.2,   1.0, -81.3,  63.1, 904.4,   2.7,  -0.5
133377,   0.4,   0.4,   0.4,  14.6, 142.7, 965.4,   2.7,  -0.8
133405,   0.2,  -0.5,   0.2,  55.9, -36.7,1074.6,   2.6,  -0.8
133425,   1.1,   1.3,   0.3,  45.6,  79.7,1031.4,   2.6,  -0.8
133453,   0.2,  -0.9,   1.2,  66.9,  70.7,1067.2,   2.6,  -0.8
133477,  -1.1,   2.6,   3.1, -19.8, -17.0, 989.1,   2.5,  -0.6
133501,  -1.4,  -1.6,   3.9, 132.8,  17.7,1016.5,   2.3,  -0.5
133525,  -1.4,   1.6,   1.2, 195.5, -48.2, 989.8,   2.1,  -0.7
133551,   1.0,   1.1,  -1.9, -35.2, 244.8, 937.8,   2.1,  -0.8
133575,   3.0,  -3.9,   0.9, -43.7, 160.1, 857.3,   2.4,  -0.3
133603,   3.2,   2.1,  -0.9,-100.6, 116.1, 860.0,   2.5,  -0.5
133627,   2.5,   2.5,   0.2,-127.5,  39.9, 990.1,   2.3,  -0.5
133651,   0.9,   3.3,   0.5,-131.9, -15.7, 995.5,   2.3,  -0.4
133675,  -0.1,   2.1,   1.1,-114.5,  96.3, 871.7,   2.6,  -0.2
133703,   1.0,   1.9,   0.6,  -0.8,  24.1,1006.2,   2.7,  -0.2
133727,  -1.2,   1.9,  -0.5, -94.8,  70.5, 889.8,   2.9,  -0.2
133751,  -0.6,   1.3,   0.5, 107.1,  12.6,1133.9,   2.8,  -0.3
133775,   0.3,   0.7,  -0.0,  -9.8, -63.3, 959.3,   2.8,  -0.3
133803,   0.7,   1.3,   0.8,-118.7, -26.7, 978.1,   2.8,  -0.0
133827,   0.3,   1.0,   0.2, -20.8, -23.3,1069.4,   2.8,  -0.1
133851,   0.8,   0.4,   1.0,  -8.8,  59.5, 954.4,   2.8,  -0.1
133875,   0.2,  -2.6,   2.2, 120.1,  -3.8,1094.6,   2.7,  -0.1
133903,   1.6,   1.9,   0.4,-121.4, 292.4,1103.6,   3.0,   0.1
133927,  -1.2,   2.8,   0.1,-147.2,  12.8, 891.2,   3.1,   0.4
133951,   0.7,   0.8,  -0.0, -65.5,  37.0,1066.5,   3.0,   0.2
133975,  -0.4,  -0.4,  -0.9,   8.8,  94.6,1001.1,   3.0,   0.1
134003,   0.3,  -1.4,  -0.9, -27.1,  16.5, 988.4,   2.7,  -0.0
134027,  -1.8,   1.0,  -0.4,   4.9, -23.3,1062.6,   2.5,  -0.3
134051,  -4.0,  -0.2,  -0.3,  41.0, -79.5,1063.8,   2.3,  -0.4
134075,  -2.8,   1.9,  -0.6,  87.9,   5.5, 964.9,   2.3,  -0.7
134103,   1.3,   2.3,  -0.7,  22.4, 140.5,1022.6,   2.4,  -0.6
134127,   0.9,  -2.0,   0.9, 208.5,  67.8, 956.2,   2.8,  -0.5
134151,   2.1,   0.4,   1.3,  64.7,  22.6, 963.7,   2.5,  -0.3
134175,   0.7,  -1.1,   0.3,  49.5,  82.2,1078.5,   2.4,  -0.4
134203,   0.1,   0.1,   0.0, -26.6, 162.2, 894.9,   2.3,  -0.4
134227,  -1.3,  -2.2,   0.8,   5.1,  73.1,1002.5,   2.4,  -0.3
134251,  -0.2,  -1.7,  -0.4, 148.6,  76.6,1028.7,   2.6,  -0.5
134275,  -0.3,  -2.5,  -1.0,  86.6,  58.2, 955.4,   2.6,  -0.5
134303,   0.2,   0.3,  -1.1, -15.7,   3.3, 988.1,   2.6,  -0.5
134327,   0.3,  -1.7,  -0.1,  51.5,  63.1, 932.7,   2.7,  -0.5
134351,  -0.8,  -1.1,   0.1,  85.2,   1.8,1060.9,   2.5,  -0.5
134379,  -0.7,   2.6,  -0.8, -30.8,  85.6, 952.7,   2.6,  -0.4
134407,  -0.4,   3.3,  -2.5, -64.0,  71.9, 836.3,   2.6,  -0.2
134427,   1.7,   0.2,  -2.3,  31.0,  91.7, 956.4,   2.6,  -0.3
134451,   0.1,  -1.5,  -2.2,  52.2,   1.4,1116.6,   2.8,  -0.3
134479,   0.8,  -0.7,  -2.5,  19.7,  32.9, 913.7,   2.9,  -0.1
134503,  -0.0,   0.5,  -2.5, -45.4,   8.2, 926.1,   2.8,  -0.1
134527,  -1.6,  -1.4,  -1.5,  -7.1,  98.3,1002.5,   2.9,   0.0
134551,  -0.9,  -3.2,  -0.4,  89.6,  38.7, 984.0,   2.7,  -0.0
134579,  -2.5,   1.9,  -2.3, -13.7,   4.8, 963.0,   2.6,   0.0
134603,  -3.2,  -0.6,  -2.0,  31.0, -43.3, 966.4,   2.5,  -0.1
134627,  -3.7,   0.5,  -4.4, 254.6,  72.4, 963.5,   2.3,  -0.8
134651,  -2.6,  -3.5,  -4.0, 240.7,  -6.2,1028.2,   2.1,  -0.5
134679,   1.4,  -1.4,  -3.0, 322.2,  67.0,1023.1,   2.4,  -0.5
134703,  -0.6,   0.8,  -3.4, -37.1, 104.1,1020.1,   2.2,  -0.0
134727,  -0.8,  -2.3,  -2.5,  14.1, -22.3, 986.9,   2.0,   0.2
134751,  -1.3,   0.3,  -3.9,-137.0, -16.2, 973.0,   2.0,   0.2
134779,  -0.7,  -1.0,  -3.0,-125.5,  62.9, 861.2,   1.9,   0.3
134803,  -0.1,  -0.9,  -2.2, -23.0,  60.9,1071.9,   1.9,   0.3
134827,   0.2,  -0.7,  -3.5,  22.4, -32.3,1071.1,   1.8,   0.2
134851,   1.4,   0.4,  -4.8, -66.4,  55.8,1161.2,   1.7,  -0.0
134879,  -1.4,  -2.0,  -4.7,-256.1, -66.0, 953.0,   1.7,   0.3
134907,  -0.8,   2.3,  -3.7,-139.2,   3.3, 949.3,   1.7,   0.5
134927,  -1.0,  -2.3,  -2.3, 102.3, -51.6,1030.4,   1.5,   0.4
134951,   0.5,   1.5,  -2.7,-316.7,  80.2, 725.7,   1.6,   0.9
134979,  -0.3,  -1.9,  -3.6, 165.7,  14.8,1171.7,   1.8,   0.7
135003,   0.2,  -0.7,  -3.7,  -1.0,  85.8, 965.4,   1.8,   0.6
135027,   0.4,  -0.2,  -2.6,  -6.4,  89.7,1029.2,   2.0,   0.7
135051,  -2.0,   1.2,  -3.9,-142.9, 113.9, 946.9,   2.2,   0.5
135079,  -2.6,   0.1,  -3.1,  36.6,  76.6,1045.5,   2.1,   0.3
135103,   0.1,   6.3,  -4.0,-354.3, 220.4, 963.0,   2.0,   0.4
135127,  -0.5,   2.7,   1.4,-286.2,  30.4, 948.8,   2.3,   1.2
135153,   2.1,   2.5,  -1.2,-167.0,  95.8, 928.6,   2.6,   0.8
135177,   1.8,   1.8,  -4.2, -98.9,  28.2, 948.1,   2.8,   0.6
135201,  -0.1,  -0.3,  -4.5,  24.4, -97.3,1042.1,   2.7,   0.2
135229,  -0.6,  -0.9,  -4.0, -61.1,  56.5, 913.4,   2.5,   0.3
135253,   0.2,  -4.2,  -1.9, 111.1,-107.8,1192.7,   2.3,   0.5
135277,   1.1,   3.7,  -3.0,-174.6, 214.3, 775.0,   2.9,   0.5
135301,  -0.6,  -1.6,  -2.6,  43.4, 114.6, 971.8,   2.8,   0.4
135329,   1.0,   1.1,  -3.3,  -2.5, 104.1, 952.0,   2.8,   0.3
135353,   0.3,  -0.9,  -2.7,-122.8,  87.3, 877.5,   2.8,   0.6
135377,   0.4,  -2.8,  -2.4, 150.4,  19.4,1013.8,   2.8,   0.4
135405,  -0.7,   1.2,  -2.8,  11.2, -92.1,1032.1,   2.6,   0.4
135429,  -2.9,  -1.5,  -2.1, -81.1,  13.6,1069.9,   3.0,   0.7
135453,   0.4,  -1.5,  -1.9, -10.3, 127.6,1010.4,   3.2,   0.9
135477,   0.2,  -2.9,  -1.2,  28.8,  58.5, 987.4,   3.3,   1.0
135501,   0.7,  -2.4,  -0.9,-168.2, 176.4, 865.6,   3.3,   1.2
135529,   0.8,   1.7,  -0.3,-120.9,  25.8, 938.6,   2.9,   1.0
135553,  -1.0,  -0.6,  -1.2,   2.2,  27.5, 985.9,   2.9,   0.7
135577,  -1.6,  -0.1,  -1.5,  50.7,  50.2, 952.3,   2.8,   0.4
135605,  -3.1,  -0.8,  -1.2,-169.5,-142.0,1114.6,   2.4,   0.4
135629,   1.8,  -0.7,   3.3,-178.0, 172.3, 816.0,   3.0,   1.1
135653,   1.9,  -2.1,   2.7, 118.6,  76.6,1078.0,   3.0,   0.5
135677,   1.4,  -1.7,  -0.5,  34.1, 143.7, 927.6,   3.2,   0.3
135705,  -0.4,   0.3,  -0.5, -35.4,  50.4, 894.4,   3.1,   0.1
135729,  -0.6,  -0.6,   1.2, -59.6, -95.8,1002.3,   2.8,   0.1
135753,   1.0,   1.0,   3.6,-234.9, 128.3, 855.3,   2.8,   0.5
135777,  -0.4,   0.2,   2.6, -38.4,  96.6, 988.9,   3.1,   0.3
135805,  -0.6,   1.5,   1.6, -12.7, 119.3, 886.3,   3.3,   0.2
135829,  -0.7,  -1.0,   2.9,  47.1,  84.4, 959.1,   3.3,   0.2
135853,   0.8,   3.2,   2.8,-205.1,  -9.9, 951.3,   3.0,   0.3
135877,  -0.2,   1.0,   2.5,-147.5,  62.4, 950.3,   3.1,   0.1
135905,  -0.8,  -0.9,   2.6,  22.2,  10.9,1081.4,   3.1,   0.1
135929,   0.5,   0.6,   2.2, -78.9,   7.0, 967.4,   3.0,  -0.1
135953,  -0.3,   1.8,   1.6,  -3.5,  93.2, 988.6,   2.9,  -0.2
135977,  -0.2,  -1.5,   3.5,  16.6, 135.9, 943.5,   3.1,   0.1
136005,  -0.1,  -0.1,   2.8,  79.3,  28.2,1053.6,   3.1,  -0.1
136029,   0.3,   1.9,   3.7, -19.3, 103.4, 909.0,   3.1,  -0.1
136053,  -0.9,   1.8,   3.0, -84.7, -27.7,1022.6,   2.9,  -0.2
136077,  -0.7,  -0.3,   1.8, -38.6,   0.1,1028.4,   2.7,  -0.3
136105,   0.0,  -1.2,   3.2,  38.3, 113.9,1036.5,   2.7,  -0.3
136129,  -2.0,   1.8,   2.8,  40.0,  15.5,1004.0,   2.7,  -0.5
136153,  -3.0,  -0.9,   2.7,  84.0,   3.8, 949.3,   2.6,  -0.4
136177,  -2.9,   0.1,   4.7, 114.5, -67.7,1275.7,   2.1,  -0.2
136205,   1.6,  -0.4,   2.5,  96.2, 146.9, 969.6,   2.7,  -0.4
136229,   1.4,  -1.5,   1.8, 122.3,   9.2,1076.3,   2.7,  -0.5
136253,   1.4,  -1.8,   2.6,  61.0,  51.2,1042.3,   2.5,  -0.5
136277,   1.2,   2.3,   2.5, -37.4, 102.2, 927.3,   2.3,  -0.4
136305,  -2.4,  -1.5,   4.2, 128.6,  -9.6,1107.3,   2.5,  -0.3
136329,  -1.7,   1.5,   2.8, -79.4,   4.0, 931.7,   2.6,  -0.1
136353,  -0.7,  -0.2,   3.8,   9.5,  39.7, 991.8,   2.6,  -0.2
136377,  -0.1,  -0.6,   2.9, 100.8,  72.9, 959.8,   2.6,  -0.3
136405,  -0.4,   0.6,   1.8, -13.9,  83.4, 996.9,   2.7,  -0.2
136429,   0.2,   2.4,   1.7, -66.4,  38.0,1049.9,   2.6,  -0.1
136453,   0.1,   1.2,   1.8,  29.3, -11.6,1003.8,   2.6,  -0.3
136477,  -0.4,   0.7,   0.9,  63.7,   6.2,1045.8,   2.5,  -0.3
136505,   1.3,   2.4,   2.0, -34.0,  91.4, 973.2,   2.5,  -0.3
136529,  -0.6,   3.5,   1.6, -20.8,-134.6,1117.3,   2.5,  -0.5
136553,   1.4,   2.9,   2.5,  24.6,  76.3, 988.4,   2.5,  -0.5
136577,  -0.0,   2.2,   1.1, -50.8,  13.1,1096.3,   2.7,  -0.4
136605,   0.3,   1.3,   1.6,  73.5,  30.2,1060.2,   3.0,  -0.5
136629,   0.2,   1.4,   2.8,-123.3,  57.3,1001.1,   3.1,  -0.3
136653,  -1.6,   2.5,   3.3, -62.8,  49.2,1061.6,   3.1,  -0.1
136681,  -1.1,   1.8,   2.5, -49.6,  62.4,1033.3,   3.1,  -0.0
136705,  -3.2,   1.8,   1.5, -19.3, -18.2, 979.4,   2.9,  -0.1
136729,  -2.0,   0.1,   1.4,-161.9,  72.2, 888.8,   2.7,  -0.0
136753,   1.0,   3.7,   0.6,-143.8, 218.6,1072.4,   2.4,   0.0
136781,  -0.0,  -0.4,   1.2,  53.7,  45.8,1162.2,   3.0,   0.1
136805,   2.3,   0.2,   1.0,-154.1,  30.4, 885.1,   3.1,   0.1
136829,  -0.3,   2.4,   1.0, -42.5,-121.2,1083.6,   2.8,  -0.1
136853,  -0.3,   0.3,   1.3,  -6.1,   2.1, 935.4,   2.6,  -0.1
136881,  -0.6,  -0.4,   1.7,   2.4,  54.8,1003.3,   2.6,  -0.1
136909,  -1.1,   1.5,   1.6, -75.2, 142.7, 921.0,   2.7,  -0.0
136929,  -0.9,  -1.2,   2.4,  93.5,  87.1, 944.0,   2.7,   0.0
136953,  -1.5,   0.1,   1.9,  29.0,  55.1, 999.4,   2.6,  -0.1
136981,   0.0,  -0.3,   1.6, -42.0,  44.3, 975.7,   2.5,  -0.1
137005,  -0.5,   0.7,   1.7,   2.7,  13.6, 973.2,   2.4,  -0.1
137029,  -0.0,  -1.2,   3.7,  65.9,  63.4, 963.7,   2.4,  -0.1
137053,  -1.3,   1.1,   2.2,  15.1,  36.3,1033.8,   2.2,  -0.0
137081,  -1.1,   1.4,   1.6,  -4.9,  -9.6,1033.8,   2.1,  -0.1
137105,  -0.6,  -2.0,   2.4,  28.3,  13.1, 960.3,   2.2,  -0.1
137129,  -0.9,  -0.2,   1.2,  42.2, -12.6,1007.9,   2.1,  -0.2
137153,   0.2,  -0.4,   1.7,  60.3,  53.9, 963.2,   1.8,  -0.2
137181,  -0.6,   1.0,   0.4, 104.5,  12.6,1033.5,   1.8,  -0.4
137205,   0.4,   1.7,   0.3,  43.2, -47.5,1042.8,   1.6,  -0.4
137229,   0.2,   1.5,   1.1,-201.7,  77.3, 890.7,   1.7,  -0.1
137253,   0.6,  -1.2,   2.4, -47.9,  87.8, 933.2,   1.8,  -0.0
137281,  -0.3,  -1.4,   2.7,  49.0,  -7.4,1055.0,   1.8,  -0.2
137305,  -0.0,   2.5,   2.6,-127.5, -17.4, 966.4,   1.7,  -0.2
137329,  -0.4,  -1.3,   4.1, -60.8,  44.8, 974.7,   1.7,   0.0
137353,  -0.4,  -0.9,   4.6, 123.5,  21.6, 984.2,   1.6,  -0.1
137381,  -0.1,   1.4,   0.6,  92.3,  14.5, 961.5,   1.6,  -0.5
137409,  -1.2,  -0.8,  -1.5,  30.5,-258.9,1265.5,   1.3,  -0.5
137429,   1.5,  -2.1,   1.2,  37.1,  81.2, 911.2,   1.7,  -0.2
137453,   2.9,  -1.6,   2.8, -66.0,  93.6, 921.7,   1.8,   0.1
137481,   0.5,   0.2,   3.8,  55.6,   1.6, 973.7,   1.7,   0.1
137505,   0.1,   0.8,   3.7,  95.4, -28.7,1024.3,   1.5,  -0.2
137529,  -0.7,   0.8,   1.4,  25.1,   3.6,1014.3,   1.4,  -0.4
137553,  -0.1,   0.5,   0.4, -47.4,  59.0, 932.0,   1.5,  -0.5
137581,  -0.2,  -0.3,   1.4, -17.1,  84.6, 945.9,   1.5,  -0.4
137605,  -0.4,  -0.9,   2.2,  55.4,  90.0,1026.2,   1.6,  -0.5
137629,   0.7,  -2.8,   2.5, -18.8,  23.6, 953.7,   1.3,  -0.4
137653,  -1.8,  -0.4,   1.9,  38.8, -81.2,1054.3,   1.3,  -0.6
137681,   0.1,   1.6,   2.1,  26.6,  70.5,1001.1,   1.4,  -0.6
137705,  -0.6,  -2.1,   2.7, -33.7,  37.5,1020.6,   1.5,  -0.4
137729,  -0.1,  -1.9,   3.0, -24.4,  62.4, 951.0,   1.6,  -0.4
137753,  -0.0,  -1.3,   2.9,  -7.4,  49.5, 901.5,   1.5,  -0.3
137781,  -1.0,  -2.9,   2.1, 129.1, -50.9,1015.2,   1.3,  -0.5
137805,   0.0,  -1.7,   2.2,  42.7,  33.3, 984.7,   1.3,  -0.5
137829,   0.5,  -2.9,   2.7,  85.7,  25.0, 993.0,   1.3,  -0.5
137857,   2.9,  -2.4,   1.0,  62.0,  77.5, 944.4,   1.3,  -0.7
137881,   1.4,  -1.3,  -0.0, 103.0,  87.5,1042.8,   1.4,  -0.9
137909,   0.6,   0.1,   1.9,  98.8,  69.7, 992.0,   1.5,  -1.0
137929,   0.5,   0.5,   2.2,  14.4,  34.3,1041.6,   1.4,  -1.0
137957,   1.3,   2.7,   1.4, -28.8, 139.5, 947.6,   1.7,  -1.2
137981,   2.0,   1.4,  -0.8,-146.8, 226.5, 803.8,   2.3,  -1.0
138005,  -1.4,  -3.7,   0.2, 152.3, 101.2,1026.0,   2.9,  -1.1
138029,  -2.2,  -0.3,   0.0,  70.0,  24.3,1044.3,   3.0,  -1.1
138057,  -4.8,   2.6,   1.4, -47.9,-239.9,1304.3,   2.9,  -0.8
138081,  -3.0,   3.6,   2.3, -95.0,  72.2, 987.2,   2.9,  -0.4
138105,  -1.8,   0.7,   1.9,  65.6,  13.1,1022.8,   2.9,  -0.5
138129,  -1.1,  -0.3,   0.2,  96.6,  51.7, 965.2,   3.1,  -0.4
138157,  -0.1,  -0.6,  -1.3,  64.7,  68.7,1027.2,   3.3,  -0.5
138181,  -0.4,   0.7,  -1.4,  -2.2,  44.1, 938.6,   3.2,  -0.4
138205,  -1.3,  -0.8,  -0.9,  57.6, -23.8,1006.9,   3.1,  -0.4
138229,  -0.9,  -2.4,  -1.0,  42.9,  -7.9,1023.8,   3.0,  -0.5
138257,  -0.4,  -0.9,  -2.0, -16.4,  96.1,1023.8,   3.1,  -0.5
138281,   0.0,   1.7,  -1.7,  33.7,  72.9,1002.3,   3.1,  -0.6
138305,   0.2,   1.4,  -3.1,  47.1,  70.7,1020.1,   3.1,  -0.8
138329,  -0.4,   1.1,  -1.7,  33.9,  32.4, 954.7,   2.9,  -0.8
138355,  -1.1,   2.2,  -1.1,  31.7,  92.4, 944.4,   2.9,  -0.7
138379,   0.0,   0.3,  -0.6,-125.0,  68.0, 938.8,   2.8,  -0.5
138407,  -0.7,  -1.0,  -0.8,  37.1,  29.9,1029.6,   2.8,  -0.5
138431,  -1.1,  -0.2,  -1.1,  15.6,  82.2,1024.3,   2.8,  -0.5
138455,  -1.3,  -0.2,  -0.7,  19.5,  -4.7,1013.5,   2.7,  -0.4
138479,  -0.3,  -1.0,  -1.1,  37.8,  12.8,1017.4,   2.6,  -0.3
138507,  -1.0,   0.5,  -1.1,  17.5,  40.7,1007.9,   2.5,  -0.4
138531,  -1.4,   1.1,  -0.8,   5.8,  61.7,1009.4,   2.3,  -0.3
138555,  -0.9,  -1.9,  -2.0,   7.0,  60.9, 982.3,   2.4,  -0.3
138579,  -0.4,  -1.9,  -2.2,  46.1,  44.1, 986.2,   2.4,  -0.3
138607,  -0.3,  -2.2,  -2.0,  33.9,  29.7, 992.3,   2.3,  -0.3
138631,  -0.6,  -0.6,  -2.5,  -6.1,  15.3,1003.3,   2.2,  -0.4
138655,  -1.4,  -0.2,  -1.7,  86.6,  24.3,1010.4,   2.1,  -0.4
138679,  -0.4,  -1.0,  -0.1,  45.4,  42.9, 981.8,   1.9,  -0.4
138707,  -1.2,  -0.9,  -0.2,  68.3,  15.5,1021.6,   1.8,  -0.4
138731,  -0.7,   1.0,  -0.3,  22.7,  24.3, 989.6,   1.8,  -0.4
138755,  -0.7,  -1.4,  -0.6, -33.5,  -0.1, 999.6,   1.7,  -0.4
138779,  -1.7,  -1.0,   0.6, -62.8, -42.8, 974.0,   1.5,  -0.3
138807,  -1.3,  -1.2,  -0.3,  12.7,  17.0, 989.8,   1.2,  -0.5
138831,  -1.7,  -2.5,  -2.2,  50.3,  28.0,1004.0,   1.1,  -0.6
138855,  -1.1,   0.6,  -3.9, -54.7,  -4.7, 977.4,   1.1,  -0.6
138879,  -3.3,   1.2,  -2.3,  18.0, -43.6,1042.6,   1.0,  -0.7
138907,  -1.2,  -0.8,  -0.8, -38.4,  36.5, 970.3,   0.9,  -0.7
138931,   0.3,  -2.8,   1.8, 198.7,  26.0,1006.5,   0.9,  -0.7
138955,  -0.5,  -1.2,   0.7, 146.2,  28.9, 989.4,   1.0,  -0.6
138983,  -2.1,  -0.7,  -0.8,  45.9, -12.6, 993.0,   0.7,  -0.6
139007,  -2.8,  -1.5,  -1.4,  37.3,  52.1, 980.6,   0.7,  -0.7
139031,  -1.7,  -1.9,  -2.1,  70.3, -49.7,1097.8,   0.5,  -0.7
139055,  -1.1,  -0.1,  -1.7,   8.5,  12.1,1027.2,   0.4,  -0.6
139083,  -1.5,  -2.3,  -0.8,  48.1, -32.8,1050.2,   0.4,  -0.4
139107,  -0.9,  -0.6,  -0.4,  31.0,  11.4,1017.9,   0.4,  -0.4
139131,  -1.4,   0.7,  -0.5,  27.8,  -9.9, 908.8,   0.2,  -0.4
139155,  -2.0,  -2.3,  -1.2, 124.0, -56.5,1050.2,  -0.1,  -0.6
139183,  -2.8,  -2.7,  -1.5,  83.7, -26.7,1054.3,  -0.1,  -0.5
139207,  -1.8,  -3.9,  -1.1,  58.6,  56.0,1016.7,  -0.1,  -0.3
139231,  -2.8,   0.5,  -0.7, -81.6,  57.5, 911.7,   0.1,  -0.2
139255,  -1.6,  -1.5,   0.0, -13.7,  27.7, 968.1,   0.1,  -0.3
139283,  -2.3,  -0.9,   0.2,  -9.3, -75.1,1031.6,   0.1,  -0.3
139307,  -3.3,   1.0,  -0.2, -20.8,   0.9,1029.9,   0.1,  -0.5
139331,  -1.1,  -0.7,   0.5, -39.6,  55.6, 916.4,   0.0,  -0.5
139355,  -1.2,  -1.4,   0.3,  52.0,  26.3,1019.6,  -0.0,  -0.6
139383,  -2.0,  -1.3,  -0.6, -51.3, -86.8,1009.9,  -0.0,  -0.6
139411,  -1.5,  -1.7,   0.5,   4.1,  58.0, 955.9,  -0.0,  -0.7
139431,  -1.4,  -1.0,  -0.4, -42.5, -76.5,1089.7,  -0.0,  -0.7
139455,  -1.7,   1.6,   0.0, -43.2, -14.5, 997.2,   0.0,  -0.7
139483,  -3.4,  -1.4,   2.8,   1.7,  28.5, 973.7,  -0.0,  -0.5
139507,  -2.2,  -2.5,   3.2,   8.5, -20.9, 959.6,  -0.2,  -0.4
139531,  -3.2,  -0.6,   3.5,  76.9,  50.4,1017.4,  -0.2,  -0.4
139555,  -3.4,  -3.7,   2.2,  60.3,  23.1, 977.4,  -0.3,  -0.4
139583,  -6.0,  -0.4,  -0.0, 165.7,   2.8,1019.9,  -0.2,  -0.8
139607,  -4.0,   1.6,   2.2,  61.7,-136.1,1136.8,  -0.7,  -0.5
139631,  -2.9,  -4.0,   3.3,  26.6, -27.2, 915.4,  -0.6,  -0.3
139655,  -3.1,  -4.7,   3.1, 240.2, -14.8,1005.5,  -0.6,  -0.4
139683,  -3.4,   2.4,  -1.1, -42.0,  -7.7,1003.3,  -0.6,  -0.6
139707,   3.9,   1.6,  -0.1,-291.3, 152.0,1086.8,  -0.8,  -0.4
139731,   3.6,  -5.0,   3.3, 103.0, 142.0, 930.3,  -0.3,  -0.4
139755,   3.0,   0.2,   0.0,-149.9,  -3.3, 920.8,  -0.2,  -0.7
139783,   1.0,   1.0,  -1.2, -97.2, -33.8, 960.6,  -0.1,  -0.9
139807,  -0.6,   1.3,   0.5, 110.6,  -5.7,1006.2,  -0.0,  -1.1
139831,  -0.9,   1.9,   0.1,  21.2, -47.5,1062.6,   0.1,  -1.2
139855,   0.3,   3.2,  -0.3,  23.2, -11.6, 983.0,   0.3,  -1.2
139883,  -1.1,   1.3,   0.3, -19.3,   4.3, 955.9,   0.4,  -1.0
139911,   0.1,   1.8,   1.7,-106.7,  30.9, 907.1,   0.4,  -0.8
139931,   0.0,   1.6,   2.2,  23.2,  67.5, 947.4,   0.5,  -0.7
139957,   1.3,  -1.2,   3.8,  -3.7,  85.3, 946.6,   0.5,  -0.2
139981,  -1.4,   0.1,   1.8,  26.6, -52.4,1010.1,   0.4,  -0.3
140005,  -0.0,  -0.7,   0.2, -18.8,  29.4, 944.0,   0.3,  -0.3
140033,  -0.8,  -2.5,  -3.3,   2.7,  12.6, 941.0,   0.3,  -0.8
140057,  -3.7,  -0.4,  -3.4,  16.1,  72.9,1037.7,   0.2,  -0.9
140081,   3.2,  -1.6,   2.2, -44.2, 139.8, 902.7,  -0.0,  -0.3
140109,   1.0,  -2.2,   0.1,  48.6,  51.7, 961.8,   0.5,  -0.5
140133,  -0.0,  -2.2,   0.2, -42.0, -19.1,1018.7,   0.6,  -0.5
140157,  -0.9,  -0.2,  -0.3, -88.9, -48.4,1008.9,   0.5,  -0.6
140181,   0.2,   1.9,  -0.4, -79.6,  11.9, 980.3,   0.5,  -0.7
140209,  -1.5,   2.1,   0.4,  14.6,   0.4,1030.1,   0.6,  -0.7
140233,  -0.1,  -1.0,   0.2, 129.1,  18.9,1039.9,   0.7,  -0.8
140257,  -0.7,  -0.3,   0.4,  53.4,  27.5, 981.5,   0.6,  -0.7
140281,   0.1,  -1.4,   1.0, -70.1,  16.5, 958.4,   0.6,  -0.5
140309,  -0.2,   0.7,   0.8,  27.1,  44.8, 972.8,   0.6,  -0.5
140333,  -0.1,  -2.0,   1.0,  87.1,  46.5, 971.0,   0.6,  -0.5
140357,   0.7,  -3.6,   1.3,  73.0, -51.9,1012.3,   0.6,  -0.4
140381,   0.0,  -1.8,   0.6,  27.3, -13.8,1061.6,   0.5,  -0.6
140409,   0.1,  -0.4,   0.5, -12.0, -13.5, 991.8,   0.4,  -0.6
140433,   1.8,  -2.2,   1.0,  36.6,  40.7, 971.8,   0.3,  -0.7
140457,  -0.4,   0.4,  -1.0,  -7.4,  -3.0, 982.8,   0.3,  -0.9
140481,   0.5,   1.6,  -2.0, -54.2,  -4.3, 944.2,   0.1,  -0.9
140509,  -1.2,  -1.4,  -1.9,  11.9, -91.2,1122.4,   0.2,  -0.8
140533,  -0.6,   0.5,  -1.2, -29.1,   6.7,1018.9,   0.3,  -0.9
140557,  -0.4,   0.5,   0.2,   7.3, -11.1,1060.9,   0.3,  -0.9
140581,  -1.6,   1.4,   0.1, -32.0, -73.6,1027.9,   0.3,  -0.8
140609,  -1.5,  -0.3,   0.7, -24.4, -27.0,1011.8,   0.5,  -0.8
140633,  -0.1,  -0.7,   0.6,   9.7,  12.3,1008.6,   0.4,  -0.7
140657,  -0.6,  -0.1,  -1.0,  -7.1,   8.9, 965.7,   0.3,  -0.8
140681,  -1.4,   0.7,  -2.0,  43.2,   8.0, 986.2,   0.2,  -0.8
140709,  -0.6,  -0.6,  -2.8, -57.4,  23.6, 913.4,   0.2,  -0.9
140733,   0.9,  -0.7,  -3.3, -47.9,-113.9,1061.4,  -0.2,  -1.0
140757,   1.6,  -1.5,  -0.1,-106.7,-110.2,1093.1,  -0.1,  -0.7
140781,   0.8,   1.6,  -0.6, -94.5, -47.5, 970.8,   0.2,  -0.8
140809,   0.6,   2.5,  -0.4,-110.1, -58.7,1034.5,   0.3,  -0.8
140833,   0.2,   1.8,  -1.0, -33.0, -22.8, 962.7,   0.2,  -0.9
140857,  -0.3,   0.7,  -1.5,  60.0, -76.0,1028.9,   0.1,  -1.0
140881,  -0.1,   1.9,  -1.9, -34.9,  28.0, 942.0,   0.1,  -0.9
140909,  -1.0,   1.3,  -1.5, -82.1, -11.6, 937.1,   0.1,  -0.8
140933,  -1.4,   2.9,  -1.9, -65.5, -92.1,1077.5,   0.0,  -0.8
140957,   0.5,   1.6,  -0.6,-103.8,  24.1, 973.0,   0.1,  -0.7
140981,  -0.4,   1.6,  -1.9, -39.3, -27.0,1037.9,   0.2,  -0.9
141009,  -0.6,   1.5,  -2.0,-141.6, -71.4,1019.1,  -0.0,  -0.8
141033,   0.9,   0.5,  -1.0, -41.8,  25.5, 956.4,   0.1,  -0.8
141057,  -0.9,  -0.7,  -0.6,  67.4,   9.2,1007.2,  -0.1,  -0.8
141081,  -1.2,   0.5,   0.5,  16.3,   2.6, 996.9,  -0.1,  -0.6
141109,  -0.8,   1.8,  -1.7,-108.9, -29.6, 986.9,  -0.2,  -0.5
141133,  -0.6,   1.3,  -0.9,-110.6,  12.8, 973.2,  -0.1,  -0.3
141157,  -0.4,   1.8,  -1.2,-110.1,  -9.6, 978.1,  -0.3,  -0.4
141181,  -0.3,   1.3,  -1.4,   7.5, -25.7, 969.8,  -0.4,  -0.7
141209,   0.3,   0.1,  -1.2, -13.5,  57.3,1043.3,  -0.3,  -0.7
141233,   0.3,   3.1,  -2.6, -51.8,  36.5,1019.1,  -0.1,  -0.8
141257,  -0.7,   1.4,  -1.0,-110.6,   3.3, 959.1,  -0.1,  -0.5
141285,  -0.4,  -0.3,   0.2, -18.3, -22.1,1005.0,   0.1,  -0.6
141309,  -1.0,  -0.1,   0.2, -48.1,  31.4,1014.8,   0.1,  -0.6
141333,  -0.9,  -1.0,   1.3,  32.2,   6.0, 971.0,   0.0,  -0.6
141357,  -2.1,  -1.4,   1.7,  68.1,   9.4,1012.6,   0.0,  -0.6
141385,  -1.4,  -0.4,   0.0,   4.1,  32.1, 999.1,  -0.0,  -0.7
141413,  -1.1,  -0.6,  -3.0,  76.6,   5.5,1011.8,  -0.0,  -0.8
141433,  -0.7,  -1.5,  -2.5, 129.1,  -2.1, 996.4,  -0.1,  -0.9
141457,  -3.2,   0.7,  -2.8,  15.6,  -9.6,1008.4,  -0.3,  -0.9
141485,  -1.7,   1.6,  -1.0,-200.0, -24.0, 877.1,  -0.6,  -0.5
141509,   2.7,  -0.0,   2.8,-107.9,  54.1, 943.7,  -0.3,  -0.1
141533,   0.9,   1.6,   1.2,-118.0, -28.9, 975.0,  -0.0,  -0.3
141559,   1.2,   1.2,   1.1, -53.5,  -4.3, 928.3,  -0.1,  -0.5
141583,   0.9,  -0.2,   0.3,   4.6, -13.8, 974.0,  -0.3,  -0.5
141607,  -0.4,  -0.3,   0.5,  -2.5, -46.7,1030.6,  -0.5,  -0.5
141635,   0.3,   0.9,   0.2, -47.4, -46.5, 983.7,  -0.4,  -0.7
141659,  -0.1,   1.1,  -1.2,-159.0, -47.5, 967.9,  -0.4,  -0.6
141683,  -0.1,   0.4,  -0.1, -56.7,  13.6, 996.9,  -0.2,  -0.5
141707,  -0.1,  -1.8,   0.8,  87.6,   3.1,1015.0,  -0.2,  -0.6
141735,  -1.5,   2.2,   0.6,  39.3, -42.8,1004.5,  -0.3,  -0.6
141759,  -0.8,   0.1,  -0.1,  21.5, -27.7,1014.5,  -0.3,  -0.6
141783,  -0.8,  -0.3,   1.6,  49.0,  14.5, 974.5,  -0.3,  -0.6
141807,  -2.3,  -1.9,   1.7,  86.1,  -1.1,1015.7,  -0.3,  -0.5
141835,  -0.8,  -0.3,   1.2, 115.9,  24.6,1000.3,  -0.4,  -0.5
141859,   0.4,  -0.3,   0.6,  35.4,  -1.6,1004.3,  -0.5,  -0.6
141883,  -0.8,  -3.1,  -0.1,   9.2,   7.0, 983.0,  -0.4,  -0.7
141911,   1.1,  -2.0,   0.0,  57.8,   8.4, 965.2,  -0.4,  -0.8
141935,   0.5,  -1.4,   0.2, -52.0, -52.4, 957.1,  -0.6,  -0.6
141959,   0.0,  -0.1,   0.8,   0.2,  -5.5, 935.9,  -0.7,  -0.9
141983,   1.3,   0.7,   0.2, -21.0,   8.0,1021.6,  -0.9,  -1.0
142007,   1.5,   0.7,   0.1,-100.1, -22.1, 965.7,  -0.8,  -1.0
142035,   0.6,  -1.7,   2.0,-108.7,  30.7, 938.1,  -0.7,  -0.7
142059,   1.0,   1.1,   1.7,-191.4, -29.2, 921.5,  -0.8,  -0.7
142083,  -1.4,   0.2,   2.9, -72.8, -55.0,1031.1,  -0.8,  -0.4
142107,  -0.6,   0.8,   1.7,-114.3,  31.4, 979.8,  -0.7,  -0.6
142135,  -1.5,  -3.3,  -1.0, 137.7, -10.8,1058.7,  -0.7,  -0.8
142159,   2.2,   1.1,  -1.4,-115.8,  64.6,1029.4,  -1.0,  -0.7
142183,   0.2,   0.1,   1.3, -44.7, -81.4,1136.3,  -0.7,  -0.5
142207,   2.8,   3.5,   0.8,-174.3,  33.6, 894.4,  -0.5,  -0.4
142235,   0.9,   1.2,   0.5, -19.6, -46.7,1011.6,  -0.5,  -0.5
142259,   0.8,   0.7,   0.3, -13.0,  16.7, 972.5,  -0.6,  -0.6
142283,  -0.3,   2.2,  -1.7, -90.6,  19.2,1007.7,  -0.6,  -0.8
142307,  -0.3,  -0.5,  -1.9,  -4.7,  -7.9,1021.6,  -0.7,  -0.9
142335,  -0.5,   0.4,  -1.2, -44.2,  45.5,1046.0,  -0.6,  -0.9
142359,  -0.7,   3.2,  -1.4,  35.6,  41.4,1056.7,  -0.4,  -1.0
142383,  -2.0,   2.1,  -0.6, -65.2,-111.4,1020.6,  -0.5,  -0.8
142411,  -1.2,   1.9,  -1.7, -92.6,   4.0, 974.7,  -0.5,  -0.6
142435,  -1.2,   2.4,  -0.9,  -6.4, -19.6,1070.4,  -0.6,  -0.7
142459,  -1.0,   3.2,   0.2,-167.8, -33.8, 949.6,  -0.6,  -0.4
142483,  -0.5,   2.6,   1.0, -13.5,  23.3, 966.9,  -0.5,  -0.6
142511,  -1.4,   0.9,  -0.3,  52.7, -17.9,1053.8,  -0.5,  -0.6
142535,   0.6,   1.2,  -1.6, -29.1,   8.9, 958.8,  -0.5,  -0.6
142559,   0.1,   0.2,  -1.3,  -5.6,  39.4,1027.0,  -0.5,  -0.7
142583,   0.7,   1.1,  -1.3,  14.9,  13.8, 995.5,  -0.5,  -0.8
142611,   0.3,  -1.4,  -1.2,  71.7, -13.0, 952.0,  -0.6,  -0.9
142635,   1.4,   0.3,  -1.4, -34.5,  68.5, 927.1,  -0.5,  -0.8
142659,   0.3,  -2.2,   0.8,  -8.3,  14.5, 971.3,  -0.4,  -0.5
142683,  -0.3,  -1.2,   1.5,  57.8, -34.8,1011.3,  -0.4,  -0.5
142711,  -0.4,  -0.6,   2.8,  38.3,  -1.1,1021.3,  -0.5,  -0.2
142735,  -0.6,  -2.0,   1.2, 139.6, -17.9,1012.1,  -0.6,  -0.5
142759,  -1.1,  -0.8,  -2.3, 125.2, -53.1,1005.2,  -0.7,  -0.6
142783,  -2.8,   3.5,  -4.0,  10.0,-200.3,1204.0,  -0.9,  -0.9
142811,   1.9,   2.1,  -1.4,-222.9, -56.7,1071.1,  -1.0,  -0.3
142835,   1.8,   1.1,  -0.9, -37.1,   5.3, 951.3,  -0.6,  -0.5
142859,   2.2,  -0.1,  -1.0,  15.3,  77.3, 996.7,  -0.4,  -0.4
142883,   0.3,  -3.2,  -0.6, 140.3,  33.8, 970.3,  -0.4,  -0.5
142911,   0.2,  -1.4,  -1.1, 109.6,  40.7,1016.5,  -0.3,  -0.7
142935,  -0.1,  -0.6,  -1.1,  -7.4,  -2.3,1029.9,  -0.1,  -0.7
142959,   0.2,   0.1,  -0.6,  21.0,  40.4,1040.9,  -0.0,  -0.7
142983,   0.5,  -0.3,  -0.6, -75.7,   8.0, 939.8,  -0.0,  -0.6
143011,  -1.3,  -2.2,  -0.1, 172.6, -58.0,1100.0,   0.1,  -0.8
143035,  -0.7,   2.4,  -0.8,  31.5, -46.5,1065.8,   0.0,  -0.8
143059,   0.8,   1.5,   0.1, -45.9,   3.6, 990.1,  -0.0,  -0.6
143083,   0.7,  -0.2,  -0.5,  67.4,  61.9,1046.2,   0.1,  -0.5
143111,  -0.0,  -0.4,  -0.0, 115.9, -10.8,1022.8,   0.2,  -0.5
143135,  -0.3,  -2.0,  -0.3, 170.6,  13.6, 991.8,   0.2,  -0.5
143161,   1.0,   0.2,  -1.7, -12.7, -50.9,1053.6,   0.1,  -0.6
143185,  -0.4,   0.4,  -2.5, -31.3, -62.4,1048.4,   0.0,  -0.7
143209,   0.0,  -0.4,  -1.7,  22.9, -70.9,1124.1,   0.2,  -0.8
143233,  -0.1,  -1.2,  -0.1,-114.0,  84.1, 855.8,   0.5,  -0.5
143261,   0.0,  -3.5,   0.6,  27.3, -64.6,1030.4,   0.3,  -0.5
143285,  -0.1,  -1.8,   1.8, -79.6,  49.9, 951.0,   0.6,  -0.3
143309,  -1.8,  -1.2,   2.2,  20.5,-158.3,1068.0,   0.3,  -0.2
143333,  -0.5,   3.5,   0.2,-128.0, -12.1, 986.9,   0.2,  -0.4
143361,  -0.8,  -3.1,  -2.5, 227.3,  77.3,1103.6,   0.2,  -0.5
143385,   1.1,   1.6,  -4.0, -41.8,  49.2, 981.3,   0.1,  -0.8
143413,  -0.3,   0.1,  -2.3,-138.9,-101.7,1051.6,   0.0,  -0.6
143433,  -0.4,   3.8,  -2.0, -70.6, -33.1, 964.0,   0.3,  -0.7
143461,  -0.4,   1.3,  -1.1,-155.3,  50.2, 938.6,   0.4,  -0.5
143485,  -0.6,   0.8,  -1.1,   0.9, -35.5,1027.2,   0.4,  -0.7
143509,   0.2,  -0.6,  -0.5, -50.3,  14.1,1002.1,   0.4,  -0.5
143533,   1.1,  -1.1,  -0.6,  62.5,   1.1,1003.3,   0.6,  -0.6
143561,  -0.1,  -0.8,  -0.7, -42.5, -21.1, 980.3,   0.7,  -0.7
143585,   0.1,   2.5,  -0.2,  -7.8, -15.7, 987.7,   0.7,  -0.8
143609,  -0.9,   0.1,  -0.2, -26.4, -52.6,1001.1,   0.7,  -0.7
143637,   0.0,  -0.4,  -0.3,  -4.2,  79.0, 972.8,   0.8,  -0.6
143661,   1.4,  -2.1,  -0.1,  19.0,  55.1, 985.0,   0.8,  -0.6
143685,   1.9,  -0.3,   0.3, -90.9,  32.9, 987.7,   0.9,  -0.6
143709,  -0.4,   0.8,  -0.5, -48.9,   3.6, 991.8,   1.1,  -0.7
143737,   1.1,   0.2,  -0.8, -12.0, -13.5,1016.9,   0.9,  -0.9
143761,   1.1,   2.9,  -2.5, -45.2, -30.6, 996.7,   0.9,  -1.0
143785,   0.3,  -1.4,  -1.7,-190.5,  24.3,1016.9,   1.1,  -0.7
143809,  -0.9,   1.5,  -1.7,  41.7, -22.8,1066.0,   1.4,  -0.8
143837,  -0.9,   2.1,  -0.1, -68.9,  67.0, 942.7,   1.5,  -0.6
143861,  -1.5,   1.3,   0.3, -36.2,  21.1,1004.3,   1.5,  -0.6
143885,   0.3,  -0.6,   1.4, -54.0,   6.7, 954.2,   1.4,  -0.6
143913,  -1.8,  -0.7,   0.9,  21.9,  -5.2,1083.6,   1.3,  -0.6
143937,  -0.5,  -1.3,   1.7, -12.0,  26.3, 935.9,   1.2,  -0.5
143961,  -0.7,  -0.7,   0.5,  52.5,  55.1,1075.5,   1.1,  -0.6
143985,   0.2,  -1.8,  -1.5,  99.6,  40.9, 970.6,   1.3,  -0.7
144009,  -0.1,  -1.6,  -2.8,  66.1,  26.8,1050.2,   1.2,  -1.0
144037,  -1.1,   0.7,  -1.9, -18.3,   4.8, 968.1,   1.2,  -1.0
144061,  -3.6,   1.6,  -1.6, -82.3, -78.7,1135.8,   0.8,  -1.0
144085,  -0.6,   2.2,   1.0,-119.4,  62.6,1056.5,   0.9,  -0.7
144109,  -0.0,   0.6,   1.4, -20.5,  45.1, 948.6,   1.2,  -0.6
144137,  -1.0,   2.3,  -0.6,  62.5,  17.7, 981.1,   1.3,  -0.9
144161,  -1.1,  -1.2,  -0.4, 152.3,  17.5,1029.6,   1.1,  -0.9
144185,  -0.7,   0.3,  -0.3,  86.1,   0.9,1056.0,   1.0,  -1.0
144209,  -1.5,   1.4,  -0.1, -14.4, -63.8,1016.7,   0.9,  -1.0
144237,  -1.1,  -1.4,   0.8,  81.0,  16.0,1019.9,   0.9,  -0.9
144261,  -1.1,  -1.4,  -0.3,  -1.0, -23.5,1043.6,   0.9,  -0.9
144285,  -1.0,   1.1,  -0.4, -29.6, -19.1,1030.6,   0.8,  -0.9
144309,  -1.1,   0.8,  -0.5,  25.4, -17.4,1009.9,   0.8,  -1.0
144337,  -0.1,  -0.0,   0.3, -11.0,   4.0, 948.6,   0.7,  -0.9
144361,  -1.3,  -0.1,  -0.0, -17.6,  -2.3,1016.0,   0.7,  -0.9
144385,  -0.6,   1.0,  -0.3, -42.8, -29.2,1071.6,   0.6,  -1.0
144413,  -0.7,   0.8,   1.0, -80.8, -28.7,1003.0,   0.6,  -0.9
144437,  -1.1,   0.2,   0.4, -59.8, -14.8,1009.4,   0.5,  -0.8
144461,  -0.9,   2.3,   0.1, -82.3,  -5.0, 976.9,   0.5,  -0.8
144485,  -1.4,  -0.1,  -0.0,  59.5, -26.2,1040.9,   0.4,  -1.0
144509,  -0.3,  -0.6,  -0.1,  76.4,  -9.9, 985.2,   0.4,  -1.1
144537,  -0.9,   0.7,  -0.8,  25.4, -66.3,1021.3,   0.2,  -1.2
144561,  -1.6,   0.7,  -0.7,  35.4, -27.0,1003.0,   0.1,  -1.1
144585,  -0.0,   2.5,  -0.6, -18.8,  16.3, 964.9,   0.1,  -1.1
144609,  -0.6,   1.1,  -1.4, -82.3,   6.0, 946.6,   0.1,  -1.0
144637,  -1.1,   0.5,  -0.3,  40.0,  18.5, 987.7,   0.3,  -1.2
144661,   0.2,   1.4,   0.5, -49.1,   0.9, 988.4,   0.1,  -1.1
144685,  -0.6,   1.9,   1.9,  -2.2, -22.8, 998.6,   0.1,  -1.0
144713,  -0.3,   1.1,   1.5,  32.2,  10.6, 992.5,   0.1,  -1.1
144737,  -0.7,   0.6,   1.3, -51.1,  34.6,1018.4,   0.1,  -1.0
144763,  -1.2,  -1.3,   1.3,  55.6,   6.0,1034.5,   0.1,  -1.0
144787,  -0.7,   0.2,  -1.4, -22.2, -19.1, 996.0,   0.1,  -1.0
144811,  -0.3,  -0.2,  -2.7,  39.3,   3.6, 991.8,   0.1,  -1.2
144835,  -0.6,   0.2,  -1.5,  47.1,  12.8, 986.4,   0.1,  -1.3
144863,  -0.6,   1.0,  -1.7,  25.1,  -6.9, 992.8,   0.1,  -1.3
144887,  -2.3,   1.8,  -1.5, -45.9,  37.2, 953.7,   0.1,  -1.2
144915,   1.1,  -2.0,   1.8, -52.3,  57.8, 998.6,   0.2,  -1.2
144935,   0.3,   0.8,   1.1,  43.7,  -1.1,1008.4,   0.4,  -1.3
144963,   0.8,   0.6,  -0.3,  97.9, -36.2,1000.6,   0.4,  -1.5
144987,  -0.1,   1.3,  -0.2,  35.9,   5.5, 968.1,   0.3,  -1.4
145011,  -0.7,  -0.3,   1.0,  67.1,   2.3, 989.4,   0.2,  -1.5
145035,  -1.2,  -0.4,   0.2,   9.7,  14.5, 967.9,   0.2,  -1.4
145063,  -0.2,  -0.8,   1.3,   8.0,  33.1, 964.7,   0.3,  -1.2
145087,  -0.4,  -0.7,   0.3,  36.1,  45.5,1002.3,   0.4,  -1.1
145111,  -0.1,  -2.1,   0.3,  84.4, -16.7,1022.6,   0.3,  -1.1
145135,  -0.8,   0.8,   0.8,  -3.5, -60.7, 998.1,   0.2,  -1.1
145163,  -0.7,   0.2,  -0.3, -18.6, -19.1, 997.9,   0.2,  -1.2
145187,   0.4,  -0.4,  -1.1, -33.5,   9.2, 991.3,   0.2,  -1.1
145211,  -0.1,   1.0,   0.2, -31.8,  38.5, 946.6,   0.2,  -1.1
145235,  -0.7,  -0.0,   0.8, -10.3,  -3.8, 985.0,   0.2,  -0.9
145263,  -0.9,   1.4,   1.4,  19.7,  -1.1, 979.8,   0.2,  -1.0
145287,  -1.2,   2.3,  -0.3,   0.2,  38.2,1000.8,   0.2,  -1.1
145311,  -0.1,   0.4,   0.2,  16.6,  -3.5, 983.3,   0.3,  -1.0
145335,  -1.5,  -0.8,   0.2,  29.3,   6.5,1008.9,   0.3,  -1.0
145363,  -0.7,  -1.0,   0.2,  44.2,  17.0,1013.8,   0.3,  -1.1
145387,  -0.7,  -0.5,   0.3,  18.3,  28.5, 990.8,   0.4,  -1.1
145415,   0.1,   0.5,   0.7, -30.3,  -0.3, 997.2,   0.4,  -1.0
145435,  -0.1,  -1.4,   0.6,  13.9,  12.3, 991.8,   0.5,  -1.1
145463,  -0.2,  -0.2,  -0.1,  21.5,  20.2, 981.3,   0.5,  -1.2
145487,  -0.2,   0.2,  -0.3,  11.7,  27.7,1017.4,   0.6,  -1.2
145511,  -0.4,  -0.3,  -0.9,  23.6,  39.7, 983.5,   0.8,  -1.2
145535,  -0.9,   0.7,   0.2,  15.1,  55.1, 973.0,   1.0,  -1.1
145563,  -0.4,  -0.7,   0.1,  46.8,  37.5, 987.7,   1.2,  -1.2
145587,  -0.3,  -1.3,   0.2,  29.0,  37.5, 985.2,   1.3,  -1.2
145611,  -0.1,   0.5,   0.3,  17.5,  48.2, 989.6,   1.4,  -1.2
145635,  -0.3,   0.2,   1.1,   9.5,  39.2, 984.7,   1.5,  -1.3
145663,   0.2,   0.4,   0.4,  21.5,  39.9, 993.8,   1.6,  -1.3
145687,  -0.1,  -1.7,   0.2,   8.3,  25.8, 997.7,   1.7,  -1.3
145711,   0.1,  -0.1,  -0.3,  25.6,  35.1,1002.3,   1.8,  -1.3
145735,  -0.4,  -0.3,  -0.2,  -0.3,  33.6,1010.1,   1.9,  -1.3
145763,  -0.5,  -0.1,   0.3,  18.5,  35.3,1006.5,   1.9,  -1.3
145787,  -1.1,   1.5,   0.5,   2.7,  29.2,1022.6,   1.9,  -1.3
145811,  -0.7,   0.2,   0.5,  26.6,  36.3, 995.5,   1.9,  -1.3
145835,  -0.4,  -0.3,  -0.2,  30.2,  16.0, 998.6,   1.9,  -1.3
145863,  -0.7,   0.5,   0.4,  28.5,   8.4,1007.4,   1.8,  -1.3
145887,  -0.6,   0.6,   0.5,  18.5,  25.5, 988.4,   1.7,  -1.4
145915,  -0.4,  -0.4,   0.3,  11.9,   0.6, 989.6,   1.7,  -1.4
145939,  -0.0,   0.4,  -0.0,  23.2,  11.6, 997.9,   1.6,  -1.3
145963,   0.2,  -1.2,   0.7,  17.3,   9.7, 991.8,   1.5,  -1.3
145987,  -0.6,  -0.2,   0.5,   9.0,   3.6, 989.6,   1.4,  -1.3
146011,  -0.3,   0.8,   1.3,  18.0,   1.8, 997.7,   1.2,  -1.3
146039,  -1.0,   0.5,   0.8,  38.8,   8.4, 999.6,   1.0,  -1.3
146063,   0.2,   0.2,   0.6,  34.6,  -6.2, 981.5,   0.9,  -1.4
146087,   0.3,  -1.5,   0.9,  31.5,  -2.5,1010.8,   0.8,  -1.4
146111,  -0.4,  -0.7,   0.3,  36.1,  -8.4, 983.7,   0.7,  -1.4
146139,  -0.1,  -0.4,   0.3,  44.6,  -7.7,1016.9,   0.5,  -1.5
146163,  -0.0,  -0.1,   0.8,   9.2,   8.4, 980.8,   0.4,  -1.5
146187,  -0.0,   0.5,   0.8,  15.1,  14.3, 980.6,   0.4,  -1.5
146211,  -0.2,  -0.3,  -0.5,  29.5,   2.6, 989.8,   0.4,  -1.5
146239,  -0.2,   0.2,  -0.1,   6.3,  -4.0, 989.6,   0.3,  -1.6
146263,   0.2,  -1.3,  -0.1,  38.3,   4.8,1001.1,   0.3,  -1.6
146287,  -0.7,  -0.4,  -0.9,  31.5,  -1.6, 980.8,   0.3,  -1.6
146311,   0.1,  -1.2,  -0.4,  33.2,  13.8,1005.2,   0.3,  -1.6
146339,   0.3,   0.4,   0.3,   5.1,  25.3, 972.8,   0.3,  -1.5
146361,  -0.5,  -0.7,  -0.4,   6.3,  15.0, 997.4,   0.3,  -1.5
146389,   0.0,   0.5,  -0.8,  20.0,  20.9, 974.7,   0.3,  -1.5
146417,  -0.6,  -0.1,  -0.6,  42.7,   6.5,1012.8,   0.3,  -1.5
146437,   0.1,  -0.0,  -0.3,  37.3,   6.7,1001.3,   0.2,  -1.5
146461,  -0.1,   0.8,   0.3,  18.3, -13.8,1010.8,   0.1,  -1.4
146489,  -0.0,  -0.7,   0.6,  11.7,  -6.0, 995.2,   0.1,  -1.4
146513,   0.2,   0.4,   0.5,  39.3, -15.7, 983.5,   0.0,  -1.4
146537,  -0.6,  -0.0,   0.7,  12.9, -30.9, 996.2,  -0.0,  -1.5
146561,  -0.1,  -1.5,   0.6,  33.7,  -8.4,1005.7,  -0.2,  -1.4
146589,  -0.3,   0.5,   0.1,  14.4,   0.4,1003.8,  -0.3,  -1.5
146613,  -0.6,  -0.6,   0.9,   3.1, -26.5, 997.9,  -0.3,  -1.4
146637,  -0.1,  -0.0,   0.8,  31.9,  -6.2,1021.1,  -0.3,  -1.4
146661,  -0.5,  -0.4,   0.3,  32.4,  -0.3, 994.0,  -0.3,  -1.4
146689,   0.5,  -1.2,  -1.0,  47.1, -18.2,1004.3,  -0.3,  -1.3
146713,  -0.4,  -0.3,  -1.2,  35.1, -19.4,1015.0,  -0.4,  -1.4
146737,  -0.7,   2.1,  -0.9,  -6.1, -23.8, 975.0,  -0.4,  -1.4
146761,  -0.6,   1.8,  -0.6,  24.9,  10.9, 985.9,  -0.4,  -1.4
146789,  -0.3,  -1.5,  -0.3,  44.4,  12.1, 983.3,  -0.3,  -1.5
146813,  -0.4,  -1.1,  -0.5,   3.1,  21.4, 992.8,  -0.2,  -1.5
146837,  -0.3,  -0.9,  -0.0,  19.3,  19.9, 976.9,  -0.2,  -1.4
146861,   0.2,   0.1,   0.3,  24.9,  -0.1,1000.1,  -0.2,  -1.4
146889,  -0.6,  -0.9,  -0.5,  33.9,  -7.4, 987.7,  -0.3,  -1.5
146917,   0.2,  -0.0,  -0.3,   5.3,   1.6, 995.2,  -0.3,  -1.5
146937,  -0.4,  -0.8,  -0.3,  31.5,  -4.7, 974.7,  -0.2,  -1.4
146965,   0.0,   0.3,  -0.6,   8.0,  -0.8, 994.7,  -0.2,  -1.4
146989,  -0.4,   0.7,  -1.1,  16.6,   8.7, 981.5,  -0.2,  -1.3
147013,  -0.1,  -0.4,  -0.2,  25.1,   6.0,1009.4,  -0.2,  -1.2
147037,   0.1,  -0.3,   0.9,  24.4, -45.5,1023.1,  -0.3,  -1.2
147065,   0.5,  -0.3,   1.7,  26.1, -34.5, 999.4,  -0.4,  -1.2
147089,   0.3,  -1.6,   1.0,  40.5,   3.3,1002.8,  -0.4,  -1.0
147113,  -0.4,  -0.3,  -0.8,  70.3, -11.6, 990.1,  -0.4,  -1.2
147137,  -0.8,   8.3,  -2.5, -52.5, -11.8,1049.2,  -0.5,  -1.4
147165,   0.2,   1.8,   0.0,  85.4, 120.0, 989.1,  -0.4,  -0.9
147189,   0.0,  -1.4,  -0.1,  35.4,  55.6, 962.7,  -0.4,  -0.7
147213,   0.2,  -1.1,  -1.7, -14.4, -29.6, 976.2,  -0.4,  -0.9
147237,  -0.0,  -0.7,  -1.1,  88.3, -13.5,1036.5,  -0.5,  -1.0
147265,   0.0,  -0.4,  -0.7,  37.8, -13.0, 973.2,  -0.6,  -1.0
147289,  -0.4,   0.7,  -0.4,  35.1,  14.8,1004.3,  -0.6,  -1.0
147313,  -0.5,  -0.2,  -0.1, -26.4,  16.3, 973.2,  -0.5,  -1.0
147337,   0.3,   0.4,  -0.1,  25.1,   3.1, 997.2,  -0.4,  -1.1
147365,   0.0,  -0.2,   0.5,  31.9,   6.2, 997.7,  -0.3,  -1.1
147389,  -0.7,  -0.4,  -0.1,  33.9,  -5.2, 994.5,  -0.3,  -1.0
147417,  -0.3,   0.4,   0.6,  41.2, -12.8,1008.4,  -0.3,  -1.0
147437,  -0.2,   1.8,  -0.1,   2.2, -16.5, 986.2,  -0.3,  -1.0
147465,   0.1,   1.2,  -0.1,  -0.8,   2.1, 943.0,  -0.3,  -1.0
147489,   0.2,   0.2,   0.3,  11.0, -12.1,1022.8,  -0.3,  -0.9
147513,  -0.6,  -0.1,   0.0,  48.1,  -0.8, 992.0,  -0.3,  -1.0
147537,  -0.1,   0.8,  -0.2,  44.9,  -8.9, 992.0,  -0.4,  -1.1
147565,  -0.6,   0.2,   0.0,  42.0,   2.8,1008.4,  -0.4,  -1.1
147589,  -0.3,   0.3,   0.0,  -0.3,  -8.4, 999.9,  -0.4,  -1.1
147613,  -0.7,   0.7,  -0.8,  26.6, -11.8, 996.4,  -0.4,  -1.1
147637,  -0.5,  -1.2,   0.2,  21.0, -21.8,1007.2,  -0.5,  -1.1
147665,  -0.1,  -1.8,  -0.4,  29.8, -10.8, 995.5,  -0.4,  -1.2
147689,  -0.7,  -0.8,  -1.0,  44.4,  -4.3, 997.2,  -0.5,  -1.3
147713,  -0.3,  -0.6,  -1.0,  19.5, -17.0,1008.9,  -0.5,  -1.4
147737,   0.0,  -1.2,  -0.9,  38.8, -15.0, 990.6,  -0.6,  -1.5
147765,  -0.5,  -0.8,  -1.9,  24.1, -24.8,1006.9,  -0.7,  -1.6
147789,  -0.1,   0.5,  -1.5,  20.5, -14.5, 994.5,  -0.7,  -1.5
147813,  -1.0,   0.4,  -2.2,   7.3,   9.4,1006.0,  -0.6,  -1.5
147837,  -0.3,  -0.1,  -0.8,  40.7,   6.5, 995.2,  -0.5,  -1.5
147865,  -0.3,  -1.6,  -0.6,   4.9,  35.8,1007.4,  -0.2,  -1.4
147889,  -0.7,   0.1,  -0.0,  -0.3,  51.7,1001.6,  -0.0,  -1.3
147917,  -0.7,  -0.1,   1.3,   3.4,  -2.5,1025.0,  -0.0,  -1.2
147937,  -0.5,   0.7,   1.2,   0.5,  -1.8, 983.0,   0.0,  -1.2
147963,   0.6,  -1.0,   2.0,  44.6,   3.1, 998.6,   0.0,  -1.2
147987,   0.3,   5.2,   3.3, -24.9,  32.4, 935.6,   0.1,  -0.9
148015,  -0.6,   1.8,  -0.1, -46.7, -39.2,1078.0,  -0.0,  -1.1
148039,  -0.3,   4.3,   0.5,-174.3, -38.2, 951.0,  -0.2,  -0.9
148063,  -0.2,   5.8,   0.2,-191.0,  -9.9, 874.1,  -0.3,  -0.8
148087,  -0.4,  -0.4,   0.6,  96.6,   8.7,1053.6,  -0.3,  -1.0
148115,  -0.1,   1.6,   0.2, -52.8,   7.7, 956.9,  -0.2,  -1.0
148139,  -2.7,   0.8,   0.9, 180.4,-146.3,1068.5,  -0.5,  -1.4
148163,  -0.7,   0.8,  -1.7,  52.9,   9.7,1013.3,  -1.1,  -1.2
148191,   0.0,  -3.1,  -0.4, 135.7,  60.4,1006.5,  -0.7,  -1.1
148215,  -0.4,  -0.1,   0.3,   5.3,  62.6, 971.8,  -0.3,  -1.1
148239,  -1.0,   0.4,   0.4, -14.9,  -9.1, 999.6,  -0.2,  -0.9
148263,  -0.5,   1.0,   1.2,  38.1, -42.1,1013.8,  -0.4,  -0.8
148291,   0.3,  -0.3,   0.6,  30.7,  12.3, 997.9,  -0.4,  -0.9
148315,  -0.1,   0.6,  -0.0,  43.2, -12.1,1008.4,  -0.4,  -1.0
148339,  -0.2,   1.3,  -0.0,  18.3,  17.2, 984.0,  -0.3,  -1.1
148363,  -0.4,   0.2,  -0.1,  -1.3,  -7.2,1023.3,  -0.3,  -0.9
148391,  -0.1,   1.5,   0.2,  -0.8,  20.9, 987.2,  -0.2,  -0.8
148419,   1.4,  -6.4,  -3.3, 141.3, 195.9,1025.7,   0.0,  -1.1
148439,   1.0,  -7.5,   2.7, 198.2, 178.9,1055.8,   0.2,  -0.1
148463,   0.1,  -1.7,   0.0, -30.1, -28.4, 985.2,   0.2,  -0.4
148491,  -0.7,  -2.0,   1.5,  52.0,  42.1, 992.5,   0.3,  -0.4
148515,  -0.9,  -0.3,   0.5,  81.0, -13.8,1021.1,   0.1,  -0.6
148539,  -0.3,  -0.9,  -0.3,  40.5,   0.4,1019.9,   0.1,  -0.7
148563,  -0.3,  -0.4,  -0.2,  52.5, -11.3,1001.1,  -0.0,  -0.8
148591,  -0.1,  -1.0,  -0.4,  -3.2,  -3.0,1041.6,  -0.1,  -0.7
148615,  -0.2,  -0.7,  -0.6,  37.8,  -6.0, 987.2,  -0.2,  -0.7
148639,  -0.3,  -1.2,  -0.9,  27.1, -27.7, 996.7,  -0.2,  -0.8
148663,  -0.0,  -2.8,  -0.8,  41.2, -15.0,1005.2,  -0.2,  -0.8
148691,  -0.7,  -1.2,  -0.6,  43.9,   4.8,1007.2,  -0.2,  -0.8
148715,   0.3,  -1.3,  -0.5,  35.1,  -1.6, 994.5,  -0.2,  -1.0
148739,  -0.3,   0.1,   0.1,  40.0,  -3.5, 994.5,  -0.1,  -1.1
148763,  -0.2,  -0.6,  -0.6,  40.5,   3.1, 975.7,  -0.1,  -1.2
148791,   0.5,  -0.6,  -0.3,  33.9,  -5.2,1051.1,  -0.1,  -1.2
148815,   1.0,  -0.8,   0.2, 127.9,   4.0,1019.4,   0.0,  -1.3
148839,   0.6,  -0.5,  -0.0,  31.7, -39.2,1021.6,  -0.1,  -1.4
148863,  -0.5,  -0.1,   0.0,  26.3, -31.4, 996.0,  -0.2,  -1.3
148891,   0.3,  -0.0,  -0.4,  12.7,  -5.0,1006.5,  -0.3,  -1.2
148919,   0.3,  -1.9,   0.2,  16.3, -23.3, 992.5,  -0.3,  -1.2
148939,   0.8,   0.1,   0.4,   5.3, -13.8,1001.8,  -0.3,  -1.1
148963,   0.5,  -1.0,  -0.5,  -3.5,  -9.6, 997.4,  -0.3,  -1.0
148991,   2.9,  -0.8,   0.0,  15.1,  -2.3, 979.8,  -0.2,  -1.1
149015,   2.6,  -3.4,  -0.3,  35.6,  23.6, 996.2,  -0.1,  -1.3
149039,   0.7,  -2.0,  -0.0,  40.5,   5.0,1014.0,  -0.0,  -1.4
149063,   1.3,  -1.5,  -0.3,  36.6, -14.3,1000.1,  -0.0,  -1.5
149091,   0.2,  -1.3,  -0.7,  40.7,   4.0, 985.5,   0.0,  -1.5
149115,   1.0,  -0.9,  -0.6,  36.3,  -7.2, 980.6,   0.1,  -1.6
149139,   1.7,  -2.6,  -0.3,  29.0,   9.2,1017.7,   0.1,  -1.7
149163,   1.0,  -2.3,  -0.1,  32.4,   0.1,1026.5,   0.1,  -1.7
149191,   0.3,   0.4,  -0.3,  31.2,  -6.2, 989.4,   0.1,  -1.7
149215,   0.3,  -1.2,  -0.3,  32.7,   4.5,1017.9,   0.1,  -1.7
149239,   0.3,   0.4,   0.2,  42.0,  11.1,1010.4,   0.1,  -1.8
149267,   0.3,  -0.3,  -0.5,  24.4,  10.4,1005.7,   0.2,  -1.8
149291,   0.2,  -2.5,  -0.2,  -5.4,   5.0, 997.4,   0.3,  -1.7
149315,  -1.1,  -5.0,  -0.3,  50.5,  14.5,1009.6,   0.3,  -1.8
149339,   0.4,  -3.1,  -1.2,  25.4,  -5.2,1018.2,   0.3,  -1.9
149367,   0.8,  -0.9,  -0.6,  34.9,   3.8, 992.5,   0.2,  -2.0
149391,   0.2,   1.0,  -0.2,  36.3,  18.2,1002.5,   0.3,  -2.1
149419,  -0.3,  -2.5,  -0.8,  48.3,   0.1, 996.0,   0.3,  -2.1
149439,  -0.7,  -0.3,  -0.4,  36.6,   4.0, 998.1,   0.3,  -2.2
149467,  -0.1,  -0.4,  -0.3,  33.7, -10.4, 996.0,   0.2,  -2.2
149491,   0.0,   1.3,   0.1,  39.0,  10.9, 993.5,   0.2,  -2.2
149515,  -0.7,   0.5,  -0.2,  42.0,  -1.3, 982.5,   0.2,  -2.2
149539,  -0.7,   0.3,  -0.6,  33.9,  -1.8,1010.4,   0.2,  -2.2
149565,  -1.0,   1.8,  -0.5,   8.8,  -1.1,1014.5,   0.2,  -2.2
149589,  -2.7,   2.9,  -0.6,  36.8,  19.9,1010.4,   0.2,  -2.1
149617, -11.4,   4.6,   0.2,  43.2,   8.4,1014.3,   0.1,  -2.0
