Time(ms),Gyro X,Gyro Y,Gyro Z,Acc X,Acc Y,Acc Z,Rot X,Rot Y
203928,  -0.7,  -0.1,   0.0,  35.6, -10.1, 991.1,   0.3,  -1.1
203932,   0.6,  -0.1,  -0.5,   2.4, -17.0, 999.1,   0.3,  -1.1
203960,  -0.4,   0.5,   0.2,   4.4,  13.8,1005.5,   0.3,  -1.0
203964,   0.8,   0.5,  -0.3,  31.2,  -0.3, 995.7,   0.3,  -1.1
203968,  -0.7,   0.3,  -0.5,  33.7, -23.3, 996.4,   0.2,  -1.1
203972,  -1.0,  -0.2,   0.1,  38.1,   4.5,1016.2,   0.2,  -1.1
203986,  -0.7,  -0.2,   0.6,  26.6,  -6.9,1008.6,   0.2,  -1.2
203990,  -1.7,   0.5,  -0.3,  21.7, -18.4, 990.1,   0.1,  -1.2
203994,   0.8,  -0.6,  -0.7,  28.3,   5.3, 986.7,   0.1,  -1.2
203998,  -0.1,   1.0,  -0.6,  14.9,  -6.0, 988.6,   0.1,  -1.2
204002,  -0.4,  -0.6,  -0.1,   9.7, -20.1,1002.3,   0.1,  -1.1
204016,  -0.6,   0.5,  -0.1,  29.0,  -9.6, 990.6,   0.0,  -1.2
204020,  -0.9,  -0.9,   0.1,  30.0, -10.8, 988.9,   0.0,  -1.2
204024,  -0.3,  -0.4,  -0.4,  27.1, -11.6, 989.8,  -0.0,  -1.2
204032,  -0.8,   0.2,  -0.2,  18.0,  -2.5,1029.4,  -0.0,  -1.2
204056,   0.3,   0.7,  -0.1,  21.5,   4.5,1011.8,  -0.0,  -1.2
204084,  -1.2,  -0.3,  -0.4,   8.0,   1.6, 991.3,  -0.0,  -1.2
204108,   0.5,  -0.4,  -0.6,  33.4,  -5.7, 991.1,  -0.1,  -1.3
204132,  -0.7,  -0.4,  -0.0,  45.6,   3.6, 988.6,  -0.1,  -1.3
204156,   0.4,   0.1,  -0.6,  20.2,   0.1, 996.4,  -0.1,  -1.3
204184,   0.1,   0.4,  -0.6,  22.9, -11.3,1012.6,  -0.0,  -1.4
204208,  -0.1,   0.8,  -0.3,  13.9,  -6.9, 996.9,  -0.1,  -1.4
204232,   0.0,  -0.1,  -0.7,  23.6,  -0.3,1004.0,  -0.1,  -1.3
204256,   0.1,  -0.6,  -0.1,  17.1,  -3.3, 996.4,  -0.1,  -1.3
204284,   0.2,   0.1,  -0.1,  20.7,  -4.3, 992.3,  -0.1,  -1.4
204308,  -0.7,   1.1,  -0.1,  31.2,   3.1,1011.3,  -0.1,  -1.4
204332,   0.8,  -0.0,  -0.3,  41.7,  31.1,1004.0,  -0.0,  -1.4
204356,  -0.4,   0.6,   0.4,   4.4,  -2.1, 985.9,  -0.0,  -1.4
204384,  -0.2,   0.8,  -0.6,  32.7,  15.5, 998.4,  -0.0,  -1.4
204408,  -0.6,  -0.6,  -0.3,  18.3,  -6.0, 982.0,  -0.0,  -1.4
204432,  -0.5,   1.1,  -0.0,  39.0,   1.4, 995.0,  -0.1,  -1.4
204460,   0.3,  -0.2,  -0.5,  39.3,   5.8, 983.5,  -0.0,  -1.5
204484,   0.0,   0.3,   0.1,  16.3,  -4.0, 998.4,  -0.1,  -1.4
204508,  -0.3,   0.7,   0.2,  38.1,  -2.1, 985.0,  -0.1,  -1.5
204532,  -0.1,   1.8,  -0.1,  20.2,  13.6, 992.3,  -0.1,  -1.4
204556,  -0.4,  -0.1,  -0.1,  31.7,  11.9, 989.1,  -0.1,  -1.4
204584,  -0.4,  -1.2,  -0.0,  42.0,  -3.3, 988.1,  -0.1,  -1.5
204608,  -0.4,  -0.8,  -0.5,  47.8,  21.6, 988.4,  -0.1,  -1.6
204632,  -0.6,   1.3,  -0.6,  29.0,   1.8,1007.7,  -0.0,  -1.6
204656,  -0.2,   0.2,  -0.4,  28.3,  -2.3, 997.4,  -0.1,  -1.6
204684,  -0.6,   0.8,  -0.7,  16.1,   6.0, 986.9,  -0.1,  -1.5
204708,  -0.6,   0.7,  -0.1,  44.4,   6.7, 987.7,  -0.1,  -1.5
204732,  -0.9,   1.0,  -0.3,  37.8,   4.8, 986.4,  -0.1,  -1.5
204756,   0.7,   1.1,  -0.6,  43.2,   1.4,1001.6,  -0.1,  -1.5
204784,  -0.1,   0.6,   0.3,  22.4,  -8.4, 985.2,  -0.1,  -1.5
204808,  -0.1,   0.1,  -0.6,  38.8, -13.8,1004.0,  -0.1,  -1.5
204832,  -0.8,   1.1,   0.0,  23.9,   4.8,1002.8,  -0.1,  -1.5
204856,  -0.3,   0.2,  -0.2,  38.3,   7.0,1001.8,  -0.1,  -1.5
204884,   0.5,  -0.0,  -0.5,  21.2,  -5.0, 996.9,  -0.2,  -1.4
204908,  -0.1,   0.7,  -0.6,   0.2,  -0.3,1000.8,  -0.1,  -1.4
204932,   0.3,  -0.1,  -0.1, -11.5,   0.6,1002.5,  -0.1,  -1.4
204960,  -0.4,   0.5,  -0.2,  -3.2,  -2.8,1011.3,  -0.1,  -1.3
204984,  -0.2,   0.2,  -0.6,  15.6,  -0.6, 992.5,  -0.1,  -1.4
205008,  -0.0,   1.1,  -0.0,  25.6,  -3.3,1004.5,  -0.1,  -1.4
205032,   0.1,  -0.5,  -0.1,  36.8, -12.1, 986.2,  -0.1,  -1.4
205056,  -0.1,  -1.0,   0.0,  21.0,  12.6, 975.7,  -0.1,  -1.4
205084,   0.3,   0.5,  -0.0,  19.3,  -7.9, 998.6,  -0.0,  -1.5
205108,   0.3,   0.1,  -0.1,  24.4,  -6.0, 989.4,  -0.0,  -1.5
205132,  -0.0,  -1.0,   0.3,  15.1,  -4.7, 995.7,  -0.0,  -1.5
205156,  -0.3,   0.2,  -0.3,   8.3,  -0.1, 990.8,  -0.0,  -1.5
205184,   0.0,  -0.0,  -0.4,   8.5,  -6.2,1006.5,  -0.0,  -1.4
205208,  -0.9,   0.2,  -0.2,   2.7,   5.0, 996.7,  -0.1,  -1.4
205232,   0.2,  -1.1,  -0.5,  28.3,  -1.1,1007.2,  -0.1,  -1.4
205256,  -0.3,   0.6,  -0.4,  13.9, -12.6,1010.8,  -0.1,  -1.4
205283,  -0.3,   0.1,  -0.9,  12.7,  -2.1,1006.9,  -0.1,  -1.4
205307,  -0.6,  -1.7,  -0.1,  18.8,  -1.8, 975.0,  -0.1,  -1.3
205335,   0.2,  -1.4,  -0.3,  11.9, -10.4, 987.9,  -0.1,  -1.3
205359,   0.2,   1.1,  -0.3,   7.3,  13.8, 977.9,  -0.1,  -1.3
205383,  -0.6,   0.3,  -0.5,  22.2,  -6.2, 993.0,  -0.0,  -1.4
205407,   0.0,  -0.4,  -0.1,  15.8,   0.9,1007.4,  -0.1,  -1.4
205435,  -0.0,   4.4,  -0.6,-141.9, -80.4, 881.2,  -0.1,  -1.0
205463,  -0.6,  -2.2,   0.4, 132.5,  52.6, 988.9,  -0.1,  -1.2
205483,  -0.3,   0.7,  -1.1,  42.0, -47.0,1005.2,  -0.2,  -1.1
205507,  -1.2,  -0.4,  -0.7,  35.4,   5.8,1041.1,  -0.2,  -1.2
205535,  -1.0,  -1.8,  -0.8,  90.8, -14.5,1075.3,  -0.1,  -1.3
205559,  -0.6,  -2.0,   1.2, -79.6, -27.9, 954.9,  -0.2,  -0.8
205583,  -0.1,  -4.5,   1.6, 198.5,  22.6,1044.8,  -0.2,  -1.0
205607,  -0.3,  -1.7,   0.1, 165.5,   8.7,1023.5,  -0.3,  -1.1
205635,   0.2,   0.7,  -0.6,  -3.9, -17.9, 989.8,  -0.3,  -1.0
205659,   0.2,  -1.4,  -0.4,  34.4, -25.0,1010.4,  -0.4,  -1.0
205683,   0.2,   1.1,  -0.5,   4.6,  -1.6,1009.6,  -0.3,  -1.0
205707,   0.7,  -0.1,  -0.0,   2.9,   3.1, 986.9,  -0.3,  -1.0
205735,  -0.0,   0.8,  -0.6,  24.1,   0.4, 981.8,  -0.2,  -1.1
205759,  -0.5,  -0.7,   0.1,  32.9,  10.9,1003.8,  -0.2,  -1.1
205783,  -1.2,   0.1,  -0.6,  34.9,  31.1, 991.1,  -0.2,  -1.2
205807,   0.1,   0.6,  -0.3,  37.1,  -8.4,1024.3,  -0.2,  -1.2
205835,  -0.8,  -0.6,  -0.8,  27.3,   7.2,1021.8,  -0.2,  -1.2
205859,   0.2,  -0.1,  -0.9,   9.5,   6.5, 983.7,  -0.2,  -1.2
205883,  -0.2,  -0.9,  -0.6,  49.3,   4.8,1010.1,  -0.2,  -1.3
205907,   0.2,   1.9,  -0.4,   4.6,  -9.6,1004.7,  -0.2,  -1.2
205935,  -0.3,  -0.4,  -0.6,  11.9,  28.7, 990.8,  -0.2,  -1.2
205963,  -0.6,  -0.3,  -0.9,  49.3,  -6.0, 990.3,  -0.2,  -1.3
205983,  -0.3,  -0.1,  -0.3,  27.3,  15.5, 987.7,  -0.2,  -1.2
206007,  -0.9,   0.4,  -0.4,  45.9,   2.6, 996.4,  -0.2,  -1.3
206035,  -0.0,   0.2,  -0.1,  37.3,   2.1,1012.1,  -0.1,  -1.3
206059,  -0.1,   0.5,  -0.2,  32.2, -11.1, 990.6,  -0.1,  -1.4
206083,   0.3,   0.1,  -0.3,  35.1, -22.3, 986.4,  -0.2,  -1.4
206107,   0.6,   1.3,   0.2,  44.4,   0.9,1003.0,  -0.2,  -1.5
206135,  -0.7,   2.3,   0.2,-166.0, -48.0, 995.7,  -0.2,  -1.2
206159,  -0.9,  -5.9,   1.0, 250.2,  18.0,1014.5,  -0.2,  -1.2
206183,  -1.0,   1.0,  -0.3, 198.7,  12.8,1076.8,  -0.1,  -1.4
206207,  -1.1,   2.1,  -0.1, -43.7,  -6.9, 973.5,  -0.2,  -1.1
206235,  -0.6,  -1.3,   0.4,  85.2,   0.4,1019.6,  -0.1,  -1.1
206259,   0.1,   0.5,  -0.3,  28.5, -15.2,1038.9,  -0.2,  -1.1
206283,  -0.7,   2.0,  -0.9,  24.9,  -5.0,1015.5,  -0.2,  -1.2
206307,  -0.6,  -0.4,  -0.6,  13.2,  -5.5,1005.0,  -0.1,  -1.2
206335,  -1.0,  -0.1,  -0.0,  36.6,  16.5,1020.6,  -0.1,  -1.0
206359,   0.1,  -2.3,   0.8,  83.0,  -1.6, 999.6,  -0.1,  -0.9
206383,  -0.4,  -1.2,   0.1,  21.9,  -7.9,1022.1,  -0.1,  -1.1
206411,   0.2,  -0.4,   0.2,  38.3, -29.2,1027.7,  -0.3,  -1.1
206435,   0.1,   0.8,  -1.1,   2.7,  11.9, 976.4,  -0.2,  -1.1
206463,  -0.1,   0.3,  -0.4,  48.6, -10.4,1011.1,  -0.2,  -1.1
206483,   0.0,   0.5,  -0.9,  39.3,  17.0, 987.4,  -0.1,  -1.2
206511,   0.0,  -0.5,  -0.1,   5.3,  10.4,1009.9,   0.1,  -1.3
206535,  -1.2,   1.3,   0.2,   2.4,  19.4,1010.8,   0.2,  -1.3
206559,  -0.8,   1.1,  -0.4,  24.9,  -6.9,1019.9,   0.2,  -1.4
206583,  -0.6,   0.7,  -0.2,  26.1, -25.5, 999.4,   0.0,  -1.2
206611,  -0.3,   0.7,  -1.8,  15.8, -14.0, 987.4,  -0.2,  -1.2
206635,  -0.0,  -0.2,  -2.4,  27.6,  -2.5,1009.4,  -0.2,  -1.4
206659,  -0.0,  -0.7,  -1.7, -17.9, -34.3,1000.1,  -0.3,  -1.2
206683,   0.8,  -2.0,  -0.2,   3.4,   4.8,1000.3,  -0.4,  -1.0
206711,   0.9,   1.6,  -0.4, -50.3,  26.5, 965.4,  -0.4,  -1.1
206735,  -1.3,   0.1,  -2.8, 159.1,  26.0, 843.9,  -0.1,  -1.7
206759,  -3.0,   0.9,  -2.8, 512.9,-109.5,1277.7,  -0.8,  -1.7
206783,  -0.2,  -0.6,  -1.4, 115.2, 147.1, 835.3,  -0.2,  -1.4
206811,   0.0,   2.4,  -0.4, -22.2,  94.4, 990.1,   0.3,  -1.4
206835,   1.3,   0.8,   2.4,-153.6,  90.5, 877.8,   0.8,  -0.7
206859,  -1.0,  -1.4,   5.0, -76.2, -57.0, 777.7,   0.8,  -0.2
206885,   1.1,  -0.7,   5.2,  -3.7,   9.9,1014.8,   0.8,  -0.3
206909,  -0.3,   0.4,   3.5,  48.8, -10.4,1110.9,   0.5,  -0.3
206933,  -0.3,   3.8,   1.8, 153.8, -81.6, 989.1,   0.4,  -0.6
206961,   0.0,   1.1,   0.6,-217.6, -42.8, 889.3,   0.4,  -0.3
206985,  -0.3,   2.1,  -0.9, -58.9, -45.8, 988.6,   0.2,  -0.7
207009,  -0.5,   0.7,  -0.8, -27.6,  -9.6, 991.8,   0.1,  -0.6
207033,  -0.3,  -0.4,  -1.0,   7.3, -28.4,1006.5,  -0.0,  -0.6
207061,   0.3,   2.2,  -0.8,   0.7, -14.5, 989.1,  -0.2,  -0.6
207085,  -0.5,   1.3,  -0.3,  43.2, -22.3,1006.0,  -0.3,  -0.7
207109,   0.2,   0.1,  -0.5,  34.1, -20.9, 976.9,  -0.4,  -0.8
207133,  -1.1,  -0.7,  -1.2,  42.7, -38.7,1006.2,  -0.6,  -1.0
207161,  -1.5,   1.8,  -2.6,  28.5, -97.8, 875.3,  -0.9,  -1.2
207185,  -0.4,   0.2,  -4.3,  79.6, -48.9,1024.5,  -1.1,  -1.3
207209,   0.0,  -0.6,  -4.7,  15.8,  -5.0,1024.8,  -1.2,  -1.2
207233,   0.7,  -0.4,  -5.9,  -2.5,  -7.4, 983.5,  -1.1,  -1.2
207261,   0.0,  -0.7,  -3.3, -53.0,  60.4, 984.5,  -0.7,  -1.0
207285,  -0.0,  -0.0,  -2.4, -84.0,  45.5, 989.8,  -0.3,  -0.8
207309,   0.5,   2.4,   0.6,-106.5,  -6.9, 998.4,  -0.3,  -0.6
207333,   0.4,  -1.8,   1.6, -37.9,   9.9,1029.4,  -0.1,  -0.4
207361,  -0.1,  -0.7,  -0.1,  84.9,  18.7,1011.6,   0.0,  -0.9
207385,  -0.7,   1.1,  -1.7,  47.3,  22.4, 975.9,   0.1,  -1.2
207409,  -0.3,  -0.5,  -2.0,  41.5,  -3.8,1003.0,   0.1,  -1.3
207433,   0.2,   0.8,  -2.3,   4.6,  33.6, 983.7,   0.2,  -1.2
207461,  -0.1,  -0.0,   0.2, -10.5,  21.4,1006.7,   0.2,  -1.2
207485,  -1.0,   2.1,   1.0, -45.7,  22.6, 990.6,   0.4,  -0.9
207509,   0.1,  -0.4,   2.2,  29.0,  22.1, 987.9,   0.6,  -1.0
207537,   0.5,  -0.3,   2.7,  21.7,  39.0, 988.4,   0.7,  -1.0
207561,  -0.1,  -0.1,   2.2,  19.0,   4.8,1004.7,   0.7,  -1.0
207585,  -0.4,   0.1,   2.4,  32.2, -10.6,1009.4,   0.6,  -1.1
207609,  -0.3,   1.3,   2.1,  16.3, -19.6, 975.9,   0.5,  -1.2
207637,   0.1,   1.8,   2.5,  19.0,  -1.1,1015.0,   0.3,  -1.2
207661,   0.0,   0.5,   2.2,   4.6, -22.1, 989.8,   0.2,  -1.1
207685,   0.3,   0.8,   2.1,  18.8, -41.4,1009.9,   0.1,  -1.1
207709,  -0.4,   1.5,   1.8,  18.3, -27.7, 995.7,  -0.1,  -1.1
207737,   0.4,  -0.1,   1.7,  42.7,   0.6, 996.4,  -0.2,  -1.2
207761,  -0.1,  -0.9,   0.8,   4.1, -23.5,1014.3,  -0.3,  -1.3
207785,  -0.3,  -1.0,   0.5,  30.0, -68.0, 999.4,  -0.5,  -1.3
207809,  -1.1,   0.2,   0.8,  51.7, -33.1,1083.6,  -0.5,  -1.4
207837,  -0.1,  -0.9,  -1.6,   7.0,  16.7,1001.8,  -0.5,  -1.3
207861,  -0.4,  -0.1,  -2.9,  84.2, 104.1,1107.8,  -0.4,  -1.3
207885,  -0.2,   0.5,  -3.6, -73.0,  84.6, 735.5,  -0.2,  -1.3
207909,  -0.3,   1.8,  -5.5,  34.9, -15.7, 978.4,  -0.2,  -1.5
207937,  -0.4,   0.5,  -6.2,  48.6,  13.6, 997.9,  -0.3,  -1.7
207965,  -1.4,   0.4,  -4.6,  39.5,  19.4,1024.8,  -0.3,  -1.7
207985,  -0.9,   1.3,  -3.7,  -3.2,  37.2, 989.8,  -0.0,  -1.6
208009,  -0.0,   0.4,  -2.1, -24.2,  22.8, 996.7,   0.2,  -1.4
208037,  -0.3,   1.1,  -0.9, -12.2,   3.8, 989.8,   0.2,  -1.2
208061,   0.3,  -0.4,   1.0,   7.8, -20.1,1009.1,   0.1,  -1.1
208085,  -0.1,   1.2,   1.4,  27.3, -22.3,1002.1,  -0.0,  -1.1
208109,  -0.1,  -0.0,   1.1,  32.2, -20.1,1017.9,  -0.1,  -1.1
208137,  -0.6,   0.7,   1.0,  25.4, -22.8,1011.1,  -0.2,  -1.0
208161,   0.0,   0.5,   1.1, -11.3, -21.8,1009.1,  -0.3,  -0.9
208185,  -0.3,   0.8,   0.8,  -2.5, -17.4, 990.6,  -0.4,  -0.8
208209,  -0.6,   0.3,   1.2,  41.7, -34.5, 998.9,  -0.5,  -0.8
208237,   0.3,   2.2,   3.3,  11.9,  -3.0,1004.3,  -0.4,  -0.8
208261,  -0.4,  -0.1,   3.5,  -7.4, -12.6,1020.6,  -0.5,  -0.7
208285,  -0.6,   1.3,   3.5,   2.7,  12.8, 951.0,  -0.6,  -0.8
208309,  -0.3,   2.0,   4.1, -24.4,  -6.0, 989.1,  -0.7,  -0.9
208337,  -0.1,  -0.3,   3.6,  44.2,  25.3,1028.7,  -0.6,  -0.9
208361,  -0.1,   0.7,   3.4,  44.2,  -0.6, 990.8,  -0.5,  -1.0
208385,  -0.1,  -2.3,   1.4, 108.4,  -3.3,1011.6,  -0.5,  -1.1
208409,  -0.7,  -1.0,   0.8,  14.6, -14.3, 989.1,  -0.5,  -1.1
208437,  -0.3,   0.4,  -2.8,  48.3, -37.5,1007.9,  -0.6,  -1.3
208465,  -0.2,  -0.1,  -3.6, -14.2,  45.8,1003.0,  -0.6,  -1.2
208484,   0.1,  -0.9,  -2.5, -17.9,  78.0,1003.3,  -0.2,  -1.1
208512,  -0.1,  -0.3,  -0.4, -49.3,  81.0,1004.0,   0.5,  -1.1
208536,   0.2,   0.9,   1.0, -62.5,  18.5, 982.8,   0.7,  -0.8
208560,  -0.6,  -1.2,   1.3,  79.3,  26.0,1011.6,   0.8,  -0.9
208584,   0.3,   0.3,   0.8,  99.6,  28.5, 994.7,   0.9,  -1.2
208612,  -0.2,   0.1,  -0.4,  30.0,  18.0,1011.8,   1.0,  -1.5
208636,  -0.6,   0.5,  -0.9,  40.7,  41.9, 991.6,   1.1,  -1.6
208660,   0.0,  -0.1,  -2.8,  20.0,  46.5, 989.8,   1.3,  -1.6
208688,   0.3,  -0.9,  -2.3,  17.8,  72.4, 978.9,   1.6,  -1.5
208712,  -0.5,  -0.6,  -1.2, -10.8,  56.3, 974.7,   1.8,  -1.4
208736,   0.5,   1.0,  -0.4,  -9.8,  58.2, 998.9,   2.0,  -1.3
208760,  -0.1,   0.3,  -0.3,  33.9,  52.6,1002.1,   2.2,  -1.2
208788,  -0.3,   1.1,   0.9,  39.5,  48.5, 985.2,   2.3,  -1.3
208812,  -0.0,   0.4,   1.7,  30.5,  55.1,1007.7,   2.5,  -1.3
208836,   0.3,   0.5,   1.0,  12.7,  58.0, 976.9,   2.6,  -1.3
208860,  -0.7,   0.5,   1.4,  32.9,  36.0,1009.9,   2.6,  -1.3
208888,   0.3,   0.1,   1.3,  50.7,  68.7, 988.9,   2.6,  -1.4
208912,  -0.2,  -0.3,   0.9,  15.6,  57.8,1019.4,   2.7,  -1.3
208936,   0.7,  -1.1,   1.1,   2.4,  59.5, 989.1,   2.8,  -1.3
208964,  -0.1,  -0.7,   2.2,   2.2,  79.0, 941.3,   2.9,  -1.3
208988,  -0.5,   0.4,   2.1,   7.3,  74.1,1006.9,   3.0,  -1.2
209012,  -0.3,   0.5,   2.1,  29.5,  30.4, 974.0,   3.1,  -1.2
209036,   1.0,   0.5,   2.7,  11.4,  73.4, 984.5,   3.3,  -1.2
209060,   0.3,   1.5,   2.8,  -1.0,  57.3,1010.1,   3.3,  -1.2
209088,   0.3,   1.5,   3.1,  -4.9,  57.5, 964.5,   3.4,  -1.1
209112,   0.5,   0.8,   3.2,  -1.5,  31.6, 969.3,   3.4,  -1.2
209136,   0.5,   1.2,   2.2, -24.2,  62.2, 965.7,   3.6,  -1.3
209160,   0.1,  -0.1,   1.9,  93.0,  49.7,1006.7,   3.5,  -1.3
209188,  -0.1,   0.2,   2.8,  87.9,  70.9,1015.5,   3.6,  -1.2
209212,  -0.1,  -0.3,   2.9,  39.0,  30.9, 997.9,   3.5,  -1.2
209236,  -0.8,   3.3,   1.0, -97.4, -14.8, 977.6,   3.5,  -1.3
209260,  -1.1,  -1.0,   2.0, 310.8,  64.3,1075.1,   3.7,  -1.5
209288,  -1.1,   1.5,   1.9,  45.9,  98.3, 982.0,   3.5,  -1.3
209312,   1.1,   2.9,   1.7,-168.7,  80.2, 910.7,   3.4,  -1.1
209336,  -0.7,   1.9,   1.5,   7.5, -12.6, 959.8,   3.2,  -1.3
209360,   0.5,  -0.0,   2.2, 130.3,  60.0,1032.3,   3.0,  -1.2
209388,  -1.6,   3.1,   0.2, -13.2, -78.5,1148.3,   2.8,  -1.4
209412,  -0.6,   0.2,   0.2, 122.5,  31.9, 995.7,   2.5,  -1.4
209436,   1.9,   4.2,   0.3,  23.4,  70.9, 902.0,   2.3,  -1.3
209464,   1.0,   0.4,  -0.1,  12.4, -81.9,1068.7,   2.3,  -1.3
209488,   2.5,  -0.6,  -0.7,  37.1, 125.9, 859.0,   2.1,  -1.4
209512,   0.7,  -0.7,  -0.9,  58.6, -30.4, 952.3,   1.6,  -1.4
209536,   0.2,   2.1,  -0.7, -24.2, -41.9, 990.8,   1.3,  -1.4
209560,  -1.5,  -0.0,  -0.4, -76.7, -12.8,1025.7,   1.1,  -1.2
209588,   0.3,  -1.1,  -0.6, 170.4, 107.1,1090.9,   0.9,  -1.2
209612,  -0.1,   0.9,  -1.5,  21.9, 103.7, 908.1,   1.1,  -1.2
209636,  -0.9,  -1.7,  -1.4,  86.4, 134.2, 848.5,   1.6,  -1.0
209660,   1.9,  -7.6,  -0.1, 271.9,-175.2, 960.3,   0.8,  -0.9
209688,   0.4,   0.1,   0.1, 260.2, -27.4,1053.8,   0.2,  -1.3
209712,   2.1,   2.4,  -1.0, -50.1, 112.4,1028.4,   0.2,  -1.2
209736,   3.3,   4.7,  -3.7,-227.8,  79.5, 889.5,   0.9,  -0.8
209760,   1.6,  -2.3,  -3.0,  23.2, -61.1, 968.9,   1.2,  -0.4
209788,   0.4,  -0.3,  -2.0, 100.6,  47.7, 958.8,   0.7,  -0.8
209812,  -1.1,  -1.2,  -0.3,  21.9, -38.7,1100.4,   0.4,  -0.8
209836,  -0.3,   0.1,  -0.7,  74.7,  71.7, 946.1,   0.2,  -0.8
209864,   0.3,  -0.4,  -2.0,  66.6,  51.2, 997.7,  -0.1,  -0.6
209888,   1.9,  -2.1,  -2.2, 103.2, -25.3,1078.7,   0.0,  -0.7
209912,   2.2,   2.0,  -2.3,-170.2,  32.9, 736.9,  -0.1,  -0.7
209936,  -0.6,  -0.7,  -0.8, -61.6, -84.8, 937.6,  -0.4,  -0.6
209964,  -0.6,   0.9,  -1.7, 105.7, -88.5, 897.1,  -0.6,  -0.7
209988,  -1.4,  -0.4,  -1.2,  67.1,-110.2,1016.9,  -1.4,  -0.5
210012,   0.6,   3.0,   1.0, -27.9,  46.0,1072.4,  -1.2,  -0.8
210036,   1.9,  -1.4,   0.4,-103.8,  60.0, 826.0,  -0.1,  -0.4
210064,   3.5,  -5.3,  -5.0,   0.7, -91.4,1239.1,   0.6,   0.1
210086,   4.3,  -0.0,  -2.3, 103.2, -40.4,1079.2,   0.6,  -0.9
210114,  -0.6,   0.9,   0.6,  47.8, -50.6, 984.5,   0.1,  -1.2
210138,  -0.4,  -0.1,   1.9, 147.7,  92.7,1062.6,   0.0,  -0.9
210162,  -0.2,  -0.1,   0.2,  52.0, 176.4, 928.8,   0.6,  -0.8
210186,  -0.3,   0.8,  -1.3,  42.2, 122.2,1028.9,   1.5,  -0.9
210214,  -1.7,  -3.1,  -1.2, -16.4,-102.4,1170.8,   1.7,  -0.4
210238,   2.1,  -3.7,  -0.3, 143.3,  92.7, 977.9,   1.3,  -0.6
210262,   1.4,   1.6,  -1.6,  22.7,  48.0,1025.7,   1.4,  -0.9
210286,   1.8,   4.0,  -0.7, -79.1, 130.5, 918.3,   1.8,  -0.9
210314,  -0.0,   2.3,  -0.2,  -2.0, 103.7,1078.0,   2.6,  -0.8
210338,  -0.7,  -0.1,   0.3, -94.8,  56.0, 942.0,   2.8,  -0.4
210362,  -3.3,   1.5,   1.7, -52.0,  50.4,1040.9,   3.1,  -0.7
210386,  -1.8,  -0.1,   2.8,  82.5,  72.2,1029.4,   3.1,  -0.7
210414,  -2.8,   4.1,   0.2, -88.9,   4.5, 886.1,   3.3,  -0.7
210438,  -0.4,   4.5,   1.0, -92.8, 102.4, 852.9,   3.6,  -0.7
210466,  -2.8,   1.0,   0.5, -29.6, -28.2,1067.5,   3.5,  -0.6
210486,  -1.3,   3.2,   0.5, -39.3,  36.5,1044.5,   3.7,  -0.7
210514,  -0.1,  -0.9,   0.2,  31.5,  77.8,1107.8,   4.0,  -0.1
210538,  -3.4,  -1.6,  -0.9,-110.1,  28.5, 809.7,   4.0,  -0.1
210562,  -4.0,   1.9,   0.5, -58.6, -78.5, 914.4,   3.6,  -0.3
210586,  -3.9,   1.5,  -0.4, 187.0,  18.7,1202.0,   3.5,  -0.3
210614,  -3.9,   3.7,  -0.7,  -9.1, 115.4, 906.1,   3.5,  -0.5
210638,   0.7,   5.7,   1.6,-392.1, -28.9,1144.9,   3.2,   0.1
210662,  -1.4,   0.9,   5.3, -91.1,-349.0,1239.8,   1.3,   0.5
210686,   2.5,   2.9,   1.3,  32.2, 232.1, 912.7,   1.9,   0.0
210714,   3.0,   4.6,   0.3, -39.3, 291.6, 867.3,   3.6,   0.1
210738,  -2.7,  -2.9,   0.5, -73.8, -89.9,1546.0,   4.6,   0.5
210762,  -2.2,   2.7,   1.4,-131.4, -88.7, 936.6,   4.0,   0.7
210786,  -4.2,   8.3,   1.7,-188.8,-172.7,1075.3,   2.7,   0.5
210814,  -4.8,   2.7,   2.6,   8.8,  21.1,1239.6,   2.2,   0.6
210838,  -1.5,   0.8,   2.0, 127.7,  61.4, 999.9,   1.9,   0.3
210862,   1.3,   0.2,   3.0,  23.9,  85.6, 893.2,   2.0,   0.4
210886,  -0.6,  -4.2,   0.3, 114.5,  66.8,1201.8,   2.3,   0.8
210914,  -0.4,  -0.6,  -1.5,  -7.6, -89.0,1071.6,   1.7,   0.7
210938,  -0.9,  -1.4,   1.7, 158.4, -27.9,1016.9,   1.1,   0.2
210966,   1.0,   3.0,   1.1,  32.2, -38.2,1065.3,   1.0,   0.2
210990,  -1.9,   2.2,   2.4,  77.4, 203.0, 747.9,   1.7,   0.1
211014,  -3.4,   2.1,   0.8,  18.0, 156.9, 779.4,   2.5,  -0.0
211038,  -2.4,   3.6,   4.5,-359.7,-308.7, 775.0,   0.9,   1.1
211062,   0.8,   5.7,   3.9,-171.2,-142.9,1131.9,   0.3,   0.5
211090,   1.2,   1.9,   2.6,-158.5,   6.0,1006.9,   0.3,   0.6
211114,   0.3,   2.1,   1.0, 194.1,-133.6, 815.8,   0.2,   0.8
211138,  -1.4,  -2.5,   0.4, 181.4,-156.1,1137.1,  -0.1,   0.7
211162,   0.5,   0.5,   0.5, 246.3, -46.0, 984.0,  -0.8,   0.2
211190,   1.9,  -1.2,   4.1, -49.8, 198.6, 922.0,  -1.1,   0.7
211214,   2.9,  -7.4,   7.5, 250.0, 135.9, 800.2,  -0.0,   0.7
211238,   6.9,  -1.5,   2.0, -78.2, 307.5, 990.3,   0.5,   0.6
211262,   2.4,  -2.0,  -0.1, 256.3,-101.4,1112.9,   0.2,   0.3
211290,  -1.8,   3.9,  -0.7,   0.2, -12.1, 974.5,  -0.2,  -0.5
211314,   0.0,  -0.7,   2.2,  47.6, 142.2, 875.1,  -0.0,  -0.2
211338,  -3.6,   0.8,   3.6, -24.2,  94.1, 898.8,   0.3,  -0.3
211362,  -2.3,  -2.5,   3.4, 132.5,  70.5,1156.8,   1.0,  -0.3
211390,  -1.0,   2.9,  -0.2, -31.3, 188.1, 793.6,   1.8,  -0.5
211414,  -4.1,   1.4,   0.4, -45.0, 237.0, 968.1,   2.7,  -0.6
211438,  -1.7,  -2.8,   6.0,  -6.4,-158.6, 932.2,   1.7,   0.1
211466,  -0.0,   1.1,   3.6, 256.8, -34.3, 980.1,   1.6,  -0.1
211490,  -2.2,  -0.9,   1.7, 121.8,  48.7,1369.0,   2.1,  -0.2
211514,   0.0,   3.3,   0.3, -84.7, -77.5,1327.7,   2.2,   0.1
211538,   0.3,   0.8,  -0.0,  61.5,  20.9,1201.0,   2.7,  -0.2
211562,  -0.6,   2.5,  -0.9,-302.0,  94.1, 911.0,   3.0,   0.1
211590,  -2.9,  -2.6,   1.7, 209.9, -49.4,1110.9,   3.0,  -0.2
211614,  -0.9,  -1.4,   1.7, 304.9, -73.6,1025.5,   2.7,  -0.6
211638,  -4.3,   1.6,   1.0,-145.8,  59.2, 837.5,   2.9,  -0.2
211662,  -0.1,   2.5,   1.2, -28.1,  43.4, 885.6,   2.8,  -0.4
211688,  -4.1,   1.3,   2.2, -25.2,-251.1,1235.0,   2.5,  -0.2
211712,  -3.2,  -0.7,   3.6, 125.2,  65.1, 872.2,   2.6,  -0.5
211740,  -7.5,  -0.3,   2.8, 102.3,-243.0,1915.6,   2.3,  -0.3
211764,   4.7,   2.1,   4.6,-293.7, 235.2, 623.6,   1.6,   0.9
211788,  -1.6,  -7.3,   2.6, 369.1, 108.3,1030.6,   2.5,   0.4
211812,  -0.3,   0.5,   2.5,  64.2,-184.9, 967.1,   2.2,  -0.2
211840,  -0.4,  -1.1,   0.8,  66.1,  91.2,1221.8,   2.3,   0.4
211864,  -2.2,  -5.4,   1.9, 229.9,-146.6,1257.9,   2.1,   0.3
211888,   0.7,  -4.9,   1.6, 284.9, 136.6,1058.9,   1.9,  -0.1
211912,  -0.6,   0.3,   1.3, 148.2,  31.1,1085.1,   1.8,  -0.2
211940,   4.5,   2.2,   3.6,  26.1,  74.4,1006.9,   1.6,  -0.3
211968,   5.8,  -1.0,   5.2, -19.3,-147.1, 784.3,   1.5,  -0.3
211988,   4.3,  -5.0,   4.6, 135.2, 145.2,1066.5,   1.3,   0.1
212012,  -0.7,  -2.3,   1.1, 120.1,-175.9,1016.5,   1.1,  -0.2
212040,  -2.0,   5.7,   2.1,  98.6,  28.5,1148.8,   1.1,  -1.1
212064,   0.0,   4.9,   6.1,-216.8, -20.6, 622.4,   0.0,   0.4
212088,   1.6,   0.9,   3.7, -84.0, 101.9, 831.4,   0.9,   0.5
212112,   2.2,   2.7,   2.5, -67.2, -15.0, 894.6,   0.8,   0.0
212140,  -0.9,   3.3,   3.2,-112.3, 127.3, 879.0,   0.2,  -0.2
212164,   0.6,   2.2,   1.7, -90.9, -26.0, 951.0,  -0.6,  -0.2
212188,  -0.3,   5.1,   1.1,-219.3, -89.7, 860.5,  -1.0,  -0.0
212216,  -2.0,   2.0,   2.7,  34.1,-142.7,1233.5,  -1.6,  -0.4
212240,   2.4,   1.9,   3.5,  -1.7,   6.2, 995.0,  -1.9,  -0.3
212264,   2.7,  -6.1,   4.9,-109.2, 280.2, 929.3,  -0.7,   0.2
212288,   1.1,  -0.6,   4.1, 163.1,-174.4,1423.4,  -0.8,  -0.3
212316,   2.9,   2.3,   2.7,-121.1, 185.2, 832.4,  -0.6,  -0.0
212340,  -0.6,   1.6,   2.8, -53.7,-111.7, 917.8,  -0.8,  -0.2
212364,  -0.4,  -2.1,   1.6, 110.3,  44.6, 838.5,  -0.6,  -0.2
212388,  -1.3,  -2.1,  -0.1, 165.0, 213.0, 976.7,   0.2,  -0.4
212416,   1.3,  -1.4,  -0.8,  90.1, 164.7,1039.9,   0.3,  -0.3
212440,  -0.3,  -0.1,  -0.6, -14.4, -21.8, 952.5,   0.9,  -0.5
212468,   2.4,   6.7,  -0.2,-127.2, 131.7, 799.4,   1.1,  -0.1
212488,   1.3,   4.0,  -0.3,-251.3, -63.1, 870.5,   1.2,   0.5
212516,   1.4,  -2.1,   3.0,  10.0,  25.5, 805.5,   1.8,   0.6
212540,  -0.7,   1.0,   1.8,  58.3,  33.8,1125.1,   2.2,  -0.1
212564,  -3.6,   1.8,  -0.6,  31.0, 164.2,1073.1,   3.2,  -0.8
212588,  -4.8,   1.9,   0.3,-402.9,-450.8,1167.8,   2.5,   0.1
212616,   1.9,  -2.6,   0.3, 247.3, -78.5, 914.4,   2.2,   0.1
212640,   7.4,  -2.3,   1.3, 337.4, -16.2, 674.9,   1.1,  -0.6
212664,   8.2,   4.3,  -2.9,  20.7, 252.8,1011.3,   2.2,  -0.5
212688,   7.0,   0.9,  -4.7, 103.7, 104.1,1194.9,   3.6,  -0.4
212716,   8.8,  -0.9,   0.0, 251.7, 324.4,1011.8,   3.9,  -0.7
212740,   2.7,  -0.5,   0.6,  13.6, -77.7, 815.3,   3.5,   0.0
212764,  -1.2,   0.5,   1.0, 296.8,-301.9,1459.8,   3.0,  -0.4
212788,   2.0,   3.9,   1.0, 109.6, 156.1, 993.8,   3.0,  -0.5
212816,   1.8,  -1.7,   1.6,  54.9, -84.8,1288.9,   3.1,  -0.2
212840,   4.7,   1.9,  -1.2,-165.1,-110.9,1177.1,   3.4,  -0.2
212864,  10.8,   4.8,   0.2,-183.9,  -4.5, 531.1,   4.2,   0.0
212888,   6.6,   3.3,  -0.2,-249.5, 291.9, 841.7,   5.0,   0.1
212916,   5.0,  11.0,   1.2,-870.6,-384.6, 439.1,   4.2,   0.8
212940,   2.5,   7.3,   0.4,-125.5, -48.9,1287.2,   4.1,   0.8
212968,   3.2,   0.7,  -0.8, 196.7, 120.0,1093.9,   4.3,   0.6
212988,   3.1,   0.8,   2.7, 252.9,-247.9,1606.5,   3.7,   0.1
213016,   7.1,   1.5,   3.9,  16.3, 569.0,1611.9,   4.6,   0.9
213040,   3.6,  -3.9,   0.5, -94.8,  72.6, 562.1,   4.4,   1.6
213064,  -2.9,  -4.8,  -0.1,  -3.7,-156.8, 789.9,   3.3,   1.4
213088,  -8.1,  -1.2,  -1.7, -82.1,-505.7,1608.5,   2.4,   1.2
213116,  -6.2,  -1.8,  -2.8,  37.3, -42.6,1010.8,   2.4,   0.9
213140,  -2.2,   3.7,  -1.2, -55.0, -19.4, 888.3,   1.8,   0.4
213164,  -0.2,   3.9,  -1.5,-231.7,-160.7, 801.4,   1.2,   0.4
213188,  -1.7,   5.9,  -0.2, -84.7,-314.3, 962.5,   0.5,  -0.1
213216,  -4.3,  -1.5,   4.7,  41.2, 127.3, 971.8,   0.5,   0.4
213240,   0.8, -11.6,   3.3, 465.5,-321.4,1668.1,   0.1,   0.1
213264,   2.7,   3.4,  -1.0, -24.2,  33.8, 949.3,  -0.1,   0.5
213290,   1.1,   1.6,  -0.6,  18.3, 105.6, 963.7,   0.4,  -0.4
213314,  -1.8,  -1.0,   2.6,  92.5, -16.0, 858.0,   0.6,  -0.4
213342,  -3.1,  -0.1,   1.1,  56.1,  -9.6,1020.9,   0.3,  -0.1
213366,  -0.7,  -0.5,  -1.7,-198.3, 134.9, 894.1,   0.8,   0.2
213390,  -1.1,  -3.2,  -2.1, -32.7,  16.5,1217.6,   1.4,  -0.1
213414,   3.1,  -3.8,  -0.1, 148.2,  43.4, 983.3,   1.8,  -0.4
213442,   0.3,  -0.1,   0.6, -11.0, -60.9,1234.5,   1.8,  -0.6
213470,   1.7,   4.0,   1.3,-255.4,  79.7,1075.1,   1.9,  -0.2
213490,   0.0,   1.9,  -0.3, -98.9,  12.8,1111.9,   2.2,  -0.4
213514,  -0.9,   1.4,  -1.4,  -5.9, 113.2,1021.6,   2.6,  -0.4
213542,  -2.1,   1.1,  -0.9, 170.6, -91.9,1193.2,   3.0,  -0.5
213566,   0.2,   2.1,  -2.3, 189.9,  64.1,1131.0,   3.6,  -1.0
213590,  -0.0,  -2.0,  -1.8, 224.3, 153.7, 769.4,   4.2,  -1.2
213614,  -2.0,   1.2,  -1.7,-359.9,-204.5, 964.7,   4.1,  -0.6
213642,  -0.6,  -2.5,  -1.1, -63.5, 245.7, 861.9,   4.5,  -0.3
213666,  -1.8,   3.2,  -2.5,  37.1,  57.0,1064.6,   4.7,  -0.9
213690,  -0.8,  -0.0,   0.1, 131.1,  -2.5, 729.6,   4.7,  -0.6
213714,  -0.4,  -1.3,  -1.0, -75.7,  -8.6,1112.7,   4.3,  -0.2
213742,  -1.5,   0.4,  -0.4, -30.1, -50.9,1092.6,   3.8,  -0.1
213766,   0.7,   4.4,  -0.9,-141.9, 129.0, 584.6,   4.0,  -0.2
213790,  -0.6,   0.4,   1.0,  22.7,  93.2,1191.5,   3.8,  -0.3
213814,  -2.1,  -1.5,  -3.3,-224.6, -43.3, 913.7,   4.2,   0.5
213842,   1.5,  -2.1,  -3.7, -56.7,-123.6,1064.6,   3.8,   0.6
213866,  -2.4,   1.9,  -6.6, -47.9,-107.5,1073.8,   3.4,  -0.3
213890,  -0.2,   3.0,  -7.4,-202.7, -27.0, 817.2,   3.4,  -0.2
213914,  -5.2,   1.3,  -8.7, 107.9,-209.8,2032.8,   3.9,  -1.0
213942,  -0.7,  -6.7,  -3.1, -50.6, 276.3, 858.3,   2.9,   0.6
213970,   4.3,  -3.3,  -3.5, 280.2,  64.1, 986.9,   3.0,   0.2
213990,  -1.6,  -4.3,  -0.8, 225.6,  28.9,1153.7,   2.5,   0.1
214014,   3.8,  -1.2,  -3.0,-447.1,  90.2, 467.4,   2.7,   1.5
214042,   6.4,  -5.5,  -0.4, 209.7, 187.6, 884.4,   2.9,   1.2
214066,  -2.5,  -5.0,  -1.1, 386.7,  48.7,1190.0,   2.9,   0.4
214090,  -0.9,   3.6,  -1.8,   6.6,-128.0,1305.0,   2.3,   0.4
214114,   0.2,   4.1,  -2.1,-396.0, -10.8, 708.4,   2.1,   0.9
214142,  -3.4,  -3.4,  -0.3,  70.0,-142.7,1151.0,   2.0,   0.7
214166,  -0.7,  -0.9,   1.3,  20.7,-191.0,1035.0,   1.5,   0.5
214190,  -1.2,   1.4,  -0.5, 135.7,-169.3,1044.8,   1.0,   0.3
214214,  -1.3,   2.0,  -1.6, -87.2, -23.8,1041.4,   0.7,   0.5
214242,  -0.1,   1.8,  -1.3, -86.7,  -2.3, 917.1,   0.2,   0.1
214266,  -2.1,   2.7,   1.1,-102.3,-192.2, 950.1,  -0.4,   0.1
214290,  -5.8,   1.5,   2.1, 190.2,-132.2,1464.9,  -0.7,   0.1
214314,   3.3,  -9.8,  -0.3, 303.4, 187.6, 868.5,  -0.2,   0.5
214342,   5.1,  -3.0,  -3.3, -65.0, -55.3, 921.0,  -0.0,   0.7
214366,   3.4,  -0.9,  -4.4,  36.3, 190.6, 909.5,   0.5,  -0.3
214390,  -0.4,  -0.3,  -0.9, 114.7, -45.8, 981.8,   0.4,  -0.8
214418,  -2.2,   2.7,  -1.9,  14.4, 138.8,1025.2,   0.5,  -0.9
214442,   1.7,  -0.0,  -1.9,  -1.3, 165.9, 836.0,   1.1,  -0.6
214470,   1.9,  -1.8,  -1.9, -45.2, 170.3, 992.0,   1.3,  -0.6
214490,   2.4,   0.1,  -2.5, -70.3,  79.0, 826.8,   1.7,  -0.8
214518,   1.4,  -1.6,  -2.3,  68.6, 107.3, 881.9,   2.0,  -1.0
214542,   2.7,  -1.0,  -0.8,  54.2,  48.0, 923.0,   2.2,  -1.0
214566,  -0.5,   2.5,  -1.7,  25.8,  57.0,1081.4,   2.9,  -1.5
214590,  -1.8,  -0.5,  -0.0,  56.1,  90.0, 872.2,   3.7,  -1.2
214618,  -0.4,   2.4,  -1.6, 140.3, -26.2,1113.1,   3.8,  -1.1
214642,  -0.6,   3.8,  -4.0,-127.0,  43.8, 956.6,   4.2,  -1.0
214666,   1.3,   1.7,  -1.7, -29.8, 155.7, 845.3,   4.6,  -1.2
214690,  -1.1,   0.5,  -0.9, 166.0, 187.4,1010.8,   5.1,  -1.4
214718,  -5.9,   5.7,  -3.7, -48.1,  67.0, 958.8,   5.9,  -1.8
214742,   6.4,   3.6,   1.4,-156.0, 326.8, 443.0,   5.7,  -0.3
214766,   1.0,  -0.3,  -1.3,  62.5, 284.8, 793.8,   6.1,  -0.4
214790,  -4.1,   1.3,  -2.0, 297.1,-212.8,1206.2,   6.2,  -1.1
214818,  -7.2,   2.0,  -0.6,  52.2,-204.5,1327.7,   5.7,  -0.8
214842,  -0.6,   2.4,  -0.9,-156.8,  -0.3, 743.0,   5.1,  -0.2
214866,  -1.8,  -0.5,  -1.4,  37.8,  16.7,1062.4,   4.6,  -0.2
214892,   0.0,  -0.9,  -3.5, -22.2, 165.2, 870.2,   4.7,  -0.4
214916,  -1.1,  -1.0,  -3.5, 174.8,  40.2,1074.3,   4.8,  -0.5
214940,  -2.6,   3.7,  -4.2,-235.9,  56.3, 984.0,   5.0,  -0.1
214968,   2.6,   2.9,  -4.3,-150.7, 193.7, 889.0,   5.3,   0.2
214992,  -3.6,   2.1,  -5.0,-105.3,-204.0,1178.6,   4.4,   0.3
215016,  -0.9,   5.0,  -3.1,-214.6, -32.3, 833.1,   3.8,   0.2
215040,  -3.7,   3.0,  -2.2,   8.8, 189.8,1048.7,   4.1,  -0.6
215068,  -3.6,   4.5,   1.0,-321.8,-217.9,1252.1,   3.6,   0.4
215092,   3.8,  -2.6,   1.3, 124.2,  44.1, 871.2,   2.6,   0.3
215116,   4.0,  -1.2,   0.8, 230.2, 236.0, 847.8,   2.6,  -0.1
215140,   1.6,   1.9,  -2.0,-204.9,  81.4,1241.1,   2.9,  -0.2
215168,  -0.0,   0.9,  -2.0,-229.3, -70.9,1168.3,   2.6,   0.1
215192,  -0.6,  -0.1,  -2.1, -49.6,  29.9, 732.0,   2.3,  -0.3
215216,  -5.3,   0.6,  -1.9,  35.9,-141.2,1083.6,   1.5,  -0.2
215240,  -5.3,  -3.5,  -1.6,  88.3,-178.6,1161.0,   1.1,  -0.0
215268,  -1.1,   1.5,  -1.6,   3.1, -46.0,1037.2,   1.2,  -0.4
215292,   4.0,   4.1,   1.1,   7.3,  -1.8, 996.4,   1.0,  -0.6
215316,   2.9,   0.8,   3.2, -54.0,  74.1, 794.8,   1.0,  -0.5
215340,  -0.7,  -0.5,   4.0,  53.9,  88.8,1113.6,   1.2,  -0.3
215368,  -0.6,   2.2,   3.6,  70.8,-170.5,1149.3,   0.2,  -0.1
215392,  -0.4,   1.8,   2.6,-173.1, -99.2, 974.2,  -0.5,   0.2
215416,  -0.6,   3.3,   0.6, -75.2,-123.9, 871.7,  -1.2,  -0.0
215440,   1.3,  -3.2,  -0.4, -26.2, 191.8, 954.9,  -1.0,   0.2
215468,   2.6,  -3.9,  -3.7,  80.5, 119.0, 915.9,  -0.9,  -0.0
215492,   3.6,  -1.5,  -1.4, -85.2,-140.2, 585.3,  -1.2,  -0.0
215516,   0.2,  -0.4,   1.3,  -4.9,-107.3,1215.4,  -1.8,  -0.2
215544,   3.1,  -0.8,   0.2,  50.3, 194.2, 966.9,  -1.1,  -0.6
215568,   2.1,   0.3,  -1.6,  99.6, 131.0, 997.2,  -0.0,  -0.9
215592,   3.5,   1.5,  -1.6, -45.4, 159.6, 861.2,   1.0,  -1.0
215616,   3.0,  -0.1,  -2.3,-102.1, 112.9, 905.4,   1.8,  -0.6
215644,  -0.6,  -0.5,  -2.5, -39.1,   1.1, 901.0,   2.4,  -0.7
215668,  -0.7,   0.9,  -0.8,-175.1,  33.1, 791.4,   2.3,  -0.5
215692,  -2.8,   1.8,  -0.8, -42.5, -16.2, 986.2,   2.3,  -1.1
215716,  -1.5,   0.3,  -1.5, -23.5, 216.7, 965.2,   2.8,  -1.0
215744,   0.2,  -1.8,  -1.9,  44.2, 186.7, 939.1,   3.7,  -0.9
215768,   1.1,  -4.2,  -1.8, 186.7, 256.7, 905.9,   4.5,  -1.0
215792,   1.7,  -3.0,  -1.7, 180.9, 299.9, 870.7,   5.2,  -1.3
215816,   0.8,   0.9,  -2.3, 193.3,  81.2,1101.4,   5.5,  -1.4
215844,  -1.1,   2.7,  -1.3, -92.8, 207.4,1037.9,   6.3,  -1.2
215868,   1.5,  -3.8,   0.8, 113.5, 295.8, 669.3,   7.0,  -1.0
215892,   0.0,   2.0,  -1.9,  23.6,  -7.9,1017.7,   7.4,  -1.0
215916,   1.3,   1.8,  -2.2, -57.6, 272.4, 922.2,   7.9,  -0.8
215944,  -1.4,  -2.9,  -1.4, 369.1, 384.2,1074.8,   8.8,  -1.4
215972,   1.8,  -7.5,   4.2, 345.4, 325.3, 984.7,   9.2,  -1.9
215992,  -3.1,  -6.1,   1.8, 344.0,  25.8,1266.7,   9.4,  -1.6
216016,   0.3,   0.3,   1.1, 411.8,  73.1, 843.9,   8.9,  -1.9
216044,  -1.1,   4.3,  -0.4, -65.7,  78.0, 860.5,   8.3,  -1.4
216068,  -3.4,   3.0,  -1.8,  46.1, -87.3,1605.1,   7.6,  -1.1
216092,   0.7,   0.6,  -4.3,  26.3, 238.9,1074.3,   7.8,  -0.8
216116,  -3.4,  -6.7,  -5.6,  40.7,  92.2,1311.9,   7.6,  -0.8
216144,  -8.3, -11.9,  -5.9, 157.7, -13.0,1382.7,   7.6,   0.3
216168,  -3.3,  -8.8,  -8.3, 275.8, 143.9,1001.3,   7.1,  -0.2
216192,  -2.0,  -1.3,  -5.8,  88.6, 153.5, 567.2,   6.7,  -0.8
216216,  -3.6,   2.6,  -1.7, -47.6,  62.4, 718.1,   5.8,  -1.2
216244,  -1.5,   6.2,   1.6, -16.4, 180.6,1022.6,   5.5,  -1.1
216268,  -3.9,   2.5,  -0.1,-265.7,-187.8,1517.4,   5.6,  -0.4
216292,   5.0,  -3.7,   2.9, 335.7,  19.7,1023.5,   4.2,  -0.4
216316,   2.2,  -1.7,   4.4, 310.5, 153.5, 981.1,   4.0,  -1.0
216344,  -0.9,  -4.5,   2.8, -29.1, 268.2,1015.2,   4.5,  -0.2
216368,  -1.1,   3.6,   0.8, -16.4,-173.2, 979.4,   3.6,  -0.3
216392,  -0.1,   2.5,  -0.4,  28.8, -73.8,1225.4,   2.9,  -0.6
216416,  -3.4,  -1.0,  -1.0, -34.9,-118.0, 970.8,   2.2,  -0.2
216444,   0.8,  -3.1,  -1.1,   8.0, 106.6, 885.8,   1.8,  -0.3
216472,   2.2,   2.9,  -0.1,  34.6,  95.1, 873.1,   1.9,  -0.3
216491,   2.5,  -3.3,   0.7, 156.0,  58.7,1053.1,   1.8,  -0.1
216519,   0.5,  -1.1,   0.6,  33.7,-143.2,1079.9,   1.3,  -0.0
216543,  -2.6,   3.6,   0.2, -69.1,  -3.3, 934.7,   0.8,  -0.3
216567,  -0.6,  -0.1,   3.9,  79.6, 100.0, 836.5,   0.3,  -0.3
216591,  -1.4,   2.6,   3.5, -98.9,-119.5, 991.6,  -0.1,  -0.2
216619,  -1.4,   4.0,   2.6, -55.2,  14.3, 909.5,   0.0,  -0.3
216643,  -2.5,  -2.5,   5.0, 183.6,-396.6,1389.0,  -0.8,   0.6
216667,   0.0,   5.8,   3.9,-307.9,-237.7, 919.3,  -2.1,   0.5
216695,   3.5,  -2.1,  -0.3, 139.6, 396.1,1056.0,  -0.9,   0.1
216719,   1.7,  -6.7,  -3.8, 170.4, -13.0,1085.3,   0.5,   0.3
216743,   2.9,  -2.8,  -2.2, 204.3,  63.1, 844.3,   0.7,  -0.5
216767,  -0.4,   0.6,   1.9, -53.7, -40.1,1076.8,   0.8,  -0.6
216795,   0.2,   1.5,   2.4, -88.9,  44.8,1011.8,   0.8,  -0.4
216819,  -0.8,   1.3,   2.7,  21.2, 160.8, 919.5,   1.5,  -0.4
216843,  -1.1,  -0.4,   3.5,  29.0, 112.9, 885.1,   2.1,  -0.4
216867,  -2.0,   1.6,   2.4,   1.4, -28.7,1059.2,   2.4,  -0.4
216895,   0.5,  -1.0,   1.1,  33.9,  61.4, 931.0,   2.9,  -0.4
216919,   0.5,  -1.4,   1.3,  55.9, 149.8,1021.3,   3.3,  -0.6
216943,   0.7,  -4.2,   2.5,  77.1, 330.5,1008.9,   3.9,  -0.4
216971,  -0.1,   1.0,  -0.4,   0.7, 185.4, 899.3,   4.0,  -0.4
216995,  -1.8,  -3.2,  -1.1, 184.5, 228.2,1016.5,   4.7,  -0.6
217019,  -1.0,   1.0,  -2.8, -13.0, 209.1, 979.8,   5.2,  -0.8
217043,   1.1,   1.2,  -1.4,  22.4, 164.2, 933.7,   5.5,  -1.0
217067,  -2.4,  -1.0,  -1.0, 103.5, 153.2, 912.0,   6.3,  -1.2
217095,  -7.3,   3.4,  -2.2,-116.7,   8.7,1148.8,   6.7,  -1.1
217119,  -2.5,  -3.7,   2.1, 120.3, 269.2,1017.7,   6.3,  -0.2
217143,  -1.4,  -4.7,   1.1, 240.9, 261.9, 932.7,   6.5,  -0.7
217167,  -2.6,   7.4,  -0.3,-220.7,   2.1,1088.7,   5.9,  -1.1
217195,  -5.7,   5.5,  -0.0,   5.1,-101.4,1289.2,   5.8,  -1.0
217219,  -1.2,   2.0,   1.1, 150.6,-154.4,1150.5,   5.0,  -0.6
217243,  -1.1,  -0.8,   1.7,  36.1,  78.3,1077.3,   4.8,  -0.3
217267,   2.0,   5.0,   0.5,-301.1, 181.8, 638.8,   4.6,  -0.2
217295,   3.6,   5.5,   0.0,-173.6, 350.0, 969.6,   4.8,  -0.2
217319,   2.0,   1.8,  -1.2,  -9.6,  90.5, 601.7,   4.4,  -0.2
217343,   1.8,   3.0,  -0.6,  -9.1,  -8.6, 903.9,   3.9,  -0.3
217367,  -1.2,   3.2,   0.9, 155.5,   9.2,1206.4,   3.7,  -0.4
217395,  -2.5,   3.4,   1.4,  68.6,  34.8, 935.4,   3.7,  -0.5
217419,  -3.2,  -3.6,   3.2, 105.9,  91.9, 797.2,   3.8,  -0.2
217443,   0.7,  -7.2,   6.6, 236.3, -78.0, 845.8,   2.5,   0.5
217471,  -2.3,  -1.0,   1.2, 117.9, -15.7,1163.4,   2.4,   0.4
217495,  -0.9,   2.6,   2.9, -89.9, -87.8, 790.4,   2.2,  -0.1
217519,  -0.1,  -0.8,   2.4,-145.1, -43.1,1199.3,   1.8,  -0.1
217543,   2.5,  -5.0,   2.7, -20.8, 178.9, 937.4,   1.5,   0.3
217567,  -0.2,  -0.6,   3.0, -44.5,  -6.2, 948.6,   1.2,  -0.0
217595,   1.2,   0.9,   2.2,  21.5,   4.3, 861.2,   1.1,  -0.4
217619,  -1.4,  -0.2,   3.3,  49.8, -47.7, 925.6,   0.8,  -0.4
217643,  -1.4,   0.2,   2.9, 183.6,-138.0,1393.4,   0.5,  -0.6
217667,   2.6,   5.7,   3.8, -72.8,   4.5, 947.1,   0.4,  -0.5
217695,  -0.8,  -1.9,   5.5, 183.6,-143.9,1235.5,   0.5,  -0.4
217719,   0.5,   2.8,   6.4, -63.5,  46.8, 885.4,   0.2,   0.1
217743,   1.2,  -0.1,   4.0,  62.0, -79.0,1173.4,   0.0,   0.0
217767,  -0.2,  -0.4,   4.1, 112.3, -55.5,1117.5,  -0.3,  -0.1
217795,  -0.7,  -0.3,   2.7, 124.0, -10.1,1084.3,  -0.7,  -0.0
217819,  -1.1,  -0.9,   0.6, 122.5, -54.8, 954.9,  -1.1,  -0.3
217843,  -1.8,   4.4,   3.0,-353.3,-169.0, 959.1,  -1.7,  -0.1
217871,   1.1,  -0.7,   0.8, -15.2, 119.3,1078.0,  -1.1,  -0.2
217895,   2.7,  -4.7,  -0.4, 149.1,  -2.8, 998.6,  -0.8,  -0.2
217919,   2.9,  -3.6,  -0.3, -54.2,  98.3, 944.9,  -0.5,  -0.7
217943,   0.2,   0.5,   1.4, -29.1,  59.0, 985.5,  -0.4,  -1.0
217971,  -1.9,   1.3,   1.3, -29.6,  35.3, 974.0,  -0.5,  -0.9
217995,  -1.8,  -0.7,   0.9,   2.4,  75.6, 999.6,  -0.0,  -1.0
218019,   0.8,   1.5,   0.3, -43.2, 177.9, 913.2,   0.7,  -1.1
218043,   0.1,   1.0,  -0.4,  13.6,  88.5,1049.7,   1.4,  -1.2
218071,  -0.3,  -0.6,  -0.4, -11.3, -35.7,1110.5,   1.8,  -1.0
218093,   0.3,  -1.0,  -0.4,  36.3,  48.2,1047.0,   2.0,  -1.1
218121,  -0.4,   0.9,  -1.3,  52.5, 105.6,1061.1,   2.3,  -1.5
218145,  -0.7,   0.6,  -1.1, -36.4,  92.4,1025.7,   2.7,  -1.4
218169,  -1.5,  -2.5,  -2.3, 155.0, 172.0,1088.7,   3.3,  -1.5
218193,  -0.5,  -2.3,  -1.9, 224.1, 136.1,1145.6,   3.8,  -1.8
218221,  -0.7,  -2.1,  -1.1, 188.9,  51.2,1229.4,   4.3,  -1.7
218245,   0.3,  -0.7,  -2.2, -19.8,  79.7,1095.6,   4.5,  -1.5
218269,   0.7,   2.2,  -4.1,  -9.3,  94.4,1002.3,   4.8,  -1.6
218293,   1.1,   1.9,  -4.7, -56.7, 124.7, 954.0,   5.1,  -1.7
218321,  -0.1,   0.7,  -7.0, -44.7, 116.4, 816.5,   5.6,  -1.6
218345,  -0.8,  -2.6,  -8.1, 191.9, 186.9,1142.9,   6.3,  -2.1
218369,  -3.4,  -0.7,  -8.1,  43.4,  68.7,1152.4,   6.3,  -2.2
218393,  -3.3,   0.1,  -6.2, -40.8,-180.3,1362.2,   5.2,  -1.5
218421,   0.5,  -7.9,  -8.0, 315.6,  60.4,1315.8,   5.9,  -1.8
218445,  -2.4,   7.7,  -5.5, -33.5, -66.0,1223.5,   5.4,  -2.5
218473,   0.1,   2.3,  -5.5, -16.4,  81.0,1014.8,   5.5,  -2.4
218493,  -1.1,  -2.1,  -3.1, 209.2,  28.2,1133.6,   5.4,  -2.2
218521,  -1.6,   0.3,  -5.3,-240.8, -76.3, 859.7,   4.8,  -1.8
218545,  -2.2,  -0.7,  -5.8,  61.7,  73.4, 937.4,   4.4,  -1.9
218569,  -1.1,  -1.4,  -7.1, 142.3,  14.5,1189.6,   3.9,  -2.1
218593,  -0.3,  -2.3,  -6.7,  99.8,  48.5,1006.9,   3.9,  -1.8
218621,  -3.2,  -0.0,  -8.9, 118.1,-116.6,1144.9,   3.1,  -1.8
218645,  -0.2,  -1.8,  -9.1,  37.1, 118.8, 837.0,   3.0,  -1.4
218669,  -2.0,  -6.3,  -8.1,  91.8, -60.2, 997.7,   2.6,  -1.0
218693,  -2.9,  -0.6,  -9.5,  76.6, -28.9, 861.7,   2.6,  -1.5
218721,  -0.6,  -1.2,  -6.5,  33.7,   1.6, 930.5,   2.2,  -1.7
218745,  -0.4,  -2.0,  -5.9, -60.1,  94.9, 756.2,   2.1,  -1.4
218769,  -0.4,  -0.2,  -6.4,-103.3, -46.5,1061.1,   1.6,  -1.4
218793,  -3.2,  -1.0,  -8.7, 201.6,-104.6,1245.7,   1.8,  -2.0
218821,   2.9,   1.4,  -4.8,  33.4,  25.3, 975.0,   0.6,  -1.4
218845,   1.3,   3.2,  -4.5, -71.3,  30.2,1004.7,   0.5,  -1.4
218869,   2.9,  -0.6,  -5.8,-124.5,  11.6, 996.9,   0.9,  -1.0
218893,   2.1,  -1.2,  -6.4, -22.7, -63.6, 913.7,   0.9,  -0.9
218921,   0.0,  -2.1,  -5.2, 158.7, -61.4,1021.3,   0.4,  -1.3
218945,   1.2,   0.6,  -4.3,  36.6,  32.1, 869.0,  -0.1,  -1.2
218973,  -1.1,   1.5,  -3.7, -25.9,  25.8, 999.1,  -0.2,  -1.1
218997,   0.8,  -1.4,  -3.5,  53.7,  43.4, 932.2,  -0.2,  -1.1
219021,  -0.1,  -0.0,  -2.5,  30.5, -36.7, 954.9,  -0.3,  -1.0
219045,  -0.4,  -0.6,  -2.2, -32.3, -57.2,1013.5,  -0.5,  -1.0
219069,   0.3,   2.2,  -1.2, -26.4,-105.8, 883.6,  -1.1,  -1.2
219097,   0.4,   2.7,   0.0, -68.4, -49.9, 906.4,  -1.6,  -1.0
219121,   0.5,  -2.3,  -4.4, -70.6, 104.9, 979.8,  -1.5,  -0.9
219145,   2.9,  -7.8,  -5.6,  19.5,  30.7, 993.8,  -0.9,  -0.4
219169,   2.9,  -1.9,  -4.5,  85.7,  53.6, 975.9,  -0.5,  -1.3
219197,   0.2,   0.6,  -0.6, -19.8,  19.7,1070.7,  -0.3,  -1.2
219221,  -0.3,   1.5,   0.6,  -6.9,  28.2, 953.5,  -0.2,  -1.1
219245,  -0.4,   1.9,  -0.1,   4.4, 119.0, 976.9,   0.3,  -0.9
219269,   0.5,   1.1,  -0.1,  10.2, 148.8, 964.7,   1.2,  -1.1
219297,   0.3,  -0.3,   0.1,  47.6, 104.9,1014.8,   1.8,  -1.3
219321,   1.5,   0.8,  -1.9, -26.9,  74.4, 926.1,   2.0,  -1.1
219345,   0.3,  -0.0,  -2.4, -13.0,  67.3,1007.7,   2.4,  -1.1
219369,  -0.9,  -0.4,  -3.3,  -7.6,  85.8, 926.9,   2.7,  -1.1
219397,  -0.0,  -0.6,  -3.3,   5.8, 139.1, 958.6,   3.1,  -1.0
219421,   0.8,  -0.3,  -2.5,  25.4, 156.9,1007.7,   3.7,  -1.0
219445,   0.3,  -0.3,  -3.3, -11.0, 184.0,1014.3,   4.5,  -0.9
219473,  -0.9,  -1.4,  -3.1, -15.9, 187.9, 954.0,   4.7,  -0.9
219497,  -3.9,  -3.9,  -3.1, 177.7, -79.0,1390.7,   5.0,  -1.3
219521,   4.0,   1.8,  -3.6,  -5.2, 214.3, 790.4,   5.0,  -1.0
219545,   2.4,  -0.5,  -5.0,  40.0, 168.1, 897.6,   5.7,  -1.0
219569,   1.9,  -2.9,  -5.6, 112.5, 207.9,1047.7,   6.6,  -1.2
219597,   0.7,  -2.9,  -6.7,  85.2, 197.2, 979.8,   7.3,  -1.5
219621,  -0.7,  -3.1,  -7.3, 193.1,  47.0,1038.7,   7.7,  -1.6
219645,  -2.0,  -2.3,  -6.8,  82.7, 147.8, 975.2,   7.9,  -1.6
219669,   0.5,   1.2,  -6.8,-213.7,  84.1, 797.0,   7.8,  -1.3
219695,  -0.1,  -3.3,  -5.9, 157.9, 181.5,1108.3,   7.8,  -1.4
219719,   0.3,  -0.4,  -6.7,  80.8, 112.9,1149.0,   8.1,  -1.6
219747,   1.4,   2.6,  -2.9,-147.5,  31.6, 680.8,   7.8,  -1.4
219771,   1.2,   5.9,  -0.4,  15.1, 120.3, 901.2,   7.6,  -1.5
219795,  -0.2,   2.1,   3.3,  64.9, -59.7,1200.3,   7.0,  -0.8
219819,   0.8,   1.7,   0.8,-182.2,  80.2, 921.2,   6.6,  -0.3
219847,  -1.8,   1.3,  -0.5, 223.6, -78.2,1016.0,   6.9,  -0.3
219871,   1.0,  -0.6,  -0.1, 200.4,  99.7, 796.2,   6.5,  -0.7
219895,   0.4,  -4.9,  -1.4,-146.8, -11.8, 789.9,   5.8,   0.5
219919,   0.4,  -3.9,  -4.7, 472.1,  34.3,1176.6,   5.3,  -0.2
219947,   0.8,   4.0,  -5.8,-115.0, -50.6, 857.3,   5.3,  -0.5
219975,  -1.2,  -3.2,  -2.6, 108.4,  82.2,1000.3,   5.3,  -0.7
219995,  -1.4,   1.2,  -2.6, -67.2,  19.7, 899.0,   4.6,  -0.6
220019,  -2.0,   1.0,  -1.9, -84.7, -49.2, 991.1,   4.2,  -0.4
220047,  -0.1,   1.8,  -0.1,-147.5,  34.8, 892.7,   4.1,  -0.2
220071,   1.0,  -3.0,   1.4, -19.1, 112.7, 872.9,   3.7,   0.1
220095,  -2.9,  -1.7,  -1.5,  89.8, -44.5,1127.1,   3.3,  -0.4
220123,  -0.2,   3.2,   1.2,   9.7,  76.8, 935.2,   2.9,  -0.6
220147,  -0.4,  -1.8,   1.8, 108.6, -61.1, 960.6,   2.2,  -0.5
220171,  -0.5,  -1.0,  -0.1,  96.4, -33.8, 946.9,   1.7,  -0.4
220195,  -1.1,   0.4,  -1.1,  23.4,  73.6,1009.9,   1.4,  -0.6
220223,  -1.4,  -4.8,  -2.8,  87.1, -25.7, 960.8,   1.0,  -0.3
220247,   0.0,  -4.6,  -3.8, 272.7, -20.4,1085.1,   0.5,  -0.5
220271,  -2.8,   0.7,  -3.1,  53.4, -40.9, 988.1,   0.1,  -0.7
220295,  -1.2,   2.1,  -1.4, -53.3,  -0.3, 983.5,  -0.0,  -0.6
220323,  -0.0,   2.0,  -1.0, -30.1,  52.1, 906.8,   0.2,  -0.4
220347,  -1.7,   2.1,   0.4,-101.8,-118.3, 729.4,  -0.1,  -0.3
220371,  -1.9,   1.7,   1.0, -45.2,-234.7,1026.5,  -1.0,  -0.4
220395,  -0.9,   1.5,   0.5,  44.9,-134.6,1013.8,  -1.7,  -0.5
220423,   0.3,   1.3,   0.5,  23.9,   7.7,1011.3,  -1.9,  -0.5
220447,   1.9,  -7.2,   2.5,  55.1, 222.3, 881.2,  -0.9,   0.1
220475,   2.6,  -8.6,  -5.5,-150.9,-117.5,1066.3,  -1.0,   0.1
220495,   2.2,  -6.1,  -2.4,  88.1, -15.5,1072.1,  -1.1,  -0.4
220523,  -0.6,  -2.8,  -1.1, 149.9, -32.8,1053.8,  -1.2,  -1.5
220547,  -1.6,   2.5,  -0.6, -17.1, 108.5, 966.4,  -1.0,  -1.3
220571,  -1.0,   0.6,   0.0,  42.0, 204.7,1014.8,  -0.2,  -0.9
220595,  -0.1,  -1.5,   0.1,   4.6, 219.9, 954.9,   1.0,  -0.8
220623,   1.8,  -1.9,   0.2,  -3.0, 181.5, 984.2,   2.0,  -0.7
220647,   0.3,  -0.6,  -0.6, -27.1,  77.8, 977.9,   2.4,  -0.8
220671,   0.0,   0.7,  -2.3,  54.2, 135.1, 952.7,   2.7,  -0.9
220695,  -0.9,  -0.7,  -3.4, 119.4, 108.0, 998.4,   3.0,  -1.1
220723,  -1.7,   2.2,  -2.2,  18.0, 169.3, 926.6,   3.8,  -1.2
220747,  -1.4,  -0.6,  -0.8, 111.8, 185.2,1060.2,   4.4,  -1.4
220771,  -0.6,   1.3,  -0.1,  89.1, 130.8,1089.5,   4.9,  -1.3
220795,   1.4,   0.8,  -0.4,  14.6, 150.8, 934.9,   5.4,  -1.1
220823,   0.7,  -1.5,  -0.9, 167.7, 219.4, 985.2,   6.6,  -1.1
220847,  -0.1,   3.3,  -0.6, -83.5, 165.7, 966.4,   6.8,  -0.9
220871,   1.0,   0.8,  -0.4,-242.2, 297.5, 821.1,   7.0,  -0.4
220895,  -2.0,  -2.4,   0.0, -20.3, 154.4, 901.2,   7.4,  -0.4
220923,  -2.9,   6.1,  -1.5,-128.9,  26.3,1003.0,   7.7,  -1.1
220947,   0.7,  11.0,  -1.1,-349.9,-228.9,1587.7,   7.5,  -0.7
220975,   3.0,   5.1,   0.9, -27.4, 186.9,1027.4,   7.8,  -0.5
220995,  -0.1,   2.4,  -1.2,  77.4,  25.8,1039.4,   8.2,  -0.9
221023,  -3.2,  -3.2,   1.0, -34.9, -37.9, 963.2,   8.2,  -0.2
221047,  -2.5,  -4.2,   1.0, 258.3, 105.9, 976.4,   7.4,  -0.2
221071,  -3.6,   4.3,  -1.5,  79.6, 144.9,1006.0,   6.6,  -0.3
221095,  -1.2,   4.4,  -1.1,-112.8, 109.8, 957.1,   6.2,  -0.3
221123,  -4.7,   1.6,  -0.6,  32.7, -37.5,1318.7,   6.1,  -0.2
221147,   2.4,   1.8,   0.1, 240.7, 126.6,1079.7,   6.2,  -0.5
221171,   5.6,  -0.1,   2.5, 281.5,  55.6, 924.2,   5.7,  -0.3
221195,  -1.0,  -0.5,   3.4, -36.2,-110.9,1254.3,   5.7,  -0.1
221223,  -1.7,   1.3,   2.4,  48.1,-158.8,1417.8,   4.9,   0.3
221247,   1.4,  -2.9,   2.9, 172.1, 112.4, 729.4,   5.0,   0.9
221271,  -1.1,  -2.0,   2.7, 118.4,  66.1,1017.9,   4.3,   0.5
221297,  -3.9,   2.5,   0.2, -31.3,  42.1,1150.7,   4.3,   0.1
221321,  -0.1,   1.1,   1.7,  27.1,-238.4,1179.3,   3.2,   0.5
221349,   3.2,  -3.7,   1.8, 221.4, 213.8,1192.0,   3.2,   0.5
221373,   1.0,   0.7,  -1.2,-104.5, -10.4, 894.6,   3.2,   0.3
221397,  -2.8,  -0.1,   0.8, -98.2,-161.7,1173.9,   2.9,   0.4
221421,   0.8,   1.9,   0.6, -26.9,  21.4, 840.2,   2.6,   0.4
221449,  -1.6,  -1.9,   1.9,  87.6,-114.9,1118.5,   1.8,   0.3
221477,  -1.4,  -2.8,  -0.4,  51.7,  13.8, 961.8,   1.7,   0.2
221497,  -1.2,   1.4,   1.0,-108.4,-118.0,1048.0,   1.5,   0.2
221521,   1.8,  -1.6,   0.3,  -5.9,  83.9, 966.9,   1.4,   0.1
221549,  -0.8,   0.5,   2.1, -25.7, -64.8, 976.7,   1.1,  -0.0
221573,  -1.4,  -0.2,   2.0,-117.2,  -9.6,1014.0,   0.8,   0.1
221597,  -2.3,   0.5,   1.6,-108.2, -31.8, 974.7,   0.3,   0.1
221621,  -1.4,   1.7,   2.7,  52.2,  20.2, 944.0,  -0.0,  -0.2
221649,  -1.2,   0.7,   1.7,   9.0, -57.2, 994.7,  -0.4,  -0.2
221673,  -1.0,  -0.3,   0.0, -96.7,-100.2, 992.5,  -1.0,  -0.0
221697,  -1.0,   0.5,   0.0,  12.2, -85.8, 999.1,  -1.6,  -0.3
221721,  -1.9,   0.2,   1.0, -60.3,  53.4, 991.3,  -1.8,   0.0
221749,   0.5,  -2.3,  -1.6, -50.3,  81.9, 957.1,  -1.1,   0.0
221773,   1.7,  -3.9,  -2.2,  54.2,   0.9,1063.8,  -0.9,  -0.1
221797,   0.9,  -1.6,  -0.8,  41.5,  67.5, 939.1,  -0.6,  -0.6
221821,  -1.4,   0.8,   1.4,  -1.3,  59.7, 983.0,  -0.4,  -0.8
221849,  -1.2,   1.5,   1.6, -50.3, 129.3, 950.5,   0.3,  -0.5
221873,  -1.5,   0.1,   2.1,  96.2, 172.5,1006.9,   1.1,  -0.5
221897,  -0.9,   1.8,   1.7, -72.1,  61.2,1074.8,   1.3,  -0.2
221921,   1.9,  -1.1,   2.2,  55.4,  58.2,1035.0,   1.6,  -0.3
221949,   2.9,  -0.5,   1.0,  48.6,  86.1, 972.8,   2.1,  -0.5
221977,   1.6,  -1.2,   0.2,  62.2, 125.4,1009.6,   2.3,  -0.6
221997,  -0.1,  -1.6,   0.2, -17.6,  95.1,1075.5,   2.8,  -0.8
222021,  -0.9,  -0.5,  -0.4, -53.0, 112.4, 958.8,   3.4,  -0.8
222049,  -2.6,  -1.7,   0.1, -11.0, 133.2, 944.2,   4.1,  -0.9
222073,  -2.0,   0.4,   0.5,   2.7, 102.7,1016.7,   4.6,  -0.9
222097,  -0.9,  -0.1,   0.4,   1.2, 168.4, 868.5,   5.1,  -0.8
222121,  -0.4,  -1.7,   1.0,  63.4, 216.0, 981.1,   5.6,  -0.8
222149,   0.4,   1.2,   1.0,  38.3, 122.7, 944.2,   6.1,  -0.9
222173,  -0.1,  -1.8,   0.3,  33.7, 241.6,1108.7,   6.5,  -0.6
222197,  -0.9,  -1.4,  -1.3, 173.3, 170.8, 949.3,   7.0,  -1.0
222221,  -0.4,   0.5,  -0.0, 162.3, 191.3, 893.7,   7.2,  -1.2
222249,   0.2,   1.8,   1.1, -10.3,  98.3,1057.5,   7.8,  -1.1
222273,   2.7,   3.8,   1.6,-123.6,  98.3, 701.5,   7.8,  -0.8
222297,   2.9,  -1.6,   1.9,  48.8, 131.5, 856.3,   7.7,  -0.4
222321,  -4.3,   2.1,  -0.8, -57.4, 210.8, 792.8,   7.4,  -0.3
222349,  -5.4,  10.7,  -2.6, -11.8,  42.4, 873.1,   6.0,  -1.2
222373,  -4.1,   7.9,  -0.1,-263.0,-286.2,1150.5,   6.2,   0.3
222397,   1.4,   1.4,   1.7,  87.6, 234.8, 885.1,   6.7,   0.4
222425,  -0.4,  -2.1,  -0.4,  60.0, -10.4,1269.1,   7.2,   0.3
222449,  -0.1,  -0.9,  -0.7, -32.5,  94.9, 884.6,   6.8,   0.7
222477,  -3.7,  -0.6,   1.1, 168.9,   8.2,1223.0,   6.7,   0.5
222497,  -2.5,   3.3,   0.9,  -1.3, -22.3,1030.6,   5.8,   0.7
222525,  -0.1,   1.5,   1.7, -74.5,  -6.9, 733.7,   4.8,   0.7
222549,   1.3,   1.0,   0.2,-124.1,  40.9, 977.4,   4.5,   1.0
222573,  -3.6,   1.2,  -1.4,-135.3,-206.6,1256.5,   4.2,   1.1
222597,   2.4,  -2.2,  -3.5,  64.7,   2.8, 943.0,   3.9,   0.9
222625,  -2.1,  -4.3,  -3.3, 217.5, -40.9,1241.8,   3.1,   0.3
222649,   0.4,  -0.4,  -3.0, -98.4,  45.8, 827.0,   2.5,   0.3
222673,  -1.9,  -1.0,  -3.4,  82.2,  26.0,1134.1,   2.3,   0.0
222697,   0.7,   0.4,  -3.0,  45.9, 102.2, 887.1,   2.2,  -0.2
222725,  -0.6,   3.6,   0.2, -44.0,  75.3, 777.9,   2.0,  -0.6
222749,  -2.9,   5.1,   0.6,-168.5, -48.0,1084.6,   1.9,  -0.4
222773,  -0.4,   3.2,   2.7, -25.7,-214.5,1084.3,   0.9,  -0.0
222797,   0.7,   1.0,   1.5,  38.1, -23.3,1133.6,   0.7,  -0.1
222825,   3.6,   0.9,  -0.4, -72.5,  45.5, 927.3,   0.5,  -0.4
222849,   1.2,   1.1,  -1.4,  25.6,  32.4,1006.9,   0.5,  -0.4
222873,  -1.1,  -1.7,  -0.2,  46.6,  67.5,1030.6,   0.2,  -0.3
222899,  -1.3,   1.3,  -1.7, -97.2, -61.4,1069.9,  -0.2,  -0.3
222923,  -0.5,   1.1,  -1.5, -17.6, -54.5,1030.4,  -0.4,  -0.3
222947,   0.4,   0.4,  -1.2, -18.3,  30.7, 976.4,  -0.5,  -0.3
222975,   1.3,  -3.1,  -0.8, 148.4, -41.4,1062.6,  -0.6,  -0.5
222999,   0.4,  -0.2,  -0.7,  16.1, -48.4,1002.5,  -0.8,  -0.5
223023,   0.2,  -0.6,  -0.2,  -1.7, -54.8,1031.4,  -1.2,  -0.4
223047,  -0.7,   0.2,  -0.3,  34.1, -89.5, 988.9,  -1.5,  -0.6
223075,  -0.1,   1.3,  -1.9, -26.4, -87.8, 984.7,  -2.2,  -0.6
223099,   0.3,  -0.0,   0.3, -23.7,  84.9,1008.9,  -1.9,  -0.4
223123,   1.6,  -1.7,   1.0, -17.6, 115.9,1021.8,  -0.9,  -0.1
223147,   2.5,  -4.0,  -3.0, -57.6, -24.0,1024.0,  -0.8,  -0.2
223175,   2.4,  -1.3,  -1.1, 104.9,  41.2, 977.2,  -0.6,  -0.8
223199,   1.0,  -0.7,   0.4,  -0.0,  56.5, 953.2,  -0.1,  -1.2
223223,   1.0,  -0.1,   1.5, -29.3, 150.5,1003.0,   0.6,  -0.8
223247,   1.5,   2.2,   1.8,  -5.2, 189.3, 923.4,   1.6,  -0.8
223275,   2.0,   0.5,   4.2, -61.3, 112.0, 898.3,   2.5,  -0.7
223299,   1.8,  -1.0,   2.5,  -7.8,  85.6,1035.0,   2.9,  -0.7
223323,   2.7,  -1.5,   1.6,  85.7, 139.3, 967.4,   3.4,  -0.8
223347,   1.1,  -0.2,   1.7,  32.9, 102.2,1065.5,   4.0,  -0.8
223375,   1.3,   0.7,   0.2,  42.7, 136.1,1031.8,   4.6,  -0.9
223399,   1.7,  -0.7,  -0.3,  46.6, 226.5, 907.8,   5.3,  -1.0
223423,   0.1,   1.1,  -0.8,  80.3, 200.3,1016.5,   6.2,  -1.0
223447,   0.3,   0.8,  -0.9, -80.8, 211.1, 997.7,   7.1,  -1.1
223475,  -2.8,   2.0,  -0.1,  22.9,  83.6,1333.4,   7.1,  -1.0
223499,   1.8,  -0.2,   1.8, 141.6, 283.1, 884.1,   7.3,  -1.0
223523,   0.8,   0.6,   0.6,  87.4, 238.2,1001.1,   8.1,  -1.0
223551,   0.4,   1.1,   0.8,  93.7, 270.9,1175.4,   8.7,  -1.2
223575,  -1.3,   0.1,   1.0,  54.9, 288.0, 941.5,   9.2,  -0.8
223599,  -0.8,  -2.8,   1.6, 277.3, 272.8, 990.6,   9.6,  -0.9
223623,  -0.6,  -0.7,   1.4, 100.8, 185.4, 834.1,  10.0,  -0.9
223651,   0.4,  -0.6,   1.4, 123.5, 237.2, 837.0,  10.2,  -0.6
223675,   2.4,   3.0,  -0.1, -70.6,  14.5, 942.7,   9.7,  -0.7
223699,   0.7,   4.7,   0.5, 111.3, 111.0,1210.3,   9.6,  -1.0
223723,  -1.5,   1.8,   2.4,  85.9,-192.2,1130.7,   8.8,  -0.9
223751,  -3.7,   6.8,   2.2,-297.9,  -0.8,1259.1,   7.8,   0.2
223775,  -2.3,   1.5,   0.5,  -0.0, 157.4,1036.5,   8.0,   0.4
223799,  -5.2,   3.6,  -0.9, -76.7,  40.2, 816.8,   8.4,  -0.2
223823,  -7.4,   2.2,  -2.5,  10.0,-334.8,1731.5,   7.5,  -0.3
223851,   0.2,   2.2,  -0.3,-228.1,  18.0, 869.5,   7.1,   0.5
223875,   5.5,   1.0,  -0.8,-186.8,  91.4, 822.6,   6.6,   0.1
223899,  -1.8,  -0.5,  -1.9,  23.2,-138.8,1237.4,   6.2,  -0.0
223923,  -1.7,   0.9,  -1.1,-129.2,   2.3, 881.2,   5.5,   0.3
223951,  -1.1,  -4.5,  -0.1, 188.9,  19.2,1092.9,   4.6,   0.3
223979,  -0.6,  -4.3,  -1.2, 110.8, 187.9, 908.3,   4.8,   0.0
223999,   4.9,  -5.0,   2.0, 211.9, 213.8, 758.4,   4.3,   0.3
224023,   4.7,  -1.3,   3.1, -42.8, 209.1, 887.6,   4.1,   0.1
224051,  -1.3,  -0.3,   1.9,  65.9,-131.0,1077.5,   3.9,  -0.4
224075,   1.0,   3.6,   3.3,-148.0, -22.8, 915.6,   3.1,   0.0
224099,   1.1,  -0.9,   3.6, -29.6, 182.5, 770.1,   2.9,   0.3
224123,  -2.9,   1.9,   3.2,  -4.2,  39.2, 783.5,   2.7,  -0.2
224151,  -1.4,  -3.9,   5.2, 277.1, 116.6,1213.5,   2.0,  -0.2
224175,   3.4,  -0.1,   3.1, -49.3,  50.7,1050.9,   1.3,   0.2
224199,   0.9,  -1.8,   1.4,  93.7,  13.8,1073.1,   1.6,   0.1
224223,  -0.6,   3.2,  -0.0,-201.0, -91.7, 940.8,   1.3,  -0.1
224251,  -0.7,   0.1,   2.2,-106.2, -74.6, 979.4,   0.8,  -0.0
224275,  -1.8,   2.7,   0.9, -93.8, -55.0, 972.0,   0.5,  -0.1
224299,  -2.5,   1.3,   1.6,  66.4,   6.7,1030.9,   0.2,  -0.2
224323,  -0.1,   2.1,   1.7,  21.7,  64.1, 945.2,   0.2,  -0.4
224351,   0.3,   1.5,   1.6, -53.7,  35.1, 994.7,   0.1,  -0.5
224375,   0.6,   2.5,   1.6, -32.0, -25.0, 938.6,  -0.2,  -0.4
224399,  -1.7,  -0.3,   2.5, -11.5, -48.4, 954.0,  -0.5,  -0.3
224423,  -1.3,  -0.2,   1.9,   1.4, -37.5, 971.3,  -0.8,  -0.3
224451,  -0.7,   0.5,   1.4,   6.8, -59.4,1038.7,  -0.9,  -0.5
224479,   0.0,   1.1,   0.9, -94.0,-113.9,1049.9,  -1.2,  -0.4
224498,  -0.3,   0.2,   0.0, -65.2,-121.2, 913.9,  -1.6,  -0.6
224526,   0.7,  -1.5,   2.1, -60.8,  63.1, 975.0,  -1.9,  -0.4
224550,   0.8,   1.1,   3.6,-158.0, 110.5, 977.2,  -1.1,  -0.2
224574,   1.0,  -3.8,   2.2, -27.9, 101.5,1027.2,  -0.3,   0.0
224598,   2.1,  -5.0,  -1.1,  98.1, -12.1,1026.7,  -0.3,   0.1
224626,   0.5,  -2.8,   0.6, 192.8, -39.7,1051.9,  -0.3,  -1.0
224650,  -0.1,   2.2,   0.5, -43.5,  50.4, 966.2,   0.0,  -1.2
224674,  -1.1,  -1.1,   1.3,  30.5, 139.3, 979.6,   0.6,  -0.7
224702,   0.2,   1.3,   0.8,  48.6, 170.1, 987.7,   1.6,  -0.8
224726,   1.9,  -3.6,   1.0,  35.9, 167.1, 937.8,   2.3,  -0.8
224750,   0.7,  -1.2,  -0.0,  78.8,  89.7, 997.7,   2.6,  -0.8
224774,  -0.2,  -1.4,  -0.6,   0.5,  95.8, 982.5,   2.8,  -0.9
224802,   0.1,  -2.3,   0.8,  64.2, 141.7, 963.5,   3.2,  -1.1
224826,  -0.9,  -2.5,   1.0,   3.9, 191.3, 964.9,   4.0,  -1.0
224850,  -2.0,  -1.4,   1.0,  54.2, 211.6, 965.7,   4.8,  -1.1
224874,  -2.2,  -0.6,   0.3,   1.2, 187.9, 968.1,   5.6,  -1.1
224902,  -2.5,  -1.4,   1.3,  33.7, 245.5, 923.0,   6.4,  -1.2
224926,  -5.0,  -0.3,   1.0, 153.8, 143.2, 944.4,   6.9,  -1.6
224950,   0.2,  -1.4,   3.0, 166.0, 154.9, 980.8,   6.6,  -1.3
224978,   0.3,   3.4,   1.4,-153.6, 227.9, 884.9,   6.9,  -1.0
225002,   2.1,  -1.4,   3.1,   9.5, 232.6, 814.8,   7.9,  -1.1
225026,  -0.1,  -4.2,   3.8, 203.8, 129.3,1072.6,   8.2,  -0.9
225050,   0.5,   1.6,   2.3,  81.8, 160.8,1155.4,   9.0,  -1.3
225074,  -0.5,   1.5,   3.0,   9.5, 223.0, 993.0,   9.6,  -1.2
225102,  -0.9,   2.7,   3.0, -13.7, 274.6, 879.3,  10.3,  -1.1
225126,  -1.4,   2.4,   3.8,  34.9, 212.8, 943.7,  10.6,  -1.2
225150,  -3.9,   0.4,   3.8, -67.2, 286.5, 934.4,  10.9,  -0.8
225174,  -5.7,   5.3,   1.3,-264.2,  91.7, 862.7,  10.7,  -0.8
225202,  -1.8,  -6.5,   3.9, 370.6, 534.6, 887.6,  10.7,  -1.0
225226,  -1.8,  -2.7,   4.6, 311.2, 294.8,1252.1,   9.8,  -1.1
225250,  -4.7,   4.4,   2.5,  57.1, 270.4, 666.6,   9.9,  -1.3
225274,  -7.3,   6.3,   8.0,-287.4,-839.2,1483.7,   8.3,  -0.5
225302,   1.4,   4.6,   3.5, -11.3, 156.9, 884.6,   7.6,  -0.7
225326,   1.9,  -3.6,   3.0, 222.6, 266.7,1361.7,   8.3,  -0.3
225350,   3.3,  -4.2,   3.3,  65.9, 416.4, 807.0,   9.0,  -0.3
225374,   3.4,  -3.2,   4.1, 337.4, 300.9, 879.3,   9.5,  -0.1
225402,  -0.2,  12.5,   0.5,-324.5,-134.1, 801.4,   8.4,   0.6
225426,   0.5,   9.8,   3.3,-155.8,  84.1, 729.1,   7.4,   0.6
225450,   1.9,   4.0,   6.5, 302.2,  35.1,1524.0,   6.8,   0.2
225478,  -0.2,   5.8,   4.9, 143.8,  79.2, 824.1,   6.8,   0.2
225502,  -2.7,  -1.3,   6.9, 132.0,-159.0,1088.0,   6.0,   0.9
225526,  -2.1,   0.1,   5.8,  39.0,  58.0, 851.9,   5.5,   1.1
225550,  -5.2,  -2.5,   4.8, 319.5,  18.5,1354.6,   5.2,   0.8
225574,  -0.3,   0.8,   7.8, -84.5,-155.4, 811.9,   2.9,   1.8
225602,   1.8,  -3.1,   7.0, 404.8, -36.0,1241.1,   2.5,   0.7
225626,   2.6,  -0.3,   3.5, -13.5, -33.3,1117.5,   2.7,   0.9
225650,   2.2,  -1.8,   3.1, 174.5,-119.7,1399.8,   3.2,   1.0
225674,   1.6,   0.7,   5.6,  52.0, 117.1, 591.7,   2.8,   1.1
225702,  -0.1,  -6.2,   7.7, 289.0,-214.7,1339.0,   2.4,   1.0
225726,   1.0,  -0.3,   5.7, 164.5,  -7.7,1004.7,   1.8,   0.6
225750,   1.8,   1.6,   6.0, -44.5, 233.8, 619.0,   2.1,   0.7
225774,   2.4,   0.3,   5.1, -27.6, -41.4, 883.9,   1.3,   0.6
225802,   3.0,   1.1,   2.5, -39.6,  33.6, 835.8,   0.5,   0.8
225826,  -0.2,  -0.7,   2.8,  28.0, -45.3, 911.5,   0.5,   0.4
225850,   0.7,   0.8,   5.0, -69.6, -12.6, 866.3,   0.3,   0.3
225878,  -0.1,   0.8,   5.0,  30.0,  57.3, 855.6,   0.3,   0.1
225902,  -2.9,   2.7,   5.7,-122.6,  24.3, 934.7,   0.5,  -0.2
225926,  -4.6,   6.3,   5.1,  53.9,  51.2, 935.9,   0.3,  -0.6
225950,  -4.8,   6.9,   6.7, 333.0,-545.5,1358.7,  -1.1,  -0.2
225978,   1.8,  -1.0,   6.1,-123.3,  -4.0, 972.3,  -1.2,  -0.1
226002,   1.9,   0.8,   3.0,-106.7,   0.1, 896.3,  -1.0,  -0.3
226026,   0.5,   1.1,   2.1,  24.1, -79.2, 960.1,  -1.1,  -0.4
226050,  -2.9,   1.0,   3.4, 189.4,-180.3,1038.4,  -2.2,  -0.8
226078,  -2.0,   2.7,   3.5, -21.0,  47.0, 996.0,  -2.6,  -0.8
226100,   0.2,  -1.1,   1.0, -33.2,  66.3,1057.0,  -2.0,  -0.8
226128,   1.6,  -4.1,  -0.1, 105.4,  -0.1,1023.5,  -1.7,  -1.1
226152,   1.8,  -1.4,  -2.3, 113.0, -18.2,1055.0,  -1.5,  -1.6
226176,   0.5,   0.1,   0.7, 142.8,  11.6,1009.6,  -1.4,  -2.0
226200,  -1.0,   0.9,   1.6, -41.8,  64.3,1016.7,  -1.2,  -1.7
226228,   0.4,  -1.0,   2.8,  73.5, 185.7, 975.0,  -0.3,  -1.5
226252,   0.3,  -1.8,   2.2,  87.4, 107.1,1069.0,   0.5,  -1.5
226276,   3.0,   1.7,   2.2, -30.3, 102.7, 934.7,   1.0,  -1.6
226300,   2.0,   0.4,   1.7,  -7.8,  30.9,1068.5,   1.4,  -1.7
226328,   1.6,   2.1,   1.0,  38.8,  93.9,1016.2,   1.8,  -1.8
226352,   1.4,  -1.7,   1.9, 118.4, 162.0,1002.3,   2.6,  -1.9
226376,   1.3,   1.6,  -0.1,   3.9, 110.0, 919.0,   3.1,  -2.0
226400,   2.1,   0.7,  -0.8,   4.1, 121.2,1015.5,   3.7,  -2.0
226428,   0.1,   3.2,  -2.6,-135.3, 158.3,1003.5,   4.5,  -1.9
226452,   0.7,  -1.4,  -2.8,  47.6, 197.9, 948.3,   5.0,  -2.0
226480,  -0.4,  -6.3,  -4.0, 147.9, 148.3,1061.9,   5.1,  -2.3
226500,  -0.6,   1.8,  -5.8,  11.7, 170.3,1102.4,   5.6,  -2.6
226528,  -0.3,   0.1,  -4.2,   8.0, 272.4, 907.8,   6.3,  -2.7
226552,  -0.6,  -3.7,  -4.1, 160.9, 201.6, 937.4,   6.9,  -2.7
226576,  -3.1,   0.1,  -5.9,  10.7, 166.6,1038.7,   7.5,  -2.6
226600,  -4.1,   0.4,  -5.2,  19.5, 172.3, 912.9,   7.8,  -2.5
226628,  -7.5,  -1.5,  -5.9,  51.5, 231.1, 945.2,   8.4,  -2.6
226652,  -4.3,   8.8,  -4.7, -70.1,  64.1, 986.2,   7.9,  -3.0
226676,  -7.9,   3.0,  -6.2, 265.6,  17.2,1305.0,   7.9,  -3.0
226700,  -2.9,  -2.3,  -5.3, 297.6, 236.0,1060.2,   8.0,  -2.8
226728,  -2.4,   4.8,  -3.3, -60.8, -35.3, 820.9,   7.4,  -2.7
226752,  -4.0,   5.5,   0.5, -11.5,-195.9,1253.8,   7.3,  -2.2
226776,  -6.5,   3.9,   4.8, -88.7,  48.5,1078.2,   6.9,  -1.2
226800,  -1.6,  -1.2,   2.7, 148.9,-101.2,1295.0,   6.7,  -0.2
226828,  -6.5,  -3.0,  -1.0,  77.8, 131.5, 833.4,   7.1,   0.4
226852,  -6.3,  -3.4,  -4.2,  23.2,  12.6,1297.2,   7.0,   0.0
226876,  -0.4,   8.0,  -4.3,-269.8,-104.8, 602.4,   6.4,   0.1
226900,  -5.8,  -5.9,  -2.3,  47.8,-694.9,2031.1,   4.8,   0.5
226928,   2.9,  -6.4,  -1.2, 240.4, 223.3,1018.9,   6.1,   1.4
226952,   2.0,   1.0,  -2.0,  22.9, -64.8,1098.2,   6.5,   0.7
226980,   5.3,   1.0,   0.3,-155.8, 278.9, 575.1,   7.1,   1.0
227004,  -3.1,  -4.8,   0.5, 228.7,  30.7,1131.9,   6.3,   0.8
227028,   1.1,   4.7,  -0.6,  55.9, -45.3,1009.6,   5.3,   0.3
227052,   1.4,   0.8,   1.4,  -5.2,  22.1,1006.5,   4.8,   0.4
227076,   4.6,   4.9,   0.6,-189.0,  47.0, 712.0,   4.3,   0.4
227104,   3.8,   0.1,   0.2,  32.7,  41.2, 843.4,   3.9,   0.2
227128,   2.7,  -0.7,   0.6, -73.8, -25.3, 989.6,   3.8,   0.3
227152,   1.2,   0.2,  -0.9, -66.2,-187.8,1130.2,   3.2,   0.3
227176,   2.0,  -1.2,  -2.2,  23.9, -10.6,1040.1,   3.0,   0.5
227204,   1.6,  -1.8,  -2.4, 129.6, 157.6, 912.5,   3.0,   0.2
227228,  -1.8,  -2.9,  -1.8, 280.2,  84.4, 986.2,   2.7,  -0.1
227252,  -1.5,  -1.0,   1.1, 227.5,-103.1,1014.3,   2.0,   0.0
227276,  -1.3,  -2.5,   1.9, 186.5, 138.6,1152.7,   1.5,   0.1
227304,   3.0,   0.1,   0.7, -37.6, 161.3, 816.5,   1.7,   0.0
227328,   0.7,  -2.3,   1.8, 105.2,  64.1, 883.4,   1.8,  -0.2
227352,  -3.9,   1.3,   1.7,  44.2,-169.0,1186.1,   1.0,  -0.6
227376,  -0.0,   2.9,   1.0, -67.4,  80.0, 882.7,   0.6,  -0.4
227404,  -0.9,   1.5,   1.8,   5.1,  14.5,1023.5,   0.4,  -0.4
227428,   2.0,   2.5,   1.4,-101.4, 104.1, 872.9,   0.5,  -0.4
227452,  -1.0,   1.4,   2.4, -92.6, -71.6,1119.5,   0.4,  -0.4
227480,  -1.1,   1.6,   3.2, -20.5, -64.8,1070.4,   0.2,  -0.4
227504,  -0.3,   3.0,   3.2,  -5.4, -52.4,1127.5,  -0.2,  -0.4
227528,   1.1,   4.3,   4.7, -98.2,  12.3, 887.1,  -0.2,  -0.3
227552,  -1.4,   0.6,   3.9, -73.0,-101.7, 944.2,  -0.3,  -0.1
227576,  -1.8,   0.3,   4.7,  15.6,-130.5, 999.9,  -1.0,  -0.2
227604,  -1.7,  -2.3,   1.5, 129.6,   5.5, 992.5,  -1.6,  -0.6
227628,  -1.2,  -2.6,  -2.8, -27.1, 113.9,1023.8,  -1.0,  -0.3
227652,   2.5,  -3.2,  -2.4,  88.6,  37.0, 971.3,  -0.7,  -0.5
227676,  -0.1,  -0.9,  -2.5,  29.3,  30.2, 990.1,  -0.7,  -0.9
227702,   0.3,  -2.5,  -0.4,  54.2,  40.2,1063.8,  -0.5,  -0.9
227726,  -0.7,   0.1,   0.5,  15.3, 160.3, 952.0,   0.1,  -1.0
227754,  -1.4,  -1.5,   0.1,  45.4, 146.1, 985.5,   1.1,  -1.1
227778,  -0.6,  -1.2,   0.2,  85.7, 122.9,1009.6,   1.8,  -1.3
227802,  -0.6,  -1.3,   1.3, 124.5,  42.9,1108.5,   2.2,  -1.4
227826,   0.1,  -0.2,   0.2, -16.1, 100.5, 940.3,   2.5,  -1.5
227854,  -0.9,  -0.5,  -0.3,  36.3, 137.6, 932.7,   3.0,  -1.6
227878,  -1.1,   2.6,  -1.5,-117.2,  66.8,1039.9,   3.3,  -1.6
227902,   0.5,  -0.7,  -1.7,  28.0, 226.9, 966.2,   3.8,  -1.6
227926,  -0.6,  -1.4,  -1.5, 112.3, 200.8,1025.2,   4.6,  -1.8
227954,   0.0,  -1.7,  -1.2,  13.9, 140.8, 912.5,   5.2,  -1.7
227982,   0.0,   2.6,  -3.4,-139.4,  97.6, 900.5,   5.3,  -1.4
228002,   1.7,  -0.3,  -4.2,  49.8, 176.2,1017.9,   5.7,  -1.4
228026,   2.2,  -1.6,  -2.5,   0.5, 111.7, 898.8,   6.1,  -1.2
228054,   0.8,  -0.6,  -2.2, 139.4, 208.4,1033.8,   6.8,  -1.6
228078,  -1.0,  -0.6,  -2.7,  17.1, 162.5, 899.0,   7.3,  -1.7
228102,  -2.3,  -0.6,  -3.5, 126.2, 101.9, 930.5,   7.7,  -2.0
228130,  -6.1,   5.1,  -3.7,-158.7, 132.0, 963.5,   8.0,  -1.9
228154,  -5.0,   2.4,  -3.1,-142.6, -80.4,1037.9,   7.7,  -1.7
228178,  -2.3,   3.9,  -2.7,  17.1,  -8.4,1277.7,   7.4,  -1.8
228202,   0.2,  -4.9,  -2.2,  71.7, 282.1,1134.4,   7.7,  -1.2
228230,  -2.5,   1.6,  -4.4, 161.1, 111.0,1182.5,   7.7,  -1.3
228254,  16.3,  -4.7,   2.7, 152.8, 407.9, 941.0,   6.9,  -0.6
228278,   2.4,  -0.6,  -2.6, 469.0, 309.5,1277.7,   7.9,  -1.9
228302,  -2.2,   4.6,  -0.6, 285.6, -64.8, 941.5,   7.6,  -1.7
228330,  -2.3,  -3.9,   0.1, 123.7,  10.4,1076.0,   6.9,  -0.7
228354,  -1.5,  -3.4,  -1.8, 108.6,  41.2, 935.2,   6.7,  -0.2
228378,   0.7,  -3.1,  -3.4,  36.3,  56.8, 882.4,   6.8,  -0.6
228402,   1.4,   2.0,  -2.1, -14.9,   6.5, 801.6,   6.1,  -0.8
228430,   1.8,   0.6,  -1.6, 222.1,  66.5, 925.2,   5.6,  -1.0
228454,   1.1,  -1.5,   0.9, -61.3, 187.4, 894.4,   5.5,  -0.4
228482,  -2.6,   1.1,  -1.6,-118.4,  23.8,1092.1,   5.4,  -0.3
228502,   0.7,  -0.7,  -0.9, -63.3,-134.6, 928.3,   4.7,   0.1
228530,   0.9,  -0.6,  -1.6, 139.9,  39.2, 895.4,   4.4,  -0.7
228554,  -1.9,  -9.2,   2.5, 246.3,-149.3,1446.1,   3.6,  -0.4
228578,   1.6,  -2.2,   0.2, -33.0, 110.0, 972.3,   3.4,  -0.2
228602,   2.1,  -1.9,   1.4, 216.5,-218.1,1126.1,   3.4,  -0.7
228630,  -1.0,  -0.3,   1.1,  -4.2,  31.4,1146.6,   3.3,  -0.8
228654,  -1.2,  -0.4,   3.3,  69.5, 203.0,1083.8,   3.0,  -0.5
228678,  -0.9,   0.8,   2.3,  71.5,  75.8, 814.3,   2.6,  -0.8
228702,  -0.7,   3.0,   2.0, -51.3,  52.4, 781.4,   2.3,  -0.7
228730,  -3.3,   0.8,   2.2, -12.2,-180.3,1063.1,   1.4,  -0.5
228754,  -2.1,   4.2,   1.4,-173.4,-143.9,1068.0,   1.2,  -0.5
228778,   2.8,   0.3,   3.1,  31.2,  89.7, 925.2,   1.2,  -0.7
228802,  -0.1,   0.4,   3.3, -31.0, 173.7, 945.2,   1.4,  -0.5
228830,  -0.4,   1.0,   2.5,  46.6,  19.4, 992.5,   1.0,  -0.5
228854,  -1.8,  -1.4,   2.2,  57.6,-119.7,1026.2,   0.4,  -0.3
228878,  -1.7,   1.7,   1.1, -44.2,   6.7, 962.5,   0.3,  -0.6
228902,  -2.4,   0.9,   3.5,  22.7,  19.4, 962.5,  -0.1,  -0.6
228930,  -2.5,   0.8,   3.9,  72.7, -81.9,1026.2,  -0.6,  -0.6
228954,  -4.0,   2.4,   5.6, -18.8, -60.2, 934.9,  -0.7,  -0.5
228982,  -2.9,   2.1,   6.0,  14.9, -47.2, 988.1,  -0.9,  -0.5
229002,  -3.2,  -1.0,   4.7, 124.5, -48.4,1006.7,  -1.3,  -0.6
229030,  -0.2,   4.4,  -1.9,-220.5, -74.3,1002.8,  -1.7,  -0.6
229054,   3.6,  -6.1,  -1.6, -38.9, 105.6, 990.1,  -1.4,  -0.0
229078,   2.1,  -2.4,  -4.0, 152.3,  45.8,1020.6,  -0.8,  -1.2
229102,   1.7,  -2.8,  -1.8,  34.4,  76.3, 950.1,  -0.3,  -1.0
229130,  -1.1,  -1.8,  -1.2,  89.8,  40.2, 973.0,   0.2,  -1.1
229154,  -2.5,   2.1,  -0.7,  -6.1,  83.4, 972.5,   0.6,  -1.2
229178,   0.2,   1.9,   0.9,  50.7, 162.0, 961.3,   1.0,  -1.3
229202,   1.3,   0.8,  -0.3, -57.4, 104.4, 956.4,   1.7,  -1.2
229230,   1.8,   0.3,  -0.8,  61.7, 150.3, 955.4,   2.4,  -1.2
229254,   1.1,  -2.0,  -2.2,  -6.4,  83.9,1002.8,   2.8,  -1.1
229278,  -0.1,   0.5,  -3.9,  36.3, 144.4, 978.6,   3.3,  -1.6
229304,  -0.1,  -0.2,  -5.9,  40.0, 112.0, 953.2,   3.8,  -2.1
229328,  -2.0,  -0.4,  -6.9,  95.7, 147.8, 947.1,   4.3,  -2.3
229356,  -1.6,  -2.2,  -8.2,  -4.7, 224.0, 919.3,   5.0,  -2.3
229380,  -1.5,   1.1,  -8.3, -82.8, 130.8, 935.9,   5.3,  -2.3
229404,  -0.3,   0.2,  -7.5,-154.3,  89.3, 932.2,   5.3,  -2.3
229428,  -2.2,   0.4,  -8.3,  93.0, 130.3, 924.9,   5.8,  -2.4
229456,  -3.1,  -0.9,  -8.6,  53.4,  -1.3,1132.7,   6.0,  -2.2
229484,  -1.8,  -4.5,  -6.8, 132.0, 112.9,1011.8,   6.0,  -2.5
229504,  -2.8,  -0.3,  -7.0, -61.1, 206.4, 813.3,   6.5,  -2.5
229528,  -4.1,   3.1,  -8.5, -34.7,  18.0,1027.7,   6.5,  -2.7
229556,  -1.1,   4.2,  -8.5,-254.7,-112.7,1327.3,   6.4,  -2.1
229580,   0.2,  -0.5,  -7.7,  26.6, 210.3, 950.1,   6.4,  -1.8
229604,   0.1,   4.1,  -8.3,-184.4,  55.6,1013.5,   6.0,  -2.5
229628,   1.4,   4.5,  -8.4,-231.2, 109.5, 929.3,   6.0,  -2.1
229656,  -0.6,   0.2,  -6.8,  16.3,  64.1, 884.1,   5.4,  -1.6
229680,  -1.1,   2.6,  -7.2,  62.5, -41.1,1104.1,   4.9,  -1.7
229704,  -1.2,   3.2,  -7.8, -53.5, -50.4, 953.0,   4.7,  -1.3
229728,  -1.3,  -1.7,  -9.1, 124.5,  57.8,1262.3,   4.9,  -1.5
229756,   3.9,   0.8,  -8.6, -12.2, -57.5, 972.3,   4.5,  -1.4
229780,   3.8,   3.4,  -8.9,-134.8,-120.2, 938.1,   4.3,  -1.3
229804,   1.0,  -0.4,  -8.0, 156.5,-186.6, 949.1,   4.3,  -1.4
229828,  -1.0,  -2.7,  -4.9, 124.7,-157.1,1225.7,   3.9,  -1.2
229856,  -2.5,   0.1,  -3.2, -13.7, 133.7, 736.2,   3.9,  -0.5
229880,  -4.0,  -1.5,  -4.2,  42.4,  53.6,1174.4,   3.9,  -0.8
229904,  -3.8,  -6.5,  -2.0,   3.4,-121.0,1195.7,   3.5,  -0.1
229928,   4.4,  -5.3,  -1.7, 179.9, -58.0, 831.9,   2.1,  -0.3
229956,   3.6,   1.8,  -4.4, -39.8, 101.2, 749.1,   2.2,  -0.7
229984,   1.5,   2.5,  -5.5, -63.0,-135.1, 975.0,   2.0,  -0.5
230004,   2.0,  -1.7,  -4.0,  29.0,  68.3, 882.7,   1.9,  -0.3
230028,  -2.3,  -0.6,  -4.8,  48.1, -91.2,1130.5,   1.4,  -0.5
230056,  -2.2,   1.0,  -3.5,  12.2, -86.5,1064.6,   0.9,  -0.5
230080,  -1.1,   1.7,  -2.8, -91.3, -46.0, 881.5,   0.5,  -0.4
230104,  -0.7,   0.7,  -3.0, 146.0, -35.7,1131.7,   0.4,  -0.6
230128,   1.1,  -1.2,  -1.4, 122.3,  -6.5, 973.7,   0.2,  -0.5
230156,   0.9,   0.8,  -2.1, -26.2,  -3.3, 888.5,  -0.0,  -0.4
230180,   1.1,   0.4,  -1.1,  25.1, -35.3,1029.9,  -0.1,  -0.6
230204,  -0.9,  -0.7,  -1.1, 119.4, -74.8,1044.0,  -0.3,  -0.6
230228,   0.0,  -0.6,   0.0,  51.2, -22.6, 895.9,  -0.7,  -0.4
230256,   0.7,   0.2,   0.8,  42.7,  16.3, 922.7,  -0.7,  -0.3
230280,  -0.5,   2.3,   0.3, -76.9,-117.5,1047.7,  -1.0,  -0.3
230304,  -0.1,   2.1,  -0.3,   3.1,-142.7, 991.8,  -1.3,  -0.4
230328,  -0.8,  -0.0,  -0.8, -62.0, -93.9,1010.8,  -2.0,  -0.2
230356,  -0.5,  -0.3,  -1.9, -86.9, 153.5, 999.6,  -1.4,  -0.2
230380,   1.6,  -4.0,  -2.8, -10.8,  94.6, 935.6,  -0.3,   0.0
230404,   2.1,  -7.3,  -4.4,  66.4,   5.5,1005.2,  -0.2,  -0.0
230432,  -0.6,  -3.6,  -1.9, 208.5,  86.8,1037.7,   0.2,  -0.9
230456,  -2.4,   1.6,  -1.2,  -7.6,  44.8,1134.6,   0.5,  -1.3
230484,  -0.3,   0.8,  -0.3,  64.4,  90.0,1016.2,   0.6,  -1.3
230504,   2.1,   1.9,  -0.8,  -5.9, 136.1,1027.4,   1.1,  -1.2
230532,   4.2,  -1.7,  -1.3,   8.3, 248.4, 954.0,   2.5,  -1.3
230556,   0.6,  -0.4,  -2.0,  52.5,  73.1, 939.3,   3.4,  -1.4
230580,  -1.5,  -1.0,  -1.5, 123.7,  66.5,1000.1,   3.8,  -1.4
230604,  -1.9,  -0.4,  -1.7, -80.6,  94.1, 855.3,   4.1,  -1.2
230632,  -0.9,  -1.4,  -1.4,  56.9, 201.3,1005.7,   4.6,  -1.4
230656,  -1.4,   1.0,  -1.1,  17.5, 129.3, 937.4,   5.1,  -1.4
230680,  -0.7,  -0.5,  -1.4,  38.3, 107.1,1133.9,   5.7,  -1.3
230704,  -0.3,  -1.7,  -1.4,  55.6, 180.1,1058.7,   6.4,  -1.3
230732,  -1.4,  -0.6,  -0.3,  84.4, 127.3,1186.6,   6.9,  -1.3
230756,   1.1,   2.1,  -2.0, -86.9, 237.7, 898.5,   7.2,  -1.2
230780,  -0.5,  -2.7,  -3.7, -46.4, 332.2, 862.7,   7.7,  -0.7
230804,  -0.5,  -2.6,  -4.1,  65.9, 152.5, 913.2,   7.8,  -1.0
230832,  -1.4,  -1.4,  -4.0,  53.7, 226.7, 841.2,   8.3,  -1.1
230856,  -4.0,  -2.9,  -3.8, 191.9,  -3.5,1306.7,   8.2,  -1.3
230880,  -1.9,   3.1,  -3.7, -66.4,  94.4, 930.3,   8.3,  -1.3
230906,  -3.6,  -3.7,  -2.8, 374.2, 171.5, 711.8,   8.6,  -1.7
230930,  -8.5,   2.5,   1.0, -81.8,-617.5,1881.2,   6.6,  -1.5
230954,   2.3,   4.8,   0.0,  70.3, 112.9, 890.7,   6.3,  -1.3
230982,  -1.8,  -2.6,  -0.9, 296.8,   4.3,1199.3,   6.3,  -1.6
231006,   2.9,  -2.2,   1.0,  78.1, 195.2, 839.9,   6.6,  -1.1
231030,  -0.3,   0.2,  -0.7, -13.0, -68.0,1494.2,   6.8,  -0.9
231054,   0.5,   2.7,  -2.6,-132.8, -31.1, 963.0,   6.2,  -0.7
231082,  -1.5,   3.9,  -0.4, -22.0,-165.6,1159.8,   5.6,  -0.7
231106,   1.1,   2.4,  -0.6, -13.9,  13.1, 996.0,   4.8,  -1.0
231130,   1.1,   5.7,  -0.0, -50.8,-108.3, 983.0,   4.3,  -1.1
231154,   1.3,   0.6,   1.1, 230.9, 105.6,1157.8,   4.4,  -1.0
231182,  -1.3,   5.4,   0.5,-195.3, -55.3,1165.6,   3.9,  -0.2
231206,  -1.1,  -1.5,   1.1,-110.1,-143.9, 872.4,   3.4,   0.5
231230,  -2.5,  -1.2,   2.8, 342.0,  -3.3,1090.9,   2.9,  -0.4
231254,   2.4,   0.4,   4.1, 103.7, -48.4,1094.1,   1.6,  -0.2
231282,   8.7,   2.2,   0.1,-218.1, 280.7, 797.7,   1.9,   0.6
231306,   2.7,  -1.5,  -0.9, 157.9, -14.8,1104.1,   2.9,  -0.4
231330,   2.4,  -2.1,   1.7,  15.8, -50.2, 784.5,   2.8,   0.2
231354,  -0.9,   0.2,   1.6, 135.7, -99.7,1115.3,   2.0,  -0.0
231382,  -2.3,   4.8,   1.5,  20.0, -64.3,1119.7,   1.2,  -0.2
231406,  -1.8,   1.0,   2.2,  83.0,  42.4,1071.9,   1.2,   0.0
231430,   1.8,  -0.9,   3.2, 129.1,  33.1, 837.5,   1.1,  -0.0
231454,   0.3,  -6.1,   2.2, 210.4,-119.0,1337.3,   0.9,   0.1
231482,   1.4,  -1.7,   0.6,  48.3, -37.0,1009.9,   0.8,   0.0
231506,   0.7,   0.4,   1.0, -10.5, -30.4, 971.8,   0.5,  -0.1
231530,   1.1,  -0.4,   1.4,  21.0,  83.9, 915.9,   0.5,  -0.0
231558,  -2.2,  -0.9,   0.4,  56.9, -49.7,1149.0,   0.1,  -0.1
231582,   0.0,   2.5,  -0.1,  51.7, -60.4, 964.9,  -0.3,  -0.4
231606,  -1.2,  -0.2,   1.1, 105.7, -76.0,1037.7,  -0.8,  -0.6
231630,  -1.1,  -1.1,   2.5,  46.4, -50.2,1014.0,  -1.1,  -0.5
231658,  -1.0,   2.8,   1.5, -93.5,   9.4, 965.9,  -1.5,  -0.4
231682,  -0.6,   0.1,   3.7, 159.9,  81.9,1054.5,  -1.2,  -0.6
231706,   1.6,   2.1,   1.3,-170.9, 122.5,1031.4,  -0.7,   0.1
231730,   1.5,  -0.2,  -2.4, -52.8,  16.5,1001.1,  -0.5,   0.1
231758,   1.3,  -2.5,  -0.8, 199.4,  89.7,1047.7,  -0.1,  -0.6
231782,  -0.3,   0.8,   1.4, -23.5,  86.3, 969.1,   0.3,  -0.8
231806,  -1.7,   0.6,   2.4,  40.0, 127.6, 960.3,   0.9,  -0.6
231830,  -1.1,   1.2,   2.0,  -3.0, 210.6, 933.9,   1.6,  -0.6
231858,  -0.9,  -0.0,   3.3,  74.4, 212.5, 978.6,   2.6,  -0.8
231882,  -1.8,   2.4,   1.3, -78.4,  91.2, 969.1,   3.2,  -0.8
231906,   0.4,   0.8,   2.9,  40.5,  82.7, 975.0,   3.3,  -0.6
231930,   3.3,  -0.7,   2.4,  35.9, 157.6, 994.0,   3.7,  -0.4
231958,   4.1,  -0.2,   2.2,  -3.9, 139.8, 929.1,   4.4,  -0.5
231986,   3.2,   0.2,   2.1, 154.3, 194.7,1005.0,   4.6,  -0.6
232006,   2.5,  -2.8,   3.4, 133.8, 141.7, 991.3,   5.4,  -0.8
232030,   1.5,  -1.3,   3.2,  83.5, 228.9, 922.7,   6.2,  -1.0
232058,  -1.5,   3.7,   2.8, -74.0, 240.4, 897.1,   7.2,  -0.7
232082,  -1.7,   2.4,   2.7,  -8.1, 167.6, 943.5,   7.7,  -0.8
232106,  -2.6,   0.7,   4.3,  14.1, 169.1, 967.9,   8.0,  -0.9
232130,  -2.8,   3.2,   3.6, -26.4, 167.9, 955.4,   8.3,  -0.8
232158,  -0.7,   1.3,   2.8,  24.1, 623.9,1192.0,   8.8,  -0.6
232182,   1.0,   1.7,   1.3,  99.1, 246.5,1052.3,   8.6,  -0.5
232206,  -0.6,  -1.1,   2.4, 137.9, 226.0,1074.3,   8.5,  -0.5
232230,  -1.5,  -1.8,   1.3,  94.9,  70.0,1092.9,   8.7,  -0.6
232258,  -3.7,   0.5,   0.1, 114.5,  79.5,1171.0,   8.7,  -0.8
232282,  -0.9,   2.4,   0.9,-118.0, 184.5, 900.5,   8.7,  -0.4
232306,  -5.5,   0.6,  -1.2, 192.4, 215.2, 933.0,   9.4,  -1.0
232330,  -2.0,   5.1,   2.0,  67.4,  -7.4, 914.9,   7.9,  -0.9
232358,  -3.2,   5.0,  -0.8,  42.4,-145.4,1194.9,   7.1,  -0.5
232382,  -2.2,   2.7,  -0.4,  83.5,  64.6, 926.6,   6.9,  -0.5
232406,  -2.5,   4.9,   1.1, -49.1, 204.2, 766.9,   6.6,  -0.6
232430,  -3.1,   3.9,   0.9, -88.4,  18.7, 970.6,   6.2,  -0.2
232458,  -1.1,   0.3,  -0.3,  76.6, 183.0, 775.7,   6.2,  -0.5
232486,  -0.7,   4.1,  -0.6,  22.2, -96.1,1100.9,   6.0,  -0.4
232505,  -2.0,  -0.1,   1.4, 165.7, -31.6,1248.6,   5.5,  -0.3
232533,   1.2,   0.7,   0.2,-167.0, 136.1, 833.8,   5.5,   0.0
232557,   1.3,   1.0,  -1.2,-140.9, -96.1, 875.6,   4.6,  -0.1
232581,  -2.4,   1.1,  -1.0, 186.0,   2.6,1137.8,   3.9,  -0.0
232605,  -4.8,  -5.6,   0.3,  64.9, -79.5,1245.5,   3.2,   0.4
232633,  -0.1,   2.2,  -2.2,-168.2, 112.9, 868.8,   3.0,   0.4
232657,  -5.3,  -2.8,  -4.0,  28.5,  73.4, 864.1,   3.7,   0.3
232681,   0.7,  10.1,   0.5,  39.3,-627.8,1622.7,   1.3,   0.1
232709,   2.0,  -0.4,  -0.8,-155.1, 107.8, 967.9,   1.2,   0.7
232733,   3.9,  -2.7,  -2.5,  94.4, 258.9, 929.8,   2.3,   0.7
232757,   0.4,  -0.0,  -2.5,  94.7, -34.3, 933.5,   2.6,   0.5
232781,  -2.6,  -3.7,  -1.0, 195.8, -93.4,1080.9,   1.8,   0.3
232809,  -2.9,  -1.7,  -0.8, -19.3, -90.9,1038.7,   0.7,   0.3
232833,  -2.8,   1.0,  -1.1,-138.2,   7.5, 885.6,   0.3,   0.2
232857,   0.3,   1.0,  -1.5, -84.5,  51.2, 942.7,   0.1,  -0.1
232881,  -0.1,  -0.5,  -0.6,  37.8,  16.7,1040.1,   0.2,  -0.2
232909,   1.4,  -4.0,  -0.1,  48.8,  20.9,1038.7,  -0.0,  -0.2
232933,   0.2,  -2.1,   1.1,  46.1, -61.1,1119.5,  -0.3,  -0.2
232957,  -0.4,   2.1,   0.0,  -1.0, -18.7, 969.6,  -0.6,  -0.5
232985,  -0.7,   2.7,   1.4, -54.5, -76.0, 956.2,  -0.8,  -0.4
233009,  -0.6,   1.8,   1.2,  14.1, -99.5,1014.3,  -1.2,  -0.3
233033,  -0.3,   1.4,   0.4,  71.3,-165.1,1029.4,  -1.9,  -0.5
233057,  -0.1,   1.1,   1.1, -86.0,  -9.1, 967.1,  -2.5,  -0.3
233081,   0.7,  -0.3,   3.4, -57.2, 156.9, 980.1,  -1.6,  -0.1
233109,   1.8,  -2.8,  -1.3,-102.6, -39.7,1009.6,  -1.0,   0.1
233133,   1.2,  -2.6,  -0.8, 153.0, -17.9,1001.3,  -1.0,  -0.3
233157,   1.1,  -1.8,   0.4,  22.2,  75.8,1017.4,  -0.7,  -0.9
233181,   1.4,   1.1,   2.8, -21.0, 103.2, 960.8,  -0.2,  -0.7
233209,   0.5,   1.5,   2.1, -41.0, 135.9, 968.4,   0.6,  -0.7
233233,   0.7,  -0.4,   1.1,  96.9, 127.1,1054.3,   1.4,  -0.8
233257,   0.5,   1.2,   0.2,  25.6, 137.6, 961.0,   2.1,  -0.8
233281,   0.5,  -1.1,  -1.3,  44.9, 120.0, 984.7,   2.7,  -0.9
233309,   1.3,  -1.0,  -1.1,  34.6, 119.0, 981.3,   3.1,  -1.1
233333,   1.6,  -1.8,  -0.6,  67.8, 207.9, 930.3,   3.8,  -1.1
233357,   0.7,   1.2,   0.1,  34.9, 209.6, 979.1,   4.5,  -1.2
233381,  -1.0,   0.9,   0.6,  38.8, 223.8,1003.3,   5.3,  -1.1
233409,  -2.3,  -1.0,   1.7,  31.7, 256.7, 900.2,   6.4,  -1.3
233433,  -4.8,  -0.1,   0.8,  55.1, 166.2,1053.8,   6.9,  -1.4
233457,   1.3,  -1.6,   1.6, 259.7, 411.5,1127.8,   7.2,  -1.2
233485,  -0.1,   1.7,  -0.6,  -7.1, 302.9, 857.5,   7.6,  -1.2
233509,  -0.7,  -2.0,   0.6, 167.9, 113.2,1069.7,   8.1,  -1.4
233533,  -2.0,   1.1,  -0.5,  25.6,  92.4, 964.2,   8.4,  -1.3
233557,   1.0,   2.2,  -0.9, -52.8, 278.0, 851.7,   9.0,  -1.1
233581,  -0.5,  -0.0,  -0.5,  87.6, 260.1, 900.5,   9.5,  -1.3
233609,  -0.3,   2.1,   0.3, -37.9, 166.4, 834.8,  10.1,  -1.3
233633,  -3.9,  -1.8,   0.7,-216.6, 248.7, 923.4,  10.5,  -0.5
233657,  -5.6,   2.4,  -0.8,-208.0, 140.3,1009.1,  10.1,  -1.0
233681,  -7.6,  -0.8,   0.3, 236.5, 107.6,1220.1,  10.1,  -1.3
233709,  -0.8,   4.1,   0.9, -14.4, 210.8, 673.4,   9.3,  -1.3
233733,  -4.5,   4.8,  -1.5,-205.6, 243.1, 626.6,   9.7,  -0.8
233757,  -9.9,  -1.3,   2.3,-126.7,-446.4,1032.1,   8.7,  -0.8
233785,   3.0,   4.4,   1.0,  35.4, 323.1, 842.1,   7.7,  -0.8
233809,  -1.3,   4.6,   0.3, -34.0, 156.9,1075.8,   8.0,  -0.4
233833,  -4.8,  -0.1,  -1.7, 288.1, 145.2,1162.9,   8.5,  -0.4
233857,  -7.5,   0.2,  -0.4, -22.0,-191.3, 832.4,   7.7,  -0.0
233885,  -5.7,  -1.8,   2.1,   0.5,-116.8, 794.5,   6.7,  -0.3
233909,  -4.3,   3.2,   1.4, 160.4, -63.6,1427.8,   5.8,  -0.7
233933,   1.6,   1.6,   2.2, 203.8, 112.7,1133.6,   5.6,  -0.7
233957,  -2.4,   3.7,   0.9,-346.0, -23.3, 823.8,   6.1,   0.4
233985,   3.3,  -3.0,   0.7, -29.1, 192.5, 997.2,   6.3,   0.4
234009,   1.9,   2.4,   0.6,  67.6, 119.0, 980.3,   5.4,  -0.0
234033,   2.1,   3.2,   2.4,-701.7,-256.2, 247.9,   4.2,   1.2
234057,   6.2,   0.7,   4.1, 221.9, 108.8, 947.4,   4.3,   1.3
234085,   5.8,   0.7,   0.4,  25.4, 284.1, 902.4,   4.6,   0.8
234107,   3.3,  -2.5,   0.7, -82.6, 194.7,1014.8,   4.8,   1.1
234135,  -2.8,  -4.6,   2.4,  22.2, -82.6,1290.9,   4.3,   0.9
234159,  -0.7,   0.4,   0.7,  52.0,  -9.1,1038.2,   3.5,   0.5
234183,   1.9,   1.7,   2.0,  22.9,-163.7, 807.7,   2.8,   0.6
234207,  -2.7,   1.6,   2.1, -70.6,-233.7,1032.8,   2.4,   0.4
234235,   6.1,   0.2,   2.7, -13.9, 261.4, 679.8,   2.5,   0.3
234259,   2.7,  -0.8,   2.1,  -3.2, -93.6,1039.4,   2.3,   0.4
234283,   4.1,   6.7,  -1.0,-401.2, -28.4, 616.6,   2.0,   0.6
234307,  -1.8,   0.4,   3.5, -12.0,-175.9,1120.7,   1.6,   0.4
234335,   0.9,   2.6,   2.9, 121.3,  52.4, 882.4,   1.4,  -0.3
234359,  -1.8,   3.7,   3.0, -78.6, -15.0, 870.7,   1.5,  -0.1
234383,  -3.3,   6.6,   2.7, -39.3,  78.0,1010.6,   1.6,  -0.3
234407,   0.0,   1.3,   7.9, 367.6,-301.1,1401.7,   0.1,   0.1
234435,   2.2,   3.7,   7.5, -25.7,-107.0,1004.0,  -0.7,   0.3
234459,   2.9,   2.6,   2.7,-124.3, -47.0, 949.1,  -0.6,   0.1
234487,   1.7,   4.0,   1.9, -86.7,-110.7,1082.1,  -0.8,   0.3
234507,   0.4,  -2.9,   2.7, 285.1,  41.6,1146.6,  -0.8,   0.1
234535,   0.7,  -4.8,  -2.3,  99.8, 163.5,1138.5,  -0.4,  -0.0
234559,   3.0,  -4.7,  -1.1,  17.5,-132.7,1047.7,  -0.1,   0.1
234583,   3.3,   1.5,  -0.8,-135.5,  93.6, 919.8,   0.2,  -0.7
234607,   0.7,  -1.8,   2.0,  39.8, 164.4, 971.3,   0.6,  -0.7
234635,   1.0,   1.9,   2.1,  23.9, 169.8, 907.6,   1.3,  -0.8
234659,   0.2,  -0.4,   1.3, -54.2, 141.3,1058.5,   2.2,  -0.8
234683,   1.3,  -1.8,   3.0, -42.3, 133.2, 883.9,   2.9,  -0.4
234707,   0.8,  -2.9,   2.5,  48.1,  49.7,1032.8,   3.2,  -0.6
234735,   2.4,  -1.3,   0.3,  28.5,  73.6, 959.8,   3.4,  -0.7
234759,   3.2,  -0.5,  -1.7,  50.5, 186.4,1038.9,   3.8,  -0.8
234783,   4.1,  -1.6,  -0.0,  80.0, 230.9, 911.5,   4.5,  -1.1
234807,   3.6,  -1.4,   1.0,  98.1, 202.5, 897.3,   5.4,  -1.5
234835,   1.8,   2.6,  -0.1, -16.4, 305.6, 971.8,   6.5,  -1.4
234859,  -0.5,   0.2,   0.5, -12.5, 228.4, 964.2,   7.6,  -1.3
234883,  -0.6,  -0.2,   2.2, 259.2, 230.1, 994.5,   8.5,  -1.7
234911,  -3.9,   3.6,   1.5, -21.3, 133.0, 896.6,   8.7,  -1.7
234935,  -3.8,   7.6,   2.5,  -3.2,  80.0, 928.8,   8.8,  -1.9
234959,  -8.0,   6.6,   2.8,  66.6,  99.0, 820.2,   8.9,  -2.2
234987, -10.9,   1.1,   9.1,  54.2,-497.2,1581.9,   8.3,  -2.2
235011,  -6.4,  12.4,   3.0,-117.5,-350.0, 884.1,   8.0,  -1.6
235035,  -0.2,   7.1,   4.1,  24.4, 277.5, 971.0,   8.1,  -1.3
235059,  -0.7,  -2.3,   4.7, -38.4, 300.7, 566.3,   8.0,  -0.8
235083,  -1.8,  -0.5,   3.6, -82.6,-110.9,1408.5,   7.9,  -0.1
235111,  -2.3,  -1.5,   4.0, 164.0, 183.2,1133.9,   8.1,  -0.5
235135,  -3.3,   9.6,   2.2, -32.3, 244.0, 695.4,   8.4,  -1.4
235159,  -6.3,  -4.3,   9.8, 400.1,-439.1,1402.7,   6.5,  -0.5
235183,   1.6,   4.5,   7.0,-298.4,  78.8, 891.0,   5.8,   0.3
235211,  -0.7,   9.7,   7.0, 119.8,-209.3,1574.1,   5.0,  -0.8
235235,   1.0,  -1.8,   6.2, -88.9, -75.3,1312.4,   5.3,   0.5
235259,   7.7,  -1.9,   5.5, -58.4, 251.8, 488.4,   6.0,   1.3
235283,   3.0,  -0.4,   6.2,  39.8,-182.2,1016.5,   5.4,   0.7
235311,  -5.5,   4.3,   3.8,-302.3, -45.8,1053.1,   4.5,   0.8
235335,  -6.9,   4.7,   0.6,-230.7,-210.1,1045.8,   3.2,   0.9
235359,  -1.2,  -2.0,   0.7, 156.2,  66.3, 798.7,   2.9,   0.7
235383,  -3.3,  -4.0,   1.3, 212.6, -25.3,1175.6,   2.8,   0.4
235411,  -1.2,  -4.5,   2.7,  56.9,-175.4,1313.6,   2.6,   0.6
235435,   0.6,   0.9,   1.9,-160.7, -31.8,1093.6,   2.6,   0.6
235459,   0.3,   3.9,   1.4,-143.8, -66.3,1275.2,   2.2,   0.3
235487,  -4.5,   0.7,   3.3, -28.8,-285.0,1348.2,   1.8,   0.3
235511,   0.5,  -2.5,   3.6, 107.4,  12.3, 838.2,   2.2,   0.0
235535,   3.1,  -3.1,   3.6, 127.4, 260.4, 845.6,   2.6,  -0.0
235559,  -0.0,  -0.8,   2.8, -47.6, -57.5, 712.5,   2.5,   0.1
235583,  -1.7,   5.1,   3.5, -24.7,-184.7,1117.0,   1.6,  -0.4
235611,  -1.8,   1.5,   4.1,-229.3, -78.2, 943.2,   0.9,  -0.2
235635,  -1.8,  -2.5,   3.3,  38.3, -23.3,1137.1,   1.0,  -0.1
235659,   1.4,   0.4,   3.5,  69.3, -44.3, 964.9,   0.6,  -0.3
235683,  -1.1,   1.2,   3.3, -10.0,-113.1,1015.2,  -0.1,  -0.3
235709,  -0.3,   1.0,   3.5,  -8.3, -93.9, 893.9,  -0.9,  -0.5
235733,  -0.3,  -0.9,   0.0,-138.0,   1.8,1015.2,  -1.4,  -0.4
235761,   2.5,  -3.6,  -4.8, 127.2,  14.5,1090.2,  -0.9,  -0.8
235785,   1.8,  -2.1,  -3.4, 146.7,  48.5,1153.7,  -0.5,  -1.3
235809,   2.9,  -0.1,  -3.3, -59.6,  42.6, 934.7,  -0.3,  -1.3
235833,   1.4,  -0.9,  -1.9,  -6.6,  85.6, 957.6,  -0.0,  -1.1
235861,   0.7,  -0.2,  -1.7,  26.6,  56.8,1020.1,   0.5,  -1.3
235885,   0.2,  -0.5,  -3.6,  44.9,  98.3, 987.7,   1.1,  -1.6
235909,   0.3,  -0.1,  -4.4,  22.4, 151.0, 953.0,   1.6,  -1.7
235933,   1.6,  -1.8,  -6.4, -64.7, 103.7, 884.1,   2.0,  -1.7
235961,  -0.4,   0.4,  -7.8,  37.1,  69.5, 941.5,   2.7,  -2.1
235989,  -0.9,  -0.8,  -8.1,  32.2,  49.5, 971.0,   2.6,  -2.2
236009,  -2.3,  -1.6,  -6.9,  26.3, -34.5,1420.8,   2.4,  -2.0
236033,   3.6,  -1.3,  -7.8,  44.4, 208.6, 941.5,   3.0,  -2.0
236061,   4.3,  -1.3,  -8.0, -23.2, 338.0, 907.1,   4.4,  -2.0
236085,   0.7,  -3.9,  -9.1,   4.9, 212.1, 976.9,   5.6,  -1.9
236109,  -1.4,  -4.1,  -8.5,  64.4, 141.7, 974.5,   6.0,  -2.0
236137,  -1.3,  -1.0,  -9.3,-163.9, 123.7, 830.7,   6.3,  -2.1
236161,  -2.8,   1.7,  -8.2,  25.6,  83.4,1097.3,   6.6,  -2.1
236185,   0.0,   3.1,  -9.4, 161.1, 177.1,1119.7,   6.9,  -2.3
236209,   0.3,   2.5, -10.1,-169.5, 163.2, 673.0,   7.3,  -1.9
236237,   1.6,   0.8,  -8.7, -13.7,  94.1, 829.0,   7.3,  -2.1
236261,  -2.8,  -2.3,  -6.9, 135.7,  55.1, 964.0,   7.5,  -1.9
236285,   0.7,   1.5,  -5.3,  19.0,  52.9,1098.0,   6.6,  -1.7
236309,  -4.2,  -0.6,  -3.8, 126.7, -26.7,1187.4,   6.2,  -1.6
236337,   0.7,   4.4,  -1.2,  65.9, 199.8, 652.0,   5.8,  -1.4
236361,  -2.1,   2.5,  -1.4, -70.1,   9.7, 887.8,   5.7,  -1.1
236385,  -1.8,   0.8,  -3.3, -35.4,  96.6,1006.2,   6.1,  -1.1
236409,  -0.0,   1.5,  -3.0,   5.6,-424.4,1604.1,   5.0,  -0.8
236437,   0.5,   0.4,  -3.6,  30.0, -57.5, 944.7,   4.9,  -0.8
236461,  -0.9,   2.7,  -3.7, 159.9, -94.3,1244.0,   4.3,  -1.7
236489,  -1.5,   5.2,  -3.4,-214.9,  41.4, 981.1,   4.3,  -1.4
236509,  -1.2,  -1.8,  -3.1, 102.0, 126.1,1416.9,   4.4,  -1.4
236537,  -2.9,  -3.4,  -1.4, 102.0,-126.6,1120.0,   3.9,  -1.4
236561,  -5.0,   0.4,  -1.9,   5.3,-205.4,1226.9,   3.3,  -1.2
236585,   0.5,  -3.2,  -1.9, 230.9,  89.5,1069.9,   2.9,  -1.2
236609,  -0.4,   0.7,  -2.0, 119.8, -10.4,1251.3,   2.5,  -1.4
236637,  -1.0,   2.5,  -2.0,-189.2, -22.3,1038.7,   2.6,  -0.9
236661,  -0.0,   1.0,  -2.0,-163.9, -78.0, 870.0,   2.3,  -0.9
236685,   1.0,  -1.8,  -0.9, 235.3,  14.5, 984.0,   1.8,  -1.1
236709,  -0.6,   0.1,   1.3,   0.7, -29.6,1079.2,   1.4,  -1.1
236737,  -0.9,   0.9,   0.8, -86.7, -65.8,1020.1,   1.1,  -1.0
236761,  -1.4,   3.1,   0.7, -64.5,  59.2, 956.4,   1.0,  -1.0
236785,  -2.2,   1.4,   1.4,   9.7, -44.3,1037.7,   0.9,  -1.0
236809,   0.0,   3.3,   1.7,-180.9, -14.0, 852.9,   0.6,  -0.8
236837,   0.8,   1.6,   1.4,  56.4,-118.0,1118.3,  -0.4,  -0.9
236861,   1.4,  -1.5,   1.0,  73.2,  33.8, 933.7,  -0.4,  -0.8
236885,   1.0,   0.3,   1.9, -10.0,  -3.8,1058.2,  -0.6,  -0.8
236909,   0.2,   2.7,   3.0, -62.0,  -8.6, 987.4,  -0.7,  -0.7
236937,  -0.3,   1.3,   3.7,  10.5, -17.0, 984.2,  -0.8,  -0.6
236961,  -0.6,  -0.6,   3.3,  37.6, -12.3, 996.0,  -0.7,  -0.6
236989,  -0.3,  -2.0,  -1.1, 162.6, -67.2,1036.2,  -0.9,  -0.8
237009,  -0.4,  -1.0,  -6.2,  11.2,-121.4,1008.9,  -1.5,  -1.2
237037,   0.3,  -2.9,  -7.8, -73.5, 177.6, 960.8,  -1.0,  -0.9
237061,   1.7,  -2.7,  -6.2,  17.8, 158.1, 919.5,  -0.2,  -1.1
237085,   0.5,  -4.6,  -5.0,  51.0,  84.9, 988.4,   0.3,  -1.0
237109,   0.4,  -2.0,  -4.5,  43.7,  78.5, 992.3,   0.7,  -1.1
237137,  -0.9,   2.1,  -4.2, -98.4,  99.5, 949.3,   1.3,  -1.4
237161,  -0.4,  -2.1,  -3.2,  63.4, 141.0,1013.0,   1.9,  -1.5
237185,   0.2,  -1.8,  -3.3,  81.5, 191.1, 982.8,   2.8,  -1.6
237209,  -0.7,  -1.1,  -4.5,  59.3, 170.5, 967.6,   3.4,  -1.8
237237,  -1.5,   0.4,  -6.2, -14.2,  96.6,1032.3,   3.7,  -1.9
237261,  -0.7,  -1.0,  -7.2,  88.6, 173.2, 946.6,   4.2,  -2.0
237285,  -1.5,  -1.2,  -7.2,  42.7, 229.6, 956.6,   4.9,  -2.0
237311,  -2.8,  -2.5,  -6.7, 127.4,  65.3,1140.7,   5.5,  -1.8
237335,  -1.7,  -0.4,  -7.3, -24.2, 143.9,1036.0,   6.0,  -1.7
237363,  -2.2,  -0.6,  -5.1, -61.3, 216.0, 963.0,   6.6,  -1.7
237387,  -1.4,   0.5,  -4.7, -90.9, 121.2, 955.9,   7.0,  -1.6
237411,  -1.4,   0.2,  -4.2, -45.2, 206.7, 928.1,   7.5,  -1.6
237435,  -1.7,   0.1,  -4.8,  42.0, 203.8, 852.9,   8.0,  -1.6
237463,  -2.1,   1.5,  -7.7,  -8.1, 263.3, 754.3,   8.9,  -1.8
237491,  -7.0,   3.5,  -6.2, 277.3, 126.4,1019.1,   8.8,  -2.0
237511,  -3.4,  -2.8,  -3.4,  38.8, 107.8, 933.5,   8.3,  -1.5
237535,   0.3,   2.8,  -5.1,  -6.1, 210.1, 978.4,   8.5,  -1.4
237563,   0.2,   5.9,  -3.9,   5.3,  54.3, 907.1,   8.3,  -1.6
237587,   3.4,   2.4,  -1.7, -69.4, 291.4,1020.4,   8.1,  -1.1
237611,   0.5,   6.2,  -0.8, -52.5,  22.8,1360.2,   7.7,  -1.1
237635,   1.1,   6.4,   0.3, -28.6,  48.7, 721.8,   6.8,  -0.4
237663,  -4.0,   4.6,  -2.0,-103.1, -99.2,1063.1,   5.9,  -0.0
237687,   0.7,   0.5,  -4.5,-201.0, 150.3, 954.2,   6.2,   0.3
237711,   1.2,   1.5,  -8.3,-181.4,  -4.7,1044.5,   6.1,   0.2
237735,   1.7,   0.6,  -7.3,-109.9,  74.8, 776.2,   5.6,  -0.4
237763,   1.8,   0.9,  -5.2,-141.4, 155.9, 739.6,   5.3,  -0.2
237787,   0.1,  -1.8,  -3.0, 192.4, -78.5, 953.2,   4.9,  -0.8
237811,   0.9,   1.0,   0.6,  46.6,  84.6, 833.6,   3.8,  -0.7
237835,   6.0,  -4.2,   0.6,  61.5, 329.5, 883.2,   4.0,   0.2
237863,   2.2,  -2.5,  -2.2,  90.5,  90.2,1179.5,   4.4,   0.1
237887,   3.0,  -5.0,  -0.4, -24.2,  35.3, 906.4,   3.8,   0.0
237911,  -0.1,   0.6,  -2.2,  98.8,-119.0,1334.6,   3.0,  -0.3
237935,  -0.9,   0.8,  -2.8, -66.2, 119.8, 948.8,   2.8,  -0.4
237963,   2.7,  -1.3,  -3.3,  92.3, 128.6, 910.5,   2.3,  -0.5
237991,   2.7,   1.6,  -3.2, -21.0,  67.3, 872.7,   2.3,  -0.5
238011,   0.7,  -0.8,  -1.4,  22.4, -24.5,1146.8,   2.5,  -0.4
238035,  -0.7,  -6.7,  -0.4,  22.7,  25.8,1046.7,   2.9,  -0.1
238063,  -0.5,  -0.2,  -0.7,  72.0, -18.4,1224.7,   1.9,  -0.4
238087,  -0.2,   0.7,   0.0, -72.3,  39.9, 718.9,   1.3,  -0.2
238111,  -1.7,  -3.7,  -0.3,  81.8,  48.7, 991.8,   0.9,  -0.1
238135,  -0.0,  -2.2,  -2.5,  23.9,  75.1, 883.2,   0.9,  -0.2
238163,  -3.6,  -0.6,  -3.4, 196.5, -73.3,1072.6,   0.9,  -0.7
238187,  -1.7,  -3.4,   0.5, 166.5,  13.6, 912.9,  -0.1,  -0.8
238211,   2.0,  -1.4,   0.0,  -1.5,  65.3,1061.6,  -0.8,  -0.3
238235,   1.4,   0.9,  -2.6, -47.2,  30.7,1071.1,  -0.4,  -0.5
238263,   2.3,   2.5,  -1.4, -85.0,  26.3,1007.9,   0.1,  -0.6
238287,   0.2,   0.6,  -1.2, -41.0,-117.3,1093.9,  -0.3,  -0.5
238311,  -1.4,   1.8,  -0.3,   8.5, -73.8,1038.2,  -0.7,  -0.5
238335,  -1.1,   2.5,   0.5, -37.4,  -8.4,1074.3,  -1.0,  -0.7
238363,  -1.1,   3.1,   3.2,  -1.0, -36.0,1057.5,  -1.4,  -0.7
238387,   0.1,  -0.7,   1.7,  68.1, -86.0,1065.0,  -1.5,  -0.7
238411,   2.9,  -3.9,  -0.8, 194.5,  91.0, 907.1,  -1.6,  -0.7
238439,   3.0,  -2.8,  -5.6, -94.3, 171.5, 976.4,  -0.5,  -0.4
238463,   4.5,  -2.3,  -4.4,  66.9,  31.1,1023.8,   0.1,  -1.3
238491,   2.8,  -3.6,  -0.3, -12.5,  37.7,1037.7,   0.1,  -1.4
238511,   0.7,  -0.7,  -0.8, -20.8,  40.2, 915.4,   0.3,  -1.3
238539,   0.5,  -0.1,  -0.8,  73.2, 133.4,1015.0,   1.0,  -1.6
238563,   0.4,  -1.7,  -2.0,  -2.7, 205.2,1006.9,   1.9,  -1.5
238587,   2.2,  -1.2,  -2.0, -36.7, 180.1, 957.1,   2.9,  -1.4
238611,   2.8,  -3.2,  -1.4,  56.1, 247.9,1033.5,   3.8,  -1.5
238639,   1.2,  -0.6,  -2.3, -90.6,  99.3, 952.0,   4.3,  -1.5
238663,   1.1,  -0.6,  -2.2,   5.1, 134.2, 953.2,   4.4,  -1.4
238687,   0.6,  -4.0,  -1.9, 122.8, 215.0, 968.9,   5.0,  -1.6
238711,   0.8,  -1.4,  -1.9, 111.3, 294.8,1053.1,   5.9,  -1.8
238739,   0.5,  -1.1,  -0.5,   9.0, 183.5, 805.5,   6.7,  -1.5
238763,  -0.9,  -0.8,  -0.1, -31.8, 221.8, 951.8,   7.5,  -1.5
238787,  -1.2,   4.4,  -1.4,-103.5, 198.6, 946.9,   7.7,  -1.9
238811,  -3.1,   3.0,  -1.7, -59.1,  45.3,1012.3,   8.1,  -1.7
238839,  -2.2,  -1.8,   1.6,  38.3, 123.7,1235.9,   8.5,  -1.3
238863,   2.7,   5.5,   0.3,-149.2, 124.4, 661.0,   8.7,  -1.3
238887,  -2.0,   3.2,   0.5,-173.6, -61.4,1199.3,   9.1,  -1.3
238913,  -3.9,   1.9,   2.1,  -2.5,  79.5,1173.0,   9.4,  -1.4
238937,  -1.0,   6.9,   3.1, -76.7, 171.8, 721.0,   9.2,  -1.0
238961,  -4.2,   4.3,   5.2,  70.0, 262.1,1022.6,   8.6,  -1.0
238989,  -6.1,   1.5,   4.7,  79.1, -72.6,1355.3,   8.4,  -1.0
239013,   1.0,   7.3,   4.3,-116.0, 397.6, 704.0,   8.1,  -0.6
239037,  -0.9,  -1.2,   6.4, 141.1, 239.2, 921.5,   8.0,  -0.3
239061,  -1.5,  -1.4,   3.0,   2.7, 216.7,1006.2,   8.0,   0.1
239089,  -5.6,   1.6,   0.1,  71.0, -94.3,1128.8,   7.7,  -0.0
239113,  -2.0,   7.6,   1.7,-183.9,-277.2,1633.4,   7.1,  -0.4
239137,   5.0,   6.9,   4.4,-256.6, -40.6, 555.8,   4.4,   0.2
239161,   5.2,  -3.1,   4.9, 221.4, 283.1, 894.4,   5.9,   0.6
239189,   1.9,  -1.0,   2.2,-201.2, 108.8, 712.7,   6.6,   0.9
239213,  -0.2,  -3.4,   3.3, -51.1,-118.3, 823.3,   5.8,   1.1
239237,  -1.7,  -1.7,   3.9, 202.1,-119.0,1048.9,   4.8,   0.8
239261,  -3.9,   2.6,   4.4, -54.7,-136.1, 911.5,   3.5,   0.7
239289,  -1.0,  -1.5,   3.2, -19.3,  -1.6,1003.3,   2.9,   0.6
239313,  -0.8,  -1.0,   2.2,  35.1, -10.4,1027.4,   2.8,   0.4
239337,   3.9,   2.2,   1.0,  -1.3,  21.4, 892.9,   2.7,   0.1
239361,   2.4,   0.8,   1.9,  56.9,  79.7, 889.3,   2.6,  -0.1
239389,   1.0,   1.8,   5.1,-103.3,-145.6,1277.4,   2.3,  -0.2
239413,  -1.2,   4.0,   4.8, -40.3, -78.2,1019.6,   1.7,   0.1
239437,  -0.2,   4.6,   4.1, -92.6,   9.9, 879.7,   1.3,   0.2
239465,  -1.5,  -2.6,   3.6,  86.6,   9.4, 988.4,   1.1,   0.1
239493,  -1.4,   1.9,   1.4, -12.5,  21.1, 909.8,   0.9,   0.2
239513,  -1.8,  -2.4,   1.4, -18.8,  62.9, 930.0,   1.1,   0.2
239537,  -6.1,  -1.2,   1.6,  -5.2,  34.1,1007.4,   1.1,  -0.0
239565,  -3.7,   0.6,   7.4,  55.4, -78.5, 862.4,  -0.4,  -0.2
239589,  -0.3,   6.8,   5.9,-153.6,-153.4, 976.7,  -1.8,  -0.5
239613,   1.2,   4.0,   5.9,  67.1,  38.2,1058.7,  -1.7,  -0.5
239637,   4.9,   0.5,   5.5,  82.0,  64.1, 991.6,  -1.3,  -0.4
239665,   3.5,   1.0,   2.4,-173.4,-140.7, 910.5,  -1.4,  -0.1
239689,   1.1,  -0.6,  -1.0, -82.6,  45.5, 888.5,  -1.5,   0.1
239713,  -0.3,  -6.0,  -4.2, 129.6,   5.8,1082.1,  -1.4,  -0.3
239737,   1.4,  -5.1,  -0.6,  38.8,   1.1,1000.3,  -0.9,  -0.4
239765,   1.2,  -0.1,   0.3, -56.2,  25.5,1013.5,  -0.5,  -0.8
239789,   0.9,   0.1,   1.7,  40.0, 135.9,1011.8,  -0.0,  -0.6
239813,  -0.0,  -1.0,   0.9, 120.8, 224.5, 992.3,   1.0,  -1.0
239837,   0.2,  -1.4,   1.7,  50.7, 154.2, 965.2,   1.9,  -1.1
239865,   0.0,  -1.7,   1.7,  14.6, 153.2, 998.1,   2.9,  -1.2
239889,  -0.3,  -0.7,   0.8,  66.9, 146.6, 944.7,   3.5,  -1.1
239913,   1.3,  -0.4,   1.1,  52.5, 105.6,1033.5,   3.7,  -1.1
239937,   1.1,   2.8,  -0.1, -20.8, 219.4, 960.6,   4.3,  -1.2
239965,  -1.1,  -0.1,  -1.7, -31.8, 101.0, 942.0,   5.0,  -1.4
239993,  -0.4,  -0.9,  -3.6, 115.9, 190.1, 971.5,   5.1,  -1.6
240013,  -2.6,  -1.1,  -3.8,  74.4, 206.4,1017.9,   5.9,  -1.6
240037,  -3.3,  -2.8,  -3.5,  32.2, 164.9,1051.1,   6.5,  -1.6
240065,  -3.4,  -2.2,  -3.4, 195.8, 268.0, 975.0,   7.0,  -1.8
240089,  -4.9,  -3.1,  -2.6,  74.9, 193.7,1134.6,   7.2,  -1.4
240113,  -1.4,  -0.4,  -2.6,  69.3, 278.2, 851.2,   7.9,  -1.6
240137,  -4.2,   2.6,  -3.9, -64.2, 230.1,1045.0,   8.2,  -1.7
240165,  -4.2,   5.0,  -0.9, -48.9,-381.2,1394.6,   7.1,  -1.6
240189,  -2.3,   6.2,  -1.2, -65.2,  46.8,1041.1,   6.9,  -1.5
240213,  -0.9,   3.5,  -2.6, -13.9,  60.4,1089.2,   7.0,  -1.4
240237,  -1.4,   3.7,  -1.5, -88.9,  26.5, 876.8,   6.8,  -1.1
240265,  -8.2,  -1.0,  -2.2,  24.1,-323.3,1219.6,   5.9,  -0.9
240289,  -1.3,   0.2,  -0.8,-126.5,  44.6, 958.8,   5.9,  -0.5
240313,  -1.7,  -0.9,  -4.1,-141.4,  78.0, 859.7,   5.8,  -0.6
240337,  -0.7,  -1.2,  -4.5, 181.9,  37.0,1173.9,   5.4,  -0.8
240365,   2.5,   3.9,  -3.8, -67.7,   5.5, 798.4,   5.0,  -1.0
240389,   1.9,   1.1,  -0.6, 278.3,  -5.2,1159.5,   4.8,  -1.0
240413,  -2.3,  -7.5,   3.0,   2.2,  35.3,1007.4,   5.4,  -0.2
240437,  -5.3,  -0.5,   3.5,-188.5,-225.7,1402.2,   4.5,   0.0
240465,  -3.3,  -2.6,   3.5, 263.4,  42.6,1240.3,   4.0,  -0.0
240493,  -2.6,   1.5,   1.7,-195.3, 170.1, 848.7,   4.1,   0.3
240512,  -0.3,   6.2,   0.5,-282.0,-187.1, 759.6,   3.7,   0.2
240540,   1.9,  -1.2,   3.2, 227.8,-179.8,1004.3,   1.7,  -0.1
240564,   1.3,  -4.2,   1.9, 193.3, 147.1, 939.1,   2.1,   0.2
240588,   1.8,   0.7,   0.3, -67.4, 112.2, 851.7,   2.5,   0.1
240616,   1.3,  -0.6,   0.2,-132.8,  83.1, 775.5,   2.3,   0.2
240640,  -2.0,  -0.6,   1.9,  16.3, -82.9, 989.6,   1.6,   0.1
240664,  -2.8,   1.9,   2.4,  11.0, -86.5,1140.7,   1.1,   0.1
240688,  -1.7,  -1.4,   1.9,  36.6,  -9.9,1206.6,   0.8,   0.1
240716,   0.4,   1.1,   0.8,  -0.0,  -0.3,1057.5,   0.7,  -0.1
240740,   1.8,   4.3,   0.6,  -5.6,   0.4, 968.1,   0.6,  -0.3
240764,   2.1,   0.4,   1.9,  81.0,  54.1,1072.6,   0.3,  -0.3
240788,  -0.6,  -0.1,   1.7, -79.9,  27.0, 897.8,   0.2,  -0.1
240816,  -2.1,   0.8,   0.3, -40.3,-107.5, 976.9,  -0.2,  -0.3
240840,  -0.4,   0.4,   0.6,  72.0, -86.0,1016.2,  -0.6,  -0.6
240864,   0.1,   3.0,   0.7, -34.0, -36.7, 933.0,  -1.0,  -0.6
240888,  -0.3,   0.5,   1.9,  17.5, -78.5,1038.7,  -1.2,  -0.6
240916,  -1.2,  -0.2,   2.5,  -7.6,-124.1,1034.8,  -1.6,  -0.5
240940,  -0.6,   1.0,   3.2,  42.0,-121.7,1051.4,  -2.0,  -0.7
240964,  -0.1,  -0.9,   1.9,  73.2,  -2.3, 986.9,  -2.3,  -0.8
240992,   1.0,  -1.7,  -4.0, -51.3,  76.6, 984.0,  -2.3,  -0.8
241016,   1.1,  -4.3,  -4.9, 198.9,  -0.3, 980.6,  -1.6,  -1.1
241040,   1.0,  -2.0,  -3.6,  21.7,  79.7, 993.3,  -1.4,  -1.4
241064,  -0.1,  -1.9,  -3.4, -28.6,  29.7, 968.4,  -1.1,  -1.3
241088,  -2.0,  -0.7,  -4.2,  71.5, 115.4, 985.0,  -0.5,  -1.5
241116,  -1.9,  -1.3,  -3.5,   1.7, 170.5, 928.8,   0.6,  -1.4
241140,  -0.6,  -2.2,  -2.6,  44.6,  46.5,1049.2,   1.0,  -1.4
241164,   1.3,   0.1,  -2.6,  72.0, 125.1,1018.2,   1.4,  -1.5
241188,   2.8,   1.0,  -2.5, -21.0, 159.6, 945.2,   2.1,  -1.6
241216,   1.8,  -1.3,  -4.8,  30.7, 210.1, 962.3,   3.2,  -1.6
241240,   1.8,  -3.5,  -4.8,  31.0, 133.9, 954.9,   3.8,  -1.5
241264,   0.4,  -2.3,  -5.4,  21.2, 167.1, 933.5,   4.5,  -1.6
241288,  -1.8,  -2.5,  -6.5,   6.6, 181.3, 944.2,   5.1,  -1.9
241316,  -1.6,  -0.7,  -6.9,  54.2, 163.5,1016.7,   5.6,  -2.0
241340,  -0.4,  -1.8,  -5.5, 127.7, 282.4,1053.8,   6.3,  -1.8
241364,  -0.1,  -2.4,  -3.1, 133.8, 137.1,1011.1,   6.9,  -1.8
241388,  -0.5,   0.3,  -3.0,  79.6, 138.6, 998.4,   7.2,  -1.8
241416,  -0.7,  -1.7,  -2.9,  62.2, 180.3, 970.1,   7.6,  -1.7
241440,  -1.7,   0.8,  -4.4, 125.2, 256.7, 936.4,   8.3,  -2.3
241464,  -3.3,   3.7,  -1.7,-120.1, 387.1, 915.6,   8.7,  -2.1
241492,  -1.6,   4.3,  -0.9,-113.3, 198.1, 979.8,   8.9,  -1.8
241516,  -2.2,   5.1,  -2.9,-267.9,  80.0, 798.9,   8.5,  -1.6
241540,  -1.6,  -2.0,  -2.6, 249.5, 142.5, 992.0,   8.8,  -1.6
241564,   0.2,   8.0,  -2.3, 115.0,-119.7,1712.7,   8.2,  -2.4
241588,  10.9,   8.7,   1.1,  39.0, 634.2, 316.8,   8.3,  -1.5
241616,   1.1,   7.3,  -2.9,-245.9, -60.9, 973.0,   9.1,  -1.1
241640,  -4.9,   6.8,   0.2,-273.7,-190.8,1092.6,   8.1,  -0.7
241664,   1.1,   0.4,   2.2, 172.3,  16.0,1015.7,   7.4,  -0.4
241688,  -0.7,  -0.6,   2.7, 150.6, 375.9,1070.4,   6.8,  -0.2
241716,   0.7,   1.3,  -0.3, -42.0, 307.8, 702.0,   6.5,  -0.1
241740,   3.6,   1.1,  -1.6, 208.0, 221.3, 823.6,   6.3,  -0.2
241764,   6.5,   4.0,  -1.1,-110.9, 272.6, 594.8,   6.4,   0.3
241792,   7.4,  -2.7,   3.5,-143.6, 258.2, 583.6,   6.7,   0.5
241816,  -4.0,  -2.3,   4.4,  93.5, -81.9,1567.0,   6.3,   0.9
241840,   1.8,  -2.7,   3.0, 217.7,  24.3, 965.2,   5.7,   1.0
241864,  -1.0,  -0.3,   0.8, 316.1, 325.1, 915.4,   6.2,   0.5
241892,   5.7,   7.6,   2.7,-250.0,-343.9,1096.5,   4.3,   0.6
241916,   4.9,   5.2,   2.5,-403.4, 206.9, 916.9,   4.8,   1.3
241940,   4.6,   2.1,   0.3, -55.5,  77.8, 872.4,   5.1,   0.9
241964,   0.9,  -3.4,   0.8, 233.4,-107.5,1273.5,   4.8,   0.8
241992,   0.1,   1.3,   0.6,  -3.9, -37.7, 812.8,   4.6,   0.8
242016,  -0.5,  -0.3,   1.6,  85.7,  61.2, 843.1,   4.3,   0.7
242040,  -2.1,   1.6,   1.9, -27.9,-264.3,1298.9,   3.7,   0.8
242064,  -0.4,   2.3,   0.6, -64.0, -30.4, 913.9,   3.3,   1.0
242092,   1.3,  -8.2,   4.4, 317.6,  34.8,1154.9,   3.5,   0.8
242114,  -1.4,   0.7,   3.5, -25.9, -85.6, 912.2,   2.9,   0.6
242142,  -1.4,   4.6,   3.7,-142.1,-144.1, 991.1,   2.1,   0.8
242166,  -1.4,   3.0,   3.5,-166.3,   2.6, 829.2,   1.5,   0.9
242190,  -1.1,  -1.0,   2.9,  22.7,  29.9, 996.0,   1.2,   0.6
242214,  -1.1,  -0.6,   1.3,  56.6,  28.9, 975.7,   1.4,   0.4
242242,  -2.6,  -1.4,   1.6, 151.8,-207.4,1188.3,   0.9,   0.3
242266,   0.8,  -2.3,   3.9, 141.6, -52.8, 927.1,  -0.4,   0.2
242290,   2.5,   2.6,   4.1, -19.1,   7.5, 951.0,  -1.3,   0.2
242314,   4.2,   1.5,   2.8, -14.4, 124.7, 958.1,  -1.1,   0.3
242342,   2.4,  -2.3,   2.7,  21.2,  13.8, 943.7,  -0.7,   0.4
242366,   1.0,  -1.9,   2.5, -27.9,  -4.7,1065.3,  -1.0,   0.2
242390,  -0.4,  -5.0,   1.2, -53.0,  39.7, 997.7,  -0.8,   0.3
242414,  -0.2,  -4.3,  -2.2, 136.4, -12.1,1020.6,  -0.9,  -0.2
242442,  -0.1,  -0.7,  -1.7,  29.3,   0.9, 982.0,  -1.0,  -0.8
242466,   1.4,   1.6,  -0.3,-100.9, 102.7, 965.2,  -0.5,  -0.8
242494,   0.8,   1.0,   1.4, -72.1, 167.6, 929.3,  -0.4,  -0.7
242514,   1.1,  -1.8,   1.9, -69.9, 151.3, 911.7,   0.3,  -0.4
242542,   1.3,  -4.2,   2.0,  58.1, 111.7, 960.1,   1.1,  -0.6
242566,   0.3,  -1.0,   0.2, 177.5,  36.5,1182.5,   1.8,  -0.9
242590,   0.5,   0.4,  -0.1,  16.6, 108.0, 995.7,   2.2,  -1.1
242614,  -0.2,  -0.7,  -1.6,  32.4,  40.7,1065.3,   2.6,  -1.2
242642,   1.1,  -0.9,  -1.4, 128.1, 189.8,1011.6,   3.3,  -1.4
242666,   2.4,  -0.1,  -1.9, -15.2, 158.3,1087.3,   4.1,  -1.5
242690,   2.4,  -1.7,  -2.2,  50.0, 128.8,1026.5,   5.0,  -1.5
242714,   1.7,   1.1,  -2.0,  37.3, 106.6, 949.3,   5.7,  -1.4
242742,   1.3,  -1.6,  -0.2,  88.3, 275.0,1008.2,   6.7,  -1.5
242766,  -0.3,   0.7,   1.4, 128.6, 125.9, 979.6,   7.3,  -1.7
242790,  -1.2,   1.5,   0.9,  11.0, 127.8, 962.5,   7.8,  -1.7
242814,  -2.6,   3.6,   0.4,  -6.6, 323.9,1002.1,   8.4,  -1.6
242842,  -5.7,   7.7,  -2.0,  -3.5,  70.5, 968.4,   8.5,  -2.2
242866,  -2.5,   1.0,  -0.0, -35.9,  95.1, 912.5,   8.6,  -1.5
242890,  -2.9,   0.7,   2.4,  92.3,  10.6,1134.1,   8.1,  -1.3
242918,  -3.3,   4.3,   1.7,  54.7, -95.8,1074.8,   8.4,  -0.9
242942,  -1.7,   2.3,   1.7,  34.1, 145.6,1111.4,   8.1,  -0.9
242966,  -4.6,   4.8,   3.3,-117.0,-246.0,1062.4,   7.2,  -0.3
242994,   1.1,   1.8,   2.8,-282.5,   3.1, 686.1,   7.2,   0.1
243018,   1.0,   4.3,   3.3,-348.7, 186.9, 552.8,   7.2,   0.5
243042,  -2.0,   6.0,  -1.5,  43.2,  -0.1,1015.7,   7.1,   0.4
243066,  -0.4,  -2.5,   0.5, 255.1, 174.9, 899.5,   6.8,   0.6
243090,   0.8,   5.3,   1.2, 109.8,  60.2, 906.8,   6.1,   0.3
243118,  -1.6,   5.9,   2.4,-193.4, 139.8, 847.3,   6.1,   0.6
243142,   0.3,  -6.3,   6.4, -39.1, -98.2,1108.7,   5.3,   1.7
243166,   0.2,   1.9,   3.0, -71.3, -11.6, 861.9,   4.6,   1.5
243190,  -2.9,   1.5,   3.0, 184.3, -24.0,1021.8,   3.8,   0.1
243218,  -1.5,   0.1,   1.9, -74.0, -77.7,1170.8,   3.3,   0.5
243242,   1.0,  -1.2,   0.8, -11.0,  38.0, 903.2,   3.3,   0.7
243266,   1.1,   0.3,   0.6,-123.8, 133.0, 846.5,   2.9,   0.4
243290,  -2.8,  -1.0,   0.3,  -0.8,-199.6,1158.5,   2.4,   0.3
243318,  -2.0,   0.4,   2.2,  38.8,  20.9,1096.3,   2.1,   0.1
243342,  -0.4,   0.7,   3.3, 124.2,  44.8, 973.7,   1.8,  -0.0
243366,   1.8,   2.2,   4.9,  -8.3, 175.7,1100.2,   1.8,  -0.1
243390,   0.6,   0.8,   3.6, -33.2, -35.5, 972.3,   1.6,   0.1
243418,  -0.9,  -0.4,   2.2, -15.2,-108.5,1105.1,   1.2,   0.1
243442,  -1.5,   0.8,   2.7, -60.1, -30.6, 976.7,   0.7,  -0.1
243466,   0.2,   3.3,   2.2,-119.7,  31.4, 811.6,   0.4,  -0.2
243494,  -1.4,   3.0,   2.4,-116.5,  16.3, 967.4,   0.3,  -0.0
243518,  -1.5,   0.2,   3.8,  62.0,-135.6,1006.5,  -0.1,   0.0
243542,   3.2,   2.3,   2.8,-104.5,  16.5, 901.2,  -0.9,   0.1
243566,  -0.4,   3.1,   2.7, -40.3, -10.1, 971.5,  -0.6,  -0.1
243590,   0.1,   1.0,   3.9, -60.1, -29.6, 938.1,  -0.5,  -0.3
243618,  -0.3,  -0.2,   3.4,-120.9,  56.5, 895.4,  -0.5,  -0.0
243642,  -2.2,   3.2,   3.9, -20.3, -77.5,1051.1,  -0.8,  -0.1
243666,  -2.2,   3.6,   4.5,  41.7,-181.5,1062.1,  -1.4,  -0.4
243690,  -1.5,   2.4,   5.5, -12.5,-148.1,1004.5,  -2.1,  -0.3
243716,  -1.5,  -1.8,   2.5,  80.8, -18.4,1041.6,  -2.5,  -0.5
243740,   0.1,  -2.4,  -1.0,  30.7, 181.0, 997.4,  -1.7,  -0.4
243768,   2.2,  -4.1,  -4.2,  42.4, -41.6,1023.3,  -1.1,  -0.7
243792,   1.5,  -1.4,  -3.0,  64.7,   8.7, 981.8,  -1.1,  -1.2
243816,   0.2,   0.5,  -1.1, -38.1,  60.0, 989.6,  -0.8,  -1.2
243840,  -1.7,   0.4,   0.8,  84.7, 120.7,1106.8,  -0.1,  -1.2
243868,  -1.2,  -2.8,  -0.1,  87.6, 118.8, 989.4,   0.8,  -1.2
243892,  -0.3,  -1.0,   0.6,  94.0, 130.0,1006.7,   1.4,  -1.5
243916,   0.3,   1.3,  -0.6,  18.8, 118.8,1017.2,   1.9,  -1.6
243940,   1.0,  -0.1,  -2.0,  -2.0, 141.7, 937.4,   2.4,  -1.7
243968,   0.5,  -0.7,  -2.8,  91.5,  99.5,1118.0,   3.1,  -1.9
243996,  -1.2,  -1.6,  -4.0,  94.7, 163.0,1031.4,   3.2,  -2.0
244016,  -1.7,   0.6,  -5.1,  28.8, 101.9, 989.6,   3.7,  -2.1
244040,   0.2,  -1.8,  -5.8,  53.7, 232.6, 934.9,   4.3,  -2.0
244068,  -0.3,  -1.2,  -8.0, -13.7, 193.7, 882.2,   5.0,  -2.1
244092,   1.0,   0.7,  -8.3, -74.0, 207.7, 866.3,   5.4,  -2.2
244116,  -0.7,  -3.4,  -7.3, 222.6, 242.8, 991.1,   6.0,  -2.4
244144,  -1.5,   0.1, -10.6,  16.3, 261.4, 906.6,   7.0,  -2.3
244168,  -5.0,  -1.7, -11.7,-120.1, 102.9,1022.8,   7.4,  -2.1
244192,  -3.5,   0.5, -10.3, 260.7,  -5.0,1184.4,   7.0,  -2.5
244216,  -1.2,   1.3, -13.6,-135.5, 114.4, 966.4,   7.1,  -2.5
244244,   0.5,  -0.7, -11.0, 291.7, 260.1,1129.7,   7.5,  -2.6
244268,   1.1,  -0.6, -11.6, 176.7, 167.6, 938.1,   7.8,  -2.7
244292,   0.0,  -1.5,  -7.0, 110.8, 124.7, 896.3,   7.6,  -2.4
244316,  -3.0,   2.4,  -3.5,-295.2,  28.9, 901.2,   7.1,  -2.0
244344,  -0.9,   4.8,  -2.5,-234.2,  27.0, 906.4,   6.4,  -1.6
244368,   0.2,  -0.1,  -4.8,  14.9, -54.3,1053.6,   6.0,  -1.7
244392,  -0.9,  -1.4,  -8.2, 218.0, -62.4,1382.7,   5.5,  -1.9
244416,   0.3,  -2.8,  -8.8, 170.4, -96.5,1094.3,   5.0,  -1.6
244444,  -0.7,  -1.4, -10.9,-123.8, 153.7, 826.3,   4.9,  -1.5
244468,  -2.5,  -1.7,  -9.4,  55.4,  77.8,1265.2,   5.2,  -1.4
244496,  -2.8,  -0.5,  -6.4, 312.0,-234.0,1592.1,   4.9,  -1.6
244516,  -4.3,   2.4,  -1.6,   9.0,-615.3,1568.0,   3.0,  -1.5
244544,   3.3,  -0.1,  -1.2,  35.1, 221.3, 939.8,   4.4,  -1.0
244568,   2.5,   1.9,  -1.1, 125.9, 236.0, 962.5,   5.0,  -1.5
244592,   1.2,  -0.8,   0.9, -79.9,-124.1, 858.3,   4.3,  -1.0
244616,   2.8,  -1.2,   0.8,  19.0,-119.0,1036.7,   3.3,  -0.8
244644,  -2.0,   2.6,  -1.8,-133.3, -55.5,1057.0,   2.3,  -1.4
244668,  -1.1,   5.7,  -2.0,-120.4, 136.9, 791.1,   2.2,  -1.3
244692,  -3.0,   3.1,  -3.3,  52.9, -32.1,1197.9,   2.1,  -1.4
244716,   1.1,   3.4,  -3.1,  10.2,  -0.6, 908.1,   2.0,  -1.0
244744,   1.1,   2.0,  -1.0,  -3.9,  -2.5, 965.4,   2.0,  -0.9
244768,  -1.8,  -1.5,   1.1,-231.7, -11.3, 981.8,   1.9,  -0.5
244792,  -3.4,  -0.1,   2.2,-209.0, -48.9,1120.0,   1.2,  -0.2
244816,  -0.7,  -0.6,   1.9,  63.2, -68.5,1086.0,   0.7,  -0.3
244844,  -1.5,  -0.3,   0.7, -14.2, -45.5,1049.7,   0.5,  -0.4
244868,  -0.6,   1.2,   0.5, -79.9, -31.6,1014.3,   0.4,  -0.5
244892,  -2.2,   1.8,   0.5, -29.1, -57.0, 936.6,   0.3,  -0.6
244916,  -1.0,   3.3,   3.5,   4.4,  13.8, 918.8,  -0.0,  -0.8
244944,   0.8,   1.8,   5.1, -32.3, -27.9, 937.8,  -0.6,  -0.2
244968,   2.1,   1.3,   4.2,  15.3, -37.9, 933.2,  -1.2,  -0.1
244996,   2.2,   1.5,   3.0,  18.0, -45.8,1023.5,  -1.2,  -0.0
245016,   1.1,   2.0,   2.4,  33.9, -73.6, 922.5,  -1.4,  -0.1
245044,   0.2,  -1.4,  -0.2, 128.4, -17.7, 939.6,  -1.6,  -0.3
245068,  -0.4,  -4.6,  -2.9, -60.6,  -6.9,1014.3,  -1.1,   0.2
245092,   2.1,  -2.1,  -3.6,-129.7,   2.1,1054.5,  -0.9,   0.1
245116,   0.5,   1.1,  -1.9, -25.9,  15.3, 985.5,  -0.7,  -0.6
245144,   0.2,  -0.9,   0.4, -68.4,  44.1,1058.2,   0.0,  -0.2
245168,   0.3,  -1.4,   0.8, 102.0,  88.8,1009.4,   0.7,  -0.5
245192,   1.0,  -1.4,   1.0, -11.3, 118.8, 939.6,   1.3,  -0.4
245220,   0.5,  -1.7,  -0.6, -37.6, 121.7, 914.2,   2.0,  -0.4
245244,  -0.2,  -1.8,  -2.1,  31.2, 146.6,1031.8,   2.7,  -0.8
245268,  -0.0,  -2.9,  -2.0,  62.0,  49.0,1048.9,   3.0,  -1.0
245292,   0.3,   0.7,  -4.8, -10.5,  97.8,1035.5,   3.4,  -1.2
245318,   1.8,  -2.0,  -4.1,   4.6, 257.2, 906.4,   3.9,  -1.1
245342,   3.5,  -3.4,  -3.6,  22.4, 147.6, 983.5,   4.7,  -1.0
245370,   2.5,  -2.5,  -2.2, 125.7, 184.2, 953.0,   5.7,  -1.3
245394,   1.2,  -1.4,  -2.0,  78.6, 206.0, 990.6,   6.4,  -1.3
245418,   1.2,  -0.9,  -4.0, -20.1, 223.5, 992.5,   7.1,  -1.4
245442,   0.8,  -2.9,  -3.1, -93.5, 253.8, 918.6,   7.7,  -1.3
245470,  -0.7,  -2.3,  -2.3,  65.2, 283.3, 879.7,   8.5,  -1.6
245498,  -4.4,   3.8,  -3.7,   6.6,  68.7, 902.2,   8.4,  -1.5
245518,  -5.0,   1.1,  -3.9, -94.5,  93.6, 972.8,   8.5,  -1.0
245542,  -5.1,   5.8,  -4.7,-146.0, 115.4,1018.7,   8.7,  -1.2
245570,  -3.7,   2.9,  -1.5,  97.9,  58.0,1225.4,   8.5,  -1.0
245594,  -1.8,   2.2,  -0.7, 215.8,  34.3,1012.3,   8.0,  -0.8
245618,   1.8,   4.1,  -0.5, -65.5,  57.8, 610.5,   7.6,  -0.7
245642,  -5.9,   3.7,  -1.2,-105.0, 124.4,1111.2,   7.4,  -0.9
245670,  -4.5,   4.3,  -0.4,  45.1,-195.4,1349.7,   6.0,  -0.4
245694,  -0.9,  -0.5,  -0.6, 179.2, 186.9, 929.3,   6.2,  -0.4
245718,  -2.6,   6.8,  -1.2,-145.5, 206.4, 961.3,   6.8,  -0.3
245742,   3.4,  -0.1,   1.3,  36.8,  60.2, 843.6,   6.5,  -0.1
245770,  -1.7,   2.7,  -3.0,-115.3,-187.1,1004.3,   5.6,   0.2
245794,  -2.4,   4.2,   1.4, 111.3,-150.7, 903.7,   4.6,  -0.3
245818,  -3.7,   7.6,   6.4,-337.4,-570.4, 878.0,   2.9,  -0.0
245842,   9.0,   1.8,   2.7,-100.6, 318.5, 584.6,   3.8,   1.2
245870,   1.8,  -3.2,  -1.9,  69.5,-109.5,1162.7,   5.3,   1.0
245894,   3.5,   0.9,  -0.9,-556.7, 122.9, 482.5,   6.1,   1.5
245918,  -1.1,  -0.5,   0.6,-119.7,-155.9,1025.0,   4.1,   1.2
245942,  -2.8,  -1.4,   0.2,  75.2,-151.7, 966.2,   2.9,   0.7
245970,  -1.5,   3.0,   0.3,  36.3,  27.5,1078.7,   2.6,   0.4
245998,  -1.6,  -2.4,   0.6, 102.5,  42.4,1192.5,   2.5,   0.3
246018,   3.6,  -2.0,   1.9, -28.1, 120.3, 765.2,   2.7,   0.6
246042,   2.9,   2.3,   1.2,   4.4,   8.9,1027.0,   2.4,   0.1
246070,   1.6,   6.9,   2.9,-110.6,-151.2, 978.9,   1.8,  -0.1
246094,   2.5,  -1.3,   4.7,  28.8,  40.4, 761.1,   1.7,   0.3
246118,  -0.9,   1.5,   3.3, -44.2,-124.6, 831.9,   1.2,   0.3
246142,  -0.1,   0.9,   2.3,  49.8,  80.0, 944.4,   1.0,   0.2
246170,   1.3,   3.0,   0.3, -83.0, 105.4, 865.3,   0.9,   0.3
246194,   0.5,   2.4,  -0.3,-150.7,  39.9, 800.6,   1.3,   0.3
246218,  -4.8,  -0.9,   0.0, 189.7,  53.4,1009.1,   1.5,  -0.2
246242,  -7.0,   1.1,   3.8, 184.0,  16.0, 904.2,   1.1,  -0.5
246270,  -0.1,   1.3,   7.3,  -5.6, -49.4, 775.2,   0.2,   0.4
246294,   0.4,   0.4,   4.5,  21.0, -43.8,1094.1,  -0.9,   0.3
246318,   4.3,   0.4,   4.1, 205.3, 100.2, 962.5,  -0.4,  -0.1
246346,   2.5,   2.7,   1.8,-104.3, -27.2, 927.1,  -0.2,   0.0
246370,   1.7,  -0.6,   3.7,   2.7, -67.7, 989.4,  -0.5,   0.2
246394,  -1.0,   2.4,   3.7,  72.7,-122.9, 916.6,  -1.4,  -0.2
246418,  -0.1,   0.4,   3.1, 104.2,  99.3,1146.6,  -1.5,   0.0
246446,   2.3,  -3.2,  -0.5,  55.4, 124.7, 941.0,  -0.4,   0.5
246470,   4.1,  -5.4,  -2.4, 190.2,  77.0,1005.2,  -0.1,   0.0
246498,   2.6,   0.6,   1.6,  62.7,  88.0, 970.6,  -0.0,  -0.0
246518,   0.5,   1.8,   3.8,-108.9,  67.3,1011.6,   0.3,   0.0
246546,  -1.7,   2.8,   3.2,  -3.9, 128.6,1007.9,   1.2,   0.2
246570,   0.0,  -1.6,   4.4,  52.7, 211.6, 918.6,   2.1,   0.1
246594,   1.3,  -0.4,   3.6,  16.8, 120.7,1015.5,   2.8,  -0.1
246618,  -0.1,  -2.0,   2.0,   3.4,  85.6,1070.9,   3.6,   0.0
246646,  -0.7,  -1.5,   1.5,  85.4,  73.9,1043.1,   3.6,  -0.2
246670,  -2.6,  -1.4,   0.2,  58.3,  97.8,1018.2,   3.8,  -0.4
246694,  -3.0,   0.1,   0.6, -28.1, 205.5, 850.9,   4.3,  -0.3
246718,  -1.4,  -0.0,   0.2, -41.3, 106.3, 845.3,   5.2,  -0.3
246746,  -2.0,   2.2,  -0.9, -71.1, 126.1, 952.3,   5.9,  -0.6
246770,  -1.9,   2.7,  -0.3, -26.6, 200.6, 999.1,   6.4,  -0.7
246794,  -0.6,  -0.9,   1.4, 128.9, 217.2, 873.4,   6.6,  -0.8
246818,  -2.2,  -2.0,   1.0, 120.3, 157.9, 931.0,   6.9,  -0.8
246846,  -4.7,  -1.1,  -0.0, -13.5,  97.6, 861.7,   7.5,  -0.7
246870,  -3.6,  -5.3,   3.5, 281.0, 116.8,1195.4,   7.0,  -0.5
246894,   1.1,  -0.4,  -1.1,  10.0, 250.9, 988.1,   7.7,  -0.8
246920,   0.4,   0.1,  -1.1, 194.8, 427.6,1046.2,   8.8,  -1.1
246944,  -4.2,   1.0,   0.7, -95.0, 133.9, 638.3,   8.9,  -0.4
246968,  -7.5,  -0.1,  -1.2, -41.0,-160.3,1216.2,   8.5,  -0.4
246996,  -4.6,   0.9,  -0.8,  59.0, -22.8,1091.7,   8.4,  -0.5
247020,  -3.7,   5.8,  -3.0, -27.4,-163.4, 905.6,   6.7,  -1.1
247044,  -1.8,   4.9,   1.0,  92.7, 151.0, 814.3,   5.7,  -0.9
247068,  -1.4,   2.4,   0.6,  66.1,  91.9,1238.1,   5.6,  -0.5
247096,   5.4,   4.6,   0.2,  45.4, 320.0, 960.8,   7.2,  -0.4
247120,   5.5,  -0.9,   3.3, 205.8, -38.2, 945.2,   7.6,  -0.1
247144,  -2.4,   0.9,   1.3, -69.9,-296.0,1103.9,   6.6,   0.1
247168,  -1.9,   1.9,   4.0,  19.0, 192.3, 817.0,   5.9,  -0.2
247196,  -5.0,  -1.6,   5.8, 102.5,-263.3,1415.9,   4.8,  -0.1
247220,   3.7,  -3.4,   6.9, 142.3, -11.1, 930.0,   3.3,   0.1
247244,   4.3,  -0.5,   1.8, 126.4, 242.3, 936.4,   3.9,  -0.4
247268,   5.3,  -1.7,   2.3, 135.5, 436.2, 934.7,   4.7,  -0.3
247296,  -0.7,  -0.4,   0.6, -43.5,-199.3,1097.5,   4.0,   0.1
247320,   0.9,   1.1,   0.6, -88.7,  13.3, 967.1,   3.0,   0.1
247344,   0.8,   2.1,   3.3, 110.8,  88.8, 910.3,   2.1,  -0.2
247368,   0.9,   0.4,   3.3,   3.1, 108.3, 899.5,   2.0,  -0.2
247396,   1.9,   0.9,   2.4, -28.4, 117.1, 888.8,   2.3,  -0.2
247420,   3.4,  -1.0,   2.5,  21.9, 111.0, 910.0,   2.4,  -0.2
247444,   1.3,  -1.9,   4.3, 152.3,-182.2,1098.2,   2.2,  -0.1
247472,   1.2,  -1.5,   2.7, -28.4,   8.0, 863.6,   1.4,  -0.0
247500,  -0.4,   3.2,   0.8, -64.0,-158.3,1090.2,   1.1,   0.1
247520,  -1.1,   1.9,   1.9,  -4.9, -59.7,1180.5,   1.0,  -0.2
247544,   0.4,   1.8,   2.4, -22.5,  13.6,1045.5,   0.9,  -0.1
247572,  -0.3,   0.5,   4.3,  72.0,  33.3, 998.4,   1.2,  -0.3
247596,  -1.9,  -0.9,   4.3,  71.5,  -5.7, 962.0,   1.3,  -0.3
247620,  -3.7,  -0.6,   4.9, 106.4,   5.3, 892.9,   0.9,  -0.3
247644,  -3.1,  -0.7,   6.8, 132.8,-168.8,1022.3,  -0.1,  -0.0
247672,  -0.7,   0.8,   4.3,   3.6, -14.5, 924.4,  -0.9,  -0.2
247696,   1.1,   1.9,   4.6, -56.9, -56.7, 931.7,  -1.2,  -0.3
247720,   2.5,   4.6,   3.4, -90.9, -38.2, 914.7,  -1.5,  -0.6
247744,   1.6,   3.7,   1.6, -36.7, -46.2, 960.6,  -2.0,  -0.6
247772,   2.0,  -1.4,  -2.5,  36.3, 159.6, 972.5,  -0.9,  -0.5
247796,   2.2,   0.2,  -2.2, -63.3, -64.1, 988.9,  -0.5,  -0.4
247820,   1.7,  -4.2,  -0.3, 190.4,  36.3,1055.0,  -0.5,  -0.9
247844,   0.8,   0.7,   0.9,   5.8,  41.9, 960.8,  -0.5,  -1.1
247872,  -0.7,   2.4,   1.3, -22.2, 101.2, 986.9,  -0.1,  -1.2
247896,  -0.1,   0.6,   0.5,  87.9, 193.3, 956.6,   0.7,  -1.1
247920,   0.5,  -1.2,  -0.3,  40.5, 215.5, 982.3,   1.9,  -1.2
247944,   1.7,  -2.4,  -1.0,  17.5, 160.3, 935.6,   3.0,  -1.2
247972,   0.2,  -0.6,  -0.4,  67.6, 145.2, 976.7,   3.4,  -1.4
248000,  -0.4,  -0.4,  -1.2,  -1.5,  76.1,1026.5,   3.4,  -1.4
248020,  -0.7,  -0.1,  -0.8, 142.3, 152.7, 982.8,   3.8,  -1.5
248044,  -1.5,  -1.2,  -1.7, -13.7, 169.1,1030.4,   4.7,  -1.2
248072,  -0.7,  -0.9,  -1.7, -24.2, 248.9, 901.7,   5.6,  -1.3
248096,  -0.7,  -2.1,  -3.1, -29.1, 250.4,1002.5,   6.2,  -1.2
248120,  -2.6,  -2.5,  -2.8,  42.9, 243.3, 940.8,   7.0,  -1.6
248144,  -2.2,  -1.4,  -2.2, -14.9, 184.7, 928.3,   7.2,  -1.5
248172,  -4.3,   1.6,  -2.5,-132.6,  14.8,1010.1,   7.5,  -1.7
248196,  -5.1,   0.4,  -4.7,  61.5, 300.9, 982.5,   8.1,  -1.8
248220,  -7.3,  -0.5,  -3.7,  65.4,-204.9,1802.8,   8.0,  -1.7
248244,   1.0,   3.5,  -2.2, 129.9, 187.9, 895.1,   7.8,  -1.9
248272,   0.5,   1.5,  -4.4, -79.6, 143.9, 967.6,   8.1,  -1.9
248296,  -0.7,   2.5,  -2.2, -20.5,  90.5, 961.3,   8.2,  -1.4
248320,  -5.1,   3.8,  -0.9, -18.8,-113.1,1112.9,   7.9,  -1.8
248344,  -0.4,  11.6,   0.8,-422.6, 114.6, 399.8,   7.3,  -1.0
248372,  -5.1,   5.8,   1.5,  11.0,-132.9, 856.5,   5.9,  -0.9
248396,  -0.9,   2.1,   0.8, 101.3, 160.3, 936.1,   5.5,  -0.9
248420,   0.5,   1.1,  -0.6,   0.9,  60.9,1154.4,   5.7,  -0.6
248444,   1.9,  -0.3,  -1.2,-162.1, 236.2, 935.4,   6.1,  -0.3
248472,   3.2,  -1.7,  -1.5, 151.8, -83.4,1181.0,   5.7,  -0.2
248500,  -5.0,  -1.5,  -0.6, -88.7, -65.5, 925.6,   5.4,  -0.1
248519,  -5.4,   3.2,  -2.2,  92.7,  21.6, 999.9,   5.0,  -1.0
248547,  -7.0,  -0.1,  -0.2, -43.0,   5.8,1150.2,   4.5,  -0.6
248571,   3.6,   3.8,   1.4,-148.7,-152.2, 738.9,   3.1,  -0.0
248595,   1.9,  -1.2,   2.6, 171.8,  27.0, 941.0,   2.5,  -0.6
248623,   4.0,   2.1,   0.2,   4.4, 224.0, 964.0,   2.7,  -0.5
248647,   2.8,  -2.7,   0.2,  31.2,  16.7,1168.8,   2.6,   0.0
248671,  -2.8,  -1.0,  -1.4,  18.0,-176.4,1231.1,   2.2,  -0.4
248695,  -0.6,   3.6,  -0.8,-140.2,  34.1, 828.5,   1.6,  -0.6
248723,  -1.0,   3.2,  -0.4,-115.8,  42.6, 891.9,   1.3,  -0.6
248747,  -0.7,  -0.0,   0.6,  85.9, -48.4,1182.2,   1.2,  -0.5
248771,   1.9,  -0.7,   0.7, 152.1, 125.4, 884.6,   1.4,  -0.8
248795,   0.3,   1.3,   2.0, -14.7,   4.3,1151.7,   1.5,  -0.7
248823,  -1.4,   0.8,   1.7, -69.4,  28.5,1018.7,   1.0,  -0.3
248847,  -2.1,   0.7,  -0.5, 100.3, -62.8,1080.7,   0.4,  -0.6
248871,  -2.3,   0.5,   0.6,  50.5,  26.0,1117.8,   0.1,  -0.6
248895,  -2.1,   1.1,   0.8,   8.8,  28.5, 945.2,   0.1,  -0.6
248923,  -0.9,  -0.5,   1.1, 185.8, -28.4,1051.9,   0.0,  -0.7
248947,  -0.7,   0.9,   1.2,  42.9, -73.8, 927.8,  -0.2,  -0.5
248971,   0.9,   4.4,   2.0,-294.2,-173.0, 761.1,  -0.5,  -0.2
248999,   1.6,  -0.3,   1.6,  50.7, -66.0,1078.0,  -0.7,  -0.3
249023,   1.8,   0.5,   2.2, 161.6, -43.3,1118.0,  -0.8,  -0.7
249047,   2.4,   2.5,   4.0,  -5.2,  -0.1, 978.9,  -0.8,  -0.6
249071,   3.3,   2.7,   2.7, -89.4,  18.7, 987.7,  -0.7,  -0.2
249095,   2.1,   1.3,   3.3,-111.4, -30.4,1034.8,  -0.7,  -0.0
249123,  -1.0,   1.2,   3.2, 127.2,-177.1,1036.5,  -1.4,  -0.5
249147,  -0.4,  -1.0,   0.2,  36.8, -31.1, 972.3,  -1.9,  -0.5
249171,   1.0,  -3.1,  -4.1,  -2.2,  45.8,1063.1,  -1.6,  -0.3
249195,   2.7,  -1.6,  -5.1,  80.3, 123.2, 988.6,  -0.9,  -0.7
249223,   2.9,  -3.2,  -3.5,  39.8, 108.8,1011.3,  -0.5,  -1.1
249247,   1.4,  -0.1,  -2.5,  28.3,  48.7, 982.0,  -0.2,  -1.1
249271,  -0.4,  -0.5,  -0.4,  -7.6, 133.0, 965.9,   0.5,  -1.1
249295,   0.4,  -1.5,  -0.4,  94.2, 194.2,1020.4,   1.3,  -1.2
249323,   0.8,   1.2,  -0.4,  27.8, 137.1,1019.9,   2.1,  -1.2
249347,   1.1,   0.2,  -1.4,  71.0, 113.9,1006.5,   2.6,  -1.3
249371,   2.1,   0.6,  -1.4,  41.7, 123.7, 954.7,   2.9,  -1.4
249395,   2.1,  -1.6,  -3.3, -42.5, 128.8, 968.1,   3.5,  -1.3
249423,   1.4,   0.8,  -3.8,  26.6, 197.4, 936.4,   4.3,  -1.6
249447,   1.1,   1.3,  -2.7,  43.9, 220.4, 941.3,   5.0,  -1.8
249471,   1.8,   1.0,  -2.6, -30.3, 243.8,1016.0,   6.0,  -1.6
249499,   1.9,   2.7,  -2.5, -23.0, 197.9, 929.1,   6.3,  -1.5
249523,   0.8,   0.8,  -0.8,  84.2, 187.2, 949.6,   7.0,  -1.6
249547,  -0.4,   0.9,  -0.7,  55.9, 204.5, 965.7,   7.7,  -1.7
249571,  -2.0,   4.8,  -1.9, -49.8, 113.7,1133.2,   7.9,  -1.7
249595,   2.4,  -0.1,  -0.1, 129.1, 134.4, 997.7,   8.4,  -1.3
249623,  -0.0,   7.1,  -1.8,-531.3, -17.9, 799.4,   8.9,  -0.8
249647,   2.1,   0.9,  -0.5, 282.9, 350.7,1006.2,   9.7,  -1.3
249671,  -0.0,   1.0,  -3.1,-373.6,  13.8, 741.1,   9.9,  -0.8
249695,  -0.7,  -2.0,  -1.7, 119.4, 189.1,1101.9,  10.1,  -0.6
249723,  -0.3,   4.4,  -1.4,-124.5,   1.4, 756.0,   9.7,  -0.9
249747,  -0.6,   8.6,   1.9,-111.6,   6.0, 744.5,   8.9,  -0.8
249771,  -1.7,   2.9,   0.8, 148.2, 252.3, 786.0,   7.8,  -0.7
249799,  -2.5,   6.8,  -0.1, -92.6,  36.0, 954.0,   7.6,   0.1
249823,  -0.2,   0.1,  -1.8,-238.6, 247.0, 728.1,   8.2,   0.5
249847,  -5.6,  -1.0,  -4.5, 104.5,-141.2,1364.8,   7.9,   0.3
249871,  -2.6,  -3.3,  -0.3, 273.4,-223.0,1233.7,   7.1,   0.0
249899,  -4.3,   4.1,   0.2, -10.0,-210.8,1027.9,   6.2,  -0.4
249923,  -4.0,  -0.3,   1.1, 106.2, 122.2, 831.6,   6.4,  -0.4
249947,  -5.6,   0.5,   1.1,  44.2,-206.4,1198.1,   5.4,   0.3
249971,   0.8,  -1.2,   2.5, 266.8, 114.9,1008.6,   4.6,   0.2
249999,   2.9,   8.4,  -0.3,-254.2,  21.1, 780.9,   4.6,   0.7
250023,   2.2,  -1.2,  -0.3,-101.4,  50.4, 683.0,   4.6,   1.2
250047,  -2.2,  -2.1,  -0.1,  73.5, -97.0, 912.5,   3.8,   0.9
250071,  -3.9,  -1.7,  -0.4, 151.1, -37.2,1076.3,   3.0,   0.4
250099,  -2.5,   2.2,  -1.1,-114.8,  76.1,1035.5,   2.6,   0.4
250121,  -1.3,  -1.4,  -0.1, 166.7,  35.1,1030.1,   2.4,   0.1
250149,   0.4,   2.0,  -0.1,  25.1, -75.3,1139.3,   1.9,   0.1
250173,   1.6,   0.9,   1.8,  12.2, 145.9, 997.9,   1.6,   0.2
250197,  -0.3,  -0.2,   0.9, 130.1, -59.7,1182.2,   1.4,   0.3
250221,   0.2,   1.1,  -0.1, 102.8,  96.1, 956.4,   1.3,   0.1
250249,  -1.2,   2.2,  -0.4,   9.5, -57.5,1056.0,   0.7,   0.0
250273,  -1.5,  -0.1,   0.3, -29.3, -52.6, 984.0,   0.4,   0.1
250297,  -1.7,   1.0,   0.3,  46.6, -14.0,1103.1,   0.4,  -0.0
250321,  -0.4,   1.1,  -0.1, -59.8,  60.4, 923.0,   0.5,   0.0
250349,  -0.4,  -0.7,   1.6,  42.9,-104.1,1196.6,   0.1,   0.0
250373,   0.8,   1.6,   0.3,  -0.5, -88.7,1033.1,  -0.5,  -0.0
250397,   1.0,   1.5,  -0.4,  25.4, -45.8,1046.0,  -0.7,  -0.2
250421,   1.4,   1.1,   0.5,-119.4,  -3.8, 980.3,  -0.5,  -0.1
250449,   0.8,   0.1,   0.3, -85.2,  70.9, 917.6,  -0.3,   0.0
250473,  -0.4,  -0.9,   1.8, -39.8,  -7.7, 967.6,  -0.4,   0.1
250501,  -1.2,   0.1,   2.6,   9.7, -91.9, 993.5,  -0.7,   0.1
250521,  -1.2,   3.4,   2.4,  56.6, -87.5,1035.5,  -1.1,  -0.2
250549,  -1.1,   1.3,   2.8,  38.1, -73.8, 982.8,  -1.7,  -0.1
250573,   0.2,   2.1,  -0.8, -52.0,   9.4, 983.3,  -1.9,  -0.2
250597,   1.5,  -3.7,  -4.0, -80.1,  28.0, 963.7,  -1.4,   0.2
250621,   1.4,  -1.5,  -4.6,  12.9,  81.0,1000.8,  -0.6,  -0.2
250649,   1.6,  -4.2,  -2.8,  23.9,  74.6,1003.8,  -0.3,  -0.7
250673,   1.3,  -2.1,  -0.8,  60.0,  92.4,1008.6,   0.1,  -0.7
250697,  -0.6,   0.7,   1.0,  -7.8, 153.0, 997.9,   0.7,  -0.7
250721,   1.1,   0.8,   1.4,  18.3, 166.6, 953.5,   1.5,  -0.8
250749,   1.0,   2.1,   0.4,  76.9, 141.5,1034.3,   2.3,  -0.9
250773,   1.3,  -0.7,   0.8,  66.6, 175.7, 972.5,   2.8,  -0.9
250797,   0.5,   0.3,   0.0,  50.0,  90.0,1041.9,   3.3,  -0.9
250821,   0.8,  -0.1,  -0.4,  21.5, 222.1,1027.2,   3.9,  -1.0
250849,   0.5,  -0.3,  -1.8,   6.8, 136.1, 966.7,   4.5,  -0.9
250873,  -0.4,   1.0,  -3.7,  12.9, 150.8,1042.6,   5.0,  -1.0
250897,   0.9,  -1.7,  -3.6,  49.8, 230.9, 963.5,   5.7,  -1.0
250925,  -0.9,  -0.7,  -3.0,  47.1, 181.8, 987.9,   6.5,  -1.3
250949,  -1.7,   0.8,  -3.7, -54.5, 170.5, 897.1,   7.0,  -1.3
250973,  -1.3,   3.5,  -2.8, -13.7, 226.0, 990.6,   7.5,  -1.4
251001,  -2.4,   1.9,  -3.3,  40.7, 201.1,1065.0,   7.6,  -1.4
251025,  -1.4,  -3.5,  -1.2,  -0.3, 171.3, 860.5,   8.0,  -1.1
251049,  -3.1,   1.6,  -2.8, 223.8, 157.4, 927.3,   8.4,  -1.9
251073,  -2.5,   5.4,  -2.6, -15.4,  81.0,1130.7,   8.2,  -1.6
251097,  -1.9,   5.6,  -1.6, 100.1, 183.5, 761.3,   8.5,  -1.2
251125,   0.2,   3.9,  -2.1, 131.3, 142.0, 977.4,   8.6,  -1.4
251149,   0.2,   1.2,   0.6, 121.8, 203.0,1064.1,   8.5,  -0.9
251173,  -5.0,   7.7,  -1.4,-131.6,  21.4, 878.5,   8.0,  -0.7
251197,  -2.9,   3.0,  -0.4, -43.2, -93.4, 980.1,   6.9,  -0.7
251225,  -3.8,   5.1,  -0.7, -86.7,  42.6,1426.9,   6.0,  -0.5
251249,  -0.5,   2.6,  -1.9, -90.4,  -5.5,1028.4,   6.0,   0.2
251273,   0.7,  -1.2,  -3.9,  28.3,-119.2,1188.3,   6.1,   0.5
251297,   1.2,  -1.2,  -3.4, 144.3, 200.6, 932.5,   6.4,   0.4
251325,  -1.8,  -0.6,  -3.2, 116.9, -26.5,1116.3,   6.2,  -0.3
251349,  -2.9,  -0.7,  -1.9, 161.6, -18.7,1250.3,   5.8,  -0.4
251373,  -2.7,   3.3,   0.9, 175.7,-149.3,1097.0,   4.8,  -0.3
251397,  -1.8,   5.2,   1.4, -76.7,-135.8,1070.2,   3.7,  -0.4
251425,  -1.4,   1.5,   0.3, -20.5, 173.0,1047.7,   4.0,   0.2
251449,   1.0,   3.2,  -1.6, -50.6, -11.1,1037.2,   3.8,   0.4
251473,  -0.5,  -3.9,  -0.9,  98.6,  10.1, 961.3,   3.3,   0.3
251501,   1.2,   0.2,  -0.9,  -5.9, 224.3, 860.5,   3.5,   0.3
251525,  -3.2,   2.5,  -1.7,  -3.9,-112.4,1021.8,   2.5,   0.0
251549,   1.0,   1.0,  -1.2,  43.4, 112.9, 909.0,   2.3,  -0.1
251573,   0.0,   1.3,  -0.3, 230.7,  67.3,1059.2,   2.3,  -0.2
251597,   3.6,   2.4,   0.8,   2.9, 351.5, 896.1,   2.6,  -0.2
251625,   0.3,  -3.9,   1.1, -45.2, -41.4, 945.4,   2.1,   0.4
251649,   0.1,   1.8,  -0.6,-125.0,-174.4, 819.4,   1.4,   0.2
251673,  -3.1,   2.1,  -2.0,  81.3, -21.3,1223.0,   1.0,  -0.0
251697,  -2.0,   2.7,  -1.7,  59.5,   4.0, 997.7,   0.7,   0.1
251723,  -0.6,   0.2,  -1.6, -35.7,  34.3, 948.1,   0.7,   0.0
251747,  -1.2,   0.7,  -0.9,  21.2, -17.4, 970.1,   0.7,   0.1
251775,   0.6,  -5.3,   0.0, 158.7, -28.4,1124.6,   0.1,   0.2
251799,   1.2,  -0.8,   0.2, 169.4, -12.1,1049.2,  -0.8,  -0.2
251823,   1.6,   0.1,  -0.9,  42.7,   7.5, 995.7,  -0.8,  -0.6
251847,   1.0,   2.2,   0.5,-143.8,  44.6, 950.1,  -0.5,  -0.2
251875,   0.8,  -1.0,  -0.6, -78.9,  65.3, 900.5,  -0.1,   0.0
251899,  -0.2,  -2.0,  -1.4,  67.4, -57.5,1028.2,  -0.2,  -0.3
251923,  -1.2,  -1.0,  -0.6, -12.2,-124.6, 977.2,  -0.7,  -0.3
251947,  -1.7,   2.2,   0.2,  -1.7, -68.5, 970.6,  -1.2,  -0.4
251975,  -1.8,  -0.1,  -0.8,  29.0, -49.9, 996.0,  -1.5,  -0.4
252003,  -0.7,   1.7,  -1.2, -17.9, -26.0,1023.1,  -1.7,  -0.3
252023,  -0.0,   2.8,  -0.9,   3.1, -82.1,1015.5,  -2.0,  -0.4
252047,  -1.1,   2.4,  -1.9,  12.4, -95.1, 981.5,  -2.3,  -0.5
252075,   1.1,  -0.9,  -4.5, -22.7,  69.0, 979.6,  -2.0,  -0.4
252099,   1.9,  -6.5,  -4.3,  90.3,  97.8,1004.0,  -1.4,  -0.7
252123,   1.1,  -2.8,  -4.5, -27.4,  -0.3,1028.9,  -1.0,  -0.7
252151,   0.3,  -0.7,  -2.0,  47.1,  67.0,1008.6,  -0.7,  -0.7
252175,  -0.4,   0.7,  -1.9, -16.1,  76.3, 982.8,  -0.2,  -0.8
252199,  -0.4,  -1.4,  -2.0,   4.4, 149.1, 965.4,   0.5,  -0.9
252223,   0.1,  -1.7,  -2.2,  42.4, 163.5,1017.2,   1.4,  -1.0
252251,   0.0,   0.8,  -3.0,  28.5,  84.1,1029.4,   2.1,  -1.2
252275,   0.6,   0.1,  -3.3,  10.2,  94.1, 960.3,   2.6,  -1.3
252299,   1.5,   0.5,  -3.1, -18.1, 116.4, 966.2,   3.0,  -1.2
252323,   1.7,  -0.3,  -3.0,  16.1, 137.6, 982.0,   3.5,  -1.3
252351,   1.9,   1.1,  -4.1,  48.3, 183.2, 967.6,   4.2,  -1.5
252375,   1.3,  -2.4,  -3.5,  98.4, 221.1, 979.1,   5.0,  -1.4
252399,   1.9,  -1.0,  -3.1,  52.7, 235.0, 930.0,   5.9,  -1.6
252423,   0.5,  -2.1,  -3.1,  59.0, 174.5, 984.0,   6.7,  -1.4
252451,  -0.4,   1.1,  -2.8,  32.7, 215.0, 958.8,   7.4,  -1.5
252475,  -1.8,   0.5,  -1.6,  29.5, 210.8, 987.2,   8.0,  -1.4
252503,  -3.6,   3.6,  -1.8,  12.4, 117.6, 990.8,   8.0,  -1.3
252523,  -3.4,   2.2,  -1.6, -21.0, 148.3,1012.6,   8.2,  -1.2
252551,  -0.7,  -5.1,  -0.3, 172.8,  15.8,1200.3,   8.4,  -0.6
252575,  -3.5,   2.9,  -2.9, -75.0, 199.8, 812.8,   9.0,  -0.8
252599,   3.9,   0.2,   2.2,  87.4,  65.6,1204.2,   8.2,  -0.9
252623,   4.4,  -0.6,   0.2,  70.3, 262.8,1054.8,   8.5,  -0.8
252651,   3.1,   3.3,  -1.5,  27.3, 219.9, 991.1,   9.1,  -0.6
252675,   2.1,   0.5,   0.2, -35.4, 173.5,1182.2,   9.1,  -0.5
252699,  -0.4,   2.5,   0.3, -26.4, 189.8, 875.8,   9.2,  -0.4
252723,   1.4,   3.7,   1.9,-170.4, 123.4, 499.9,   8.8,   0.1
252751,  -1.7,  -0.9,   2.3, 156.7,  21.1,1214.0,   7.9,   0.2
252775,  -2.2,   6.4,   2.7,-179.7, -25.7, 810.4,   7.3,   0.3
252799,   1.6,   6.0,   2.8,  49.3,-116.6,1101.4,   6.6,   0.1
252823,  -2.0,   1.9,  -0.3, -15.7, -59.7,1280.1,   7.2,   0.6
252851,  -1.9,  -0.5,  -1.5, 123.5,   5.3,1215.9,   6.4,   0.6
252875,  -1.3,  -0.9,  -2.6, 374.0, 143.0,1114.6,   6.0,   0.5
252899,  -0.3,   0.5,  -1.4, 105.9, 143.7, 939.1,   5.6,   0.4
252923,  -1.5,   4.1,  -0.6,  -7.1,-115.3,1238.9,   5.2,   0.4
252951,  -1.7,   5.8,   1.1,-244.9,-428.1,1377.1,   3.3,   0.3
252975,   4.3,   2.6,   1.0,  70.0, 250.4, 850.4,   3.8,   0.5
253003,   2.7,  -2.9,   0.5, 210.2,  56.3,1149.3,   3.9,   0.3
253023,  -1.5,  -2.6,   1.6,  24.6, -64.1,1079.0,   3.6,   0.7
253051,  -1.0,  -0.6,   1.1,  91.3,-162.2, 889.0,   2.4,   0.3
253075,  -3.2,  -1.0,   1.7,  36.1, -58.0,1023.5,   1.6,   0.1
253099,   0.2,  -0.0,   1.0, -20.8, 110.5, 993.5,   1.5,   0.0
253123,   0.0,   2.7,   1.4,  38.1,  -6.7,1235.5,   1.5,  -0.0
253151,   0.9,  -0.7,  -0.4, -71.1, -12.3, 996.4,   1.6,   0.0
253175,  -0.2,  -0.4,   0.5,-120.4,-100.7, 958.8,   1.5,   0.2
253199,   0.3,  -3.6,   0.6,  59.3, -72.1,1034.3,   1.1,   0.1
253227,  -0.4,  -2.9,   1.4, 108.6, -22.3, 891.2,   1.0,   0.1
253251,  -0.9,   0.1,   1.6,  56.1, -21.8, 937.6,   0.5,   0.1
253275,  -0.6,   0.7,   1.1,-125.8, -25.7, 946.6,   0.1,   0.0
253299,  -1.4,   3.3,   0.6, -97.4, -11.3, 989.1,  -0.1,  -0.1
253325,  -1.5,   0.8,   1.1,  42.4,  21.4,1006.7,  -0.2,  -0.3
253349,  -0.4,   1.0,   1.1,  41.7, -37.5, 946.9,  -0.4,  -0.3
253377,  -1.4,   0.8,   0.6,  33.9, -43.1,1025.2,  -0.8,  -0.3
253401,  -0.6,  -0.6,   1.2, -86.2,  33.3, 883.9,  -1.0,  -0.1
253425,  -0.6,   0.7,   0.3, -34.0, -13.3, 982.0,  -1.3,  -0.2
253449,  -1.5,  -0.3,   0.6,  33.9, -32.8,1011.6,  -1.5,  -0.3
253477,  -1.0,   2.1,   0.0, -12.5, -43.8, 990.8,  -1.8,  -0.4
253505,  -0.6,  -3.6,   0.8, 149.4, 123.4,1020.4,  -1.8,  -0.6
253525,  -0.6,   0.1,  -2.0,  57.3,  19.9,1003.0,  -1.3,  -0.3
253549,  -0.6,  -2.6,  -2.4,  92.7,-125.8,1068.7,  -1.3,  -0.7
253577,   1.3,  -2.0,   0.2,  40.5,  24.6,1031.8,  -1.3,  -0.9
253601,   0.5,   1.1,   0.1, -14.4,  95.8, 980.1,  -0.8,  -0.7
253625,   1.1,  -1.4,  -1.3,  26.8, 189.6, 975.0,   0.1,  -0.6
253649,   1.9,  -2.3,  -0.1,  52.0, 161.8,1020.4,   1.2,  -0.7
253677,   0.8,  -0.9,  -0.4, -27.4,  80.5, 954.4,   1.8,  -0.8
253701,  -0.2,  -1.7,   0.1,  13.4,  58.0, 995.7,   2.1,  -0.9
253725,  -1.8,   0.2,  -0.0,  48.6, 131.0, 978.9,   2.4,  -1.0
253749,  -1.5,  -0.8,   0.2,  24.4, 152.0, 996.4,   2.9,  -1.0
253777,  -2.0,   2.4,  -0.1,  22.7, 129.3,1027.2,   3.6,  -1.1
253801,  -2.0,   1.5,  -0.2, -51.3, 180.6, 971.0,   4.4,  -1.0
253825,  -1.2,  -1.7,  -0.2,  63.9, 132.5, 994.2,   5.1,  -0.9
253849,  -1.7,   0.5,   0.6,  37.8, 229.6, 974.7,   5.7,  -0.9
253877,  -2.4,   0.9,   0.2,  53.7, 185.4,1023.5,   6.1,  -1.1
253901,  -2.0,  -0.4,   0.2,  49.8, 203.3, 944.7,   6.5,  -1.1
253925,  -3.7,   2.4,  -0.5,  79.3, 163.0, 994.7,   6.9,  -1.2
253949,  -3.9,  -2.1,   0.5, 103.2,  72.6,1158.8,   7.0,  -0.9
253977,  -0.9,  -0.9,  -0.1,  33.4,  48.7,1181.5,   7.7,  -1.1
254005,  -3.9,  -2.7,  -0.8,  92.0,  24.8,1062.1,   7.6,  -1.2
254025,  -1.5,  -2.3,  -1.5, -41.5, 181.8, 966.2,   7.5,  -1.2
254049,  -3.6,   1.6,  -2.6,  29.5, 158.1, 945.2,   7.8,  -1.7
254077,  -5.3,   1.0,  -1.7,  57.6, 103.2, 992.0,   7.9,  -1.6
254101,  -5.8,   2.5,  -1.9, -34.9, 265.0, 831.9,   8.4,  -1.3
254125,  -3.4,   3.9,  -1.4,-260.0,-209.1, 886.3,   8.0,  -1.3
254149,  -4.3,   8.5,  -2.4,-261.0, 305.8, 671.7,   8.5,  -1.5
254177,  -5.7,  -1.3,  -1.4, 251.9, -35.3,1186.4,   8.7,  -1.6
254201,  -9.2,   1.4,  -0.8, 163.3,-144.9, 958.4,   8.1,  -1.5
254225,  -5.9,   7.1,   0.0,  26.8, -12.1, 856.1,   7.0,  -1.4
254249,  -7.3,  10.5,  -0.7,-117.7, -28.9, 959.8,   6.2,  -1.4
254277,  -6.1,   4.1,   1.6, -78.2,  49.7,1104.1,   5.8,  -0.9
254301,  -6.4,   0.7,   0.0,  74.9, -29.6,1242.0,   5.6,  -1.0
254325,  -5.4,  -2.6,   0.6, 109.8,-131.7,1135.8,   5.4,  -0.6
254353,  -4.7,   0.6,   1.3, 127.7,  -0.6,1060.2,   5.0,  -0.6
254377,  -1.1,   0.3,   1.6,-178.0, 195.5, 708.4,   4.9,  -0.2
254401,  -3.9,   5.4,   1.7, -22.2,-304.3,1311.4,   3.9,  -0.5
254425,  -4.8,  -1.5,   1.4, -54.7,  -3.3, 916.4,   3.6,   0.2
254453,  -6.2,  -1.4,  -0.8, 347.1, -54.1,1584.1,   3.9,   0.1
254477,   6.9,   2.4,   3.1,  54.9,  17.5, 595.3,   2.3,   0.3
254505,   5.4,   1.6,   1.6, -42.0, 284.6, 853.9,   2.7,   0.4
254525,  -0.7,  -0.5,  -0.7,  59.5,-192.2,1255.2,   3.6,   0.3
254553,  -3.9,   2.7,  -0.3,  67.1,-139.3,1110.2,   3.1,   0.4
254577,  -1.6,   0.1,   0.6,  43.4,  46.5, 754.7,   2.3,   0.5
254601,  -6.0,   3.3,   1.2,-195.3,-198.1,1296.2,   1.4,   0.3
254625,  -3.8,   0.2,   0.6, -68.6, -19.6, 960.1,   1.4,   0.3
254653,  -0.6,  -4.1,  -0.4,  24.4, 151.5, 829.9,   1.3,   0.2
254677,   0.3,  -2.8,  -1.4, 231.7,  -6.7,1353.1,   1.3,  -0.0
254701,   1.9,   1.2,  -0.9, -26.2,-109.0, 805.8,   0.8,   0.3
254725,   0.7,   0.6,   0.2, -95.7,-128.0, 785.7,   0.2,   0.4
254753,  -0.3,  -3.7,   1.9, 191.9,-127.5,1236.2,  -0.1,   0.3
254777,   0.6,   0.2,   1.2,  36.8,  21.9, 973.7,  -0.3,   0.3
254801,   1.9,   1.1,   2.2, -23.7,  94.4, 741.6,   0.2,   0.0
254825,  -0.9,  -1.4,   1.0,-102.1,  79.0, 888.0,   0.9,   0.1
254853,  -0.7,   1.9,   3.0, -14.2,-117.0, 938.3,  -0.2,  -0.1
254877,   2.7,   1.1,   2.1,-109.7,  91.4,1036.7,  -0.7,  -0.0
254901,   1.5,   1.3,   1.0,  13.4, 138.3,1116.8,  -0.2,  -0.1
254927,  -1.1,  -3.1,   1.9, 220.2,   9.4,1231.1,   0.3,  -0.2
254951,   0.3,  -3.9,   1.3,  63.7,-114.6,1066.8,  -0.1,   0.1
254975,  -3.2,  -0.8,   1.8,  53.2, -15.5, 914.9,  -0.4,   0.1
255003,  -1.4,   1.6,   2.4, -32.0, -27.9, 879.0,  -0.6,   0.1
255027,  -1.7,   2.3,   1.3, -90.4, -66.5,1059.2,  -0.6,   0.1
255051,   0.7,   0.5,   2.5,  34.9,  24.6,1014.0,  -0.5,  -0.1
255075,  -0.9,   1.1,   3.5, -40.8,  47.3, 874.1,  -0.4,  -0.0
255103,   1.8,  -1.5,   2.7,  71.3,   9.7,1071.4,  -0.6,  -0.3
255127,  -0.9,  -1.0,   2.4, 113.0, -38.4,1087.7,  -0.7,  -0.1
255151,   0.0,  -5.5,   2.5, 157.9,  -2.8,1036.5,  -0.7,  -0.1
255175,  -0.7,   0.7,   2.5,  86.6, -62.8,1161.7,  -0.9,  -0.3
255203,  -2.8,   3.1,   2.6,  -5.4, -93.4,1006.5,  -1.0,  -0.3
255227,  -1.7,   3.2,   2.1, 112.3, -74.1,1043.8,  -1.2,  -0.4
255251,  -1.0,   3.5,   1.9,  49.0, -14.5, 923.4,  -1.2,  -0.4
255275,   0.3,   0.8,   3.3, -75.0,  30.4, 833.6,  -1.1,  -0.3
255303,  -1.3,  -1.4,   3.1, -18.8,  -0.6, 964.7,  -0.9,  -0.4
255327,  -4.0,   2.5,   3.2,-104.3,  32.1, 934.4,  -0.7,  -0.3
255351,  -2.8,  -0.1,   5.2,   7.8,  15.8,1006.5,  -1.1,  -0.2
255375,  -2.6,   2.7,   4.3,  28.3,-137.3,1031.1,  -1.9,  -0.5
255403,   0.2,   3.6,   4.9,  -9.1,  46.0, 933.5,  -2.0,  -0.4
255427,   2.0,  -0.3,   2.5,  59.5, 107.6,1014.0,  -1.6,  -0.4
255451,   2.0,  -0.0,   1.7,  47.1,  86.8, 919.0,  -1.2,  -0.3
255479,  -0.2,   0.2,   2.3,  61.2, -62.8,1019.6,  -1.3,  -0.4
255507,  -2.0,   2.2,   2.5,   2.7, -10.1, 939.6,  -1.4,  -0.4
255527,  -2.0,  -1.5,   3.2,  39.5, -48.9,1043.1,  -1.6,  -0.5
255551,  -1.3,   0.8,   2.8,  14.4,  34.8, 968.6,  -1.4,  -0.5
255579,  -0.9,   0.8,   2.4,  71.0,  24.3, 988.9,  -1.2,  -0.6
255603,  -1.3,   2.6,   3.0,   3.9, -42.3,1028.7,  -1.2,  -0.7
255627,  -1.7,   1.5,   2.6,  36.1, -68.0,1023.1,  -1.4,  -0.7
255651,  -1.3,  -0.8,   3.0, -11.5, -43.8, 985.9,  -1.6,  -0.7
255679,  -1.2,  -1.5,   3.5,  10.2, -42.6,1055.5,  -1.8,  -0.8
255703,  -1.4,   2.6,   2.7,  71.3, -70.7, 974.0,  -2.1,  -0.9
255727,  -0.3,   0.1,  -1.0, -40.1,   9.7, 952.7,  -2.0,  -0.8
255751,   0.4,   0.2,  -2.8,  41.0,   4.5,1034.3,  -1.6,  -1.1
255779,  -0.1,   1.5,  -0.3, 103.5,  55.8,1016.2,  -1.1,  -1.1
255803,  -0.1,   1.2,   1.4,  63.9,   9.7, 978.6,  -0.8,  -1.1
255827,  -1.5,   1.0,   1.6, -58.4, -38.2,1002.8,  -1.0,  -0.9
255851,  -1.5,   2.7,   1.4,  57.1,  29.7,1032.6,  -0.9,  -1.0
255879,  -0.6,   1.1,  -0.6,  32.9,  32.1, 985.0,  -0.5,  -1.2
255903,  -0.7,  -0.5,  -1.9, -23.7,   8.7,1000.8,  -0.3,  -1.1
255927,  -0.4,   0.4,  -3.0,  45.1,   4.5,1028.4,  -0.1,  -1.2
255951,  -1.6,   0.5,  -3.2,  46.1,  -2.5,1028.9,  -0.1,  -1.3
255979,  -2.1,   0.3,  -3.8,  36.3,  23.6, 967.9,   0.1,  -1.5
256007,  -2.6,   2.7,  -3.3,  31.9,  -8.2,1011.8,   0.0,  -1.4
256027,  -2.1,   0.8,  -3.4,  -2.2,  12.1,1015.0,   0.2,  -1.4
256051,  -1.5,  -0.1,  -3.5,  54.7,  20.9, 964.9,   0.2,  -1.5
256079,  -1.5,   1.6,  -4.0,  86.4,   4.3,1000.6,   0.2,  -1.7
256103,  -2.0,  -2.1,  -4.0,  28.8,  27.0, 962.7,   0.2,  -1.6
256127,  -1.9,  -0.4,  -4.5, -13.5, -34.5, 961.0,   0.1,  -1.6
256151,  -3.4,   0.8,  -4.8,  30.2, -40.6,1168.8,   0.0,  -1.8
256179,  -0.7,  -1.3,  -4.9,  -4.2, -14.3,1070.9,  -0.2,  -1.7
256203,  -1.1,  -2.7,  -3.8, 148.9,-153.4,1104.8,  -0.6,  -1.8
256227,   0.5,   1.1,  -4.5,  13.2, -30.1, 996.7,  -0.8,  -1.8
256251,   0.7,  -0.5,  -4.0,  61.7, -41.4,1031.6,  -0.8,  -1.7
256279,   0.7,  -1.4,  -4.7, -39.1,  11.9, 975.0,  -0.5,  -1.4
256303,   0.2,  -0.8,  -4.4, -14.9, -13.8, 975.9,  -0.4,  -1.2
256327,  -0.4,  -1.5,  -4.3,  26.6, -62.6, 966.2,  -0.5,  -1.3
256351,  -0.9,  -0.7,  -5.7,  18.8, -31.1, 968.1,  -0.7,  -1.3
256379,  -1.7,  -1.5,  -6.0, -32.3,   9.2, 963.7,  -0.6,  -1.3
256403,  -1.0,  -0.5,  -5.9,  -1.5,  17.5, 979.6,  -0.5,  -1.3
256427,  -0.7,  -1.5,  -6.9, -86.2,   3.3, 980.8,  -0.4,  -1.2
256451,  -0.3,  -0.7,  -6.8,  -1.3, -31.6,1052.3,  -0.3,  -1.3
256479,  -0.1,  -0.5,  -6.6,   7.8, -12.8, 985.5,  -0.5,  -1.2
256507,  -1.2,   0.1,  -5.6,  96.6, -40.1,1013.8,  -0.6,  -1.3
256526,  -1.1,   1.7,  -5.1, -29.6, -24.8,1018.4,  -0.7,  -1.3
256554,  -1.2,   1.5,  -4.6,  23.2, -34.0,1033.3,  -0.8,  -1.2
256578,  -0.8,   0.2,  -4.8, -31.0, -86.0,1032.1,  -1.0,  -1.1
256602,  -2.0,   2.4,  -3.6,  -3.0, -30.1, 981.3,  -1.2,  -1.1
256630,  -0.9,   0.4,  -4.0, -13.0, -89.2, 991.3,  -1.6,  -1.0
256654,  -0.9,   1.2,  -2.3, -27.6, -43.1, 995.2,  -1.8,  -1.0
256678,  -0.6,  -1.8,  -4.2,   3.6,  -5.2,1005.0,  -1.7,  -0.9
256702,  -0.6,  -1.3,  -5.1,  42.9, -15.0,1018.2,  -1.6,  -0.9
256730,   0.0,   0.8,  -5.8,  15.1, -27.2,1018.9,  -1.5,  -1.1
256754,  -1.1,   2.1,  -4.1,  11.4, -44.0, 996.0,  -1.5,  -1.1
256778,  -1.6,   0.4,  -3.6,  11.4,  -8.6,1005.0,  -1.5,  -1.1
256802,  -0.8,   0.4,  -3.5,   4.9,  28.5, 980.1,  -1.3,  -0.9
256830,  -0.5,   0.7,  -3.4,  12.7,  -3.0, 971.5,  -1.0,  -0.9
256854,  -0.7,  -0.0,  -3.2,  41.5, -15.2,1009.6,  -1.0,  -1.0
256878,  -0.9,   0.4,  -3.3,  45.9, -14.8,1012.3,  -1.1,  -1.0
256902,  -0.4,   1.5,  -4.2,  23.6, -23.8,1001.6,  -1.1,  -1.1
256930,  -0.7,   1.0,  -3.5,  30.0,  -3.3,1010.1,  -1.0,  -1.1
256954,   0.4,  -0.3,  -2.5,  41.0, -14.8, 978.6,  -0.9,  -1.1
256978,  -0.2,   1.6,  -1.6,  16.1, -27.7,1001.8,  -1.0,  -1.1
257006,   0.2,  -0.3,  -1.1,   7.5, -20.1,1015.2,  -0.9,  -1.1
257030,   0.7,   1.5,  -0.8, -13.0,  -3.0, 990.8,  -0.9,  -1.0
257054,  -0.1,  -0.3,  -1.4,  29.5, -45.0, 979.1,  -0.9,  -1.0
257078,  -0.2,   1.8,  -1.7,  34.4, -46.5,1014.5,  -1.1,  -1.0
257102,  -0.6,   1.3,  -1.1,  19.0, -37.5,1000.8,  -1.2,  -0.9
257130,  -1.0,   2.6,  -0.6,  14.9, -16.5,1004.0,  -1.2,  -1.0
257154,  -0.0,  -2.1,  -1.1,   7.8, -40.4, 995.0,  -1.3,  -0.9
257178,  -0.3,  -0.3,  -0.3,  31.2, -31.6,1007.4,  -1.3,  -1.0
257202,  -0.7,   1.2,  -0.2,  17.1, -27.2,1007.2,  -1.3,  -1.0
257230,  -0.8,   0.5,  -0.0,   4.4, -39.7, 986.9,  -1.4,  -1.0
257254,   0.4,   1.6,  -0.3,  -1.3, -31.4,1003.5,  -1.4,  -1.0
257278,  -0.9,   0.2,  -0.2,  14.9, -17.9, 995.5,  -1.4,  -0.9
257302,  -0.4,  -1.0,  -0.0,   8.3, -36.0, 996.4,  -1.4,  -0.9
257330,   1.0,   0.1,  -0.9,   1.4, -19.6, 996.9,  -1.3,  -0.8
257354,   0.8,  -1.5,  -0.3,   7.8, -20.4, 982.3,  -1.2,  -0.9
257378,   0.0,  -0.1,  -0.1,  18.5, -10.6,1000.3,  -1.1,  -0.9
257402,  -0.1,  -2.8,  -0.3,  25.8,  -0.1,1004.7,  -1.0,  -1.0
257430,  -0.1,  -2.0,  -1.0,  40.3,  18.5,1006.5,  -0.9,  -1.1
257454,  -0.1,  -0.9,  -1.6,  36.8,  13.3,1008.6,  -0.7,  -1.2
257478,  -0.2,  -0.1,  -1.4,  44.9,  16.0,1013.5,  -0.5,  -1.3
257506,  -0.7,   2.1,  -0.8,   9.7,  -5.5,1022.3,  -0.5,  -1.2
257530,  -0.0,   1.1,  -0.9,  -1.5,  -2.5, 985.5,  -0.5,  -1.1
257554,  -1.0,   1.0,  -0.8,  -2.0, -31.8, 991.3,  -0.5,  -1.0
257578,  -0.7,  -0.0,  -0.3,  33.4, -45.8,1013.5,  -0.7,  -1.0
257602,  -0.4,   0.3,  -1.0,  42.2, -75.3,1002.5,  -1.0,  -1.0
257630,   0.2,  -0.4,  -2.5,  31.9,-100.2,1007.4,  -1.5,  -1.0
257654,   0.8,  -1.3,  -2.2,  -7.6,   6.5, 982.3,  -1.6,  -1.1
257678,  -0.1,   1.8,  -1.2,  -8.1,  18.0, 990.8,  -1.4,  -1.1
257702,  -0.3,  -0.7,   0.9, -17.1,  20.6,1004.3,  -1.2,  -0.9
257730,  -0.1,   1.2,   1.7,  40.3,  19.4,1011.1,  -0.9,  -0.8
257754,  -0.7,  -0.5,   0.4,  73.7, -42.3, 999.4,  -0.9,  -1.1
257778,  -0.6,   0.8,  -0.9,   1.2, -30.4,1000.1,  -1.0,  -1.0
257806,  -0.1,   1.0,  -2.3,   4.6,  28.5, 977.4,  -0.8,  -1.1
257830,  -0.5,   0.2,  -0.9, -18.1,  19.4, 995.2,  -0.5,  -1.0
257854,   0.0,  -0.4,   0.2, -14.7,  11.1,1009.1,  -0.4,  -0.8
257878,  -0.2,   1.3,   0.8,  22.7,  16.3, 999.4,  -0.2,  -0.8
257906,  -0.6,   0.9,   1.0,  42.9, -12.6, 995.7,  -0.2,  -0.8
257930,  -1.2,   2.9,  -0.1,  31.5,  -7.4, 988.6,  -0.1,  -0.9
257954,   0.3,   2.7,  -0.6,  31.7,   8.7,1002.5,  -0.1,  -1.0
257978,   0.3,   0.5,  -0.8,  30.2,   1.4,1011.8,  -0.1,  -1.1
258006,  -0.7,  -1.0,  -0.9,  11.0,   7.2,1021.6,  -0.1,  -1.1
258030,  -0.3,   0.1,  -0.7,  17.5,  11.1, 991.6,   0.0,  -1.1
258054,   0.1,   0.1,  -1.1,  38.1, -14.5, 999.4,   0.1,  -1.2
258078,  -0.2,   0.1,  -0.9,  47.6, -14.3,1010.8,   0.1,  -1.3
258106,  -0.7,   1.5,  -1.5,  33.4, -10.1,1008.2,   0.0,  -1.4
258128,  -0.4,   0.5,  -1.4,  13.4,   2.6,1000.6,   0.0,  -1.4
258156,   0.0,   0.9,  -1.9,   8.5,   0.9,1002.8,   0.1,  -1.3
258180,  -0.3,  -0.0,  -2.7,  39.5,   8.7, 985.2,   0.1,  -1.4
258204,  -1.2,   3.1,  -2.6,   1.7, -17.7, 998.1,   0.1,  -1.4
258228,  -0.6,   0.8,  -3.7,  37.6,  -9.6,1000.1,   0.1,  -1.4
258256,   0.2,  -0.3,  -4.2,  28.3,  -4.5,1007.7,   0.0,  -1.4
258280,  -0.3,  -0.6,  -3.9,  30.7,   3.8,1005.7,   0.0,  -1.4
258304,  -0.5,  -0.4,  -4.2,  37.3,   9.9,1001.1,   0.1,  -1.4
258328,  -0.7,  -0.7,  -3.8,  17.5,  18.5,1001.3,   0.1,  -1.4
258356,  -1.1,   1.8,  -3.6,  -1.0,   4.5,1000.6,   0.2,  -1.3
258380,   0.3,   1.9,  -4.2,   7.5,   7.0,1006.9,   0.2,  -1.2
258404,  -0.1,   0.5,  -3.4,  12.9,  17.2,1009.1,   0.3,  -1.2
258428,  -0.5,   1.0,  -2.6,  15.3,  16.3,1003.0,   0.3,  -1.1
258456,  -0.2,   0.5,  -2.5,  33.9,  15.5, 998.1,   0.4,  -1.1
258480,  -0.8,   0.4,  -2.6,   3.9,   3.8,1004.7,   0.4,  -1.0
258508,  -0.7,  -0.6,  -1.7,  18.8,  13.8,1000.6,   0.4,  -1.1
258528,  -0.4,  -0.7,  -2.0,   7.8,  -2.8,1025.0,   0.4,  -1.0
258556,   0.1,  -0.1,  -2.2,  -0.0,  -0.8,1003.5,   0.4,  -0.9
258580,   0.2,  -2.0,  -1.9,  31.5,  -3.0, 993.5,   0.4,  -1.0
258604,  -0.0,  -0.8,  -0.8,  13.2, -11.1, 997.2,   0.4,  -1.1
258628,  -0.4,  -0.9,  -1.5,  17.8,  10.1,1006.2,   0.3,  -1.1
258656,  -0.8,   1.5,  -1.5,  39.5,  -4.0,1011.6,   0.3,  -1.3
258680,  -1.3,   2.6,  -1.6,  15.3,  28.7,1008.4,   0.3,  -1.2
258704,  -1.0,  -0.1,  -1.7,  12.2,  -2.3, 993.8,   0.3,  -1.2
258728,  -0.4,   1.0,  -1.7,   8.0,  -5.0,1009.6,   0.2,  -1.3
258756,   0.7,  -1.8,  -2.4,  35.9,   3.1, 995.5,   0.3,  -1.2
258780,  -0.3,  -1.0,  -2.8,  12.2,   6.2,1001.1,   0.2,  -1.2
258804,  -0.4,  -0.1,  -2.6,  43.2,   7.5,1007.4,   0.3,  -1.2
258828,   0.2,  -1.3,  -3.2,   8.0,  -7.7,1003.5,   0.2,  -1.2
258856,  -0.1,  -1.5,  -2.1,  19.7,   5.0, 981.3,   0.2,  -1.2
258880,   0.5,  -1.9,  -1.9,  22.2,  -2.1,1003.5,   0.2,  -1.1
258904,  -1.0,  -0.3,  -1.4,  28.5,  -5.0, 986.4,   0.2,  -1.1
258932,  -1.4,   2.6,  -0.8,   7.0, -20.6,1001.8,   0.1,  -1.1
258956,   0.0,   0.4,  -0.1,  -7.8, -21.3,1008.2,  -0.0,  -1.0
258980,   0.1,  -1.1,  -0.4,  25.8, -24.0, 989.8,  -0.1,  -1.0
259008,  -0.0,  -0.1,   0.2,  27.6, -16.0, 991.6,  -0.1,  -1.0
259032,  -0.6,   1.0,   0.5,  13.2, -11.3,1015.7,  -0.2,  -1.0
259056,  -0.8,   1.2,   0.2,   7.0, -18.4,1009.4,  -0.2,  -1.0
259080,   0.0,  -0.9,   0.8,  19.5,  -2.1,1009.1,  -0.3,  -1.0
259104,  -0.8,   0.7,  -0.3,   5.3,   0.6, 997.2,  -0.3,  -1.0
259132,  -0.3,  -1.4,   0.6,  26.1,   5.0, 989.4,  -0.3,  -1.1
259156,   0.3,  -1.0,   0.8,   5.8, -16.7,1015.0,  -0.4,  -1.0
259180,  -0.3,  -0.2,   1.0,   9.2, -15.2, 965.4,  -0.5,  -1.0
259204,  -0.4,   2.8,   0.5, -33.5,  -9.6,1016.5,  -0.5,  -1.0
259232,  -0.3,  -0.9,   1.3,  38.1, -14.8,1018.2,  -0.5,  -1.0
259256,  -0.5,   1.3,  -0.1,  21.7, -26.2,1015.7,  -0.6,  -1.0
259280,  -0.0,  -0.1,   0.2,  35.9, -32.1,1000.1,  -0.7,  -1.1
259304,   0.2,   0.5,  -0.1,  -0.0, -18.4,1006.7,  -0.8,  -1.1
259332,  -0.4,   1.8,  -0.8,  28.8,   4.0,1000.8,  -0.8,  -1.1
259356,   0.3,  -1.7,  -0.6,  41.2,   2.6, 995.2,  -0.8,  -1.2
259380,   0.7,  -1.0,  -1.2,  16.6, -15.5,1002.3,  -0.8,  -1.2
259404,   0.2,   2.4,  -1.5,  38.3, -16.0,1002.1,  -0.8,  -1.3
259432,  -1.4,   2.9,  -2.0,  44.2,  -0.3, 989.8,  -0.8,  -1.4
259456,  -0.6,   1.3,  -1.5,  28.8,   6.0,1009.1,  -0.7,  -1.4
259480,  -0.9,  -0.1,  -1.2,  -3.0,   7.7, 997.7,  -0.6,  -1.4
259508,   0.3,   0.1,  -0.5,   3.4,  24.8,1000.1,  -0.6,  -1.3
259532,  -0.3,   1.4,   0.2,  18.0,  34.6, 994.0,  -0.4,  -1.2
259556,  -1.0,   2.4,   0.7, -15.2,   6.0,1004.0,  -0.2,  -1.1
259580,  -0.4,   0.7,   2.0,  14.1,  35.3, 997.9,  -0.1,  -1.0
259604,  -0.3,   0.3,   1.8,  -0.0,  17.2, 994.7,   0.0,  -0.9
259632,   0.4,  -0.9,   1.7,  23.4,  19.9, 997.4,   0.1,  -0.9
259656,  -0.1,  -1.9,   1.9,  12.2,  26.5, 996.0,   0.2,  -0.9
259680,   0.1,   2.5,   1.9,  36.3,  18.7, 993.0,   0.3,  -0.9
259704,  -1.0,   2.0,   1.6,   9.5,  24.1, 988.6,   0.4,  -0.8
259730,  -0.1,  -0.1,   2.0,  11.9,   8.9, 996.9,   0.4,  -0.9
259754,  -0.6,   0.6,   1.2,   9.7,  13.6, 996.4,   0.4,  -0.9
259782,  -1.2,   2.2,   1.2,  44.2,   8.7, 999.9,   0.5,  -1.1
259806,  -1.1,   1.6,   0.5,  42.0,   9.2,1004.3,   0.5,  -1.2
259830,  -1.2,   2.4,  -0.1,  33.4,   5.0, 996.7,   0.5,  -1.3
259854,  -1.2,   1.3,  -0.0,  29.5,  -9.9, 989.1,   0.4,  -1.4
259882,  -0.7,  -1.1,  -0.5,  21.2,   7.2, 998.6,   0.4,  -1.4
259906,  -0.9,  -0.6,  -1.5,  -3.0, -11.8, 998.9,   0.3,  -1.3
259930,  -0.7,   0.8,  -0.9,  31.5,  -7.7,1004.3,   0.2,  -1.3
259954,  -0.2,  -1.6,  -1.2,  48.6, -15.7,1016.5,   0.1,  -1.4
259982,  -0.4,   1.6,  -0.8,  34.6, -32.8, 994.7,  -0.0,  -1.4
260010,   0.3,  -2.0,  -1.9,  31.2, -33.1, 989.8,  -0.0,  -1.5
260030,   0.2,  -1.4,  -2.0,   8.5, -29.2, 999.4,  -0.2,  -1.4
260058,  -0.0,   0.7,  -2.3,  40.7, -18.9,1002.1,  -0.4,  -1.5
260082,   0.3,  -0.3,  -3.0,  23.6, -26.7,1014.8,  -0.5,  -1.6
260106,  -0.6,  -0.6,  -2.5,   4.1, -22.6, 993.5,  -0.6,  -1.7
260130,  -0.3,   0.4,  -3.0,  32.9, -20.6,1010.6,  -0.6,  -1.8
260158,   0.5,   0.4,  -2.5,  49.0,  -8.4,1010.1,  -0.6,  -1.9
260182,   0.1,  -0.1,  -2.1,  16.1,   6.0,1013.0,  -0.6,  -1.8
260206,  -0.4,   1.6,  -1.1,  -7.4,  -2.5, 998.9,  -0.5,  -1.7
260230,   0.2,  -0.0,  -1.2,  30.2,  10.9,1004.3,  -0.4,  -1.7
260258,   0.2,   0.2,   0.3,   3.1,  20.4, 998.9,  -0.3,  -1.5
260282,   0.6,  -0.3,   0.3, -19.6,  -1.8,1017.9,  -0.2,  -1.4
260306,   0.9,  -1.0,   1.5,  -0.8,   7.5, 993.8,  -0.2,  -1.2
260330,   0.6,  -0.7,   1.6, -10.5,  -1.8, 996.2,  -0.1,  -1.2
260358,  -0.3,   2.9,   1.3, -10.5,  10.4, 985.0,  -0.1,  -1.1
260382,  -1.2,   0.2,   1.4,  23.6,  25.3, 999.6,   0.0,  -1.1
260406,  -0.5,  -0.9,   2.8,   1.7,  43.6, 979.8,   0.1,  -1.0
260430,  -0.3,  -1.5,   3.2,  14.9,   7.0,1003.5,   0.2,  -0.9
260458,  -0.4,   0.2,   2.7,   7.8,   7.0, 993.8,   0.2,  -1.0
260482,  -0.4,   1.6,   3.0,  44.6,  -4.3,1011.6,   0.2,  -1.0
260510,   0.0,   1.9,   2.8,  41.7, -22.6,1012.3,   0.2,  -1.0
260530,  -0.4,  -0.4,   2.2,  19.7,  -8.9,1001.3,   0.2,  -1.0
260558,  -0.2,  -0.6,   2.1,  23.2, -27.0,1002.8,   0.0,  -1.1
260582,  -0.6,  -1.4,   1.7,  17.5,  -6.5,1009.9,  -0.1,  -1.1
260606,  -0.3,  -0.6,   1.6,  39.0,  -6.7, 993.3,  -0.2,  -1.2
260630,   0.3,  -2.6,   1.5,  25.4, -24.3,1004.5,  -0.3,  -1.2
260658,  -0.0,  -1.7,   0.8,  27.8,  -4.3,1012.3,  -0.4,  -1.3
260682,  -0.0,  -0.8,   0.8,  42.9, -10.4,1002.3,  -0.4,  -1.4
260706,  -0.1,  -0.9,  -0.4,  28.5, -18.2,1016.0,  -0.5,  -1.5
260730,   0.5,  -1.0,  -2.0, -24.7,  44.8,1002.1,  -0.5,  -1.5
260758,   0.3,   1.1,  -4.4,   0.9, -30.6, 997.2,  -0.4,  -1.7
260782,   0.7,  -0.9,  -3.3,  43.2, -18.4,1011.1,  -0.4,  -1.6
260806,   0.3,   1.0,  -4.0,  22.4,   3.3, 969.1,  -0.4,  -1.8
260830,   0.2,   1.2,  -2.6, -50.6,  19.2, 986.4,  -0.3,  -1.5
260858,   0.2,  -0.0,  -3.6,  49.0,   8.4, 998.1,  -0.2,  -1.6
260882,  -0.1,  -0.7,  -3.2,  15.8,  -2.3,1006.5,  -0.2,  -1.6
260906,  -0.1,  -1.1,  -3.4,  34.6, -14.8,1002.1,  -0.2,  -1.5
260930,  -0.6,   0.7,  -3.4,   3.4, -16.5,1018.9,  -0.2,  -1.5
260958,  -0.5,   0.2,  -2.7,  15.6,  22.8, 990.8,  -0.1,  -1.5
260982,  -0.8,  -1.5,  -1.9,   6.6,  24.6, 987.9,   0.0,  -1.5
261010,  -0.7,   1.0,  -1.4,  22.9,   1.8,1002.3,   0.0,  -1.4
261030,  -1.1,   0.2,  -2.3,  43.7, -11.1,1004.5,   0.0,  -1.4
261058,  -0.6,  -0.9,  -1.0,   2.2, -12.1, 992.8,  -0.0,  -1.4
261082,  -1.0,  -0.1,  -1.5,   6.6, -16.2,1016.2,  -0.0,  -1.4
261106,   0.2,  -0.8,  -0.8,  20.2,  11.9, 982.3,   0.0,  -1.5
261130,   0.1,   0.8,  -1.6,  32.2, -10.6, 996.7,   0.0,  -1.5
261158,  -0.4,   0.5,  -2.0,  41.7, -12.3, 993.0,  -0.1,  -1.5
261182,  -0.8,   0.8,  -2.2,  12.9,  -9.9,1014.8,  -0.2,  -1.5
261206,   0.3,  -1.2,  -2.3,  14.6, -10.8,1007.7,  -0.2,  -1.5
261234,  -0.4,  -0.2,  -2.0,  26.3, -13.3,1009.1,  -0.3,  -1.4
261258,   0.1,  -0.9,  -2.0,  46.8, -22.1,1005.5,  -0.4,  -1.5
261282,  -0.3,  -1.0,  -2.8,  29.5, -28.2, 999.6,  -0.5,  -1.5
261306,  -0.3,   1.1,  -3.4,  15.6, -29.6, 993.3,  -0.7,  -1.5
261332,  -0.4,   0.5,  -4.7,  40.3, -37.7,1008.9,  -0.8,  -1.6
261356,  -0.1,  -1.2,  -5.8,  36.3, -33.8, 989.4,  -0.9,  -1.7
261384,  -0.6,   0.1,  -6.4,  31.2, -18.2,1006.2,  -0.9,  -1.7
261408,   0.2,  -0.7,  -6.9,  11.7, -19.6,1015.5,  -1.0,  -1.7
261432,   0.1,   0.6,  -7.4,  31.2, -10.1,1016.9,  -1.0,  -1.7
261456,  -0.4,  -0.9,  -7.5,  45.9,   2.1,1001.1,  -0.9,  -1.7
261484,  -0.7,  -1.0,  -8.9,  38.8,  -3.5, 985.5,  -0.8,  -1.8
261512,   0.8,  -1.5,  -9.7,  30.2, -16.5,1000.6,  -0.8,  -1.9
261532,  -0.3,   0.2, -10.2,  42.9,  -2.1,1019.6,  -0.8,  -1.9
261556,  -0.4,  -0.4, -10.5,  33.9,  -8.6,1016.7,  -0.8,  -1.9
261584,   0.3,  -2.8, -11.2,  26.8,  11.4,1005.0,  -0.7,  -1.8
261608,   0.4,  -0.9, -12.7,  11.0,   2.8, 995.7,  -0.6,  -1.8
261632,   0.3,  -1.7, -13.9,  20.7, -25.7, 974.5,  -0.6,  -1.8
261656,   0.6,  -3.1, -14.4,  27.8,  13.1,1003.8,  -0.6,  -1.8
261684,   0.5,  -1.9, -14.1,  43.4,   1.4, 994.5,  -0.5,  -1.8
261708,   1.0,  -1.2, -14.9,   7.0,   4.8,1003.0,  -0.5,  -1.8
261732,   1.1,  -1.8, -15.1,  21.5,  -4.7,1000.3,  -0.5,  -1.8
261756,   0.5,  -2.3, -16.2,  30.0, -19.1,1014.3,  -0.5,  -1.9
261784,   0.7,  -2.9, -16.9,  16.1, -10.4,1015.2,  -0.5,  -1.9
261808,   0.6,  -0.6, -16.6,  22.2,  13.3, 997.7,  -0.4,  -1.9
261832,   0.6,  -2.9, -17.0, -15.9,  -7.4, 993.5,  -0.3,  -1.8
261856,   0.5,  -4.6, -15.9,  13.2,  55.8, 997.2,  -0.0,  -1.8
261884,   0.1,  -2.0, -15.5,  11.9,   7.7, 988.1,   0.2,  -1.6
261908,   0.2,  -3.6, -15.8, -37.4,  18.0, 986.4,   0.3,  -1.5
261932,   0.5,  -2.6, -16.4, -22.2,  10.9, 995.0,   0.3,  -1.4
261956,   0.3,  -2.6, -15.0,  20.7,  16.3,1001.6,   0.4,  -1.4
261984,  -0.1,  -3.2, -14.7,  50.0,  22.4,1008.9,   0.4,  -1.4
262012,  -0.5,  -1.6, -14.3,  -2.0,  33.1, 986.2,   0.4,  -1.4
262032,  -0.8,  -1.4, -13.2,   2.7,  43.8,1000.6,   0.6,  -1.3
262056,  -0.8,  -0.8, -11.7,  -4.7,  43.4, 997.4,   0.8,  -1.2
262084,  -0.6,  -0.5, -11.8,   1.2,  36.8, 993.5,   0.9,  -1.1
262108,  -0.1,  -1.9, -11.6,  28.0,  -4.3, 989.4,   0.8,  -1.0
262132,  -0.9,  -2.4, -13.1,  45.6, -16.5,1005.0,   0.7,  -1.1
262156,  -1.0,  -1.1, -12.9,  52.2, -18.2, 999.6,   0.6,  -1.1
262184,  -0.9,  -1.8, -14.9,  25.6, -63.6,1040.6,   0.4,  -1.2
262208,  -1.0,  -2.0, -14.0,  22.9,   8.9,1029.9,   0.3,  -1.1
262232,  -0.8,  -0.7, -12.7,   1.9,  31.1, 993.3,   0.4,  -0.9
262256,  -0.6,  -1.2, -10.4, -40.1,   6.2,1005.0,   0.4,  -0.7
262284,  -0.1,   1.1,  -6.7, -32.5,   6.0,1011.1,   0.3,  -0.4
262308,  -0.7,   0.1,  -2.7,  -2.7, -40.9, 994.5,   0.2,  -0.0
262332,  -0.6,   0.3,  -1.3,  15.6,  34.8,1002.5,   0.3,   0.1
262360,  -0.0,   0.8,  -4.0,-135.0,  84.1, 883.9,   0.7,   0.3
262384,   2.7,  -3.1,  -4.3,  22.7, 192.8,1007.4,   0.9,   0.3
262408,   0.0,   3.2,  -7.3, 101.3,-169.3, 998.6,   0.2,  -0.7
262432,  -1.2,   3.4, -10.5, -13.5, -71.1,1005.2,  -0.4,  -0.5
262460,  -0.7,  -0.6, -10.6,  50.7,  -5.5,1018.4,  -0.5,  -0.6
262484,   0.3,  -2.7, -10.7, -21.5,  18.2,1011.3,  -0.3,  -0.4
262512,   1.2,  -2.6, -12.2,  37.8,  -5.0, 999.9,  -0.3,  -0.5
262532,   0.8,  -2.0, -12.3,  76.9, -27.9,1011.6,  -0.3,  -0.7
262560,   0.2,  -2.6, -14.1,  40.0, -34.0,1026.7,  -0.5,  -1.0
262584,   0.2,  -1.4, -15.1,  24.4, -17.4,1000.3,  -0.6,  -1.2
262608,  -0.2,  -1.1, -16.5,  31.9,   6.7, 990.3,  -0.5,  -1.3
262632,  -0.1,  -1.7, -18.0,  35.9,   2.3, 992.5,  -0.5,  -1.5
262660,   0.5,  -3.1, -21.1,  52.0, -10.1,1001.8,  -0.4,  -1.7
262684,   0.5,  -4.2, -23.3,  33.2,   2.6, 979.4,  -0.5,  -1.8
262708,   1.2,  -4.2, -25.4,  -2.5,  -6.2, 994.5,  -0.6,  -1.9
262732,   0.3,  -5.1, -26.6,  61.5,  -4.3,1004.0,  -0.5,  -2.0
262760,   0.6,  -5.1, -27.2,  88.6, -23.1,1015.7,  -0.7,  -2.1
262784,   0.3,  -1.7, -30.3,  42.7, -29.6,1011.3,  -0.7,  -2.2
262808,   0.1,  -5.9, -31.0,  49.8, -12.1,1018.4,  -0.7,  -2.2
262832,   0.3,  -4.0, -32.7, -16.4, -44.8, 987.7,  -0.8,  -2.2
262860,  -1.0,  -3.9, -35.3,  79.1, -35.5,1076.5,  -0.9,  -2.4
262884,  -0.9,  -3.6, -36.7,  43.9, -30.6,1009.9,  -1.1,  -2.5
262908,  -0.0,  -3.7, -38.9,  45.1,  -9.6,1005.7,  -1.1,  -2.5
262934,  -0.0,  -6.5, -40.1,  42.9, -52.4,1071.9,  -1.2,  -2.6
262958,  -1.2,  -4.9, -41.8,  44.6, -10.6, 955.9,  -1.3,  -2.8
262982,  -1.4,  -3.9, -43.7,  30.5, -38.2, 947.6,  -1.4,  -2.9
263010,  -0.7,  -6.1, -46.0,  54.9,   2.8,1017.4,  -1.4,  -3.0
263034,   0.5,  -6.2, -45.7,   0.5,  26.3,1037.9,  -1.5,  -2.6
263058,   1.5,  -4.6, -43.8, -60.8,-120.7,1106.8,  -1.6,  -2.2
263082,   2.7,  -3.2, -42.0, -60.3,  71.9, 913.7,  -1.4,  -2.1
263110,   1.1,  -7.2, -42.4, 122.8, -46.0,1037.5,  -1.4,  -2.2
263134,  -0.3,  -5.0, -45.4,  31.2, -75.3,1056.3,  -1.6,  -2.3
263158,  -1.4,  -6.5, -45.6,  77.8, -36.7, 919.0,  -1.8,  -2.3
263182,  -0.4,  -5.7, -48.3, -31.5, -37.7, 947.4,  -2.1,  -2.3
263210,   0.5,  -5.6, -50.6, -26.9,  -7.7, 864.1,  -2.4,  -2.2
263234,  -2.5,  -5.8, -50.9,  17.1,-233.3,1091.7,  -2.9,  -2.2
263258,  -0.1,  -6.1, -50.4,  37.8,  34.3, 944.0,  -2.9,  -2.1
263282,   1.3,  -4.0, -51.0, -16.4,  35.1,1038.9,  -2.8,  -1.8
263310,   0.7,  -4.3, -52.7,-105.3, -81.6,1048.7,  -2.7,  -1.7
263334,   2.9,  -7.3, -52.4, 137.9,  24.6,1052.1,  -2.8,  -1.6
263358,  -1.3,  -6.1, -53.9,  61.2,-191.8,1019.6,  -3.2,  -1.6
263382,  -1.5,  -8.6, -56.2, 136.7,-113.4,1043.3,  -3.3,  -1.7
263410,  -1.3,  -7.9, -59.2,  57.3,-223.5,1134.6,  -3.6,  -1.5
263434,  -0.4,  -5.7, -61.2, -75.0,  41.9, 890.0,  -3.5,  -1.6
263458,  -0.7,  -6.0, -61.5,-229.0, -80.7,1072.4,  -3.4,  -1.4
263486,   0.3,  -4.3, -59.0,-116.5, -39.7, 821.1,  -3.4,  -1.2
263514,   0.3,  -5.7, -56.4,  93.7, -24.0,1050.6,  -3.5,  -1.3
263534,   1.1,   1.8, -53.9,-195.1, -42.6,1272.8,  -3.3,  -0.9
263558,   4.1,  -7.5, -49.6,-105.7,  36.5, 911.7,  -2.7,   0.1
263586,   3.2,  -8.2, -53.9,  30.0,  16.0,1060.9,  -1.9,  -0.1
263610,  -0.3,  -5.4, -58.9,  19.0, -91.4, 929.1,  -2.2,  -0.6
263634,  -0.8,  -7.6, -60.3,  -0.5, -84.1, 960.6,  -2.8,  -1.0
263658,   1.2,  -6.1, -61.1,-167.8, 262.3, 982.3,  -2.8,  -0.6
263686,   1.4,  -8.6, -61.3,-108.9,  63.6,1213.7,  -2.2,  -0.1
263710,   2.1, -10.0, -59.0,   1.2, 180.3, 939.8,  -1.3,   0.3
263734,   1.4,  -8.6, -58.6, -11.3, 184.7, 935.2,  -1.0,   0.7
263758,  -1.2,  -6.5, -57.2,-108.2, -20.6,1022.1,  -1.1,   1.0
263786,  -1.2,  -5.6, -54.9, -84.0, 122.9, 929.8,  -0.7,   0.9
263810,  -0.8,  -4.6, -52.6, -93.8, -65.8,1069.0,  -0.5,   0.8
263834,   1.2,  -3.8, -54.0,-139.7,  27.0, 833.4,  -0.2,   1.1
263858,   0.5,  -6.8, -52.8,  -6.6,  72.2,1022.8,  -0.0,   1.1
263886,  -0.1,  -9.0, -53.4,  -6.1,  12.6, 979.8,   0.1,   1.3
263910,  -0.9,  -6.7, -55.7, -59.1,  41.2, 887.8,   0.2,   1.0
263934,  -3.1,  -5.3, -57.0,  13.4, 133.0, 929.8,   0.3,   0.6
263958,   0.2,  -2.7, -56.2,-198.8,-168.6,1179.3,  -0.2,   1.0
263986,   0.9,  -2.5, -54.3,-132.1,  48.0, 861.4,   0.5,   1.0
264014,   0.7,  -6.7, -51.4,  75.7,  27.5,1006.7,   0.6,   0.9
264034,  -1.0,  -3.4, -52.6,-139.7,  54.3, 914.9,   0.7,   1.3
264058,  -0.7,  -9.2, -51.5,  66.9,  65.6, 947.1,   0.5,   1.5
264086,  -2.6,  -9.3, -50.8, -13.0,  16.5, 842.1,   0.6,   1.5
264110,  -3.8,  -7.7, -50.7,  55.9,  24.1, 931.5,   0.6,   1.4
264134,  -5.3,  -6.1, -51.7,-139.4,-351.9,1070.4,   0.1,   1.5
264158,   0.1,  -4.3, -49.9,-185.3,  16.0,1102.9,   0.2,   1.5
264186,   1.8,  -2.4, -45.1,-185.8, 139.5, 991.3,   0.9,   2.1
264210,   1.3,  -2.9, -44.5,-273.0,  75.8, 881.7,   1.3,   2.3
264234,  -0.4,  -5.4, -42.7,  63.2,  52.4,1010.8,   1.7,   2.3
264258,  -1.7,  -5.8, -41.7,  39.8,  18.5, 954.0,   1.7,   2.3
264286,  -0.3,  -6.8, -43.5,  65.2, -34.5,1033.5,   0.8,   2.2
264310,  -0.6,  -5.8, -47.8,-145.3,  -8.9,1042.6,   0.3,   2.2
264334,   0.2,  -4.8, -49.1, -95.2,  80.5, 915.1,   0.3,   2.0
264358,   0.5,  -7.0, -47.3,  88.8,-152.4,1084.3,   0.4,   1.7
264386,  -0.7,  -5.2, -46.4, -85.2, -26.0, 908.5,   0.3,   1.9
264410,  -1.7,  -4.2, -46.7, -56.7,  19.7,1022.1,   0.3,   1.7
264434,  -2.3,  -7.6, -46.0,  98.4, -84.8,1119.2,   0.0,   1.5
264458,  -1.6,  -2.8, -46.0, -34.7, -55.3,1033.8,  -0.2,   1.7
264486,  -1.1,  -5.7, -45.8,  40.0, -11.6, 995.2,  -0.3,   1.5
264514,  -2.3,  -5.4, -48.4,  32.4,-150.7,1078.5,  -0.5,   1.5
264533,  -1.8,  -5.9, -49.3,   9.2,  -1.1, 975.2,  -0.6,   1.5
264561,  -1.1,  -7.7, -49.6,   9.5, -39.2, 815.8,  -1.0,   1.2
264585,   2.4,  -4.2, -48.6,-271.5, -27.0,1061.4,  -1.3,   1.7
264609,   0.7,  -0.3, -50.1,-287.1,-145.6,1035.3,  -1.0,   1.6
264637,   1.9,  -7.6, -51.2,  47.3, -10.8, 948.1,  -1.1,   1.8
264661,  -2.5,  -6.0, -50.4,  18.8,-115.6, 938.3,  -1.3,   2.0
264685,  -0.4,  -6.4, -49.8, -29.8,  21.4, 982.3,  -1.3,   1.9
264709,  -1.1,  -4.0, -49.9,-181.2,  52.6,1010.6,  -0.9,   2.2
264737,  -0.7,  -9.7, -46.8,  59.8,  -6.7, 962.3,  -0.9,   2.2
264761,  -0.9,  -8.1, -47.4,  82.7,  -2.8,1134.1,  -0.9,   2.3
264785,  -0.5,  -7.3, -46.0,  15.8, -94.8,1028.7,  -1.1,   2.3
264809,  -2.6,  -5.8, -44.2, -55.7, -37.9, 936.9,  -1.0,   2.4
264837,  -4.0,  -3.6, -41.8,-131.4,-167.8,1160.0,  -1.0,   2.5
264861,   0.2,  -4.1, -39.7, -75.2, -58.0, 910.7,  -0.8,   2.7
264885,  -0.6,  -6.4, -44.6, -69.1,  36.0, 908.3,  -0.4,   2.6
264909,  -1.2,  -7.1, -45.0,  66.1,-148.5,1158.3,  -0.5,   2.6
264937,  -1.9,  -5.2, -44.2,-107.7,  53.4, 946.9,  -0.5,   2.5
264961,  -3.5,  -3.4, -45.3, -87.7,  61.7, 906.6,  -0.3,   2.6
264985,  -6.7,  -3.2, -45.6, -66.2,-254.0,1148.8,  -0.4,   2.5
265013,   1.8,  -1.3, -44.8, -57.4,  -7.9,1055.5,  -0.4,   2.6
265037,  -0.1,  -6.3, -43.7, 169.2,  61.9,1013.8,   0.1,   2.4
265061,  -2.1,  -7.7, -45.5,  -7.4, -31.6,1009.9,  -0.0,   2.4
265085,  -3.4,  -4.2, -48.4, 115.2, -69.2,1081.4,  -0.4,   1.8
265109,   0.8,  -4.4, -47.5,   8.8,  35.5, 889.0,  -0.4,   1.8
265137,   0.4,  -6.8, -47.6,-119.2, -18.7,1090.2,  -0.2,   2.0
265161,   0.0,  -4.7, -48.5,  -4.9,  54.8, 948.3,   0.1,   1.8
265185,   1.1,  -8.2, -48.0,  32.7,  64.6, 993.3,   0.1,   1.9
265209,   0.5,  -5.3, -49.3,-117.2,  20.2, 981.3,   0.3,   1.8
265237,   0.2,  -5.3, -48.1, -58.4,  -7.2, 868.3,   0.3,   1.8
265261,   1.6,  -4.1, -47.3,-191.2, 120.0, 941.0,   0.7,   2.2
265285,  -0.4,  -2.5, -44.6,-114.8,  74.4,1039.7,   1.1,   2.0
265309,   0.1,  -4.2, -41.6, -27.6,   9.2,1035.7,   1.4,   2.1
265337,   0.3,  -5.9, -41.8,  38.3,  24.8,1003.8,   1.6,   2.0
265361,  -0.4,  -4.6, -43.1, -15.2, -24.8, 981.8,   1.5,   1.9
265385,  -1.6,  -5.4, -44.9,  -6.9,  38.2, 983.5,   1.2,   1.7
265409,  -1.6,  -5.1, -45.6,  41.5, -18.2,1034.8,   1.1,   1.4
265437,  -1.1,  -4.6, -45.7,  -6.9,   3.1,1000.1,   1.1,   1.2
265461,  -1.3,  -3.9, -45.2,-101.4, -66.0,1028.7,   1.0,   1.4
265485,  -0.5,  -1.7, -43.3,-128.7, -57.7,1030.1,   0.9,   1.5
265513,  -1.4,  -3.3, -41.8, -22.5, -29.9,1018.4,   0.9,   1.5
265537,  -0.9,  -5.0, -40.0,  42.9, -19.6,1030.6,   0.8,   1.5
265561,  -0.3,  -1.0, -40.0, -48.1, -52.1,1014.8,   0.6,   1.5
265585,  -0.9,  -1.7, -40.3,  26.8, -17.7,1006.5,   0.5,   1.4
265609,  -0.2,  -5.4, -40.2,  24.9,  -2.1, 978.9,   0.4,   1.5
265637,  -0.4,  -5.0, -39.9, -89.1, -15.7, 928.8,   0.2,   1.4
265661,  -1.2,  -2.0, -40.4,-104.0, -14.0,1016.7,   0.1,   1.4
265685,  -0.7,  -5.1, -40.5, -35.4,   4.0, 926.4,   0.0,   1.5
265709,  -0.6,  -6.0, -39.3, -35.2,  -2.3, 976.9,  -0.0,   1.5
265737,  -0.9,  -4.0, -39.9,  -6.9,  65.1, 970.6,   0.0,   1.2
265761,   0.1,  -4.8, -37.4,-112.1,  48.2, 978.4,  -0.1,   1.4
265785,   3.1,  -4.0, -34.4, -84.7,  22.8,1016.0,  -0.0,   1.9
265813,   1.8,  -3.9, -30.8,  25.1,   9.4,1033.3,   0.4,   2.0
265837,   1.1,  -3.0, -28.5, -27.6,  25.0, 962.0,   0.4,   2.3
265861,  -0.3,  -2.0, -29.1, -51.3, -37.2, 981.1,   0.5,   2.2
265885,  -0.7,  -3.5, -29.9,   5.3, -28.2,1023.8,   0.3,   1.9
265913,  -0.6,  -4.8, -31.9, -18.1, -29.9,1015.7,  -0.0,   1.8
265937,  -0.5,  -5.9, -34.1,  87.1,-152.2,1069.2,  -0.3,   1.4
265961,  -0.1,  -5.5, -32.7,  30.0,  -9.1,1062.4,  -0.3,   1.5
265985,  -0.1,  -3.6, -29.6,  40.3,  43.1,1011.3,  -0.1,   1.5
266013,   0.2,  -0.7, -25.6,-115.0,  -2.8, 991.8,  -0.1,   1.7
266037,  -0.3,  -1.8, -22.3, -45.0,  15.0, 996.4,   0.1,   1.7
266061,  -0.6,  -2.6, -18.9, -10.3, -12.1,1022.6,   0.1,   2.0
266085,  -0.7,  -1.3, -17.3, -31.5, -17.4,1027.0,   0.1,   2.0
266113,  -0.2,  -2.0, -15.2, -12.0, -16.5,1011.8,  -0.1,   2.1
266135,   0.3,   0.4, -12.5, -15.4,   8.0, 862.9,  -0.2,   2.2
266163,  -0.5,  -1.5, -11.1,  27.3, -29.4,1092.6,  -0.1,   2.2
266187,   0.7,  -1.0, -11.5,-127.7,   5.5, 952.7,   0.1,   2.7
266211,   1.6,  -2.9, -10.0, -16.1,  94.6, 770.4,   0.3,   2.5
266235,   1.6,  -6.5, -11.2,   8.8, -10.8,1040.6,   0.4,   2.4
266263,   0.5,   1.1, -11.3,-100.1,  -5.7, 959.8,   0.2,   2.1
266287,   0.3,   0.5,  -8.2, -86.7,  60.7, 959.1,   0.3,   2.2
266311,  -0.4,  -2.4,  -5.0,-110.4,  68.0, 997.4,   0.7,   2.6
266335,   0.7,  -0.1,  -2.4, -52.3,  36.8, 992.0,   1.0,   2.7
266363,  -0.1,  -0.9,  -1.3,   3.1,   7.7,1010.8,   1.1,   2.7
266387,  -0.0,   1.4,   0.8, -29.6,  26.8, 989.8,   1.1,   2.5
266411,  -0.3,  -1.2,   2.4,   0.5,  20.6,1003.8,   1.1,   2.4
266435,  -0.6,  -0.3,   2.8, -38.9,  17.5,1008.4,   1.1,   2.4
266463,   0.0,  -0.3,   3.4, -17.9,  -2.1, 994.0,   1.2,   2.4
266487,  -0.4,  -0.1,   3.5, -27.9,  10.9,1002.1,   1.3,   2.4
266515,   0.6,  -0.4,   5.7, -21.5,  28.0,1004.7,   1.3,   2.4
266535,   0.1,   0.4,   6.6, -26.9,  36.8,1010.1,   1.3,   2.4
266563,  -0.5,   1.0,   7.4,  -8.6,  30.4, 987.9,   1.5,   2.4
266587,   0.3,   1.1,   7.9,  12.2,  50.7,1004.7,   1.6,   2.3
266611,   0.3,  -1.2,   7.2,  25.1,  67.0, 961.8,   1.7,   2.1
266635,   0.2,   0.2,   7.5, -13.2,  46.8, 986.2,   1.8,   1.9
266663,  -0.0,   0.7,   6.0,  13.2,  17.2, 993.8,   1.9,   1.7
266687,  -0.1,  -0.1,   5.6,  14.6,   2.8,1000.8,   1.8,   1.5
266711,   0.3,   0.1,   5.3,  43.2,   9.9,1004.3,   1.7,   1.3
266735,  -0.4,   1.3,   3.6, -10.8,  15.8, 999.1,   1.7,   1.2
266763,  -0.4,   0.4,   3.6,  -9.1,  56.3, 988.4,   1.8,   1.0
266787,   0.6,  -0.6,   2.5,  -1.0,  18.0,1006.9,   1.7,   0.9
266811,  -0.1,  -0.2,   1.9,  42.4,  21.1,1000.3,   1.7,   0.7
266835,  -0.9,  -0.4,  -0.3,  48.1, -53.8,1013.0,   1.6,   0.6
266863,  -0.0,  -1.2,  -0.4,  33.2, -11.3, 982.3,   1.3,   0.4
266887,  -0.8,  -0.8,  -2.6,  30.0,   5.0,1029.6,   1.1,   0.2
266911,  -0.8,   0.9,  -2.9,  -7.8,  60.2, 949.3,   1.2,   0.3
266939,  -0.1,  -0.9,  -3.3,  24.4,  45.5,1003.5,   1.2,   0.2
266963,  -0.4,  -3.2,  -2.7, -10.5,  13.3, 984.5,   1.3,   0.3
266987,  -0.6,  -1.9,  -3.1, -20.8, -15.0,1017.2,   1.2,   0.3
267015,  -0.4,  -1.2,  -3.4,  -4.7,   3.6, 996.4,   1.2,   0.3
267039,  -0.1,  -1.2,  -3.6,   1.2,  -8.6, 999.6,   1.1,   0.2
267063,  -1.5,  -0.4,  -3.1, -55.9,  -5.0,1016.9,   1.1,   0.1
267087,  -2.3,   0.7,  -2.4, -21.3,   1.1,1000.3,   0.9,   0.0
267111,  -1.1,   0.3,  -2.2,   1.2,  -7.9,1001.3,   1.0,   0.0
267139,  -0.1,  -0.6,  -0.7, -27.6, -23.1, 984.7,   0.9,   0.2
267163,  -1.1,   1.9,   0.1,-102.1, -37.7,1019.9,   0.8,   0.3
267187,  -2.0,  -0.6,   0.9, -37.6,   2.3,1044.8,   0.7,   0.5
267211,  -1.1,   1.0,   0.8, -42.5,  35.1, 985.5,   0.7,   0.6
267239,   0.0,  -1.6,   1.9,  45.1,   2.3,1001.1,   0.5,   0.5
267263,   0.1,   1.0,   2.2, -65.2, -54.8,1017.2,   0.4,   0.5
267287,  -1.2,   2.1,   2.3, -38.1,  -3.3,1006.9,   0.5,   0.5
267311,  -1.2,  -0.7,   3.6, -14.7,  -6.5,1017.4,   0.4,   0.8
267339,  -0.9,   0.6,   3.5,  19.5,  24.1, 982.5,   0.4,   0.8
267363,  -1.3,   0.7,   3.2, -37.6,   7.0,1039.7,   0.4,   0.9
267387,  -1.1,  -0.8,   3.2, -22.7,   1.4, 982.3,   0.4,   1.1
267411,  -3.1,  -0.9,   2.6, -44.0,  -2.5, 958.6,   0.3,   1.0
267439,  -3.1,  -2.0,   1.9, 147.7,-106.8,1174.2,   0.0,   0.7
267463,  -1.4,  -0.3,   1.2,  53.4, -21.3,1007.9,  -0.3,   0.6
267487,  -1.3,   0.2,   2.1,  50.0,  41.2, 986.4,  -0.4,   0.4
267515,  -0.9,   0.7,   2.5, -23.2,  66.3, 974.5,  -0.3,   0.4
267539,  -1.5,  -0.1,   2.9, -17.4,   1.1,1020.4,  -0.1,   0.7
267563,  -2.7,   1.1,   2.4, -71.3,   9.9, 995.7,  -0.1,   0.8
267587,  -2.9,  -0.5,   2.9,  61.0, -39.2,1057.2,  -0.6,   0.6
267611,  -0.9,   1.3,   0.5,  62.0,-128.8,1152.2,  -1.3,   0.4
267639,   0.7,   0.9,  -0.4, -26.4,  21.1,1026.7,  -1.3,   0.5
267663,   1.8,  -0.4,  -1.7, -12.7,  25.3, 988.4,  -0.9,   0.4
267687,   1.0,  -2.8,  -0.2,  51.5,  61.9, 980.1,  -0.5,   0.4
267711,  -1.2,  -0.7,   1.6,  86.4, -31.1, 983.7,  -0.8,   0.4
267737,  -1.8,  -0.2,   1.9, -49.6, -94.6,1052.8,  -1.1,   0.4
267761,  -1.8,   3.0,   1.0, -58.6, -30.6,1015.0,  -1.3,   0.3
267789,  -1.1,  -0.4,   0.8, -28.6, -38.2,1006.7,  -1.4,   0.4
267813,  -0.4,   0.6,   0.4,  -3.2, -34.0, 997.2,  -1.6,   0.4
267837,  -0.7,  -1.5,  -1.5,   6.1, -53.6,1117.8,  -1.7,   0.4
267861,  -1.2,   1.6,  -0.4, -40.1, -15.5, 981.5,  -1.9,   0.4
267889,  -1.1,  -0.5,  -0.4, -25.9, -52.8,1008.6,  -2.1,   0.5
267913,  -1.1,  -0.9,  -0.9, -26.2, -80.4, 983.0,  -2.2,   0.5
267937,  -0.4,  -1.8,  -1.3,  23.4, -54.1,1027.2,  -2.2,   0.5
267961,  -0.7,  -1.3,  -2.5, -22.5, -58.5, 996.2,  -2.2,   0.4
267989,  -0.1,  -1.3,  -1.9,  -1.7, -14.5, 957.1,  -2.2,   0.2
268017,  -0.7,   0.1,  -1.7,  46.6, -44.3,1028.2,  -2.3,   0.2
268037,  -1.2,   0.1,  -0.4,  18.0, -25.3, 990.6,  -2.3,   0.3
268065,  -0.5,   1.0,  -1.4,  28.5, -90.2, 978.1,  -2.5,   0.1
268089,  -0.1,   0.7,  -2.2,  51.5,-103.9,1056.0,  -3.0,   0.0
268113,   0.3,  -1.2,   0.7, -25.7,  36.8, 974.5,  -2.9,   0.4
268137,   1.0,  -0.0,   2.7,-161.4,  74.1, 940.0,  -2.4,   0.7
268165,   0.8,  -2.3,   3.5,-116.5,  16.3, 986.4,  -1.7,   1.1
268189,   1.5,  -2.5,   0.9,   2.7,  -3.8, 887.1,  -1.8,   0.9
268213,  -0.0,  -1.7,  -1.5, 141.8, -68.0,1039.9,  -1.9,   0.2
268237,  -1.2,   2.7,  -2.9, -49.8, -33.6, 978.1,  -2.0,   0.1
268265,  -1.0,  -0.7,  -2.7,  11.4,  13.1,1028.7,  -1.7,   0.2
268289,   0.1,  -1.2,  -2.2,  -6.6,  53.9, 988.6,  -1.2,   0.3
268313,   0.2,  -2.1,  -2.2,  31.7,  62.4, 999.9,  -0.9,   0.5
268337,  -0.6,  -1.3,  -1.9,  21.2,   8.0,1042.6,  -0.8,   0.4
268365,  -0.6,  -2.2,  -2.5,  -4.2, -28.7,1050.2,  -0.7,   0.3
268389,  -0.3,  -0.1,  -3.6,  53.2,  22.4, 987.9,  -0.5,   0.1
268413,  -1.7,  -1.5,  -3.7,  44.6,  47.7, 986.7,  -0.4,  -0.1
268437,  -1.4,  -1.2,  -2.1,  49.5,  39.9, 973.7,  -0.3,  -0.2
268465,  -1.6,   0.7,  -2.8, -47.9,  48.0, 994.2,  -0.2,  -0.2
268489,  -1.9,  -0.1,  -2.8, -20.8,  10.6, 946.4,  -0.0,  -0.1
268517,  -0.6,   0.2,  -2.9, -54.5, -22.8, 949.6,  -0.0,  -0.1
268537,  -0.2,  -1.7,  -2.6,  16.3,  -6.7, 938.6,  -0.3,  -0.1
268565,  -0.3,  -0.1,  -1.9,  34.1, -59.7,1078.2,  -0.7,  -0.0
268589,  -0.3,   0.2,  -4.3, -64.7,  -3.0, 989.6,  -0.5,  -0.1
268613,   0.1,  -0.6,  -3.2,  -3.7,  31.4, 984.5,  -0.2,  -0.1
268637,  -0.9,  -2.1,  -2.7,  31.7,  29.4, 992.0,  -0.1,   0.0
268665,  -0.9,  -1.7,  -2.3,  -9.1, -13.5, 995.7,  -0.1,   0.0
268689,  -1.1,  -0.7,  -2.2, -26.2,  -3.5, 946.9,  -0.2,  -0.1
268713,  -1.1,  -1.2,  -1.9,  18.0, -25.7,1081.6,  -0.3,   0.1
268737,  -1.3,  -0.4,  -1.5, -26.6, -68.7, 980.6,  -0.4,   0.0
268765,  -1.0,   0.5,  -0.8,  42.7, -52.8,1048.0,  -0.6,  -0.2
268789,  -0.0,   0.5,  -1.4,  45.4,  12.6,1041.4,  -0.7,  -0.1
268813,   0.4,   0.8,  -3.1, -54.7, -11.1, 936.9,  -0.7,   0.2
268837,   0.8,  -0.7,  -3.4, -23.7, -15.5, 936.1,  -0.7,   0.2
268865,  -1.1,   0.2,  -4.8, -10.3, -83.4,1001.3,  -1.2,  -0.1
268889,  -1.4,   1.1,  -5.0,-140.9,-146.3, 938.6,  -1.6,   0.0
268913,  -1.7,  -0.8,  -4.4,   2.9, -77.0,1044.3,  -1.8,  -0.0
268937,   0.4,  -0.7,  -3.5,  46.8,  23.6,1024.5,  -1.7,   0.1
268965,   2.2,   1.0,  -0.6, -73.0,  62.2, 904.6,  -1.2,   0.3
268989,   0.7,   1.0,   0.4, -36.4, -26.0, 966.2,  -1.1,   0.3
269017,   0.2,   0.2,   2.5,  21.7, -20.4, 989.8,  -1.1,   0.3
269037,  -0.2,  -1.7,   1.7,  24.4, -13.0, 983.5,  -1.0,   0.2
269065,  -1.4,  -1.5,  -0.1,  36.6,  -8.2, 983.3,  -0.8,   0.2
269089,  -0.9,  -1.1,  -0.6,   5.6, -68.0,1036.7,  -1.1,   0.1
269113,  -0.8,   0.2,  -1.5, -17.4, -15.5,1009.9,  -1.2,   0.1
269137,  -0.3,   0.8,  -0.8, -24.7,  14.5, 970.3,  -1.2,   0.0
269165,  -1.1,  -0.9,  -0.4, -24.4,  49.0, 957.4,  -0.8,   0.3
269189,  -1.4,   0.2,  -0.4, -61.6,  44.6,1060.9,  -0.4,   0.3
269213,  -1.8,   1.0,   0.2, -17.1,-112.7,1025.5,  -0.8,   0.4
269241,  -1.3,  -1.0,  -0.8,  46.8,-114.6,1079.0,  -1.3,   0.3
269265,  -0.2,   0.2,  -1.2, -34.2,   8.4, 958.6,  -1.3,   0.2
269289,  -0.6,   0.7,  -1.7, -36.9,   0.1, 984.7,  -1.0,   0.1
269313,  -0.9,   0.6,  -1.7, -34.2, -32.6, 968.1,  -1.0,   0.1
269339,  -2.9,   0.9,  -1.3,   4.6, -60.2, 998.6,  -1.1,   0.1
269363,  -1.7,   0.5,  -1.2,  -9.3, -36.7, 972.5,  -1.4,   0.3
269391,  -2.1,  -0.5,  -0.3, -46.7, -27.9,1069.0,  -1.1,   0.3
269415,  -2.3,   1.4,  -1.2, -96.0, -16.7, 972.3,  -1.1,   0.2
269439,  -2.9,   1.6,   0.8, -35.2, -32.8, 954.0,  -1.2,   0.3
269463,  -2.8,   2.1,   2.4, -22.2, -47.5,1020.6,  -1.5,   0.4
269491,  -2.3,   2.1,   5.6, -95.0,   7.2, 940.5,  -1.5,   0.8
269519,  -2.3,   0.2,   4.3, -74.3, -86.0,1076.5,  -1.6,   0.9
269539,  -2.2,  -2.3,   4.8, 151.3, -39.7,1032.3,  -1.6,   0.8
269563,  -2.8,  -1.0,   3.6,  -4.4, -63.1,1008.4,  -1.9,   0.7
269591,  -3.4,   0.1,   2.7,  39.3, -74.1,1007.9,  -2.2,   0.7
269615,  -2.8,   1.1,   2.2, -33.2, -19.1, 974.2,  -2.5,   0.7
269639,  -2.6,  -0.6,   1.4,  72.5, -61.6,1040.1,  -2.5,   0.8
269663,  -2.6,  -1.5,   0.7,  38.3, -21.8,1022.8,  -2.5,   0.9
269691,  -1.5,  -3.5,   0.3,  92.3, -46.5,1041.6,  -2.5,   0.8
269715,  -1.7,  -2.1,  -0.4,  19.3, -66.5,1049.7,  -2.6,   0.6
269739,  -1.9,  -1.0,  -0.7,  60.5, -61.1,1048.7,  -2.8,   0.4
269763,  -1.4,   0.9,   0.3,  42.4, -23.1, 989.8,  -2.7,   0.3
269791,  -0.9,   0.4,   0.5, -23.5,   6.2, 943.0,  -2.5,   0.2
269815,  -1.5,  -2.1,   1.7,  24.6,  42.4, 944.7,  -2.3,   0.3
269839,  -3.3,   0.4,   1.3, -37.1, -79.5,1022.6,  -2.4,   0.1
269863,  -2.6,   0.8,   0.3, -54.2,-110.7, 991.3,  -2.6,   0.2
269891,  -2.5,  -1.2,  -0.3,  11.9,-134.9,1007.2,  -3.1,  -0.0
269915,  -2.5,   0.5,   0.6,  36.1, -96.8,1090.4,  -3.3,  -0.0
269939,  -1.4,   1.7,   1.0, -23.2, -49.9, 975.4,  -3.4,   0.1
269963,  -1.5,   0.9,   1.9, -44.0, -18.7,1018.9,  -3.3,   0.4
269991,   0.1,  -1.4,   0.5, -35.9, -54.5, 968.1,  -3.2,   0.4
270019,  -0.6,  -1.6,  -0.1,  31.0, -82.4, 978.1,  -3.3,   0.4
270039,  -0.6,  -0.3,  -0.7,  38.8, -96.5,1028.9,  -3.5,   0.2
270063,  -0.7,  -0.5,  -1.0,  33.2, -49.4,1018.2,  -3.5,   0.1
270091,  -0.5,  -0.1,   1.1,  49.3,  47.0,1004.5,  -3.1,   0.3
270115,  -0.5,   0.1,   3.2,  -5.2,  49.5, 951.5,  -2.7,   0.4
270139,  -1.5,   1.1,   4.3,   1.4, -63.3, 997.2,  -2.8,   0.3
270163,  -1.8,   0.2,   4.7,  39.0, -56.5,1023.8,  -2.9,   0.3
270191,  -2.0,  -0.3,   5.1,  38.3, -64.8,1014.0,  -3.1,   0.2
270215,  -0.4,   0.4,   3.8,  -7.6, -57.0, 959.3,  -3.2,   0.2
270239,  -0.9,   0.1,   2.5,  25.1,-110.9,1038.7,  -3.2,   0.2
270263,  -0.6,   0.2,   2.8,  35.9, -31.4, 995.0,  -3.3,   0.1
270291,  -1.2,   0.6,   2.1, -34.9, -46.5,1029.6,  -3.2,   0.3
270315,  -1.1,  -0.1,   2.3, -58.6, -41.6,1008.9,  -3.1,   0.3
270339,  -1.1,   1.8,   2.6, -43.5, -74.8,1015.2,  -3.2,   0.4
270367,  -1.5,  -1.5,   3.0,  27.1, -78.5,1024.5,  -3.1,   0.4
270391,  -1.4,   0.9,   2.3, -19.1, -27.4, 983.5,  -3.1,   0.4
270415,  -1.8,   1.5,   0.5, -28.8, -59.2,1003.8,  -3.1,   0.3
270439,  -2.3,  -0.4,   0.7, -52.0, -80.9,1016.2,  -3.3,   0.3
270467,  -1.7,  -1.5,   0.5,   5.6, -33.8,1022.3,  -3.4,   0.3
270491,  -1.3,  -0.1,  -1.2, -42.3, -34.5, 968.6,  -3.3,   0.3
270519,  -0.6,  -1.2,  -0.1, -15.2,   3.8, 984.0,  -3.2,   0.3
270539,   0.3,   0.2,  -1.1,   9.7,  -3.8, 971.8,  -3.0,   0.1
270567,  -0.3,  -0.9,   0.0, -23.5, -65.5,1004.7,  -2.8,  -0.1
270591,   0.5,   0.1,   0.4,   6.1,   7.2,1002.3,  -2.7,  -0.2
270615,  -0.5,   0.4,   0.7,  17.8, -18.2,1016.2,  -2.6,  -0.1
270639,  -1.0,  -1.4,   1.2,  33.2, -36.5, 998.9,  -2.5,   0.0
270667,  -0.7,  -1.7,   1.4,  47.3, -59.9,1040.1,  -2.5,  -0.0
270691,  -1.7,  -0.3,  -0.3,  -9.8, -72.1, 989.6,  -2.8,  -0.0
270715,  -1.4,  -0.6,  -2.0, -29.1, -89.2, 970.1,  -3.0,   0.0
270739,  -1.3,  -0.5,  -4.2, -27.1, -72.6, 963.2,  -3.2,  -0.1
270767,  -1.4,  -2.0,  -2.5,   2.9, -50.6, 976.4,  -3.2,  -0.1
270791,  -1.4,  -0.6,  -0.7, -11.0, -36.7,1018.9,  -3.3,  -0.2
270815,  -1.8,   1.1,   1.4, -15.7, -32.3,1011.3,  -3.2,  -0.1
270839,  -1.0,  -1.2,   1.1,  81.5,  49.2,1014.3,  -2.6,  -0.2
270867,   0.9,  -1.8,  -0.1,  58.8, -58.5, 911.2,  -2.6,  -0.2
270891,   0.5,  -0.1,  -3.4,  15.8,-135.6, 978.9,  -3.6,  -0.3
270915,  -1.6,   1.3,  -4.6, -58.9,-137.3,1063.1,  -4.1,  -0.3
270941,   0.2,   0.1,  -3.8,  43.9,  40.9, 976.9,  -3.6,  -0.4
270965,   0.8,  -1.0,  -2.0, -27.1, -30.6,1062.1,  -3.3,  -0.2
270989,   0.9,   0.7,  -0.8, -35.7, -18.9, 954.9,  -2.6,   0.0
271017,  -0.4,  -1.4,   2.3,  34.1,-145.6,1053.6,  -2.7,  -0.0
271041,  -0.3,  -1.0,   3.5,  -4.9, -34.8,1016.7,  -2.7,   0.2
271065,  -1.7,   4.4,   3.5,-108.9,-109.5, 969.6,  -3.0,   0.0
271089,  -0.6,   1.6,   3.4,   2.9, -55.3,1019.1,  -3.0,  -0.0
271117,   0.8,  -0.7,   2.5,  49.3,  -9.6,1023.3,  -2.8,   0.1
271141,   0.4,  -1.0,   1.3, -44.2, -75.1,1017.4,  -2.9,   0.2
271165,   1.0,  -0.2,  -0.1, -38.9, -43.1, 951.8,  -3.2,   0.3
271189,  -0.4,  -0.9,  -0.3,  25.8, -94.8, 958.8,  -3.4,   0.4
271217,   0.8,  -1.4,  -1.2,  25.6, -27.9, 989.4,  -3.3,   0.3
271241,   0.7,  -1.3,  -0.3,  31.9, -26.2, 979.6,  -3.3,   0.3
271265,   1.1,  -2.5,  -0.3,  38.3, -44.3, 993.8,  -3.1,   0.2
271289,   0.4,   0.2,   0.5, -73.0, -91.4,1054.3,  -2.9,   0.3
271317,   1.9,  -1.7,   2.4,  12.9, -37.2, 981.1,  -3.0,   0.2
271341,   0.8,   0.7,   1.2, -57.4, -72.9, 914.9,  -3.2,   0.0
271365,  -1.5,  -1.2,   1.8,  82.7,-110.7,1056.0,  -3.3,  -0.1
271389,  -1.2,  -0.7,   1.0, -43.7,-103.6,1047.7,  -3.4,   0.3
271417,   1.0,  -1.3,   0.2,   0.7, -43.1, 983.0,  -3.4,   0.2
271441,   0.3,   0.3,   0.8, -19.6,-112.7,1092.6,  -3.6,   0.1
271465,  -1.7,   2.6,   3.5,  43.2, -18.7, 991.1,  -3.5,  -0.2
271493,   0.9,   4.1,   5.2, -92.3,   8.7, 919.0,  -3.4,  -0.0
271521,  -1.8,   0.9,   5.2,  52.2, -25.5,1118.5,  -3.4,  -0.1
271541,  -1.2,   1.6,   6.8, -37.4,-224.5,1044.8,  -3.7,   0.4
271565,   1.7,   2.9,   5.0,   2.4,-116.6, 987.2,  -4.5,   0.2
271593,   1.3,   0.7,   3.1,  37.8, -13.3,1016.5,  -4.6,   0.1
271617,   1.8,  -0.3,   2.1, -62.0, -25.7,1018.4,  -4.4,   0.2
271641,   1.8,  -2.1,   1.9,  35.1, -14.3, 987.4,  -4.0,   0.4
271665,   0.2,  -0.3,   1.8, -28.8, -99.5, 969.6,  -4.1,   0.2
271693,  -1.2,   0.3,   1.7,  57.3, -86.5, 973.5,  -4.4,   0.1
271717,  -0.9,   0.5,   2.0,  46.6, -21.6,1028.4,  -4.4,   0.0
271741,  -0.3,  -0.5,   1.8, -88.9, -29.9, 929.5,  -4.0,   0.1
271765,   1.1,   1.1,   2.0,-111.8, -29.4,1012.6,  -3.6,   0.1
271793,  -0.3,  -1.0,   4.5,  50.5,-111.9,1133.4,  -3.4,   0.2
271817,   0.6,  -0.9,   4.1,  -5.2, -29.4, 991.3,  -3.4,  -0.0
271841,   0.9,  -1.0,   2.7, -60.3, -34.0, 939.3,  -3.5,   0.0
271865,   0.8,  -0.2,   1.7,  -8.6, -44.3,1011.1,  -3.5,   0.0
271893,  -1.0,   1.2,   0.5,  14.1,-105.6,1110.0,  -3.5,  -0.1
271917,   0.7,  -2.7,   1.3,  88.3, -85.3,1060.2,  -3.4,  -0.0
271941,   0.7,  -1.3,   2.4,  33.9, -41.4, 985.0,  -3.5,   0.1
271965,   0.3,  -1.7,   1.8, -71.3,-126.3,1177.8,  -3.4,   0.2
271993,  -0.5,   0.1,   0.5, -42.5, -75.3,1067.5,  -3.3,   0.3
272021,   0.3,  -0.8,  -0.9,  53.2, -34.5, 957.9,  -3.2,   0.2
272041,   1.2,  -2.0,  -1.1,  78.8,  18.0, 980.6,  -3.2,  -0.1
272065,   0.0,   0.7,  -0.9,  19.7, -35.0,1037.9,  -2.8,  -0.1
272093,  -0.3,   1.2,  -0.9, -96.5, -47.2, 933.0,  -2.7,   0.0
272117,   0.6,   0.5,  -1.1, -13.0, -13.5, 953.5,  -2.8,  -0.1
272141,  -1.0,   0.5,  -0.5, -12.5, -47.2,1016.9,  -2.7,  -0.1
272165,  -1.5,  -0.4,   0.2, -36.9, -56.5,1002.5,  -2.5,  -0.2
272193,   0.5,   1.2,   1.9,-101.1,-123.9,1016.9,  -2.7,  -0.1
272217,  -1.1,   1.1,   2.4,  36.1,-145.9,1064.1,  -3.1,  -0.2
272241,   3.2,  -0.9,   1.9,-109.2,  18.0, 924.7,  -3.3,   0.1
272265,   2.7,  -1.5,   0.3, -34.5,   9.2, 947.9,  -2.7,  -0.0
272293,   1.1,  -1.7,  -1.0,  -8.6, -94.6, 982.5,  -2.4,  -0.1
272317,  -2.3,  -1.2,  -1.6,   2.2,-133.9, 987.2,  -2.7,  -0.2
272341,  -3.4,  -0.7,  -1.2,  25.1, -43.6,1030.9,  -2.9,  -0.2
272365,  -3.2,  -0.4,   0.5,  44.6,  33.3,1011.1,  -2.8,  -0.2
272393,  -1.8,   0.4,   0.3, -10.5, -66.8,1092.6,  -2.5,  -0.1
272417,   0.2,  -0.7,  -0.5,  89.6, -49.4, 978.4,  -2.5,  -0.3
272441,   1.1,   0.8,  -0.1, -73.5,-113.9, 942.0,  -2.6,  -0.2
272465,  -1.6,   1.6,  -0.4, -55.0,-112.9, 987.4,  -2.7,  -0.3
272493,  -1.4,   0.2,  -0.6,   9.2, -98.5,1065.0,  -2.8,  -0.3
272521,  -2.4,   0.4,   1.0,  74.4,-101.9,1048.9,  -2.9,  -0.4
272540,  -3.1,  -0.3,   1.0, -42.0,-151.5,1009.6,  -3.1,  -0.2
272568,  -2.2,   1.1,   0.5, -71.3,-140.7, 973.0,  -3.5,  -0.1
272592,  -0.9,   0.3,  -1.0, -53.5, -78.5,1046.2,  -3.5,  -0.1
272616,   0.2,  -0.0,   0.5, -13.0,  -3.8,1083.6,  -3.4,  -0.2
272644,   1.1,  -0.0,   3.3,  50.7, 104.9,1098.5,  -3.0,  -0.4
272668,  -0.6,   0.1,   2.8,  87.6,  -6.9,1104.6,  -2.8,  -0.2
272692,  -0.9,   1.0,   3.3,  66.6, -80.4,1050.2,  -3.1,  -0.1
272716,  -0.7,   2.4,   2.6,   2.9, -54.3, 941.3,  -3.3,  -0.0
272744,  -0.9,   0.6,   0.5, -52.3, -77.3, 913.9,  -3.2,   0.3
272768,  -1.4,  -1.5,  -0.0,   8.3,-107.3,1118.8,  -3.3,   0.4
272792,  -0.7,  -2.4,  -0.9,  52.0, -59.7,1095.6,  -2.9,   0.3
272816,  -1.2,   0.7,  -0.0, -61.6, -16.5, 957.6,  -2.8,   0.3
272844,  -1.8,  -1.2,   1.4,  39.8,  36.0, 966.7,  -2.7,   0.2
272868,  -3.3,   2.7,   3.3,-150.7,-188.3, 890.5,  -2.9,   0.2
272892,  -4.2,   3.7,   2.7,  43.9,-209.3,1142.2,  -3.3,  -0.0
272916,   0.5,   2.2,   1.9,  94.7,  45.3,1026.7,  -3.4,   0.2
272944,   1.6,  -0.0,  -0.1,  11.7, -30.6, 928.6,  -3.1,   0.3
272968,   1.1,  -2.5,  -0.1, -31.3, -33.3, 934.9,  -3.1,   0.4
272992,  -1.0,  -0.4,   0.7,  46.6,-105.1,1032.3,  -3.4,   0.3
273020,  -1.8,  -2.4,   0.5,  92.3,  16.3,1071.1,  -3.4,   0.1
273044,  -1.2,  -0.4,   1.0,  80.8, -52.6,1053.6,  -3.3,   0.1
273068,   0.6,   1.0,   0.9, -36.2, -19.1,1006.7,  -3.2,   0.1
273092,   1.2,  -1.0,   1.4,  39.0, -64.3,1016.2,  -3.2,   0.1
273116,  -0.4,  -0.9,   0.5, 122.8, -72.4,1042.6,  -3.2,  -0.1
273144,  -0.6,   1.1,   0.0,  68.1, -70.9,1021.3,  -3.5,  -0.1
273168,  -0.1,  -0.8,   1.0,  72.0,  63.1, 973.7,  -3.4,  -0.0
273192,   1.2,  -0.2,   1.3, -10.5,  13.1, 917.8,  -3.3,   0.1
273216,   0.1,   0.9,   1.9, -36.4, -72.1,1142.9,  -3.1,   0.2
273244,   1.1,  -1.1,   1.0,   7.3, -72.1,1008.2,  -3.2,   0.2
273268,   0.4,  -1.4,   1.1,  89.3, -46.5, 962.5,  -3.3,   0.0
273292,  -0.9,  -0.9,   0.2,  21.7,  10.4, 971.8,  -3.4,   0.1
273316,  -1.2,  -0.6,   1.4,   5.6, -36.2,1070.4,  -3.4,   0.1
273344,  -0.4,  -1.9,   1.0,  29.8, -55.5,1035.3,  -3.2,   0.3
273368,   1.1,  -1.3,   0.5,  43.4, -55.8,1057.5,  -3.3,   0.3
273392,   0.3,  -2.0,   0.2,  59.5, -90.2,1002.8,  -3.2,   0.3
273416,   2.7,  -3.1,   1.0,  73.5, -51.4, 916.6,  -3.4,   0.5
273444,   3.2,  -0.3,   0.3, -29.8,-125.1,1066.8,  -3.8,   0.4
273468,   2.5,   2.2,  -0.0, -33.0,  18.0, 964.2,  -3.3,  -0.1
273492,  -0.2,  -0.7,  -0.6, -48.1, -25.5,1016.9,  -2.7,   0.2
273520,   0.6,  -0.1,  -1.2,  23.4, -48.4,1020.1,  -2.7,   0.2
273544,  -0.4,  -1.8,  -0.3, 164.0,-148.1, 995.2,  -2.8,  -0.0
273568,  -1.7,  -0.4,  -1.0, 130.8, -58.9,1081.2,  -3.1,  -0.0
273592,  -0.9,   1.0,  -2.0, -46.7, -83.8, 974.5,  -3.2,   0.1
273616,  -0.1,  -1.4,  -2.6, -71.8,-139.3,1017.9,  -3.1,   0.0
273644,   1.8,  -3.2,  -1.7, 186.0,  79.2,1148.1,  -2.6,  -0.0
273668,   0.3,  -3.3,  -1.2,  98.6,  20.4, 965.9,  -2.5,   0.0
273692,   0.3,   1.3,  -0.5,   8.3, -28.2,1019.9,  -2.5,   0.1
273720,  -0.8,   1.1,   0.3,  33.4,-102.4, 970.1,  -2.7,  -0.0
273744,   0.1,   0.4,   0.3, -37.9, -37.9,1020.9,  -2.5,   0.0
273768,   1.8,   0.8,  -0.6, 130.6, -36.2, 981.5,  -2.5,  -0.3
273792,  -0.1,  -0.6,  -0.8,   4.1, -91.7,1283.1,  -2.4,  -0.0
273820,   1.3,   2.8,  -0.3, -12.0, -99.2,1090.2,  -2.3,   0.1
273844,  -1.1,   1.3,  -0.9,   4.6,-137.6,1010.8,  -2.5,   0.1
273868,  -2.2,   1.4,  -2.5,-100.4, -85.6, 964.5,  -2.5,   0.2
273892,  -0.8,  -1.1,  -1.7,  -8.3,  21.9, 958.6,  -2.3,   0.3
273920,  -1.1,   1.6,  -2.3,-114.3,  17.2, 933.7,  -2.3,   0.3
273944,  -0.6,   2.4,  -2.9,-191.2,-212.5,1000.8,  -2.5,   0.3
273968,  -1.9,   1.3,  -1.1,  68.1,-239.9,1136.3,  -3.2,  -0.1
273992,   1.5,   3.1,  -2.1,-161.2,  81.4, 923.7,  -3.2,   0.2
274020,   2.3,  -2.5,  -0.8,  19.0,  96.1, 917.1,  -3.0,   0.1
274044,   0.6,  -0.9,  -2.5, -46.9,-122.4,1247.4,  -2.6,  -0.2
274068,  -1.1,   0.2,  -1.3,  -4.7,-162.7,1012.8,  -3.0,   0.0
274092,  -0.9,   0.6,  -1.4, -54.5, -52.8,1005.0,  -3.5,  -0.1
274120,   0.6,   0.4,  -1.3,  -0.0,  36.0,1009.1,  -3.4,  -0.2
274142,  -0.4,  -1.0,  -2.0,  15.1,   9.4, 981.1,  -3.0,  -0.0
274170,   0.0,   0.8,  -1.9,  71.5,-126.8,1022.1,  -2.9,  -0.1
274194,   1.1,   0.8,  -0.7,  34.9, -81.6,1031.4,  -3.2,  -0.1
274218,   0.7,   2.2,  -0.1, -45.2, -74.6, 873.4,  -3.1,   0.0
274242,   0.3,   0.7,  -0.4, -40.6, -76.5, 959.1,  -3.1,   0.1
274270,  -0.0,  -1.7,  -0.6, 129.9,-151.2, 893.7,  -3.2,   0.3
274294,  -2.2,   0.5,  -1.7,  32.7,-152.4,1064.1,  -3.3,   0.2
274318,  -1.5,   1.1,  -3.1,-136.3,-105.3,1012.1,  -3.5,   0.2
274342,   0.2,   1.5,  -2.2,-105.0, -37.2, 923.0,  -3.5,   0.2
274370,  -1.2,  -1.2,  -2.0, -31.8,-115.1,1122.9,  -3.5,   0.2
274394,  -1.1,   1.9,  -2.0,-104.5, -59.2,1026.7,  -3.3,   0.3
274418,  -0.2,  -1.0,  -1.5, -66.4, 112.7, 778.7,  -2.8,   0.4
274442,  -3.7,  -1.2,  -0.1,   8.3,-211.8,1154.2,  -3.0,   0.4
274470,  -1.9,   1.5,   0.0, 115.2,-290.4,1322.4,  -4.1,  -0.1
274494,   3.7,   1.0,  -1.1, -36.4, 143.9, 812.8,  -3.5,   0.2
274522,   3.8,  -0.6,  -0.8,  12.4,  18.7, 948.8,  -3.3,   0.2
274542,   3.6,  -1.1,  -1.2,   1.2, -14.3, 949.1,  -2.8,   0.4
274570,  -0.3,  -1.6,  -0.3, -16.6, -46.7, 790.9,  -3.1,   0.4
274594,  -2.3,   1.6,  -0.3, -40.1, -69.9, 966.4,  -3.6,   0.4
274618,  -2.2,  -0.9,  -1.3,  68.8, -11.3,1060.2,  -3.5,   0.2
274642,  -0.4,   0.1,  -1.1,  30.7, -16.7,1155.6,  -3.1,   0.3
274670,   1.2,  -1.7,   0.5,  21.2, -29.2, 910.0,  -3.2,   0.4
274694,  -2.0,  -1.0,  -0.5, 132.5, -94.8,1094.3,  -3.3,   0.4
274718,  -0.0,   1.3,   0.6,  52.2, -37.0, 983.0,  -3.5,   0.4
274742,  -1.6,   2.1,  -0.0, -26.6,-163.2,1089.9,  -3.6,   0.4
274770,  -1.6,   3.0,  -1.6,  -5.6,-104.4,1195.9,  -3.8,   0.3
274794,  -0.0,   1.2,  -2.3,  72.0,-120.2,1115.3,  -4.0,   0.2
274818,   1.6,   0.6,  -2.3, 103.2,  25.5, 867.0,  -4.1,   0.3
274846,  -0.4,  -2.8,  -1.7, 145.7,  73.4,1024.5,  -4.0,   0.4
274870,  -0.6,  -3.9,  -0.7, 112.8,  59.2, 889.8,  -3.7,   0.6
274894,  -0.7,  -1.0,  -0.2, -26.9,  -1.8, 952.3,  -3.1,   0.6
274918,  -1.1,   0.1,   0.6,-149.7, -27.0, 836.0,  -2.9,   0.6
274946,  -2.7,  -2.5,   0.6, 147.4,-131.2,1086.3,  -2.8,   0.3
274970,  -4.0,   2.9,   1.3,-169.0,-273.8,1144.6,  -3.1,   0.5
274994,  -1.2,   4.4,   2.6, -32.3,-199.8,1068.7,  -3.9,   0.2
275022,   2.5,   2.4,   0.0, -63.3,  63.4, 930.5,  -3.7,   0.3
275046,   1.8,   0.8,  -1.9, -56.4,  -5.2,1017.7,  -2.9,   0.3
275070,   3.3,  -1.9,  -3.3, -63.5, -64.3, 845.1,  -2.8,   0.3
275094,  -1.1,  -2.3,  -2.2, -90.6, -88.5, 909.0,  -3.3,   0.5
275118,  -2.5,   1.1,  -2.6,-109.4, -62.6, 893.2,  -3.6,   0.3
275146,  -2.6,  -0.4,  -1.6,  28.8,  17.5, 965.4,  -3.3,   0.2
275170,  -0.6,  -1.0,  -1.1,  22.2,  13.3,1086.8,  -3.0,   0.1
275194,  -0.4,   1.0,   0.1, -49.6,   7.0, 996.0,  -3.0,  -0.0
275218,  -1.5,   0.7,  -0.6, -15.7,-124.1, 988.6,  -3.2,  -0.0
275246,  -2.2,  -2.0,   0.3,  87.4, -88.5,1079.9,  -3.4,   0.1
275270,   0.7,  -1.2,   0.2,  28.0,  28.5, 931.3,  -3.2,   0.1
275294,   2.0,  -1.4,  -0.7, -55.7,  77.3, 970.8,  -3.2,   0.2
275318,   0.1,  -4.8,   0.1, 102.3, -29.2,1056.5,  -3.0,   0.3
275346,  -0.3,  -2.5,  -0.6,  47.8,-152.2,1043.3,  -3.3,   0.1
275370,  -1.2,   0.2,  -0.0, -43.0,-122.4, 999.4,  -3.5,   0.1
275394,   0.2,   0.1,   0.2,  52.5,  -3.3, 969.3,  -3.2,   0.1
275418,  -1.0,  -1.8,   0.2,  93.2,   3.8,1039.9,  -3.0,   0.2
275446,  -0.6,  -0.0,  -1.1,  21.7, 104.6, 871.9,  -2.7,   0.2
275470,  -2.7,  -2.9,  -1.4,  74.2,   4.3, 948.8,  -2.5,   0.2
275494,  -6.3,  -3.9,  -1.4,  98.8,-114.9, 978.1,  -2.7,  -0.0
275522,  -4.4,   4.3,   1.3, 116.9,-238.9,1337.5,  -2.9,   0.0
275546,   1.3,   1.4,   0.1,  14.6, 124.7, 898.1,  -3.0,   0.5
275570,   3.3,  -2.3,   0.3,  86.1,  39.2,1171.0,  -2.4,   0.4
275594,   1.2,   0.4,  -1.0, -35.9, -73.1,1106.8,  -1.8,   0.1
275618,   1.7,  -1.0,  -1.4,   0.9, -41.1, 948.8,  -2.1,   0.4
275646,   0.7,  -1.0,  -1.6, -10.5, -74.1, 890.5,  -2.5,   0.3
275670,  -1.1,  -0.9,  -2.2, -14.9, -10.1,1018.2,  -2.4,   0.2
275694,  -1.1,  -4.2,  -2.2, 116.4,  26.0,1169.5,  -2.1,   0.2
275718,   1.6,   0.4,  -2.6, -50.1, -25.0, 942.5,  -1.9,   0.4
275744,   1.8,  -2.6,  -0.6,  79.6,   5.8, 964.2,  -2.1,   0.4
275768,   0.7,  -0.4,  -2.5,  -4.9,   1.6,1058.0,  -1.9,   0.3
275796,   2.1,   0.6,  -2.0,  -5.9, -40.4, 930.3,  -1.7,   0.3
275820,   1.8,  -2.7,  -0.5,-261.5, 145.2, 844.1,  -1.3,   0.7
275844,   0.0,   0.5,  -0.9,-137.5, -11.8,1004.3,  -1.5,   0.4
275868,   2.5,   0.5,  -1.4,  71.3, -44.0,1172.0,  -1.7,   0.2
275896,   0.1,  -1.0,  -3.1, -83.8,  73.9, 870.0,  -1.1,   0.6
275920,  -2.1,   0.5,  -2.8, 113.2, -89.2,1125.1,  -1.0,   0.1
275944,  -0.1,   1.5,   0.0,-194.1,-257.9, 923.4,  -1.7,   0.2
275968,   5.0,   2.7,  -0.9,-197.8, 129.8, 789.4,  -1.9,   0.8
275996,   1.0,  -5.0,  -1.5, 252.9, -22.6,1127.8,  -1.2,   0.4
276024,   1.1,  -5.1,  -3.0,  50.7,  23.6, 859.2,  -1.1,   0.1
276044,  -2.7,  -3.2,  -3.1, -49.1,-251.8,1087.3,  -1.8,   0.3
276072,  -3.3,  -0.1,  -4.1,  29.3, -35.5,1085.6,  -2.0,   0.0
276096,   0.2,  -3.6,  -2.5,  75.7,  89.3, 999.9,  -1.7,   0.0
276120,  -0.0,  -3.6,  -2.7,  70.8,  24.6,1046.0,  -1.5,   0.1
276144,   1.9,  -0.2,  -2.8,  77.8, -66.5, 983.7,  -1.7,  -0.1
276172,   1.0,  -0.9,  -3.4,  35.9, -40.1,1011.6,  -1.6,   0.0
276196,   2.3,  -2.0,  -3.5, 111.3, -10.6,1021.8,  -1.7,  -0.1
276220,   3.2,   3.5,  -4.5, -43.5, -48.0, 998.1,  -1.5,  -0.3
276244,  -0.6,  -3.9,  -2.1, 292.0, -38.4,1236.4,  -0.8,  -0.3
276272,   1.4,  -5.6,  -2.1, 302.0, 141.3, 893.9,  -0.6,   0.1
276296,  -4.4,  -6.8,  -2.1, 199.7,-151.2, 909.5,  -0.7,   0.1
276320,  -6.1,   0.8,  -1.9, 205.8, -62.4,1035.0,  -0.8,  -0.7
276344,  -5.0,  -1.4,   0.5, -57.2,-376.1,1449.1,  -1.3,   0.1
276372,   0.2,  -2.0,  -2.3,  -4.9,  36.8,1064.8,  -0.9,   0.4
276396,  -0.2,  -1.4,  -1.9, 105.9, -30.4, 899.5,  -0.2,  -0.3
276420,  -2.9,  -1.9,   2.1,  62.7,-219.6,1188.6,  -0.7,   0.2
276444,  -1.4,   0.2,   2.7, -98.2, -47.0, 881.5,  -1.2,   0.7
276472,  -2.5,  -4.0,   2.7, 200.4,  71.4,1010.1,  -1.5,   0.6
276496,  -5.0,  -0.1,   1.6, 265.6,-173.0,1063.8,  -1.8,   0.6
276524,   0.8,   4.9,  -1.1,   2.4,-162.5, 784.3,  -1.9,   0.7
276544,  -0.4,   5.6,   0.2,-215.9,   1.4, 634.9,  -2.5,   1.0
276572,   0.3,   2.3,   5.4,  80.0,  82.4,1024.3,  -2.7,   1.0
276596,  -2.1,   2.2,   6.3, 126.7,-199.3,1290.1,  -3.1,   1.7
276620,  -1.2,  -0.8,   4.5,  68.6, -78.0, 954.7,  -3.8,   2.2
276644,  -2.1,   0.4,   4.0, 119.6,-192.7, 989.4,  -4.7,   2.3
276672,  -2.2,   0.8,   3.2,-108.2, -41.1, 814.8,  -4.9,   2.2
276696,  -2.9,  -2.4,   3.0, 142.5,-113.4,1017.2,  -5.4,   1.7
276720,  -4.7,  -1.4,   1.9, 105.9,-100.9, 973.5,  -5.9,   1.6
276744,  -1.6,  -2.2,   5.0, 254.6,-137.6, 923.0,  -6.6,   1.5
276772,  -2.0,  -0.7,   0.3,  41.7, -98.2,1097.0,  -7.2,   1.6
276796,   2.3,  -2.0,   1.9,  53.7, -55.0,1211.3,  -7.3,   1.7
276820,   1.6,   2.1,   2.5,  11.2, -81.4, 995.2,  -7.1,   1.4
276844,   1.0,   0.1,   2.2,  11.9,-267.9,1010.4,  -7.6,   1.3
276872,   0.0,   1.6,   3.8,-171.9, -37.7,1044.3,  -8.0,   1.8
276896,  -0.5,  -1.3,   3.0,  43.9,-162.5,1003.0,  -8.0,   1.5
276920,   0.7,  -1.3,   0.8,  19.5,-198.8,1081.4,  -8.4,   1.5
276944,   1.3,  -1.7,  -0.0,  63.2,-208.8,1045.5,  -8.8,   1.3
276972,   0.2,   1.1,  -1.0, -28.1,-159.0, 985.5,  -9.2,   1.0
276996,  -0.6,   0.2,  -0.3, -53.0,-202.0,1006.2,  -9.6,   1.1
277024,  -1.7,   1.5,  -1.1, -16.4,-139.0,1025.7,  -9.7,   1.1
277044,  -0.7,  -0.6,  -1.1,  11.2,-107.8,1019.9,  -9.6,   1.0
277072,   0.3,  -0.6,  -0.0, -44.2, -53.1,1016.5,  -9.2,   1.1
277096,   1.1,  -0.6,  -1.4, -28.1,  34.6,1014.0,  -8.0,   1.1
277120,   1.5,  -1.0,  -0.9,  34.9,-110.7,1003.8,  -7.5,   0.8
277148,   0.3,   0.7,  -2.3,  -6.9,-274.5,1006.2,  -8.1,   0.7
277172,  -0.6,   1.6,  -2.1,  37.3,-164.4, 993.3,  -8.4,   0.6
277196,   0.1,  -1.0,  -0.9, -16.4, -50.9,1005.5,  -8.2,   0.6
277220,   1.0,  -1.2,  -0.8, -44.7,  45.1, 976.7,  -7.4,   0.7
277248,   1.1,  -2.1,   0.7,  -3.7,  50.2, 980.6,  -6.1,   0.9
277272,   1.0,  -1.0,   0.8,  30.7, -45.0,1011.8,  -5.6,   0.7
277296,   0.5,  -1.0,   0.2,  40.0, -97.3,1025.5,  -5.5,   0.5
277320,  -0.4,   0.3,  -1.0,   4.1, -80.9,1009.1,  -5.6,   0.3
277346,  -0.4,  -0.3,  -1.9, -15.4, -25.7,1009.4,  -5.4,   0.3
277370,  -0.4,  -0.7,  -2.1, -27.1,  19.4, 993.8,  -4.9,   0.3
277398,  -0.1,  -0.4,  -0.6, -24.2,   7.2, 992.0,  -4.2,   0.5
277422,  -0.1,   0.1,  -0.9,  -8.6, -30.6, 995.0,  -3.8,   0.5
277446,  -0.8,  -1.0,  -0.7,  21.2, -33.1,1008.6,  -3.6,   0.4
277470,  -0.5,  -1.9,  -1.1,  32.9, -33.8,1032.1,  -3.4,   0.3
277498,  -0.6,  -0.3,  -0.8, -10.3, -28.7,1005.7,  -3.1,   0.2
277526,  -0.2,  -1.8,  -1.7, -10.3,  -7.2,1000.1,  -3.0,   0.1
277546,   0.0,  -0.6,  -0.8, -35.7, -13.3, 966.4,  -2.8,   0.1
277570,   0.3,  -1.2,  -1.2, -30.3, -53.3,1004.7,  -2.7,   0.2
277598,  -0.0,   0.4,  -1.5, -45.0, -51.6,1004.3,  -2.7,   0.2
277622,   0.7,   0.7,  -2.2, -18.3, -34.8, 996.7,  -2.6,   0.2
277646,   0.5,  -1.2,  -2.2,   4.1, -26.7,1021.6,  -2.5,   0.2
277670,  -0.4,  -0.7,  -2.6, -24.4, -60.7, 988.9,  -2.4,   0.1
277698,   0.2,  -0.8,  -0.9,  19.5, -33.6,1002.8,  -2.3,   0.1
277722,  -0.3,  -0.3,  -0.6,   4.1, -23.5,1028.2,  -2.2,  -0.0
277746,   0.4,  -0.9,  -0.0, -10.5,  -7.4,1018.7,  -2.1,   0.1
277770,   0.5,  -0.4,   0.9, -52.5,   6.2, 967.1,  -1.9,   0.1
277798,   0.2,  -0.9,   2.3, -40.8,   4.3,1020.4,  -1.5,   0.3
277822,   0.7,  -2.0,   1.4,  35.1, -52.8,1048.0,  -1.3,   0.3
277846,   0.8,   0.8,   1.3,  42.7,  66.3, 899.5,  -1.1,   0.2
277870,   1.5,  -1.5,  -1.3,  10.0, -40.9,1004.7,  -1.1,  -0.0
277898,   0.2,  -1.5,  -1.8,  21.0,   7.7, 960.8,  -0.8,  -0.1
277922,  -0.1,   0.3,  -1.1,  62.5, -13.3,1072.4,  -0.6,  -0.2
277946,  -0.3,   1.4,   1.1, -42.3,  71.9, 983.5,  -0.3,   0.0
277970,  -0.1,   3.0,   0.0, -34.5, -22.6, 991.6,  -0.1,   0.2
277998,   0.3,   0.4,   1.7,  12.9,  18.0, 955.2,   0.0,   0.2
278026,  -0.0,   1.8,   1.4,  -5.2, -73.1,1266.9,   0.1,   0.2
278046,  -1.4,  -1.4,   2.5, 174.3,-198.8,1223.5,  -0.4,   0.3
278070,   2.4,  -0.4,   0.5,   7.0,-178.3,1060.4,  -1.0,   0.4
278098,   2.0,  -2.5,  -1.1, 101.3,  -5.5,1009.4,  -0.6,   0.3
278122,   2.2,  -2.0,  -1.3, -20.3,  72.9, 975.2,  -0.1,   0.4
278146,   0.2,   1.8,  -1.4, -85.7,   4.3, 935.2,   0.1,   0.3
278170,  -0.1,   0.3,  -1.2, -93.3,   8.4, 889.3,   0.2,   0.3
278198,  -1.5,  -0.8,   1.0,  -6.9,  28.5, 979.8,   0.2,   0.4
278222,  -0.4,   0.2,   1.4, -22.7,   5.0, 977.4,   0.2,   0.4
278246,   1.6,   0.7,   0.1, -53.5, 132.0, 964.0,   0.2,   0.4
278274,   0.9,   0.8,  -0.8, -19.6,  22.8, 945.4,   0.1,   0.4
278298,   1.4,   0.4,  -1.3,-117.7, -58.2, 893.2,   0.1,   0.6
278322,  -0.2,  -2.5,  -1.4,  64.9, -93.4,1068.5,   0.1,   0.5
278346,   1.4,  -1.1,  -1.5,  13.9, -11.8, 836.3,  -0.0,   0.6
278374,   1.6,  -1.8,  -2.6,-143.8, -16.5, 869.5,   0.2,   0.7
278398,   2.4,  -1.0,  -3.3,  89.6, 107.8, 990.6,   0.3,   0.5
278422,   2.7,  -0.6,  -3.0, -20.3, -33.3, 905.6,  -0.0,   0.4
278446,   1.8,   0.5,  -0.7,-149.2, -49.2,1189.8,   0.2,   0.5
278474,   3.5,   3.2,  -1.8,-227.8, -44.0, 913.7,   0.5,   0.7
278498,  -0.3,  -3.6,  -2.6,  16.6,-117.8,1089.0,   0.3,   0.6
278526,  -1.5,  -0.6,  -3.0, -13.5,  42.4,1007.2,   0.4,   0.6
278546,  -3.8,   1.4,  -1.4,  42.7,-143.7, 937.8,   0.1,   0.2
278574,  -5.1,  -1.2,  -0.2,  99.8,-163.2,1121.7,  -0.3,  -0.2
278598,  -6.2,   2.2,   2.1,-285.4,-256.5,1105.3,  -1.2,   1.3
278622,   2.2,  -6.7,   2.6, 180.4, 231.6,1104.8,  -1.5,   1.8
278646,   4.8,  -1.0,  -2.5, -86.0,  87.1, 844.8,  -1.2,   1.1
278674,   2.1,  -0.8,  -3.7, -65.2, -52.1, 942.7,  -1.7,   1.0
278698,  -1.5,   3.0,  -0.6, -73.3,-179.1, 941.5,  -2.6,   0.9
278722,  -3.6,   2.9,  -1.2,-126.0,-162.0, 912.5,  -3.3,   0.9
278746,  -5.0,   3.3,  -0.2,  12.2,-137.6,1054.8,  -3.9,   0.7
278774,  -2.2,   2.9,   1.4, -58.9, -62.4, 990.6,  -4.2,   0.9
278798,  -0.7,   0.4,   2.0,   8.3,-108.3,1048.0,  -4.4,   1.0
278822,  -0.6,  -1.5,  -1.4, -30.8,-133.4, 989.4,  -4.5,   1.3
278846,  -0.4,  -4.9,  -2.7,  40.7,-161.5,1040.4,  -4.7,   1.4
278874,  -0.6,  -2.8,  -4.5,  48.3,-120.2,1080.4,  -5.2,   0.9
278898,  -0.3,  -1.0,  -2.8,   3.4, -39.9, 949.3,  -5.2,   0.8
278922,   1.3,   0.5,   0.3,-149.9,  -2.3, 914.7,  -4.8,   0.8
278948,  -1.5,   1.3,   0.0,-268.1, -53.6,1023.5,  -4.4,   1.0
278972,  -1.1,  -0.7,   0.5, -80.6, -86.3, 983.3,  -4.3,   0.8
278996,  -0.1,  -0.9,   0.2,   7.3, -74.3, 925.2,  -4.4,   0.8
279024,  -0.3,  -2.4,  -2.6, -10.0, -77.0, 974.2,  -4.5,   0.7
279048,  -0.3,  -3.4,  -3.3, -29.6, -86.3,1024.0,  -4.4,   0.8
279072,  -0.1,  -4.2,  -4.7,  -3.5, -63.3,1020.6,  -4.3,   0.8
279096,  -0.3,  -1.7,  -4.8, -66.0, -67.0,1018.9,  -4.1,   0.6
279124,   0.0,  -1.5,  -2.9, -36.2, -20.4,1028.9,  -3.8,   0.4
279148,  -0.7,  -0.6,  -1.2,   6.8, -82.6, 912.0,  -3.7,   0.3
279172,  -1.7,  -0.7,  -0.1,  49.5, -29.2,1026.5,  -3.7,   0.2
279196,  -0.4,  -0.9,   1.4,  60.0, -16.5,1024.0,  -3.4,  -0.0
279224,  -0.7,   2.4,  -0.1, -47.9,  18.2, 915.1,  -3.0,   0.1
279248,  -3.0,  -5.0,   0.6, 131.3,-294.0,1195.7,  -3.6,   0.5
279272,  -0.6,   1.1,  -2.3, -22.2,-113.9,1068.0,  -4.2,   0.3
279296,   0.9,  -1.2,   0.2,  33.2,  17.2,1037.0,  -4.0,   0.2
279324,   1.0,  -1.3,   0.5, -55.5,  44.6, 923.7,  -3.5,   0.8
279348,   0.0,  -2.8,   0.3,   3.9, -38.7, 960.3,  -3.1,   0.8
279372,  -1.0,  -1.3,   1.3,  77.4, -86.3,1139.8,  -3.0,   0.5
279400,  -1.7,   1.0,   1.1,  49.8, -84.1, 996.7,  -3.2,   0.2
279424,  -2.0,   1.1,  -0.4,   0.2, -80.4, 976.2,  -3.3,   0.3
279448,  -1.8,   0.2,  -1.4, -18.1, -55.5, 992.0,  -3.2,   0.3
279472,  -0.7,  -1.0,  -0.1,  40.3,   4.5, 939.6,  -2.8,   0.3
279500,  -0.8,  -0.3,  -0.8, -46.4, -51.4, 958.8,  -3.0,   0.6
279528,  -0.2,  -2.8,   1.0,  78.6, -16.5,1023.1,  -3.0,   0.4
279548,  -0.7,  -0.6,  -0.9,   2.4, -40.1,1026.0,  -2.6,   0.3
279572,  -0.7,  -2.6,  -0.4,  57.1, -70.9,1105.3,  -2.5,   0.2
279600,  -0.2,   0.8,   0.7, -74.3, -72.9, 927.6,  -2.4,   0.1
279624,   0.2,   1.9,   3.5, -24.7,  11.6, 975.2,  -2.4,   0.0
279648,   0.3,   2.4,   4.7,  -0.0, -16.7,1030.1,  -2.0,   0.0
279672,  -0.4,   3.6,   5.8, -77.9,-142.9,1100.2,  -1.9,   0.3
279700,   0.7,  -0.6,   7.7,  18.8, -66.0, 901.0,  -1.5,   0.6
279724,  -2.1,  -0.5,   5.9,  90.5,-140.5,1201.5,  -2.0,   0.7
279748,   0.5,   0.2,   3.5, -51.3, -56.7,1003.8,  -2.3,   0.9
279772,  -1.4,   1.9,  -0.4, -79.9,-103.6,1124.4,  -2.5,   0.9
279800,   0.2,  -0.1,  -0.5, -14.7,  60.2, 981.1,  -2.0,   1.0
279824,  -0.0,  -2.3,  -0.5,  -0.5,  73.1, 892.9,  -1.7,   1.1
279848,  -3.6,  -4.8,   1.6, 163.3, -19.1, 980.3,  -1.5,   0.9
279872,  -1.1,  -2.1,   4.1, 134.7, -95.3,1069.2,  -2.0,   0.6
279900,  -2.3,   1.3,   2.0, -35.7, -90.4,1002.5,  -2.7,   0.6
279924,   1.8,  -1.5,   1.3,  64.7,  69.7, 947.4,  -2.5,   0.6
279948,   1.6,  -0.3,  -0.0,  39.5, -67.2, 984.7,  -2.3,   0.5
279972,   0.7,  -2.0,   0.7, -60.1,  -6.9, 909.8,  -2.6,   0.9
280000,  -1.2,  -2.8,   1.4,  64.4, -75.3, 920.3,  -2.7,   0.9
280028,  -1.5,  -0.3,   0.0, -60.6, -85.3,1027.0,  -2.8,   0.9
280048,  -2.0,   0.8,   1.0,  45.4, -25.5, 899.3,  -2.8,   0.7
280072,  -2.5,  -1.2,   1.1,   5.1,-129.0,1024.0,  -3.0,   0.7
280100,  -2.1,   0.5,   1.5,  54.9, -70.7,1033.8,  -2.8,   0.7
280124,   0.8,  -0.2,   1.0, -46.2,  59.5, 942.2,  -2.6,   0.7
280148,   0.3,   2.8,   2.3, -56.9,   6.0,1038.4,  -2.5,   0.7
280172,  -0.3,   0.1,   1.0,   0.9, -85.1, 992.3,  -2.5,   0.7
280200,   0.1,  -0.6,   0.8, 113.5, -43.3,1018.4,  -2.5,   0.7
280224,   0.2,  -0.1,   0.9,   0.9, -46.0,1007.2,  -2.5,   0.6
280248,  -0.6,  -0.7,   1.6, -71.8, -54.3, 931.7,  -2.3,   0.8
280272,  -0.3,   0.5,   2.2, -33.5, -76.8,1002.5,  -2.6,   0.7
280300,  -0.9,   1.8,   1.2,  -6.9,  -5.2,1006.2,  -2.6,   0.6
280324,  -0.3,  -0.1,  -0.1, -51.8, -45.0,1033.3,  -2.6,   0.6
280348,  -1.4,  -1.2,  -0.1,  12.2,-111.7,1031.4,  -2.5,   0.7
280372,  -0.5,  -1.7,   0.9,  -7.6, -36.7, 982.5,  -2.5,   0.7
280400,  -2.5,   1.6,   1.1,   6.6, -30.1, 923.0,  -2.8,   0.3
280424,  -1.9,   3.7,   2.1, -94.0,  24.8, 959.6,  -2.6,   0.2
280448,   0.3,  -0.0,   2.6,  26.6, -85.8,1081.6,  -2.6,   0.4
280476,   1.8,   0.2,   3.6,  24.9, -16.0, 991.6,  -2.7,   0.7
280500,  -1.0,   0.7,   2.7,  32.9,-219.3,1051.9,  -3.1,   0.3
280528,  -0.3,  -1.1,   0.2, 112.0,-172.2,1030.1,  -3.2,   0.2
280551,  -1.5,  -2.8,  -0.9, 107.4, -83.1,1002.1,  -3.2,   0.3
280575,   0.8,  -0.5,  -0.7, -59.1, -13.8, 993.5,  -3.3,   0.4
280599,  -1.4,   1.4,  -1.1,-158.2, -58.2,1022.3,  -3.2,   0.5
280623,   0.3,   1.3,   0.2,-107.9,  27.5, 864.4,  -3.1,   0.6
280651,  -0.3,  -1.4,   1.6,  91.5, -67.7,1022.1,  -3.2,   0.4
280675,  -0.9,  -2.1,   2.8,  60.8,  14.8, 969.1,  -3.2,   0.4
280699,  -0.4,   0.7,   3.0, -17.1, -36.2, 951.3,  -3.1,   0.4
280723,  -0.6,   2.7,   2.5,-119.2, -22.1, 994.0,  -3.1,   0.5
280751,   2.4,   1.3,   2.5,-103.5,  78.5,1089.5,  -3.0,   0.5
280775,  -0.4,  -1.0,   1.6,  31.9,-140.2,1039.4,  -3.1,   0.7
280799,  -0.1,  -1.9,   1.9,  85.9, -70.7, 960.3,  -3.4,   0.6
280823,  -0.1,  -3.7,   1.4,  91.5, -30.4, 958.1,  -3.5,   0.7
280851,  -1.8,   0.9,   0.2,-116.7, -65.3, 860.2,  -3.5,   0.7
280875,  -0.9,  -0.0,  -0.7, -80.6, -83.4, 970.8,  -3.8,   0.7
280899,  -0.5,  -3.7,  -1.9, 156.7,-130.7,1066.8,  -3.9,   0.5
280923,  -0.8,  -3.6,  -4.5,  46.4,  -9.6, 959.3,  -4.1,   0.4
280951,  -1.5,  -1.7,  -5.0,  97.4,  -8.2, 996.9,  -4.0,   0.0
280975,  -2.5,   0.8,  -1.8, 214.8,-136.1,1155.4,  -4.1,  -0.2
280999,   1.3,   0.4,  -0.6, -92.3,-102.9,1067.5,  -4.3,   0.2
281027,   2.2,  -0.1,   0.3,  -1.0,  39.4, 946.1,  -4.1,   0.2
281051,   0.9,  -1.6,   1.0,  72.7, -58.7, 923.0,  -3.5,  -0.1
281075,  -1.2,  -1.9,   1.7, 203.1, -45.8,1058.7,  -3.7,   0.0
281099,  -1.0,   1.4,  -0.3,  62.2,-137.8,1132.7,  -4.1,  -0.1
281123,   0.1,   3.0,   0.1,-142.1,  -0.3, 853.9,  -4.0,   0.1
281151,  -0.7,   2.4,   1.9, -81.3, -67.7,1074.1,  -3.7,   0.4
281175,   1.1,  -0.7,   3.3,  20.0,  -5.0,1008.4,  -3.3,   0.4
281199,   2.0,  -1.2,   4.4, -43.7, -87.3, 929.3,  -3.4,   0.8
281223,  -0.2,   1.0,   3.8, -19.6,-147.6,1019.9,  -3.5,   0.6
281251,  -0.2,   2.5,   6.4,  21.9,-149.5, 974.0,  -4.1,   0.3
281275,  -1.1,   2.6,   4.9,  -5.9,-178.8,1111.9,  -4.6,   0.5
281299,   0.0,  -0.7,   4.1,-110.6, -40.9,1124.6,  -4.6,   1.0
281323,   2.5,   0.4,   5.8, -14.4, -57.5, 908.8,  -4.4,   1.1
281351,   1.0,  -0.3,   7.7, -44.2, -99.7,1067.2,  -4.2,   1.4
281375,   1.6,  -1.3,   8.9, -85.2, -80.7, 979.8,  -4.2,   1.7
281399,   2.1,   0.8,   8.0,-126.7, -51.6, 816.5,  -4.3,   1.6
281423,   0.5,  -0.3,   8.0, -21.8,-114.9,1010.4,  -4.3,   1.5
281451,   1.1,  -1.6,   7.1,  34.4, -29.6, 958.4,  -4.1,   1.4
281475,   0.8,   1.3,   5.6, -62.0, -97.3,1089.9,  -4.0,   1.2
281499,  -0.9,  -1.6,   7.4,  34.1,  -1.3, 972.5,  -3.5,   1.2
281527,  -3.7,  -0.7,  11.2, 101.8,  76.8, 967.1,  -3.4,   1.1
281551,  -2.0,  -3.2,  15.9,  41.5, -90.2,1147.3,  -3.6,   1.6
281575,  -0.4,  -4.1,  13.4, 142.8, -92.9,1155.9,  -3.9,   1.6
281599,   1.2,   1.0,  10.5,  80.8, -34.5, 946.9,  -3.7,   1.3
281627,   2.4,  -1.0,   9.6,  95.7, -47.2, 962.5,  -3.6,   0.9
281651,   1.4,  -2.6,  10.7,  17.1,  12.6,1009.6,  -3.4,   1.0
281675,  -1.1,   0.5,   9.4, -57.6, -66.3,1055.8,  -3.2,   1.0
281699,   1.0,   1.0,   9.8, -86.2, -15.2, 921.2,  -3.0,   1.2
281727,  -0.9,   2.1,  11.0, -50.3, -72.6, 976.7,  -2.9,   1.2
281751,  -0.1,   1.2,  10.2,-100.9, -98.7, 877.3,  -3.1,   1.1
281775,   0.8,   0.6,  10.0,  55.9, -87.8, 982.8,  -3.2,   1.0
281799,   0.0,   2.4,   7.2, -64.2,-117.8,1039.7,  -3.2,   1.0
281827,   0.8,   2.6,   6.0, -69.6, -15.0, 964.7,  -3.2,   0.9
281851,   1.4,   0.6,   8.4,  53.2, -42.3, 949.3,  -3.2,   0.8
281875,   0.7,   3.5,   9.1, -46.9, -52.6,1024.5,  -3.0,   0.7
281899,   3.0,   1.9,  11.1, -94.0,  89.5, 863.4,  -2.6,   1.2
281927,   1.4,  -0.9,  11.3,  70.5, -25.0, 943.7,  -2.7,   1.2
281951,  -0.5,   1.0,   8.9,  48.1, -48.4,1114.6,  -2.6,   1.1
281975,   0.3,   2.1,   7.5,  13.6, -81.4,1092.9,  -2.7,   1.0
281999,  -1.4,   2.5,   5.9, -27.1,-136.8, 997.2,  -2.8,   1.0
282027,  -1.5,   0.7,   4.1, -13.2,-130.0,1015.5,  -2.9,   1.0
282051,  -2.4,  -0.4,   3.2,  13.6,  77.8, 987.7,  -2.9,   1.1
282075,  -2.2,  -1.0,   3.5, -35.2, -42.6,1015.0,  -2.5,   1.2
282099,   1.6,   0.4,   4.1,  36.1,-157.3,1038.4,  -3.1,   1.2
282127,   4.3,   2.4,   3.9, -50.3,  47.0, 789.9,  -3.0,   1.1
282149,   2.8,  -1.2,   5.2,  86.6,  40.7, 991.6,  -2.8,   0.8
282177,   2.0,  -0.6,   4.9, -19.8,  60.2, 924.9,  -2.3,   0.9
282201,  -0.4,   2.6,   3.3,  -3.9, -19.1, 945.7,  -1.9,   0.9
282225,  -0.2,   0.9,   3.4,   1.9, -71.6, 981.3,  -2.0,   1.0
282249,  -2.7,  -1.4,   2.5, 226.8,-106.5,1129.5,  -2.3,   0.9
282277,  -2.2,  -0.0,   1.6, 158.7,-137.1,1142.7,  -2.9,   0.5
282301,   0.5,   3.7,  -2.5,-128.0,-145.1, 924.7,  -3.6,   0.6
282325,   1.1,  -2.6,  -4.4, -60.3,  18.7, 978.1,  -3.3,   0.9
282349,   1.4,  -4.2,  -5.1,   5.1,  -6.2, 981.5,  -2.8,   0.9
282377,  -0.5,  -2.0,  -5.8, -23.7,-150.3,1070.4,  -2.9,   0.7
282401,   0.0,   3.1,  -5.3,-153.4, -77.5, 885.1,  -3.1,   0.4
282425,  -1.4,   0.9,  -3.0, -26.4,  -7.2, 969.6,  -2.9,   0.2
282449,   0.8,  -1.1,  -1.6,  -7.4,  17.7, 927.8,  -2.5,   0.2
282477,   0.7,   0.1,  -1.9, -72.5,-121.7,1017.7,  -2.0,   0.3
282501,  -1.8,   0.3,  -3.1,  43.7,-103.9,1016.5,  -2.0,   0.1
282529,  -2.0,  -0.6,  -4.0, 188.7, -52.1,1110.5,  -2.1,  -0.2
282549,  -1.7,   1.8,  -6.7, -34.9,-107.3,1042.3,  -2.2,  -0.2
282577,  -1.5,  -2.1,  -7.8, -39.3, -10.4,1031.4,  -2.3,   0.1
282601,  -0.2,  -1.7,  -7.7, -49.3, -30.1,1037.0,  -2.3,   0.3
282625,   0.6,   0.2,  -5.9, -30.8,  35.3, 832.9,  -2.0,   0.5
282649,   5.1,  -4.6,  -2.2,  48.6,  94.6, 822.6,  -2.1,   0.8
282677,   3.7,  -0.4,  -2.2, -16.1, -43.3, 842.9,  -2.7,   0.9
282701,   1.3,  -0.3,  -4.6, 117.2, -87.5,1057.0,  -2.4,   0.3
282725,   1.1,  -0.9,  -6.4, -46.7, -15.7, 789.7,  -2.3,   0.4
282749,  -1.6,  -2.3,  -8.6,  31.2, -37.2,1048.0,  -2.4,   0.2
282777,  -1.6,  -3.5,  -7.5,  46.8,  38.7, 984.2,  -2.1,   0.2
282801,  -2.7,  -1.8,  -4.6,  50.7, -62.4,1043.1,  -2.0,   0.0
282825,  -1.7,   3.7,  -2.3,  27.6, -77.0,1019.6,  -2.2,   0.2
282853,  -0.1,   1.0,  -2.2, -65.5, -58.2,1108.0,  -1.9,   0.4
282877,   0.2,   0.4,  -1.7, -33.2, -65.8, 992.3,  -1.7,   0.6
282901,  -1.7,  -1.2,  -0.9, 112.0,-155.1,1149.3,  -2.0,   0.5
282925,  -1.4,  -0.6,  -0.6,  54.2,-155.1,1036.5,  -2.3,   0.5
282953,  -1.9,   3.6,  -2.4, -85.0, -60.4, 913.2,  -2.6,   0.4
282977,   1.5,   3.5,  -1.9,-184.8,  26.5, 874.1,  -2.7,   0.6
283001,  -2.0,  -2.8,  -2.8,  94.9,-121.7,1064.1,  -2.6,   0.7
283029,  -1.2,  -0.6,  -3.8,  30.5,-156.1,1020.1,  -2.8,   0.6
283053,  -1.8,  -0.2,  -3.7, -24.2, -54.5,1058.9,  -2.9,   0.8
283077,  -0.4,  -1.8,  -3.2, -21.0, -42.1, 952.0,  -2.7,   1.0
283101,  -0.6,  -1.2,  -3.0,  26.3,  37.0, 968.6,  -2.4,   0.8
283125,   0.1,  -0.9,  -0.3, 114.0, -78.2, 993.8,  -2.4,   0.6
283153,  -1.2,   1.9,  -0.6, -18.3,   4.5, 943.5,  -2.4,   0.8
283177,  -1.7,   1.6,  -1.2, -57.9,  25.3, 877.1,  -2.2,   0.8
283201,  -5.0,   1.0,  -1.8,  39.5, -67.7,1017.9,  -1.8,   0.7
283225,  -6.1,  -1.3,  -1.1,-294.7,-328.0, 688.3,  -2.4,   1.1
283253,   2.1,   0.2,  -3.9,-203.4, -72.1, 798.0,  -3.8,   1.1
283277,  -0.1,  -0.1,  -5.1, -87.4, 152.5,1006.7,  -3.3,   1.0
283301,   3.3,   1.9,  -4.0,-173.6,  62.2, 792.3,  -2.2,   0.9
283325,  -0.7,  -0.1,  -2.1, 119.8,-112.4,1070.9,  -2.1,   0.9
283353,  -0.5,  -0.5,  -1.2,  93.7,  10.6,1036.0,  -2.4,   1.0
283377,  -1.2,  -1.0,  -0.9,  81.3, -79.9,1100.9,  -2.5,   1.1
283401,  -2.2,  -0.5,  -2.6,-113.3, -35.0, 961.8,  -2.4,   1.3
283425,  -0.8,  -3.2,  -3.6, 123.7, -17.4, 961.3,  -2.3,   1.2
283453,   1.1,   0.4,  -5.8,-129.2,  25.8, 759.4,  -2.5,   1.1
283477,  -1.3,  -2.5,  -5.9, 107.9,  94.1, 939.3,  -2.4,   0.8
283501,  -2.2,  -6.1,  -5.1, 125.7, -92.6,1129.3,  -2.7,   0.9
283529,  -0.9,  -1.4,  -4.6,  34.4,  24.8, 895.4,  -2.7,   0.8
283553,  -1.2,  -0.4,  -4.5,  37.6,-135.4,1018.4,  -2.9,   0.6
283577,  -0.6,   2.4,  -6.1,-284.7, -53.1, 948.6,  -2.9,   0.8
283601,  -0.4,   0.2,  -5.3, -66.7, -48.9, 895.6,  -2.8,   0.6
283625,   1.4,   0.2,  -6.7, -39.1, -66.8, 825.1,  -2.9,   0.4
283653,  -1.8,  -1.5,  -3.9,  72.0, -44.3,1037.2,  -2.6,   0.2
283677,  -2.8,  -1.2,  -3.4,  92.5, -67.0,1325.1,  -2.5,  -0.0
283701,   0.8,   3.5,  -2.7,-210.2, -53.8, 817.0,  -3.0,   0.6
283725,   2.3,  -0.0,  -3.4,  79.6,  95.4, 977.4,  -2.9,   0.3
283751,   1.9,   1.6,  -0.4, 101.8,-122.4, 940.8,  -2.8,  -0.1
283775,   1.4,  -0.9,  -2.3,-138.0, -24.5,1140.0,  -2.5,   0.2
283803,   0.4,  -2.7,  -2.5, 141.1, -21.3,1108.7,  -2.4,   0.5
283827,  -0.8,  -1.8,  -1.9, 193.6, -62.1, 923.4,  -2.6,   0.4
283851,  -0.7,  -1.1,  -3.6,   2.9,-155.1, 907.1,  -3.3,   0.4
283875,  -2.5,  -0.0,  -5.7,  40.0,-146.1,1170.3,  -3.6,   0.2
283903,  -1.3,  -1.3,  -4.5,  22.9, -67.5,1104.1,  -3.5,   0.2
283927,  -0.1,  -4.9,  -2.3,  73.2, -36.5,1013.3,  -3.1,   0.5
283951,  -0.9,   1.2,  -0.9,  18.5, -16.0,1071.9,  -2.8,   0.4
283979,   0.4,   4.2,   2.1,-159.2,  22.8, 816.0,  -2.5,   0.4
284003,   1.6,   1.6,   4.4,   2.4,  66.8,1034.8,  -2.2,   0.4
284031,   2.7,   3.5,   3.1,-121.6,-161.2, 856.3,  -2.3,   0.7
284051,   1.1,   3.0,   0.1, -77.9,-161.0,1048.7,  -2.3,   0.7
284079,  -1.8,  -0.8,  -1.2,  34.1,-121.4,1243.8,  -2.5,   0.5
284103,  -0.0,   3.6,  -1.5,-115.5,  40.4, 844.3,  -2.4,   0.6
284127,  -3.3,   5.2,  -2.7,-273.5,  42.4, 837.0,  -1.9,   0.7
284151,  -4.3,  -4.6,   0.5,  20.7,-153.4,1135.8,  -2.2,   1.5
284179,  -0.6,  -5.1,  -0.5, 107.6,  17.5,1013.3,  -2.6,   1.4
284203,  -1.0,  -0.6,  -0.4, 106.7,-118.3,1096.3,  -3.0,   0.9
284227,  -0.2,   4.7,  -1.7,-173.6, -44.8,1011.3,  -3.4,   0.7
284251,   3.0,   0.3,  -1.7, -34.7,  -9.1,1075.5,  -3.1,   1.0
284279,   3.2,  -1.5,  -1.7,  60.5, 108.8,1061.6,  -2.6,   0.9
284303,   1.4,  -1.7,  -0.3,  95.7, -70.2, 911.2,  -2.7,   1.0
284327,  -0.6,  -1.4,  -1.5,  52.7,-110.7,1069.4,  -3.2,   1.0
284351,   2.1,   2.7,  -0.6,-127.7,  32.6, 821.9,  -3.3,   0.8
284379,   1.4,   0.6,  -0.0, -94.3, -91.7,1080.9,  -3.3,   0.7
284403,   2.4,  -0.6,   0.5,-177.8,  15.0, 844.6,  -2.9,   1.0
284427,   4.4,   1.6,   1.1, -48.1, -17.0, 862.9,  -3.0,   0.9
284451,   0.4,   1.6,  -0.6,   3.4,-106.3,1057.0,  -3.2,   0.5
284479,  -1.1,   0.7,   1.7, -60.3, -28.7,1020.4,  -3.1,   0.6
284503,   0.3,  -0.0,   1.9, -93.8, -86.3,1041.9,  -3.2,   0.7
284531,  -0.0,   1.3,   2.2,   7.5, -47.0,1005.0,  -3.2,   0.7
284551,  -1.4,   1.4,   1.7,  56.4,  16.5, 909.0,  -2.6,   0.8
284579,  -1.9,  -4.8,   2.4, -69.9,-109.5,1120.2,  -2.6,   1.4
284603,  -1.8,   0.8,   3.3,  96.4,-254.3,1262.6,  -3.7,   1.0
284627,   0.5,   4.0,   3.8,  88.1, -68.7,1027.0,  -3.9,   0.6
284651,   2.6,   1.3,   2.7,-173.4, 149.6, 769.9,  -3.1,   1.4
284679,   3.1,   0.9,   1.6, -24.2,-164.9, 976.2,  -2.9,   1.4
284703,   3.0,  -1.5,   2.4, 106.7, -38.2, 851.4,  -3.0,   1.2
284727,  -0.4,  -2.6,   2.5, 196.0,-177.8,1011.3,  -3.3,   1.0
284751,  -0.6,  -2.0,   2.5, 153.5, -81.4,1082.4,  -3.4,   1.0
284779,   1.5,   1.2,   2.5, -16.9, -40.9,1081.4,  -3.1,   1.1
284803,   2.7,   2.6,   4.3,-104.0, -21.3, 822.9,  -2.8,   1.2
284827,   4.9,   1.9,   5.5,  13.6,  46.8, 808.0,  -2.9,   1.1
284851,   3.8,   4.6,   6.0, -96.5, -72.1,1346.5,  -2.6,   1.0
284879,  -0.7,   1.0,   4.4, -87.2,-251.6,1081.6,  -2.3,   1.5
284903,  -2.6,  -0.6,   2.2,  79.3, -43.3,1160.0,  -2.2,   1.6
284927,  -2.2,  -0.6,   1.6,  84.2, -69.9,1072.9,  -2.4,   1.4
284951,   0.0,   4.0,   1.0, -99.6,  63.6, 860.0,  -2.5,   1.3
284979,  -1.5,   1.9,   2.1,-194.6,-113.1,1141.5,  -2.1,   1.4
285003,  -3.3,  -0.3,   2.1, 114.7,-325.3,1443.0,  -2.9,   1.4
285031,  -0.3,   0.1,   1.1,-124.8,  12.1, 957.6,  -2.9,   1.5
285051,  -0.1,  -3.3,   1.2,  52.0, 101.0, 840.9,  -2.3,   1.3
285079,  -1.2,   1.2,   2.4,  44.2,-146.8,1056.7,  -2.9,   0.9
285103,  -0.7,   3.5,   1.1,-149.2, -47.7, 878.5,  -3.2,   0.8
285127,  -1.0,   0.6,  -0.4,-105.5,  -9.1,1052.6,  -3.0,   1.0
285155,  -0.9,  -0.1,  -0.1,  40.0,-125.6,1120.0,  -2.7,   0.9
285179,   1.8,   0.4,   0.5,  -1.3, -76.0,1106.1,  -2.6,   0.9
285203,  -0.1,   0.7,   1.4,-188.8, -68.7, 962.0,  -2.8,   1.1
285227,   3.0,   1.7,   1.6, -17.6, 219.9,1067.5,  -2.5,   0.8
285255,   1.1,   1.3,  -0.3,  -5.6, -84.8,1030.4,  -2.6,   0.9
285279,  -3.3,  -0.3,  -1.5, -10.5,-160.3,1110.2,  -2.8,   1.1
285303,  -2.4,   0.4,  -1.2,-170.9,  45.3, 815.8,  -2.7,   1.1
285327,  -0.8,  -1.6,  -1.5,  24.6, -54.3, 934.9,  -3.1,   0.8
285353,  -0.4,  -1.2,  -1.1,   6.8, -27.9,1154.2,  -3.1,   0.9
285377,   1.8,   0.5,  -1.4,-132.1, -21.6, 761.8,  -3.0,   0.9
285405,   1.3,  -0.9,  -1.7,  15.1,  75.8, 856.8,  -2.8,   0.8
285429,  -4.0,   0.9,  -2.0, -75.2,-190.5,1284.5,  -2.8,   0.5
285453,  -1.2,   3.9,  -1.5,-148.2,-306.0,1011.6,  -3.6,   0.4
285477,   1.1,  -1.7,  -1.0,  35.4,  26.3, 954.2,  -3.3,   0.6
285505,   1.5,  -4.8,  -1.4, 100.6,  30.4, 930.8,  -2.7,   0.5
285533,  -0.1,   0.5,  -1.7,  20.5, -45.3, 831.4,  -2.7,   0.5
285553,  -2.4,  -0.9,  -0.4, 147.7,-118.3,1053.1,  -3.1,   0.2
285577,  -2.9,   1.0,  -1.9,  17.3, -49.9,1032.6,  -3.1,   0.3
285605,  -0.8,  -2.2,  -0.3,  52.2,   8.4,1101.7,  -2.9,   0.5
285629,   0.8,  -1.4,  -0.1, -47.4, -33.8, 965.2,  -2.9,   0.5
285653,   1.9,  -0.3,  -0.6,-104.0,  -6.0, 870.0,  -3.2,   0.5
285677,  -1.9,  -0.1,  -1.4,  28.5, -89.5,1139.3,  -3.3,   0.3
285705,   2.2,   3.3,  -1.4,-108.9,  12.6, 869.7,  -3.2,   0.1
285729,   2.5,   1.1,   0.5, -63.0, -28.4,1023.1,  -3.1,   0.3
285753,   3.3,   4.0,   1.5,-114.3,  56.0, 854.1,  -2.8,   0.4
285777,   2.9,   0.8,   2.1, 103.5,-129.3, 999.6,  -2.8,   0.4
285805,   2.1,  -0.6,   0.3,  85.4,-182.0,1151.2,  -3.1,   0.5
285829,   2.4,  -1.5,  -0.1,  51.5,   7.5, 998.1,  -2.8,   0.6
285853,   0.7,  -0.3,  -1.1,  -4.7,  26.8, 985.5,  -2.6,   0.5
285877,   1.0,   1.6,  -0.2, -38.6,  41.2, 884.1,  -2.2,   0.5
285905,   2.8,   5.2,   1.4, -69.6,-286.7, 966.2,  -3.0,   0.6
285929,   3.2,   1.6,   0.5, -40.3,  93.6, 755.5,  -2.8,   0.9
285953,   4.0,  -1.6,   0.2,  14.1, 130.5, 961.5,  -2.3,   0.8
285977,  -0.4,   1.1,  -1.9, -11.3,  -1.1, 851.9,  -2.0,   0.5
286005,  -0.1,   4.9,  -2.7,-156.8,   2.6, 808.2,  -2.5,   0.5
286033,   0.2,   1.0,  -1.7, -55.5, -32.3,1086.0,  -2.5,   0.6
286053,  -1.5,  -2.6,  -1.7, 109.8, -58.7,1077.5,  -2.4,   0.6
286077,   0.8,  -2.4,  -1.5, 149.6,  29.4,1027.7,  -2.3,   0.7
286105,  -1.1,  -1.5,  -0.9,  65.2, -42.8, 982.8,  -2.4,   0.7
286129,  -2.5,  -2.9,  -1.1,  17.8, -67.7,1074.1,  -2.6,   0.7
286153,   0.0,   1.3,  -1.4,  10.5,  19.7, 922.7,  -2.4,   0.5
286181,  -0.6,   1.7,  -0.9,  30.0, -73.3, 981.1,  -2.5,   0.5
286205,  -0.9,   1.2,   0.2,  57.6, -32.1,1196.4,  -2.3,   0.6
286229,   0.1,   1.4,   1.0, -67.4,-163.4, 840.4,  -2.4,   0.7
286253,  -2.5,  -0.1,   0.6,-113.1, -71.1, 941.3,  -2.6,   1.0
286281,  -0.7,   0.3,  -1.7,-162.9,  40.2, 959.6,  -2.4,   1.0
286305,  -1.5,   0.2,  -2.6, -28.8,-102.6,1099.0,  -2.6,   0.9
286329,  -0.3,  -3.9,  -2.4,   7.0,  68.0, 860.5,  -2.3,   1.0
286353,  -1.6,   0.1,  -1.2,-186.1, -83.8, 883.4,  -2.4,   1.0
286381,  -5.0,   2.9,  -1.1, -94.8,  15.0, 845.6,  -2.2,   0.7
286405,  -5.7,   0.5,   0.3,  65.4,-426.6,1534.0,  -3.3,   0.9
286429,   2.1,   1.5,  -1.6,-117.5,  84.6, 849.5,  -3.0,   1.3
286453,   1.6,   1.2,  -3.4, -25.7,-117.5, 870.0,  -2.7,   0.7
286481,  -0.9,   1.9,   0.8, 206.8,-140.2,1151.7,  -3.0,   0.3
286505,  -0.1,   0.1,  -0.6,-110.1,  88.3, 870.2,  -2.9,   1.0
286533,  -1.7,  -2.5,  -0.6,  -4.9, -24.3,1037.9,  -2.9,   0.9
286553,  -1.2,   2.1,  -2.6,-155.1,-168.1, 930.8,  -3.0,   0.7
286581,  -1.4,   0.5,  -1.9,-101.1,-126.6, 947.4,  -3.4,   0.5
286605,  -1.9,  -1.5,  -2.0,  48.6, -49.4,1026.0,  -3.5,   0.5
286629,  -1.9,   1.5,  -2.1,-106.5, -22.8, 933.5,  -3.4,   0.5
286653,   0.8,  -1.1,  -1.1,  -1.0, -28.9,1058.5,  -3.2,   0.5
286681,  -3.4,  -5.7,   1.0, 134.0,-119.2,1110.0,  -2.8,   0.9
286705,  -0.6,   0.1,  -0.5,  62.0, -42.8, 965.4,  -3.1,   0.8
286729,  -0.7,  -1.5,  -1.9,  34.9, -21.1, 952.0,  -3.4,   0.7
286753,  -2.0,  -1.2,  -3.3, -80.8, -36.2, 951.0,  -3.4,   0.8
286781,   1.0,  -0.0,  -3.7,-114.0,   9.4,1049.4,  -3.4,   0.6
286805,   0.3,  -3.7,  -1.4, -37.1, -63.8, 988.1,  -3.5,   0.6
286829,  -0.7,  -0.3,  -0.1,  27.8, -23.1, 945.7,  -3.2,   0.5
286853,  -1.3,   1.6,  -0.7, 109.8,   8.9, 931.5,  -3.1,   0.2
286881,  -3.5,   2.2,  -1.0, -38.1, -58.7, 941.3,  -2.8,   0.5
286905,  -2.9,   2.6,  -0.1,-328.9,-310.4,1274.5,  -3.0,   0.9
286929,  -1.4,  -1.5,  -2.5,-181.2,-111.2, 934.2,  -3.5,   1.2
286955,   0.0,  -2.8,  -2.7,  92.7,  23.8,1072.9,  -3.1,   1.0
286979,  -1.7,  -1.8,  -4.0,  35.1,-177.1,1021.8,  -2.8,   0.8
287003,  -1.5,  -0.1,  -2.7, -43.0,-167.8, 973.5,  -3.2,   0.7
287031,  -1.8,  -0.8,  -1.8, -34.7,  -9.6, 982.0,  -3.2,   0.7
287055,  -0.9,   2.7,  -1.3, -98.9, -22.1,1110.5,  -2.8,   0.7
287079,  -0.8,   1.6,  -0.3,-130.9, -32.1,1116.3,  -2.9,   0.8
287103,  -1.5,   3.9,  -0.9, -31.3, -74.6,1035.3,  -3.1,   0.6
287131,   1.2,   3.2,  -0.8, -81.1, -12.8, 789.2,  -3.6,   0.7
287155,  -0.1,   2.9,  -1.2, -38.4, -88.0,1056.5,  -3.5,   0.7
287179,   2.2,  -0.1,  -0.0,  78.1,  57.8, 972.5,  -3.2,   0.7
287203,   2.3,   0.1,  -0.3,-234.9,  46.8, 746.9,  -2.7,   1.3
287231,   1.5,   0.2,  -1.7, -98.9,-101.9, 843.1,  -3.2,   1.3
287255,  -1.1,  -1.0,  -3.3, -18.8, -24.5,1089.9,  -3.2,   1.0
287279,  -1.1,  -0.6,  -2.3, 100.3,  34.3, 911.5,  -3.2,   0.8
287307,  -0.3,   1.0,  -1.4,  49.3, -36.2,1121.2,  -3.2,   0.7
287331,  -2.2,  -0.3,  -2.5,  55.6, -47.0, 973.5,  -3.0,   0.8
287355,  -1.3,  -1.0,  -1.8,  11.2,  57.5, 921.7,  -3.0,   0.9
287379,  -5.8,  -4.8,  -1.4, 344.7,-296.7,1354.4,  -3.2,   1.1
287407,   1.0,  -2.6,  -2.8, 213.1,  29.7, 984.5,  -3.6,   1.3
287431,  -0.1,   0.1,  -1.7,  56.9, -22.3, 952.3,  -3.4,   1.1
287455,  -0.0,   2.4,  -1.4, -99.9, -41.4,1103.6,  -3.2,   1.0
287479,   0.3,  -3.2,  -1.4, -32.5, -56.7,1091.9,  -2.9,   1.5
287507,  -0.6,  -0.4,  -1.9,  57.3, -38.2,1071.9,  -2.9,   1.1
287535,  -1.7,   1.3,  -2.5, -60.3,  -1.1,1019.6,  -2.9,   1.2
287555,  -2.9,  -0.1,  -2.7, 135.5,-128.8,1027.4,  -3.2,   1.2
287579,  -1.5,  -2.2,  -3.3,  90.5, -21.6,1073.3,  -3.1,   1.2
287607,  -0.3,  -2.3,  -3.2,  71.3, -56.5,1149.3,  -3.1,   1.1
287631,  -0.1,  -0.4,  -2.8,  44.9, -28.9, 980.6,  -3.0,   1.1
287655,   0.3,  -1.6,  -1.1,  61.0,-152.0,1289.2,  -3.0,   0.9
287679,  -0.0,   3.8,  -1.8,-117.2,-195.7,1030.6,  -3.2,   0.9
287707,   1.3,  -3.0,   1.0, -24.9,  34.6, 971.3,  -2.7,   1.5
287731,   1.6,  -1.1,  -0.9, -41.0, -21.8, 956.9,  -2.8,   1.2
287755,  -0.7,   0.4,  -3.4,-117.0, -55.0,1016.5,  -2.9,   1.4
287779,  -0.6,  -0.9,  -4.6,  52.7,-108.0,1247.9,  -2.9,   1.3
287807,  -1.1,  -1.0,  -4.1, -85.2, -43.1, 938.6,  -2.9,   1.2
287831,  -2.9,  -0.1,  -1.1, -12.0, -25.7, 948.3,  -2.3,   1.0
287855,  -1.6,   4.0,  -0.9,-353.5, -22.6, 746.9,  -2.2,   1.3
287879,  -6.9,  -2.2,  -0.1,  83.7,-462.8,1626.1,  -3.1,   1.2
287907,  -0.7,   0.1,   0.5,  32.4,-125.1, 968.6,  -3.4,   1.0
287931,   1.5,   0.2,  -0.8, -40.8, -37.2,1058.0,  -3.4,   0.8
287955,   1.3,   0.2,  -2.3, -48.9,   5.8,1058.7,  -3.1,   1.0
287979,   1.9,   4.4,  -2.3,-142.1, -17.9, 858.7,  -2.9,   1.1
288007,  -0.9,   1.1,  -1.1,-104.5, -58.9, 912.2,  -3.1,   1.0
288035,  -1.8,   1.1,  -0.3,  77.6,  17.5,1005.2,  -3.1,   1.0
288055,  -1.9,   1.1,  -0.8,  94.9,-106.8,1115.1,  -3.2,   0.9
288079,  -0.4,   1.1,  -0.3,  29.5,-125.8,1190.3,  -3.1,   1.0
288107,   0.7,   0.3,   0.3,  18.3, -15.2,1009.4,  -2.9,   0.9
288131,  -0.6,   1.0,  -0.5, -32.7, -65.5,1164.4,  -2.9,   0.9
288155,   0.8,  -0.6,  -0.4, -17.9, -53.3,1214.5,  -3.1,   0.9
288179,  -2.5,  -1.5,  -2.1, -28.1,-103.4,1053.8,  -3.3,   1.1
288207,  -1.3,  -1.0,  -0.3, -40.1, -41.6, 953.7,  -3.3,   1.2
288231,  -0.8,  -0.5,  -0.8, -38.4, -15.7, 940.3,  -3.3,   1.1
288255,  -2.2,   0.4,   0.1,  68.3, -86.0,1116.6,  -3.3,   0.8
288279,  -0.3,   0.1,   0.2, -29.6,  45.8, 895.1,  -3.1,   0.8
288307,   3.5,   2.8,   0.0,-114.5,-289.7, 872.4,  -3.5,   1.2
288331,   0.8,  -0.0,  -1.1, -94.5,-250.3,1066.8,  -4.3,   1.2
288355,   3.5,   0.1,  -3.1, -21.8, -20.1, 905.6,  -3.8,   0.8
288379,   1.9,   1.2,  -3.0,  69.8,  -2.3, 915.4,  -3.5,   0.2
288407,   2.5,   1.3,  -3.6,-120.6, -12.1, 962.7,  -2.9,   0.7
288431,   0.7,   0.6,  -2.3, -32.3,-141.2,1191.3,  -2.8,   0.7
288455,   0.4,   3.9,  -1.7,-189.7,-190.0, 822.1,  -3.0,   0.7
288483,  -0.5,  -1.9,  -1.2,  17.8,-156.1,1177.3,  -3.4,   0.6
288507,   0.5,  -0.3,  -1.8,  38.1,  47.5, 929.8,  -3.2,   0.4
288535,   1.1,   2.4,  -3.2, -89.1,-118.5,1072.1,  -3.2,   0.5
288558,   1.0,   0.1,  -2.4, -78.6,-120.5, 975.7,  -3.3,   0.5
288582,  -1.1,  -1.8,  -0.7,  30.5, -37.2,1014.0,  -3.2,   0.5
288606,   1.5,  -0.3,  -0.1, -24.7, -29.6, 986.9,  -3.4,   0.4
288630,   1.1,   0.5,   0.0,  39.3, -81.4, 985.0,  -3.2,   0.4
288658,   4.5,  -1.4,  -0.3,  32.4,  32.4, 849.0,  -3.0,   0.5
288682,   5.0,   1.6,  -1.9, -40.3,  27.5, 847.3,  -3.0,   0.5
288706,   0.4,   1.3,  -1.1,  16.6,  18.7,1148.3,  -2.9,   0.3
288730,  -0.7,  -1.2,  -0.6,  54.7, -37.7,1005.5,  -2.8,   0.3
288758,  -1.6,   0.7,  -0.7,  79.1, 177.4, 934.9,  -2.1,   0.3
288782,   1.8,   3.4,   0.6,-380.4, -31.8, 678.8,  -2.1,   1.0
288806,  -3.9,   2.4,   0.0,-231.7,-368.5,1308.5,  -3.0,   0.8
288830,  -2.0,   0.8,   1.1,   3.4, -56.0,1132.2,  -3.0,   0.6
288858,   1.5,   0.2,  -1.2,  19.7,  -7.7, 999.6,  -2.6,   0.6
288882,   1.0,  -2.5,  -1.1, -39.3, -87.3, 901.5,  -2.3,   1.2
288906,   0.5,   0.4,  -0.1,-129.2, -93.1, 952.0,  -2.5,   1.1
288930,  -1.1,   3.0,  -0.4,-210.7, -48.0, 630.5,  -2.8,   1.3
288958,  -1.8,  -1.7,  -0.6, -18.1,-183.2,1305.3,  -3.0,   1.1
288982,   1.1,  -0.2,  -0.5,-109.9,  97.8, 824.6,  -2.7,   1.1
289006,   0.9,  -2.3,  -1.1,  93.2,-121.7,1207.6,  -2.6,   1.0
289034,   2.0,   2.9,  -0.6,-119.4,-160.5,1043.8,  -2.6,   1.2
289058,   0.4,  -3.7,  -0.8,  40.7,-134.6,1085.1,  -2.6,   1.5
289082,   1.4,  -0.5,  -1.7,   3.4, -65.0,1045.0,  -2.7,   1.4
289106,   0.2,   1.2,  -3.4,   5.3,  -6.5,1009.9,  -2.7,   1.1
289130,   0.9,  -0.7,  -2.7,  46.8,   9.2,1004.5,  -2.7,   1.1
289158,   1.4,  -1.2,  -2.2, -54.7,-103.1, 990.1,  -2.8,   1.0
289182,  -0.7,   1.4,  -2.2, -94.8, -53.1, 969.1,  -2.4,   0.8
289206,  -2.0,  -0.6,  -1.5,  -9.1, 131.7, 935.4,  -1.7,   0.8
289230,   1.3,  -1.7,   0.4, 188.0,-171.2, 839.5,  -2.3,   0.8
289258,   2.2,   6.2,  -0.9, -52.3, 109.5, 785.5,  -3.0,   0.6
289282,   1.6,   2.8,  -3.6,-121.1,  69.0, 927.8,  -2.6,   0.6
289306,   1.3,  -2.2,  -4.0, 151.1, -38.4,1168.1,  -1.7,   0.7
289330,   1.4,  -1.0,  -1.7, -62.8,-160.7,1117.5,  -1.9,   1.0
289358,  -1.6,  -1.4,  -1.4,  57.1, -65.8, 880.0,  -2.1,   0.9
289382,  -2.8,  -0.6,  -0.8, 159.4,-107.0,1046.2,  -2.2,   0.6
289406,  -2.0,   0.5,  -1.7,  92.7, -19.9,1259.4,  -2.2,   0.5
289430,  -0.3,  -2.7,  -1.4,  60.8,  11.1,1072.4,  -2.1,   0.7
289458,   1.4,   6.1,  -2.0,-293.7, -29.2, 822.4,  -2.0,   0.6
289482,   1.0,   1.2,  -0.9,  23.6,  -7.9, 889.8,  -2.2,   0.5
289506,   4.1,   1.5,  -0.1, 197.5, 101.7,1040.1,  -1.9,   0.3
289534,   1.0,   1.9,   1.4, -39.3, -52.1, 998.1,  -1.8,   0.4
289558,  -3.3,  -2.2,   1.4,  28.3,-111.2,1075.3,  -1.7,   0.7
289582,  -1.5,   3.4,  -0.1,-189.7, -65.8, 857.5,  -1.8,   0.9
289606,  -2.4,   1.0,  -0.1, -21.5, -44.8,1138.3,  -1.7,   0.7
289634,  -4.8,  -2.8,  -1.7, -86.2, -48.9,1287.9,  -1.5,   0.9
289658,  -3.6,   3.2,  -1.1, -37.1,-315.0,1421.2,  -2.5,   0.8
289682,  -2.1,   5.0,  -1.5,-171.9, -36.7, 950.3,  -2.8,   0.7
289706,  -1.4,  -0.9,  -2.2, -26.6, -76.0,1114.4,  -2.3,   0.9
289734,  -0.1,   2.0,  -0.6,-138.7, -26.7, 800.6,  -2.4,   1.0
289758,  -2.9,   1.7,  -0.9,-159.5,-152.7, 863.9,  -2.6,   1.1
289782,  -5.6,  -0.9,  -2.8,  62.7,-271.3,1284.5,  -3.3,   0.7
289806,  -3.5,  -0.2,  -3.2, -10.0, 175.9, 712.7,  -3.2,   0.8
289834,  -1.4,   2.7,  -4.3,-230.0,-166.9, 983.5,  -3.6,   0.7
289858,   1.4,   0.7,  -2.6, -39.6,  -2.8, 847.8,  -3.4,   0.6
289882,   0.5,  -0.4,  -2.8,  13.4, -81.2,1017.7,  -3.4,   0.5
289906,   1.6,   0.5,  -0.2, 123.3,  52.9,1031.6,  -3.5,   0.5
289934,  -1.0,   0.6,  -3.0,  -9.6,-132.9, 982.5,  -3.4,   0.7
289958,  -1.8,  -2.5,  -1.7,-111.6,-190.5,1084.8,  -3.6,   1.0
289982,  -2.2,   1.7,  -3.7,-211.0,-131.9, 998.6,  -3.9,   0.8
290006,  -0.5,  -0.9,  -2.1,  48.8, -38.9, 974.0,  -4.0,   0.6
290034,  -0.4,  -1.7,  -2.5,   1.9,  26.5,1081.2,  -3.9,   0.5
290058,  -3.6,  -4.8,  -3.9,  -4.4,  14.8, 873.4,  -3.4,   0.8
290082,  -4.5,  -2.9,  -0.8,-225.9,-408.8, 822.1,  -4.0,   1.0
290106,  -3.7,   0.5,   1.0, -44.7,-270.4,1041.4,  -5.2,   0.5
290134,   0.8,   1.3,  -0.4,  19.0,   2.3,1098.5,  -4.8,   0.4
290156,   4.7,   3.1,  -1.9, -71.3,  41.4, 830.7,  -4.1,   0.4
290184,   2.7,  -1.0,  -0.5, -54.5, -48.9,1052.1,  -3.7,   0.8
290208,   1.3,  -3.2,   0.3,  28.5,-204.0, 883.4,  -4.1,   0.9
290232,  -2.3,  -2.8,  -0.4,  33.4,-162.5,1025.5,  -4.4,   0.7
290256,  -3.0,   0.5,  -1.4, -69.1, -49.4, 976.7,  -4.5,   0.5
290284,   0.6,  -1.3,  -1.1,  21.9,  45.8,1008.4,  -4.3,   0.4
290308,   2.1,   2.2,  -0.8,-183.6, -20.9, 792.8,  -4.2,   0.6
290332,   1.6,   2.4,  -2.5,-178.3,-106.1, 957.4,  -4.1,   0.5
290356,   1.0,   2.5,  -0.9,-170.4, -17.4, 817.5,  -3.9,   0.7
290384,   2.2,  -0.3,  -1.1,  15.3, -16.7, 943.7,  -3.8,   0.3
290408,   1.5,  -3.2,  -0.0,  96.9,  49.5, 834.1,  -3.5,   0.5
290432,  -1.1,   1.4,  -0.8, -89.9,-112.2,1054.8,  -3.3,   0.5
290456,  -0.3,   1.9,   0.0, -92.1,-144.9, 977.9,  -3.2,   0.5
290484,   0.5,  -3.3,   1.0, 104.9,  18.2,1016.5,  -3.0,   0.7
290508,  -1.3,  -4.3,   1.0, 102.8,  58.5, 829.2,  -2.4,   0.7
290536,   4.4,   6.4,   1.0,-178.3,-332.1,1113.6,  -2.6,   1.0
290556,   4.6,   2.1,   0.6, -71.8,  49.9, 899.0,  -2.6,   1.1
290584,   4.6,  -3.0,  -0.1,  94.2,  95.6,1010.8,  -1.6,   1.0
290608,   2.6,  -2.0,   0.2,  63.0, -20.6,1177.3,  -0.9,   1.4
290632,   1.6,   0.7,   1.1, -26.2,-125.1, 926.9,  -1.3,   1.3
290656,  -1.9,   0.8,   0.2,  29.0,-117.5, 972.5,  -2.1,   1.0
290684,  -1.7,   1.8,   0.2, 125.5, -94.8,1068.2,  -2.2,   0.8
290708,  -0.6,  -0.5,   0.8, -19.8, -14.5, 981.1,  -1.9,   1.0
290732,  -0.7,  -2.8,   2.5, -39.3,-118.5,1055.3,  -1.7,   1.3
290760,   0.8,   0.5,   1.1, -28.1, -73.6, 836.0,  -1.9,   1.1
290784,  -0.2,  -1.6,   1.0, 109.1, -56.0,1083.6,  -2.1,   1.0
290808,   1.9,  -1.0,   1.5,  -9.1,  39.7, 879.7,  -2.0,   1.0
290832,   2.7,  -3.1,   0.8,  30.5, -50.2,1192.5,  -1.7,   1.4
290860,  -1.0,  -1.0,  -0.9,-167.5, -73.6,1142.7,  -2.0,   1.4
290884,   0.5,   0.4,  -1.5, -26.9,   7.0,1030.4,  -1.7,   0.9
290908,  -1.5,  -2.0,  -0.7, 155.5,  -7.2,1110.5,  -1.5,   0.7
290932,  -3.0,   3.1,  -0.9,-231.0,  56.3, 858.3,  -1.3,   0.9
290960,  -5.4,  -3.5,   2.5,  73.9,-193.7,1183.2,  -1.7,   1.1
290984,   0.2,  -0.3,   3.3, 128.9,-131.7,1195.7,  -2.5,   0.8
291008,   2.0,  -0.4,  -0.0, 140.1, -16.0,1050.2,  -1.9,   0.7
291036,   3.8,  -2.1,  -0.8,  60.0,-142.9,1186.6,  -1.9,   0.6
291060,   0.3,  -3.4,  -1.3,  65.6, -71.1, 889.8,  -2.0,   0.8
291084,  -1.5,  -6.0,  -0.2,  98.1,-106.3,1061.6,  -2.2,   0.6
291108,  -2.0,   2.1,  -1.1,   0.5, -10.4, 996.4,  -2.5,   0.1
291132,  -2.2,  -2.3,  -0.9,  66.9, -64.1,1181.7,  -2.5,   0.2
291160,   1.1,  -2.0,   0.3, 113.5, -81.2,1019.1,  -2.5,   0.2
291184,   2.8,  -2.7,   0.6,  79.8, -13.5,1026.7,  -2.4,   0.3
291208,   3.0,  -0.7,  -1.2,  16.8,  16.7, 987.7,  -2.5,   0.3
291232,   1.4,  -0.7,  -3.4, 130.6,-101.7, 866.1,  -2.7,   0.4
291260,   1.3,  -0.7,  -4.7, -68.1, -96.1, 899.0,  -2.9,   0.4
291284,  -2.7,  -5.7,  -3.4,  31.0, -87.8,1103.6,  -2.9,   0.5
291308,   2.9,  -3.0,  -2.6,  29.0, 138.1, 829.4,  -2.8,   0.3
291332,   0.1,   0.1,  -2.8, -58.4, -39.7,1004.7,  -2.7,   0.3
291360,  -2.8,  -2.9,  -1.6, -33.5,-110.2,1324.1,  -2.0,   0.3
291384,   2.6,   6.1,  -1.0,-248.6,-266.5, 873.9,  -3.3,   0.2
291408,  -0.6,   3.1,  -1.8,  18.5,   0.1,1094.6,  -3.4,  -0.2
291432,   1.6,  -2.4,  -2.1, 109.8, 238.2, 956.6,  -2.3,  -0.0
291460,  -1.8,  -0.7,  -2.2,-113.8,-202.7,1129.3,  -2.1,   0.4
291484,  -0.2,  -1.7,  -1.7, -64.0, -43.6, 906.4,  -2.2,   0.5
291508,  -1.7,  -1.5,  -0.5,  75.9,  46.8, 983.0,  -2.4,   0.4
291536,  -2.0,   1.6,  -1.9, -67.4,-102.4, 995.5,  -2.5,   0.5
291560,  -0.9,   2.4,  -2.2,-149.9, -70.4,1170.5,  -2.3,   0.6
291584,  -0.4,  -1.3,  -0.8,  44.6, -27.0, 952.3,  -2.2,   0.5
291608,   2.3,  -4.3,  -1.7,  46.4,  54.6, 859.5,  -2.4,   0.6
291632,  -2.3,   1.3,  -0.6, 141.8, -26.2,1085.6,  -2.3,   0.5
291660,  -4.5,  -5.6,   0.2, -58.6,-143.7,1030.4,  -2.1,   1.2
291684,   0.1,  -2.3,   1.3,  98.8, 102.7, 847.3,  -2.3,   1.0
291708,  -1.0,  -1.7,   0.3, 195.5,  34.8,1131.9,  -2.4,   0.9
291732,  -1.7,   2.0,  -2.3, -48.4, -77.5,1065.5,  -2.7,   1.0
291758,  -2.1,  -3.9,  -2.2,   5.3,  26.8, 970.6,  -2.2,   0.9
291782,  -3.1,  -3.6,  -3.3,   0.5,  15.0, 986.7,  -2.1,   0.8
291810,  -6.8,   1.2,   0.1, -47.2,-395.6,1037.7,  -2.8,   0.6
291834,   2.0,   3.5,  -2.8,-199.3, -98.2, 940.8,  -3.4,   0.6
291858,   0.9,  -2.6,  -2.5,  64.7, 130.0, 945.2,  -2.7,   0.8
291886,   2.5,  -0.7,  -4.5,-242.2, 174.7, 625.8,  -2.0,   0.7
291910,  -2.1,  -0.7,  -5.0,-144.3,  -4.3,1008.2,  -2.3,   0.8
291934,  -3.6,  -1.8,  -5.9, 174.5,-126.3, 954.2,  -2.9,   0.3
291958,  -0.3,   2.2,  -5.5, -26.6, -23.5, 988.1,  -3.2,   0.2
291986,  -2.9,   1.9,  -4.7,-104.0, -37.0,1046.5,  -2.9,   0.3
292010,  -1.8,  -1.7,  -5.5,  96.9,-127.8,1063.8,  -2.8,   0.2
292038,   1.1,   1.4,  -7.2,-167.8, -23.8, 669.5,  -2.8,   0.5
292058,   3.1,   3.7,  -8.7, -43.0,-112.4, 958.6,  -2.8,   0.3
292086,   1.3,  -3.4, -10.5,  60.5,  67.8, 845.1,  -2.9,   0.2
292110,  -0.5,  -4.1,  -9.0,  80.8, -69.0,1158.1,  -3.2,   0.1
292134,  -1.7,  -1.2, -10.2, -62.0,-128.0, 954.2,  -3.1,  -0.3
292158,  -1.8,  -1.8, -10.8, -29.6, -35.5,1133.2,  -3.0,  -0.2
292186,  -1.1,  -4.9, -10.6, 151.1, 113.9, 997.4,  -2.8,  -0.4
292210,  -2.7,  -0.4,  -8.6, 175.7, -74.8, 957.9,  -2.7,  -1.0
292234,  -4.3,  -0.6,  -4.9, -39.6,  11.6, 905.1,  -2.9,  -0.7
292258,  -5.2,  -3.4,  -3.1,-118.9,-224.5,1230.6,  -2.9,  -0.2
292286,   2.6,   0.4,  -2.8, 148.9,   8.0,1020.6,  -3.4,  -0.5
292310,   1.5,   2.9,   0.0, -61.1, -44.0, 910.7,  -3.2,  -0.2
292334,   0.8,   3.4,   2.1,-272.5,-143.4, 984.5,  -3.2,   0.4
292358,  -2.3,   3.3,   1.4,-127.7,-122.4,1147.6,  -2.9,   0.5
292386,   0.0,   7.8,   1.9,-125.8,-219.8,1150.5,  -3.3,   0.6
292410,  -1.2,  -1.4,   2.7,  60.8, -44.0,1064.8,  -3.4,   1.0
292434,   0.9,   0.5,  -0.2, -49.3, -21.3, 927.6,  -3.2,   1.3
292458,   1.4,  -1.0,  -2.0, -48.1, -22.6, 974.5,  -3.2,   1.4
292486,   3.2,   2.2,   2.4,-134.8,  11.1, 849.7,  -3.3,   1.0
292510,   1.6,   1.9,   4.4, -47.9, -48.2, 870.5,  -3.2,   0.9
292538,   0.5,  -1.9,   8.1,  27.1, -12.1, 840.4,  -3.1,   0.8
292558,  -0.5,  -1.4,   7.5,   9.0,  50.7,1070.7,  -2.9,   0.9
292586,  -1.7,   0.6,   6.1,-111.1, -78.5,1001.6,  -2.9,   1.0
292610,   1.1,   0.5,   6.1,  85.4, -83.8, 844.1,  -3.2,   0.4
292634,  -2.4,   2.9,   6.7,  84.9,  -0.6, 987.7,  -3.3,   0.1
292658,  -1.1,   4.0,   3.9,-160.9,-233.7,1609.7,  -3.4,   0.4
292686,   4.6,   0.1,   6.1, -78.4,-161.5,1058.5,  -3.4,   1.2
292710,   1.4,  -0.1,   6.0,   3.1, -81.9,1069.7,  -2.5,   1.2
292734,   1.1,   0.1,   6.9,  52.5,-241.1,1279.6,  -2.2,   1.0
292758,   4.6,   2.7,   8.0, -60.3,-166.4, 880.0,  -2.2,   1.2
292786,  -0.5,  -1.5,   9.4,  51.7,-116.3,1298.7,  -2.2,   1.1
292810,   3.3,  -0.1,  10.0,  51.7,   0.4,1091.2,  -2.1,   1.5
292834,   0.2,  -0.4,   8.2,  -4.4, -93.6,1236.4,  -1.8,   1.7
292858,   3.3,  -4.0,   8.8, -58.6, -51.6, 640.7,  -1.9,   1.8
292886,   2.5,  -2.6,   9.2, -50.3,-155.4,1126.1,  -2.2,   1.7
292910,   4.1,  -2.1,   8.3, -76.4, -46.0,1000.6,  -1.9,   1.7
292934,   4.4,   4.1,   9.3,-204.1,  -7.2, 849.0,  -1.6,   1.8
292958,   4.0,   4.1,   6.6,-171.2, -79.5,1063.8,  -1.6,   1.8
292986,   0.4,   3.6,   6.3,-164.3,-148.5,1085.3,  -1.8,   1.8
293010,  -1.2,   1.0,   6.6, -31.8, -17.4, 945.2,  -1.6,   1.5
293038,  -3.6,  -0.4,   4.7,  55.6,  45.8,1139.5,  -1.7,   1.5
293062,  -0.6,   1.9,   6.8,   9.0,-277.9,1144.9,  -2.2,   1.7
293086,  -1.7,  -0.8,   7.3, -93.8,  48.7, 858.5,  -2.2,   1.7
293110,  -2.3,  -1.0,   7.8, -45.9, -74.6, 994.0,  -2.1,   1.5
293134,   2.6,   1.6,   8.3,-154.1,  81.0, 813.8,  -1.9,   1.6
293162,  -2.0,  -4.1,   9.2, 116.7, -59.4,1262.1,  -1.8,   1.7
293186,  -2.7,   0.7,   8.4, -30.6, -76.5,1053.8,  -1.7,   1.5
293210,  -1.7,   2.7,   8.5, -36.7,-180.0,1153.2,  -1.9,   1.5
293234,  -1.7,   0.1,   8.7, -26.9,   5.3,1055.8,  -2.0,   1.7
293262,   0.8,   3.2,   9.4,-117.0, -76.5, 909.0,  -1.8,   1.5
293286,  -0.4,   1.9,   9.5,-349.4,-162.9,1172.7,  -1.4,   2.0
293310,  -2.0,   5.2,   7.7,-280.1,-237.9,1058.9,  -1.6,   2.0
293334,  -1.1,   4.8,   5.8,-285.4,  31.6, 982.3,  -1.4,   2.0
293360,  -3.4,  -2.4,   9.6, 199.4, -72.9,1092.6,  -1.8,   1.4
293384,  -4.5,   1.9,   8.2,   4.1,  13.6, 869.7,  -1.5,   1.5
293412,  -5.7,   4.0,   6.8,-112.8, 126.1, 736.9,  -1.1,   1.6
293436,  -0.8,  15.9,   7.2,-979.3,-290.4, 684.2,  -1.3,   2.1
293460,  -2.8,   2.3,   6.4, -71.3, 109.0, 957.4,  -2.1,   1.7
293484,  -1.2,  -1.4,   5.5,-130.6,  18.0,1034.3,  -1.7,   1.9
293512,  -5.1,  -4.5,   4.5, 169.6,-367.0,1218.9,  -1.7,   1.3
293540,  -3.6,   5.1,   1.6,-209.0,-201.8,1134.6,  -2.0,   1.6
293560,  -1.5,   4.9,  -0.6,-159.5, -38.7,1056.7,  -1.7,   1.6
293584,  -1.5,  -3.0,  -0.3,-180.5,  69.0, 671.2,  -1.4,   2.0
293612,  -2.4,  -2.8,  -0.2, 112.3, -40.9, 916.1,  -1.7,   1.4
293636,  -3.7,   2.1,  -0.6,  17.8,-121.7, 990.6,  -2.3,   1.0
293660,  -7.1,   2.8,  -3.6, 126.4,-316.0,1738.9,  -2.7,   0.6
293684,   0.6,   1.3,  -4.7,  54.9,  18.0, 794.5,  -2.8,   0.8
293712,   1.0,  -0.4,  -6.0,-103.5, -88.7, 631.0,  -3.1,   0.9
293736,  -3.7,  -2.8,  -8.0,  60.8,-214.7,1125.1,  -3.6,   1.0
293760,   0.2,  -1.6,  -8.0, -25.4, -53.8, 900.7,  -3.9,   0.7
293784,   1.2,   1.0,  -5.2,  58.6, 121.0, 844.8,  -3.4,   0.4
293812,   0.0,   1.9,  -4.2,-135.8, 108.5, 767.2,  -2.7,   0.7
293836,  -1.9,   0.5,  -3.5,-167.3,-290.9,1087.5,  -2.7,   0.8
293860,  -2.0,  -2.8,  -5.0,  10.0,-330.7,1133.9,  -3.5,   0.8
293884,   1.8,  -2.3,  -4.9, 163.8,  18.2, 847.3,  -3.5,   0.4
293912,  -1.2,   5.1, -10.3,-215.4, -43.6,1065.8,  -3.7,   0.1
293936,   1.9,  -3.7, -10.4,  67.1,  97.6, 879.5,  -2.9,   0.7
293960,  -3.1,  -8.5,  -9.3, 183.3,-168.3,1235.9,  -3.1,   0.8
293984,  -2.2,  -3.3, -10.8,-109.4, -94.8,1026.0,  -3.2,   0.6
294012,  -2.4,  -1.8,  -9.2,-182.2,-138.5,1050.6,  -3.6,   0.4
294040,  -0.3,  -1.7,  -7.7,  52.2,  84.1,1038.4,  -3.4,   0.2
294060,  -1.1,  -1.9,  -5.8, 155.5,-181.7,1219.6,  -3.3,  -0.0
294084,   2.4,   2.4,  -7.0, -66.2, -48.9, 805.8,  -3.2,  -0.1
294112,   4.5,   4.7,  -6.6, -98.2,  39.9,1038.2,  -2.9,  -0.1
294136,   1.7,  -4.6,  -8.3,  23.6,   7.7, 964.5,  -2.6,   0.5
294160,  -1.5,  -5.0,  -8.6, -62.0,-165.1,1018.9,  -2.9,   0.6
294188,  -1.3,   2.1,  -8.0,-239.0, -13.3, 783.1,  -2.9,   0.3
294212,  -2.9,  -1.5,  -5.3,-185.8, -19.4, 957.4,  -2.7,   0.4
294236,  -1.1,  -2.3,  -4.8,-347.0,  11.1, 656.4,  -2.2,   0.9
294260,   2.6,   3.8,  -4.9,-169.7,-304.5,1009.4,  -3.3,   0.6
294288,  -0.4,  -2.4,  -3.9, 124.7, -52.6,1051.1,  -3.3,   0.4
294312,   2.3,  -1.5,  -5.1,-216.3,  51.9, 902.0,  -2.8,   0.8
294336,   4.0,   0.1,  -5.1,-246.1, -29.9, 772.8,  -2.5,   1.1
294360,  -1.7,  -2.1,  -3.9,  59.8, -56.3,1183.7,  -2.5,   0.7
294388,  -0.0,   3.0,  -4.5,-132.4,  11.4, 834.3,  -2.5,   0.7
294412,  -1.0,  -0.1,  -3.5, -17.6,  57.8, 986.4,  -2.6,   0.6
294436,  -3.8,  -1.8,  -2.1,  94.4, -40.9,1118.0,  -2.8,   0.6
294460,  -0.6,   0.6,  -2.2,-102.1,  -0.8, 974.2,  -2.5,   0.7
294488,   1.4,  -0.4,   0.2, -82.3,  40.2, 679.5,  -2.3,   0.9
294512,  -4.2,  -1.0,  -0.8, -39.1,-179.1,1223.5,  -2.4,   0.6
294540,  -4.1,  -0.1,   0.4, -15.2,-139.0,1130.5,  -2.6,   0.6
294560,  -2.8,  -0.4,   0.5, -62.8,-106.8,1073.8,  -2.6,   0.7
294588,  -1.0,  -1.0,   0.6,-108.7,  64.6, 909.0,  -2.0,   0.9
294612,  -5.0,   1.5,  -2.3,  68.3,-123.4,1061.1,  -1.6,   0.5
294636,  -1.4,   2.2,   1.1, 173.1,-467.4,1683.5,  -3.3,   0.3
294660,   2.2,   2.6,   0.3,-189.2, 101.0, 854.6,  -2.9,   1.0
294688,   2.7,  -1.7,   2.5,-131.1,  23.3, 826.5,  -1.7,   1.3
294712,   0.8,   0.4,   3.0,  -2.5,-103.9,1192.5,  -1.7,   1.2
294736,   1.6,  -4.5,   5.0,-128.5,-206.9, 829.9,  -2.0,   1.8
294760,  -0.2,  -2.5,   2.8,   2.7,-107.3, 938.8,  -2.4,   1.3
294788,  -0.1,   0.3,   2.4, -61.3, -55.3,1045.3,  -2.6,   1.0
294812,  -0.4,   1.0,   2.5,  94.7, -74.3,1229.8,  -2.4,   0.8
294836,   0.2,  -2.2,   4.0,-140.9, 189.3, 712.7,  -1.6,   1.6
294860,   1.1,   1.6,   2.7,-221.0, -23.3,1055.0,  -2.0,   1.5
294888,  -3.6,   3.0,   3.3, -83.3,-203.7,1165.6,  -2.0,   1.1
294912,   0.2,   3.2,   3.3, -67.9,  95.8, 789.4,  -2.2,   1.1
294936,  -4.2,  -0.6,   2.8,-276.2,-113.6,1369.0,  -2.2,   1.3
294962,  -0.4,  -4.3,   6.1, 237.3, -89.5,1448.8,  -3.1,   0.7
294986,   2.5,   1.6,   5.0, -15.7,  12.3, 895.4,  -2.9,   0.6
295010,   0.5,  -0.4,   1.0,  34.1,-209.8,1447.4,  -2.7,   0.9
295038,   0.5,  -1.6,  -0.8,  81.3,-115.8,1138.8,  -2.8,   0.8
295062,   2.2,   4.4,  -3.9,-124.1,-356.1, 980.3,  -4.2,   0.6
295086,  -1.2,  -1.7,  -4.4, 102.5,-137.3, 979.1,  -4.3,   0.5
295110,   2.9,  -3.2,  -3.6, 108.6,  67.8, 915.4,  -4.2,   0.2
295138,   4.9,  -4.7,   1.3, 278.0,  97.3,1009.9,  -2.9,   0.2
295162,   8.4,  -2.9,   1.8,-180.2, -17.4, 917.1,  -2.4,   1.0
295186,   2.2,   0.7,  -2.6,-163.1,-177.4,1022.1,  -3.2,   0.6
295210,   3.3,   1.0,  -2.1,-110.1,-111.9, 594.3,  -3.9,   0.3
295238,  -1.4,  -4.2,  -0.9,  42.4, -53.1, 931.7,  -4.2,   0.3
295262,  -1.5,   2.2, -10.9, -14.7, -69.2,1053.6,  -4.3,  -0.3
295286,   2.9,  -7.0, -11.7, 204.3,  14.8, 842.9,  -4.5,   0.2
295314,   0.6,  -5.6, -11.7, 642.5,-151.7,1326.8,  -5.1,  -0.5
295338,   3.3,  -1.5, -12.2,  13.2,   2.8, 904.2,  -5.1,  -0.1
295362,   1.1,  -0.9, -10.2,  90.5, 167.4,1005.7,  -4.3,  -0.1
295386,   1.4,  -0.8,  -8.0,  61.2, -79.2, 879.7,  -4.2,  -0.1
295414,  -2.9,  -5.0,  -6.7, 153.0,-169.0,1065.5,  -4.7,  -0.0
295438,  -2.6,   0.2,  -7.0, 108.9,-185.4,1222.0,  -4.8,  -0.3
295462,   0.8,   4.0, -10.5,-130.2, -22.1, 994.2,  -5.0,  -0.5
295486,   0.1,  -2.9,  -7.8, 173.3,  80.5, 939.3,  -4.7,  -0.4
295514,   1.6,  -1.8,  -8.7,  31.7,-133.6, 924.7,  -5.1,  -0.2
295542,   0.7,  -0.6,  -9.4,  61.0,-167.8,1144.6,  -5.2,  -0.3
295562,   1.0,   2.4,  -7.0, -35.9, -25.7,1098.5,  -4.9,  -0.4
295586,   0.2,  -0.4,  -8.2,-196.1,-124.4, 959.8,  -4.7,   0.3
295614,  -0.8,  -3.9,  -6.4,  57.6, 101.2, 869.0,  -4.7,   0.4
295638,  -3.2,  -3.5,  -9.8, -66.4,-104.4,1102.6,  -4.8,   0.6
295662,  -1.2,   3.6,  -8.4,-118.9, -64.6, 855.8,  -4.9,   0.2
295686,  -1.3,   1.1,  -6.2,  97.9,-134.9,1206.4,  -4.6,  -0.2
295714,   0.3,   1.5,  -3.6,-156.8,-371.7,1215.2,  -4.5,   0.6
295738,   5.4,  -0.9,  -3.3, -53.3,-265.5,1171.2,  -5.1,   0.8
295762,   3.9,   0.2,  -3.4,  -3.9,  36.8, 874.9,  -4.5,   0.6
295786,   2.4,  -1.5,  -2.4,  36.6,  -3.5,1063.3,  -4.1,   0.4
295814,  -0.9,  -1.7,  -3.6,  30.0, -51.6,1029.4,  -3.7,   0.5
295838,   0.0,  -2.1,  -0.2,   0.2, -36.5, 993.5,  -3.7,   0.6
295862,  -0.8,  -1.4,  -0.8, 108.4, -26.0,1058.5,  -3.7,   0.6
295886,  -1.4,  -0.6,   0.0, -47.4, -17.2,1000.1,  -3.6,   0.7
295914,   2.0,  -1.5,   2.1,  88.1,  73.6, 923.0,  -3.4,   0.6
295938,   1.0,  -1.2,   1.5,  21.7, -78.0,1053.1,  -3.3,   0.7
295962,   0.8,   1.7,   1.4, -56.2, -61.1, 968.9,  -3.3,   0.9
295986,   0.2,   0.6,   1.5,  -3.2, -66.3,1049.2,  -3.2,   0.9
296014,  -1.7,   0.7,   1.8,  73.7,-196.4,1203.0,  -3.1,   0.8
296042,  -2.8,   0.3,   3.2,  36.3,-183.2,1169.8,  -3.3,   0.7
296062,  -1.8,  -2.8,   2.8,  -9.3, -73.1,1042.6,  -3.3,   0.9
296086,  -1.8,  -1.5,   2.3,  -3.2,-176.6,1118.3,  -3.4,   1.0
296114,   0.2,  -2.7,   3.5,  14.6,  32.1, 954.2,  -3.2,   1.0
296138,  -0.6,  -1.7,   2.4,-139.2,  37.0, 859.5,  -2.8,   1.2
296162,  -0.5,  -4.0,   2.6, 104.5, -40.1,1034.0,  -2.7,   0.9
296186,  -0.2,  -1.6,   4.4, 126.7, -49.4, 951.5,  -2.7,   0.5
296214,  -3.1,  -5.0,   5.2, 143.5, -45.8,1119.5,  -2.9,   0.8
296238,   4.2,   2.4,   2.5,-147.7, -65.8, 871.2,  -3.2,   1.0
296262,   2.7,   0.4,   3.3,  11.2, -52.6,1113.1,  -2.3,   0.8
296286,   3.3,  -2.3,   3.1, -19.6, 100.7, 843.1,  -1.8,   0.9
296314,  -2.0,   1.8,   3.5, -40.3,-205.2,1026.5,  -1.8,   0.9
296338,  -1.0,  -0.3,   3.3,  32.2,-105.8,1042.6,  -1.9,   0.8
296362,  -1.5,   0.4,   3.0, -19.6, -50.9,1029.4,  -2.0,   0.8
296390,   0.5,   0.5,   5.3, -48.6, -45.3,1048.9,  -2.0,   0.9
296414,   0.8,   1.6,   3.9,-231.2,  62.2, 754.0,  -1.6,   1.1
296438,   0.1,   0.1,   3.8, -66.2, -23.8,1036.0,  -1.4,   1.0
296462,   1.0,   2.9,   4.4, 185.8, 226.2,1069.0,  -1.4,   0.6
296490,  -4.0,   1.8,   2.8,  62.2,-201.8,1101.7,  -1.8,   0.9
296514,  -3.9,  -0.0,   4.1,   0.9,-105.1,1028.7,  -2.0,   0.9
296542,  -3.5,  -2.0,   4.4,  23.9,  50.9,1002.8,  -2.0,   0.8
296565,  -3.1,  -1.0,   4.7,  57.3, -30.4,1218.1,  -2.1,   0.9
296589,  -0.2,   1.4,   3.6, -89.9,-165.6, 821.4,  -2.4,   0.8
296613,  -3.6,  -0.2,   2.4,  29.5,-134.6,1089.2,  -2.4,   0.7
296637,  -4.8,   0.5,   5.4, 204.6,-183.2,1081.9,  -2.5,   0.4
296665,   3.0,   8.4,   4.7,-235.9,-159.8, 851.2,  -3.9,   0.6
296689,   4.2,   3.5,   2.5,-210.2, 179.1, 847.0,  -3.2,   1.1
296713,   4.1,  -0.1,   2.8,  13.6, 118.8,1031.4,  -1.9,   0.9
296737,   1.6,  -1.7,   2.4,-177.8, -43.3, 818.2,  -1.7,   1.1
296765,  -0.4,   0.5,   4.1,  75.9,-193.0,1117.3,  -2.6,   0.8
296789,  -5.3,   0.4,   3.0, 131.1,-158.3,1250.8,  -2.7,   0.4
296813,  -2.1,   1.6,   1.4,-112.3, -24.8,1019.1,  -2.7,   0.6
296837,   1.1,   3.5,   2.4, -55.7,  17.0,1033.1,  -2.4,   0.5
296865,  -0.9,  -3.1,   3.5, 124.7,-128.0,1192.5,  -2.4,   0.8
296889,   1.6,   2.0,   2.4,-107.5,-184.4,1066.0,  -2.8,   0.9
296913,   0.5,   1.2,   2.1,-138.7, -68.0, 995.7,  -2.7,   0.8
296937,  -0.3,  -1.1,   0.5, -49.3,  19.2,1010.8,  -2.6,   0.9
296965,  -1.2,   1.8,   0.5,  58.3, -57.5, 953.2,  -2.8,   0.7
296989,   0.2,  -0.6,  -0.4, -53.3,-104.8,1025.0,  -3.0,   0.7
297013,  -1.1,   0.4,   0.6,  40.7,-107.8,1131.0,  -2.7,   0.4
297041,  -0.5,  -2.1,   2.2,  92.0,  16.0, 977.4,  -2.7,   0.3
297065,  -3.3,  -5.0,   1.1, 166.2,  24.1,1027.9,  -2.0,   0.4
297089,  -4.2,   6.9,   2.2,-444.6,-195.4, 713.5,  -2.4,   0.6
297113,  -1.4,   4.6,   2.9,-321.3,-161.0,1100.9,  -3.6,   0.7
297137,   1.5,   0.7,   0.8,  20.2, 116.6,1044.5,  -3.0,   0.7
297165,   2.2,   2.2,   0.3, -57.2,  31.1,1000.6,  -2.5,   0.6
297189,   0.5,   0.1,  -1.4,  -0.5,-200.5,1123.1,  -2.6,   0.7
297213,  -0.7,   1.3,  -0.5,  30.2,-108.5, 903.9,  -2.8,   0.6
297237,  -2.5,  -2.1,   1.2,  32.9,  -7.4, 881.2,  -3.1,   0.7
297265,  -0.1,  -2.6,   1.0, 167.0,  39.0,1125.8,  -2.9,   0.6
297289,   0.5,  -0.6,   1.9,   0.2,-115.6,1093.6,  -2.7,   0.7
297313,   0.7,  -0.3,   1.1,  14.4, -95.6,1033.1,  -2.6,   0.8
297337,   0.7,   0.5,   1.1, -32.7,-122.7, 973.2,  -2.7,   0.8
297365,   2.2,  -5.0,   1.7,-157.5, 126.4, 821.6,  -2.6,   1.0
297389,  -0.6,   3.5,   1.8,-344.3,-124.9, 892.9,  -2.9,   1.0
297413,  -2.0,   4.0,   0.3,-245.4, -24.0, 874.1,  -2.9,   0.7
297437,  -2.2,  -0.1,   2.2, -66.4,-118.8,1006.9,  -2.8,   0.9
297465,  -0.4,   3.5,   1.1, -14.4, -68.5,1063.3,  -3.0,   0.6
297489,  -1.1,   1.5,   0.1, -65.2, -36.5, 933.9,  -2.7,   0.7
297513,  -2.9,  -1.8,  -0.3, -49.8,  28.0,1024.0,  -2.2,   0.8
297541,  -3.4,  -4.8,   1.2, 363.0,-279.9,1234.0,  -2.5,   0.3
297565,  -0.0,   1.1,   0.5,  39.5,   7.0, 977.9,  -3.1,   0.4
297589,  -0.3,   3.0,   0.5, -58.1,  26.8,1023.5,  -2.8,   0.6
297613,   2.2,  -3.0,  -0.6, -17.4,  64.8, 966.7,  -2.4,   0.9
297641,  -3.1,  -3.3,  -0.4,  54.9,-310.4,1399.8,  -2.3,   0.9
297665,   0.5,   0.1,  -0.1,  26.1, -44.5,1029.6,  -2.5,   0.7
297689,  -2.6,  -0.6,  -1.3,  34.9, -45.5,1104.6,  -2.8,   0.8
297713,  -1.5,  -2.5,  -0.2,  17.5, -52.6, 954.4,  -2.7,   0.9
297741,  -0.9,   3.1,  -0.9, -88.7, -83.8, 912.2,  -2.6,   0.7
297765,  -0.8,   5.2,  -0.8,-188.0,-117.5,1194.4,  -2.8,   0.7
297789,   3.8,   0.4,   0.6,  33.4, 141.3, 724.0,  -2.6,   0.6
297813,  -1.5,   0.7,  -2.1,-109.4,-102.4, 859.0,  -2.4,   1.0
297841,  -0.3,   1.0,  -0.2,  78.3, -59.9,1082.1,  -2.4,   0.7
297865,  -2.1,   4.0,  -2.2, -68.4,  37.2, 926.1,  -2.5,   0.6
297889,  -2.3,  -0.7,  -0.4, 131.8, -33.1, 998.9,  -2.5,   0.7
297913,  -2.0,  -3.5,  -2.2, -62.0,  18.5, 973.7,  -2.3,   1.1
297941,   0.0,  -6.4,   0.1,  99.8,-159.5, 563.8,  -3.0,   1.0
297965,   0.8,   1.0,  -0.8, 320.8,-123.6,1227.2,  -3.4,   0.5
297989,   3.7,  -0.7,  -1.4, 171.1, 157.9, 959.3,  -2.9,   0.3
298013,   1.9,  -0.5,  -2.9,-182.4, -45.5, 876.1,  -2.1,   0.9
298041,   1.9,   0.4,  -0.4, -45.4, -98.2, 823.8,  -2.1,   0.9
298065,  -2.1,  -0.9,  -1.4, 140.6,-178.1,1153.9,  -2.6,   0.6
298089,  -0.3,   1.5,  -2.5,  -0.8, -86.3,1027.7,  -2.9,   0.4
298113,   0.7,  -1.1,  -3.3, 142.1,  38.2, 938.6,  -2.9,   0.3
298141,   1.7,  -1.4,  -1.9, -18.1, -74.1,1073.6,  -2.8,   0.3
298163,   0.7,   1.2,  -1.6, -24.9,   4.0, 978.6,  -2.6,   0.2
298191,   2.7,  -1.0,  -1.0,  53.7, -19.1, 821.4,  -2.6,   0.4
298215,   1.4,  -3.8,  -0.6, 257.0,  11.9,1165.9,  -2.6,   0.1
298239,   0.2,  -1.1,  -0.7, -11.0,-198.1,1277.7,  -2.3,   0.5
298263,   4.3,   0.5,   0.7, -18.6,   9.7, 908.3,  -2.5,   0.6
298291,  -0.9,  -1.8,  -1.7,   4.6, -84.8,1147.6,  -2.0,   0.9
298315,  -0.3,  -0.4,  -2.0, -90.6, -17.7, 957.6,  -1.6,   0.8
298339,  -4.7,  -3.1,  -2.8,  43.7,-391.7,1481.8,  -2.2,   0.8
298363,   1.4,  -0.9,  -0.7, 262.2, -59.9,1186.6,  -2.7,   0.5
298391,   2.0,  -0.9,  -2.9,  22.7,  82.7, 951.0,  -2.1,   0.7
298415,   1.4,  -0.6,  -2.8,  23.2,  47.3,1099.7,  -1.6,   0.9
298439,   1.9,   0.3,  -1.9, -56.2, -37.7, 880.0,  -1.4,   1.1
298463,  -1.5,  -0.4,  -1.5, -58.9, -97.0,1077.5,  -1.9,   1.0
298491,  -3.9,   1.6,  -1.3, -22.0, -68.7,1070.7,  -2.0,   0.8
298515,   3.8,   2.8,  -1.8,-106.5, 104.4, 661.5,  -1.9,   0.6
298543,   1.8,   0.2,   1.3,-112.6,  22.8, 952.0,  -1.8,   0.7
298563,  -0.3,  -3.8,  -0.2,  99.8, -24.0,1244.0,  -1.6,   0.7
298591,  -3.2,   0.6,  -3.9, 166.5, -85.3,1123.4,  -1.7,   0.7
298615,  -2.5,  -1.9,  -2.5, -71.8, -96.1,1017.2,  -2.0,   0.9
298639,  -2.5,  -1.8,  -0.3,  87.6,  -3.8, 925.9,  -2.0,   0.9
298663,  -1.4,  -0.6,  -0.1, -39.3, -33.1, 900.2,  -2.0,   0.9
298691,  -3.6,  -2.8,   0.2, 126.4, -74.8,1130.0,  -1.9,   0.9
298715,  -5.1,  -5.3,  -2.5,  11.7, -39.2, 866.8,  -1.5,   1.1
298739,  -5.6,   2.7,  -0.4, -59.4,-683.2,1166.4,  -2.0,   1.0
298767,  -1.0,   0.8,  -0.8, 131.8, -38.2, 952.0,  -3.1,   0.3
298791,  -1.7,  -3.3,  -1.6, 148.6,  -9.9,1157.1,  -2.3,   0.6
298815,   3.9,   1.0,  -2.4,-168.2, 114.6, 755.5,  -1.6,   0.9
298839,  -0.6,  -1.7,  -1.5,-135.5,-155.1,1035.7,  -1.8,   1.3
298867,  -2.1,  -4.1,  -0.6,  83.7,-249.9,1265.5,  -2.4,   1.0
298891,  -1.4,   0.2,  -1.1, -10.8, -63.6, 892.4,  -2.6,   0.6
298915,  -3.1,   1.1,  -2.1, -56.7,-146.3,1346.5,  -2.6,   0.5
298939,   1.2,   0.8,  -2.4,-118.2,  38.2, 928.1,  -2.3,   0.9
298967,  -0.2,   0.4,  -1.4, -33.0,-196.4,1210.6,  -2.3,   0.8
298991,   0.8,  -1.7,  -1.9, -50.8,-319.2,1088.7,  -2.3,   1.1
299015,  -0.4,  -0.5,  -4.7, 113.7, -94.3, 994.2,  -2.4,   0.7
299043,  -1.5,   2.5,  -3.1,  30.2, -70.4,1281.6,  -2.4,   0.7
299067,   2.0,   0.4,  -2.0,  17.8, 114.4, 782.8,  -2.0,   0.7
299091,  -1.9,  -3.4,  -0.3, -70.6,  79.0, 767.2,  -1.4,   1.0
299115,   2.5,  -2.8,   3.5, 307.6,-172.7, 799.4,  -2.6,   0.4
299139,   5.1,   2.2,  -1.3, -27.6,  34.3,1107.8,  -2.5,   1.0
299167,   4.3,   0.1,  -2.3, -97.9,  32.9, 834.1,  -1.4,   0.8
299191,   3.6,  -1.5,  -0.6, -75.2, -34.5, 870.5,  -1.4,   1.1
299215,  -2.9,   0.1,  -1.0, 166.7,-141.2,1400.2,  -1.8,   0.6
299239,  -1.8,  -0.9,  -1.7, 234.8,  -0.6, 967.6,  -2.0,   0.4
299267,  -2.0,   2.2,  -0.9, 151.8, -15.5,1135.8,  -1.9,   0.3
299291,  -0.1,  -1.1,   0.8, -17.1, -67.2,1074.6,  -1.9,   0.8
299315,   0.7,   0.6,   0.5,  23.6,-159.8, 980.8,  -2.1,   0.6
299339,   1.3,  -2.3,  -2.0, -82.3, -74.1,1118.3,  -1.9,   0.6
299367,   1.9,  -2.1,  -1.7,  56.1,  17.5,1056.3,  -2.0,   0.5
299391,   3.9,   1.3,  -1.7, -41.3, -34.0, 994.0,  -1.8,   0.5
299415,   0.1,   0.4,  -0.6,-118.4, -95.6, 960.3,  -1.8,   0.9
299439,  -1.6,   0.3,  -0.4,  14.9,  53.6, 897.1,  -1.5,   0.9
299467,  -3.7,   2.1,  -0.9, -95.5,  81.4, 836.0,  -0.8,   0.9
299491,  -6.5,  -1.2,   1.9, 101.3,-956.4,1880.2,  -2.1,   1.4
299515,   1.3,   2.1,   2.5, -84.0, 113.9, 688.1,  -2.8,   1.8
299543,  -0.7,   2.9,  -0.8, 182.1,   1.6,1110.0,  -2.8,   1.7
299567,   2.1,  -1.0,  -0.0,  61.5, 148.3, 910.0,  -1.7,   2.0
299591,  -1.4,   2.8,  -1.4,-196.1, -81.6, 910.0,  -1.6,   2.1
299615,  -3.7,   0.7,   2.1, -32.7, -14.8, 978.9,  -2.2,   2.1
299639,  -1.1,   4.6,   1.1, -42.3, -18.7, 995.5,  -2.7,   1.6
299667,  -3.9,  -1.2,   2.7,  47.6, -41.6, 905.9,  -2.4,   1.8
299691,  -4.5,   3.2,   1.8, 136.2,-242.0,1288.9,  -2.3,   1.2
299715,  -2.5,   2.5,   2.7,  63.9, -70.7,1070.4,  -2.2,   1.4
299739,  -0.5,   4.6,   4.0,-241.7, 112.7, 437.6,  -2.4,   1.7
299765,  -6.2,   0.2,   1.3,  56.6,-133.4,1231.8,  -2.6,   1.8
299789,  -0.8,   0.5,   1.2, 116.9,  78.8, 837.3,  -2.6,   1.7
299817,  -1.2,  -0.6,   0.6,-166.5, -56.7,1038.9,  -2.8,   1.9
299841,  -3.3,  -1.8,   1.4,  30.7, -61.1, 997.9,  -2.4,   1.7
299865,  -4.3,  -3.8,   4.4, -80.8,-589.7,1859.5,  -3.2,   1.8
299893,   2.9,   6.6,   1.7,-172.2, -20.1,1091.7,  -3.2,   1.7
299917,   1.9,   0.2,  -1.2, -27.1, 245.5,1030.1,  -1.8,   1.4
299941,   1.4,  -5.2,   1.1,  -4.7,  29.4,1108.0,  -1.3,   1.7
299965,   0.5,  -1.9,   1.1, -31.5, -12.6,1011.3,  -1.9,   1.8
299993,  -4.0,   2.2,   1.7,-149.7, -91.9, 824.1,  -2.3,   1.5
300017,  -2.3,  -1.9,   0.7, -24.7,-131.2,1093.4,  -2.5,   1.5
300045,  -0.1,  -2.1,   2.0, 148.9,  18.2, 914.4,  -2.5,   1.2
300065,   4.6,  -1.4,   0.8,  33.2, -40.6, 846.3,  -2.8,   1.3
300093,   3.5,   1.3,  -0.5,-133.8, -39.9, 809.4,  -2.8,   1.6
300117,  -0.9,  -0.0,  -3.5, -67.7,-113.6, 943.5,  -2.7,   1.4
300141,  -1.0,  -2.6,  -0.3, 203.6, -41.1,1061.4,  -2.8,   0.7
300165,   0.7,   0.7,   2.1,  33.4, -19.9, 923.7,  -2.9,   0.5
300193,   1.5,   1.9,   2.9,  32.2,  66.3, 842.4,  -2.4,   0.4
300217,  -4.8,   0.4,   2.1,-103.3,-222.8,1731.5,  -1.6,   0.6
300241,   7.3,   1.2,   7.9,-128.7,-109.2, 811.4,  -2.7,   1.1
300265,   1.8,   4.4,   4.5,-167.3,  39.2,1027.9,  -2.8,   0.7
300293,   1.7,   4.1,   3.7, -84.7, 156.4,1341.4,  -1.7,   0.7
300317,  -0.5,   2.7,   7.4,-129.4, -89.5,1245.5,  -1.4,   1.3
300341,  -1.4,   2.0,   7.3, -22.7,-149.5,1099.7,  -1.6,   1.7
300365,   0.5,   2.6,  10.3, -93.3, -73.6,1105.6,  -1.9,   1.7
300393,   1.9,   4.4,  12.0, -50.6,  41.4,1016.5,  -2.3,   1.8
300417,   0.2,  -0.5,  11.0, 140.8, -15.0,1178.1,  -2.1,   1.9
300441,  -2.5,  -3.8,   7.9,  35.1,-362.2,1276.0,  -1.9,   2.6
300465,  -0.6,   2.4,   4.8,-308.6,-150.0,1034.3,  -2.2,   2.4
300493,  -0.4,   2.7,   4.4,-248.8,-125.8, 737.2,  -2.4,   2.2
300517,  -1.1,   1.5,   8.8, -26.4,  39.2,1032.3,  -2.6,   1.8
300545,   0.0,   5.2,   9.7, -87.4,  80.7, 919.8,  -2.5,   2.0
300565,  -4.2,  -0.5,   9.9,  -7.1,  -1.3,1355.1,  -1.2,   2.3
300593,   9.8,   1.6,  14.1, -57.2,  16.0, 699.8,  -2.4,   2.3
300617,   1.6,   4.8,  15.7,  -2.0, 131.0, 523.1,  -2.6,   2.0
300641,   4.4,   3.3,   9.9,-335.7,  16.7, 616.6,  -2.6,   2.2
300665,  -0.7,  -0.2,   9.0,   2.4,-273.5,1379.5,  -2.1,   2.3
300693,  -0.0,  -0.9,   9.7, -71.1,-163.2,1121.4,  -1.8,   2.5
300717,  -2.5,  -2.1,  11.3,  35.6, -93.9,1157.3,  -2.5,   2.5
300741,  -1.1,  -0.3,  10.2,  63.9, -10.4,1112.9,  -2.7,   2.1
300765,   1.8,   2.1,  11.7, -19.8, 310.7,1212.3,  -2.3,   2.2
300793,   0.3,   4.3,  11.6,  -0.3, -36.7, 972.0,  -2.3,   2.2
300817,  -0.7,   0.5,  11.5, -42.8,  15.5, 862.9,  -2.4,   2.6
300841,  -1.2,   1.3,  10.9, 154.5, -59.7,1058.5,  -2.8,   2.3
300865,  -1.3,  -1.7,   9.5, -38.4, -48.2, 903.7,  -2.7,   2.3
300893,  -0.4,  -1.4,   7.5, -11.5, 177.1, 831.6,  -2.4,   2.1
300917,   1.1,   1.3,   8.7, -76.4,-106.8,1063.8,  -2.6,   2.1
300941,   0.8,   3.5,   7.0, -79.6,  24.8, 902.4,  -2.9,   1.8
300969,  -0.2,   1.2,   6.7, 168.4, -44.8,1208.6,  -2.5,   1.7
300993,  -2.1,  -5.6,   6.1, 146.7,  45.5,1088.7,  -2.3,   2.1
301017,  -1.8,   1.8,   5.8, -49.6,-122.9, 716.9,  -2.6,   1.8
301045,   2.1,   2.6,   5.8,-104.8, 112.4, 539.2,  -2.2,   2.0
301069,   1.0,  -0.8,   4.1,  -3.0, -20.1, 864.1,  -2.2,   2.3
301093,   1.3,  -0.0,   4.0,  13.4,-134.6,1130.0,  -2.3,   1.8
301117,   0.7,   6.4,   1.8,-275.7,-198.6,1073.6,  -2.2,   1.4
301141,   0.5,   1.3,   3.3, -42.5, -64.6, 902.9,  -2.5,   1.3
301169,  -2.8,  -1.6,   1.9,  16.3,-109.0,1251.1,  -2.8,   1.2
301193,   2.4,   1.8,   0.2,  31.0,-130.0, 958.8,  -2.4,   1.2
301217,  -2.5,   0.8,  -0.1,  65.9, -87.0,1181.7,  -2.2,   0.9
301241,  -2.8,   0.4,  -3.6,  -1.3, 109.0, 924.2,  -1.7,   0.7
301269,  -1.3,   1.9,   1.9, -82.1,-237.9,1219.6,  -2.9,   1.3
301293,  -1.8,   1.0,  -1.9,  39.8,-103.6, 994.5,  -2.6,   0.7
301317,  -0.1,  -3.2,  -2.8, 221.2, -29.2,1159.0,  -2.2,   0.5
301341,   0.6,  -1.1,  -4.5,-149.9,-102.9,1030.4,  -2.3,   1.0
301367,  -0.4,  -2.0,  -5.0, -81.1,  32.4, 756.5,  -2.0,   0.8
301391,  -0.6,  -1.4,  -2.3, 259.0, -97.8, 957.4,  -2.9,   0.0
301419,   0.5,   1.9,  -4.3,   5.1,   6.0,1024.0,  -3.0,   0.3
301443,   1.2,   2.0,  -5.2, -30.6,  32.4,1026.7,  -2.7,   0.3
301467,   1.6,   5.0,  -5.0,-195.6,   7.5,1177.1,  -2.7,   0.0
301491,   1.0,  -1.2,  -5.1,-145.3,-103.1, 909.5,  -2.8,   0.6
301519,   1.7,  -3.9,  -5.2, 215.8,-148.1,1088.0,  -3.3,   0.4
301547,  -3.3,   1.1,  -4.2, -49.1,-176.4,1127.8,  -3.5,   0.4
301567,  -1.6,   0.8,  -4.7,  78.8, 136.4,1079.9,  -2.5,   0.2
301591,  -4.2,   3.8,  -1.2, 162.6, -92.4,1132.2,  -2.1,  -0.3
301619,  -2.5,   3.2,   2.2, 210.7,-431.5,1100.7,  -2.8,   0.4
301643,   0.7,   4.1,   1.1,-284.9,  52.6, 753.5,  -2.8,   1.3
301667,  -0.6,   4.0,   1.7,-303.7,-108.0, 951.5,  -2.6,   1.5
301691,   0.6,   0.7,  -0.6,-153.4,  37.7, 773.8,  -2.6,   1.6
301719,  -1.8,   2.7,  -0.6,  42.4,-122.7, 977.6,  -3.3,   1.3
301743,   1.5,  -1.4,  -3.7, -48.9, -23.8,1069.4,  -3.4,   1.4
301767,   4.9,   0.1,  -1.1,  -2.5, 129.0, 761.1,  -2.6,   1.8
301791,   2.7,   2.1,   1.0, -50.3,  16.5, 804.3,  -2.4,   1.6
301819,   2.0,   2.3,   5.0,-242.0, 316.1, 541.6,  -1.6,   2.2
301843,  -2.5,   2.7,   3.7,-199.3,-297.7,1075.3,  -2.1,   2.1
301867,  -0.5,  -2.7,   2.5,  80.8,-193.0,1239.1,  -2.0,   1.6
301891,  -0.2,  -0.5,   0.9,   2.9, -64.8, 997.2,  -2.2,   1.5
301919,  -0.1,   0.6,  -1.7, -97.9, 170.5, 827.5,  -1.7,   1.4
301943,   5.6,  -3.5,  -1.1, 283.9,  62.9, 366.6,  -2.1,   1.0
301967,   3.6,   5.0,  -1.7, 159.6, 149.8,1046.5,  -2.3,   1.1
301991,   2.7,   4.8,   1.0, -64.5, 151.8, 865.8,  -1.7,   0.8
302019,  -0.4,  -3.9,   4.1,-107.5,  41.2, 875.1,  -0.9,   1.8
302047,  -2.3,   0.3,   3.9,-114.8,-123.2, 917.8,  -1.1,   2.0
302067,   1.2,   4.6,   3.0, -74.5,  25.3, 766.2,  -1.5,   1.4
302095,  -2.0,  -0.4,   1.3, -99.4, -83.8,1205.7,  -1.9,   1.7
302119,   3.8,  -1.4,   1.3,  49.3, 129.8, 686.1,  -1.4,   1.4
302143,  -1.4,  -3.1,  -0.1, -56.4,   9.2,1222.8,  -1.4,   1.4
302167,   0.2,   4.8,  -1.4,-263.9,-182.5,1028.2,  -1.7,   1.5
302195,  -0.0,  -3.6,  -2.3, -28.6,  -3.5,1029.9,  -1.9,   1.5
302219,  -0.8,  -1.5,  -1.2, 139.4,-132.2,1097.3,  -2.2,   1.2
302243,   2.5,   0.6,  -4.5, -47.4, -28.2, 808.5,  -2.6,   1.0
302267,  -1.0,   1.6,  -4.1,-203.2,  43.8, 831.4,  -2.1,   1.1
302295,   4.1,   4.3,  -5.6,-360.1,-265.7, 816.3,  -3.6,   1.2
302319,   2.2,  -0.1,  -3.7,  69.5,  92.2, 771.1,  -2.8,   0.6
302343,   0.3,  -3.0,  -2.9,  50.5,  18.9, 974.5,  -2.2,   0.5
302367,  -0.8,   2.3,  -4.5, -58.9,-160.5,1005.5,  -2.4,   0.5
302395,  -3.9,  -2.9,   1.0, 349.8,-189.1,1045.5,  -2.8,   0.1
302419,  -0.7,  -1.8,  -2.4,  38.1, 129.0,1044.0,  -2.8,   0.4
302443,   0.9,  -2.7,  -2.1, 123.5, -54.3,1108.0,  -2.8,   0.7
302467,   4.0,  -4.5,  -3.2, 153.0,  85.6, 907.1,  -2.7,   0.6
302495,  -4.0,  -2.8,  -4.7,-104.0,-247.7,1094.8,  -2.9,   0.8
302519,  -0.7,  -4.3,  -5.4,   3.9, -20.9, 987.7,  -3.5,   0.9
302547,  -2.3,  -0.0,  -5.8, -23.7,  13.3,1327.5,  -3.5,   0.9
302567,  -0.9,  -2.5,  -4.7, -31.5, -31.1,1160.0,  -3.1,   1.2
302595,   2.9,  -0.8,  -3.3,  -0.0, 198.6, 689.6,  -2.5,   0.9
302619,  -2.0,   1.4,  -4.1, 176.7, -17.2,1042.8,  -2.2,   0.1
302643,   3.2,   9.0,   0.3,  13.6,-351.9,1191.8,  -3.8,   0.4
302667,   2.2,  -0.6,  -0.3,-188.0,  15.8, 833.1,  -3.1,   0.8
302695,   0.7,  -0.2,  -1.4,-180.2, -13.0, 967.1,  -2.3,   0.9
302719,   0.7,  -3.1,  -2.3, -57.2,-162.2, 885.6,  -2.1,   1.2
302743,  -2.2,   1.1,   1.5,  24.9,-167.1, 910.0,  -2.8,   0.7
302767,  -2.6,   4.7,  -0.2,-382.8,-186.1,1148.8,  -3.2,   0.7
302795,  -3.2,  -2.8,   1.3, 119.8,-179.8,1240.8,  -2.6,   1.3
302819,   2.1,  -0.6,   1.5,  20.2,-124.4, 945.7,  -2.4,   1.1
302843,   1.0,   1.6,   0.6,-191.2,-147.8, 829.4,  -2.4,   1.3
302867,   1.0,   0.1,   3.5, 142.5,-152.7,1057.5,  -2.6,   1.0
302895,   2.5,   1.3,   1.4,-111.4, -34.8, 713.2,  -2.7,   1.2
302919,  -1.7,   0.3,   1.9, -43.7,-181.7,1146.1,  -2.5,   1.1
302943,  -0.7,  -2.0,   2.6, -22.2,  49.7, 878.5,  -2.1,   1.4
302969,   1.6,  -2.9,   2.8,  89.8,  40.9, 891.5,  -1.8,   1.2
302993,   2.7,   3.5,   5.2,-321.3,-264.8, 759.6,  -1.9,   1.5
303017,   2.4,   9.2,   4.3,-320.3, 104.4, 868.5,  -2.1,   0.9
303045,   1.1,   4.9,   4.7,-122.8, -84.1,1092.1,  -2.1,   1.2
303069,   0.3,   0.8,   3.0,-133.8, -74.8, 985.9,  -1.7,   1.7
303093,   1.0,  -2.2,   2.7,  18.5, -75.8,1109.5,  -1.5,   1.7
303117,  -1.0,   0.7,   4.6, 110.1, -70.4, 938.6,  -2.3,   1.1
303145,   1.4,   0.1,   2.9,   0.7,  80.2, 957.9,  -2.3,   1.5
303169,   3.2,   0.4,   3.4,  51.2, 130.8, 879.7,  -1.9,   1.8
303193,   1.1,   2.2,   4.3, 108.9, 223.5,1430.3,  -1.4,   1.6
303221,  -4.0,   3.0,   2.4,-118.2,-328.7,1154.2,  -2.2,   1.8
303245,  -2.6,   1.9,   1.0, -55.9,-105.3,1305.3,  -2.3,   1.7
303269,  -1.5,   1.5,   2.3, -56.4,  31.9, 972.3,  -2.3,   1.7
303293,  -0.0,   0.5,   2.1, 125.7, 260.9,1024.5,  -1.9,   1.5
303321,  -1.1,   1.1,   1.9,-108.7,  77.5, 839.0,  -1.5,   1.7
303345,  -0.4,   0.8,   4.3,-158.7,-202.5,1293.8,  -2.1,   1.8
303369,  -3.1,  -2.0,   2.2, 308.8,-138.0,1208.8,  -2.7,   1.5
303393,  -3.4,   1.0,   3.2,  71.3, -64.3, 986.2,  -2.1,   1.2
303421,  -0.3,   3.4,   2.6,-220.5, -34.0,1114.1,  -1.9,   1.4
303445,  -1.5,  -0.4,   2.3, -23.5,  -9.6,1296.2,  -1.5,   2.0
303469,  -0.7,  -4.6,   5.8, 250.2, 160.8, 802.1,  -2.1,   1.8
303493,  -5.8,   1.5,   3.1,  38.3,-221.5,1019.4,  -2.9,   1.5
303521,  -1.4,  -0.8,   3.9, 129.6,-115.6,1040.1,  -2.7,   1.7
303549,   1.8,  -0.1,   2.5,-121.1,  25.0, 727.9,  -2.5,   1.8
303569,  -0.4,  -2.0,   4.9,  63.9,-204.0,1232.3,  -2.6,   1.9
303593,   0.2,  -0.7,   3.0, -24.7,  32.9, 762.8,  -2.9,   1.8
303621,  -1.2,   4.1,   2.7,-175.8, -22.1, 902.9,  -3.0,   1.6
303645,   0.2,   2.0,   2.1,-165.1, 113.9, 805.8,  -2.7,   1.6
303669,  -1.2,  -1.7,   2.5,  81.3, 111.2, 878.0,  -2.1,   1.5
303693,   4.6,  -6.0,   4.6, 232.4, 209.1, 710.1,  -2.6,   1.8
303721,   5.2,   1.1,   1.8,  -6.1, 205.7, 476.2,  -2.6,   2.1
303745,  -0.5,  -2.5,   2.5,  65.9,  46.3,1145.9,  -2.0,   1.8
303769,   2.0,   1.0,   1.8,-149.4, 102.2,1239.4,  -1.7,   1.9
303793,  -2.8,   0.4,   2.2, -73.3,  63.4,1018.9,  -1.7,   2.3
303821,  -0.3,   1.3,   1.6, 153.8,-113.9,1103.6,  -2.4,   1.6
303845,  -0.6,   2.1,   0.1, -14.7, -39.9,1046.0,  -2.4,   1.5
303869,   3.4,   0.5,  -0.3,  91.5,  50.9,1082.6,  -2.0,   1.7
303893,   3.2,  -8.9,   1.5, 269.3,  18.7,1023.3,  -1.8,   1.7
303921,   4.9,   1.9,  -3.9,  -8.8, 235.0, 752.8,  -2.0,   1.5
303945,   0.8,   4.8,  -4.8,  -5.4,   8.4,1037.7,  -2.4,   1.4
303969,   1.0,  -2.0,  -3.4, -70.8, 143.2, 858.7,  -2.3,   1.3
303993,  -2.6,  -1.0,  -4.3, -94.8,  78.5, 918.8,  -1.3,   1.3
304021,  -3.7,  -3.1,  -3.0, -50.1, -94.8,1204.2,  -1.6,   1.3
304049,   0.0,  -2.7,  -5.9, 370.6, 108.5, 985.9,  -1.4,   0.9
304069,   1.0,  -0.6,  -4.5, 223.1, 125.4, 936.1,  -1.5,   0.6
304093,  -0.7,  -2.9,  -5.1,  -7.1,-221.3,1197.9,  -1.4,   1.1
304121,  -2.8,  -2.6,  -4.5, 158.7,-232.0,1362.2,  -1.4,   0.9
304145,   1.8,   5.7,  -6.7,-289.6,  97.1, 493.5,  -1.5,   0.9
304169,  -1.4,  -0.9,  -5.2, -70.8,-151.0,1323.8,  -1.4,   1.1
304193,   2.5,   0.7,  -5.0,-246.1,-130.2,1079.0,  -1.1,   1.0
304221,  -4.1,  -2.6,  -4.0, 194.5,-287.2,1457.4,  -1.2,   0.7
304245,   1.3,  -0.4,  -3.4, -39.1, 139.1, 713.5,  -1.3,   1.2
304269,   1.6,  -1.5,  -4.1,  88.8,  34.3, 901.0,  -1.6,   1.1
304293,   0.3,  -0.7,  -3.4, 169.9, 240.1, 993.8,  -1.3,   1.0
304321,  -6.8,   3.1,  -7.9, 156.9,-941.8,2246.4,  -1.6,   1.1
304345,   5.0,   1.2,  -5.3,  43.4, 217.9, 815.3,  -0.4,   1.3
304369,   2.5,   3.1,  -6.7,-190.2,  45.8, 697.6,  -0.3,   1.2
304397,  -4.6,   0.7,  -7.3,-172.6,-147.8,1082.9,  -0.0,   1.8
304421,  -5.4,  -6.7,  -3.6, 396.2,-227.9,1155.1,  -0.3,   1.3
304445,   0.8,   0.1,  -7.2,  18.0, 127.1, 758.6,  -0.8,   1.3
304469,  -4.0,  -2.4,  -6.3, 112.8,-191.3,1545.3,  -1.2,   1.4
304497,   1.4,   0.7,  -3.0,  90.1, -75.1,1223.7,  -0.8,   0.9
304521,   4.6,   3.4,  -3.4,  15.8, 255.0,1180.3,  -0.3,   0.5
304549,   5.8,   9.9,  -1.9,-200.2, -49.4, 717.6,  -0.2,   1.1
304572,   0.4,  -6.5,  -2.1,  64.2,-125.6, 689.8,  -1.0,   1.6
304596,  -2.5,  -3.4,  -4.4, 174.0,   9.9, 943.2,  -1.3,   1.5
304620,  -7.6,  -2.1,  -2.3,-123.1,-537.0, 924.7,  -1.9,   1.7
304644,  -0.3,  -1.4,  -1.9,-298.9,-289.2, 866.1,  -3.3,   1.8
304672,  -2.6,  -1.1,  -5.7, 222.6,-115.1,1440.3,  -2.3,   1.3
304696,   0.2,   1.8,  -5.9,  24.6,-317.2, 961.5,  -2.6,   1.1
304720,  -0.8,   3.6,  -7.6, -72.8,-135.6,1310.4,  -3.3,   0.8
304744,   4.3,   2.1,  -6.6,-173.9,  89.0, 604.6,  -2.6,   1.3
304772,   4.2,  -3.1,  -2.8,  87.4, 240.4, 791.4,  -2.1,   1.4
304796,   4.2,  -1.1,  -3.6, 186.7, 156.9, 976.2,  -2.3,   1.0
304820,  -2.8,  -4.8,  -5.3,  83.5,-338.2,1228.9,  -2.5,   1.6
304844,  -0.1,  -4.6,  -5.6, -80.6,   6.5,1014.8,  -2.9,   1.6
304872,  -0.3,  -7.6,  -7.1, 184.3, -11.3, 981.5,  -3.1,   1.0
304896,   1.1,  -3.2,  -7.8,  -9.1, -54.5, 966.2,  -3.1,   0.9
304920,   1.7,  -0.1,  -9.4, -61.3, 180.1, 831.9,  -2.7,   0.8
304944,  -3.1,  -4.5,  -7.7, 333.5,  67.8, 881.7,  -1.9,   0.1
304972, -10.3,  -3.7,  -2.8, -87.2,-878.3,2205.4,  -3.6,   1.0
304996,  -1.1,  -0.7,  -3.1,  19.7, 263.1, 912.0,  -3.0,   1.0
305020,   3.9,   1.0,  -3.9, 269.0,  65.1, 629.7,  -3.1,   0.0
305048,   4.5,   5.5,  -5.9, -54.2, -11.6, 959.8,  -3.0,   0.2
305072,   5.4,   2.7,  -8.6,-190.2,  78.0, 926.9,  -2.3,   1.2
305096,   1.4,  -1.5,  -8.3,   2.2,-132.2, 829.9,  -2.2,   0.9
305120,   1.0,  -4.5,  -7.2,  19.3,-165.4,1041.1,  -2.6,   1.0
305144,  -1.4,  -3.7,  -5.7,  99.8, -62.6,1153.2,  -2.9,   0.9
305172,   1.9,   5.4,  -6.1,-142.6, 138.1,1069.7,  -2.9,   0.4
305196,   2.5,   0.8,  -5.3,   8.5,  60.4, 929.5,  -2.6,   0.6
305220,   0.8,   1.6,  -5.3, -13.5, -17.0,1055.0,  -2.5,   0.4
305244,  -2.2,  -0.9,  -4.0, 239.7,-356.8,1264.5,  -2.5,   0.4
305272,   1.0,   1.6,  -3.5, -60.6,  62.2, 681.0,  -2.5,   0.6
305296,  -0.8,   1.1,  -5.6, -64.7,  -7.7, 784.3,  -2.6,   0.6
305320,  -5.3,  -1.5,  -6.7,  30.5,   0.1,1114.6,  -2.1,   0.6
305344,  -1.1,  -2.3,  -7.2,-166.0,-250.1,1189.1,  -2.8,   1.0
305372,  -2.2,  -1.7,  -3.0,  96.2,-214.2,1008.9,  -3.2,   0.6
305396,   2.5,   4.6,  -5.0,-213.4,  47.0, 963.5,  -3.5,   0.3
305420,   1.7,   1.1,  -4.2, -44.5,  27.7,1075.3,  -3.0,   0.8
305444,  -1.0,  -6.8,  -3.6,  58.3,   0.9,1151.0,  -2.5,   1.0
305472,  -2.9,  -1.4,  -4.2,  70.0,-160.3, 956.4,  -3.0,   0.9
305496,  -2.3,   1.0,  -3.0,-109.7,-121.0, 904.9,  -3.7,   0.8
305520,  -1.2,   0.2,  -0.8,  80.3,-191.5,1238.1,  -3.9,   0.4
305548,   1.3,   2.1,  -0.4,   8.0, -49.7,1088.5,  -3.9,   0.4
305572,   0.5,  -2.6,   0.8,   7.3,-107.8,1316.0,  -3.1,   1.3
305596,   6.6,   6.1,  -3.3,-304.0,  64.6, 739.6,  -3.1,   1.5
305620,  -2.2,   3.1,  -1.7, -99.9,   4.5, 881.5,  -3.5,   1.2
305648,  -0.9,   3.0,  -1.2,   9.2,  93.6,1004.5,  -3.5,   0.8
305672,   4.5,  -3.3,   1.3,  73.7, 149.3, 659.8,  -3.5,   1.5
305696,   4.8,  -3.1,   0.5, 226.8,  65.1, 988.1,  -3.7,   1.6
305720,   4.7,   1.1,   2.4, 313.2,  68.0,1001.8,  -3.1,   0.6
305748,   3.3,   1.1,  -1.0,-135.5,   7.5, 963.5,  -2.2,   1.4
305772,  -1.6,  -1.7,   1.9,  32.9,-206.9,1207.6,  -2.3,   1.9
305796,   1.9,  -2.5,   3.2,  40.7,  67.8, 911.5,  -2.3,   1.6
305820,  -1.1,   1.8,   2.2,-112.1,  -1.6, 924.2,  -2.7,   1.5
305848,   1.4,   2.2,   0.5,-120.6,  24.1, 688.1,  -2.8,   1.4
305872,  -0.8,  -0.7,  -1.7, 160.6, -48.7,1175.9,  -2.5,   0.9
305896,   1.4,   1.9,  -0.6, 188.0, -96.8,1215.7,  -2.3,   0.8
305920,   2.9,   7.1,  -0.8, -26.9,  34.8,1014.0,  -2.2,   0.6
305948,   2.1,   1.9,   0.3, -61.1,-180.5,1175.2,  -1.8,   1.0
305972,   2.9,  -2.8,  -0.9,-128.7, 113.9, 750.3,  -1.6,   1.5
305996,   0.1,  -5.9,  -0.6, 446.3,-101.7,1196.1,  -1.6,   1.1
306020,  -2.2,  -1.9,  -0.4, 260.7,  52.1, 926.4,  -1.2,   0.8
306048,  -6.9,  -3.9,   0.7, -73.0,-510.8,1392.2,  -1.8,   0.8
306072,   1.8,  -2.4,   1.7, 171.1,  59.2,1087.7,  -1.8,   0.6
306096,   0.2,   6.5,  -0.0, -14.7,  10.1, 913.4,  -1.9,  -0.2
306120,   0.8,   5.8,  -1.5,-234.9, 158.8, 712.5,  -1.4,   0.7
306148,  -1.9,  -2.1,  -0.8, -34.9,-192.0,1205.9,  -1.1,   0.8
306170,  -1.2,   0.5,  -0.6, 118.4,  -6.0,1009.1,  -1.3,   0.4
306198,  -1.6,   0.1,  -1.1,  56.9,  17.7,1005.0,  -1.5,   0.4
306222,  -0.1,   5.1,  -0.9,-132.1, -79.0, 985.5,  -2.0,   0.5
306246,   0.8,   1.8,   0.7, -28.6, -49.7,1381.2,  -1.6,   0.5
306270,   0.1,   1.0,  -0.4,  39.5,-102.6, 978.4,  -1.5,   0.6
306298,  -1.5,  -1.2,   1.3,  33.4, -82.6,1169.0,  -2.0,   0.7
306322,  -5.3,   1.8,   2.1,  28.8, -13.0,1069.7,  -2.1,   0.5
306346,  -1.3,  -0.8,   3.0, 192.4,  43.1, 998.4,  -2.2,   0.4
306370,  -1.7,   1.2,   3.3,  45.6, 177.9, 923.0,  -1.9,   0.5
306398,   1.5,   5.4,   1.4,-660.7, -14.5, 332.4,  -2.0,   2.0
306422,   2.6,  -1.3,   1.8,  87.4,  45.5,1028.2,  -2.7,   1.9
306446,   1.8,   0.2,  -1.0, 107.4,  18.0, 921.5,  -2.3,   1.2
306470,   1.6,   5.7,  -0.4,-383.8,-103.4, 945.4,  -2.4,   1.2
306498,   0.4,  -1.2,  -1.0,-170.0, -81.9, 948.8,  -2.1,   1.8
306522,  -2.1,  -0.3,   0.7,  71.7,-149.5,1006.5,  -1.8,   1.4
306550,  -2.4,  -3.7,   0.7,  85.7, -83.6,1075.1,  -1.9,   1.2
306570,  -0.0,  -1.4,   0.9,  72.2,-110.7, 899.8,  -2.2,   1.0
306598,   3.2,   2.5,  -0.4,-107.5,  16.5, 996.2,  -2.3,   0.7
306622,   3.2,   3.8,  -0.7, -86.7, 271.9,1117.5,  -1.6,   0.4
306646,   1.4,   3.5,  -2.2,-148.2,-243.5,1076.5,  -1.6,   0.8
306674,  -0.5,   3.7,  -3.7,-292.0,   4.5, 742.3,  -1.6,   1.0
306698,  -2.4,  -1.2,  -1.4, 225.6,-206.2,1243.8,  -1.8,   0.3
306722,  -4.5,   3.2,  -2.4,-106.2,-118.8, 962.5,  -1.3,   0.2
306746,  -3.8,   2.7,  -1.7,-469.0, -53.3, 667.6,  -1.0,   1.1
306774,   0.4,  -5.4,   1.3, 223.6,-163.4,1067.0,  -1.4,   0.9
306798,  -3.7,   1.8,   2.4, 201.6,-164.9,1126.3,  -1.8,   0.1
306822,  -0.3,   4.8,  -0.2,-137.5, -30.6, 897.8,  -2.0,   0.5
306846,   1.1,   0.5,   1.6,   9.5,  34.1,1177.1,  -1.7,   0.8
306874,   1.6,  -0.4,   2.5,-180.0,  89.7, 874.1,  -1.7,   1.3
306898,   1.0,   1.7,   1.3, -78.6,-154.9, 969.1,  -2.1,   1.4
306922,  -3.2,   1.3,   1.3,  16.1,-311.1,1270.6,  -2.4,   1.1
306946,   1.4,   3.3,   1.9, -96.2,-168.6, 989.1,  -2.1,   1.0
306974,  -2.1,  -2.4,   0.8,  38.3,-128.3,1306.0,  -1.7,   1.4
306998,   0.2,  -0.5,  -1.6,-218.8,-209.6,1087.3,  -2.1,   1.8
307022,  -0.1,  -1.3,  -3.1,  23.4,  16.0,1021.3,  -1.8,   1.4
307050,  -0.5,  -0.7,  -1.3,  11.9, -79.9, 829.0,  -1.9,   1.3
307074,  -7.8,  -0.7,  -2.6,  31.2,-293.3,1658.3,  -1.2,   1.2
307098,   6.0,  -0.7,   0.2,-288.1,  24.1, 520.6,  -1.4,   2.2
307122,   0.3,  -0.5,   1.7, 115.0,  94.6, 748.4,  -1.3,   1.5
307146,   1.4,   3.5,  -1.9,-143.8, 159.8, 949.6,  -1.3,   1.2
307174,   1.0,  -0.1,  -2.3, -76.0, -19.6, 945.2,  -0.9,   1.6
307198,   0.3,   5.3,  -1.9,-260.0,   1.8, 983.0,  -0.9,   1.4
307222,  -1.2,  -0.6,  -1.2, -60.1,-130.2,1097.0,  -1.4,   1.3
307246,  -3.1,  -1.5,  -0.4, 162.6,  19.4, 799.9,  -1.5,   1.2
307274,  -0.6,   4.3,  -0.2, -45.2, -17.0,1051.1,  -1.4,   0.9
307298,   0.6,  -2.6,   2.6, 128.4,  24.6, 875.1,  -0.9,   1.4
307322,   4.0,  -2.1,   0.0, -26.4, -42.6, 685.2,  -1.2,   1.9
307346,  -3.0,   0.6,  -1.0, -38.1,-138.3,1101.7,  -1.6,   1.6
307374,  -2.0,   0.1,  -0.6,  26.3,  -8.9,1250.6,  -1.4,   1.1
307398,   0.2,   2.5,  -0.7,-368.7,  72.4, 523.5,  -1.1,   1.9
307422,   2.2,  -6.8,   0.6, -83.3, 251.4, 813.8,  -1.5,   2.4
307446,   0.1,  -3.2,   2.1, 238.2, -41.4, 905.1,  -1.2,   1.3
307474,  -1.1,   5.0,  -2.3,-405.8,-107.8, 881.0,  -1.6,   2.0
307498,  -4.2,  -2.3,  -1.1,  53.9,-301.6,1652.0,  -1.5,   1.9
307522,   2.5,  -3.3,   2.1,-114.8, 144.7, 697.9,  -0.6,   2.1
307550,  -7.5,  -4.0,   0.4, 197.0,-361.7,1749.6,  -1.0,   1.8
307574,   2.2,  -1.8,   2.2,  23.4, 138.6,1039.4,  -0.8,   1.8
307598,  -0.0,   1.0,   2.0,-117.5,-120.0, 932.5,  -1.0,   1.7
307622,   2.7,   0.9,   4.1,-280.6,-143.7, 922.7,  -0.3,   2.3
307646,   6.5,  -5.4,   1.8,-370.1, 343.6, 379.7,   0.4,   3.0
307674,  -0.4,  -3.9,  -1.4,  65.9,-146.3,1266.2,   0.0,   2.3
307698,  -5.4,   3.2,   0.0,  20.2, 186.7, 770.1,   0.6,   1.5
307722,  -7.7,   2.2,   1.4,  84.4,-591.7,1596.5,  -0.1,   2.2
307746,   1.9,   3.9,   4.3,-232.2,  79.0, 538.4,   0.4,   3.0
307772,   1.5,   3.1,   2.1, -67.4, 215.7,1028.2,   0.5,   2.3
307800,   4.1,   4.1,   1.9,-231.2, -20.4, 933.7,   0.8,   2.9
307824,   1.9,   0.6,   4.0,-100.4,  24.6, 759.4,   0.5,   2.9
307848,  -3.6,  -1.7,   5.8, 116.2,-235.7,1295.0,   0.1,   2.9
307872,  -0.1,  -3.1,   5.2, 230.4,  -0.3, 852.4,  -0.3,   2.5
307900,   0.6,   4.2,   4.6, -30.3, -74.6,1046.2,  -0.6,   2.4
307924,   4.6,  -4.3,   7.6, 218.2,  22.8, 897.8,  -0.4,   2.6
307948,  -0.4,   0.8,   4.1, -96.2,-222.5,1438.1,  -0.4,   3.0
307972,   2.0,   4.3,   4.7,-133.6, -30.9, 905.4,  -0.5,   2.9
308000,  -3.6,  -3.2,   5.7, 226.8, 162.2, 891.7,   0.4,   2.3
308024,  -2.5,  -1.8,   8.6,   9.2, -28.9,1035.5,  -1.0,   2.9
308052,  -2.6,  -6.5,   6.7, 301.5, -73.1,1056.7,  -1.2,   2.4
308072,  -1.5,   0.7,   5.5, 179.7,-184.9,1208.8,  -1.4,   1.6
308100,   4.3,   1.4,   1.9, -52.8, 196.4, 798.4,  -1.0,   1.9
308124,  -3.1,   1.5,   0.9,  46.8,-197.1,1495.7,  -0.9,   1.8
308148,  -2.6,  -1.4,   4.1,-136.0,-290.1,1390.5,  -0.9,   2.2
308172,   2.3,  -9.2,   7.8, 227.0, 173.7,1080.7,  -0.1,   2.5
308200,  -1.1,  -0.6,   6.5,  64.4,  -9.9,1184.2,   0.7,   2.3
308224,   0.3,  -2.8,   7.5, 225.8, 173.0,1284.3,   0.3,   2.1
308248,  -0.1,  -3.2,   4.9, 214.8,   3.6, 772.1,   0.1,   2.2
308272,  -4.8,   0.6,   1.0, 119.8, -79.5, 874.4,   0.4,   1.3
308300,   1.1,   8.7,   5.6,-393.6,-464.0,1499.4,  -1.8,   1.9
308324,   3.9,  -0.3,   5.8,-207.3,  93.4, 529.2,  -0.1,   2.0
308348,  -2.3,  -5.0,   4.3, 276.1, -15.2,1252.1,   0.4,   1.8
308372,   4.2,   5.1,   3.2, 152.6,  29.4, 459.8,   0.3,   1.7
308400,   0.8,   3.3,   2.9,-213.7, 175.2, 634.9,   0.1,   2.4
308424,  -1.3,   8.8,   4.7,-201.2,-131.5, 772.3,  -0.4,   2.2
308448,  -1.2,   1.8,   5.9,   7.3, 108.0, 663.2,  -0.1,   2.3
308472,  -5.0,   3.0,   4.3,-346.2, 183.0, 800.9,   0.1,   2.7
308500,  -3.7,   7.9,   1.0,-380.2,-129.3,1150.7,  -0.7,   2.3
308524,   1.2,   3.2,   1.4, -10.3,   3.8, 727.6,  -1.1,   2.2
308552,  -0.0,   2.1,  -0.8, -79.9, 143.2, 907.1,  -0.9,   2.4
308572,  -3.2,   1.5,  -1.4,-151.9,-116.6,1277.0,  -0.8,   1.9
308600,   4.2,   2.1,   3.0, 142.1,  34.8,1268.9,  -1.7,   1.9
308624,  -1.7,   2.0,   0.8,  21.5,-251.3,1135.4,  -1.6,   1.6
308648,  -1.2,   2.6,  -0.6, -84.0, -54.8,1071.1,  -1.6,   1.7
308672,   1.4,   4.4,   0.2,  68.1, -28.2, 973.5,  -2.0,   1.1
308700,  -1.8,  -5.0,  -0.3, 115.0,  -4.5,1083.6,  -2.3,   1.7
308724,  -0.4,  -0.1,   0.2, 103.5,-178.3,1211.0,  -2.6,   1.2
308748,   1.4,   1.9,   1.2,-264.2,  50.4, 853.1,  -2.3,   1.3
308772,  -2.7,  -5.7,  -0.5, 108.1,-254.3,1192.7,  -2.9,   1.3
308800,  -0.9,  -2.5,  -3.4,   0.9, 108.3, 881.2,  -2.8,   1.1
308824,  -1.3,   1.2,  -3.5, -45.2, -40.9,1035.0,  -2.9,   0.7
308848,  -2.0,  -0.2,  -2.8,  32.2,  85.1,1110.2,  -2.6,   0.4
308872,   5.2,   5.9,  -1.5,-573.5, -89.9, 108.0,  -3.3,   1.5
308900,   1.1,  -2.8,  -0.9, 306.1, 100.7, 910.0,  -3.0,   1.1
308924,   2.1,  -0.4,  -4.1,  78.3,  53.4, 899.5,  -2.6,   1.0
308948,   0.2,  -4.8,  -6.5, 168.9, -17.0,1131.9,  -2.5,   1.1
308976,  -1.2,  -0.6,  -6.9,  91.3, -91.7,1156.4,  -3.2,   0.5
309000,  -0.9,   4.3,  -9.0,-226.6, -38.4, 918.6,  -3.5,   0.9
309024,   0.5,   1.1,  -8.2,-144.8, -73.3, 834.3,  -3.0,   0.9
309052,  -0.2,  -1.7,  -5.3,  99.6, -98.2,1295.8,  -3.1,   0.8
309076,   3.4,  -0.4,  -3.8,  44.2, 145.4, 635.4,  -2.5,   0.4
309100,  -3.3,  -3.6,  -3.0, 404.5,-336.8,1632.7,  -2.1,   0.1
309124,  -1.8,   2.1,  -3.5, -74.7, -50.4, 967.4,  -2.2,   0.7
309148,   0.6,  -1.5,  -3.7, 117.4, -17.4,1020.1,  -2.1,   0.6
309176,  -1.2,  -2.1,  -2.1, 193.3,  54.3, 931.5,  -1.6,   0.4
309200,  -2.7,   2.9,  -2.0,-292.3,-184.4, 881.9,  -2.2,   1.0
309224,   5.4,  -0.6,  -0.8,  75.4,  24.6, 842.6,  -3.0,   1.1
309248,   3.3,  -1.9,  -2.8, -48.6,  81.2, 877.1,  -2.3,   1.2
309276,   4.0,   2.1,  -3.6,-137.0, -56.5, 696.9,  -2.1,   1.0
309300,  -4.2,  -1.6,  -6.7,  78.8,-346.5,1363.1,  -2.3,   0.7
309324,  -0.2,  -5.0,  -5.0, 138.6, -36.2, 944.0,  -2.6,   0.7
309348,  -1.5,  -1.2,  -3.7,   3.4,-189.3,1277.9,  -2.7,   0.9
309374,   2.8,  -3.1,  -3.1,  14.6,  55.8, 784.8,  -2.2,   0.8
309398,   3.3,  -2.9,  -1.2,  88.3, 222.6, 995.2,  -1.9,   0.6
309426,   3.6,  -1.5,  -2.8,  25.6, -13.3, 588.2,  -2.0,   0.6
309450,   1.3,  -5.0,  -4.4, -24.2, -49.2, 987.9,  -2.3,   1.0
309474,   2.4,  -1.2,  -3.6, 113.0,   2.1,1013.8,  -2.3,   0.4
309498,   0.3,  -3.6,  -2.9,  52.0, 161.8, 984.0,  -1.5,   0.4
309526,   2.1,   4.7,  -3.1,-272.7,  49.0, 914.2,  -0.8,   0.4
309554,  -1.9,  -3.9,  -1.9, -25.9,-283.1,1261.1,  -1.0,   0.3
309574,  -4.2,  -1.9,  -2.2, 105.4,-144.9,1088.5,  -0.6,  -0.2
309598,  -3.7,   0.1,  -3.7,  -0.5, -12.1,1043.8,  -0.6,  -0.6
309626,   1.8,   0.8,  -5.4,-208.8, 213.5, 622.9,  -0.3,   0.1
309650,   0.0,  -6.4,  -4.4, 262.9, -53.3,1227.9,  -0.3,  -0.3
309674,  -4.5,  -0.1,  -4.2, -35.7,  41.6,1136.1,  -0.6,  -0.0
309698,   0.5,   2.2,  -3.5,-201.9,  17.2, 981.8,  -0.9,  -0.1
309726,   1.9,   0.2,  -1.6,  94.2,-122.9,1241.6,  -0.8,  -0.5
309750,   2.9,   4.6,  -1.9,-255.6, 134.4, 776.7,  -0.4,  -0.3
309774,  -0.1,   1.6,  -1.7,  -7.8,-143.2,1042.8,  -0.6,  -0.1
309798,  -2.2,  -6.6,  -1.1, 100.6,-197.9,1295.8,  -0.8,   0.5
309826,  -1.2,   2.9,  -1.6,-141.9,  30.9, 942.5,  -0.6,   0.1
309850,  -5.0,   6.5,  -4.7,-148.5,-157.8,1576.8,  -0.4,  -0.1
309874,  -8.0,  -1.7,  -3.3, -17.4,-269.9,1415.1,  -0.9,   0.1
309898,  -5.6,  -3.4,  -3.6,  65.4,-153.7, 952.0,  -0.6,   0.1
309926,  -6.9,  -0.9,  -6.7,-216.3,-133.6,1164.2,  -0.6,  -0.0
309950,   2.9,  -5.1,  -2.6, -18.3,-307.7, 863.6,  -1.9,   0.9
309974,   4.1,  -5.4,  -2.6, 323.5, 305.6, 929.1,  -0.9,   0.5
310002,   9.0,   3.1,  -2.6,   1.9,  61.7, 655.6,  -1.5,  -0.4
310026,   5.4,  -3.9,  -5.0,  35.9,  79.7, 781.4,  -0.7,   0.4
310054,   5.5,   1.0,  -2.5,  24.9,-184.4, 952.5,  -0.7,   0.4
310074,   7.0,   2.1,  -2.8,-283.7, 116.8, 567.5,  -0.5,   0.5
310102,   4.1,  -2.0,  -2.3,-491.2,-130.2, 364.1,  -0.7,   1.3
310126,   1.0,   3.5,  -1.9,-174.3,-235.5,1149.0,  -1.1,   0.8
310150,   4.7,   8.7,  -1.1,-162.1,-121.7, 836.8,  -1.4,  -0.4
310174,   7.2,   1.3,  -0.8,-202.4,   4.3,1113.6,  -0.8,   0.5
310202,   4.9,  -0.1,  -0.4, 114.0, -48.2,1298.0,  -0.2,   0.5
310226,   6.5,   1.9,  -0.3, -44.5, 185.9, 715.9,   0.0,   0.4
310250,   6.2,   1.9,  -1.8,  -8.3,  42.1, 881.0,  -0.1,   0.7
310274,   3.3,   4.1,  -2.3, -94.3,  12.3, 717.6,  -0.4,   0.8
310302,   7.9,  -0.1,  -2.5,   5.6, 269.9,1003.8,  -0.2,   0.9
310326,   3.6,  -2.5,  -1.8,  83.7, -27.7,1032.6,   0.3,   0.9
310350,   6.2,   5.1,  -2.8,-275.7,   7.2, 997.2,   0.1,   1.1
310374,  -0.9,   1.5,  -3.0,  26.6,-143.2,1126.6,   0.3,   0.8
310402,   3.2,  -1.2,  -1.6, 112.0, 238.4, 933.5,   0.5,   0.5
310426,   3.0,  -0.2,  -0.4,-121.1,-145.1,1130.2,   0.1,   1.5
310450,   5.3,   6.1,  -0.6, 135.5,-119.7,1000.6,   0.8,   0.2
310474,   1.0,   0.2,  -3.1,-273.2,-259.9,1007.9,   1.3,   0.8
310502,   1.3,   1.0,  -5.6,-139.2, -13.0, 860.5,   1.3,   1.2
310526,  -3.4,   4.1,  -3.7,  22.9, -81.2, 921.7,   0.7,   0.5
310554,  -3.9,   0.3,  -2.5, 153.8, 134.2, 920.8,   0.7,   0.4
310574,  -3.8,  -0.4,  -2.0,  34.9,-102.9,1003.5,   0.4,   0.6
310602,  -0.2,   1.5,  -2.0,   6.3, -23.1, 989.4,   0.2,   0.3
310626,   1.3,   1.1,  -1.2, -79.1,  97.1, 884.1,   0.6,   0.5
310650,   2.9,  -1.8,  -2.4,  60.5,  45.8, 766.0,   0.2,   0.8
310674,  -2.5,  -2.8,  -2.0,  83.7,-109.0, 951.8,  -0.6,   0.8
310702,  -3.7,   0.7,  -2.6, -67.2,-239.6,1104.6,  -1.2,   0.7
310726,  -2.5,   0.7,  -3.9, -93.1,  30.4, 918.3,  -0.7,   0.7
310750,  -2.2,  -4.1,  -5.5, -53.7, 152.5, 868.5,  -0.0,   0.8
310774,  -4.2,   0.7,  -3.4, -74.5,-780.6,1152.7,  -0.9,   0.8
310802,   1.0,  -0.7,  -3.0,  32.7, 193.0, 997.7,  -1.2,   0.4
310826,   3.5,   3.7,  -4.8, -89.6, -47.2,1092.9,  -0.9,   0.4
310850,   1.4,  -0.5,  -4.1,  39.8, -75.8, 930.5,  -0.6,   0.6
310874,   1.7,  -5.5,  -3.0, 164.0,  38.5, 885.1,  -0.5,   0.6
310902,  -2.3,  -2.9,  -4.7, 170.6, -69.9,1076.5,  -1.0,   0.3
310926,  -1.8,  -1.0,  -4.3,  61.7,-137.6,1335.8,  -0.8,   0.4
310950,   0.7,   1.3,  -3.2, -46.7, -98.0,1103.4,  -1.0,   0.2
310976,   4.7,  -0.3,  -2.2, -26.2,  51.9, 778.4,  -0.8,   0.4
311000,   1.1,  -2.9,  -4.3,-136.3, -74.3, 746.4,  -0.5,   0.9
311024,  -1.7,  -2.8,  -7.3,  52.2,-153.2,1149.8,  -0.7,   0.4
311052,  -1.9,   0.4,  -7.6, -94.8, -10.1,1245.5,  -0.7,   0.5
311076,  -0.9,  -1.6,  -6.5, 156.2, -44.0,1300.6,  -1.0,   0.3
311100,   1.8,  -3.4,  -6.0,  90.8, 241.8, 891.2,  -0.4,   0.3
311124,  -0.9,   1.4,  -4.0, 176.2, 128.6, 923.0,  -0.3,  -0.2
311152,   9.3,   1.9,  -2.2,-341.1, 131.2, 721.8,  -1.0,   0.8
311176,   3.6,  -4.0,  -3.1, -13.9,  14.8,1204.4,  -0.7,   0.9
311200,   3.1,  -1.7,  -5.1, 171.4,  38.5, 995.7,  -0.3,  -0.0
311228,   3.3,  -0.9,  -4.3,   3.9,  -6.7, 857.8,  -0.2,   0.4
311252,   0.7,   0.9,  -5.3,-186.8, -87.8, 868.3,  -0.6,   0.5
311276,  -3.4,   2.1,  -4.8, -74.0,-258.9,1391.5,  -0.5,   0.2
311300,  -0.7,   0.8,  -4.7,-137.7, -38.4, 956.2,  -0.2,   0.4
311328,  -1.8,  -4.4,  -3.2,   4.1,-120.0,1128.3,  -0.1,   0.6
311352,   4.1,   1.2,  -4.4,-122.8, -22.6, 825.3,  -0.3,   0.7
311376,   0.3,   3.4,  -5.3, -77.7,  -9.6,1016.9,  -0.5,   0.4
311400,   2.3,   5.5,  -3.4,-203.6, 174.7, 714.5,  -0.1,   0.3
311428,   0.6,   3.9,  -3.5,-168.0,-109.2, 917.8,  -0.3,   0.7
311452,   0.6,  -0.5,  -4.0, -90.6,  55.6, 891.5,  -0.2,   0.8
311476,  -0.2,  -1.4,  -4.7,-114.3, -57.7, 964.2,  -0.1,   1.0
311500,  -1.9,   1.8,  -4.5,  27.1,-155.9,1059.7,  -0.6,   0.6
311528,  -2.6,   1.6,  -5.6, -19.8,-109.0,1461.8,  -0.7,   0.3
311556,   2.4,  -2.9,  -5.1, -24.9, -53.6,1231.3,  -0.7,   0.3
311576,   3.8,  -3.8,  -4.9,  42.2,  15.5,1144.4,  -0.2,   0.4
311600,   1.4,   2.9,  -7.2,-226.8,  67.3, 744.2,   0.3,   0.0
311628,  -1.5,  -1.2,  -5.9, -20.1, -45.3, 905.6,   0.2,   0.2
311652,  -0.4,   2.6,  -6.6,  33.4,  91.9, 819.2,   0.0,  -0.1
311676,  -3.1,  -0.7,  -4.8,  25.4, -95.3,1179.5,  -0.3,  -0.1
311700,   0.2,   2.8,  -5.3, -97.2,  20.2,1006.7,  -0.2,  -0.0
311728,   1.4,   1.4,  -4.4,-181.7,   9.4, 874.1,  -0.1,   0.2
311752,   2.2,   0.8,  -5.8, -58.6, -33.1, 909.3,  -0.2,   0.1
311776,   0.5,   0.4,  -7.7, -17.9, -43.6,1012.6,  -0.5,   0.1
311800,   0.2,   1.0, -10.0,  39.3, -67.7,1025.5,  -0.8,  -0.1
311828,  -0.6,  -0.7,  -8.0,  38.3, -86.0,1034.5,  -1.1,  -0.2
311852,  -1.6,  -2.6,  -4.0,-238.1,-129.7, 952.5,  -0.8,   0.4
311876,  -0.7,  -2.2,  -4.1,-194.4, -70.4, 897.1,  -0.9,   0.4
311900,   1.0,  -4.2,  -4.0,  10.5, -50.2,1033.3,  -1.1,   0.4
311928,  -1.1,  -2.5,  -7.7,  14.9, -72.4,1014.0,  -1.2,   0.1
311952,  -2.9,  -5.1,  -7.3, 201.6, -44.8, 991.8,  -1.3,   0.0
311976,  -2.2,  -0.6,  -7.4,  -7.4,   2.8,1008.4,  -1.4,  -0.1
312000,  -1.7,   4.8,  -7.0,-165.1,  75.1, 918.8,  -1.0,  -0.3
312028,   1.0,   0.7,  -6.2,  -5.2, 138.3, 909.0,  -0.1,  -0.3
312056,  -3.9,   5.6,  -5.4,-203.9, -84.8,1057.5,  -0.3,   0.1
312076,  -1.5,   1.5,  -3.3,   5.3,-189.3, 988.6,  -1.2,  -0.0
312100,  -0.5,  -1.7,  -5.7,  74.2, -69.9,1102.6,  -2.0,  -0.0
312128,   1.9,  -1.4,  -7.5,  57.3,  47.5,1001.1,  -1.4,  -0.0
312152,   0.3,  -0.7,  -8.6,  -1.7, -90.2,1121.9,  -1.0,  -0.0
312176,   0.4,  -3.2,  -8.9, 130.6,-110.0,1169.5,  -1.0,  -0.1
312200,   1.9,  -3.2,  -7.3,  83.7,  21.1, 875.8,  -1.1,  -0.2
312228,  -0.7,   0.9,  -7.4,  89.3, -44.0,1045.8,  -1.2,  -0.3
312252,  -2.7,   0.4,  -4.7,  28.5,-110.5,1075.1,  -1.2,  -0.2
312276,  -1.1,  -0.8,  -5.5,   8.5, -81.4, 983.0,  -1.5,  -0.1
312304,   1.0,  -0.2,  -6.7,   4.6,  24.3, 980.6,  -1.8,  -0.1
312328,   0.7,  -1.0,  -6.4,  24.1,  68.3, 960.3,  -1.6,   0.0
312352,   1.4,  -4.0,  -3.5, -13.0,  20.2,1083.4,  -1.5,   0.2
312376,   0.2,  -1.7,  -2.3, -47.4,  30.4, 987.4,  -1.4,   0.4
312404,   0.9,   0.2,  -2.2, -41.8, -33.3,1053.1,  -1.5,   0.3
312428,  -0.0,   0.7,  -1.4, -51.8,  44.1, 998.9,  -1.2,   0.3
312452,   0.3,  -1.2,  -2.3,  28.0, -10.1,1001.1,  -1.1,   0.4
312476,  -0.3,  -2.7,  -3.4, 158.7, -11.8,1087.7,  -1.0,   0.4
312504,  -0.7,  -0.0,  -2.2,  59.8, -21.1, 957.6,  -1.3,   0.3
312528,  -1.1,  -0.0,  -3.6,  53.2,  -0.1,1008.2,  -1.4,   0.3
312556,  -0.3,  -1.5,  -4.2,  35.6,   2.3,1005.0,  -1.4,   0.2
312579,  -1.0,  -2.7,  -3.6,  62.2, -24.8,1080.2,  -1.3,   0.4
312603,  -0.0,  -3.7,  -4.2,  92.0,  -8.4,1056.5,  -1.1,   0.2
312627,   0.2,  -2.3,  -4.4,  54.7,  84.6, 950.3,  -1.0,   0.0
312651,  -1.0,  -1.0,  -4.1,  78.6,  43.4, 986.2,  -0.8,  -0.1
312679,  -1.8,  -2.3,  -3.7,  40.5,  49.9, 936.6,  -0.2,  -0.1
312703,  -1.1,   0.6,  -3.4,   6.1,  21.1,1117.5,   0.1,  -0.1
312727,  -1.0,   0.1,  -3.0,  92.3, -12.8, 937.8,  -0.2,  -0.3
312751,   0.7,  -0.1,  -4.8,  -0.3, -68.2,1049.7,  -0.9,  -0.3
312779,   0.3,  -2.5,  -4.8,  17.1, -59.9, 986.4,  -1.0,  -0.4
312803,  -0.2,   1.6,  -9.4, -66.4,-191.5,1029.9,  -1.7,  -0.7
312827,  -0.2,  -2.9,  -8.5, -46.7,  49.7,1014.5,  -1.4,   0.0
312851,   0.8,  -4.5,  -5.6, -53.0,  94.1, 937.6,  -0.5,   0.3
312879,   0.2,  -4.2,  -3.9,-111.6,  46.8, 957.1,  -0.2,   0.7
312903,   0.0,  -0.5,  -2.3, -75.5, -69.0,1027.7,  -0.4,   0.6
312927,  -0.5,   0.1,  -0.4,   0.2,  15.8, 959.1,  -0.4,   0.4
312951,  -1.9,  -0.3,   1.4,  51.7,   8.0,1063.6,  -0.2,   0.1
312979,  -0.3,   0.7,   1.7, -14.2,  71.2, 991.3,   0.3,   0.3
313003,  -1.2,  -0.7,   1.9,  50.3,  81.7, 961.3,   0.5,   0.4
313027,  -1.1,   0.5,   3.0,  41.0, -37.5,1037.5,   0.4,   0.5
313055,  -2.0,   2.1,   4.0, -81.1,  32.1, 982.3,   0.4,   0.6
313079,  -0.9,   0.7,   6.5, -66.0,  72.4, 931.3,   0.4,   1.0
313103,  -1.1,   4.0,   8.1,-176.1,  47.7, 907.6,   0.8,   1.2
313127,  -1.9,   1.9,   8.8,-129.2, -10.6,1017.4,   1.0,   1.4
313151,  -0.4,   3.3,  10.1, -94.0,  -0.3, 876.1,   1.2,   1.2
313179,  -0.3,   1.8,  11.9,   2.9, -44.0,1010.8,   1.0,   1.1
313203,   0.0,   4.0,  10.1,-147.7,  -0.3, 924.7,   0.7,   1.2
313227,   0.4,   2.0,   9.6, -59.8,  82.7,1049.7,   0.8,   1.3
313251,  -1.9,   1.8,   8.7,   9.2, -42.1,1021.1,   1.2,   1.5
313279,  -0.7,   1.5,  10.0,  28.5, 105.6, 863.6,   1.0,   1.6
313303,  -2.9,   1.9,   9.6,  89.8,  20.6, 980.6,   0.8,   1.4
313327,  -4.0,   2.4,  11.8,-335.2,-222.0, 841.7,   0.5,   1.8
313351,  -2.3,   2.2,  10.7, -50.1,-202.0,1079.9,  -0.0,   1.5
313379,   1.4,   4.9,   8.2,   5.6,  65.3,1042.1,  -0.3,   1.3
313403,   0.2,   1.7,   8.0, -93.5,  78.3, 950.1,   0.1,   1.4
313427,   0.2,   0.4,   8.3,  10.0,  39.2,1077.7,   0.4,   1.4
313455,  -2.2,  -0.8,   7.7,  13.4, -41.4,1076.5,   0.3,   1.4
313479,  -2.3,   1.1,   9.4,   0.7,   7.7,1044.3,   0.1,   1.4
313503,  -2.7,   0.8,   7.4, -57.9, -13.8, 984.0,  -0.0,   1.4
313527,  -0.4,  -0.9,   6.5,  18.0,  -9.9,1111.9,  -0.2,   1.2
313555,   1.3,   0.8,   5.8, -40.1,  96.6, 895.4,  -0.0,   1.3
313579,  -0.6,  -2.9,   6.2,  90.5, -57.5, 970.1,  -0.1,   1.1
313603,  -2.0,  -0.5,   5.3,  40.3, -85.1,1008.9,  -0.6,   0.9
313627,  -2.9,   2.4,   5.2,-201.9,  -8.9, 892.7,  -0.8,   1.0
313655,  -2.7,   1.1,   4.7, -26.2,-121.7,1063.6,  -1.1,   0.8
313679,  -1.2,   1.5,   3.1,   2.7,-152.2,1168.8,  -1.5,   0.7
313703,  -0.2,  -0.6,   3.1,  64.4, -28.7, 990.6,  -1.8,   0.7
313727,  -1.4,  -2.1,   1.8,  -2.7,-115.1,1055.3,  -2.2,   0.7
313755,  -0.7,  -1.7,   1.8, -19.1,  63.4, 967.4,  -1.8,   0.7
313779,   0.1,  -1.7,   4.1,  13.9, -91.7,1089.2,  -1.6,   0.6
313803,   0.4,  -0.5,   5.6, -19.8, -18.9,1034.8,  -1.6,   0.4
313827,   0.9,   0.8,   4.2,   4.6,  16.5, 963.7,  -1.5,   0.3
313855,   0.9,   2.4,   3.8,-291.0, -76.3, 570.4,  -1.4,   0.7
313879,   2.1,   2.2,   3.2,-164.8,-170.8,1186.1,  -1.8,   0.5
313903,   1.8,   0.5,   1.6,  42.9,  60.9, 959.8,  -1.5,   0.3
313927,   1.3,  -0.9,   2.2,  26.1, -37.2, 979.6,  -1.4,   0.4
313955,   1.1,  -1.4,   1.7,  -0.0,  42.9, 881.0,  -1.2,   0.5
313979,   1.0,  -0.4,   3.1,  14.1,  16.0,1030.4,  -1.2,   0.5
314003,  -1.0,   0.2,   3.8,  33.4, -32.3, 990.6,  -1.0,   0.5
314027,  -0.7,   1.5,   3.8,-143.8, -83.6, 969.3,  -1.0,   0.5
314055,   0.0,   1.6,   3.2, -18.8, -16.5, 911.0,  -1.0,   0.5
314079,   0.2,  -1.7,   4.1,  60.3,  19.9, 906.4,  -0.9,   0.5
314103,  -0.9,  -0.8,   2.7,   8.3, -65.3,1038.9,  -0.7,   0.5
314127,   0.0,  -0.4,   1.9,  -5.2, -19.9,1009.9,  -0.9,   0.4
314155,  -0.9,  -0.7,   2.7,  32.9,  15.3,1004.5,  -1.0,   0.5
314177,  -0.1,  -0.8,   1.1,  37.3, -24.3,1065.0,  -0.9,   0.5
314205,   1.1,   1.2,   1.6,  48.3,  13.3, 985.9,  -1.0,   0.2
314229,   1.7,   0.5,   3.3,  11.9,  35.3, 961.0,  -1.0,   0.1
314253,   0.8,  -0.3,   2.8,  35.6, -18.4,1046.7,  -1.0,   0.3
314277,   0.4,   0.5,   2.4,  34.6, -34.0, 929.1,  -1.1,   0.3
314305,  -0.9,   2.6,  -0.5,  69.5,-134.6,1055.3,  -1.5,  -0.0
314329,   0.0,   3.3,  -1.1, -72.5,-104.4,1040.6,  -2.1,   0.2
314353,  -1.3,   0.4,  -0.1, -12.0,  -2.1,1000.8,  -1.9,   0.3
314377,   0.7,  -1.5,   1.4, -24.2,   3.8, 944.9,  -1.8,   0.6
314405,  -0.7,  -1.2,   0.2,  88.1,-130.5,1060.6,  -2.1,   0.4
314429,  -1.1,   2.2,   0.0,  31.0, -74.3, 983.0,  -2.6,  -0.0
314453,  -2.7,   2.9,   0.5,  44.6,-140.2,1068.7,  -3.2,  -0.0
314477,  -3.3,   3.3,   1.1, -31.0,-132.2,1011.1,  -3.7,   0.1
314505,  -2.6,   2.5,   2.0, -22.2, -50.2,1038.4,  -3.7,   0.3
314529,  -0.9,   1.6,   2.8,  13.6,-117.0,1016.9,  -3.8,   0.5
314557,  -0.3,   0.5,   1.4,  15.8,-150.7,1000.3,  -4.0,   0.4
314581,  -0.7,   0.7,   1.1, -24.2,-181.7,1005.7,  -4.6,   0.6
314605,  -0.5,   0.4,   0.2, -23.2,-121.4,1022.1,  -5.0,   0.6
314629,  -0.3,  -0.4,  -0.3,   5.8, -74.3,1011.6,  -5.1,   0.5
314653,  -0.1,  -1.0,   0.5,  43.4, -88.2,1042.8,  -5.1,   0.5
314681,   0.7,  -0.4,  -0.2, -39.1, -29.9, 977.2,  -4.8,   0.6
314705,   0.6,  -1.5,  -0.2, -24.4, -46.5,1000.6,  -4.6,   0.7
314729,   0.9,  -1.8,  -0.9, -20.1, -79.2,1002.8,  -4.6,   0.6
314753,   0.5,  -0.9,  -1.9, -13.0, -77.7,1002.1,  -4.7,   0.4
314781,  -0.4,  -0.7,  -1.7,  11.0, -49.7,1029.9,  -4.6,   0.3
314805,  -0.1,  -1.7,  -1.0,  -9.8,   4.8, 983.3,  -4.3,   0.3
314829,   0.2,  -1.8,  -0.7, -20.5, -21.3,1013.0,  -4.0,   0.3
314853,  -0.1,  -1.1,  -0.8, -24.4, -33.1,1003.3,  -3.7,   0.3
314881,   0.5,  -1.4,  -0.5,  -5.6,   6.7,1012.3,  -3.4,   0.3
314905,   0.7,  -1.2,  -0.5,  18.0,  18.2,1010.8,  -3.1,   0.2
314929,   0.6,   0.1,  -0.4, -11.0,  -3.0,1006.0,  -2.8,   0.2
314953,   0.8,  -1.2,   0.2,  -2.7,  -8.9, 982.5,  -2.6,   0.2
314981,   0.2,  -0.7,  -0.1,   1.9,   1.1,1006.5,  -2.3,   0.1
315005,   0.1,   0.5,  -0.0,  -2.2,  26.5, 988.6,  -2.0,   0.0
315029,   0.3,  -0.7,   0.2, -28.8,  21.1, 988.1,  -1.6,   0.1
315057,   0.2,  -0.6,   0.6, -42.3,  13.8, 992.0,  -1.5,   0.1
315081,  -0.1,   0.2,   1.1,   5.8,  22.6,1003.0,  -1.3,   0.0
315105,  -0.3,   0.2,   0.9,   4.4,   4.8,1014.3,  -1.0,  -0.0
315129,   0.4,  -2.3,   1.0, -18.1,   9.9, 989.4,  -0.8,  -0.1
315153,  -0.3,   0.3,   0.2,  -3.7,  15.5,1010.1,  -0.6,   0.0
315181,   1.0,   0.3,   1.0,  -3.0,  20.4,1026.5,  -0.3,   0.0
315205,   0.7,  -0.5,   0.5,  27.6,  21.6,1025.0,  -0.0,  -0.1
315229,   0.0,   0.1,   0.3,  -8.1,  23.6,1009.1,   0.2,  -0.1
315253,  -0.4,   1.1,  -0.5,   2.9,  38.0, 996.2,   0.4,  -0.1
315281,  -0.8,   1.0,   0.9,   8.0,  25.5,1010.1,   0.6,  -0.1
315305,  -0.6,   0.2,   0.4,   2.9,   3.8, 995.0,   0.8,  -0.1
315329,  -0.6,   1.6,   0.3,  15.1,  36.5,1002.1,   0.9,  -0.0
315353,   0.1,  -1.2,   0.5, -10.3,  13.3, 995.2,   1.0,  -0.0
315381,  -0.1,   0.7,  -0.2,  19.5,   1.4, 976.2,   1.0,  -0.0
315405,  -0.6,  -1.0,   0.2,  27.6,  -2.3, 992.0,   1.0,  -0.1
315429,  -0.4,   1.0,   0.2, -12.7,  -2.8, 985.5,   0.9,  -0.0
315453,  -0.4,   0.7,  -0.4, -11.0, -17.2,1029.9,   0.8,  -0.1
315481,  -0.1,  -0.3,  -0.6, -12.0, -23.3,1015.0,   0.7,  -0.1
315505,  -0.3,  -0.1,   0.0,  -1.5, -29.2,1013.8,   0.6,  -0.0
315529,  -0.4,   0.7,   0.9,  10.5,  -0.6, 980.8,   0.4,   0.0
315557,  -0.6,  -0.6,   2.2,   5.8, -33.3,1010.4,   0.4,  -0.0
315581,  -0.9,   0.4,   1.3, -13.2, -47.2,1012.8,   0.1,   0.0
315605,  -1.9,   1.3,  -0.0,  -0.0,-140.7,1016.2,  -0.2,   0.1
315629,  -0.3,   0.3,  -0.2,  -2.7, -34.0,1006.7,  -0.4,   0.2
315653,   1.1,  -0.2,  -1.7,   1.9,   6.0, 999.1,  -0.4,   0.1
315681,   0.4,  -0.4,  -0.6,  21.5,   2.8, 982.3,  -0.4,   0.0
315705,   0.1,   0.4,  -0.9, -20.5, -15.0, 980.6,  -0.5,  -0.0
315729,  -0.9,   0.1,  -0.4,   5.6, -14.8,1000.6,  -0.6,   0.0
315757,  -0.3,   0.8,  -0.2, -24.9,  -8.9, 994.0,  -0.6,   0.1
315779,  -0.4,  -0.4,   0.1, -18.3,  -4.5, 998.1,  -0.5,   0.1
315807,   0.4,   0.8,  -0.3, -19.6, -39.2, 988.6,  -0.6,   0.2
315831,   0.5,  -2.3,  -1.1,  -3.9, -25.3,1010.8,  -0.7,   0.1
315855,  -0.0,   0.7,  -1.7,  23.9, -17.4,1014.8,  -0.7,   0.0
315879,  -0.1,  -0.4,  -1.1, -21.5,   6.0, 993.0,  -0.6,   0.1
315907,  -0.9,   1.0,  -0.8, -30.6,  12.1, 978.1,  -0.5,   0.2
315931,  -0.8,  -0.3,   0.2,  -3.0,   3.3, 988.9,  -0.4,   0.2
315955,   0.4,   1.0,   0.2,  11.2,   1.6,1019.9,  -0.4,   0.1
315979,   0.0,   0.7,  -0.0, -69.4,   9.9, 999.1,  -0.3,   0.2
316007,  -0.0,  -0.1,  -0.7,  -2.5,  -4.3,1010.8,  -0.3,   0.3
316031,  -0.3,  -0.8,  -1.5,  11.4, -17.9,1008.4,  -0.4,   0.2
316059,  -0.6,   1.2,  -0.9,  15.8,  -6.2, 991.8,  -0.4,   0.2
316079,  -0.7,  -0.1,  -1.3,  31.7,   8.7,1000.3,  -0.4,   0.3
316107,   0.2,  -0.3,  -1.1,  -5.6,  -3.0,1009.4,  -0.4,   0.2
316131,  -0.0,  -1.2,  -0.4, -27.6,  -9.9, 992.8,  -0.5,   0.2
316155,   0.2,  -0.6,  -0.6,  -5.4,  -2.1, 999.6,  -0.4,   0.2
316179,   0.0,   0.5,  -1.7, -16.6, -29.4,1009.1,  -0.5,   0.1
316207,  -0.3,   0.7,  -0.9,  38.8, -11.3,1008.2,  -0.5,   0.1
316231,  -0.1,   0.2,  -0.9,  34.9,  12.3, 990.3,  -0.5,   0.1
316255,  -0.0,  -0.5,  -0.4, -10.3, -12.1,1003.0,  -0.4,   0.1
316279,  -0.7,  -0.4,  -0.6,   2.7,   0.4,1001.1,  -0.4,   0.1
316307,   0.9,  -0.0,  -0.7,  20.2,  -3.8,1000.3,  -0.4,   0.1
316331,   1.0,  -0.5,  -0.8, -26.2,   7.2,1012.3,  -0.3,   0.1
316355,   1.1,   0.4,  -1.4, -12.2,  -1.6,1002.8,  -0.2,   0.3
316379,   0.3,  -0.8,  -1.5,  10.0,  -1.8,1001.3,  -0.2,   0.3
316407,  -0.6,  -0.3,  -0.9,   8.0,  19.2, 996.0,  -0.1,   0.2
316431,  -1.1,   0.4,  -0.8,  29.5, 136.6, 883.6,   0.1,   0.2
316455,  -0.8,   3.6,  -0.3, -50.6,  11.4, 935.2,   0.1,   0.2
316479,  -0.3,  -0.6,  -0.1,   3.1, -33.8,1028.2,  -0.1,   0.2
316507,   0.6,  -0.3,   0.5,   5.3, -18.7,1010.6,  -0.2,   0.2
316531,  -0.5,   0.7,  -0.9, -21.3, -35.7,1018.9,  -0.4,   0.3
316559,  -0.3,   1.8,  -2.0,  -1.3, -51.1,1026.7,  -0.4,   0.3
316579,   0.2,   0.4,  -2.8,   1.2, -54.3,1009.1,  -0.7,   0.2
316607,  -0.1,   0.3,  -2.7,  -7.1, -36.5,1008.6,  -0.9,   0.1
316631,  -0.3,   0.5,  -2.2,  -6.1, -32.1,1010.4,  -0.9,   0.2
316655,   0.2,  -0.3,  -1.5, -31.0, -15.2,1017.2,  -1.0,   0.3
316679,  -0.4,   2.1,   0.3, -25.2, -19.6,1017.7,  -1.0,   0.4
316707,  -0.0,   2.2,   1.2, -28.8, -35.7,1003.0,  -1.2,   0.5
316731,  -0.1,   1.3,   1.9, -48.1, -27.0,1009.1,  -1.2,   0.7
316755,  -0.3,   0.1,   1.3, -14.7, -41.1, 992.3,  -1.3,   0.6
316779,   0.2,   0.7,   0.9, -23.0, -68.2,1010.4,  -1.4,   0.6
316807,   0.3,  -1.1,  -0.3, -23.5, -51.1, 985.2,  -1.6,   0.7
316831,  -0.1,  -0.6,  -0.5, -22.2, -16.0, 994.7,  -1.7,   0.7
316855,   0.6,   0.2,  -0.1,  14.9, -17.0,1002.1,  -1.6,   0.7
316883,  -0.4,  -1.1,   0.5,  16.8,   7.0, 996.0,  -1.5,   0.6
316907,   0.5,   0.8,   0.0,  37.8,  -9.1,1008.9,  -1.3,   0.5
316931,   0.3,  -1.1,   0.2, -54.5, -73.3, 982.8,  -1.3,   0.5
316955,  -1.1,   2.2,  -0.1,-143.1, -25.7, 966.9,  -1.1,   0.5
316983,   0.2,   1.1,  -0.4,-101.4,  -6.2, 981.8,  -0.9,   0.5
317007,  -0.5,  -0.6,   0.2,   5.8, -11.6, 998.1,  -0.9,   0.3
317031,  -0.0,  -1.6,  -0.9,   4.4,   1.1,1019.6,  -0.8,   0.3
317059,  -0.3,  -0.6,  -0.4,  18.8,   5.3, 999.6,  -0.8,   0.2
317083,  -0.1,   0.5,  -0.1, -31.3,  15.0, 997.9,  -0.7,   0.2
317107,  -1.4,   0.1,  -0.9, -11.5,-225.0, 945.7,  -0.9,   0.3
317131,  -0.5,  -4.8,  -0.1, 198.7,  57.0,1007.7,  -0.8,   0.5
317155,  -0.7,  -2.7,  -0.4, 229.9, -30.1,1085.8,  -0.7,   0.1
317183,  -0.4,   0.7,  -1.5,-165.8, -11.3, 981.1,  -0.9,   0.6
317207,  -0.5,   0.1,  -0.4, -21.5, -17.4,1022.1,  -0.7,   0.5
317231,   0.1,   1.5,  -0.1, -74.7, -11.8,1010.1,  -0.7,   0.5
317255,   0.2,   1.1,   0.0,  25.4,  -2.5,1009.9,  -0.7,   0.5
317283,  -0.0,   0.6,  -0.2, -30.1,   9.4,1007.4,  -0.6,   0.4
317307,  -0.2,   0.1,  -0.2, -11.8, -18.4,1009.9,  -0.6,   0.4
317331,  -0.1,  -1.7,   0.0,  21.7,   0.1,1007.7,  -0.6,   0.4
317355,  -0.1,  -0.6,   0.1,   2.9, -25.3,1014.0,  -0.6,   0.4
317381,  -0.2,   0.2,  -0.6, -21.0, -21.3,1019.4,  -0.6,   0.5
317405,   0.9,  -0.9,  -0.3, -15.7,  -3.3, 996.2,  -0.7,   0.4
317433,   0.1,   1.6,  -0.0,  13.2,  -0.3,1021.1,  -0.6,   0.3
317457,   0.8,  -1.3,  -0.1,  12.4,  -0.8,1031.1,  -0.6,   0.3
317481,   0.5,  -0.4,  -0.0,  27.1,   1.4,1002.3,  -0.6,   0.3
317505,  -1.0,   0.9,  -0.7, -10.5, -19.1,1015.2,  -0.5,   0.3
317533,  -1.0,   1.6,  -0.3,  -9.6,  -0.1, 985.9,  -0.5,   0.3
317561,  -0.4,   0.7,  -0.4, -34.7, -28.4, 969.8,  -0.5,   0.4
317581,  -0.1,   2.9,  -0.1, -28.6,  -9.9, 977.2,  -0.5,   0.4
317605,  -0.5,   0.2,  -0.3,   5.6, -11.8,1019.1,  -0.6,   0.4
317633,   0.3,   0.8,  -0.6, -10.0, -31.4, 999.4,  -0.6,   0.4
317657,  -0.2,   0.1,   0.0, -27.6,   0.9, 981.3,  -0.6,   0.5
317681,  -0.4,   1.2,  -0.4, -23.7,   5.3, 993.3,  -0.5,   0.5
317705,  -0.1,   0.2,  -0.1, -29.8, -19.4,1016.0,  -0.5,   0.6
317733,   0.5,   0.1,  -0.8, -43.7, -16.5, 993.5,  -0.5,   0.6
317757,   0.9,   0.7,  -0.3,   5.6,   4.8, 936.1,  -0.5,   0.6
317781,   0.2,   0.9,  -0.0, -17.9,  -2.5,1004.0,  -0.4,   0.5
317805,  -0.1,   0.1,  -0.4,  -5.9,   3.1,1016.0,  -0.4,   0.6
317833,   0.3,   0.1,  -0.3,  -9.6, -24.8,1009.1,  -0.3,   0.6
317857,   0.5,   0.2,   0.4, -24.4, -27.7, 983.0,  -0.4,   0.6
317881,   0.8,  -0.6,   0.1, -66.2,  48.7, 961.0,  -0.4,   0.7
317905,  -0.5,   0.1,  -0.7, -34.7,   0.6, 969.6,  -0.3,   0.7
317933,   0.5,  -0.0,  -0.7,   9.2, -18.7,1011.6,  -0.3,   0.6
317957,   0.3,   0.1,  -0.6,  10.0, -12.8, 999.1,  -0.3,   0.6
317981,  -0.3,   0.5,  -0.2,  12.7,  -4.0, 992.0,  -0.3,   0.5
318009,  -0.2,  -0.2,  -0.9, -19.3,   5.8,1008.4,  -0.2,   0.5
318033,  -0.1,   0.2,  -0.0, -26.2, -18.7, 990.8,  -0.2,   0.6
318061,  -0.7,  -0.4,  -0.3,  -2.7,  -5.7,1023.5,  -0.2,   0.5
318081,   0.5,  -0.2,  -0.4,  14.6,   3.1,1007.7,  -0.3,   0.5
318109,  -0.0,  -0.6,  -0.8,  -3.0, -18.2, 996.0,  -0.4,   0.4
318133,  -0.0,   0.2,  -0.2,   2.2,  25.5, 993.0,  -0.3,   0.5
318157,   0.5,  -1.7,  -0.3,  23.9,   3.3,1004.3,  -0.3,   0.4
318181,  -0.7,   1.0,  -0.3, -11.3,   2.1, 985.9,  -0.2,   0.3
318209,   0.0,   1.1,  -0.6,   2.2,   6.0,1013.3,  -0.1,   0.2
318233,  -0.3,   0.8,  -0.5, -10.8,  -7.2,1029.4,  -0.1,   0.3
318257,  -0.1,   1.0,   0.6,  15.1, -28.4,1012.6,  -0.2,   0.3
318281,  -0.2,   1.3,   1.4, -11.0,  -5.7, 980.3,  -0.3,   0.5
318309,   0.2,   1.1,   1.5, -16.6, -19.9, 998.4,  -0.2,   0.6
318333,  -0.3,   0.4,   0.8, -12.0, -17.4,1012.1,  -0.3,   0.7
318357,   0.2,   1.1,   1.4, -58.4, -31.8, 997.9,  -0.3,   0.8
318381,  -0.5,   1.3,   0.7, -15.2,  -1.1, 991.3,  -0.3,   0.8
318409,   0.2,   0.5,   0.4, -25.7, -20.6,1008.9,  -0.4,   0.8
318433,   0.0,   0.3,  -0.0, -33.5, -24.3,1008.9,  -0.5,   0.9
318457,   0.0,   0.2,   0.3,  -8.6,  11.9,1011.1,  -0.5,   0.9
318481,   0.4,  -0.2,   1.0, -17.4,  13.3,1009.4,  -0.4,   0.9
318509,   0.3,   0.1,   0.1, -19.6, -21.6,1028.2,  -0.4,   0.9
318533,   0.1,  -0.9,   0.2,   1.7,   3.6,1014.0,  -0.3,   0.8
318561,   0.0,   0.3,   0.7, -21.8, -11.8,1042.3,  -0.3,   0.9
318581,  -0.3,   1.2,   0.6, -53.5,  11.4, 978.4,  -0.3,   0.8
318609,   0.1,  -0.3,   0.2, -23.5, -12.6, 994.0,  -0.2,   0.9
318633,  -0.4,   0.2,  -0.4,   5.8,   4.3,1004.0,  -0.2,   0.9
318657,  -0.4,  -0.3,  -0.0, -26.6,   7.5, 995.0,  -0.2,   0.9
318681,  -1.1,  -1.8,  -0.1, -20.8, -20.1, 984.0,  -0.2,   0.9
318709,  -0.6,   0.1,  -1.1,   6.6,   7.7, 993.8,  -0.2,   0.8
318733,  -0.6,   1.1,  -0.3, -23.0, -19.1,1010.6,  -0.2,   0.9
318757,  -0.9,   0.4,  -0.0, -24.7, -29.6,1010.1,  -0.3,   1.0
318781,  -0.5,   0.9,  -0.2,  10.7, -21.6,1000.6,  -0.4,   0.9
318809,  -0.2,   0.8,  -0.8, -13.0, -13.3,1007.2,  -0.6,   0.8
318833,  -0.3,   0.3,  -0.1, -33.0, -36.2, 999.6,  -0.7,   0.9
318857,   0.6,  -0.3,  -0.1, -32.5, -14.3,1003.3,  -0.7,   1.0
318881,   0.5,  -0.7,   0.1, -15.9,   1.6, 991.3,  -0.6,   1.0
318909,   1.3,  -2.2,   3.0, 138.6,  -0.6, 895.1,  -0.7,   1.3
318933,  -0.3,  -5.8,   1.6,  87.4,  42.9,1009.1,  -0.5,   1.1
318957,   0.7,  -1.4,   0.6,  24.1,  67.8, 967.9,  -0.5,   1.0
318983,   0.2,   0.5,  -0.3, -38.1, -12.6, 983.3,  -0.5,   1.0
319007,   0.2,  -1.0,  -1.1,  -1.5, -18.2,1032.3,  -0.5,   0.9
319031,  -0.6,   0.9,  -0.4, -65.5,  17.0, 960.6,  -0.3,   0.9
319059,  -0.0,   1.8,  -0.1, -30.6,  -8.4,1010.8,  -0.3,   1.0
319083,   0.3,  -0.6,  -0.3, -18.1, -28.7, 989.4,  -0.5,   1.1
319107,  -0.3,   0.8,  -0.8, -45.4,   3.1,1009.4,  -0.4,   1.1
319135,   0.7,   1.9,  -0.6,-127.2,  44.8,1039.4,  -0.7,   1.1
319159,  -0.6,   0.7,  -1.1,  31.2, -40.4,1023.8,  -0.5,   0.9
319183,  -0.1,   1.8,  -0.9, -91.8, -44.3, 992.3,  -0.6,   1.0
319207,   0.3,  -0.0,  -1.2, -55.9,  20.9, 969.8,  -0.8,   0.9
319235,   1.1,  -0.0,  -0.4, -23.2,  35.3, 999.4,  -0.7,   0.9
319259,  -0.0,  -0.2,  -0.2, -34.9, -12.6, 997.7,  -0.7,   1.0
319283,   0.2,   0.4,  -0.8,  -9.1, -44.8,1014.0,  -0.7,   1.0
319307,  -0.3,  -1.2,  -0.2,  -0.8, -18.9, 992.3,  -0.6,   1.0
319335,  -1.1,   0.4,  -0.6, -58.6,  14.5,1011.3,  -0.6,   1.0
319359,   0.0,   0.8,  -0.6, -79.6, -35.5,1103.6,  -0.7,   1.0
319383,   0.7,   2.4,   0.8,-149.2,  20.2, 889.3,  -0.4,   1.2
319407,  -0.5,   0.1,   0.6, -46.7, -33.3,1005.0,  -0.3,   1.2
319435,  -0.2,  -0.2,   0.8, -22.0, -19.1,1020.6,  -0.4,   1.2
319459,  -0.1,   0.2,  -0.0,  -4.4,  27.5, 999.6,  -0.4,   1.1
319483,   0.2,  -0.9,  -0.1, -31.0,   0.1,1001.6,  -0.4,   1.0
319507,   0.3,   0.1,  -0.3,  -6.9,  -7.7,1001.8,  -0.5,   1.0
319535,   0.1,  -1.4,   0.2, -13.2, -47.5,1001.3,  -0.5,   0.9
319563,   0.3,  -1.5,   0.3, -16.6, -11.3, 997.7,  -0.5,   0.9
319583,  -0.3,  -1.2,   0.1, -20.8,  -8.6, 994.0,  -0.5,   0.9
319607,  -0.2,  -0.6,  -0.8, -23.2,   6.0,1007.2,  -0.4,   0.8
319635,   0.2,  -1.0,  -0.6, -57.6, -24.5, 992.8,  -0.5,   0.9
319659,  -0.0,  -0.9,  -0.4,  -4.4, -38.2,1010.4,  -0.5,   0.8
319683,   0.4,  -0.6,  -0.7, -49.6, -18.4,1019.1,  -0.5,   0.8
319707,  -0.3,  -0.9,   0.0,  -9.3,   2.8,1003.8,  -0.4,   0.8
319735,  -0.2,  -1.0,  -0.8, -22.7, -10.4, 993.3,  -0.4,   0.8
319759,  -0.1,  -0.3,  -0.4, -17.1,  -9.1, 980.3,  -0.4,   0.7
319783,  -0.6,  -0.6,   0.5,   7.0,   3.6,1018.2,  -0.3,   0.7
319807,   0.5,  -1.1,  -0.3,  11.0,  -3.5, 985.0,  -0.3,   0.6
319835,  -0.4,   0.4,   0.2,  -9.8,  -4.0, 989.6,  -0.2,   0.6
319859,   0.2,  -1.2,  -0.1, -11.5, -11.8,1012.6,  -0.3,   0.6
319883,   0.0,   0.5,  -0.1, -14.7,  -6.5,1020.1,  -0.3,   0.6
319907,  -0.0,  -1.2,  -0.1,  -7.4,  -0.3,1012.8,  -0.3,   0.6
319935,  -0.3,  -0.0,   0.0, -10.0, -29.2, 994.2,  -0.4,   0.6
319959,   0.1,  -1.8,  -0.3,  -3.0,  -6.5, 990.6,  -0.4,   0.6
319983,  -0.1,  -0.6,  -0.8,  -5.2,  -4.3, 991.8,  -0.4,   0.6
320007,  -0.1,  -0.4,  -0.8,  -6.6,  18.2,1006.7,  -0.4,   0.6
320035,  -0.2,   0.1,  -0.3,  -6.6,   2.3, 990.8,  -0.4,   0.6
320063,   0.1,  -0.9,  -1.1, -14.4, -11.3,1015.0,  -0.4,   0.6
320083,  -0.7,   0.3,  -0.1, -11.3,   1.8, 975.9,  -0.4,   0.5
320107,   0.3,   0.4,  -0.1,  -5.2,   6.0, 993.3,  -0.4,   0.5
320135,   0.4,  -0.2,  -0.1, -20.1,   2.6, 985.0,  -0.4,   0.6
320159,  -0.1,  -0.0,   0.3,   7.3, -12.3,1006.9,  -0.4,   0.6
320183,   0.2,   2.1,  -0.9, -35.2,  34.1, 951.0,  -0.4,   0.5
320207,  -0.0,   0.8,  -0.4,  -8.8,  11.9, 970.6,  -0.3,   0.5
320235,  -0.6,  -0.7,  -0.4, -11.0, -33.1,1004.0,  -0.5,   0.5
320259,  -1.1,   1.3,  -0.5, -98.2, -34.8, 999.4,  -0.4,   0.7
320283,  -0.7,  10.9,  -1.4,-307.9, 156.1, 835.1,  -0.3,   0.7
320311,  -1.1,   2.6,  -1.0, -88.9,  23.3,1010.1,  -0.3,   0.7
320335,   0.3,  -0.9,  -0.1,  43.7,  70.7,1006.9,  -0.3,   0.7
320359,  -0.6,   0.1,   0.1, 265.8, -37.2,1225.9,  -0.6,   0.6
320383,  -0.1,  -4.6,   0.6, 173.3, -35.5,1035.0,  -0.3,   0.9
320411,   0.0,  -2.0,  -0.7,  97.6, -61.9, 920.3,  -0.5,   0.9
320435,  -0.3,  -1.3,  -0.0,  13.4, -49.9, 971.0,  -0.5,   1.0
320459,  -0.1,  -0.7,   0.2,   3.1,   4.8,1028.7,  -0.5,   0.9
320483,   0.8,  -0.0,  -0.0,   7.0,   6.5,1009.6,  -0.4,   0.9
320511,  -0.7,  -0.4,   0.7, -36.4,   2.6,1010.1,  -0.3,   0.9
320535,   0.0,  -0.8,  -0.0,  26.8,  -6.2,1006.7,  -0.4,   0.7
320563,  -0.1,   0.6,  -0.2, -21.3, -13.5, 974.0,  -0.4,   0.8
320586,  -0.7,  -0.3,   0.6, -30.8, -24.5, 993.8,  -0.3,   0.7
320610,   0.2,   1.1,  -0.1,   3.4,  -4.7,1001.1,  -0.3,   0.7
320634,  -0.6,   1.0,  -0.3, -18.3, -21.6,1025.7,  -0.3,   0.7
320658,  -1.1,   0.5,  -0.1, -14.7,  -9.9,1003.0,  -0.4,   0.7
320686,   0.3,   1.0,  -0.1, -14.7, -13.8, 998.6,  -0.4,   0.6
320710,   0.5,  -0.8,  -0.2, -26.4,  -5.5,1006.9,  -0.4,   0.7
320734,  -0.6,  -0.0,  -0.6, -14.7,  -6.0,1000.8,  -0.4,   0.7
320758,   0.0,  -1.8,  -0.7, -11.8,   5.3, 991.3,  -0.4,   0.7
320786,   0.1,  -0.1,   0.1, -52.3,   9.2, 979.6,  -0.4,   0.7
320810,   1.4,  -0.5,  -0.2, -29.3,  14.1, 997.2,  -0.3,   0.7
320834,  -0.1,  -0.1,  -0.1, -35.7,   1.1, 992.8,  -0.3,   0.6
320858,  -0.3,  -2.7,  -0.0, -24.4, -19.4,1017.4,  -0.2,   0.7
320886,   1.7,  -2.3,   0.2, -11.0,   1.1, 978.1,  -0.2,   0.6
320910,   0.9,   0.6,  -0.2,  -4.2,  -2.5, 997.9,  -0.2,   0.5
320934,  -0.5,   0.7,  -0.5, -24.9, -23.3, 982.0,  -0.2,   0.6
320958,   0.1,  -0.1,  -0.6, -17.4, -12.3,1010.4,  -0.2,   0.6
320986,   1.9,  -2.9,  -0.0,   6.3,   1.1,1027.9,  -0.3,   0.6
321010,   0.7,  -1.8,   0.2,   5.8,   1.1, 994.5,  -0.2,   0.5
321034,   0.8,  -1.4,  -0.2, -34.2, -22.8,1014.8,  -0.2,   0.5
321062,   1.1,  -3.5,  -1.1, -73.5, 106.1, 989.1,  -0.0,   0.4
321086,   4.1,  -3.5,   0.2, -21.0,  37.0, 974.5,  -0.1,   0.3
321110,   1.3,  -3.0,  -0.0, -26.9,   2.3,1009.4,  -0.0,   0.2
321134,  -0.7,  -0.8,  -0.3,  -3.5,  -5.0,1001.8,   0.0,   0.2
321158,   0.0,   0.8,  -1.6,  26.8,   6.0, 981.3,   0.0,   0.1
321186,   1.6,  -0.4,  -1.7, -15.4,  -2.1, 992.0,   0.0,   0.1
321210,   0.8,  -2.5,  -0.6, -19.1,  -6.0, 993.8,   0.1,   0.2
321234,   0.4,  -3.3,  -0.2,  14.4,  20.4, 998.9,   0.1,   0.1
321258,  -0.5,   0.1,  -0.6,  -3.0,   1.4,1014.8,   0.1,   0.0
321286,   1.1,  -1.0,   0.3, -14.4,  18.0, 990.8,   0.2,  -0.1
321310,   0.8,  -2.2,  -0.3,   3.6,  -5.2,1002.1,   0.2,  -0.1
321334,  -0.5,  -2.6,  -0.1,  47.3,   8.4,1022.1,   0.2,  -0.2
321362,  -1.2,   0.5,  -0.9,  17.3, -17.0,1009.4,   0.2,  -0.3
321386,   0.3,   0.1,  -0.4,  -6.4,  -5.0, 987.9,   0.1,  -0.2
321410,   2.1,  -0.6,  -0.7,   6.8,  -8.9, 964.9,   0.1,  -0.2
321434,  -0.3,  -0.6,  -0.5,  16.6,  15.8,1000.1,   0.2,  -0.3
321462,  -0.8,   0.4,  -0.6,  -8.3, -10.1, 983.5,   0.2,  -0.3
321486,  -0.9,  -0.3,  -0.6,   0.5, -16.2,1008.9,   0.1,  -0.3
321510,  -0.4,  -1.7,  -0.9,  13.9,   0.6,1003.8,   0.0,  -0.3
321534,  -2.3,   3.4,  -1.0,   9.0,  14.8,1016.0,   0.1,  -0.4
321562,  -4.5,   5.2,  -0.9,  27.6,   6.0,1007.2,  -0.0,  -0.3
