Time(ms),Gyro X,Gyro Y,Gyro Z,Acc X,Acc Y,Acc Z,Rot X,Rot Y
39786,  -1.0,   0.3,  -0.5,  20.5,  15.8, 993.7,   0.5,  -1.8
39790,   0.2,   0.8,  -0.1,  37.5,   5.6,1004.2,   0.5,  -1.8
39794,  -0.5,  -0.5,  -0.3,  31.7,   1.4,1007.9,   0.5,  -1.8
39798,  -0.3,   0.1,   0.4,  37.8,   0.7, 994.9,   0.5,  -1.8
39802,   0.2,   1.1,  -2.0,  12.9, -10.8,1012.3,   0.4,  -1.7
39816,  -1.1,   0.5,   1.7,  43.4,  -7.8,1011.3,   0.4,  -1.8
39844,   0.5,   0.5,  -0.6,  31.0,   2.2, 998.6,   0.4,  -1.7
39848,  -0.5,   0.7,  -1.1,   7.8,  -1.3, 995.7,   0.4,  -1.7
39852,  -1.3,   0.0,   0.5,  37.1, -14.2, 983.0,   0.3,  -1.7
39856,   0.9,   0.6,  -1.1,  17.8,   2.4, 993.2,   0.3,  -1.7
39860,   0.0,   0.6,  -0.8,  19.0,   5.1,1021.6,   0.3,  -1.6
39874,  -0.0,   0.5,  -0.9,  36.8,   0.7, 990.1,   0.3,  -1.7
39878,  -1.4,   0.5,   0.2,  40.2,  -0.0,1004.2,   0.3,  -1.7
39882,  -0.7,   0.5,  -0.5,  21.7,  13.4,1006.4,   0.3,  -1.7
39886,   0.0,   0.2,   0.6,  12.6,   0.5,1006.7,   0.3,  -1.6
39890,  -0.3,   0.1,   0.2,  20.0,   1.2, 984.0,   0.3,  -1.6
39904,  -0.2,   0.1,   0.7,  19.5,   3.6, 997.6,   0.3,  -1.6
39908,  -1.8,   0.2,   1.1,  23.4,  -0.0,1003.2,   0.3,  -1.6
39912,  -0.6,  -0.5,   0.2,  17.0,  -8.1,1006.9,   0.3,  -1.6
39932,  -0.5,  -0.3,   1.3,  19.5,   2.2,1004.0,   0.3,  -1.5
39956,  -1.1,  -0.2,   1.3,  16.8,   6.8,1003.7,   0.3,  -1.5
39984,  -0.7,   0.5,   0.7,  31.9,   4.6,1010.1,   0.3,  -1.4
40008,   0.0,   0.8,  -0.7,  39.3,  -3.0, 997.4,   0.2,  -1.4
40032,  -0.1,   0.3,   0.1,  20.7,   7.1, 999.3,   0.2,  -1.4
40056,  -0.9,   0.0,   0.9,  41.0,   9.7, 994.2,   0.2,  -1.4
40084,   0.6,   0.5,  -1.1,  18.7,  -6.9,1004.5,   0.1,  -1.4
40108,  -0.4,  -0.1,  -0.8,  27.5,  -2.0, 990.3,   0.1,  -1.4
40132,   0.2,   0.6,  -0.5,  22.2,   1.2, 985.2,   0.1,  -1.3
40156,  -0.6,   0.3,   0.5,  22.4,  -6.6, 998.4,   0.1,  -1.3
40184,  -1.2,   0.2,  -0.0,  27.0,  19.0,1009.1,   0.1,  -1.3
40208,   0.7,  -0.0,  -0.3,   5.3,  14.6, 987.4,   0.1,  -1.3
40232,  -0.7,  -0.3,  -0.3,  31.7,  10.0, 994.7,   0.1,  -1.3
40256,   0.2,   0.0,   0.2,   8.7,  14.1, 988.6,   0.1,  -1.3
40284,  -0.2,  -0.0,  -0.3,  13.6,   6.8, 995.9,   0.1,  -1.3
40308,  -1.1,   0.1,  -0.9,  26.3,  -7.4,1001.8,   0.1,  -1.3
40336,  -0.0,   0.1,  -0.0,  23.4,   1.7, 995.9,   0.1,  -1.3
40356,  -1.8,  -1.4,   2.9,  43.4,   1.4, 990.3,   0.0,  -1.3
40384,  -0.4,   0.2,   0.0,  15.8,  15.4,1006.4,   0.1,  -1.3
40408,  -0.9,  -0.4,  -0.7,  22.6,  -3.7, 996.7,   0.1,  -1.3
40432,   0.8,   0.6,  -2.0,  30.7,  -9.1,1002.5,   0.1,  -1.3
40456,  -0.0,  -0.2,   0.4,  13.1,   7.3,1004.5,   0.1,  -1.3
40484,  -2.3,  -0.9,   1.4,  36.3,   4.6,1008.9,   0.1,  -1.3
40508,   0.3,   0.5,  -1.9,  16.1,  -8.1,1005.9,   0.0,  -1.3
40532,  -0.6,   0.2,  -0.0,  18.5,  16.3, 986.4,   0.0,  -1.3
40556,  -0.3,  -0.1,  -0.9,  23.1,  11.7,1006.7,   0.1,  -1.3
40584,  -1.3,  -0.2,   0.9,  24.6,   1.9, 995.2,   0.1,  -1.2
40608,  -0.4,  -0.5,   0.4,  22.9,  -3.7, 993.2,   0.0,  -1.3
40632,  -0.8,   0.2,  -0.3,  15.1,  11.4,1003.5,   0.0,  -1.2
40656,  -0.2,  -0.5,  -0.0,  10.7,  -9.1,1006.7,  -0.0,  -1.2
40684,  -0.5,   0.0,   0.3,  23.1,  19.5, 989.6,  -0.0,  -1.2
40708,  -0.1,   0.0,  -0.7,  13.6,  -1.3,1004.7,  -0.0,  -1.2
40732,  -0.3,   0.2,  -0.1,  16.5,   6.3, 985.4,  -0.0,  -1.2
40756,  -0.0,  -0.1,  -0.5,  22.6,  -9.1, 992.7,  -0.0,  -1.2
40784,  -0.2,   0.3,  -0.3,  28.3,  -7.4,1001.0,  -0.0,  -1.2
40808,   0.4,   0.6,  -1.0,  34.4,  -3.9,1015.2,  -0.0,  -1.2
40836,  -0.1,  -0.3,  -0.9,  25.8,  15.6, 993.0,  -0.0,  -1.2
40856,  -0.6,   0.5,  -0.5,  35.3, -18.3, 986.9,  -0.1,  -1.2
40884,   0.8,  -0.0,  -0.3,  20.0,   6.1, 992.5,  -0.0,  -1.2
40908,   0.4,   0.6,  -0.4,  22.4,  -9.1,1000.1,  -0.0,  -1.3
40932,  -0.6,  -0.2,  -0.4,  26.8, -11.3, 999.6,  -0.1,  -1.3
40956,  -0.6,  -0.3,  -0.2,  32.4,   2.7, 997.6,  -0.0,  -1.3
40984,  -1.0,   0.3,  -0.6,  38.5,  -5.9,1009.8,  -0.0,  -1.3
41008,  -0.2,   0.2,   0.5,  21.7, -14.9,1000.1,  -0.0,  -1.2
41032,  -0.4,   0.8,  -0.0,  19.7,   1.2, 989.6,  -0.0,  -1.2
41060,  -0.3,  -0.3,   0.7,  28.5,  -6.6,1021.1,  -0.0,  -1.2
41083,  -1.1,  -0.8,   0.8,  25.8,  -9.6,1001.0,  -0.1,  -1.2
41107,  -0.5,  -0.7,   0.7,  26.3,   6.6,1001.8,  -0.0,  -1.2
41135,   0.8,  -0.1,  -0.8,  21.4,  -7.1,1005.9,  -0.0,  -1.2
41159,   0.3,  -0.1,   0.1,  14.8,   6.1,1003.7,  -0.0,  -1.2
41183,   0.4,   0.4,   0.1,  27.5,  24.4, 991.8,  -0.0,  -1.2
41207,   0.3,   0.2,  -0.4,  17.3,   9.7,1005.4,  -0.0,  -1.2
41235,  -0.2,   0.2,  -1.9,  10.7,  -3.2, 990.3,  -0.0,  -1.2
41259,   0.5,   0.1,  -1.0,  32.4,  -6.4,1025.5,  -0.0,  -1.2
41283,  -0.3,  -0.5,  -0.0,  11.4,   6.6,1003.5,  -0.0,  -1.2
41307,  -0.8,  -0.1,   0.7,   4.3,  -3.7, 990.1,  -0.1,  -1.2
41335,  -0.9,  -0.5,  -0.8,  24.8, -19.6, 994.0,  -0.1,  -1.2
41359,  -0.4,   0.1,  -0.2,   7.8,  -5.4, 990.5,  -0.1,  -1.1
41383,  -0.2,   0.1,   0.1,  20.7,  -1.0, 993.5,  -0.1,  -1.1
41407,   0.5,   0.6,  -0.1,  35.6,  -3.4,1003.0,  -0.1,  -1.2
41435,  -1.0,   0.0,   0.0,   8.0,   2.7,1000.8,  -0.1,  -1.2
41459,  -0.9,  -0.7,   2.1,  33.6,  10.7, 998.4,  -0.0,  -1.2
41483,  -0.8,  -0.5,   1.1,  17.0,  12.2,1001.8,   0.0,  -1.2
41507,   0.4,   0.2,   1.0,  24.8,   3.9, 981.0,  -0.0,  -1.2
41535,  -0.3,  -0.0,  -0.4,  21.7,  12.7, 997.6,   0.0,  -1.2
41559,   0.5,   0.0,  -0.9,   8.7, -19.1, 996.4,   0.0,  -1.2
41583,  -0.9,  -0.4,   0.8,  19.0,  -1.7, 992.7,   0.0,  -1.2
41607,  -0.9,  -0.5,   0.4,  21.9, -11.7, 988.6,   0.0,  -1.2
41635,  -0.2,  -0.1,  -0.2,  22.2,  -5.4, 995.9,   0.0,  -1.2
41659,   0.6,   0.2,  -0.8,  21.2,   8.8,1005.0,   0.0,  -1.2
41683,  -0.3,  -0.0,  -0.4,  18.0, -13.0, 996.4,   0.0,  -1.2
41707,   0.4,   0.3,   0.1,  18.0,   2.4, 995.9,   0.0,  -1.2
41735,  -0.6,  -0.2,  -0.4,  11.4,  -1.7,1006.4,   0.0,  -1.2
41759,   0.0,   0.3,  -0.1,  24.4,  -5.2,1011.1,   0.0,  -1.2
41783,   0.4,   0.5,  -1.2,  20.7,   0.5,1000.3,   0.0,  -1.2
41807,  -0.4,  -0.2,  -1.2,  19.7,   8.0,1008.1,   0.0,  -1.1
41835,  -1.2,  -0.3,   1.0,  15.3,  -3.9,1020.3,   0.0,  -1.1
41859,   0.8,   0.3,  -0.8,  15.3,  12.9, 994.2,   0.0,  -1.2
41883,  -0.2,   0.5,  -0.3,  32.7,   3.6,1019.6,   0.0,  -1.2
41907,  -1.0,  -0.1,  -0.1,  27.3,   0.5, 988.6,   0.0,  -1.2
41935,  -0.3,  -0.6,  -1.1,  34.1,  -8.3,1004.0,   0.0,  -1.2
41959,  -0.7,  -0.1,  -0.1,  16.8, -18.1, 999.6,  -0.1,  -1.2
41983,  -0.4,  -0.2,   1.0,  15.8,   2.4, 994.2,  -0.1,  -1.2
42007,  -1.1,  -0.7,   1.0,  -5.4,   2.2,1005.0,  -0.1,  -1.1
42035,  -0.1,  -0.2,  -0.5,  38.8, -14.2,1000.1,  -0.1,  -1.2
42059,  -0.0,   0.3,  -1.4,  41.9,   7.3, 998.1,  -0.1,  -1.3
42083,   0.0,  -0.6,  -0.1,  24.4,  -2.0,1005.4,  -0.1,  -1.3
42107,  -1.0,  -0.0,   0.7,  19.0,  17.8, 989.3,  -0.0,  -1.3
42135,  -0.8,  -0.1,  -0.0,   6.0, -16.9, 996.2,   0.0,  -1.3
42159,  -0.6,  -0.4,  -0.0,   8.2,  -9.3,1002.5,  -0.0,  -1.2
42183,  -0.2,   0.5,   0.2,  26.3,   8.3,1000.1,  -0.0,  -1.2
42211,   0.3,   0.0,  -0.0,  25.1,   2.7,1005.7,  -0.0,  -1.2
42235,  -0.7,  -0.3,   0.2,   4.6,   8.3,1004.2,  -0.0,  -1.2
42259,   0.2,   0.2,  -0.5,  25.8,   1.7, 986.4,   0.0,  -1.2
42283,  -1.3,  -0.3,   0.8,  18.3,   0.2,1006.2,  -0.0,  -1.2
42311,  -0.7,  -0.2,  -0.2,  21.2,   0.9,1003.2,  -0.0,  -1.2
42339,  -0.5,  -0.2,  -0.8,  26.1,   8.5, 995.4,  -0.0,  -1.2
42359,  -0.7,  -0.4,   0.9,  25.8,  21.2,1002.3,   0.0,  -1.2
42383,  -0.0,  -0.0,  -1.4,  21.2,  10.7, 991.8,   0.1,  -1.2
42411,  -0.7,  -0.9,   0.5,  30.7, -12.7, 995.7,   0.1,  -1.3
42435,   0.2,  -0.3,  -0.8,  15.8, -10.3,1003.7,   0.0,  -1.3
42459,  -0.0,  -0.2,   0.4,  26.1,  -2.2, 984.7,  -0.0,  -1.3
42483,  -0.8,  -0.2,   0.4,  10.2,  33.4, 992.5,   0.0,  -1.3
42511,   0.3,   0.1,   0.0,   8.5,   1.9, 995.9,   0.0,  -1.2
42535,  -0.6,  -0.6,   1.5,  -0.3,  -3.2, 999.3,   0.0,  -1.2
42559,  -0.5,  -0.2,   0.1,  20.5, -13.5,1013.0,  -0.0,  -1.2
42583,  -0.9,  -0.6,   1.1,  52.7,  11.9, 994.7,   0.0,  -1.3
42611,  -1.2,   0.3,   0.3,  48.5, -14.2,1027.2,   0.0,  -1.3
42635,  -0.8,   0.6,   0.4,  26.3,   1.7, 999.6,   0.0,  -1.3
42659,  -0.4,   0.5,  -0.3,  26.1,   5.6, 997.4,   0.0,  -1.2
42683,  -0.9,   0.2,   1.7,  16.8,  10.0,1004.0,   0.0,  -1.2
42709,  -0.2,  -0.6,  -0.1,  41.9,   3.6, 991.5,   0.0,  -1.2
42733,  -0.3,  -0.6,   0.2,  15.8,   5.6, 994.9,   0.0,  -1.2
42761,   0.3,  -0.2,  -0.5,  11.2,  -3.7,1002.8,  -0.0,  -1.1
42785,  -0.5,  -0.3,  -0.1,  10.2, -19.3, 994.9,  -0.1,  -1.1
42809,   0.5,  -0.1,  -0.5,  15.1,  13.6, 997.9,  -0.0,  -1.1
42837,  -0.5,  -0.1,   0.6,  32.9,   5.6,1001.8,  -0.0,  -1.1
42861,  -0.0,   0.2,  -0.5,  24.8, -14.2, 989.3,  -0.1,  -1.2
42885,  -0.1,   0.0,  -1.2,  15.8, -17.6,1013.5,  -0.1,  -1.2
42909,  -0.8,   0.2,   0.6,  10.2,   6.1, 996.7,  -0.0,  -1.2
42933,   0.6,  -0.1,  -0.4,  21.4,  -7.6,1007.4,  -0.0,  -1.2
42961,  -0.3,   0.0,  -0.9,  24.6,  -7.4,1000.1,  -0.0,  -1.2
42985,  -0.3,   0.2,  -1.2,  19.2, -15.9, 994.2,  -0.1,  -1.2
43009,   1.0,  -0.0,  -0.0,  20.7,  -2.7,1002.8,  -0.1,  -1.2
43033,   0.3,  -0.1,  -0.7,  38.0,   8.8, 996.2,  -0.1,  -1.2
43061,  -0.3,   0.0,  -0.6,  38.5,   3.9, 995.9,  -0.1,  -1.2
43085,  -0.3,  -0.4,  -0.9,  21.9, -11.3,1011.1,  -0.1,  -1.2
43109,  -0.2,  -0.4,  -1.1,  25.6, -14.9,1003.7,  -0.1,  -1.2
43133,  -0.8,  -0.9,  -0.4,  13.6,   2.9,1010.1,  -0.1,  -1.2
43161,   0.5,   0.2,  -0.9,  31.9, -18.3, 986.9,  -0.1,  -1.2
43185,   0.1,   0.6,  -0.8,  14.6,   0.5, 988.1,  -0.1,  -1.2
43209,  -0.1,  -0.8,  -0.7,  19.0,   2.4, 996.9,  -0.1,  -1.2
43233,  -0.7,   0.4,  -0.9,  28.8,   1.2,1014.2,  -0.1,  -1.2
43261,  -0.6,  -0.2,  -1.7,  33.4,  -3.4, 998.8,  -0.1,  -1.3
43285,  -0.4,   0.1,  -1.9,   8.0, -11.0,1002.5,  -0.1,  -1.2
43309,   0.8,  -0.0,  -2.8,  21.2, -13.2,1000.3,  -0.1,  -1.2
43337,  -0.3,   0.3,  -0.3,  -4.9, -27.4, 992.0,  -0.2,  -1.2
43361,   0.8,   1.4,   0.3, -67.9, 114.2, 975.4,   0.3,  -1.0
43385,  -0.1,  -0.4,   3.8, -74.0,  85.4, 991.8,   0.8,  -0.9
43409,  -0.2,  -1.1,   5.1,   7.3,  58.1, 938.8,   1.0,  -0.8
43437,   0.7,   0.6,   6.1,  -4.7,  32.2, 982.7,   0.9,  -0.6
43461,   0.9,   0.6,   4.9,   8.5,   2.9, 991.8,   0.9,  -0.8
43485,  -0.7,   0.1,   4.4,  54.6,  10.7,1026.2,   0.8,  -0.9
43509,  -0.4,   0.9,   3.5, -42.3, -47.9,1170.0,   0.8,  -0.9
43537,   0.0,   0.2,   3.3,  15.3, -44.7, 973.0,   0.7,  -1.0
43561,   0.0,   1.1,   3.3,  21.7, -35.7,1007.1,   0.4,  -1.0
43585,   0.6,   0.7,   2.2,  20.5, -47.6,1001.3,   0.3,  -0.9
43609,   0.3,   0.5,   3.9,  36.8,  -8.6,1008.6,   0.2,  -1.0
43637,  -0.5,   1.4,   3.9, -37.4, -20.5,1016.2,   0.0,  -0.8
43661,  -1.2,   0.3,   4.2,  -8.6, -26.6,1012.8,  -0.1,  -0.8
43685,  -0.9,   0.3,   4.0,  48.3, -40.1, 994.7,  -0.3,  -0.9
43709,   0.3,   0.6,   1.7,  35.3, -56.2,1004.5,  -0.5,  -1.0
43737,   0.5,   0.7,   1.6,  28.5, -43.7,1009.1,  -0.8,  -1.2
43761,   0.3,  -0.0,   0.5,  47.1, -27.4, 993.7,  -0.9,  -1.3
43785,  -0.2,  -0.2,   0.8,  61.7, -49.8,1010.1,  -1.1,  -1.4
43809,  -0.6,   0.3,   0.3,  35.6, -43.7,1000.3,  -1.2,  -1.4
43837,  -0.9,   0.2,  -0.9,  16.3, -23.7, 996.4,  -1.3,  -1.4
43861,   0.3,  -0.2,  -1.0,  22.9, -33.2, 979.1,  -1.4,  -1.4
43885,   0.2,  -0.9,  -2.5,  43.4, -15.9,1023.7,  -1.4,  -1.4
43909,   0.9,  -1.3,  -2.1,  37.1, -46.2,1009.8,  -1.4,  -1.4
43937,   0.3,  -0.6,  -4.2,  -1.8, -28.1, 979.1,  -1.4,  -1.4
43961,   0.1,  -0.5,  -3.1,  24.6,   6.3,1002.8,  -1.4,  -1.5
43985,   1.1,  -0.5,  -4.4,   0.4,  19.7, 987.1,  -1.2,  -1.4
44009,   0.5,  -0.7,  -3.9,  21.2,   2.7, 983.0,  -1.0,  -1.4
44037,   0.0,  -0.6,  -3.0,   9.5,  10.0,1001.5,  -0.8,  -1.4
44061,  -0.2,  -0.8,  -0.9,  13.4,  13.2, 985.9,  -0.7,  -1.3
44085,   0.9,  -0.7,  -0.3,  23.6,  19.5,1006.7,  -0.6,  -1.2
44109,   0.3,  -0.2,   2.5, -14.7,  -0.5, 997.4,  -0.5,  -1.0
44137,   0.2,   0.3,   3.5,   0.2,  56.6, 996.7,  -0.2,  -0.8
44161,   0.6,   0.3,   2.6,  63.4,  -6.6,1033.0,  -0.1,  -0.9
44185,  -2.6,   0.9,   1.8,  49.5, 119.1, 720.5,  -0.0,  -0.4
44209,  -2.1,  -7.6,  -3.0, 107.6,-117.9,1189.0,  -0.0,  -0.4
44237,   1.7,   0.5,  -4.2,  86.1,  49.5, 962.5,   0.0,  -0.8
44261,  -0.1,   1.9,  -3.9,  91.5,  54.9,1005.4,   0.1,  -1.1
44285,  -1.0,   0.9,  -1.2,   5.6,  24.6, 994.2,   0.3,  -1.0
44309,   0.3,  -0.9,  -1.2, -12.0,  10.7,1030.1,   0.5,  -0.6
44339,   0.0,  -0.6,  -0.8,  15.3,  26.6, 988.8,   0.5,  -0.6
44359,  -1.1,  -0.5,   0.9,   7.5, -31.0,1010.6,   0.4,  -0.6
44387,  -1.1,  -1.6,   3.8,  29.2, -27.9,1012.3,   0.3,  -0.6
44411,   0.5,   0.1,   2.5,  22.4, -17.1,1007.6,   0.2,  -0.7
44435,  -0.1,  -0.3,   3.1,  28.0, -49.6,1003.2,   0.1,  -0.7
44459,  -0.8,   0.0,   0.9,  49.7, -30.3,1004.5,  -0.1,  -0.9
44487,  -0.9,  -0.3,   0.4,  45.6, -24.0, 986.6,  -0.4,  -0.9
44511,   0.2,  -0.1,  -1.0,  20.2,   0.5, 985.2,  -0.4,  -1.0
44535,   0.2,   0.5,  -1.4,   8.0,   3.1, 986.6,  -0.3,  -1.0
44559,   0.9,   0.2,  -1.1,  21.7,   8.5, 990.8,  -0.3,  -1.0
44587,   0.7,   0.1,   0.5,   8.0,   7.8, 987.6,  -0.3,  -1.0
44611,  -0.3,  -0.2,   0.7,   9.5, -11.3,1000.3,  -0.2,  -1.0
44635,  -0.9,   0.1,   1.0,   8.0,   0.7, 991.0,  -0.2,  -1.0
44663,  -0.9,   0.8,   0.4,  12.9, -13.0, 985.4,  -0.2,  -1.0
44687,  -0.0,   0.2,   1.0,  24.8,   0.2,1014.7,  -0.2,  -1.0
44711,   0.8,  -0.0,  -0.5,  20.2,  11.4, 999.3,  -0.2,  -1.0
44735,  -0.6,  -0.2,   0.6,   7.0, -17.9,1001.3,  -0.2,  -1.0
44763,  -0.2,   0.2,  -0.5,   9.5,   6.3,1008.9,  -0.2,  -1.1
44787,  -1.1,  -0.6,   0.9,  20.2,  -7.6, 996.2,  -0.2,  -1.1
44811,   0.0,  -0.2,  -0.5,  31.7,  -6.4, 998.6,  -0.2,  -1.0
44839,  -0.1,   0.8,  -1.0,  10.7,  12.2, 998.1,  -0.2,  -1.0
44863,   0.4,   0.3,  -1.3,  19.5,   8.3, 993.7,  -0.2,  -1.0
44887,  -1.1,  -0.9,  -0.4,  28.8,  -9.6,1030.1,  -0.2,  -1.0
44911,   0.4,   0.2,  -1.0,  10.7,  -3.2, 995.4,  -0.1,  -1.0
44935,   0.3,  -0.5,  -0.8,  22.2,  -4.2,1008.9,  -0.1,  -1.1
44963,   0.8,  -0.2,  -2.7,  22.2,   5.1,1005.7,  -0.1,  -1.1
44987,   0.0,  -0.8,   0.0,  23.4,   9.7, 985.4,  -0.1,  -1.1
45011,  -0.2,  -0.6,  -2.2,  19.5,  13.6, 994.2,   0.0,  -1.1
45035,  -1.2,  -0.6,  -1.6,  19.2,  14.4,1006.4,   0.1,  -1.2
45063,  -0.4,  -0.8,  -2.1,  29.0,   6.6, 994.9,   0.1,  -1.2
45087,  -0.8,   0.0,  -1.9,  26.3,   7.3, 994.0,   0.2,  -1.3
45111,   0.5,  -0.6,  -3.0,  22.6,   2.9, 994.0,   0.3,  -1.3
45135,  -0.2,  -0.4,  -2.8,  30.2,  18.8, 986.9,   0.3,  -1.3
45163,  -0.1,  -0.0,  -2.2,  19.7,   9.0,1000.1,   0.3,  -1.4
45187,   1.0,  -0.8,  -3.3,  27.5,  16.1,1002.0,   0.4,  -1.4
45211,  -1.4,  -0.1,  -4.5,  14.3,  26.8, 990.8,   0.5,  -1.4
45235,  -0.3,  -1.0,  -4.1,  37.5,  33.7, 985.2,   0.6,  -1.4
45263,  -0.2,  -0.8,  -4.0,  36.1,  38.8, 993.0,   0.7,  -1.5
45287,   0.3,  -0.3,  -4.4,  34.4,  49.3, 986.4,   0.8,  -1.6
45311,  -0.8,  -0.6,  -3.6,  31.2,  -1.0,1001.3,   0.8,  -1.6
45339,   1.1,  -0.2,  -4.1,  -0.8,  28.3, 995.2,   0.9,  -1.6
45363,  -0.3,  -1.3,  -4.8,  19.5,  10.0,1009.3,   0.9,  -1.6
45387,   0.0,   0.1,  -5.6,   6.0,  24.6, 985.4,   1.0,  -1.6
45411,  -0.2,  -0.6,  -4.8,   3.9,  21.0, 995.2,   1.1,  -1.6
45435,   1.9,   0.0,  -6.0,   1.4,  31.2,1009.6,   1.3,  -1.6
45463,  -0.6,  -1.5,  -4.8,  15.3,  26.3,1008.4,   1.4,  -1.6
45487,   0.8,  -0.9,  -5.0,  32.4,  38.1, 982.0,   1.5,  -1.7
45511,   1.6,   0.2,  -7.4,   6.3,  35.1, 994.7,   1.7,  -1.7
45535,   1.7,  -1.0,  -5.8,  48.3,  69.1,1007.6,   1.8,  -1.7
45563,   1.0,   0.0,  -5.3, -25.4,  42.2, 987.6,   2.0,  -1.5
45587,   0.3,  -0.4,  -6.3, -32.3,  32.4, 978.3,   2.1,  -1.5
45611,   0.1,  -0.6,  -5.2,  44.1,  54.7, 994.2,   2.2,  -1.6
45635,   0.2,  -1.1,  -5.8,  49.0,  55.1, 992.5,   2.3,  -1.5
45663,  -0.1,  -1.9,  -5.3,  76.8,  51.7,1007.4,   2.3,  -1.5
45687,   0.5,  -1.7,  -7.1,  23.6,  22.7,1006.4,   2.3,  -1.3
45711,  -0.6,  -2.0,  -6.1,  57.1,  29.8,1002.3,   2.3,  -1.4
45735,  -1.1,  -1.9,  -5.7,   8.7,  24.4,1006.4,   2.4,  -1.4
45763,   0.0,  -1.9,  -7.2,   5.6,  68.1, 973.7,   2.6,  -1.3
45787,  -0.2,  -0.9,  -6.6,-167.8,  98.8, 925.4,   2.8,  -1.2
45811,  -0.8,   2.5,  -6.3,-141.4,  40.3, 969.6,   3.1,  -1.4
45839,  -3.1,   0.9,  -3.3, -57.4, -55.2,1211.7,   3.0,  -1.2
45863,  -1.7,   2.1,   1.5, -16.2,   9.5, 947.8,   2.8,  -0.9
45887,  -0.2,   1.1,   2.7, 145.0,  27.1,1030.8,   2.5,  -0.7
45911,   3.6,   2.2,   5.6,-342.3,  17.1, 935.6,   2.2,   0.3
45939,   3.3,  -1.2,   5.0, -86.2,  73.2,1009.3,   2.6,   0.1
45961,   1.4,   1.8,   3.3,-159.5, -11.3, 988.1,   2.5,   0.0
45989,   3.5,   1.7,   8.0,  10.9,  36.8, 992.0,   2.4,   0.1
46013,   0.5,   1.1,   9.2,  45.8,  23.9,1069.9,   2.4,   0.4
46037,   0.5,   1.1,  12.0,  62.7,  48.6, 987.6,   2.2,   0.5
46061,  -0.6,   0.9,   9.4, 165.2,  15.6,1101.1,   2.2,   0.4
46089,   1.6,   2.2,  11.1,  86.6,  86.4, 900.5,   2.2,   0.3
46113,   1.9,   0.6,  12.8, -13.7, 128.1, 773.7,   2.4,   0.5
46137,   0.5,  -1.6,  13.6, 181.6,  46.1,1079.7,   2.4,   0.4
46161,   2.4,   1.0,  13.0,  82.2,   4.9,1044.3,   2.3,   0.4
46189,   1.6,   2.2,  13.8,  23.6,  56.4,1059.4,   2.3,   0.6
46213,   3.0,   0.1,  16.9, -45.2,  63.4, 955.4,   2.3,   0.8
46237,   1.2,  -1.1,  13.6,  65.4,  71.3,1096.7,   2.6,   0.8
46261,   2.2,   2.5,  14.7, -34.0,  32.4, 906.1,   2.5,   0.7
46289,   1.3,   3.5,  11.4, -46.7,   4.6,1052.6,   2.4,   0.6
46313,   2.0,   4.4,  10.9,-118.2,  70.0, 796.2,   2.3,   0.7
46341,   1.7,   1.0,  10.8,  18.3,  78.6, 870.7,   2.4,   0.7
46361,   1.3,   0.5,  11.9,  23.9, 164.5, 827.2,   2.7,   0.6
46389,  -1.4,   1.3,   9.7, 103.9,   7.8,1021.1,   2.6,   0.2
46413,   1.0,   8.0,  11.8,-303.8, -37.4, 760.6,   2.4,   0.7
46437,  -1.8,   4.8,  10.1,-193.9,  -6.6,1010.6,   2.1,   0.3
46461,   1.1,   0.8,   9.2, -26.9,  91.5, 968.3,   2.6,   0.2
46489,  -3.1,   0.1,   7.9,  62.9, -33.5,1014.2,   2.7,  -0.1
46513,  -2.2,  -0.2,   9.4, 101.8,-103.8,1086.0,   2.2,  -0.3
46537,   0.0,   7.1,   6.0,-146.3,  15.6, 863.6,   2.1,  -0.2
46561,  -0.5,   1.3,   5.8, -21.1,  37.1,1007.6,   2.2,   0.0
46589,   3.2,   0.0,   5.5, -41.1,  81.3, 756.4,   2.2,   0.1
46613,   3.2,  -2.8,   6.5,  36.6,  46.6, 901.2,   1.9,  -0.0
46637,   1.3,  -2.9,   4.4, 166.9,  37.6,1028.9,   1.7,  -0.5
46661,   0.2,   2.2,   3.8, 112.2,   5.1,1055.2,   1.6,  -0.8
46689,   2.1,   0.6,   4.1, -23.0, 105.4, 904.1,   1.9,  -0.8
46713,   3.6,  -2.3,   3.2,   7.0,  56.6, 825.8,   2.1,  -0.7
46737,  -1.6,  -0.9,   3.9, 131.3, -75.5, 955.9,   1.9,  -1.0
46761,   1.4,   2.5,   0.5,-172.9, -16.4, 757.6,   1.7,  -0.8
46789,  -0.6,   0.3,  -0.5,  21.7,  39.0, 914.6,   1.6,  -0.9
46813,   0.0,   2.1,  -2.2, -88.4,  52.0, 802.1,   1.7,  -1.2
46841,  -2.5,   2.3,  -6.0, -74.3,  -1.3, 852.9,   1.6,  -1.1
46861,  -2.4,  -6.6,  -4.0, 131.5,-249.8,1332.3,   1.0,  -0.9
46889,  -0.3,   0.3,  -4.4,  82.2,  76.9, 905.6,   0.9,  -1.3
46913,  -1.7,  -3.8,  -6.3, 188.2, 173.8,1061.1,   1.6,  -1.5
46937,  -3.1,  -1.9,  -4.4, 169.9, -54.0,1215.4,   1.5,  -1.5
46961,  -2.0,  -2.2,  -1.6, -18.1, -93.8,1067.7,   1.3,  -1.5
46989,  -1.6,  -0.7,  -1.3,  10.4,  50.3,1033.5,   1.4,  -1.4
47013,   0.9,  -3.5,  -1.0, 168.9, 130.3, 892.9,   1.5,  -1.2
47037,   1.4,  -3.1,  -1.1, 249.5,  23.2,1192.9,   1.5,  -1.5
47065,  -1.7,  -2.8,   1.1, 165.2, -30.3,1225.9,   1.5,  -1.4
47089,   0.6,   3.0,   2.6,  30.5,  75.7,1029.1,   1.5,  -1.4
47113,  -0.5,   2.3,   1.4,  72.0, -48.4,1179.5,   1.7,  -1.5
47137,   1.2,   4.1,   0.3,   4.3,  51.2, 880.9,   1.6,  -1.3
47165,  -0.6,   8.0,   0.8,-270.6, -17.1, 768.6,   1.7,  -1.0
47189,  -0.6,  -0.5,   0.5, -35.2, -23.5, 966.6,   1.6,  -1.1
47213,  -1.7,   0.8,  -0.5, 135.0, 222.9, 959.8,   2.3,  -1.2
47237,  -6.3,   1.6,  -1.7,  27.3,-316.7,1864.3,   2.1,  -1.3
47265,   2.4,   0.6,   1.4,  14.3, 192.1, 841.4,   1.6,  -0.5
47289,  -3.0,  -3.0,  -1.2, 119.1, -20.0,1091.1,   2.2,  -0.6
47313,  -1.4,  -6.1,  -0.5, 160.3, -71.8,1319.9,   2.4,  -0.3
47341,   0.2,  -1.0,  -0.2, 151.3, -24.4,1053.3,   2.4,  -0.5
47365,   3.6,   3.0,  -3.2,-279.6,  30.7, 736.9,   2.4,  -0.3
47389,  -1.6,  -0.8,  -3.9, -64.0,-161.7,1314.0,   2.5,  -0.1
47413,   3.4,   0.1,  -2.4, -33.0, 172.1, 682.4,   3.0,  -0.7
47437,  -0.9,   6.2,  -3.4, -42.8, -86.9,1281.6,   2.8,  -0.7
47465,   0.5,   4.5,  -1.8,-139.2,  81.5, 921.7,   2.6,  -0.6
47489,  -0.3,   5.9,  -1.7,-251.5, -61.3, 998.4,   2.3,  -0.6
47513,   2.5,  -1.0,  -1.3,-177.5, -19.1, 984.9,   2.0,  -0.2
47537,   0.6,   3.6,  -1.1,  49.7,  92.5, 936.8,   2.6,  -1.1
47565,  -5.5,   3.3,   2.8,-404.6,-650.2,1742.0,   2.0,  -0.4
47587,   3.6,   4.8,   3.9,-137.5, -23.7,1069.9,   1.9,  -0.5
47615,   0.4,  -3.3,  -0.5, 151.1,-146.3,1292.1,   2.6,  -0.6
47639,  -0.5,  -3.8,   0.3, 256.0,-104.3,1002.3,   2.4,  -0.6
47663,   1.1,   4.9,  -0.6, -59.4,  59.3, 868.2,   1.9,  -0.6
47687,   3.0,  -0.4,   0.2, -41.8, 226.0, 785.5,   2.2,   0.0
47715,  -3.1,  -7.4,  -0.5, 407.9,-126.5,1296.2,   2.0,  -0.4
47739,  -0.7,  -3.9,  -0.9, 270.2, -66.4,1250.8,   1.9,  -0.6
47763,   3.9,   3.4,  -1.7,  43.2,  58.3, 819.4,   2.1,  -0.3
47787,   1.4,  -4.1,  -0.6, 134.7,  19.0,1146.1,   2.4,  -0.2
47815,   3.1,   0.5,  -0.5, -63.0,  50.3,1075.3,   2.0,   0.1
47843,   3.6,  -3.1,  -0.5, 108.8, 127.4, 785.5,   2.3,  -0.1
47863,   0.7,  -0.3,  -5.3, -56.7, 195.3, 843.1,   3.0,  -0.2
47887,   0.6,  -7.0,  -2.5, 304.9,  25.4,1151.4,   2.1,  -0.2
47915,   0.8,   2.1,  -5.7,  46.1, 240.0, 912.4,   3.0,  -0.1
47939,  -2.7,   4.7,  -6.7,-129.9, -13.7, 950.0,   3.5,  -0.3
47963,  -0.5,  -2.5,  -3.4, 310.0,  39.0, 966.1,   3.3,  -0.5
47987,  -2.6,   1.1,  -5.6, -57.9, -12.0, 943.2,   3.0,  -0.1
48015,  -3.6,   2.4,  -3.4,-247.6, -91.8, 888.0,   2.8,   0.1
48039,  -1.5,   4.5,  -3.2,-242.0,   8.0, 824.3,   2.6,  -0.3
48063,   1.1,   5.7,  -4.4,-249.8,  83.0,1005.2,   2.7,  -0.4
48087,  -0.9,   2.1,  -3.6,-121.4,  29.5,1070.6,   2.7,  -0.5
48115,  -0.3,  -0.9,  -3.8,-138.7, 125.0, 978.8,   2.6,  -0.1
48139,   0.6,  -5.6,  -4.1,  86.6, 107.6, 888.7,   2.4,  -0.3
48163,  -0.6,  -2.0,  -3.1, -35.2, 197.7, 634.3,   2.6,  -0.4
48187,  -6.6,   2.5,  -3.8, 250.9,-299.6,1767.9,   2.7,  -1.0
48215,  -1.9,  -6.2,   1.3, 110.5,  73.7,1079.4,   2.0,   0.3
48239,   0.8,  -5.6,  -0.9, 238.5, 168.2,1005.0,   2.9,   0.1
48263,  -0.9,   3.1,  -1.9,  91.7,  18.3,1077.5,   2.2,  -0.6
48291,  -2.2,   1.2,  -3.6,  -7.6, -85.0,1255.0,   2.5,  -0.2
48315,  -2.8,  -0.4,  -0.5, 119.3, -72.5,1048.9,   2.3,   0.0
48343,  -0.3,   1.9,  -2.3, -29.8,-104.5,1074.0,   2.2,   0.1
48363,  -0.7,   2.3,  -2.0,-201.5,  45.9, 932.7,   2.3,   0.3
48391,   2.4,  -5.8,   0.8, 153.8, 180.1, 647.8,   2.4,   0.3
48415,  -4.6, -10.3,   0.2, 387.4,  85.7,1242.5,   2.2,   0.3
48439,  -0.5,   1.1,  -2.4,  98.6,  -5.2,1044.3,   2.1,   0.1
48463,  -4.3,   1.2,  -2.4, -33.5, -88.9, 991.0,   2.4,  -0.0
48491,  -2.2,   0.6,   0.9,-335.7,-256.1,1328.9,   2.1,   0.6
48515,  -3.0,  -3.8,   0.7, 186.0, -58.1,1473.2,   2.4,   0.6
48539,   4.5,   0.5,   0.8, 115.9,  42.9, 670.5,   3.0,   0.1
48563,   5.0,  -0.6,   0.9,-327.4, 390.4, 642.9,   3.3,   0.8
48591,   3.4,  -7.1,   1.8, 127.9, 195.3, 635.3,   3.6,   0.6
48615,   1.5,  -1.7,   0.2,  71.7,  24.4, 997.1,   3.6,   0.4
48639,   1.3,   1.0,   0.7,  41.2, -29.3, 901.4,   3.3,   0.2
48663,   3.0,  -0.2,   1.6, -43.5, 154.5, 989.1,   3.6,   0.2
48691,  -2.9,   0.9,  -1.0,-105.5,-171.9,1163.2,   3.5,   0.5
48715,   1.9,  -0.2,   0.3,  66.8,  49.0, 927.1,   3.2,   0.4
48739,  -4.5,  -4.5,  -0.5, 360.3, 103.0,1169.0,   3.7,  -0.4
48763,  -7.7,  11.9,  -2.3, -75.5,-129.4,1642.2,   4.1,  -1.3
48791,   0.2,  -1.1,   1.7,-186.1, 162.1, 695.6,   3.4,   0.3
48815,   0.0,   1.9,   1.0, 407.9, -95.7,1312.8,   3.1,  -0.9
48843,   0.8,   0.5,  -0.4,-296.0, 279.5, 400.5,   3.7,  -0.3
48863,   1.6,  -6.2,   1.3, 332.7,   7.3,1352.4,   3.4,  -0.5
48891,   3.1,  -0.5,  -1.5, 149.8,  19.5,1296.2,   3.1,  -1.0
48915,  -1.2,   2.0,   0.4, -48.4, -25.9,1350.4,   3.0,  -0.3
48939,   2.6,  -1.6,   0.6, -10.6, 250.9, 799.4,   3.2,  -0.1
48963,   3.9,   1.2,  -0.9,  -0.5, 109.8, 835.0,   3.4,  -0.1
48991,  -3.0,  -2.3,  -0.0, 172.1,  -3.0, 921.2,   3.2,  -0.5
49015,   3.0,  14.1,   0.2,-612.6, 217.5,  -0.2,   4.6,   0.5
49039,   5.8, -13.2,   5.2, 388.1, 245.3,1118.2,   4.2,   1.2
49063,  -0.6, -14.6,  -0.4, 585.4,  84.9,1218.6,   4.6,   0.8
49091,   3.6,  -1.8,  -5.2,   5.3, 230.9, 664.1,   3.9,   0.6
49115,   1.6,  -3.9,  -4.7, -38.6,  86.6, 931.0,   3.7,   1.0
49139,  -0.3,  -2.5,  -6.5, 133.0,  29.3, 963.0,   3.4,   0.5
49163,   4.2,  -5.0,  -3.6, 182.3, 178.9, 687.8,   3.2,   0.0
49191,   2.4,  -2.0,  -2.0,-181.5, 148.7, 518.4,   3.3,   0.4
49213,   4.5,  -6.5,  -0.5, -17.6,  44.6, 772.0,   3.3,   0.8
49241,   0.9,  -7.5,  -3.6, 323.4, 144.3,1034.5,   3.2,   0.6
49265,  -5.0,  -7.0,  -5.3, 496.0, -85.7,1129.2,   3.4,  -0.4
49289,   3.8,   7.4,  -1.5,  27.0,  -9.8,1127.8,   2.2,   0.0
49313,   2.8,   7.9,  -4.4,  62.9, 124.5, 922.4,   2.8,  -0.5
49341,  -2.5,  -1.6,  -4.5,-214.4,  17.5, 964.4,   2.7,  -0.3
49365,   2.8,   1.7,  -3.1,  81.7,-139.4, 893.9,   2.1,  -0.6
49389,   4.4,  -5.0,  -3.4, 116.4, 206.3, 724.4,   2.0,  -0.9
49417,   2.8,   2.9,  -4.9, -16.9, 284.9,1046.2,   2.3,  -1.1
49441,  -1.9,   1.3,  -5.6,-235.7,  33.2, 551.3,   1.7,  -0.2
49465,  -2.8,  -5.6,  -6.6, 283.4, -76.0,1516.4,   2.0,  -0.6
49489,   0.3,   3.7,  -6.8, -25.9,  82.2, 767.9,   2.0,  -0.8
49517,  -5.1,  -1.7,  -6.0, 208.9,-167.3,1679.0,   2.8,  -1.0
49541,   2.8,   0.8,  -1.9, -36.4, 158.7, 562.1,   2.6,  -0.3
49565,  -2.8,  -0.3,  -6.7, 245.8,  -3.0,1179.5,   2.5,  -1.4
49589,  -2.3,   0.9,  -5.8,-119.9,  74.4,1061.6,   2.6,  -0.6
49617,  -1.1,   1.0,  -4.7, -18.6, -55.7,1082.3,   1.9,  -0.5
49641,  -7.5,  -4.5,  -5.4, 247.5, 155.7, 707.1,   3.1,  -0.8
49665,   3.7,  24.7,  -4.6,-813.5,-1053.7,1344.8,   2.5,  -0.1
49689,   6.1,   8.5,  -1.9,-268.6, 187.5,1395.6,   2.8,  -0.6
49717,  20.2,  -2.7,  -1.4, 166.4, -45.7,1219.6,   3.9,  -0.1
49741,  11.3,   3.0,  -7.5, 325.1,  16.8,1270.6,   5.7,  -0.8
49765,   7.3,   4.9,  -7.9, 143.7, -16.6,1537.2,   7.3,  -0.5
49789,  11.5,   5.3,  -2.6, -74.8, 111.8, 431.7,   6.7,   0.7
49817,   4.6,   0.9,  -1.1,-105.3,  -8.1, 890.0,   6.2,   0.8
49845,   5.5,   3.9,   1.2,-309.6, 117.6, 714.4,   6.5,   1.3
49865,   4.1,  10.7,  -1.2, -94.0,-170.4,1122.6,   5.8,   0.8
49889,   1.7,   3.0,  -0.3, -91.1, -50.8,1214.7,   5.4,   1.0
49917,   6.3,   2.7,  -0.6, -72.6, -81.1, 877.0,   5.4,   0.7
49941,   5.8,   0.9,  -5.0,  90.5, 337.1, 774.7,   6.2,   1.0
49965,   6.0,   3.3,  -3.2, 113.0,-277.4,1262.0,   5.4,   2.1
49989,  11.6,   3.9,  -4.7,-453.2, 384.0, 394.4,   5.8,   2.2
50017,   1.3,   2.3,  -5.4,-208.1,-223.4,1151.7,   6.0,   1.9
50041,   4.4,   4.0,  -2.8,-107.7,-164.3,1079.9,   5.3,   1.6
50065,  10.0,   5.7,  -2.6, -51.3, 188.7, 587.0,   5.2,   1.4
50089,  -2.9, -14.9,  -1.9, 315.9, 138.6,1092.8,   6.0,   1.8
50117,  -7.0,  -9.7,  -2.3, 332.2, -34.9, 966.9,   4.6,   1.6
50141,  -5.6,  -0.5,  -3.5, 138.9, -58.4,1167.8,   3.6,   1.0
50165,  -0.9,   6.2,  -2.8, -90.4, 104.7, 725.2,   3.4,   0.8
50189,  -8.5,  -0.8,  -2.0,  62.9,  35.1,1237.9,   4.0,   0.6
50217,  -4.6,   4.2,  -2.5,-598.2,-280.1,1112.4,   3.5,   1.8
50241,   5.3,  -0.5,   1.9,  87.1, -71.8,1287.2,   2.6,   1.3
50265,   3.1,  -1.6,  -3.3, 267.8, 170.1,1150.9,   3.5,   0.4
50289,   1.9,   2.7,   0.0, -24.0,  46.4, 444.6,   3.3,   0.6
50317,  -0.0,   1.6,  -0.2,  34.4, 108.6, 711.0,   3.1,   0.5
50345,  -6.3,  -4.2,   0.0, 380.6,-268.8,1661.2,   2.6,   0.1
50365,  -1.0,  -1.9,   3.3, 120.3, -80.8,1221.5,   2.5,   0.5
50389,   5.6,   0.5,   2.4, 190.6, 218.2,1009.8,   2.5,   0.3
50417,  -2.0,  -3.3,   1.2,  19.5,-112.8,1140.0,   2.6,   0.6
50441,  -2.1,  -0.5,   2.4, -88.7, -10.5,1191.7,   2.3,   0.8
50465,  -2.7,   0.2,  -0.8,-131.2,  61.0, 980.5,   2.1,   0.8
50489,  -8.6,  -4.3,   1.6,-155.6,-494.7,1782.3,   2.6,   1.6
50517,   4.1,   0.4,   1.9, 228.9, -33.0,1149.2,   1.8,   0.9
50541,   1.6,  -5.4,  -0.9, 266.1, 122.5,1101.1,   3.2,   0.7
50565,  -3.2,   2.0,  -1.2, 120.8,-240.3,1474.9,   3.2,   0.8
50589,   2.9,  -1.5,   0.5,   9.0,  57.8, 878.7,   3.4,   1.2
50617,  -1.3,  -4.5,   3.8, 305.6,-129.7,1469.8,   3.1,   1.0
50641,   1.4,   8.9,   0.9,-115.5,  19.3, 833.8,   3.2,   1.2
50665,  -2.5,   0.3,   4.4,  49.5,   3.9, 966.1,   3.0,   1.2
50693,   1.6,   2.0,   0.3, -89.7, -45.2, 933.4,   2.7,   1.5
50717,   0.7,  -2.2,  -1.2,  14.3,  18.0,1115.3,   2.4,   1.5
50741,   1.6,   2.3,  -5.7,-226.9,  34.9, 796.0,   2.6,   1.5
50765,   0.5,  -1.7,  -5.0, -35.9,  71.0,1010.6,   2.7,   0.8
50793,  -7.7,  -0.0,  -0.7, -78.4,-694.6,1495.9,   2.3,   0.5
50817,   7.3,  -6.1,   2.2, 294.9, 238.7, 926.1,   1.7,   0.4
50847,   3.3,   2.1,  -0.9,-101.1, 164.5, 760.3,   1.9,   0.6
50867,   2.4,  -4.4,   0.9, 304.6,  92.7,1093.1,   1.9,   0.3
50891,   5.3,   4.7,   1.6,-202.0,  70.3, 703.7,   2.0,   0.5
50915,   0.6,  -2.7,   2.0, 118.1,  49.0,1094.6,   1.8,   0.5
50943,  -2.2,  -2.5,   1.7, 114.4, 102.3, 904.9,   1.5,   0.3
50967,  -0.3,  -0.9,   0.7, 176.7, -43.0,1089.7,   0.9,   0.2
50991,   0.5,   0.0,   0.6, -35.7, -72.5,1012.5,   0.4,   0.4
51015,   5.6,  -1.1,   2.0,-289.4, 212.4, 591.9,   1.1,   0.7
51043,   0.6,  -1.9,   0.2, -24.0, -52.5, 959.8,   1.0,   0.3
51067,  -0.9,   0.8,  -0.5,  81.2, -79.1,1283.0,   1.0,  -0.1
51091,   0.2,   4.6,  -0.8, -50.3,   3.4, 940.0,   1.1,  -0.2
51115,  -1.1,   0.3,   0.8,  35.1, 135.7,1040.8,   1.4,  -0.2
51143,  -5.3,  -3.7,   3.6,-298.2,-253.9,1170.0,   1.2,   0.6
51167,  -0.9,  -1.6,   3.0,  -0.8, -46.7,1078.2,   0.6,   0.2
51191,   1.4,   5.0,   0.3,  14.6,  78.1, 950.5,   1.0,  -0.6
51215,  -0.2,   0.1,   1.1,  20.0, -16.9,1140.0,   1.1,  -0.4
51243,   0.0,  -2.0,   1.1,  21.2,  82.0,1005.4,   1.4,  -0.1
51267,   1.1,  -4.5,   1.1, 219.7,  -7.1,1113.8,   1.4,  -0.3
51291,  -1.0,  -1.5,   1.4, 109.8,  46.4,1185.1,   1.4,  -0.0
51315,   0.4,   1.8,   0.2,  13.1,  53.4, 919.0,   1.3,   0.0
51343,   0.6,   3.5,  -0.3, -58.9,  82.5, 955.6,   1.3,   0.2
51367,   0.6,   0.7,   0.5,  55.4,  35.9, 982.5,   1.2,  -0.0
51391,   0.5,   2.2,   1.6, -74.3,  72.5,1025.5,   1.4,  -0.2
51415,   1.0,   5.5,   1.4,-223.4,  66.1, 790.6,   1.8,   0.1
51443,  -2.3,  -5.0,   1.8, 187.4,  -7.8,1034.7,   1.9,   0.2
51467,   2.5,   1.9,   2.7, -33.3,  93.7, 884.8,   2.1,   0.3
51491,  -1.2,  -0.2,   1.1, 104.9,  42.2,1048.2,   2.2,   0.0
51515,  -1.6,   2.3,   0.2,  -2.3,  67.6,1018.9,   2.4,  -0.0
51543,  -4.8,   2.6,   0.5,-106.5, -97.9,1380.0,   2.8,   0.1
51567,  -2.3,   2.8,   1.6,-200.5, -89.1,1136.8,   2.4,   0.7
51591,  -0.9,   1.2,   2.1,  59.5, -26.2,1018.1,   2.2,   0.4
51615,   0.5,  -0.5,   1.5, 231.4, 125.9, 870.9,   2.7,  -0.2
51643,   0.9,   0.6,  -0.0,  28.5, 146.9, 874.8,   3.1,   0.0
51667,  -0.2,   2.3,   2.1, -36.2,  45.6,1020.1,   3.3,   0.1
51691,  -1.9,   1.9,   1.7, -28.9, -32.0,1277.4,   3.4,   0.1
51715,   2.1,   2.0,   2.9,-122.4,  58.1, 980.5,   3.7,   0.2
51743,  -0.7,  -3.3,   5.0,  33.9, 113.3, 882.9,   3.7,   0.2
51767,   0.7,  -3.8,   3.8, 247.0,  69.1,1146.1,   3.8,   0.1
51791,  -0.3,   4.7,   4.2,  19.0,  51.2,1061.6,   4.0,   0.2
51819,   1.7,   3.2,   2.0, -97.5,  -8.6, 856.5,   3.9,   0.4
51847,   3.4,   4.7,   1.4,  66.1, 249.7, 943.4,   4.3,   0.4
51867,   2.6,   0.6,   3.9, -30.1, 100.3, 703.2,   4.3,   0.6
51891,  -0.2,  -2.9,   5.3, 134.0, 175.0, 890.7,   4.4,   0.2
51919,  -3.8,   6.7,   2.2,-318.7,  15.4, 941.7,   4.5,   0.4
51943,   5.8,   0.2,   7.0,-133.1, 182.1, 727.9,   4.0,   1.3
51967,  -0.9,  -6.0,   7.4, 250.7, 167.9,1054.3,   4.4,   0.8
51991,   1.9,   6.1,   3.3,-130.2,  44.9, 837.5,   4.2,   0.3
52019,   0.0,   4.2,   2.3,-160.0, 125.9, 876.3,   4.7,   0.5
52043,   3.2,   1.1,   4.1,   1.4, 216.3, 789.6,   4.8,   0.5
52067,  -0.8,  -0.8,   4.6,  78.1,  74.7, 722.5,   4.8,   0.5
52091,   0.2,  -1.9,   4.2,  13.6,  36.6, 919.5,   4.5,   0.7
52119,   1.4,  -1.0,   5.0, 176.0,  66.6, 966.9,   4.3,   0.4
52143,   3.8,   3.4,   4.2, -91.6, 273.4, 666.1,   4.6,   0.3
52167,   0.6,  -2.9,   4.4,  15.1,  57.8,1207.6,   4.8,   0.3
52191,   5.2,   3.1,   3.4,-107.7,  43.7,1189.5,   4.7,   0.4
52219,   0.3,  -4.4,   1.6, 124.7, 214.8, 663.4,   5.5,   0.3
52243,  -5.3,  -4.4,   0.8,-140.4,-393.8,1106.3,   5.0,   0.7
52267,   4.9,  -9.6,   3.5, 145.2, 127.9,1013.5,   4.4,   1.0
52291,   3.5,  -6.0,  -0.1, 266.5, 361.8, 762.3,   5.9,   0.1
52319,   3.2,   2.6,  -3.5,-245.7, 321.5, 578.7,   5.9,  -0.3
52347,  -3.1,  -3.8,  -2.3,  49.0, -26.9,1291.3,   5.7,  -0.5
52367,  -3.7,  -0.2,  -2.0, 188.4, -76.9,1160.2,   5.7,  -0.8
52391,  -1.4,  -3.6,  -1.2, 150.3,-110.6,1331.4,   5.4,  -0.8
52419,  -2.7,   0.9,   1.2, -23.2,  26.8,1078.2,   5.6,  -0.3
52443,  -0.8,  -4.4,   2.0, 217.5, 159.9,1042.1,   5.8,  -0.6
52469,   1.7,   5.7,  -1.9, -70.4,  96.4, 851.6,   6.0,  -0.3
52493,  -5.6,  -5.1,  -4.1, -43.5,  23.2,1191.2,   6.3,   0.4
52517,  -5.3,  -3.1,  -4.2, 182.3,-152.1,1550.8,   6.3,   0.0
52541,  -2.3,  -0.0,  -3.4, 289.3,  88.3,1119.2,   7.4,  -0.8
52569,  -6.4,  -0.2,  -5.0,-111.1,-381.9,1668.8,   6.5,  -0.3
52593,   3.8,   0.9,  -4.8,  56.1, 117.6, 890.7,   7.3,   0.2
52617,   4.7,   6.9,  -7.8, -45.2, 162.6, 728.3,   7.2,  -0.3
52641,   5.9,  -1.3,  -8.7,-170.7, 288.1, 634.8,   7.0,   0.4
52669,  -1.4,  -7.8,  -7.4, 291.2,  32.0,1128.0,   7.0,  -0.1
52693,   1.0,  -1.9,  -9.0,  57.1,  27.1, 891.9,   6.8,  -0.5
52717,   2.7,  -3.0,  -6.3, 145.5,  70.8,1190.7,   6.9,  -0.5
52741,  -3.5,  -4.4,  -6.7,  -3.2, 219.5, 570.4,   7.6,   0.0
52769,  -2.9,  -9.9,  -6.6, 268.3, 245.3, 888.3,   7.2,  -0.1
52793,  -6.2,  -2.9,  -5.2, 248.7,  19.0, 930.7,   6.8,  -0.5
52817,  -6.7,  -2.8,  -6.3,  77.3,  15.8,1103.1,   6.5,  -0.6
52845,   2.2,  -3.2,  -2.7,-261.8,  77.9, 598.9,   6.7,  -0.2
52869,  -2.0,  -9.5,  -3.5, 588.3, -91.6,1362.6,   6.0,  -0.7
52893,  -0.6,  -3.0,  -9.1, 182.3, -31.3,1338.2,   6.3,  -0.7
52917,   5.6,  -6.6,  -6.1, -69.6, 185.3, 579.2,   6.7,   0.1
52941,   4.5,   0.2,  -6.6,-328.2,  63.2, 694.9,   6.2,  -0.1
52969,   1.2,  -4.7,  -6.0,  35.3, 115.2, 833.8,   6.0,   0.1
52993,   2.5,  -6.0,  -5.2, 342.7, 144.0, 969.8,   5.8,  -0.5
53017,   0.5,  -1.7,  -5.5,  95.4, 208.0,1285.5,   6.0,  -0.6
53045,   1.4,  -0.8,  -3.6,-103.6, 257.8, 790.8,   5.9,  -0.3
53069,  -0.8,  -7.8,  -3.0, 254.6, 164.0, 966.1,   5.5,  -0.6
53093,  -3.8,   3.5,  -4.0,  -6.2, 199.2, 863.1,   5.8,  -1.0
53117,  -7.4, -11.7,  -0.1, 262.6,-576.0,2032.8,   5.6,   0.3
53145,   3.8,   4.5,  -4.4, 100.5, 217.0,1197.1,   5.5,  -0.1
53169,   0.6,   4.9,  -6.1,-245.7,  -6.6,1308.2,   5.8,   0.3
53193,   0.3,   5.7,  -2.7,-312.6, 140.4, 315.7,   6.5,   1.0
53217,  -0.2,  -0.4,  -3.1,-180.2,  34.6, 691.5,   6.2,   0.8
53245,   1.8,  -5.7,   0.8, 330.0, 245.3, 784.7,   6.4,   0.7
53269,   2.7,  -2.0,  -0.6,  60.7, 335.9,1256.4,   6.6,   0.8
53293,   1.7,   1.2,  -1.9,-174.1,  79.1, 822.3,   6.4,   0.9
53317,   0.8,  -0.8,  -0.6,-108.7, 202.9, 873.8,   6.2,   1.1
53345,  -2.7,  -1.2,  -0.6,  65.1, 129.9, 768.6,   6.2,   1.0
53369, -12.0,  -9.7,   3.9, 266.5,-192.9,1222.7,   6.2,   1.7
53393,  -6.6,   3.2,  -0.9, -10.1,-186.8,1353.8,   5.1,   1.4
53417,  -0.4,   1.9,  -1.9, -64.0,  76.9, 876.8,   6.6,   1.7
53445,   5.6,   0.2,  -1.9,  60.2, 183.6, 619.7,   6.2,   1.5
53469,   7.6,   0.4,  -1.6,-105.5, 278.8, 456.1,   6.5,   2.2
53493,  -1.2,   4.1,  -2.4, -63.3,-119.7, 954.2,   6.3,   2.0
53517,   1.5,   1.3,   0.3,   6.3,  56.4,1188.3,   6.2,   1.7
53545,   1.2,  -9.3,   1.1, 209.4, 303.9,1001.5,   5.8,   1.8
53569,  -0.2,  -0.1,  -1.3, 102.0, 319.1, 712.5,   5.8,   1.5
53593,  -7.8,  -2.5,  -3.0, 108.1, 170.6, 961.2,   6.2,   1.1
53617,  -3.6,   3.1,  -0.2, 133.2,-310.3,1086.7,   5.3,   1.3
53645,  -0.2,   1.9,  -2.5,  48.0, 155.0,1088.4,   6.2,   1.1
53669,  -0.7,  -2.8,  -1.0, 111.5, -89.6,1053.5,   5.5,   1.0
53693,   0.6,   5.4,  -2.4,-114.1, 203.6, 944.2,   5.4,   0.8
53717,   1.9,  -1.7,  -0.3,  24.6,  49.8, 753.7,   5.0,   0.8
53745,  -1.2,   4.8,  -1.9,   9.7,-110.4,1157.3,   5.0,   0.6
53769,  -2.3,   8.7,  -3.6,-409.7,  29.0, 844.8,   5.8,   1.5
53793,   0.3,   4.6,  -3.0,-337.9, 159.6, 442.0,   6.4,   1.6
53817,  -2.2,  -3.8,   1.2, 141.3, 370.6, 581.4,   6.8,   1.2
53845,   7.4,   7.7,   1.3,-175.1, 282.2, 476.1,   7.5,   1.8
53869,   1.7,   1.2,  -1.7,-121.6, 288.1,1075.5,   8.5,   1.3
53893,   0.3,  -4.1,  -2.1, 156.9, 181.6, 579.7,  10.1,   1.5
53917,  -2.8,   6.1,  -2.8,-163.4,  66.9, 799.6,   9.3,   1.4
53945,   0.3,  -2.3,  -2.7, 151.1,  45.9, 925.8,   8.7,   1.0
53969,   3.1,   0.9,  -3.8,  32.9, -98.4,1047.2,   7.9,   0.9
53993,  11.3,   1.0,  -3.8, -34.5, 379.9, 625.6,   8.3,   1.0
54017,  -0.6,   1.7,  -2.3,-121.6,-154.3,1345.3,   8.1,   1.2
54045,  -0.6,  -0.8,  -4.1, 155.2, 156.7, 714.7,   9.2,   0.9
54069,   0.8,  27.0, -10.1,-1557.4,-455.1, 697.3,   7.9,   0.2
54095,   6.0,   6.4,  -2.0,-539.6, 281.2, 809.4,   9.5,   0.7
54119,  -0.4,   2.5,  -3.9,-273.0,-120.1, 718.6,  10.2,   0.5
54143,   4.0,   4.1,  -1.8,-283.3, 369.6, 625.6,   9.4,   0.6
54171,  -1.5,  -1.1,  -1.4, 282.2, -11.7,1030.6,   8.5,   0.5
54195,  -2.3,  -2.4,  -2.7,-119.0,  53.7,1060.4,   8.2,   0.8
54219,  -0.9,   3.7,  -3.0,-395.6,  29.5, 713.4,   7.3,   0.8
54243,  -2.5,  -0.5,  -3.6,-108.9, 161.8, 845.5,   6.8,   0.4
54271,   0.7,  -1.6,  -3.5,  46.6, 164.3, 934.4,   6.4,  -0.0
54295,  -5.8,   7.5,  -6.3, -37.4, 272.2, 489.8,   7.2,  -0.9
54319,  -2.6, -24.5,   1.9, 793.9, 291.7,1075.0,   6.9,   0.5
54347,  -2.7,   1.0,  -3.4, 524.6, 105.9,1354.3,   6.7,   0.1
54371,  -3.6,   1.9,  -2.2, -90.9,-119.9,1149.7,   5.9,   0.9
54395,   4.2,   9.3,  -3.3,-488.6, -44.0, 501.5,   5.7,   1.5
54419,   4.2,  -6.1,   2.5, 212.3, 432.3, 678.3,   5.5,   1.7
54443,   6.2,   0.4,   5.3, 425.5, 394.3,1984.9,   6.7,   0.7
54471,   4.4,   0.5,   4.7,-112.1, 235.1, 601.1,   6.9,   2.2
54495,  -2.1,  -4.7,   3.1, 270.0,  55.9,1172.4,   6.2,   2.2
54519,  -4.7,   8.9,  -2.8,-347.7,-188.5,1088.0,   6.7,   2.2
54543,   4.1,   5.0,   1.6,-221.0,  10.7,1049.4,   5.2,   3.4
54571,   4.7,  -1.6,   1.2,  86.9,   3.6,1036.9,   6.2,   3.2
54595,   2.0,  -2.0,  -1.0, -21.3, 105.0,1059.4,   5.7,   2.8
54619,   1.4,   1.7,  -3.0, -54.5, 190.4, 575.5,   5.7,   2.7
54643,   0.2,  -4.7,  -0.8, 213.3,  72.0,1209.1,   5.2,   2.2
54671,   3.5,   9.1,  -0.8,-150.2,  21.9, 848.9,   4.6,   1.6
54695,  14.4,  10.8,   4.4,-294.0, 609.3, 370.4,   5.2,   1.3
54719,   3.5,  -2.0,   3.3,-129.5, 512.2, 770.1,   6.5,   2.1
54743,  -6.4,   5.2,  -4.1, 591.0,-174.1,2163.6,   5.9,   1.3
54771,   6.9,  -3.5,   2.5,-270.6, 519.5,1016.2,   5.0,   3.5
54795,  -9.0,  -9.4,   0.2, 195.5,-175.6,1290.4,   6.6,   3.4
54819,   0.4,   0.9,  -3.6,-143.6, 221.7, 627.0,   5.9,   2.9
54847,   2.4,   2.0,  -1.7, -40.6, 187.0, 468.1,   6.2,   3.0
54871,  -5.0,  -3.2,  -0.9, -13.7, -28.3,1197.1,   6.0,   2.7
54895,   3.0,  -1.1,  -4.0, -15.7, 266.3, 820.1,   5.8,   1.9
54919,   2.5,   5.0,  -6.7,-135.8, -83.5,1008.9,   5.3,   1.6
54943,  -1.7,  11.0,  -5.5,-478.6,-119.7, 785.5,   4.9,   1.5
54971,  -1.1,  -2.7,  -3.0, 322.5,  91.5, 970.0,   5.2,   0.7
54995,  -7.2,   9.6,  -4.2, -87.2,-289.3,1910.2,   5.2,  -0.1
55019,   5.2,   4.3,  -0.6,-287.7, 351.8, 736.6,   4.3,   1.1
55043,  -1.4,  -9.8,   0.6, 535.1,  83.2,1215.2,   5.0,   0.3
55071,  -2.5,   3.2,  -4.9,-173.4,   3.9,1266.7,   4.6,   0.4
55095,   0.6,   9.2,  -3.6,-364.3,  51.7, 796.7,   4.5,   0.7
55119,   1.0,  -1.3,  -4.5, -57.9, 294.6, 504.7,   4.7,   0.9
55143,  -1.1,  -3.8,  -2.0, 322.7, 206.8, 859.0,   4.8,   0.4
55171,  -0.6,   9.4,  -0.9, -86.0, 235.8, 789.6,   2.5,   0.4
55195,  -0.2,   2.6,  -1.2,-298.2, 139.1, 595.8,   2.4,   1.3
55219,  -3.0,  -2.9,  -1.3,  32.4,  48.8, 726.4,   2.8,   0.7
55243,  -0.3,  -2.2,   0.8,-120.9,-360.9,1682.2,   1.3,   0.8
55271,   2.8,   0.8,   0.6,-163.4, 220.9, 764.5,   3.2,   1.7
55295,   1.2,  -0.2,  -4.5, 188.4,  23.9, 692.9,   3.6,   0.7
55319,  -4.2,  -6.5,  -1.7, 199.9, -94.8,1484.9,   3.2,   1.1
55347,  -4.0,   2.3,  -0.6,-171.9,-115.0,1272.0,   2.8,   1.2
55371,  -0.8,  -5.6,  -1.2,  55.1, -84.0,1183.7,   2.5,   1.6
55395,   0.5,  -0.9,  -0.5, 129.1, 219.7, 684.4,   2.9,   1.3
55419,   3.8,  -3.4,   1.1,  94.2, 160.4, 911.4,   3.0,   1.1
55447,   0.5,   1.6,  -0.1,-179.0,  56.1,1123.4,   3.0,   1.1
55471,  -1.0,   4.1,  -2.4, -29.1, -93.0,1182.4,   3.4,   1.1
55495,  -2.0,   1.6,  -6.1, 184.5, 409.9, 862.4,   4.4,  -0.5
55519,   0.6,   6.4,  -2.9,-423.6,-147.7, 842.8,   3.5,   1.1
55547,  -2.7,  -3.6,   0.6,  69.8,  87.6,1041.6,   3.4,   1.0
55571,   1.1,  -3.9,   0.5, -41.8, 110.8, 958.1,   3.2,   0.7
55595,  -2.5,  -3.4,  -1.8, 268.5,-172.9,1472.7,   3.4,   0.5
55619,   1.4,  -1.1,  -4.4, 122.0, -40.8,1129.5,   3.4,   0.4
55647,  -2.5,  -0.8,  -4.5,-128.0,  23.9,1580.1,   4.1,   0.6
55671,  -3.8,   5.8,  -4.4,-183.6,-174.1, 958.6,   3.9,   0.4
55695,  -7.7,   1.0,  -3.3,-226.9,-155.1, 990.5,   3.7,   1.0
55721,  -5.6,  -2.0,  -1.3, 281.4,-102.8,1299.4,   3.5,   0.3
55745,   4.2,  12.2,  -1.9,-509.6,  18.5, 725.4,   3.2,   0.4
55769,  -0.5,  -2.5,   0.0,-207.3,  82.2,1117.0,   4.4,   1.4
55797,  -2.3,   1.8,  -2.3,  72.0, -45.2,1017.9,   5.7,   0.3
55821,  -0.7,  -4.1,  -2.7,  56.1, 167.9, 842.8,   5.5,   0.5
55849,  -0.5,   0.2,  -2.8,  15.8,-106.0,1103.8,   5.3,   0.5
55869,   0.0,  -1.6,   0.8,  47.1, 169.6, 626.0,   5.0,   0.7
55897,  -1.4,   1.3,  -3.4, -86.5,  30.0, 929.5,   4.7,   0.8
55921,   1.6,   2.0,  -0.5, 263.1, 349.6,1306.2,   4.9,  -0.1
55945,   3.1,   6.6,  -2.0,-187.8,  85.2,1003.5,   5.6,   0.7
55969,   0.8,   3.6,  -0.3,-338.7, 126.4, 556.2,   6.2,   1.5
55997, -11.4,   1.2,  -5.2, 382.5,-140.4,1810.1,   6.6,   0.1
56021,   0.5,   1.0,   2.0,  45.6,  16.1,1117.5,   5.4,   1.6
56045,   3.1,   3.4,   3.5,-129.7, 283.7, 528.1,   6.4,   1.5
56069,   1.2,   3.1,   1.9,-202.9, 168.7, 713.9,   6.1,   1.3
56097,  -2.1,   2.5,   2.3,  59.5,-416.8,1693.7,   5.5,   1.1
56121,   8.7,   7.4,   2.6,-109.7, 260.2, 359.9,   6.7,   1.7
56145,   0.3, -10.9,   6.9, 117.9, 269.0, 883.4,   6.8,   1.9
56169,  -4.9,   6.2,   2.6,-173.6,-311.8,1615.1,   6.0,   1.7
56197,  -3.1, -10.2,   4.7,-235.2, -59.8, 925.6,   6.2,   3.3
56221,   0.1,   6.1,   3.2, 374.9, 285.1, 667.5,   6.8,   1.3
56245,  15.3,  -4.1,   9.6, -39.1, 386.7, 357.5,   6.0,   1.6
56269,   4.4,   1.0,   8.8, -76.2, 193.3,1030.1,   7.4,   2.3
56297,   3.0,  -0.9,   4.9, 226.5,  53.9,1671.2,   7.7,   1.8
56321,   4.8,   3.9,   5.3, -32.8, -44.2,1257.1,   7.2,   2.2
56349,  -0.5,   1.5,   5.4,-256.2, -66.4,1083.6,   7.1,   2.4
56369,   1.3,   1.8,   4.6,  39.0, -77.4,1222.5,   6.9,   1.8
56397,   4.8,   5.3,   6.5, -64.8,  33.2, 937.6,   7.3,   1.5
56421,  10.3,   3.6,   8.3,-206.8, 179.2, 640.7,   8.0,   2.1
56445,  -6.2, -11.4,   8.2, 250.7, 195.8,1366.5,   9.1,   2.8
56469,  -3.2,  -2.7,   9.0, 117.9,-716.1,1715.6,   7.7,   2.6
56497,   1.1,   1.7,   7.7, -16.7, 166.2,1088.4,   8.0,   2.5
56521,  -1.5,   4.4,   8.8,  63.7, -99.4,1024.7,   8.4,   2.3
56545,   5.1,   2.0,   8.8,-432.2, 147.9, 597.7,   7.7,   2.9
56573,   6.2,   1.9,   9.1,-179.0, 414.5, 366.3,   8.2,   2.8
56597,   1.1,   7.4,   9.2, -66.2,  -2.7, 914.1,   8.0,   2.8
56621,   6.3,   7.3,   9.5,-161.4, 476.0,1012.8,   7.8,   2.6
56645,   7.0,  -1.3,   7.2,-150.4, 253.1, 746.9,   7.8,   3.1
56673,   1.2,   0.9,   8.7, 263.6, 285.4, 811.3,   7.9,   2.4
56697,  -9.8,  -3.2,   9.6,-431.0,-648.2,1551.8,   7.9,   3.5
56721,   4.4,   7.9,  12.4,  57.8, 136.0, 678.3,   6.9,   2.8
56745,  -0.5,   2.6,   9.0,  88.8,  42.7,1264.2,   7.2,   2.6
56773,   1.7,   0.1,  10.3,-129.7,  62.5, 933.4,   6.9,   2.9
56797,  -1.1,  -2.5,   7.8,-161.2, -63.8, 852.9,   6.8,   2.7
56821,  -0.0,  -6.7,   9.4,  39.3, 140.8,1133.6,   6.2,   2.8
56849,   5.8,   9.1,   8.6,-369.9, 322.5, 391.9,   6.9,   3.7
56873,   1.9,   1.7,   5.8,-328.2,  50.8, 918.3,   6.2,   3.5
56897,  -2.8,  -3.7,   5.2,  89.3, 153.8, 848.0,   6.2,   3.2
56921,  -1.4,   7.5,   5.2, -20.3, 170.6, 634.3,   6.2,   2.4
56945,  -2.3,  -1.0,  11.0, -67.4, -62.3,1108.5,   4.8,   3.2
56973,   0.6,  -0.3,  10.0, 357.6,  16.3,1424.4,   6.2,   2.4
56997,   1.0,   0.2,   4.9,  51.9,  56.1, 981.3,   5.9,   2.1
57021,  -3.9,   3.0,   7.0, -96.2,  67.8, 886.3,   6.1,   2.5
57045,  -0.9,   2.7,   5.3, -10.8, 128.9, 935.4,   5.7,   2.0
57073,  -2.6,  -0.9,   8.2,  79.5,  42.0, 989.1,   5.0,   1.6
57097,  -3.9,   3.9,   8.7, -66.2, 351.0, 980.5,   5.4,   1.5
57121,  -5.7,   0.4,   6.1,  -0.8,  21.9, 887.8,   5.0,   1.6
57145,  -4.5,  -2.4,   3.7,  98.1,  35.6,1134.6,   4.7,   1.6
57173,  -5.2,   2.3,   3.0, 157.9,-217.8,1192.7,   4.0,   0.9
57197,   2.8,   3.3,   5.2,  40.7,-201.2,1588.2,   3.0,   1.2
57221,   3.3,   1.4,   1.3,-257.6, 477.3, 653.6,   5.3,   1.6
57245,  -7.0,   3.3,  -1.0, -89.2,-199.2, 973.9,   5.5,   1.1
57273,  -3.2,  -5.6,   0.8, 318.8,  -1.0,1252.0,   4.5,   0.8
57297,  -5.5,  -6.0,   2.0, 231.4,  35.4,1093.6,   5.2,   1.3
57321,  -2.7,   6.6,   1.1,  98.6,  76.6, 893.9,   4.7,   0.5
57351,  -2.9,   2.7,   1.3, 147.2, -90.6,1253.7,   4.4,   0.4
57371,  -2.6,  -1.4,   3.2,  15.8,  93.2,1068.2,   4.1,   0.7
57395,  -4.4,  -0.6,   0.5, 291.0, -76.9,1464.2,   4.3,   0.3
57423,  -1.6,   4.2,  -1.3, -79.9, 191.9, 623.6,   4.8,  -0.3
57447,   2.7,  -9.2,   6.2, 205.5,-205.6,1452.7,   3.6,   0.2
57471,   7.5,   3.4,   2.0,-221.0, 292.9, 424.1,   4.7,   0.8
57495,  -6.0,   5.6,   0.0, -80.6,-337.7,1172.9,   4.4,  -0.2
57523,  -2.2,  -6.0,   0.2,   7.8, 283.9,1001.5,   5.0,   0.2
57547,  -2.7,  -4.4,  -0.1,  87.6,  56.9,1009.6,   4.6,   0.4
57571,   2.1,   5.1,  -0.8,  73.9,  47.1,1023.0,   3.9,  -0.5
57595,   0.9,   4.1,  -0.7,  83.7, -77.4,1075.5,   3.7,  -0.6
57623,   0.7,   1.4,  -2.2,  51.9, 114.2, 801.6,   4.3,  -0.2
57647,  -2.4,   3.1,  -6.3,-228.6,-176.1, 941.7,   4.0,   0.3
57671,  -1.1,   6.7,  -8.9,  57.1,-104.5,1155.8,   4.6,  -0.5
57695,  -3.1,  10.8,  -8.8,-761.0,-364.8, 629.0,   4.1,   0.0
57723,   1.4,  -6.6,  -1.9, 101.3, 338.8, 656.6,   4.9,   0.4
57747,   0.6,  -6.2,  -0.9, 518.7,  32.7,1272.3,   4.9,  -0.3
57771,   3.2,  -0.5,  -5.8,  80.5, 196.0, 798.4,   4.9,  -0.2
57799,  -4.1,  -4.5,  -6.4,  14.1,-215.1,1407.5,   5.0,   0.5
57823,   3.0,   3.6,  -5.9, -84.3,  49.3, 781.6,   4.8,   0.0
57851,   0.5,  -3.3,  -5.0,  80.0, 240.9,1100.4,   4.9,  -0.2
57871,  -1.1,  -4.4,  -5.3,   7.8, -64.2,1199.8,   4.5,   0.1
57899,  -1.6,  -0.3,  -8.6, -77.2, -95.2,1128.7,   4.5,   0.2
57923,  -2.7,   3.0,  -6.3,  39.0, 196.0, 761.5,   4.9,  -0.9
57947, -11.7,   7.2,  -9.9, 150.1,-326.4,1874.3,   5.4,  -1.4
57971,   9.3,  -2.1,  -0.9, 165.5, 406.2, 637.5,   5.9,  -0.1
57999,   2.4,  17.7,  -9.2,  -3.7, 163.5, 756.7,   6.1,  -1.8
58023,  -3.8,  -1.3,  -8.3,-173.9,-117.2,1680.5,   6.0,  -1.0
58047,   2.4,   0.6,  -6.9,  28.0,  46.1, 854.6,   6.6,  -0.1
58071,   3.2,  -1.9,  -5.7, 114.4, 173.3, 658.8,   6.3,  -0.7
58099,   3.8,   3.6,  -4.7,-220.8,  80.8, 658.5,   5.8,  -0.5
58123,   7.0,   0.3,  -5.7,-123.8, 446.0, 273.7,   6.9,   0.1
58147,  -0.2,  -4.7,  -8.5,-102.8,  73.7, 973.5,   6.8,   0.3
58171,   3.1,  -3.1,  -5.8, 224.8, 309.1, 452.5,   6.7,  -0.5
58199, -10.1,  -5.7,  -7.3, 177.9, 207.7, 866.5,   7.6,  -1.0
58223,  -8.1,  -8.5,  -2.8,  74.2,-440.7,1633.6,   6.3,  -0.1
58247,   1.3,   8.6,  -1.2, 265.1,  60.8, 804.5,   5.7,  -1.2
58271,  -6.9,   4.5,  -5.3,-189.5,  16.3, 908.5,   6.2,  -0.8
58299,  -7.7,  -0.5,  -4.7,  71.5,-151.4,1306.5,   6.4,  -0.1
58323,  -4.2,  -1.6,  -3.7,  95.4,-224.4,1471.3,   5.8,  -0.5
58351,   0.3,  -3.8,  -1.4, 147.6,-157.3,1618.5,   5.6,  -0.7
58371,   2.5,   4.8,  -2.2,-267.6,  90.1, 923.4,   6.0,  -0.3
58399,   2.7,  -0.3,  -2.7,-372.4, 412.1, 259.6,   7.4,   0.4
58423,  -4.8,  -9.8,  -3.3, 514.1, 167.7,1091.9,   6.8,   0.0
58447,   2.8,   8.3,  -3.1,-285.9,  33.9,1024.5,   6.1,   0.5
58471,   5.3,   4.1,  -1.4, -14.9, 108.4, 876.3,   4.9,   0.7
58499,   2.1,   0.5,  -6.7,-198.5, 287.8, 645.6,   6.7,   0.2
58523,   2.8,  -4.4,  -4.1,-338.4, 273.4, 593.1,   6.7,   0.9
58547,   3.9,  -4.5,  -6.1, 439.4,   3.1,1163.2,   6.8,   1.0
58571,   2.6,   4.4,  -5.8, 241.9,  -2.5,1069.6,   6.6,   0.8
58599,   1.7,   2.0,  -3.1, -33.3, 130.3, 621.9,   6.5,   1.0
58623,   5.0,  -3.1,  -3.0,  99.1,  54.9,1233.0,   5.9,   1.1
58647,  -1.6, -13.7,  -3.1, 388.9,-253.2,1733.0,   7.1,   1.8
58671,   0.9,   2.3,  -5.6, 307.3,  87.4,1215.2,   9.1,   1.5
58699,  -9.0,  -9.7,   0.3,-362.6,-681.4,1819.2,   9.8,   3.1
58723,  -0.7,   4.8,   0.2,  19.7,  46.1,1010.1,   8.5,   1.7
58747,   3.3,   3.9,  -2.9,  41.0, 337.9, 954.9,   9.2,   1.2
58771,  -3.3,   0.2,   0.2,  99.1, -68.4,1369.9,   8.8,   1.4
58799,  -7.2,  -3.8,   0.1,  34.4, -39.6,1159.0,   8.2,   1.5
58823,  -4.1,  -2.9,   2.7, 150.8,-230.7,1644.6,   8.0,   1.8
58851,  -3.8,   1.4,   0.2,-424.6,  21.9,1027.9,   7.8,   2.2
58871,  -3.8,  -2.7,  -2.0,-336.5,-197.1, 574.0,   6.7,   3.1
58899,  -0.2,  -0.9,  -1.6, 279.0, 208.0, 765.9,   6.0,   1.3
58923,  -3.9,  -1.6,  -0.6,  44.9, 125.7, 888.3,   6.0,   1.5
58947,   2.8,  15.0,  -0.4,-648.0,  14.9, 700.8,   4.1,   2.4
58973,  -1.3,  -0.3,  -2.1,-258.6, 143.3, 847.0,   5.5,   2.2
58997,  -3.6,  -2.2,   0.2, 207.0, -48.4,1427.3,   5.1,   1.4
59025,  -0.0,   4.2,  -0.6,-292.3,  82.5, 453.7,   5.0,   1.7
59049,  -2.5,  -0.3,   2.0,  -8.4, -42.3,1024.5,   4.8,   1.5
59073,  -1.1,   1.9,   2.5,  22.4, 131.3,1378.7,   4.6,   1.1
59097,  -0.3,  -3.3,  -0.4,  -0.5, -41.8,1332.8,   4.6,   1.6
59125,   6.7,   0.5,   0.3, -45.2, 437.5, 551.3,   5.0,   1.6
59149,  -3.0,   8.6,  -2.2,-282.0, 260.2, 807.0,   5.8,   0.7
59173,  -5.2,   5.2,   4.5, 105.4,-392.6,1557.2,   5.5,   0.7
59197,   5.6,   4.0,   1.8,-186.8, 250.0, 619.0,   6.8,   0.9
59225,  -2.6,  -8.6,   2.7, 100.3,  26.1,1187.6,   7.6,   1.8
59249,  -1.6,   4.1,   3.2, 341.5,-104.8,1624.3,   7.1,   0.9
59273,   2.8,   2.1,   3.8,-347.7, 188.2, 523.5,   8.0,   2.3
59297,   3.9,  -2.7,   5.6, 246.0,  -6.4,1137.3,   7.8,   2.1
59325,  -5.1,  -9.1,   4.3, 634.0,-144.1,1860.7,   8.2,   2.1
59353,  -1.7,  -1.9,   4.1, 254.1,-147.0,1281.6,   7.9,   1.8
59373,  -2.7,   5.1,   2.2,-515.7,  88.1, 985.7,   7.7,   1.5
59397,   8.2, -10.7,   8.0, 546.6, 313.4,1094.3,   9.1,   2.2
59425,  -2.0,  -3.2,  -2.2, 291.9,  -7.6,1574.3,  10.3,   1.5
59449,  -0.1,   3.4,  -0.1,-143.9, -71.1, 905.1,   9.8,   2.7
59473,   0.4,  -3.1,  -0.6,  89.1, 174.3, 591.6,   9.5,   2.3
59497,   3.5,  -1.4,   1.8, 160.3, 125.2, 996.9,   9.3,   2.2
59525,  -2.6,   6.8,   1.9,-250.5, -57.6,1393.9,   8.3,   1.8
59549,   2.4,  19.0,  -4.7,-707.6, 331.3, 413.6,   9.2,   2.6
59573,  -3.7,  -2.5,   2.1,  84.4,   0.2,1119.5,   8.8,   2.6
59597,  -9.4,  -1.1,  -2.5,  99.8, 126.9, 881.2,   9.3,   1.6
59625,  -5.9,  -8.6,   3.0, 526.8,-151.4,1443.9,  10.1,   2.8
59649,  -2.5,  -0.0,  -1.7, -29.8, 122.0,1210.5,  10.7,   2.6
59673,   0.1,   3.3,  -1.6,-222.0,-191.9, 907.8,  10.7,   2.9
59697,  -3.6,  -0.2,   0.4, -25.2, -35.7,1184.2,  10.1,   2.4
59725,   0.0,  -3.4,   1.4,  33.9, 312.2, 776.2,   9.3,   2.3
59749,  -1.5,  -6.4,  -0.6, 125.9,   0.9, 956.4,   8.6,   2.4
59773,  -2.8,  -2.7,  -3.0,  89.5,  -8.1,1039.6,   7.8,   2.1
59797,  -5.9,  -2.9,  -4.1, 397.4,  -0.3,1383.4,   7.3,   1.1
59825,  -0.6,   5.4,  -4.2,-151.4, 384.5, 548.9,   7.8,   1.0
59853,   2.3,  -0.0,  -1.0, 280.0,-131.6,1058.9,   7.6,   0.7
59873,   2.5,  -7.0,  -2.0,  21.7, 261.4, 842.6,   8.3,   1.1
59897,  -0.5, -14.8,  -2.3, 352.0,-155.3,1364.3,   8.8,   1.7
59925,   3.8,  -4.5,  -2.8, 297.8,  26.8,1198.6,   7.8,   0.5
59949,  -0.2,   2.9,  -1.7, -86.0,  32.9, 825.0,   7.5,   0.7
59973,   0.3,  -2.1,   1.5, 225.8,-190.7,1266.7,   6.9,   0.8
59997,  -0.5,  -9.1,   0.5, 381.0,  65.4,1164.9,   8.0,   0.7
60025,  -1.2,   2.3,  -0.9, -30.6, 216.3, 599.7,   8.2,   1.0
60049,  -5.9, -17.1,   3.4, 103.2,-668.2,1828.2,   6.5,   2.1
60073,   3.3,   3.6,  -0.3, 454.5, 103.2, 876.5,   7.5,   0.3
60097,   4.2,  -5.3,  -5.6, 339.3, 275.4, 744.7,   9.9,   0.2
60125,  -2.8,   4.2,  -4.8,-112.6,-181.7, 830.4,   9.1,   0.9
60149,   1.2,   7.2,  -5.3,-245.7,  -7.6,1223.9,   8.8,   1.2
60173,  -4.2,  -4.6,   1.1, 100.3,  60.0, 791.1,   8.2,   1.5
60201,  -3.3,   1.4,  -1.9,  47.1,  23.2, 692.5,   7.7,   1.1
60225,  -6.3,  -4.4,  -0.3, -38.9, -22.5,1254.0,   7.0,   1.6
60249,  -5.6,  -6.6,  -2.0, 351.5,  99.1,1385.6,   6.9,   1.0
60273,   1.5,  11.2,  -2.5,-648.0, -56.2, 841.4,   7.8,   1.8
60301,   3.0,   1.4,  -2.2, 366.4, 329.8, 911.0,   6.3,   0.9
60325,  -2.8,   0.5,  -3.6,  44.4,  66.4,1066.5,   6.7,   1.1
60353,   0.5,  -0.6,  -2.5, -93.1, 163.1, 745.2,   6.8,   1.1
60373,  -2.0,   1.0,  -1.6,-186.8, 155.5, 669.7,   6.4,   0.9
60401,   2.7,  -4.8,   0.9, 198.7, 188.2, 632.1,   6.9,   0.9
60425,  -1.1,  -5.7,  -2.8, 647.6, -14.2,1114.3,   6.5,   1.2
60449,  -5.2,   0.4,  -1.7,  34.6, -68.9,1276.2,   6.2,   1.9
60473,  -1.1,   4.2,  -1.3, 109.3, 138.4,1200.0,   5.7,   1.0
60501,   0.9,   9.3,   0.9,-713.7,  27.3, 667.3,   6.2,   1.9
60525,   4.7, -15.3,   5.7, 824.7,  62.0,1247.9,   4.0,   1.6
60549,   2.2,  -6.4,  -1.3, 390.3, 331.5,1132.9,   5.7,   1.5
60573,   2.2,   7.0,  -1.9,-279.6,  42.7, 564.3,   5.4,   2.5
60599,   4.3,   3.2,  -3.5,-204.4, 217.0, 704.9,   5.2,   2.0
60623,   0.6,  -3.2,  -0.5,  94.2,-193.1,1493.5,   4.5,   2.2
60651,   4.9,   5.3,  -0.9,-187.6, 115.9, 536.4,   4.5,   2.0
60675,   3.6,   4.8,  -0.6,-213.9,  88.8, 621.7,   4.9,   2.2
60699,   3.6,  -2.8,   1.1,  47.6, 210.2, 571.1,   4.7,   2.2
60723,  -6.9,   2.0,   4.3,-200.5,-1089.1,1808.2,   3.5,   1.9
60751,  13.2,   7.0,   0.0,-315.7, 389.1, 673.2,   5.3,   1.8
60775,  -3.9,  -7.1,  -0.9, -46.9, -57.6, 979.1,   6.0,   2.3
60799,   6.3,  -0.2,  -2.7,-106.3, 121.8, 503.7,   4.8,   1.9
60823,   2.4,  -1.3,  -2.2,  -4.9, 121.6, 634.1,   5.0,   1.9
60851,   0.8,   5.9,  -2.3, -44.2,-178.3,1214.2,   4.7,   2.1
60875,   1.4,  -8.0,  -0.1,-360.9,-101.6, 850.9,   4.4,   3.0
60899,   0.6,  -6.0,  -1.8,  31.0,  71.7, 833.3,   4.4,   2.4
60923,   1.6,  -1.9,  -2.6, 319.8, 250.7, 668.8,   4.4,   1.1
60951,  -8.9,   6.5,  -0.5, 113.0,-293.5,1926.8,   5.2,   0.2
60975,  12.7,   9.7,   2.2,-342.3,  23.4, 510.1,   3.6,   0.9
60999,   6.1,   2.8,   3.3,-229.5, 649.1, 421.5,   6.0,   1.5
61023,  -0.2,   3.4,   1.6,-212.2, -96.0,1217.6,   6.1,   1.4
61051,  -0.9,  -3.1,   2.7,-168.5, 173.3,1064.0,   6.4,   1.7
61075,   3.1,  -7.6,   4.8, 142.0,  80.8,1111.4,   5.8,   1.7
61099,  -0.5, -12.2,   6.5, -29.6,   4.9, 841.9,   5.6,   2.1
61123,   2.2,   1.9,   1.9,-284.2,  52.5, 425.4,   5.5,   2.6
61151,  -0.2,  -7.1,   4.2, 397.9, 432.3, 675.4,   5.7,   1.8
61175,  -0.9,  -1.6,   4.0, -47.2, 417.7, 376.5,   6.6,   1.9
61199,  -2.8,  -5.2,   6.1, 194.8, -35.9,1081.6,   5.5,   2.0
61223,  -2.2,  -4.4,   1.3,-121.9, 219.2, 962.5,   6.7,   2.1
61251,  -3.7, -10.5,   3.2, 280.5,  -1.7,1245.9,   6.9,   2.0
61275,  -1.3,  -2.9,   0.9,  36.6, 197.5, 378.0,   6.8,   1.5
61299,  -1.0,  -9.1,   3.3, 338.3, 378.6, 863.8,   6.8,   1.5
61327,  -2.0,   5.6,   1.8, -77.9,  12.7,1114.6,   6.3,   1.2
61355,   2.5,  -4.9,   3.6,-104.1, 218.2, 596.7,   6.6,   1.2
61375,  -1.3,  -4.4,   0.6,  52.9,  62.7,1103.6,   6.6,   1.2
61399,  -5.5,  -4.9,   0.5, 288.0, -82.3, 881.9,   6.7,   1.0
61427, -10.9,  -3.0,  -2.5,  22.6,-179.5,1575.0,   6.9,   0.4
61451,  10.6,  17.1,   2.5,  14.1, 230.9,1113.1,   7.3,  -0.9
61475,  -2.2,  12.7,  -4.4,-356.0, 261.2,1049.4,   9.3,   0.3
61499,   0.1,   7.7,   0.3,-500.3, -46.7, 689.0,   8.4,   1.2
61527,  -0.5,  -4.9,   2.0, 139.6, 133.3, 879.0,   7.4,   0.5
61551,  -2.0,  -1.6,   2.9, 234.6,-130.9,1089.2,   7.0,   0.6
61575,  -4.8,  -6.9,   3.6,-127.0,-164.6,1253.7,   6.8,   1.6
61599,  -1.2,   1.2,   1.7, 135.2, -37.9,1457.1,   6.4,   1.3
61627,   1.3,  -2.1,   2.0,  38.5, 119.6, 842.1,   5.9,   1.4
61651,   1.7,  -0.1,   0.7,-144.1, 238.5, 694.9,   6.2,   1.2
61675,  -3.0,   4.5,  -2.0,-324.8, 149.1,1140.9,   7.0,   1.1
61699,  -3.0, -11.8,   1.6, 722.1, 221.9,1059.2,   5.9,   0.9
61727,  -0.8,   1.7,  -2.5,-103.3,  64.7,1012.5,   5.0,   0.9
61751,  -2.0,  -0.1,   1.8,-450.3, 161.6, 356.5,   5.6,   1.8
61775,  -9.4,  -2.9,  -0.8,  48.8,-444.1,1704.4,   5.2,   1.3
61799,  -0.3,  -1.5,  -1.1,-177.8, 252.4, 751.3,   5.7,   1.6
61827,   0.8,  -0.8,  -2.0, 100.0, 148.7, 823.8,   5.5,   1.2
61855,  -3.1,   3.4,  -2.9,-284.2,-209.7,1097.2,   5.1,   1.5
61875,  -3.0,  -3.8,  -2.0, 393.7,-108.7,1246.4,   4.8,   0.2
61899,  -6.8,   1.7,  -3.0, -63.5, 191.4, 990.5,   5.7,   0.2
61927,  -0.5,  -9.5,   5.3, 305.4,-172.9, 998.8,   5.0,   1.1
61951,  -4.2,  -0.1,  -2.0,  80.0,  75.2,1024.5,   5.4,   0.5
61975,  -2.8,  -2.2,  -2.8,  -1.0, 189.9,1076.5,   6.3,   0.7
61999,  -6.8,   6.8,  -6.0,-314.8,-215.8,1034.7,   5.9,   0.8
62027,  -4.1,   5.2,  -3.9,-249.6,  11.7, 794.5,   5.2,   0.9
62051,   1.5,   1.6,  -1.4,  71.2, 182.1, 623.4,   5.2,   0.4
62075,  -0.3,  -3.1,  -2.6, 255.6,-108.2,1184.6,   4.7,   0.4
62099,   7.9,  -3.0,  -0.7, -27.6, 127.7, 286.7,   5.8,   1.2
62127,   4.7,  -2.4,  -3.8, 305.4,  65.2, 741.5,   6.7,   1.4
62151,   6.8,  -2.4,   1.3, 144.5,-288.4, 783.5,   5.8,   1.4
62175,   6.8,   9.6,  -5.8,-123.8, 240.7, 546.2,   6.4,   0.9
62199,  -2.0,  -5.5,  -3.5, 167.4,-210.0,1584.8,   7.4,   1.6
62225,   4.3,  -5.3,  -3.8, 262.2, 145.0,1024.5,   7.0,   1.2
62249,   4.7,   3.9,  -4.5,-250.3, 136.4, 548.7,   7.3,   1.9
62277,   6.6,  -3.0,   0.6, 218.0, 142.8, 729.3,   6.6,   1.2
62301,  -5.2,   1.8,  -2.8,  40.0,  10.2,1105.8,   6.7,   1.5
62325,  -2.9,   4.1,  -2.1, -23.2, -65.0, 725.9,   6.0,   1.4
62353,   3.1,   1.2,  -0.3,  45.6, 344.5, 600.4,   6.6,   1.3
62377,   2.6,  -1.5,   1.9, 478.9,-311.8,1527.4,   5.1,   1.0
62401,   3.8,  -0.3,  -1.2,-204.9, 303.4,1061.1,   7.2,   2.1
62425,   3.8, -21.8,   2.9, 478.7, -25.7,1401.2,   8.3,   1.8
62449,   3.1,   2.1,   0.6,-227.8, 153.8, 474.2,   7.9,   1.5
62477,  -1.0,  -3.9,   2.7, -11.8,-250.0,1216.4,   7.4,   1.9
62501,  -2.8,   5.8,   0.4,-619.2, 185.0, 493.7,   7.8,   2.2
62525,   1.9,  -6.7,   0.9, -36.9,  93.7, 891.9,   7.4,   2.0
62553,   0.6, -19.0,   0.9, 674.7, 126.2,1236.9,   8.2,   1.4
62577,  -2.2,   3.9,  -2.0, 223.6, 468.2, 386.3,   9.8,   0.7
62601,   6.4,   2.7,   1.3, 176.7,   8.8,1209.3,   8.5,   1.0
62625,   4.5,   1.7,  -0.6,  -6.9, 277.1, 916.3,   9.7,   1.6
62653,   1.7,   0.8,   1.5, 114.0, 145.0, 868.2,   9.3,   1.1
62677,  -6.6,  -1.3,   4.1, -55.7,-249.3,1054.0,   9.1,   1.9
62701,   0.3,   6.3,   4.7,-167.5, 388.6, 621.4,   8.7,   1.8
62725,  -5.8,   3.4,  -2.7, 112.0, -49.8,1089.2,   8.0,   1.4
62753,   1.9,  -0.7,   3.3,-208.1, 197.5, 253.5,   7.7,   2.4
62777,  -8.9,  -7.8,  -2.3, 581.7,  14.6,1613.3,   8.8,   1.4
62801,   0.2,  19.9,  -3.3,-436.8,-368.9, 962.5,   9.5,   1.8
62825,  -3.0,   3.5,  -2.8,-191.5,-169.5,1482.2,   8.6,   1.6
62853,  -6.8,  -3.3,   1.0, 132.0,-265.7,1670.7,   8.1,   1.4
62877,   3.0,   3.3,   2.6,-109.4, 183.6, 351.6,   7.9,   1.3
62901,  -1.2,  -4.7,   2.3, 113.2, 101.0, 990.8,   7.0,   1.3
62925,  -3.6,  -4.9,   2.8, 381.5,  16.3,1187.8,   6.9,   0.9
62953,   2.7,   3.4,   2.3, -24.2, 186.2, 244.0,   8.0,   1.5
62977,  -2.6,  -1.2,   3.1,-134.6, -12.2, 749.8,   7.5,   2.0
63001,  -4.7,   4.6,   2.3,-190.7,-178.0,1737.1,   7.2,   1.4
63025,   9.6,   2.0,   6.9, -67.7, 277.3, 180.0,   6.9,   2.1
63053,  -0.2, -12.5,   2.4, 430.1, 174.0,1599.4,   9.4,   1.0
63077,   4.9,  -8.2,   3.2, 262.6,   3.1,1018.9,   9.1,   1.3
63101,  -2.8,  -8.9,   0.4, 401.1,  32.2,1305.7,   9.4,   1.3
63125,   3.0,  -1.4,   0.5,  64.9, 110.8, 811.8,   8.8,   1.5
63153,   2.9,   5.3,   0.8,  83.9,  84.4, 766.7,   8.0,   0.9
63177,   0.2,   2.8,   2.1, -69.1,  53.7, 734.7,   8.3,   0.9
63201,   4.0,   2.3,   2.4, -46.2, 333.2, 323.1,   8.9,   1.3
63225,  -7.2,   8.8,  -3.7,-427.8, -25.4,1254.2,  10.2,   1.0
63253,   2.5,   6.4,   1.3, -11.3, -76.7, 930.2,   8.4,   0.7
63277,   2.5,  -2.7,   0.6,-174.6, 357.1, 617.0,   9.0,   1.5
63301,  -3.0,  -5.0,   1.6,  24.1,-135.0,1078.4,   8.4,   1.6
63325,   6.0,   0.9,  -0.6,  92.0, 174.3, 999.1,   7.8,   1.1
63353,   1.6, -12.2,   1.4,  -3.7,  26.3, 955.1,   7.7,   0.8
63377,   3.4,  -2.9,  -1.1, 187.9,  -6.9, 894.4,   7.0,   0.2
63401,  -3.5,  -9.8,  -0.1, 314.9,-125.5,1247.6,   6.8,   0.4
63425,  -0.4,   3.0,  -1.0, 157.7,  86.6,1051.3,   6.9,  -0.4
63453,   0.7,  -2.4,   2.8, 115.9, 108.9, 683.4,   6.2,   0.2
63477,   1.6,   6.7,  -3.1,-231.7,  -6.4,1046.9,   5.8,  -0.0
63501,  -2.5,  -2.6,  -0.5, -61.8, -13.5, 989.8,   6.0,   0.8
63525,   1.3,   1.2,  -2.3, -43.3,  71.7, 795.0,   5.5,   0.4
63553,   1.3,  -3.4,  -0.7, 147.4, 146.9, 492.0,   5.1,   0.1
63577,  -2.9,  -6.9,   2.7, 113.7,  79.3,1124.8,   5.1,   0.3
63601,  -1.0,  -5.3,   1.0,  34.4, 135.0,1110.7,   5.0,   0.1
63625,   1.7,  -2.8,  -1.1, -79.2, 116.2, 587.0,   4.8,   0.1
63653,  -0.3,  -7.8,   2.7, -64.0,-709.5,2126.3,   3.6,   0.9
63677,   4.8,  11.0,  -0.3,-128.2, 346.7, 603.6,   5.5,   0.3
63701,  -4.3,   2.5,  -8.1,-290.3,-236.6,1563.3,   6.1,   0.0
63729,  -5.6,  -7.4,  -1.4, 228.0, -91.3,1223.2,   6.2,   0.7
63753,  -6.1,   0.7,  -2.0,-123.1,  41.7, 835.0,   5.8,   0.3
63777,   4.6,   1.3,  -2.3, 125.9, 557.8,1247.9,   6.6,   0.3
63801,  -5.6,   7.4,  -5.6,-228.3, -48.6, 939.8,   6.4,   1.2
63829,  -0.0,  -3.2,  -0.7, -24.5, 270.5, 546.0,   6.1,   1.6
63859,  -4.2,  13.8,  -5.6,-357.2, 165.5, 438.1,   6.3,   2.7
63879,   4.8,  -8.5,   1.5, 121.5,-135.3,1295.7,   5.0,   3.3
63903,   4.5,  15.4,  -3.3,-163.1, 154.8, 353.3,   4.9,   2.5
63927,  -2.2,  -3.0,  -5.6,  73.7, -46.9,1263.0,   5.3,   2.0
63951,  -5.2,   1.7,  -3.9,-199.3,-241.2,1208.1,   5.6,   3.1
63979,   0.0,   0.4,  -1.8,-249.3, 151.1, 512.5,   5.8,   2.9
64003,  -0.2,   1.7,  -0.5, -83.3,-162.6,1117.0,   4.8,   2.3
64027,  -1.4,   1.4,  -2.0,-275.4, 106.9, 696.1,   5.0,   2.5
64051,  -7.2,  -5.5,  -0.3, 133.5,  30.0,1079.4,   5.4,   2.4
64079,   7.1,  12.4,  -0.3,-386.8,  85.2, 519.1,   5.2,   2.8
64103,   6.1,  -6.6,   6.1, 796.3, 310.3,1273.5,   4.2,   1.9
64127,   1.0,   3.8,  -4.8, -16.2, -27.4,1091.1,   5.7,   2.0
64151,   0.4,   1.9,  -2.7,-102.1, -26.2, 641.9,   5.6,   2.5
64179,   1.1,   0.0,  -1.9,-226.6, -28.1, 923.7,   4.9,   2.7
64203,  -0.4,  -1.6,   1.4, 322.7,  91.8,1092.8,   4.8,   2.2
64227,   2.2,   7.5,   0.7,-306.7, 205.0,1109.2,   4.5,   2.6
64251,  -2.2,   2.3,   0.2,-272.0,  16.3,1160.0,   4.4,   2.6
64279,   1.7,  -0.9,   2.2, 327.1, 172.8, 758.6,   4.3,   1.6
64303,   2.7,  12.1,   0.5,-794.0,  93.7, 617.0,   5.0,   2.6
64327,   1.9,   0.8,   4.7, 211.9,-143.6,1288.4,   4.2,   1.2
64355,   2.8,   0.8,  -1.4,   7.3, 180.9,1005.0,   4.3,   1.2
64379,   2.0,  -2.5,   1.8,  80.3, -60.6, 881.9,   3.9,   1.4
64403,   6.4,  -3.1,   1.0, 259.2, 316.1, 809.4,   4.3,   1.0
64427,   8.8,   1.6,   0.7, -85.0,  34.4, 896.3,   4.1,   1.3
64451,  -2.7,  -9.4,  -0.1,  40.5,-185.8,1414.6,   5.0,   1.9
64479,  -4.6, -16.5,   2.0, 624.7, -46.2,1192.5,   5.1,   1.7
64503,  -4.4,  -0.7,   0.9, 230.4, 133.3, 969.8,   5.2,   1.1
64527,   1.6,   4.9,  -1.2,-365.8,-377.5, 727.4,   5.8,   1.6
64551,  -2.8,   2.8,  -0.5, -38.4,-221.0,1346.0,   5.2,   1.2
64579,  -0.3,   0.5,  -2.3,-160.2, 185.3, 567.2,   6.5,   1.5
64603,   0.0,  -1.7,  -2.3, 201.1, 108.4, 758.1,   6.3,   1.2
64627,   0.7,   5.5,  -3.9, -57.2,-129.7,1179.5,   6.6,   1.3
64651,  -0.7,   4.2,  -1.0,-117.2, 178.2,1124.6,   6.4,   1.3
64679,  -3.5,  -8.5,  -0.9, 253.1,  46.1,1146.3,   6.5,   1.6
64703,  -2.6,  -3.9,  -0.2, 151.3, -46.4, 816.2,   5.6,   1.3
64727,  -2.8,   3.5,  -0.3, -14.0,-231.2,1899.7,   5.2,   0.8
64751,   5.3,  -4.4,   3.6, 596.6, 343.7, 955.9,   4.7,   0.4
64779,   1.1,   4.4,  -3.9,  22.4,  67.6,1244.0,   6.3,  -0.2
64803,   0.5,  -5.3,   1.1, 128.9,  -6.6,1252.0,   6.0,   0.7
64827,  -0.9,   7.9,  -1.8,-163.4,-296.7,1036.0,   5.5,   0.5
64855,   0.6,  -2.8,   3.4, 227.7,  15.8,1008.1,   5.4,   0.2
64879,   1.6,  -0.5,   5.3, 159.9,  89.1,1311.6,   5.2,   0.3
64903,  -7.3,   2.0,   0.3,-312.3,-159.5,1415.6,   5.4,   1.2
64927,  -3.6,  -6.2,   1.4, 103.2, -12.7,1009.3,   5.6,   1.3
64955,  -2.6,  -0.8,  -1.7, 212.3, 161.6, 940.0,   6.3,  -0.0
64979, -22.7,  -2.5,  -3.6,-112.1,-615.5,2818.9,   7.8,   0.3
65003,   6.7,  12.6,   3.8, 195.3, 247.0, -17.5,   6.3,  -0.6
65027,   3.8,  -2.9,   0.7, 152.0, 618.4, 407.3,   7.9,   0.1
65055,  -5.3,  -4.9,   2.5,  77.3,  12.2, 905.8,   7.8,   0.7
65079,  -0.1,  -0.5,  -0.1, -19.8,  17.3,1154.9,   7.4,   0.3
65103,   5.4,   4.3,   0.2, -74.3, 578.1, 873.1,   7.5,   0.1
65127,  -1.1,  -2.5,  -1.7, 239.9, -49.8,1503.2,   7.5,  -0.2
65155,  -0.4,  -0.7,  -0.4, -67.9,   2.7, 830.6,   7.1,   0.7
65179,  -4.2,  -3.7,   1.1, 234.6, 103.0,1120.2,   6.7,   0.2
65203,  -4.2,   7.2,   0.2,-426.3,-419.2,1626.5,   6.4,   0.6
65227,   2.8,  -8.9,   5.3, 415.7, 199.2, 819.9,   6.2,   0.7
65255,  -4.5,  -8.1,  -3.3, 375.7, 166.7,1138.0,   7.7,   0.1
65279,  -4.2,   0.2,   0.0, 183.0,-404.6,1371.7,   6.8,   0.5
65303,  -1.6,  -2.7,  -0.3,  84.4,  48.8,1077.5,   6.5,   0.3
65327,   1.6,   6.7,   0.9,-191.0,  83.5, 504.0,   6.1,   0.3
65355,   2.6,   5.3,   0.8, 247.7,-173.9,1330.4,   6.0,   0.2
65379,  -1.4,   3.1,   0.2,-235.4, 112.5,1282.1,   6.9,   1.0
65403,   1.4,   1.9,   2.0,-384.3,  14.6, 249.1,   7.0,   1.8
65427,  -4.4,   5.0,  -0.0,  85.9, 152.1, 678.8,   6.7,   0.4
65455,  -1.9,  -3.6,   6.5, 420.1,-118.9,1491.0,   5.3,   0.7
65477,   0.6,   4.6,  -0.1, -17.9, 383.0, 956.4,   5.7,   0.6
65505,  -3.3,  -0.2,  -3.9, -29.8, -57.6,1145.1,   6.0,   0.8
65529,  -1.7,   3.0,  -3.1, -66.2,-178.7,1243.0,   5.1,   0.8
65553,   2.4,  -4.0,   0.4,  97.1, 306.1, 880.0,   5.8,   0.8
65577,   3.1,   5.3,  -1.4,-202.9, 145.2,1032.3,   5.6,   0.6
65605,  -0.6,  13.7,  -6.6,-684.6, 141.1, 515.0,   6.4,   1.9
65629,  -2.5,  -2.8,  -1.6, 317.6,   1.4,1136.1,   5.8,   0.9
65653,  -4.4,   5.3,  -5.5,-105.8, -50.6,1077.2,   5.9,   0.1
65677,   3.9,  14.7,  -5.2,-1125.3,  90.8,-189.4,   9.5,   2.2
65705,  -2.7,  -5.8,  -3.3, 537.3,-227.8,1300.8,   8.5,   0.5
65729,  -5.5,  -2.1,  -7.0, 247.7,  27.3,1087.0,   8.7,   0.1
65753,  -0.9,   2.2,  -4.4,-126.3, 265.4, 368.0,   8.5,   0.8
65777,   2.0,  -7.6,  -4.7, 209.4, 176.2,1201.5,   8.3,   0.3
65805,   2.8,   0.3,  -3.9, 199.2, 127.7, 785.2,   7.7,  -0.0
65829,   0.1,   9.2,  -6.1, -98.9, -48.9, 954.4,   7.8,  -0.1
65857,   3.1,  -1.9,  -2.4, -70.1, 320.3, 443.4,   8.5,  -0.1
65877,  -0.5,   5.3,  -3.9, -24.0,-282.5,1754.0,   8.1,  -0.6
65905,   7.1,   5.9,  -3.6, 201.6, 497.8, 971.5,   8.2,  -1.1
65929,   1.8,   0.6,  -3.1, 265.3, 207.7,1016.4,  10.1,  -0.5
65953,   1.0,   3.8,  -4.1,  68.8,  31.0,1013.0,   9.2,  -0.3
65977,   0.2,  10.4,  -2.7, -94.3,-177.0,1690.0,   8.8,  -0.4
66005,  -3.7,  -2.1,  -2.3, -66.0,-254.9,1422.2,  10.1,   0.6
66029,  -0.1,  -2.6,  -2.0, -92.8,  10.2,1235.2,   9.4,   1.0
66053,   1.7,  -7.2,  -3.9, -34.7,  90.8, 708.1,   8.8,   1.2
66077,   0.8,   4.4,  -5.1,  78.1,  50.0, 607.7,   8.0,  -0.0
66105,  -9.9,   0.9,  -4.1,-287.4,-353.5,1657.5,   8.8,   0.2
66129,   4.3,  -1.0,  -2.3, 244.6,  55.1,1046.5,   7.3,  -0.2
66153,   0.4,   0.9,  -6.2,-186.1, -81.8,1298.9,   8.3,   0.4
66181,   3.0,  -5.2,  -3.3, 275.1, 349.8,1040.4,   8.5,   0.0
66205,   1.4,   1.5,  -6.2,-140.2, -46.7, 884.1,   7.4,   0.3
66229,   3.0,   3.0,  -2.3,  17.8, 817.1, 678.3,   7.9,  -0.1
66253,   1.4,   2.0,  -2.5, -10.8, 350.6, 484.7,   8.2,  -0.2
66281,  -6.3,   1.7,  -2.4,-130.4,-149.7,1076.0,   7.4,   0.3
66305,  -2.7,  -1.2,  -0.2, 469.7,-163.1,1618.7,   7.6,  -0.5
66329,  15.9,  14.5,   1.2,-485.2, 363.7, 359.7,   6.9,   0.8
66357,  -2.0,  -5.5,  -5.6,-190.7, 206.3, 778.4,   7.0,   0.9
66381,  -4.2,  -6.7,  -4.4, 156.2,-382.4,1318.2,   5.4,   0.1
66405,   1.3,   0.8,  -3.1, -90.6, 194.6, 642.6,   5.8,   0.5
66429,   2.0,  -2.0,  -3.3, 211.1, -16.1,1286.7,   5.5,   0.2
66453,   3.6,   4.1,  -3.6,-217.6, 178.7, 973.5,   5.5,   0.4
66481,   0.9,  -6.0,  -2.7,  72.0, 103.2,1021.3,   5.5,   0.2
66505,  -2.4,  -3.8,  -3.0, 353.5, 189.7, 982.2,   6.0,  -0.3
66529,   0.5,  29.3,  -0.8,-560.1,-283.5, 610.2,   5.9,  -0.5
66553,   1.3,   8.8,   2.0,  -1.5,  48.6,1149.0,   5.6,  -0.5
66581,   4.1,   3.2,   1.2,  95.9,   3.6, 707.1,   7.4,   0.3
66605,  -2.5,  -1.6,   2.6, 131.3,-137.7,1231.8,   7.0,   0.5
66629,   5.5,   8.5,   4.1, -56.9,  68.1, 736.4,   6.6,   0.5
66653,  -1.7,   4.8,   2.8,-100.9,  92.0,1218.3,   6.6,   0.6
66681,   1.5,   3.0,   2.0,-426.3, 150.4, 568.2,   6.6,   1.6
66705,   2.5,  -9.9,   5.5, 179.4, 306.6, 702.0,   6.0,   1.6
66729,  -8.1,   4.0,   0.8, 494.1,-292.8,1826.7,   6.5,   0.9
66753,   4.5,   3.3,   2.7,-264.2, 419.4, 709.1,   5.7,   1.8
66781,  -8.1,  -4.5,   2.5, 118.8, -63.3,1402.9,   5.8,   2.0
66805,  -3.0,   3.7,   0.4,-101.1, -20.0, 897.5,   5.2,   1.5
66829,   4.4,   7.7,   1.1, -84.3, 291.0, 911.4,   5.6,   1.6
66857,   2.2,   1.1,   2.8,  13.9, 147.9,1238.6,   5.7,   1.7
66881,  -5.0,  -3.3,  -1.8, -15.2,-129.7, 931.0,   5.9,   1.9
66905,  -1.6,   0.8,  -0.0,  98.8, 159.9, 917.5,   5.8,   1.5
66929,   1.0,  -1.2,   0.7, 186.2, 208.0, 963.4,   5.6,   1.1
66953,   2.7, -16.8,   7.0, 488.5,  99.3, 605.3,   5.7,   1.8
66981,   1.0,   3.2,  -3.2,-103.3, 218.5,1182.4,   7.2,   1.4
67005,  -2.0,   3.6,  -1.7, -66.7,  14.6,1639.0,   7.3,   1.2
67029,   0.7,   5.5,   1.3, -24.5,  81.8, 371.7,   6.4,   1.2
67053,  -2.8,  -1.0,   0.0, 202.8,-167.8,1474.2,   6.2,   1.2
67081,  -2.0,   8.1,  -2.2,-113.6, 171.8,1563.3,   6.1,   0.9
67103,  -5.2,   4.4,  -7.6, -19.3,-360.4,1545.5,   5.7,   1.6
67131,  -0.5, -11.5,  -2.4, 104.4,-134.1, 945.4,   5.7,   2.2
67155,  -2.6,  -2.0,  -5.9,-136.3, 400.1, 646.1,   6.8,   1.2
67179,   3.8,   3.5,   0.3,  98.3,-115.8,1189.3,   5.0,   1.0
67203,  -0.3,  -3.7,  -4.4,-331.6, 148.9,1006.4,   5.7,   1.6
67231,  -5.3,  -9.9,  -1.1, 100.3, -16.6, 958.3,   5.8,   1.3
67255,  -4.7,  -7.5,  -0.9, 269.5, -91.1,1221.7,   5.2,   1.1
67279,  -3.0,  -5.6,  -1.2, 291.9,-251.5,1229.3,   5.3,   1.6
67307,  -3.9,  -0.1,  -4.2,-430.7, -68.1, 880.7,   5.4,   1.6
67331,   1.6,   3.6,  -1.2,-102.6, -55.4, 888.7,   4.7,   1.2
67359,  -2.0,  -6.7,   1.4, 291.4, 271.5, 963.0,   4.8,   0.7
67379,  -2.0,  16.0,   0.1,-784.0,-578.6, 197.6,   3.4,   1.3
67407,   3.1,   4.1,  -1.2,-162.2, 213.6, 969.3,   4.5,   0.7
67431,  -5.6,  -6.7,   2.3, 235.8, -89.1, 988.3,   5.6,   0.8
67455,  -3.9,  -4.2,   3.5, 137.2, -60.3, 744.5,   5.7,   1.1
67479,   0.2,   3.3,   2.7,  43.6, 123.0,1263.0,   5.5,   0.9
67507,   0.8,   2.2,   4.0, -70.1,  -1.0, 923.7,   4.9,   1.1
67531,   4.5,   1.7,   5.5,-247.4, 336.4, 353.6,   6.6,   1.9
67555,   0.6,  -2.8,   3.8,  -4.2,  52.0,1312.3,   6.4,   1.9
67579,  -0.3,  -0.9,   1.5, 204.3, 147.9,1213.0,   6.5,   1.0
67607,  -6.9,  11.1,   1.7,-338.2,-458.0,1199.0,   7.0,   1.4
67631,  -3.1,   1.4,   3.1,-313.3,-154.1,1022.3,   6.2,   1.3
67655,   2.1,  -1.7,   3.8, 301.5, 244.4,1140.7,   6.7,   1.2
67679,  -0.6,  -0.9,   6.1, -18.9,  79.6, 997.6,   6.2,   1.4
67707,   2.2,   7.4,   2.0,-311.8,-168.7,1007.1,   5.7,   1.3
67731,   0.6, -12.4,   2.4,  48.0, -89.9, 766.7,   5.6,   2.0
67755,  -0.9,  -3.9,   2.1, 425.2,-176.3,1697.1,   5.5,   1.3
67779,   3.1,  -0.1,   3.6,-111.9, 102.8, 575.3,   5.3,   1.6
67807,  -2.7,  11.4,   2.2,-119.0,-187.3,1139.7,   5.3,   0.3
67831,   3.5,  -3.2,   2.5, -26.9, 169.2, 991.5,   4.5,   1.0
67859,  -2.7,  -1.4,   3.1, 148.6,  -6.9, 717.1,   4.3,   0.7
67879,  -0.0,  -4.7,   5.0, 163.5,  21.9,1002.0,   3.7,   0.2
67907,   1.3,   3.6,   4.7,-247.6, 253.4, 725.2,   3.4,   0.5
67931,   2.3,   5.0,   4.5, 109.1,  -1.0, 672.2,   2.6,   0.3
67955,  -1.2,  -9.5,   7.6, 170.1, 376.7, 708.3,   3.2,   0.6
67979,  -3.3,   0.5,   4.7, -37.7,  85.9, 882.4,   2.8,   0.4
68007,  -7.8,   6.5,   1.4,-379.2,-510.8,2330.9,   2.0,   0.7
68031,  16.7,   6.6,   5.8, 265.1, 427.5, 464.7,   2.3,   0.2
68055,   3.0,   9.6,  -2.8,-263.0, 387.9, 834.3,   4.2,   0.4
68079,  -1.4,   4.9,  -2.4,-443.4,  73.2,1025.5,   4.0,   0.5
68107,   1.8,   2.6,   0.5,  59.5, -63.5,1129.0,   3.4,  -0.2
68131,   6.0,   3.6,   0.9, 112.2,  53.4,1220.8,   4.4,  -0.3
68155,  -5.5,  -2.7,   1.6,-266.9,-435.3, 975.4,   4.6,   1.3
68179,   5.2,  -8.3,  -1.4, 143.0, 295.9, 691.5,   4.2,   1.1
68207,   1.4,   3.0,  -3.9, 207.5, -96.2,1010.8,   3.8,   0.2
68231,   0.7,   7.0,  -4.5,-247.9, 533.7, 362.6,   5.7,  -0.1
68255, -24.9,  -0.4, -11.3,-517.4,-612.6,3050.6,   7.3,  -0.2
68279,  12.6,  24.6,  -3.1,-274.7, 611.5, 329.9,   5.4,  -0.9
68307,  -2.0,  -1.6,  -3.9,-101.4,  83.5,1392.6,   7.1,  -0.1
68331,   2.3,   8.9,  -2.6,-112.4, 161.6,1003.5,   6.8,  -0.2
68359,   1.5, -10.2,  -0.5,  54.1,  22.9, 709.5,   6.8,  -0.6
68379,   0.5,  -3.1,  -3.2,-167.0, 196.0,1562.8,   6.5,  -0.3
68407,  -4.2,  -7.0,  -1.0,  92.7, 121.6,1224.7,   6.2,  -0.4
68431,   0.9,   2.4,  -2.0,  30.5,  70.5, 826.7,   5.8,  -0.8
68455,  -1.1,   6.4,  -5.5,-312.6, 213.1, 587.7,   5.8,  -0.6
68479, -11.1,  -9.7,   0.6,-318.7,-517.1,1838.9,   6.2,   1.1
68507,   1.4,  13.0,  -3.3,  67.3, 331.0, 705.4,   5.8,  -0.3
68531,  -6.7,   2.3,  -6.4,  20.9,  20.2,1143.1,   6.4,   0.1
68555,  -3.9,  -6.1,   1.2, 298.8, 375.5,1141.7,   5.8,   0.2
68583,   0.9,   6.6,  -1.6,-306.7, -72.3, 710.0,   5.0,   0.5
68607,   3.5,   2.7,   0.4,-168.0, 181.9, 399.0,   4.6,   0.5
68631,   2.9,  -4.2,   1.4, 521.4, -98.2,1624.6,   5.0,   0.2
68655,   1.1,  -5.2,   0.0, 390.6, 285.9,1053.0,   6.2,   0.7
68683,  -3.0,  -3.7,  -1.7, -53.3,  65.9, 885.1,   5.8,   1.2
68707,  -4.4,  -4.1,   0.3, 115.4,-289.3, 902.2,   4.8,   1.7
68733,   4.3,  10.8,  -3.8,-291.1, 125.0, 828.4,   4.6,   1.1
68757,   2.8,   8.7,  -4.4,-484.7, 155.5, 821.1,   6.0,   1.3
68781,  -0.0,  -9.2,  -1.7, 251.4,  46.1,1350.7,   5.6,   1.6
68805,  -2.6,  -3.9,  -1.6,  44.9,  88.6, 541.3,   5.7,   1.8
68833,  -0.2,  -0.0,   0.7,  44.9,-101.6,1334.3,   5.1,   1.0
68861,   0.6,  -4.3,  -1.0,  49.0, 212.6, 718.6,   5.4,   0.8
68881,   0.8,  -4.0,  -2.3,  65.1, 274.9, 803.8,   5.5,   0.7
68905,  -3.3,  -2.9,  -3.3, 160.6,   9.5,1157.8,   5.4,   0.0
68933,   0.3,  16.1,  -2.2,-497.6, -14.4, 721.0,   6.1,  -0.1
68957,   4.9,  -3.8,   1.5,-171.7, 351.5, 539.4,   5.2,   0.4
68981,  -0.9,  -4.2,  -0.5, 187.9, 166.5,1536.4,   6.0,   0.7
69005,  -0.6,   2.2,  -0.9,  20.9, -53.0,1213.4,   5.5,   0.2
69033,   2.0,   3.7,  -0.9,-268.1, 205.0, 565.3,   5.5,   0.5
69057,   0.2,  -4.2,   3.0, 299.7, -82.1,1137.8,   4.7,   0.4
69081,   2.7,  -6.7,   0.5, 358.8, 212.9, 761.1,   5.0,   0.4
69105,  -3.9,   5.0,  -2.1,  41.4,  72.5, 898.0,   5.2,   0.5
69133,  -7.7,  -0.5,   1.3,  28.3, -24.7, 936.8,   4.6,   0.6
69157,  -6.5,  -7.3,   6.3, 123.0,-668.2,2239.8,   3.9,   1.3
69181,   7.3,  13.6,  -1.4,-174.1, 295.1, 593.1,   3.4,   0.3
69205,  -3.3,  12.5,  -4.7,-395.1, -86.9, 887.3,   4.9,   0.7
69233,  -1.9,   1.2,  -0.9, -56.5,-109.9,1031.3,   4.7,   0.4
69257,  -3.5,  -2.5,  -2.5, 145.7,-222.7,1492.0,   4.7,   0.1
69281,  -1.8,  -5.8,   1.1, 251.2,  28.5,1144.6,   4.5,   0.8
69305,  -0.6,  -4.8,  -0.2,  48.0, 155.7,1003.5,   5.4,   1.3
69333,   0.7,  -3.0,  -3.0,  46.8, -34.7,1161.0,   4.8,   0.9
69361,  -2.6,  -0.2,  -3.3,  45.1, 160.1, 756.9,   4.9,   0.8
69381,  -6.5,  -2.7,  -4.7,  63.7, 258.3, 880.2,   6.1,   0.4
69405,   5.3,  -4.1,   4.1, 330.3, 160.1,1142.6,   4.3,   0.6
69433,  -1.0,   5.6,  -6.6,-428.3, 342.3, 843.1,   5.4,   1.0
69457,  -1.3,  -1.1,  -4.1, -45.0,  40.5, 791.1,   5.9,   1.2
69481,   1.1,  -4.8,  -2.9,  22.4, 202.4, 489.3,   6.2,   1.5
69505,   1.7,  -7.7,  -0.8, 264.1, 144.5,1379.0,   6.0,   1.7
69533,  -6.6,   7.8,  -5.5,-119.7,-113.3,1794.0,   6.7,   0.9
69557,  -1.2,   0.3,  -3.9,-226.6,-128.0,1041.6,   6.6,   1.5
69581,   0.3,   1.4,  -1.7,-131.6,  64.9, 690.5,   6.6,   1.7
69605,  -2.2,  13.3,  -3.3,   1.7,-658.2,2284.7,   6.3,   0.6
69633,   4.4,   4.4,  -5.0, 158.4, 144.7,1271.1,   5.7,   1.2
69657,   0.2,  -9.2,   0.6, 117.9,  53.7, 940.3,   7.5,   2.4
69681,   1.9,  -2.4,  -2.0, 260.7, -55.7,1139.0,   6.3,   1.8
69709,  -2.0,   3.4,  -3.4,-109.4, -20.8,1427.6,   6.3,   1.6
69733,   0.8,   3.4,  -1.1,-126.5,-231.0,1262.5,   5.7,   1.6
69757,   3.6,   4.2,  -1.3,-140.2, 256.8,1147.8,   5.9,   1.4
69781,   3.7,   0.4,  -0.6,  71.7, 110.8, 968.8,   5.4,   1.1
69809,   0.9,   3.3,  -0.9,-284.5, 208.7, 605.0,   5.6,   1.8
69833,  -5.6,  -0.1,  -1.2,-263.0,-366.2,1288.6,   5.7,   2.1
69861,   1.4,   5.3,  -2.3,-196.6, 239.2, 722.7,   6.0,   2.5
69881,   0.4,  -2.9,  -2.3, 148.9, 137.9, 737.4,   6.5,   2.6
69909,  -3.6,   1.9,   0.3,  64.4, -59.8,1163.6,   5.9,   1.9
69933,  -2.3,   0.4,   0.5,-107.2,  -3.4, 704.2,   6.4,   2.6
69957,  -1.6,  -1.6,   1.7, 390.6,-127.2,1396.6,   6.0,   1.7
69981,  -1.9,  -0.4,  -0.3, -36.2, 159.9, 532.5,   6.9,   2.2
70009,  -8.0, -11.8,   2.2, 270.7, -78.6,1442.9,   6.7,   2.3
70033,  -6.1,  -3.6,   0.1, 303.2,   5.3,1058.7,   6.1,   1.9
70057,  -0.8,   7.5,  -1.7,-105.8, -70.8, 893.6,   4.8,   2.0
70081,  -1.4,   0.8,  -2.7,-366.8, 219.2, 872.4,   6.3,   2.6
70109,  -0.2,   1.0,  -2.2,  12.6, -52.3, 943.4,   5.8,   1.7
70133,  -4.5,  -2.4,  -3.1, -77.0,-228.5,1273.8,   5.8,   2.2
70157,   5.2,  -3.9,   2.4, 367.4,  94.0,1036.9,   5.5,   2.3
70181,   4.8,   1.1,   3.3, 232.1, 228.5, 576.7,   6.1,   1.5
70209,  10.2,  13.3,   1.3,-469.8, 321.0,-249.4,   8.6,   2.4
70233,  -1.1,  -4.6,   1.3,  22.4,  53.4,1288.2,   8.7,   2.8
70257,  -3.3,  10.7,   2.0,-540.8,-445.6, 901.4,   8.5,   2.8
70281,   2.8,   0.9,   1.4,  17.0, 206.3,1119.7,   8.0,   2.2
70309,  -1.6,  -3.3,   4.9, -61.3, 178.7, 617.0,   8.6,   2.5
70333,  -2.5,  -6.6,   5.6, 199.2,-140.9,1719.3,   7.4,   2.7
70364,   0.5,   1.6,   6.0, 104.2,   5.1, 793.8,   7.3,   2.6
70384,  -0.0,  -6.9,   9.5, 256.3,  85.7,1925.4,   7.3,   2.6
70408,  -3.6,   7.8,   2.6,-516.9,-210.0, 864.8,   6.5,   3.2
70432,  -1.7,   1.8,   2.3,   5.1, 113.3, 827.5,   6.0,   2.6
70456,  -7.9,   3.1,   0.1, -62.1,  20.5, 928.8,   6.2,   1.9
70484,   6.1,   1.8,   4.1,-258.4, 344.7, 495.7,   5.5,   2.5
70508,  -1.6,  -2.7,   2.4,-189.5, 102.8,1253.0,   6.2,   2.9
70532,  -2.7,  -0.2,   1.6, 173.3,-222.7,1390.9,   5.9,   2.2
70556,   1.7,   4.7,   3.8,-229.5, -36.4, 648.0,   5.3,   2.6
70584,   1.0,   5.9,   4.7, -35.7,  23.7, 626.3,   5.4,   2.2
70608,  -3.5,   5.4,   3.6,-119.2, -24.4,1311.1,   5.6,   2.0
70632,   1.1,  -1.9,   6.6,  35.3, -97.2,1008.1,   5.1,   2.1
70656,  -0.7,  -3.1,   6.1, 256.3,  35.4,1345.8,   5.6,   2.1
70684,   2.2,   6.6,   4.5,-879.2, -65.9, 170.0,   6.6,   3.2
70708,   6.5,  13.1,   3.4,-289.9, 275.6, 260.1,   7.4,   1.8
70732,  -5.5,  -2.9,   0.8,  18.5, 166.5,1435.1,   8.2,   2.0
70756,  -5.8,  -3.4,   5.1,  99.1,-156.8,1565.3,   7.2,   2.4
70784,  -2.3,  -9.3,   3.9, 491.6, 148.7,1051.6,   7.4,   1.7
70808,   2.6,  -0.3,   4.2, 157.7,  39.5, 703.7,   6.7,   1.5
70832,  -1.2,   6.8,  -1.0,-107.5, -31.0,1062.3,   6.6,   1.5
70860,  -5.5,  -6.9,   3.9, 306.6, -47.4,1124.3,   6.3,   1.0
70884,  -8.7,  -2.9,   1.9, 387.4,-273.2,1765.2,   6.5,   0.1
70908,  -4.2, -12.3,   5.0, 500.4,  46.1,1097.7,   5.8,   0.9
70932,  -4.8,   7.7,   1.1, -90.9,-156.8,1048.4,   5.0,   0.2
70960,  -0.2,  -0.3,  -0.6,-165.6, 159.9, 802.8,   4.8,   1.0
70984,  -5.6,  -9.9,   3.9, 393.7,  62.2,1636.5,   4.6,   0.8
71008,  -0.3,   4.4,  -1.7, -71.8,  -3.9, 801.3,   3.8,   0.7
71032,   2.7,   2.3,   2.8, -73.5, 307.8,1246.2,   3.4,   0.8
71060,   1.7,  -4.9,  -0.4,   5.3, 209.0, 858.7,   3.5,   1.1
71084,  -0.5,  -7.4,   0.0, 121.3,-169.5, 983.7,   3.3,   1.3
71108,  -0.6,  -0.8,   0.5, 401.3,-136.0,2077.5,   3.4,   0.9
71132,   5.5,   1.2,   3.3,-142.6, 283.9, 377.3,   4.2,   2.3
71160,   3.1,   0.7,  -1.7,-201.5, 238.3,1004.5,   4.4,   1.8
71184,   0.3,  -4.4,  -0.6, 110.1, -47.9,1412.9,   4.8,   2.0
71208,   1.1,   6.3,  -2.8, -98.9, -57.9, 707.1,   4.6,   1.5
71232,   2.5,   0.6,   0.2, -69.1, 108.9, 749.1,   4.4,   1.4
71260,   6.7,   0.7,   3.7, 205.0, -11.7, 719.3,   4.2,   1.2
71284,   4.5,  -0.8,   1.0, -42.3, 241.2, 560.9,   4.7,   1.5
71308,  -0.5,  -2.7,  -1.6,-118.2,  26.6, 794.5,   4.6,   1.8
71332,  -0.3,  -3.5,   1.5, 297.6,-131.4,1713.0,   4.0,   1.3
71360,   6.0,  -8.1,   2.4,  27.8, 199.9,1133.6,   4.2,   1.0
71384,   2.5,   6.6,  -3.5,  19.5, 327.9, 775.5,   5.7,  -0.7
71408,  -2.3,  -5.7,  -3.5, -16.7,-123.3,1359.9,   5.8,   0.1
71432,  -2.3,  -2.1,  -0.8,  99.8,-106.5, 797.2,   5.7,   0.1
71460,   2.2,  -0.1,   0.5, -20.8,  87.1, 562.6,   5.2,  -0.2
71484,  -0.2,  -1.4,   2.5,  55.1,  52.5, 802.3,   4.8,  -0.3
71508,  -1.7,   0.0,  -0.9, -39.1,  46.4, 942.5,   4.7,   0.1
71532,   2.2,   1.4,  -4.4,-266.7, 216.3, 497.9,   4.3,   0.8
71560,  -1.3,  -1.1,  -4.5, 142.8,  17.3, 917.5,   4.4,  -0.2
71584,  -4.8,  -0.6,  -4.7, 151.6, 195.5, 922.2,   5.5,  -1.2
71608,   0.5,  -1.8,   2.5, -12.3,  12.9, 817.5,   4.1,  -0.2
71632,  -1.4,  10.9,  -0.9,-268.6, -11.5,1413.6,   4.5,  -0.9
71660,  -3.9,   0.2,  -0.9,-247.6, 144.5, 623.8,   5.1,   0.7
71684,  -6.1,  -1.4,  -1.1,  62.7, -45.0,1047.4,   4.3,   0.3
71708,  -0.4,  -9.6,   3.8,   6.0,-235.4,1325.5,   3.2,   1.1
71732,  -1.5,   8.0,  -2.4, 116.6,-165.1,1077.7,   3.4,   0.0
71760,  -2.2,   6.0,  -4.2,-398.0,  92.0, 882.1,   3.5,   0.2
71784,  -4.5,  -3.0,  -2.8, 252.4, -71.3,1338.2,   3.5,  -0.0
71808,  -1.4,   0.9,  -3.2,   7.3, 136.9, 864.8,   3.4,  -0.2
71832,  -6.7,  12.4,  -4.4,-287.2,-240.3,1381.2,   3.8,  -0.2
71860,  -2.8,  -4.9,   2.2, 309.8,  31.2,1008.9,   3.7,  -0.7
71884,  -3.0,   7.5,  -1.1,-154.8, 292.5, 845.3,   4.5,  -0.4
71908,  -4.7, -11.1,   2.0, 235.5, 323.7,1202.7,   4.5,   0.3
71932,  -6.6,   0.2,  -1.8,  29.7,   5.6,1064.5,   3.6,   0.4
71960,  -7.7,  -5.3,  -1.0,  25.8,-114.5,1057.7,   2.9,   0.6
71982,  -5.0,  -4.4,  -1.9, 160.1, 101.8, 805.0,   2.9,   0.6
72010,  -4.6,  -0.1,  -2.7,  64.6, 169.9, 786.4,   2.6,   0.2
72034,  -1.9,   1.1,  -3.1,  48.0,  42.9,1071.4,   2.3,   0.2
72058,  -4.9,  -3.1,  -2.5, 171.8,   7.1, 793.0,   2.5,   0.3
72086,  -3.9,   1.7,  -3.4,-153.6, 247.0, 553.3,   2.7,   0.8
72110,  -9.0,  -9.1,   0.6, 171.6,-404.6,1694.9,   2.1,   1.4
72134,   7.1,   1.9,   1.2, 273.1, 122.5, 896.8,   1.4,   0.2
72158,  -5.2,  -5.6,  -3.8,  78.3, -29.6,1458.3,   2.5,   1.0
72186,  -6.3,  -1.8,  -5.1, -71.8,-356.7,1395.1,   2.6,   1.7
72210,   2.9,  -0.8,  -2.9, 178.4, 132.1,1101.4,   2.6,   0.7
72234,  -2.5,  -5.3,  -1.4, 177.4, -43.0,1111.4,   2.6,   0.7
72258,  -1.4,  -2.2,   0.8,  71.2, 237.0, 775.2,   2.3,   0.7
72286,  -2.3,   1.1,  -3.7,-160.2,   0.9, 853.6,   2.4,   1.2
72310,  -3.4,  -2.2,  -2.0,  98.8,-301.1,1623.1,   2.3,   1.0
72334,   2.9,   2.0,  -1.2,-167.5, 107.9, 745.4,   3.0,   1.1
72362,   3.3,   4.5,  -0.2,-154.8, 182.6,1086.7,   3.2,   1.4
72386,   3.0,  -4.7,   4.5, 103.9,  -2.2, 876.8,   2.5,   1.7
72410,   2.7,  -6.0,  -0.1, -50.6, 182.8, 775.5,   3.8,   1.5
72434,  -4.1,  -0.5,   1.6,-152.2,-144.8,1366.5,   4.1,   1.5
72458,   2.0,   1.1,   2.4,-127.3, 102.8, 505.9,   3.7,   1.6
72486,  -3.5,  -0.7,   2.4, 169.6, -70.3,1090.2,   3.7,   1.4
72510,   1.7,   5.4,   5.2,-112.6,  89.3, 657.5,   3.5,   1.2
72534,   0.9,  -8.5,   6.1, 121.8, 182.1, 831.1,   3.7,   1.5
72558,  -1.3,  -6.1,   4.7, 362.2,  27.8,1407.1,   3.5,   1.6
72586,  -4.6,  -3.0,   2.4, 198.2,  62.5,1212.2,   4.4,   1.3
72610,  -8.1,  -0.6,   2.0, 212.8, 398.7, 691.7,   5.8,   1.0
72634,   2.2,   5.0,   7.8,  38.8,-327.9, 931.5,   3.9,   1.2
72658,   3.6,   4.7,   5.6,-294.2, 232.9, 561.1,   4.8,   1.8
72686,  -2.8,  -1.2,   6.3,  19.7,  15.1, 735.4,   4.8,   1.8
72710,  -3.6,  -3.0,   5.1, 269.2, -68.4,1302.1,   4.3,   1.5
72734,  -1.9,   1.1,   3.6, -33.7,-153.3,1146.6,   3.8,   1.6
72758,  -1.5,   1.1,   4.2,-185.8, 160.1, 850.9,   4.1,   2.3
72786,  -6.6,  -9.7,   2.0, 245.1, -25.9,1506.7,   3.3,   2.3
72810,  -2.0,  -0.8,  -0.3, 119.1,  50.0, 992.5,   3.2,   1.7
72834,  -3.4,   3.1,  -0.5,  -8.4,  18.5,1036.2,   3.2,   1.1
72862,  -0.5, -12.9,   6.9, 260.9, 125.0, 962.7,   3.3,   0.4
72886,  -2.5,   3.4,   0.3,  64.2, 150.4, 979.3,   3.9,  -0.2
72910,  -6.2,  -4.0,  -0.6,  21.9,-277.1,1473.2,   4.1,   0.4
72934,  -2.3,  -0.5,   2.4, 318.8, -72.8,1149.2,   3.6,   0.4
72958,  -1.3,   4.2,   1.2, -44.0, 128.9, 844.8,   3.0,   0.2
72986,  -0.8,   2.9,   3.6,-126.0,-157.0, 969.8,   2.3,   0.3
73010,   5.7,   4.4,   5.4,-181.9, 460.2, 728.6,   2.6,   0.3
73034,   1.3,   5.0,   1.3,-334.0,  14.6, 699.0,   2.7,   0.5
73058,  -4.1,  -4.2,   2.8, -39.1, 119.6,1040.1,   2.6,   0.7
73086,  -0.8,  -5.6,   5.6,-266.7,-645.0,1472.2,   1.8,   0.6
73110,   0.4,  -3.3,   4.5,-130.2, 137.4, 834.3,   2.6,   1.4
73134,  -2.5,  -4.2,   1.4,  13.1, 117.9,1046.7,   3.2,   0.5
73158,  -0.5,  -0.0,  -0.1,-399.0, 184.1, 598.9,   3.0,   0.8
73186,  -3.8,  -0.2,  -1.1, -26.9, -62.3,1140.9,   3.3,   0.4
73210,  -1.0,   2.7,  -3.0,-130.2, -45.2, 747.1,   3.1,   0.3
73234,  -0.6,   5.2,  -2.2,-328.9,  16.6,1186.1,   3.4,   0.6
73262,  -0.5,  -0.5,  -3.6,-132.6,  16.8, 593.8,   3.0,   0.6
73286,   0.2,   1.4,  -2.9, 288.0, 352.5,1144.8,   3.4,  -0.6
73310,   4.3,  17.7,  -2.7,-829.6,-327.9, 637.3,   2.7,   0.4
73334,   2.7, -12.1,   3.9,  15.8, 290.0, 579.2,   2.4,   1.4
73362,   2.6,  -3.4,  -0.0, 253.1,  61.0,1080.9,   2.4,   1.1
73386,  -0.9,  -4.7,  -4.0, -38.6,-218.5,1319.6,   1.9,   1.1
73410,   1.9,   3.7,  -5.6,-157.3,-264.4,1041.8,   2.4,   1.0
73434,   6.1,  -1.1,  -2.2,   8.2, 326.1, 140.0,   3.0,   1.4
73462,   2.4,   3.9,  -5.6,-266.2,  -6.1, 740.3,   3.1,   1.5
73486,   7.5,  12.6,  -4.2,-819.1, 212.6, 155.6,   4.0,   2.6
73510,   0.6,  -4.3,  -0.1, 194.5, 237.0,1061.1,   5.2,   1.9
73534,  -0.3,  -5.3,   3.6,-448.3,-442.7,1045.0,   4.1,   2.3
73562,   6.8,   6.4,   1.0,  20.2, 450.2, 298.9,   4.6,   1.3
73586,  -5.2,  -0.0,  -1.8, 176.2,-252.2,1539.4,   5.1,   1.4
73612,  -2.2,  -0.5,   2.6, -39.4,-187.3, 967.6,   5.2,   2.0
73636,  -1.9,  -1.3,   2.4, -39.6, -44.2,1203.7,   5.0,   1.7
73660,  -0.9,   0.1,   4.1,  87.6, -87.4,1245.7,   4.5,   1.7
73684,   1.1,  -0.9,   3.5,  92.2,-145.5, 944.4,   4.3,   1.9
73712,   2.5,  -4.5,   2.1, 253.6, -30.5,1147.8,   3.8,   2.2
73736,  -0.3,   1.6,  -1.9, 239.7, 396.7, 808.4,   4.6,   1.0
73760,  -6.1,   7.2,  -0.4,-981.7,-351.8, 305.2,   4.2,   2.0
73784,   1.1,   7.3,   8.2,  -3.7,-231.7,1043.3,   3.2,   0.5
73812,  -4.2,   3.9,   2.3,-173.9,-267.4,1280.1,   3.6,   0.7
73836,  -1.6,  -3.4,   7.0,  66.6,-140.4,1169.7,   3.8,   1.3
73864,   0.6,   2.3,   2.4,  47.6,-242.0, 960.0,   3.5,   1.3
73884,   6.9,   4.9,   8.0,-177.3, 516.1,1201.5,   3.6,   1.6
73912,  -0.2,   4.4,   2.1,-578.4, -35.2, 524.5,   3.8,   3.1
73936,  -0.2,  -2.7,   2.9, -47.2, 191.6, 550.1,   3.4,   2.8
73960,  -7.0,  -1.7,   3.8, 117.9,-678.3,2517.9,   3.1,   1.7
73984,  13.7,  -2.5,   6.4,   5.8, 547.6, 421.2,   2.9,   2.8
74012,  -0.7,   7.2,   0.4,  15.8,-264.7,1078.4,   3.1,   1.1
74036,   2.7,  -5.5,   0.3,   4.8, 131.8,1121.2,   3.2,   2.0
74060,  -6.0,  -1.4,   3.1, -29.1,-376.3,1247.4,   3.1,   1.6
74084,  -0.3, -10.3,   3.6, 227.7, -76.0,1154.4,   2.3,   2.0
74112,   2.7,  -5.9,   5.8, 468.9, -56.2,1245.7,   2.6,   1.6
74136,   1.7,   5.8,   5.2,-300.8, -56.7,1121.4,   2.5,   1.7
74160,   1.3,   3.1,   1.8,-467.6,  -8.3, 793.0,   2.6,   2.1
74184,  -5.2,  -0.2,   2.5, 164.3, 152.6, 991.0,   3.2,   1.0
74212, -13.2,  -9.3,   4.4,-768.9,-1214.1,2088.7,   1.1,   1.7
74236,   1.3,  12.7,   5.8, -87.9,  39.5,1107.2,   1.9,   0.2
74260,   0.6,   8.4,  -0.1,  18.0, -58.1,1077.5,   1.5,  -0.0
74284,  -2.9,  -2.1,   3.4,-198.3, -31.3,1093.6,   1.8,   1.3
74312,   3.3,   1.0,   2.5,  58.5,  33.4, 774.5,   1.2,   0.5
74336,   4.7,   0.3,   3.3,-546.2, 467.0, 124.6,   2.5,   1.6
74364,  -0.6,  -6.9,  -0.9,-119.4,  50.0, 659.2,   2.5,   1.6
74384,   1.3, -10.1,  -1.7, 198.2, 197.7, 863.6,   1.9,   1.0
74412,  -1.9,  -1.7,  -3.0, 220.9,   8.5,1078.7,   2.0,   0.2
74436,   1.1,  -2.6,   0.2,-174.4,-532.7,1489.3,   1.8,   0.4
74460,  -4.1,   0.3,  -2.5,-115.5, -74.5,1365.8,   2.4,   0.6
74488,  -3.4,   0.9,  -0.2,  39.7,-207.8,1249.1,   2.8,   1.1
74512,   1.9,  -2.0,  -1.7,-169.0, 364.5, 580.9,   2.9,   1.7
74536,  -0.0, -13.0,   0.3, 279.5, -52.0,1012.0,   3.0,   1.7
74560,   2.0,   3.4,  -3.6, -13.7,-135.8,1075.0,   2.4,   1.3
74588,   1.8,  -4.4,   1.9, 256.8, 163.8, 952.9,   2.4,   1.0
74612,   2.5,   4.9,   0.0,-109.2, 120.1,1031.8,   4.2,   1.2
74636,   6.6,   5.6,  -0.2,-283.7, 286.3, 511.5,   4.3,   1.9
74660, -11.8,   1.7,  -0.7,  93.5,-328.9,2052.3,   4.5,   1.1
74688,   2.2,  -0.7,   4.2,  54.9, 118.4, 905.6,   3.5,   1.6
74712,  -1.2,   3.3,   3.1, 188.2, -78.9, 665.8,   3.8,   1.1
74736,  -0.9,  -3.9,  -0.8,  52.9, -23.0,1292.1,   3.3,   1.7
74760,  -1.9,  -3.8,   0.6, 118.8,  57.6,1008.4,   3.3,   1.9
74788,   1.2,   7.9,  -0.6,  19.7,-125.5, 849.9,   2.4,   1.0
74812,   4.7,   2.2,   4.2,-452.4, 292.7, 320.9,   2.9,   1.9
74836,  -0.2,  -2.3,   0.6,-244.9,  42.9,1039.1,   2.3,   1.8
74864,   5.3,  -3.9,   0.9,  74.7, 321.0, 673.2,   2.9,   1.6
74888,  -1.0,  -3.3,  -1.6, 302.9, 274.9, 860.9,   3.3,   0.6
74912,   8.1,  -6.0,   5.7,  80.3, -86.9, 595.5,   2.2,   0.8
74936,  -2.2,  -6.6,   2.0, -74.3, 401.3,1102.1,   4.0,   1.5
74960, -13.0,  -2.0,   2.2, 590.5,-454.6,1648.8,   3.8,   0.7
74988,   4.4,  11.1,   0.6, -90.4, 207.7, 535.5,   2.9,   0.8
75012,  -0.8,  -6.5,   4.9,  95.4, 129.9, 928.5,   2.9,   1.1
75036,  -0.3,   1.4,   2.0, 314.6,-164.6,1492.5,   2.1,   0.2
75060,   5.8,   5.0,   2.7,-192.0,  74.7, 211.5,   3.4,   1.7
75088,  -4.1,  -1.6,   1.9, 329.5,-290.3,1871.7,   3.0,   1.6
75112,  -0.2,  10.0,   1.9,-247.6, 214.8, 652.4,   3.2,   1.6
75136,  -5.5,   9.4,   2.9,-577.4,-255.6,1011.3,   3.1,   1.4
75160,   4.7,   2.8,   6.1,-157.8, 227.5, 741.3,   2.0,   1.6
75188,  -5.2, -11.0,   7.8, 259.0, -25.9,1095.3,   2.9,   1.9
75212,  -5.1,  -1.4,   3.2, 240.9,-321.3,1733.5,   1.3,   0.9
75238,   3.3,  -0.1,   1.4, -34.7,  54.2,1155.3,   1.3,   1.0
75262,   5.7,   5.9,  -0.1,-158.7,-101.3, 785.7,   1.3,   0.9
75286,   3.6,   1.0,   3.1, 107.4, -83.8,1199.0,   1.8,   0.9
75310,  -3.9,  -5.3,   3.5,  58.8,-210.5,1455.4,   3.4,   1.5
75338,   4.2,   2.3,   3.0,-126.0, -61.3, 972.0,   3.6,   2.2
75366,  -1.7,  -3.9,   2.0, 260.4,  68.3, 848.0,   3.6,   1.8
75386,  -2.7, -12.1,   6.0, 585.9,-294.0,2064.5,   2.0,   2.7
75410,   1.0,   2.8,   2.5,-198.3, 157.0, 749.8,   2.7,   2.8
75438,  -5.3,   6.0,   1.3,-177.1,-467.1,1231.3,   1.9,   2.4
75462,   1.7,   7.0,  -3.3,-127.0, 196.3,1227.6,   1.7,   1.9
75486,  -1.6,   1.6,  -0.8,-407.3,-260.0, 981.8,   1.4,   2.8
75510,   1.7,   5.5,  -1.4, -52.8,-110.9, 931.0,   1.0,   1.7
75538,   0.6,   0.8,   0.8,  20.7, -51.3,1086.5,   0.6,   1.5
75562,   0.9,   4.7,   1.3, -15.7,-148.0,1030.6,   0.6,   1.5
75586,   0.9,  -2.2,   1.1,  28.8,-218.5,1596.3,  -0.0,   1.6
75610,   0.8,   0.5,   1.1, 121.3,  43.4, 846.5,   0.2,   1.4
75638,  -5.5,  -5.3,   1.9,  65.9,-467.3,1545.0,  -0.1,   1.3
75662,  -1.0,  -1.3,   0.8, 310.2,  97.4, 862.9,   0.2,   0.7
75686,  -2.8,  -0.9,   1.3, 143.5,  11.9,1008.9,   0.4,   1.1
75714,  -3.7,  -1.1,   4.2,  37.3,-321.6,1088.2,  -0.6,   1.2
75738,   2.6,   1.6,   0.5,  48.5, 151.8,1069.9,  -0.9,   0.9
75762,   0.5,  -2.4,   2.1,  34.6,  56.4, 775.0,  -0.8,   1.3
75786,   3.9,   4.2,   1.2, -95.5, -22.0, 718.1,  -1.0,   0.9
75814,   4.5,  -5.9,   2.9,  83.4, 145.7, 897.8,  -0.7,   1.1
75838,   1.4,   1.6,   2.0, -39.9,-236.8,1048.2,  -1.1,   0.8
75866,   4.9,   1.7,   0.9,-143.4, 200.2, 761.8,  -0.8,   1.0
75886,   3.9,   4.9,   0.4, -98.9, 144.3, 813.8,  -0.4,   0.5
75914,  -7.9,   0.2,  -0.1,  96.6,  52.0, 906.1,   0.4,  -0.0
75938,  -3.8,  12.3,   2.4,-801.1,-702.9, 845.5,  -1.1,   0.9
75962,  -2.0,   5.9,  -0.8,-342.1,-204.6,1142.6,  -1.1,   0.2
75986,  -0.3,  -1.1,   1.2, -89.2, 115.7,1068.9,   0.3,  -0.0
76014,  -1.1,  -0.5,   0.5,-190.2,-383.1,1205.4,  -0.7,   0.1
76038,   3.2,   8.6,  -3.8,-159.0, 167.0, 909.7,  -0.8,  -0.8
76062,  -3.4,  -6.1,  -1.1, -15.7,-106.7,1137.5,  -0.3,   0.1
76086,  -1.2,   2.5,   0.0,  59.0,-186.1, 981.3,  -0.8,  -0.2
76114,   0.7,  -4.6,   0.6, 337.6,  91.0,1031.6,  -0.9,  -0.3
76138,  -0.2,  -4.4,   1.3, 389.8, -38.8,1364.3,  -1.5,  -0.2
76162,   0.3,   5.2,  -0.8,  63.4, -23.7,1150.9,  -1.8,  -0.3
76186,  -1.7,   6.7,   0.9,-213.4, -48.4, 730.0,  -1.8,   0.1
76214,   0.9,   5.2,   1.1,  -3.2, -53.7,1068.2,  -2.0,  -0.1
76238,   2.2,   1.7,   1.7, -21.3,  52.0, 842.6,  -1.8,  -0.1
76262,  -3.2,   5.8,   1.4,  25.6, -46.7,1043.5,  -1.8,  -0.5
76286,  -2.2,   3.4,   4.0, 154.5,-473.9,1796.5,  -2.7,  -0.1
76314,   5.2,  -0.8,   4.2, -28.9, 217.0, 771.6,  -2.2,   0.6
76338,  -0.7,   1.7,   0.6,  -8.8, -63.8,1105.0,  -1.9,   0.3
76366,   0.3,   3.3,  -0.8,-162.4,-177.0,1004.7,  -2.1,   0.5
76386,   0.7,  -2.8,   1.3, 195.7,-122.6,1065.0,  -2.5,   0.1
76414,   0.7,   8.3,  -2.1,-129.0, -76.7,1032.5,  -2.7,  -0.1
76438,   0.0,   0.2,  -1.4,-102.8,   5.8, 884.3,  -2.4,   0.3
76462,   2.1,  -2.0,  -0.5,  71.2,  69.8, 913.4,  -2.2,   0.3
76486,   0.9,  -1.4,  -0.8,  79.0, -72.8,1072.6,  -2.3,   0.1
76514,   1.3,   2.2,   1.3, 126.9, -48.9, 953.4,  -2.3,  -0.2
76538,   2.2,  -1.2,   0.9,  72.2,  85.4,1006.9,  -2.0,   0.0
76562,  -0.2,  -4.0,   1.9, 102.0, -71.6,1013.0,  -2.3,   0.3
76586,   0.5,   1.9,  -1.6, -87.5, -75.5, 996.4,  -2.6,   0.1
76614,   1.5,  -3.2,  -1.2, 130.6,  54.9, 910.0,  -2.3,   0.1
76638,   1.0,   0.2,  -1.3, -94.3,  36.3, 991.5,  -2.2,   0.2
76662,   0.3,  -3.1,  -2.8,  61.5,  -5.2, 963.2,  -2.2,   0.1
76686,  -1.9,  -4.7,  -4.4, 206.2, -65.2,1013.0,  -2.2,  -0.1
76714,   0.6,   0.5,  -2.8, 192.3,-118.9,1078.4,  -2.6,  -0.4
76738,   2.2,  -0.1,  -0.5,  63.4,  -8.3,1138.5,  -3.0,  -0.2
76762,   1.1,  -0.1,   0.5,  68.5,  41.0, 963.4,  -2.4,  -0.2
76786,   0.2,   0.1,  -1.8,-114.8, -12.5, 964.4,  -2.1,  -0.2
76814,   1.7,  -0.2,  -1.6, -59.4, -47.9, 922.2,  -2.0,  -0.1
76838,  -0.3,   1.7,  -0.6,  -2.7, -38.6,1023.0,  -2.0,  -0.2
76868,  -1.5,  -1.7,   1.6, -42.3,-139.9,1134.3,  -2.2,  -0.2
76888,  -1.8,   1.4,  -1.5,-174.9, -29.3,1130.0,  -2.2,  -0.4
76912,  -1.0,   2.7,  -1.2, -85.7, -55.2,1052.1,  -2.3,  -0.5
76940,   0.5,   2.1,  -2.7, -18.1, -39.8, 996.7,  -2.1,  -0.4
76964,   0.4,   4.1,  -2.2,-244.7,-128.4,1030.8,  -2.4,  -0.3
76988,   1.2,   3.3,  -3.6,-126.0, -29.6, 911.9,  -2.1,  -0.2
77012,   1.3,   1.8,  -3.9, -49.4, -91.6, 993.0,  -2.2,  -0.3
77040,  -1.6,  -0.5,  -0.6,  66.1, -84.0,1070.4,  -2.1,  -0.4
77064,  -1.0,   1.7,   0.1,  -5.2,  33.9, 930.5,  -2.1,  -0.3
77088,  -1.8,  -0.9,  -1.1,  67.8, -55.0,1095.8,  -2.2,  -0.3
77112,  -1.4,   0.8,  -2.4, -59.6, -35.4, 967.1,  -2.2,  -0.2
77140,  -0.8,  -0.0,  -1.9,  -3.5,  -9.8, 925.4,  -2.2,  -0.2
77164,  -0.3,  -2.2,  -1.7,  55.4, -25.2,1030.1,  -2.3,  -0.2
77188,  -0.2,  -1.1,  -1.4, -23.7, -56.7,1024.5,  -2.4,  -0.2
77212,  -0.4,  -1.7,  -1.1,  47.3, -64.0,1065.3,  -2.5,  -0.3
77240,   0.6,   0.7,  -4.4, -78.2, -72.8, 972.2,  -2.7,  -0.2
77264,  -0.7,   0.5,  -2.0, -64.8, -32.5, 950.3,  -2.7,  -0.4
77288,   0.6,  -0.6,  -1.9, -33.3, -44.5, 983.7,  -2.7,  -0.4
77312,   0.5,  -1.0,  -3.0,  27.5, -23.0,1025.9,  -2.7,  -0.4
77340,   0.9,   0.5,  -1.9,  -7.1, -42.0,1011.8,  -2.7,  -0.4
77368,  -0.2,  -1.3,  -1.4,   2.4, -14.7,1019.8,  -2.7,  -0.5
77388,  -0.1,  -0.2,  -1.9,  11.9, -21.5, 977.1,  -2.6,  -0.5
77412,   0.1,   0.5,   0.2, -19.8, -17.9,1009.3,  -2.6,  -0.5
77440,   0.2,  -0.6,  -1.8,  29.2, -20.3, 999.3,  -2.5,  -0.5
77464,  -0.0,   0.2,  -0.1,  -8.4, -48.4,1007.6,  -2.4,  -0.4
77488,  -0.5,  -1.5,   0.3,  43.6, -27.6,1008.6,  -2.4,  -0.4
77512,  -0.1,   0.2,   0.2,  17.5, -24.4,1006.9,  -2.3,  -0.3
77540,   0.3,  -0.2,   0.8, -24.0, -35.2,1030.3,  -2.3,  -0.2
77564,  -0.1,  -0.9,   0.9,  34.6, -54.2,1040.8,  -2.4,  -0.2
77588,   0.8,   1.6,   0.3,  19.5, -43.0, 999.8,  -2.5,  -0.2
77612,  -0.7,   0.5,   0.3,  63.4, -61.3,1036.7,  -2.5,  -0.2
77640,  -1.1,  -0.8,   0.9,  88.1, -80.8,1068.4,  -2.7,  -0.3
77664,   0.2,   0.4,  -0.6,  25.1, -60.8, 991.8,  -2.8,  -0.3
77688,   0.3,  -1.2,  -2.2,  27.5, -54.2, 999.1,  -2.9,  -0.3
77712,  -0.1,  -0.7,  -2.2,  23.1, -65.5, 997.6,  -3.0,  -0.3
77740,   0.1,  -0.5,   1.3,  -9.3, -45.9,1029.6,  -3.0,  -0.2
77764,  -0.3,  -0.6,  -0.6,  -2.5, -44.7,1004.0,  -3.1,  -0.2
77788,   0.2,  -0.2,  -0.1,  13.1, -41.8, 996.2,  -3.1,  -0.2
77812,   0.6,   0.2,   0.4,   8.0, -36.9,1000.8,  -3.0,  -0.2
77840,  -0.5,  -0.4,   0.3,   7.3, -32.7, 994.9,  -2.9,  -0.3
77868,  -0.9,  -0.2,   1.6, -17.1, -39.1,1005.2,  -2.9,  -0.2
77888,   0.5,   0.0,  -0.8,  -0.1, -28.6,1018.4,  -2.9,  -0.2
77912,  -0.5,  -1.1,  -0.1,   6.0, -24.9, 985.2,  -2.7,  -0.2
77940,   0.6,  -0.6,  -0.1,  -1.5, -11.0, 999.3,  -2.6,  -0.1
77964,   0.1,  -0.9,   3.0,  -6.4, -20.8, 992.7,  -2.5,  -0.1
77988,   0.8,  -0.4,   1.0,  -8.6, -15.7,1044.0,  -2.3,  -0.1
78012,  -0.1,   0.2,   1.3,  -0.3,  -8.3, 991.3,  -2.1,  -0.1
78040,   1.3,  -0.6,   0.9, -11.8,  -3.7, 992.7,  -1.9,  -0.0
78064,   0.5,  -0.9,   0.6,   6.3, -30.5,1016.9,  -1.8,  -0.0
78088,   0.6,  -1.0,   1.5,  -2.3, -31.5, 981.3,  -1.7,  -0.1
78116,   0.7,  -0.5,   0.4,  14.6, -24.4, 998.1,  -1.7,  -0.1
78140,  -0.1,  -1.3,   0.6,  13.6,  -3.2, 989.1,  -1.6,  -0.2
78164,  -0.2,  -0.3,  -0.5,   1.4,  -5.4, 996.2,  -1.6,  -0.2
78188,  -1.5,  -0.4,   1.3,  10.0, -17.6, 996.2,  -1.6,  -0.3
78216,   0.3,  -0.8,  -0.5,   7.8, -33.5, 984.9,  -1.7,  -0.4
78240,   1.2,  -0.5,  -2.0,  13.9, -36.4,1011.1,  -1.7,  -0.4
78264,   1.0,  -0.3,  -2.0,  17.0, -19.8, 985.9,  -1.8,  -0.5
78288,  -0.1,   0.4,  -0.7,  11.7, -57.4, 996.4,  -1.8,  -0.5
78316,   0.5,   0.6,  -2.3,   2.9, -32.7,1000.8,  -1.9,  -0.6
78340,  -0.5,   0.2,  -1.6,  22.2, -51.3, 975.9,  -2.1,  -0.6
78368,   0.2,  -0.2,  -2.2,  23.6, -64.2,1029.9,  -2.1,  -0.6
78388,  -1.3,  -0.8,  -0.9,  46.3, -69.4,1009.3,  -2.3,  -0.6
78416,  -0.8,   1.9,  -4.4, -49.4, -54.5, 997.9,  -2.2,  -0.6
78440,   0.3,   0.4,  -3.3, -33.5,  -6.4, 973.2,  -2.2,  -0.6
78464,  -0.2,  -0.6,  -1.9,   7.0, -15.4,1037.7,  -2.0,  -0.5
78490,  -0.6,   0.4,  -2.5,   5.8, -29.6,1049.6,  -1.9,  -0.3
78514,  -0.6,  -0.3,   0.0,  -4.7,  23.9, 923.4,  -1.9,  -0.2
78538,  -1.9,   1.4,   0.3, -18.9,  13.6,1045.5,  -1.6,  -0.3
78566,   0.5,   1.7,   0.5, -85.5,  -3.4,1004.2,  -1.3,  -0.1
78590,  -0.8,  -0.8,  -0.1,  -2.7,   2.9, 960.5,  -1.2,   0.0
78614,   1.7,  -2.4,  -1.3,  25.8,  -1.5, 979.3,  -1.2,   0.2
78638,  -0.1,  -2.0,   0.4, -36.2, -45.0,1016.9,  -1.2,   0.2
78666,   0.3,  -0.9,   0.6, -14.2,  30.7, 979.6,  -1.2,   0.0
78690,  -0.2,  -0.2,  -0.1, -73.3, -54.7,1039.6,  -1.3,   0.1
78714,   0.2,   0.5,   0.2, -47.7, -38.8, 963.7,  -1.2,   0.1
78738,  -0.2,   3.0,   0.5, -79.6,  46.6, 995.4,  -1.1,   0.1
78766,  -0.6,   1.0,   1.1,  48.0, -63.8,1098.7,  -0.8,  -0.0
78790,   0.6,   3.1,  -0.3, -69.6,  62.2, 922.2,  -0.6,  -0.0
78814,   0.3,   1.9,   1.7,-102.6, -82.5,1050.1,  -0.7,   0.1
78838,   1.1,   0.3,   3.0, -22.5,   0.2, 969.1,  -0.6,   0.3
78866,   0.2,  -0.2,   3.1,  -0.3,  -6.4, 960.0,  -0.6,   0.3
78890,  -0.1,  -2.7,   6.0, 115.4,  -1.5,1054.3,  -0.5,   0.3
78914,   1.3,   0.0,   2.4,  -6.9,  30.2,1015.9,  -0.3,   0.2
78938,   1.4,  -0.2,   2.0,  37.8,   9.5,1025.2,  -0.2,   0.0
78966,   1.5,   1.1,   0.5,  -1.3, -32.5,1005.4,  -0.3,  -0.4
78990,   0.1,   0.2,   0.8,  16.3, -35.4, 993.0,  -0.4,  -0.5
79014,   0.6,  -0.9,  -0.7,  57.1,  22.2, 955.6,  -0.5,  -0.2
79038,   0.4,  -1.1,  -0.2,  -7.6,  -5.9,1009.1,  -0.6,  -0.0
79066,  -0.6,  -1.8,   1.7,  -9.3,  39.5, 994.0,  -0.5,   0.2
79090,  -3.3,  -2.0,   2.5,  17.5,  -4.7,1024.7,  -0.4,   0.2
79114,  -2.6,  -0.3,   1.6,  73.2,  19.3, 959.8,  -0.5,   0.0
79138,  -0.0,  -1.0,   2.7,  27.8,  52.2,1064.8,  -0.5,   0.0
79166,   0.6,   1.5,   3.9,  42.9,  66.4,1030.1,  -0.1,  -0.2
79190,   0.3,   0.7,   4.2,  68.8, -28.1, 971.3,  -0.0,  -0.5
79214,   0.4,   0.8,   1.8, 113.5, -24.7,1028.9,  -0.1,  -0.6
79242,  -0.9,   1.0,   2.0,  22.2, -40.6, 979.6,  -0.5,  -0.5
79266,   0.0,   0.2,  -1.0, -32.5, -24.0, 995.4,  -0.7,  -0.6
79290,  -0.6,  -2.2,  -1.1,  25.6,  16.8,1045.7,  -0.5,  -0.4
79314,  -0.4,  -2.0,  -2.9,  38.8,  14.9, 975.4,  -0.3,  -0.3
79342,  -0.8,  -1.5,  -1.6,   2.1, -28.8,1017.6,  -0.2,  -0.2
79370,  -0.7,  -1.9,  -0.1,  -6.6,  -5.4, 969.8,  -0.2,  -0.3
79390,  -1.3,   0.2,  -1.3,   7.0, -10.0,1061.8,  -0.2,  -0.4
79414,  -0.8,  -0.0,  -1.3, -25.4,  -5.9, 985.2,  -0.2,  -0.4
79442,  -2.8,  -1.7,  -2.4,  40.2, -61.3,1000.1,  -0.4,  -0.4
79466,  -1.5,  -2.6,  -2.5,  78.6, -38.4,1013.0,  -0.7,  -0.6
79490,  -1.3,  -1.7,  -4.0,  -0.1, -55.2, 979.3,  -1.0,  -0.7
79514,  -0.7,  -1.5,  -6.4,  32.7, -18.3,1015.2,  -1.2,  -0.9
79542,  -1.4,  -1.0,  -8.8, 101.0, -16.6, 973.2,  -1.2,  -1.2
79566,   0.2,  -0.5, -12.8,  34.4, -51.5, 985.2,  -1.4,  -1.1
79590,  -0.6,   1.2, -12.8, -34.7,  -2.5,1020.1,  -1.4,  -1.5
79614,   0.1,   0.1, -14.9,  36.1, -14.7, 962.5,  -1.4,  -1.6
79642,  -0.8,  -1.6, -14.9,  -0.3, -66.7,1001.5,  -1.7,  -1.4
79666,   0.5,   1.4, -16.4, -68.4, -47.4,1019.4,  -1.7,  -1.5
79690,  -1.7,  -2.5, -15.7,  47.8,-127.5,1098.5,  -1.8,  -1.3
79714,  -0.5,  -1.4, -15.0,  94.2, -26.2, 931.7,  -1.9,  -1.3
79742,  -0.3,   0.3, -16.4, -17.9, -39.3,1009.8,  -1.6,  -1.1
79766,  -1.1,  -3.4, -14.0,  73.9,  14.4, 925.6,  -1.5,  -1.1
79790,   0.6,  -4.4, -14.2, -94.5,  58.8, 965.2,  -1.4,  -0.7
79814,  -0.9,  -4.1, -16.1, -73.5, -85.0,1009.3,  -1.3,  -0.6
79842,  -0.1,   0.2, -17.3, -90.1,  34.4, 981.5,  -1.2,  -0.6
79870,   0.3,   0.0, -16.3,-115.0, -45.4, 955.9,  -1.2,  -0.4
79890,   0.6,  -0.0, -17.4, -34.7, -77.9, 995.2,  -1.2,  -0.5
79914,   1.1,  -1.1, -14.6, -32.3,  30.0, 931.0,  -1.3,  -0.4
79942,   1.4,  -2.0, -12.8,  47.3, -56.7,1032.5,  -1.5,  -0.4
79966,  -0.4,   0.9, -14.2,-167.8,-184.1,1065.7,  -1.6,  -0.2
79990,  -0.3,  -1.3, -12.4,-114.6,  -0.8, 997.1,  -1.4,   0.0
80014,  -0.9,  -0.8, -14.1,  49.0, -34.2,1080.6,  -1.4,  -0.1
80042,   1.7,  -2.9, -12.2, -96.7,  58.1, 902.7,  -1.3,   0.3
80066,   1.3,  -0.8, -11.2,  -1.3, -49.8, 981.3,  -1.2,   0.0
80090,  -2.1,  -2.4, -11.2,  -9.3,-107.0,1044.5,  -1.4,   0.1
80116,  -2.2,   3.4, -13.3,-149.7, -82.3, 952.0,  -1.9,   0.0
80140,   3.5,  -3.9,  -7.6,  87.6,  97.4,1003.0,  -1.9,   0.2
80164,   1.4,  -0.8,  -9.6,  -1.0,  49.0, 927.6,  -1.7,   0.2
80192,   1.1,   0.8, -10.6,   0.7,  42.7, 821.8,  -1.5,   0.3
80216,   2.4,  -5.2,  -8.0, 178.7, 142.5, 920.5,  -1.3,   0.2
80240,   0.2,  -3.3,  -4.4, 210.1,-107.5,1034.2,  -1.5,   0.1
80264,   0.9,  -3.4,  -2.9, 283.6, -81.3,1031.3,  -1.7,   0.4
80292,   0.2,   0.9,  -4.0,   2.1,  30.7, 961.2,  -1.5,   0.8
80316,   0.3,   0.6,  -2.2,-125.5, 137.7, 935.4,  -1.3,   0.9
80340,   0.5,  -1.7,  -0.5,  20.5, 125.5,1053.8,  -1.0,   0.9
80368,  -0.8,  -4.1,  -0.5, -95.3, -19.8,1022.5,  -1.0,   0.9
80392,   2.3,  -0.2,   0.2,-166.1,  92.0, 850.9,  -0.9,   1.0
80416,   0.9,  -0.7,   0.6,-149.0, -21.5, 924.6,  -0.9,   1.0
80440,   1.8,  -2.2,   4.2, -49.1, 199.4,1029.6,  -0.8,   0.9
80468,   0.3,  -1.1,   3.2,-129.5,  92.5, 882.9,  -0.7,   1.1
80492,  -0.2,  -0.2,   3.9, -67.0,  50.5, 955.4,  -0.4,   0.9
80516,   0.4,   0.5,   4.1,-107.7,  55.4, 966.4,  -0.3,   0.9
80540,  -0.6,  -1.0,   4.6, -69.9,  -9.3, 986.2,  -0.1,   0.9
80568,   1.1,  -2.0,   7.4,  84.4,  34.4, 937.3,  -0.1,   0.7
80592,   1.2,  -2.2,   5.3,  89.5,  30.0, 986.9,  -0.1,   0.6
80616,  -2.8,   0.9,   6.2,  64.2, -40.8,1097.2,  -0.2,   0.3
80640,   6.0, -18.1,   9.9, 507.5,  45.4,1174.1,  -0.5,   0.7
80668,   1.6,   1.9,  10.3,  25.3, -22.0,1020.6,   0.0,   0.5
80692,   0.3,  -8.1,  15.7, 404.5, -87.4,1117.7,  -0.3,   1.0
80716,   3.0,   5.7,   7.0, -71.6,  25.6,1020.8,  -0.3,   0.3
80740,   3.5,   5.6,   8.3, -10.1,  32.2,1057.9,   0.2,   0.4
80768,   1.2,   5.6,   7.1,-150.7,   3.1, 859.2,   0.2,   0.4
80792,   0.7,   3.8,   7.5,-170.0,-126.3,1022.5,   0.1,   0.5
80816,  -1.1,   2.7,   7.7,  18.5,   0.7, 995.4,   0.3,   0.3
80840,   0.2,   2.7,   9.2,-141.4,  29.0, 947.1,   0.5,   0.4
80868,   0.5,  -0.6,   8.8,  32.2,  63.9,1005.4,   0.6,   0.3
80892,  -1.1,  -0.5,   8.6,  28.5, -11.7,1035.5,   0.6,   0.3
80916,   1.5,   3.0,   8.3,  -4.5, -15.2, 984.7,   0.7,   0.2
80940,   0.0,   5.5,   7.4,   0.4, -21.8, 996.4,   0.3,  -0.0
80968,  -1.2,   1.0,   6.7,  50.7, -53.5,1036.4,   0.3,  -0.0
80992,   0.3,   1.7,   4.9,  82.7, 182.8,1045.2,   0.4,  -0.1
81016,  -0.1,   1.6,   3.6, -58.9,  14.9, 946.1,   0.5,   0.1
81040,  -0.3,   0.9,   4.4,  85.1,  58.1, 972.7,   0.4,  -0.1
81068,  -2.1,   2.4,   4.7,  53.7, -30.8,1045.0,   0.6,  -0.2
81092,   0.6,   0.9,   0.7,  12.2,  12.2, 975.9,   0.6,  -0.2
81116,   0.0,   1.2,   1.0,  52.7,  -3.4,1006.7,   0.5,  -0.3
81140,  -1.5,   0.8,   0.6,  -3.7,  -3.2, 983.2,   0.4,  -0.4
81168,  -0.7,   1.7,   0.5,  11.9,  -8.8, 957.6,   0.4,  -0.6
81192,  -3.7,   2.8,   0.5,  40.7,-272.5,1215.4,   0.1,  -0.8
81216,   1.9,   0.8,  -1.1, 109.1,  82.0,1133.9,   0.4,  -0.7
81240,   1.6,  -4.4,   2.8, 198.7, -54.2, 981.8,   0.6,  -0.6
81268,   0.7,  -3.1,   1.7,  28.3, -66.9,1020.8,   0.6,  -0.4
81292,  -0.6,   2.7,  -0.5, -62.6, -67.9,1026.9,   0.3,  -0.7
81316,   0.8,  -0.2,   1.6,  39.5,  27.8, 973.5,   0.0,  -0.6
81340,  -2.1,  -3.8,   0.5,  61.0, -93.8,1099.7,   0.0,  -0.4
81368,   0.0,   1.6,  -0.2, -78.2,  28.3, 891.4,   0.0,  -0.3
81392,   0.6,   0.9,  -1.4,  10.4, -45.7,1115.3,  -0.1,  -0.5
81416,  -0.6,   2.0,  -2.2,  -1.0, -55.2,1072.3,  -0.3,  -0.6
81440,  -2.3,   3.0,   0.5,   1.4, -95.0,1121.9,  -0.3,  -0.7
81468,  -0.8,  -0.3,   2.1, -17.4, -10.0, 972.0,  -0.3,  -0.4
81492,  -0.1,  -0.4,   2.6, -65.0,  31.2,1021.6,  -0.5,  -0.3
81516,  -1.6,   0.7,   1.3,  -8.6, -31.3, 943.7,  -0.6,  -0.3
81540,   0.8,   0.6,   0.2,  -3.2, -32.7,1013.3,  -0.8,  -0.2
81568,  -0.4,   1.9,   0.8, -21.5, -40.6, 921.5,  -0.9,  -0.4
81592,  -0.6,  -2.2,  -0.9,  20.0,   1.9,1032.8,  -0.8,  -0.3
81616,   1.3,  -1.4,  -1.2, -88.4, 109.1, 900.9,  -0.7,  -0.1
81644,  -0.2,  -3.6,  -1.6,  28.3, -19.1,1004.7,  -0.7,  -0.3
81668,  -0.0,  -2.4,  -1.1,  99.8,  24.4,1061.6,  -0.5,  -0.2
81692,   0.1,  -4.9,  -0.3,  22.6,  27.8, 907.1,  -0.5,  -0.1
81716,  -2.4,  -5.5,   3.2,  74.7,  20.0, 983.2,  -0.6,  -0.1
81742,  -2.3,  -1.6,   0.0,  37.8, -38.6, 955.9,  -0.8,   0.0
81766,   2.0,  -1.1,   0.1, -59.6, 212.1, 894.6,  -1.2,   0.0
81794,  -0.2,  -6.2,  -1.3, -22.3, 125.2, 887.0,  -0.6,   0.3
81818,  -0.1,  -3.0,  -1.3,   1.9, -99.9, 987.1,  -0.5,   0.1
81842,   0.2,  -1.2,   0.2, -11.0,-105.3,1011.1,  -0.7,  -0.2
81870,  -0.3,   1.6,  -1.4, -73.1,-211.5,1083.3,  -0.9,  -0.0
81894,  -0.3,   1.6,  -0.8, -46.2,  18.5, 928.5,  -0.8,  -0.1
81918,   0.1,   1.6,  -1.9,-118.2,  23.4, 871.4,  -0.7,   0.2
81942,   0.3,   1.6,  -1.0,  37.1, -77.7,1001.3,  -0.7,   0.1
81966,  -0.3,   0.3,   0.0, -42.0, -25.2, 989.1,  -0.7,   0.1
81994,   0.0,  -0.2,  -0.5, -13.7, -34.2, 984.4,  -0.9,   0.1
82018,   0.8,   0.6,  -0.9, -18.9,  62.5,1001.0,  -0.8,   0.3
82042,   0.3,   2.0,  -0.9, -66.0,  42.2,1093.3,  -1.0,   0.3
82066,  -0.8,   1.8,  -1.8,   2.4,   6.3,1094.3,  -0.9,   0.2
82094,  -0.5,   0.9,  -0.6, -34.5, -40.6,1027.2,  -1.0,   0.1
82118,  -1.2,  -0.4,  -2.3, -20.1, -94.8, 991.0,  -1.0,   0.2
82142,  -2.4,   0.1,  -0.9, -49.9, -51.8,1001.8,  -1.1,   0.1
82166,   0.9,   2.3,  -4.0, -67.4,  31.0, 906.3,  -0.9,   0.0
82194,   0.8,   0.5,  -3.6,  -2.3,  32.7, 999.3,  -1.0,  -0.2
82218,  -0.1,  -0.5,  -0.0,   1.4,  99.6, 897.8,  -1.0,  -0.1
82242,  -4.8,  -1.9,  -0.8,  91.7,-367.5,1314.0,  -1.3,  -0.2
82266,   2.6,   0.5,  -4.2,  80.0,  77.1,1191.0,  -0.9,  -0.1
82294,   2.5,  -0.1,  -2.4,  16.5,  17.3, 913.4,  -0.5,   0.1
82318,   1.1,  -0.5,   0.1,  93.7, -51.5,1079.4,  -0.7,  -0.1
82342,  -2.4,   3.8,  -1.6, -13.7,-192.4,1083.1,  -0.9,  -0.2
82370,  -0.6,   3.0,  -2.8, -64.5,  46.6, 978.6,  -0.9,  -0.1
82394,  -0.8,  -0.3,  -3.1, -26.7, -40.3, 970.3,  -0.8,   0.1
82418,   1.6,  -1.6,  -3.0, -27.2, 131.1,1025.9,  -0.7,   0.2
82442,   0.3,   1.4,  -3.6,  48.3,-100.6,1093.8,  -0.8,  -0.2
82466,  -0.7,   0.9,   0.2, -68.7,  37.6, 818.9,  -0.8,   0.1
82494,   0.6,  -0.7,  -1.2,   2.9,   7.3, 993.5,  -0.6,   0.1
82518,  -0.2,  -1.2,  -2.4,  27.3, -27.1,1074.3,  -0.6,   0.1
82542,   0.6,   0.2,  -1.4,  -9.8,  21.0,1025.7,  -0.6,   0.1
82566,  -0.5,   2.0,  -1.3, -57.9, -78.9,1027.4,  -0.7,   0.2
82594,   1.7,  -1.4,   1.0,  69.0,  80.5,1094.1,  -0.6,   0.4
82618,   0.2,   0.0,  -1.6,  25.1, -44.2, 945.1,  -0.6,   0.3
82642,   1.2,  -0.5,  -1.6,  66.4, -23.0,1003.5,  -0.7,   0.1
82666,   1.6,   2.9,  -2.1, -38.6,  83.5, 907.1,  -0.5,   0.2
82694,   0.5,   1.1,  -2.8,  44.9,  48.1, 955.6,  -0.5,  -0.0
82718,  -2.3,  -0.7,  -2.8,  89.5,  14.9,1001.0,  -0.6,  -0.2
82742,  -2.9,   2.2,  -0.4,-153.9, -21.5, 930.2,  -1.0,   0.2
82766,   4.7,   2.1,   1.6,-160.2, 127.4, 863.1,  -0.5,   0.6
82794,   2.4,  -3.9,   0.0,  39.5,   8.0,1041.8,  -0.1,   0.5
82818,   1.3,  -0.9,   2.7,  11.4, -14.9,1011.1,  -0.1,   0.5
82842,   3.0,  -0.3,   0.0, -82.3,  37.6, 936.8,  -0.1,   0.3
82870,   1.4,   0.1,   0.8,  31.9,  56.9, 921.2,  -0.0,   0.3
82894,   1.0,  -1.7,   2.5, -92.1,  71.7, 948.3,   0.1,   0.6
82918,  -0.2,  -2.6,   0.7,  27.0,  31.7,1013.7,   0.2,   0.6
82942,  -1.0,  -2.6,   1.0,  29.2,  56.6,1005.7,   0.2,   0.5
82970,  -0.9,  -2.4,   2.0,  40.2, -65.5,1040.1,   0.1,   0.3
82994,  -0.9,  -0.3,   2.0, -46.9,  13.6, 872.1,   0.3,   0.4
83018,   0.4,  -0.3,   2.4,  71.2, -91.8,1076.7,   0.2,   0.2
83042,   3.0,   1.1,   1.6, -48.9,  64.7, 969.3,   0.2,   0.3
83070,   0.5,   0.3,   1.7,-151.4, -97.4, 968.6,   0.4,   0.6
83094,  -0.9,  -0.8,   4.5,  22.2,  28.0, 941.0,   0.5,   0.7
83118,  -0.6,   0.0,   1.4, -33.0,-104.8,1090.9,   0.4,   0.6
83142,   0.6,   0.9,   4.1,   3.1, -45.2,1054.5,   0.6,   0.5
83170,   0.2,  -1.0,   2.0,  -8.8, -12.0, 953.9,   0.6,   0.4
83194,  -0.9,  -0.9,   2.3,  15.6, -50.1,1012.8,   0.3,   0.2
83218,  -2.7,   0.2,   1.7,  33.6, -60.3, 994.7,   0.1,  -0.0
83242,  -0.5,   1.0,   2.4,-221.0, 154.5, 870.4,   0.2,   0.4
83270,   0.0,  -0.6,  11.7, -58.4,  85.4, 968.6,   0.4,   0.7
83294,   2.2,   0.3,   3.8,   4.1,  74.4, 945.6,   0.6,   0.3
83318,  -0.1,  -0.8,   2.9,  75.9,   2.2, 995.9,   0.6,   0.1
83342,  -1.2,   0.6,   2.3,  77.8,   8.5,1010.6,   0.5,  -0.4
83372,   0.5,   2.2,   1.7, -46.4,  44.6, 972.2,   0.6,  -0.2
83392,  -1.6,   0.2,   3.3,  18.7,  54.7, 999.3,   0.9,  -0.1
83420,  -1.1,  -0.5,   4.8,  22.4,  91.8, 911.4,   1.0,  -0.0
83444,  -1.1,   0.2,   3.9,   1.4, -33.0,1050.1,   0.9,  -0.0
83468,  -0.2,  -0.1,   4.6,  21.9,  -3.4, 974.4,   0.8,  -0.1
83492,   0.1,   1.2,   2.0, -39.4, -17.1, 999.3,   0.7,  -0.2
83520,  -0.1,   0.2,   3.6,  20.0,  45.1, 954.4,   0.8,  -0.2
83544,   0.2,  -0.0,   2.4,  36.6, -52.0,1040.1,   0.6,  -0.2
83568,   0.5,   0.8,   2.5,  15.1,   4.6,1008.9,   0.7,  -0.1
83592,   0.9,   0.2,   3.0,  31.9, -37.9, 957.1,   0.6,  -0.2
83620,  -0.3,   0.3,   1.7,  52.4, -34.2,1012.8,   0.6,  -0.3
83644,   0.2,   2.4,   1.4, -29.6, -41.8,1044.7,   0.4,  -0.4
83668,   1.6,   1.6,  -1.2, -44.7,  27.6, 946.8,   0.4,  -0.2
83692,  -0.1,   1.2,  -0.2,  -8.4,   5.1,1037.4,   0.4,  -0.2
83720,  -0.4,   1.2,   1.0,  32.9, -47.9,1051.3,   0.4,  -0.3
83744,   0.3,   1.6,   1.7, -30.1,  25.1, 971.0,   0.4,  -0.1
83768,   0.6,  -1.1,   2.2,   4.6, -60.6,1050.6,   0.2,  -0.1
83792,  -1.1,  -1.0,   2.2,  46.8, -12.2, 956.4,   0.1,  -0.0
83820,  -1.9,   2.8,  -0.9,  42.7, -36.2, 960.8,  -0.3,  -0.3
83844,   1.6,   2.0,  -4.2, -29.6, 130.8, 896.8,  -0.6,  -0.4
83872,   2.4,  -1.1,  -0.5, -83.6,  52.7, 978.3,  -0.5,  -0.4
83892,   1.7,   2.4,  -0.1, -64.0, -27.6, 921.0,  -0.4,  -0.6
83920,   1.5,  -0.4,   1.4,  10.9,  22.4,1011.8,  -0.4,  -0.5
83944,   0.4,   1.1,   2.2,  48.8, -42.3, 969.3,  -0.6,  -0.5
83968,  -0.5,   3.3,  -0.5, -87.7,  13.2, 947.6,  -0.7,  -0.5
83992,  -1.2,  -1.9,   0.6,  23.4,-118.2,1041.6,  -0.7,  -0.3
84020,   0.2,  -0.9,  -0.2,  21.2,  31.7,1000.1,  -0.6,  -0.3
84044,  -0.1,   0.9,   0.8,   7.8,  11.9,1098.0,  -0.8,  -0.4
84068,  -0.0,   2.0,   0.3,  12.2,  -6.4,1024.5,  -0.7,  -0.5
84096,   1.5,  -1.3,   1.3,  14.1,  45.6, 972.5,  -0.9,  -0.3
84120,  -0.1,   0.5,   2.4, -34.5,-118.4,1100.2,  -0.9,  -0.1
84144,  -0.9,  -0.2,   2.0, -52.3, -30.3,1004.7,  -1.0,  -0.0
84168,  -0.2,  -0.6,   1.9,   1.2, -97.0,1007.9,  -1.1,  -0.1
84196,  -0.9,  -0.9,   1.4, -40.3, -73.5, 985.2,  -1.0,  -0.2
84220,  -1.3,  -0.5,  -0.9,-102.6, -75.7,1053.3,  -0.9,   0.0
84244,  -0.1,  -0.4,   0.1, -76.5,  34.4, 934.4,  -1.0,   0.0
84268,  -0.9,  -0.9,  -0.9, -21.5,  -7.1,1003.7,  -1.0,  -0.0
84296,  -1.2,  -2.3,   0.3,  16.1, -26.2, 942.7,  -1.0,   0.0
84320,  -1.5,  -3.0,   1.1,  50.5,  31.2, 921.7,  -1.0,   0.2
84344,  -1.2,  -1.7,   1.6,  -3.2,  75.4, 920.5,  -1.1,   0.3
84372,  -3.1,  -1.6,   1.7, 235.5,-468.3,1304.5,  -1.5,   0.1
84396,   1.7,  -0.2,  -2.5, -73.8,-133.8,1294.5,  -1.4,   0.3
84420,   0.4,   2.3,  -0.9, -14.7,  76.1, 858.2,  -0.6,   0.3
84444,   0.5,  -4.7,   2.0, 122.3, -44.0, 976.6,  -0.8,   0.2
84468,   0.1,   1.6,   0.8, -14.9, -55.7,1029.4,  -0.9,  -0.1
84496,  -0.1,   3.3,  -0.5, -25.4, -54.5,1125.8,  -0.9,  -0.3
84520,  -1.7,  -1.3,   1.7,  75.9,  48.6, 993.7,  -0.8,  -0.2
84544,  -0.9,  -0.2,  -0.7, -21.5,  -7.4,1000.1,  -0.6,  -0.0
84568,  -0.6,  -1.0,   1.0,  22.6, -44.2, 994.9,  -0.7,  -0.1
84596,  -0.8,  -0.8,   1.7, -29.6, -59.8,1164.9,  -0.7,  -0.2
84620,  -2.6,   2.0,   1.8, -72.1, -76.9,1029.4,  -0.7,  -0.1
84644,   0.8,  -1.4,   0.8,  87.8, -96.2,1066.2,  -0.8,  -0.2
84668,  -1.4,   0.6,  -0.3, 131.5,-181.2,1138.0,  -0.7,  -0.3
84696,  -0.8,   1.7,  -0.3,  32.4,-129.9,1082.1,  -0.9,  -0.4
84720,  -0.6,   6.4,  -3.7,-148.0, -83.3, 991.0,  -0.7,  -0.4
84744,  -0.3,  -1.4,  -2.0,  59.5,  58.8,1025.5,  -0.4,  -0.2
84768,   0.8,  -3.4,  -0.6,  50.7, 125.2,1002.3,  -0.1,  -0.1
84796,  -2.4,  -1.9,   1.7, -52.1,-105.3,1073.8,  -0.2,   0.2
84820,  -1.7,  -0.2,   1.7, -67.4,   0.5, 905.6,  -0.2,   0.4
84844,  -3.4,   0.5,  -1.6,  24.4, -44.0, 993.5,  -0.4,  -0.1
84872,   2.2,  -2.2,  -3.4,-124.8, 111.1,1085.3,  -0.2,  -0.0
84896,   1.8,   1.2,  -0.6,  75.9,  -4.9, 938.8,   0.1,  -0.1
84920,   0.6,  -0.9,  -1.6, -46.0,  34.9, 933.2,   0.0,  -0.1
84944,   0.5,   1.6,  -0.5, -23.2, -63.8, 904.4,  -0.1,  -0.2
84968,  -1.2,  -0.6,  -0.7,  99.1, -64.5, 982.7,  -0.1,  -0.5
84994,  -2.1,  -0.9,  -1.3,  31.7,  27.1, 960.8,   0.0,  -0.2
85018,   1.8,   2.2,  -2.6, -71.6,  38.8, 896.6,  -0.1,  -0.0
85046,  -0.4,   0.3,  -1.2,  12.9, -35.2, 986.2,  -0.2,  -0.2
85070,   1.4,   1.5,  -0.1, -27.6, -39.8, 990.8,  -0.5,  -0.2
85094,   0.6,  -0.5,   0.5,  26.1, -52.0, 970.3,  -0.4,  -0.2
85118,   1.6,  -1.4,   0.5, 129.6, -88.9, 988.1,  -0.6,  -0.3
85146,   3.0,   1.1,  -3.4,   0.4,   2.9, 958.1,  -0.7,  -0.4
85170,  -0.2,   2.6,  -1.4,-140.2, 124.2, 861.2,  -0.3,  -0.0
85194,   0.7,  -0.2,  -0.8,  52.2,  50.0,1118.5,  -0.2,  -0.1
85222,  -0.2,   0.0,   0.7,  17.8,  70.3, 945.6,  -0.0,  -0.0
85246,  -0.5,  -1.0,   0.8,   5.3, -57.2, 984.7,  -0.1,   0.1
85270,   0.7,   0.9,  -0.8,-115.0, -12.2, 912.7,  -0.2,   0.4
85294,  -3.7,  -0.8,  -0.6, -48.6,-100.9, 901.7,  -0.3,   0.4
85322,  -0.6,  -1.3,  -1.4,   5.1,-206.3,1218.8,  -0.7,   0.4
85346,   1.4,  -2.7,  -0.7, 150.3,  32.4, 998.4,  -0.1,   0.5
85374,   2.5,  -1.7,  -1.9,  65.4,  66.1,1055.0,   0.0,   0.4
85394,   1.2,   0.2,  -0.9,  19.5,-109.6, 989.1,  -0.0,   0.3
85422,  -0.5,   3.3,  -4.5, -24.5,  41.2, 914.6,   0.0,   0.1
85446,  -3.0,  -2.6,   0.8,  98.1,  10.5, 999.6,   0.1,   0.3
85470,  -0.3,   1.7,  -2.2,  20.0, -19.8,1113.8,   0.1,   0.3
85494,   0.3,   1.4,  -2.8, -98.7, 176.2, 843.6,   0.4,   0.3
85522,   2.6,   1.4,  -4.4,  11.4,  16.3,1051.6,   0.2,   0.2
85546,  -1.1,  -0.2,  -2.7,  17.3,-185.8,1158.5,   0.1,   0.2
85570,   0.3,   2.1,  -1.0,-105.0,  88.8, 927.6,   0.2,   0.4
85594,  -1.6,  -0.3,  -1.9,  41.4, -74.0, 963.4,   0.0,   0.0
85622,   0.9,   2.2,  -5.0,  62.2, -77.9,1112.9,  -0.1,  -0.2
85646,  -0.2,   1.4,  -4.0,  51.5,  42.2, 962.7,  -0.1,  -0.1
85670,  -1.6,   1.9,  -2.4, -35.9, -76.9,1024.2,  -0.2,   0.0
85694,  -1.7,   4.5,  -2.6, -43.8,  57.8,1009.6,  -0.1,   0.1
85722,   0.6,   4.9,  -4.8, -99.7,  62.7, 815.7,   0.2,   0.3
85746,  -2.3,   3.0,  -0.1, -13.5,   1.7, 970.0,  -0.1,   0.2
85770,  -5.2,   4.0,  -1.6, 142.0,-268.3,1305.0,  -0.3,  -0.1
85794,   1.4,   2.8,  -3.9,  48.3, 170.1, 909.5,  -0.0,   0.0
85822,   0.6,   0.4,  -3.1, 112.0,  78.1,1094.1,   0.4,   0.2
85846,  -0.6,  -0.1,  -4.6,   1.2, -31.8, 951.5,   0.4,   0.3
85874,   0.4,   0.9,  -4.4, -16.9,  -4.9,1019.8,   0.4,   0.4
85894,  -0.2,   2.7,  -4.2, -58.4, 124.5, 983.0,   0.3,   0.3
85922,  -2.8,  -0.9,  -3.7, -32.8,-104.3,1025.2,  -0.0,   0.7
85946,  -1.4,  -2.1,  -5.9, -24.0,   0.2, 930.0,   0.2,   0.7
85970,  -0.6,  -2.4,  -8.1, -41.1,  35.4, 874.3,   0.1,   0.7
85994,  -1.7,  -2.7,  -9.0,  47.3,-106.7,1075.3,  -0.0,   0.5
86022,  -0.0,  -2.3,  -9.5, -63.3,  -4.2, 910.5,  -0.1,   0.6
86046,  -1.0,  -1.6,  -8.6,  83.0, -76.4,1039.9,  -0.2,   0.4
86070,  -0.0,  -0.7,  -9.6, -21.1,  55.9, 931.5,  -0.3,   0.4
86094,  -0.8,  -0.6, -10.4, -98.4,  35.4,1169.0,  -0.2,   0.5
86122,   0.1,  -0.9,  -7.1,  10.2,  36.1,1057.7,  -0.2,   0.6
86146,   0.4,  -0.9,  -7.8,-100.2,  10.5, 923.9,  -0.1,   0.7
86170,  -0.5,  -2.0,  -7.4, -15.2, -72.3,1054.5,  -0.2,   0.7
86194,   0.8,  -2.9,  -7.4,  23.1,  -7.8,1013.7,  -0.2,   0.8
86222,   0.8,  -0.2,  -9.9,  31.9, -32.5, 987.1,  -0.5,   0.6
86246,   2.7,   0.5,  -6.3, -87.2,  51.2, 992.5,  -0.3,   0.8
86270,   1.9,  -2.5,  -0.3, -67.2,  20.5, 932.0,   0.1,   1.3
86294,   4.9,  -0.0,  -2.6,  78.3,  15.8, 980.5,   0.0,   0.8
86322,   1.8,   0.9,  -5.7, -77.0, 101.5, 879.0,   0.2,   1.0
86346,  -0.7,   1.4,  -5.7, -81.4, -15.7, 918.8,   0.2,   0.9
86374,  -0.2,  -0.8,  -3.5, -10.6, -35.2,1002.8,   0.2,   0.9
86394,  -0.3,  -2.0,  -3.2, -12.8, -73.8,1037.2,   0.1,   1.1
86422,   0.0,  -0.8,  -2.0, -12.0,  -2.5, 949.3,   0.1,   1.2
86446,  -0.5,  -4.4,  -0.4, 112.2, -80.8,1047.2,   0.0,   1.1
86470,  -3.0,  -1.7,   0.8,  30.2, -26.6,1101.4,  -0.1,   1.1
86498,   1.3,   0.6,   1.6, -68.4,  -1.3, 973.2,  -0.1,   1.2
86522,   1.9,   0.8,   0.3,   5.8,  12.4, 993.5,  -0.1,   1.1
86546,   0.5,   2.4,   0.5, -21.1,  76.6, 955.1,  -0.2,   0.9
86570,  -0.5,   3.5,   0.7, -51.3,  26.3,1128.7,  -0.1,   0.9
86598,   0.6,   2.5,   3.4,-131.6, -11.0, 892.2,  -0.2,   1.2
86620,   2.6,   2.2,   1.2,-108.2,  30.5, 972.2,  -0.1,   1.1
86648,   0.2,   0.6,   1.6, -35.0,   5.3, 946.6,   0.0,   1.1
86672,   1.1,  -0.9,   0.3, -60.6, -21.3, 980.8,   0.1,   1.2
86696,   0.8,  -0.4,  -0.6,  45.1, -32.5, 922.2,   0.0,   0.8
86720,  -2.0,  -0.4,   0.5,  37.3, -65.9,1006.9,  -0.2,   0.6
86748,  -0.0,   3.9,  -0.8, -20.8,  78.6,1104.8,  -0.6,   0.4
86772,  -0.9,   1.9,   3.8,-138.5,  70.0, 995.2,  -0.2,   1.1
86796,   0.6,   2.2,   6.4, 124.2,   5.1, 954.4,  -0.0,   1.0
86820,   2.4,   3.2,   1.7, -57.4, -29.1, 959.5,  -0.1,   0.9
86848,   0.9,   1.2,   0.4, 127.1, -14.4,1048.7,  -0.1,   0.8
86876,  -0.6,   0.8,   0.8, -32.0, -33.5, 995.9,  -0.2,   0.8
86896,  -0.9,   0.2,   2.1,-101.9, -86.9,1050.4,  -0.1,   1.1
86920,   1.6,   3.0,   1.3, -72.1,  45.9, 963.0,  -0.0,   1.2
86948,   0.8,   0.6,   3.0, -31.1, 106.7, 981.3,   0.1,   1.1
86972,  -1.7,  -1.4,   5.3,  60.0, -41.5,1007.6,  -0.1,   1.0
86996,   0.8,   1.0,   0.3,  16.8,  -6.6, 905.1,  -0.2,   0.8
87020,   0.9,   0.2,   1.3,  -7.1, -21.5,1058.7,  -0.5,   0.8
87048,   3.4,   2.8,  -2.0, -36.7, -34.7,1078.4,  -0.5,   0.7
87072,   1.6,   2.7,   0.4,-175.3,  42.2, 916.3,  -0.3,   0.9
87096,   0.6,  -1.6,   3.2, -80.9, -50.1, 962.7,  -0.4,   1.3
87120,   2.3,  -2.0,   2.4, -10.6,  79.1, 942.9,  -0.3,   1.3
87148,   2.8,   1.1,   0.3,  21.2,  70.0,1093.3,  -0.4,   0.8
87172,  -0.5,  -0.2,  -0.5,  26.3, -26.4,1010.1,  -0.3,   0.8
87196,   0.7,  -1.6,   0.4,  36.6, -46.2, 884.6,  -0.6,   0.6
87220,  -0.9,  -1.7,   0.0, 141.1,  32.9,1000.8,  -0.5,   0.4
87248,  -1.2,   0.0,  -0.1, -23.5,  51.5, 881.9,  -0.4,   0.4
87272,   2.8,   3.4,   2.3,-141.4,  13.2,1043.3,  -0.7,   0.9
87296,   0.5,  -4.9,   8.6, 146.7,  26.6, 942.0,  -0.2,   1.2
87320,   2.4,  -0.8,   2.5,   4.3,  33.9,1038.4,  -0.4,   0.8
87348,   2.0,  -0.5,   3.0,  65.1, -11.3, 991.3,  -0.4,   0.6
87376,   0.5,   0.8,   0.2, -40.3, -13.5,1044.5,  -0.4,   0.6
87396,   0.6,  -0.5,   1.9, -79.9,  24.1, 891.2,  -0.4,   0.9
87420,  -1.0,   2.2,   2.4, -74.8, -51.1,1037.4,  -0.2,   0.9
87448,   1.1,   0.6,  -0.1,  -1.0,  25.1,1013.0,  -0.1,   0.9
87472,   2.4,  -0.0,   2.9, -51.1,  -1.5, 939.8,  -0.0,   0.9
87496,   0.1,   0.8,   1.2, -15.4, -65.0, 942.7,  -0.0,   0.7
87520,  -0.2,  -1.3,   0.0,  60.7, -12.0,1013.3,   0.0,   0.5
87548,   2.3,  -0.9,   2.4,  24.1,  38.8, 881.7,   0.1,   0.6
87572,   1.1,  -1.9,   1.1,  -4.0,  20.2,1067.0,   0.5,   0.9
87596,   1.2,  -1.7,   1.6, -46.2,  19.3,1069.2,   0.5,   1.1
87624,   1.1,  -0.8,   2.0, -10.8, -23.2,1075.8,   0.8,   0.9
87648,  -0.6,  -2.0,   2.0,   7.0, -60.6,1003.5,   0.9,   0.7
87672,   1.6,  -0.0,   0.5,   8.5,  40.7, 947.6,   1.0,   0.6
87696,  -1.4,  -0.2,   0.7,  68.5,-103.3,1061.1,   0.9,   0.4
87724,  -2.8,   1.2,  -0.3, -23.5, -98.9,1161.9,   1.1,   0.3
87748,  -0.2,   1.4,   5.0,-144.8, 199.2, 891.9,   1.4,   0.7
87772,   2.5,   1.8,   5.0, 143.7, 127.9,1043.3,   1.6,   0.5
87796,   1.5,  -2.5,   2.4, -26.9,  91.5, 955.9,   1.8,   0.5
87824,   0.8,  -0.2,   1.9,  41.7,  11.0, 935.4,   1.9,   0.4
87848,  -0.8,   0.1,   2.6,  12.9, -46.4,1018.4,   1.8,   0.3
87876,  -1.8,  -0.6,   1.2, -15.7, -67.4,1039.4,   1.7,   0.2
87896,  -1.2,  -1.8,   3.3, -20.6,   9.2,1011.8,   1.8,   0.3
87924,  -0.5,  -0.3,   3.2,   4.3,  -5.9,1036.2,   1.8,   0.4
87948,   0.3,   0.3,   2.6,  -9.3,  55.4, 977.9,   1.8,   0.4
87972,  -2.4,  -2.1,   2.2,  31.9, -58.9, 998.6,   1.7,   0.3
87996,   0.8,   1.2,   0.2,  38.8,   5.6,1045.2,   1.7,   0.2
88024,   0.2,  -0.1,  -1.1, -13.7, -31.5,1025.2,   1.8,   0.3
88048,  -0.6,   0.2,   1.7,   9.0, -50.1,1033.8,   1.7,   0.2
88072,  -0.8,   1.4,   1.9,   3.4, -46.7, 989.6,   1.5,   0.2
88096,   1.1,   1.4,   1.8, -26.9,  35.9, 925.6,   1.3,   0.3
88124,   0.2,   1.4,   1.1, -61.3,  64.2, 968.3,   1.3,   0.3
88148,   1.4,   1.0,   0.8, -17.6,  -3.4, 922.9,   1.2,   0.3
88172,   0.1,   0.3,  -0.4, -37.4,   9.5,1048.9,   1.3,   0.2
88196,   1.7,  -0.5,   0.7,  34.1,  16.3, 986.4,   1.3,   0.2
88224,   1.4,   1.8,  -1.8, -23.7, -11.5, 934.2,   1.1,   0.1
88246,   0.2,   1.5,   0.1, -11.0,  22.7, 959.3,   1.1,   0.1
88274,   1.7,   1.6,  -1.4,  -3.0, 111.3,1103.3,   1.1,   0.1
88298,  -0.2,   0.3,  -0.1, -14.0, -30.5, 997.4,   1.0,   0.1
88322,  -1.2,   1.6,  -0.9, -32.8,-186.6,1068.4,   0.6,   0.1
88346,   4.3,   2.2,  -0.1, -61.8,  95.7, 977.4,   0.8,   0.3
88374,   3.7,  -2.0,  -0.3,  44.4, -14.9,1030.1,   0.9,   0.1
88398,   1.6,  -2.7,   0.2, -35.9,  -1.7, 972.5,   0.9,   0.3
88422,   1.6,  -0.6,  -0.0, -28.9,   0.7, 991.3,   0.8,   0.5
88446,  -0.3,  -1.3,  -0.1,  24.1,  51.5, 999.1,   0.8,   0.5
88474,   0.3,   0.1,   0.3, -46.0, 150.1,1065.7,   0.9,   0.6
88498,  -1.6,  -2.6,   1.7, -61.3, -22.2, 971.7,   0.9,   0.8
88522,  -0.8,  -3.6,  -0.2,  70.5, -24.0,1069.9,   0.6,   0.6
88546,  -0.3,   0.1,  -0.6,  -7.4, -65.0,1026.4,   0.4,   0.4
88574,   0.4,   2.8,  -1.9, -43.5,  47.1, 960.8,   0.5,   0.2
88598,   0.6,  -0.5,  -1.4, -45.0,  64.4, 881.2,   0.4,   0.3
88622,   1.7,  -0.2,  -1.1,   8.7,  -2.7, 986.6,   0.4,   0.4
88646,   0.8,   0.8,   1.3, -11.3, -49.8,1063.5,   0.0,   0.3
88674,  -0.8,  -0.3,   1.7,  39.5, -47.1, 905.3,  -0.1,   0.2
88698,   3.2,   0.3,  -1.5,  43.2,   2.2,1038.6,  -0.3,   0.0
88722,   2.2,   0.3,  -1.3,  52.7, -21.8,1129.0,  -0.2,  -0.1
88746,   3.2,   3.6,  -0.8, -77.7,  61.0, 932.0,  -0.2,   0.1
88774,   0.2,   0.9,  -0.0,   1.4,-143.1,1063.5,  -0.1,  -0.0
88798,   1.5,   0.0,   2.2,  31.9,  40.3, 992.5,   0.0,  -0.0
88822,   1.4,   1.1,   1.3, -13.5, -59.1,1044.5,  -0.0,   0.3
88850,   1.1,   0.3,  -0.4,   1.4,   8.5,1000.6,   0.1,   0.3
88877,   5.8,  -0.0,   1.3,-167.5, 295.1, 865.3,   0.6,   0.4
88897,   6.4,  -1.1,   5.5,-155.3,  54.7, 924.4,   0.7,   0.9
88925,   5.3,  -1.6,   1.7,  27.3, -59.4, 946.4,   0.9,   0.4
88949,   2.7,   0.4,  -1.3, -49.9, -14.9, 987.1,   1.0,   0.4
88973,   1.8,  -0.1,  -1.8,  18.7,-133.8,1048.7,   0.7,   0.3
88997,   0.8,   1.0,  -0.5,-115.5,  63.0,1027.7,   1.0,   0.4
89025,   1.8,  -0.8,  -0.2, -60.8,  17.8, 941.2,   1.4,   0.8
89049,   3.1,  -2.2,  -0.3,  12.2,  50.5,1027.9,   1.4,   0.8
89073,   1.9,  -2.0,  -0.8,  27.8, -35.7,1016.4,   1.5,   0.7
89097,   2.8,   0.5,   1.2, -49.4,  35.1, 991.3,   1.4,   0.7
89125,   1.3,  -0.9,   0.2, -86.0,   3.4, 946.4,   1.3,   0.8
89149,   4.1,  -1.2,   1.4, -56.7, 116.2,1024.2,   1.5,   0.9
89173,   3.9,   1.7,   0.3,-168.8, 117.9, 972.0,   1.6,   0.9
89197,   1.6,   0.5,   2.8, -76.2,   6.1, 999.6,   1.8,   0.9
89225,   1.6,   0.9,   2.2,-105.5,  36.6, 957.6,   1.8,   0.8
89249,   2.4,   1.3,   1.1,  62.4,  30.2,1033.3,   1.9,   0.5
89273,   3.6,   1.3,   1.7,  -7.1,  64.7, 896.8,   2.0,   0.7
89297,   2.0,  -1.1,   3.9, 138.9, -85.0,1212.2,   2.0,   0.5
89325,   3.9,   0.4,   4.5, -49.9, 208.0, 934.9,   2.4,   0.7
89349,   0.3,   0.5,   5.8, -45.5,  96.2, 948.8,   2.5,   0.8
89377,  -3.9,   4.3,   1.1,  88.8,-307.9,1228.3,   2.1,   0.9
89397,   2.8,   1.9,   0.9, -41.8, 116.4, 969.8,   2.1,   1.0
89425,   2.8,  -0.0,   3.0,  30.7, 155.5,1000.6,   2.5,   1.3
89449,   3.9,  -1.2,   3.4, -33.3,  29.3,1053.8,   2.3,   1.3
89473,   1.1,   1.6,   3.4, -32.0,  74.7,1000.1,   2.4,   1.2
89497,   1.3,   0.8,   4.2,   6.3,  79.8, 941.5,   2.5,   1.1
89525,   1.2,   3.1,   1.4,-147.0, 127.9, 891.2,   2.5,   1.2
89549,   1.7,   2.3,   2.2, -92.1,  31.5, 917.8,   2.4,   1.3
89573,   1.8,   2.1,   4.2, -59.4,  78.8,1154.4,   2.3,   1.5
89597,   6.0,  -0.4,   5.7,  89.3, -19.3,1207.3,   2.6,   1.4
89625,   2.7,   4.4,   2.4,-113.6,  52.9, 898.3,   3.2,   1.1
89649,   2.0,   1.1,   2.4, -10.1, -12.2,1014.0,   3.2,   1.1
89673,   0.9,   0.2,   3.1,  37.8,  -6.9,1122.9,   3.0,   0.8
89697,   2.6,   4.5,   3.3,-111.1, 117.2, 992.0,   3.4,   0.9
89725,   0.3,  -3.1,   4.5,  17.3,  -6.4,1033.3,   3.7,   1.3
89749,  -0.2,  -2.5,   5.9, 141.3,  43.7, 903.4,   3.7,   1.1
89773,   0.8,   0.4,   0.8, -89.2,  70.8, 904.6,   3.3,   0.8
89797,  -1.9,  -0.5,   4.0,  -7.6, -56.4,1197.6,   3.3,   0.8
89825,   1.3,   3.8,   1.0,-198.8, -20.8, 966.9,   3.5,   0.8
89849,  -0.9,  -0.3,   2.3,  34.1,  -0.0, 952.5,   3.4,   0.7
89879,   2.8,   3.4,   1.2, -81.6,  57.6,1043.3,   3.5,   0.9
89899,   1.6,   3.1,   2.2, -57.2,  98.8, 864.3,   3.7,   1.1
89923,  -0.7,  -2.5,   2.3, -36.4,   1.2, 964.4,   3.6,   1.2
89947,  -0.9,   0.9,   1.6,-127.5,  31.2, 926.1,   3.5,   1.3
89975,  -1.2,  -0.9,   3.1,  -0.5,-137.5,1019.8,   3.1,   1.1
89999,  -0.3,   2.2,   0.8,  10.4, 117.4, 849.4,   3.2,   0.8
90023,  -0.2,  -0.8,   1.1, -28.6,  31.0, 906.1,   2.9,   0.9
90051,  -1.1,  -4.6,   2.4,  38.5,  -2.7, 974.2,   3.0,   1.2
90075,  -1.9,  -4.1,   0.2, 110.3,  -4.7,1098.2,   3.0,   0.9
90099,  -2.2,  -2.7,   0.3, -98.7,  11.9, 987.9,   2.9,   1.0
90123,  -2.6,  -1.1,   4.4, -41.1,  44.2, 950.8,   2.7,   1.0
90151,  -2.5,   0.3,  -2.0, 158.4,  36.3, 865.8,   2.4,   0.0
90175,  -5.8,  -2.1,  -6.5, 145.5,-291.3,1498.1,   2.3,   0.2
90199,   1.9,  -0.6,  -0.0, 132.5,  21.0,1173.7,   2.1,   0.6
90223,   2.0,   0.9,  -1.4, -37.7,  70.5, 819.2,   2.6,   0.3
90251,  -1.4,  -0.9,  -1.3,  71.2,  44.2,1017.6,   2.3,   0.3
90275,  -2.3,   2.9,   0.2, -37.9, -23.0,1074.8,   2.0,   0.3
90299,   0.2,   1.6,  -3.7,  79.8, -47.4,1058.9,   2.2,   0.2
90323,  -0.4,  -1.9,  -1.0, 126.4,  21.2,1024.0,   2.3,   0.4
90351,  -1.4,  -0.5,  -1.1,  35.1, -58.6,1191.2,   2.0,   0.5
90379,   0.5,   2.9,  -3.2,  -9.3,  12.4, 963.9,   2.0,   0.5
90399,   0.2,   2.2,  -2.2, -23.7,  31.0, 866.3,   1.9,   0.3
90423,  -0.3,  -1.7,  -2.5, -51.8,  40.7, 848.0,   2.0,   0.8
90451,   0.6,  -0.3,  -3.9,-111.4,   2.4, 866.0,   2.1,   0.8
90475,   1.1,  -2.8,  -3.0,  27.0,  19.3, 921.5,   1.9,   0.9
90499,   1.3,  -1.7,  -2.0, -82.8, 117.2, 851.6,   1.9,   1.3
90523,  -3.5,   1.0,  -4.9, 152.3,  30.7, 975.2,   1.8,   0.3
90551,   6.4,   1.7,  -3.8,-149.0, 352.8, 811.6,   1.8,   1.1
90575,  -0.4,  -2.0,  -4.9, 181.3,  29.3,1004.0,   2.5,   0.9
90599,   2.9,   0.7,  -5.9,   4.1, 221.2,1025.7,   2.0,   0.9
90623,   0.1,   1.2,  -3.9,   9.7, 126.4,1072.8,   2.0,   0.9
90651,   3.0,  -1.9,  -5.6, -14.2, 164.0, 811.8,   2.0,   1.2
90675,   1.7,  -3.1,  -4.0, -20.1, 172.8, 994.0,   2.1,   1.3
90699,   1.5,  -2.4,  -2.7,-180.0,  62.2, 837.2,   1.9,   1.5
90723,  -0.4,  -7.6,  -2.2, 196.5, -72.1,1079.9,   1.9,   1.4
90751,  -0.5,  -1.4,  -1.1,  -3.2,  48.3,1081.4,   2.3,   1.8
90775,  -0.5,  -1.9,  -5.7,-108.9, 101.0, 878.5,   2.6,   1.8
90799,  -0.5,  -7.9,  -3.9,  27.3, 148.9, 994.7,   2.8,   1.8
90823,  -1.7,  -3.0,  -4.0, 134.0, -15.2, 932.0,   2.6,   1.5
90851,   4.4,  -0.8,  -0.7,-270.1, 150.1,1084.5,   2.2,   1.9
90879,   2.7,   3.9,  -3.8,-185.4, 222.1, 779.6,   2.5,   2.2
90899,  -1.3,  -2.7,  -5.6,-161.9,-110.1, 963.7,   2.5,   2.1
90923,  -0.2,  -2.7,  -0.9, 224.6,-106.5,1050.8,   2.7,   1.7
90951,  -2.9,  -1.1,  -3.6,  -5.4,-201.7,1089.2,   2.4,   1.5
90975,  -0.7,  -0.5,  -2.5, -21.5, -44.2,1013.5,   2.5,   1.5
90999,  -1.2,   1.6,  -3.1, -31.1,-159.7, 914.1,   2.7,   1.4
91023,   0.2,  -0.9,  -1.2,   9.7,  70.5,1106.5,   2.7,   1.3
91051,   0.0,   2.7,  -2.7,  64.4, 105.0, 871.9,   2.9,   0.9
91075,   1.4,   0.8,  -2.4, -23.0, 109.8,1086.7,   3.0,   1.0
91099,  -1.2,   2.3,  -0.5, -27.9,   1.2,1105.0,   3.3,   1.1
91123,   0.4,   4.4,   1.1, -94.5,  52.0, 964.4,   3.3,   1.0
91151,  -3.3,  -1.6,   4.2,  41.7, 263.6, 909.0,   3.6,   1.3
91175,  -0.4,   2.3,   2.5, -64.3,-272.5,1406.3,   2.8,   1.3
91199,  -0.0,   3.0,   1.5, -27.6, 103.2,1046.9,   3.8,   1.3
91227,   0.9,   0.8,   2.8,-121.1, 183.8, 863.8,   3.7,   1.6
91251,  -2.4,   3.0,   3.2, -87.9, -58.6, 937.3,   3.4,   1.2
91275,  -2.5,   1.9,   5.0,  71.7,  75.4,1169.7,   3.2,   1.2
91299,  -2.6,   1.5,   2.8,-165.3,-129.4, 898.0,   3.3,   1.4
91327,  -0.6,  -2.2,   1.0, -18.6, -65.0, 980.3,   3.2,   1.4
91351,  -1.1,  -0.0,   2.2, -29.6,  59.1,1016.9,   3.2,   1.3
91379,  -3.3,  -3.8,   5.5,  38.0, -13.7, 974.9,   3.1,   1.1
91399,  -0.3,   0.5,   3.9,-215.1,  67.6, 788.4,   3.3,   1.3
91427,  -1.7,  -0.9,   3.9,  35.3, -86.0,1047.9,   3.4,   1.1
91451,   0.2,  -0.1,   4.0,  -5.7, 269.7,1105.5,   3.6,   1.0
91475,  -3.6,  -1.1,   5.7, -69.9,  86.4, 850.2,   3.7,   1.3
91501,   1.9,  -2.0,   5.7,  89.3, -86.0,1154.4,   3.2,   1.1
91525,   0.5,  -0.5,   5.5, -19.3, -44.0,1027.4,   3.9,   1.2
91549,  -0.3,  -0.1,   4.3, -88.9,  -8.8, 953.2,   4.2,   1.1
91577,   1.5,   4.3,   3.3,-133.4,  89.6,1019.8,   4.2,   0.8
91601,  -2.2,   4.2,   4.5, -68.7, -49.8, 984.0,   4.1,   0.7
91625,  -0.9,   1.6,   3.8,  -3.5, 155.2, 991.8,   4.2,   0.7
91649,   0.9,   0.6,   3.0, -37.2, 157.2, 950.0,   4.2,   0.8
91677,   1.4,  -0.9,   6.1, -32.3,  99.3, 890.9,   3.9,   1.0
91701,   0.8,  -0.2,   4.7,  71.7,  82.2,1025.2,   3.9,   0.5
91725,  -1.3,  -0.5,   3.4,  73.2,-150.4,1093.6,   3.4,   0.1
91749,   0.9,   7.5,   0.8,-192.7, -60.3, 933.4,   3.4,   0.2
91777,   0.9,   2.4,   0.3, -77.4,  94.0,1065.5,   3.6,   0.3
91801,   1.3,  -0.5,  -0.0, -41.6, 101.3, 925.6,   3.7,   0.4
91825,  -1.9,   0.8,  -0.1,  62.9,  69.6,1073.1,   3.4,   0.1
91849,   2.5,   2.8,   0.3, -33.7, 188.4,1363.8,   2.9,   0.2
91877,  -1.1,  -5.5,   3.6, 342.5,  40.3,1197.3,   2.8,  -0.3
91901,   1.1,  -1.3,  -2.3, -36.4, -34.0, 897.0,   2.9,  -0.3
91925,  -1.7,   0.6,  -0.8,  42.4,  12.4, 927.3,   2.9,  -0.4
91949,  -2.1,  -4.4,  -0.8, 187.4,  47.3,1012.3,   2.8,  -0.5
91977,   0.6,   3.4,  -4.2, -23.0, 166.7, 821.8,   2.8,  -0.6
92001,   1.4,  -2.2,  -5.3, 163.0, -61.6,1090.9,   2.6,  -0.6
92025,   0.6,  -1.8,  -4.1, -54.0,  42.9, 924.4,   2.5,  -0.3
92049,   2.1,   1.6,  -4.1,  63.9,  70.5, 971.5,   2.4,  -0.8
92077,  -3.0,   4.2, -11.5,-203.7,-275.2,1236.4,   2.5,  -0.7
92101,   1.6,  -1.7,  -9.4,-120.2, 130.6, 775.2,   3.2,   0.0
92125,  -3.9, -12.5,  -8.5, 341.7, -46.2,1165.4,   3.1,  -0.0
92149,  -1.4,  -2.6,  -8.5,  87.6, -53.3,1046.5,   2.7,  -0.2
92177,  -6.1,   0.8, -12.1, 255.8,-334.3,1486.6,   2.6,  -0.9
92201,   6.7,   0.5, -12.0,-215.6, 369.8, 808.7,   3.2,   0.2
92225,  -0.9,  -1.6, -13.9,  29.7,-147.5, 974.4,   3.7,   0.0
92249,   2.8,  -3.3, -10.8, -66.7, 219.5, 805.0,   3.8,   0.3
92277,  -0.9,  -1.1, -11.3, 104.4, -86.9, 957.6,   3.3,   0.1
92301,   1.9,   0.2,  -9.5, -31.5, 122.0,1146.8,   3.5,   0.4
92325,   1.1,  -0.9,  -7.3, -43.8, 115.4, 988.8,   3.8,   0.6
92349,   0.9,  -2.1,  -8.8,  10.7, 172.6, 948.8,   3.6,   0.7
92377,   2.2,  -0.5,  -8.9,  47.3, 399.4, 999.8,   4.0,   0.7
92401,  -1.4,  -1.7,  -6.3, -73.8,  -3.7,1038.4,   3.9,   1.3
92425,  -1.6,  -5.8,  -7.2, -75.5, -42.8,1025.9,   4.0,   1.7
92453,   0.8,  -2.2,  -5.2, -49.1, 188.7,1129.2,   3.9,   1.6
92477,  -2.1,  -0.2,  -4.8,  59.0,  32.9, 925.8,   3.9,   1.5
92501,  -4.4,   0.9,  -7.2,  67.1, 151.3, 784.7,   4.1,   1.1
92525,   0.8,  -2.9,   2.5,-486.6,-126.3, 985.4,   3.1,   2.0
92553,  -0.5,  -0.5,  -0.6,  75.1, 114.0, 977.1,   3.9,   1.1
92577,   0.9,  -1.5,  -1.4,-266.2,  76.9, 876.3,   4.0,   1.7
92601,  -1.1,   5.0,   0.2, -46.0,-137.5, 965.6,   4.0,   1.2
92625,  -0.3,   2.0,   3.3,-116.3,  71.7, 911.4,   4.0,   1.3
92653,  -2.7,  -0.7,   4.4,  31.9, -45.4,1211.0,   4.0,   1.7
92677,   2.0,   1.7,   5.4,  42.4, 203.8,1053.8,   4.1,   1.6
92701,   0.2,   2.5,   6.6, -58.2, 106.7, 891.2,   4.2,   1.4
92725,  -0.8,  -3.1,  10.3,-137.3, 213.1, 812.3,   4.4,   2.0
92753,   0.7,  -4.1,   8.2, 222.6, 175.3,1004.2,   4.5,   1.4
92777,  -0.2,  -1.1,   8.8,  20.0, 109.8, 932.0,   4.5,   1.6
92801,  -2.1,  -0.6,   9.6, 118.4,  49.8,1023.7,   4.5,   1.4
92825,  -5.6,  -2.6,  11.3,  44.4,  38.1, 964.9,   4.4,   1.4
92853,  -9.2,   2.8,   9.6,-116.3,-630.2,1446.4,   3.5,   1.4
92881,   1.8,   1.4,   8.4,  40.7, 162.3, 925.6,   3.7,   1.4
92901,  -1.6,   0.6,   4.4,  16.8, -98.9, 980.3,   3.8,   1.0
92925,   1.3,  -0.9,   7.9,  77.8,  17.1,1094.3,   3.3,   1.1
92953,  -1.7,   0.4,  10.7,  61.2, -70.6,1043.3,   3.0,   0.8
92977,   0.5,   2.5,   9.6, -46.4, 243.9, 944.6,   3.0,   0.8
93001,  -0.3,   3.6,   7.7, -70.9, -12.2,1046.2,   2.9,   0.9
93025,   0.4,  -0.4,   8.8,  31.0,  89.8, 998.1,   3.0,   0.7
93053,   0.9,  -0.9,   8.6, -28.9, -78.9,1017.4,   2.6,   0.8
93077,   4.3,   6.7,   7.5,  -1.3,  87.9, 860.7,   2.5,   0.4
93101,   3.2,   0.1,   7.5,-144.3, 176.7, 854.8,   2.7,   0.4
93127,   1.3,  -2.6,   8.6,  44.4,  88.8,1066.7,   2.9,   0.5
93151,   1.4,  -2.1,   8.4, -21.3,  68.8, 922.7,   2.9,   0.3
93175,  -0.5,   0.3,  10.5,  12.4,  28.8, 931.0,   2.7,   0.4
93203,  -3.8,   2.8,   7.8, 275.3,  75.4,1081.6,   2.3,  -0.1
93227,   0.4,   6.0,   0.4,-380.7, 263.2, 891.9,   2.0,  -0.2
93251,   2.7,  -0.5,   6.5,  54.6, 306.1,1005.2,   2.6,   0.0
93275,   2.4,  -2.0,  -0.6,  62.0,  92.0, 968.3,   2.4,  -0.5
93303,  -2.5,  -1.9,   1.3, -60.6,-106.2,1075.0,   2.1,  -0.5
93327,   0.7,  -1.3,   0.0,  81.0,  88.1, 823.1,   2.2,  -0.6
93351,   2.8,  -0.4,  -0.5,-122.1,  74.9, 743.0,   2.1,  -0.3
93379,   1.6,  -4.5,  -0.7,  21.7,  81.0, 961.5,   2.2,  -0.4
93403,   1.5,  -7.8,   0.9, 365.2, -15.7,1092.6,   2.1,  -0.7
93427,   2.4,  -3.5,  -3.4, 143.0, 135.2,1114.8,   1.9,  -0.9
93451,  -0.5,  -2.2,  -3.3, -44.2,-130.2,1244.5,   2.2,  -0.7
93475,   1.0,   1.2,  -4.7,  -7.1,  26.6, 946.1,   2.6,  -0.8
93503,   0.3,  -3.8,  -4.9, 133.7,  45.6,1067.2,   2.9,  -0.8
93527,  -2.8,  -2.0,  -1.6, 132.8,  55.9, 933.2,   2.7,  -0.8
93551,   5.6,  -0.9,  -1.4,  28.5,  52.9,1303.3,   2.2,  -0.4
93575,   1.3,  -0.6,  -2.1,  87.3, 148.7, 942.5,   3.7,  -0.1
93603,   3.0,  -1.5,  -5.0,   7.5, 164.5, 901.7,   3.6,  -0.3
93627,  -0.5,  -0.6,  -4.4, 162.8,  41.0,1286.0,   3.2,  -0.8
93651,  -0.2,   3.0,  -5.9,  -9.6,  36.8, 937.6,   3.1,  -0.4
93679,   0.3,   0.5,  -4.5,-117.7, 124.7, 789.4,   3.2,  -0.0
93703,  -1.4,  -4.3,  -4.2,  -1.8, -40.6,1028.9,   3.3,   0.3
93727,   1.5,   0.6,  -5.0,  78.6, 123.7, 838.4,   3.3,   0.0
93751,  -2.9,  -2.9,  -7.6,-100.2,-122.1, 982.2,   3.4,   0.0
93779,  -3.3,   0.4,  -5.1, -86.7,-157.7,1044.7,   3.2,   0.1
93803,   0.1,   1.5,  -2.8,  12.6, -12.2,1017.6,   3.2,   0.1
93827,  -2.6,  -2.0,  -1.7, -52.3,  70.3, 875.3,   3.2,   0.3
93851,  -3.6,  -1.3,  -2.4,  -9.3, -62.0, 895.6,   3.0,   0.2
93879,  -5.7,   0.9,  -6.4, 324.7,-153.6,1348.7,   2.6,  -0.0
93903,   6.3,   2.5,  -4.9,-150.7, 276.8,1015.7,   2.5,   0.9
93927,  -2.2,  -0.6,  -2.6,  12.9, -53.0, 993.2,   3.4,   1.2
93951,   0.6,   2.2,  -4.5, -90.6, 145.5,1092.4,   3.1,   1.0
93979,  -1.5,   2.5,  -4.2,  49.0,  73.5, 990.3,   3.0,   0.9
94003,   0.0,   0.4,  -3.8, -21.8,  98.8, 949.3,   2.9,   1.1
94027,   0.0,   1.4,  -3.7, -80.6, 213.1, 972.5,   2.9,   1.2
94051,  -3.0,  -0.8,  -2.3,  -3.0,-213.9,1094.1,   2.6,   1.2
94079,   1.3,   3.3,  -3.9,-199.8,  -7.8, 861.6,   2.2,   1.3
94103,   3.5,   0.7,  -1.7, -81.4, 240.4,1219.1,   2.3,   1.1
94127,   0.2,  -1.7,  -2.0, -48.6, 167.9, 873.8,   2.7,   1.6
94151,   1.2,  -2.7,  -1.8,  23.9,  85.4, 988.3,   2.5,   1.4
94179,  -3.9,  -0.3,  -4.2, -25.0,  -4.9, 952.0,   2.5,   1.1
94203,  -5.6,   1.2,  -2.8, -34.7, 106.4, 842.4,   2.5,   0.8
94227,   5.7,   7.2,   2.2,-109.2, 370.3, 999.6,   1.6,   0.9
94251,   0.1,  -1.9,  -4.4, -36.4,  47.1, 923.2,   3.0,   0.9
94279,  -0.3,  -7.4,  -0.6, 102.0, 110.3, 935.1,   2.8,   1.1
94303,   1.3,  -1.4,  -2.6, -43.8,  88.3, 860.2,   2.7,   0.8
94327,   4.7,   3.1,  -0.8, -60.6, 151.8, 900.9,   2.5,   0.9
94351,  -0.2,  -5.3,   1.0, 151.3,   1.2,1042.8,   2.7,   1.1
94379,  -1.2,  -3.7,  -2.3, -39.9, 126.9, 793.3,   2.8,   1.0
94403,  -0.0,  -6.9,  -1.1, 162.1,-138.7,1101.1,   2.5,   1.2
94427,   3.2,  -0.3,  -0.7, 103.0, 103.2,1211.5,   2.2,   0.7
94451,   5.6,   5.6,  -4.8,  29.7, -78.4, 932.9,   2.1,   0.2
94479,   3.4,  -0.2,  -1.2,-218.6, 147.7, 924.4,   3.0,   0.8
94503,  -0.9,   0.5,  -4.5,-160.7,  91.0, 889.0,   3.7,   1.0
94527,   0.0,  -3.3,   1.2,  36.3,-168.5,1269.8,   3.0,   1.1
94551,   0.9,  -3.2,   0.2, 216.5, 160.4, 924.9,   3.6,   0.9
94579,   1.9,  -1.8,  -3.8, -92.6,-105.0,1042.5,   3.7,   1.2
94603,  -1.8,   1.6,  -0.1,  94.7, -14.2,1098.5,   3.8,   0.8
94627,   0.1,  -2.0,   0.6,  79.0,  93.5,1179.5,   3.7,   0.8
94651,  -0.8,  -0.5,   1.9,  66.4, 232.9, 865.8,   3.9,   1.0
94679,   0.1,  -1.1,  -1.4,  95.9,  40.0, 938.5,   3.8,   0.8
94703,  -0.1,   0.5,   2.7,  -0.8,  61.0, 881.2,   3.8,   0.9
94727,  -0.3,   1.3,   1.1,   0.2,  61.2, 938.1,   3.6,   0.8
94753,   3.2,  -0.2,   0.2,  62.0,  -2.7, 940.3,   3.1,   0.6
94777,  -1.3,   1.2,  -0.3,  -9.6,  17.3, 976.4,   3.4,   0.8
94805,   2.6,   1.6,   1.3, -90.1, 183.6, 955.9,   3.3,   0.9
94829,   0.5,  -0.6,   1.6, 104.2,  96.9, 985.9,   3.4,   0.7
94853,  -5.9,  -0.9,  -0.3,  15.8,  90.3, 860.7,   3.7,   0.9
94881,   9.1,   3.1,   9.0, -91.1, 499.5, 598.5,   4.7,   1.1
94905,  -2.7,  -2.3,   3.1,  45.4,  24.4,1000.1,   5.8,   0.9
94929,   0.2,  -5.8,   8.7, 129.8, 101.0,1136.8,   5.0,   1.4
94953,  -0.5,   2.7,   3.3, -56.5, -25.4, 759.1,   4.9,   0.8
94977,  -0.0,  -1.7,   8.8,  65.6,  51.7, 902.9,   4.6,   1.0
95005,  -0.8,  -1.1,   7.4,  17.3, 120.1, 981.0,   4.7,   1.1
95029,  -1.5,  -2.2,   4.7, -57.4, -97.2,1046.7,   4.7,   1.2
95053,   0.9,  -1.7,   5.1,  85.1,  21.7,1148.3,   4.5,   1.0
95077,   2.2,   1.2,   4.9,  88.3,   6.3, 998.1,   4.2,   0.6
95105,   3.5,   3.8,   4.2, 170.4,  46.6, 863.6,   3.8,   0.0
95129,   1.8,  -0.2,   3.2,  86.9, 331.0,1043.5,   4.2,   0.3
95153,  -1.5,  -2.2,   3.8, 120.5,  10.0,1170.7,   4.5,   0.5
95177,  -1.9,  -3.1,   7.1,  17.0,  60.5,1043.5,   4.6,   1.0
95205,  -4.3,  -0.7,   8.6, 430.1, -73.5,1098.2,   4.2,   0.3
95229,  -1.6,  -2.5,   3.0,  27.8,  40.5,1144.8,   3.8,   0.8
95253,  -3.5,   2.7,   7.5,  38.0,   4.6, 912.9,   4.4,   1.1
95277,   0.7,  -1.2,   2.0, -90.4,   3.9, 949.5,   4.0,   0.9
95305,  -3.1,   2.8,   5.3, -33.0,-122.1,1206.9,   3.9,   0.8
95329,  -1.7,   4.4,   3.5,-120.4, -44.2, 934.4,   3.8,   0.9
95353,   2.0,   1.4,   4.1, -86.5, -53.7,1116.8,   3.7,   1.0
95381,   0.3,   1.6,   3.8,  66.6, -15.9,1049.6,   3.6,   1.0
95405,  -1.8,   2.0,   2.1,  37.1,-186.1,1154.4,   3.1,   0.3
95429,   0.4,   2.7,   1.5, -41.1,  52.2,1183.7,   3.2,   0.6
95453,  -1.5,   4.1,   1.4, -51.1,   2.7,1071.1,   3.2,   0.3
95477,  -0.4,   0.2,   2.1, -80.1, 126.2,1034.0,   3.2,   0.5
95505,   0.5,  -2.2,   2.5, 193.8,  51.7, 833.8,   3.1,   0.1
95529,  -3.2,   2.4,  -5.0,  29.5, 140.4, 952.9,   3.2,  -0.8
95553,   3.6,  -9.6,   1.5,  78.1, 187.0, 703.9,   3.0,   0.2
95577,   0.5,   0.3,  -3.4, 143.0,  -3.9,1000.1,   3.4,  -0.9
95605,   0.8,   0.8,  -2.2,-127.7, 142.1, 711.2,   3.3,  -0.5
95629,  -2.0,  -2.1,  -2.1, -27.6, 130.6, 973.2,   3.5,  -0.6
95653,  -0.3,   0.7,  -4.4, -10.8, 113.0,1024.7,   3.5,  -0.7
95677,  -0.4,  -4.9,  -3.5,  53.2,  77.6,1101.4,   3.4,  -0.3
95705,  -0.9,  -5.5,  -2.7,  35.1,  -0.0,1028.4,   3.1,  -0.1
95729,   1.9,  -3.3,  -1.5, -33.0, 195.3, 845.8,   3.0,  -0.0
95753,  -2.0,  -8.3,  -0.5,  63.7,-155.1,1127.3,   3.0,   0.3
95777,   1.6,  -0.2,  -3.7,  47.1, -65.5,1150.7,   2.7,   0.3
95805,  -0.9,  -4.2,  -3.3, -25.9,  72.5, 857.2,   2.9,   0.3
95829,   0.4,  -5.3,  -1.9,  64.9, 135.7, 999.8,   2.4,   0.4
95853,  -6.9,  -5.0,  -0.1, 374.2, -62.5,1108.0,   2.5,  -0.1
95881,  -2.6,   5.2,  -9.8,-410.5,  -3.2,1173.2,   2.4,   0.4
95905,   2.0,   0.6,  -4.8, -40.3, 172.1, 912.7,   3.3,   0.7
95929,   0.9,  -3.6,  -4.8, 167.2,  92.3,1104.3,   3.0,  -0.0
95953,   0.3,   0.3,  -4.4,  28.5, 171.8, 959.1,   3.3,   0.2
95977,  -1.1,  -3.3,  -4.4, 198.7, -75.2,1186.6,   2.8,   0.4
96005,   0.3,  -1.1,  -4.2,-101.9, 180.9, 754.7,   3.2,   0.8
96029,  -2.0,  -5.8,  -2.2, 138.6, -58.1,1057.4,   2.9,   0.7
96053,   0.3,  -3.4,  -3.3, 194.5, -75.0,1117.7,   2.5,   0.5
96081,  -0.8,  -2.3,  -2.6,  20.9,  54.4,1115.3,   2.7,   0.4
96105,   0.3,   3.0,  -2.7,   0.7,-145.0,1203.9,   2.6,   0.3
96129,   1.1,   5.0,  -1.6, -50.6, 129.1, 930.5,   3.1,   0.3
96153,  -1.5,   2.2,  -4.5, 345.4,  10.5,1125.1,   2.9,   0.1
96181,   6.9,  -0.2,  -5.6, -92.8, 181.1,1072.6,   2.8,   0.6
96205,   1.6,  -0.1,  -2.7,-115.5, 147.9, 640.0,   4.0,   1.1
96229,   1.6,  -1.5,  -0.9, -12.5, 231.9, 948.3,   3.6,   0.8
96253,  -0.2,   0.2,  -5.0, 118.8,  61.7, 961.7,   3.6,   0.5
96281,  -0.3,   5.6,  -5.1,-204.9, -60.8, 948.1,   3.3,   0.8
96305,  -0.5,  -0.2,  -2.5,-110.4, 206.8, 967.1,   3.8,   0.9
96329,   0.2,  -5.0,  -1.9, -37.9,   1.9, 907.8,   3.8,   1.2
96353,   0.2,   1.9,  -3.1, -26.2, -21.8, 952.5,   3.5,   0.7
96383,   4.0,   6.9,  -4.5,-150.0, 150.8, 864.3,   3.7,   1.1
96403,  -0.5,   2.1,  -5.8, -74.5,-123.3,1050.6,   3.6,   1.2
96431,   1.6,   3.7,  -4.1, -68.4, 113.3,1051.6,   3.6,   1.2
96455,   0.3,  -3.0,  -1.2,  85.9,  73.5,1006.2,   3.9,   1.5
96479,  -6.1,  -4.7,  -2.3,  64.6,-771.0,1437.3,   3.4,   1.6
96503,   9.6,  -0.6,   5.3, -52.1, 366.9, 720.5,   3.9,   2.3
96531,   0.7,  -6.3,  -2.0, 199.4, -43.2,1057.7,   4.3,   1.5
96555,  -2.7,  -5.3,   1.2, 107.4,-153.8,1137.8,   3.8,   1.9
96579,   3.1,   4.6,  -3.4, -56.5, 133.0, 968.3,   3.7,   1.4
96603,  -0.0,   4.1,  -2.0,-119.4, 237.5, 884.8,   3.6,   1.2
96631,  -1.4,   0.3,  -2.2, -93.3, 126.2, 987.4,   4.0,   1.8
96655,  -2.0,  -1.1,   0.1, -10.6,-159.5, 914.1,   3.6,   1.6
96679,   3.0,  -0.6,   0.0,  27.5,   2.9,1295.7,   3.2,   1.3
96703,   1.4,   3.8,  -0.2,-392.4, 210.2, 652.7,   3.7,   2.3
96731,  -2.3,  -6.1,   0.5, -15.4,-166.0,1013.5,   3.7,   2.0
96755,   2.1,  -6.5,   0.9, 105.9,  -2.0,1114.3,   3.7,   1.9
96779,  -0.5,  -0.0,  -0.8, 210.4, 172.1, 944.9,   4.0,   1.1
96803,  -2.2,   1.4,   0.9,-166.6, 113.3,1026.2,   3.5,   1.3
96831,   2.0,   5.7,   4.1, 205.0, 132.1,1131.4,   3.6,   0.8
96855,   4.7,   4.9,  -0.5,-101.4, 274.6, 906.8,   3.9,   0.6
96883,   0.5,  -2.9,   3.3, 188.7,  46.4,1109.4,   3.9,   0.3
96903,   2.6,  -2.7,   1.7,  61.7,  69.6, 919.3,   3.9,   0.3
96931,  -0.7,  -1.9,   2.5, 102.0, -47.1,1047.4,   3.9,   0.3
96955,   0.4,  -3.3,   3.3, 140.8, -44.2,1053.3,   3.8,   0.7
96979,   2.5,   0.4,   4.1,  45.6, 172.3, 931.0,   3.5,   0.7
97003,  -3.2,  -1.8,   3.5,  -1.8, -30.8,1093.8,   4.0,   1.1
97031,  -0.4,   1.1,   3.6, -50.8, 178.7, 936.1,   4.1,   1.0
97055,  -3.1,   0.3,   3.3,-146.1, 141.6, 791.8,   4.0,   1.1
97079,  -2.0,  -0.5,   5.2,  55.9, 103.2,1000.6,   3.7,   0.9
97103,  -2.8,   3.3,   1.9,  78.1, 148.2,1011.1,   3.7,   0.3
97131,  -1.1,  -6.8,  -0.2,  18.3,-139.7,1442.7,   3.4,   1.1
97155,  -0.1,   1.9,   4.4, -22.3, 161.8,1117.0,   4.2,   1.3
97179,  -1.5,  -1.6,   5.2,  21.2,  31.7,1071.6,   3.9,   0.9
97207,  -2.0,   7.5,   5.8,-218.8,-107.7, 899.0,   3.6,   1.0
97231,  -0.1,   2.6,   5.8,   4.8,  24.6, 945.4,   3.8,   1.0
97255,  -5.1,   0.4,   6.9,-188.0,-165.3, 970.5,   3.8,   1.1
97279,  -2.6,  -4.3,   9.5, 118.8,  95.7,1137.5,   3.8,   0.9
97307,  -0.7,  -1.2,   8.2,  81.0,  14.9,1037.7,   3.5,   0.7
97331,  -2.5,  -1.0,  10.1,  90.3, 111.3,1020.3,   3.8,   0.9
97355,   0.3,   0.6,   7.6, 145.9,  78.3,1129.7,   3.9,   0.8
97383,  -0.1,   1.4,   8.9,  21.7, 167.9,1025.9,   4.0,   0.8
97407,  -1.7,  -0.3,  11.4,  47.8, 130.3, 885.8,   4.1,   0.9
97431,  -4.7,   0.6,  13.6, 377.6,  21.9, 889.5,   3.7,   0.3
97455,  -2.4,  -2.9,   7.3,-114.3,-258.6,1484.9,   3.3,   0.4
97479,   0.9,   1.7,  10.8, 103.9, 117.2,1007.4,   4.6,   0.5
97507,  -0.6,   0.4,   7.6,   0.4, -90.6,1006.4,   4.1,  -0.1
97531,  -2.0,   4.5,   6.7,  27.8, -70.3,1074.5,   4.0,  -0.3
97555,  -1.7,   6.9,   5.0, 121.5, 139.4,1070.9,   4.1,  -0.5
97579,  -2.3,  -2.5,   7.8, -16.7, 189.7, 964.9,   4.3,   0.3
97607,  -1.6,   0.6,   7.6, -89.4,  27.6,1062.1,   3.9,   0.7
97631,  -0.9,   1.7,   7.5,  -9.3,  37.3,1047.7,   3.7,   0.6
97655,  -1.7,  -0.5,   5.4,  67.6,-171.2,1007.6,   3.3,   0.0
97679,   0.3,   7.0,  -0.9, -89.9, 277.1,1057.7,   3.3,  -0.3
97707,  -1.9,   1.4,   1.8,  48.5,  61.5,1052.3,   3.5,  -0.2
97731,  -1.7,   4.9,   5.1,  68.3,  75.9, 908.5,   3.2,  -0.5
97755,  -1.1,  -1.7,  -3.2,  73.7,  37.1, 878.5,   3.4,  -0.5
97779,   5.8,   5.9,  -0.6,-316.2, 397.9,1172.7,   2.8,  -0.3
97807,   4.9,  -1.6,  -0.8, 203.8, 155.2, 998.8,   3.9,  -0.7
97831,   0.3,  -3.0,  -3.3, -19.3,  26.6, 983.0,   3.9,  -0.8
97855,  -0.3,   1.8,  -3.6,  -2.7, 123.0, 974.2,   3.9,  -0.8
97883,  -3.6,   1.7,  -6.1, -79.4, -11.3,1076.5,   3.7,  -0.7
97907,  -1.7,   0.5,  -5.6,-114.1, -24.0,1083.1,   3.7,  -0.5
97931,  -0.5,  -0.7,  -4.7,  -2.5,   2.9, 885.1,   3.7,  -0.3
97955,  -1.2,  -5.6,  -2.8,  93.9,  -3.2,1034.0,   3.5,  -0.1
97979,  -1.2,  -2.5,  -4.4, 109.3,  -1.3,1079.2,   3.5,  -0.4
98005,   0.9,   0.9,  -4.1,  92.7, -67.9,1116.5,   3.2,  -0.6
98029,   0.8,   4.3,  -5.2, -99.2, 113.0, 969.8,   3.2,  -0.6
98057,  -0.5,  -0.0,  -1.3,  -0.8,  14.1, 907.1,   3.1,  -0.2
98081,  -1.6,  -3.1,  -0.8, -60.1,  87.9,1057.7,   3.0,   0.0
98105,  -1.6,  -5.9,   2.7, 256.5,-119.9,1005.2,   2.8,   0.2
98129,  -1.6,  -0.8,  -4.9, 109.8, -11.5,1005.0,   2.7,  -0.5
98157,  -1.6,  -2.4,  -2.3, -31.8,  88.3,1060.1,   2.6,  -0.3
98181,   0.3,  -2.7,  -3.6, 253.9, 117.6,1122.1,   2.9,  -0.3
98205,   0.5,   0.6,  -3.4,-131.4, -24.0, 920.2,   2.8,  -0.0
98229,   1.6,   2.0,  -3.7,  63.2, 159.4, 941.2,   3.0,  -0.1
98257,  -1.2,  -1.6,  -2.5, 165.0,-112.1,1127.8,   2.7,  -0.1
98281,  -0.6,  -2.7,  -1.0,  30.0, 196.5, 928.5,   2.8,   0.3
98305,  -0.7,  -4.5,  -1.1, 169.6, -91.8,1271.8,   2.4,   0.1
98329,  -1.3,  -3.6,   0.9, 149.6,  72.5, 944.4,   2.7,   0.3
98357,   0.3,  -2.3,  -4.1, 172.6,  25.8,1099.7,   2.3,  -0.1
98385,   0.6,   3.5,  -1.1,  87.6,  84.7, 754.2,   2.4,  -0.1
98405,  -1.1,  -0.1,  -2.6,  -5.4,  34.9,1108.5,   2.6,   0.2
98433,  -0.5,  -1.1,   2.2,  23.4,  56.1, 980.0,   2.7,   0.4
98457,  -1.2,   0.4,   0.7,-125.1, 253.9, 865.5,   3.2,   1.1
98481,  -2.3,  -3.6,   3.1, 355.2,  13.2,1061.8,   3.0,   0.7
98505,  -0.8,   6.9,  -5.9,-198.3, 321.5,1235.9,   2.5,   0.2
98533,  -0.2,  -1.7,   0.2, 221.4, 229.2,1137.8,   3.3,   0.8
98557,  -0.6,  -1.9,  -0.9,  37.3, -32.0, 991.8,   3.2,   0.5
98581,  -0.8,   1.9,  -2.4,-123.1,-101.3,1030.3,   3.1,   0.8
98605,   2.0,   0.1,  -0.3, -51.6, 209.2, 986.9,   3.2,   0.6
98633,  -0.4,   2.0,  -2.3,-110.7, -74.5,1150.0,   3.1,   0.6
98657,  -0.0,   0.5,  -0.3, -33.0, -93.3,1014.0,   3.2,   0.8
98681,   1.1,   3.3,  -3.0,  25.1, 117.6,1080.6,   3.3,   0.4
98705,  -0.6,   0.9,   1.3, 123.2, -73.5,1082.3,   2.9,   0.4
98733,  -0.3,   2.9,  -1.6, -46.7,  61.5, 835.5,   3.2,   0.5
98757,   4.1,   1.2,  -3.4, -38.6, 160.9, 882.1,   3.1,   0.7
98781,   1.4,   0.0,   0.5,  27.5, 116.2, 970.5,   3.2,   0.7
98805,  -0.2,  -3.2,   2.8, -87.9, 133.5, 843.8,   3.2,   1.1
98833,  -3.0,   2.1,  -3.3, 133.7,  13.9, 903.9,   2.8,   0.1
98857,  -3.2,  -4.5,   0.7, -48.2, -69.6,1034.5,   2.5,   0.7
98885,   2.2,   2.3,   2.3,  34.4, 153.0, 866.8,   2.7,   0.8
98905,  -0.8,  -0.1,   1.1, -96.2,  37.8,1016.7,   2.6,   0.6
98933,   0.4,   3.0,   1.3,  -3.5,  80.5, 996.2,   2.5,   0.5
98957,  -1.0,   0.5,   0.2,-105.3,  32.7, 937.6,   2.5,   0.6
98981,  -3.9,  -4.5,   1.8,   1.4,-234.2,1069.9,   2.3,   0.9
99005,   1.4,  -1.7,  -0.3,  -6.9, -81.1, 932.7,   2.1,   0.9
99033,   1.3,  -1.1,   1.6,   6.5,  27.6,1063.3,   2.0,   0.9
99057,   1.4,   1.4,  -0.6,  40.2, 252.4,1128.2,   2.2,   0.5
99081,  -3.6,  -1.6,   0.2,-155.6,  88.6,1013.7,   2.7,   1.0
99105,  -1.7,   3.3,  -0.5, -89.2,-326.0,1162.2,   2.5,   0.6
99133,  -1.6,  -0.4,   4.6,-152.9,   0.5, 919.7,   2.7,   1.0
99157,  -3.0,   1.2,   7.4, 267.5,  -6.6, 898.5,   2.3,   0.2
99181,  -3.6,  -4.6,  -0.0, 154.2, 141.1, 882.6,   2.7,  -0.2
99205,   4.2,  -4.5,   5.0, -88.4, -39.6,1119.9,   2.0,   0.7
99233,  -0.6,  -5.3,   4.2, 120.3,  70.5, 935.6,   3.0,   0.0
99257,  -1.4,  -7.5,   5.5,   1.4,-137.0,1022.8,   2.4,   0.3
99281,  -0.6,   2.9,   5.2, 165.2, -66.7,1091.1,   2.3,  -0.1
99305,  -0.0,   0.6,   2.7,  23.9, -98.9, 976.1,   2.3,  -0.3
99333,   0.9,   2.5,   3.1, -82.3, -52.0,1120.7,   2.2,   0.1
99357,   1.7,  -0.9,   3.1, -21.3,   0.5,1258.9,   2.1,   0.3
99385,   2.3,  -1.9,   6.4, -61.1, 112.8, 911.0,   2.2,   0.3
99405,   1.4,   1.5,   3.0,  20.2, -47.4,1052.3,   1.9,  -0.2
99433,   6.0,   7.2,   4.1,  20.0,  16.6,1149.0,   1.4,  -0.6
99457,   4.1,   1.9,   1.4,-212.5, 304.4, 567.7,   2.2,  -0.3
99481,  -0.8,  -4.1,   3.0,   3.4, 254.9, 900.9,   2.9,   0.1
99505,   3.9,   1.4,   3.8,-154.6, -51.5,1494.2,   2.3,   0.4
99533,   3.3,   1.4,   7.1, -89.4, 333.5, 817.2,   3.2,   0.5
99557,  -5.3,  -3.0,   4.5, 109.8,-337.4,1371.2,   2.8,  -0.1
99581,  -1.6,   3.2,   4.5,  69.3, 157.0, 788.6,   2.8,  -0.0
99609,  -0.0,  -3.4,   2.9, 128.4,  -8.3,1054.5,   3.1,   0.1
99631,   0.3,  -4.9,   4.2,  10.4,   9.2, 926.6,   2.9,   0.5
99659,  -0.0,  -0.3,   4.7,  57.1,  56.9, 779.4,   3.0,   0.3
99683,   3.4,  -2.2,   2.1, 194.8, -46.4,1089.7,   2.6,  -0.3
99707,   1.7,   3.9,   3.9,-231.7, 308.8,1115.1,   2.9,   0.1
99731,  -1.6,   0.5,   4.6,-150.9,  15.1, 847.7,   3.2,   0.6
99759,   0.6,  -1.7,   7.3, 339.8,   6.3,1014.5,   3.0,   0.0
99783,  -3.9,  -6.1,  -0.2, 255.3, -36.9, 984.4,   3.1,  -0.5
99807,  10.3,   5.1,   2.2,-194.1,-350.6,1668.8,   2.2,  -0.2
99831,   6.2,   6.5,   5.6,  96.1, 503.4, 789.9,   4.0,  -0.4
99859,   3.4,   0.9,  -1.4,-172.7, 120.1, 985.9,   3.7,  -0.5
99887,  -2.1,   0.9,  -1.0,  -2.7,-193.9, 881.9,   3.3,  -0.5
99907,  -1.8,  -8.4,   3.9, 155.0,  44.2,1143.1,   3.4,  -0.1
99931,  -0.7,  -1.7,   1.3, 117.9,  70.8,1202.7,   3.3,   0.0
99959,   3.8,   2.1,   0.3, -64.8, 198.2,1069.4,   3.2,   0.4
99983,   2.2,   1.2,  -0.1, -60.6, 193.8, 658.3,   3.4,   0.3
100007,   0.2,   1.9,  -3.1,  54.1, -60.8, 977.1,   3.2,  -0.5
100031,  -3.6,  -1.2,  -0.4,  67.1, -27.1,1176.8,   3.5,  -0.1
100059,   4.1,   4.0,  -8.4,-212.9, 324.4, 757.1,   3.9,  -0.6
100083,  -3.2,   5.8,  -9.5,-165.8, 227.0, 841.1,   4.4,  -1.0
100107, -18.2,  11.7, -14.2,  55.4,-1717.6,1742.0,   3.8,  -1.8
100131,   3.8,   5.3,  -5.6, 356.9, 471.2, 895.3,   4.8,  -0.9
100159,  -0.3,  -0.5, -10.5, -31.8,-106.7,1088.4,   5.4,  -0.4
100183,   1.4,  -4.9,  -8.4, 107.6, 105.7, 854.1,   5.9,   0.0
100207,  -1.3,  -6.1,  -8.1,  95.4,  -4.7, 978.1,   5.4,   0.0
100231,   0.5,  -0.7, -11.4, 103.0,-110.4,1319.6,   5.4,  -0.3
100259,   2.7,  -1.6, -12.0,  22.6, 137.2, 939.3,   5.4,  -0.1
100283,   0.0,   6.9, -12.5,-301.3,  92.3,1059.4,   5.6,  -0.1
100307,  -0.9,   1.1, -11.4,-190.0, 143.0, 923.2,   5.7,   0.4
100331,  -3.4,   2.4,  -8.1,-351.1,  90.3, 582.8,   5.9,   1.3
100359,  -4.4,  -2.0, -13.2, 230.4,-718.0,1731.8,   4.8,   0.2
100387,  -2.0,  -6.3,  -2.3,  96.1, 102.5, 904.4,   4.8,  -0.0
100407,  -4.5,  -1.6,  -5.0, 149.4,  81.5, 863.1,   5.1,  -0.9
100431,  -1.9,  -0.9, -13.9, -92.1,   7.3,1061.6,   4.4,  -0.5
100459,   4.1,   0.8,  -7.5,  45.1, 380.3, 956.9,   4.5,  -0.5
100483,   1.3,   2.8, -10.3, -95.8, 285.1, 948.1,   4.6,  -0.4
100507,  -2.9,  -2.7,  -8.9,   0.9,-194.4,1236.6,   4.2,  -0.1
100531,  -0.3,  -1.1,  -7.1,  83.2,  10.0, 952.7,   4.0,  -0.1
100559,   3.0,   4.6,  -8.8,-153.1, 100.1, 705.1,   3.8,  -0.0
100583,   1.2,  -1.4,  -5.8, -71.8, 153.8, 949.0,   4.2,   0.6
100607,  -0.1,  -0.3,  -6.6, -47.7, -32.7, 902.2,   4.5,   0.7
100631,  -0.6,  -3.0,  -3.1,-105.3, 117.6,1020.8,   4.6,   1.0
100659,  -4.1,   5.9,  -7.0, 155.5, 362.3, 799.1,   4.8,   0.1
100683,   1.9,  -1.3,  -2.5,-212.5, -98.2,1180.5,   4.6,   0.9
100707,  -0.8,   2.4,   1.6,   2.1, 313.0, 921.2,   5.9,   0.8
100731,  -1.1,  -2.0,  -0.8,-155.1, 205.0, 974.4,   5.8,   0.8
100759,  -0.0,   5.2,  -1.6,-146.1,  12.9, 959.3,   5.5,   0.8
100783,   0.9,  -1.1,  -3.4, 151.8, 130.1,1003.2,   5.5,   0.6
100807,  -1.7,  -1.8,  -0.6, -51.3, 169.4, 971.7,   5.5,   0.8
100835,  -2.7,  -2.8,  -0.0,   2.6,-149.4,1049.6,   5.2,   0.9
100859,  -1.5,  -2.9,   1.6, 107.1, 148.4,1065.0,   4.9,   0.8
100887,  -1.4,   7.5,  -2.8,-200.7,-141.4,1052.8,   4.7,   1.2
100907,   0.6,   1.5,   0.9, -12.0,  21.5, 983.2,   4.8,   1.4
100935,   1.6,   3.4,  -1.4, -28.1,  10.0, 973.0,   4.6,   1.3
100959,   0.2,  -0.6,  -0.6,  87.8,  23.4,1002.3,   4.6,   1.2
100983,  -2.7,   1.9,   0.4,-121.4, 126.4, 774.0,   4.7,   1.6
101007,  -4.5,  10.0,   1.4, -21.1,  86.6, 908.8,   3.7,   1.0
101035,   1.9,  -1.6,   2.4,   1.4, 200.9,1025.5,   4.5,   1.5
101059,   1.1,   1.6,   1.6,-128.7,  31.2, 963.2,   4.6,   1.8
101083,  -0.3,  -0.0,   3.6,  23.6,  13.4,1141.7,   4.5,   1.5
101107,  -0.0,  -0.3,   3.3, -35.9, -37.6,1087.7,   4.5,   1.6
101135,  -3.0,   0.4,   4.4,  51.0, -75.0,1129.7,   4.4,   1.3
101159,  -2.1,  -1.5,   4.3, 172.6, -63.5,1218.6,   4.5,   1.3
101183,  -1.1,  -0.4,   4.4, -19.1,   3.1, 874.1,   4.5,   1.6
101207,   1.3,  -4.7,   5.8, 144.2, 109.3, 942.0,   4.3,   1.4
101233,   1.8,   0.6,   5.3,  25.3, -42.3,1011.5,   4.0,   1.3
101257,   0.4,   1.3,   5.9, -63.8,  75.2, 997.6,   4.3,   1.4
101285,  -0.1,  -0.8,   4.2,  20.7,  25.8,1082.8,   4.2,   1.1
101309,   0.2,   2.1,   6.8,-170.0, 159.4, 884.1,   4.2,   1.3
101333,  -3.5,  -3.4,   9.7,  12.6, -40.1, 977.1,   4.0,   1.4
101357,  -1.7,   2.6,   1.3,  18.3,  77.9, 862.1,   3.7,   0.5
101385,   3.8,  -0.0,   8.5, -50.8, 210.2,1004.2,   3.9,   0.5
101409,   2.3,   1.8,   9.7,  69.0, 132.5, 985.2,   4.4,   0.1
101433,   5.6,   2.3,   3.1,-167.0, 136.4, 823.1,   4.1,   0.4
101457,  -2.7,   3.0,  10.7,  39.5, -99.6,1145.8,   3.7,   0.0
101485,   3.2,   6.9,   7.4, -96.2, 142.8,1006.7,   3.8,  -0.1
101509,  -0.9,   0.2,   9.9,  44.1, -55.2,1109.9,   3.7,   0.2
101533,   3.9,   4.6,   8.3, -91.4, 181.6,1010.1,   3.7,   0.5
101557,   0.0,   1.8,   8.6,  64.4,  46.8,1027.9,   3.6,   0.3
101585,   0.7,   1.7,   5.6,  40.7,   0.9, 994.9,   3.4,   0.1
101609,   1.3,   2.5,   6.5, -45.2,  48.3,1053.3,   3.6,  -0.0
101633,   3.4,   0.4,   4.3,   2.9,  82.5,1013.0,   3.8,   0.2
101657,   0.9,  -0.6,   8.3, -54.3, 139.4,1030.8,   4.0,   0.4
101685,   1.9,   2.7,   8.0,  27.3, 163.1,1011.8,   3.9,   0.0
101709,   1.0,   0.1,   5.2,  31.0, 143.8, 850.9,   4.1,  -0.3
101733,  -2.9,   0.5,   5.2,  66.1,  80.0, 923.7,   3.9,  -0.6
101757,   0.6,   6.6,   0.9,-336.0, -21.3, 793.0,   3.3,  -0.5
101785,   0.4,   1.9,   4.4,   0.4, 194.3, 910.2,   3.9,  -0.4
101809,   1.4,  -1.7,   0.8,  51.9, -19.3, 992.0,   3.7,  -0.6
101833,  -0.6,  -3.0,   3.3, 100.8, 106.2, 985.9,   3.9,  -0.5
101857,   0.5,   2.1,   2.4,-107.5, -15.9, 920.5,   3.4,  -0.5
101885,   1.1,  -1.9,   0.7, -23.7,  48.8, 930.7,   3.4,  -0.5
101909,  -0.3,  -4.8,   2.8,  59.3,  38.5, 987.6,   3.5,  -0.3
101933,   1.3,  -1.9,  -0.9, -15.7,  13.6, 984.9,   3.3,  -0.3
101957,   0.1,  -2.1,  -1.4,  68.5, -68.9, 950.0,   3.2,  -0.8
101985,  -1.6,  -0.0,  -0.1, -57.7, -82.3, 991.0,   2.8,  -1.0
102009,   1.3,   1.0,  -3.6,  57.8,  11.4, 927.6,   2.6,  -1.2
102033,  -1.6,  -4.1,  -3.3,  35.8, -24.9,1191.2,   2.7,  -0.9
102061,  -2.7,  -6.9,  -1.2, 302.2, -29.3,1181.0,   2.8,  -1.1
102085,   0.8,  -2.9,  -6.2, -23.7, 264.1, 876.3,   3.3,  -0.8
102109,  -2.6,  -2.8,  -7.7,  96.6,  66.4, 906.8,   3.0,  -1.1
102133,   3.0,   2.8,  -9.0,-148.5, 123.0, 875.1,   2.8,  -0.8
102161,  -1.2,   0.2,  -6.5,  32.9, 124.7, 919.5,   3.4,  -0.6
102185,  -3.8,  -6.3,  -7.7,  90.0,  17.8, 998.4,   3.3,  -0.3
102209,  -5.2,  -5.9,  -7.5, 222.6,  42.9,1191.7,   3.3,  -0.3
102233,  -1.2,  -3.8,  -6.8, 131.5, -21.5,1033.5,   3.0,  -0.2
102261,  -0.5,  -2.5,  -8.6, -34.7, 186.0, 982.2,   3.0,   0.2
102285,   0.4,   0.1, -10.0, -23.7,  52.9, 836.7,   2.9,   0.3
102309,  -0.9,  -3.8,  -9.1, 105.2, 132.5,1088.7,   3.1,   0.3
102333,   0.3,  -0.9, -10.6,  59.5,  58.3, 925.4,   3.0,   0.1
102361,  -4.3,  -5.9, -10.0, -28.6, -78.2,1159.7,   3.5,   0.6
102389,  -1.9,  -2.1,  -8.9,  24.6,  -2.2,1062.3,   3.4,   0.6
102409,   0.9,  -4.0,  -8.5, -18.9, -19.3, 921.0,   3.0,   0.6
102433,  -0.9,   0.3,  -9.3,-200.5,  22.9, 849.7,   2.8,   0.9
102461,  -7.8,   0.1, -13.9, 211.6,-535.2,1552.3,   2.4,  -0.4
102485,   4.9,  -0.1,  -9.6,-280.3, 215.5, 812.6,   2.7,   0.7
102509,  -0.5,  -0.9,  -6.7,   3.9,  37.1, 871.2,   3.3,   0.7
102533,  -0.1,  -2.5,  -7.5, -66.0,  -1.3,1110.4,   3.0,   0.7
102561,   1.5,   1.1,  -6.5, -28.4, 268.5, 872.9,   3.3,   0.6
102585,  -0.5,   3.0,  -6.1,-140.2,  26.1, 968.3,   3.0,   0.8
102609,  -1.9,  -2.5,  -5.3,  26.6,  12.4,1142.2,   3.1,   0.9
102633,  -1.1,   1.8,  -6.9,-153.9, 174.3, 856.8,   3.5,   1.1
102661,  -1.6,  -1.7,  -3.9,  74.4, -61.6,1109.0,   3.3,   1.1
102685,   1.1,   0.5,  -4.9, -23.2, 201.9,1144.4,   3.4,   1.0
102709,   0.4,  -1.7,  -5.3, -45.2,  50.5,1090.9,   3.6,   1.3
102733,  -1.5,  -1.7,  -3.0,  -7.4,  16.1, 996.4,   3.4,   1.4
102761,  -0.6,  -3.1,  -0.4,  40.5,  37.3,1071.8,   3.5,   1.3
102785,  -0.8,  -3.1,   3.5, -10.3,  46.1, 980.0,   3.5,   1.5
102809,  -4.1,  -1.6,   3.1,  34.6, -84.7,1099.2,   3.3,   1.4
102835,  -4.1,  10.5,  -1.7,-240.3,   4.9,1161.7,   3.0,   0.8
102859,   2.5,  -0.8,   3.8,-137.8, 177.7, 826.7,   3.6,   2.2
102887,   1.0,   1.1,   2.6,  -5.2,  12.2, 902.4,   3.6,   2.2
102911,   2.4,   0.3,   3.1, -10.8, 198.9, 932.7,   3.5,   2.2
102935,   0.8,   4.2,   3.5, -87.5, -15.9, 992.0,   3.1,   2.0
102959,  -1.3,  -0.2,   2.8,  12.6,  41.0, 939.0,   3.3,   1.8
102983,  -0.5,   0.7,   3.5,  57.3, -83.5,1068.4,   3.0,   1.7
103011,   1.4,  -0.9,   3.3,  82.5, 121.3,1009.1,   3.1,   1.7
103035,   0.1,   0.9,   3.6,  81.2,  45.6, 981.5,   2.8,   1.5
103059,   3.3,   1.5,   1.9,  96.4,   4.4, 945.4,   2.4,   1.0
103083,   2.8,   0.4,   2.7,  52.7,  -3.4, 831.4,   2.4,   0.8
103111,   0.5,   1.7,   2.2, -13.0,  10.0, 997.6,   2.3,   0.7
103135,   2.4,  -1.3,   3.1, 157.2,  -0.8,1190.5,   2.3,   0.9
103159,  -0.8,   2.0,   3.9,-192.2, 167.2,1024.0,   2.6,   1.2
103183,  -2.2,   1.4,   3.5,  17.8,  70.8, 887.5,   2.6,   1.1
103211,   9.0,   0.5,   4.1,-215.4, 437.5, 813.1,   2.9,   1.7
103235,  -2.0,  -2.4,   4.7, -35.9,  -7.6, 834.1,   3.4,   1.6
103259,  -0.4,  -2.5,   1.4,  44.6,  32.7, 907.3,   3.3,   1.2
103287,   0.3,   0.7,   1.3,  34.1,  15.8,1044.5,   2.8,   0.9
103311,   0.7,   2.3,   2.5,-121.1, 298.1, 879.5,   3.1,   1.1
103335,   1.2,   1.6,   3.3,-170.5, 108.9, 869.7,   3.1,   1.0
103359,  -0.1,  -7.1,   3.5,  20.2,  91.5, 933.4,   3.4,   1.1
103387,  -0.4,  -2.2,   3.0,  99.6,-121.9,1168.0,   3.2,   1.0
103411,   2.4,   4.0,   0.4, -83.6,  66.4, 990.8,   3.1,   0.5
103435,   0.3,   1.7,   2.1, -70.9, -66.9, 910.5,   2.9,   0.2
103459,   2.8,   1.1,   4.2, -45.2, 113.0, 956.1,   3.1,   0.3
103487,  -1.1,  -0.8,   4.4,  30.5, -54.7,1283.5,   3.2,   0.2
103511,  -1.1,   1.9,   6.4,-191.2,  12.7, 887.3,   3.3,   0.8
103535,  -2.5,  -4.7,   3.9, 369.3, -36.7,1144.1,   3.3,   0.2
103559,  -4.6,  -3.3,   0.0, 124.2, 216.0, 850.2,   3.5,   0.2
103587,  -3.1,  -2.3,   4.2,   9.2,-216.1,1103.1,   2.7,   0.5
103611,  -0.3,  -2.4,   6.5, -32.3,  71.5,1007.9,   2.9,   0.6
103635,  -1.2,  -7.2,   5.2, 218.7, 151.3,1009.3,   3.1,   0.7
103659,   0.1,  -1.7,   3.3, 297.6,  50.3, 994.2,   3.0,   0.3
103687,  -2.6,  -2.3,   5.6, 101.0, 169.2, 908.5,   3.1,   0.1
103711,  -1.4,  -5.3,   4.2, -35.7,  63.0, 937.3,   3.1,   0.6
103735,  -1.5,   1.6,   4.8,-147.3, -11.0, 885.8,   3.0,   0.5
103759,  -1.6,  -0.5,   1.1,   1.7,-232.9,1085.8,   2.7,   0.0
103787,   3.2,   0.9,   2.0,-101.1, 280.0, 701.5,   2.8,  -0.1
103811,   0.3,   0.6,   1.4, -13.0,  96.7, 925.6,   2.8,  -0.3
103835,   0.9,   3.3,   4.9,  20.2, 102.5,1119.2,   2.8,  -0.2
103859,  -3.0,   4.5,   7.2,  11.4,   5.1, 982.0,   3.0,  -0.1
103887,  -2.7,  -3.0,   2.8,  61.5,  45.6, 923.2,   2.9,  -0.2
103911,  -3.9,  -8.9,   7.5, 273.9,-204.4,1496.9,   2.4,   0.3
103935,   2.8,   3.8,   2.9,-134.6, 151.1, 712.7,   3.5,  -0.2
103959,  -0.7,   1.0,   2.6, -75.3, -68.4, 882.1,   3.3,  -0.1
103987,   0.2,   5.1,   1.5,  67.8,  43.7, 973.7,   3.3,  -0.8
104011,  -2.2,   1.6,   1.5, 102.5, 125.5, 926.1,   3.3,  -0.7
104035,  -1.0,   7.2,   2.5,-168.8, 157.0, 930.7,   3.5,  -0.7
104059,  -2.5,   2.4,   1.2,  38.0,  53.9, 914.6,   3.6,  -0.5
104087,  -1.4,   3.4,   0.2,  19.5,-180.4,1221.3,   3.2,  -0.8
104111,  -3.2,   1.7,   3.5,  20.0,  67.4, 996.4,   3.2,  -0.6
104135,  -3.2,   4.3,   0.2,-268.4, -29.8,1043.5,   3.0,  -0.1
104159,  -1.3,  -2.9,   3.8,-181.2, 130.8, 831.6,   3.1,   0.7
104187,  -2.8,  -9.5,   4.2, 331.7,-114.8,1161.2,   2.6,   0.6
104211,  -1.2,  -3.1,  -3.3, 288.3, -24.0,1135.8,   2.2,  -0.1
104235,   0.4,   2.8,  -3.9,   3.6,  30.5, 956.9,   2.0,  -0.3
104259,  -3.4,   5.2,  -8.0, 146.2,-479.5,1173.7,   1.5,  -0.9
104287,   1.8,   0.5,  -1.0,-314.0, 153.8, 766.4,   2.0,   0.2
104311,   3.7,   1.2,  -6.7, -46.2,   9.7,1081.9,   2.1,  -0.3
104335,   1.7,   1.8,  -6.1,-150.0,   1.9,1070.6,   2.1,  -0.4
104359,   2.6,   8.8,  -8.3,-283.0, -53.0, 937.1,   1.9,  -0.6
104391,  -1.9,  -2.4,  -5.3, -85.0,-113.3,1217.6,   1.7,  -0.3
104411,   2.2,  -0.2,  -4.1,-171.2, -18.6,1034.7,   1.7,   0.0
104437,   0.2,  -1.6,  -3.1, -34.2,  29.3,1065.0,   2.1,   0.0
104461,  -0.6,   3.5,  -9.1,  93.5, -61.3,1181.7,   2.2,  -0.4
104485,   2.0,  -0.0,  -8.5, -47.4,-106.7,1095.8,   2.2,  -0.4
104513,  -0.2,   4.2,  -8.9,-287.9,-156.8,1189.8,   2.4,  -0.8
104537,   0.2,  -1.6,  -5.9, -34.5,  66.4,1038.2,   2.9,  -0.6
104561,   1.2,   3.9,  -9.8, -44.7, -16.4,1041.1,   3.0,  -0.5
104585,  -0.5,   0.6, -12.1,  35.8,   9.5,1059.6,   2.9,  -0.9
104613,   1.5,   0.5,  -9.2,-163.1,  83.7,1164.1,   2.8,  -0.0
104637,   4.7,  -2.7,  -8.8, 113.2, 350.3, 868.2,   3.5,  -0.5
104661,   1.4,  -2.4,  -6.1,  53.2,  66.4, 900.5,   3.5,  -0.3
104685,  -2.4,  -1.9,  -7.7, 133.7, -63.5,1048.9,   3.6,  -0.6
104713,  -0.4,   0.3,  -6.6,  11.4,-106.0,1015.7,   3.3,  -0.5
104737,   2.4,   1.5, -11.1, -73.5, 193.3,1085.3,   3.3,  -0.3
104761,   0.4,  -3.6, -10.7, 173.0,  11.9,1383.6,   3.5,  -0.3
104785,   0.9,   4.4, -11.0, -12.5,  10.7,1088.7,   3.4,  -0.0
104813,   2.5,   7.1,  -6.4,-295.2, -10.5, 852.4,   3.2,   0.2
104837,  -0.7,   4.3,  -5.2,-189.5,-170.4, 991.5,   2.9,   0.1
104861,  -0.9,  -2.2,  -4.6, -42.3, -34.0,1016.4,   3.0,   0.4
104889,   0.5,  -1.0,  -6.3, 156.9, -30.1,1097.2,   2.9,   0.2
104913,  -0.6,   9.6,  -9.3,-177.5, 177.0, 930.0,   2.9,  -0.1
104937,   8.5,   6.1, -11.0,-345.5, 249.5,1131.7,   2.6,   0.4
104961,   2.4,  -3.4,   1.7,-229.1, 136.7, 751.3,   3.5,   1.7
104985,   3.0,  -1.5,  -2.3, 194.0, -49.1, 977.1,   3.6,   1.0
105013,  -1.1,  -2.2,  -2.1,  65.1,   8.5,1082.3,   3.6,   1.3
105037,  -1.2,  -1.9,  -1.9, 112.5, 165.5, 986.4,   3.6,   1.0
105061,   0.6,   5.3,  -4.9, -75.7,-222.4,1207.1,   3.2,   0.8
105085,  -0.5,   1.6,  -2.5,-212.9, -66.9,1099.7,   3.1,   1.1
105113,  -0.2,   0.3,  -3.5, -21.1,-224.6,1173.2,   3.0,   0.8
105137,   1.6,   1.6,  -2.3, -51.3, -69.6, 998.8,   3.0,   1.0
105161,   1.5,   2.1,  -3.0, 116.4, 145.7, 924.9,   2.9,   0.4
105185,   2.0,  -6.6,  -0.5, 103.9, 209.7, 960.8,   3.4,   1.0
105213,  -2.4,  -1.3,  -2.4, 164.0,  78.8,1121.2,   3.2,   0.4
105237,  -1.8,   1.7,  -1.2,-243.5, -32.7, 934.9,   2.8,   1.3
105261,  -3.8,  -0.9,   1.3,-145.1,  30.0, 842.1,   2.9,   1.5
105285,  14.6,  25.8,  -9.7,-1208.6, 166.7,1275.5,   1.9,   0.7
105313,   3.0,   6.6,  -0.5,-713.2, 215.1, 811.8,   4.0,   2.2
105337,   2.4,   5.0,  -2.2,-387.5, 176.0, 981.8,   3.8,   1.1
105361,   4.7,   4.2,   0.1,-314.0,  52.5, 868.2,   4.1,   1.2
105389,  -2.0,  -9.9,   1.7, 486.0, -94.5,1416.1,   3.9,   0.6
105413,  -3.6,  -2.2,   0.3, 141.1,-155.3,1103.6,   3.8,   0.7
105437,  -1.5,  -7.4,   0.8, 319.3,  -3.7,1150.9,   4.0,   0.7
105461,   1.4,  -2.1,   0.3, 232.9,-132.1,1061.1,   3.6,   0.7
105485,   4.5,   5.3,  -0.3, 105.2, 184.8, 888.7,   3.6,   0.1
105513,   1.7,   2.3,  -2.5,-157.5, 116.4, 910.0,   4.0,   0.5
105537,   2.6,  -5.0,   0.1, -74.5, 236.8, 942.0,   4.6,   0.8
105561,  -4.2,  -8.3,   3.5, 247.5,  40.3,1057.7,   4.9,   0.9
105585,   3.9,   2.3,  -1.2,  24.4,  63.4,1054.3,   4.3,   0.1
105613,  -2.2,   0.6,   2.1, 122.7,  86.9,1110.7,   5.1,   0.2
105637,  -4.5,   5.3,  -0.5, 118.4, -24.9,1117.7,   5.3,  -0.1
105661,  -0.5,   3.4,   2.6,  57.8,  -4.9,1076.0,   5.2,   0.2
105689,  -2.2,   1.5,   5.2, -49.9,  57.8, 863.3,   5.1,   0.4
105713,   1.4,   3.3,   0.3,-121.9, 179.2,1038.2,   5.0,   0.3
105737,   1.6,   9.6,  -0.1,-269.6, 229.7, 804.0,   5.0,   0.3
105761,   0.1,   1.9,   2.5,  11.2,-207.3, 967.4,   4.6,   0.3
105789,  -1.0,  13.6,  -2.8,-222.0,  97.6, 994.9,   4.6,  -0.3
105813,  -4.0,   6.2,   4.5,-328.9, -72.5, 813.5,   5.2,   0.9
105837,  -2.3,  -1.7,   5.7, -40.1,  11.7, 998.1,   5.4,   1.2
105861,  -3.1,   3.4,   1.4, 162.3,-330.4,1545.0,   4.7,   0.1
105889,   7.0,  -0.5,   6.0,-190.7, 135.0, 740.8,   5.1,   0.4
105913,   0.9,  -0.6,   5.5, 231.1, 175.5, 891.2,   5.1,  -0.6
105937,  -0.9,   0.8,   1.1, -50.1,  -1.5,1066.2,   4.7,  -0.4
105961,  -4.4,   2.5,   2.1, -36.7,-131.4,1040.8,   4.9,  -0.1
105989,  -3.7,  -3.6,   1.1,  33.6, -42.8,1033.8,   5.0,   0.0
106013,  -2.0,   2.3,   2.5, -27.4,  12.7,1023.3,   4.7,   0.1
106039,  -4.2,   1.9,   1.6,  17.0,-102.6, 936.6,   4.3,  -0.3
106063,   0.9,   1.3,   0.2,  18.7, 225.3, 812.6,   4.2,  -0.8
106087,  -3.1,  -1.7,  -0.1,  86.6,  83.0,1211.5,   4.5,  -0.5
106111,   2.2,   0.9,  -0.1,  54.4, 303.9, 884.8,   4.8,  -0.3
106139,  -3.0,  -0.1,   5.2, -59.4,   9.2, 800.6,   4.5,   0.1
106163,  -5.3,   4.7,   3.2, 187.0, -90.1,1079.2,   3.9,  -0.5
106187,  -6.8,   0.2, -10.8, 150.1,-192.4,1377.8,   3.9,  -1.1
106211,   4.7,  -0.6,   0.4, -93.3, 412.1, 789.1,   4.1,  -0.2
106239,   2.2,   0.6,  -3.2, 148.9,  90.3,1059.6,   4.4,  -0.8
106263,   3.5,  -2.9,  -1.6,-192.4,  73.5, 848.9,   4.2,  -0.1
106287,  -1.2,  -0.3,  -1.9,  64.4,-128.7,1240.8,   4.2,  -0.4
106311,  -2.7,   0.3,  -2.0, 132.5, 135.7, 952.5,   4.5,  -0.7
106339,  -0.7,  -1.3,  -2.2,-174.4, 109.3, 797.2,   4.4,   0.0
106363,   1.3,  -0.7,  -2.6, -31.5, 211.2, 933.4,   4.1,  -0.1
106391,   0.6,  -0.6,  -3.1,  42.2, -22.0,1159.2,   4.1,  -0.2
106411,   0.1,   7.6,  -3.9,-232.2,  56.1, 878.5,   4.1,  -0.2
106439,  -0.6,   1.1,  -5.4, -21.3,-107.7,1237.6,   4.3,  -0.2
106463,  -1.8,   3.1,  -4.4,-152.4,  12.7,1033.5,   4.5,  -0.0
106487,  -4.4,  -3.1,  -1.8, 126.9,-222.2,1100.4,   4.2,  -0.1
106511,  -1.3,   1.9,  -9.4, 177.2, 301.0, 820.6,   4.2,  -0.6
106539,   0.6,   1.1,  -6.5,-106.5, 122.8, 824.3,   3.7,  -0.2
106563,  -0.5,  -1.4,  -3.3, 129.1, 132.8, 954.9,   4.3,  -0.5
106587,  -1.7,   1.2,  -5.3, -67.4, 192.4,1054.5,   4.1,  -0.4
106611,  -0.7,   1.9,  -3.0,  76.4,  64.4,1133.9,   4.1,  -0.4
106639,  -0.7,  -3.7,  -4.5, 148.9,   5.6,1016.9,   4.0,  -0.1
106663,  -1.4,   0.5,  -4.4,-126.0,  35.6, 865.5,   3.8,   0.2
106687,  -0.0,  -0.8,  -4.5, -11.5,  26.1, 973.9,   3.6,   0.3
106711,  -1.4,  -0.8,  -3.9,  73.9,   6.3,1041.6,   3.4,   0.1
106739,  -0.7,   3.4,  -3.4, -60.6,-103.3,1117.0,   2.9,   0.3
106763,   3.6,   5.1,  -4.4, -51.8,  88.6, 858.5,   2.8,   0.2
106787,   0.2,   0.8,  -4.8,   4.6,  43.9, 993.2,   3.1,   0.6
106815,   1.7,  -0.0,  -3.6, -85.0, 101.8, 965.4,   3.0,   0.9
106839,  -0.7,   2.2,  -1.9,  11.9,  -0.5, 952.5,   3.0,   0.8
106863,   3.1,   0.2,   0.4, 182.3, -87.7,1074.8,   2.4,   0.8
106891,   6.4,  -4.3,  -1.9, -42.5, 113.3, 716.4,   2.6,   0.7
106915,   2.1,   0.8,  -1.4,  29.7,  69.1, 945.9,   3.1,   0.3
106939,  -0.2,  -0.8,  -0.7, 103.5, -54.7,1114.1,   2.9,   0.4
106963,   0.3,   3.0,  -0.8, -84.0, 175.8, 760.3,   2.9,   0.4
106987,  -1.9,   0.1,   0.2, -24.5, 118.6,1074.5,   3.0,   0.7
107015,  -1.1,  -0.2,   0.8,  -3.5,  -0.0, 917.1,   3.1,   0.8
107039,   0.6,  -1.5,   1.9, -45.2, 164.8, 911.0,   3.1,   0.8
107063,  -1.2,  -1.4,   2.7,  55.4,-191.4,1079.4,   3.0,   0.9
107087,  -0.5,   0.8,   2.3,-140.9, 311.0,1233.0,   3.2,   1.0
107115,  -1.1,  -8.4,   6.8, 224.3, -45.4,1195.6,   3.7,   1.5
107139,   1.6,  -3.4,   6.3,  65.4, 140.4, 967.8,   3.8,   1.6
107163,  -1.7,  -1.9,   3.6, -25.9, 184.1, 949.3,   3.9,   1.6
107187,  -1.1,  -1.6,   6.2, -18.9, 111.3, 863.6,   3.6,   1.5
107215,  -3.8,  -3.0,   9.9,  51.0, -30.8, 920.7,   3.5,   1.3
107239,  -7.6,   3.2,  -0.7,  51.9,-397.7,1148.3,   2.9,   0.1
107263,   6.7,   7.3,   1.7,-327.7, 358.6, 840.4,   3.5,   1.1
107287,   2.2,   0.6,   6.3,  22.6, 179.4, 886.5,   4.0,   0.8
107315,   3.0,   2.4,   2.5, -23.5, 136.9, 980.5,   3.8,   0.7
107339,  -1.1,   1.0,   3.8,-106.5,-103.5,1057.4,   3.6,   0.7
107363,  -1.0,   4.5,   2.6, -40.6, -28.8, 980.8,   3.5,   0.4
107391,  -1.7,   5.3,   5.2,-108.2,-213.7,1133.4,   3.2,   0.6
107415,  -0.3,   3.8,   3.8, -73.8, -81.1, 985.2,   3.3,   0.5
107439,  -2.7,   0.5,   6.2, 181.3,-175.3,1217.4,   3.2,   0.2
107463,   0.8,   3.9,   2.3,  32.4,  44.4, 817.5,   3.4,   0.1
107487,  -1.5,   1.6,   2.2, 110.1,-176.8,1105.5,   3.1,  -0.2
107515,   2.5,   4.5,   1.3, -86.2, 171.8,1011.5,   3.1,  -0.3
107539,   0.9,   3.7,   3.3,-127.3, 108.1, 863.3,   3.3,   0.1
107563,  -1.8,  -2.2,   6.1,  61.0,  48.1,1103.3,   3.3,   0.2
107587,  -1.3,  -1.9,   5.6,  44.6,  65.2, 835.8,   3.5,   0.5
107615,  -2.5,   0.0,  -1.9,  13.1,  52.0,1055.2,   3.2,  -0.1
107637,  -1.7,   4.4,  -2.2,-106.3,  55.1,1285.0,   2.8,  -0.1
107665,   1.9,  -3.3,   1.7,  87.1, -32.3, 995.9,   3.2,   0.4
107689,   1.3,  -2.4,  -3.1,  47.3, -62.0,1001.3,   3.3,   0.3
107713,  -1.6,  -1.6,   0.3,  78.6,  76.6,1000.3,   3.3,   0.3
107737,  -2.5,  -1.1,   0.5, 121.8, 109.3,1000.1,   3.1,   0.1
107765,   1.0,   0.9,  -0.5,-177.8,   6.6, 818.9,   2.8,   0.3
107789,   1.3,  -2.5,   1.4,  50.7, 102.8, 858.7,   3.0,   0.3
107813,   0.3,  -4.1,   2.0,  49.3,  71.0, 845.5,   2.8,   0.4
107837,   0.2,  -5.3,   0.5, 185.2,  32.0, 972.7,   2.9,   0.1
107865,   1.4,   3.3,  -0.7, -58.9, 107.9,1004.0,   2.7,  -0.3
107893,   0.9,   4.1,  -3.9,-199.8, 125.0,1015.2,   2.8,  -0.0
107913,   0.4,  -1.8,  -0.9, -11.8, 116.9, 898.5,   3.1,   0.3
107937,   0.1,  -2.6,   1.5, -38.4,  80.0,1003.5,   3.1,   0.4
107965,  -0.6,  -2.2,   3.3,  49.0,  89.3, 872.4,   3.0,   0.4
107989,  -0.3,   4.2,  -7.0, -78.2,  24.6, 940.7,   2.8,  -0.2
108013,   7.1,   0.5,   0.2,-286.2,  39.3,1004.5,   2.5,   0.5
108041,   1.0,  -1.3,  -1.4, 189.9,   2.4,1005.2,   3.5,  -0.1
108065,   2.8,  -4.0,  -0.2,   3.6, 122.0, 935.4,   3.4,   0.2
108089,  -0.7,   2.0,  -1.8, -82.6,  57.8, 958.8,   3.4,   0.1
108113,   1.5,   0.5,  -4.8,  28.5,  92.0, 927.1,   3.4,  -0.1
108141,   0.5,  -3.1,  -2.5, -18.9, 179.9,1010.1,   3.4,   0.0
108165,   0.2,  -0.5,  -3.3,  70.0, -23.2,1056.7,   3.2,  -0.0
108189,   0.9,  -2.5,  -2.0,   4.1, -11.3, 911.9,   3.2,   0.1
108213,  -0.8,   1.1,  -2.9, -40.3,  38.1, 963.9,   3.1,  -0.1
108241,   1.0,   0.4,   0.0, -26.2,  46.8, 953.7,   3.0,  -0.2
108265,   1.7,  -2.0,  -2.5, 186.2,  73.0,1128.5,   3.0,  -0.6
108289,  -1.7,  -1.8,  -2.4,  98.6,  87.4,1115.3,   3.2,  -0.4
108313,  -1.1,  -3.1,  -1.6,  83.7, -56.7,1092.8,   3.1,  -0.1
108341,   1.6,  -3.6,   1.6, 101.5, 124.7,1052.6,   3.3,   0.2
108365,   1.3,   0.8,   0.3,  69.5, 145.2,1009.6,   3.2,  -0.1
108393,  -1.0,  -2.8,  -6.9,  70.0,  69.1, 992.5,   3.2,  -0.2
108413,  -3.0,   7.2,  -3.4,-317.0,  36.1, 820.9,   2.6,   0.0
108441,   0.8,  -1.0,   0.3,  57.8,  27.8,1187.3,   3.0,   0.3
108465,  -0.2,   0.5,  -2.0, -60.1,  94.9, 781.1,   3.1,   0.4
108489,  -0.3,   0.8,  -1.6, 215.8,  72.5,1242.0,   3.0,   0.2
108513,  -2.4,   0.2,  -2.0, -51.6, -97.9, 933.9,   2.9,   0.5
108541,   1.3,   0.0,  -3.0, -87.0, 257.3, 876.8,   3.0,   0.4
108565,  -2.0,  -1.1,  -1.7,  47.6,-107.9,1100.9,   2.8,   0.4
108589,  -3.4,   1.9,  -1.9, -47.2,-148.5,1064.3,   2.7,   0.2
108613,   1.7,  -0.9,  -7.3,  94.9, 133.5,1026.9,   2.8,   0.1
108641,   0.3,   3.9,  -3.4,  34.6,  31.5,1119.5,   2.6,  -0.1
108665,   1.6,   3.6,  -6.5,-325.0, 113.5, 811.3,   2.8,   0.3
108689,  -0.0,  -2.7,  -4.9,  43.9, 131.3, 996.7,   2.9,   0.2
108713,  -0.1,   1.4,  -4.9, -97.2, 251.9, 985.2,   2.9,   0.2
108741,  -3.3,  -2.7,  -5.9, -24.7, -44.5, 863.1,   2.7,   0.3
108765,  -4.9,   1.8,  -9.5, 132.3,   1.2, 961.7,   2.8,  -0.6
108789,   1.5,   6.0,  -6.9,-169.5,-123.8,1213.0,   2.6,   0.2
108813,   1.1,   0.9,  -3.6,-101.9, 123.7, 834.3,   3.6,   0.5
108841,   1.3,  -0.1,  -6.7, -79.2, 132.1, 859.2,   3.5,   0.5
108865,  -3.2,   1.2,  -2.9, -59.9,-116.2,1154.9,   3.5,   0.5
108893,  -0.6,   1.4,  -3.8, -14.2,  33.2,1010.1,   3.5,   0.6
108913,   1.7,  -0.3,  -4.2, -23.5, 135.5, 891.2,   3.5,   0.7
108941,   1.0,  -0.0,  -5.3,  41.9, -22.2,1008.6,   3.6,   0.6
108965,   1.9,   2.0,  -5.2,   5.3,  96.2,1096.5,   3.4,   0.5
108989,   0.1,   0.4,  -2.8,  -3.2, 131.3, 972.5,   3.6,   0.7
109013,   1.6,  -0.8,  -2.6, 119.1, 234.1,1088.7,   3.7,   0.4
109041,  -0.6,  -2.3,  -2.0, -46.7, 167.0, 803.3,   4.2,   1.1
109065,  -1.9,  -5.1,  -3.1, 126.7,  63.0, 996.9,   4.1,   0.9
109089,  -0.3,  -2.0,  -3.3, 103.2, -52.8,1285.5,   3.9,   0.8
109113,  -2.1,   2.2,  -2.3, -65.7, -13.2,1003.2,   3.9,   0.9
109141,  -2.2,   0.9,  -2.5, -79.9, 186.7, 929.5,   3.9,   1.0
109165,   0.5,   3.3,  -1.4,  32.7,  18.5,1171.5,   3.5,   0.9
109189,   0.6,  -0.9,  -0.3,  86.1, 119.1,1025.0,   4.2,   1.2
109217,   0.1,  -1.8,  -1.1, -88.4, -10.3, 897.3,   4.1,   1.4
109239,   0.5,   0.0,  -2.3,  42.4, -22.2,1074.5,   4.0,   1.0
109267,  -0.8,   2.5,   3.1,  20.5,  90.1,1080.9,   3.7,   0.8
109291,   1.3,   2.3,  -1.1, -60.4, 118.4, 980.3,   3.7,   1.1
109315,   0.6,  -0.9,  -0.8, -14.2,  29.0, 972.2,   3.7,   1.1
109339,   0.5,   2.7,  -3.0, -64.8,  20.0,1153.4,   3.7,   1.0
109367,  -0.9,   0.6,   5.0,-143.9,  10.5, 922.9,   3.5,   1.2
109395,  -0.2,   0.8,   3.6, -46.4,  25.1, 974.4,   3.4,   1.3
109415,  -0.2,   0.1,   3.6,-260.6, 198.7, 679.5,   3.8,   1.8
109439,  -1.7,  -5.5,   5.9, 100.0,  33.7, 988.6,   4.0,   1.8
109467,  -1.6,   0.0,   4.3,-104.3, 105.9, 994.0,   3.8,   1.8
109491,  -3.8,  -2.4,   5.3,   0.2,-108.4,1085.0,   3.6,   1.9
109515,  -0.7,  -0.5,   5.5,  67.8,  63.0, 900.2,   3.4,   1.4
109539,  -2.0,   3.5,   4.0,   1.9,  82.7, 932.4,   3.2,   1.0
109567,  -3.1,   0.6,   8.7,  84.9,  69.8, 930.7,   3.1,   1.0
109591,   1.4,   0.5,   4.4,  -3.5, -43.7,1074.5,   2.8,   1.0
109615,   2.8,  -4.2,   7.2,  64.4, 167.5, 942.9,   3.3,   1.3
109639,   0.5,  -1.4,   6.9,  33.6, -16.1, 991.3,   3.2,   0.8
109667,  -0.7,   0.2,   8.0,  38.0, -98.7,1007.1,   2.7,   0.7
109691,  -0.9,   1.9,   7.0,  59.0, -29.6,1129.5,   2.6,   0.4
109715,   0.6,   2.1,   7.4, -58.4, 107.4, 772.8,   2.7,   0.7
109739,  -0.5,  -0.6,   7.2,  16.8,  30.5, 992.5,   2.6,   0.7
109767,  -0.1,  -0.6,   7.8, -14.0,  86.9, 931.5,   2.6,   0.7
109791,  -2.1,  -4.2,   8.1,  59.8,-192.4,1139.2,   2.4,   0.7
109815,   1.3,   4.9,   7.2,   7.5,  23.2, 923.7,   2.3,   0.5
109839,   1.1,  -1.6,   6.0, 168.9, -66.9,1051.6,   2.3,   0.3
109867,   2.1,   3.1,   6.3,  18.5,  71.5, 880.2,   2.2,   0.1
109895,   1.2,  -0.0,   7.2, 224.3, -62.5,1138.0,   2.1,  -0.2
109915,   0.1,  -0.4,   6.1,  94.7,  32.2,1027.9,   2.5,   0.2
109939,   1.4,   2.0,   9.6,  66.1, 136.2,1036.7,   2.6,   0.4
109967,   0.6,  -4.7,   3.6, -54.5, 117.9, 924.4,   2.8,   0.4
109991,  -1.6,   1.1,   2.1,-161.4, -21.3, 845.0,   2.6,   0.3
110015,   1.3,  -1.6,   5.2, -39.4,  -7.6,1122.4,   2.1,   0.4
110039,   2.4,   0.9,   8.0, 104.4, 186.7,1002.5,   2.6,   0.3
110067,   2.2,  -2.2,   4.5,  62.0, 160.6,1021.1,   2.7,   0.4
110091,   1.7,  -0.0,   5.4,  56.8,  23.2, 850.2,   2.8,   0.3
110115,   0.9,  -0.5,   3.4,  45.4,  24.6,1112.6,   2.6,  -0.1
110139,  -0.2,   0.6,   3.1,  12.9, -23.7,1032.3,   2.6,  -0.1
110167,   0.3,   1.2,   2.4, -28.6,-150.9,1116.5,   2.5,  -0.3
110191,  -0.4,  -2.5,   2.7, 154.2, -17.4,1149.5,   2.5,  -0.4
110215,  -0.3,  -1.7,   3.1, 114.2,-172.4,1203.4,   2.6,  -0.6
110239,   3.0,   3.0,  -0.3, -90.6, 107.4, 868.2,   2.8,  -0.5
110267,   0.9,  -0.8,   1.7,  -8.1, -74.5,1122.4,   2.8,  -0.7
110291,  -1.4,  -3.3,   3.9,  17.0,  96.4,1015.0,   3.2,  -0.3
110315,   0.6,   1.4,   2.7,  15.6, 179.9,1160.2,   3.0,  -0.7
110339,  -0.3,   2.8,  -1.9,-143.4, 125.5, 878.2,   3.4,  -0.6
110367,  -2.6,  -1.3,  -0.6,  41.9, -34.2, 910.0,   3.4,  -0.7
110395,   6.9,   2.1,   0.7,-270.8, 111.8,1218.3,   3.7,  -0.4
110415,   4.7,   1.7,   3.4,  60.2, 165.0, 892.4,   4.2,  -0.5
110443,   2.5,   0.9,  -1.5, -27.6,  54.9, 951.2,   4.1,  -0.8
110467,  -0.2,  -1.3,   2.9,  93.0, 104.7, 890.7,   4.2,  -0.8
110491,  -1.7,  -1.5,   0.9,  38.3,  32.7,1044.3,   4.0,  -0.8
110515,   0.7,   1.0,  -1.1, -26.9,  27.1, 934.9,   3.6,  -0.9
110543,   1.3,   0.3,  -1.9, -25.0,  58.1, 968.3,   3.6,  -0.8
110567,  -1.1,  -1.1,   1.7, -78.4, -32.5, 944.9,   3.6,  -0.7
110591,   2.7,   0.6,  -1.6, -15.9, 181.4,1031.1,   3.4,  -0.8
110615,   1.4,   1.4,   2.0,  28.5, 145.7, 881.9,   3.6,  -0.4
110643,  -1.2,   0.7,   0.7,  13.1,-107.9,1061.8,   3.5,  -0.5
110667,   2.3,  -1.3,  -0.1, 157.9,-142.9,1084.5,   3.4,  -0.5
110691,  -0.8,   0.8,   2.4,  58.8, 177.9,1125.3,   3.4,  -0.5
110715,  -3.1,  -0.3,   3.0, 148.6, -89.6,1107.5,   3.3,  -0.3
110743,   2.1,   4.9,  -4.5,-155.1, 167.0, 871.9,   3.5,  -0.8
110767,  -0.5,  -2.0,  -0.8,  81.2,  26.3,1113.6,   3.7,  -0.7
110791,  -3.1,   1.6,  -1.6, -49.1, 169.6, 785.2,   4.0,  -0.7
110815, -13.2,   3.7,  -3.5,-156.3,-680.4,1450.8,   3.1,  -1.0
110841,   4.0,   6.1,   4.9,-251.5, 192.6, 867.0,   3.5,  -0.2
110865,  -0.8,   3.8,   0.2,-125.5, -65.2, 924.4,   3.8,  -0.4
110893,  -2.7,  -0.2,   1.6,  14.1,-188.8,1060.1,   3.5,  -0.5
110917,   1.0,   1.8,   1.5, -27.9, 281.2, 929.5,   3.4,  -0.5
110941,  -2.3,  -0.1,  -1.6,  63.7, 210.2,1012.3,   3.4,  -0.8
110965,  -1.3,   2.7,  -3.3,-113.6,  67.1, 874.3,   3.5,  -0.7
110993,  -1.7,   4.6,  -1.8,  45.1,  71.0, 954.2,   3.4,  -1.1
111017,  -3.8,   3.3,  -0.0, -10.1, -72.5,1066.0,   3.1,  -1.3
111041,   0.0,   3.7,  -0.5,  -3.5, 131.1, 930.0,   3.1,  -1.1
111065,  -0.5,   1.7,  -0.9, 101.3, 103.2,1045.7,   3.1,  -1.0
111093,  -0.0,  -1.7,  -1.5, -15.2, 181.1,1052.8,   3.4,  -0.2
111117,  -0.6,   0.1,  -0.5,  24.8, 126.9, 787.4,   3.4,  -0.3
111141,   1.3,  -5.1,  -5.0,   9.5, -23.0,1110.7,   3.3,  -0.3
111165,  -0.4,   0.9,  -2.8, -37.7,  38.1, 845.5,   3.3,  -0.3
111193,  -5.1,   4.5,  -6.0,  66.1,-313.8,1304.0,   2.7,  -1.0
111217,   3.9,   3.4,  -0.5, -74.5,  52.9,1071.8,   2.8,  -0.2
111241,  -0.3,   1.4,  -1.1, -37.4,  94.5, 954.9,   3.6,  -0.1
111265,  -0.2,  -2.8,  -0.0,  53.9,  94.5,1007.1,   3.6,  -0.1
111293,   1.8,   2.5,  -1.7, -95.0, 138.4, 840.9,   3.7,  -0.0
111317,  -0.5,   1.1,  -1.7, -28.1,  45.4,1035.2,   3.5,  -0.4
111341,   0.3,   1.5,  -0.8, -60.6, 126.9, 954.9,   3.6,  -0.2
111365,   0.3,   0.5,  -1.5,   3.1,   8.5, 989.1,   3.5,  -0.1
111393,   0.5,   1.4,  -2.1, -79.6,  -5.2, 934.2,   3.5,   0.0
111417,   1.0,   0.6,  -3.1,  20.0,  -8.6, 956.9,   3.4,  -0.0
111441,  -1.2,  -1.7,  -2.7,  88.6, -62.3,1033.5,   3.4,  -0.2
111465,   0.3,   2.0,  -2.0, -23.5,  74.4, 893.6,   3.1,  -0.2
111493,   2.8,   0.1,  -1.9,   0.7, 142.5, 979.6,   3.1,  -0.2
111517,   0.2,   1.8,  -0.9,-116.8, -21.0, 970.8,   3.1,  -0.1
111541,   0.5,  -1.1,  -1.2,  -0.5,  81.5, 992.0,   3.0,  -0.0
111565,   0.9,   3.7,   3.1, -40.6, 170.9, 954.2,   2.8,  -0.1
111593,  -2.4,  -4.3,  -2.9, -78.2,-102.1,1044.3,   3.2,   0.2
111617,  -1.2,  -0.7,  -3.4, -29.6,  58.3, 899.5,   3.1,   0.1
111641,  -5.6,  -2.9,  -1.1, 107.1,-155.5,1121.9,   2.6,  -0.1
111669,   0.5,  -2.9,   2.2,  91.7, 103.0, 972.5,   2.8,   0.3
111693,   3.1,  -0.0,   0.6,  -8.4, 170.9, 933.9,   3.1,   0.3
111717,   0.0,  -2.2,   2.4,  21.2,  29.3, 991.0,   3.2,   0.4
111741,   0.3,  -3.1,   1.4,   5.8,  12.7,1029.9,   3.0,   0.4
111769,   0.9,   0.0,   3.2, -11.5,  25.1,1040.1,   2.9,   0.3
111793,   0.8,  -1.2,   3.6,  10.4,   9.5,1028.6,   3.0,   0.4
111817,   1.4,   0.4,   2.6,  57.3,  23.9,1036.4,   3.1,   0.3
111841,   0.3,  -1.1,   4.4,  55.9, 105.4, 922.9,   3.2,   0.3
111869,   0.8,  -0.9,   5.2, -10.6,  93.0, 946.1,   3.1,   0.4
111897,   0.5,  -1.0,   5.3,  51.9,  61.5, 920.5,   3.1,   0.3
111917,   2.2,  -1.1,   6.4,  16.8,  11.2, 991.8,   2.7,   0.2
111941,   1.8,   5.8,   4.3,  31.9,  22.9, 882.1,   2.5,  -0.4
111969,   1.5,   1.2,  -0.1,-140.7,  26.3,1131.4,   2.7,  -0.3
111993,   2.3,   3.0,   0.9, -70.9, -42.0, 934.9,   2.7,   0.0
112017,  -0.3,   0.1,   3.9, -35.0, 136.4, 875.3,   2.8,  -0.1
112041,  -2.0,  -1.7,   3.8,  56.3,-303.3,1301.6,   2.5,   0.1
112069,   5.2,   1.6,   5.8, -70.1, 245.8, 848.7,   2.8,   0.6
112093,   0.5,  -3.6,   4.5, 133.7, -28.8, 991.3,   3.1,   0.2
112117,   0.9,  -0.5,   4.3,  40.5, 103.0, 949.0,   3.0,   0.0
112141,  -2.0,   1.1,   2.7, -15.4, -52.0,1025.9,   2.7,  -0.3
112169,   0.8,  -0.1,   2.3,  24.6, 197.5, 935.6,   2.9,  -0.4
112193,  -0.8,   4.9,   1.4, -68.4, -40.3,1036.0,   2.8,  -0.4
112217,  -1.6,  -3.3,   1.1, 180.9, -55.4,1233.7,   3.1,  -0.5
112241,   0.6,   1.1,  -1.2,  19.7, 107.6, 879.7,   3.1,  -0.6
112269,  -1.1,   0.8,   0.2, 102.7, -68.4,1034.7,   3.0,  -1.0
112293,   1.1,   2.4,  -1.5,  24.1, -40.3,1031.8,   2.9,  -0.9
112317,  -0.5,   1.9,  -0.2, -10.1, -96.0,1094.8,   2.9,  -0.9
112341,   0.3,  -2.7,   1.3, 256.0,  -6.1,1089.7,   3.1,  -0.8
112369,   2.6,  -0.0,  -4.4,  71.0, -26.4,1037.4,   3.3,  -0.8
112397,   2.6,   1.1,  -3.7,   6.3,  45.4,1044.5,   3.4,  -0.8
112417,   0.4,  -5.0,  -1.8, 145.5, 155.7,1099.9,   3.5,  -0.7
112443,  -2.8,   0.8,  -6.1, -25.7, -14.4, 928.3,   3.4,  -0.6
112467,  -3.8,   1.1,  -4.1,-117.2, 102.3, 985.7,   3.3,  -0.4
112491,  -0.6,  -4.1,  -3.3, 241.4, -31.3,1156.6,   3.4,  -0.3
112519,   2.5,  -2.9,  -8.4, -88.4, 169.9, 872.1,   3.7,  -0.1
112543,  -0.0,   2.0,  -6.1,   2.4, 139.6, 883.4,   3.6,  -0.5
112567,  -2.0,  -0.6,  -6.7,  64.4,-100.9, 965.9,   3.4,  -0.8
112591,  -1.7,  -1.5,  -7.7,  46.8, -11.7,1155.3,   3.2,  -0.7
112619,  -0.5,   0.5,  -7.8, -31.3, 126.9, 778.6,   3.3,  -0.4
112643,  -1.4,  -2.7,  -9.9,  77.6,  22.7,1163.4,   3.1,  -0.5
112667,  -1.4,  -1.3,  -9.7, -22.0,-179.0,1080.6,   2.9,  -0.3
112691,   1.9,   2.2, -12.4, -74.0, 158.4, 965.9,   2.9,  -0.5
112719,   0.7,  -0.5, -11.4,  39.0, 168.9,1163.2,   3.2,  -0.7
112743,  -3.4,  -1.4, -11.4, -25.0,  30.5, 873.6,   3.3,  -0.3
112767,  -4.7,  -2.1, -11.6,-116.8,  27.6,1102.9,   3.2,  -0.0
112795,   0.1,  -1.9, -11.4, -63.5, 261.4, 855.5,   3.3,   0.2
112819,  -2.2,   0.5, -15.2,  14.8, 194.8, 846.3,   3.2,  -0.3
112843,  -2.9,  -0.6, -15.5, -13.0, -92.8, 936.3,   2.8,  -0.2
112867,   0.0,  -6.0, -12.9,  39.7,  10.5, 941.7,   3.1,   0.1
112895,  -2.4,  -0.6, -12.8, -23.5, -48.6,1069.9,   2.9,   0.1
112919,   1.1,  -0.6, -12.8,-101.4, 137.9, 866.3,   2.9,   0.6
112943,  -2.5,  -0.3, -13.0,  24.6,   1.9, 999.3,   2.8,   0.3
112967,  -2.4,   2.5, -13.7,-173.9,  10.5, 828.7,   2.6,   0.5
112995,   1.3,  -2.0, -10.5,  42.7, 160.4,1085.8,   2.7,   0.8
113019,   2.2,   0.5, -10.8, -30.8,  43.7,1054.5,   2.4,   0.7
113043,   2.0,   1.7, -11.1, -44.5, 134.7, 966.1,   2.4,   0.8
113067,  -5.0,  -4.8, -11.7, 127.4,-243.4,1206.9,   2.6,   1.1
113095,   0.9,  -1.7, -11.3, -94.8, 254.1, 803.0,   3.1,   1.4
113119,  -2.5,  -4.4, -12.2, -79.4,  -5.9, 925.1,   2.6,   1.4
113143,  -1.4,  -1.1, -11.2, -51.8,  23.2, 780.6,   2.5,   1.4
113167,  -3.9,  -1.4, -11.2,  68.3, 134.5,1091.6,   2.4,   0.8
113195,   0.9,  -2.4, -11.1,-166.3,-190.5,1398.5,   1.7,   1.5
113219,   2.4,   3.2, -12.5, -95.8, 154.0, 882.9,   2.6,   1.4
113243,   0.5,  -4.6,  -9.0, -29.8,  85.7,1095.0,   2.5,   1.4
113267,  -0.9,   0.8,  -7.0, -57.2,  33.7,1039.4,   2.2,   1.3
113295,  -1.9,  -3.6,  -8.3,  27.3,-152.6,1164.1,   2.3,   1.6
113319,  -1.5,   3.1,  -9.2,-294.0, 131.3, 699.0,   2.5,   1.9
113343,   0.7,  -2.1,  -6.5,   9.5,  41.5, 912.7,   2.3,   1.8
113367,   0.0,  -0.2,  -7.5,  52.4, 105.0,1083.6,   2.0,   1.3
113395,  -1.1,   0.6,  -7.0, -59.1, 148.7, 820.4,   2.1,   1.4
113419,  -2.4,   2.0,  -5.5,  14.3,  14.9,1351.1,   2.1,   1.1
113443,   0.3,  -0.2,  -5.6, -36.2, 122.8, 951.2,   2.4,   1.5
113467,  -1.1,  -1.7,  -3.5, -33.3, 127.4, 923.2,   2.4,   1.5
113495,  -6.6,   6.6,  -6.8,  42.2,-452.4,1498.8,   2.1,   0.7
113519,   4.5,   3.8,   3.1,-247.4, 321.0, 810.4,   2.4,   1.9
113543,  -6.2,  -5.8,   4.7, 123.2,-226.3,1100.7,   3.1,   2.0
113567,   1.7,   0.4,  -1.4,  -4.2,  94.9, 829.9,   3.1,   1.7
113595,  -0.5,  -2.8,   2.8, 100.0,  20.2,1184.9,   3.3,   1.9
113619,   0.8,   0.6,   3.9,  84.7, 128.9, 925.8,   3.2,   1.5
113643,   0.8,   1.7,   2.2,  -5.7, 177.9, 906.6,   3.2,   1.5
113667,  -0.7,  -0.9,   4.1,-100.2, 125.0, 793.5,   3.3,   1.8
113695,  -0.3,   0.1,   6.3,   5.8, -95.0,1088.9,   2.9,   1.7
113719,  -1.4,   5.2,   5.0,-136.8,-135.0,1226.6,   3.0,   1.4
113743,  -0.8,   2.5,   8.4, -42.0,  23.9, 978.8,   3.0,   1.7
113767,   0.0,   1.2,   7.7, -32.8,  99.3,1150.7,   2.9,   1.6
113795,   1.9,  -1.2,   8.5,   2.9, 273.2, 894.1,   3.3,   1.8
113819,  -3.9,  -0.6,   8.8,  87.1,-530.1,1494.5,   2.8,   1.5
113843,   9.4,   5.5,  16.1,-228.1, 390.6, 561.1,   3.2,   2.6
113867,   3.6,   0.1,   9.6, 224.6, -11.7,1026.4,   3.7,   1.2
113895,   1.3,  -1.3,  10.3,  13.1, 121.3, 889.2,   3.9,   1.1
113919,  -1.4,   5.3,  10.4, -95.8,  73.2, 859.9,   3.5,   0.6
113943,  -0.0,   1.0,  10.3, -99.7,  21.7, 932.0,   3.5,   0.8
113967,   0.6,   1.2,  11.4, -64.0, 146.0, 833.8,   3.6,   0.9
113995,  -0.0,   1.2,  13.2, -85.5, 195.0, 954.9,   3.6,   0.8
114019,   0.3,  -0.6,  13.7,  36.1,   8.5, 931.2,   3.5,   0.7
114045,   2.2,   6.3,   9.0, -29.8,  37.3, 958.6,   3.4,   0.1
114069,   0.2,   5.8,  10.7, -63.3, 127.7,1266.4,   3.4,  -0.0
114093,   1.8,   4.3,  12.3, -29.6,  51.2, 889.7,   3.6,   0.0
114121,   0.8,   3.4,  13.6, -66.2,  52.0,1054.3,   3.7,   0.1
114145,   3.0,   5.5,  10.2, 140.1, 135.0, 963.2,   3.7,  -0.1
114169,   0.5,   1.7,   4.4, -44.2,  91.0, 808.4,   3.7,  -0.5
114193,  -0.2,  -0.3,   8.5, -14.0, 106.2,1089.7,   3.6,  -0.2
114221,   1.6,   6.1,   8.6, -34.0, 105.4, 952.7,   3.7,  -0.4
114245,   3.5,   0.8,   6.9, -55.7, 190.6, 929.3,   3.7,  -0.3
114269,   1.3,   0.8,   7.4, 118.1,-164.6,1175.1,   3.6,  -0.4
114293,   2.5,   3.0,   4.0, -14.0,  40.7, 911.0,   3.6,  -0.6
114321,   0.1,   2.2,   2.7, -64.5, -12.7,1080.9,   3.5,  -0.5
114345,  -0.7,   0.7,   1.4, -89.2,  73.7, 761.1,   3.5,  -0.5
114369,   0.6,  -3.3,   0.6, 112.2, 135.7, 889.7,   3.5,  -0.5
114397,   3.9,   3.8,  -1.6,-135.3, 403.5, 945.1,   4.0,  -0.3
114421,   1.5,  -0.6,  -2.8, -95.3,  75.9, 868.5,   4.1,   0.2
114445,  -1.7,  -4.0,  -3.9,  14.8, 134.7, 987.6,   4.1,  -0.1
114469,  -3.1,  -6.1,  -1.0,  64.4,  59.5, 932.2,   4.0,   0.3
114493,  -2.3,   1.2,  -7.5,  78.3, 128.9, 973.9,   3.9,  -0.5
114521,   2.2,  -0.9,  -6.7,-147.5,-218.3,1198.6,   3.3,   0.1
114545,   2.7,  -3.9,  -2.8, 218.9,  77.1, 965.2,   4.2,  -0.3
114569,   0.8,   1.4,  -8.5,-155.8, -63.8, 987.9,   4.0,  -0.7
114593,  -1.4,   1.2,  -7.7, -35.0, 122.3, 924.9,   4.0,  -0.4
114621,  -3.9,  -1.2,  -8.8, -88.7, -55.0,1019.6,   4.0,  -0.4
114645,  -2.7,  -4.9,  -7.7,  30.0, 118.9,1114.8,   4.1,  -0.5
114669,  -1.1,   5.5,  -9.2,-178.8,  46.4, 915.4,   3.8,  -0.2
114693,   0.7,  -1.5,  -6.0,  92.0, 162.8,1015.0,   3.8,  -0.4
114721,   0.1,  -1.7,  -5.2, 112.0, -78.2,1141.2,   3.6,  -0.2
114745,   3.5,   2.5,  -6.6, -57.2, 306.1, 925.8,   3.9,  -0.1
114769,  -0.2,  -5.9,  -4.7, -13.7, -38.8,1024.0,   4.0,   0.4
114793,   1.6,  -1.6,  -7.4, -72.6,  97.6, 863.8,   4.0,   0.3
114821,  -0.4,   0.4,  -6.1,  98.6,   7.1,1238.8,   4.0,   0.1
114845,  -0.6,   0.0,  -4.7,-100.6, 123.7, 817.0,   4.1,   0.7
114869,  -2.4,   2.3,  -4.5, 224.3, -58.9,1070.6,   3.7,   0.3
114897,   1.1,   1.8,  -5.6, -92.6, -78.6,1143.4,   3.6,   0.4
114921,   0.6,  -1.5,  -5.6, -23.7,   4.9, 900.0,   4.3,   0.7
114945,  -3.7,  -4.8,  -3.4, 101.8, -26.6,1102.4,   4.0,   0.5
114969,   2.1,   2.2,  -3.4, -26.2, 142.5, 977.1,   3.6,   0.6
114993,  -2.0,  -2.5,  -1.9,  79.3, 137.4, 960.0,   3.7,   0.7
115021,   0.6,  -0.6,  -1.6,  -5.7,  35.4,1038.2,   3.6,   0.8
115045,  -0.5,   2.8,  -2.8, -89.2,  44.2, 805.7,   3.5,   0.8
115069,   0.8,  -0.9,  -2.0,  39.3, 121.3,1045.2,   3.4,   0.7
115093,  -0.5,   2.7,   1.9,  31.4,  98.8, 940.5,   3.2,   0.5
115121,   0.8,   1.9,  -0.1,  59.0,  -6.6,1016.7,   3.0,   0.3
115145,   1.7,   3.4,   0.5,  65.6, 196.7,1177.8,   3.0,   0.1
115169,  -0.3,   2.5,   1.4,-116.3, -37.6,1091.9,   3.1,   0.7
115197,   2.6,  -1.1,   2.4, -20.8, 120.3, 929.5,   3.3,   0.8
115221,  -3.4,   0.1,   4.3, -88.4,  18.8, 780.6,   3.3,   1.1
115245,   3.5,   7.3,   4.2,-271.8, 282.0, 893.6,   3.1,   1.3
115269,   2.7, -10.4,   5.2, 391.8, -10.3,1109.0,   3.5,   1.5
115297,   1.4,   0.0,   0.3, -81.8,-272.5,1096.7,   3.7,   1.6
115321,   2.5,   0.9,   2.7,  43.4,  80.5,1030.3,   3.9,   1.5
115345,   1.1,  -5.4,   3.3,  96.4, 196.0,1051.6,   3.9,   1.6
115369,   0.5,  -2.5,   2.4, -66.2, 144.5, 872.6,   3.9,   1.7
115397,  -1.4,   1.6,   2.1, -86.2,  81.3, 710.5,   3.9,   1.9
115421,   2.5,  -0.0,   4.7, -41.6, 162.3, 912.7,   3.6,   1.8
115445,   0.5,  -1.9,   2.1,  47.6, 129.4, 975.9,   3.8,   1.4
115469,   1.4,  -0.3,   0.9,  73.2, 112.8,1019.1,   3.7,   1.0
115497,   2.7,   1.4,   1.2,  23.9, 338.3, 932.7,   4.1,   0.8
115521,  -3.4,  -3.1,   2.7,  -0.5,  33.4, 986.6,   4.2,   0.9
115545,  -3.8,  -0.7,   4.9,-142.9,  -4.2, 963.2,   4.1,   1.0
115569,  -0.9,  -1.5,   4.7, -75.7, 111.3, 880.2,   4.3,   1.1
115597,  -6.4,  -2.5,   2.0, 211.9,-421.7,1567.5,   3.9,   0.6
115621,   3.8,   4.5,   1.9,-219.0, 178.4,1010.1,   4.4,   1.1
115647,   1.2,  -4.4,   6.1, 185.2,  51.5, 983.0,   4.9,   0.7
115671,  -1.9,  -1.4,   5.2,  41.9,  80.8, 897.0,   4.7,   0.6
115695,  -3.9,   1.8,   5.4,  10.2,   8.5,1060.6,   4.5,   0.5
115719,  -2.2,  -0.0,   3.5,   7.8,  44.6, 962.0,   4.4,   0.7
115747,  -0.2,   1.4,   2.9,-178.0, 188.9, 846.3,   4.5,   0.8
115771,  -2.8,   0.3,   0.5, -56.0,  -3.7,1092.8,   4.2,   0.6
115795,  -0.3,   3.4,   2.2,-112.4,  15.6,1066.7,   4.0,   0.4
115819,  -0.8,   0.5,   4.4, -24.2,  46.1, 947.1,   3.8,   0.4
115847,   1.0,  -0.3,   3.8, 119.3, 115.7, 878.7,   3.7,   0.2
115871,   0.2,  -0.1,   2.2,  52.2,-122.8,1093.1,   3.4,  -0.1
115899,   0.0,   5.1,   0.3,-273.7,  44.6, 800.4,   3.4,   0.4
115919,  -1.0,  -0.2,   2.9, -73.5,  22.4, 918.8,   3.4,   0.5
115947,  -1.8,  -1.1,   5.5,   7.3,  68.3,1043.3,   3.7,   0.4
115971,   0.5,   2.2,   3.6, 214.5,  46.4,1011.3,   3.4,  -0.2
115995,  -0.3,   3.2,   1.9,  -2.5, 197.7, 921.0,   3.3,  -0.3
116019,  -6.1,   3.8,  -1.1, -15.7,  72.2, 853.3,   3.4,  -0.5
116047,   3.2,   7.9,   1.7,-141.4, 198.7, 996.7,   2.9,  -0.1
116071,  -0.2,  -1.9,   4.7,  22.2,  86.6, 872.9,   3.4,   0.3
116095,  -0.3,  -0.9,   4.5,  29.2, 117.4,1015.0,   3.2,   0.4
116119,  -1.2,   5.3,   2.0, -10.8,-122.6,1112.9,   2.9,  -0.0
116147,   0.0,   4.7,   1.1,-110.9, 144.3, 942.5,   2.8,   0.0
116171,  -0.7,   1.1,   1.8,  15.8,  42.0, 987.4,   2.6,   0.1
116195,   0.8,   3.4,   0.9, -41.3,  81.8, 966.6,   2.7,   0.1
116219,   0.3,  -1.0,   2.5,  -7.6,  45.4, 953.2,   2.6,   0.3
116247,  -0.2,  -0.1,   1.7, -45.0, 100.1, 972.7,   2.6,   0.4
116271,   0.3,   0.2,   2.2, -29.6, 127.2, 927.8,   2.6,   0.2
116295,   1.3,   3.0,   0.9, -62.8, 117.2, 921.7,   2.4,   0.0
116319,   2.0,   1.9,   1.3,   0.9, 169.4,1116.5,   2.5,  -0.1
116347,  -0.5,   2.0,   1.5, 109.8, 154.3,1082.8,   2.4,  -0.2
116371,   0.5,   5.3,  -1.4,-121.4, 179.7, 918.3,   2.7,  -0.1
116399,  -2.7,   4.2,  -0.3,-125.5,  54.9, 989.3,   2.6,   0.1
116423,  -1.3,   2.2,   1.7,-109.4,   1.2, 884.8,   2.4,   0.3
116447,   0.8,  -3.2,   4.9,  72.2,  90.8, 911.4,   2.6,   0.7
116471,   1.2,  -1.6,   2.5,  83.7, -67.4, 887.0,   2.5,   0.3
116495,   2.2,   1.1,   1.8, -18.4,  36.3, 999.3,   2.5,   0.3
116523,  -0.0,  -0.0,  -0.1, -68.4, -68.9, 992.5,   2.3,   0.2
116547,   0.0,  -0.8,   0.8,  59.0,  94.2,1061.6,   2.4,   0.1
116571,  -0.7,  -0.0,   0.3,  60.0,  27.1, 935.9,   2.3,   0.0
116595,   2.9,  -0.4,  -2.5,   3.9,  74.4, 933.2,   2.2,  -0.0
116623,   0.3,   2.1,  -2.4, -78.9,  25.8, 981.0,   2.2,   0.0
116647,   0.9,  -2.0,  -4.1,  30.0, 149.6, 972.0,   2.4,   0.1
116671,  -0.9,  -3.4,  -3.0, 143.3, 129.6,1023.7,   2.4,  -0.0
116695,  -0.8,   0.6,  -1.9,  -4.5,  52.7,1026.9,   2.6,   0.0
116723,   0.5,  -1.3,  -1.7,  -0.5, 134.0, 974.7,   2.8,   0.0
116747,  -0.3,  -0.0,   0.5, -76.2, 231.9, 996.7,   3.0,   0.3
116771,  -0.4,  -0.1,   1.3,-171.7, 150.4, 887.5,   3.2,   0.7
116795,  -0.5,   1.9,  -0.4,  24.6,  89.8, 831.6,   2.9,   0.2
116823,  -0.6,   4.2,  -5.5, -97.0,  73.7, 923.2,   3.1,   0.2
116847,  -6.5,   2.2,  -4.1, 146.2,-534.5,1489.3,   2.7,  -0.2
116871,   7.2,   6.2,   1.2,-240.0, 337.4,1044.3,   3.1,   0.6
116899,   2.2,  -3.1,   2.8, 142.5, -18.8, 961.2,   3.1,   0.3
116923,   1.0,  -2.5,  -0.0,  43.2,  99.3,1036.4,   3.3,   0.4
116947,  -1.0,   3.4,  -1.2, -67.4,  31.0, 957.3,   3.4,   0.3
116971,  -0.2,  -0.2,  -0.2,  20.9, 178.7, 923.7,   3.3,   0.1
116995,  -0.6,   0.3,  -1.4,  82.5,  23.7,1161.9,   3.5,   0.1
117023,   1.1,  -1.3,  -1.9, -49.4, 199.4, 927.3,   3.8,   0.3
117047,  -0.1,  -0.9,   1.3,  19.0,  88.8, 998.4,   4.0,   0.2
117071,   0.6,  -0.8,   0.5,  -9.6,  89.8,1000.3,   4.1,   0.4
117095,   0.2,  -1.7,   0.4,  67.1,  23.7,1034.5,   4.1,   0.2
117123,  -2.5,  -1.5,  -1.4,  48.5, -66.7,1111.9,   4.1,  -0.0
117147,   0.4,   1.4,  -0.5, -41.8,  66.6, 958.8,   4.2,   0.0
117171,  -0.2,   0.4,  -2.4,  83.7,  23.7,1048.4,   4.2,  -0.2
117195,  -0.1,   1.4,  -0.9, -53.8, 182.8,1053.5,   4.2,  -0.0
117223,   0.3,   0.3,  -1.3, -22.0, 140.8, 925.8,   4.4,   0.1
117245,  -1.1,  -2.6,   1.9,  34.6,  46.4,1003.7,   4.4,   0.2
117273,  -1.4,   0.5,   0.8, -82.3,  81.5, 912.4,   4.4,   0.3
117297,  -0.5,  -0.6,   3.0,  13.6,  56.1,1094.6,   4.4,   0.4
117321,   0.0,  -1.3,   1.1,  -8.8,  58.1, 963.9,   4.3,   0.5
117345,  -1.1,  -1.7,  -1.4,  62.0,  10.0,1026.9,   4.1,   0.3
117373,  -1.2,   0.2,  -3.9,  95.4,  46.4, 987.9,   4.0,  -0.1
117401,  -2.3,  -0.1,  -4.5, -25.9,  42.9,1015.0,   3.9,  -0.1
117421,  -3.8,   1.2,  -3.9,  75.9, -99.2,1161.9,   3.7,  -0.3
117445,   0.6,   0.8,  -3.5, -43.5, 153.3,1018.6,   3.6,  -0.2
117473,   0.3,  -2.2,   2.1, 103.2,  58.6,1035.2,   3.7,  -0.0
117497,   1.8,  -0.4,   0.5, -43.3,  70.5,1008.4,   3.6,   0.1
117521,   0.2,  -0.3,  -0.1,   1.7,  53.4, 942.2,   3.5,   0.0
117545,  -0.8,  -0.2,  -2.3,  48.8, -30.5,1040.8,   3.1,  -0.2
117573,  -0.9,  -0.1,  -1.6,  11.4,  42.9,1073.1,   3.0,  -0.2
117597,   0.4,  -0.3,  -2.6, -31.5,  52.5,1007.1,   2.9,   0.0
117621,   0.7,   0.5,  -0.3, -52.5, 136.7, 910.7,   2.9,   0.0
117649,   0.8,  -0.2,  -2.2, -23.2,  12.4, 938.8,   2.7,   0.0
117673,  -0.3,  -0.7,  -2.6, -13.2,  45.1, 977.1,   2.6,   0.0
117697,   1.0,   1.4,  -4.0, -19.8, 108.1, 973.5,   2.5,   0.0
117721,  -1.7,  -0.1,  -3.1,  17.5,  81.5, 995.4,   2.4,  -0.0
117749,   1.5,  -0.9,  -3.2, -15.4,  57.8, 968.1,   2.3,   0.1
117773,   0.6,   0.3,  -2.9,   3.6,  33.7, 964.7,   2.3,  -0.0
117797,  -1.2,  -1.1,  -1.9, -27.2,  -2.7, 989.1,   2.2,   0.0
117821,   1.1,  -1.1,  -4.4,  60.5,  35.9,1008.4,   2.1,  -0.1
117849,  -0.2,   0.6,  -3.7,  -7.1, -14.4, 996.9,   1.9,  -0.3
117873,  -0.9,  -1.4,  -3.4,  18.0,  66.4, 987.6,   2.0,  -0.2
117901,  -0.2,  -0.3,  -5.9, -50.3, -19.3,1049.9,   1.9,  -0.1
117921,  -0.2,  -1.5,  -2.9, -32.0,   1.7,1015.4,   2.0,   0.0
117949,   0.5,   1.0,  -5.2,  20.7, -26.9,1043.0,   1.9,  -0.1
117973,  -0.4,   0.5,  -6.6,  -6.2,  89.6, 969.8,   1.8,  -0.1
117997,  -2.2,  -1.6,  -5.7,  83.7, -25.7,1015.7,   1.7,  -0.1
118021,  -0.7,   1.4,  -9.0, -13.7, -39.6,1006.9,   1.5,  -0.2
118049,   0.4,   1.1,  -4.4, -26.9,  52.0,1140.4,   1.5,   0.1
118073,   2.2,  -3.0,  -2.7,  58.5, 111.1, 982.2,   1.7,   0.4
118097,   3.2,  -1.4,  -5.8,  -8.4,  26.6,1002.8,   1.9,   0.3
118121,   1.8,  -1.3,  -5.9,  92.0,  26.8,1018.9,   1.8,   0.1
118149,   0.6,  -0.4,  -6.1,  10.2,  47.1, 947.8,   1.8,   0.1
118173,  -0.2,  -0.3,  -5.0,  -6.9, -15.7,1048.7,   1.8,   0.2
118197,   0.1,  -1.6,  -6.6,   1.4,  84.7,1059.2,   1.9,   0.3
118221,   1.9,   0.9,  -7.0, -26.2,  22.2,1013.0,   2.0,   0.2
118249,   0.5,  -0.7,  -6.2,  54.1, -27.4,1051.6,   2.0,   0.1
118273,   1.4,   0.2,  -5.2,  36.3, 121.1,1078.2,   2.1,   0.1
118297,   0.6,   2.2,  -6.3, -97.7,  50.5, 917.3,   2.1,   0.4
118321,   0.6,  -2.4,  -6.4,  40.0,  40.5,1022.3,   2.2,   0.4
118349,  -0.0,   0.2,  -6.4, -61.6,  16.1, 956.6,   2.3,   0.5
118373,  -0.8,  -1.5,  -5.1,  57.8,  25.1,1037.9,   2.3,   0.3
118401,  -1.3,  -0.2,  -7.2, -14.5, -33.0,1094.3,   2.2,   0.3
118421,   0.0,  -0.8,  -7.8,  51.0,  17.3, 999.3,   2.1,   0.3
118449,  -2.0,  -1.6,  -7.9, -41.1,  33.2,1021.1,   2.3,   0.4
118473,  -0.9,  -0.4,  -8.3,  41.4, -40.3,1042.3,   2.3,   0.2
118497,  -1.4,  -1.5,  -9.1,   9.0,  85.4, 997.1,   2.5,   0.3
118521,   0.2,  -0.2,  -9.0,  -9.1,   7.3,1040.6,   2.5,   0.2
118549,  -0.9,  -1.4,  -9.1,  22.9,  15.8, 956.1,   2.6,   0.2
118573,  -0.8,  -1.9,  -9.4,  15.8,  64.9, 960.3,   2.5,   0.2
118597,  -0.3,  -0.3, -11.3,  14.1,  48.3, 993.0,   2.4,   0.1
118621,   2.8,   0.0, -11.9,-158.7, 244.8, 855.0,   2.4,   0.4
118649,   4.0,   0.6, -10.0,-123.8,  94.9,1025.9,   2.6,   0.6
118673,   1.8,  -4.3,  -9.7, -87.0,  75.4, 933.9,   2.8,   0.7
118697,   2.2,  -1.4, -11.7,  74.4,   9.7,1015.4,   2.9,   0.5
118721,   1.2,  -0.2, -11.7,  -4.9,  69.1, 979.8,   2.9,   0.3
118749,  -0.0,  -2.4, -12.1,  23.6, -19.6,1078.2,   2.9,   0.4
118773,   0.9,   0.0, -11.4, -98.7, 145.7, 949.5,   3.3,   0.6
118797,   1.0,  -1.5,  -9.7, -39.6,  72.2, 993.2,   3.3,   0.7
118825,  -1.1,  -2.9,  -7.4,  30.7,  17.1, 997.1,   3.3,   0.7
118847,  -0.6,  -1.1,  -7.8,   7.3,  -7.6,1061.8,   3.2,   0.6
118875,  -1.2,  -1.7,  -8.4,  -2.0,  -3.7,1027.2,   3.2,   0.6
118903,  -0.2,  -0.6,  -8.9, -39.9,  42.0, 943.9,   3.2,   0.7
118923,   1.0,  -0.8,  -7.2, -14.7,  43.7, 943.7,   3.0,   0.7
118947,  -0.1,   0.9,  -6.7, -88.4, 109.6, 949.8,   2.8,   0.7
118975,  -0.2,  -0.4,  -6.8, -42.3,  48.1,1002.3,   2.7,   0.7
118999,  -0.9,  -0.0,  -5.2,  -7.1,  56.1, 981.0,   2.7,   0.8
119023,   1.6,   2.0,  -7.5, -56.2, -40.1,1023.0,   2.6,   0.8
119047,   0.6,   0.5,  -6.8, -23.0,   6.6, 951.5,   2.4,   0.8
119075,  -0.8,   0.5,  -5.5, -48.4, -11.7,1014.7,   2.3,   0.9
119099,  -0.1,  -1.1,  -6.1,  10.0,  43.7, 991.3,   2.3,   1.1
119123,  -1.1,  -1.7,  -5.5, -62.3,  98.8, 887.8,   2.3,   1.2
119147,  -0.5,  -0.5,  -3.5, -51.8,  -7.4, 989.3,   2.1,   1.2
119175,  -0.2,  -2.2,  -4.1, -45.0, -24.9,1018.4,   2.1,   1.3
119199,   0.9,  -0.1,  -3.4, -25.9,  23.2, 984.9,   2.0,   1.3
119223,   1.7,   0.5,  -5.0, -16.9,  54.9, 949.8,   2.1,   1.3
119247,   0.0,  -0.8,  -4.4,  -0.1,  31.0, 983.2,   2.0,   1.2
119275,  -2.3,  -0.2,  -5.9,   2.6,  26.8, 912.9,   1.8,   0.9
119299,  -0.3,   2.5,  -8.0,-121.9,  57.8, 963.4,   1.5,   0.9
119323,   1.7,  -0.0,  -5.9, -67.4,   6.8,1071.1,   1.5,   0.9
119347,   1.6,   0.2,  -5.2,  -5.2,  87.6, 897.3,   1.8,   0.7
119375,   2.0,  -0.7,  -5.8,  44.9,  29.8, 987.1,   1.7,   0.6
119403,  -2.0,  -1.0,  -2.8,  45.4, -49.1, 992.0,   1.5,   0.5
119423,  -2.2,  -0.5,  -2.7, -20.1, -13.5,1023.3,   1.4,   0.7
119447,  -0.3,  -2.4,  -3.3,  83.7,  35.4, 970.8,   1.3,   0.6
119475,   0.5,   0.4,  -9.2, -23.5,   5.3,1039.4,   1.3,   0.5
119499,   1.6,   0.5,  -5.6,  24.1, -46.4,1027.2,   1.2,   0.4
119523,   1.0,   0.9,  -6.4,   1.9,  43.4, 970.5,   1.2,   0.3
119547,   0.8,  -0.8,  -5.4,  -0.1,  98.6,1084.3,   1.2,   0.6
119575,   0.9,  -0.0,  -5.5, -68.4,  45.4, 966.1,   1.5,   0.9
119599,   0.3,  -1.6,  -5.9,   0.2, -14.7,1042.5,   1.5,   1.0
119623,   0.3,  -0.5,  -7.4,  31.2, -46.4, 977.1,   1.4,   1.0
119647,  -0.5,  -0.5,  -5.6,   9.0,  57.8, 973.0,   1.6,   1.1
119675,  -1.1,  -0.1,  -5.2, -94.0, -15.2, 998.1,   1.7,   1.2
119699,  -1.7,  -2.7,  -5.2,   8.0, -75.7,1055.2,   1.7,   1.2
119723,   0.3,  -2.5,  -5.0,  39.0,  69.1, 933.7,   1.9,   1.2
119747,  -0.3,  -1.4,  -4.7,  32.9,  50.3,1031.8,   1.9,   1.2
119775,  -1.0,  -0.2,  -3.7, -24.5,  95.9, 994.7,   1.8,   1.2
119799,  -3.4,   1.7,  -6.1,  10.9,-187.8,1277.4,   1.6,   1.1
119823,   3.6,   2.3,  -1.4, -34.2, 338.1, 975.7,   1.8,   1.4
119847,   1.3,  -4.2,   1.1, 157.9,  60.0,1046.2,   2.0,   1.5
119875,   1.2,  -1.5,  -1.7, -16.9, -42.8, 968.6,   1.7,   1.5
119903,   0.3,   0.6,  -2.6,  32.4,  38.5, 974.4,   1.7,   1.5
119923,  -0.4,  -0.6,  -1.9,  51.9,  31.7, 994.9,   1.7,   1.4
119947,  -1.1,   2.5,  -1.2,-122.9,  48.6,1083.3,   1.7,   1.7
119975,   0.5,   1.9,  -3.6,-144.1, 112.5, 878.0,   1.8,   1.6
119999,  -0.9,  -5.2,  -1.0, 113.7, -59.8,1070.6,   1.9,   1.7
120023,   0.5,   1.5,  -0.5, -36.9, 128.6,1038.6,   1.9,   1.6
120051,   1.4,   2.8,   1.6,-174.4, 157.9, 830.4,   1.9,   2.1
120075,   1.0,   1.0,   2.1, -53.0,  50.8, 967.4,   1.9,   2.1
120099,  -0.1,   0.6,   1.2,  -1.5, -59.8,1023.7,   1.7,   2.0
120123,   1.1,   0.9,   0.8, -40.6,  10.7, 939.5,   1.9,   2.0
120151,   2.1,   2.3,   2.3, -44.5,  63.2, 866.3,   2.0,   2.0
120175,   0.9,  -0.9,   4.2,   2.4,  97.4, 990.3,   2.1,   1.9
120199,  -1.3,  -1.7,   3.8, -21.8, -38.6, 990.3,   2.2,   2.0
120223,   1.1,  -0.2,   2.8, -24.7,  62.0, 915.8,   2.1,   1.9
120251,  -3.2,  -1.2,   2.1, 187.9,  21.9,1070.6,   2.1,   1.6
120275,  -3.3,  -0.3,   0.5, -96.7, -27.1, 926.1,   1.9,   1.8
120299,   1.3,   2.1,   4.4,-138.7, 126.2, 880.7,   1.9,   1.9
120323,  -0.8,  -1.8,   1.6,  48.5,  16.6, 922.7,   1.9,   1.6
120351,   0.6,   2.0,   5.4, -80.9,  21.7, 993.7,   1.8,   1.6
120375,   0.8,   2.3,   5.5, -54.0,  16.8,1050.4,   1.7,   1.6
120403,   0.7,   0.8,   3.7,  47.1,  50.8, 985.4,   1.7,   1.6
120423,   0.3,  -1.0,   0.6,  17.0,  61.7, 942.9,   2.0,   1.7
120449,   0.6,  -1.1,   3.9,  14.1,   4.1, 969.1,   1.7,   1.8
120473,  -1.4,  -0.2,   4.2,  38.0, -63.8,1143.4,   1.8,   1.8
120501,  -1.7,  -2.5,   6.0,  55.1, -56.2,1044.0,   1.9,   1.9
120525,   2.2,   1.2,   4.9, -98.7, 209.2, 873.4,   1.9,   1.8
120549,   0.6,   1.5,   5.7, -16.9, 165.5, 952.5,   1.9,   1.6
120573,  -0.4,   0.5,   3.6,  71.7,  63.4,1015.7,   2.1,   1.4
120601,   0.7,   4.0,   6.4,-133.1, 300.8, 903.4,   2.3,   1.8
120625,  -1.2,   1.6,   6.1, -98.7, -21.8, 945.9,   2.3,   1.9
120649,  -1.2,  -2.6,   8.1, -33.0,   3.4, 935.9,   2.4,   2.0
120673,   2.0,   3.4,   6.7, -25.0, 181.6,1052.1,   2.1,   1.8
120701,   0.8,  -1.9,  10.7, -13.7,  72.2,1112.6,   2.3,   2.1
120725,   0.7,   1.1,   9.2, -34.2,  -2.0, 986.9,   2.4,   1.8
120749,  -1.9,  -0.1,   8.4, -77.9,  31.0, 907.5,   2.4,   1.8
120773,  -1.4,   1.3,   9.2, 169.6, -43.2,1127.0,   2.0,   1.4
120801,   0.0,   2.2,   6.1, -95.3,  62.0, 889.2,   2.1,   1.4
120825,   0.2,   0.8,   8.5, -35.7, 175.8, 949.0,   2.4,   1.5
120849,  -0.3,   2.4,   9.1, -52.8, -38.1,1114.3,   2.3,   1.3
120873,   1.0,   3.4,  10.9, -87.9,  34.9, 950.3,   2.3,   1.3
120901,   0.6,   0.8,  12.0, 117.9,  -7.1, 987.4,   2.3,   1.2
120925,   0.6,   4.1,  10.7, -69.9,  24.6,1028.6,   2.1,   1.1
120949,   1.2,   0.9,  10.7,  40.5, 157.0,1066.0,   2.3,   1.1
120973,  -1.2,   0.1,  12.2,  22.2,  78.8, 896.8,   2.4,   1.1
121001,   0.1,   2.7,   8.4,  -2.7, 187.5, 974.2,   2.6,   0.8
121025,  -0.9,  -3.3,   8.9,  51.9,  63.4, 877.5,   2.6,   0.7
121049,  -1.9,   3.8,   8.6,  47.1,  42.5,1025.5,   2.7,   0.3
121073,  -3.0,   5.9,   7.1,  11.2, 137.9, 862.1,   2.7,  -0.1
121101,  -3.3,  -3.3,  10.0, 276.8,-348.9,1560.6,   2.4,   0.6
121125,   2.4,   6.7,   2.7,  58.3, 111.1, 857.0,   3.1,   0.3
121149,   0.9,  -1.9,   0.1, -76.2,   7.8,1014.0,   3.1,   0.5
121177,   0.1,   3.8,   3.3, -25.2,  52.5, 933.7,   2.9,   0.1
121201,  -0.9,   2.5,   2.1,  26.8, -28.6,1103.6,   2.5,  -0.0
121225,  -0.5,   2.4,  -1.2,   9.2,-133.1,1274.7,   2.4,   0.1
121249,  -0.1,   4.1,  -0.5,-134.3,  78.3, 987.9,   2.8,   0.4
121277,  -0.7,  -0.5,  -4.0,  20.0,  -3.2, 987.1,   2.8,   0.2
121301,   0.3,   0.3,  -4.9,  17.5, -77.2,1000.6,   2.7,   0.1
121325,   2.0,   3.9,  -5.6,-222.0, 160.6, 855.5,   2.9,   0.4
121349,  -0.5,  -4.2,  -3.8,  33.9,  -7.6, 945.9,   2.8,   0.5
121377,   0.2,   0.7,  -4.5, -91.6, 115.0, 883.9,   2.9,   0.3
121405,   1.1,   0.0,  -7.0,-157.3, 226.5, 931.5,   3.1,   0.4
121425,   0.4,  -3.0,  -6.4,  64.9,  34.9,1085.5,   3.1,   0.1
121449,  -0.4,  -0.5,  -8.1,  -1.8,  40.0, 933.7,   3.1,  -0.1
121477,  -0.3,   4.2,  -9.6,-143.1, 153.8,1062.3,   3.0,  -0.2
121501,  -0.1,  -1.2,  -5.3,-246.1,  82.7, 814.5,   3.2,   0.5
121525,  -1.4,  -5.6,  -2.9, 156.9,  22.7,1057.2,   3.2,   0.4
121549,  -0.6,   0.8,  -7.2, -54.0,  26.1,1023.5,   3.2,   0.5
121577,   1.3,   2.8,  -9.2,-120.9, 124.7, 907.3,   3.3,   0.5
121601,  -0.8,  -1.4,  -6.0,  29.0,  48.6,1052.3,   3.3,   0.4
121625,  -2.7,   3.6,  -6.1, -51.3,-174.1,1121.7,   3.0,   0.4
121649,  -0.6,   4.0,  -5.0, -71.1,  89.6, 851.6,   3.2,   0.6
121677,   0.1,   0.6,  -6.9, -94.3, 102.8, 838.9,   3.3,   0.7
121701,   0.0,  -1.7,  -5.5,  24.1,  12.7,1029.9,   3.0,   0.7
121725,   1.7,   1.1,  -6.0, -75.7,  55.6, 832.1,   2.9,   0.8
121749,   1.3,   0.4,  -4.8, -51.8,  98.4,1012.5,   2.9,   0.8
121777,   1.7,  -0.6,  -6.3, -43.5,  55.4,1036.9,   2.9,   0.9
121801,  -0.2,  -1.3,  -7.0, -82.6,  -6.9,1010.8,   2.8,   1.0
121825,   0.6,   2.2,  -6.5, -97.0, 189.9, 862.6,   2.7,   0.9
121849,  -0.3,  -2.4,  -5.2,  71.0, -39.6,1036.4,   2.5,   0.8
121877,   0.5,   0.6,  -6.2, -28.9,  -9.8,1172.2,   2.4,   0.8
121905,  -0.0,   1.3,  -3.9,-123.6,  77.6,1033.5,   2.5,   1.0
121925,   2.7,   0.8,  -3.1,  16.5,  39.5, 963.9,   3.0,   0.9
121949,  -0.5,  -1.6,  -3.3, -33.5,  -4.4, 944.9,   3.1,   0.9
121977,  -2.8,  -0.2,  -2.0,  47.3, -69.1,1087.0,   2.6,   1.0
122001,   0.2,  -2.4,  -3.8, 118.6, 138.4, 941.2,   2.9,   0.9
122025,  -0.9,  -5.7,  -6.1, 166.0,-120.6,1166.6,   2.8,   0.9
122051,   0.8,   0.4,  -3.6, -77.9,   6.3,1014.2,   2.8,   1.1
122075,  -1.6,  -0.2,  -2.2, -20.3, -25.2, 999.1,   2.6,   1.1
122099,  -2.6,  -3.1,  -0.3,  76.6, -51.1,1058.9,   2.7,   1.2
122127,   1.9,   4.7,  -1.6, -61.8, 152.3, 926.3,   2.5,   1.3
122151,  -1.6,  -1.6,  -1.6,  79.8, -49.6,1161.2,   2.3,   1.4
122175,   2.2,   2.7,  -4.7, -43.3, 169.9, 997.1,   2.4,   1.3
122199,  -0.5,  -3.3,  -2.2,  91.7,  51.0,1033.0,   2.2,   1.4
122227,   4.4,   1.5,  -2.2,  72.7, 177.0, 951.7,   2.1,   1.4
122251,   0.8,   0.3,  -1.4, -46.9,  61.2, 948.8,   2.0,   1.6
122275,   0.1,   0.8,  -1.8, -14.2,  26.1, 933.2,   2.0,   1.5
122299,  -4.4,  -0.8,  -5.8,  31.2,-366.7,1214.4,   1.6,   1.2
122327,   3.3,   0.2,  -0.8,-183.4, 125.9, 826.2,   1.8,   1.8
122351,   1.1,  -2.4,  -2.2,  44.1, 116.4, 927.1,   2.5,   1.4
122375,  -0.3,  -3.8,   0.3,  23.6,  21.5,1012.5,   2.5,   1.5
122403,   1.2,   0.6,   2.0,-155.3,  20.0, 859.9,   2.5,   1.7
122427,   1.7,   0.8,  -1.0,-108.2, 233.6, 933.2,   2.6,   1.5
122451,  -1.0,  -3.2,  -2.1,  11.9,  26.3,1080.6,   2.8,   1.8
122475,  -0.9,  -1.1,   0.7,  20.9,  38.1,1001.8,   2.8,   1.6
122503,  -2.4,  -2.6,   0.9, -11.8,  47.1, 929.0,   2.9,   1.7
122527,  -1.4,  -1.1,   1.9, -42.5,  90.1, 942.0,   2.9,   1.6
122551,   0.1,  -1.0,  -0.4,  22.6,  85.4, 969.8,   2.9,   1.4
122575,   0.2,  -2.4,  -0.1, -96.2, 110.3, 823.8,   3.0,   1.5
122603,   0.8,  -1.3,   1.4, -17.4, 130.1, 888.5,   3.2,   1.4
122627,  -0.9,  -0.6,   1.3, -43.5,  75.9,1049.6,   2.9,   1.2
122651,  -1.1,  -1.9,   0.7,  73.2, -29.3,1053.8,   2.8,   1.0
122675,   0.8,   1.3,  -0.5,  14.1,  71.7, 830.4,   2.8,   0.9
122703,  -1.7,  -2.8,  -2.2,  59.5, 105.0,1004.0,   2.6,   0.7
122727,   1.3,   3.8,  -1.8,-176.6, 181.4,1029.1,   2.3,   0.7
122751,   1.6,   2.2,   2.5,-130.4,  -8.3,1026.7,   2.4,   1.0
122775,   0.9,  -0.3,   2.2,  -6.6,  99.6, 915.1,   2.8,   1.1
122803,  -0.8,  -0.4,   4.4,  22.4,  47.3,1015.4,   2.6,   1.0
122827,  -1.1,   0.5,   0.8,  32.9, -66.2,1069.2,   2.2,   0.8
122851,   1.9,   4.6,  -1.4,-106.0,  60.5,1047.4,   2.1,   0.8
122875,   1.0,   1.6,  -0.6, -35.5, 200.7, 926.8,   2.3,   1.0
122903,  -0.7,   0.9,   1.1,  14.8,  -3.0,1019.1,   2.2,   1.0
122927,   0.7,   1.4,   3.3, -13.7, 121.6, 950.3,   2.2,   1.0
122951,  -0.7,   1.4,   1.9, -23.0,  36.1, 993.2,   2.2,   1.0
122975,  -0.2,   0.7,   1.1,   2.9,   0.5, 973.2,   2.1,   1.0
123003,  -0.1,   1.9,   1.3,  65.9,-155.5,1062.8,   1.8,   0.6
123027,   1.6,   3.1,   0.2,  22.9,  11.0,1025.0,   1.8,   0.5
123051,   4.2,   6.2,   0.1,-232.2, 207.2, 956.1,   2.1,   0.7
123075,   1.1,   0.9,   2.9, -44.7, 144.7, 933.2,   2.3,   0.9
123103,  -0.9,  -1.9,   3.5, -19.6, -86.9,1199.3,   2.4,   1.1
123127,   0.3,  -1.8,   1.5, -56.5, -35.9, 936.6,   2.6,   1.4
123151,  -3.0,  -4.5,   0.5, 143.3,  -2.2,1117.0,   2.5,   1.4
123175,  -3.3,  -2.9,   1.6, -72.6, 172.6,1232.5,   2.3,   1.7
123203,  -0.5,  -4.2,   3.6, -34.0,  93.0, 880.7,   2.6,   2.1
123227,  -1.3,  -4.1,   2.8, -63.0, -12.2, 999.3,   2.3,   2.1
123251,  -3.2,  -2.0,   3.5, 110.1,   3.4,1032.1,   2.2,   1.7
123275,  -2.1,  -0.3,  -2.0, 159.4, -20.0,1031.1,   2.0,   1.0
123303,  -0.8,  -0.5,  -3.0, 160.3, -76.9,1108.5,   2.0,   0.5
123327,  -2.0,   0.4,  -0.8, -23.2, 106.2,1078.4,   2.4,   0.4
123351,  -2.3,   1.1,   2.3, -63.0, 151.1, 922.2,   2.8,   0.8
123375,  -1.7,  -0.3,   6.8,-114.3,  83.2, 857.5,   2.9,   1.0
123403,  -2.3,  -3.0,   9.1, -10.6,  37.3, 966.9,   2.9,   0.9
123427,  -0.8,  -0.3,  10.3, -89.2,  57.6,1036.0,   3.0,   1.3
123451,  -1.9,   0.8,  10.5, -23.5,  32.2,1114.3,   2.9,   1.1
123475,  -1.4,   1.3,  11.0, -56.9,  46.4, 912.2,   3.0,   1.3
123503,  -1.7,   1.1,  11.6,  -9.8,  16.6, 982.2,   3.0,   1.2
123527,  -1.4,  -0.3,  12.0,  71.2, -13.9,1018.9,   3.0,   1.1
123551,  -1.7,   2.3,   9.9,  49.7,  50.3,1015.9,   2.9,   0.8
123579,  -1.4,   2.8,  10.7,  57.8,  17.3,1007.1,   2.8,   0.6
123603,  -2.8,   0.5,  10.6,  89.3,  11.2, 988.3,   2.7,   0.5
123627,  -3.8,   0.9,  11.0,  89.5,  11.9, 985.9,   2.6,   0.4
123653,  -0.4,   1.5,  11.8,  45.1,-137.0,1217.4,   2.1,   0.8
123677,   1.1,   1.4,   8.0,  93.7,  83.5, 990.3,   2.4,   0.3
123701,   0.8,   0.5,   1.3, -65.2,  28.5, 876.0,   2.2,   0.1
123729,  -1.2,   1.3,   2.0, 126.9,-133.1,1011.3,   1.8,  -0.5
123753,  -2.5,   1.6,   1.5,  18.3,  24.4,1120.4,   1.5,  -0.6
123777,  -3.3,   0.2,   1.6,  22.2,  -0.5,1053.8,   1.2,  -0.4
123801,  -1.9,   0.3,  -3.0,  -5.4, -43.0,1034.0,   0.9,  -0.5
123829,  -1.4,  -1.0,  -3.0, -32.5,  39.3, 869.7,   0.7,  -0.4
123853,   0.2,  -1.3,  -5.9,  84.4,  27.3,1143.1,   0.7,  -0.9
123877,  -2.3,  -0.9,  -6.9,  25.3, 129.1, 895.3,   0.8,  -0.9
123905,  -1.1,   2.2,  -6.7,-108.0,  98.8, 935.1,   0.9,  -0.8
123929,  -1.8,   0.1,  -5.5,  18.0,-145.8,1098.2,   0.7,  -0.9
123953,  -2.4,  -0.2,  -3.5, -19.8,  11.0,1018.1,   0.9,  -0.3
123977,  -1.9,  -0.8,  -0.0, -20.3,  53.9, 952.2,   0.9,   0.1
124001,  -1.7,  -0.8,   4.1,  45.1,  41.5,1008.6,   0.7,   0.3
124029,  -2.0,  -2.5,   2.7, -17.1,  87.4, 950.3,   0.9,   0.7
124053,  -1.4,   1.6,   4.2,-136.8,  50.0, 991.8,   0.7,   1.0
124077,  -1.7,   0.6,   4.5, -65.5,  31.7, 911.2,   0.6,   1.1
124101,  -2.8,   2.8,   3.1, -23.5,  17.5, 987.9,   0.5,   0.8
124129,  -6.4,   4.0,   5.3, -64.3,-459.7,1327.2,  -0.1,   0.8
124153,  -0.4,  -1.3,  10.3, -18.4,  87.4, 866.3,   0.0,   1.3
124177,  -2.0,  -0.3,   4.9,  86.9, -46.4, 968.6,   0.2,   0.7
124201,  -3.9,  -1.1,   5.1,  41.9, -82.1,1001.0,   0.1,   0.8
124229,  -3.0,  -1.6,   9.7,  17.8,  48.8, 880.0,  -0.1,   0.7
124253,  -4.1,   5.6,   5.5, 163.0,-397.0,1182.9,  -0.7,   0.0
124277,   2.7,   5.8,   4.5,-116.5,  32.9, 850.2,  -0.6,   0.4
124301,  -0.2,   1.0,   1.8, 129.1,-131.4,1077.0,  -0.2,  -0.0
124329,   0.5,  -0.2,   2.7, 139.8,  42.9, 963.9,  -0.2,  -0.2
124353,  -0.7,   1.1,  -0.5,   2.9,-155.1,1020.3,  -0.3,  -0.1
124377,   1.1,   1.1,  -2.3,  52.4,  31.5, 952.7,  -0.3,  -0.4
124405,   0.0,   0.9,  -1.6, -56.0, 134.2,1017.2,  -0.2,  -0.3
124429,  -0.5,  -3.9,  -1.9, -13.2, -13.7, 996.2,   0.0,   0.2
124453,  -1.0,  -1.5,  -2.7, -53.5,  -6.1, 907.5,   0.0,   0.2
124477,  -0.3,   0.6,  -1.4,-139.0,  55.9, 891.7,   0.0,   0.4
124501,  -0.1,   2.7,   2.9, -73.8, -19.6,1055.2,  -0.1,   0.5
124529,   0.1,   0.3,  -5.1, -60.1,   9.0, 966.4,   0.5,   0.4
124553,   0.1,  -3.9,  -1.1,  77.1,  -3.9,1046.9,   0.6,   0.5
124577,   1.3,  -0.0,  -2.0, -46.2,  28.5, 981.3,   0.7,   0.4
124601,   0.0,   1.0,   0.4,-117.2,   9.5, 945.9,   0.6,   0.4
124629,  -0.8,  -1.4,   0.2,  17.5,  46.4, 907.1,   0.7,   0.5
124653,  -0.8,  -0.5,   0.5,  -4.2,  36.3,1026.9,   0.8,   0.6
124677,  -0.4,  -0.6,   2.5,  22.9,   7.1, 979.1,   0.9,   0.6
124701,   0.9,   1.3,   0.5, -92.3,  50.8, 973.5,   1.0,   0.6
124729,   0.6,   1.4,   2.1,  36.1,  87.4,1023.3,   0.9,   0.6
124753,   1.9,   3.5,   3.3, -75.7, 125.0, 891.2,   1.0,   0.6
124777,   0.5,  -0.5,   0.8,  23.4,  10.5,1153.1,   1.0,   0.7
124805,  -0.9,   0.6,   1.7,  18.0, -36.9,1075.3,   1.1,   0.8
124829,   0.0,  -0.5,   3.2,  55.4, -24.9,1080.9,   1.1,   0.6
124853,  -0.3,   1.0,   0.7,  19.2, -66.9,1070.9,   1.1,   0.6
124877,  -0.2,  -0.9,   0.8,  91.0,   8.5,1009.6,   1.1,   0.5
124905,  -0.6,   0.2,   0.9,  21.4,  11.7, 995.2,   1.1,   0.5
124929,  -0.9,   1.6,   0.6, -34.0, -31.0,1003.2,   0.9,   0.5
124953,  -0.0,   0.6,   3.1,  69.0,  32.2, 976.4,   0.9,   0.4
124977,  -0.9,   1.7,  -4.1, -11.5, -12.0,1055.7,   0.9,   0.2
125005,   1.0,  -1.5,  -1.3,  32.2, -73.8,1113.3,   1.1,   0.2
125029,   2.8,   1.2,   0.4, -15.2,  63.0,1004.5,   1.3,   0.3
125053,   0.9,   0.9,   4.5, -25.7,  52.5, 948.6,   1.4,   0.3
125077,  -0.4,   1.0,   2.7,  11.9,   5.6,1005.7,   1.3,   0.4
125105,  -0.5,   1.4,   0.1, -18.9,  24.6,1049.4,   1.2,   0.2
125129,  -1.4,  -0.7,   0.8,   3.4,  17.5, 983.2,   1.3,   0.4
125153,  -0.5,   1.4,   1.1,  -8.6,  34.6,1050.1,   1.1,   0.4
125177,  -0.4,   1.3,   1.3,  -4.5, -12.7, 989.3,   1.1,   0.5
125205,  -0.8,   1.4,   1.4, -34.0, -23.7,1036.2,   1.0,   0.4
125229,   0.4,   1.9,   0.4, -32.5,  -5.2,1039.4,   1.0,   0.4
125255,  -1.2,  -0.2,   1.7, -27.6, -12.7,1001.0,   1.0,   0.4
125279,  -2.2,   0.3,   3.1, -13.5, -15.9,1049.6,   0.9,   0.5
125303,  -1.4,   0.2,   2.8, -24.2,   4.9,1039.4,   0.7,   0.6
125327,  -1.6,   0.9,   2.9, -43.3, -54.5,1022.8,   0.7,   0.7
125355,  -0.3,  -0.7,   3.3,  11.9, -14.9, 986.4,   0.6,   0.6
125379,  -1.1,  -0.4,   0.9,  17.5, -44.2,1122.4,   0.6,   0.6
125407,  -0.7,  -0.5,   2.5, -38.4,  27.1,1025.5,   0.6,   0.6
125427,   0.8,  -2.1,   2.2, -24.2,  60.5, 929.5,   0.6,   0.6
125455,   0.1,   1.6,   1.6, -11.3, -72.1,1122.1,   0.5,   0.5
125479,  -0.6,  -0.7,   3.6, -39.9,  71.7, 919.7,   0.5,   0.6
125503,  -2.3,  -2.0,   3.2,  27.8,   4.6,1014.2,   0.7,   0.5
125527,  -0.4,  -0.0,   2.7,  18.7,  48.8, 934.4,   0.6,   0.5
125555,  -1.8,   1.6,   4.1,  44.4,  31.7, 948.8,   0.4,   0.2
125579,  -1.9,  -0.5,   0.1,  66.1, -24.9,1026.9,   0.4,   0.1
125603,  -2.8,   1.0,  -1.9,  49.3,  18.8, 995.9,   0.4,  -0.2
125627,  -1.6,   0.1,   0.1,  -2.7,-114.8,1193.4,   0.2,  -0.0
125655,   1.6,  -0.3,   6.7, -37.7,  12.9, 946.4,   0.4,   0.5
125679,   1.1,   0.2,   4.2,  11.4,  44.6,1010.1,   0.4,   0.4
125703,  -0.5,   0.3,   4.8,  -5.7, -10.8,1008.1,   0.4,   0.3
125727,   1.0,   0.7,   2.3,  -5.4, -15.2,1001.5,   0.3,   0.3
125755,  -0.5,   0.0,   2.3,-129.7, -28.6, 926.8,   0.2,   0.5
125779,  -0.0,   0.8,   0.1, -46.2, -43.2,1051.3,   0.2,   0.5
125803,   0.6,   0.1,   2.7,  10.7,  23.9, 991.3,   0.3,   0.5
125827,  -0.6,  -1.9,   3.3,  -0.3,  -5.9, 987.4,   0.3,   0.5
125855,   0.3,   0.3,   3.0,  -0.8,  12.2, 971.5,   0.3,   0.4
125879,  -0.2,   0.5,   3.4,  -6.2,  27.8, 935.4,   0.3,   0.4
125907,   0.7,   0.1,   0.9,  -8.1,  75.7, 990.3,   0.4,   0.3
125927,  -1.6,  -1.6,   3.1, -48.6,  -2.0, 985.9,   0.4,   0.4
125955,   0.7,   0.3,   2.5,  -8.6,  28.8, 998.8,   0.5,   0.3
125979,  -0.6,   0.0,   2.4,   3.1, -39.8,1012.8,   0.6,   0.3
126003,   0.6,   0.1,   1.8,   9.7,  11.4,1015.7,   0.5,   0.2
126031,  -0.4,   1.5,  -0.5, -25.4,  20.5, 979.1,   0.6,   0.2
126055,   0.5,  -0.1,   2.5, -30.6,  31.7, 977.1,   0.5,   0.2
126079,   1.1,   0.4,   0.2, -29.1,  29.5, 970.8,   0.6,   0.2
126103,   0.2,   0.7,   1.9,   0.7,   5.3,1003.0,   0.6,   0.2
126131,   1.1,   1.9,   1.3, -28.1,   8.5, 978.8,   0.6,   0.1
126155,  -0.1,   0.7,   1.1,  32.9,  10.7, 986.2,   0.6,   0.1
126179,   0.7,   1.2,   1.9,  24.1,  10.2, 987.1,   0.6,  -0.0
126203,   0.5,  -0.6,   2.4, -22.8, -11.3,1014.7,   0.6,   0.1
126231,   1.8,   0.2,   2.7, -28.4,  26.6, 990.8,   0.7,   0.3
126255,  -0.2,   1.0,   3.0, -16.7,  -0.3,1005.2,   0.8,   0.3
126279,   0.2,  -0.9,   3.4,  -5.4,  32.9, 975.4,   0.8,   0.5
126303,   0.2,   1.7,   1.9,   5.1,  16.1, 989.8,   0.8,   0.3
126331,   0.5,  -0.3,  -1.4,   9.0,  21.2, 990.5,   0.9,   0.3
126355,  -1.2,  -0.8,  -0.6,  -4.7,  51.2,1010.6,   1.1,   0.3
126379,  -0.3,   0.9,  -0.3, -14.5,  29.0,1007.9,   1.2,   0.3
126407,  -2.0,   0.7,   0.9, -26.2,   9.0, 993.0,   1.1,   0.3
126431,  -0.8,   0.2,   2.7, -62.8,  66.9, 973.0,   1.4,   0.5
126455,   0.0,  -0.6,   2.3,   5.3,  48.1,1002.0,   1.6,   0.5
126479,   1.1,  -0.2,   2.5,   2.1,  25.4,1031.3,   1.7,   0.5
126503,   1.9,  -0.3,   1.4,  20.5,  29.0, 998.1,   1.8,   0.4
126531,   1.7,   0.3,   0.8,  -9.3,  25.6, 991.3,   1.8,   0.3
126555,   0.0,  -0.2,   1.9,  -3.5,  27.3,1012.5,   1.8,   0.3
126579,   0.7,  -0.1,   1.1, -33.5,  37.3, 996.7,   1.9,   0.4
126603,   1.4,   0.1,  -1.0,  -6.9,  47.8, 990.1,   2.0,   0.4
126631,  -0.6,  -0.2,   1.7,   4.8,  29.3, 999.3,   2.0,   0.4
126655,   0.3,   0.3,   0.8,  -0.3,  29.3, 998.1,   2.0,   0.4
126679,  -0.1,   0.3,   1.1,   0.4,  26.6, 994.0,   1.9,   0.3
126703,   0.8,   0.8,  -0.9, -12.3,   6.8,1006.9,   1.9,   0.3
126731,  -0.9,  -0.0,   0.7, -16.2,   9.5,1003.0,   1.8,   0.3
126755,  -0.2,   0.1,   0.5,  -2.5,  18.5,1004.2,   1.7,   0.3
126779,   0.2,   0.3,  -1.4,  -0.8, -13.0, 995.9,   1.6,   0.3
126803,   0.1,  -0.3,  -0.6,  -5.7,  14.4,1006.9,   1.5,   0.3
126831,   0.2,   0.5,  -0.3, -13.5,  11.4,1004.2,   1.5,   0.3
126853,  -0.4,   0.3,   0.5, -19.6,   8.3,1003.2,   1.4,   0.3
126881,  -0.9,  -0.1,  -0.8,  -7.9,  -3.7, 997.4,   1.3,   0.4
126909,   0.4,   0.4,  -1.2, -10.6,  15.8, 995.2,   1.3,   0.4
126929,   0.5,   0.9,  -1.9, -23.5,  18.5, 994.5,   1.3,   0.4
126953,   0.8,   0.9,  -1.4,  -1.5,  17.5, 972.2,   1.3,   0.4
126981,   0.5,   0.4,  -0.9,  -8.4,  20.5,1013.0,   1.3,   0.4
127005,  -0.2,   0.3,   0.1,  -5.4,   1.2,1001.3,   1.2,   0.4
127029,   0.8,   0.3,  -0.8,  -6.9,  12.7,1015.4,   1.1,   0.4
127053,  -0.4,   0.3,  -0.7,  -8.1,   9.5,1000.3,   1.1,   0.5
127081,   0.4,   0.3,  -0.3,   0.9,   9.5, 970.3,   1.1,   0.5
127105,  -0.4,  -0.7,  -0.2,   7.8,  25.8, 992.5,   1.0,   0.5
127129,   0.5,  -0.5,  -0.1,  -8.6,  -4.7, 999.1,   0.9,   0.5
127157,   0.8,  -1.4,  -0.1, -25.9,   8.5, 980.5,   0.9,   0.5
127181,   0.9,  -1.7,  -1.7,   6.5,   8.8,1013.5,   0.8,   0.4
127205,   0.4,  -3.0,   0.8, -65.5,-113.6,1174.6,   0.7,   0.4
127229,  -1.1,  -2.1,  -0.8, -35.5,   2.4, 919.7,   1.3,   0.7
127257,  -0.3,   2.8,  -2.0,  42.9, -18.8,1045.5,   0.9,   0.4
127281,  -0.3,  -2.0,   0.3,  54.9,  -0.8,1037.9,   0.8,   0.3
127305,  -0.3,   0.2,  -1.6,  15.6,   1.4, 988.8,   0.8,   0.3
127329,   0.1,  -0.4,  -1.5, -21.1,  33.4,1000.3,   0.8,   0.3
127357,  -0.3,   0.1,  -0.1,-108.2, -10.8, 957.8,   0.8,   0.5
127381,  -0.3,   0.8,  -0.1, -51.3, -24.7,1051.8,   0.7,   0.4
127409,  -0.0,   0.6,   0.3, -80.9,  -1.5, 983.7,   0.7,   0.5
127429,   0.2,   1.4,  -1.1, -41.3,   5.1, 985.4,   0.7,   0.3
127457,  -0.2,   1.4,  -0.3, -79.9, -19.8, 990.8,   0.5,   0.3
127481,  -0.8,   0.8,  -0.9, -50.1, -36.9, 991.3,   0.4,   0.3
127505,   0.3,  -0.2,  -1.2, -43.8, -12.0, 985.9,   0.2,   0.3
127529,   0.2,   0.1,  -1.1, -29.6, -11.3,1010.3,   0.1,   0.2
127557,   0.2,  -1.6,  -0.3,  -0.1, -12.2,1012.5,  -0.1,   0.3
127581,   0.7,  -0.7,  -2.3,  26.3,   4.1, 996.4,  -0.1,   0.2
127605,  -0.2,  -0.6,  -0.6,  27.3,  16.8, 996.4,  -0.1,   0.1
127629,   0.2,  -1.6,   1.1,  53.9,  12.9,1022.8,  -0.1,   0.0
127657,   0.4,   1.0,   0.4,   4.3,  -7.8, 985.7,  -0.1,  -0.0
127681,  -0.9,   0.4,  -0.1,  19.0,  20.7, 989.3,  -0.1,  -0.0
127705,  -0.9,  -0.4,  -0.4,  13.1,   5.6,1003.5,  -0.0,   0.0
127729,  -0.4,  -1.1,  -0.3,  22.4,  21.7,1002.3,   0.1,   0.1
127757,  -0.9,   0.2,  -0.5, -14.0,  28.0,1017.4,   0.1,   0.2
127781,  -0.8,  -0.5,  -1.6, -35.7,  28.8,1031.3,   0.2,   0.2
127805,   0.1,  -1.1,  -0.3,  69.5,  28.8,1010.8,   0.3,   0.1
127829,  -0.3,  -2.2,   0.9,  40.2,   4.9,1035.7,   0.3,   0.2
127857,   1.1,  -1.4,  -0.7,  51.2,  -0.8,1019.6,   0.4,   0.2
127881,   0.2,  -0.0,  -0.9,  69.8,  22.2,1005.9,   0.5,   0.1
127909,   0.8,   0.0,  -0.6,   0.4,   9.7,1003.2,   0.5,   0.1
127929,   0.3,   0.3,  -0.8,  24.4,  -2.0, 992.0,   0.4,   0.1
127957,  -0.9,  -1.0,  -0.0,  -4.2,  -4.9, 983.7,   0.2,   0.1
127981,   0.9,  -1.9,  -1.6,  69.8, -94.8,1101.4,   0.0,   0.0
128005,  -0.9,   0.9,  -0.9,   9.2,-115.0,1029.1,  -0.3,   0.1
128029,   0.6,  -0.5,   0.0,  29.2,   9.5,1012.0,  -0.6,  -0.1
128057,   0.9,  -1.5,   0.0,  64.4,   9.0,1026.9,  -0.5,   0.0
128081,   1.3,  -0.3,  -0.5,  48.8,  -0.5,1001.5,  -0.5,  -0.1
128105,   0.5,  -0.2,  -0.8,   9.7,   6.3,1014.5,  -0.4,  -0.1
128129,   1.4,   0.5,  -0.0,  17.3,   7.1,1008.4,  -0.4,  -0.2
128157,  -0.5,   1.4,  -0.5,  -5.2,  41.5, 994.0,  -0.1,  -0.2
128181,   0.4,   0.0,  -0.6,  -6.9,  16.8,1021.3,  -0.0,  -0.2
128205,   0.0, -12.7,   0.9, 728.9,  92.7,1409.7,  -0.1,  -0.2
128229,  -2.3,   8.0,  -0.0,-213.9, -10.5, 968.8,  -0.1,   0.3
128257,   3.5,  -0.5,  -2.0,-218.8, 330.0,1406.3,  -0.2,   0.3
128281,   3.1,   7.7,  -4.9,-489.3,  15.4, 889.0,  -0.6,   0.7
128305,   0.5,   6.5,  -3.8,-413.1, -44.5, 849.9,  -0.1,   1.1
128329,   0.1,  -0.0,  -2.4,-123.3, -65.7,1003.5,  -0.3,   0.8
128357,   0.3,  -2.9,  -1.7, -17.6,  40.0, 983.2,  -0.3,   0.8
128381,   0.6,  -2.0,  -0.7,  95.9,  14.9,1058.2,  -0.3,   0.4
128409,   0.0,  -1.6,  -0.0,  69.8,  57.3,1021.1,  -0.2,   0.3
128433,   0.8,   2.0,  -0.8, -14.2,  15.1, 986.9,   0.0,   0.3
128455,   0.3,   0.6,  -1.4, -19.6,  13.2, 987.1,   0.1,   0.3
128483,  -0.8,   1.1,  -0.3,  -4.5, -15.4, 983.7,   0.1,   0.2
128507,   0.0,   0.2,  -0.2,   0.2,   0.9,1001.0,  -0.0,   0.2
128531,  -0.9,  -0.3,   1.2,  -4.5, -12.5, 996.7,  -0.1,   0.2
128555,   0.2,  -0.3,  -0.6,  -6.9, -27.6, 995.7,  -0.3,   0.2
128583,  -0.6,  -0.4,   0.2, -14.7,  -3.4, 987.4,  -0.3,   0.3
128607,   0.3,   0.2,  -0.6,  16.1,   5.3,1009.6,  -0.4,   0.2
128631,   0.9,   0.3,  -2.0,   5.3,  11.9,1008.6,  -0.3,   0.1
128655,  -0.8,  -0.3,   0.1,  21.9,  10.2,1014.7,  -0.2,   0.0
128683,  -1.0,   0.4,  -0.3, -29.8,  12.9, 986.9,  -0.2,   0.1
128707,  -0.2,   0.5,  -0.0, -42.3,  33.4, 975.9,  -0.1,   0.0
128731,   0.0,  -0.0,  -0.9, -19.1,  16.6, 985.9,  -0.0,   0.0
128755,   0.0,  -0.9,  -0.1,  -9.1,  -8.6, 992.0,  -0.1,   0.0
128783,  -0.9,  -0.9,   0.0,   2.4,  -3.2, 990.1,  -0.1,  -0.0
128807,   0.0,  -0.5,  -0.6,   1.7,  -8.3, 998.4,  -0.2,  -0.0
128831,   1.2,  -0.6,  -2.0,   0.2,  -6.4,1007.9,  -0.2,  -0.0
128855,   0.6,   0.3,  -2.3,   9.2,  -1.7,1023.7,  -0.2,  -0.0
128883,   0.8,  -0.8,  -1.0,  29.0,  21.9, 996.4,  -0.1,  -0.2
128911,   0.5,   0.8,  -0.6, -27.6,  -0.5, 997.9,  -0.1,  -0.1
128931,   0.6,  -0.2,   0.1, -23.0,  -8.3,1009.1,  -0.1,  -0.1
128955,  -0.0,   0.1,   0.2, -22.3,   7.5, 995.4,  -0.1,  -0.2
128983,   0.1,   0.0,  -1.5,  12.9,  -8.3, 985.7,  -0.1,  -0.2
129007,   0.8,   1.4,  -2.5, -14.0, -11.7, 988.1,  -0.1,  -0.2
129031,   0.6,   0.9,  -2.4, -18.1,  -0.0,1003.5,  -0.1,  -0.2
129055,   0.2,  -0.2,   0.4,   4.3, -10.5,1000.1,  -0.0,  -0.2
129083,   0.2,   0.2,  -0.8, -14.5, -19.8, 997.6,  -0.1,  -0.2
129107,   0.3,  -0.5,   0.1,  -1.3,  -3.9,1021.6,  -0.1,  -0.2
129131,   0.6,  -0.4,  -1.0,  -7.6,  -9.6,1014.0,  -0.1,  -0.2
129155,   0.2,   0.5,  -1.6,   9.0,  -0.3, 992.0,  -0.1,  -0.2
129183,   0.8,   1.2,  -2.5, -17.6, -24.4,1001.0,  -0.1,  -0.2
129207,  -1.0,   0.1,   0.5, -11.3,   7.3, 991.5,  -0.0,  -0.2
129231,   0.2,  -0.4,   0.3,   9.0,  10.0,1013.7,  -0.0,  -0.2
129255,   0.3,   0.2,  -0.2,  -3.2,  -4.7, 980.0,  -0.0,  -0.2
129283,   1.4,   0.5,  -2.3,  14.3,  -0.8, 998.4,  -0.0,  -0.3
129307,   0.5,   0.0,   0.1, -14.0,  -7.8,1007.1,  -0.1,  -0.2
129331,   0.1,  -0.0,  -1.2,   8.0,  -5.9, 999.3,  -0.0,  -0.2
129355,   0.9,   0.5,  -2.0,   2.6, -18.3, 983.5,  -0.1,  -0.2
129383,   0.8,  -0.8,  -0.8,  18.0,   5.3,1017.6,  -0.1,  -0.3
129411,  -0.5,  -0.3,   0.3,   0.7,  12.4, 996.7,  -0.1,  -0.3
129431,  -0.1,   0.3,  -0.7,   0.2,   2.4, 996.7,  -0.0,  -0.3
129455,  -1.8,  -0.9,   0.5,   9.0,  -3.7,1005.2,  -0.0,  -0.3
129483,   0.0,  -0.5,  -0.5,   8.5,   9.7, 987.9,  -0.0,  -0.3
129507,   0.2,   0.0,  -0.8, -14.9, -12.7,1001.8,  -0.1,  -0.4
129531,   0.3,   0.7,  -0.9, -23.5,  -4.4, 979.1,  -0.1,  -0.3
129559,  -0.5,  -0.0,   0.6,   5.6,  15.1,1002.5,  -0.1,  -0.3
129583,   0.0,   1.9,  -0.3,  51.0,   6.3, 998.1,  -0.0,  -0.4
129607,  -0.0,   0.6,  -0.3,   3.9,  -5.6, 986.6,  -0.0,  -0.3
129631,  -0.6,   0.8,  -0.8,   5.8,   5.3, 994.2,  -0.1,  -0.3
129659,   0.5,   0.7,  -0.5,   1.9,  -2.7, 998.1,  -0.1,  -0.3
129683,   1.0,  -0.2,  -0.6,  15.8, -20.3,1025.5,  -0.1,  -0.3
129707,  -0.0,  -0.9,  -0.0,   3.1,   2.7, 991.0,  -0.1,  -0.2
129731,   0.7,  -0.3,  -1.7,  -4.2, -14.2,1004.2,  -0.1,  -0.2
129759,  -0.5,   0.2,   0.5,  -7.9,   2.4, 999.6,  -0.1,  -0.3
129783,   0.2,  -0.1,  -0.2,  23.9,   5.3,1014.2,  -0.0,  -0.3
129807,   0.3,  -0.8,  -0.6,  19.2,   2.4,1001.0,  -0.0,  -0.3
129831,  -1.1,  -0.9,   0.2,   8.5,   4.4, 990.3,   0.0,  -0.3
129859,  -0.1,   0.5,   0.3,   0.7,  -3.0,1000.1,   0.0,  -0.3
129883,   1.8,   0.2,  -2.7,   5.8,  20.0, 988.6,   0.1,  -0.3
129911,   0.3,  -1.8,  -1.0,  -3.0,  -7.4,1005.0,   0.1,  -0.4
129931,  -0.4,  -1.1,   0.6,   3.1,  -4.2,1009.6,   0.1,  -0.4
129959,   0.5,  -0.6,  -0.3,  23.4,  -2.5,1002.3,   0.1,  -0.4
129983,  -0.8,  -1.6,  -0.1,   0.9,  -2.5, 995.7,   0.1,  -0.5
130007,   0.5,  -1.7,  -1.0,  10.4,  15.4,1007.4,   0.2,  -0.5
130031,   1.2,  -0.9,  -1.2,  10.2,  11.0, 992.7,   0.2,  -0.5
130057,   1.4,  -2.0,   0.9,  10.0, -15.7, 987.4,   0.2,  -0.6
130081,   1.6,  -2.0,  -0.6,  12.9,   1.4,1000.6,   0.2,  -0.7
130109,   0.6,  -1.8,  -0.9,  18.0,   4.9, 993.5,   0.2,  -0.7
130133,   2.4,  -2.6,  -3.0,  -1.5,  -7.1, 991.8,   0.2,  -0.7
130157,   1.6,  -3.1,  -1.0,  10.7,  -8.1,1001.5,   0.3,  -0.8
130181,   2.7,  -0.5,  -1.4,  11.7,   8.3, 987.1,   0.3,  -0.8
130209,   1.9,  -2.1,   0.5,   6.8,  10.2,1014.7,   0.4,  -0.9
130233,   1.7,  -3.4,  -0.3,  48.3,   4.1,1024.5,   0.4,  -1.0
130257,   1.9,  -1.3,  -2.2,   2.4,  -1.7,1006.4,   0.4,  -1.0
130281,   0.9,  -2.9,   0.6,  30.5,   3.9, 994.0,   0.4,  -1.1
130309,   1.5,  -2.0,  -0.5,  11.4,  31.0,1003.7,   0.5,  -1.1
130333,  -0.5,  -1.1,   0.2,  15.3,   4.6,1008.4,   0.5,  -1.1
130357,  -1.7,  -0.2,   1.0,  25.3,  32.7,1008.4,   0.5,  -1.1
130381,   0.8,   0.6,  -1.4,  13.1,  37.1, 978.6,   0.5,  -1.1
130409,   1.3,   1.1,  -1.4,  14.6,  12.2, 990.3,   0.6,  -1.0
130433,   1.3,   0.9,  -2.1,  13.9,  15.8,1000.1,   0.6,  -1.0
130457,  -0.2,  -1.5,  -0.6,  14.6,  15.1,1011.3,   0.7,  -1.0
130481,  -0.1,  -2.0,   0.2,  13.9,   8.3,1010.1,   0.6,  -1.0
130509,   0.8,  -0.8,  -1.7,  16.5,  11.9, 999.1,   0.6,  -1.1
130533,   0.0,  -1.4,  -1.1,   6.0,  12.9, 998.8,   0.7,  -1.1
130557,  -0.2,  -1.1,  -0.1,  23.4,   5.8, 999.1,   0.7,  -1.1
130581,   0.7,  -1.6,  -0.6,  22.4,  12.2,1015.7,   0.7,  -1.1
130609,   0.3,  -1.6,  -1.5,  23.4,   6.3, 985.7,   0.7,  -1.2
130633,   0.6,   0.0,  -1.6,  33.6,  21.0, 990.3,   0.7,  -1.3
130657,  -0.8,   0.8,  -0.2,  41.7,  18.0, 985.7,   0.8,  -1.3
130681,   0.6,   1.5,  -1.4,  23.1,   9.7, 993.7,   0.8,  -1.3
130709,   0.3,   0.7,   0.6,   4.8,  -0.3, 990.3,   0.8,  -1.3
130733,   0.5,  -0.4,  -0.9,   6.0,  29.5,1004.2,   0.8,  -1.2
130757,  -0.4,  -3.1,   0.3,  20.5,  -0.3,1004.5,   0.8,  -1.2
130785,  -0.2,  -2.8,  -1.4,  25.6,  17.5, 999.3,   0.8,  -1.3
130809,   0.7,  -3.0,  -1.5,  32.4,  17.5, 992.7,   0.8,  -1.4
130833,   1.0,  -2.6,  -1.4,  26.8,  15.6,1000.6,   0.8,  -1.5
130857,   0.2,  -3.8,  -0.6,   7.3,  11.9,1008.6,   0.8,  -1.5
130885,   0.8,  -1.4,  -1.0,  50.7,  13.9,1002.5,   0.8,  -1.6
130913,   1.7,   1.8,  -2.4,  39.3,  14.9, 995.7,   0.9,  -1.6
130933,  -0.6,   0.9,   0.2,  24.6,   6.1,1006.7,   0.9,  -1.5
130957,   0.2,  -1.1,  -0.8,  22.6,   0.2,1009.8,   0.9,  -1.5
130985,   0.8,  -4.2,  -0.3,  33.6,  16.8,1002.3,   0.8,  -1.5
131009,   0.7,  -1.5,  -2.5,  47.8,  -1.7,1009.1,   0.8,  -1.7
131033,  -0.0,  -0.3,  -2.0,  24.6,  36.8, 998.1,   0.9,  -1.8
131057,  -0.9,  -1.0,  -1.1,  34.1,  -2.5, 997.9,   0.8,  -1.8
131085,  -0.7,   2.5,  -0.0,  52.4,  20.2,1007.1,   0.8,  -1.8
131109,  -1.5,   6.0,  -1.1,  47.1,  20.5, 994.5,   0.8,  -1.8
131133,  -2.4,   8.5,   0.3,  20.9,  13.2,1006.7,   0.8,  -1.6
131157,  -3.0,   7.4,  -0.0,  18.5,   2.7, 998.4,   0.7,  -1.4
131185,  -2.7,   5.8,   0.4,  19.0,  -7.1,1001.8,   0.6,  -1.2
131209,  -2.8,   3.4,  -0.2, -19.3,   9.0, 997.1,   0.6,  -1.0
