Time(ms),Gyro X,Gyro Y,Gyro Z,Acc X,Acc Y,Acc Z,Rot X,Rot Y
153373,  -0.1,   0.4,   0.6,   4.5,   8.4, 994.2,   0.4,  -0.8
153377,   0.1,   1.2,   0.2,  -7.2,   5.0,1001.6,   0.4,  -0.7
153381,  -1.0,   0.3,  -0.0,   0.6,   4.0,1004.5,   0.4,  -0.7
153385,  -0.6,   0.8,   0.1,  10.9,   6.2,1002.8,   0.3,  -0.7
153389,  -1.1,   0.9,  -1.4,  -1.1,  12.6, 994.2,   0.4,  -0.7
153403,   0.4,   0.0,  -0.0,  -1.3,  -0.4, 999.6,   0.3,  -0.6
153431,  -0.3,   0.6,  -0.4,   7.9,   5.2, 998.4,   0.3,  -0.6
153435,  -1.1,   0.3,  -0.0,  16.0,  -4.3, 984.9,   0.3,  -0.7
153439,  -1.3,  -0.8,  -0.6,  32.3, -35.8,1016.2,   0.2,  -0.7
153443,  -0.5,   0.4,  -0.6,  53.6,  -7.9,1003.7,   0.2,  -0.8
153457,   0.2,   0.6,  -0.1, -78.2,  60.2, 920.7,   0.3,  -0.6
153461,  -1.7,  -1.8,  -1.2, 133.4, -27.5,1193.2,   0.3,  -0.8
153465,   0.9,   3.7,  -1.0, -71.7, 121.5,1051.4,   0.5,  -0.6
153469,  -1.7,   1.2,   1.8,  17.0,  31.9, 910.0,   0.5,  -0.6
153473,  -0.1,   0.9,  -1.5,  62.6, -21.4,1051.8,   0.5,  -0.7
153499,  -0.8,   0.9,  -0.5, -13.3,   1.1, 967.1,   0.4,  -0.9
153523,  -0.1,   0.8,  -0.4,   3.3, -24.1,1008.9,   0.3,  -0.8
153547,  -0.6,   0.2,   0.1,  26.0,  -4.0,1010.3,   0.2,  -0.9
153575,  -0.5,   1.1,  -0.3,   8.2,  15.0, 995.2,   0.2,  -0.8
153599,  -0.5,   0.9,  -0.3,   3.1,   4.5, 999.8,   0.2,  -0.7
153623,   0.2,   0.4,  -0.9,  14.0,   1.6,1003.7,   0.2,  -0.6
153647,  -1.2,   0.0,  -0.5,   3.8,   5.2, 998.4,   0.2,  -0.5
153675,  -0.0,   0.6,  -0.9,   1.3,   2.3, 999.1,   0.2,  -0.5
153699,  -1.0,  -0.2,  -1.0,  -0.1,   3.3, 997.6,   0.2,  -0.5
153723,  -0.1,  -0.4,  -0.8,   2.3,  11.8,1004.0,   0.2,  -0.5
153747,   0.0,   0.6,  -0.4,   4.3,  15.3,1005.2,   0.2,  -0.5
153775,  -0.8,   0.0,  -1.7,  -2.6,   7.9, 999.8,   0.3,  -0.4
153799,  -1.4,   0.2,   0.0,  -4.0,   1.6,1002.0,   0.3,  -0.4
153823,  -0.9,  -0.3,  -0.6,  -6.5,  12.3,1006.4,   0.3,  -0.4
153847,  -1.0,  -0.1,  -0.0,  14.3,  17.7,1002.8,   0.3,  -0.4
153875,  -0.7,   0.7,  -0.9,  24.5,  16.0,1013.3,   0.3,  -0.4
153899,  -0.5,  -0.1,  -0.0,  -8.4,  15.0, 983.2,   0.3,  -0.4
153927,   0.5,   0.4,  -0.7,  28.2,  19.9,1003.3,   0.3,  -0.4
153947,  -0.5,   0.7,  -0.8,  17.0,  20.9, 998.4,   0.3,  -0.5
153975,  -1.0,  -0.6,  -0.9,  43.8,   6.0,1021.3,   0.3,  -0.5
153999,  -1.0,   0.9,  -0.6,  13.3,   5.7,1001.1,   0.2,  -0.6
154023,   0.4,   0.9,  -0.7,  12.6,  25.0,1011.6,   0.2,  -0.6
154047,  -0.8,   0.7,  -0.1,  -1.3,  -4.5,1000.8,   0.2,  -0.6
154075,  -1.1,   0.0,  -0.8,  35.8, -25.3,1009.6,   0.2,  -0.6
154099,  -0.2,   1.4,  -0.9,  12.1,  21.8,1006.7,   0.2,  -0.6
154123,  -0.2,   1.2,  -0.9,   6.2,   2.6,1002.5,   0.2,  -0.5
154151,   0.8,   0.4,  -0.5,   7.9,   6.2,1002.0,   0.2,  -0.5
154175,  -0.8,  -0.5,  -0.2,  11.8,  58.5,1011.6,   0.3,  -0.5
154199,   0.1,   0.7,  -0.6,  -0.6, -12.1, 987.6,   0.2,  -0.5
154223,   0.1,   0.7,  -0.6,  13.8,  29.7, 999.4,   0.2,  -0.5
154251,  -0.0,  -0.4,  -0.1,  12.3, -24.8, 993.3,   0.2,  -0.5
154275,  -0.4,   0.6,   0.2,  13.1,   8.4, 999.8,   0.2,  -0.5
154299,   0.1,   0.6,  -0.9,   2.3,  22.1,1006.2,   0.2,  -0.5
154323,   0.6,  -0.6,  -0.8,   9.9,  10.9, 998.6,   0.2,  -0.5
154351,  -0.0,   0.1,  -0.4,  14.5,  17.7, 995.7,   0.3,  -0.6
154375,   0.0,   0.3,  -0.7,  18.4,  11.1, 998.9,   0.3,  -0.6
154399,   0.1,   0.0,  -0.4,  11.6,   4.3, 995.2,   0.4,  -0.6
154427,   0.3,   1.4,   0.1,  19.4,  10.6,1002.5,   0.4,  -0.6
154451,  -0.6,   0.7,  -1.2,   8.9,   0.8, 999.4,   0.3,  -0.6
154475,  -0.2,   0.5,  -1.0,  10.6,  -2.3,1000.3,   0.3,  -0.6
154499,  -0.6,   0.9,  -0.6,  11.4,   5.5,1006.2,   0.3,  -0.6
154523,   0.7,  -0.7,  -0.1,   7.4,  -0.6,1001.3,   0.2,  -0.6
154551,  -0.7,   0.5,   0.1,   9.4,   1.8, 996.2,   0.2,  -0.6
154575,  -0.2,   0.0,  -0.3,  10.6,   7.9, 999.1,   0.2,  -0.6
154599,   0.6,   0.8,  -0.4,   9.4,   3.8, 997.4,   0.2,  -0.6
154623,   0.3,   0.6,  -0.6,  11.4,   7.4,1000.8,   0.2,  -0.6
154651,  -0.2,   1.2,  -0.3,  16.2,   8.2,1000.8,   0.2,  -0.6
154675,  -0.4,   0.7,   0.1,   2.3,   8.4,1001.1,   0.3,  -0.6
154699,   0.1,   0.3,  -0.2,   8.9,   4.0, 998.4,   0.3,  -0.6
154726,   0.4,   0.7,  -0.4,   7.2,   2.8,1001.3,   0.3,  -0.6
154750,   0.2,   0.3,   0.7,   9.4,   1.3, 995.9,   0.3,  -0.6
154774,  -1.0,   1.8,   0.1,  17.5,   1.3, 998.9,   0.3,  -0.6
154798,  -0.5,   0.5,  -0.3,  10.6,   0.4,1001.6,   0.2,  -0.6
154826,  -0.7,   1.4,  -0.9,  15.5,   2.3,1000.3,   0.2,  -0.6
154850,   0.3,  -0.1,  -0.1,  10.6,   4.3, 998.4,   0.2,  -0.6
154874,  -1.2,   1.1,  -0.6,  10.6,   8.9, 999.6,   0.2,  -0.6
154898,   0.3,   0.8,  -0.3,   7.7,   4.8, 997.4,   0.2,  -0.6
154926,  -1.1,   0.6,  -1.3,  13.6,   9.9, 998.4,   0.2,  -0.6
154950,  -0.2,   0.9,   0.2,  12.1,  11.6, 995.7,   0.2,  -0.6
154974,   0.0,   0.0,  -0.9,   9.4,   7.0, 999.4,   0.2,  -0.6
154998,   0.1,   0.2,  -0.6,  14.3,   1.1, 997.4,   0.2,  -0.6
155026,  -0.6,   0.4,  -0.4,   8.7,  -0.4,1001.8,   0.2,  -0.6
155050,   0.1,   0.7,  -0.4,  12.1,   6.0, 997.4,   0.2,  -0.6
155074,  -0.9,   0.9,  -0.3,  14.8,   6.2, 999.8,   0.2,  -0.6
155098,  -1.0,  -0.1,  -0.9,  11.6,   2.6,1001.1,   0.2,  -0.6
155126,   0.5,   1.0,  -0.9,  10.6,   6.0, 996.4,   0.2,  -0.6
155150,  -0.8,   0.9,  -0.6,   7.4,   9.1,1001.1,   0.2,  -0.6
155174,   0.3,   0.6,  -0.2,   9.4,   3.8, 999.6,   0.2,  -0.6
155202,   1.5,   0.1,  -1.4,  12.1,   0.4, 999.8,   0.2,  -0.6
155226,  -0.5,  -0.0,  -0.8,   6.2,   1.1, 999.4,   0.2,  -0.6
155250,  -1.0,   0.8,  -1.0,   6.5,   4.5,1000.3,   0.2,  -0.6
155274,  -1.6,   0.6,  -1.0,  13.6,   3.8, 997.6,   0.2,  -0.6
155302,  -0.9,   0.2,  -0.7,  10.1,   4.5,1000.6,   0.2,  -0.6
155326,  -0.4,   0.1,  -0.8,  11.6,   8.4,1002.5,   0.2,  -0.6
155350,   1.0,   0.6,  -0.1,   6.5,   4.8, 998.9,   0.2,  -0.6
155374,   0.6,   0.4,  -0.4,  15.7,   5.5,1001.3,   0.2,  -0.6
155402,  -0.2,   0.8,  -0.0,   7.9,   0.4,1006.4,   0.2,  -0.6
155430,   0.5,   0.8,  -0.1,   8.2,   5.0,1000.3,   0.3,  -0.6
155450,  -0.5,   0.9,   0.1,  14.8,   6.0, 995.2,   0.3,  -0.6
155474,   0.2,   1.2,  -0.7,   9.2,  -1.1,1001.3,   0.3,  -0.6
155502,   1.4,  -0.0,  -1.1,  14.8,   3.8, 999.1,   0.3,  -0.6
155526,  -0.8,   0.8,  -0.7,   7.7,   0.4, 998.9,   0.2,  -0.6
155550,   0.3,  -0.2,  -0.3,   6.2,   4.3, 996.7,   0.2,  -0.6
155574,   0.0,   1.1,  -0.9,   4.8,   5.7, 999.4,   0.3,  -0.5
155602,   0.0,   0.4,  -0.3,   1.1,   7.4, 995.0,   0.3,  -0.5
155626,  -0.9,   1.0,   0.3,   8.7,  10.4, 996.9,   0.3,  -0.5
155650,  -0.2,   1.1,  -0.2,   0.1,   8.4,1003.7,   0.3,  -0.5
155674,  -0.6,   0.6,  -0.3,  11.6,   6.2, 996.4,   0.3,  -0.5
155702,  -0.2,   1.2,  -0.8,  10.9,   2.6, 998.6,   0.3,  -0.5
155726,  -0.2,   0.2,  -1.2,   8.2,   1.1, 998.6,   0.3,  -0.5
155750,   0.8,   0.5,  -0.9,  17.5,   1.8, 994.7,   0.3,  -0.6
155774,  -0.3,   0.6,  -1.2,  13.6,  -2.8, 999.1,   0.2,  -0.6
155802,  -0.2,   0.6,  -0.2,  16.2,   6.7,1003.0,   0.2,  -0.6
155826,  -1.2,   1.0,   0.0,  15.5,   9.1, 998.1,   0.2,  -0.6
155850,   0.1,   0.4,  -0.4,   7.4,  12.3, 999.8,   0.2,  -0.6
155874,  -1.7,   0.6,  -0.3,   7.2,  10.9,1001.6,   0.2,  -0.6
155902,  -0.6,   0.9,  -0.0,   5.2,  14.0, 999.4,   0.3,  -0.6
155930,  -0.6,   0.1,  -0.0,   8.7,  12.1,1000.8,   0.3,  -0.6
155950,  -0.8,   0.7,  -0.3,   6.5,   3.5,1000.1,   0.3,  -0.6
155974,  -0.9,   0.7,  -0.1,   4.5,  -2.1,1001.8,   0.3,  -0.6
156002,  -1.4,   1.0,  -0.4,  13.3,  14.3,1001.1,   0.3,  -0.6
156026,  -0.7,   1.5,  -0.3,  13.1,  -3.3,1000.3,   0.3,  -0.6
156050,   0.9,   0.7,  -0.2,  16.5,   5.5,1003.3,   0.3,  -0.6
156074,   0.1,   0.5,  -0.6,   7.4,  -2.1, 999.6,   0.3,  -0.6
156102,  -0.1,   0.6,  -0.1,  14.3,   1.1, 998.4,   0.2,  -0.6
156126,  -0.9,   1.7,  -0.2,   4.0,   7.2,1000.8,   0.2,  -0.7
156150,   0.1,   1.4,   0.0,  16.0,   3.8,1004.7,   0.2,  -0.7
156178,  -0.6,   0.8,  -1.4,   6.2,   4.8,1004.0,   0.2,  -0.7
156202,  -0.3,   0.4,  -0.2,   4.8,  12.1, 996.2,   0.2,  -0.7
156226,   1.0,   0.9,  -0.9,  12.8,   6.7,1003.5,   0.3,  -0.7
156250,  -0.9,   1.7,  -0.5,   2.1,   5.7,1002.5,   0.3,  -0.7
156278,   0.5,   0.2,  -0.4,   9.9,  12.3,1000.1,   0.3,  -0.6
156302,  -0.0,   1.1,   0.3,  12.3,   7.7, 998.1,   0.3,  -0.6
156328,   0.2,   0.6,  -0.6,   6.0,   2.1,1000.8,   0.3,  -0.6
156352,  -1.0,   1.8,   0.6,  12.6,   0.6,1003.3,   0.3,  -0.6
156376,   0.3,   1.2,   0.4,  11.4,   1.3, 998.6,   0.3,  -0.6
156400,  -0.0,   0.9,  -0.8,  10.4,  -0.4, 999.6,   0.2,  -0.6
156428,  -1.4,   0.9,  -0.2,  17.7,   8.2,1000.3,   0.2,  -0.6
156452,   0.1,   0.9,  -0.9,   5.0,   7.7, 998.4,   0.2,  -0.6
156476,   0.2,   0.6,  -0.9,   4.8,   7.0, 998.1,   0.2,  -0.5
156500,   0.6,   0.0,  -0.5,  10.4,   4.3,1005.0,   0.2,  -0.6
156528,  -0.4,   0.6,  -0.2,   7.4,   3.3, 995.7,   0.2,  -0.5
156552,  -0.8,   1.3,  -0.6,   8.2,  -0.6,1000.8,   0.2,  -0.6
156576,  -0.0,   0.7,  -0.0,  11.8,   6.2,1003.3,   0.2,  -0.6
156600,  -0.6,   0.3,  -0.8,  15.5,  -0.4, 998.9,   0.2,  -0.6
156628,  -0.5,   1.1,  -0.0,  11.8,  -1.1,1000.3,   0.2,  -0.6
156652,   1.1,  -0.4,  -0.4,  16.7,  -6.0, 999.6,   0.2,  -0.6
156676,  -0.2,  -0.2,  -0.3,   2.1,   7.2, 999.8,   0.2,  -0.6
156700,  -0.0,   0.0,  -1.1,  33.3,  10.1, 999.8,   0.2,  -0.6
156728,  -0.1,   1.1,  -0.8, -35.5,  16.5, 991.5,   0.3,  -0.6
156752,  -1.1,   1.6,  -0.9,  -1.1,  14.5,1010.1,   0.3,  -0.6
156776,   0.6,   2.6,   0.2,-118.0, -14.0, 870.4,   0.4,  -0.4
156800,  -1.0,  -0.2,  -0.9,  -7.0,  -2.6,1101.9,   0.3,  -0.7
156828,  -1.4,   1.0,   0.3,  83.9, -15.0, 995.2,   0.3,  -0.5
156852,   0.1,   1.4,  -0.8, -14.3, -36.0, 982.8,   0.1,  -0.6
156876,  -0.8,   1.4,   0.3, -47.5,   3.5, 969.8,   0.2,  -0.5
156900,   0.5,  -1.4,  -0.3,  44.6,  18.2,1009.9,   0.1,  -0.5
156928,  -0.3,   1.7,  -1.2, -42.4, -10.6,1005.5,   0.1,  -0.4
156952,   0.1,   0.4,  -0.7,  13.6, -21.4, 992.5,   0.0,  -0.4
156976,  -0.0,  -0.5,  -0.6,   4.0,  22.1, 974.0,   0.1,  -0.4
157000,   1.4,   1.3,  -1.4,  12.1,  52.4,1000.6,   0.2,  -0.5
157028,   0.4,   1.4,  -0.0, -69.0, 100.2, 968.3,   0.4,  -0.5
157052,   0.1,   2.3,  -0.6,  17.2,  13.3,1011.8,   0.5,  -0.6
157076,  -0.1,   1.9,   0.1, -13.5,   9.6,1013.3,   0.6,  -0.5
157100,  -0.8,   1.5,  -0.3,  27.7,  -9.2,1014.2,   0.6,  -0.5
157128,  -0.6,   1.0,   0.2,  14.8,  -6.5,1013.0,   0.4,  -0.5
157152,  -0.0,   1.5,  -0.6,   9.9, -30.2, 994.0,   0.2,  -0.5
157176,  -0.8,   0.5,  -0.5,  16.2, -10.6,1010.8,   0.1,  -0.5
157204,   0.0,   0.5,  -1.0,   0.4,  -1.3, 998.4,   0.1,  -0.5
157228,   0.6,   0.1,  -0.7,   1.1,   9.4, 997.4,   0.1,  -0.4
157252,   0.8,   0.0,  -0.9,  15.7,  15.5, 993.7,   0.1,  -0.4
157276,   0.3,   0.9,  -0.9,  25.3,   7.0, 998.4,   0.2,  -0.5
157304,   0.1,  -1.0,  -0.7,  18.7,   8.4, 999.4,   0.2,  -0.6
157328,   1.1,   0.7,  -1.0,   7.0,  10.1,1002.8,   0.2,  -0.6
157352,  -0.6,  -0.5,  -0.5,   9.4,  13.3, 991.5,   0.3,  -0.6
157376,  -1.7,   0.7,   0.5,  30.4,  16.7,1004.7,   0.4,  -0.7
157404,  -1.1,   1.8,  -0.2,  19.4,   8.9,1001.6,   0.4,  -0.7
157432,  -0.8,   1.4,  -0.8,  16.0,  -3.1, 996.2,   0.4,  -0.7
157452,  -1.1,   1.1,  -0.4,  11.6,  -0.4, 996.2,   0.3,  -0.7
157476,   0.4,   0.6,  -0.6,  -4.8,  -5.0,1000.1,   0.3,  -0.6
157504,   0.3,   0.9,  -0.4,  13.6,  -6.2, 998.6,   0.2,  -0.6
157528,  -1.0,   1.1,  -0.4,  13.6,  -4.5,1007.9,   0.2,  -0.6
157552,  -0.5,   0.8,  -1.7,   9.6,  -5.0,1001.3,   0.1,  -0.6
157576,  -0.5,   0.9,  -1.4,   9.6,   4.0, 997.6,   0.1,  -0.6
157604,   0.1,   0.7,  -0.9,   3.8,  -1.3, 990.6,   0.1,  -0.6
157628,  -0.6,   0.8,  -1.7,  11.1, -13.3,1007.2,   0.0,  -0.6
157652,  -0.4,   0.5,  -1.2,  10.4,  -9.2,1001.6,  -0.0,  -0.6
157676,   1.0,   0.7,  -1.2, -22.6,  43.6,1000.3,   0.1,  -0.5
157704,   0.2,  -1.1,   2.6, -26.0, 182.7, 978.4,   1.0,  -0.3
157728,  -5.8, -15.3,   3.0, 503.5,-722.1,1171.5,   0.8,  -0.1
157752,   1.3,  -6.6,   3.7, 967.9, 108.0,1215.9,   0.8,  -0.4
157776,  -0.4,   4.2,   0.5, 239.1, 143.4, 900.2,   1.1,  -0.6
157804,  -3.0,   1.8,   1.8,-194.9,-118.8, 834.8,   1.4,  -0.2
157828,   1.2,   4.7,   3.3,-153.0, -71.7,1066.7,   1.3,  -0.1
157852,  -1.7,   1.5,  -1.1, -94.4, -94.4,1025.5,   1.1,   0.2
157876,   0.0,  -0.7,  -5.6,  27.2, -10.9,1026.9,   1.0,   0.1
157904,  -0.1,   0.1,  -0.8, -33.8, -33.1, 946.1,   0.5,  -0.2
157935,  -0.7,   2.3,  -0.4,-155.2,  38.4, 968.6,   0.5,   0.0
157951,  -0.3,   1.2,  -1.0,  56.0, 118.5, 889.2,   0.9,   0.1
157979,   1.0,   4.8,  -3.8,-192.7,  84.6, 953.0,   1.1,   0.0
158003,   0.2,  -0.8,  -0.4, 170.8,-148.1, 917.1,   1.0,  -0.2
158027,  -0.2,   1.4,   3.2, 113.6, -75.1,1109.2,   0.7,  -0.6
158051,   0.8,  -0.2,   4.0, -57.3,   0.4,1023.0,   0.7,  -0.3
158079,   0.7,   1.9,   3.5,  40.2, -23.3,1028.9,   0.6,  -0.3
158103,   0.2,   1.7,   2.8, -37.0, -23.8, 974.5,   0.5,  -0.3
158127,  -1.1,   1.2,   1.3,  47.0, -33.6,1005.7,   0.3,  -0.6
158151,  -1.0,   2.3,  -0.6,  33.8, -36.0, 973.7,   0.1,  -0.8
158179,   0.0,   0.3,  -4.0,  46.8, -41.6, 996.7,  -0.2,  -0.8
158203,  -1.0,   4.1,  -6.3, -92.4, -78.5,1009.9,  -0.4,  -0.9
158227,   1.9,   0.4,  -8.7,-516.5, 148.1, 874.8,  -1.0,  -0.3
158255,  -0.5,   2.7,  -7.3, 253.1, -90.0, 976.2,  -0.9,  -1.3
158279,  -0.5,   5.0,  -6.5,-329.7, -27.2,1007.2,  -0.8,  -0.5
158303,   0.3,   1.2,  -2.6,-116.1, -46.0, 996.7,  -0.8,  -0.2
158327,   0.0,   1.1,   0.0,   0.9,   8.9,1022.8,  -0.6,  -0.1
158355,  -0.6,   3.4,   5.7,-145.6, -13.3, 954.7,  -0.6,   0.2
158379,  -0.3,   4.3,   7.1, -69.2, -28.9, 999.4,  -0.8,   0.3
158403,   0.0,   0.6,   6.3,   5.5,-104.1,1008.4,  -1.1,   0.6
158431,  -0.2,   1.1,   1.0,  61.6,-109.3,1011.8,  -1.2,   0.6
158455,   0.8,   1.2,   1.1,  78.7,  48.2, 974.9,  -1.0,   0.4
158479,   0.8,   2.8,   3.0, -61.9,  77.5, 994.5,  -0.6,   0.2
158503,   1.1,  -0.5,   3.9, -57.7,  66.3, 998.4,  -0.1,   0.8
158527,   0.1,  -0.7,   2.7, -98.3,  35.8,1003.7,   0.2,   1.0
158555,  -0.1,   0.1,   1.2, 119.8, 118.3, 999.6,   0.6,   0.6
158579,   0.5,   0.1,   2.0, -13.3, 110.0, 984.0,   1.3,   0.3
158603,  -1.0,   1.8,   4.6,  10.1, 124.9, 989.8,   2.0,  -0.1
158627,   0.5,   0.6,   6.0, -54.1, 111.4, 983.0,   2.5,   0.0
158655,   0.7,   0.9,   4.5, -19.4, 113.9, 988.1,   3.1,   0.1
158679,   2.5,   0.0,   5.2,  63.4, 127.8,1004.0,   3.6,  -0.1
158703,   0.4,  -0.5,   4.8,  70.9, 100.2,1012.0,   4.0,  -0.4
158727,   0.6,   2.2,   5.4, -45.0, 120.0, 962.7,   4.4,  -0.3
158755,   0.0,   1.4,   3.5,  32.6,  96.6, 995.4,   4.7,  -0.3
158779,   0.2,   0.7,   2.2,  44.1,  84.8, 987.4,   4.8,  -0.5
158803,  -0.7,   0.9,   0.5,  68.7,  80.7, 990.8,   4.9,  -0.7
158827,  -1.5,   0.9,  -1.7,  78.0,  46.5,1019.1,   4.8,  -1.1
158855,  -2.1,   0.1,  -4.7,  82.4,  29.4,1010.6,   4.6,  -1.4
158879,  -1.8,   1.6,  -7.0,  29.4,  74.3, 997.6,   4.4,  -1.5
158903,  -1.2,   0.6,  -8.0,  13.6,  84.1, 989.8,   4.5,  -1.6
158931,  -1.2,  -0.1,  -9.6, 108.8,  11.1,1008.6,   4.5,  -1.7
158955,  -0.9,   0.5, -11.4,  86.5,  55.0,1002.3,   4.2,  -1.9
158979,  -1.4,   1.7,  -8.6,   4.8,  75.6, 993.5,   4.3,  -1.7
159003,   0.1,   2.2,  -8.9,  -9.2,  -5.3,1015.7,   4.2,  -1.6
159027,  -1.6,   1.2, -11.3, -32.8,   6.0,1008.6,   3.8,  -1.4
159055,  -1.6,  -2.2, -12.5, 102.4, -57.0, 990.6,   3.2,  -1.5
159079,  -0.9,  -1.6, -15.4, 103.4, -60.7, 953.5,   2.7,  -1.6
159103,  -0.5,   0.9, -15.4, 107.5,  14.3,1019.1,   2.5,  -2.0
159127,  -2.3,   0.4, -15.3, -28.2,  17.0, 967.9,   2.4,  -2.0
159155,  -2.2,   0.8, -15.4,  62.1,   8.2,1042.1,   2.2,  -1.9
159179,  -2.2,   0.7, -15.2, -48.9, -19.4,1002.5,   2.0,  -1.6
159203,  -4.0,  -1.8, -15.3,  67.5, -41.4,1006.2,   1.5,  -1.5
159231,  -1.7,  -0.1, -15.2, 121.5, -66.5, 993.3,   0.8,  -1.8
159255,   0.3,   1.3, -15.5, 102.9,-171.5,1016.4,  -0.3,  -2.3
159279,   0.9,  -1.4, -17.8,-193.2,  -8.9,1029.1,  -0.9,  -1.5
159303,   3.6,   8.0, -15.3,-428.8, 161.0, 992.8,   0.1,  -1.3
159331,   3.1,  -0.1,  -9.5,-266.7, 399.5,1008.9,   1.0,  -0.6
159355,   3.0,  -4.4,  -5.1,  94.1, -60.7,1006.9,   1.4,  -0.2
159379,  -2.1,   0.7,  -5.3,  15.0,  -6.5, 936.4,   1.4,   0.1
159403,   0.8,   1.5,  -3.8,   4.3, 205.4, 993.0,   1.6,   0.1
159431,  -1.9,  -1.4,  -3.1, 133.4, 133.4, 952.7,   1.7,  -0.0
159455,   0.7,   0.1,  -1.2,  44.1, 159.3,1027.4,   2.2,   0.1
159479,   0.1,   1.4,   1.3,-136.1,  43.8,1067.2,   2.3,   0.5
159503,   0.3,   1.0,   2.2, -10.4, -27.7, 946.6,   2.4,   0.7
159529,  -0.5,   1.4,   6.2,  -2.1, 136.6,1006.4,   2.8,   0.9
159553,  -0.1,   0.7,  11.9, -86.8, 100.5,1028.7,   2.9,   1.3
159581,   1.2,   4.5,  15.2,-212.5, 145.6, 993.0,   3.3,   1.6
159605,  -1.1,   4.2,  17.1,-178.8, -30.2,1027.7,   3.4,   2.1
159629,   0.1,   2.6,  19.8,-132.2,  33.6,1062.1,   3.3,   2.4
159653,  -1.0,   4.2,  22.6, -65.6, -23.8,1021.3,   2.9,   2.4
159681,  -3.1,   2.9,  21.5, -81.7, -41.1, 918.5,   2.5,   2.5
159705,   0.1,   1.9,  18.2,  73.6,  23.1,1004.5,   1.7,   2.3
159729,   2.0,   0.5,  14.0,  -2.1,   4.3, 919.3,   1.3,   2.3
159753,  -0.2,  -1.3,  11.6, 158.3,  33.3, 973.7,   1.3,   1.4
159781,  -2.6,   5.4,   9.9, -78.2, 106.8, 938.6,   1.9,   0.8
159805,  -5.0,  -8.2,  15.1, 113.6, -27.5,1378.0,   1.8,   1.3
159829,  -1.9,   3.9,  12.6, -35.8,-189.1, 837.0,   0.8,   1.2
159853,   0.3,   3.6,  10.4,   3.1, -59.5,1036.2,   0.2,   0.8
159881,   1.1,   2.4,   8.4, 174.4,  72.4, 960.0,   0.7,   0.7
159905,   1.1,  -2.3,   9.1, 192.0, 100.7,1028.2,   0.8,   0.6
159933,  -0.6,  -0.1,   5.4,  96.3,-112.7, 997.2,   0.6,   0.5
159953,  -2.2,   3.5,   1.0, -45.0,-179.1, 906.8,  -0.3,   0.3
159981,  -2.3,   2.0,  -5.9,  44.6,-207.9, 984.5,  -1.6,  -0.4
160005,  -0.3,   2.5,  -7.0, -36.7,  15.3, 995.9,  -1.7,  -0.8
160029,  -1.2,   0.7,  -7.6, -66.0, -25.0,1000.6,  -1.8,  -1.1
160053,  -1.7,   1.5,  -8.9, -96.6, -65.6,1002.5,  -1.9,  -1.0
160081,  -1.1,   1.2,  -9.7,  65.3, -43.6, 994.0,  -2.2,  -1.3
160105,  -0.3,   0.6,  -7.7,  69.9,   6.2,1037.0,  -2.2,  -1.6
160129,   0.6,  -0.2,  -7.8,  88.5, 103.1,1033.8,  -1.7,  -1.8
160153,   0.5,   1.8,  -7.5,-101.9,  66.0, 972.0,  -1.2,  -1.2
160181,   1.1,  -0.2, -10.0,  46.8, -38.7, 965.7,  -1.3,  -1.0
160205,  -0.5,  -4.1, -11.4, 170.8,  -7.2,1021.3,  -1.4,  -1.1
160229,  -1.0,  -0.2, -13.8, 101.2,  -6.5, 964.7,  -1.5,  -1.4
160257,  -0.3,   1.5, -15.2, -62.4, -59.9,1021.8,  -1.5,  -1.3
160281,  -1.9,  -0.8, -15.5,  15.5,   1.1, 973.7,  -1.6,  -1.3
160305,  -1.4,  -1.2, -15.4,  35.8, -12.3,1039.6,  -1.6,  -1.4
160329,  -3.2,  -2.6, -15.4, 109.0, -53.4, 998.4,  -1.8,  -1.5
160357,  -3.4,  -0.5, -15.5, 235.5,-190.6,1063.8,  -2.6,  -2.1
160381,   0.8,   5.6, -15.4, -67.3, -92.4, 975.7,  -3.2,  -2.1
160405,   4.0,  -1.0, -15.3, -93.1, -44.6,1123.6,  -3.0,  -1.4
160433,   2.4,  -4.4, -15.3,  45.8,  70.4, 995.4,  -2.9,  -1.6
160457,   0.3,  -2.1, -15.2, 189.1,   2.1,1023.5,  -2.3,  -1.8
160481,   0.8,   0.3, -15.4,-125.6,   0.1, 983.7,  -2.3,  -1.5
160505,  -1.1,  -1.4, -15.3, 113.4,-109.7, 991.1,  -2.5,  -1.3
160529,  -1.1,   1.1, -15.2,-126.1,-104.6, 959.3,  -2.8,  -1.0
160557,  -0.2,  -0.2, -15.3,  33.8,  53.3,1073.3,  -2.9,  -1.1
160581,   1.3,  -1.8,  -8.9,  24.5,  11.6, 939.8,  -2.2,  -1.0
160605,   1.1,   3.3,  -2.9, -93.9,  35.0, 924.6,  -1.9,  -1.0
160629,   2.7,   3.9,  -0.1,-254.5, 173.7,1024.3,  -1.1,  -0.2
160657,   3.7,  -6.5,  -3.6, 208.6, -13.3,1113.1,  -0.7,   0.6
160681,  -0.4,   1.2,  -6.2,  59.0,  43.8, 975.4,   0.0,  -0.2
160705,   1.7,   4.9,  -2.3,  44.6, 132.4, 965.2,   0.2,  -1.0
160729,  -0.8,   2.6,  -1.1, -86.3,  81.7,1076.0,   0.9,  -0.5
160757,   0.1,  -0.2,  -2.9, -12.6, 123.4,1010.1,   1.7,   0.1
160781,  -0.2,  -1.0,  -4.2,  35.8,  71.4, 938.6,   2.0,   0.4
160805,   1.5,  -0.5,  -3.3,  36.5, 103.9,1013.3,   2.4,   0.2
160829,   1.9,  -3.8,  -0.6,  91.4, 139.8,1029.9,   3.0,   0.0
160857,   1.6,   0.7,  -1.3, -70.7, 131.7,1025.2,   4.1,  -0.1
160881,   0.3,  -3.8,   0.7, -94.6,  72.6, 949.1,   4.5,   0.4
160905,   1.1,   6.8,  -2.3, 257.4, -84.8,1048.7,   4.1,  -1.0
160933,   2.3,   3.4,  -1.9,-107.1, 158.1, 871.2,   4.4,  -0.8
160957,  -2.1,  -2.6,  -2.5, 171.5, 207.1, 975.9,   5.6,  -1.0
160981,  -2.9,  -1.1,   0.8,-381.0,-134.6, 673.4,   5.1,   0.0
161005,   0.6,  -1.2,  -2.4, 380.7, 107.1,1106.3,   5.1,  -0.8
161029,  -2.5,   3.3,  -2.3,-170.5,  84.1, 883.4,   5.2,  -0.1
161057,  -1.6,   3.7,  -1.8,  63.8,  81.4,1038.2,   5.2,  -0.3
161081,  -0.8,   3.7,  -0.4,-227.9, -49.7, 771.8,   4.4,   0.2
161105,  -3.3,  -2.3,  -1.9,  -6.2,-161.0,1284.8,   3.7,   0.2
161131,   0.6,  -1.1,  -2.0, 433.0, -18.2,1022.5,   3.6,  -0.2
161155,   1.1,   1.5,  -1.1,  35.0, 115.1,1052.6,   3.2,  -0.1
161179,   1.2,   4.3,  -1.2,-166.4, 138.3, 881.2,   3.3,   0.1
161207,  -1.9,  -7.7,  -0.3, 354.1, -34.8, 999.4,   3.4,   0.4
161231,  -1.7,   8.1,   1.1, 115.4,-226.0,1115.6,   2.2,  -0.5
161255,   3.4,   3.7,   1.6,  12.1, 186.2,1161.0,   2.7,   0.3
161283,  -0.4,  -4.9,   1.3,  99.7, 404.7, 929.8,   4.1,   0.7
161307,  -5.7,  13.0,   1.8,-1015.7,-137.8, 697.1,   3.2,   0.9
161331,  -0.3,   1.0,   0.7, 629.3, 106.8,1446.1,   2.5,   0.4
161355,  -1.7,   1.4,  -1.7,-488.2, -26.0, 822.6,   1.4,   1.7
161383,  -1.2,  -3.3,  -1.5, 300.4, -97.1, 985.2,   1.0,   1.2
161407,   2.2,   2.0,  -1.7,-111.0,  36.5,1009.4,   0.6,   1.3
161435,   0.9,   3.4,  -6.5, 133.4,-135.4,1194.2,   0.5,   1.3
161455,   0.1,   0.8,  -3.2,  63.4,  33.3, 930.5,  -0.2,   1.7
161483,   1.1,  -5.8,   0.3, 232.8,  92.9, 997.6,  -0.2,   1.4
161507,   2.5,   2.8,   2.9, -44.6, -13.3,1175.9,   0.1,   1.3
161531,   8.4,   9.7,   6.0,-534.3, 581.4,1453.2,   0.4,   1.5
161555,  -1.2,   6.0,  -2.5,-590.7,-123.2, 780.4,   1.2,   2.0
161583,   0.3,  -3.2,   1.6,   7.9, -21.6,1034.8,   0.1,   1.2
161607,  -0.3,   2.6,   4.4, 200.8, 343.1, 938.8,   1.4,   0.6
161631,  -1.7,   6.6,   8.0,-277.2,-307.7,1366.1,   1.5,   1.4
161655,  -0.2,  -5.0,   4.5, 275.0,  37.2, 934.2,   2.3,   0.7
161683,  -2.7,   1.3,   4.3, -21.4, 241.6,1171.2,   2.6,   0.9
161707,  -2.4,  -0.4,   7.3, 239.6,  17.7, 928.1,   2.6,   0.7
161731,  -3.6,   1.0,   8.1,-357.3,   7.9,1127.0,   2.9,   1.7
161755,  -4.6,  13.9,   4.4, 195.9,-158.8, 973.7,   2.9,   0.4
161783,  -4.1,  10.8,   2.1,  61.6, 419.1, 908.0,   3.7,   0.2
161807,   2.5,  -5.2,   7.8,  53.6, 348.3, 769.4,   3.7,   0.9
161831,   5.1,  -5.3,   6.0, 503.8,  55.0,1102.1,   3.0,   0.0
161855,   2.3,   3.7,   4.9,-406.9,-193.0,1161.0,   3.8,   0.9
161883,   0.8, -12.7,   5.2, 677.4, -77.5, 814.5,   3.5,   0.6
161907,   0.8,   8.8,   1.7,-507.4,  83.1, 780.4,   2.9,   0.5
161935,   0.3,  -4.5,   4.7, 138.6,-248.4,1281.3,   2.7,   0.2
161955,   4.1,  -1.4,   5.0,  26.5, 173.2,1177.1,   2.9,   0.1
161983,   5.8,   8.1,   4.2,-206.2, 100.0, 962.0,   2.7,   0.5
162007,   5.5,  -0.5,   3.3, 193.5,  55.0,1237.1,   2.7,   0.4
162031,   0.8,   0.9,   1.6, -43.3,-126.6, 946.1,   2.5,   0.6
162055,   1.4,  -3.6,   2.4, 206.2,  80.2,1025.0,   2.0,   0.9
162083,   1.8,   2.4,  -2.0,-178.6, 154.4,1040.1,   1.6,   0.7
162107,   4.1,   1.1,  -2.0, 201.5,-118.5,1024.3,   1.8,  -0.6
162131,   7.2, -10.4,   4.3,-195.7,  66.5,1245.0,   1.9,   0.7
162155,   4.5,   8.8,  -1.8,-298.9, -66.3,1037.7,   1.6,   0.0
162183,   1.1,  -4.7,  -1.2, -66.5,-204.7, 828.2,   1.6,   0.5
162207,   3.8,   5.3,  -1.9,-384.4, -95.6, 705.2,   1.0,   0.5
162231,   5.0,  -9.1,  -1.4, 464.2,  86.5,1023.3,   0.7,   0.0
162259,   4.8,   4.4,  -4.3,-150.8,-161.7, 949.3,  -0.2,  -0.0
162283,   2.3,  -4.0,  -0.8, 326.1,  70.4,1154.4,  -0.0,   0.1
162307,   0.5,   5.3,   1.6,  23.3, -55.1,1160.2,   0.0,   0.0
162331,   3.2,   0.8,   0.3, -91.4, 134.1, 952.0,   0.3,   0.6
162359,   1.5, -28.1,   4.3, 572.4, 727.4, 895.6,   1.1,   0.6
162383,  -1.1,  -2.9,   5.0, 623.2,-308.0, 974.9,  -0.2,  -0.3
162407,  -3.5,   7.6,   1.1,-524.5, 219.6, 860.4,   0.7,   0.2
162435,  -4.4,   6.5,   1.8,-339.5, -52.1,1010.3,   0.4,   0.7
162459,   2.9,  -3.3,   4.1, 167.8, 253.8, 935.9,   0.5,   0.9
162483,   5.2,   5.3,  -0.1, -40.2, 184.4,1028.9,   1.0,   0.1
162507,  -0.0,   0.7,   1.0, -41.1,  35.3,1048.9,   2.0,   0.8
162531,  -3.9,  -1.6,   1.5,  68.2,  76.5,1080.4,   2.6,   0.7
162559,  -3.2,  -3.6,   2.4, 117.6, 147.6,1012.5,   2.7,   0.7
162583,   0.3,   3.2,   0.8,-105.6, 143.2, 876.6,   2.4,   0.7
162607,   0.4,  -4.2,  -0.7, 313.1, 185.2,1031.6,   2.7,   0.3
162631,   2.2,  -0.3,  -0.3, 125.4,  36.7, 956.6,   3.0,   0.1
162659,   0.2,   1.3,   2.8,-228.1, 104.9, 892.2,   3.2,   0.5
162683,  -1.1,  -5.8,   2.5, 183.0,   1.8, 878.3,   2.7,   0.5
162707,  -6.2,  -3.0,  -1.8, 569.5,  -9.2,1124.8,   2.6,  -0.6
162733,   1.5,   3.3,   0.6,-803.6, 129.0,1085.8,   1.7,   0.4
162757,   5.0,  -0.7,   1.9, 397.8, 231.8, 934.9,   1.6,   0.0
162781,  -1.9,   1.4,  -1.7,-248.4, -97.3,1012.0,   1.6,   0.2
162809,  -2.8,  -3.2,  -3.1, 118.5,-180.1, 950.0,   1.7,   0.3
162833,  -0.6,   3.7,  -1.4,-155.9,  30.1, 979.6,   1.4,   0.2
162857,  -2.1,   1.9,  -2.1,   3.1,  39.4,1133.9,   1.1,  -0.1
162881,  -1.0,  -1.3,  -2.1,  37.2, -93.1,1118.0,   0.7,  -0.0
162909,   1.1,  -2.1,  -3.6,   8.9,  80.2, 932.5,   0.7,   0.4
162937,   2.7,   0.8,  -4.4,  -6.7,  39.7, 888.8,   0.7,   0.4
162957,  -0.8,  -0.4,  -4.9, -43.3,  56.5,1014.0,   1.2,   0.3
162981,  -1.9,  -0.5,  -1.5,  36.3,-246.7,1152.2,   0.3,   0.3
163009,  -3.3,  -3.3,  -2.8,-109.5, 204.0,1053.8,   0.6,   0.7
163033,  -3.5,   5.4,  -3.7, 287.2,-321.4, 859.0,  -0.5,  -0.9
163057,  -2.9,  10.0,  -3.3,-449.3,-220.6,1107.3,  -1.2,  -0.2
163081,   5.5,  -2.7,   2.3, 278.9, 158.1,1062.3,  -2.4,  -0.2
163109,   4.9,   5.0,  -1.2,-305.8, 152.7,1140.0,  -1.3,   0.2
163133,   4.2,  -5.0,  -1.2,-248.7,-200.3, 874.4,  -0.9,   1.3
163157,   2.5, -11.9,  -0.7, 118.5, 512.8, 726.6,   0.5,   1.0
163181,   1.2,  -2.5,   1.3, 600.0,-222.5,1021.6,   0.0,  -0.4
163209,  -1.3,  -6.7,   2.3,  47.7, -13.3,1109.9,   0.4,   0.0
163233,   2.6,   5.9,   0.8,-233.5, 139.5, 875.1,   1.1,   0.2
163257,   3.7,  -0.7,   0.8,  64.3, 360.0, 993.7,   2.2,   0.4
163285,   3.9,  -1.2,   2.3, -72.6, 118.0,1153.7,   3.1,   0.4
163309,   2.8,  -1.1,   4.4,-184.7,  43.6, 835.8,   4.0,   0.6
163333,   3.1,   0.8,   3.0, 157.8, 185.2,1078.5,   4.6,   0.2
163357,   1.8,   5.3,   1.4,-145.6, 327.0, 925.1,   5.5,   0.3
163385,  -8.1,   1.4,   0.7, 141.5,-131.2,1900.5,   7.1,  -0.4
163409,  -3.5,   0.9,   5.0, -41.4, 198.6, 711.3,   7.2,   0.4
163437,  -0.9,   8.9,   2.7,-357.5, 399.0, 828.9,   7.7,   1.1
163457,  -1.2,  -2.0,   5.0,  98.5, 150.5,1038.4,   7.5,   1.6
163485,  -4.4,   4.7,   4.1,  20.4, 133.4,1166.8,   6.8,   0.8
163509,  -2.6,  -4.2,   4.2, 194.2, -44.8,1003.0,   6.0,   1.0
163533,  -4.3,   5.1,   2.9,-131.7, -19.9, 951.5,   5.0,   0.6
163557,   0.7,   0.4,   1.3, 245.2,  85.1,1250.8,   4.8,   0.6
163585,   1.5,  -1.4,   2.5,-129.5, 128.0, 917.3,   5.5,   1.0
163609,  -1.7,   2.5,   2.3, 104.1, 174.2, 775.5,   5.5,   0.5
163633,  -6.3,  15.2,   1.0,-391.7,-316.3,1351.9,   5.5,   0.8
163657,  11.7,  -7.3,   3.4,  64.3, 669.1, 730.6,   3.6,   1.5
163685,   0.9,   6.7,  -3.3,-224.0, 262.1,1109.5,   4.1,   1.2
163709,   0.3,  -0.2,  -1.5,-380.5,-228.9, 972.7,   3.7,   1.8
163733,  -1.9,  -0.1,  -0.4, -58.0, -68.5, 998.9,   3.2,   1.0
163757,  -3.4,  -3.5,   0.8, 207.4,-165.4,1024.7,   2.4,   0.9
163785,  -1.9,   7.0,  -1.2, -66.8,-130.5, 929.0,   1.4,   0.4
163809,  -0.5,  -4.0,  -1.2, 183.5, -58.2, 937.8,   1.2,   0.5
163833,   2.8,  -0.2,  -2.3, 166.1,  38.4,1173.2,   0.9,  -0.2
163857,  -1.4,  -0.5,  -2.2, -80.0,  -7.0, 855.3,   1.0,   0.2
163885,   0.1,  -0.7,  -0.8, 108.0,  42.1,1023.3,   0.4,  -0.2
163909,  -2.7,  -0.7,  -2.3, 117.3, -26.5,1030.8,   0.5,  -0.5
163937,   3.0,   2.7,   0.5,-191.8,-510.4,1515.5,   0.1,  -0.4
163957,   4.5,  -4.7,   1.9,  75.6, 172.5, 970.8,   0.6,   0.5
163985,   4.4,  -0.7,   1.0,   4.0,   7.9, 882.4,   1.9,   0.2
164009,   4.7, -10.1,  -1.2, 155.6, 244.5, 999.8,   2.8,   0.8
164033,   1.8,  -2.2,  -0.1, -42.6, -57.0, 990.1,   2.8,   0.0
164057,  -1.3,  -1.9,   2.7, 244.0, -30.6,1026.5,   2.5,  -0.8
164085,  -0.7,   4.0,   2.5,-127.6,  81.2, 908.0,   2.6,  -0.6
164109,   2.8,   6.3,   1.8,-274.8, 257.0, 918.1,   3.3,  -0.3
164133,   2.0,  -1.0,   1.4,  -6.5, 255.7, 939.5,   4.5,  -0.2
164157,  -3.0,  -1.1,   2.4, 194.9, 112.4, 904.4,   5.2,  -0.4
164185,  -0.3,   6.4,   4.4, -37.0, 101.7, 982.3,   5.2,  -0.5
164209,  -2.5,  -0.5,   2.6, -55.1, 486.7, 839.0,   6.4,  -0.2
164233,  -5.8,   1.5,   2.5,  38.9, 410.8, 802.8,   7.6,  -0.2
164257,   8.4,  -1.0,   9.9, 518.2, 397.3, 558.7,   6.8,  -0.5
164285,   2.6,   6.5,   3.2,-177.1, 386.3, 803.3,   8.4,   0.1
164309,  -3.8,   0.0,   3.5,  13.6,  86.1, 818.4,   8.6,   0.0
164335,  -7.1,  -1.1,   2.8, 133.7, -49.9, 873.6,   7.6,  -0.3
164359,  -9.0,   3.6,   1.8,  22.3, -61.2,1089.0,   6.8,  -0.5
164383,  -5.0,   0.7,   2.2, 136.1,-294.3, 937.6,   5.2,  -0.4
164435,  -0.3,   4.8,  -0.2,-144.4, 196.2, 944.9,   5.4,   0.1
164439,  -0.5,   0.7,  -0.1,  41.6,  37.2,1035.0,   5.4,   0.0
164459,   1.7,  -1.8,  -0.2, -66.8, 241.1, 671.7,   5.7,  -0.0
164483, -11.9,  -6.5,  -1.7, 309.9,-210.6,1744.5,   6.9,  -0.3
164511,  -5.8,   0.3,   4.3, 413.7,-725.7, 418.5,   2.7,  -0.5
164535,   0.9,   4.6,  -1.2, 195.7, 128.0, 922.2,   2.5,  -0.6
164559,   4.1,   8.7,  -1.6, -73.6, 145.1, 999.1,   3.4,  -0.2
164583,  -0.0,  -3.6,   2.4, -58.0,  15.0,1179.0,   3.6,   0.6
164611,   0.4,  -6.1,   2.8,  88.0,-122.2,1085.0,   2.4,   0.6
164635,  -0.6,  -1.9,   2.7, 147.1,-203.3, 944.2,   1.7,   0.3
164659,   1.8,   5.7,   0.8, 236.9,  98.0,1225.2,   1.6,  -0.3
164683,   3.6,   4.7,   2.9,-224.5, -32.4, 788.4,   1.1,   0.4
164711,  -3.6,   4.0,  -0.5,  92.2, 242.1, 977.4,   1.9,  -0.2
164735,  -1.4,   1.6,   6.1, 152.0,-709.6,1473.2,   0.2,   0.6
164759,   7.2,  10.9,   2.5,-394.9,  36.5, 776.9,  -1.4,   0.4
164783,   4.4,  -1.4,   4.4,-108.8, 255.2, 848.2,  -0.6,   0.9
164811,   5.5,   6.0,   0.6,-238.4,  71.4, 955.7,   0.5,   0.8
164835,   6.4,  -3.2,   1.0, -69.2, 197.4, 775.5,   1.7,   1.2
164859,   1.9,  -7.9,   2.7, 392.9,  61.6,1030.4,   1.2,   0.4
164883,   0.7,   6.4,   4.4, -34.3, 136.8, 921.0,   1.0,   0.1
164911,   0.6,  12.2,   4.4,-302.1,  82.4,1167.3,   1.3,  -0.2
164939,   2.8,   0.7,   4.4,-110.2, 315.8, 851.6,   1.6,  -0.1
164959,   3.9,   3.7,   2.7,-180.3, 170.8, 805.5,   2.3,   0.0
164983,  -1.7,  -3.2,  -1.9,  -0.9, 211.8,1129.7,   3.9,  -0.5
165011,   3.1,  17.8,   5.3,-1364.6,-138.3, 838.5,   4.0,   0.2
165035,   0.9,   5.1,   1.1, 295.3,  33.1, 983.2,   4.4,  -1.9
165059,  -1.6,  -2.7,   1.4, -55.8, 309.0,1025.2,   4.6,  -1.3
165083,  -0.8,   4.4,   4.4, 360.7, 181.5,1134.6,   4.5,  -1.4
165111,  -4.2,  -0.4,   4.1,-152.7, 171.0,1213.5,   4.1,  -1.0
165135,  -4.4,   2.3,   3.8, 433.0,  40.2, 802.8,   3.4,  -1.7
165159,  -0.7,   5.0,   4.6,  29.9,  26.7,1093.8,   3.0,  -1.5
165183,   0.3,   3.6,   4.8,-335.6, 118.0, 747.4,   3.4,  -0.7
165211,   4.6,  -0.4,   3.5, 206.4,  65.1, 696.1,   3.4,  -0.8
165235,  -3.6,  12.0,  -0.6, -74.6, 250.8, 616.5,   4.3,  -1.2
165259,  -4.1, -24.8,   9.7, 200.3,-450.3,1572.1,   3.2,   0.3
165283,  -5.5,  -3.2,  -0.8, 332.2,-711.3, 948.3,   2.3,  -1.4
165311,  -0.9,  -0.2,  -2.8,-302.4, 221.8, 829.7,   2.3,  -0.7
165335,   2.2,   7.8,  -2.4,-198.9,  89.0, 892.2,   2.5,  -1.2
165359,   0.5,   3.6,  -1.1,-345.1, -17.2,1094.8,   2.4,  -0.7
165387,  -0.3,   2.9,  -0.0, -93.9,-246.0,1125.1,   1.5,  -0.9
165411,   0.8,   7.5,   0.0,-272.6,-102.7,1009.1,   0.8,  -0.9
165439,  -3.0,   0.7,   1.3,  57.0,-367.6, 817.7,   0.1,  -1.0
165459,  -3.2,  -2.9,   2.3, 502.3,-135.4, 952.2,  -0.2,  -1.3
165487,  -6.0,   9.5,   0.6,-193.2,  68.2, 910.7,  -0.6,  -1.1
165511,  -5.9,   1.1,   5.1, 181.8,  58.0, 741.3,  -0.8,  -1.1
165535,  -1.0,  -7.2,   6.6, 350.7, -26.7,1249.6,  -1.2,  -0.5
165559,  12.2,  15.4,   1.8,-291.4, 371.2,1298.4,  -2.1,  -1.9
165587,   1.2, -11.3,   6.6, -91.9, -98.3, 839.4,  -0.3,  -0.1
165611,  -1.3,   5.8,   3.3,  52.6,  68.7, 871.7,  -0.0,  -1.0
165635,  -3.9,  -0.6,   4.6, -42.8,  15.5,1162.7,   0.1,  -0.6
165659,  -1.4,   4.9,   4.6, 109.5,   1.1, 890.5,   0.1,  -0.9
165687,   0.5,   1.5,   1.4, -57.3, -19.2, 901.2,   0.8,  -0.6
165711,   4.0,   1.3,   1.8, 297.5, 171.5, 950.5,   1.3,  -1.3
165735,  -1.3,   0.7,   2.0,-290.4, 195.2,1039.6,   2.3,   0.1
165759,  -0.3,   5.8,  -0.4,-208.4, -21.9, 859.9,   2.1,  -0.3
165787,  -3.9,   4.8,  -3.9,-157.3, 373.9, 682.7,   3.6,  -0.2
165811,   5.8,  19.2,   2.7,-1002.6, 142.9, 491.8,   3.7,   1.1
165835,  -2.3, -21.4,   1.9, 802.1,  93.6,1159.8,   2.8,   0.5
165859,  -2.7,  11.1,   1.0, 295.5,  17.5, 752.5,   1.9,  -0.3
165887,  -3.0,  -0.5,   1.4,-266.2, 172.7, 747.9,   2.4,   1.0
165909,   0.7,  -0.5,   3.5, 123.9, 287.2,1127.8,   2.2,   0.6
165937,  -1.7,   5.4,  -1.1,  82.9, 135.4,1014.2,   2.3,   0.7
165961,   0.1,  -5.0,   3.0, -54.6,  -0.6, 732.8,   1.9,   1.6
165985,   5.5,   6.2,   2.2, 284.1, -34.6,1103.4,   1.5,   0.6
166009,   2.6,   3.5,   0.7,-138.3,-187.6,1011.8,   2.0,   1.0
166037,  -1.0,   4.6,  -0.6,-103.6,  -4.8, 813.1,   2.1,   0.8
166061,  -0.9,  16.6,   1.1,-616.8,-188.8, 859.2,   2.1,   1.4
166085,  14.9,  -9.0,   0.0, 265.0, 668.3, 976.6,   0.5,   1.6
166109,   4.7,  -7.3,  -4.8, 159.3, 254.5, 696.9,   0.8,   1.6
166137,   4.5,   6.4,  -9.7,-482.5,-197.9,1092.4,   0.3,   0.5
166161,   2.1,  -3.1,  -2.6,  79.2, -80.4,1062.3,   1.2,   0.8
166185,  -5.1,   3.6,  -3.2,-137.6, -23.6, 856.0,   1.1,   0.6
166209,  -3.7,   2.8,  -5.4,-228.9,-165.7, 981.5,   0.1,   0.7
166237,   1.2,   2.6,  -3.8, -36.0,  63.6, 941.5,  -0.6,   0.1
166261,   3.3,  -0.2,  -2.2,  69.9,-106.1,1099.2,  -1.1,  -0.1
166285,  -0.3,   8.0,   0.5,-344.1,-218.6, 793.8,  -1.3,   0.3
166309,   0.9,   2.3,  -0.9,   3.3, 120.2,1222.7,  -1.5,   0.2
166337,   0.6,   2.0,  -2.9,-109.0,  28.9, 871.9,  -1.0,   0.1
166361,   2.0,  -9.9,  -2.9, -70.2, 190.8, 887.8,  -0.0,   0.2
166385,  -2.2,   5.6,  -2.6,  -1.6,-216.2,1441.0,   0.7,  -0.3
166437,   0.0,  12.1,  -5.5,  15.5, 105.6, 955.7,   0.1,  -0.2
166441,   1.1,  11.4,  -4.9,-284.1, 107.8,1117.5,   0.2,   0.1
166461,   2.1,  -6.3,  -0.3, 106.1, 351.7, 813.6,   1.6,   1.1
166485,   1.6,   3.3,  -1.2,-210.3, 238.6,1096.8,   2.9,   0.7
166513,  -0.1,  -4.4,  -3.6,  34.1, -25.0,1032.8,   3.8,   0.6
166537,   0.6,  -9.3,  -1.6, 460.3, -25.8,1208.1,   3.9,   0.3
166561,  -2.5,  -1.6,  -4.0,-112.7,  43.8,1195.9,   5.0,   0.2
166585,  -3.5,   0.2,  -4.2,-286.3,   6.5, 918.8,   5.9,   0.6
166613,  -0.4,   6.0,  -8.1,-307.7, 154.9, 821.9,   5.8,  -0.1
166637,  -6.2,  -3.6,  -6.1, 103.1, 152.2, 735.2,   6.5,   0.3
166661,  -3.5,  11.6,  -5.4,-872.9,-282.8,1039.4,   5.2,  -0.8
166685,  -6.4,  -4.0,  -1.2,  58.2, 300.2,1068.2,   5.5,   0.4
166713,  -2.4,  13.1,  -7.3, -65.8,-100.7,1075.5,   3.8,  -1.9
166737,   0.4,  -3.7,  -3.7, 243.8, 127.3,1060.4,   4.5,  -0.7
166761,   0.6,  -0.3,  -5.7,  11.6,-153.4,1005.0,   4.5,  -1.0
166785,  -1.8,  -2.9,  -5.0,  84.8,  96.6, 790.4,   4.7,  -0.5
166813,  -1.9,   5.0,  -2.9,-108.5,-100.0,1030.4,   3.6,  -0.7
166837,   4.2,  -5.2,  -0.8, 175.9,  82.4, 962.2,   3.1,  -0.5
166861,   5.5,   3.0,  -1.3,-110.0, 309.7, 941.2,   3.5,  -0.5
166885,   2.0,  -0.4,   0.6,  89.7, -28.0,1047.9,   3.9,  -0.3
166913,  -4.6, -11.2,   2.4, -12.3,-403.4,1377.5,   3.2,   0.4
166941,   1.1,   9.0,  -5.4,  23.6,-272.1,1054.3,   2.9,   0.6
166961,   3.6,  15.0,  -5.1,-726.4, 175.4, 781.3,   2.3,   0.8
166985,  -1.3,  -9.7,  -0.2, 266.0,  13.3, 926.4,   3.0,   1.6
167013,  -0.9,   6.1,  -2.4,   8.4,-213.0,1167.1,   1.6,   0.4
167037,  -0.2,   2.1,  -1.3,-226.2, -50.9, 920.5,   0.9,   1.2
167061,  -2.4,  -1.2,  -0.0,  65.6,-113.4,1123.1,   0.2,   0.8
167085,  -1.0,   3.3,   3.4,  27.0,-105.1, 949.3,  -0.5,   0.9
167113,   2.0,   2.3,   1.1,-156.4, 100.7,1066.5,  -0.2,   1.1
167137,  -0.7, -11.8,  -2.4, 348.8,-192.3, 984.2,   0.0,   1.2
167161,   2.0,   7.2,  -5.0,-359.0, 313.3,1254.5,   0.4,   0.4
167185,  -2.9,   1.7,  -3.9, 109.0,-219.4, 983.2,  -0.0,  -0.2
167213,  -2.7,   3.7,  -4.0,-217.2,  90.7, 861.7,   0.1,  -0.2
167237,  -2.4,   4.7,  -4.7,-343.9,  82.6,1010.8,   0.7,  -0.1
167261,   0.9,  -3.1,  -3.4, 417.6, 211.3, 965.2,   0.8,  -0.4
167285,   3.3,   5.6,  -8.4,  55.5, 219.6,1002.8,   0.5,  -1.4
167313,  -1.0,  -8.5,  -2.4,  77.3, 153.4, 828.5,   2.2,  -0.2
167337,  -0.6,   3.3,  -5.6,  72.9,  81.7, 897.8,   2.4,  -1.3
167361,  -2.3,  -1.8,  -5.8,  66.5, 225.9,1122.4,   2.8,  -0.7
167385,  -2.0,   7.7,  -8.6,-424.2, 111.9, 893.6,   3.2,  -0.8
167413,  -2.4,  -3.6,  -6.3, 310.7,  40.9,1077.0,   3.7,  -1.1
167441,  -0.5,  -4.7,  -6.7,-126.6, 214.2,1055.8,   3.9,  -1.1
167461,  -2.4,  -4.3,  -9.1, 199.3,  -6.5,1119.7,   4.1,  -1.3
167489,  -0.0,  -7.3,  -8.7, 366.6,  77.0,1109.9,   3.6,  -1.5
167511,  -3.7,   0.8,  -7.5, -31.4,  87.8, 900.2,   3.7,  -1.3
167539,  -8.5,  -0.2,  -8.6,  29.4, 155.9, 720.3,   4.4,  -1.3
167563,  -9.8,   3.7,  -5.8, -47.2,-966.2,1627.8,   3.3,  -1.4
167587,   2.4,  -1.8,  -7.2, 162.0, -65.1,1395.4,   2.0,  -1.9
167611,   7.7,   4.2,  -9.1,-208.4, 283.3,1392.2,   2.4,  -1.5
167639,   4.8,  -6.7,  -7.4, 226.4, 127.6,1065.3,   3.2,  -0.8
167663,   1.1,  -0.2,  -7.3, 136.8,  77.8,1035.7,   3.0,  -1.1
167687,  -0.7,  -0.2,  -3.3,   1.6, -68.2, 861.4,   2.7,  -0.9
167711,   2.0,   0.9,  -1.0,  -9.6,  17.7, 852.6,   2.0,  -0.7
167739,  -1.1,   2.0,  -0.9, 200.3, -98.5,1134.4,   2.3,  -0.7
167763,   0.3,  -1.8,   1.0,  53.6,  39.7, 839.7,   2.6,  -0.1
167787,   0.9,   2.0,   1.1,  40.4,-118.5,1089.2,   2.2,  -0.2
167811,  -2.2,  -5.6,  -0.1, 224.5, 104.4,1018.2,   2.6,   0.0
167839,  -3.6,  -4.3,   0.5, 540.2, -28.4, 926.6,   1.7,  -1.0
167863,   3.7,   3.4,   3.0,-364.1,  90.7, 902.2,   0.9,   0.3
167887,   2.0,   0.2,   0.3,-184.4,  28.9, 874.8,   0.9,   0.3
167911,  -1.9,  -0.8,  -0.2,-173.5, -99.2,1055.8,   0.7,   0.4
167939,  -2.1,   4.4,  -0.8, 152.0,-114.9,1000.6,   0.5,   0.4
167963,  -2.1,   5.2,  -0.1,-194.5, -64.8, 956.6,  -0.1,   0.6
167987,  -2.6,  -0.1,   0.7,  83.4,-125.4,1053.8,  -1.0,   0.7
168011,   1.3,  -2.1,   2.2,  -2.6,  42.8, 986.4,  -1.6,   1.5
168039,   2.1,  -1.0,  -0.8, 188.6,  24.3, 961.8,  -1.1,   0.7
168063,   0.2,   0.3,  -0.3,  19.7,  71.4, 997.4,  -0.9,   0.7
168087,   2.5,  -2.4,   0.2, 101.7,  85.8, 976.4,  -0.6,   0.7
168111,   2.9,  -0.2,   0.1, 156.9,  64.6, 911.5,  -0.6,  -0.0
168139,   0.8,   2.9,   1.1, -76.0,  97.3,1054.5,   0.3,   0.2
168163,   1.3,   1.9,   1.8,-104.4,  19.6, 964.4,   0.3,   0.2
168187,   1.4,   0.4,   1.4, -79.2,  78.5,1032.3,   0.7,   0.3
168211,  -0.3,   1.2,   0.8, -79.5, 121.9, 888.8,   1.3,   0.5
168239,  -2.7,  -0.5,  -0.8,  15.5, 257.0, 955.7,   2.4,   0.3
168263,  -6.2,   3.4,  -0.5, 364.4, -95.3, 983.2,   2.2,  -0.9
168287,   2.3,   3.6,   3.6,  36.5, 159.5,1090.9,   1.7,  -0.3
168311,   6.0,   7.1,  -0.1,-309.9, 158.3, 944.2,   2.1,  -0.2
168339,   2.8,  -7.2,   1.1,  60.9, 120.2, 963.5,   3.2,   0.5
168363,   0.4,   3.1,  -2.6,  38.0,  42.8, 873.6,   3.6,  -0.3
168387,   1.2,  -1.6,  -1.5,  70.9, 226.9,1000.6,   4.4,  -0.4
168439,   0.0,   1.1,  -1.2, -48.2, 170.0,1016.2,   5.1,  -0.6
168443,  -0.2,   2.5,  -1.7,-150.8,  99.5, 963.5,   5.1,  -0.4
168463,   0.0,   2.2,  -1.6, -54.6, 134.6, 816.0,   5.4,  -0.3
168487,   4.8,  -8.1,   0.1, 392.7, 326.0,1134.1,   5.7,  -0.8
168515,   0.1,   4.2,   1.8,-266.2,  66.3, 899.5,   6.4,  -0.0
168539,  -0.2,   0.9,   3.3, 116.6, -40.4, 954.7,   6.1,  -0.6
168563,  -3.1,  -0.5,   3.0, 128.8, 251.1, 928.8,   6.4,  -0.2
168587,  -4.7,   2.2,   5.4, -82.6,-362.7,1281.6,   4.9,   0.3
168615,   3.9,   6.7,   1.4,-181.8, 379.0, 893.2,   4.0,   0.1
168639,   2.5,  -1.9,  -1.2, 165.9, 177.6,1107.3,   5.1,   0.1
168663,   1.4,  -0.6,  -2.7,  55.3,  -4.3,1065.5,   5.1,  -0.0
168687,  -1.4,  -0.6,  -1.2, -22.6,  -9.9, 842.9,   4.9,   0.1
168715,  -0.3,   2.9,  -0.3,   6.0,  10.9, 897.5,   3.9,   0.0
168739,  -0.1,   0.4,  -0.9, 136.6, -37.5, 980.1,   3.4,  -0.0
168763,   1.6,  -0.0,  -0.9,  -6.2,  60.9,1053.1,   3.2,   0.1
168787,   3.0,   0.6,   0.0, -90.7,-104.1,1040.6,   2.6,   0.1
168815,   1.2,  -4.7,  -0.7, -86.1, -79.7, 967.1,   2.9,   0.3
168839,  -0.3,   2.6,  -0.8,  -6.0,-166.9, 984.5,   2.0,  -0.2
168863,  -4.8,  -3.0,  -0.6, -15.7, 131.2, 936.9,   2.7,   0.4
168887,  -6.7,  -5.5,   1.4,-227.9,-201.5, 983.0,   2.0,   0.6
168915,  -0.2,   6.1,  -2.5,  15.0,-110.2, 828.7,   0.0,  -0.4
168943,  -0.2,   3.7,  -3.0,-121.5, 108.3, 928.6,   0.1,  -0.1
168963,  -0.3,  -0.4,  -1.3, 120.2, -59.2, 946.1,  -0.2,  -0.4
168987,  -2.4,   3.7,  -0.4, -50.9,-130.7, 900.5,  -0.9,  -0.2
169015,  -1.8,   1.2,   1.7,-196.4, -45.0,1097.3,  -1.9,   0.2
169039,   0.7,   1.6,   4.5,  45.5,-163.9, 919.8,  -1.9,   0.0
169063,   7.5,  -3.1,   0.7,-134.4, 397.8,1089.4,  -1.2,   0.7
169087,   2.0,  -2.7,   0.0, 206.9, -42.1, 867.5,  -0.4,  -0.1
169113,   0.9,   0.4,   1.0, -15.3,  72.9, 987.1,  -0.8,  -0.2
169137,  -1.3,   4.3,   1.8,   5.7, -73.9,1020.8,  -0.5,  -0.6
169165,   0.0,   1.1,   2.6, -27.0, 196.2,1005.0,   0.0,  -0.1
169189,  -3.2,  -0.1,   1.1,   8.9, -30.2,1043.3,   0.8,   0.2
169213,   1.8,   0.1,   1.0,  14.0,  93.4, 948.3,   1.1,   0.1
169237,   0.9,   1.3,   1.3, 128.1,  95.8, 989.6,   1.5,  -0.1
169265,   1.5,  -2.3,   2.2,  86.5, 208.9, 941.2,   2.5,  -0.1
169289,  -2.6,  -0.0,   2.5,  15.3, 211.8, 891.9,   3.4,  -0.2
169313,  -6.6,   1.4,   2.4, 357.1, -90.9,1593.3,   4.0,  -0.7
169337,   2.7,   2.5,   3.8,-196.2, 131.5, 865.8,   3.4,   0.1
169365,   6.1,   5.0,   2.3,  70.7, 297.2, 740.1,   4.5,  -0.4
169389,   1.9,  -0.8,   4.2, -45.0, 199.1,1053.6,   5.4,   0.2
169413,  -1.0,   0.4,   4.3, 126.1, 162.2, 976.9,   6.0,   0.1
169441,  -3.4,   2.6,   3.7,-134.9, 159.1, 877.5,   6.1,   0.3
169465,  -3.9,  -5.5,   4.6, 171.3,  71.4,1114.8,   6.1,   0.1
169489,  -1.3,   3.3,   1.7, -72.9,  21.6,1011.6,   6.0,   0.3
169513,   0.0,   3.2,   0.3,   3.8,  16.7, 945.2,   5.7,   0.1
169541,  -1.8,   6.1,  -2.8,-310.4, 121.2,1011.3,   5.9,  -0.1
169565,  -1.3,  -2.4,  -1.2, 154.7,  48.0, 949.3,   5.1,  -0.2
169589,  -1.6,   2.1,  -0.1,-295.0,  85.3, 795.0,   4.6,  -0.3
169613,  -3.5,   1.5,  -1.0, 330.9, 282.8, 936.1,   5.3,  -0.7
169641,   3.6,  10.7,   8.1, 169.3,-132.7,1337.0,   4.5,  -0.7
169665,   2.6,   4.4,   3.2,-260.4,  11.6, 801.1,   3.8,  -0.2
169689,  -2.7,   5.0,   0.7,-430.8,  56.8, 854.1,   4.9,   0.4
169713,  -1.9,  -0.1,   0.5,  80.4, -92.7,1008.4,   3.8,   0.4
169741,  -1.1,   0.7,   0.0, -10.1, -38.9,1133.9,   2.9,   0.3
169765,  -2.9,  -2.9,  -0.1, 144.2,-171.3,1081.4,   2.2,   0.1
169789,  -0.3,   3.3,  -1.4,-331.7, -62.6, 808.9,   1.9,   0.3
169813,   2.1,  -1.5,  -2.1, 154.2, 110.7, 947.1,   1.5,   0.0
169841,   2.5,   2.0,  -1.8, -12.3,  35.5, 904.9,   1.0,  -0.2
169865,   0.6,  -3.6,  -0.4, 201.5,   5.7,1081.9,   0.9,  -0.4
169889,  -1.5,   3.2,   0.9, -40.9,-225.0, 932.0,   0.2,  -0.5
169913,   0.6,   4.7,   0.2, -97.5,  55.5,1059.7,  -0.1,  -0.3
169941,  -2.4,  -2.5,   0.3, 224.0,  10.9, 927.8,  -0.2,  -0.7
169965,  -3.2,   6.0,   2.2,-309.0, -79.7,1159.0,  -0.6,  -0.3
169989,  -3.7,   1.4,   5.0,  -1.1,-317.5,1015.0,  -2.1,  -0.4
170013,   5.0,   3.2,  -0.6, -65.6, -81.7, 981.8,  -2.5,  -0.4
170041,   4.9,  -2.5,  -4.0,  90.0, 300.2, 853.4,  -0.2,  -0.3
170065,   1.1,  -1.4,  -2.0, 149.3, -45.5, 949.1,  -0.3,  -0.5
170089,  -1.6,  -0.1,  -1.5,  13.6, -89.5,1018.6,  -0.3,  -0.7
170113,  -1.3,  -0.9,   0.1,  75.3,  31.1, 991.1,  -0.2,  -0.7
170141,  -0.1,   0.4,  -0.1, -82.2, 126.6,1026.7,   0.2,  -0.6
170165,   0.8,  -2.1,  -1.2,  23.1, 152.9,1005.7,   1.0,  -0.4
170189,   0.4,  -0.8,  -0.3, -50.2, 100.2,1000.1,   1.6,  -0.4
170213,   1.0,   3.2,  -3.2,  44.6,  94.6, 997.6,   2.1,  -1.0
170241,   1.6,   0.9,  -1.4, 116.1, 139.0,1052.1,   2.5,  -0.9
170265,   1.9,   0.9,  -2.2, 174.4, 190.1, 947.8,   3.4,  -1.1
170289,   0.3,   5.6,  -2.4,-231.8, 240.1,1118.3,   4.3,  -1.0
170313,  -0.2,  -1.5,  -1.1,  85.6,-115.9,1059.2,   4.5,  -0.8
170341,   2.3,   3.1,  -2.3,  -0.4, 254.5,1006.7,   5.3,  -0.9
170365,  -2.8,  -2.1,  -1.8, 141.5, 307.2,1010.6,   6.1,  -0.8
170389,   0.8,   3.3,   0.7,-232.1, 175.2, 881.2,   6.0,  -0.3
170441,  -1.4,  -0.4,  -2.2, -23.8, 137.8,1116.5,   6.6,  -0.6
170445,  -5.2,   3.4,  -0.8,-277.7, 102.7,1029.6,   6.6,  -0.3
170465,  -3.5,   0.7,  -0.9,  78.7,  75.8, 943.7,   6.5,  -0.6
170489,  -3.8,   0.6,  -1.2,  58.7, 153.4, 994.2,   6.0,  -0.8
170517,  -2.2,   3.2,  -0.5,-257.4,  82.1, 925.6,   5.3,  -0.2
170541,  -0.8,  -1.7,  -1.0, 209.8,  30.6,1007.7,   4.5,  -0.6
170565,  -1.0,   3.3,  -3.3, -29.4, 120.7, 972.7,   4.3,  -0.8
170589,   1.4,  -3.2,  -2.2, 116.6,  56.5,1141.4,   3.7,  -0.8
170617,  -1.7,   0.2,  -2.2, 173.7, 130.5, 941.0,   4.2,  -0.8
170641,  -0.0,   3.3,  -0.9, -17.5,  15.0, 988.1,   3.4,  -0.7
170665,  -6.0,   0.2,  -0.6,  -6.7, 100.9, 953.0,   3.5,  -0.5
170689,   1.3,  -4.9,   4.4, 119.5,-147.1,1528.4,   2.6,   0.6
170715,   1.2,  -9.2,   0.3, 389.5, -59.0, 908.3,   1.8,  -0.1
170739,   1.9,   6.4,  -2.7,-385.1, 229.4, 843.6,   2.1,   0.1
170767,  -1.1,   4.9,  -0.6,-122.7, -35.5, 860.9,   2.2,   0.1
170791,  -2.2,  -1.2,  -1.1,  48.5,  20.1,1021.6,   1.6,  -0.2
170815,  -2.1,  -0.2,  -2.2,  43.3,  21.1,1082.9,   1.0,  -0.3
170839,   0.0,   0.4,  -0.1,  13.6, -24.1, 867.8,   0.5,  -0.1
170867,  -0.8,   4.9,  -1.7,-178.8,  25.5, 944.9,   0.5,  -0.1
170891,   1.5,   4.7,  -1.5,-227.2,-119.0,1000.1,   0.2,  -0.1
170915,  -2.0,  -1.5,  -0.3,  50.9,-107.8,1181.0,  -0.1,   0.1
170943,  -1.9,  -2.0,  -0.0, -47.0, -96.3,1182.0,  -0.3,   0.0
170967,   0.1,  -0.2,  -0.8,  82.9,-116.8,1065.3,  -1.2,  -0.4
170991,  -1.4,   5.1,   0.4,-118.5,-164.7,1040.4,  -2.1,  -0.5
171015,   0.4,  -2.9,   0.8,-102.9, 143.4, 891.9,  -1.5,   0.1
171039,   4.6,   1.2,  -0.1, 132.4, 135.9,1060.4,  -0.8,  -0.3
171067,  -4.3,  -3.2,  -2.2, 104.6,  63.3, 907.1,   0.9,  -0.1
171091,  -3.4,   5.6,   4.4,-778.4,-298.7, 964.9,  -0.2,   0.5
171115,  -1.1,  -6.3,   3.9, 528.0, -35.0,1076.7,  -0.8,  -0.9
171139,   3.8,  12.1,   0.3,-212.0, 212.0, 904.1,  -0.8,  -0.7
171167,   3.4,   0.4,   0.7, 144.9, 185.2, 915.1,   0.9,  -0.2
171191,   2.5,   3.7,   0.7,-161.3, 152.9, 915.1,   1.8,  -0.1
171215,   2.6,  -2.9,   1.3, 213.7, 176.1, 947.4,   2.1,  -0.2
171239,   1.2,  -0.2,   0.8,  37.0,  78.0, 985.9,   2.4,  -0.3
171267,  -1.5,   0.5,   2.0,  43.6,  92.6,1059.2,   2.7,  -0.3
171291,  -0.1,   4.6,   0.8, -59.4,  64.6, 947.4,   3.0,  -0.2
171315,   1.9,   0.1,   1.9, 129.3, 247.7,1024.0,   3.8,  -0.4
171339,   3.5,   3.8,   3.0,-305.1, 259.1, 959.1,   4.4,   0.2
171367,   2.4,  -1.9,   4.0,  35.8, -42.9, 856.3,   4.5,   0.2
171391,   1.6,   2.3,   1.0, -91.2,  54.1,1017.4,   4.7,   0.1
171415,   0.4,   0.3,   1.1,  80.7, 139.5, 854.1,   5.2,  -0.3
171443,  -3.6,  -2.6,  -0.2,  44.6, 241.1, 887.5,   5.4,  -0.4
171467,  -8.7,   5.1,  -0.2,   6.2,-266.0,2156.3,   6.1,  -0.6
171491,  -0.3,  10.3,  -0.0,-249.6,-413.2, 712.0,   4.6,  -0.8
171515,   1.9,  -4.8,   0.2, 566.0, 395.6,1129.5,   4.8,  -1.0
171543,  -0.9,   2.8,   3.8,-256.7,  79.2, 933.2,   5.7,   0.5
171567,  -1.0,   0.9,   3.1,-223.5,  -7.7,1192.2,   5.0,  -0.2
171591,  -1.1,  -3.9,   4.5, -76.8,  55.5, 829.9,   4.2,   0.0
171615,   2.0,   7.7,   2.5,-127.6, 167.6, 964.0,   3.8,  -0.4
171643,   0.4,   2.3,   1.9,  19.7, 177.9, 821.4,   3.8,  -0.4
171667,   2.6,  -2.2,   2.8, 174.4,  97.3,1019.1,   3.6,  -0.3
171691,   4.7,   2.3,   4.2,-194.5,   9.9, 910.2,   3.3,   0.5
171715,   4.2,  -3.3,   2.9, -23.1,  12.8,1009.9,   2.8,   0.6
171743,   0.1,   1.6,  -2.1,-124.1, 167.6, 847.0,   2.9,   0.4
171767,  -2.2,  -1.4,  -1.1, 219.6,  96.6, 919.5,   3.1,  -0.5
171791, -10.9,   3.0,  -1.2,-159.3,-242.6,1318.4,   3.4,  -0.6
171815,  -5.2,  -3.3,   1.4, -74.8,  90.2, 679.3,   2.4,   0.0
171843,  -5.7,  -1.9,  -3.6, 505.2,-107.1,1116.3,   1.4,  -1.8
171867,  -1.3,   4.8,  -1.8,-218.9,  32.8, 923.9,   1.1,  -0.5
171891,  -2.3,  -1.4,   0.8, 146.6,-115.4,1035.5,   0.8,  -0.7
171915,  -2.2,   2.4,  -1.1,-127.3,-147.8,1093.3,   0.2,  -0.7
171943,  -2.1,   0.2,   0.0,  56.5,-269.2,1071.6,  -0.2,  -0.7
171967,  -2.8,   0.2,  -2.0,-158.1,-135.1,1044.0,  -1.5,  -0.6
171991,   0.4,  -0.5,   3.8,   5.7,  49.2,1043.1,  -1.3,  -0.5
172015,   3.2,   5.0,   0.6,-189.8,-132.5, 946.4,  -1.2,  -0.4
172043,   4.1, -14.5,  -0.8, -94.8, 377.6, 926.1,   0.3,   0.6
172067,   0.6,   2.6,  -3.4, 476.7,-149.3, 958.3,  -0.1,  -1.5
172091,  -2.0,   2.0,  -0.7,  81.7,  13.8,1030.6,  -0.1,  -1.5
172115,  -2.4,   4.7,  -1.4,  37.2,  45.3, 969.1,  -0.1,  -1.7
172143,  -1.4,   1.4,  -0.1,  12.6, 221.6, 949.3,   0.8,  -1.2
172167,  -2.4,   3.0,  -2.6, -19.7, 204.5, 898.0,   2.0,  -1.1
172191,   3.0,  -9.9,   5.2,  80.7, 103.9, 955.2,   1.7,  -0.1
172215,   4.2,  10.5,  -2.0,-123.4, -80.4, 853.6,   1.4,  -1.6
172243,   5.9,   1.5,  -3.1,-257.0, 431.3, 864.3,   3.0,  -1.1
172267,   2.6,   0.8,  -3.6,-201.3, 192.7, 803.8,   4.5,  -0.9
172291,  -0.5,   2.2,  -3.9,  22.8, 187.6,1102.1,   5.0,  -1.4
172317,  -3.1,  -3.3,  -3.9, 119.8,  99.0,1004.7,   5.5,  -1.0
172341,  -1.3,  -3.9,  -2.5, 393.9, 231.3,1061.6,   5.8,  -1.6
172365,   2.5,   1.3,  -3.9, -96.3, 531.1,1030.4,   6.1,  -1.2
172393,  -1.1,  -0.1,  -1.9, 169.8,  25.0, 876.6,   6.2,  -1.3
172417,   2.5,   2.3,  -1.6,   5.0,  44.8,1105.8,   5.8,  -1.4
172445,  -2.2,  -4.2,  -0.1,  53.6,-104.4, 885.1,   5.6,  -1.6
172465,   0.7,  -6.1,  -3.3, 413.9,  83.1,1243.5,   4.9,  -2.1
172493,  -6.1,  -5.2,  -5.5, 218.1,   8.4,1541.1,   5.5,  -1.7
172517,  -4.9, -24.9,  -3.4, 944.9,-178.8,1247.6,   4.5,  -1.0
172541,   2.6,  14.2,  -7.6,-288.9, -78.7, 874.8,   3.0,  -2.3
172569,  -1.3,   3.0,  -5.6,  86.1, -13.3, 983.5,   4.6,  -1.6
172593,  -1.0,   5.3,  -1.8,  50.7, -69.5, 992.0,   4.0,  -1.4
172617,  -0.0,   3.7,  -2.2,-242.3, 112.2, 955.2,   3.6,  -0.3
172641,   0.1,   2.8,  -0.2, -47.2,  47.7,1076.7,   3.1,  -0.4
172669,   2.6,   8.3,  -0.8,-244.8,  48.7, 885.8,   2.7,  -0.5
172693,   3.9,   1.3,  -0.1,-141.0,  31.6, 867.3,   2.8,   0.1
172717,   2.3,   2.3,  -0.4,  55.1,  61.9,1049.2,   2.4,  -0.5
172741,  -0.1,   0.1,  -0.9,  -5.0, 132.0, 926.8,   2.2,  -0.1
172769,  -5.3,  -1.0,  -1.8, 136.8,  26.2,1028.4,   2.1,  -0.6
172793,   0.6,  -3.5,   1.2, 231.3,-207.9, 901.0,   0.8,  -0.2
172817,   5.6,   1.7,  -3.4, 194.9, 185.4,1117.5,  -0.3,  -1.2
172841,   3.1,  -4.0,  -1.2, -31.4, 235.7, 723.5,   0.7,   0.1
172869,  -3.0,  -1.4,  -2.8, 180.5, -73.6, 988.1,   0.5,  -0.3
172893,  -2.4,  -1.9,  -2.0,-144.9, -11.6, 994.0,  -0.5,  -0.1
172917,  -2.3,   0.4,  -0.0,  44.8, -75.3, 957.1,  -1.2,  -0.3
172945,  -3.5,   2.8,  -1.1,  35.3,-243.0,1215.7,  -1.6,  -0.2
172969,  -0.1,  -3.2,  -1.5, -50.2,  17.5, 900.5,  -1.4,   0.5
172993,   6.2,   3.7,  -2.8,  53.1, 278.2,1120.4,  -1.0,  -0.1
173017,   3.7,  -5.6,  -3.2,  20.9,  77.8, 918.3,  -0.2,   0.1
173041,   0.8,   6.7,  -0.4,-163.9,   4.8,1007.4,  -0.5,  -0.4
173069,  -0.2,  -1.7,   1.3, 162.7, -18.7, 957.1,  -0.2,  -0.2
173093,  -2.4,   3.6,  -0.5, -97.0,  67.0,1013.5,   0.2,  -0.1
173117,   1.1,  -1.1,  -0.1, 178.3, 156.9, 922.7,   0.9,  -0.1
173141,   0.8,   4.9,  -1.1,-131.2, 277.2, 904.6,   1.8,  -0.2
173169,  -3.0,  -5.8,   1.6, -75.8,-401.7,1395.1,   2.0,   0.6
173193,  -0.8,  -5.8,  -0.6, 537.0, -22.6,1016.2,   1.8,  -0.6
173217,   5.8,   8.1,  -5.0,-346.8, 334.3, 961.8,   2.3,  -0.9
173241,   0.9,  -6.0,  -0.3, 278.2, 187.6,1016.9,   3.8,  -0.4
173269,   1.7,   0.6,   0.6, 119.3, 236.0,1092.6,   4.2,  -0.9
173293,  -2.8,  -1.4,   0.4, -62.1,  51.9, 957.4,   4.5,  -0.2
173317,  -2.0,   0.4,  -0.8,  91.7,  74.8, 963.2,   4.5,  -0.6
173341,  -1.9,   1.2,   0.6,  47.7, 137.6,1038.7,   4.8,  -0.4
173369,   0.1,  -4.6,   2.1, 141.5, -40.2,1149.7,   4.6,  -0.5
173393,   0.9,   4.3,   2.1,  42.1, -21.6,1184.4,   4.6,  -0.6
173417,  -0.7,   1.1,   0.5, -63.8,  35.5, 851.2,   4.9,  -0.3
173445,   1.9,   2.5,   0.7,  11.1,  76.0,1087.0,   5.0,  -0.2
173469,  -2.5,   4.8,  -0.9,-183.0, 165.4, 715.9,   5.2,   0.3
173493,  -5.3,  -1.3,  -1.2, 222.0, -27.2,1407.8,   5.1,  -0.2
173517,   0.4,   5.1,   2.7, 331.4,-439.1,1134.1,   3.4,  -0.3
173545,   7.5,   0.5,   0.2,  63.8, 244.7,1005.9,   4.1,   0.3
173569,   0.1,   4.2,  -0.3,-217.2,  78.5, 822.6,   4.5,   0.9
173593,  -1.3,   0.7,  -0.7, -39.4,-113.4,1011.8,   3.8,   1.1
173617,  -0.8,  -1.0,  -1.4, -54.3, -27.7, 938.6,   3.2,   0.8
173645,  -1.4,  -3.8,   0.5, -21.4, 166.1, 952.2,   2.9,   0.7
173669,  -0.4,  -2.6,  -0.3, 149.0, -82.9,1040.4,   2.6,   0.5
173693,   0.8,   6.5,  -3.5,-451.5, -28.7, 965.9,   2.6,   0.6
173717,   0.4,  -6.1,  -1.4, 355.3, -46.5,1183.9,   2.2,   0.3
173745,  -2.2,   2.4,  -5.3, -30.9,-123.9, 923.7,   1.9,   0.3
173769,  -1.1,  -2.3,  -3.8, 181.8,  25.0,1042.1,   1.3,   0.0
173793,   0.4,   0.1,  -3.0,-105.6, -80.9, 994.5,   0.5,   0.1
173817,  -2.1,  -4.6,  -3.3, 211.1,-117.8,1027.2,   0.1,  -0.2
173845,  -2.7,  -2.4,  -0.9, -76.0, -26.5, 933.9,  -0.7,   0.1
173869,  -3.5,   3.7,  -0.3,-264.0, 106.6,1047.7,  -0.5,  -0.1
173893,   5.1,  -2.7,  -0.6, 184.9,-357.8,1061.6,  -1.6,  -0.3
173919,   2.5,  -2.9,  -4.7,  62.6, 272.8, 925.1,  -0.1,  -0.1
173947,   0.8,  -0.1,  -1.6,  62.6, 146.6, 944.4,   0.0,  -0.2
173967,  -3.3,  -0.6,   0.5, -94.8, -27.0,1046.5,   0.4,  -0.0
173995,  -3.6,  -0.5,   1.5,  61.2,  21.4, 976.9,   0.4,  -0.2
174019,  -1.8,   0.9,   0.2,  16.0,  84.8,1002.5,   0.6,  -0.1
174043,   0.7,   1.7,  -0.3, -68.7, 103.6, 960.5,   0.9,  -0.0
174067,  -1.3,   0.8,  -1.7,  51.9,  49.9,1026.2,   1.3,  -0.3
174095,  -1.3,  -0.2,  -1.5, -14.0, 164.9,1027.9,   1.9,  -0.2
174119,  -2.2,  -0.5,  -3.4,  90.5,  64.3, 959.1,   2.2,  -0.4
174143,  -2.1,  -0.5,  -2.9,   1.1, 159.8, 943.0,   2.5,  -0.3
174167,   0.0,  -0.3,  -3.5,  29.2,  83.1, 924.4,   2.7,  -0.4
174195,   0.9,  -1.3,  -5.3,-101.2, 152.5, 984.5,   3.7,  -0.3
174219,  -0.7,   0.4,  -3.7, -19.2,  90.4,1120.0,   4.2,  -0.7
174243,  -0.8,  -1.3,  -4.2,-158.6, 137.8, 859.2,   4.4,  -0.6
174267,  -2.4,  -5.7,  -3.2, 297.2,  45.5,1104.1,   4.9,  -0.9
174295,  -5.0,   2.5,  -5.9,-208.1, 249.6, 880.7,   5.8,  -0.6
174319,  -7.6,  -5.4,  -3.9,  49.4, 243.8, 915.9,   6.8,  -0.6
174343,  -0.0,   6.3,  -2.2, 226.0, 196.9, 785.2,   6.2,  -0.7
174367,   1.8,  -4.5,  -7.0, -38.9, 542.8, 898.0,   6.4,  -1.0
174395,  -2.5,  -3.8,  -5.0,  98.5,  89.0,1127.8,   7.1,  -0.7
174419,  -2.8,   3.0,  -4.1,-124.9, -54.1, 742.8,   6.6,  -0.9
174447,  -4.3,   0.3,  -3.4,-189.1, -31.6,1033.0,   6.5,  -0.7
174467,  -2.5,   5.3,  -4.0, -44.1,-131.7, 985.4,   5.5,  -1.1
174495,   1.1,  -1.3,  -3.4, -36.7, -46.3, 988.4,   5.0,  -1.0
174519,   2.6,   7.0,  -3.6, -65.1,  28.4,1023.5,   4.6,  -1.0
174543,   0.8,   5.1,  -6.1,-271.4, 168.8, 922.9,   5.2,  -0.4
174571,  -1.8,  -0.8,  -3.1, 105.3, -54.3,1076.3,   4.5,  -0.6
174595,  -5.2,   3.0,  -3.6,-164.7, 241.3, 789.9,   5.2,  -0.3
174619,  -8.6,  -1.3,   2.1, 795.0,-119.3,1045.3,   4.1,  -1.7
174643,   0.6,  -4.4,   6.0,-147.6,-132.2, 841.9,   2.7,   0.4
174671,   1.7,   3.1,   3.5, 205.0,-222.5,1019.4,   2.5,  -0.4
174695,   2.3,   3.6,   0.3,-149.5, -13.3, 981.3,   2.7,   0.1
174719,  -0.5,   1.4,  -1.2,  91.9,-109.7, 992.8,   2.3,  -0.2
174743,  -1.0,  -0.4,  -1.1,  38.2, -81.7,1053.6,   1.4,  -0.4
174771,  -1.1,   1.8,  -0.4, -85.3, -79.0, 851.2,   0.6,  -0.2
174795,   3.3,   4.8,  -2.3,  36.0, 150.3, 881.2,   0.3,  -0.3
174819,   3.9,  -2.5,  -2.2,  53.8,  -6.7,1001.1,   0.2,  -0.1
174843,   4.5,   7.9,  -2.9,  31.1,  61.9,1024.5,   0.1,  -0.5
174871,   1.7,  -4.2,   0.3, 280.6,-109.3,1048.4,   0.1,  -0.2
174895,   0.3,  -1.1,   1.8,  -9.4, -89.2, 943.4,  -0.6,   0.0
174919,  -1.9,   2.1,  -0.3,  33.8, -17.7, 995.9,  -0.7,  -0.4
174947,  -3.8,  -2.9,   4.1, 128.1, -14.5, 976.9,  -0.9,  -0.6
174971,   3.6,   5.4,   3.3,-126.8, -99.0,1091.2,  -1.7,  -0.4
174995,  10.6,   2.0,  -0.2,-276.5, 232.1, 984.0,  -1.1,   0.3
175019,   2.9,  -1.8,  -2.4, -65.6, 148.8, 847.0,   0.6,   0.3
175043,  -1.0,  -0.7,  -0.8, 131.5, -58.2,1011.6,   0.6,  -0.5
175071,  -3.1,   1.3,   1.3,  56.5, 119.5, 983.0,   0.4,  -0.8
175095,  -2.1,   1.4,   2.4,   2.8, 123.9,1002.5,   0.4,  -0.5
175119,   1.0,   1.7,   0.4,  22.8, 121.0, 935.4,   0.9,  -0.3
175143,   2.1,   1.2,  -0.1, -82.4, 166.4,1037.7,   1.6,  -0.3
175171,   1.7,   0.7,  -0.1,  65.6, 152.2,1027.2,   2.4,  -0.7
175195,   0.4,  -1.0,   1.1,  41.4, 154.2, 875.3,   2.6,  -0.7
175219,  -0.3,   1.7,   0.2, -45.0,  13.1,1125.8,   3.1,  -0.7
175243,   3.1,   2.5,   0.2, -69.5, 105.1, 945.4,   3.6,  -0.7
175271,   3.4,   5.7,   0.3,  23.3, 183.2,1015.7,   4.5,  -1.1
175295,   1.3,  -4.0,   1.3, 176.4, 145.4,1029.6,   5.6,  -0.8
175319,   2.0,   1.4,   3.5,-148.8, 308.0, 746.4,   6.0,  -0.2
175343,  -3.9,  -0.5,   0.8, 108.0, 340.9, 929.3,   7.1,  -0.5
175371,  -1.1,   9.4,   3.9,-325.6,-631.2,1259.1,   6.7,   0.2
175395,   1.2,  -6.3,  -0.8, 324.3,-123.9,1003.7,   6.6,  -1.0
175419,  -0.5,  -1.1,  -2.0,  27.7, 333.9,1126.3,   7.4,  -0.6
175447,  -0.5,   2.2,  -1.2,  -4.5, -46.0, 940.0,   7.3,  -0.6
175471,  -5.5,  -3.5,  -0.9, 461.5,  16.0,1160.2,   6.8,  -1.2
175495,  -2.8,   4.8,  -0.8,-182.0, -78.7, 997.2,   5.8,  -0.8
175521,  -2.0,   1.8,   0.1,  59.0,-110.5, 938.1,   5.2,  -0.4
175545,   2.1,   3.9,   0.9,  28.4, 145.6, 987.9,   4.8,  -0.4
175569,   0.7,   2.6,   0.7, -17.5,  60.9, 960.3,   5.0,  -0.5
175597,   1.1,  -2.2,   1.8,  56.3,-166.6,1216.6,   4.1,  -0.2
175621,  -1.6,  -0.2,  -1.4, -73.9, 135.1, 804.8,   4.2,   0.2
175645,  -4.8,  -1.4,  -4.7, 488.9,-238.2,1554.0,   3.7,  -0.7
175669,   6.7,   2.5,  -0.5,-403.2,-144.7,1053.3,   1.6,   0.3
175697,  10.1,   2.1,  -4.5,  15.7, 151.2, 868.7,   2.2,   0.1
175721,   2.2,   1.1,  -5.9,-138.5,  80.4, 924.6,   3.4,   0.5
175745,   0.3,  -4.0,  -5.0, 213.3, -52.4, 931.7,   2.9,   0.3
175769,   1.2,  -0.3,  -3.9,   8.9, 100.5,1056.2,   2.3,   0.2
175797,   1.5,   1.4,  -2.0,  16.0,  48.7, 956.1,   1.8,   0.1
175821,   1.8,  -3.0,  -1.4,  91.9,  21.6, 962.7,   1.4,   0.0
175845,   3.2,   1.0,  -2.1,  31.1,-125.9, 905.6,   1.1,  -0.1
175869,   1.0,   2.2,  -0.9,   6.2,  55.5, 933.9,   0.9,  -0.1
175897,   2.8,   0.1,  -2.0, 186.6, -77.5, 956.4,  -0.2,  -0.5
175921,   2.3,   4.0,   0.3,-375.1, 100.2,1002.0,  -0.4,   0.4
175949,   3.9,  -0.2,  -1.1,-124.9,  27.5,1008.9,  -0.4,   0.5
175969,   4.8,   4.0,  -2.9,-271.1, 299.2, 944.2,   0.4,   0.6
175997,  -1.5,  -4.9,  -2.4, 140.5,  19.6, 926.6,   1.0,   0.2
176021,  -8.3, -10.3,  -0.1, 356.6,-280.4,1305.0,   0.6,   0.3
176045,  -2.6,   6.5,  -2.5, 137.1,-119.3, 871.4,  -0.4,  -0.7
176069,   0.9,   2.5,  -2.9,  -2.1, 279.7, 928.3,   0.7,  -0.1
176097,  -1.4,   0.6,  -2.7,  10.6,  79.0, 974.7,   1.8,  -0.1
176121,  -0.5,  -1.3,  -3.2,-108.0,  76.8, 954.2,   2.1,  -0.1
176145,  -1.4,   0.6,  -4.5,  33.8,  16.0, 990.1,   2.2,  -0.4
176169,   0.8,   3.6,  -5.0, -50.4, 190.8, 990.8,   2.6,  -0.5
176197,  -1.0,   0.1,  -3.6,  55.1, 156.6, 972.7,   3.5,  -0.7
176221,   0.8,   0.9,  -2.7,   8.2, 228.4,1000.8,   4.3,  -0.7
176245,  -0.0,   1.1,  -3.1, -32.1, 206.7, 902.9,   4.8,  -0.8
176269,  -1.7,  -2.7,  -1.8, 177.9,  13.5,1284.3,   5.4,  -0.8
176297,  -1.9,  -3.2,   0.0, 181.0, 326.0,1008.6,   6.0,  -0.7
176321,   0.4,   1.2,  -0.1, 162.0,  48.0, 934.7,   5.8,  -0.9
176345,   0.2,   6.3,  -0.6,-266.5, 356.3,1082.6,   6.4,  -0.5
176369,  -5.0,   1.1,  -0.8,  71.2, 161.5, 595.8,   7.6,  -0.4
176397,  -2.7,  -1.9,   4.4,  50.7,  90.4, 994.0,   6.3,  -0.3
176421,  -2.6,   0.2,  -0.4,  -6.5, 111.2, 845.5,   6.7,  -0.6
176449,  -4.7,   2.3,  -0.1, -89.7,  39.2, 898.3,   6.6,  -0.4
176469,  -5.7,  -0.2,   0.6,  47.7,  49.4,1055.3,   5.9,  -0.4
176497,  -5.0,   5.2,  -1.5,-131.0,-111.2,1004.7,   5.0,  -0.7
176521,  -5.1,  -0.3,  -3.0,  30.2,-155.6,1005.5,   4.7,  -0.5
176545,  -0.8,  -0.2,  -4.9, 139.3, 150.0,1020.4,   4.4,  -0.4
176569,  -2.8,  -2.4,  -3.4, 118.5,  -6.0,1064.8,   4.0,  -0.3
176597,   2.0,  -1.3,  -0.0,  53.8,  87.0,1047.9,   3.4,  -0.3
176621,  -1.9,  -7.3,   0.3,  69.9,-164.9, 897.5,   3.3,   0.1
176645,  -1.1,   3.7,  -0.3, 189.8,  25.8, 860.7,   3.0,  -0.0
176673,  -9.9, -12.9,  -1.1, 487.4,  41.1, 837.0,   4.1,   0.3
176697,  -5.8,   8.7,   4.6,-316.5,-1100.5,1828.9,   1.9,  -0.7
176721,   4.4,   5.5,   2.4, -49.2,-109.5, 804.5,   2.6,  -0.2
176745,   2.8,  10.0,  -3.3,-343.1, 238.4, 919.3,   3.7,  -0.7
176773,  -1.2,  -3.0,   0.2, 120.0,-396.4, 928.6,   2.8,  -0.0
176797,  -3.1,   4.8,   0.0, -35.8,  -7.5,1174.2,   1.7,  -0.7
176821,  -3.2,   1.1,  -1.0,  10.9,-119.8,1056.5,   0.4,  -0.5
176845,  -3.5,  -2.4,  -1.8,  -4.0,-121.7,1057.7,  -0.8,  -0.4
176873,   2.3,   2.2,  -0.5,   6.0, 148.3, 864.6,  -0.4,  -0.2
176897,   7.3,  -1.6,  -0.6, -25.3,  53.3, 983.7,  -0.2,   0.0
176921,   0.1,  -8.2,  -0.4, 152.0, 107.3, 989.1,   1.5,   0.4
176949,  -0.6,   2.8,   1.8, -56.8,  27.7, 970.8,   1.4,   0.5
176973,  -1.6,   0.3,   4.2,-122.2,  80.4, 995.2,   1.2,   0.9
176997,  -0.6,   1.4,   3.3,  66.8,  39.4, 960.8,   1.3,   0.6
177021,  -0.3,  -0.0,   3.1,-190.1, 235.0, 989.3,   2.2,   1.1
177045,   0.3,   0.9,   2.6,   6.7, 179.1, 820.9,   3.1,   0.9
177073,   0.6,   7.3,   1.9,-273.1,-126.6,1181.2,   3.9,   0.5
177097,   4.7,  -3.4,   1.3, 119.0, 469.4, 944.4,   4.2,   0.2
177123,   1.8,   1.6,   1.1,  53.6, 375.4, 917.3,   5.4,  -0.0
177147,  -1.1,   1.2,   3.8, -40.6, 134.4,1015.7,   5.9,   0.3
177171,  -2.2,   2.7,   2.5, -84.4, 161.2, 949.1,   6.3,   0.1
177195,  -0.6,   0.9,   3.5,  32.8, 230.6, 937.8,   6.8,  -0.1
177223,   0.4,   2.2,   4.3, -77.8, 111.7, 894.1,   6.9,   0.2
177247,  -1.0,   0.6,   5.0, 198.9,  60.4,1038.7,   6.9,  -0.2
177271,  -1.6,   1.7,   3.1,-315.6,  67.3,1140.2,   7.0,   0.3
177295,  -6.8,   5.0,   1.8,-104.1,-441.5, 912.2,   6.7,  -0.1
177323,  -3.9,   3.1,   4.1, -32.8,  79.2,1246.9,   5.6,   0.2
177347,  -6.7,   2.5,   3.0,-117.3,  27.2, 813.3,   5.8,   0.5
177371,  -3.1,   7.2,   5.2,  74.3,-398.6,1174.4,   4.5,   0.0
177395,   5.0,  -0.9,   4.1, -48.5, 117.5, 959.6,   3.8,   0.3
177423,   0.8,   0.2,   2.7, 113.2, 206.4,1225.2,   4.9,   0.3
177451,  -0.8,  -1.9,   3.1, -51.9,-147.6,1055.3,   4.7,   0.3
177471,  -1.3,  -6.9,   3.5, 357.3,   8.9,1171.5,   4.1,   0.1
177495,  -2.1,   3.5,   2.2, 130.5,-177.9,1194.2,   3.2,  -0.0
177523,  -1.6,  -3.3,   3.3,  72.9,  54.8, 901.0,   2.6,   0.4
177547,   3.9,   2.0,   1.9, -44.6, 167.4, 890.2,   2.3,   0.2
177571,  -2.1,  -0.4,  -1.1,-159.5, -15.0, 939.1,   2.3,   0.6
177599,  -2.5,   2.5,  -0.8,  49.4,-254.5, 955.7,   1.4,  -0.3
177623,   0.7,   4.5,  -0.1,  21.9,  -8.2,1026.2,   1.0,  -0.2
177647,   1.4,  -8.9,   1.7,  90.7,-291.9,1320.2,   0.2,   0.7
177671,   5.2,  14.6,  -3.3,-186.2,-372.9, 916.6,  -1.4,  -0.4
177699,   4.2,  -5.7,   1.1, 138.6, 208.6, 977.4,  -0.4,   0.5
177723,  -1.4,   1.0,   2.0,  26.0,-215.9, 891.0,  -0.6,   0.1
177747,   3.7,  -0.4,   0.0,-258.4, 131.7,1027.2,  -1.4,   0.5
177771,   3.0,  -3.0,  -1.3, 156.9, -90.2, 917.3,  -1.2,   0.0
177799,   2.2,  -0.7,  -2.7,-258.7, 106.6, 951.0,   0.0,   0.1
177823,   3.6,   1.7,  -0.4,  70.4, -44.1, 907.1,  -0.1,  -0.6
177847,   1.2,  -1.6,   1.6, 228.1,  56.0,1135.8,   0.4,  -0.8
177871,   3.0,   3.3,   2.9,-169.8,  96.3, 931.5,   0.9,  -0.2
177899,   1.2,   1.1,  -0.3, 122.7, 150.0, 955.7,   1.3,  -0.5
177923,   1.4,   1.8,  -0.5,-139.8,  59.9, 940.8,   1.5,  -0.3
177951,  -0.1,   1.4,  -1.4, -10.1, 158.3, 860.9,   1.6,  -0.3
177971,  -0.3,   0.3,  -1.3, -67.3, 328.0, 940.5,   3.1,  -0.3
177999,   0.9, -10.7,   1.5, 784.1, 147.8,1092.6,   2.9,  -0.2
178023,   5.9,   6.3,  -3.6,-288.0, 452.8, 819.9,   2.7,  -0.8
178047,   1.8,  -5.2,   0.5,  44.6, 270.1, 872.4,   4.9,  -0.0
178071,  -4.1,   0.1,   0.0, 163.9, -29.2, 988.1,   5.2,  -0.7
178099,  -4.6,  -3.9,   1.2, -53.3, 132.7,1192.0,   5.4,  -0.4
178123,  -1.1,   1.8,   2.7,  84.6,  95.6,1037.2,   4.9,  -0.6
178147,   0.9,   6.4,   2.6,-253.3,  31.9,1005.7,   4.3,  -0.5
178171,  -1.0,   8.9,   2.7,-294.6, -19.9, 963.7,   4.2,  -0.5
178199,  -3.3,  -0.7,   2.5, 143.2, -78.7, 979.1,   4.4,  -0.5
178223,  -2.1,   2.5,   1.5,  94.4, 149.5,1041.1,   4.0,  -0.8
178247,  -2.2,  -1.3,   0.4, 123.9, 191.8, 890.5,   4.4,  -0.8
178271,   0.0,  -0.8,   6.4, 102.4, -69.5,1217.9,   3.4,  -0.2
178299,   3.3,  11.2,   0.0,-221.3, 146.8, 927.3,   1.4,  -0.3
178323,  -0.7,   0.1,   3.3, -42.4, 276.2, 811.1,   3.6,   0.6
178347,  -1.9,  -0.1,   4.2,  -6.5,-172.5, 761.1,   3.3,   0.5
178371,  -0.7,  -0.2,   2.8, -41.4,  71.6, 760.8,   2.2,   0.6
178399,   0.4,  -0.8,   3.6,  37.2, -66.0, 979.6,   1.7,   0.5
178423,  -2.3,  -1.2,   0.4, 183.2,-151.3,1136.3,   1.3,   0.1
178451,  -2.0,  -0.4,   2.9, -84.6,   2.1, 947.1,   1.2,   0.2
178471,  -3.8,  -1.6,   2.5, -52.9,-134.9,1052.8,   1.0,   0.2
178499,  -1.8,   4.7,  -0.4,  29.7,  -4.8,1007.4,   0.2,  -0.3
178523,  -2.9,   0.3,   1.7, -66.5, 108.3, 997.4,  -0.1,  -0.1
178547,  -3.1,   0.4,   1.5, 372.4,  52.6, 930.3,  -0.2,  -0.8
178571,  -3.3,   6.0,   2.5,-107.5, -75.3,1278.9,  -0.1,  -0.7
178599,   2.1,  -6.5,   4.6, 350.7, -40.7,1044.5,  -1.4,  -0.5
178623,   3.1,  11.5,   2.5, -85.1, -49.4, 677.6,  -2.3,  -1.0
178647,   1.4,  -1.3,   5.4, -75.3,  39.2,1096.8,  -2.1,   0.1
178675,  -0.6,   0.3,   4.3, 103.4, 180.8, 924.4,  -1.8,  -0.5
178699,  -2.3,  -4.9,   3.5, 140.5,-176.6,1046.7,  -1.7,  -0.0
178725,   2.0,   1.8,   0.7,-372.2,  50.2, 962.0,  -1.6,   0.2
178749,  -0.1,  -2.1,  -0.2, 163.0, -11.6,1029.9,  -1.6,  -0.7
178773,  -1.3,   5.1,  -0.8,-204.0,   1.6, 955.9,  -1.3,  -0.7
178797,  -1.5,   4.0,   2.0, -22.3,  38.4, 965.7,  -0.8,  -0.8
178825,   0.4,   3.9,   1.6, -39.4,  75.8, 973.5,  -0.4,  -0.8
178849,  -0.0,   1.5,   1.8, -66.0, 175.7, 983.2,   0.2,  -0.5
178873,   0.2,  -2.5,   0.7, 228.1,  79.5, 953.7,   0.2,  -0.4
178897,   0.3,   3.5,  -1.7, 100.2,  52.6,1026.0,   0.2,  -0.9
178925,   0.9,  -0.2,  -1.3,   7.0, 141.2, 965.2,   0.9,  -1.0
178953,  -1.4,   1.8,  -3.2, -46.8, 232.8, 939.5,   1.1,  -0.9
178973,  -3.9,   1.5,  -3.9,-113.9,  76.8, 931.2,   1.9,  -0.7
178997,   0.2,  13.9,  -3.3,-658.6,-278.0,1423.9,   2.0,  -0.7
179025,   3.5,  -5.1,  -4.2, 262.8, 106.6,1207.6,   2.5,  -0.5
179049,   3.6,   5.6,  -7.3, 229.6,  89.2,1070.4,   3.0,  -1.7
179073,   2.1,   0.3,  -6.0,  41.9, 279.9, 961.8,   4.1,  -1.0
179097,   2.1,  -2.9,  -5.0, 106.8, 165.6, 930.0,   5.0,  -1.3
179125,   0.4,  -4.9,  -4.9, 172.5,  75.1,1106.3,   5.1,  -1.2
179149,  -1.4,  -2.4,  -4.4,  43.3,-123.9,1094.1,   5.2,  -1.0
179173,   0.1,   0.1,  -6.4, -15.0,-103.6, 990.3,   4.4,  -1.3
179197,   1.1,   2.3,  -5.6, -84.1,  40.4,1060.4,   4.5,  -1.5
179225,   1.5,  -1.3,  -7.2,  36.0,-123.2,1135.6,   4.1,  -1.3
179249,   1.8,   4.2,  -9.1,  -5.7,-125.4,1019.4,   3.6,  -1.5
179273,  -1.0,   2.8,  -9.1,-173.7, 185.4, 945.4,   4.5,  -1.1
179297,   1.3, -12.0,  -5.7, 198.4,-276.0,1257.7,   3.4,  -0.3
179325,   8.8,   0.3,  -6.7, -59.2, 130.7,1023.5,   2.3,  -1.2
179349,  -0.5,  -0.8,  -2.3, 107.5, 187.6,1270.6,   4.5,  -0.6
179373,   0.3,  -1.2,   0.0, -76.5,-198.9, 956.1,   4.0,  -0.3
179397,   1.4,   0.7,  -2.0,  78.5,   9.4,1006.9,   3.5,  -0.5
179425,   0.8,   1.4,  -0.4, -67.5, -16.0, 981.5,   3.0,  -0.3
179453,   1.7,   2.6,  -3.1, 113.4, -79.7,1100.7,   2.9,  -0.4
179473,   1.3,  -2.7,  -3.6, 295.8,  92.4,1055.8,   3.2,  -0.5
179497,   0.6,   0.1,  -4.7, -98.5, -41.6, 956.6,   3.2,   0.1
179525,  -1.4,  -7.9,  -4.1, 173.2,   5.0,1065.3,   2.1,   0.1
179549,  -2.7,  -4.0,  -5.3, 160.3,  64.8, 889.7,   1.9,   0.0
179573,  -0.3,   0.1,  -5.7, -86.5,-198.4, 984.7,   1.2,  -0.2
179597,  -2.4,   2.9,  -5.0, -68.0, 142.9, 880.2,   1.4,  -0.4
179625,  -6.0,  -4.1,   2.3, -43.1,-299.7,1260.3,   0.9,   0.5
179649,  -3.7,   2.6,  -0.4, 134.6,-471.3,1060.4,  -1.5,  -0.4
179673,   1.1,   1.1,  -0.0, -26.0,  51.6,1064.1,  -1.8,   0.2
179701,   2.3,   6.1,  -3.2,-290.2, 129.8, 957.6,  -0.7,   0.3
179725,   2.5,  -7.8,  -3.5, 337.8,-203.3,1029.9,  -0.5,  -0.1
179749,   3.4,  -6.5,  -1.6,-209.1, 272.1,1029.4,  -0.2,  -0.1
179773,  -2.2,  -5.9,  -2.4, 549.2,-199.1,1091.9,  -0.1,  -1.0
179801,  -2.4,   3.0,  -2.5,-169.3,  38.7, 995.2,  -0.1,  -0.7
179825,  -3.3,   3.6,  -2.8,-120.2,  32.1,1001.8,   0.2,  -0.7
179849,   0.2,   2.3,  -1.0,  10.6, 160.3,1026.0,   0.7,  -0.6
179873,  -0.3,  -1.6,  -1.3, -38.9,  55.8, 928.1,   1.2,  -0.3
179901,   1.5,  -1.2,  -2.8, -59.2, -26.0,1011.3,   1.5,  -0.4
179925,  -0.1,  -0.0,  -3.9, -85.8,  47.0,1048.9,   2.0,  -0.5
179953,  -1.9,   1.7,  -3.6, 126.6,  33.8,1050.9,   2.0,  -0.6
179973,  -0.8,  -1.0,  -3.1, -25.8, 240.6, 945.9,   2.4,  -0.2
180001,  -1.3,  -0.4,  -5.1,  80.2, 138.1, 911.2,   2.8,  -0.4
180025,  -1.4,   0.4,  -4.9,-107.8, 202.3, 941.2,   3.7,  -0.4
180049,  -6.6,  -2.2,  -4.2,  89.5, 156.9, 893.2,   4.7,  -0.6
180073,  -1.5,   2.6,  -1.2, -13.8,-242.3,1361.2,   3.6,  -1.0
180101,   5.5,   4.0,  -2.6,-232.5, 310.4, 931.0,   4.6,  -0.2
180125,   0.9,  -0.6,  -4.0,  73.6, 298.7, 876.8,   6.6,  -0.5
180149,  -1.3,   0.8,  -1.4,-107.8, 162.5, 959.8,   6.8,  -0.3
180173,  -3.5,  -4.2,   0.3, 166.4,-133.2,1039.1,   6.5,  -0.6
180201,  -3.3,   1.7,   0.5,-193.0,  45.0, 909.5,   6.2,  -0.2
180225,  -3.3,  -3.6,  -0.4, 249.1,  15.5,1081.6,   5.8,  -0.2
180249,  -4.6,   1.8,  -0.9,-123.2, -74.3, 951.0,   5.0,  -0.1
180273,  -3.2,  -1.0,  -0.2, 111.5, -63.4,1178.1,   4.7,  -0.3
180301,  -1.1,  -1.1,  -2.6,  41.1,  44.8,1175.6,   4.4,  -0.1
180323,  -1.4,  -2.9,  -2.9, 251.3,  99.0,1157.3,   4.7,  -0.0
180351,   1.5,   4.9,   0.0,-173.9,  92.9, 973.7,   4.1,   0.1
180375,  -3.8,  -4.6,   1.8,  36.7, 220.6, 846.3,   4.7,   0.6
180399,  -8.5,   3.6,   2.4,   0.9,-379.8,1799.2,   4.6,   0.1
180423,  -1.9,   1.8,   6.7,-123.2,-405.6, 856.3,   2.4,   0.6
180451,   7.0,   2.1,   3.8, -85.8, 217.9, 698.8,   2.9,   0.8
180475,   0.4,   1.4,   4.3,-100.7,  42.6, 917.8,   3.5,   1.0
180499,  -0.6,  -1.8,   3.9,  57.7, -18.7, 965.9,   2.8,   1.1
180523,  -0.3,  -0.0,   4.0,  75.3,  -6.5,1002.3,   1.8,   0.8
180551,  -3.6,  -1.3,   1.6,  57.3,-114.6,1025.7,   1.1,   0.8
180575,   0.3,   0.6,  -0.3,  12.6, -46.5, 983.2,   0.9,   0.3
180599,  -0.5,   3.4,  -0.9,-131.0, -77.8, 922.0,   0.7,   0.3
180623,   1.7,  -4.0,   1.6, 242.8,   8.7,1008.4,   0.1,   0.1
180651,  -1.9,   1.3,  -0.4,   4.0,-104.1, 980.8,  -0.5,   0.2
180675,  -1.4,  -1.4,   4.7, 140.5,-132.9,1089.4,  -1.3,   0.1
180699,   1.0,   3.4,   3.9,-281.4,  41.1, 981.5,  -1.1,   0.4
180727,   2.3,   1.2,   1.3, -88.0,  11.1, 986.2,  -0.8,   0.5
180751,   4.2,   6.4,   0.2,  99.2, 305.5,1237.4,  -0.7,  -0.4
180775,  -2.4,   6.7,  -4.1,-134.4,  -9.9, 947.8,   0.2,  -0.7
180799,  -1.5,   1.4,   4.6,-194.7,-235.5,1297.0,  -0.8,  -0.8
180827,   5.5,   1.1,   3.9, 103.1, 159.5, 929.5,  -0.7,  -0.7
180851,   4.7,   4.0,   2.4,  47.0, 245.7, 944.2,   0.5,  -0.5
180875,   2.1,  -7.2,   3.2, 187.6, 191.0, 987.6,   1.7,   0.1
180899,   1.9,  -0.7,   4.8, -78.5, 125.8, 918.3,   1.9,  -0.1
180927,  -2.1,  -3.0,   4.4, 196.7,  10.1,1043.1,   2.1,  -0.6
180955,   0.3,  -2.3,   3.0,  50.2,  92.4, 998.6,   2.2,  -0.7
180975,   1.2,   4.4,   3.0, -66.5, 172.0, 934.7,   2.6,  -0.7
180999,   0.3,   3.6,   3.9, -68.5, 169.6, 849.2,   3.6,  -0.8
181027,   0.3,   2.9,   4.9,  26.2, 205.2, 851.4,   4.5,  -0.7
181051,   0.8,  -0.3,   5.7,  77.3,  40.2,1127.8,   4.5,  -0.8
181075,   2.3,  -0.0,   6.1,  35.5, 271.6,1015.5,   5.4,  -0.5
181099,  -1.8,   3.9,   4.6, -48.7, 147.3, 963.2,   5.7,  -0.8
181127,   1.5,  -7.4,   4.5, 351.2, 197.4,1141.2,   5.9,  -0.4
181151,   0.6,   7.8,   1.6, 133.9, 368.5, 929.0,   6.5,  -0.7
181175,   5.5,  -9.9,   9.1, 303.8,  77.0,1109.2,   5.7,   0.7
181199,   4.1,   7.3,   0.3, 292.4,-194.2, 775.7,   5.0,  -1.6
181227,  -3.5,  -2.2,   2.2,-321.2,  89.0, 894.9,   5.8,  -0.2
181251,  -4.1,   7.4,  -0.3,-335.6,-347.8, 862.9,   5.3,  -0.6
181275,   2.3,   4.9,   1.3,  13.3, 188.3, 989.3,   5.0,  -0.4
181299,   0.2,   1.7,   4.0, -93.6,  -2.1, 880.2,   4.6,  -0.2
181327,  -0.2,   1.7,   3.5,  -8.7, -14.5, 866.8,   4.4,  -0.2
181351,   0.9,   3.4,   3.8, -60.9, -37.7,1157.6,   4.0,  -0.1
181375,  -1.6,   2.0,   2.3,-170.3, -63.4,1146.6,   3.7,  -0.0
181399,  -1.3,  -1.1,   3.7,  13.3,-122.7,1103.1,   3.0,   0.0
181427,   3.0,   2.0,   2.4, -56.5, -64.6, 930.3,   2.3,  -0.1
181455,   0.8,  -1.7,  -0.7, 163.9, -16.5, 974.9,   2.2,  -0.3
181475,  -2.3,   1.2,   1.5, 153.7, 190.3, 794.3,   2.5,  -0.8
181499,   0.3,  -6.5,   6.0,  90.2, -59.0, 950.0,   1.7,   0.3
181527,   0.3,  -5.8,   3.5, 600.7,-150.5,1046.5,   0.8,  -1.2
181551,   1.2,   3.0,   2.5,-154.9, 100.2,1066.0,   0.9,  -0.5
181575,   1.3,   5.0,   2.9,-140.3, -22.6,1016.9,   1.1,  -0.6
181599,  -0.4,  -1.4,   5.2, -51.1,  31.1,1044.3,   1.1,  -0.3
181627,  -1.4,   4.0,   4.7,-186.2, -31.6, 970.3,   0.2,  -0.2
181651,  -2.6,  -0.2,   2.9, 218.4,-183.5,1042.1,  -0.5,  -0.5
181675,  -0.3,   2.0,   1.4, -74.1, -28.9,1004.5,  -1.3,  -0.4
181703,   0.2,  -1.6,   8.2, -30.9,  33.8,1026.9,  -1.3,  -0.1
181727,   1.2,   2.8,   5.8,-176.4, 152.5, 978.4,  -0.7,  -0.1
181751,  -0.5,  -2.9,   1.9,  59.4,-163.0, 972.5,  -0.9,   0.0
181775,  -1.4,  -8.3,   3.3,-276.2, 399.8, 851.2,  -0.5,   0.0
181803,   0.8,   8.3,   2.1, 476.7, -25.5,1031.3,  -1.2,  -1.7
181827,  -2.5,   7.4,   1.6,-311.2,  69.0, 910.2,  -0.9,  -0.9
181851,  -3.2,   4.3,   0.4,-124.4,  95.8,1040.6,  -0.3,  -0.7
181875,  -2.5,   3.7,   0.9, -68.0,  83.4, 912.7,   0.2,  -0.8
181903,  -2.2,   6.8,   1.8,-457.4, -17.0,1108.0,   0.6,  -0.4
181925,   1.4,  -4.6,   4.2, 164.4, -57.3, 997.2,   0.1,  -0.5
181953,   5.0,   2.3,  -0.1, -52.4, 253.0, 950.5,   0.4,  -0.4
181977,  -0.2,  -2.9,  -0.1, 140.5, 168.3, 944.9,   2.0,  -0.3
182001,  -1.6,   4.0,  -2.2, 193.5, -57.0,1016.9,   2.4,  -1.8
182025,   1.3,  -0.4,  -0.0, -45.5, 140.5,1102.4,   3.1,  -1.1
182053,   0.7,   0.9,   0.2, 132.4, 112.9, 966.9,   3.6,  -1.2
182077,  -1.9,   0.6,  -0.6, -41.1, 156.9, 960.3,   4.1,  -0.8
182101,  -0.2,  -1.0,   0.7, 156.4,  47.7, 992.0,   4.2,  -0.9
182125,  -1.0,  -3.7,   0.2,  30.9,  70.7, 986.4,   4.6,  -0.8
182153,  -0.5,   4.5,  -1.5, -40.6, 137.1, 926.1,   5.0,  -1.1
182177,  -1.1,  -0.4,  -0.7,  39.7,  51.1,1034.5,   5.2,  -1.2
182201,  -0.7,   2.2,  -0.9,  20.9, 170.8,1023.3,   5.8,  -1.3
182225,  -0.3,  -0.6,   0.8,  49.2,   7.7,1062.3,   5.7,  -1.1
182253,  -1.3,   2.8,  -0.9, 240.8, 218.1, 917.8,   5.8,  -1.6
182277,  -5.7,   3.6,   0.2,  88.5, 149.0, 929.5,   6.0,  -1.6
182301,  -6.8,  11.6,  -2.0, -53.3, 122.2, 834.6,   5.8,  -2.0
182325,   1.5, -10.8,   9.0, 609.5, 245.0, 895.4,   4.3,  -1.2
182353,   0.2,  -3.7,  -2.0,  69.9, 171.0, 798.2,   3.9,  -1.3
182377,  -3.2, -12.5,  -1.7, 470.1,  87.5,1305.3,   5.0,  -0.7
182401,   2.6,  10.5,  -4.2,-425.4,  24.8, 882.7,   3.2,  -1.1
182425,   0.8,   1.7,  -1.9, -65.3, -61.9, 845.8,   3.8,  -0.9
182453,  -1.7,   5.3,  -1.8,-489.4,-131.0, 965.2,   3.6,  -0.3
182477,   0.1,  -0.0,  -3.7, -68.2, -27.2,1007.9,   3.2,  -0.6
182501,  -1.1,  -0.9,  -1.9, 134.6, -65.1,1075.3,   2.9,  -0.8
182525,  -0.3,   0.5,  -0.3, -79.7, 217.6, 962.5,   3.0,  -0.7
182553,  -1.4,  -3.1,   0.0, 166.9,-116.1, 873.9,   2.5,  -0.8
182577,  -0.0,  -4.0,  -2.9,  96.6,  67.0,1033.0,   2.0,  -0.8
182601,  -1.2,  -3.2,  -3.0, 179.8, -39.7, 957.9,   2.0,  -1.0
182625,  -3.8,  -4.9,  -1.5, 179.1,-194.5, 933.2,   1.4,  -1.1
182653,  -4.0,   4.7,  -1.1,-240.6,-106.3, 819.2,   1.1,  -1.1
182677,  -1.9,   6.0,  -0.2, -67.0,  94.8, 829.9,   0.9,  -1.4
182701,  -2.4,   1.1,   4.1, -16.0,-251.1,1265.2,   0.3,  -0.5
182729,   0.3,   1.8,   2.7,-168.8,-106.1,1074.1,  -1.3,  -0.3
182753,   0.5,  -0.2,  -1.6,-152.2, 140.5, 978.4,  -1.6,  -0.1
182777,  -1.7,  -0.4,  -3.5,   7.9,  11.6, 945.4,  -0.6,  -0.2
182801,   5.2,   0.3,  -1.8, 219.6, -25.0, 961.5,  -1.5,  -1.4
182829,   0.6,  -3.6,  -0.6, -54.6,  11.8, 958.6,   0.1,  -0.6
182853,  -1.0,   7.2,   0.2,-138.3,   7.7, 955.7,  -0.4,  -1.0
182877,  -3.6,   0.1,   1.2, -30.4,  44.1, 997.6,  -0.2,  -0.4
182901,  -4.1,   0.9,  -0.2,  77.3,  23.6,1013.8,  -0.1,  -0.9
182929,  -1.1,   0.1,  -1.2,  47.0, 105.3, 950.3,   0.5,  -0.9
182957,  -0.2,  -0.5,  -2.0,  55.5,  52.9,1090.4,   0.5,  -1.0
182977,   1.3,   1.8,  -1.1,  30.4,  29.2, 823.6,   0.5,  -1.1
183001,   2.5,  -0.2,  -0.0,-177.9, 278.9, 970.5,   0.9,  -0.8
183029,  -0.8,  -1.9,  -1.2, -71.2,  66.8,1025.5,   1.9,  -0.7
183053,  -1.7,   0.7,  -4.2,  50.4,  52.9,1039.1,   2.4,  -1.2
183077,  -2.0,  -1.0,  -5.6,  20.6, 105.3,1004.2,   3.0,  -1.3
183101,  -3.1,   0.3,  -5.2,-115.1, 154.7, 897.8,   3.8,  -1.1
183129,  -3.9,  -1.3,  -6.5, 216.2, 183.5, 903.4,   4.3,  -1.7
183153,   3.6,   1.1,  -1.1, -79.0,  -3.3,1188.8,   3.7,  -1.1
183177,   4.1,   2.2,  -8.2,-342.9, 155.6, 753.5,   4.0,  -1.0
183201,  -0.2,   0.9,  -9.1,  19.9,-113.7, 762.8,   4.9,  -2.2
183229,   2.5,  10.5,  -6.9,-447.6, 208.9, 714.4,   6.1,  -1.1
183253,  -0.2,  -6.7,  -3.7, 153.2,  73.1,1008.4,   6.2,  -1.1
183277,  -3.6,  -2.7,  -2.9, 246.7, -61.7,1178.3,   5.7,  -1.0
183301,  -1.6,   7.6,  -2.4,-303.3,  48.2, 905.4,   5.2,  -0.6
183329,   0.9,  -0.4,  -0.0, 171.8,-128.8, 975.2,   4.6,  -0.8
183353,   2.3,   2.1,   2.2,  19.4, 128.8, 990.8,   4.3,  -0.9
183377,   3.1,  -3.2,   2.2, 286.7, -18.2, 925.9,   3.9,  -0.5
183401,   3.6,  -0.6,   0.3,  21.4, 126.1, 931.2,   4.0,  -0.1
183429,   7.5,  -1.1,  -0.1, 228.4, 116.6, 908.3,   3.6,  -0.6
183457,  -1.5,   1.4,  -0.2,  -9.6, 151.2, 869.7,   3.7,  -0.6
183477,  -5.6,  -3.6,   5.5,-104.4,-446.7,1396.8,   3.3,   0.2
183501,  -1.7,   3.4,   2.8,  47.2,-145.9,1044.8,   2.9,   0.2
183527,   0.4,   9.5,   2.1,-265.0, -86.6, 894.4,   2.1,  -0.4
183551,   7.0,  -0.6,   3.6, 384.9, 249.9, 997.4,   2.4,  -0.3
183579,   1.7,   5.9,   1.2,-151.5,  37.2,1110.4,   2.5,  -0.1
183603,   0.7,  -2.5,   1.8,  28.7,-152.5,1164.1,   1.8,   0.1
183627,   0.4,   7.8,  -0.1,-181.5,-132.2,1108.5,   1.2,  -0.0
183651,   0.8,  -2.4,   2.1,  -9.6, -63.6, 977.4,   1.2,   0.2
183679,   3.3,  -1.0,   2.1,  83.1,  14.3, 998.4,   0.7,  -0.0
183703,  -1.0,  -1.1,   1.9,  81.4,-124.2, 969.1,   0.4,   0.1
183727,   0.5,   0.4,   1.5, -32.6,-160.5,1043.1,  -0.6,   0.2
183755,  -0.2,   3.9,   0.9,  -4.3, -44.3, 923.9,  -1.6,  -0.2
183779,   0.6,   1.2,  -1.2,-194.7,  34.8, 870.7,  -0.8,   0.3
183803,   2.8,   3.1,   1.1,-180.3,  89.7,1028.9,  -0.4,  -0.3
183827,  -2.8,   1.6,   0.6,  -1.1,   0.6, 929.0,   0.4,  -0.6
183855,  -7.1,   4.2,   2.0,  52.9, -85.3,1025.2,   0.2,  -0.9
183879,  -0.7,  -0.1,   3.8,  79.2, 175.7, 965.2,  -0.1,  -0.7
183903,  -0.3,   1.6,   2.0, -70.4, 217.6, 904.4,  -0.0,  -0.4
183927,  -0.4,  -0.7,   1.1, 210.8, -99.2, 997.6,   0.4,  -0.7
183955,   2.7,   0.8,   0.5,-130.7, 194.5, 933.7,   0.6,  -0.6
183979,   0.1,   0.9,  -1.1,  40.9,  59.2,1020.8,   1.6,  -0.7
184003,  -0.1,  -3.2,  -1.1,-161.0, 124.1, 951.7,   2.0,  -0.3
184027,  -2.4,  -2.9,  -1.6, 191.8,  70.4,1098.0,   2.3,  -0.9
184055,  -1.6,   1.3,  -2.6,-112.4,  96.6,1047.7,   3.0,  -0.8
184079,  -1.7,  -0.1,  -2.7,  -5.5,  53.1,1049.9,   3.5,  -0.9
184103,   0.3,   4.3,  -1.7, -28.4,  81.4, 937.1,   3.7,  -1.2
184127,   0.4,  -3.4,  -0.5,   2.1, 156.6,1170.3,   4.2,  -0.7
184155,   1.2,   7.1,  -2.6,-328.0, -18.9, 860.9,   4.5,  -0.6
184179,   0.1,  -7.5,  -1.1, 343.1, 218.6, 945.9,   5.1,  -0.7
184203,  -0.6,   2.9,  -3.6, 258.7, 264.5, 981.3,   5.6,  -1.6
184227,   4.1,   5.3,   1.1,-304.8,-233.8,1195.2,   5.0,  -0.2
184255,   2.6,   3.1,  -2.3,  21.9, -91.9, 755.9,   4.5,  -1.2
184279,  -3.3,  -3.8,  -3.8, 242.6,  17.2,1190.5,   5.3,  -1.3
184303,  -0.2,   4.8,  -2.5,-255.0, 106.6,1083.1,   4.1,  -1.2
184327,   2.0,  -2.5,   0.5, 229.9, -28.4,1109.7,   4.2,  -0.8
184355,   2.4,   7.5,  -1.3,-122.7,  43.8, 854.8,   3.7,  -1.0
184379,   1.3,  -2.0,  -0.3, 130.5, 108.3,1044.8,   3.9,  -0.4
184403,   0.7,   2.1,   0.0,  34.8, -13.6, 982.3,   3.6,  -0.5
184427,   1.1,   3.5,   0.3, -46.0,  12.8,1118.0,   3.3,  -0.4
184455,  -0.8,   0.8,  -0.3, 116.8,  -2.1, 921.7,   3.3,  -0.5
184479,   2.1,  -3.3,   0.7, 227.4, -28.0,1148.3,   2.5,  -0.6
184503,   1.8,   3.9,  -2.0,-153.7, 105.6, 817.5,   2.4,  -0.4
184527,   0.0,   0.1,  -1.7,  75.1,   9.4, 836.3,   2.4,  -0.9
184555,   0.2,   6.0,   1.4,-325.3,-168.8,1156.3,   2.2,  -0.5
184579,  -0.6,   1.2,  -0.3,-358.5, -62.1, 868.5,   1.5,  -0.1
184603,  -3.1,  -7.3,  -1.3,  59.7,  40.9,1102.1,   1.7,   0.0
184627,  -4.9,   0.6,  -2.0, 274.0,-341.7, 989.8,   1.0,  -0.9
184655,  -0.6,   1.1,  -1.3, -70.4, -80.0,1005.0,   0.4,  -0.5
184679,  -1.1,   0.9,   1.0, 109.7, -43.6, 983.7,   0.4,  -0.6
184703,   0.4,   2.3,   0.5,  26.7, -59.7,1042.6,   0.3,  -0.8
184727,  -1.6,   5.6,   1.8,-357.1,-115.1,1009.9,  -0.1,  -0.1
184755,  -0.6,  -3.3,   4.8, 217.4,-206.4,1074.1,  -1.5,  -0.4
184779,   0.6,   5.3,  -0.6,-243.8, 114.4,1031.6,  -1.8,  -0.2
184803,   2.5,  -5.1,  -2.9,  73.4,  -1.6, 900.7,  -1.1,   0.2
184831,   3.9,   2.7,  -4.1,-475.2, 268.4,1063.8,  -0.4,  -0.5
184855,  -0.9,  -1.9,  -2.3,  77.3,-186.7, 991.5,  -0.5,  -1.0
184879,  -3.8,  -0.7,  -2.3,  48.7,   4.3,1064.1,  -0.7,  -1.2
184903,  -1.5,   1.4,  -3.5, 195.2,  73.6, 951.3,  -0.4,  -1.5
184931,  -1.7,   2.9,  -2.9,-106.3, 141.5, 996.2,   0.3,  -1.3
184959,  -2.5,   3.2,  -2.6,  29.7,  96.8, 949.8,   0.3,  -1.2
184979,  -3.0,   2.1,  -2.6,  53.6, 130.2,1030.4,   0.8,  -1.2
185003,   2.5,  -2.7,   1.8, -38.0, -51.4,1176.6,   0.3,  -0.5
185031,   4.3,   0.8,  -3.3,   6.2, 194.0, 865.8,   0.8,  -1.2
185055,   0.6,  -3.5,  -3.8, -91.2, 254.8, 991.8,   2.4,  -1.0
185079,  -1.1,   6.0,  -7.6,  -3.5,   7.4, 961.5,   3.0,  -1.9
185103,   0.5,   0.7,  -6.0,-103.6, 197.4,1126.6,   3.5,  -1.5
185129,  -1.1,  -2.1,  -3.7, 150.3,  56.3, 839.4,   4.0,  -1.3
185153,  -2.4,  -1.4,  -5.7,  97.3, 107.5,1093.8,   4.3,  -1.5
185181,  -2.6,   0.9,  -5.2,  38.7, 166.4, 937.3,   4.8,  -1.2
185205,  -2.6,  -3.0,  -5.3, 105.6, 116.8,1051.1,   4.9,  -1.5
185229,  -0.8,   1.0,  -5.4,  95.6,  62.6, 871.9,   5.0,  -1.7
185253,  -0.7,   2.0,  -3.4, -36.3, 170.0, 910.0,   5.2,  -1.6
185281,  -0.6,   0.1,  -1.8,-241.3, 156.1, 886.6,   5.6,  -0.8
185305,  -1.4,  -2.2,  -2.0, 302.9, -93.9,1022.8,   5.1,  -1.3
185329,  -0.9,   2.9,  -4.2,  41.9,  77.0, 963.7,   4.9,  -1.2
185353,  -2.0,   2.4,  -4.0,  91.2, 205.9, 976.4,   4.9,  -1.4
185381,  -3.1,  -1.4,  -1.5,-176.9,-265.5,1338.5,   4.2,  -0.8
185405,   0.5,  -0.8,  -2.5, 244.8,  13.8, 855.3,   3.3,  -0.9
185429,   4.9,   3.9,  -4.9,  35.3, 200.8,1070.4,   2.8,  -1.3
185457,   0.0,   0.3,  -1.5,-213.5,  52.6, 882.4,   2.8,  -1.1
185481,  -2.3,   0.5,   0.5, -14.5, -67.8,1086.3,   2.4,  -1.4
185505,   0.1,   2.8,   0.7, -59.7, -54.8,1056.2,   1.7,  -1.1
185529,   0.9,  -2.2,   2.5, 244.0,  -7.2,1041.3,   1.6,  -0.9
185553,   0.3,   4.5,   4.3,-111.7,-138.1, 926.8,   1.4,  -0.8
185581,   2.0,   1.1,   4.6,  62.9,  33.6, 756.9,   1.4,  -0.8
185605,   3.3,  -2.9,   4.0,  51.1,  77.0,1075.5,   1.5,  -0.6
185629,  -1.2,  -2.1,   2.9, 132.9,-136.1,1017.9,   1.2,  -0.4
185653,   2.1,   4.2,   0.3, -26.7, -88.3, 975.4,   0.5,  -0.5
185681,  -3.2,   2.6,  -1.0, -46.5,  18.4,1003.5,   0.6,  -0.4
185705,  -0.2,  -2.7,   0.3, 231.3,  27.2,1013.8,   0.2,  -0.6
185729,  -1.4,   5.8,  -1.2,-134.6,  -8.9, 777.2,   0.1,  -0.4
185757,  -6.1,  12.5,   0.7,-258.2,-264.3,1140.7,   0.1,  -0.5
185781,  -1.5,  -8.8,   4.4, 133.9,-293.8, 976.9,  -1.2,   0.3
185805,   0.2,   2.3,   2.1, -82.9, -87.3, 903.4,  -2.3,   0.1
185829,  -0.3,  -4.3,  -2.1,  -1.3, 154.9,1017.9,  -1.7,  -0.0
185857,   4.7,   1.3,  -3.1,  84.8,  75.1,1102.4,  -1.5,  -0.8
185881,   1.2,  -1.8,  -5.9, 153.7, 152.0,1015.2,  -0.3,  -0.8
185905,  -0.8,   1.0,  -4.8,-142.7, -54.1,1008.6,  -0.4,  -0.9
185929,  -2.4,  -1.0,  -4.1, 101.7,  77.5,1018.6,  -0.4,  -1.1
185957,  -1.2,  -0.1,  -3.7, -48.9,  35.8,1006.9,  -0.4,  -1.0
185981,   1.2,   0.4,  -5.3,  62.1, 195.7,1024.7,   0.2,  -1.1
186005,   0.8,   1.1,  -6.2, -36.5,  66.8, 896.3,   0.8,  -0.9
186029,   0.1,  -2.9,  -7.3, 149.8,  53.6,1089.9,   1.2,  -1.2
186057,  -0.4,  -0.6,  -9.2,  57.5, 118.8, 959.3,   1.6,  -1.4
186081,   1.3,  -3.0,  -8.0, 137.1, 173.2, 908.3,   2.2,  -1.7
186105,   1.5,  -1.8,  -9.1,   7.0, 232.1,1024.5,   2.9,  -1.6
186129,  -2.2,  -0.8,  -9.4,  54.6, 148.3, 941.7,   3.6,  -1.6
186157,  -1.7,  -5.1,  -7.9, 101.7, 160.3,1102.1,   4.0,  -1.3
186181,  -2.0,  -2.9,  -6.6,  74.8, 152.2, 977.6,   4.8,  -1.3
186205,  -0.7,   4.9,  -7.3,-287.0, 239.6, 986.7,   5.4,  -1.2
186229,   0.7,  -0.9,  -3.9,-137.6, 181.5, 992.8,   5.8,  -1.1
186257,   4.3,  -2.9,  -4.5, 413.7, 215.7, 903.7,   5.2,  -1.8
186281,   1.7,  -0.7,  -4.4, 103.4, 458.4, 930.5,   6.7,  -1.4
186305,  -3.3,  -0.1,   0.5, -28.9,  17.0, 850.9,   7.2,  -0.8
186329,  -3.2,   2.9,  -0.1,-218.9, 136.3, 904.6,   7.2,  -0.6
186357,  -4.2,   0.4,   1.3,  74.6,  34.8, 950.8,   6.5,  -0.4
186381,  -0.6,  -4.0,   3.7,  78.2, 305.3,1047.0,   6.0,  -0.1
186405,  -3.0,   2.7,   2.9,  53.1,-178.8,1021.6,   5.1,  -0.6
186429,  -2.4,   5.0,   1.1,-100.7, -95.6, 891.9,   4.5,  -0.6
186457,  -2.1,   3.2,   0.0,-115.4,-165.2, 860.9,   4.3,  -0.4
186481,   3.0,   2.8,  -2.3,  63.1,  39.2,1122.2,   3.8,  -0.7
186505,   2.8,  -5.6,  -1.3, 229.1, -36.0,1248.4,   3.8,  -0.8
186529,  -1.5,   4.7,   1.7,-288.2, 184.9, 858.7,   4.4,  -0.2
186557,  -7.8,  -6.5,   5.4,  30.4,-122.7,1385.8,   4.3,   0.6
186581,   4.5,   7.4,   2.9,  -1.6,-213.0, 962.2,   2.0,  -0.5
186605,   6.2,   0.8,   2.6,  -5.5, 337.5, 947.1,   3.2,  -0.1
186629,   0.4,  -0.3,   3.3, -16.0,  86.8, 967.9,   3.8,   0.2
186657,   1.6,  -6.8,   2.4, 385.1,  17.7,1024.7,   2.7,  -0.2
186681,  -1.4,   2.8,  -0.0, -13.5,-102.7, 997.2,   2.2,  -0.0
186705,   1.4,   2.0,   0.2,-127.1,   7.2,1121.2,   1.4,  -0.0
186731,   1.0,   1.1,  -1.0,  16.2, -99.7, 915.9,   1.2,  -0.2
186755,   0.3,   0.6,  -0.8, 236.7, -12.3,1016.4,   1.0,  -0.5
186783,  -0.5,  -8.5,   1.8, 288.5,  21.1, 895.4,   0.8,   0.0
186807,  -1.0,   3.7,   0.7,  76.1, -82.2, 961.3,  -0.0,  -0.2
186831,  -0.2,  -0.4,   2.7, -77.5,-160.3, 923.7,  -1.0,  -0.1
186855,  -0.2,   3.5,  -2.1, -93.6, -78.7,1006.2,  -1.5,  -0.3
186883,   3.6,   2.6,  -3.7, -69.7,  38.4, 940.0,  -0.8,  -0.2
186907,   0.1,   6.7,  -7.1,-145.9, 232.1, 866.1,   0.3,  -0.9
186931,  -2.8,   0.1,  -0.8,-338.3, -65.3,1110.2,   0.6,  -0.3
186959,   0.2,   0.3,  -2.2, 167.6,-136.4, 965.2,   0.4,  -0.5
186983,   3.1,   3.9,  -4.4, -34.8, 164.2, 978.4,   0.3,  -0.5
187007,   3.3,   0.0,  -5.4,  13.6, 303.1, 901.0,   1.7,  -0.1
187031,   0.0,  -0.6,  -6.6,  84.6,  93.4, 946.6,   2.7,  -0.6
187055,  -0.3,   0.6,  -9.2, -67.0,  96.1,1005.2,   2.9,  -0.7
187083,   1.0,   1.4, -10.4,-127.3, 114.4, 986.9,   2.9,  -1.0
187107,  -0.3,  -0.3, -12.5, -53.8, 143.2,1059.9,   3.4,  -0.9
187131,  -0.5,  -0.7, -12.2,  78.0,  61.6, 998.1,   3.8,  -1.2
187155,   0.4,  -2.7, -14.4, 133.4, 165.9, 944.2,   4.4,  -1.4
187183,   0.4,   0.0, -15.6, 241.8, 235.2, 923.4,   4.7,  -2.0
187207,   0.7,   1.7, -15.0, -34.5, 141.2,1115.3,   4.9,  -1.8
187231,  -1.6,   0.1, -10.9, -22.1, 142.5,1103.8,   5.7,  -1.6
187255,  -0.3,   1.8,  -8.1,  -8.4,   3.8, 790.6,   5.4,  -1.6
187283,  -1.4,  -3.7,  -8.0, -91.7, 123.9, 872.2,   5.8,  -0.9
187307,  -5.0,  -0.9,  -4.5, 132.0, -29.2, 932.2,   5.9,  -1.2
187331,  -0.4,   3.0,  -0.4,-663.5,-299.2,1621.4,   5.0,  -0.6
187355,   2.2,  -2.7,  -2.1, 269.2,  66.0,1090.7,   5.1,  -1.2
187383,   0.9,   8.6,  -5.9,-292.4, 206.4, 964.4,   4.9,  -1.1
187407,  -1.2,  -5.9,  -3.7, 334.6, -35.8,1044.0,   4.5,  -1.1
187431,  -3.2,   2.5,  -4.5,  -1.1, -58.5, 902.4,   4.0,  -1.0
187459,  -0.0,   2.0,  -3.3,  11.4,  -7.2, 870.7,   3.9,  -0.9
187483,   1.1,  -1.5,  -0.8, 116.3, 119.0, 915.4,   3.9,  -0.8
187507,   2.2,  -1.5,   1.2, 166.9,  96.3,1093.1,   3.8,  -0.6
187531,   1.7,  -1.2,   2.6, 131.7,  41.4, 939.3,   3.7,  -0.4
187555,   1.7,   5.1,   3.8,-110.5, -48.5, 921.0,   3.4,  -0.5
187583,  -0.6,  -1.6,   4.0, 127.8, -94.6,1001.8,   3.1,   0.0
187607,   2.2,  -2.3,   3.4,  32.8,  18.7,1054.5,   2.4,  -0.0
187631,  -1.9,   3.5,  -0.4,-171.3, -25.5,1029.6,   2.1,  -0.2
187655,  -1.9,   7.9,  -1.9, 146.1,-209.4, 911.7,   1.2,  -1.4
187683,   1.9,   0.7,   0.6, -59.9, -47.0,1086.8,   0.7,  -0.4
187707,   3.0,   2.1,  -2.0, 170.0, -38.5, 881.9,   0.2,  -0.6
187731,   3.7,   0.3,  -1.7,-338.0,  80.0, 795.0,  -0.2,   0.2
187755,  -3.1,  -2.4,  -1.5, 223.3,-107.1,1061.9,  -0.4,  -0.4
187783,   0.8,   2.3,   1.3,-214.2,   4.5,1000.8,  -1.1,  -0.2
187807,   2.6,  -0.6,   1.1,-175.9,  36.2, 969.6,  -0.8,  -0.0
187831,   5.9,  -0.1,   0.3, 241.6,  11.8, 882.7,  -0.6,  -0.4
187859,   0.5,  -0.5,  -0.3,-160.3, 157.6, 768.6,   0.9,   0.0
187883,  -1.3,   3.6,   4.7,  25.5,  29.7, 974.0,   0.5,  -0.4
187907,  -2.8,   1.6,   4.4,   2.6,  16.5,1066.2,   0.6,  -0.1
187931,  -1.3,   1.8,   3.9, -51.6, -30.9, 968.6,   0.6,  -0.1
187959,   0.9,   1.3,   2.8,  59.9, 124.4,1013.5,   0.7,  -0.1
187983,   0.7,   1.1,   1.6, -95.8, 104.9, 950.5,   1.5,   0.0
188007,   0.7,   0.3,   2.5, 116.8, 139.8,1010.1,   2.1,  -0.3
188031,  -0.3,   1.7,   2.4, -17.2, 131.0, 998.1,   2.4,  -0.2
188059,  -0.6,  -0.4,   2.1, -59.2, 191.5, 974.9,   3.2,   0.1
188083,  -1.1,   0.9,   2.1, -24.8, 121.0,1029.9,   3.8,  -0.1
188107,  -3.5,  -0.3,   1.9,  20.1, 278.4, 936.4,   5.1,   0.0
188131,  -5.5,  -2.7,   0.4, 191.8,  75.6, 912.9,   5.7,  -0.4
188159,   2.6,  25.0,   2.2,-1555.1,  23.8,1231.0,   5.1,  -0.4
188183,   1.2,  -8.2,   4.6, 177.9, 140.7, 856.5,   6.0,  -0.2
188207,  -0.1,  -0.4,  -1.9, 338.7, 333.4, 932.9,   6.9,  -1.1
188231,  -3.5,   0.1,   0.7,-300.4,  98.3, 998.4,   7.1,   0.1
188259,  -2.7,  11.8,  -4.1,-252.3, -84.6,1033.3,   6.5,  -1.4
188283,  -3.1,  -9.8,  -4.1, 319.9, 206.4,1279.6,   6.3,  -1.0
188307,  -0.4,  -2.9,  -4.3, 118.3,  49.2, 896.6,   5.9,  -0.7
188333,  -2.5,   0.9,  -5.1, 184.0,   6.0, 999.1,   5.4,  -0.9
188357,  -3.8,   0.9,  -5.9,  30.9, -76.3,1190.5,   5.1,  -1.0
188381,  -4.2,   0.1,  -4.7, 105.3,-181.5, 975.7,   4.4,  -0.8
188409,  -2.7,   5.0,  -4.5,-126.1, 126.3,1055.8,   4.0,  -0.9
188433,  -3.3,  -5.1,  -4.7,   6.0, -12.6, 974.5,   4.1,  -0.3
188461,  -8.2,   4.5,  -8.8, 199.6,-100.7, 898.0,   3.7,  -0.5
188481,  -2.9,  15.3,  -7.2,-493.0, 170.5, 992.5,   2.6,  -0.3
188509,   0.9,   0.3,  -5.1,  85.6,-175.9, 913.4,   1.8,  -0.3
188533,  -0.2,  -1.6,  -7.5, -47.7, -43.8, 995.2,   1.7,  -0.1
188557,  -0.2,  -1.9,  -8.4, -22.1,  73.1, 901.9,   2.2,   0.5
188581,   0.6,  -3.6,  -7.3,  37.5, -17.7,1034.5,   1.8,   0.1
188609,  -2.5,  -6.3,  -6.2,  66.0, -93.1,1066.5,   1.4,   0.0
188633,  -1.6,  -8.3,  -4.8, 182.7,-172.7,1072.8,   0.9,   0.0
188657,   2.1,   9.5,  -7.6, -23.8,  56.3, 851.6,   1.1,  -0.4
188681,  -0.2,  -4.7,  -4.7, 138.6,  11.3, 934.7,   1.1,  -0.1
188709,   0.1,   9.1,  -2.6,  72.6,  90.0,1163.4,   0.8,  -0.7
188733,  -2.1,  -1.3,   0.9,-238.9, -80.7, 879.7,   0.8,   0.5
188757,  -1.6,  -1.8,  -0.1,   4.8,-123.2, 968.3,  -0.1,   0.5
188781,  -3.6,  -0.1,  -1.6, 149.8, -49.4, 944.7,  -0.6,   0.2
188809,  -0.3,   2.6,  -0.9,  66.5, -48.0,1029.6,  -1.5,  -0.2
188833,   3.5,   0.3,   4.1,  63.8,-243.5,1096.8,  -2.0,   0.4
188857,   4.6,   1.8,  -0.3,-176.4, 173.0, 919.5,  -2.1,   0.9
188885,   4.1,   1.1,  -5.8,  41.6, -21.6, 775.7,  -1.5,   0.4
188909,   1.7,  -3.0,  -3.4,  95.6, 296.3, 879.0,   0.0,   0.3
188933,   1.2,   0.7,   0.9, 177.9, -49.2, 950.8,  -0.3,  -0.1
188961,  -1.3,   2.2,   2.1, -81.7, 100.9, 900.2,  -0.3,   0.0
188985,  -0.6,   4.4,   0.6,-175.2,  62.9, 950.3,   0.1,   0.1
189009,   2.2,   2.2,   0.4,-131.7, 104.6, 996.7,   0.4,   0.1
189033,   1.9,  -1.0,  -0.5,   3.1,  91.9, 917.1,   1.0,  -0.1
189057,   0.5,  -2.3,  -1.8, 209.8,  80.4, 957.4,   1.4,  -0.3
189085,   2.2,   1.1,  -3.1,-102.2, 112.4, 944.9,   1.4,  -0.2
189109,   0.3,   0.4,  -3.7,  98.3,  96.8, 948.1,   1.8,  -0.5
189133,   2.1,   0.5,  -3.2, -79.2, 181.0, 907.3,   2.3,  -0.5
189157,   2.0,   0.6,  -2.2, 155.6,  -7.0,1211.0,   2.8,  -0.8
189185,   4.4,  -1.8,  -0.6,-293.3, 211.1, 980.8,   3.7,   0.2
189209,   2.8,   3.7,  -4.0, 191.0, 139.0, 960.3,   3.9,  -1.0
189233,   3.9,   6.1,  -2.9,-286.3, 354.4,1009.1,   4.7,  -0.3
189257,   3.4,  -5.4,   2.3,-163.9,   2.6, 981.5,   4.6,   0.5
189285,   1.5,   2.8,  -4.2,-122.4,  80.2, 962.0,   5.1,  -0.9
189309,   0.4,  -0.0,  -0.6,  -7.0,  65.8, 991.5,   5.5,  -0.4
189333,  -1.1,  -4.1,  -0.9, 243.0,  71.2, 988.9,   5.1,  -0.7
189357,  -1.0,   3.2,  -2.2,-210.3, -88.3, 893.4,   4.4,  -0.5
189385,  -1.0,   2.1,  -2.2, -93.4,  71.2, 895.1,   4.3,  -0.5
189409,  -3.2,  -4.0,  -2.3, 231.3,-137.8, 994.0,   3.8,  -0.6
189433,   1.1,   0.4,  -3.1,  47.5, 151.2, 942.0,   3.7,  -0.9
189461,  -2.4,   4.9,  -4.2,  15.3, -84.1, 985.9,   3.5,  -0.8
189485,   0.4,   3.1,  -1.8,   8.9, 100.7,1010.8,   3.5,  -0.5
189509,  -3.1,   1.2,  -1.0, -31.4, -76.8, 981.5,   3.3,  -0.2
189533,  -1.9,   2.5,  -0.8,-138.8, 114.1, 926.6,   3.2,   0.2
189557,  -3.7,  -0.9,  -0.0, 390.0, -77.5, 956.1,   2.4,  -0.5
189585,  -2.6,   3.4,   0.3, 136.1, 195.7, 932.9,   2.5,  -0.6
189609,  -1.4,   3.4,   3.9,-490.1,-108.5,1168.3,   2.4,   0.5
189633,   0.8,   0.0,   0.9, 175.4,-190.6, 863.4,   1.1,   0.1
189657,   2.2,   2.0,  -2.3,-224.0, 168.6,1013.0,   1.0,   0.1
189685,  -2.0,  -0.8,  -1.6, 176.4, -60.4,1052.1,   0.8,  -0.2
189709,  -0.6,   2.7,  -0.9,-105.8,-101.0, 998.1,   0.3,   0.1
189733,  -1.7,  -2.9,  -0.2, 177.9,-139.8,1012.3,  -0.2,  -0.4
189757,  -1.9,   0.9,  -0.2,  38.0, -67.8,1047.9,  -0.8,  -0.0
189785,   1.2,  -1.0,  -1.3, -22.1,  53.1,1018.4,  -1.5,   0.2
189809,  -0.3,  -0.4,   3.7,  14.5,  52.1, 995.2,  -1.1,   0.4
189833,   4.8,   2.5,   0.5,-100.5,  42.8,1013.5,  -1.0,   0.2
189861,  -0.2,   0.1,  -0.9,-117.8,-117.3,1005.0,   0.0,   0.6
189885,   0.4,  -2.9,  -1.2, 108.3, -77.8,1052.1,  -0.6,  -0.1
189909,  -0.9,   2.2,   1.1, -10.4,  89.7, 959.1,  -0.4,  -0.2
189935,  -1.2,   0.0,   1.0,  61.9, 108.0,1013.0,  -0.0,  -0.2
189963,   0.4,   0.0,  -0.4, -15.5,  77.8, 969.1,   0.0,  -0.2
189983,  -0.3,   0.3,  -0.6, -80.0,  46.3, 982.8,   0.3,  -0.1
190011,  -0.9,  -2.6,  -1.6,  46.0, 112.7, 946.9,   1.0,  -0.2
190035,  -1.1,  -0.4,  -2.2,  56.8,  68.5, 979.8,   1.2,  -0.4
190059,   0.4,   1.9,  -2.6,  40.4, 146.6,1023.0,   1.5,  -0.8
190083,  -0.6,   0.1,  -2.2, -86.5, 224.5, 907.6,   2.5,  -0.6
190111,  -2.4,   0.3,  -3.2,  99.5, 215.9,1052.8,   3.8,  -0.9
190135,   1.1,  -1.4,   0.4, 148.6,   8.4, 974.5,   3.4,  -0.5
190159,   2.0,   6.6,  -3.9,-200.1, 201.5, 791.8,   3.9,  -0.8
190183,  -0.5,  -4.2,  -2.8,  43.6, 271.8,1073.3,   5.2,  -0.5
190211,  -1.6,   4.0,  -1.5, -21.1, 206.2, 963.5,   5.9,  -0.9
190235,   0.0,  -2.7,   0.3, 132.4,  81.2,1001.3,   6.1,  -0.8
190259,  -1.7,   6.4,  -1.3,-233.5,  49.4, 983.0,   6.3,  -1.0
190283,  -0.5,  -1.4,  -0.1,   1.1, 101.7, 908.8,   6.4,  -0.4
190311,  -4.1,   6.3,   1.8,-111.4,  -6.2, 948.6,   6.3,  -0.8
190335,  -2.6,  -1.1,   4.7, 212.0,  15.3,1044.0,   5.7,  -0.8
190359,  -3.3,   6.7,   4.5,-160.0, 135.1, 966.6,   5.6,  -0.4
190383,  -1.6,   2.8,   3.8, -42.4, -11.1, 971.8,   5.3,   0.1
190411,  -1.1,   7.2,   2.9,-149.3,  68.2, 933.2,   4.4,   0.2
190435,  -3.1,   2.2,   0.5, 236.0,  76.5, 982.5,   4.7,  -0.4
190463,  -2.8,  11.7,   3.3,-459.8,  54.8,1103.4,   4.6,   0.4
190483,   0.7,  -9.1,   8.3, 169.3,-401.0, 857.3,   2.9,   1.2
190511,   3.6,   3.9,   0.8,-148.3,  61.6, 695.2,   2.7,   0.8
190535,  -1.4,  -1.3,   1.9, -66.5,  12.6, 946.1,   3.4,   0.9
190559,  -2.3,   5.6,   2.7, -52.9, -71.4,1046.2,   3.0,   0.3
190583,  -2.0,   0.1,   3.0,  34.3, -99.2, 950.8,   2.5,   0.2
190611,  -2.2,   4.8,   2.5, -38.0,  -2.6, 951.5,   2.2,   0.1
190635,   0.3,   5.4,   1.8,-199.3,  21.4, 918.3,   1.8,   0.4
190659,   0.5,  -5.3,   2.1, 276.5,  13.3,1076.3,   1.2,   0.5
190683,  -1.9,   3.6,   0.0,-119.8, -81.7,1024.3,   0.8,   0.3
190711,  -0.5,  -0.8,   2.7, 178.6,-130.0, 985.7,  -0.0,   0.1
190735,  -1.2,   3.7,   0.3,-170.0, -65.1,1143.6,  -0.7,   0.3
190759,   0.4,  -2.1,   1.1, 142.5,-204.0, 961.3,  -1.2,   0.1
190783,  -1.9,   2.0,   1.6,-146.1,  50.9, 930.5,  -1.4,   0.7
190811,   3.0,   1.7,   0.3, -36.7, -25.5, 952.0,  -1.5,   0.2
190835,   1.4,  -2.9,  -2.2,-149.5, 189.1, 954.7,  -0.3,   0.8
190859,   0.8,   3.7,  -2.2, 258.4,-163.5, 988.9,  -0.5,  -0.5
190887,   0.4,   2.3,   1.3,-282.6, 100.0, 955.9,  -0.2,   0.3
190911,   2.4,  -3.5,   2.3, 215.9,  56.5,1022.8,  -0.5,   0.2
190935,   3.5,  -1.3,  -0.5,  -5.2, 195.4, 960.0,   0.3,   0.3
190963,   0.0,   0.8,  -1.5, -17.2, 105.6, 901.7,   0.4,   0.3
190987,   0.7,  -1.4,  -1.9,  64.3, 111.4, 958.3,   1.1,  -0.1
191011,   0.7,   2.3,  -2.9, -64.8, 172.2,1028.9,   1.8,  -0.3
191035,   0.4,  -2.0,  -0.5, -39.7,  70.7,1024.3,   1.8,  -0.2
191059,   0.3,   3.9,  -2.8,-143.4, 133.9, 997.6,   2.5,  -0.4
191087,   1.1,  -1.0,  -1.1, -16.2, 143.2,1043.8,   3.6,  -0.3
191111,  -0.6,   1.6,  -0.6,  19.7,  88.5, 995.9,   4.1,  -0.6
191135,   0.3,  -1.3,  -0.3,  72.1, 148.1, 937.8,   4.7,  -0.6
191159,   0.6,  -1.1,   0.0, 117.3, 167.4,1026.9,   5.0,  -0.4
191187,   2.3,   3.9,  -0.1,-177.4, 182.2,1003.3,   5.6,  -0.5
191211,   0.5,  -1.1,   0.7,  55.8, 169.8, 967.1,   6.3,  -0.3
191235,  -0.0,   5.2,   0.3,-242.3,  33.8, 967.4,   6.2,  -0.2
191259,  -3.2,  -3.3,   3.4,  37.2,  93.6, 880.2,   6.4,   0.2
191287,  -5.5,  14.5,   1.4, -78.0,-239.9,1101.4,   5.9,  -0.9
191311,   1.9,  -9.9,   4.5, -29.9,  68.5,1107.3,   4.4,   0.2
191335,   2.2,  -1.1,   2.5, 195.9, -84.1,1043.8,   4.2,  -0.3
191359,   0.1,   5.9,  -2.5,-101.0,  31.6,1026.7,   4.8,  -0.8
191387,  -1.3,   1.4,   1.1,  -7.9,  56.8,1001.1,   5.1,  -0.6
191411,  -0.8,   0.4,   2.1, -28.4,-135.6,1201.3,   4.6,  -0.5
191435,  -2.4,   3.7,   2.5,-221.6, -67.3,1085.8,   3.9,   0.1
191463,   1.7,   4.1,   2.9,-190.6,  87.8, 951.7,   4.0,   0.4
191487,   0.5,  -4.3,   2.7, 176.6, -82.9,1220.3,   3.9,   0.2
191511,  -0.2,  -3.1,   4.1, 182.7, -68.5,1273.8,   4.0,   0.2
191537,   0.4,   1.8,   4.3,-150.8,-146.1, 990.6,   3.3,   0.6
191561,  -1.4,   1.4,   1.6,-119.3,  19.2, 847.7,   2.7,   0.4
191585,  -0.6,  -8.4,   2.0, 480.6,  38.2,1191.2,   2.4,   0.1
191609,  -2.7,   1.8,  -0.9, 101.2,  -2.6,1073.8,   2.2,  -0.3
191637,  -1.5,   2.6,   1.0, 235.5,-176.9,1547.4,   0.9,  -0.8
191661,   2.2,   0.1,   3.8,-205.9,-269.7, 901.7,   0.1,   0.8
191685,   3.7,   0.7,   1.6,  62.9,  81.9,1017.9,  -0.0,   0.3
191709,   0.1,  -1.4,   0.4,  54.6,-108.3,1031.1,  -0.3,   0.5
191737,  -0.1,  -1.2,   4.5, 195.4,  83.1,1068.4,  -1.1,   0.2
191761,   2.8,  -4.0,   1.4, -43.1,  34.3,1063.3,  -0.5,   0.6
191785,   5.5,  15.2,  -0.1,-901.2, 452.0,1382.9,  -0.4,  -0.0
191809,   0.0,  -8.9,   2.9,-219.6,-236.2, 984.7,   0.2,   0.3
191837,  -0.3,   1.7,   1.2,  51.6,  62.1,1083.6,   0.1,  -0.5
191861,   0.8,   5.0,   1.6,  25.0, 115.8, 905.6,   0.3,  -0.6
191885,  -1.0,   5.2,   2.9,-115.6, 143.9, 994.7,   0.8,  -0.4
191913,   0.1,   2.9,   1.8,  18.4, -23.3,1068.9,   1.3,  -0.5
191937,   2.3,   0.6,   1.1, -56.3,  57.0, 965.7,   1.5,  -0.2
191965,   1.6,   1.7,  -0.4, -64.3, 164.7, 979.6,   1.7,  -0.1
191985,   0.2,  -2.9,   0.2, 178.6, 218.9,1027.4,   2.5,  -0.1
192013,   0.5,   1.4,  -0.4, -51.4, 206.9,1011.1,   3.1,  -0.4
192037,   0.3,  -0.5,   0.3,  68.2, 142.0,1058.2,   3.6,  -0.4
192061,   1.2,   0.9,  -1.2,-158.6, 145.4, 919.3,   4.1,  -0.1
192085,  -1.1,  -3.8,   0.5, 174.0, 313.8,1051.4,   5.2,  -0.4
192113,  -4.4,   3.4,  -1.4,-242.3,-311.4,1594.6,   5.7,  -0.5
192137,   5.4,   2.7,   0.2,  -3.1, 267.2, 997.9,   5.3,  -0.9
192161,   4.8,  -1.7,  -0.5, 154.7, 414.9, 724.9,   6.9,  -0.7
192185,  -0.0,   0.6,   1.3, -17.9,  71.2,1128.0,   7.6,  -0.5
192213,  -1.3,   2.0,   0.3, 198.1,  62.6,1132.7,   8.0,  -1.1
192237,  -1.2,   3.1,   1.6,-173.5,  62.6,1032.3,   7.5,  -0.8
192261,  -1.4,   1.3,   1.1,   7.4,   5.0,1007.2,   7.1,  -1.0
192285,  -2.2,   4.6,  -0.1,-233.8, -18.2,1069.2,   6.7,  -0.7
192313,  -0.2,   1.2,   1.3,-132.4,   1.6, 990.1,   6.0,  -0.3
192337,  -1.7,   0.5,   0.2,  38.0, -50.2, 911.5,   5.8,  -0.7
192361,   0.9,   4.2,   2.4,   2.1,  42.8, 993.7,   5.6,  -1.0
192385,   0.4,  -1.9,   3.4, 150.3,  55.0,1092.4,   5.1,  -0.7
192413,  -3.8,   1.4,  -0.3,  95.8, 222.3, 852.1,   5.7,  -0.4
192437,  -5.8,   5.3,  -0.6, 377.1,-156.1,1096.5,   4.9,  -1.2
192465,   3.7,   8.5,   1.8,-510.4, 151.2, 934.2,   5.1,  -0.4
192485,   1.6,   0.9,   0.8,  31.6, 183.0, 970.1,   5.1,  -0.9
192513,   0.6,  -1.9,   0.1,-101.7, 171.5, 952.0,   5.4,  -0.1
192537,  -0.8,  -1.3,   0.0,  60.9,  94.8, 907.1,   4.5,  -0.5
192561,  -2.0,   1.8,  -1.2,  25.3,-103.2,1122.6,   3.9,  -0.7
192585,  -0.8,   2.9,  -0.9,-234.7, -39.7,1061.9,   3.4,  -0.5
192613,   1.6,   5.8,  -1.1,-274.5,  26.5, 936.6,   2.9,  -0.5
192637,  -0.6,  -8.1,   0.8, 426.9,  -5.5,1088.5,   2.4,  -0.4
192661,   0.0,   6.7,  -0.2,-322.1, -97.3, 786.0,   1.4,   0.1
192685,  -1.8,  -7.6,   1.4, 244.3,  -3.8,1192.0,   1.1,  -0.1
192713,  -0.9,   3.9,   2.1,-226.4,-150.5, 979.6,   0.1,   0.1
192737,   3.0,   0.3,  -2.1, -94.4, 131.7,1005.2,  -0.2,   0.2
192761,   2.2,  -3.8,  -4.1, 111.5,  95.1, 829.4,   0.3,  -0.1
192785,  -4.1,  -9.7,  -2.4, 157.6, 305.5, 844.6,   1.6,  -0.2
192813,  -4.3,   4.9,  -1.2, -53.3, -84.1, 902.9,   1.0,  -0.8
192837,  -7.3,  -1.9,   0.5,-179.8,-277.7,1102.6,   0.3,  -0.4
192861,   1.1,   3.1,  -0.4, 126.1,  39.9,1005.7,  -0.2,  -0.8
192889,   1.6,   2.5,  -2.7, -92.9, 283.1, 896.1,   1.5,  -0.6
192913,  -0.2,  -1.1,  -2.5,  -1.6, 116.3, 959.1,   2.4,  -0.4
192937,  -1.7,  -0.7,  -2.6,  89.7,  -2.3,1056.0,   2.4,  -0.7
192965,  -2.7,   0.7,  -3.4,  71.4,  36.0,1019.4,   2.3,  -0.7
192989,  -1.7,  -2.6,  -3.4,  34.1, 152.7,1115.1,   2.8,  -0.5
193013,  -1.9,   3.9,  -4.7,-212.8, 163.4, 893.2,   3.4,  -0.4
193037,  -0.3,  -1.4,  -3.6, 121.7, 101.2,1029.4,   3.9,  -0.6
193061,  -0.1,  -0.8,  -4.5,  51.9, 142.9, 937.6,   4.6,  -0.6
193089,   0.2,  -1.3,  -2.6, -54.1,  45.5,1064.5,   4.6,  -0.6
193113,  -2.2,   0.7,  -2.6,-164.4,  70.4, 861.2,   5.1,  -0.1
193139,  -0.2,   1.5,  -2.8, -70.7, 189.1, 958.3,   5.1,  -0.1
193163,  -1.0,  -2.7,  -0.6,   8.7, 125.4, 933.7,   5.2,   0.3
193187,  -4.7,  -2.4,  -0.8, 175.9, 212.8, 871.9,   6.0,   0.1
193211,  -8.6,   3.4,  -1.2, 277.5,-161.5,1535.5,   5.9,  -0.5
193239,   4.7,  -5.1,   2.1, 272.8, 220.6, 983.0,   4.1,  -0.2
193263,   3.6,   3.5,   1.3, -10.4, 165.6, 862.9,   4.2,   0.1
193287,   1.9,   0.8,  -0.6,-212.3, 100.2, 953.0,   4.2,   0.6
193311,  -2.0,   0.3,  -1.3,  46.8,-209.8,1057.9,   3.7,  -0.0
193339,   0.4,  -0.7,  -0.9,  59.7,  55.5,1001.6,   3.9,  -0.4
193363,  -1.0,   1.0,  -1.0,  -6.2, -71.2,1041.1,   3.5,  -0.3
193387,   0.1,   4.8,   0.2,-104.6, -69.7, 871.9,   2.7,  -0.1
193411,   0.6,  -2.2,  -0.8, -51.4,-138.6,1054.3,   2.6,  -0.2
193439,   2.8,  -2.5,   0.6, 202.3,  -0.9,1009.1,   2.6,  -0.2
193467,   0.9,   5.8,   1.4,-179.8,  81.9, 971.8,   2.6,   0.1
193487,   0.4,   1.4,   3.9, -12.1, -32.1, 974.9,   2.2,   0.2
193511,   0.2,   5.8,   2.1,-184.0, -23.3, 973.0,   2.3,   0.3
193539,  -2.5,  -2.0,   3.0,  85.8,-599.5,1442.7,   1.8,   0.6
193563,   5.5,  -1.4,   2.9, 277.0,-191.5, 912.9,   0.0,  -0.3
193587,   6.1,   2.2,  -1.2,-182.5, 177.4,1011.3,   0.8,   0.3
193611,   0.6,  -5.7,   0.1,-185.9,  31.1, 792.8,   1.8,   1.3
193639,  -2.5,   4.0,  -1.0,-117.1,-302.4, 927.3,   0.6,   0.5
193663,  -1.1,   0.1,   2.2,-115.1,-152.7,1022.8,  -0.4,   0.6
193687,  -2.8,   0.5,   2.4, 120.5, -70.4,1002.0,  -1.1,   0.4
193711,   3.5,   1.5,   1.1, 101.0, 183.7, 961.5,  -0.9,   0.4
193739,   5.3,   0.6,   0.8,  30.2,  99.7,1051.4,  -0.2,   0.2
193763,  -0.4,   2.2,  -0.0,-236.9,  16.7, 931.0,   0.7,   0.5
193787,  -0.8,  -1.3,   1.7, 133.2, -28.7,1007.7,   0.0,   0.1
193811,  -1.3,   2.8,   0.2, -58.0,  70.2,1011.6,  -0.1,  -0.1
193839,   1.2,  -0.0,   0.9,  64.1,  82.4,1017.2,   0.1,  -0.2
193863,   2.8,   2.7,  -0.1,-167.1, 154.4, 992.8,   0.9,   0.0
193887,  -0.1,  -2.9,  -1.4, 147.8, 110.5, 979.8,   1.5,  -0.1
193915,  -1.1,   2.0,  -2.6,   0.4,  84.6, 888.8,   1.7,  -0.4
193939,   0.1,   0.2,  -1.7, -28.0, 107.8,1031.8,   1.7,  -0.5
193967,   0.6,  -1.2,  -1.5,  -9.2, 219.4, 855.3,   1.9,  -0.6
193987,  -3.2,  -1.1,  -5.3,  11.6, 206.7, 937.1,   3.2,  -0.7
194015,  -5.4,  -1.4,  -3.9, -20.6,-124.2,1301.1,   3.3,  -0.8
194039,   1.2,   4.2,  -3.2, -56.0, 169.3, 975.7,   2.9,  -1.0
194063,  -1.1,   1.8,  -3.7,   1.3, 234.5, 886.8,   3.6,  -0.9
194087,  -3.8,  -2.1,  -3.9, -43.8, 100.9,1011.8,   4.5,  -0.6
194115,  -6.6,   0.9,  -3.2, -73.1,  24.0, 970.5,   4.8,  -0.8
194139,  -4.3,  -0.7,  -3.6, 163.2,  98.7,1016.2,   4.6,  -1.2
194163,  -4.4,   1.0,  -4.2, 231.8, 238.4, 910.0,   4.8,  -1.3
194187,  -3.2,   4.9,  -1.1,-167.6,-138.8,1117.3,   3.8,  -1.1
194215,  -2.6,   4.5,  -2.6,-229.9,-113.2, 809.2,   4.0,  -0.6
194239,  -0.4,   7.8,  -3.6,-282.3, -13.3,1047.7,   3.6,  -0.9
194263,   0.3,  -1.0,  -3.3,  55.5, -30.9,1046.5,   3.0,  -0.7
194287,  -2.6,   1.7,  -5.5, -95.3,-126.6, 983.2,   2.8,  -0.7
194315,  -1.3,  -0.4,  -3.9, -48.9,  34.8, 945.6,   2.4,  -0.5
194339,  -4.0,  -2.9,  -5.9, 173.0, 171.7, 959.6,   2.8,  -0.9
194363,  -4.4,   3.5,  -2.4,-131.0,-230.8,1131.4,   2.3,  -0.6
194387,  -0.2,  -4.4,  -0.3, 131.5, -13.6, 977.1,   1.8,  -0.3
194415,  -0.5,   3.7,  -0.4,-163.9,  68.7, 794.5,   2.3,  -0.1
194439,  -3.1,  -1.4,   1.4,  63.6,   1.6,1168.8,   2.3,  -0.1
194467,  -2.9,   1.9,   4.1, -86.8, -71.9,1064.1,   2.1,   0.0
194487,  -4.1,   0.7,   3.8,  50.9, -13.6,1119.5,   1.8,  -0.2
194515,   0.3,   5.8,   2.3,  17.0, -62.6, 921.5,   1.3,  -0.4
194539,  -1.6,   2.2,   1.4,-120.2,  93.6, 960.5,   1.0,  -0.2
194563,  -2.6,  -0.4,   1.6,  57.5,  35.0, 975.9,   0.6,  -0.4
194587,  -2.6,   2.2,   0.2,-269.9, -66.3, 997.4,  -0.1,  -0.1
194615,  -3.6,   4.1,  -4.0, 113.6,-165.2,1147.1,  -1.0,  -0.6
194639,  -3.6,  -1.6,  -2.8,-220.1,-185.4,1073.8,  -1.7,   0.1
194663,  -1.9,   1.9,  -4.2,  31.6,-214.0,1071.1,  -2.4,  -0.4
194687,  -1.2,   0.9,   1.7, -54.1,   2.3, 923.4,  -2.4,   0.1
194715,   0.8,   2.5,   0.5,-179.3, -29.9, 947.1,  -2.2,   0.2
194737,   4.1,  -1.8,   1.7, -53.8,  92.2,1000.6,  -1.9,   0.6
194765,  -3.2,  -3.2,  -3.2,  49.9, -23.1, 908.0,  -1.0,   0.4
194789,  -6.2,  -4.5,  -3.0, 344.8,   3.5,1033.3,  -1.3,  -0.2
194813,  -7.1,   6.7,  -3.4,   5.0, -76.8,1221.3,  -1.3,  -1.1
194837,  -1.3,   4.4,   1.7,-192.5, -63.8,1039.4,  -1.8,  -0.3
194865,   1.2,   0.4,  -1.7,   0.1, 220.6, 935.9,  -0.8,  -0.2
194889,   1.9,  -0.5,  -2.8,  -3.5,  64.6, 934.2,   0.2,  -0.0
194913,   1.2,  -3.8,  -2.9, 175.9,  60.2, 958.3,   0.7,  -0.3
194965,  -1.1,  -1.1,  -2.4,   8.4, 133.9,1126.1,   0.9,  -0.8
194969,  -0.8,   1.2,  -1.1, -67.3,  14.8, 969.3,   0.9,  -0.7
194989,  -0.8,   1.8,  -1.4, -70.2, 147.8, 924.6,   1.5,  -0.7
195013,  -1.8,  -2.2,  -0.3,   4.3, 142.9, 944.4,   2.0,  -0.4
195041,   0.4,   0.2,   0.7, -13.5, 105.1, 989.6,   2.2,  -0.5
195065,   0.3,  -2.5,   0.3,  92.4, 109.5,1081.1,   2.6,  -0.5
195089,  -1.0,   5.3,   1.2,-130.7,  28.9, 938.6,   3.1,  -0.5
195113,   0.5,   0.4,   3.5,  60.4, 162.2,1110.7,   3.4,  -0.4
195141,   0.1,  -0.5,   5.5,  44.1, 142.7,1069.4,   3.3,  -0.1
195165,  -1.7,   1.1,   5.6, 123.4, 190.1, 859.5,   3.2,  -0.1
195189,  -6.6,   3.6,   3.6,-135.6,  62.4, 936.1,   4.0,  -0.0
195213,  -2.9,  10.6,   4.7,-167.1,-413.7, 991.5,   2.5,   0.1
195241,   2.6,  -2.7,   0.9, -54.8, 141.0, 944.2,   1.9,   0.7
195265,   1.1,   6.8,   0.5,  94.1, 208.9, 793.1,   2.5,   0.4
195289,  -2.7,   0.6,  -0.0,  -4.8, 130.7, 813.8,   2.6,   0.2
195313,  -0.2,   4.2,   3.3, 110.7, 111.2, 850.2,   2.5,  -0.5
195341,  -1.7,  -7.9,   4.9, 379.0, -59.5,1130.0,   2.2,  -0.0
195365,   3.7,   2.9,   6.5, 318.2, -71.7,1024.3,   1.4,   0.3
195389,  -5.2,   7.2,   2.5,-184.7,-101.4, 842.1,   1.7,   0.3
195413,  -1.4,   7.2,   2.7,-265.5, -56.5, 933.7,   1.3,   0.4
195441,   2.4,   1.1,   3.7, 314.6, -39.9,1065.8,   1.2,   0.1
195469,  -1.9,  -3.8,   2.7, 295.0,-205.0,1049.6,   0.9,  -0.3
195489,   0.1,  -6.4,   0.7, 223.5, -57.7,1107.0,   0.5,  -0.4
195513,  -3.6,   1.4,  -2.3,  22.3,  24.0, 691.5,   0.8,  -0.4
195541,  -5.8,   8.4,   0.3,-220.8,-475.0, 864.3,   0.2,  -1.4
195565,   5.0,  -3.5,   4.1, 192.0, 159.8,1059.2,  -0.5,  -0.6
195589,   1.5,  -0.2,  -1.5, 188.4,-143.4,1165.9,  -0.9,  -0.9
195613,  -3.0,   0.9,  -3.4,-211.5,-262.6, 907.6,  -1.3,   0.0
195641,  -1.6,   3.1,  -2.3, -28.2, -99.7, 990.1,  -1.7,  -0.7
195665,  -1.2,   4.6,   3.6, -36.5, -46.5, 999.1,  -2.0,  -0.4
195689,  -0.2,  -3.4,   3.9, 133.4,  91.2,1014.7,  -1.9,   0.1
195713,   0.3,   1.0,  -0.5, -14.8,-107.5,1027.4,  -2.1,   0.4
195741,   1.9,  -1.7,  -6.1, 171.8, -35.0, 933.9,  -2.5,  -0.4
195765,  -2.2,  -3.5,  -4.0, 136.1, -32.8, 974.5,  -2.1,  -0.9
195789,   0.4,   1.1,  -1.1,  -6.5,  15.3,1125.1,  -1.9,  -1.2
195813,  -1.0,   2.7,  -3.9,-159.1, -61.2, 924.4,  -1.4,  -0.7
195841,   0.1,  -0.8,  -4.2, -82.9,-106.6, 981.3,  -1.6,  -0.5
195865,   0.5,  -0.1,  -3.9, 139.3,  -6.5, 985.9,  -1.4,  -0.9
195889,  -1.8,  -3.1,  -5.8, 103.4, 107.5, 961.5,  -0.5,  -1.0
195913,  -5.4,  -2.5,  -6.4, -78.7, -11.6,1117.8,  -0.2,  -0.8
195941,   1.6,  -1.6,  -3.0, 231.6,-218.6, 983.0,  -1.4,  -1.0
195969,   2.5,   0.0,  -5.1,-208.6, 157.6, 843.8,  -1.2,  -0.8
195989,  -2.6,   0.3,  -5.6, -15.7, 107.5, 917.1,   0.3,  -0.7
196017,  -1.6,   1.0,  -4.7,  17.5,-126.6,1102.4,  -0.1,  -1.2
196041,  -2.1,   0.8,  -5.8,-100.2, -15.3, 903.7,  -0.4,  -1.2
196065,  -3.8,  -2.1,  -4.8,  62.6, -49.0,1096.5,  -0.5,  -1.1
196089,  -1.4,  -0.2,  -4.8, -35.8, -30.6,1094.3,  -0.4,  -1.0
196117,   0.8,  -2.1,  -5.0, 178.8,  50.7,1036.5,  -0.2,  -1.2
196141,  -1.6,   3.0,  -5.2, -58.7,  23.1,1020.1,  -0.1,  -1.4
196165,  -1.4,   4.1,  -3.7, -67.3,   3.3, 945.4,   0.2,  -1.3
196189,  -1.7,   3.1,  -3.9,  -4.8,  49.7,1049.9,   0.2,  -1.3
196217,  -2.8,   3.3,  -1.9,-141.5, -58.0,1067.5,   0.2,  -0.7
196241,  -2.0,  -0.5,  -0.9, -20.9, -16.0,1009.1,   0.2,  -0.7
196265,  -4.8,  -5.8,  -1.8, 131.0,   4.5,1177.8,   0.3,  -0.6
196289,  -5.7,   1.8,  -1.5, 140.0,-117.3, 995.2,  -0.0,  -1.1
196317,   1.5,  -1.3,   3.0,-130.7, -20.1, 935.6,  -1.1,  -0.2
196339,  -0.5,   5.6,  -1.0,  33.8,  36.5, 822.1,  -1.3,  -0.6
196367,  -4.1,  -5.4,  -2.2,-134.2,-162.7,1044.3,  -0.8,  -0.2
196391,  -3.2,   4.3,  -3.4, -34.8,-215.5, 900.5,  -1.3,  -0.4
196415,  -4.4,   0.9,  -3.6, -72.6,-150.8,1091.4,  -2.1,  -0.7
196439,  -0.6,  -0.4,  -5.4,  46.5, -52.9, 986.2,  -2.8,  -0.7
196467,  -2.4,  -0.3,  -0.4,  29.7,  88.3, 984.0,  -2.8,  -0.7
196491,   0.4,   3.2,   1.3,-124.4,  13.5, 950.8,  -2.8,  -0.5
196515,   2.5,  -0.8,  -1.0, -52.9,   0.4, 923.7,  -2.4,  -0.1
196539,   0.7,  -3.0,  -3.3, -30.6,  17.5,1059.4,  -2.3,  -0.2
196567,  -1.8,  -1.8,  -1.7,  -3.1,-119.5, 913.7,  -2.1,  -0.5
196591,  -1.0,  -0.5,  -2.0,-111.4, -41.4,1028.2,  -2.2,  -0.8
196615,  -0.6,  -2.4,  -2.1, 110.7,   0.1,1089.9,  -1.9,  -0.7
196639,  -1.7,   1.7,  -2.2,-220.6,   3.8,1043.5,  -1.6,  -0.2
196667,  -1.3,  -5.2,  -3.1, 109.0, -75.3, 917.6,  -1.3,  -0.4
196691,  -0.7,   4.7,  -5.0, -33.8, -78.0, 860.2,  -1.2,  -1.0
196715,  -2.3,  -5.0,   1.0, 103.9,-262.3,1497.6,  -1.3,  -0.8
196739,   3.2,   1.5,  -3.1,  17.2,-192.0,1010.1,  -1.8,  -1.1
196767,   2.6,  -3.0,  -3.7,  42.4,   6.5,1039.4,  -1.1,  -0.7
196791,   2.6,  -0.7,  -2.8,  74.1,  -6.5, 895.6,  -0.8,  -0.9
196815,   0.8,  -2.5,  -1.4,  93.9, -70.4,1111.2,  -0.8,  -0.7
196839,   0.3,   0.3,   0.6,  72.4,-122.9,1003.0,  -0.8,  -0.9
196867,  -0.7,   2.2,   0.8, -26.2, -27.2,1015.5,  -0.4,  -0.7
196891,   0.8,   2.5,   1.3, -15.7,  50.9,1072.8,   0.1,  -0.5
196915,  -0.1,   2.8,  -1.2,  25.5, -73.4,1062.8,  -0.1,  -0.6
196939,   0.1,   2.0,  -1.1, -69.0,  54.1, 934.4,  -0.1,  -0.6
196967,   2.8,   4.6,  -0.3,  29.4, 116.6,1184.7,   0.1,  -0.5
196991,  -2.0,   0.4,   0.2,-121.5, -94.1, 982.0,   0.2,   0.4
197015,  -2.1,  -2.1,  -1.6,   4.5, -52.6, 999.4,   0.2,   0.3
197043,  -5.3,  -0.2,  -1.6, 292.6, -81.7, 934.2,   0.4,  -0.3
197067,   0.9,  -0.4,   0.7,-132.0, -44.6,1104.3,  -0.7,   0.1
197091,   3.1,  -4.3,  -1.4, 204.2, -21.9, 908.8,  -0.8,   0.1
197115,   3.3,  -0.5,  -4.2,  -2.3, 139.5,1032.6,  -0.6,  -0.5
197143,  -1.7,  -3.4,  -2.0, 147.3,-107.5,1103.6,  -0.3,  -0.4
197167,  -1.1,  -3.4,  -0.3, 113.9, -27.5,1022.8,  -1.0,  -0.5
197191,   1.4,   4.7,  -0.8,-138.8,   6.5, 928.1,  -1.1,  -0.2
197215,   0.1,   1.2,  -0.0, -44.1,-173.5,1025.5,  -1.2,  -0.0
197243,   1.7,   1.4,   0.2, -67.7,-147.3,1055.8,  -1.6,  -0.0
197267,   0.1,  -1.9,   1.4,  66.3,-258.4,1062.6,  -2.1,  -0.1
197291,   2.2,   2.8,  -2.3,-182.5, -66.3,1048.9,  -2.4,  -0.0
197315,   3.1,  -3.6,  -5.4, -37.0, 138.5,1056.2,  -1.5,  -0.1
197343,   0.8,  -3.9,  -3.9,  89.2, -23.6,1001.8,  -1.1,  -0.3
197367,   1.1,  -1.4,  -4.0, 110.5,  51.6,1102.9,  -1.2,  -0.6
197391,  -3.8,  -3.6,  -3.9, -90.7, 125.8, 861.4,  -0.6,  -0.2
197415,  -1.6,   4.7,  -5.8, 362.2, -49.2, 895.4,  -0.9,  -1.6
197443,  -1.2,  -1.6,  -2.0,-157.6, -71.4,1268.4,  -0.3,  -0.6
197471,   2.4,   6.0,  -5.1, -45.5,-157.8, 795.7,  -0.4,  -0.4
197491,   2.7,  -0.9,  -5.7,-133.7, 209.8, 979.1,   0.2,  -0.3
197515,  -0.3,  -0.4,  -5.3, 193.7, -79.7, 936.6,   0.5,  -0.5
197543,  -0.0,   2.5,  -4.5, -89.5,  12.3, 905.6,   0.3,  -0.7
197567,  -1.0,   0.5,  -2.5, -42.6, -89.7,1045.7,   0.0,  -0.6
197591,  -0.5,  -0.7,  -3.4,  70.2,   6.7, 957.9,   0.1,  -0.5
197615,   0.3,   0.6,  -4.0, -87.5, -67.3,1104.1,  -0.0,  -0.4
197643,   1.2,  -2.6,  -3.2,  66.0,  75.6, 958.1,   0.6,  -0.3
197667,   1.2,   0.4,  -1.9, -11.4,  48.9,1025.0,   0.7,  -0.4
197691,   1.1,   3.9,  -2.0,-315.1,  43.8, 875.3,   0.7,   0.4
197715,  -1.9,  -6.2,  -2.6, 294.6, 120.2,1090.2,   0.9,  -0.1
197743,  -4.9,   0.2,  -2.3, 146.9,-146.1,1001.8,   0.5,  -0.4
197767,  -1.1,   6.7,  -3.4,  43.1, 161.0, 961.0,   0.6,  -1.2
197791,  -6.7, -14.8,   6.1,  89.2,-582.2,1430.8,   0.8,   0.2
197815,   0.4,   7.0,   0.2, 215.5,-151.0,1044.3,   0.3,  -0.8
197843,  -1.5,  -6.8,   3.5,  56.8,  93.4,1059.7,   0.8,   0.1
197867,  -1.3,   1.5,   2.9, 514.5,  27.2,1014.5,   0.6,  -0.7
197891,  -1.1,   0.3,   3.7,  39.7, -42.1,1057.7,   0.2,  -0.4
197915,  -1.0,   3.7,   2.9,-347.5,-162.0,1053.8,  -0.2,  -0.0
197941,  -2.2,   0.0,   2.2,  48.0,-277.0,1048.7,  -0.6,  -0.0
197969,   0.6,   0.4,  -1.8, 153.2,  -5.7,1109.5,  -0.6,  -0.2
197993,  -2.4,   0.7,  -4.0,  66.3,-322.4, 970.5,  -1.7,  -0.2
198017,   0.3,  -0.9,  -7.3, 165.4,  53.3,1080.9,  -2.5,  -0.6
198041,   0.4,   0.1,  -7.3,-113.9, -44.3,1119.7,  -2.2,  -0.3
198069,   1.7,  -4.4,  -6.1, -40.9, -38.0,1047.0,  -2.5,   0.0
198093,  -3.9,  -3.5,  -6.4, 448.6,-180.1,1054.8,  -2.6,  -0.9
198117,  -0.7,   3.2,  -6.2,  14.8,  70.4, 907.1,  -2.8,  -1.1
198141,  -2.8,   3.1,  -2.0,  63.6, -13.8,1056.5,  -2.4,  -0.9
198169,   0.8,   2.9,   0.0, -77.3,-174.2, 965.9,  -3.2,  -0.4
198193,   0.5,   2.2,  -3.7, -22.1, -37.5,1077.7,  -2.9,  -0.4
198217,   1.7,  -1.5,  -5.6,  84.4,  19.4,1044.8,  -2.7,  -0.2
198241,   1.1,  -3.0,  -5.0, 165.9, -91.2, 989.3,  -2.9,  -0.4
198269,   2.2,   1.8,  -5.9,  12.8,  -4.8, 952.2,  -2.7,  -0.8
198293,   0.4,  -0.4,  -4.5, -47.2,  24.0, 940.0,  -2.2,  -0.5
198317,  -0.3,  -0.6,  -3.2,  53.6,  51.6,1041.8,  -1.8,  -0.4
198341,   0.0,  -3.6,  -3.2,  45.5, -47.7,1185.4,  -1.6,  -0.3
198369,  -0.3,  -4.8,  -3.2,  76.5, -76.3,1110.4,  -1.7,  -0.3
198393,   0.7,   1.7,  -5.0,  26.2,-102.9, 988.4,  -2.0,  -0.8
198417,   0.1,  -0.5,  -6.3,  37.2,   4.8,1005.0,  -1.6,  -0.7
198441,   0.1,  -1.6,  -5.9,  91.4, -66.3,1095.5,  -1.8,  -0.8
198469,  -1.4,   3.6,  -7.0,  77.3,-105.1, 956.9,  -2.0,  -0.7
198493,   1.9,   1.7,  -5.6,   8.7,  -8.4,1064.5,  -2.5,  -1.2
198517,  -0.5,   2.8,  -4.0, -48.5,   3.5, 914.4,  -1.8,  -0.8
198541,  -1.0,   0.6,  -3.1, -19.7,  82.9,1024.5,  -1.3,  -0.6
198569,  -3.2,   0.9,  -4.4,  49.9,-357.5,1290.1,  -1.6,  -0.4
198593,   0.9,  -2.9,  -5.9,  42.1,-334.4, 956.9,  -2.8,  -0.4
198617,   1.2,   0.1,  -9.1, -41.6, 129.5, 958.6,  -2.2,  -0.7
198641,   0.9,  -1.3,  -8.0, 102.4,  67.7, 981.5,  -1.4,  -0.9
198669,   0.1,  -2.2,  -7.6,   1.6,  18.9,1013.0,  -1.2,  -0.7
198693,  -2.8,   1.2,  -6.7, -36.5, -80.7, 985.2,  -1.2,  -0.7
198717,  -0.5,  -2.2,  -4.7,  29.2, -33.1,1118.0,  -1.4,  -0.6
198741,  -1.6,   3.0,  -3.7, -70.9,  -8.2, 937.6,  -1.3,  -0.6
198769,   0.1,  -1.9,  -3.7,  19.2,  97.8, 966.6,  -1.2,  -0.6
198793,  -0.3,  -0.7,  -4.1, 159.1, -33.1, 971.8,  -1.0,  -0.9
198817,  -1.4,  -1.1,  -3.4,  -7.2,-123.4,1062.6,  -1.3,  -0.8
198841,  -1.3,   2.3,  -3.8,  62.6,-111.0,1069.2,  -1.3,  -0.9
198869,   0.1,  -1.0,  -2.9,  -9.4, -33.1,1012.5,  -1.1,  -0.6
198893,   0.4,  -0.5,  -2.8, -38.0,  54.8,1003.0,  -0.9,  -0.5
198917,   0.4,  -1.0,  -1.0,-111.0,  57.0, 949.5,  -0.8,  -0.1
198941,  -1.6,  -1.7,  -0.3, 145.6,-128.5, 983.7,  -1.0,  -0.5
198969,   0.0,   3.4,  -1.0,-165.2,   6.2, 997.9,  -0.9,  -0.2
198993,   2.5,   2.0,  -0.5, -19.2,  61.2, 948.8,  -0.7,  -0.3
199017,   0.6,   1.4,   1.1,-106.3, -18.9, 904.1,  -0.5,  -0.2
199045,  -3.4,   0.9,   1.1,  87.8,   8.7, 909.3,  -0.1,  -0.4
199069,   0.8,   2.8,   5.2,-124.9,-223.0, 853.6,  -0.9,   0.1
199093,   2.2,  -2.6,   3.0, 112.4,  53.1,1043.5,  -1.6,   0.0
199117,   3.8,  -0.5,   1.7, -91.2, 165.6, 993.0,  -1.0,   0.1
199145,   1.4,  -0.7,   1.9,  29.4, -21.4,1000.3,  -0.3,  -0.1
199169,   1.5,   0.4,   3.4,   5.2, -66.0,1019.4,  -0.5,  -0.2
199193,  -0.6,   2.6,   2.4, -11.8, -82.2,1076.7,  -0.8,  -0.2
199217,  -0.6,   1.2,   4.2,  52.9, -50.2,1046.7,  -1.1,  -0.2
199245,   0.3,   1.7,   4.4, -52.9,  31.4, 995.9,  -0.8,  -0.1
199269,   0.6,   1.4,   4.7, -16.2,-193.7,1038.7,  -1.5,  -0.3
199293,   0.5,  -0.0,   4.4, -27.0,  28.9,1013.3,  -1.7,  -0.1
199317,  -2.5,   1.7,   6.6,  84.8,-123.2,1028.9,  -1.7,  -0.3
199345,  -0.2,   2.5,  10.4, -79.5, -44.6, 968.6,  -1.8,   0.1
199369,  -1.5,   3.6,  11.5, -95.8, -32.6,1010.1,  -2.0,   0.4
199393,  -0.7,   1.4,  13.7,  37.0,-116.8,1010.8,  -2.2,   0.5
199417,   1.1,   3.3,  14.4, -72.9,  22.8,1019.9,  -2.4,   0.8
199445,  -0.7,  -0.1,  15.8,  71.4, -97.3,1047.0,  -2.7,   1.0
199473,  -1.8,   2.4,  15.1, -39.4,-116.6,1034.5,  -2.8,   1.1
199493,  -0.4,   2.3,  16.2, -19.9,-115.4,1001.3,  -3.1,   1.2
199517,  -0.5,   0.4,  16.9, -70.7,-126.3,1018.6,  -3.6,   1.2
199543,  -0.6,   1.1,  16.7, -34.5,-122.2,1034.5,  -4.2,   1.2
199567,   0.6,   1.7,  16.5,  37.7,-113.7,1025.2,  -4.5,   1.2
199595,   0.8,   1.2,  19.3, -13.5, -51.4,1002.0,  -4.6,   1.2
199619,   0.1,   3.5,  19.6,   2.8, -87.8, 981.5,  -4.7,   1.1
199643,   0.6,   2.5,  19.5,  18.4, -77.5,1011.6,  -4.7,   0.9
199667,   1.1,   2.9,  17.9,  22.8, -33.3, 983.0,  -4.6,   0.7
199695,   0.8,   2.1,  14.7,  10.1, -84.6,1047.2,  -4.5,   0.5
199719,  -0.3,   0.3,  11.1, 111.9,-108.0,1021.3,  -4.7,  -0.1
199743,   0.1,   0.6,   6.2, 112.9, -85.1,1052.6,  -4.8,  -0.6
199767,   0.9,   0.2,   3.0,  95.6, -56.3,1013.0,  -4.7,  -0.9
199795,   1.8,   1.4,   2.0,  17.5,  14.8, 983.5,  -4.4,  -1.3
199819,  -0.5,   0.3,   3.2,  23.8, -14.5, 989.8,  -3.9,  -1.2
199843,  -0.4,   1.5,   4.1, -28.7, -40.7,1004.0,  -3.8,  -1.1
199867,   0.3,   1.9,   5.4, -23.3, -21.1,1003.5,  -3.6,  -0.8
199895,  -1.3,   2.3,  10.1, -42.1, -92.2,1007.7,  -3.7,  -0.6
199919,   0.4,   2.3,   7.2, -20.1,-118.8, 979.6,  -4.0,  -0.7
199943,   0.0,   0.1,   3.5,  63.6, -75.8,1013.0,  -4.0,  -0.8
199971,  -0.1,   1.9,   3.3,  27.7, -25.0, 990.8,  -4.0,  -0.8
199995,   1.5,   0.7,   7.1,  -4.5,  15.5, 999.4,  -3.7,  -0.7
200019,   1.3,   0.9,  10.2, -44.6,   9.9,1003.0,  -3.2,  -0.3
200043,  -0.1,   2.5,  11.6, -87.3, -20.1,1008.6,  -3.0,   0.2
200071,   1.0,   0.9,  13.9,  -9.2, -39.2,1015.2,  -2.9,   0.5
200095,   0.4,   1.7,  14.5, -16.0, -37.2,1007.9,  -2.8,   0.6
200119,   1.8,   1.7,  16.2, -42.4, -16.0,1008.4,  -2.6,   0.7
200143,   1.4,   1.4,  17.1, -76.8,   5.0, 983.2,  -2.4,   1.0
200171,   0.1,   1.2,  18.7, -16.5, -20.6,1014.7,  -2.1,   1.2
200195,   0.6,   2.2,  18.9,  -9.4,  13.3, 997.2,  -2.0,   1.2
200219,   1.2,   1.1,  23.4, -21.4,  27.9, 999.8,  -1.5,   1.3
200243,   0.5,   1.0,  25.0, -64.3,  38.4,1002.5,  -1.1,   1.5
200271,   1.9,   2.0,  29.2, -49.4,  60.4, 979.6,  -0.6,   1.8
200295,  -0.6,   3.7,  31.3, -97.5,  70.7, 979.1,  -0.0,   2.1
200319,   0.6,   2.4,  37.5, -88.0,  76.3, 962.5,   0.4,   2.4
200343,   0.3,   4.1,  41.5,-132.7,  61.6,1002.0,   0.8,   2.8
200371,   0.7,   2.6,  45.1, 101.9, -84.8, 943.9,   0.8,   2.6
200395,   1.1,   7.6,  45.0,-144.9,  48.0, 995.7,   0.7,   2.2
200419,   2.5,   5.3,  48.5,-127.6,  38.0, 970.8,   0.9,   2.9
200443,   0.4,   5.3,  50.8,-165.2,  17.5, 935.9,   0.9,   3.1
200471,  -0.7,   2.2,  53.1,   0.9, -36.7,1030.1,   0.9,   3.1
200495,   0.8,   8.6,  53.3, -64.6, -30.2, 931.5,   0.7,   2.9
200519,   0.1,   6.7,  52.8, -84.4, -11.8,1013.0,   0.7,   2.5
200543,   0.3,   8.6,  56.8,-111.7,  89.2, 977.9,   0.9,   2.8
200571,  -0.0,   5.4,  58.1, -90.0, -30.2, 975.9,   1.0,   3.1
200595,  -1.9,   2.8,  61.0,-165.2,  14.8,1030.8,   1.0,   3.6
200619,  -1.0,   4.6,  58.4,  81.9, -51.6, 949.3,   0.6,   3.1
200643,  -1.9,  13.9,  60.8,-346.1,-251.6,1499.6,   0.4,   3.1
200671,   2.7,  -3.3,  58.5, 328.5,-173.0,1026.7,  -0.4,   2.7
200695,   3.6,   6.9,  54.0,-172.7, 186.9, 875.3,  -0.2,   2.6
200719,   0.4,   2.6,  55.0,  35.3, -56.8,1061.9,  -0.2,   2.7
200743,  -1.2,   8.2,  55.2,-142.5,-178.4,1131.7,  -0.6,   2.3
200771,  -0.2,   2.5,  56.1, 163.9, -41.6,1029.6,  -0.8,   2.0
200795,   0.5,   7.2,  55.5,-184.7,  33.6, 895.6,  -0.7,   2.5
200819,   0.2,   6.5,  54.2,  20.4, -37.5, 979.6,  -1.1,   2.0
200843,  -2.5,   4.8,  54.6,  14.0,  37.7,1030.8,  -1.0,   1.9
200871,   1.6,   8.9,  54.7,-127.6, -20.4,1039.1,  -1.4,   1.8
200895,   1.1,   1.5,  54.4, 164.4, -98.0, 963.2,  -1.6,   1.7
200919,  -0.6,  -1.7,  52.1, 282.8,  10.9,1040.4,  -1.6,   1.7
200943,   0.8,   5.9,  49.7, -44.3,-104.4,1009.4,  -1.8,   1.7
200971,   0.8,   2.3,  48.6,  77.3, -61.4,1095.5,  -1.8,   1.5
200995,   0.4,   5.4,  47.0, -74.3,-130.5,1051.6,  -1.8,   1.5
201019,  -0.7,   2.4,  46.3,  65.8,-101.2,1061.6,  -1.8,   1.4
201043,   1.6,   4.6,  44.2, -90.2,  -1.1, 969.1,  -1.7,   1.4
201071,  -0.8,   5.0,  46.5, -41.1, -73.1, 975.2,  -1.7,   1.4
201095,   2.5,   4.8,  42.6, 299.9, -43.1,1055.5,  -2.0,   0.6
201119,   0.2,   9.2,  41.8, -97.8,  -2.6, 983.0,  -2.2,   0.5
201145,   1.6,   1.9,  40.4, 130.0,-114.4, 969.8,  -2.2,   0.5
201169,  -0.4,   8.4,  40.0,-167.1, -68.0, 951.7,  -2.2,   0.6
201197,  -0.5,   4.6,  40.0,  94.1, -48.5, 996.9,  -2.1,   0.6
201221,   0.2,   3.8,  40.6, -85.6,  28.7, 998.6,  -2.0,   1.0
201245,   2.6,   0.7,  39.8, 145.9, -82.9, 982.0,  -2.1,   0.7
201269,  -0.9,   6.4,  34.4, -64.8,-120.0, 973.5,  -2.3,   0.3
201297,  -2.6,   1.8,  29.1, 145.1,-188.6, 943.4,  -3.1,  -0.3
201321,  -1.0,   7.2,  28.0, -52.1, 177.1, 943.4,  -2.5,  -0.6
201345,  -1.9,   4.2,  29.3, 159.1, -79.5,1025.7,  -1.9,  -1.2
201369,   0.4,  12.5,  33.9,-425.4,  -9.6, 881.2,  -2.3,  -0.3
201397,   0.3,  -2.0,  38.7,  42.1, -62.4,1046.7,  -2.0,   0.4
201421,   1.9,   0.4,  39.0, -24.8, 150.5,1070.2,  -1.8,   1.3
201445,   0.1,   0.7,  41.1,  52.6, -80.4,1045.3,  -1.6,   1.8
201473,  -0.0,   4.1,  43.1,-118.0, -43.8, 986.9,  -1.7,   1.9
201497,   1.5,   4.7,  44.1, -26.2, -43.3,1006.4,  -1.8,   1.7
201521,  -0.0,   3.4,  45.0,-133.2,  31.1, 945.6,  -1.6,   2.2
201545,   0.6,   1.6,  48.2,  23.1, -58.2,1035.2,  -1.6,   2.4
201569,  -0.7,  -0.4,  48.4,  34.1,  -8.7,1043.1,  -1.4,   2.8
201597,   1.4,   8.0,  50.6,-216.7,  19.2, 966.4,  -1.3,   2.9
201621,  -0.5,   0.1,  53.0,-112.7, -64.6,1048.7,  -1.3,   3.4
201645,   0.8,  -1.1,  55.1,  39.9, -68.0,1058.2,  -1.5,   3.4
201669,  -0.6,   3.9,  53.3,  55.8, -51.2,1052.6,  -1.3,   3.5
201697,   1.9,   9.5,  55.0,-166.1, 138.3, 927.8,  -1.1,   3.6
201721,   0.5,   3.3,  56.6, 110.0,  32.8, 918.8,  -0.9,   3.7
201745,  -0.7,   6.9,  57.7, -15.3,  44.1, 900.5,  -0.9,   3.7
201769,   0.1,   6.0,  55.6, 212.5,-135.4, 992.5,  -1.3,   3.1
201797,   3.4,  11.7,  55.9,-502.6, -59.5,1074.5,  -2.0,   3.7
201821,   2.8,  -1.3,  55.8, 193.0, -62.1,1062.6,  -2.1,   3.9
201845,   2.8,   6.5,  53.1,-140.5, -71.9, 911.0,  -2.1,   3.8
201869,  -0.6,   7.1,  53.9,   5.0,-114.1,1041.8,  -2.0,   3.5
201897,   1.6,   2.9,  56.7,  30.9,  40.4,1028.9,  -1.8,   3.6
201921,   1.0,   3.9,  58.8, 230.3,  32.3, 960.3,  -1.6,   3.5
201945,   0.8,  13.6,  58.2,-241.3,  89.0, 831.4,  -1.6,   3.9
201973,   0.6,   0.6,  64.6,  17.2,-144.4,1104.3,  -1.7,   3.8
201997,   0.9,   3.4,  63.9,  55.5, -48.7, 919.8,  -1.9,   3.5
202021,   0.1,   8.6,  64.1,  68.5,  28.7, 964.4,  -1.8,   3.2
202045,  -2.1,  11.4,  66.0,-225.2,  84.8, 885.8,  -1.3,   3.7
202069,   0.0,  16.8,  70.2,-535.8,-205.0, 648.3,  -2.2,   4.9
202097,   1.5,  -0.2,  67.1, 403.9,-108.0,1175.4,  -3.0,   4.2
202121,   2.5,   3.5,  64.5, 394.9, -22.1,1077.2,  -3.1,   4.1
202145,   3.9,  19.5,  63.0,-601.0, -21.6, 839.4,  -3.1,   4.8
202173,   1.0,   0.3,  65.7,  39.9,-234.5, 937.1,  -3.3,   5.3
202197,  -1.5,  11.4,  63.3,-525.3,  10.9, 933.4,  -3.3,   5.4
202221,  -2.4,   4.4,  67.4,-265.3,-153.0,1056.5,  -3.0,   5.9
202245,   4.0,   4.0,  66.9,  69.0,-156.6,1084.6,  -4.3,   5.1
202273,   5.5,  -0.9,  62.2, 257.4, 178.6, 899.7,  -3.8,   4.7
202297,  -1.0,   7.2,  61.9,-181.3, -73.4, 952.5,  -3.1,   5.0
202321,  -2.4,   4.5,  61.6, 100.7,-174.4,1155.8,  -3.4,   4.6
202345,   1.9,   5.1,  62.4, -94.1, -20.9, 937.8,  -3.6,   4.4
202373,   0.6,   6.9,  59.2,  50.2,   4.3, 918.3,  -3.7,   3.9
202397,  -0.5,   3.0,  60.3, -37.0,  45.0, 991.8,  -3.6,   4.3
202421,   0.6,   6.0,  61.1,-227.9, -51.4, 894.6,  -3.5,   4.4
202445,   2.1,  -3.7,  59.3, 246.7,-100.7, 977.9,  -3.7,   3.6
202473,   3.9,   7.2,  57.4,-201.5,  19.4,1014.7,  -3.6,   3.8
202497,   2.5,   4.8,  56.0, -45.3, -43.1, 972.3,  -2.9,   4.0
202521,   1.6,   9.2,  54.8,-145.6, -26.3, 970.8,  -3.1,   3.7
202545,   0.7,   8.0,  53.8,-229.9, -95.6, 940.3,  -3.1,   3.7
202573,   2.7,   2.0,  52.2, 110.2,  53.6, 931.5,  -2.9,   3.1
202597,  -1.1,   8.6,  50.9, -15.5,  91.4, 918.5,  -2.2,   2.6
202621,   0.9,  -0.3,  53.8,  69.0,  -4.5,1153.4,  -2.1,   3.2
202645,  -0.6,  11.7,  51.2,-342.7, -83.9, 995.7,  -2.5,   3.0
202673,   1.4,   2.4,  52.8, -60.7, -10.1,1042.8,  -2.3,   3.5
202697,   0.3,   2.9,  50.1,  95.8, -87.8, 956.4,  -2.2,   3.0
202721,   0.9,   4.5,  48.5, -73.9,  -8.2,1115.3,  -2.0,   2.7
202747,   2.4,   5.1,  50.3,  17.7, 118.8, 954.9,  -1.7,   2.5
202771,  -0.3,  -0.7,  48.1, 168.6, -41.9,1063.6,  -1.6,   2.4
202795,  -0.2,   6.4,  47.7, -75.8,  -8.7, 915.9,  -1.8,   2.4
202823,  -0.5,   2.3,  45.5,  28.2, -51.2,1033.3,  -1.7,   2.2
202847,  -1.0,   3.5,  42.2,-124.1, -82.6, 944.2,  -1.8,   2.2
202871,  -1.1,   2.2,  39.2,  -4.5, -22.6, 967.4,  -1.7,   1.9
202895,  -0.8,   3.2,  35.7,  12.1, -44.8, 953.0,  -1.9,   1.5
202923,   0.2,   4.9,  30.7,  10.9, -79.7,1025.7,  -2.5,   0.9
202947,   0.2,   4.5,  29.2,-112.4, -52.4,1021.6,  -2.5,   0.8
202975,  -2.4,   4.3,  29.6,  16.7,-144.2, 940.5,  -2.7,   0.7
202995,   1.0,   3.1,  29.8, -19.9, -40.4, 978.6,  -2.6,   0.8
203023,   0.1,   6.5,  33.6,-359.0,  26.0, 917.6,  -2.2,   1.3
203047,  -2.2,  -4.4,  34.0, 178.6,-110.2,1093.1,  -2.2,   1.5
203071,   0.5,   2.7,  30.1,   9.2,-110.0,1037.2,  -2.5,   1.3
203099,   0.9,   2.6,  29.2, -52.9, -75.8, 944.4,  -2.4,   1.3
203123,   0.1,   0.2,  29.3, 126.6, -32.4,1010.1,  -2.7,   0.9
203147,  -0.1,   3.3,  29.0, -43.6, -75.8, 948.1,  -2.8,   1.0
203171,  -0.5,   4.3,  28.3,-137.6,-120.7, 948.1,  -3.2,   1.1
203199,  -1.1,   4.7,  28.5,-139.3, -64.6, 928.6,  -3.2,   1.1
203223,   0.4,   4.2,  29.5,-104.6, -96.1, 995.9,  -3.1,   1.2
203247,   1.7,   0.4,  29.2,  -0.1, -71.2,1062.6,  -3.2,   1.3
203271,   2.1,   0.7,  29.4,-100.2, -28.7, 973.2,  -3.1,   1.5
203299,  -0.2,   5.4,  29.3, -58.5, -91.7, 995.7,  -3.3,   1.4
203323,   0.5,   2.9,  29.2,  -2.3, -77.0,1059.9,  -3.5,   1.2
203347,  -0.5,   2.0,  26.9,  58.7,-127.1, 996.4,  -3.8,   0.8
203371,   1.7,   4.3,  24.5,  27.0, -76.5,1034.0,  -3.8,   0.6
203399,   0.3,   1.8,  23.3, -40.6,  -3.8, 959.8,  -3.5,   0.8
203423,   0.5,   1.6,  22.0,  41.9,-117.3, 995.4,  -3.4,   0.6
203447,   0.3,   3.9,  22.7, -52.9, -18.9,1031.8,  -3.5,   0.7
203475,  -0.2,   2.4,  21.5,  -8.2, -48.0,1004.5,  -3.5,   0.6
203499,   0.1,   2.3,  21.5, -53.3, -25.3,1014.7,  -3.3,   0.8
203523,   0.7,   2.4,  21.2, -35.8, -68.0, 993.5,  -3.4,   0.7
203547,   0.1,   1.7,  21.2,  17.5, -44.3, 995.2,  -3.4,   0.6
203571,   1.2,   1.3,  19.6,  -2.1, -76.8,1040.4,  -3.5,   0.5
203599,   0.4,   1.6,  17.9,  -7.2,-105.8, 968.6,  -3.6,   0.4
203623,  -0.8,   2.2,  16.6,  -6.2, -38.9,1008.4,  -3.6,   0.2
203647,   0.6,   2.7,  16.6,   4.0, -18.7, 987.1,  -3.4,   0.1
203671,   0.1,   2.2,  17.3, -61.6, -32.8,1009.9,  -3.3,   0.2
203699,   0.1,   2.1,  17.8, -12.6, -50.4,1014.0,  -3.1,   0.2
203723,  -0.4,   2.2,  18.5, -34.8, -11.1, 995.2,  -3.0,   0.4
203747,  -0.1,   3.4,  18.2, -40.4, -15.3, 991.5,  -2.8,   0.4
203771,  -0.6,  -0.2,  19.0,  34.8, -40.7,1030.1,  -2.6,   0.6
203799,   0.1,   0.7,  16.8, -25.3, -72.1,1023.5,  -2.7,   0.6
203823,   1.2,   1.8,  15.2, -62.6, -91.2,1015.0,  -2.9,   0.5
203847,   0.2,   0.0,  14.1,  -5.7, -42.4,1012.5,  -2.9,   0.4
203871,   1.5,   0.6,  13.4,  -0.9, -28.9, 998.1,  -2.9,   0.3
203899,  -0.1,   1.3,  12.6, -12.8, -35.3,1006.2,  -2.7,   0.3
203923,   0.1,   0.3,  12.5,  -0.6, -39.7,1005.7,  -2.7,   0.2
203947,   0.5,   1.5,  12.2,   2.1, -23.3,1005.9,  -2.6,   0.2
203975,  -0.2,   0.7,  11.8, -31.1, -29.4, 992.3,  -2.6,   0.1
203999,   1.4,  -0.2,  12.2, -19.2, -10.1,1006.7,  -2.4,   0.2
204023,   0.3,   1.1,  11.8, -27.5, -26.0, 995.9,  -2.2,   0.3
204047,   1.1,  -0.5,  12.6,   5.7,  -8.2,1009.6,  -2.1,   0.2
204071,   0.2,   2.3,  12.5,  -1.8, -29.7, 995.7,  -2.0,   0.2
204099,   0.4,   1.9,  11.6, -25.8, -14.5,1004.2,  -1.9,   0.3
204123,   1.2,   0.7,  12.7,  -5.7, -16.2,1002.8,  -1.7,   0.3
204147,   0.4,   1.5,  13.4, -21.4, -16.7, 998.1,  -1.6,   0.3
204175,   0.6,   3.1,  12.1, -28.2, -12.3,1014.5,  -1.5,   0.4
204199,   0.3,   1.8,  13.0, -27.5, -19.7, 990.3,  -1.4,   0.5
204223,   0.4,   0.6,  13.7, -31.1,   6.0,1013.3,  -1.3,   0.6
204247,   0.8,   2.2,  12.7,  -5.2, -21.1,1000.1,  -1.2,   0.7
204275,   0.6,   1.2,  13.2, -26.5,  -3.1,1001.8,  -1.1,   0.7
204299,   0.3,   2.3,  14.5, -28.2,  -1.3,1005.5,  -1.0,   0.7
204323,   0.4,   1.1,  13.9, -11.8, -19.9,1008.4,  -0.9,   0.8
204349,   0.3,   2.3,  14.0,  -9.6, -18.9,1005.9,  -0.9,   0.7
204373,   0.4,   1.2,  12.2,  -5.2, -20.9,1000.1,  -0.8,   0.7
204397,   0.3,   2.6,  13.7, -21.9, -19.7,1004.0,  -0.8,   0.7
204425,  -0.1,   1.8,  12.6, -15.3,  -3.5, 996.2,  -0.8,   0.7
204449,   0.1,   1.2,  11.8,   1.8, -45.5, 999.6,  -0.8,   0.6
204477,   0.2,   1.4,   9.7, -19.4, -12.3,1008.1,  -0.7,   0.6
204497,  -0.8,   1.3,   9.0,  15.0, -31.1,1017.9,  -0.8,   0.5
204525,   0.4,   1.1,   7.6,   5.5,  -9.4,1004.7,  -0.7,   0.3
204549,   0.4,   1.2,   6.3,  34.3, -34.6, 995.4,  -0.8,   0.1
204573,   1.4,   0.6,   6.0,   9.2, -21.4, 992.8,  -0.8,  -0.1
204597,   0.9,   2.0,   3.1,  -2.8, -10.9,1007.2,  -0.8,  -0.2
204625,   0.4,   0.0,   2.9,  22.8,  13.5,1024.3,  -0.7,  -0.3
204649,   0.3,   0.1,   2.0,  20.6,  -9.9,1001.3,  -0.5,  -0.3
204673,   0.1,  -0.4,   2.2, -21.4,   9.4, 998.9,  -0.4,  -0.2
204697,   0.4,   0.6,   1.1,   6.7,  -3.3,1004.5,  -0.3,  -0.2
204725,  -1.5,   0.9,   0.7,  -9.4,   2.1, 994.5,  -0.3,  -0.3
204749,   0.2,   0.3,   0.3, -15.7,   2.6,1000.6,  -0.2,  -0.3
204773,   0.3,   0.6,  -0.4,   4.3,  -3.8, 997.6,  -0.2,  -0.3
204797,   0.1,   0.2,  -1.8,   3.3,  -1.1, 997.6,  -0.1,  -0.3
204825,  -0.1,  -0.9,  -4.2,   3.5,  -6.0,1009.1,  -0.1,  -0.3
204849,   0.3,  -0.2,  -5.5,  17.7, -17.9,1012.5,  -0.1,  -0.3
204873,   0.3,  -0.1,  -5.6, -11.8, -23.3,1001.6,  -0.2,  -0.4
204897,  -0.2,  -0.2,  -6.4, -13.1, -17.0,1002.0,  -0.3,  -0.4
204925,  -0.3,  -2.7,  -7.1,  23.8, -21.6,1030.8,  -0.5,  -0.4
204949,   0.3,  -0.1,  -7.7, -31.6,  -5.0,1013.8,  -0.6,  -0.3
204977,   0.0,  -0.8,  -5.6,  12.8,  11.8,1014.5,  -0.5,  -0.4
204997,   0.5,  -0.7,  -6.5, -59.9,  40.4, 985.9,  -0.2,  -0.2
205025,   0.6,  -1.5,  -5.9, -15.5,  21.4,1000.3,   0.1,   0.0
205049,   1.5,  -2.4,  -7.6,  24.3,   4.0,1009.6,   0.2,  -0.0
205073,   0.1,   0.0,  -6.7,   2.1,   6.5,1003.3,   0.2,  -0.1
205097,   0.7,   0.9,  -5.1, -15.7,  34.1, 997.4,   0.3,  -0.1
205125,  -0.0,  -0.2,  -3.9, -55.1,  33.6, 997.9,   0.6,   0.2
205149,  -0.6,  -0.8,  -4.3, -31.9,  18.7, 996.4,   0.7,   0.4
205173,   0.3,   0.7,  -5.7,  -4.8,   2.6,1002.3,   0.7,   0.4
205201,  -0.8,   0.9,  -5.3,  -7.4,   7.4,1004.7,   0.7,   0.3
205225,  -0.3,  -0.0,  -5.5, -18.9,  34.8,1008.6,   0.8,   0.3
205249,  -1.3,   0.5,  -4.7, -22.8,  26.5, 999.1,   0.8,   0.4
205273,  -0.3,  -0.2,  -4.3, -32.1,  27.9, 989.8,   0.9,   0.5
205301,   0.4,   0.4,  -4.4, -18.4,   6.2, 993.5,   1.0,   0.6
205325,  -0.8,  -0.8,  -4.5, -24.0,   5.5,1001.6,   1.0,   0.6
205349,   0.9,  -0.6,  -4.2, -24.0,  12.3, 999.1,   1.0,   0.7
205373,   0.1,  -0.6,  -3.9, -14.0,   7.0,1008.9,   1.0,   0.8
205401,  -0.9,   1.4,  -3.8, -21.4,   9.4, 999.4,   1.0,   0.8
205425,   0.4,   0.0,  -3.5,  -6.5,   1.3,1010.6,   0.9,   0.8
205449,   0.0,  -0.3,  -3.4, -11.6,   8.2, 994.5,   0.9,   0.8
205477,  -0.7,  -0.1,  -2.9, -42.4,   0.8, 984.2,   0.9,   0.8
205501,  -0.5,  -0.6,  -3.3, -10.9,  24.3,1005.9,   0.9,   0.8
205525,   0.1,   0.6,  -1.7, -19.7,   4.5, 995.2,   0.9,   0.9
205549,   0.6,  -0.0,  -1.8, -20.6,  -3.3, 995.9,   0.9,   0.9
205573,  -1.5,   0.7,  -2.2, -17.0,   5.5,1011.1,   0.8,   0.9
205601,  -0.7,   1.4,  -1.3, -16.7,  -1.1, 996.9,   0.8,   1.0
205625,   1.3,   0.7,  -1.7, -34.3,   2.1,1002.5,   0.7,   1.0
205649,  -0.2,   1.1,  -1.6, -21.4,   9.6,1009.9,   0.7,   1.1
205673,   0.2,   0.9,  -1.7, -34.1,  -6.0, 983.2,   0.7,   1.1
205701,  -0.0,   0.6,  -2.0,  -8.7,  11.6,1006.4,   0.6,   1.0
205725,   0.4,   0.6,  -1.8, -24.8,  -6.0, 988.6,   0.6,   1.1
205749,   0.3,   0.9,  -1.8, -21.4,  10.4,1013.0,   0.5,   1.1
205773,  -1.3,   1.4,  -1.0, -26.7,   3.5, 983.5,   0.5,   1.1
205801,  -0.1,   0.9,  -1.7, -27.7,  14.0, 986.2,   0.6,   1.1
205825,   0.9,  -0.2,  -2.2, -20.9,   4.8,1003.0,   0.6,   1.1
205849,  -0.4,   0.3,  -1.4, -29.2,  15.3,1004.2,   0.6,   1.1
205873,   1.4,  -0.4,  -0.8, -20.6,  13.3, 994.7,   0.7,   1.1
205901,   0.3,  -1.2,   0.1,  -8.4,  19.6, 995.9,   0.7,   1.1
205925,   0.3,   1.2,  -0.2, -40.2,  18.9, 987.6,   0.8,   1.2
205951,  -1.3,   1.5,   0.9, -50.9,  13.8,1000.8,   0.9,   1.3
205979,   0.2,   0.8,   1.4, -27.7,   8.7, 990.6,   0.9,   1.3
205999,   0.0,   2.0,   1.0, -29.7,  25.8, 992.3,   1.0,   1.3
206023,   0.4,   1.1,   1.8, -23.1,   8.7, 991.8,   1.0,   1.4
206051,  -0.6,  -0.2,   3.0,   2.3,  27.7, 996.4,   1.0,   1.4
206075,  -1.0,   0.4,   2.6, -36.3,  10.6,1001.8,   1.0,   1.5
206099,  -1.1,   1.2,   3.2, -33.3,  19.2,1003.3,   1.1,   1.5
206123,  -1.1,   0.4,   4.0, -20.4,   1.8,1011.1,   1.0,   1.5
206151,   1.1,   1.3,   2.5,   3.1,  -9.4, 994.0,   1.0,   1.4
206175,  -0.2,   0.7,   1.9, -39.4,  24.3,1013.5,   0.9,   1.4
206199,   0.6,   0.7,   1.9, -22.3,   8.2, 961.3,   0.9,   1.4
206227,  -0.8,   0.7,   1.6, -38.7,  -0.9, 992.8,   0.8,   1.4
206251,   0.1,   0.1,   2.1,   9.2,  20.9,1004.7,   0.8,   1.4
206275,  -0.8,   1.3,   1.9, -11.1,   3.0,1015.7,   0.7,   1.3
206299,   1.2,   0.3,   1.1, -36.7, -13.3,1031.6,   0.7,   1.3
206327,   0.4,   1.5,   2.2, -47.0, -29.2,1020.6,   0.6,   1.3
206351,  -0.5,   0.8,   2.2, -54.8,  15.3,1002.0,   0.7,   1.3
206375,   0.1,  -0.3,   1.2,  25.5,   8.9,1007.4,   0.7,   1.2
206399,  -0.4,   0.5,   1.8, -48.9,  27.0, 984.2,   0.8,   1.4
206427,   1.0,   1.0,   1.9, -17.2,   2.1, 996.7,   0.7,   1.2
206451,  -1.8,   0.5,   2.3, -13.1,  -0.9,1006.4,   0.6,   1.2
206479,   0.1,   1.2,   1.8, -70.9,  21.4, 992.3,   0.6,   1.3
206499,  -0.2,   1.1,   1.3, -17.5,  -6.0, 987.4,   0.5,   1.3
206527,   0.4,  -0.8,   1.4,  -2.8, -33.6, 980.6,   0.4,   1.2
206551,  -0.8,   0.6,  -0.1, -17.9,  -8.2,1009.6,   0.4,   1.1
206575,  -1.9,   0.5,   0.5,  -3.5,  54.3, 989.1,   0.4,   1.1
206599,  -1.7,  -0.2,  -0.6, -14.3,  46.0, 987.1,   0.5,   1.1
206627,  -4.2,   1.1,  -0.6,   9.4, -26.0, 961.0,   0.4,   0.9
206651,  -1.6,   2.9,   0.7,-167.6, -74.6,1014.0,   0.2,   1.0
206675,   1.1,   0.9,  -0.9,  45.8,-103.2,1079.7,  -0.5,   0.8
206699,   2.1,   2.2,  -1.1,  -5.5,  14.0,1014.0,  -0.8,   1.1
206727,   2.1,  -0.2,  -1.8,  -8.7,  52.1,1000.3,  -0.7,   1.1
206751,  -0.3,  -0.4,  -0.4,  48.5,  70.9,1021.1,  -0.5,   1.0
206775,   0.1,   0.3,   0.3,   0.6, -16.7, 988.4,  -0.4,   1.1
206799,  -0.4,  -0.4,  -0.3, -11.6, -44.6,1016.9,  -0.6,   1.1
206827,  -0.1,   0.1,  -2.1, -30.2,  12.1, 995.2,  -0.5,   1.2
206851,  -0.6,   1.1,  -2.8, -77.3, -23.1, 979.1,  -0.4,   1.1
206875,   1.4,   0.6,  -2.8, -65.8,  22.8, 961.0,  -0.4,   1.1
206899,   0.4,  -2.9,  -2.4,  65.6, -27.5,1015.0,  -0.4,   1.0
206927,   0.1,  -0.2,  -3.0, -28.2, -26.7, 986.7,  -0.5,   1.1
206951,  -1.5,  -0.6,  -4.3,  40.6, -94.1, 986.7,  -0.8,   1.0
206979,   0.1,   0.1,  -4.8, -71.4, -83.1, 984.7,  -0.9,   1.0
206999,  -0.3,   1.7,  -3.9, -71.2, -69.5, 992.5,  -1.2,   1.0
207027,  -0.3,   0.4,  -2.6, -35.8,-109.5,1012.3,  -1.9,   1.2
207051,  -0.5,   0.4,  -2.3, -22.6, -69.2,1014.2,  -2.3,   1.2
207075,   1.1,   0.6,  -2.5, -78.7,  60.2, 957.9,  -2.0,   1.4
207099,   2.8,  -1.0,  -2.9, -27.5,  55.5, 945.2,  -1.5,   1.4
207127,   0.9,  -2.1,  -4.1,  42.4, -39.2,1038.7,  -1.3,   1.4
207151,   0.4,   0.8,  -5.1,  46.8,  21.1, 994.2,  -1.3,   1.1
207175,   0.0,   0.4,  -4.0,  34.3,  51.1, 964.4,  -1.2,   1.0
207203,  -1.4,   0.9,  -4.6, -58.7,  41.6,1010.6,  -0.9,   0.9
207227,  -1.3,   0.0,  -4.0,  -2.8,  55.3, 998.9,  -0.5,   0.9
207251,   0.1,  -0.8,  -5.0, -45.5,  -4.8, 987.9,  -0.4,   1.0
207275,  -1.1,  -1.1,  -5.7,  54.3, -16.7,1008.9,  -0.4,   0.8
207303,   0.6,   0.4,  -4.8,  -5.0,   7.4,1013.8,  -0.4,   0.8
207327,  -0.7,   1.0,  -6.4, -20.6,   4.0, 993.0,  -0.4,   0.7
207351,  -0.2,   0.3,  -6.9, -38.5,  24.8,1005.2,  -0.4,   0.8
207375,  -1.0,  -0.7,  -9.3, -60.7,  37.2,1002.3,  -0.2,   0.8
207403,  -3.1,  -1.3,  -7.7,  90.5, -18.9, 992.3,   0.0,   0.6
207427,  -1.9,   2.2,  -8.1, -13.8,  41.6,1004.5,   0.1,   0.3
207451,  -1.7,   0.2,  -5.9, -23.1,   6.2,1002.3,   0.4,   0.6
207479,   0.1,   2.0,  -5.0,-159.3, -82.2,1016.2,   0.3,   0.8
207503,   2.6,  -2.2,  -8.3, -11.1,  19.4, 991.5,   0.2,   0.7
207527,   2.6,  -1.8,  -9.2,  42.1,  84.1,1011.1,   0.4,   0.7
207553,   2.8,  -3.4,  -8.9,  17.7,  63.1, 947.8,   0.5,   0.6
207577,  -0.3,   0.0,  -9.1, -39.2, -26.3,1056.2,   0.5,   0.6
207601,   0.1,  -0.1,  -8.8, -64.8, -16.7, 994.5,   0.4,   0.6
207625,  -0.5,  -1.4,  -7.8,  53.6,  -9.9,1027.9,   0.4,   0.7
207653,  -1.9,  -1.9,  -7.1,  58.2, -44.1,1006.9,   0.5,   0.7
207677,   0.8,   2.0,  -5.8, -43.3,   7.2,1006.9,   0.5,   0.6
207701,   0.8,  -0.0,  -4.9, -20.9, -12.3, 980.1,   0.5,   0.7
207725,  -1.3,   1.6,  -5.1, -59.9, -17.5,1040.1,   0.5,   0.9
207753,  -1.3,  -1.0,  -5.0,  13.1, -70.7,1016.2,   0.1,   1.0
207777,   0.6,   1.2,  -6.7, -42.8,  11.1,1003.7,  -0.1,   0.9
207801,  -0.4,   0.3,  -8.7,  -9.2,  -0.9, 988.1,   0.0,   0.9
207825,   1.1,   1.2,  -9.1,  14.8,  -3.5, 969.6,   0.1,   0.7
207853,  -1.0,   1.5,  -9.3, -95.1,  14.8,1002.0,   0.2,   0.8
207877,  -0.3,  -0.6,  -5.9,  44.6,  52.4,1038.4,   0.4,   0.8
207901,   0.9,   1.8,  -6.9,-160.0,  59.9, 979.6,   0.4,   1.4
207925,  -1.4,  -0.5,  -7.3,  42.4, -79.2, 928.3,   0.2,   1.3
207953,   0.8,   4.4,  -6.7,-159.5, -70.7, 964.4,  -0.3,   1.0
207981,   3.4,  -3.3,  -5.4,  32.3, -13.8, 998.1,  -0.2,   0.8
208001,   1.1,  -3.2,  -5.3, 214.0,  37.2,1006.9,  -0.1,   0.6
208025,  -0.6,   4.1,  -8.7,-164.7,  -2.8, 978.4,  -0.1,   0.9
208053,  -0.2,  -3.6,  -5.9, 259.4,-226.9,1128.3,  -1.3,   0.8
208077,   1.8,   1.6,  -7.2, -86.1, -78.5, 952.2,  -2.6,   1.0
208101,   0.7,  -1.2,  -5.9, -87.8, -65.3, 924.4,  -3.1,   1.2
208125,   2.0,  -1.0,  -8.7,-107.8,  93.1, 995.0,  -2.2,   1.5
208153,   3.9,  -2.5,  -8.7,  11.4,   4.5, 940.3,  -1.7,   1.1
208177,   0.4,  -4.7,  -7.1, -12.1, 227.4, 940.8,  -0.6,   1.3
208201,   0.9,  -2.5,  -5.2, 114.6,-117.6,1016.9,  -1.1,   0.9
208229,  -2.2,   3.9,  -6.2,-157.3,  23.1, 985.4,  -1.3,   0.9
208253,  -2.1,   1.8,  -4.7, -52.9,  54.3, 977.9,  -0.9,   0.9
208277,   1.4,   2.2,  -3.5, -27.0, 131.0, 994.5,  -0.2,   0.9
208301,   1.5,   1.2,  -1.7, -74.1,  88.0, 970.5,   0.4,   1.1
208329,   0.8,   0.2,  -2.5,  20.4,  10.4, 995.4,   0.7,   1.2
208353,   1.2,   2.5,  -1.1, -61.4,  70.9,1012.3,   0.5,   1.4
208377,  -0.3,   3.0,   0.4,  -0.9, -38.0,1064.1,   0.5,   1.3
208401,   0.6,   1.9,   1.1,-164.2, -14.5,1034.8,   0.6,   1.7
208429,  -0.7,   1.1,   3.6, -29.7,  47.2, 998.4,   1.0,   1.8
208453,  -0.7,  -0.3,   5.7, -27.7,  -2.1, 984.7,   1.3,   2.0
208481,  -1.7,   2.3,   7.2,-186.6,  -1.6, 917.6,   1.2,   2.3
208501,   0.3,   3.4,   8.5,  88.3, -35.0, 985.9,   0.8,   2.1
208529,   0.1,   2.9,   9.7,  18.2, -22.1,1219.3,   0.8,   2.5
208553,  -1.9,   6.5,  10.0,  11.6,-197.1,1181.5,   0.5,   2.7
208577,  -0.2,   3.4,  10.4,-129.5, -13.6, 825.5,   0.3,   3.1
208601,  -1.5,   3.6,   8.5, -87.5, 112.2, 973.0,   0.5,   2.9
208629,  -3.1,  -3.7,   7.3, 277.5,-215.5,1439.8,   0.1,   2.5
208653,   0.3,   0.9,   8.8,-188.4,-349.0,1085.3,  -1.2,   3.3
208677,   1.9,  -1.5,   4.1,  53.1, -76.5, 958.8,  -1.7,   2.8
208701,   4.0,  -0.2,   1.3,-119.8, 231.6, 999.8,  -0.9,   2.9
208729,   0.9,  -0.8,   2.5,  62.1,  50.9,1063.1,  -0.3,   2.2
208753,   1.1,  -0.2,   4.1, -41.9, -62.6,1016.7,  -0.3,   2.2
208777,  -2.9,   3.0,   6.1,-150.8, -22.3,1000.1,  -0.3,   2.1
208801,   0.4,   1.4,   8.5, -16.5, -12.1,1001.3,  -0.3,   2.2
208829,  -0.3,   0.0,   8.5,   8.2,  16.2,1048.7,  -0.3,   2.2
208853,   0.9,   5.6,   7.3, -33.1, -13.1,1095.8,  -0.2,   2.0
208877,  -0.3,  -1.9,   8.0,-189.8,-110.0, 974.7,  -0.5,   2.4
208901,  -1.4,  -0.7,   5.7, 303.3,-134.4,1061.4,  -0.9,   1.9
208929,   0.1,  -0.3,   3.5,-108.0, -87.3, 988.1,  -1.4,   2.3
208953,  -1.0,  -0.0,   1.5,  44.6,-167.6,1040.6,  -2.0,   1.8
208981,   1.4,   0.5,   0.5, -64.6, -79.7, 939.1,  -2.1,   1.8
209001,   3.1,   1.1,   0.3, -38.0,  88.5, 989.1,  -1.8,   1.7
209029,   4.2,   0.1,   0.7, 150.8,  65.1, 999.1,  -1.2,   1.5
209053,   2.4,   0.4,   3.8,-139.0, 213.5,1089.7,  -0.0,   1.9
209077,   0.1,   1.7,   3.8, -45.5,-124.9, 979.3,  -0.2,   2.0
209101,  -1.8,   1.0,   4.2, -72.4, -33.8,1052.6,  -0.5,   2.1
209129,  -1.0,   1.0,   3.1,  42.6,  78.0, 989.6,  -0.3,   1.7
209151,  -0.6,   1.5,   2.8, -99.5, 105.1, 968.3,  -0.0,   1.8
209179,  -1.6,   0.7,   0.7,  -2.8,  14.5, 985.2,   0.4,   1.6
209203,  -1.9,   3.4,   1.3, -53.6,  26.5,1024.0,   0.5,   1.3
209227,  -0.1,   1.7,   1.3, -27.0,  89.2, 972.7,   0.8,   1.4
209255,  -2.3,   2.6,   1.5,-160.3,  13.8,1087.5,   1.1,   1.6
209279,  -1.1,  -0.8,   4.1,-168.8,-113.4, 983.2,   0.8,   2.2
209303,   0.5,  -0.8,   2.2, 188.8,  -2.1,1048.4,   0.9,   1.6
209327,  -0.2,   1.2,   2.2, -26.0,  95.3, 988.1,   1.5,   1.8
209355,  -3.0,   1.2,   2.4,  50.4,  27.9,1081.6,   1.8,   1.4
209379,  -2.0,   3.9,   3.6,-221.8, -48.0, 965.9,   1.8,   1.7
209403,  -0.8,   0.6,   3.7,  52.1, -13.1,1025.7,   1.3,   1.6
209427,  -1.1,   0.9,   2.9, -22.1,  93.4, 969.3,   1.3,   1.6
209455,  -0.7,  -1.3,   3.5, 103.6, -17.0, 981.5,   1.0,   1.5
209483,  -0.3,  -0.5,   2.2,   6.2, -89.7, 939.8,   0.9,   1.5
209503,  -1.9,  -1.8,   0.9,  49.7, -61.7,1045.0,   0.7,   1.3
209527,  -1.5,  -0.0,  -3.2,  27.2,  45.8, 985.7,   0.9,   1.2
209555,   0.4,   1.3,  -3.8,  19.2,  78.2, 942.5,   0.7,   1.1
209579,   0.7,   1.8,  -3.1, -17.5,  61.4,1086.0,   0.7,   1.0
209603,  -1.1,   1.5,  -2.6,-129.8, -85.3,1066.7,   0.7,   1.3
209627,  -1.9,   4.1,  -1.4,-176.4, -44.1, 931.2,   0.3,   1.5
209655,  -1.0,   0.7,  -2.2, -96.1, -13.3,1037.4,   0.3,   1.6
209679,  -0.8,  -0.2,  -2.9, -82.4, -44.3,1014.0,  -0.0,   1.5
209703,  -1.4,  -5.1,  -5.0, -12.1,  99.5, 914.9,   0.0,   1.7
209727,  -3.9,  -3.4,  -6.2,  48.2,  -7.0, 946.6,  -0.1,   1.4
209755,  -3.3,   2.6,  -6.4, -59.4,-128.3, 962.0,  -0.7,   0.6
209779,  -2.0,   0.3,  -4.7,  20.6, -71.2,1058.9,  -1.2,   0.8
209803,   1.4,  -2.2,  -3.7, 185.2,  -0.9,1004.7,  -1.8,   0.8
209827,   2.3,   0.3,  -7.3, -87.3,  43.1, 943.2,  -1.6,   0.8
209855,   0.0,  -1.4,  -7.2,  76.3,-150.3, 968.3,  -1.9,   0.7
209879,   0.7,   1.8,  -8.3, -42.1, -61.7,1004.5,  -2.5,   0.3
209903,   0.3,  -1.9,  -3.3, -59.4,   3.8,1024.7,  -2.6,   0.8
209927,   1.8,  -0.2,  -1.3,  47.7,  71.9, 977.6,  -2.1,   0.8
209955,   2.8,  -1.9,  -0.5, -67.5, 127.6,1028.9,  -1.4,   1.5
209983,   0.1,  -2.0,  -1.2,  -7.9, -23.6,1014.0,  -1.4,   1.4
210003,  -0.1,  -0.5,  -3.9,  18.2, -69.7, 958.3,  -1.6,   1.1
210027,  -2.5,   0.8,  -3.4,  -8.7, -12.3,1001.8,  -1.6,   0.7
210055,  -0.3,  -0.3,  -2.4, -98.8,  92.4, 984.2,  -1.1,   0.9
210079,   1.3,  -0.2,  -2.5, -38.5,  67.7,1028.7,  -0.6,   1.0
210103,  -0.0,  -1.5,  -3.8, -36.7, -31.4, 984.5,  -0.4,   1.2
210127,  -0.1,  -0.6,  -1.9, -43.3,  78.7, 978.8,  -0.1,   1.1
210155,   0.4,  -0.0,   0.3, -40.2,  21.1, 963.0,   0.0,   1.2
210179,   0.9,   2.1,   0.6, -75.8,  55.8,1080.2,   0.2,   1.3
210203,  -0.5,   1.1,   1.3, -40.4,  70.4, 958.8,   0.6,   1.4
210231,  -0.9,  -0.1,   1.4,  -9.2,  11.3, 973.2,   0.7,   1.5
210255,   0.1,   2.8,   1.6, -14.0,   5.2, 926.4,   0.7,   1.2
210279,   1.0,   5.4,   0.5,-108.0, 105.6, 905.8,   0.5,   1.0
210303,  -0.8,   1.7,   1.9, -26.7, 174.2, 953.2,   1.5,   1.3
210331,   4.3,   1.1,   6.1,-108.0,  83.6, 999.8,   1.2,   2.0
210355,   2.5,  -1.2,   1.8,  57.7,   7.2, 974.2,   0.4,   1.6
210379,   0.9,  -2.2,   2.2, -21.6,  64.1,1001.6,   0.4,   1.6
210403,  -0.9,   0.9,   3.9, -36.0,-138.6, 966.9,   0.5,   1.6
210431,  -1.4,  -3.7,   0.2,  93.4, -76.3,1090.7,   0.3,   1.6
210455,  -2.1,   2.9,  -0.8, -42.8,-185.4,1004.7,   0.2,   1.6
210483,  -1.8,   2.9,   0.1,  78.7, -51.2, 904.9,   0.1,   1.6
210503,   0.4,   3.5,   1.1,-122.9, 103.9, 964.9,   0.2,   1.7
210531,   0.5,   2.9,   3.2,-100.0,   6.5, 973.7,   0.2,   1.9
210555,   0.4,  -1.3,   3.6,   4.0,  33.6, 977.4,   0.3,   2.1
210579,   0.8,  -1.0,   3.5,  12.6, -19.9,1068.2,   0.1,   2.1
210603,   2.2,  -0.4,   3.2,  -7.7, -19.7, 914.4,   0.0,   2.1
210631,   2.5,   0.1,   2.7, 169.1,  16.7,1020.1,  -0.2,   2.0
210655,   2.2,   2.5,   0.3,-146.1,-131.5,1123.6,  -0.3,   2.0
210679,  -0.5,  -2.9,  -0.5,  39.7,  17.7,1129.2,  -0.6,   2.0
210703,  -1.0,  -3.5,  -2.3,  81.4,  55.5,1046.2,  -0.7,   1.9
210731,   0.5,   5.0,  -4.1,-170.5,-143.4, 846.8,  -1.6,   1.3
210753,  -1.0,   1.6,  -3.2,  44.8,  80.7,1068.9,  -1.1,   1.3
210781,  -1.0,   0.3,  -2.5,  -3.1, -94.1,1062.8,  -1.4,   1.4
210805,   0.1,   0.7,  -3.3,  39.4, -24.3, 922.4,  -2.0,   1.4
210829,  -2.2,   3.9,  -5.6,-175.4,  -6.5, 904.9,  -2.0,   1.2
210853,  -1.8,   0.4,  -4.7, 116.1,-143.2,1058.2,  -2.5,   1.0
210881,  -0.6,   1.1,  -3.1,-148.1, 120.7,1000.8,  -2.1,   1.2
210905,   0.6,   1.2,   1.9,-166.9,  53.8,1059.4,  -1.8,   1.5
210929,  -1.0,   1.4,   4.4,-174.9,  -2.1, 947.8,  -1.4,   2.1
210953,   1.6,  -0.2,   3.8, -61.6, -81.7,1029.1,  -1.7,   2.2
210981,  -1.3,  -1.8,   0.1,  33.1, -94.4, 964.2,  -1.8,   2.1
211005,  -1.2,  -2.4,  -1.0,  80.2,   5.0,1037.4,  -1.7,   1.7
211029,  -0.3,   0.6,  -1.7, -24.8,   2.1, 970.8,  -1.4,   1.4
211053,  -1.8,  -3.3,  -1.8,  63.1,  25.5, 955.9,  -1.0,   1.3
211081,   0.0,   0.3,   0.3, -84.6,  12.8,1021.1,  -0.8,   1.3
211105,  -1.5,   0.7,   1.2, -63.6, -44.8,1039.4,  -0.5,   1.4
211129,  -1.8,   0.9,   3.5, -80.7,  16.5,1026.7,  -0.2,   1.6
211153,   0.1,  -0.5,   3.7, -58.7,  65.1, 915.6,  -0.2,   1.7
211181,  -1.2,  -2.9,   3.9,  52.6, -29.2, 945.2,  -0.3,   1.7
211205,  -1.6,  -0.5,   1.6, -51.9, -15.5, 993.3,  -0.4,   1.7
211229,  -1.7,   5.0,   0.0, 151.0,-123.7,1023.5,  -0.8,   0.9
211257,  -0.6,   0.8,   1.4, -91.7,   8.9, 932.0,  -0.9,   1.5
211281,   2.3,  -3.8,   1.1, -26.0, -56.0, 971.5,  -1.4,   1.7
211305,  -0.9,  -0.6,  -3.1, -94.1, -63.8, 940.5,  -1.0,   1.4
211329,  -2.7,  -4.4,  -3.3, 162.5,  68.5,1123.4,  -0.6,   1.1
211357,  -3.6,   1.2,  -2.0, -80.4, -36.7,1029.6,  -0.7,   1.1
211381,  -3.2,   0.9,  -0.8,  62.6,  16.7,1090.9,  -0.7,   0.8
211405,  -2.7,   4.2,  -1.2,-240.8,  79.2, 942.2,  -0.5,   1.3
211429,  -1.6,  -1.4,   3.3, 302.4, -85.3,1032.8,  -0.5,   0.9
211457,   0.1,   2.9,   3.4,  15.7, 199.6, 888.3,  -0.1,   1.1
211485,  -3.3,   2.3,   5.5, -15.3,-102.2,1169.3,  -0.2,   1.1
211505,  -0.6,   0.7,   4.4,   8.2, -16.5, 831.9,  -1.2,   1.2
211529,  -2.1,   1.8,   1.8, -18.9,-139.5,1108.5,  -1.7,   1.1
211557,   0.3,   3.7,   1.9,-161.3,   5.5, 957.4,  -1.5,   1.3
211581,  -2.4,  -0.8,   1.6,-119.3, -17.2, 931.5,  -1.2,   1.6
211605,  -5.0,   2.1,   1.9,-155.9, -12.3,1055.5,  -1.2,   1.6
211629,  -6.1,   1.8,   1.6, 273.6, -54.1, 975.4,  -1.7,   0.9
211657,  -4.3,  -0.5,   2.5, -21.6,-223.8,1055.5,  -2.3,   1.5
211681,   1.1,   2.6,   0.2,   4.0,  38.7, 964.2,  -2.6,   1.3
211705,  -1.1,   1.0,  -0.1,-101.9,  99.2, 991.8,  -2.0,   1.4
211729,  -4.6,  -3.0,   0.3, -65.3,-145.9, 979.1,  -1.9,   1.4
211757,  -3.8,   1.2,  -0.3, -67.0, -85.8, 984.2,  -2.6,   1.1
211781,  -5.9,  -3.2,  -1.7,  71.7,-122.0, 975.4,  -3.1,   1.1
211805,  -2.2,  -2.7,  -0.2, 148.1,  42.4, 992.5,  -3.0,   1.0
211829,   0.3,   1.8,   1.3,-151.0,  61.9, 898.5,  -2.6,   1.2
211857,  -1.4,   1.4,   6.0, -88.5,  18.9,1009.9,  -2.5,   1.6
211881,  -1.6,  -0.4,   5.8,-144.2, -50.9, 961.8,  -2.2,   2.1
211905,  -2.4,  -1.8,   5.0, 169.6, -24.1,1052.6,  -2.5,   1.5
211929,  -2.1,   3.3,   3.9, -83.4,  -3.8, 842.1,  -2.5,   1.6
211957,  -0.3,  -0.4,   4.0, -55.8, -39.4,1052.8,  -2.7,   1.6
211985,  -2.1,  -0.3,   1.4,-225.7, -21.9, 947.4,  -2.7,   1.8
212005,  -3.6,  -0.9,   2.7,  37.7, -91.4, 940.8,  -2.7,   1.7
212029,  -4.3,  -1.7,   1.6,  19.4,  57.5, 923.7,  -2.8,   1.4
212057,  -6.0,   1.2,   1.8,  93.9, 102.9, 925.1,  -2.2,   1.4
212081,  -4.3,   9.2,   5.7,-466.7,  16.5, 893.9,  -2.3,   1.2
212105,   0.9,  -6.9,   5.0, 118.0,  -7.5,1092.9,  -3.0,   1.7
212129,  -0.6,   1.3,   1.1, -15.3,  29.2, 932.9,  -2.9,   1.2
212157,  -1.5,  -4.0,   1.1, 175.9,  51.1, 898.5,  -2.5,   0.9
212181,  -3.3,   0.7,   1.2, -71.7, -67.0, 974.0,  -2.4,   0.7
212205,  -2.2,   3.1,   4.1, -55.3,  80.7, 968.6,  -2.4,   0.7
212229,  -5.0,   3.3,   5.9, -74.6, -86.6,1058.9,  -2.5,   1.0
212257,  -3.9,   0.1,   6.9, -56.0,-223.8,1200.3,  -3.3,   1.5
212281,  -3.6,   0.8,   8.9, 121.9,-126.1,1060.1,  -4.1,   1.7
212305,  -2.1,  -0.4,   8.0,  26.5, -46.5, 999.4,  -4.2,   1.8
212333,   2.2,   3.0,   7.2, -85.8, -55.3, 956.9,  -4.3,   1.8
212355,   0.9,  -2.9,   3.0,   2.8, -12.1,1166.8,  -4.0,   2.1
212383,   0.9,   0.6,  -0.9, -11.8,-181.8,1026.5,  -4.2,   1.6
212407,  -1.4,  -3.3,  -2.8, 156.1, -74.8,1019.6,  -4.3,   1.1
212431,  -3.6,   2.0,  -5.9, -41.4, -16.7, 869.2,  -3.8,   0.9
212455,  -6.2,  -5.5,  -3.6, -81.4, -70.9,1016.0,  -4.0,   1.5
212483,   2.5,   3.6,  -6.4, 158.8, -91.7,1025.5,  -3.9,   1.4
212507,   5.9,   5.3,  -4.7,-335.8, 135.4, 882.7,  -3.3,   2.1
212531,   2.2,   2.7,  -3.9,-203.2,   6.7, 864.6,  -2.0,   2.1
212555,  -2.4,  -6.2,  -1.3,  80.9,-222.8,1083.1,  -2.7,   2.2
212583,  -1.6,  -0.0,  -0.8, -48.2,-248.2,1022.5,  -4.1,   1.9
212607,  -0.3,   1.0,  -1.1, -15.5,-139.5,1067.5,  -4.7,   1.8
212631,   0.8,   3.7,  -1.9,-176.1,  30.4, 905.1,  -4.6,   1.9
212655,   0.9,  -2.4,   2.1, -21.4,  35.5,1045.0,  -3.9,   2.1
212683,   0.4,   3.4,   1.9,-114.4,-115.1,1079.9,  -3.7,   2.2
212707,   2.5,   3.3,   1.1,  -0.9, -81.2, 945.6,  -4.0,   2.3
212731,   1.5,  -4.7,  -2.6, 201.3,-162.7,1190.5,  -4.5,   2.2
212755,   0.6,  -1.1,  -4.8, 206.7,-121.2,1071.1,  -4.3,   1.8
212783,  -3.7,  -2.9,  -7.7, 143.9,-249.9, 964.2,  -4.7,   1.3
212807,  -0.7,   8.0,  -9.3,-248.2,-194.2, 851.4,  -5.8,   1.1
212831,   0.3,  -1.9,  -6.2,-173.9,  64.1, 978.4,  -5.5,   1.5
212855,  -0.6,  -1.1,  -0.8,-115.6,-157.4, 995.7,  -5.6,   1.7
212883,   0.9,  -3.6,   2.1, -50.4,-430.1,1162.2,  -6.7,   2.0
212907,   6.2,   1.8,  -1.7, -67.3, -52.1,1090.7,  -7.2,   1.8
212931,   7.7,  -1.0,  -8.4,   0.1,  61.4, 907.3,  -6.4,   1.7
212955,  -2.1,   4.0,  -8.1,-141.7, -45.3, 749.4,  -5.0,   1.6
212983,   0.9,   4.1,  -7.1, -22.8,  38.9, 980.1,  -4.9,   1.7
213007,   0.3,  -2.1,  -1.4,-112.4,-101.4,1052.3,  -5.0,   2.0
213031,   0.6,   2.6,   0.1,-250.4,-145.9, 996.9,  -5.3,   2.5
213055,  -0.0,  -3.2,  -0.1,  76.3, -41.4, 999.8,  -4.7,   2.6
213083,   1.7,   0.3,  -0.8,  12.3,   7.4, 884.1,  -4.4,   2.1
213107,   3.3,  -0.6,  -1.5,  96.8, -71.7,1044.8,  -4.0,   1.6
213131,   1.2,  -2.7,  -1.9,  -5.5,-168.3,1066.5,  -3.9,   1.6
213155,   0.4,   2.7,  -3.1,-153.9, -83.6, 950.3,  -4.3,   1.6
213183,   0.6,   0.5,  -1.2, -18.2, -82.4, 996.2,  -4.5,   1.7
213207,  -0.2,   1.8,  -1.7, -73.6, -29.9,1028.9,  -4.1,   1.6
213231,   0.4,  -2.5,  -1.1, -45.8, -31.9,1019.9,  -3.7,   1.9
213255,  -0.6,  -4.2,  -2.2,  88.5,-148.3,1108.7,  -3.8,   1.6
213283,   2.1,  -0.4,  -3.4,  48.7, -28.2, 990.1,  -3.9,   1.5
213307,   1.2,  -1.4,  -3.3, -30.4, -30.4, 982.0,  -3.7,   1.5
213331,  -1.4,  -0.5,  -4.0,  24.8, 149.0,1004.7,  -3.0,   1.2
213359,  -3.6,   1.4,   0.0, 156.4,-134.4, 944.4,  -3.1,   0.9
213383,  -0.8,   4.8,   0.8,-144.2, 124.4,1023.3,  -2.9,   0.9
213407,   0.8,  -7.0,   5.1, 163.0,-288.7,1069.9,  -3.2,   1.7
213431,   2.9,  -1.3,   1.9,  13.8,   8.4,1101.9,  -2.8,   1.3
213459,   0.6,   0.9,   1.4,  17.9,  43.8,1061.1,  -2.5,   1.2
213487,  -2.1,   2.9,   2.2, -11.4, -48.5, 967.4,  -2.5,   1.3
213507,  -2.5,   1.3,   2.5, -57.7, -62.9, 986.4,  -2.5,   1.3
213531,  -1.2,   3.1,   5.2,-129.5, -40.4, 915.9,  -2.5,   1.6
213559,  -0.6,   3.6,   3.4, -46.0,  28.9,1010.3,  -2.7,   1.7
213583,  -1.4,   1.7,   4.4,  27.7, -45.0,1061.1,  -2.6,   1.8
213607,  -2.3,   2.8,   7.5,  64.1, -83.4, 990.8,  -2.8,   1.7
213631,  -2.5,   2.9,   8.2,-205.0,-211.8, 910.2,  -3.1,   2.2
213659,  -0.7,   3.8,   7.0,-153.0,-190.8, 942.5,  -3.2,   2.1
213683,  -1.3,  -0.5,   5.7, -15.3, -23.8, 968.1,  -3.3,   2.2
213707,  -0.3,  -3.2,   2.9, 123.4, 160.3,1078.2,  -2.8,   2.1
213731,  -1.2,   1.5,   1.4, -35.3,-115.9, 997.6,  -2.9,   1.7
213759,  -2.4,   0.4,   1.4,  75.1, -54.6,1010.8,  -3.2,   1.3
213783,  -0.4,   1.1,   0.4, -20.4,   9.4,1035.0,  -3.2,   1.3
213807,  -2.6,  -1.3,   1.3,  14.8,   5.0, 945.2,  -2.6,   1.6
213831,  -3.1,   1.8,   3.2, -56.3,  38.2, 945.4,  -2.1,   1.5
213859,  -5.6,   4.5,   3.1,-553.3,-209.4,1049.2,  -2.0,   1.9
213883,  -2.5,  -4.1,   6.3,  87.3,-391.5, 943.9,  -3.5,   1.9
213907,   2.6,   7.7,   2.7,-113.9, -45.3, 962.2,  -4.1,   1.3
213931,   0.2,  -0.2,   3.7,  16.0,  86.1,1002.8,  -3.1,   1.6
213957,  -1.9,   3.4,   4.3, -25.3, -48.5,1038.9,  -3.1,   1.5
213985,  -1.5,  -1.9,   4.1, 156.6,-121.2,1047.2,  -3.2,   1.2
214009,  -1.4,   0.3,   4.1, -55.1,  47.5, 859.5,  -3.4,   1.6
214033,  -0.9,  -1.3,   4.2,   5.0, -15.0, 992.8,  -3.6,   1.7
214057,  -1.4,   1.3,   4.3, -49.2,-137.3,1047.4,  -3.6,   1.4
214081,  -1.3,   2.0,   3.9,-110.2,-111.9,1018.6,  -3.6,   1.4
214109,   1.5,   0.0,   4.0,  -2.8, -19.7, 996.2,  -3.7,   1.5
214133,   2.0,   3.3,   2.2, -99.5,  70.9, 987.6,  -3.5,   1.7
214157,   1.1,   0.2,  -0.6, -44.8,-109.3, 858.2,  -3.6,   1.5
214181,  -2.3,  -0.0,   0.0,   7.9, -10.1, 982.3,  -3.7,   1.2
214209,  -2.4,  -1.6,   0.7,  54.8,-114.4, 905.4,  -3.7,   1.1
214233,  -0.1,   1.3,   1.1,  16.2,  83.6,1008.1,  -3.3,   0.9
214257,   0.3,  -1.4,   3.6,-147.3,-306.8,1038.9,  -3.7,   1.6
214281,   3.0,  -3.9,   1.7, 220.6, -44.3,1066.2,  -4.1,   1.1
214309,   2.4,   5.6,   0.4,-104.4,  36.7, 944.9,  -3.9,   0.6
214333,   1.0,   0.6,   2.0, -56.0,  76.3,1059.7,  -2.6,   1.1
214357,  -0.3,   2.8,   2.9, -92.7,-113.4,1011.1,  -2.6,   1.1
214385,  -2.7,   0.1,   2.5,-124.9,-114.6,1074.5,  -2.9,   1.3
214409,  -0.2,   0.7,   0.8,-169.1,-142.9,1129.5,  -3.1,   1.3
214433,   1.4,  -1.9,   1.1, -32.1,   5.7,1114.1,  -2.9,   1.3
214457,  -0.8,   0.3,  -0.1,  17.9,-125.6,1079.7,  -3.1,   1.1
214485,   1.9,  -3.9,  -0.9, 288.9,  14.8, 925.6,  -2.9,   0.6
214509,   3.1,   6.5,  -1.1,  -1.3, -10.9, 977.6,  -3.0,   0.6
214533,   4.1,  -5.8,   2.4, -87.3,  79.0,1064.8,  -3.0,   1.4
214557,   1.8,   1.8,   1.4, -40.4, -69.2, 920.3,  -2.8,   0.9
214585,  -2.2,   1.9,  -1.2,  40.6,  60.2, 792.1,  -1.9,   0.9
214609,  -7.2,   3.1,  -0.1, -39.4,  53.6, 845.5,  -1.7,   0.8
214633,  -8.6,   1.6,   2.2,-163.7,-689.6,1313.1,  -2.2,   1.4
214657,  -7.2,  -8.5,   0.5, 772.3,-585.3,1232.3,  -4.1,   0.5
214685,   4.1,   7.3,  -2.3,-274.3,  26.7, 890.2,  -4.8,   1.1
214709,   1.4,   0.9,   0.7, -49.9, 108.3,1071.6,  -3.3,   1.5
214733,   0.6,   0.0,   1.9,  22.3,-266.2, 902.2,  -3.5,   1.5
214757,   0.1,   1.7,   1.9, -67.3,-107.1, 821.4,  -3.9,   1.6
214785,   1.2,   2.7,   0.3,-217.9, -62.4, 985.4,  -4.3,   1.9
214809,  -0.1,  -2.2,  -0.4, 125.9, -54.6, 925.1,  -4.7,   1.7
214833,   2.0,   2.9,  -0.6, 122.2, -26.3, 967.4,  -4.9,   1.3
214857,   2.0,   2.9,   0.2,-124.1,-140.3, 929.3,  -4.9,   1.7
214885,   0.2,  -2.6,   2.4, -58.2,-115.6, 957.9,  -5.0,   2.0
214909,   0.2,  -1.6,   3.9, -40.2,-189.1,1081.1,  -5.4,   1.9
214933,   1.8,  -3.7,  -4.1, 183.5, 128.0,1178.6,  -4.9,   1.8
214957,   2.1,   2.1,  -1.7,-262.3,-173.5, 754.0,  -5.0,   1.9
214985,   5.8,  -0.5,  -4.5,-168.8,  10.9,1131.9,  -4.8,   2.1
215009,   1.1,   0.9,  -8.1,  73.1,-192.8, 899.5,  -4.6,   0.5
215033,   5.1,   2.0,  -4.8,-175.4, 143.2, 950.8,  -4.1,   1.0
215057,   2.6,  -0.4,  -1.7, 133.9, -24.8,1086.0,  -3.2,   1.2
215085,  -1.1,   4.5,  -0.5,-210.8,-195.7, 955.2,  -3.4,   2.0
215109,  -1.3,  -3.9,   0.6, 109.3,-212.3,1022.3,  -3.7,   1.6
215133,   0.7,   1.6,   5.7, -47.5, -65.6, 973.7,  -3.9,   1.9
215157,   0.5,  -1.9,   6.1, -45.0, -26.5, 955.4,  -3.9,   2.4
215185,   2.5,  -0.4,   1.5,  42.1, -97.5, 985.9,  -3.8,   2.0
215209,  -1.4,   4.8,  -4.2,-174.2, -95.8,1039.4,  -4.0,   1.8
215233,   0.6,  -1.9,  -5.9,  10.9,-185.2,1014.7,  -4.5,   1.4
215257,  -0.3,   2.4,  -7.8, -97.5, -71.2, 979.8,  -4.7,   1.2
215285,   1.1,  -4.0,  -7.1,  63.6,  14.0, 910.0,  -4.3,   1.2
215309,   2.3,   2.0,  -5.5,  69.5,  15.0,1026.0,  -3.7,   1.2
215333,   2.0,  -0.1,  -0.4,-100.0, 124.4, 995.0,  -3.2,   1.8
215361,   3.7,  -4.3,   4.4,  18.9,  68.7,1017.4,  -3.1,   2.6
215385,  -1.2,  -7.6,  -0.0, 112.2,-148.3, 851.4,  -3.3,   2.6
215409,  -3.1,   1.6,  -4.4, 133.2, -88.5, 873.1,  -3.0,   1.6
215433,  -0.0,   4.1,  -6.3,  17.9,  46.3,1030.6,  -3.1,   0.8
215485,  -4.7,  -1.8,  -4.2, -47.5,-317.0,1150.0,  -2.9,   1.0
215489,   0.8,  -0.4,  -5.1, -88.7,   6.7,1150.2,  -2.8,   1.0
215509,   0.6,   7.5,  -5.3,-130.2, -93.1,1006.4,  -3.2,   1.0
215533,   1.4,   1.4,  -3.4, -90.2, -85.6,1006.4,  -3.3,   0.8
215559,   0.4,  -1.9,   0.5, 174.9, 114.1,1000.8,  -2.8,   0.8
215583,  -0.6,   0.4,   4.3,  21.9, -92.9, 969.1,  -3.3,   1.1
215611,   3.4,  -2.4,   5.8,  45.8, 197.6, 974.0,  -3.2,   1.5
215635,   0.1,   1.4,   4.1, -64.1,-257.0, 929.8,  -3.6,   1.6
215659,  -0.6,  -3.3,   2.1, 115.1, -76.3,1132.2,  -3.8,   1.4
215683,  -0.4,   3.4,   1.6, -63.8, -61.7, 849.5,  -3.8,   1.4
215711,  -3.6,   2.3,  -1.9,-109.3, 111.9, 902.4,  -3.3,   1.5
215735,  -1.4,   5.4,  -3.6,-208.1, -51.6, 939.1,  -2.8,   1.5
215759,  -1.4,  -6.1,  -1.1,-308.0,-128.3,1057.2,  -3.5,   2.3
215783,   0.2,  13.0,  -6.5, 176.9,-153.9, 849.9,  -4.2,   0.5
215811,   5.6,   4.2,  -3.2,-217.4, 208.4, 849.0,  -3.4,   1.0
215835,   1.5,   2.9,  -0.3,-282.8,  30.6,1103.6,  -2.0,   1.3
215859,   0.0,  -0.2,   2.3, -29.2,-139.0,1029.4,  -2.4,   1.5
215883,   0.9,  -0.3,   1.1, -40.6, -84.4,1083.3,  -2.5,   1.5
215911,  -2.8,  -1.0,   1.4,  52.1, -31.9,1112.9,  -2.4,   1.4
215935,   0.8,   2.5,   3.0,  -5.0, -55.5, 970.5,  -2.6,   1.2
215959,   0.4,   4.5,   1.4, -37.7, -95.3,1187.6,  -2.6,   1.1
215987,   0.3,  -0.4,  -1.2,  47.2,-106.6,1169.8,  -2.6,   1.0
216011,   1.5,   3.9,  -4.7,-157.3,-155.6,1053.3,  -3.1,   1.1
216035,  -1.9,  -0.8,  -5.7, -77.3,  81.4, 852.6,  -2.4,   1.0
216059,  -4.2,   0.1,  -2.6, 138.8,  -2.3,1059.7,  -2.7,   0.6
216083,  -3.9,  -7.2,  -0.1,-134.4,-381.7,1099.0,  -3.7,   1.5
216111,  -0.2,   6.6,  -3.5,-118.8,  20.9, 790.4,  -4.1,   0.6
216135,   1.0,  -2.2,  -3.6,-102.7, 247.9,1027.9,  -2.5,   1.3
216159,   0.9,   3.4,  -4.7,-173.7,-251.6,1103.8,  -2.7,   0.8
216183,  -3.8,  -1.3,  -7.0, -42.1,-311.4,1166.1,  -3.6,   0.5
216211,  -2.2,   1.2,  -6.5, -36.0, -98.5, 966.4,  -3.9,   0.2
216235,  -2.1,  -1.1,  -6.8, 270.9, -27.2,1045.0,  -3.7,  -0.0
216259,   0.9,   3.9,  -4.7, -39.7,  97.0,1129.0,  -3.4,   0.4
216283,  -0.5,  -0.5,  -2.3, -65.1,-214.2, 851.4,  -3.8,   0.7
216311,   3.9,   2.2,   1.0,-172.5, -61.2,1093.6,  -3.9,   1.1
216335,   3.0,  -0.0,  -0.1, -50.2,-136.4,1021.3,  -3.9,   1.4
216359,   2.8,   6.5,  -2.7,-214.7, -58.2, 961.3,  -3.8,   0.9
216387,  -4.1,  -3.3,  -1.2, 275.3, 245.7, 904.4,  -2.0,   1.0
216411, -11.0, -12.6,   3.6, 110.7,-629.3,1368.5,  -2.5,   1.3
216435,   0.6,  16.0,  -1.8,-342.4,-135.6,1010.8,  -3.5,   1.0
216459,  -0.5,   0.3,   1.1,-240.8, 196.4,1041.1,  -2.8,   2.2
216487,  -0.8,   0.0,  -2.6,  54.3, 105.3,1057.5,  -2.7,   2.1
216511,   1.5,  -5.3,  -0.1, 197.6, -49.7,1067.2,  -2.9,   2.5
216535,  -1.9,   5.8,  -0.1,-133.2, -78.0, 873.1,  -3.0,   2.1
216559,  -1.6,   4.0,   2.7,-212.8,-121.7,1063.6,  -3.2,   2.6
216587,  -1.1,   6.2,   4.8,-104.4,  37.2, 929.0,  -3.4,   2.6
216611,   2.7,   1.8,   7.2, -98.5,   4.8,1108.5,  -3.4,   2.8
216635,   0.9,  -1.5,   6.9, -62.1,-269.7, 907.3,  -3.4,   3.0
216659,   1.0,   1.5,   4.0,  35.3, -80.4,1013.3,  -3.7,   2.8
216687,  -1.1,  -0.1,   2.2,-198.6, -52.6, 868.5,  -3.7,   3.1
216711,   4.4,  -0.9,   1.8,-455.9,  -8.9, 902.2,  -4.4,   3.6
216735,   0.4,  -4.0,  -6.5, 175.4,-173.7,1021.6,  -4.5,   1.9
216759,   0.1,  -0.2,  -3.3, -82.2,  60.4,1082.6,  -4.1,   2.0
216787,   0.5,   0.5,   1.4, -83.9, -39.9, 905.8,  -3.4,   2.0
216811,  -0.5,   2.7,   3.6, -96.6,-141.2, 945.4,  -3.5,   2.3
216835,   0.9,   2.9,   4.9,-175.7, -39.9,1010.1,  -3.5,   2.6
216859,  -1.1,   2.5,   6.3,  82.6, -84.1,1025.0,  -3.6,   2.3
216887,   1.3,   0.1,   7.7,  25.8,-129.3,1119.5,  -3.9,   2.3
216911,   0.9,  -0.4,   8.5, 162.7, -42.4,1140.0,  -4.3,   2.1
216935,   5.7,   8.4,   5.0,-142.9,  96.6, 862.1,  -4.5,   2.2
216959,   0.4,   1.9,   2.2,-124.9, -33.6,1047.7,  -4.2,   2.4
216987,   2.2,  -2.5,   0.5,  80.4,  -0.1,1104.1,  -4.1,   2.2
217011,   3.1,   4.5,   3.7,-341.4,-220.8,1087.5,  -4.1,   2.9
217035,   1.1, -10.7,   3.3, 140.3,  37.7, 919.8,  -4.3,   2.9
217059,   1.7,   6.9,  -4.3,-120.2,  69.9, 849.7,  -3.5,   1.6
217087,   0.0,  -3.0,  -1.5,  24.0, 113.4,1099.0,  -3.3,   1.6
217111,  -0.2,  -3.8,   1.8, -42.4,-161.0,1110.4,  -2.9,   1.8
217135,  -0.5,   2.3,  -0.8, -68.5,-298.2, 942.7,  -3.6,   1.5
217161,  -1.9,  -0.8,  -5.5, -21.6,-249.9, 994.5,  -4.0,   1.4
217185,  -1.4,  -0.8, -13.3, 362.9,-184.0,1012.5,  -4.9,   0.5
217209,  -1.0,   0.9, -11.9,  61.6,  64.8, 948.1,  -4.5,   0.2
217237,   0.6,   1.6,  -7.5, -80.9,-128.1,1172.0,  -4.8,   0.2
217261,  -0.9,   0.0,  -1.3, -39.7,-308.2, 884.1,  -5.7,   0.9
217285,  -1.4,  -2.9,  -6.1,  65.8, -81.4,1057.9,  -6.3,   1.0
217309,  -1.7,  -1.4,  -6.5,  82.6,-233.0, 992.8,  -6.3,   1.0
217337,  -0.1,  -4.3,  -5.0, 201.1, -74.1, 937.3,  -7.0,   0.1
217361,  -1.6,   4.3,  -5.5, -85.6, -16.5, 961.3,  -6.9,   0.1
217385,  -3.1,   1.5,  -9.0, -39.4, -81.4, 870.0,  -6.6,   0.4
217413,  -5.7,   0.5,  -5.1, -22.8, -17.2,1465.7,  -6.2,   0.9
217437,   5.5,   2.0,  -1.7, 139.5,-241.1, 885.6,  -7.8,   0.4
217461,   6.7,   6.7,  -2.8,-250.4, 205.2, 873.1,  -6.7,   1.2
217489,  -0.3,   3.3,  -5.9,-138.8, -30.6,1014.0,  -6.7,   1.4
217513,  -0.8,  -0.8,  -4.0,  43.1,-162.7,1033.0,  -6.6,   1.2
217537,   0.1,   0.0,  -6.8,  43.6,-125.1,1048.9,  -7.2,   0.9
217561,  -1.3,   2.1,  -7.7,-107.8,-111.5, 992.3,  -6.9,   0.9
217585,   1.4,   0.4,  -6.3, -19.9, -21.9,1120.7,  -7.0,   1.1
217613,  -1.9,  -1.9,  -5.1, -15.5, -51.4, 984.7,  -6.1,   1.5
217637,  -0.3,  -3.0,  -3.5, 217.4, -39.7, 990.8,  -5.8,   1.1
217661,   0.6,  -0.5,   3.3,  32.3,  13.1,1053.6,  -5.7,   1.4
217685,  -0.0,   2.2,   4.3,-187.4, -90.7, 956.4,  -6.0,   1.8
217713,   0.3,   1.2,   2.9, -54.6, -81.9, 891.2,  -5.5,   2.2
217737,  -0.6,   2.0,   3.6,  14.3, -28.4, 900.2,  -5.2,   2.1
217761,   0.4,   1.1,   1.4,-111.9,-113.2,1087.5,  -5.4,   2.1
217785,  -0.9,   0.7,  -1.1, -87.5, -41.6,1006.9,  -5.0,   1.9
217813,  -1.2,  -2.9,  -2.2,  49.2,  60.9, 978.8,  -4.2,   1.7
217837,  -1.3,   0.8,  -2.3,  42.4, -15.5, 965.2,  -4.0,   1.4
217861,  -3.8,  -0.7,  -2.3, -45.5, -35.8, 955.4,  -3.3,   1.6
217885,  -2.5,  -3.6,   2.0, 129.3,-215.5,1268.6,  -3.7,   1.3
217913,   5.2,   3.6,   1.4, -92.2,  19.9, 953.0,  -4.1,   1.2
217937,   0.2,   0.7,   1.7, -35.3, 205.4, 893.6,  -2.4,   1.6
217961,   0.8,  -1.1,   4.2,  28.7, -42.1, 954.2,  -2.0,   1.7
217989,  -2.2,   1.4,   2.4,  67.0, -53.4,1033.3,  -2.0,   1.7
218013,  -0.5,   0.7,   1.0, -43.1,-103.4,1024.0,  -2.4,   1.6
218037,  -1.4,   1.5,  -0.8,  17.7, -78.0, 936.4,  -2.1,   1.3
218061,  -1.4,   0.4,  -1.3,  84.8,  71.6, 910.7,  -2.1,   1.2
218085,  -0.5,  -3.2,  -1.9, 213.3, -37.5, 957.4,  -2.5,   1.1
218113,  -0.6,   2.8,  -2.0,  -9.6,  43.3, 989.6,  -2.6,   1.2
218137,  -0.3,  -0.6,  -1.1, -37.5,-127.1, 925.4,  -3.0,   1.5
218161,   1.8,   5.3,   3.5,-237.2, 147.3, 970.1,  -2.8,   1.7
218185,  -0.8,   1.5,   3.6,-234.0, -92.2, 986.2,  -2.5,   2.1
218213,   0.2,  -2.4,   5.5,  69.7,-114.9,1077.7,  -3.0,   1.9
218237,  -4.6,   1.4,   3.6, -21.4, -34.3, 906.8,  -2.5,   1.7
218261,  -6.9,   3.4,   4.6,  -3.3, -95.1, 904.9,  -2.5,   1.6
218285,  -6.0,   3.8,   3.8,-124.6, -60.4,1035.7,  -3.0,   1.9
218313,  -2.7,   1.8,   2.9, 195.7,-147.3, 949.1,  -4.0,   1.2
218337,   6.4,   6.1,  -1.6,-152.7,  67.0,1057.0,  -4.1,   1.4
218361,   0.9,  -0.8,  -3.5,   4.8, 101.7,1115.8,  -3.0,   1.5
218389,  -1.1,   4.7,  -4.5,-296.8,-163.7, 937.8,  -2.6,   1.2
218413,  -1.9,  -4.0,  -4.3,  52.9,-212.3,1128.0,  -3.0,   1.0
218437,   0.1,   1.2,  -4.8,  -9.9,  27.9,1026.0,  -2.9,   0.9
218461,   0.8,   2.3,  -2.9, -70.2,   4.8, 965.2,  -2.7,   1.0
218489,   1.2,   1.3,  -1.3,-171.5,  74.8, 952.5,  -2.5,   1.2
218513,   3.3,  -1.4,   0.9,  92.4,-142.9,1026.9,  -2.7,   1.0
218537,   3.0,   0.6,  -1.0, -34.3,  64.8, 966.4,  -2.5,   1.0
218561,   0.1,   0.4,  -1.1, -44.1, -79.7, 992.0,  -2.1,   1.1
218589,   0.8,  -1.4,  -1.2,  48.2, -84.1,1015.7,  -2.7,   1.0
218613,  -1.2,  -1.1,  -1.4,  -7.4, 129.5, 892.4,  -2.2,   1.3
218637,  -7.4,   7.2,  -4.8, 135.9,-291.4,1269.4,  -1.6,   0.3
218661,  -0.0,   3.7,  -0.6,-462.5,-212.5,1000.6,  -2.7,   1.1
218689,   1.6,   0.3,   1.5, -28.9, -87.0,1145.1,  -2.2,   1.4
218713,  -2.1,   4.3,  -0.3,-349.7, -90.7, 983.2,  -2.0,   1.8
218737,  -0.8,  -4.9,  -1.2, 222.3, -61.4,1106.8,  -2.2,   1.5
218763,   0.9,  -0.0,   0.1,  73.4,-100.2, 834.3,  -2.5,   1.5
218787,   0.2,   0.9,  -0.8, -38.9,  77.8, 916.8,  -2.1,   1.4
218811,   1.9,  -3.5,   1.2, 105.3,  67.3,1085.3,  -2.2,   1.8
218839,   0.1,  -1.1,   2.3, 100.0, -82.4,1156.6,  -2.7,   1.8
218863,   3.1,   4.8,   7.7,-108.5,-106.3, 841.6,  -3.4,   2.4
218887,   6.6,   1.1,   8.2,-156.6,  20.4, 972.0,  -3.1,   2.8
218911,   2.0,   0.0,   8.4, 150.0, -91.2, 862.4,  -3.1,   2.8
218939,   3.4,   2.4,   8.9,-413.0, 169.6,1136.6,  -2.7,   3.6
218963,   3.6, -13.2,   3.2, 444.2, -37.5,1001.8,  -3.2,   3.6
218991,   3.1,   6.6,  -7.2,-242.8, -11.6, 990.1,  -3.0,   4.0
219011,   0.4,  -2.9,  -7.6,  54.1,  99.7,1034.8,  -1.9,   4.0
219039,  -0.9,  -3.2,  -3.4,   6.2, -61.7, 978.6,  -1.6,   3.5
219063,   1.5,   0.5,  -5.1,   6.5,  17.9, 967.6,  -1.9,   3.1
219087,  -1.2,  -4.4,  -1.5,  -9.4,-115.9,1132.2,  -1.8,   3.3
219111,   1.5,   3.0,  -0.2,  14.8,  34.1, 930.5,  -1.6,   2.9
219139,  -0.2,  -2.5,   5.2, -14.3, -13.3,1127.0,  -1.4,   3.2
219163,   0.9,  -1.9,   4.8, 264.5, -56.0,1059.9,  -1.3,   2.5
219187,  -2.3,  -1.3,   5.8,-122.4,-221.8,1104.6,  -1.6,   2.9
219211,  -3.8,   0.5,   2.8, 225.5,  47.0, 868.3,  -1.4,   2.2
219239,  -4.1,   7.5,   2.5,-366.6,-110.7,1189.3,  -1.6,   2.5
219263,  -0.6,  -7.2,   6.0, 165.6,   0.4, 895.6,  -2.3,   3.1
219287,   4.4,   3.9,   2.7,  90.7,-102.2, 901.7,  -3.2,   1.6
219311,   4.0,   2.0,   1.3,-336.3,  65.5,1020.4,  -2.5,   3.0
219339,   2.1,   7.4,   2.2,-248.9, -62.4, 917.3,  -2.0,   2.4
219363,   0.7,  -1.9,   1.1, -87.8,  33.3, 924.9,  -2.2,   2.5
219387,   0.6,  -3.0,   0.2,  69.2, -47.2,1198.1,  -2.7,   2.0
219415,   2.1,  -0.8,  -1.5, 130.7,-164.7,1137.0,  -3.1,   1.5
219439,   0.6,   5.1,   1.5,-334.8,-132.0, 818.9,  -3.0,   2.1
219463,   2.7,  -5.8,  -1.2, 200.8, -61.7,1109.7,  -3.3,   1.7
219491,  -2.8,  -5.3,  -1.6, 489.4,-407.1,1212.5,  -3.7,   1.1
219515,  -1.6,   6.7,   3.6,-395.9,  -1.3, 676.1,  -3.9,   2.5
219539,   2.2, -10.1,   1.6, 191.3, -39.4, 978.6,  -5.4,   2.6
219563,   4.1,   6.2,  -2.6,-145.6, -18.4,1105.1,  -6.0,   1.7
219587,   0.8,   5.8,   1.6,-159.5, 346.6, 959.6,  -4.5,   2.2
219615,  -1.3,   3.3,   0.8,-109.5,-204.5, 876.1,  -3.7,   2.5
219639,  -0.3,  -2.1,  -2.6,   2.1, -12.1,1041.1,  -3.8,   2.3
219663,  -4.3,  -0.1,  -5.9,-141.7, -97.3,1130.7,  -3.9,   2.2
219687,  -0.7,   0.1,  -5.3,  52.9,-103.9,1032.6,  -4.3,   1.6
219715,  -1.7,  -1.4,  -4.8, 146.1, -54.1,1272.5,  -4.0,   1.4
219739,   1.8,  -0.0,  -3.1, -82.4, -50.9, 933.9,  -3.7,   1.6
219763,   1.6,  -5.5,  -2.4,  20.4,  95.1,1044.5,  -3.1,   2.0
219787,  -0.8,  -1.4,  -3.6,-145.1,  12.8,1048.7,  -3.0,   1.7
219815,  -3.7,  -5.3,  -4.1, 185.4, 174.7, 836.0,  -2.5,   1.3
219839,  -3.5,  16.1,  -4.0,-1144.4, -85.3, 913.4,  -2.1,   1.5
219863,   0.5, -10.4,  -2.0, 618.3, -11.1,1193.2,  -3.3,   0.8
219887,   2.6,   9.5,  -6.7,-322.4,  -3.1, 875.8,  -4.1,   0.4
219915,  -2.5,  -6.5,  -3.6, 165.9,-249.6,1056.0,  -3.8,   0.9
219939,  -4.2,   1.2,  -1.5,-177.1,-156.1, 955.9,  -4.4,   1.0
219963,  -2.9,  -1.6,  -2.6, -66.8,-144.9,1042.1,  -5.3,   1.0
219991,   0.9,  -5.5,   1.0, 215.2, 242.3,1108.7,  -5.0,   0.6
220015,   0.2,   6.9,   1.7,-538.0, -91.9, 801.4,  -5.2,   0.9
220039,  -0.1,  -2.1,   3.5,  23.6,-143.9,1042.6,  -5.3,   1.0
220063,   0.3,  -0.7,  -0.9, 147.8,  16.0,1191.0,  -5.0,   0.9
220087,   1.2,  -1.1,  -3.8,-111.7,-199.8,1086.0,  -5.5,   1.1
220115,   1.3,   0.4,  -6.9, 140.5, 231.6, 980.1,  -5.1,   0.1
220139,  -4.7,   2.6,  -4.0, -56.0,-196.2,1170.0,  -4.1,   0.3
220163,   2.6,   2.7,  -0.9,-319.7,-115.9, 772.1,  -5.0,   1.5
220187,   9.9,  -1.8,  -3.2, -58.2, -52.6,1286.7,  -5.2,   0.7
220215,   3.9,  -1.3,  -0.0,  -6.7,  80.7,1047.7,  -3.0,   1.6
220239,  -1.5,  -2.2,   0.7, 167.4,-235.0, 961.3,  -3.6,   0.9
220263,  -2.2,  -0.4,  -1.2,  63.1, -33.6, 946.1,  -3.8,   0.8
220287,  -1.3,   3.4,   0.8, -56.8, -28.2,1164.4,  -4.1,   1.0
220315,   2.0,   3.2,   1.8,-116.1, -25.0,1068.4,  -3.9,   1.3
220339,   2.4,   1.9,   3.9,-165.2, -14.3, 961.0,  -3.6,   1.6
220365,   1.0,   2.9,   6.8, -18.4,-270.1,1092.9,  -4.3,   1.4
220389,   2.4,   2.2,   7.7,-195.4, -38.7,1164.1,  -4.2,   1.8
220413,   1.4,   3.3,   5.5,-120.0, -81.4, 901.0,  -3.8,   2.1
220441,   0.9,  -0.7,  -0.4,  82.6,  13.3,1011.3,  -3.8,   1.7
220465,   1.4,  -8.2,  -1.8, -59.0, -71.4,1116.5,  -4.2,   2.3
220493,  -1.4,   1.7,  -7.6, 421.8,-233.8,1068.9,  -4.4,   2.0
220513,   1.3,  -1.6,  -7.6,-172.0, 245.7, 953.7,  -3.7,   2.8
220541,  -2.8,   0.6,  -6.1,  11.1, -86.6, 946.1,  -2.6,   2.3
220565,  -1.9,   0.1,  -3.6, 107.3,-101.0,1221.5,  -3.0,   2.0
220589,   1.4,   4.9,  -3.3,-250.1,-120.7, 776.7,  -3.1,   2.3
220613,  -1.4,   1.4,  -0.1,  -5.0, 102.4,1054.3,  -2.8,   2.1
220641,  -1.2,  -6.0,   1.9, 282.3, -80.4,1214.2,  -2.6,   1.9
220665,   4.1,   0.1,   2.7, -78.5, 121.0,1221.3,  -2.2,   2.1
220689,  -0.9,   0.5,   0.9, -97.3,-212.5, 810.1,  -2.3,   2.4
220713,   1.5,  -3.1,  -1.4, 139.0,  93.4, 882.4,  -2.6,   2.0
220741,  -3.5,  -0.6,  -3.9, 143.9, -76.8, 836.0,  -2.4,   1.7
220765,  -8.2,   2.5,  -6.2,-284.1,-185.9,1561.6,  -1.8,   1.5
220789,  -8.3,  -1.8,  -0.8,  38.2,-297.0, 706.6,  -2.7,   1.8
220813,   2.2,   2.0,  -2.9, -15.5, -71.4,1123.1,  -3.9,   0.9
220841,  -0.6,   0.6,  -0.5,-110.0,  -4.0, 816.0,  -2.8,   1.8
220865,   0.3,   0.4,  -1.8, -84.6, 124.9, 962.5,  -2.5,   1.7
220889,  -2.4,  -5.5,  -3.4, 241.3, -49.2,1083.3,  -3.1,   1.4
220913,  -2.7,  -2.7,  -4.6, 285.0,-182.0,1085.5,  -4.1,   0.9
220941,   0.6,  -3.6,  -4.6, -88.3, -34.6, 705.7,  -4.5,   1.4
220965,   0.0,   0.6,  -4.4,-450.6, -55.8, 903.4,  -4.1,   1.7
220993,  -0.2,  11.0,  -6.5,-480.3,-232.1, 634.6,  -4.4,   2.6
221013,  -1.2,   3.0,  -5.5, -50.9, -62.4,1103.6,  -4.6,   2.2
221041,  -3.4,   5.4,  -3.6,  43.3,  38.9, 824.8,  -4.3,   2.0
221065,   0.2,  -3.9,   0.0, 188.6,-377.1,1099.9,  -4.9,   2.1
221089,   7.3,  -0.3,  -2.3,-150.0, 165.4, 923.4,  -5.3,   2.4
221113,   4.1,  -1.0,  -6.6,   0.1,  89.7, 915.4,  -3.4,   1.9
221141,  -1.1,  -5.8,  -4.7, 146.9,  74.6, 875.6,  -2.6,   2.1
221165,   3.7,  -1.1,  -3.7, 100.5,  -0.1,1044.0,  -3.2,   1.6
221189,  -1.9,  -5.8,  -3.2, 228.9,  18.4, 943.2,  -3.1,   1.5
221213,  -1.3,   4.0,  -4.3,-315.6, -29.4, 955.7,  -2.9,   1.9
221241,   0.6,  -4.7,  -4.4, 102.2,-259.6,1097.0,  -3.0,   1.6
221265,   2.5,  -1.8,  -4.7, -54.8,-176.6, 955.2,  -3.0,   1.7
221289,   2.8,   5.6,  -4.9, -51.6,-120.7, 973.7,  -2.5,   1.4
221313,  -0.0,  -3.1,  -4.1, -15.7, 212.3, 890.5,  -1.9,   1.8
221341,  -5.3,   1.0,   0.3, -51.6,-617.8,1382.7,  -1.9,   1.2
221365,   2.6,   3.6,  -3.8,  88.3, 110.5,1062.8,  -1.9,   1.5
221389,   0.6,   3.7,  -3.9,-120.0, 229.9, 774.0,  -1.0,   1.6
221413,   0.2,  -5.3,  -1.5, -85.1,  12.1, 958.8,  -1.1,   2.0
221441,  -3.3,  -5.2,   4.6,  -3.5,  16.5,1038.4,  -1.6,   2.0
221465,  -3.1,   2.1,   7.0, 111.0,  23.6, 946.1,  -1.9,   1.9
221493,  -2.7,  10.5,   5.9,-458.9,-305.3, 841.2,  -2.3,   2.7
221517,   0.0,   0.7,   5.7, -49.2, -50.9,1095.5,  -2.7,   2.7
221541,  -3.2,   6.4,   5.7,-124.4, -97.8, 865.3,  -2.6,   2.6
221565,  -2.3,  -1.9,   3.9, 124.4, -21.9, 995.2,  -3.7,   2.0
221589,  -4.1,   2.7,  -0.9,-189.6,  60.9, 862.1,  -3.7,   2.2
221617,  -7.2,  -8.0,  -3.9, 532.6,-300.7,1346.5,  -3.8,   1.6
221641,  -2.1,  11.4,  -3.3,-599.5,-483.8, 853.4,  -5.5,   2.2
221665,   6.9,   7.3,  -0.6,-407.1, 162.0, 788.2,  -5.0,   2.3
221689,   1.3,   1.3,   0.3,-229.6,  50.9,1080.2,  -3.5,   2.2
221717,   3.1,   4.2,   4.1,-169.1,  52.9, 847.5,  -3.0,   2.6
221741,   1.7,  -1.3,   5.7,-111.7,  -7.9,1065.3,  -2.7,   2.7
221765,  -1.1,   2.2,   5.6,  59.7, -88.3, 792.8,  -2.8,   2.4
221789,   1.4,   2.2,   4.1, -76.0,  62.6, 923.4,  -2.8,   2.2
221817,   4.2,   4.4,   2.7, 117.8,-132.5,1336.0,  -2.7,   1.9
221841,   1.1,   2.5,   4.3,-276.5,  36.0, 781.8,  -2.1,   2.6
221865,   0.8,   1.5,   4.3,-235.7, -86.1, 776.0,  -2.1,   2.7
221889,  -0.8,   2.6,   2.1,-560.9, -67.8,1239.1,  -1.9,   2.9
221917,   4.7,  10.8,  -2.6, 303.6,-418.8, 900.0,  -4.0,   1.1
221941,   6.1,   3.0,  -2.5,-433.0, 288.9, 853.1,  -2.7,   2.4
221967,  -0.8,  -4.6,  -0.9, 259.4,-197.1, 914.4,  -1.9,   2.1
221995,  -0.8,   8.1,  -3.2,-528.7,-141.0, 825.5,  -2.0,   2.9
222015,   2.2,   2.1,  -0.6,-227.7,  65.1,1102.4,  -2.3,   2.9
222039,   3.1,  -3.5,  -0.5,  33.1,-154.7,1066.7,  -2.6,   2.3
222067,   1.2,  -1.0,   0.3,  68.7,-163.0,1175.1,  -2.4,   2.2
222091,   4.3,   0.3,   5.9,-141.5,-279.4,1107.0,  -2.5,   2.7
222115,   0.8,  -7.2,   4.4, 114.4,-205.9,1117.5,  -3.3,   2.6
222139,  -0.2,  -0.3,   1.1,-141.0, -80.9, 879.5,  -3.0,   2.7
222167,  -3.7,   0.2,   1.0, 139.3, 129.3, 691.5,  -2.1,   1.4
222191,  -2.4,  -7.3,   6.1, 142.0,-607.8,1786.5,  -2.9,   2.0
222215,   2.7,  23.6,  -5.4,-289.7,-621.0, 638.5,  -5.2,   0.2
222239,   2.1,   3.6,  -8.0,-411.0, 341.7, 711.3,  -3.2,   1.4
222267,  -6.2,   7.8, -10.4,-184.0,-209.1, 731.5,  -2.7,   1.0
222291,  -5.2,  -1.9,  -4.7,  94.1, -44.1, 939.3,  -3.1,   1.1
222315,  -1.0,  -2.5,   0.4, 109.0, -48.5, 947.6,  -4.0,   1.0
222339,  -4.5,  -4.4,   1.0, 264.5,  14.3,1098.7,  -3.7,   1.3
222367,  -1.9,  -3.5,   4.1,   0.6,  39.4,1082.1,  -2.8,   1.8
222391,  -5.1,   0.2,   5.4, -82.9,-298.5,1064.5,  -2.6,   2.1
222415,  -2.4,  -0.6,   6.1, -94.8,-218.6,1077.0,  -3.4,   1.9
222439,  -4.6,  -1.6,   4.6, -16.0,-140.5, 962.7,  -3.6,   1.8
222467,  -4.0,   6.0,   0.5,-104.6,-230.6, 720.8,  -4.2,   1.4
222495,  -5.5,   5.3,  -5.5,-385.1,-220.1,1157.6,  -4.5,   1.8
222515,   0.0,  -7.3,  -3.5,-208.1, -46.0,1013.3,  -4.7,   2.7
222543,   0.6,   2.9,  -9.2,  13.6, -76.1,1049.9,  -5.7,   0.3
222567,  -2.1,  -0.7,  -4.9,-211.1,  91.2, 766.4,  -4.2,   1.5
222591,  -0.9,   3.8,  -4.0,  43.6, -13.1, 931.7,  -4.0,   0.6
222615,  -1.4,  -1.6,  -0.9, -40.9, -72.9, 873.6,  -4.2,   1.0
222643,  -1.7,   2.2,  -2.0, -86.1,  41.1,1043.1,  -3.9,   1.0
222667,  -0.9,  -2.5,  -0.5, 106.3, -59.0, 985.2,  -3.9,   0.7
222691,   1.7,   6.3,   1.3,-124.1,-167.4, 920.3,  -4.1,   0.5
222715,   2.0,  -0.7,   1.9, -91.4, 107.3, 970.8,  -3.5,   1.0
222743,  -1.1,   3.5,   1.0, -31.9,-187.1, 980.8,  -3.8,   0.7
222767,  -1.8,   5.5,   0.5, -33.6, -39.2,1001.6,  -3.6,   0.8
222791,  -2.2,   7.2,  -1.1,-180.1,-331.9,1900.7,  -3.0,   0.6
222815,   2.5,  -2.9,  -1.2,-120.5,-268.9, 727.4,  -3.6,   1.0
222843,   5.2,   6.4,  -7.9,-288.5, 357.1, 961.8,  -3.2,  -0.0
222867,  -1.0,   2.5,  -2.5,-132.2,   4.3, 888.0,  -2.1,   0.7
222891,  -0.5,  -4.2,  -0.3,  78.0,  10.6,1183.2,  -2.4,   0.6
222915,  -0.1,   2.2,  -1.4,-272.1, -20.9, 894.6,  -2.6,   1.1
222943,  -1.7,  -1.0,  -0.1,  15.5, -81.7,1024.5,  -2.5,   0.8
222967,   0.9,   2.1,   0.7,-125.9, -68.2, 977.9,  -2.4,   1.0
222995,   3.4,  -1.1,   0.7,-240.4,  -3.3,1008.6,  -2.2,   1.1
223015,  -2.8,   5.0,   3.1,-280.4,-387.1,1014.7,  -2.5,   1.5
223043,  -1.1,   5.0,   5.0,-106.3, -40.2, 729.3,  -3.0,   1.3
223067,  -5.0,   5.4,   3.3, -83.4,-169.1,1190.8,  -2.7,   2.1
223091,   3.4,   1.8,   3.3, 252.3,-513.1,1039.9,  -4.8,   0.6
223115,   4.9,   0.1,   3.2,  80.0, 116.1, 894.1,  -4.6,   1.4
223143,  -4.1,  -1.9,   5.5,  -4.5, -23.3, 873.6,  -3.0,   2.4
223167,  -1.6,  -7.6,   2.1, 110.0,-312.4, 854.1,  -4.1,   2.6
223191,  -1.4,   5.1,  -2.2, -91.9,  36.0, 823.8,  -4.2,   2.2
223215,  -2.0,  -0.2,  -1.4,  17.5,-136.1, 799.2,  -4.6,   1.6
223243,  -1.2,  -1.9,  -0.1,-216.7,-137.1,1044.5,  -4.7,   1.7
223267,  -1.4,   4.0,   5.3,  21.6,-298.5,1513.5,  -4.7,   1.5
223291,   5.1,   2.5,   9.7,-110.5, -52.1,1688.8,  -4.7,   1.8
223315,   5.8,   3.1,   5.7, -94.8, 237.2, 664.6,  -3.7,   2.2
223343,   0.4,  -2.1,   4.6, 287.7, 170.5, 930.5,  -2.6,   1.8
223367,  -0.1,   3.4,   3.0,-502.1,-210.8,1119.7,  -3.6,   2.9
223391,   3.2,   1.4,  -1.2, 457.9,-328.0,1027.7,  -4.8,   1.0
223415,   2.5,  -3.6,  -2.0,  62.4, 224.0,1136.8,  -4.0,   1.8
223443,  -0.7,  -0.8,   0.7, 114.9,-177.6,1203.7,  -3.3,   1.7
223467,   0.6,  -3.3,  -1.3,  28.4,-192.8,1016.7,  -3.6,   1.9
223495,   2.8,   1.2,  -1.0,-156.1,-119.8, 840.4,  -3.6,   2.1
223515,   0.6,   0.3,   1.1,-123.2,-156.1,1058.2,  -3.8,   1.9
223543,   2.2,   0.7,   3.7,-134.2,-135.4,1255.7,  -3.9,   1.8
223569,   1.7,  -1.2,   2.5,-342.9,  10.4, 798.2,  -3.2,   2.1
223593,   2.2,   5.4,   1.0, 176.1,-139.8,1215.4,  -3.4,   1.4
223617,   0.8,  -0.8,  -4.0, 244.0, 226.9, 934.9,  -3.0,   1.1
223641,  -3.6,  -2.0,  -3.1,-273.8,-280.6,1361.9,  -3.0,   1.5
223669,   2.4,   0.3,  -7.2,-253.8, -96.8, 899.0,  -3.7,   1.9
223693,  -1.0,   4.3, -11.7, 253.1,-118.8,1061.6,  -3.6,   0.2
223717,   0.5,  -6.7,  -7.2,-107.8,  42.8,1098.0,  -2.7,   1.5
223741,   1.2,  -1.0,  -5.2,  84.1,  27.7, 935.1,  -2.1,   0.8
223769,   3.0,  -3.4,  -2.5,-207.4,  22.3,1057.5,  -2.3,   1.5
223793,  -4.1,   1.4,  -2.0, -48.5,-415.9,1018.2,  -2.5,   1.2
223817,  -2.1,  -3.3,  -1.4, 114.9, -25.8,1109.2,  -2.1,   1.3
223841,  -1.6,  -0.6,  -0.6, -24.3,  25.8,1012.5,  -2.1,   1.2
223869,  -0.4,  -3.3,  -3.8, 144.9,-103.4, 966.2,  -2.7,   0.9
223893,  -2.2,   1.7,  -4.7, -29.7, -17.0, 735.9,  -3.0,   1.0
223917,  -6.0,  -1.0,  -3.4, -97.3,-484.0,1245.7,  -4.0,   1.0
223941,  -2.8,  -3.6,  -3.6,-188.4,-413.9,1236.7,  -5.1,   1.9
223969,   1.7,   3.5,  -7.6,  22.3, 180.5,1122.9,  -5.7,   0.4
223997,  -1.8,   3.8,  -5.5,-182.5,  59.0, 921.7,  -5.7,   0.7
224017,  -5.5,   3.6,  -3.0,-119.5,-182.0, 848.0,  -6.2,   0.5
224041,  -2.3,  -2.7,  -3.5, 109.3,-135.4, 815.3,  -7.4,   0.7
224069,  -0.7,  -1.1,  -6.1,-161.0, -28.0, 932.9,  -7.6,   1.1
224093,   1.7,  -3.3,  -6.7, 157.6,  28.2,1136.8,  -7.6,   0.6
224117,   1.7,  -3.6,  -6.0,  49.0, 149.3,1126.1,  -6.8,   0.5
224141,  -1.1,   0.7,  -3.4,-174.7, -34.8,1050.9,  -6.2,   0.7
224169,   2.5,  -0.9,  -5.3, -61.4,-127.3,1097.5,  -6.5,   0.8
224193,   0.1,  -0.4,  -8.4,  39.4,-187.1,1025.5,  -6.2,   1.0
224217,   0.8,   3.8, -10.0,-166.1,-108.0, 906.6,  -6.3,   0.6
224241,  -1.4,  -1.6,  -8.9,  23.8,-124.4, 974.2,  -6.1,   0.7
224269,  -4.2,   2.6, -10.8,-241.3,  75.6, 798.9,  -4.8,   0.7
224293,  -1.7,  -8.6,  -7.6, 198.4,-218.1,1328.2,  -5.0,   1.1
224317,   2.9,   2.0,  -9.1, 198.4,-194.7, 934.2,  -6.5,   0.3
224341,   3.2,   3.4,  -9.5,-181.0, 292.6, 826.5,  -4.9,   0.9
224369,  -2.0,  -0.1,  -6.0, -62.9, -34.1, 959.6,  -3.7,   0.6
224393,  -2.1,   3.6,  -5.8, -67.0,-187.1,1108.7,  -3.8,   0.7
224417,  -1.5,   0.7,  -4.9, -62.6, -87.5,1048.9,  -4.3,   0.8
224441,  -0.7,   0.5,  -7.0, -74.1, -46.5, 992.0,  -4.0,   0.8
224469,  -2.5,  -1.3,  -6.3,  92.4,   0.1, 940.3,  -3.8,   0.6
224497,   0.4,  -1.6,  -6.6, 126.8,  11.1,1021.1,  -3.7,   0.4
224517,   1.1,  -5.4,  -6.2, 149.8, -74.3,1087.7,  -3.6,   0.6
224541,   0.2,   0.0,  -8.2, -85.6, -49.9, 985.9,  -3.6,   0.5
224569,  -2.4,  -4.6,  -6.2, -40.2,-187.1, 993.3,  -3.3,   0.8
224593,  -1.5,   3.6,  -7.0,-258.2, -72.4, 975.2,  -3.1,   0.6
224617,  -2.8,   0.6,  -7.1, 267.0,  64.3,1158.0,  -2.9,   0.3
224645,  -0.2,   2.5,  -7.5,-131.2,  38.0,1046.0,  -3.0,  -0.0
224669,  -0.6,   1.7,  -2.8,-104.6,-126.1,1081.6,  -2.7,   0.7
224693,  -1.0,   1.2,  -3.9, -10.6,-114.6,1010.6,  -2.6,   0.6
224717,  -2.2,   1.8,  -5.0,  59.4, -23.6,1110.9,  -2.4,   0.4
224745,  -0.8,   0.3,  -3.7, -47.7,-102.2, 888.8,  -2.4,   0.6
224769,  -1.6,  -0.8,  -3.0,  79.2,   2.1, 983.7,  -2.3,   0.8
224793,   2.1,  -1.0,  -2.5,  34.5,  88.3, 952.7,  -2.4,   0.9
224817,   4.2,   0.4,  -3.6, -20.9,-186.9,1159.3,  -2.5,   0.9
224845,   3.5,  -3.0,  -1.3, 103.4, -59.7, 936.6,  -2.6,   1.1
224869,   2.8,   2.9,   1.4,-226.0,  55.5, 995.4,  -2.3,   1.5
224893,   2.3,  -2.9,   6.8,  90.0, -17.2,1003.0,  -2.3,   1.7
224917,   0.4,   3.8,   7.2,-212.8,  25.8, 760.3,  -1.9,   2.4
224945,   0.7,  13.6,   3.0,-363.4, -22.8, 613.4,  -2.2,   2.0
224969,   2.6,  -1.0,   6.3,  94.8,-373.7,1641.9,  -2.2,   2.5
224997,   0.2,  -9.4,   0.3, 424.7, 152.5,1282.3,  -1.9,   1.9
225017,  -2.2,   2.9,  -1.8,-375.1, -46.5, 977.9,  -2.2,   2.6
225045,  -3.0,   6.9,  -2.6,-204.5, -40.7, 941.2,  -2.4,   2.7
225069,  -1.4,  -0.3,   1.4,  -3.3,-139.0,1070.4,  -3.0,   2.6
225093,   2.5,   3.7,   4.3,-173.7, 104.4, 844.6,  -2.6,   2.9
225117,  -0.3,  -7.1,   3.9,  58.7,-206.7,1138.3,  -2.5,   2.9
225145,   4.2,   5.2,   5.9,-106.1,   4.5, 982.5,  -2.4,   2.5
225167,   3.2,  -4.7,   8.0, 236.5,  84.8,1016.2,  -2.0,   2.7
225195,   4.7,   0.9,   5.5,-218.1,-125.1,1184.7,  -2.2,   3.0
225219,  -2.8,   2.1,   5.7, 160.0,  -9.4, 638.5,  -1.8,   2.7
225243,   4.4,  -2.5,   8.5,-238.6,-302.4,1012.5,  -3.1,   2.8
225267,   5.1,   1.2,   6.5, 188.8, 256.7, 873.4,  -2.4,   2.5
225295,  -0.0,  -6.8,   5.8,  42.1, -68.7,1039.9,  -1.7,   2.9
225319,  -0.7,   7.0,   4.3,-273.6,-100.0, 771.1,  -1.9,   2.6
225343,   0.2,   0.3,   7.3, -30.2,  68.0,1089.9,  -1.9,   2.7
225367,   1.1,   6.0,   3.8,-279.7,  12.8, 944.2,  -2.0,   2.3
225395,   1.7,   4.8,   4.6,-144.9, -20.4, 845.8,  -2.2,   2.5
225419,   5.6,   4.8,   3.9, -34.8, 184.0,1249.4,  -1.5,   2.2
225443,  -0.5,  -0.2,   5.8,-174.4,-145.1, 749.1,  -1.6,   2.5
225467,  -0.2,   1.8,   4.3, 142.7, 155.9, 940.5,  -1.4,   2.0
225495,  -4.4,  17.1,   5.2, 144.7,-457.6,1598.0,  -1.8,   2.4
225519,   4.2,  -8.8,   7.9, -16.7, 274.3, 724.0,  -1.5,   3.7
225543,   1.0,   9.5,   4.4,-171.8, 106.3, 918.5,  -1.1,   3.4
225571,  -0.5,  -2.2,   6.6, 306.0,  55.5,1003.5,  -1.4,   3.7
225595,   0.4,   5.3,   5.0,-384.9, -89.7,1183.4,  -2.1,   3.7
225619,   1.8,  -5.2,   7.1,  71.7, 154.7,1002.3,  -2.3,   3.5
225643,   0.4,  -5.9,   6.9, 123.4, -86.8,1202.0,  -2.6,   3.6
225671,   0.4,  -4.8,  11.8,  68.5,-168.3,1308.4,  -2.9,   3.9
225695,  -2.7,   3.1,  10.1,  -9.6, -79.7, 945.6,  -3.8,   4.0
225719,   3.6,   2.5,   9.6,  89.7,  25.0, 718.1,  -2.9,   4.1
225743,  -6.9,  10.9,   9.1,-473.0,-179.3,1110.9,  -2.1,   3.6
225771,   4.2,  -9.7,  10.3, 455.2,  36.7,1022.8,  -2.6,   3.8
225795,   3.2,   9.8,  -0.3,-417.6,-203.7,1110.2,  -4.2,   2.8
225819,   0.6,   2.6,  -1.2,-184.0, 137.6, 666.1,  -3.0,   3.4
225843,  -2.6,  -2.1,  -0.8, 257.2,-229.4,1205.4,  -2.9,   2.2
225871,  -4.1,   0.4,  -1.0, -73.9,-231.3,1078.2,  -3.2,   2.5
225895,  -3.2,  -7.8,  -0.1,  60.4,-247.9, 899.5,  -3.7,   2.7
225919,   2.8,   6.1,   1.0,-113.4,  12.1, 859.2,  -3.4,   2.7
225943,   1.1,  -1.8,   4.6,   0.4,  26.5, 912.7,  -3.0,   2.7
225971,   4.2,   9.8,   5.6,-183.7, -44.3, 938.1,  -3.1,   2.5
225999,  -4.2,  -5.2,   7.4, -23.6,-360.7,1345.3,  -3.4,   2.4
226019,  -2.1,  -7.1,   5.9, -43.8,  12.8,1138.3,  -3.1,   3.0
226043,  -0.3,   6.0,  -0.4, 218.9,-307.0, 855.6,  -4.6,   1.3
226071,   2.2,  -5.5,  -2.2, 254.8,  40.6,1099.5,  -3.4,   2.1
226095,   1.5,   1.7,  -2.6,-232.5,  -0.1, 877.5,  -3.7,   2.0
226119,  -2.3,  -3.0,  -4.1, -23.8,-126.1, 887.3,  -3.7,   1.9
226143,  -1.8,  -4.5,  -1.8, 158.8,-161.0,1295.3,  -3.9,   1.8
226171,  -0.3,   4.8,   0.7,-146.6,-256.5,1138.0,  -4.5,   1.7
226195,   1.1,   2.6,   1.0, -31.1,  -2.6,1411.0,  -4.1,   1.9
226219,   1.3,  -3.4,  -1.3, -51.1,  53.1,1005.5,  -4.3,   2.1
226243,  -1.8,  -1.6,  -4.6,-255.7, -12.6,1110.2,  -3.7,   2.5
226271,   4.2, -17.7,  -3.4, 634.6, 257.4,1179.8,  -4.3,   1.9
226295,  -1.1,   0.9, -10.3, 238.2,-218.6,1101.9,  -4.6,   0.3
226319,   2.1,  -0.8,  -8.6,-134.9, 197.6, 922.4,  -4.3,   1.3
226343,   1.7,  -1.3,  -8.0,  -7.0,  25.5, 943.7,  -3.9,   1.1
226371,   1.4,   0.6,  -7.0,-205.4, -68.0,1013.5,  -4.1,   1.1
226395,   3.4,  -4.0,  -4.5, -51.1,-110.7,1063.1,  -4.1,   1.1
226419,   4.2,  -0.2,  -2.6, 304.3,-221.8,1298.4,  -4.5,   0.6
226443,   1.4,   7.6,  -4.1,-633.9, -63.4, 576.3,  -3.8,   1.8
226471,  -2.3,  -0.5,  -3.4,  60.7,-306.0,1192.7,  -3.8,   1.2
226499,  -0.0,   3.9,  -1.6, 203.0, 108.3, 739.8,  -3.6,   0.9
226519,  -3.4,  16.2,   3.4,-1246.0,  99.0,1162.4,  -2.2,   2.0
226543,  -2.2,  -2.4,   5.8, 391.5,-132.7,1141.4,  -3.5,   1.3
226571,   3.4,  -4.1,   0.7,-326.5, 309.9,1006.9,  -4.3,   2.0
226595,   3.3,  -4.1,  -0.4, 580.7, -34.3, 925.6,  -4.3,   1.2
226619,  -1.9,  -4.6,  -5.7,   9.6, -44.8,1017.4,  -4.1,   1.2
226647,  -0.8,  -4.2,  -7.2,-153.9,  29.2, 939.8,  -4.7,   1.1
226671,   2.4,  -0.5,  -8.4, -69.9,-159.8,1073.1,  -4.8,   1.1
226695,  -2.8,  -5.5,  -5.7, 248.9, -29.4,1101.9,  -4.6,   1.2
226719,  -0.1,   2.0,  -2.9,-138.1,  39.7,1163.2,  -3.9,   1.5
226747,  -3.7,   2.8,   1.6,-127.8,  53.8, 950.8,  -3.5,   1.7
226769,  -2.7,   1.2,   0.8, -63.8, -49.2,1064.8,  -3.4,   1.5
226797,  -6.1,   2.5,   6.9,-1235.2,-358.8,1381.7,  -2.6,   1.9
226821,  -6.7,   0.5,  -2.8, 428.1,-542.4,1084.1,  -3.8,   0.1
226845,   4.7,  -3.2,  -9.3,-246.2, 381.5,1333.8,  -4.2,  -0.5
226869,  -1.8,  -5.8,  -4.5, 100.5,  17.9, 959.8,  -2.6,   0.2
226897,  -2.7,   1.7,  -6.1, -81.7,-103.9,1014.5,  -3.4,  -0.2
226921,  -2.5,  -2.0,  -5.9, 148.6,-169.3,1073.6,  -3.8,  -0.2
226945,  -4.1,  -3.0,  -3.5, 337.5,-163.0,1157.1,  -4.0,  -0.0
226969,  -1.0,   8.0,  -1.9,-327.3,  18.9, 781.6,  -3.9,   0.2
226997,   4.8,   8.3,   2.0,-274.5, -85.3,1049.2,  -3.7,   0.6
227021,   6.1,  -0.6,   0.6,-153.4,  17.2,1001.6,  -3.4,   1.1
227045,   3.7,  -3.2,   2.0,  -0.1,-166.4,1176.8,  -3.8,   1.2
227069,  -1.6,   4.0,   0.8,  21.6,  -0.6,1035.2,  -2.9,   0.9
227097,   1.7,  -7.7,   6.9, 610.7,  -3.3, 697.4,  -4.0,   1.1
227121,   7.7,  11.2,   0.4,-466.9, 156.4, 607.0,  -3.5,   1.3
227145,   0.6,  -1.6,   1.6, -65.6, 162.0, 898.0,  -2.1,   1.8
227169,  -2.8,  -4.9,  -4.7, 161.0,-213.5,1222.0,  -2.9,   0.9
227197,  -2.1,  -4.1,  -5.9,  38.9,  -1.1,1284.0,  -3.1,   1.2
227221,  -0.5,   2.1,  -6.4,  68.0,-120.0,1010.6,  -3.3,   0.5
227245,  -0.0,   4.5,  -5.6,-139.0, -82.6, 919.3,  -3.3,   0.6
227269,   3.1,   4.1,  -3.6,  28.4, 215.9,1119.7,  -2.5,   0.6
227297,   0.1,  -8.5,  -0.9, 205.2,-221.8,1222.3,  -2.1,   1.6
227321,   1.1,   4.8,  -3.2,-224.0,  97.8, 901.9,  -2.1,   1.5
227345,  -8.5,  -5.5,  -2.7, 369.3,-134.9,1501.6,  -1.0,   0.9
227369,   4.4,  10.1,   3.8, 115.8,-209.6, 819.7,  -2.9,   0.3
227397,   0.1,  -3.3,   1.6,-284.3, 132.0, 710.0,  -1.1,   1.7
227421,  -3.5,   0.4,   0.2, -37.0,-125.4,1078.2,  -0.3,   1.9
227445,  -3.3,  -1.1,  -1.1,  99.7, -34.3, 932.9,  -1.3,   1.4
227469,  -3.8,   5.2,  -1.4,-153.7,-131.7, 882.2,  -2.1,   1.4
227497,  -5.1,   1.0,  -1.7, -60.9,-120.7,1060.1,  -2.2,   1.5
227521,  -1.9,   5.0,   3.3,  46.8, -58.2,1183.2,  -2.3,   1.6
227545,  -4.5,   4.5,   4.5,-202.3,-149.8, 852.6,  -2.3,   2.0
227569,  -1.9,   5.4,   1.9,-378.1, 104.4, 980.1,  -2.0,   2.3
227597,  -7.2,  -4.9,   1.1, 302.1,  32.6,1044.8,  -1.6,   2.2
227621,  -5.5,  10.2,  -3.3,-1021.1,-181.8,1273.3,  -2.0,   2.3
227645,   0.3,  -1.0,  -1.4, 503.3,-193.5, 816.2,  -3.4,   0.9
227673,   4.8,   1.7,  -5.6,-245.5, 257.4,1005.2,  -2.7,   1.3
227697,   0.5,  -0.7,  -0.9,  81.9, -25.8, 901.7,  -1.6,   1.6
227721,  -1.3,   1.4,   0.8, -40.6,-166.6, 995.9,  -2.2,   1.7
227745,   1.1,  -5.1,   3.9,  70.2,-154.4, 894.6,  -2.4,   2.0
227773,   5.0,   8.8,   5.7,-318.7, -44.6, 910.2,  -2.9,   2.1
227797,   2.7,  -4.4,   7.7,  43.6, 240.4,1061.1,  -2.3,   2.4
227821,   4.2,   4.2,   9.0, -76.3, 119.7, 883.6,  -2.4,   2.4
227845,  -2.6,   1.3,   4.0, 278.4,  55.8, 818.9,  -1.3,   1.7
227873,  -5.4, -20.4,   8.2, 411.0,-682.3, 683.2,  -3.2,   3.0
227897,   7.3,  13.9,  -3.2, 256.2,-162.5,1085.8,  -3.6,   0.2
227921,   2.5,  -3.7,  -1.9, 173.5, -54.3,1027.9,  -2.6,   1.5
227945,   1.4,   6.2,  -3.4, 169.1,-241.3,1009.1,  -2.1,   0.5
227973,   2.9,   3.6,   0.9,-625.1,  16.0, 770.1,  -2.3,   2.2
228001,   2.3,   7.1,   1.1,-332.6, -65.8, 870.0,  -2.3,   2.8
228021,   5.9,   4.6,   1.8,-101.9, 218.1, 953.7,  -2.1,   2.8
228045,   2.7,  -1.1,  -2.5,-256.5, -24.8, 956.1,  -1.7,   2.7
228073,  -2.0, -14.2,  -2.5, 440.8,-114.1,1160.2,  -1.3,   2.2
228097,  -8.3,   4.5,  -3.6,-351.9,-406.4,1765.0,  -0.8,   2.0
228121,  -3.8,  -1.4,   0.7, 351.4,-300.9, 553.8,  -2.1,   1.5
228145,   4.7,   9.4,  -4.7,-415.2, 352.4, 793.8,  -2.1,   1.5
228173,  -3.3,  -5.7,  -3.3, 153.2,-149.3,1052.8,  -0.6,   2.2
228197,   1.0,   0.6,  -1.1,-296.5,  49.7, 901.9,  -1.5,   2.1
228221,   1.5,   1.1,  -1.2,-223.3,-112.7, 917.1,  -2.1,   2.0
228245,  -1.0,  -0.7,   0.7,   2.3,-299.2,1010.6,  -2.7,   1.8
228273,   0.4,  -0.8,  -1.1,  23.1,  10.4,1005.7,  -2.0,   1.9
228297,  -1.4,  -5.1,  -2.6, -72.6, -14.3,1109.7,  -1.8,   2.0
228321,  -5.3,   5.4,  -2.6, -58.5, -86.8, 741.8,  -1.8,   1.1
228345,  -1.4,  -4.3,   6.1,-616.3,-136.1, 783.3,  -2.4,   2.7
228371,  -0.4,   8.7,   0.2, 411.7,-332.6,1163.2,  -3.7,   0.1
228395,   0.7,  -5.1,  -1.4, 199.1,  23.3,1198.6,  -2.6,   1.1
228423,   3.9,   0.9,   2.5,   9.9, -75.8, 868.7,  -2.0,   1.2
228447,   2.8,  -1.2,   2.7, -96.8,-257.5, 852.1,  -2.6,   1.7
228471,  -0.4,  -1.5,   2.7, 153.7,-114.4,1027.2,  -3.0,   1.3
228499,   0.3,  -4.0,   3.3, -22.1, -17.7, 835.5,  -3.0,   1.1
228523,   6.1,   0.3,   3.9,  -9.2,-295.3, 960.3,  -2.8,   1.4
228547,   2.8,   6.3,   2.2, 156.1,-114.9,1031.3,  -2.4,   0.5
228571,   4.5,   7.3,   8.5,-762.1,-405.9, 484.9,  -4.1,   2.8
228595,   5.4,  12.5,   3.8, 126.6, -59.9, 916.1,  -5.5,   0.7
228623,   0.3,  -4.2,   3.9,-223.5,-133.2, 732.5,  -3.2,   2.1
228647,  -3.0,  -1.9,   0.5, -26.7,-236.5, 690.3,  -3.4,   2.1
228671,  -2.1,   2.0,  -4.2, -15.5,-117.3,1261.1,  -3.3,   1.9
228699,  -2.4,   7.0,  -4.2,-314.3,-384.6, 888.8,  -3.7,   1.5
228723,   1.0,  -4.6,  -1.0, 169.3,-144.4,1214.2,  -3.6,   1.2
228747,   4.7,   1.6,   0.3,-173.5, 170.5, 826.0,  -2.7,   1.4
228771,  -1.6,   5.8,   0.2,-396.9, 224.0, 704.9,  -1.7,   1.8
228799,  -2.9,  -3.7,   8.0,-337.0,-676.2,1498.9,  -2.2,   2.0
228823,  -1.9,   4.0,   5.0, 648.1,-310.2,1108.2,  -2.8,   0.8
228847,   3.0,  -3.6,   3.7,-160.3, 294.8,1149.7,  -2.4,   2.1
228871,  -5.0,  -3.0,   8.3,  -9.9,-151.7, 718.3,  -1.6,   3.0
228899,  -5.7,   8.0,   5.8,-322.6,-230.4,1141.2,  -2.8,   2.6
228923,   0.9,   1.5,   3.8,  23.6, -26.0,1228.4,  -3.3,   2.5
228947,   1.5,   5.9,   4.3,-358.5, -56.8, 903.9,  -3.5,   2.8
228971,  -2.1,  -1.0,   1.1, -14.5, -34.8,1004.7,  -3.5,   2.8
228999,  -0.5,   8.7,  -2.0,-543.3,-191.3, 814.3,  -3.7,   3.6
229023,  -1.9,  -4.4,   1.4, 381.7, 153.2,1078.5,  -3.6,   2.3
229047,  -4.7,  -9.2,   9.0, 190.1, -22.3,1100.2,  -4.3,   3.0
229071,  -0.7,  -6.6,   3.6, 515.3,-116.8,1281.3,  -4.2,   2.1
229099,   0.3,  -1.3,   2.0,-223.3,-248.2,1202.7,  -4.5,   2.2
229123,   0.3,  -6.1,  -0.3,  17.0, -37.7,1223.2,  -3.4,   2.6
229147,  -3.9,   5.3,  -2.9, 149.3, -85.1,1145.8,  -3.1,   1.9
229171,  -4.3,  -2.9,  -0.5,  36.7, -73.1, 854.3,  -3.6,   2.3
229199,   0.4,   8.0,  -1.5, -37.2,  49.9,1041.1,  -3.8,   1.6
229223,  -3.9,  -2.9,  -2.2,  14.5, -97.3, 824.3,  -3.1,   2.2
229247,  -1.3,  11.0,  -4.3,-191.3, 204.7,1116.8,  -2.8,   1.9
229271,  -3.8,  -6.0,  -1.2, 282.6,-472.5,1646.1,  -3.0,   2.1
229299,   4.1, -10.7,  -1.4, 314.6, 341.7, 931.0,  -3.6,   2.4
229323,  -1.4,  12.8,  -3.7, -61.9, -32.6, 985.7,  -3.6,   1.6
229347,  -0.1,  -1.6,  -3.4,-195.7, -51.4,1003.7,  -3.9,   2.4
229371,  -1.0,  -1.8,  -1.5, -19.4,-228.4,1061.9,  -3.4,   2.0
229399,   0.1,  10.6,  -1.5,-548.2,  26.7, 999.1,  -4.0,   2.5
229423,  -2.5,  -7.4,  -0.8, 236.0,-193.2,1008.4,  -4.4,   1.9
229447,  -1.7,  -0.1,   2.2,-152.5,-129.5,1309.4,  -4.5,   2.1
229471,  -1.1,   7.0,   3.9,-363.6,-349.0, 527.9,  -5.6,   2.6
229499,  -1.1,   1.9,   0.9,-112.2,-174.4, 936.6,  -5.8,   2.8
229523,  -4.4,   3.5,  -2.3, 226.9,-315.8,1180.3,  -6.9,   1.3
229547,   0.8,   2.9,   0.7,-351.4,-152.2,1123.6,  -7.5,   1.9
229571,   2.0,   5.4,   0.2,-398.8,  -1.6, 842.6,  -7.0,   2.4
229599,  -1.1,  10.3,  -6.3, 137.1,-158.8,1150.5,  -6.2,   1.3
229623,   4.2,  -1.4,  -4.0,-304.6, 186.6,1105.6,  -5.5,   2.8
229647,  -1.0,  -0.2,  -6.5,  75.6,-236.7, 727.6,  -5.6,   1.4
229675,  -2.5,   0.9,  -6.9,  39.2, -54.6, 994.2,  -5.3,   1.0
229699,  -0.3,   0.6,  -4.1,  49.0, -17.9,1037.7,  -5.2,   0.9
229723,   5.1,   2.3,  -0.7,-168.8, 280.4,1112.4,  -4.5,   1.6
229747,   1.6,  -7.7,  -1.1,  23.6,-150.3,1124.4,  -4.2,   1.8
229775,   0.8,  -7.7,  -3.1,  75.6, 204.2, 831.6,  -3.3,   2.0
229799,  -2.5,   8.7,  -6.1, 120.7, -70.4, 685.1,  -2.5,   0.4
229823,   0.3, -18.1,   6.3, 450.6,-227.4, 664.6,  -3.9,   1.0
229847,  -1.4,   5.0,  -2.4, 256.2,-107.3, 878.0,  -4.9,   0.0
229875,   1.0,   3.7,  -5.5,-379.3, -43.1,1014.2,  -4.7,   1.3
229899,  -0.0,   7.6,  -6.5,-299.2,-182.7, 741.8,  -4.1,   0.5
229923,  -1.3,  -2.4,  -6.9, -90.0,-278.9,1283.0,  -4.1,   0.8
229947,  -2.0,  -1.2,  -8.6, 357.3,-147.1,1187.1,  -4.6,   0.3
229973,   0.2,   5.2,  -9.2,-201.3,-156.9, 927.8,  -4.9,   0.5
230001,   0.6,  -5.3,  -8.4,  94.8, -30.6,1234.9,  -4.8,   0.3
230025,  -1.1,  -0.1,  -5.0,  34.5, -86.6, 952.2,  -4.7,   0.6
230049,  -0.5,   2.9,  -7.5, -66.0,   6.0,1052.6,  -3.9,   0.6
230073,   0.9,   2.2,  -3.7,-529.9,  68.0, 858.7,  -3.8,   0.9
230097,   2.6,   0.1,  -2.6, 668.8,-298.5, 820.2,  -5.7,  -0.6
230125,   7.8,   9.1,  -2.6, -83.1, 439.1, 736.7,  -4.9,   0.7
230149,   2.5,  -2.2,  -1.5, -76.5, 192.3, 864.6,  -3.3,   1.6
230173,  -0.7,  -3.0,  -0.0,-253.8,-357.3, 581.1,  -4.3,   2.1
230197,   7.2,  -1.7,  -0.8,  29.4,  94.6, 987.9,  -4.1,   1.7
230225,   3.2, -11.0,  -0.1,-172.7,  72.9, 897.8,  -3.6,   2.3
230249,   0.9,   1.7,  -3.6, 130.0,-229.9, 807.5,  -4.0,   1.6
230273,   2.6,   7.2,  -3.8,-275.3, 192.7,1144.1,  -3.8,   2.0
230297,   2.3,  -7.1,  -8.1, 141.5,-169.6,1103.4,  -3.5,   1.8
230325,   0.6,   1.9,  -7.3,  65.1,  86.5,1120.7,  -2.2,   1.9
230349,  -0.7,  -1.1,  -4.0,-110.7,-444.5, 809.2,  -2.9,   2.3
230373,   3.3,  -5.5,  -7.1, 268.7,  87.3,1324.8,  -3.7,   1.5
230397,   2.8,   5.0,  -4.3,-253.3, 155.4, 865.1,  -2.2,   2.5
230425,  -4.1,  -4.3,  -3.4, 311.6, -50.4,1227.4,  -2.6,   1.7
230449,   2.0,   4.2,  -3.1,-288.2,-125.6, 976.2,  -3.2,   2.5
230473,  -3.9,  -7.0,  -4.8, 221.1, -97.1,1146.1,  -3.0,   2.1
230501,   1.1,  -6.1,  -2.2, 168.3,   4.5,1061.4,  -2.9,   1.8
230525,   5.8,   4.3,  -2.7,  20.6, 248.4, 687.8,  -2.5,   1.6
230549,  -0.8,   2.2,  -4.7, 115.4,-107.1, 972.7,  -2.1,   1.1
230573,  -4.4,  -0.7,  -0.3,  33.6,  30.9, 904.1,  -2.0,   1.6
230597,  -5.0,  -2.9,  -1.7,  55.1, 240.8, 924.2,  -1.6,   1.5
230625,   2.3,   9.4,   7.8,-171.0,-455.2, 556.0,  -3.1,   2.0
230649,   8.4,  -0.7,   0.8,-254.5, 312.6, 938.3,  -3.2,   2.1
230673,   1.4,   1.7,  -0.8,-195.4, 299.4, 642.2,  -1.2,   2.5
230701,  -0.5,  -1.0,  -1.0,-193.0,-183.5, 780.4,  -2.1,   2.6
230725,  -3.6,   1.2,  -4.5, -20.6, -32.1, 960.8,  -2.3,   1.6
230749,  -4.0,   0.1,   0.5, -90.7,-124.2, 849.9,  -2.7,   2.2
230773,  -2.2,   6.7,  -1.4,-249.9, 208.9, 858.0,  -2.5,   1.8
230801,  -4.7,  -6.9,  -2.0, 319.5, -39.9,1035.7,  -1.9,   1.6
230825,  -2.9,  -2.1,  -1.1,-104.1,  12.1,1173.4,  -2.1,   1.9
230849,  -6.3,   1.2,   0.2, -52.4, -10.4, 977.1,  -2.1,   1.6
230873,  -1.9,   3.2,   4.6,-367.3,-114.9,1382.9,  -2.6,   2.1
230901,   6.1,  15.6,   1.7,-313.4, 100.5, 973.0,  -3.9,   1.0
230925,   1.9,  -3.6,   8.0, -95.6, 179.1, 945.2,  -1.5,   2.6
230949,   1.2,   7.6,  10.5,-270.6, 112.4,1072.1,  -0.9,   3.4
230973,  -0.8,  -0.6,   5.8,-316.5,-184.2,1161.5,  -2.0,   3.4
231001,   1.5,  -8.6,   6.0, 204.2,  61.4,1151.9,  -1.8,   2.9
231025,  -0.6,   4.5,   2.3,-296.5,-182.0, 671.7,  -2.5,   3.0
231049,   2.8,   5.3,  -1.1,-293.6, 133.2,1037.0,  -2.2,   2.7
231073,   2.3,  -5.4,  -1.8, 307.5, -71.9,1037.7,  -1.8,   2.3
231101,  -3.5,  -0.2,  -1.9, 236.2,  54.1, 939.8,  -1.9,   1.7
231125,  -4.0,   5.2,  -1.6,-407.3,  22.8, 717.1,  -1.7,   2.0
231149,   1.2,  -2.4,   3.3, 289.2, -76.8, 708.1,  -2.6,   2.1
231173,   6.2,   1.6,  -1.7, 318.5, 412.0,1163.4,  -3.6,   0.5
231201,   2.5,  -2.1,   2.7,  52.6,  42.6,1039.6,  -1.5,   1.6
231225,  -1.0,  -4.4,   5.5, 100.2,-314.8,1238.4,  -1.5,   2.1
231249,  -3.8,  10.2,   4.5,-471.3,-237.9, 834.1,  -1.7,   2.4
231273,  -1.1,  -0.0,   4.3,  47.0,  45.3,1152.9,  -1.8,   2.2
231301,  -2.1,   7.3,   2.3,-343.6,-268.7,1016.4,  -1.8,   2.3
231325,  -2.9,   1.3,   1.0, 101.0,  38.9,1001.8,  -1.8,   1.8
231349,  -6.4,  -0.1,   1.0, 164.4,-124.2, 798.2,  -1.8,   1.5
231373,  -8.0,  -2.1,   5.0,-680.3,-698.9,1537.9,  -2.8,   2.8
231401,   0.9,   2.3,   0.1, 110.2,-182.0, 594.8,  -2.9,   1.0
231425,  -2.5,  -5.2,  -0.4,-196.4, 172.2,1085.8,  -2.7,   1.7
231449,   1.5,  12.9,   3.2, 221.3,  91.4,1040.6,  -2.3,   1.2
231473,  -2.1,  -6.7,   4.3,-306.8,  33.3, 870.4,  -2.8,   2.4
231501,  -3.9,   4.9,  -2.5,  58.0,-214.5,1167.1,  -3.0,   2.5
231525,  -3.1,  -3.0,  -0.8, 262.8,-146.6,1037.0,  -3.0,   2.1
231549,   3.8,  -5.4,  -2.2, 163.2, 246.5,1148.8,  -2.5,   2.0
231575,  -0.4,  -4.9,  -2.0,  72.1,-200.1,1038.7,  -3.0,   2.1
231599,  -1.4,   3.1,  -5.0,-296.8, 288.4, 708.8,  -1.6,   2.4
231623,   0.5,  -9.7,   3.5, 435.9, -96.3,1067.0,  -2.3,   2.7
231651,  13.5,   2.3,   0.3, 247.7, 231.1,1450.0,  -3.6,   1.6
231675,   2.3,  -0.6,   2.2,-176.6,  39.7, 894.1,  -1.6,   3.3
231699,  -0.8,   4.7,   2.6,-290.6,-149.8,1077.2,  -1.9,   3.2
231727,  -2.8,   4.8,   2.2,-324.8,-340.5, 920.0,  -2.7,   3.2
231751,   3.3,   3.0,   1.9,-223.8, -16.2, 967.9,  -3.1,   3.2
231775,  -1.1,  -8.5,   0.5, 392.7,-117.3,1393.9,  -3.1,   3.0
231799,   3.7,  -0.7,  -3.4, -71.2, 221.3, 891.7,  -3.1,   3.4
231827,  -5.0,   2.6,  -4.8, 274.5, 347.3, 709.1,  -2.1,   2.0
231851,  -8.6,  -4.9,   6.0,-851.4,-577.5,1410.2,  -2.3,   3.1
231875,   1.7,  15.4,  -1.1, 366.3,-163.5, 796.2,  -4.1,   0.8
231899,  10.3,  -1.1,  -3.7,-554.8, 549.9,1147.3,  -3.0,   2.5
231927,   4.8,   7.8,  -5.1, 508.9, 119.5,1175.9,  -2.4,   1.2
231951,   3.6,  -3.5,  -1.8, -67.3, 122.7, 868.5,  -2.7,   2.3
231975,  -2.4,   1.0,  -0.8,  33.3,-399.5, 833.1,  -3.3,   1.4
232003,  -0.2,   8.0,  -1.1,-334.1,-145.1,1061.4,  -3.4,   1.8
232027,   1.9,   1.4,  -0.4,-169.1,-143.9, 824.1,  -3.4,   1.9
232051,   2.3,   6.1,   3.5,-802.4,  43.1,1231.8,  -2.5,   2.3
232075,  -2.3,   0.1,  -3.4, 703.0,-142.9, 966.9,  -2.6,   0.6
232099,   0.5,  15.2,  -5.5,-913.0, 329.5,1224.5,  -2.9,   0.9
232127,   0.4,  -9.3,   3.8, 501.8,  69.5,1136.3,  -2.0,   1.5
232151,  -4.5,   2.5,  -2.5,-330.0,-214.2, 945.9,  -3.1,   1.5
232175,  -2.8,  -2.4,  -4.7, 246.7, -55.8, 995.0,  -3.3,   1.0
232199,  -0.7,  -0.8,  -6.1,  99.0, -63.4,1066.0,  -3.3,   0.7
232227,   1.5,  -3.7,  -3.7, 121.7,  79.2,1264.0,  -3.1,   0.5
232251,   0.2,   0.4,  -4.0, 240.1,  28.7,1084.3,  -2.4,   0.0
232275,   3.4,  -5.7,   5.8,-317.3,-122.7,1251.1,  -2.5,   1.8
232299,  -1.5,   0.3,   1.6, 758.9,-864.1,1028.7,  -3.8,  -1.1
232327,   3.9,   8.0,   0.3,-508.2, 310.4,1093.1,  -2.4,   0.9
232351,  -3.5,   7.4,   2.5,-258.4,-129.0, 688.6,  -2.6,   0.8
232375,   3.0,   7.8,   3.7,-172.2,  53.6, 687.1,  -2.8,   1.3
232399,   1.9,  -6.0,   1.3,-101.9, 191.5,1069.4,  -3.0,   1.7
232427,  -4.5,  -3.4,   1.1, 138.3,-303.1,1236.2,  -4.3,   1.6
232451,  -7.5,   4.7,  -1.2, 259.9,-440.3, 826.3,  -5.2,   1.1
232475,  -4.2,   6.9,  -2.9,   4.3,  72.1, 960.0,  -6.0,   0.2
232503,  -2.5, -18.1,  -0.4, 370.7,-217.4,1091.6,  -6.3,  -0.7
232527,   7.0,   9.8,  -5.6, -61.2, -80.0,1302.3,  -7.3,  -2.9
232551,  -3.3, -10.4,  -3.8, 464.2, 172.7,1174.4,  -4.2,  -1.4
232575,   0.9,   1.6,  -2.0, -77.3,-293.3,1189.1,  -4.5,  -1.3
232599,  -4.3,  -3.1,   1.8, 222.5, -13.6,1002.3,  -4.2,  -1.0
232627,   0.5,  -3.0,   3.5, -68.5,-132.7, 805.3,  -4.5,  -0.4
232651,  -0.4,  -0.5,   4.6,-143.2,-139.8,1049.2,  -3.8,   0.1
232675,  -5.2,   3.7,   3.8, -53.6,  52.6, 958.1,  -2.9,   0.3
232703,   1.7,  19.5,   4.7,-871.2,-477.4,1304.0,  -4.1,   1.1
232727,   1.4, -15.8,  -1.3, 180.3,-131.7,1073.6,  -3.7,   0.8
232751,   0.4,   1.9,  -8.8,-138.8, -81.2, 979.6,  -3.9,  -0.8
232775,   2.5,   0.7,  -5.4,-282.8, 120.0, 786.5,  -3.3,   0.4
232803,  -0.2,   3.9,  -4.0,-282.8,-272.8, 746.7,  -3.9,  -0.1
232827,  -0.6, -15.2,  -3.9, 607.1, -80.4,1443.9,  -3.9,   0.2
232851,  -1.0,   8.5,  -1.8,   3.1,-189.1, 755.7,  -4.1,   0.2
232875,   0.6,  -1.3,   2.7,-210.6,-133.2, 970.8,  -4.1,   0.7
232903,  -0.2,   7.3,  10.2,-347.3,  66.3, 749.6,  -3.5,   1.3
232927,  -4.2,  -0.6,  11.1, 447.9,  11.8, 902.9,  -2.4,   0.9
232951,   2.6,  -1.0,  15.1, -63.6, -81.2, 837.5,  -3.1,   2.4
232975,   1.0,   8.4,   9.9, 255.7,-341.9,1007.9,  -3.7,   0.9
233003,   0.6,   3.6,   3.8,-211.3, 126.8,1231.8,  -3.5,   1.2
233027,  -0.5,   6.3,   0.9,  58.5,-198.1,1064.8,  -3.6,   1.4
233051,  -1.5,  -3.8,  -6.8,-114.4, -12.1, 964.0,  -3.8,   1.2
233075,  -1.5,   5.4,  -7.7,-232.5,  39.4,1002.5,  -3.5,   1.3
233103,  -2.9,  -1.2,  -5.1,-249.1,-180.8, 819.7,  -4.1,   1.2
233127,  -2.7,  -5.6,  -4.5, 250.9,  47.7,1109.7,  -3.5,   1.3
233151,  -6.9,   2.0,  -2.9, 174.0, -62.9, 871.4,  -2.3,   0.4
233177,   1.1,  -8.3,   1.9, 217.2, -83.4, 568.0,  -2.4,   0.3
233201,   6.1,   3.6,   4.8, 164.4, 136.8,1418.5,  -3.4,  -0.5
233225,   0.5,   1.4,   9.6,  78.0, -34.1,1141.2,  -1.4,   2.1
233253,  -2.3,  -4.6,   6.0,-216.4,-300.4, 981.0,  -2.1,   1.8
233277,  -3.5,  -0.4,   5.0, 241.8,-383.7,1070.9,  -2.9,   1.4
233301,   2.0,   1.1,   2.2, 243.8,  26.0,1024.7,  -3.1,   0.9
233325,   3.4,  -3.6,   3.1, -44.8, -68.7, 800.4,  -3.0,   1.7
233353,   1.0,   8.8,  -2.9,-390.0,  92.2, 517.4,  -2.3,   1.7
233377,  -5.0,   3.9,  -1.0,-599.5,-473.5,1234.0,  -1.9,   1.7
233401,  -2.5,  -8.8,  -3.6, 711.1, -92.4,1468.6,  -1.9,   0.8
233425,   4.4,  13.4,  -4.4,-595.1, 124.4,1113.1,  -3.0,   0.7
233453,   3.6,  -6.6,  -1.4, 233.3, 285.8,1087.5,  -1.6,   1.5
233477,  -1.1,   3.4,  -1.5,  87.8, -69.2, 994.0,  -1.9,   1.6
233505,   1.9,  -2.5,  -1.5, -57.3,  39.9, 926.1,  -1.7,   1.6
233525,  -2.0,   0.4,  -1.1,  41.1, -76.3, 775.2,  -1.4,   2.1
233553,  -2.8,  12.1,  -4.5,-500.6, -23.6,1219.3,  -1.7,   1.8
233577,  -3.0,   1.3,  -4.3,-415.9,-472.5, 967.6,  -2.0,   2.1
233601,   3.5,  -5.5,  -2.5,  24.8, 251.3,1013.8,  -1.9,   2.7
233625,  -2.5,   9.5,  -7.4,-163.2,-182.7, 712.5,  -1.9,   2.1
233653,  -4.9,  -8.4,  -6.1, 218.4,   3.8,1091.9,  -2.2,   2.3
233677,  -3.1,  -0.5,  -8.2, -22.6, 133.2, 780.1,  -2.3,   1.4
233701,  -2.5,  -7.9,  -4.1, -19.9, -75.6,1273.0,  -2.6,   1.8
233729,   0.9,  -5.7,  -4.8,   1.3, 189.8,1162.0,  -2.4,   1.3
233753,  -0.8,   4.5,  -3.4, -89.7,-197.6, 996.7,  -2.6,   1.1
233777,  -4.1,  -7.4,  -0.9, 197.6,-276.3,1001.8,  -2.4,   1.2
233801,  -1.4, -13.9,   2.0, 354.4,-298.5, 814.8,  -3.3,   1.6
233829,  -1.0,  15.3,  -4.1, -90.0,-358.8, 734.2,  -2.7,   0.4
233853,  -2.6,  -1.2,  -2.9,-350.2, -21.9, 900.7,  -2.3,   1.9
233877,   2.3,   7.8,  -0.1,-305.8,  74.8, 832.6,  -2.5,   1.2
233901,  -0.9,  -5.4,   4.3, 343.1, -90.2,1084.1,  -3.6,   1.3
233929,  -3.3,  11.6,   3.9,-334.1,-373.2, 955.4,  -4.7,   1.9
233953,   1.5,   0.9,   4.5,-210.1,  16.7, 972.3,  -4.7,   2.7
233977,   0.2,   1.8,   5.2, 133.2,  60.2, 847.5,  -4.6,   2.3
234005,   4.3,  11.9,   5.4,-854.1, 179.8,1354.1,  -4.3,   3.2
234029,   1.8, -11.0,   2.2, 767.5,-408.8,1253.0,  -4.8,   2.7
234053,   7.0,   3.7,  -5.3, -53.6, 146.8,1168.5,  -6.4,   2.0
234077,   0.8, -13.4,  -6.9, 365.4,  18.9,1040.1,  -4.0,   2.4
234101,  -2.5,   2.0,  -7.0,-146.1,-354.9, 981.8,  -3.8,   1.7
234129,  -1.0,  -3.5,  -4.0,  31.6, -71.9, 645.1,  -3.7,   1.9
234153,  -1.1,   6.4,  -3.0,-453.7,-103.6,1168.3,  -4.1,   2.0
234177,   6.2,   1.3,  -0.6,-213.7,  69.2, 770.6,  -3.9,   2.1
234201,  -0.7,  -5.0,  -0.4, -87.0, 238.2, 749.4,  -2.8,   2.4
234229,  -2.7,  24.3,  -0.3,-1065.8,-637.8,1693.0,  -2.6,   1.2
234253,   0.3, -16.9,   1.6, -82.6,-162.5, 565.8,  -2.3,   2.1
234277,   4.1,  28.4,  -6.1,-125.9,-107.5, 943.2,  -3.8,  -0.6
234301,   0.3,  -7.0,   1.5,-173.2, 159.8,1097.5,  -2.6,   1.9
234329,   0.4,   1.3,  -2.0, 296.5,-182.3,1537.9,  -3.5,   0.5
234353,  -1.0,   3.4,   0.3,  31.6,-351.0, 937.3,  -4.3,   0.9
234377,  -1.6,  13.9,   1.7,-660.8,-245.5,1099.0,  -5.5,   0.9
234401,  -0.8,  -3.8,   4.3,  12.6, -99.2,1161.0,  -5.6,   1.2
234429,  -0.2,   1.5,   2.2,-373.9,  42.6,1100.9,  -5.1,   1.4
234453,   0.6,   4.7,   3.9, 320.7, 352.9, 704.2,  -4.2,   0.5
234477, -11.9, -16.0,   5.9, 296.3,-1125.1,1830.4,  -4.8,   1.1
234506,   1.4, -14.9,  -4.7, 720.8,-150.0, 708.8,  -4.9,  -0.2
234526,   0.8,   4.7,  -6.6,-140.7,-149.8, 614.8,  -5.4,  -0.1
234554,   1.7,   9.2,  -7.0,-322.9,-105.1, 685.6,  -4.4,   0.4
234578,   0.8,  -1.0,  -5.3,  29.7, -80.4,1177.6,  -4.2,   0.4
234602,   4.1,  -1.7,  -5.8, -25.5,-123.4, 902.7,  -4.4,   0.9
234626,   5.6,   0.8,  -3.7, -12.1,-148.8,1000.1,  -4.5,   0.7
234654,   7.5,  -5.7,  -1.0,  90.0, 100.9,1011.8,  -4.0,   0.9
234678,   8.7,  -5.7,  -0.9,  93.4, 396.6, 954.7,  -3.5,   1.3
234702,   1.4,   1.1,  -3.2, -67.0,  47.5, 752.0,  -2.7,   0.9
234726,  -9.3,   5.5,  -3.4, -60.4,-443.5,1799.9,  -1.9,  -0.2
234754,   1.7,   6.6,   0.8,  41.6, 125.6,1067.5,  -3.4,  -0.6
234780,   7.0,  -3.2,   0.4, -43.6,  98.7,1081.4,  -2.8,   0.5
234804,  -1.3,   3.8,  -2.5, -90.7, -39.7, 687.6,  -2.0,   0.9
234828,  -1.6,  -1.6,  -3.0,  32.8, 100.7,1184.2,  -2.6,   0.7
234852,  -5.2,  -5.4,   1.4,  17.5,-346.1, 811.6,  -3.3,   0.7
234880,  -0.0,   6.7,   6.3,-428.1,-228.4, 724.7,  -4.5,   1.3
234904,  -1.3,  -0.5,   6.5,-109.5, -61.7, 947.8,  -4.0,   2.0
234928,  -3.1,   3.9,   6.5,   1.6,-323.9, 695.2,  -3.7,   2.1
234952,  -1.0,   7.9,   5.3,   4.0, -27.5, 644.9,  -3.6,   1.5
234980, -10.0,  -6.7,  12.2,-688.6,-950.3, 301.6,  -4.9,   3.1
235009,  -2.5,   5.8,   3.0,-300.4,  61.2, 735.2,  -4.9,   3.7
235029,  -7.3,  -8.8,  -7.8, 398.8,-164.4,1345.5,  -2.9,   3.2
235053,  -4.3,   5.0,  -8.7,-363.2, -86.1, 870.7,  -4.0,   3.0
235077,  -2.1,   1.2,  -6.7, 323.6,  36.5,1022.5,  -3.7,   1.3
235105,  -2.3,  -0.2,  -4.5,-237.9,-112.9, 952.7,  -3.8,   1.5
235129,  -2.1,   1.0,  -6.0, 242.1,  -0.4,1131.2,  -3.7,   1.0
235153,  -1.0,  -0.8,  -2.2,-168.1, -14.0,1051.4,  -3.5,   1.9
235177,  -0.3,  -3.8,   1.9, 273.8,   7.7,1001.6,  -3.0,   1.5
235205,   0.4,   5.7,   6.6,-425.7,-136.4, 925.1,  -2.9,   2.0
235229,   0.9,   5.8,   6.1, 177.9, 256.0, 999.8,  -2.5,   1.1
235253,  -6.0,   8.3,   4.1,-157.3,-219.1,1434.4,  -1.8,   1.5
235277,  -1.9,   0.0,   7.2,  54.1, -94.4, 780.8,  -2.6,   2.4
235305,  -0.3,   9.3,  -2.5, 245.7, -73.6,1049.9,  -3.2,   0.8
235329,   3.6,   4.8,  -1.0,-398.1,  25.5,1016.7,  -3.0,   2.2
235353,   0.0,   1.0,  -2.7, 112.7,   6.0, 944.9,  -2.6,   1.3
235377,  -1.4,  -3.6,  -5.0,-116.3,-178.8,1170.7,  -2.5,   1.7
235405,  -3.3,   9.3,  -5.0,-489.6, -15.3, 924.9,  -2.7,   2.0
235429,  -2.0,  -2.1,  -7.7,-156.1,-323.9, 964.0,  -3.1,   1.6
235453,  -2.1,   0.3,  -9.7,-238.9, -77.5,1124.4,  -3.2,   1.4
235477,  -5.7,  -6.2,  -8.5, 539.7,-117.8,1022.5,  -2.8,   0.6
235505,  -3.0,   8.0,  -3.9,  79.0,-196.9,1762.3,  -2.9,   0.7
235529,   1.1,  -7.9,   1.8,-102.9,-686.4, 599.2,  -4.3,   2.7
235553,  -4.3,  -5.8,  -5.0, 922.0,-128.1,1130.9,  -3.4,   1.3
235577,   8.4,   0.6,  -6.0, -25.8, 366.8,1303.6,  -3.1,   1.5
235605,   0.6,  -5.8,  -4.2, 180.8,  38.9,1075.8,  -2.5,   1.6
235629,  -3.4, -10.4,  -5.5, 527.0, -65.6, 870.9,  -2.9,   1.0
235653,  -3.1,   3.3, -10.4, 142.9, -72.9, 884.1,  -3.2,   1.0
235677,  -1.1,  -0.7,  -9.9, -45.8, -44.3,1001.6,  -3.3,   1.2
235705,   1.3,   5.9,  -8.6,-328.0, -33.6,1008.1,  -3.1,   1.1
235729,   3.9,   2.2,  -7.4,  47.7,  -9.9,1038.4,  -2.4,   1.1
235753,   0.2,   3.3,  -6.7,-445.7, 148.8, 948.6,  -2.3,   1.6
235781,  -3.5,   2.0,  -2.6,-245.0,-222.3,1111.7,  -2.4,   1.9
235805,   1.4,   5.0,  -4.2, 209.8,-284.1,1010.3,  -3.9,   0.4
235829,   5.9,   2.0,  -7.5,-207.9, 287.7,1032.6,  -2.5,   1.5
235853,  -0.8,   3.3,  -3.1,-265.5,  21.6, 811.9,  -1.7,   2.4
235881,   0.9,   6.3,  -5.0,-233.5, -27.2, 953.5,  -2.3,   2.0
235905,  -1.7,   7.0,  -6.9,-199.1,-271.6, 981.5,  -2.7,   1.5
235929,   2.0,  -3.5,  -5.5, 126.6,-112.2,1053.3,  -2.9,   1.5
235953,   3.6,   2.0,  -8.4,-330.0, 121.2, 922.4,  -2.3,   2.0
235981,   0.9,  -5.8,  -7.5, 302.9,-195.9,1188.8,  -2.4,   1.6
236009,  -0.9,  -3.7,  -5.8,  38.0,  40.4, 766.7,  -2.3,   1.4
236029,  -7.7,  -5.8,  -6.5, 196.7, 143.2,1051.6,  -1.0,   1.0
236053,  -1.3,  -7.6,   2.9, 580.7,-194.2, 599.0,  -2.3,   0.7
236081,   3.7,  -0.6,  -2.2, 325.8, 189.6,1165.4,  -2.4,   0.8
236105,   7.0,   0.4,  -4.4,-192.3, 298.7, 942.7,  -1.5,   1.7
236129,  -1.4,  -5.5,  -4.7, 163.5,-140.8,1165.6,  -1.4,   1.4
236153,  -0.8,  10.3,  -7.0,-544.1, -76.5, 765.7,  -2.0,   1.5
236181,  -0.1,   9.3,  -4.4,-489.1,-138.8, 584.3,  -2.6,   2.1
236205,   3.8,  -2.9,  -1.6, 376.1,  -8.2,1198.3,  -2.7,   1.7
236229,   1.1,   3.4,   5.5, -78.5, -69.5,1050.9,  -1.9,   2.2
236253,  -0.9,  11.7,  11.0,-315.3,  -2.1, 771.3,  -1.4,   3.1
236281,   3.1,   6.9,  22.1, -32.1,-512.6, 706.4,  -2.3,   3.6
236305,   6.6,   9.5,  13.7,-487.2, 342.4, 819.7,  -2.3,   4.1
236329,   2.0,  -0.8,  18.7,  41.1, -24.1,1147.1,  -1.1,   4.0
236353,  -2.7,  -2.9,  12.6,-323.6,-326.8, 860.4,  -2.0,   4.6
236379,  -3.7,  -4.5,   5.2, 276.0, -71.4,1154.4,  -2.6,   4.0
236403,  -2.2,   3.1,  -0.6, -61.6,-272.8, 954.9,  -2.9,   3.7
236431,   4.5,  -8.0,  -0.4, 410.5, -22.6, 962.2,  -3.0,   2.6
236455,   2.3,   1.1,  -1.5, 158.6,-198.9,1141.2,  -3.3,   2.2
236479,   3.3,  -3.5,   1.0, -79.0,  84.6, 823.8,  -2.8,   2.6
236507,  -5.1,  -1.5,   4.6,  81.4,  27.0, 867.8,  -2.9,   2.4
236531,  -3.9,  -9.4,  13.1,-127.3,-424.0,1685.6,  -2.7,   3.5
236555,  -2.5,   4.2,   8.4, 279.4,-699.6, 844.8,  -4.5,   1.4
236579,   3.9,   4.8,   7.2,-309.4, 150.8,1114.1,  -3.8,   2.1
236603,   1.8,  -0.0,   7.5, 198.4,  14.5, 698.3,  -2.2,   2.0
236631,  -2.1,   4.5,   5.2,-299.2,-309.7,1231.3,  -2.4,   2.2
236655,  -3.2,  -1.4,   2.5, 232.3,-454.7,1331.6,  -3.0,   1.9
236679,   2.1,   1.1,   4.3, -61.4,  47.5, 839.0,  -3.0,   2.2
236703,   0.3,  -3.4,   3.8, 210.6, -27.7,1308.9,  -2.7,   2.0
236731,  -3.7,   3.1,  -0.6,  70.4, 100.7, 829.2,  -1.6,   1.8
236755,   0.7,   2.4,   3.9,-306.8,-818.7,1520.4,  -2.3,   2.5
236779,  -1.7,  -6.4,  -2.3, 333.9, -99.7, 930.3,  -2.5,   1.4
236807,   1.2,   7.9,  -5.5,-572.1, 165.2,1172.0,  -2.5,   1.0
236831,  -4.1, -18.5,  -0.1, 750.9,  67.7,1282.3,  -1.4,   1.2
236855,   0.6,   4.2,  -4.0,-271.6,-109.5, 963.7,  -2.0,   1.1
236879,  -2.2,  -3.6,  -4.8, -32.3, 125.8, 925.6,  -2.3,   1.4
236907,   0.7,  -0.5,  -6.1,  61.9,  12.6, 926.4,  -2.6,   0.4
236931,   1.1,  -2.3,  -3.7,-232.8, -70.9,1096.8,  -2.3,   0.8
236955,  -0.5,   3.6,  -6.4, 206.4, -11.8, 882.7,  -1.9,   0.2
236979,  -5.8,  -5.6,  -9.6, 247.9,  16.7, 832.6,  -1.0,   0.1
237007,  -1.9, -18.5,  -4.2,1006.0,-132.0, 989.6,  -1.1,  -1.3
237031,   4.5,  12.5, -10.8,-382.0, 222.0, 965.4,  -1.6,  -2.3
237055,  -0.3,  -1.4,  -4.1,  12.6, 236.7, 884.9,  -0.1,  -1.0
237079,  -6.6,  -3.6,  -3.7,  98.0,-354.1, 947.8,  -0.8,  -1.1
237107,  -3.8,   1.5,  -4.5,-370.2,-132.0, 849.2,  -1.5,  -0.4
237131,  -1.3,   1.2,  -0.1, -18.2, -44.1, 882.7,  -1.6,  -0.4
237155,  -2.4,   4.0,  -4.4, -26.2, -58.0, 959.1,  -1.5,  -0.2
237179,  -2.8,  -4.4,  -4.1, 108.3, -70.9,1121.9,  -1.8,  -0.2
237207,  -3.9,  -0.2,  -6.2, 184.2,  12.6, 805.8,  -1.4,  -1.0
237231,  -5.7,   1.6,  -3.1,-420.5,-810.2,2130.5,  -1.0,   0.0
237255,   2.2,   4.0,  -5.7, -79.5,-368.5,1113.6,  -2.3,  -1.6
237279,   3.6,   1.1,  -6.3,-270.6,  33.6, 825.0,  -1.6,  -0.3
237307,   0.3,   3.0,  -3.1,   0.9,  64.6, 744.7,  -0.9,  -0.4
237331,  -1.6,  -1.0,   3.0,-186.9, -68.2, 789.4,  -1.3,   0.4
237355,   3.5,  -7.6,   5.0, 601.0, -16.0,1204.7,  -2.3,   0.2
237379,   3.9,  -7.7,   0.9, 194.7, 160.5,1278.4,  -2.0,   1.1
237407,   3.5,   6.1,  -1.7,-373.4, 146.6,1137.3,  -1.1,   1.2
237431,  -0.8,   4.7,  -2.5,-178.1,-287.2,1153.2,  -1.4,   0.6
237455,  -0.1,  -1.5,  -3.5, 167.8,-302.9, 432.9,  -3.0,  -0.1
237479,   8.9,   9.8,  -8.7,-802.6, 458.9, 581.4,  -2.5,   0.5
237507,  -4.7,   2.3,  -3.3,-318.0, -98.3, 620.2,  -2.8,   1.1
237531,  -4.1,  -2.6,  -3.4,-101.9,-278.7,1117.5,  -3.5,   0.9
237555,  -0.3,  -1.3,  -1.3, 161.3, -33.1,1009.9,  -3.7,   0.5
237579,   3.9,  -2.9,   0.3,-167.4, 108.5,1100.2,  -4.1,   0.8
237607,   0.9,   2.2,   4.2,-155.2, -60.4,1264.2,  -3.6,   1.0
237631,  -1.0,   2.8,   3.6,-195.2, -71.2, 842.1,  -2.8,   1.2
237655,  -4.7,  -4.5,   1.5,  91.9, 147.8, 726.2,  -2.4,   0.5
237679,  -2.1,  -4.8,   7.3, 359.5,-108.3, 740.6,  -3.3,   1.0
237707,  -0.3,  -3.0,   4.0, 223.3,-162.2,1288.9,  -5.2,   0.5
237731,  -0.3,   0.5,   3.8, -42.6, 147.1, 881.9,  -4.0,   1.4
237755,  -1.5,  -1.1,   3.6,  35.0, -52.6,1189.5,  -3.5,   1.6
237779,   0.9,   9.7,   3.2,-351.7, -64.1, 770.1,  -3.6,   1.9
237807,  -2.3,  -5.7,   3.6, 295.8,-199.3,1226.2,  -4.1,   1.5
237831,  -3.9,  -6.5,  -1.8, 274.5, -51.2, 957.1,  -3.5,   1.4
237855,  -0.5,   2.8,  -0.9,-575.1, 132.9, 790.9,  -4.2,   2.6
237883,  -3.1,  -4.9,  -2.9, 483.3, -26.5,1013.8,  -3.7,   1.5
237907,   0.1,   9.8,  -2.2,-679.3,   6.5,1071.6,  -3.4,   2.1
237931,  -2.8,  -2.1,   0.7, 386.1,-178.6, 874.1,  -3.7,   1.0
237955,   4.8,   1.7,  -1.1,-186.4, 429.3,1021.1,  -3.3,   1.5
237981,   4.6, -27.2,   6.9, 586.8,-312.6, 639.5,  -4.6,   2.3
238009,  12.7,  19.0,  -3.3,-566.3,   6.7, 729.8,  -4.2,   3.5
238033,   5.1,  -1.9,   2.1, -68.5,  13.1, 916.6,  -1.7,   4.5
238057,   6.5,   3.0,  -1.5,-142.2,-235.0, 984.9,  -2.5,   3.0
238081,   0.4,  -6.6,  -2.1, 275.3, 228.1, 597.5,  -1.4,   2.9
238105,   6.6, -13.5,   2.5, 793.3,  15.3,1154.9,  -2.5,   2.7
238133,   4.0,  10.0,  -7.5,-386.1, -25.3,1050.4,  -2.7,   1.3
238157,   3.3,   2.1,  -1.0,-206.2,  44.6,1033.3,  -1.5,   2.4
238181,   3.7,   2.8,  -1.5,-184.7,-303.6,1182.7,  -1.9,   1.7
238205,   2.0,   0.4,  -1.7, -65.6,-134.9,1231.3,  -2.1,   1.4
238233,   1.1,  -3.2,  -0.7, 225.7, -98.8,1192.0,  -2.1,   1.8
238257,   5.6,  -2.9,   1.3, 330.2,-123.4, 985.9,  -2.2,   1.5
238281,   7.8,   2.3,  -0.5,-125.9,  17.2, 935.6,  -2.3,   1.6
238305,   9.4,   4.2,   1.8, -63.1,  69.9, 812.6,  -2.0,   1.7
238333,  -0.6,  -2.5,  -2.9, 224.7,  23.8,1640.7,  -0.0,   1.5
238357,   0.6,  -3.3,  -1.1, 692.5,-103.6, 844.8,  -0.6,   1.2
238381,   4.1,  13.0,  -6.2,-514.8,  12.3, 998.6,  -1.3,   0.7
238405,   0.1,  -4.8,  -3.7, 160.3, 246.0,1018.6,  -0.5,   1.0
238433,  -3.1,  -1.1,  -0.9,   9.2,   9.6, 860.4,  -0.6,   1.2
238457,  -4.1,  -3.3,  -4.4, 230.1, -51.9,1077.7,  -1.3,   0.3
238481,  -2.6,   6.5,  -1.2,-282.3, -61.7,1002.3,  -1.8,   0.9
238509,  -2.7,  -6.6,  -1.2,  59.2,-176.6,1022.1,  -2.1,   0.6
238533,  -2.5,   6.8,  -2.9, 156.6,-168.6,1019.1,  -2.0,   0.5
238557,  -3.8,   6.2,  -4.5,-294.3,  19.4, 998.9,  -2.0,   0.6
238581,  -6.6,   7.0,  -3.7,-308.7, -93.6, 695.6,  -1.9,   0.7
238605,  -3.3,   8.6,  -1.7,-580.4,-215.9,1521.8,  -2.2,   1.1
238633,   0.0,   8.8,   2.4, -87.3, -72.4,1216.2,  -3.2,  -0.1
238657,   2.2,  -8.7,  11.1, 337.5,  21.8,1459.8,  -2.8,   1.8
238681,  -3.8,   0.5,   7.2,  24.5,-284.8, 765.7,  -2.8,   2.1
238705,  -3.5,   9.5,   3.1,-392.9,-312.6,1313.6,  -4.1,   2.2
238733,  -2.4,  -0.0,   1.4, 241.6,-150.8,1213.2,  -5.5,   1.3
238757,   2.8,  -0.2,  -1.9,  18.2,  29.4,1018.4,  -5.5,   1.1
238781,   0.3,   1.3,  -2.7, -50.9, -83.6, 936.4,  -5.9,   1.5
238805,   1.7,  -4.6,  -7.7,  40.4,  -9.2,1148.0,  -5.7,   1.6
238833,   3.5,  -7.1,  -9.2,  32.6,  -7.0, 885.3,  -5.4,   1.5
238857,   1.2,  -0.9,  -8.5, -23.6,-115.4, 839.4,  -5.2,   0.8
238881,  -2.8,   6.7,  -4.7,-208.9, -94.4, 809.7,  -4.4,   0.8
238909,  -3.1,   1.0,   4.1,-259.2,-434.7,1357.8,  -4.7,   1.5
238933,  -1.1,  -0.8,   6.5, 159.8,-318.7, 893.6,  -6.0,   1.2
238957,   5.9,   4.0,   4.3,-259.9,  80.9,1094.6,  -6.3,   1.4
238981,   2.6,   0.1,   7.7,  42.6, -27.7,1014.7,  -4.7,   1.7
239009,   0.4,  -4.0,   6.6,  20.9,-256.5,1172.7,  -4.9,   1.5
239033,  -1.3,   7.8,  -1.2,-528.2,-411.7, 969.3,  -5.8,   1.7
239057,  -2.7,  -2.9,  -6.7,  61.4,-247.0, 958.8,  -6.3,   1.5
239081,  -2.1, -14.4, -10.8, 805.3,-372.9,1555.0,  -7.4,   0.4
239109,   0.6,  -3.7, -15.3, 201.3,-215.2, 984.9,  -6.9,   0.7
239133,  -0.2,  -1.1, -13.3, 116.8,  27.2,1170.5,  -5.9,   0.6
239157,   3.4,   5.3, -10.2,-231.8, 152.7,1127.0,  -5.2,   1.3
239181,   5.1,  -2.6,  -6.3, -36.5,-111.7,1006.7,  -5.1,   1.2
239209,   3.6,  -1.1,  -2.8, -82.9,-236.5,1007.7,  -4.5,   1.3
239233,   0.3,   0.7,   0.4, -86.8, -61.7, 921.2,  -3.9,   1.1
239257,   2.1,  -2.1,   1.9, 134.6,  -2.8,1087.2,  -3.5,   1.1
239281,   3.3,  -0.5,  -1.0, -59.2,-151.3, 946.9,  -3.7,   1.1
239309,   0.7,  -1.8,  -4.8,  53.1,  -6.5,1036.0,  -3.4,   1.0
239333,  -2.1,   0.7,  -6.5, -96.3, -67.3, 953.2,  -3.0,   1.0
239357,  -3.5,   0.7,  -7.2,  86.8,-243.3,1043.1,  -3.3,   0.8
239381,   1.2,   2.5,  -6.9,-229.4, -94.1, 956.1,  -4.0,   1.0
239409,   0.3,   1.1,  -5.2, -35.0, -16.2, 953.7,  -3.9,   1.0
239433,  -0.2,   1.5,  -6.4,-187.1,-122.9,1068.7,  -3.6,   1.3
239457,   0.5,  -0.4,  -6.9, -86.5,-101.9, 974.2,  -3.7,   1.4
239481,  -2.2,   0.7,  -5.8,  24.0, -89.0,1053.8,  -4.1,   1.2
239509,  -1.2,  -0.2,  -6.7,  61.4,-132.0,1028.7,  -4.2,   1.1
239533,  -1.4,   0.3,  -7.9, -47.7,-113.9, 948.3,  -4.4,   1.1
239557,  -0.5,   1.0,  -5.0, -53.8,-116.8,1038.2,  -4.5,   1.1
239583,   1.5,  -2.5,  -3.7, 129.5,  17.2,1045.3,  -4.5,   1.2
239607,   0.3,   0.4,  -3.9, -38.2,-154.4, 983.7,  -5.0,   1.0
239631,   0.4,  -0.4,  -5.8, -60.9,-160.5,1015.5,  -5.3,   1.1
239659,   0.3,   3.6,  -4.1,-135.6,-114.4, 958.1,  -5.4,   1.1
239683,   0.9,  -0.5,  -3.4, -54.3,-110.5, 985.4,  -5.6,   1.2
239707,   1.6,  -0.4,  -3.4, -27.0,-110.2, 987.4,  -5.6,   1.3
239731,   0.8,  -0.8,  -3.7,  14.5, -76.3,1034.0,  -5.7,   1.3
239759,   0.8,  -0.2,  -3.6, -15.3, -72.4,1006.7,  -5.7,   1.2
239783,   0.4,  -0.2,  -4.9, -44.3, -46.3,1011.8,  -5.6,   1.2
239807,   0.4,  -0.2,  -3.7,  27.5, -10.9, 998.9,  -5.2,   1.2
239831,   1.6,   0.5,  -6.5, -35.5,   3.8,1068.9,  -4.9,   1.0
239859,   0.8,  -2.7,  -4.0,-141.7, -15.3, 937.6,  -4.6,   1.2
239883,   0.2,  -1.9,  -3.0,  70.9, -45.8, 976.4,  -4.5,   0.9
239907,   1.8,   2.8,  -0.6,-100.2,  49.4, 986.9,  -4.3,   1.1
239935,  -0.6,   2.8,  -0.4,-104.9,  -2.1, 990.8,  -4.3,   1.4
239959,   0.9,  -0.3,  -0.4,  29.7, -40.9, 996.7,  -4.0,   1.3
239983,   0.6,   1.3,  -0.6,  14.5, -94.1, 987.9,  -4.0,   1.0
240011,  -0.3,  -0.0,  -1.2, -20.1, -80.0, 997.9,  -4.0,   1.0
240035,  -0.6,   1.6,  -1.4, -27.5, -25.3,1005.7,  -3.9,   1.0
240059,   0.5,   0.3,  -1.2, -28.4, -28.4,1011.1,  -3.7,   1.2
240083,   0.4,   0.4,  -1.2, -28.2, -27.7, 992.3,  -3.4,   1.2
240107,   0.1,  -0.2,   0.8,  -5.0, -17.5,1010.1,  -3.2,   1.2
240135,   0.3,  -0.6,  -1.0, -13.5, -33.1,1007.9,  -3.0,   1.2
240159,   0.3,   0.1,   0.8, -12.8, -31.1,1009.9,  -2.9,   1.2
240183,   0.9,   0.4,   1.1,  -4.3, -38.9,1008.6,  -2.8,   1.1
240207,   0.3,   0.7,  -0.1, -12.6, -38.2,1005.9,  -2.7,   1.1
240235,   0.2,   0.0,   0.1, -18.7, -39.9,1006.9,  -2.6,   1.1
240259,   0.3,   0.1,  -0.6,  -8.4, -42.9,1006.7,  -2.6,   1.0
240283,   0.9,  -0.7,  -0.8,  -9.6, -37.0,1004.0,  -2.5,   0.9
240307,   0.5,   0.1,  -1.9, -14.3, -30.9,1000.8,  -2.4,   0.9
240335,  -1.1,   0.5,  -1.5, -14.8, -28.2,1000.6,  -2.3,   0.8
240359,  -0.4,  -0.4,  -1.1,   5.5, -33.8, 916.1,  -2.2,   0.8
240383,  -0.2,   1.1,  -1.5,  -9.2,  37.2,1006.7,  -2.1,   0.8
240407,  -0.4,  -0.5,  -1.8,  42.8, -50.7,1033.8,  -2.0,   0.7
240435,  -1.7,   1.8,  -2.0, -13.1, -12.3, 990.1,  -1.8,   0.8
240459,  -1.0,  -0.6,  -0.9,  10.9, -27.0,1007.4,  -1.8,   0.7
240483,  -1.2,   0.1,  -1.4, -21.1, -30.2, 996.2,  -1.6,   0.8
240511,  -0.8,   0.6,  -1.1, -17.7, -28.9, 999.8,  -1.6,   0.8
240535,  -0.6,  -0.0,  -0.3, -14.8,  -3.3,1008.4,  -1.4,   0.8
240559,  -0.0,   0.9,  -0.3, -32.8, -19.4,1005.5,  -1.3,   0.8
240583,   0.0,  -0.4,  -1.3, -19.4, -19.4,1003.7,  -1.2,   0.8
240607,  -0.2,   0.0,  -0.6,  -1.1, -12.8,1002.5,  -1.1,   0.8
240635,  -0.6,   0.4,  -1.2, -17.7, -16.0,1001.6,  -1.0,   0.8
240659,  -0.2,  -1.8,  -0.4,  41.1, -63.1, 964.0,  -0.9,   0.8
240683,  -0.7,   1.5,  -0.7,  45.3,  -3.1, 987.4,  -0.8,   0.7
240707,   0.4,   1.5,  -0.8, -55.3, -21.4, 984.0,  -0.8,   0.7
240735,  -0.3,  -1.3,  -0.9,  36.0, -13.6,1017.2,  -0.8,   0.7
240759,  -0.0,   1.4,  -1.1, -33.1, -23.3,1004.7,  -0.8,   0.7
240783,   0.2,   0.8,  -1.2, -27.2, -42.9,1000.8,  -0.9,   0.8
240807,  -1.3,   0.4,  -1.3, -16.0, -10.1,1000.8,  -0.9,   0.7
240835,  -1.2,   0.4,  -1.3, -17.5, -16.5, 971.8,  -0.8,   0.8
240859,   0.1,  -0.7,  -0.1,  39.4, -10.9,1037.2,  -0.8,   0.7
240883,  -0.8,   2.3,   0.0, -69.2, -30.6, 979.6,  -0.7,   0.7
240911,  -0.1,  -0.2,  -0.3, -27.2, -20.4,1005.0,  -0.7,   0.7
240935,  -1.3,  -0.0,   0.2,  13.1, -20.6,1006.7,  -0.8,   0.7
240959,  -0.6,   0.7,  -1.1, -35.5, -21.6, 995.0,  -0.8,   0.8
240983,  -0.9,  -0.2,  -0.9, -14.5,  -7.5,1011.6,  -0.7,   0.8
241011,   0.1,   0.6,  -0.5, -29.7, -26.3,1014.0,  -0.7,   0.8
241035,   0.4,   0.0,  -0.1, -11.8, -31.4,1003.3,  -0.7,   0.8
241059,  -0.8,   0.0,   0.3, -43.8,   1.6, 993.3,  -0.6,   0.8
241083,  -0.1,  -0.7,   1.1,   7.0, -19.7,1006.4,  -0.6,   0.8
241111,   0.4,  -0.2,   0.0, -47.5, -19.4, 996.2,  -0.6,   0.9
241135,  -0.2,  -0.2,  -0.4,  27.2, -21.4,1019.4,  -0.6,   0.9
241159,   0.1,   0.9,  -1.1, -80.2,  -6.0, 981.3,  -0.5,   0.9
241185,  -1.0,   0.6,  -0.9,  59.0,  -4.5,1039.1,  -0.5,   0.8
241209,   0.1,   0.2,  -1.2,  11.1,   6.0, 999.4,  -0.4,   0.7
241233,   0.7,   1.8,  -1.5,  22.3,  40.4,1022.8,  -0.3,   0.5
241261,   0.7,  -0.7,  -1.7,  37.2,  38.4,1008.6,  -0.2,   0.5
241285,  -1.1,   1.8,  -5.1, -27.5,-227.4,1022.1,  -0.7,   0.4
241309,  -1.9,   0.5,  -4.7, -51.4,-145.6, 996.4,  -1.5,   0.7
241333,   0.3,  -0.4,  -0.6,  27.0, -17.0,1022.1,  -1.9,   0.6
241361,   0.8,   0.7,   2.2, -90.2,   2.3, 997.2,  -1.6,   1.2
241385,  -0.8,  -1.3,   0.2,  -4.8,-104.6,1026.9,  -1.7,   1.4
241409,   0.8,   1.9,  -0.4,  28.4, -93.1, 999.1,  -2.1,   1.1
241433,   1.3,   2.0,  -0.9,  18.4,  -1.6, 997.6,  -2.1,   0.8
241461,   0.2,   1.4,  -1.0, -54.8,  31.6, 998.1,  -1.7,   0.8
241485,  -1.0,   2.0,  -0.3, -49.2,  24.3, 995.2,  -1.4,   1.1
241513,   0.4,  -0.8,  -0.4, -27.7,  50.2, 992.5,  -1.3,   1.0
241533,  -0.9,   0.0,   3.0, -21.4,  85.1,1015.2,  -0.8,   1.2
241561,   0.5,   8.2,  -4.1, 112.2, 103.6, 966.4,  -1.8,   0.5
241585,  -0.8,   5.8,  -1.4,-291.1,  52.9, 898.5,  -1.3,   1.4
241609,  -0.2,  -3.4,  -0.4,-136.6, -38.0, 939.5,  -1.0,   1.5
241633,  -1.7,   0.2,   1.6,   2.6, -12.6, 999.6,  -0.8,   1.3
241661,   1.1,   0.6,  -1.0,-313.6,-130.3, 865.1,  -1.1,   1.4
241685,   0.6,   2.6,   3.9, 134.6,  58.7, 935.1,  -1.2,   1.0
241709,  -1.7,   0.3,  -0.1,   0.4,  -0.1,1006.2,  -1.0,   0.9
241733,   0.0,  -2.7,  -3.9, -14.3, -98.8,1012.3,  -1.0,   1.1
241761,  -1.6,  -0.5,  -2.6, -27.2, -43.8,1006.7,  -1.4,   0.7
241785,   0.3,   1.9,  -0.7,-143.7,  33.8,1012.5,  -1.3,   0.9
241809,  -1.2,  -1.4,  -1.2, -98.3, -10.1, 996.9,  -0.9,   1.3
241833,  -2.4,  -1.3,  -0.1,   0.6, -57.3,1000.8,  -1.0,   1.4
241861,  -0.6,   0.9,   0.8,  -2.8, -36.3,1002.0,  -1.2,   1.1
241885,   0.0,  -0.8,   0.7,  28.9, -28.7,1004.0,  -1.3,   0.8
241909,   0.4,  -0.8,  -1.7,  25.3, -45.0,1006.4,  -1.4,   0.7
241937,   0.7,   0.1,  -1.2, -11.1,  -8.7,1007.9,  -1.4,   0.6
241961,  -0.2,   0.2,  -1.5, -11.6,   3.5,1002.0,  -1.2,   0.7
241985,  -0.6,   1.1,  -0.1, -27.7,  -5.0, 994.0,  -1.1,   0.7
242013,  -1.3,   0.3,  -0.0, -34.1,  16.5,1035.2,  -1.1,   0.7
242037,  -0.1,   1.1,  -0.1,  -6.0, -25.3, 998.4,  -1.1,   0.8
242061,  -1.4,  -0.8,  -1.0,  31.4, -22.6,1015.2,  -1.2,   0.8
242085,  -1.2,   0.7,  -1.1, -30.9,  -9.4, 993.5,  -1.1,   0.8
242109,  -0.6,  -0.8,  -0.1,  25.3, -23.1,1047.9,  -1.1,   0.8
242137,   1.2,  -1.0,   0.0, -26.5, -46.3,1005.2,  -1.2,   0.8
242161,  -0.8,  -0.1,  -0.8,  27.0,   6.2, 943.4,  -1.2,   0.8
242185,   0.3,   1.1,  -0.3, -31.1,   2.8,1012.5,  -1.3,   0.8
242209,   0.0,   1.2,  -0.4, -27.5, -27.2,1001.6,  -1.4,   0.8
242237,   0.9,  -0.3,   0.7, -15.7, -23.3, 992.8,  -1.3,   0.8
242261,   0.4,   0.6,  -0.6, -56.5, -10.1, 991.8,  -1.3,   0.8
242285,   0.1,  -0.8,  -0.8,  -9.2, -31.1, 993.0,  -1.2,   0.8
242309,   0.3,   1.4,   0.0,  -7.2,  -9.9,1006.4,  -1.1,   0.8
242337,  -0.6,  -0.1,   0.2,  -1.3, -15.8,1000.6,  -1.1,   0.8
242361,  -0.5,  -0.6,  -0.1,   3.1, -22.3,1008.1,  -1.0,   0.7
242385,  -0.9,   0.9,   0.0, -14.5, -29.2,1011.3,  -1.1,   0.7
242409,  -0.3,  -0.8,  -0.2,  -6.2, -27.5,1001.3,  -1.1,   0.7
242437,  -0.7,   0.8,  -1.9, -24.3, -12.6, 991.5,  -1.1,   0.8
242461,  -1.1,   0.7,  -0.9, -28.0, -24.3,1001.6,  -1.1,   0.8
242485,  -1.0,   0.3,  -0.1, -12.3, -32.1,1004.2,  -1.2,   0.9
242513,   0.3,   1.4,  -1.4, -43.6, -24.1, 990.1,  -1.2,   0.9
242537,  -0.9,  -0.7,  -0.6,  -8.4, -29.4,1004.7,  -1.2,   0.9
242561,   0.5,  -0.2,  -0.5, -29.9, -21.4,1004.0,  -1.2,   1.0
242585,   0.3,  -0.6,  -0.4, -20.4, -17.9, 996.9,  -1.2,   0.9
242609,   0.9,   0.3,  -0.4, -12.1,  -9.9,1004.7,  -1.2,   0.9
242637,  -0.7,   1.1,  -1.1, -10.6, -13.6,1003.0,  -1.1,   0.9
242661,  -0.0,   0.7,   0.0, -12.1,  -9.9,1009.6,  -1.1,   0.9
242685,  -0.1,  -0.5,  -0.0, -11.8, -18.9,1001.8,  -1.1,   0.8
242709,  -1.0,   0.7,  -1.8, -16.2, -14.0,1007.4,  -1.0,   0.9
242737,   0.5,  -0.5,  -1.2,  -8.7, -20.6,1001.1,  -1.1,   0.9
242761,  -1.5,  -0.1,  -0.8,  -9.6, -24.5,1003.0,  -1.1,   0.8
242787,   0.4,   0.0,  -0.6, -14.5, -26.0,1006.4,  -1.1,   0.8
242811,  -1.2,   1.6,  -1.2, -17.2, -27.2,1004.2,  -1.2,   0.8
242835,   0.5,   0.6,   0.1, -15.3, -25.5,1004.5,  -1.2,   0.9
242859,  -0.1,   1.1,  -0.2, -17.9, -21.4,1009.4,  -1.2,   0.9
242887,   0.3,   0.1,  -0.5, -13.3, -24.3,1004.5,  -1.2,   0.9
242911,   0.0,   0.4,  -1.1, -15.0, -21.6,1002.3,  -1.2,   0.9
242935,  -0.1,   0.4,  -0.8, -12.3, -20.4,1001.1,  -1.2,   0.9
242963,   0.1,   1.4,  -0.9, -12.6, -19.7,1003.7,  -1.1,   0.9
242987,   0.5,   1.0,  -0.8, -15.7, -27.0,1007.4,  -1.1,   0.9
243015,   0.1,   0.1,  -0.1, -15.0, -21.9,1007.2,  -1.1,   0.9
243035,   0.1,  -0.3,  -0.5, -15.5, -22.1,1003.0,  -1.1,   0.9
243063,  -0.3,   1.6,   0.0, -10.6, -27.5,1002.0,  -1.2,   0.9
243087,  -0.3,   0.4,   0.3, -11.1, -25.8,1008.6,  -1.2,   0.9
243111,   0.5,   0.2,  -0.8, -11.6, -21.4,1002.0,  -1.2,   0.8
243135,  -0.3,   0.6,  -0.3,  -9.9, -27.5, 999.6,  -1.3,   0.8
243163,  -0.9,   1.9,  -0.7, -12.8, -20.4,1004.0,  -1.3,   0.9
243187,   0.5,  -0.4,  -0.3, -15.3, -20.6,1001.8,  -1.2,   0.8
243211,   0.4,  -1.1,   0.8,  -8.4, -17.9,1003.7,  -1.2,   0.8
243235,   0.2,  -0.5,  -0.0, -10.4, -16.0,1000.1,  -1.2,   0.8
243263,  -0.8,  -0.8,   0.3, -13.3, -20.4,1000.6,  -1.2,   0.8
243287,  -0.2,  -0.9,  -1.2,  -9.2, -22.3,1005.9,  -1.2,   0.7
243311,  -0.1,  -0.4,  -1.2, -10.1, -25.5,1001.1,  -1.2,   0.7
243335,  -1.2,  -0.5,   0.3, -17.7, -15.5,1000.1,  -1.2,   0.7
243363,  -0.0,   0.9,  -0.9, -17.0, -21.6,1002.8,  -1.2,   0.7
243387,  -0.3,  -0.9,  -0.2, -11.4, -26.3, 996.2,  -1.2,   0.7
243411,   0.8,  -1.1,  -1.2,  -9.2, -17.9,1000.6,  -1.2,   0.7
243435,   0.8,  -0.2,   0.1,  -7.9, -25.0, 997.9,  -1.2,   0.7
243463,  -0.1,  -0.4,  -0.1, -13.1, -22.1,1003.0,  -1.2,   0.7
243487,   2.3,  -1.1,  -0.0, -19.7, -52.6, 973.0,  -1.2,   0.7
243515,   1.9,  -1.3,   0.4,  -6.5, -14.3,1007.9,  -1.1,   0.7
243535,   1.2,   0.3,   0.0, -27.0,  17.0, 995.9,  -1.0,   0.7
243563,   1.7,  -1.4,  -0.3,  -6.2, -18.9, 993.5,  -1.0,   0.7
243587,   1.0,   1.1,  -0.3, -34.3,  -6.7, 922.7,  -0.9,   0.5
243611,  -0.1,  -2.7,  -0.8,  -8.2, -16.7,1002.5,  -0.9,   0.4
243635,   1.1,  -2.1,   0.4,  -5.0, -16.7,1003.0,  -0.9,   0.3
243663,   1.2,  -2.7,  -1.2,  -8.7, -14.3,1000.6,  -0.8,   0.3
243687,  -0.5,  -0.8,   0.7, -17.9, -19.2, 994.0,  -0.9,   0.2
243711,   1.1,  -4.4,  -0.5, -14.8, -21.1, 988.4,  -0.9,   0.2
243735,   0.6,  -3.1,  -1.2,   7.0, -11.4,1004.2,  -0.9,   0.1
243763,   0.1,  -0.9,  -0.1,   0.4, -16.0,1002.0,  -0.8,  -0.0
243787,  -0.7,  -1.8,  -1.2,   0.9, -14.0, 998.4,  -0.9,   0.0
243811,   1.0,  -0.7,   0.2,   9.4, -12.3,1002.3,  -0.8,  -0.1
243835,  -0.5,  -0.5,  -0.9,   1.3,  -4.0,1006.4,  -0.8,  -0.1
243863,  -0.6,  -0.2,  -0.8,  -3.3,  -6.2, 998.9,  -0.8,  -0.1
243887,   0.9,  -0.8,  -1.5,  -4.5, -13.3,1004.5,  -0.8,  -0.1
243911,   0.3,  -1.7,  -1.1,   9.6, -15.3,1001.3,  -0.8,  -0.1
243939,  -0.8,   0.3,  -0.0, -11.1, -11.6, 992.5,  -0.7,  -0.1
243963,  -0.3,  -0.4,  -1.0,   0.9, -13.6, 999.8,  -0.7,  -0.1
243987,  -1.7,  -1.1,  -0.6,  -3.8,  -7.9, 998.4,  -0.7,  -0.1
244015,   0.0,  -1.1,  -1.5,  -5.7, -11.6, 996.9,  -0.7,  -0.1
244039,   1.1,  -2.4,  -1.1,   2.3, -12.8,1001.3,  -0.6,  -0.2
244063,   0.6,   1.4,  -0.4,   7.4,  -4.3,1002.0,  -0.6,  -0.2
244087,  -0.8,   1.3,  -0.3,  -5.7,  -6.7,1002.3,  -0.6,  -0.2
244111,   0.0,  -1.0,  -1.2,  -4.8,  -5.5, 999.6,  -0.5,  -0.1
244139,  -1.2,   0.1,  -1.2,  13.8, -13.1,1003.7,  -0.5,  -0.2
244163,   0.3,   1.2,  -0.2,   6.0,  -5.0,1000.1,  -0.5,  -0.2
244187,  -0.5,   1.3,  -0.6,   0.4,  -1.1,1001.6,  -0.5,  -0.2
244211,  -1.1,  -0.3,  -1.2,   5.2, -10.1,1000.6,  -0.5,  -0.2
244239,  -0.7,  -0.9,  -1.3,   6.0,  -6.7,1006.4,  -0.5,  -0.2
244263,   1.2,  -1.0,  -1.2,   1.8, -11.8,1000.3,  -0.5,  -0.2
244287,  -0.3,  -0.4,  -1.2,  -1.3,  -3.1, 997.9,  -0.5,  -0.2
244311,  -2.7,  -0.8,  -0.8,  12.1,  -9.2,1006.7,  -0.5,  -0.3
244339,  -1.5,   0.4,  -0.8,   4.8,  -6.7, 997.6,  -0.5,  -0.3
244363,   0.8,  -0.9,  -1.1,   0.4,  -8.2,1004.7,  -0.5,  -0.3
244389,  -0.2,   0.4,  -1.4,   1.1,  -6.2, 999.6,  -0.4,  -0.3
244413,  -0.3,  -1.3,  -0.6,  -0.1, -12.8,1002.0,  -0.5,  -0.3
244437,   1.5,   1.1,  -0.0,  13.1, -11.1,1004.7,  -0.5,  -0.3
244461,   1.3,   2.5,  -0.3,   2.1,  -8.4, 998.4,  -0.5,  -0.3
244489,   3.0,   1.2,  -0.9,  -0.4,  -8.9, 997.9,  -0.4,  -0.2
244517,  -0.0,   0.3,  -1.3,  12.3,  -8.4,1006.2,  -0.4,  -0.2
244537,   1.4,   1.2,  -2.1,   6.7,  -7.5, 994.7,  -0.4,  -0.2
244561,   0.9,   0.1,  -0.8,  -1.1,  -2.8, 996.9,  -0.3,  -0.2
244589,  -1.7,  -0.5,  -1.1,  -0.1,  -0.4,1003.7,  -0.3,  -0.2
244613,  -3.8,   0.3,  -1.2,  -0.1,  -4.5,1003.0,  -0.4,  -0.2
244637,  -1.6,  -0.6,  -1.5,   6.2,  -7.2,1002.0,  -0.4,  -0.2
244661,  -4.0,   1.8,  -1.4,   0.4,  -0.6,1005.9,  -0.5,  -0.2
244689,  -4.1,   5.0,  -1.5,  15.5,   0.8,1006.9,  -0.5,  -0.1
244713,  -3.9,   6.7,  -1.3,   0.9, -14.5,1001.1,  -0.6,  -0.0
