Time(ms),Gyro X,Gyro Y,Gyro Z,Acc X,Acc Y,Acc Z,Rot X,Rot Y
22048,  -0.8,   0.3,   0.4,   0.7,   4.8, 999.1,   0.7,  -1.0
22076,  -0.8,   1.0,  -0.1,   3.1,   3.1,1006.1,   0.7,  -1.0
22080,   1.1,   0.0,  -0.5,  13.3,   3.6, 998.1,   0.7,  -1.0
22084,  -0.8,  -0.4,  -0.7,  21.4,   2.1, 997.8,   0.7,  -1.0
22088,   0.9,   0.2,  -0.8,  22.6,   5.3, 999.1,   0.7,  -1.0
22092,   0.1,  -0.6,  -0.7,  -0.1,   1.2, 986.4,   0.6,  -0.9
22106,   0.1,   0.6,  -0.3,  -3.3,   6.5,1003.7,   0.6,  -0.9
22110,  -0.8,   0.5,  -0.1,   9.2,   6.1, 997.8,   0.6,  -0.9
22114,  -0.8,  -0.8,  -0.1,  25.6,   7.8,1004.9,   0.6,  -0.9
22118,   0.3,   0.0,  -0.1,  15.5,  12.2,1003.9,   0.6,  -0.9
22122,  -0.2,   0.2,  -0.4,   7.5,   5.3,1000.3,   0.6,  -0.9
22136,  -1.3,   1.0,  -0.6,   8.2,  12.9, 999.3,   0.6,  -0.9
22140,  -0.8,   1.7,  -0.6,  16.3,   0.7,1001.5,   0.6,  -0.9
22144,  -0.3,   0.3,  -0.6,  19.4,   6.5, 998.6,   0.6,  -0.9
22148,  -1.2,   1.1,  -1.5,  24.3,   2.9,1002.0,   0.6,  -0.9
22152,   0.1,  -0.9,   0.0,   6.8,   5.3,1002.2,   0.6,  -0.9
22166,  -1.1,  -0.3,   0.1,   6.0,   1.7, 987.8,   0.5,  -0.9
22178,  -1.1,  -0.9,  -0.3,  11.6,   5.3, 999.8,   0.5,  -0.8
22202,  -1.2,   1.7,  -0.4,  10.7,   1.7, 994.7,   0.5,  -0.8
22226,  -0.7,   0.9,  -0.4,  22.9,   0.7,1001.3,   0.4,  -0.9
22250,  -0.9,   0.0,  -0.5,   6.8,   1.7, 992.2,   0.4,  -0.9
22278,  -0.3,   0.0,  -0.8,  14.3,   1.7, 999.3,   0.3,  -0.8
22306,   0.5,  -0.8,  -1.1,  12.1,  -4.9,1003.7,   0.3,  -0.8
22326,  -2.3,   0.6,  -0.4,  11.6,   5.1, 999.1,   0.3,  -0.8
22350,  -1.0,   0.1,  -0.5,  16.8,   2.1, 996.6,   0.3,  -0.8
22378,  -0.4,   0.3,  -0.9,   7.0,   4.3,1000.0,   0.3,  -0.8
22402,  -1.0,   0.2,  -0.8,  14.1,   2.4,1002.5,   0.2,  -0.8
22426,   0.1,  -0.0,  -1.7,  21.4,   3.6,1003.0,   0.2,  -0.8
22450,  -0.5,   0.3,  -0.4,  18.7,   7.5,1001.7,   0.2,  -0.8
22478,  -1.3,   0.2,  -0.8,  15.5,   7.5,1002.5,   0.2,  -0.8
22502,   0.6,  -0.0,   0.5,  15.1,   1.9,1001.3,   0.2,  -0.8
22526,  -1.1,   1.6,  -0.8,  15.3,  13.4, 998.6,   0.2,  -0.8
22550,  -1.6,  -0.3,   0.4,  13.3,  -4.2,1001.5,   0.2,  -0.8
22578,  -1.3,   0.5,  -0.1,  10.9,   2.9,1001.5,   0.2,  -0.7
22602,  -1.9,   0.9,  -0.3,  11.6,   0.9,1003.2,   0.1,  -0.7
22626,   0.1,   0.6,   0.4,   7.7,   9.5,1000.0,   0.2,  -0.7
22650,  -0.6,   0.5,  -0.4,  16.8,   1.2, 996.4,   0.1,  -0.7
22678,   0.3,  -0.8,  -0.2,  15.3,   4.3,1003.2,   0.2,  -0.7
22702,  -0.7,  -0.8,  -1.0,  12.1,   7.5, 999.3,   0.2,  -0.7
22726,  -0.4,  -0.3,  -0.8,  13.8,   3.9,1000.8,   0.2,  -0.7
22750,  -1.9,   1.2,   0.3,   9.4,   1.7, 995.9,   0.1,  -0.7
22778,  -0.9,   0.5,  -1.3,  12.4,  -3.7,1000.3,   0.1,  -0.7
22806,  -0.7,   0.3,  -0.4,  12.6,   1.2, 998.1,   0.1,  -0.7
22826,  -0.9,   0.2,   0.4,  12.9,   0.7,1004.4,   0.1,  -0.7
22850,  -1.1,   1.2,   0.4,  16.3,  -5.2, 999.8,   0.1,  -0.7
22878,   0.1,  -0.4,   1.0,  11.9,  -1.5,1003.7,   0.1,  -0.7
22902,  -1.6,   0.8,  -0.5,  12.9,   0.7, 998.3,   0.1,  -0.7
22926,  -0.3,  -0.6,   0.0,  16.0,   3.9,1004.7,   0.0,  -0.8
22954,  -0.4,  -0.1,  -1.9,  13.6,   4.3, 998.8,   0.0,  -0.7
22978,   0.3,   0.2,   0.4,   2.4,  -3.0, 998.3,   0.0,  -0.7
23002,  -0.4,  -0.1,  -1.0,  13.8,   0.4,1002.2,   0.0,  -0.8
23026,  -0.1,   0.4,  -0.8,  19.7,   4.6,1002.0,   0.0,  -0.7
23054,  -0.3,   0.6,   0.7,   7.2,   6.5,1005.9,   0.1,  -0.7
23078,   0.4,   0.0,   0.1,  14.1,   5.3,1003.0,   0.1,  -0.7
23102,  -0.2,   0.7,  -0.2,   9.4,   9.0, 999.1,   0.1,  -0.7
23126,  -0.5,   0.4,  -0.7,  15.8,   4.6, 996.1,   0.1,  -0.7
23154,  -0.3,   0.6,  -0.6,  18.5,   5.3, 992.2,   0.1,  -0.7
23178,  -1.3,   0.9,  -0.5,  10.9,  -8.4, 984.2,   0.1,  -0.7
23202,  -1.3,   0.8,  -0.1,   0.4,  -4.9, 995.6,   0.1,  -0.7
23226,  -2.5,   1.7,  -0.7,   5.0,  -4.9,1006.6,   0.1,  -0.7
23254,   0.3,   0.8,  -0.6,  18.2, -21.0, 988.8,   0.1,  -0.7
23278,   0.4,  -0.4,  -0.2,  18.0, -21.3, 985.6,   0.1,  -0.7
23306,  -0.7,   0.0,   0.3,  11.6,  -0.3,1005.2,   0.0,  -0.7
23326,   0.6,   0.0,  -0.1,   5.0,  12.6,1009.1,   0.1,  -0.7
23354,   0.3,   0.2,   0.3,  14.6,   3.9,1003.7,   0.1,  -0.7
23377,  -0.0,   0.0,  -0.7,   9.7,  11.7, 995.2,   0.2,  -0.7
23401,   1.4,  -0.6,  -0.5,  14.8,   2.9,1000.0,   0.2,  -0.8
23429,  -0.5,  -1.1,  -1.2,  11.1,   9.2, 997.1,   0.3,  -0.8
23453,   0.2,  -0.4,   0.2,  16.5,  -1.5,1001.0,   0.3,  -0.9
23477,   0.4,  -1.6,  -1.8,   0.7,   2.6, 989.5,   0.2,  -0.9
23501,   0.1,  -0.9,  -0.8,  11.4,   6.5,1001.7,   0.3,  -0.9
23529,   0.3,  -0.8,   0.7,   4.3,   0.4, 994.7,   0.3,  -0.8
23553,   0.9,   0.8,  -0.1,  27.0,   2.1, 998.6,   0.3,  -0.9
23577,   0.1,  -0.1,   0.4,  14.3,   7.0,1000.5,   0.3,  -0.8
23601,   0.1,   0.0,  -1.0,   8.5,   3.9, 999.3,   0.3,  -0.8
23629,  -0.5,  -0.6,  -0.8,  15.1,   0.7, 997.6,   0.3,  -0.8
23653,   0.5,  -0.1,   0.6,  31.9,  -5.2,1005.6,   0.3,  -0.9
23677,  -0.8,  -0.2,  -0.2,   3.8,   6.3,1004.7,   0.3,  -0.9
23701,  -1.9,   1.0,   0.9,   6.5,   7.0, 998.3,   0.3,  -0.9
23729,  -0.1,   0.6,  -0.8,  19.2,   8.2,1003.9,   0.3,  -0.9
23753,   0.5,  -1.5,  -0.5,   3.1,   5.6, 999.1,   0.3,  -0.8
23777,   0.3,   0.3,   0.9,  23.8,   0.2,1003.7,   0.3,  -0.9
23805,  -1.1,   0.2,  -0.8,  13.8,  -1.8, 999.5,   0.3,  -0.9
23829,  -0.7,   1.1,  -0.3,  14.3,   1.4, 998.8,   0.2,  -0.9
23853,  -2.0,   0.4,  -0.8,  10.2,   9.0,1001.0,   0.2,  -0.9
23877,   0.9,  -0.4,   0.1,  22.6,   4.8, 995.4,   0.2,  -0.9
23901,  -1.9,   0.5,  -0.1,  24.3,   2.1,1002.5,   0.2,  -0.9
23929,  -0.2,   0.6,   0.1,  13.8,   2.6, 996.9,   0.2,  -0.9
23953,  -1.3,   1.0,  -0.5,   4.8,   5.6, 996.1,   0.2,  -0.8
23977,   0.1,  -0.0,   0.4,  29.0,   3.4,1003.2,   0.2,  -0.9
24005,  -0.3,  -0.6,   0.4,  19.2,   6.8,1000.0,   0.2,  -0.8
24029,  -0.6,   0.8,  -0.6,  16.5,  10.0,1003.9,   0.2,  -0.8
24053,  -0.8,   0.8,  -0.4,   7.5,  17.0,1000.5,   0.2,  -0.8
24077,  -0.8,   2.0,   0.5,  11.4,   5.3, 997.6,   0.2,  -0.8
24105,  -2.4,   0.2,   0.0,   4.3,  10.4, 999.5,   0.2,  -0.7
24129,   0.0,   0.2,   0.4,   1.9,  -1.5, 996.9,   0.2,  -0.7
24153,   0.5,   0.5,  -1.0,  -0.6,   4.1,1001.5,   0.2,  -0.6
24177,   0.1,   0.5,  -0.1,  27.0,   1.9, 998.1,   0.2,  -0.6
24205,  -0.5,   1.1,   0.4,  13.1, -12.0, 996.9,   0.1,  -0.6
24229,  -0.7,  -0.2,  -0.8,   6.5, -13.2, 999.5,   0.0,  -0.6
24253,  -0.1,   1.5,   0.1,   0.9, -18.1,1005.9,  -0.1,  -0.6
24277,   0.1,   1.0,  -0.6,  14.6,  -8.4,1002.7,  -0.1,  -0.5
24305,  -0.7,   1.1,  -0.3,  33.4,  -0.1,1002.2,  -0.2,  -0.5
24329,   0.3,  -1.2,  -0.3,  19.4,   4.3,1002.5,  -0.1,  -0.6
24353,   0.1,  -0.4,  -0.2,  -1.1,   7.5, 996.6,  -0.0,  -0.6
24377,  -0.3,   0.4,  -1.0,   0.4,  12.6, 996.1,   0.0,  -0.6
24405,  -0.0,  -0.9,   0.1,   0.4,  18.3,1003.0,   0.2,  -0.5
24429,  -0.6,  -0.1,  -0.2,   6.8,   4.1, 995.6,   0.1,  -0.5
24453,  -0.5,   0.8,  -0.1,  16.3,  -2.7,1000.5,   0.1,  -0.5
24477,   0.9,   0.3,  -1.0,  19.2,   1.4, 997.8,   0.1,  -0.6
24505,  -0.2,   0.5,  -0.1,  -3.5,  18.3, 995.4,   0.2,  -0.5
24529,  -1.2,   0.2,  -0.5,   8.7,   9.2, 999.3,   0.3,  -0.5
24553,  -0.7,  -0.3,   0.1,  24.1,  -4.2, 998.6,   0.3,  -0.5
24577,  -1.9,   0.8,   0.2,  14.6,   6.8,1006.9,   0.3,  -0.6
24605,  -0.7,   0.6,  -1.0,  18.7,   7.0,1001.7,   0.2,  -0.6
24629,  -1.9,   1.0,  -0.2,  30.2,  -5.7,1001.0,   0.2,  -0.7
24653,  -1.1,   0.5,  -0.6,  18.2,   0.9, 998.1,   0.1,  -0.7
24677,   0.1,   2.1,  -0.4,   9.2,   3.1,1002.5,   0.1,  -0.7
24705,  -2.1,   0.0,   0.6,  11.6,   2.9,1000.0,   0.1,  -0.6
24729,  -0.5,   0.5,   0.4,  -4.7,   2.9, 997.6,   0.1,  -0.6
24753,  -2.0,   0.3,   0.5,   5.0,  -0.3,1004.7,   0.1,  -0.6
24777,  -0.4,   1.3,  -0.6,  -7.2,  15.6,1002.7,   0.1,  -0.5
24805,   0.1,  -0.1,   0.1,   7.0,   2.4,1002.2,   0.1,  -0.5
24829,  -0.0,  -0.6,   0.6,  23.6,   0.9,1000.0,   0.1,  -0.5
24853,  -2.2,  -0.1,  -0.1,  33.1,   4.1,1001.7,   0.1,  -0.6
24877,  -1.2,   0.8,   0.5,  11.1,   6.3, 993.4,   0.0,  -0.6
24905,  -0.1,   0.0,  -0.5,  18.0,  -1.3,1008.1,   0.0,  -0.7
24929,  -0.5,   0.6,  -0.6,  16.3,  -0.3, 999.5,   0.0,  -0.7
24953,  -1.0,   1.8,   0.4,  18.2, -10.8,1007.1,  -0.0,  -0.7
24977,  -1.8,   0.7,  -0.4,  32.6, -12.3,1008.1,  -0.1,  -0.8
25003,  -1.6,  -0.5,   0.7,   5.0,   3.4,1004.2,  -0.1,  -0.8
25031,   0.8,   0.4,  -0.6, -16.2,  -4.0, 996.6,  -0.1,  -0.8
25055,   1.7,   1.1,   0.5,  11.1,  -5.9,1002.0,  -0.1,  -0.7
25079,   0.7,  -0.0,  -1.0,   0.9,   6.3, 999.5,  -0.0,  -0.6
25103,  -0.4,   0.1,   0.3,  20.7,   5.1,1014.2,   0.0,  -0.6
25131,   0.5,  -0.1,   0.4,  -7.6,   6.3, 996.9,   0.1,  -0.5
25155,  -0.7,  -0.3,  -0.4,  24.8,  15.1,1008.8,   0.1,  -0.5
25179,  -0.2,  -0.4,  -1.2,   6.3,   9.7, 993.2,   0.2,  -0.6
25203,  -1.8,   0.6,   0.7,  -1.1,   4.6, 995.4,   0.2,  -0.6
25231,   1.4,   0.4,   0.6,  33.6,   4.1,1000.3,   0.2,  -0.7
25255,  -0.8,  -0.5,   0.2,   7.7,   6.1, 998.1,   0.2,  -0.7
25279,   0.8,  -0.3,   0.0,  30.9, -12.5,1002.5,   0.2,  -0.7
25307,  -0.3,   0.3,  -0.8,  20.2,   1.4,1003.9,   0.2,  -0.7
25331,   1.0,  -0.9,  -0.6,  15.5,   5.8,1000.3,   0.2,  -0.7
25355,  -0.4,   1.0,   0.0,   0.7,  -9.6, 996.4,   0.2,  -0.6
25379,  -0.9,   0.5,   0.6,  15.5,  10.7, 999.3,   0.1,  -0.6
25403,   0.3,  -0.6,  -0.2,  27.3,  10.4, 997.8,   0.2,  -0.7
25431,  -1.3,   1.3,  -0.1,  12.9,  15.3, 996.6,   0.3,  -0.8
25455,  -0.7,   1.2,   0.3,   1.6,  15.1, 996.4,   0.4,  -0.7
25479,  -2.2,   0.8,  -0.5,  28.5,   7.8,1001.3,   0.3,  -0.8
25503,  -1.9,   1.6,  -0.3,  23.4,   1.9,1007.4,   0.3,  -0.8
25531,  -1.8,   0.6,  -0.5, -17.9,   9.0,1000.5,   0.3,  -0.7
25555,  -1.4,   0.0,  -0.1,  -1.8,  -3.2, 994.9,   0.2,  -0.6
25579,  -1.9,   0.7,  -0.4,  18.5, -20.3,1002.7,   0.1,  -0.5
25603,  -0.8,   0.2,   0.2,  22.6, -11.0,1001.5,  -0.0,  -0.6
25631,   0.4,   0.3,  -0.7,  13.1,  -6.2, 999.5,  -0.1,  -0.6
25655,  -2.0,   0.6,  -0.5,   6.3,  -6.9,1005.2,  -0.1,  -0.6
25679,  -0.2,  -1.1,  -0.5,  10.4,  -9.1, 997.3,  -0.1,  -0.6
25703,  -0.4,  -0.9,  -0.7,  15.3,  15.3,1000.8,  -0.1,  -0.6
25731,   0.4,  -0.1,  -0.5,   5.5,  12.2, 997.3,   0.0,  -0.6
25755,  -0.4,  -0.0,   0.4,  19.4,   1.2,1002.7,   0.1,  -0.6
25779,   0.4,  -0.6,  -0.4,  18.2,   6.3, 995.4,   0.1,  -0.7
25807,   0.1,  -0.4,  -0.7,  13.6,  11.4, 999.5,   0.2,  -0.7
25831,  -1.0,   1.6,  -0.5,  24.3,  11.7,1001.5,   0.2,  -0.7
25855,  -0.5,   1.4,   0.2,  14.3,  11.7,1000.8,   0.2,  -0.7
25879,  -0.4,   0.2,  -0.5,   4.8,   5.3, 999.3,   0.2,  -0.6
25903,  -1.2,  -0.0,  -0.4,  21.6,  -2.5,1005.4,   0.2,  -0.6
25931,  -1.1,  -0.7,   0.2,  -4.5,   1.9, 997.6,   0.2,  -0.6
25955,  -1.6,   0.3,  -1.0,   3.8,   1.7, 999.1,   0.2,  -0.6
25979,  -0.7,   0.6,  -0.2,  11.1,  -5.9,1000.3,   0.1,  -0.6
26003,  -1.9,   1.5,  -0.6,   9.2,  -1.5, 998.1,   0.1,  -0.6
26031,  -1.4,   1.2,  -0.1,  12.1,  -2.7,1010.5,   0.1,  -0.6
26055,  -2.1,   0.8,  -0.8,  14.6,  -0.8,1002.7,   0.1,  -0.6
26079,  -1.8,   1.1,  -1.3,  18.0,   5.1,1002.7,   0.1,  -0.6
26107,   0.5,  -0.4,  -0.4,  11.4,   1.7, 997.1,   0.1,  -0.6
26131,   0.7,   0.3,  -1.3,  24.3,   7.3,1000.5,   0.1,  -0.7
26155,  -0.8,   0.6,  -0.5,   5.0,   5.3,1000.3,   0.2,  -0.7
26179,  -1.9,   0.6,  -0.3,  13.3,   2.9, 999.5,   0.2,  -0.7
26207,  -0.4,  -0.1,  -0.1,  16.8,   2.1,1006.4,   0.2,  -0.7
26231,  -1.4,   0.4,   0.1,  -3.0, -13.2, 987.3,   0.2,  -0.7
26255,  -1.0,   0.1,   0.0,  13.1,   1.7,1005.6,   0.1,  -0.7
26279,  -1.1,   1.4,  -0.3,  11.9,  -2.0,1000.3,   0.1,  -0.6
26307,  -2.0,   0.3,  -0.2,   5.8,  -6.4,1003.0,   0.1,  -0.6
26331,  -0.8,   0.5,  -0.2,   9.0,   4.3, 995.9,   0.1,  -0.6
26355,  -0.7,   0.6,  -0.1,   6.5,  -1.0,1003.0,   0.0,  -0.6
26379,  -1.0,  -0.8,  -0.9,   4.8,   5.3, 997.6,   0.1,  -0.6
26407,  -1.4,   0.5,  -0.6,  18.7,   8.5, 999.5,   0.1,  -0.6
26431,  -0.6,   0.0,  -0.8,   8.2,   0.7,1000.5,   0.1,  -0.6
26455,   0.5,  -0.0,   0.6,   9.4,  -0.8, 995.4,   0.1,  -0.6
26479,  -0.8,   0.3,   0.5,  13.8,   5.3, 996.6,   0.1,  -0.6
26507,  -1.9,  -0.0,  -0.9,   9.2,   2.6,1003.5,   0.1,  -0.7
26531,  -0.0,  -0.3,  -0.5,  15.5,   5.3,1004.2,   0.1,  -0.7
26555,   0.1,   0.4,  -0.3,   0.4,  12.2, 993.9,   0.2,  -0.6
26579,  -0.1,  -0.9,  -0.3,  15.5,  -4.2, 994.9,   0.2,  -0.6
26607,   1.2,  -0.5,   0.9,   4.6,   2.9, 999.1,   0.2,  -0.6
26629,   0.0,   0.8,  -0.1,  12.1,  -2.7,1001.0,   0.2,  -0.6
26657,  -0.8,   1.5,  -0.2, -47.7,   4.6, 961.7,   0.2,  -0.6
26681,  -1.1,  -0.4,  -0.4,  61.2,   0.9,1027.4,   0.2,  -0.7
26705,   1.8,   0.1,   0.1,  16.3,   6.1, 998.3,   0.2,  -0.7
26729,  -0.3,   0.1,   0.6, -17.4,  -1.0, 995.9,   0.2,  -0.7
26757,   0.6,  -0.4,   0.4,  28.2,   4.1,1005.4,   0.2,  -0.7
26781,  -1.0,   1.2,   0.4,  12.4,   7.3, 995.4,   0.2,  -0.7
26808,  -1.1,  -1.2,  -0.1,  19.0,   0.9, 995.6,   0.2,  -0.8
26832,  -0.6,   0.6,  -0.2,   5.8,  10.4, 994.2,   0.2,  -0.8
26856,  -0.6,   0.6,  -1.4,   5.3,   5.6, 996.4,   0.2,  -0.7
26880,  -0.2,   0.4,   0.2,  14.8,   5.6,1002.0,   0.2,  -0.7
26904,  -0.5,   0.3,   0.4,  -6.4,   2.4, 995.2,   0.2,  -0.7
26932,  -0.3,   1.1,  -0.2,  22.6,  12.4,1010.5,   0.2,  -0.7
26956,  -0.5,   0.6,  -0.8,  11.9,  -1.8, 996.4,   0.2,  -0.7
26980,  -0.6,  -0.3,  -0.5,   7.0,   7.0, 996.6,   0.2,  -0.7
27004,  -0.5,  -1.1,  -0.5,   9.7,   2.9,1002.7,   0.2,  -0.6
27032,  -1.5,   1.0,   0.3,   4.3,  -4.2, 998.6,   0.2,  -0.6
27056,   0.3,   0.0,   0.2,  21.4,  -0.8, 997.6,   0.1,  -0.7
27080,  -1.1,   0.7,  -0.2,  35.1,   9.5,1007.4,   0.1,  -0.8
27104,  -0.7,   0.7,  -0.1,  21.9,  12.9, 999.8,   0.2,  -0.8
27132,  -0.5,   0.0,  -0.5,   9.4,  -3.5, 995.6,   0.2,  -0.8
27156,   0.3,  -0.6,   0.0,   9.0, -11.8,1003.2,   0.1,  -0.8
27180,  -1.7,   0.6,  -0.3,  10.9,  -6.2, 998.8,   0.1,  -0.7
27208,  -1.0,   1.3,   0.6,  11.9,  -8.4,1001.0,   0.0,  -0.7
27232,  -0.3,   1.3,  -0.6,   2.4,   7.5,1002.5,   0.0,  -0.6
27256,   0.0,  -0.1,  -0.1,   4.3,  14.4, 998.1,   0.1,  -0.6
27280,  -0.3,  -0.1,   0.1,   8.5,  -7.1,1006.4,   0.1,  -0.6
27308,  -1.1,   1.1,  -0.1,   2.1,  -4.4,1005.4,   0.1,  -0.5
27332,  -1.4,  -0.9,  -0.5,  16.8, -14.0,1004.9,   0.0,  -0.5
27356,   0.1,   0.4,  -0.1,  12.9, -17.1, 993.7,  -0.0,  -0.6
27380,   0.9,  -0.2,  -0.2,  13.1,  -8.4,1000.0,  -0.1,  -0.7
27408,   0.1,  -0.9,  -1.5,  13.1,   2.6,1001.3,  -0.1,  -0.7
27432,   0.4,  -1.4,  -1.6,  33.1,   6.1,1002.5,  -0.0,  -0.7
27456,   0.1,   0.6,  -0.7,  44.6,  12.6,1007.4,   0.1,  -0.9
27480,  -0.7,   1.2,  -0.1,   9.9,  19.2, 997.1,   0.2,  -0.9
27508,   1.1,  -1.1,  -0.7,  15.8,  -1.5,1002.5,   0.2,  -0.9
27532,   0.3,   0.2,  -1.2,  16.8,  18.0,1003.0,   0.3,  -0.9
27556,  -0.8,   0.1,  -1.9,  76.1, -68.4,1013.2,   0.4,  -1.3
27580,  -5.1,  -4.4,  -1.2, 175.0,-167.3,1073.3,   0.6,  -1.1
27608,   1.3,  10.0,   1.7,-763.3, 358.1,1110.4,   1.0,   0.2
27632,  -4.9,  -6.3,   3.3, 126.4, 313.9,1223.4,   0.9,   0.4
27656,   0.9,  -8.4,   3.2, 467.2, -79.2, 931.4,   0.4,  -0.2
27680,  -1.6,   1.8,  -0.7,  34.6,  80.8, 990.0,   0.3,  -0.1
27708,  -1.3,  -2.4,  -1.2, 131.5, -26.2, 930.7,   0.0,  -0.2
27732,  -1.9,  -0.2,  -0.1, 102.5,  40.0,1047.6,   0.0,  -0.2
27756,   0.5,   0.9,   0.5, -30.6, -28.1,1025.2,  -0.1,  -0.1
27780,   0.4,   0.1,   0.4,  45.6, -36.9, 974.9,  -0.3,  -0.1
27808,   0.1,   0.5,  -1.7,  33.6,   2.4,1018.8,  -0.3,  -0.1
27832,   0.5,   1.1,  -0.7,   7.7,  25.3,1017.1,  -0.1,  -0.2
27856,  -0.1,  -0.1,  -0.5,  70.5, -11.8,1017.4,   0.1,  -0.3
27880,  -0.3,   0.7,  -0.4,  30.9, -26.2,1005.6,   0.1,  -0.3
27908,  -1.1,  -0.5,  -0.3, -20.6,   0.2,1010.0,   0.1,  -0.3
27932,  -0.6,  -0.2,  -0.5, -20.1, -29.8, 988.1,  -0.0,  -0.2
27956,   1.0,  -0.8,  -0.8,  35.3, -31.5, 999.1,  -0.2,  -0.3
27980,   1.1,  -0.5,  -1.2,  24.8, -27.4, 993.7,  -0.3,  -0.4
28008,   1.2,   0.8,  -1.2,  17.3,  23.9,1002.7,  -0.3,  -0.4
28032,   0.5,  -0.3,  -0.5,  -8.1,  41.5,1001.7,  -0.1,  -0.4
28056,  -0.7,   0.2,   0.4,  34.3,  45.4, 997.8,   0.2,  -0.5
28080,   0.0,  -0.1,   0.2,  17.3,  43.9, 997.3,   0.4,  -0.5
28108,  -1.4,   0.7,   0.7,  10.4,  35.6, 988.8,   0.6,  -0.5
28132,  -1.7,   0.4,  -0.7,  54.6,  32.2, 997.6,   0.7,  -0.7
28156,  -3.2,   1.9,   0.3,   8.0,  31.9, 993.7,   0.8,  -0.7
28180,   1.7,  -4.7,   1.5, 188.6, -16.4, 850.9,   0.8,  -0.5
28208,   0.7,   2.7,  -0.4, -16.7,-182.2, 745.2,   0.4,  -0.0
28232,  -2.5,  -1.1,   0.1, 121.7,-103.3,1085.2,   0.4,  -0.2
28258,  -0.6,   4.1,  -0.2,-147.1,  64.6,1001.5,   0.4,   0.0
28282,  -0.6,  -0.7,   0.9, -56.5, -79.6, 985.1,   0.1,   0.2
28310,   0.2,   0.5,   0.9,  33.1, -61.6, 993.0,   0.0,   0.2
28334,  -0.3,  -2.0,  -0.7, -11.1,  -2.7,1002.5,  -0.1,   0.1
28358,   0.1,  -0.1,  -1.2,  43.9, -10.1, 968.8,  -0.2,  -0.1
28382,   1.2,  -0.7,  -0.7,  87.3, -24.0,1038.6,  -0.3,  -0.3
28406,   0.9,  -1.2,  -0.9,  32.9,  34.1, 985.6,  -0.1,  -0.2
28434,   0.1,  -0.7,  -0.6,  -5.9,  44.4, 977.1,   0.2,  -0.2
28458,  -2.1,  -0.3,  -0.2,  67.3,  17.5, 997.8,   0.4,  -0.3
28482,  -0.9,   0.4,  -0.2,  20.7,  25.8,1002.2,   0.5,  -0.4
28506,  -0.8,  -0.6,   0.2,  23.1,  29.2,1006.4,   0.6,  -0.5
28534,  -3.1,   1.6,  -0.6,  13.8,   8.5, 997.3,   0.6,  -0.6
28558,  -1.1,   1.9,  -0.4, -48.4,   7.3, 991.0,   0.6,  -0.5
28582,  -0.8,   0.3,  -0.8,   9.0,   4.3, 997.8,   0.5,  -0.4
28606,  -2.1,   1.2,   0.1,   9.7, -11.3, 991.5,   0.4,  -0.4
28634,  -1.6,   0.7,  -1.2,   6.3, -22.3, 995.4,   0.2,  -0.3
28658,  -0.7,  -0.0,  -0.4,  37.8, -40.3,1003.2,   0.0,  -0.5
28682,   0.1,   0.0,  -0.4,  20.9, -33.5,1006.4,  -0.2,  -0.6
28706,   0.7,  -0.5,  -1.0,  -3.3, -12.0,1004.4,  -0.3,  -0.5
28734,   0.7,   0.2,  -0.2,  22.6, -28.6,1015.2,  -0.4,  -0.6
28758,   2.9,   0.6,  -0.3, -40.4,  42.9, 986.6,  -0.3,  -0.4
28782,   1.2,  -4.2,  -1.4, 238.7, 111.8, 901.6,   0.4,  -0.7
28810,   0.3,  -4.9,   0.3,-261.6,  24.8, 974.2,   0.4,  -0.5
28834,  -0.0,   7.9,   5.0,-486.4, 139.8,1285.9,   1.3,  -0.5
28858,  -2.0,  -2.0,   1.4, 168.4,-118.5,1209.5,   2.3,  -1.2
28882,   0.4,   1.7,  -1.8, -44.5,-124.8, 992.0,   1.9,  -1.2
28906,  -3.3,   5.1,  -1.0,  86.3, -56.0, 993.9,   1.7,  -1.4
28934,  -2.5,   2.6,  -0.5,  81.2, -70.9,1043.7,   0.9,  -1.2
28958,  -1.6,   1.1,  -0.8, -49.9,  47.6, 994.7,   0.9,  -0.5
28982,   0.7,  -4.1,  -0.2, 102.5,  -3.5, 976.4,   0.9,  -0.2
29006,   2.3,  -1.6,   0.7,  43.9,   0.4, 996.6,   0.8,  -0.2
29034,   0.5,  -1.7,   3.6,  84.4,   9.5,1033.5,   0.7,  -0.4
29058,  -1.7,  -0.8,   1.8,  93.9, -19.3,1026.4,   0.5,  -0.6
29082,  -1.9,   1.4,   1.0,  11.6,  -3.2, 985.1,   0.4,  -0.6
29106,   0.2,   1.3,   0.3,  77.8, -69.9,1048.6,   0.2,  -0.7
29134,   1.3,  -0.8,  -1.2,  72.7,  -8.1,1053.3,   0.0,  -0.8
29158,  -0.4,  -0.0,  -0.6,  16.3, -26.9,1020.1,  -0.2,  -0.8
29182,  -1.0,  -0.4,  -1.2, -17.4, -80.1, 941.0,  -0.4,  -0.6
29206,  -9.6,  11.2,  -1.6, -80.4,-542.5,1229.0,  -1.1,  -0.6
29234,  -2.5,  -3.3,  -1.2, 218.7,-184.4,1253.7,  -1.3,  -0.7
29258,   0.8,  -0.9,  -1.9,  41.7,  49.8,1038.9,  -1.3,  -0.7
29282,   2.4,  -1.3,  -1.7,-136.3,  98.1,1055.5,  -1.2,  -0.5
29310,   0.4,   4.4,  -1.8, -81.6,  32.7, 959.3,  -1.2,  -0.3
29334,  -0.3,  -0.9,  -1.9,  -6.4,  20.0,1008.6,  -1.0,  -0.3
29358,  -0.7,  -0.8,  -2.3,  50.2,  17.5,1009.8,  -0.8,  -0.3
29382,  -1.1,  -0.9,  -0.9,  31.2,  83.2, 968.1,  -0.4,  -0.4
29410,  -1.9,   0.7,  -0.7,  12.1,  18.3, 954.1,   0.0,  -0.3
29434,  -0.9,   1.8,  -1.5,  -8.1,  49.0, 998.1,   0.2,  -0.3
29458,  -1.3,   2.1,  -0.1, -26.2, -14.7, 976.4,   0.2,  -0.2
29482,  -0.5,  -0.5,  -0.6,  21.4,  17.0,1007.1,   0.3,  -0.1
29510,  -0.1,  -1.2,   0.0,  15.5,  10.0,1024.2,   0.3,  -0.1
29534,  -0.0,  -1.9,   0.3,  -0.3,   9.2, 989.8,   0.4,  -0.1
29558,   1.4,  -0.9,   0.3,  13.6,   7.5, 992.5,   0.4,  -0.1
29582,  -0.1,   0.0,   0.6, -11.3,  -3.2, 983.9,   0.3,  -0.1
29610,   1.4,   0.1,  -0.4,  25.1, -25.2,1047.4,   0.3,  -0.3
29634,  -0.2,  -2.7,  -0.1, 107.6,  25.3,1056.9,   0.3,  -0.3
29658,  -0.5,   1.6,   0.9,  55.6,  30.0,1024.4,   0.5,  -0.5
29682,  -3.0,   1.0,   2.2,  39.5,  52.2, 982.5,   0.8,  -0.6
29710,  -1.1,   2.5,   3.2,  37.5,  19.5, 993.0,   0.9,  -0.8
29734,  -2.1,   1.9,   3.1,   5.3,  54.1, 991.7,   1.1,  -0.7
29758,  -1.8,   2.1,   2.6, -39.4,  48.8, 963.7,   1.3,  -0.6
29782,   0.3,   1.0,   2.1,  -7.4,  65.9, 995.9,   1.6,  -0.6
29810,   0.0,   2.0,   1.5,   0.7,  83.7,1006.1,   1.7,  -0.5
29834,   0.1,   1.1,   1.6,   5.3,  65.9, 991.2,   2.0,  -0.4
29858,  -0.2,   0.3,   2.8,   5.0,  96.6, 980.3,   2.4,  -0.5
29884,  -0.5,   1.1,   3.9, -30.8,  83.9,1006.9,   2.8,  -0.4
29908,   0.4,   2.2,   2.2, -34.3,  62.2, 986.9,   3.0,  -0.5
29932,   0.2,   1.1,   1.8, -74.1,  93.2, 968.5,   3.4,  -0.4
29960,   1.4,  -1.0,   2.1,  73.6,  94.2,1006.6,   3.8,  -0.6
29984,   1.2,  -1.2,   0.4, -16.2,  70.3, 960.5,   4.0,  -0.5
30008,   1.6,  -1.7,   2.3,  49.5,  88.6, 971.7,   4.1,  -0.7
30032,  -0.7,   0.4,   1.3,  84.1,  62.9,1004.2,   4.2,  -0.8
30060,   2.1,   1.6,   1.4, -76.0,  77.3, 942.9,   4.2,  -0.7
30084,   1.0,   0.1,   0.9,  84.6,  58.1,1016.6,   4.1,  -0.9
30108,   3.1,  -0.4,   1.7,  13.1,  57.1, 938.8,   4.1,  -0.8
30132,   0.9,  -1.3,   1.4, -17.7,  65.9, 980.7,   4.2,  -0.8
30160,   0.4,   1.2,   0.3, -32.8, 115.4, 973.9,   4.4,  -0.7
30184,  -0.8,  -4.1,   1.1,  31.4,  68.3, 989.8,   4.2,  -0.5
30208,   0.3,  -1.7,  -0.7,-177.1,  19.7, 927.8,   3.8,  -0.4
30232,  -3.0,  -2.3,  -0.1, 217.4,  11.7,1012.0,   3.5,  -1.1
30260,   0.1,   0.5,  -0.7, -81.6, 104.4,1000.3,   3.6,  -1.0
30284,   1.3,   0.8,  -1.2,  62.9,  79.8,1009.3,   3.8,  -1.1
30312,  -0.8,  -1.4,   0.2, -25.5,   2.1, 952.9,   3.8,  -1.1
30336,   0.3,   1.9,   0.2, -19.9,  55.4, 999.3,   3.7,  -1.2
30360,  -1.4,  -0.4,   1.0,  67.1, -16.7,1081.6,   3.4,  -1.1
30384,  -3.2,  -0.1,   0.7, -25.2, -33.5,1069.4,   3.1,  -1.1
30408,  -1.0,   1.4,  -2.2, -25.2,  35.8,1037.4,   3.0,  -1.2
30436,   1.0,   2.8,  -2.1,-109.7,  92.2, 954.4,   3.0,  -1.0
30460,  -0.3,  -1.1,  -1.8,  78.0,  13.4, 989.3,   2.8,  -1.1
30484,   0.3,   0.6,  -1.2,  -6.4,  33.2, 955.8,   2.8,  -1.1
30508,  -0.7,   1.8,  -0.1,   4.6,  -0.3,1009.1,   2.6,  -1.1
30536,   0.7,  -1.3,  -1.0, 136.4, 113.5,1059.8,   2.8,  -1.2
30560,  -0.7,   0.3,  -1.2, -24.3, -14.5, 995.4,   2.8,  -1.1
30584,  -1.7,   1.3,  -1.5,  48.7, -12.3, 993.0,   2.6,  -1.3
30608,  -2.7,  -0.4,  -0.6, 174.7,  45.8,1059.4,   2.5,  -1.4
30636,  -2.0,   0.6,  -0.9,  -2.3,  22.7,1014.7,   2.5,  -1.1
30660,  -2.4,   3.2,  -1.8, 107.8,  88.6, 914.8,   2.9,  -1.4
30684,  -5.2,   8.9,  -0.1,  93.2,-153.6,1417.5,   2.6,  -2.0
30708,  -2.0,  -2.1,   5.0, -14.5,-188.5,1004.4,   1.8,  -0.8
30736,   0.8,   1.8,   0.7,-101.6, -77.7,1081.8,   1.7,  -0.8
30760,  -1.0,   2.9,  -0.1, -95.8, -61.6, 940.7,   1.8,  -0.3
30784,   0.3,  -3.0,  -2.1, 290.4,  29.7,1014.9,   1.7,  -0.6
30812,  -2.3,   2.0,  -1.6,  21.2, -91.8,1109.7,   1.5,  -0.6
30836,  -2.7,   2.5,  -3.0, -46.7, -12.5, 953.9,   1.3,  -0.6
30860,  -0.4,  -0.8,  -3.4,  54.1, 129.1, 931.4,   1.4,  -0.7
30884,  -1.8,   0.6,  -4.2, -45.7,  65.1, 913.9,   1.4,  -0.6
30908,  -1.9,  -3.6,  -3.2, 166.7, -14.5,1097.0,   1.3,  -0.7
30936,  -2.1,  -0.4,  -2.7,   2.6,  21.4, 998.3,   1.4,  -0.7
30960,  -1.3,   0.9,  -2.4,  12.1,  14.8,1121.4,   1.7,  -0.8
30984,  -1.9,   7.6,  -3.8,-102.6, -44.7, 999.3,   1.6,  -1.0
31008,  -1.0,  -0.2,  -1.8,  35.6, -30.1,1142.6,   1.5,  -0.8
31036,  -0.7,   2.5,  -2.6, -37.9,  37.1, 903.1,   1.8,  -0.9
31060,  -2.1,  -1.5,  -3.7,  58.0, 221.1, 928.5,   2.1,  -0.7
31084,  -0.3,  -5.9,   0.6, 108.3,  40.7, 970.5,   1.6,  -0.3
31108,   0.9,   1.0,  -2.1, 174.0,  18.3, 952.2,   1.1,  -1.1
31136,   2.0,   1.4,  -4.0, -41.1, 176.9, 880.2,   1.6,  -0.6
31160,   3.1,  -0.6,  -4.3,  14.6, 150.3, 947.3,   2.0,  -0.6
31184,   1.1,  -0.4,  -2.5, -27.4,  54.9, 896.3,   1.9,  -0.4
31208,   1.9,   1.9,  -2.7, -59.4, 126.7, 930.9,   1.9,  -0.5
31236,  -0.7,   2.2,  -1.4, -53.3,  30.2,1088.2,   1.7,  -0.4
31260,  -0.4,  -0.8,  -1.3,  63.2, -99.2,1110.6,   1.6,  -0.5
31284,   0.2,   0.6,  -1.8,  32.6,  61.5,1009.8,   1.9,  -0.4
31312,  -2.2,  -3.9,  -1.0, 194.0,-125.8,1186.6,   1.7,  -0.7
31336,  -0.4,   2.6,   0.0,  24.6, -44.0,1025.9,   1.5,  -0.7
31360,  -1.0,   0.8,   0.1,  96.6,  86.9, 956.3,   1.8,  -0.4
31384,  -3.2,   4.9,  -1.3,-289.6, 181.3, 765.2,   2.3,  -0.0
31412,  -5.0,  -1.6,   0.7, 154.7,-427.3,1419.5,   1.9,  -0.3
31436,  -0.0,  -2.1,   1.0, 102.2,-166.8,1075.7,   0.9,  -0.5
31460,   5.1,   8.3,   0.7,-208.6, 184.5, 939.2,   1.6,  -0.2
31484,   5.6,  -0.9,  -0.2, -99.0, 118.8,1090.4,   2.3,   0.1
31510,   2.9,   0.3,   1.6,-113.4,  35.1,1007.4,   2.4,   0.3
31534,   2.7,  -2.1,   2.0,  92.9, 190.9, 970.2,   2.3,   0.3
31562,  -1.9,  -0.1,   2.6, -17.7,-119.2,1021.0,   1.5,   0.3
31586,   0.3,   2.4,   0.8,  68.3,  67.8, 987.8,   1.6,  -0.2
31610,   1.2,   0.1,   1.0,-230.8, 212.6, 984.2,   2.1,   0.2
31634,   2.5,   0.1,   1.0, -86.3, -35.5,1045.4,   2.1,   0.1
31662,   4.3,   1.4,   0.6, -71.6,  60.2, 946.6,   1.8,  -0.3
31686,  -3.1,  -3.3,   0.5,-186.4, 164.3, 826.5,   2.7,   0.2
31710,  -9.2, -14.5,   4.0, 365.6,-358.7,1404.6,   2.6,   0.7
31734,  -1.7,   1.8,   1.6,  73.6, -88.7, 975.6,   1.8,   0.1
31762,   1.1,   1.1,   2.4,-176.8, 244.6, 928.5,   2.4,   0.4
31786,  -2.5,  -4.2,   0.6, -48.2, -37.9, 951.0,   2.5,   0.3
31814,  -1.4,   0.8,   1.8, -69.4, -97.5,1259.8,   2.3,   0.4
31834,  -0.7,   5.8,   0.9,-179.0, 117.9, 868.0,   2.3,   0.4
31862,  -3.3,   1.0,   2.5,  49.5,-108.0,1042.3,   1.7,   0.5
31886,  -2.4,   2.2,   3.2,  13.8,  10.0,1118.0,   2.1,   0.2
31910,  -1.6,   2.1,   3.1, -33.8, -18.4,1164.3,   2.4,   0.3
31934,  -1.3,   4.3,   2.5, -71.6,-164.6,1032.0,   1.8,   0.4
31962,   0.4,   5.8,   2.0, -20.6, 102.0, 797.6,   1.5,   0.0
31986,  -2.4,  -3.4,   3.7,-283.5, 239.2, 966.6,   2.5,   1.2
32010,  -1.1,   6.6,   1.0, 476.7, 133.5,1016.1,   1.7,   0.0
32034,   0.6,   5.5,   0.3,-292.3,  55.1, 851.4,   1.1,   0.6
32062,  -0.5,   7.9,  -0.4,-118.2,  32.2, 923.1,   1.7,   0.7
32086,  -0.2,   4.7,   1.3,-215.9,-103.1, 969.3,   1.6,   0.9
32110,  -2.2,  -8.0,   1.7, 266.3,-160.0,1095.7,   1.1,   0.8
32134,  -0.8,   4.9,   1.7,-146.3, 194.8, 856.7,   1.3,   0.9
32162,  -3.0,  -1.7,   2.1, 276.8, -17.1,1052.8,   1.2,   0.8
32186,   0.6,  -0.4,   0.4,  50.7,   1.9,1145.5,   1.0,   0.7
32210,  -2.9,  -4.1,   0.3, 264.6,-230.8,1107.2,   0.9,   0.6
32234,  -0.2,   1.9,  -1.4,  48.7, 249.7, 835.7,   1.4,   0.5
32262,   6.4,  -3.4,   3.2,   9.4, 317.8, 884.3,   1.6,   1.4
32286,   3.7,   4.4,  -0.6,  95.1,  75.1, 930.2,   1.2,  -0.3
32314,   1.6,  -4.5,   0.7, 138.1, 221.1, 990.0,   1.4,  -0.5
32334,  -1.1,   7.9,  -4.1,-253.5, -79.2, 809.4,   1.5,  -0.9
32362,  -2.4,  -1.1,  -0.5, -88.5,  79.3, 935.8,   1.6,  -0.6
32386,  -2.8,  -4.7,  -0.1,  88.3, -75.5,1033.5,   1.2,  -0.8
32410,  -0.5,  -0.6,   0.2, -64.5, 288.0, 994.9,   1.6,  -0.7
32434,  -2.5,   1.9,  -1.0, -92.9, -46.7, 869.9,   1.4,  -1.1
32462,  -3.5,  -5.5,  -0.2, 129.6, -70.1,1033.0,   1.2,  -1.0
32486,  -4.9,  -0.9,  -0.1,  -6.2,   2.6,1103.3,   1.3,  -0.8
32510,   2.2,   1.6,   3.5,-319.4,-323.8,1257.4,   0.5,   0.3
32538,   1.5,  -1.5,  -1.2, 300.7,   1.4,1067.2,   0.1,  -1.5
32562,   2.9,   0.2,   1.7, -38.2, 240.7, 992.7,   0.8,  -0.4
32586,   1.0,   6.3,  -0.4,-143.4,  24.1, 910.9,   1.3,  -0.6
32610,   1.9,  -2.3,   1.9, 119.8,  30.5,1260.0,   0.9,  -0.4
32638,   1.4,   3.2,   1.7,-173.2,  67.3, 924.6,   0.5,  -0.3
32662,   0.1,  -6.0,   2.1, 180.3, 104.0,1124.8,   0.5,  -0.7
32686,  -1.7,  -2.0,   0.0,  82.2,-165.6,1074.0,   0.9,  -0.4
32710,   1.2,   0.1,  -0.4,  46.3, -47.2, 865.8,   0.6,  -0.4
32738,  -0.9,   0.8,  -3.6,-396.8,-204.2,1422.6,   0.9,  -0.6
32762,   0.6,  -8.6,   1.0, 749.7,   8.7, 604.3,   1.2,  -0.7
32786,   0.9,   4.2,  -6.5, 294.4,-166.3,1061.8,   0.6,  -2.2
32814,   0.6,   3.7,  -0.2, 120.5, -47.7, 970.2,   0.5,  -2.3
32838,   1.0,  -5.9,  -0.3, 293.4,  56.8,1201.9,   0.6,  -2.2
32862,   1.7,   3.6,  -1.6, 134.4,  16.1, 956.6,   0.5,  -2.2
32886,   2.4,  -0.6,   0.1,  56.8, 148.1, 962.2,   0.4,  -2.1
32910,  -0.2,  -1.2,   0.7, 321.5, 102.7,1397.7,   0.8,  -1.7
32938,   1.8,  -8.4,   0.8, 448.2,  53.2,1119.7,   0.9,  -1.5
32962,   2.6,  10.8,  -0.2,  81.5, 175.0, 887.2,   1.4,  -1.7
32986,   0.4,  -6.7,   5.6,-425.9,-303.5, 992.7,   1.4,   0.3
33010,  -1.6,  -4.6,   0.6, 808.5,  -0.8, 934.4,   1.6,  -2.4
33038,  -0.6,  -0.4,   2.1,-571.9, 146.4, 913.6,   1.3,  -0.7
33062,  -2.0,   6.9,  -1.8, -32.8,  64.6,1056.4,   1.9,  -1.7
33086,  -0.5,  -2.3,   1.1,   4.8, -43.0, 964.4,   1.4,  -1.1
33110,   0.6,   1.7,   0.5,  29.2,   8.7, 885.0,   1.4,  -1.6
33136,   0.6,  -0.4,   2.0,   7.7,  29.0,1216.3,   1.5,  -1.1
33160,  -0.2,   4.1,   2.9,  26.8, -51.8,1029.6,   1.3,  -1.0
33188,  -1.3,   4.1,   1.1, -32.3, 120.3, 670.2,   1.5,  -1.0
33212,   1.5,  -6.1,   7.9,-251.5, 227.0, 959.0,   1.3,   0.3
33236,  -2.6,  -6.2,   2.7, 509.0,-250.1, 849.6,   1.7,  -1.6
33260,   2.0,   1.9,   0.9,-180.3, 276.3,1070.8,   1.4,  -0.4
33288,   1.3,   8.8,  -0.8,-287.4, 219.7, 684.4,   1.9,  -0.6
33316,  -6.5,   2.9,  -4.1, 330.7, 188.7, 378.7,   2.2,  -1.3
33336,  12.8,  16.0,   7.6,-118.7,-277.2,1666.0,   1.1,   0.2
33360,   6.8,  -3.2,   1.5, 267.7,  97.1, 730.5,   1.3,  -0.5
33388,  13.4,   2.1,   0.3,  66.1, 180.9,1027.4,   0.9,  -0.5
33412,  14.5,   7.7,  -5.2,-166.3, 359.6, 785.9,   2.4,  -0.8
33436,   8.0,  -8.1,  -0.5,  62.4, -62.1,1444.6,   3.4,   0.3
33460,   6.8,   3.0,  -3.5,-240.1,-190.7, 945.3,   3.1,  -0.1
33488,   5.9,  -3.3,   2.1,  56.6,  44.6,1143.1,   2.9,   0.2
33512,   4.1,   9.9,   1.4,-338.9, 108.3, 889.4,   2.9,   0.2
33536,   0.3,  -0.7,   0.5, 122.7,  24.6, 990.5,   2.7,  -0.3
33564,   5.0,   4.0,  -0.7,   6.0, 225.3,1068.4,   3.5,  -0.6
33588,  13.0, -10.5,   4.6,  74.9, 400.1, 727.8,   4.0,   1.2
33612,  12.0,  13.0,  -6.0, -56.7, 111.5, 680.5,   4.0,  -1.4
33636,   4.5, -13.8,  -1.2, -13.3, 265.1, 981.5,   4.5,   0.7
33664,   3.3,   3.9,  -3.3,-281.6,  12.9,1422.9,   4.0,  -0.4
33688,   0.6,   0.3,  -2.9, 127.8,  92.2,1147.3,   4.5,  -0.2
33712,   1.5,  10.9,  -5.3,-332.1,  19.7,1063.0,   3.8,  -0.2
33736,  -4.1,  -8.2,  -2.7, 337.8,  46.1,1018.6,   3.9,   0.0
33764,  -4.8,   3.6,  -3.9,  17.3,  -3.0, 716.3,   3.9,   0.0
33788,  -1.6,   9.0,  -0.8,-253.0,-203.2,1339.6,   3.9,  -0.2
33816,  -0.2, -12.5,   3.1, -86.5, 127.4, 654.1,   4.1,  -0.4
33836,  -5.5,   9.1,  -7.7, 167.2,-445.4,1437.8,   3.0,  -3.1
33864,  -2.3, -13.6,  -0.5, 279.9, 123.0, 884.8,   3.2,  -1.1
33888,   0.9,   7.3,  -4.4,-121.4,   7.3,1110.1,   3.0,  -1.6
33912,   0.0,   0.2,  -2.2,  89.3, -29.6,1163.4,   3.0,  -1.4
33936,  -3.0,  -4.5,  -3.3,  80.2, -63.5,1024.7,   3.1,  -1.0
33964,  -0.7,   1.0,  -2.2, 106.1, -86.2,1076.0,   2.6,  -1.5
33988,  -2.7,   0.9,  -0.7, 250.9,  67.8, 981.2,   2.5,  -1.6
34012,  -2.6,   9.4,  -0.5,-463.0,-166.8,1208.3,   2.9,  -1.3
34036,  -4.3, -13.9,   4.1, 698.9, 107.1, 737.8,   2.7,  -1.3
34064,   1.2,  10.0,  -2.5,-261.6,  41.0, 852.8,   2.1,  -1.8
34088,   1.7,   3.3,   0.7, 100.5, 239.2, 806.7,   3.0,  -1.2
34112,   1.4,  -5.5,   1.3, 270.7,  -8.4, 947.5,   2.8,  -1.1
34136,   2.2,   0.6,   1.9,  75.1, 118.6, 814.2,   2.6,  -0.9
34164,   4.5,  -2.0,   3.0, 152.8, 176.2,1104.5,   2.5,  -0.8
34188,   0.9,   0.5,  -0.2, -60.1, -80.4,1131.1,   2.6,  -0.8
34212,   0.4,  -0.9,  -2.4, -35.2,   8.2, 950.0,   2.6,  -0.6
34236,  -4.6,   0.9,  -5.0,   9.0, 130.6, 871.6,   3.7,  -1.1
34264,   0.1, -18.8,   2.6, 975.3,  78.1, 821.3,   3.2,  -0.6
34288,   1.4,   9.4,  -1.3, 219.9, -41.1, 998.1,   3.1,  -0.8
34316,  -2.7,   0.8,   0.2,  43.9, -73.3,1046.2,   2.9,  -0.8
34336,  -0.4,   1.0,   0.4,-184.4,  91.3, 974.9,   3.1,  -0.4
34364,   2.3,   2.5,   0.6, 102.2,  76.6, 904.6,   2.7,  -0.6
34388,   1.8,   4.0,   0.4,-294.5,  70.0,1073.3,   2.6,  -0.5
34412,   2.3,  -1.3,   0.4, 237.2,  18.7,1185.8,   2.5,  -0.5
34436,   0.9,  -0.3,  -2.2,  88.3,-120.4,1024.2,   2.3,  -0.5
34464,  -3.1,  -0.3,  -4.0, 254.8,  68.8, 817.7,   3.8,  -1.0
34488,  -0.8,  -7.5,   2.6, 188.2, -64.3, 876.0,   3.1,  -0.6
34512,  -0.3,  -4.0,   0.3, 456.7,  23.4,1177.0,   2.4,  -1.5
34536,   1.1,   4.1,   1.7,-228.6, 358.3, 751.5,   3.1,  -0.5
34564,  -2.1,  -7.2,  -1.4, 146.9, -52.3,1210.5,   3.2,  -0.6
34588,   0.3,   4.6,  -1.4,-239.1,-176.8, 770.3,   2.8,  -0.3
34612,   0.0,  -7.2,   1.2, 218.9,  11.4,1026.9,   2.4,  -0.4
34640,   0.5,   6.0,  -1.9,-180.0, -47.9,1128.9,   2.7,  -0.4
34664,  -0.2,  -1.2,  -1.0,  49.7, -72.1, 865.8,   2.7,  -0.5
34688,  -1.6,   5.3,  -3.2,  35.1,  34.4, 982.9,   3.0,  -1.0
34712,  -2.1, -10.0,   1.0, 200.4,  30.2, 936.1,   3.1,  -0.0
34740,   2.6,  11.9,  -4.1, -93.1, -13.7, 723.9,   2.9,  -0.9
34762,   2.2,  -4.5,   1.9, 109.0, 309.8, 864.5,   3.2,  -0.0
34790,  -2.8,  -3.7,  -0.3,   0.9,-200.7,1079.6,   2.8,  -0.0
34818,  -1.4,   4.2,  -1.4, 169.1, -19.8, 977.8,   2.7,  -0.1
34838,   0.7,   2.7,  -0.5,-187.3,  91.0,1068.1,   2.4,   0.5
34862,   2.3,   0.7,  -1.6, 239.7,  89.3,1060.1,   2.7,   0.3
34890,   2.0,  -1.9,  -1.6,-100.4, -48.9, 995.6,   2.2,   0.8
34914,  -1.0,   4.5,  -5.6,-111.7, 231.4, 724.2,   3.2,   0.0
34938,  -7.4, -18.0,   0.3, 299.7,-645.1,2293.0,   3.0,   1.1
34962,  -0.4,  18.6,  -4.3,-502.5,-197.8, 711.0,   2.2,   0.3
34990,   3.4,  -0.7,  -1.1,  89.8, 280.7,1040.1,   2.6,   0.8
35014,  -1.0,   6.3,  -3.3,-150.7, 171.8, 817.4,   2.9,   0.6
35038,   0.0,  -1.1,  -3.3,  25.6, 263.9, 878.0,   3.1,   0.6
35062,  -1.2,  -0.1,  -4.9,-107.3, -83.1,1138.2,   2.5,   0.8
35090,  -1.0,  -2.1,  -4.2,   6.5, 176.9, 816.0,   2.4,   0.6
35114,  -3.4,  -4.2,  -5.4, -78.2, -45.7,1013.7,   2.0,   0.5
35138,  -4.7,  -6.1,  -6.3, 327.6,  51.0, 966.3,   2.3,  -0.1
35162,   1.0,  11.6,  -3.8,-958.3, 158.2, 541.5,   3.0,   1.0
35190,   5.6,   6.4,  -6.5,  67.3, 129.6, 770.8,   2.2,  -0.6
35214,   4.0,   2.2,  -5.6,-230.1, 286.1, 900.4,   3.1,  -0.2
35238,  -1.4,  -4.8,  -3.3,  33.4, -64.5,1024.4,   4.0,   0.2
35262,  -1.1,  -4.5,  -0.8, 310.5,-171.4,1167.8,   3.7,   0.4
35290,  -2.3,  -2.6,  -0.1, -26.7,-108.9,1135.3,   2.8,   0.3
35318,  -0.6,   4.0,  -0.5,  64.1,  33.9, 930.0,   2.8,   0.4
35338,  -0.5,   5.2,  -1.0,-285.2, 128.9, 933.6,   2.9,   0.6
35362,  -2.0,  -3.3,  -2.0, 351.5, -68.9,1264.9,   3.2,   0.1
35390,   0.6,  -6.4,  -1.6, 100.7, 226.5, 826.5,   3.4,   0.7
35414,  -0.5,   5.5,  -3.2,-335.3, 222.8, 651.2,   4.5,   0.7
35438,   5.3,  -6.7,   0.8, 470.9, 344.7, 861.4,   3.5,   1.0
35462,  -1.6,   3.5,  -2.1, 259.7,-173.9,1207.6,   3.7,   0.3
35490,  -2.5,  -5.4,  -0.3, 207.7,  34.1, 993.4,   4.1,   1.2
35514,   0.7,   1.0,  -1.5,  -7.4, -58.2,1065.0,   4.1,   1.2
35538,   2.1,  -7.7,  -0.4, 202.3,  75.4, 932.9,   3.9,   1.1
35562,   1.1,   1.3,  -1.1, -41.1, 256.3, 971.0,   4.3,   0.9
35590,  -3.5, -10.2,   0.4, 258.0, -95.3, 935.1,   3.5,   1.1
35614,  -4.7,  -7.3,  -0.2, 172.0,-149.0,1209.8,   3.4,   0.9
35638,  -6.1,  -2.0,  -1.6,  27.5, 245.3, 617.0,   4.5,   0.7
35666,  -6.0,  -0.7,   1.9, -82.8,-139.2,1493.4,   4.3,   0.0
35690,   1.3,   3.0,   4.8,-185.9,  65.1, 867.7,   3.6,   0.3
35714,   3.1,   9.3,   1.4,-304.0, 125.9, 878.5,   3.8,   0.2
35738,  -0.4,  -6.6,   0.6, 235.0, -84.5, 917.8,   3.9,   0.4
35766,   2.0,  -0.6,   1.4,  84.4,  50.5, 972.9,   3.8,   0.2
35790,   2.8,  -5.6,   4.6, 153.5,  12.6,1159.2,   3.5,   0.5
35818,   1.8,   2.1,   2.5, -36.2, 104.4,1083.0,   3.6,   0.6
35838,   0.0,  -0.4,   4.3,-110.2, 171.3, 924.4,   3.8,   1.1
35866,   1.1,  -1.7,   3.1, 111.0,  42.7, 843.8,   3.7,   0.4
35890,   2.4,  -4.8,   5.4, 188.9,-173.1,1644.3,   3.8,   1.0
35914,  -1.1,  13.5,   2.4,-202.2,  83.7, 782.3,   4.0,   0.0
35938,   4.0,   6.8,   4.8,-602.4, 434.5, 982.9,   4.1,   0.7
35966,   1.2,   7.9,   4.1,-107.7,  63.4,1006.1,   4.2,   0.2
35990,  -2.1,  -2.8,   4.5,  98.6, -50.3,1038.6,   3.8,   0.4
36014,   0.6,   3.7,   4.3, -10.3, 124.0, 828.4,   3.6,   0.3
36038,   2.2,   8.5,   4.1,-235.7,  68.6, 778.1,   3.3,   0.5
36066,   5.5,   6.5,   4.3, -63.6, 273.1, 768.8,   3.8,   0.7
36090,   1.0,  -1.5,   3.8,  56.1,  86.6, 838.9,   3.9,   0.7
36114,  -0.9,   3.8,   1.7, 137.9, -65.0,1513.7,   4.5,  -0.3
36138,  -1.4, -10.9,   6.5, 335.9,  80.0, 946.1,   4.3,   1.0
36166,  -1.4,   9.0,  -2.0,-360.4, -21.5,1002.2,   3.6,  -0.9
36190,  -0.7,  -1.2,   2.1, 295.8, 286.8, 934.8,   4.0,  -0.4
36214,  -0.8,   1.1,   1.8, -29.6, 187.7, 725.1,   4.1,  -0.3
36238,   0.3,  -3.0,   0.5, 314.6,  70.5,1303.5,   3.9,  -0.4
36266,  -1.0,   0.2,   2.1,-187.3, -44.0,1084.5,   3.5,   0.2
36290,   0.3,   0.3,   1.6,  32.6,  53.2, 964.6,   3.5,  -0.1
36318,  -2.3,   2.9,  -0.2, -64.8, -22.5,1060.3,   3.3,   0.1
36338,  -4.1,   0.9,  -0.5,  72.4, 299.5, 674.4,   4.3,   0.0
36366,   0.1, -10.1,   2.6, 263.8,   8.0, 700.7,   4.3,   1.0
36388,  -2.5,   9.7,  -3.8,   3.6,-183.9, 972.9,   3.9,  -0.7
36416,   2.1,  -4.4,   0.4,  69.3, 484.3, 723.4,   4.5,   0.6
36440,   1.5,   0.6,  -1.4, -17.7,  22.7,1112.8,   4.1,   0.6
36464,  -2.7,   0.2,  -2.3,  82.2,  -0.3, 898.5,   3.9,  -0.3
36488,   0.7,   5.6,  -1.2,-211.8, 133.2, 889.2,   3.5,   0.2
36516,   1.1,  -6.3,  -2.0, 208.2, 113.5, 958.5,   3.9,   0.1
36540,   2.5,  10.2,  -3.8,-249.6,  81.7, 848.9,   3.7,  -0.1
36564,   3.5,  10.5,  -3.6,-756.9, -97.2, 951.7,   3.5,  -0.1
36588,   1.5, -18.3,   1.1, 535.1, 315.9, 594.3,   4.3,   0.6
36616,  -2.9,  11.5,  -7.8,-331.9,-183.9, 965.6,   3.9,  -1.3
36640,  -3.7,  -1.5,  -3.3, 120.3,  61.5, 951.0,   4.3,  -0.8
36664,  -3.6,  -8.2,  -2.5, 244.1, -65.5,1120.6,   4.1,  -1.0
36688,  -3.2,  -1.4,  -1.0,  96.4,  86.6, 894.6,   4.0,  -0.9
36716,  -3.3,  -1.7,  -1.7,  75.8,-106.0,1151.9,   3.6,  -0.9
36740,  -2.2,   4.0,  -1.2,-137.8,   0.7, 970.0,   3.5,  -0.7
36764,  -0.8,   4.6,  -2.1,-204.9,  49.5, 851.1,   3.3,  -0.8
36792,  -2.9,  -4.5,  -2.0, 387.6, 246.5, 733.9,   4.3,  -1.5
36820,   4.3,   0.8,   4.4, 588.1,  23.9, 155.1,   4.5,  -2.9
36840,   7.8,  -2.3,  -0.1, 319.3, 178.7,1064.2,   4.8,  -2.3
36864,   4.5,  -1.7,   1.5,  19.4, 267.3, 930.0,   6.4,  -1.3
36892,   3.4,   7.7,  -2.6,-372.2,  10.7, 664.3,   6.6,   0.1
36916,   3.1,  -2.8,  -1.6,  -3.7, 172.3, 775.4,   5.6,  -0.2
36940,  -4.7,  -3.1,  -1.3,  79.3, -67.2,1222.7,   4.7,  -0.1
36964,  -3.2,  -3.6,  -1.4, 243.6,  -8.4, 957.1,   4.5,  -0.5
36992,  -1.1,   1.4,  -4.8,-145.3, 149.6,1039.8,   4.5,  -0.3
37016,  -2.5,  -1.8,  -6.3,  17.7, 188.9, 798.6,   5.1,  -0.4
37040,  -0.5,  10.0,  -5.0,-210.8,-253.0,1270.1,   4.9,  -0.7
37064,  -0.3,   3.2,  -3.0,  63.6, -75.5, 790.3,   4.1,  -1.1
37092,  -2.4,  -2.6,  -2.5, 102.0,   6.3,1109.9,   4.2,  -0.7
37116,  -0.5,   2.2,  -1.8,-118.5, 108.8, 831.1,   4.6,  -0.2
37140,   2.3,  -1.5,  -2.1,  64.9, -63.3,1116.7,   3.9,  -0.3
37164,   3.4,  -1.0,  -1.5, 167.2,  55.9,1043.2,   3.6,  -0.8
37192,  -1.4,  -3.8,  -1.8, 129.6,  -5.4, 805.9,   4.0,  -0.5
37216,  -1.9,  -2.2,  -1.1, 235.5,-195.4,1291.5,   3.4,  -0.8
37240,  -4.0,  -3.9,  -0.9,  83.4, 128.4, 838.2,   3.8,  -0.3
37264,  -2.4,   6.1,  -1.5,-257.4, -21.3,1053.0,   4.3,  -0.2
37292,   6.0,  13.3,  -1.3,-527.2,  32.2, 562.5,   3.1,  -0.3
37320,   3.1,  -8.4,   0.5, 202.8, 225.5,1123.8,   3.3,  -0.7
37340,  -1.0,   1.2,  -2.4,-148.0,  -3.5, 810.1,   3.5,  -0.5
37364,   6.6,  11.0,  -1.1,-185.9, 166.7, 816.7,   4.0,   0.2
37392,   2.8,   5.8,  -0.8,-142.7,  22.7,1014.9,   4.0,   0.5
37416,   1.4,  -7.2,   0.3, 263.1, -17.9,1310.6,   4.0,   0.3
37440,   3.6,   9.6,  -1.8, -90.9, 185.0, 761.3,   4.7,   0.6
37464,  -0.9,   5.0,  -2.7, -61.1,  99.1,1037.6,   4.9,   0.2
37492,   3.7,  -7.8,   4.6, 166.7, 246.5, 754.2,   4.6,   0.8
37516,   3.4,   5.7,  -2.0,  77.6, 292.4, 756.9,   4.4,  -0.3
37540,  -2.7,  -0.9,  -0.8,-111.2, 112.5, 974.2,   5.0,   0.4
37564,   1.5,   6.9,   0.0,-335.8, 189.2, 745.6,   5.1,   0.7
37592,  -3.5,  -1.7,   0.3, 134.9, 107.9, 885.5,   4.3,   0.4
37616,  -0.8,   3.2,   0.6, -85.3,  49.8,1257.4,   3.7,   0.3
37640,  -2.5,   2.1,  -0.4, -87.7, -32.0, 955.6,   3.8,   0.4
37664,  -1.8,  -5.2,  -0.3, 206.5,  77.3, 959.3,   3.8,   0.3
37692,  -1.1,   2.3,   0.4,   2.4, 315.1, 776.4,   4.1,   0.2
37716,  -1.4,  -8.0,   5.6,-106.5,-313.3,1334.3,   3.9,   1.0
37740,   2.9,   1.4,   2.9,  42.6, 123.0, 978.8,   3.5,   0.1
37768,   3.1,   3.2,   4.5, -34.0, 236.3, 943.4,   3.8,   0.4
37792,  -0.5,   5.7,   5.0,-283.5,  28.5, 818.9,   3.9,   0.9
37820,   2.0,   7.0,   5.1,-100.2, 315.6, 696.8,   4.3,   1.2
37840,  -0.5,   3.3,   4.4,  47.5,-124.6, 843.1,   3.8,   1.1
37868,  -3.2,  -2.5,   3.0, 163.7, -94.3,1176.3,   4.0,   0.9
37892,  -4.5,  -7.0,   4.2, 323.9,-154.1,1304.7,   3.8,   0.9
37916,  -3.5,   4.6,   3.4, -72.6, 306.3, 740.0,   4.5,   0.9
37940,  -5.0,  -7.0,   6.4, -22.1,-784.5,2127.0,   4.0,   1.6
37968,   5.3,   1.5,   3.9, -80.2, 281.7, 753.0,   3.6,   0.5
37992,   2.0,  -9.1,   5.0, 345.6, 206.2,1276.9,   3.8,   0.9
38018,   5.3,  10.2,   0.4,-202.5, 151.3, 865.8,   4.2,   1.0
38042,   3.9,  -1.9,   2.0, 192.1, 168.9,1033.7,   4.3,   1.0
38066,   1.8,   5.0,   0.3,-160.2,   3.1, 824.0,   3.8,   0.9
38090,  -0.9,  -6.2,   1.9, 235.8,  30.7,1235.1,   3.6,   1.0
38118,  -1.9,  -1.3,   0.4, -50.1,  83.0, 795.4,   3.7,   0.8
38142,  -1.9,  -1.7,  -1.6, 188.6, 239.0, 854.3,   4.3,   0.2
38166,  -7.3,  -6.3,   3.4,-472.0,-207.6,1198.3,   4.0,   1.0
38190,  -3.0,  -8.0,  -0.4, 540.2, -39.8,1263.7,   4.2,  -0.5
38218,  -2.1,  -0.6,   1.4,-204.7, 249.7, 884.3,   4.1,   0.6
38242,  -3.1,   2.7,  -1.6,-145.8,  -6.6,1028.4,   4.1,  -0.0
38266,   0.4,   6.0,  -0.8,-161.2, 159.9, 888.7,   4.1,   0.3
38290,  -0.8,   0.0,  -1.1,-110.7, -89.4, 984.2,   3.5,   0.0
38318,   2.9,   0.5,  -1.6, 108.8, 158.2, 947.3,   3.6,  -0.1
38342,   0.4,  -3.3,  -4.2, 150.3, 108.6,1149.2,   3.4,  -0.2
38366,  -4.6,   3.6,  -4.0, 103.7, 112.5, 892.4,   3.9,  -0.7
38390,  -2.6,  16.6,  -0.4,-1042.8,  77.6,1174.8,   4.6,  -0.1
38418,  -2.9,  -0.1,   0.8, 637.1, -61.6,1204.9,   3.5,  -1.6
38442,  -2.2,   8.3,  -2.1,-572.6,-136.5,1121.6,   2.5,  -0.5
38466,  -1.0,   4.2,  -2.4,  59.5, 175.0,1043.7,   3.2,  -0.9
38490,   1.5,  -0.4,  -3.5, 116.4, -64.5,1300.3,   3.0,  -0.7
38518,   5.0,   0.2,  -2.7,  29.0,  -1.3, 921.9,   2.6,  -0.5
38542,   2.9,   1.6,  -2.4, 180.8,  57.3,1007.6,   2.8,  -0.5
38566,   1.7,  -2.0,  -2.6, 204.0, -88.9,1324.7,   2.7,  -0.4
38590,   0.7,   0.9,  -4.9, -36.7, 196.0, 827.7,   3.3,   0.1
38618,   5.6, -10.6,  -1.3, 396.4, 285.8, 875.0,   3.6,   0.5
38642,   1.4,  -0.3,  -5.6, 117.8,  72.7,1298.1,   3.0,  -0.7
38666,   3.4,  -5.3,  -2.2,  76.1, 109.1,1061.8,   3.4,   0.1
38690,   1.7,   6.0,  -4.6,-261.8, 184.5, 811.8,   3.6,  -0.0
38718,   1.5,  -2.2,  -3.3,  31.7, 100.0,1019.1,   3.4,  -0.4
38742,  -0.3,   2.2,  -4.6, -42.1, -75.5,1286.2,   3.2,  -0.5
38766,   0.8,   6.1,  -3.1,-178.1,  39.0, 875.3,   3.3,  -0.0
38790,   2.5,  -0.8,  -4.1, 106.9, 117.6,1007.4,   3.4,  -0.5
38818,   0.7,   6.4,  -4.0,-416.1,  92.0,1134.8,   3.4,   0.1
38842,  -3.0,  -0.0,  -2.1, 259.9,-216.1, 619.7,   3.0,  -0.1
38866,  -1.9,   4.6,  -7.4, 137.1, -83.8,1210.2,   2.7,  -1.3
38894,  -2.4,   2.4,  -4.5,  33.1, 140.1, 896.8,   3.2,  -0.5
38918,  -1.2,  -9.4,  -2.7, 345.9,  54.6, 974.9,   2.8,  -0.5
38942,   1.8,   1.3,  -3.8,  25.6, 213.8, 982.5,   2.6,  -0.8
38966,   1.1,  -2.3,  -3.1,  11.4,  22.9,1090.6,   2.4,  -0.4
38994,   1.7,   2.8,  -2.4,-114.1,   1.4, 972.9,   2.7,  -0.4
39018,   3.4,  -0.3,  -3.5, -99.4, 244.8, 795.0,   2.6,  -0.5
39042,  -1.9,  -3.9,  -3.7,  -9.6, 137.4,1021.8,   3.7,  -0.4
39066,   5.9,   2.1,  -2.1, -59.4,  72.5, 520.5,   2.8,  -0.2
39094,   3.7,   3.3,  -4.9, -17.2, -68.9,1147.5,   3.0,  -0.8
39118,   0.9,  -5.3,  -3.7,  49.7, -45.0,1090.9,   4.0,  -0.2
39142,   1.1,  -7.2,  -3.3, 349.8, -74.3,1420.7,   3.9,  -0.3
39166,   0.4,  -4.5,  -4.4,-126.1,-142.4, 955.6,   3.7,   0.2
39194,   0.7,  -5.8,  -3.2,   9.4,-152.4,1194.9,   3.3,  -0.2
39218,   3.5,   3.0,  -4.1, -15.5, 225.5, 737.1,   3.8,  -0.0
39242,  -0.4,  -2.4,  -4.8, -98.5, 141.1,1045.2,   4.2,  -0.0
39266,   2.1,  10.4,  -2.5,-362.6, 217.7, 697.5,   5.0,   0.3
39294,   0.9,   1.1,  -2.2, 113.4,  51.2,1074.3,   4.7,  -0.0
39322,  -0.4,  -2.8,  -0.2,-233.5, 167.2, 908.5,   4.8,   0.2
39342,  -0.5,   1.2,   0.7,  63.6,  11.4, 892.9,   4.7,   0.2
39366,   0.6,   3.1,   1.1,  77.8,  58.1,1241.0,   4.4,   0.2
39394,   0.3,  -2.8,   1.2, 208.7, -51.1,1136.8,   3.8,   0.0
39418,  -0.8,   2.9,   1.0,-158.0, 157.9, 814.2,   4.0,   0.4
39442,  -0.3,  -7.7,  -0.6, 150.3,-147.0,1097.7,   3.6,   0.3
39466,  -2.8,   0.2,  -0.4,-162.4, 182.1, 847.9,   3.7,   0.6
39494,  -4.7,   7.3,  -1.0,-251.5,-197.3,1338.4,   3.8,  -0.4
39518,   2.2,   1.6,   1.7,-167.6, 214.8,1018.3,   3.3,   0.3
39542,   0.3,  10.4,  -2.1,-414.4,  97.6, 808.9,   3.5,  -0.1
39566,   1.4,   0.8,  -1.7,-106.5, 271.7, 829.4,   3.6,   0.2
39594,  -0.3,   6.4,  -3.4,-278.6, -56.4, 989.8,   3.3,  -0.1
39618,   1.2,   2.7,  -1.1,-130.5,  59.3, 928.5,   3.1,  -0.1
39644,   2.2,   5.7,  -0.1,-402.4, 290.0, 573.8,   3.8,   0.4
39668,   0.7,   2.8,  -1.1,   5.8,  49.5,1212.7,   3.7,   0.2
39692,  -3.3,   1.1,   0.1, -96.5,  37.1, 596.5,   3.9,   0.7
39716,   8.6,   7.1,   5.0,-301.4,-139.2,1400.2,   3.3,   2.0
39744,   2.5,  -7.1,  -2.7, 349.0, 191.4, 896.3,   3.4,   0.4
39768,   0.5,   0.3,  -2.2, -11.3, 204.0,1120.4,   3.9,   0.6
39792,  -0.9,   1.1,  -4.0,-275.5, 129.8, 916.3,   4.2,   0.6
39820,  -3.8,  -5.3,  -1.5, 105.9, -46.4,1064.7,   4.0,   0.4
39844,  -5.4,  -0.3,  -0.7,   7.5,-113.3, 928.3,   3.5,   0.2
39868,  -0.4,  -0.1,  -0.7, 110.0, 245.6,1096.7,   3.4,  -0.1
39892,  -0.9,   3.5,  -0.3, -77.5,  90.8, 925.6,   3.6,   0.0
39920,   0.1,   3.6,  -0.2,-186.4, -31.5, 973.9,   3.5,   0.1
39944,  -4.9,  -7.1,  -2.1, 385.2, -41.8,1720.0,   4.4,   0.1
39968,  -0.4,  -3.8,   1.9,  86.6, -98.2, 725.6,   3.4,   1.2
39992,   0.2,  -5.7,  -0.1, 615.2, 125.7,1128.9,   3.7,  -0.1
40020,  -1.8,  -2.8,  -1.2,  77.8,  35.3,1220.0,   3.7,   0.9
40044,   0.1,  -2.2,  -2.9,  66.1, -49.6,1078.2,   3.8,   0.5
40068,  -1.1,   2.6,  -4.1,-213.5, -95.3, 928.5,   3.7,   0.8
40092,  -2.7,  -8.2,  -2.7, 186.0, -11.3,1353.1,   3.6,   0.5
40120,  -3.0,   0.8,  -5.5,  30.9, -91.8, 869.2,   3.5,   0.4
40144,  -2.9,  -3.8,  -5.5, 100.5,  99.3,1244.2,   3.4,   0.5
40168,  -2.9,  -3.0,  -5.9,  47.0, 268.3, 699.0,   4.4,   0.4
40192,  -4.1,  12.4,  -5.7,-168.5,-271.5,1161.9,   4.6,  -1.1
40220,   6.2,  12.4,  -1.5,-196.1, 332.0, 891.4,   4.4,  -0.7
40244,   3.6,   8.6,  -1.3,-465.9, -49.1,1014.4,   4.3,  -0.6
40268,   2.9,  -1.4,  -0.7, 357.3,  37.1,1181.2,   4.9,  -0.9
40292,   5.9,   0.5,   0.6,-100.4, -31.1,1107.0,   4.8,  -0.2
40320,   0.7,  -1.8,  -0.7, 386.9,-137.0,1066.4,   4.6,  -0.6
40344,   2.8,  -0.0,   2.4, -31.6, 102.7, 926.3,   4.5,  -0.0
40368,  -1.4,   0.8,   0.0,  26.5,-126.5,1062.3,   4.3,  -0.3
40392,  -3.3,   0.2,  -1.0, -42.6, 108.3, 837.7,   4.7,   0.1
40420,  -7.2,  -5.8,   1.8,-687.3,-749.1,1548.6,   4.0,   0.3
40444,   2.8,  -1.7,   3.3,  14.3, 405.0, 846.0,   5.0,   0.4
40468,   1.6,   9.6,  -4.0,-568.4, 139.8, 846.2,   5.9,   0.2
40492,   2.8,  -5.5,  -1.5, 191.8,  71.2, 935.6,   5.6,   0.0
40520,   1.8,   6.8,  -0.5,-455.9, 178.9, 842.8,   5.1,   0.4
40544,   0.3,   4.6,  -0.1,-156.6,  91.5, 720.2,   4.8,  -0.1
40568,  -1.4,  -3.7,  -0.2, -10.6,  84.4,1110.9,   4.5,   0.1
40592,  -3.0,  -3.3,  -1.2,  69.3,-136.5,1161.9,   4.7,  -0.1
40620,   1.2,  -5.0,   0.1, 125.9, 277.8, 782.5,   5.0,  -0.0
40644, -11.6, -13.8,  -1.6, 928.4, 104.9, 913.6,   6.6,  -0.9
40668,  -4.4,  13.5,   3.9,-294.5,-823.8,1911.9,   5.2,  -0.3
40692,  -3.3, -10.0,   6.9, 208.4,  43.4,1048.6,   5.9,   0.2
40720,  -2.6,  -8.8,   4.2, 202.3, 150.8,1326.2,   5.4,   0.5
40744,  -0.9,   8.0,   0.6,-113.6,  73.7, 753.2,   5.2,  -0.0
40768,  -0.8,  -7.8,   2.5,  34.3, -29.1, 980.5,   4.8,   0.8
40792,   1.0,   2.1,  -0.5, -49.9, -24.2,1101.4,   4.7,   0.4
40820,  -2.5,   1.3,   1.2, -69.7, -33.3, 825.0,   4.5,   0.5
40844,  -1.9,  -3.8,   2.0, -53.3, 208.9, 895.5,   4.5,   1.0
40868,  -3.5,   1.2,   0.3,-389.2,  59.0, 976.4,   4.9,   1.6
40892,   2.3,  -0.3,   0.1, 222.6, 186.7, 900.7,   3.3,   0.6
40920,   1.4,   4.3,  -2.7, -81.1,  74.4, 996.4,   4.1,   0.1
40944,  -0.7,  -7.9,  -1.6,  25.8,  87.6,1077.9,   4.6,   0.6
40968,  -1.5,  -1.3,  -1.0,   9.4, -29.1, 910.7,   4.6,   0.4
40996,   0.4,  -3.3,   0.7,  75.8,  18.3,1042.0,   3.9,   0.6
41020,   3.1,   0.6,   0.7, 130.0,  48.8,1022.5,   3.7,   0.4
41044,   5.0,   2.4,   1.4,  70.2, 130.6,1057.4,   4.0,   0.1
41068,   1.2,  -0.4,   0.1,-116.0, -68.7, 951.2,   4.3,   0.3
41096,  -3.4, -15.3,   5.3,-482.0,-304.7,1661.9,   5.1,   0.9
41120,  -3.2,   2.7,  -3.0, 512.4,-291.1,1061.3,   4.6,  -1.4
41144,  -0.2,   8.6,  -3.0,-614.1, 203.6, 848.2,   4.7,  -0.5
41168,  -5.2,  -8.7,   1.0, 157.1, -61.1,1088.4,   5.0,  -0.7
41196,  -1.4,   1.9,   1.6, -36.5, 145.9, 889.9,   5.1,  -0.6
41220,   0.3,   0.6,   0.8,  39.2, -54.5,1054.0,   4.6,  -0.6
41244,  -1.4,   3.5,   2.8,-292.6, -40.3, 913.9,   4.8,  -0.1
41270,  -4.3,  -3.1,   2.2, 224.5,-272.8,1355.7,   4.2,  -0.4
41294,  -6.8,  -1.7,   1.7,  88.1,-145.3, 952.9,   4.6,  -0.4
41322,  -4.9,   1.5,   3.7,-131.4,-143.1,1074.7,   4.2,  -0.2
41346,   1.8,  -4.1,   4.9,   3.1, 333.2, 923.4,   4.0,   0.7
41370,   3.1,  11.1,  -0.2, -53.1,  51.0, 975.6,   3.9,  -0.3
41394,   2.6,   0.6,  -0.3,-109.2,  54.6,1149.2,   3.9,   0.5
41418,   0.1,   0.5,  -2.4,-177.1,-132.6, 848.2,   3.7,   0.3
41446,   2.8,   0.9,   0.4,-158.3, 270.9, 679.7,   3.7,   0.4
41470,  -2.3,  -5.6,   0.3, 173.7,  24.4,1006.4,   3.7,   0.3
41494,  -0.3,  -1.6,   0.9, 203.0,  76.4, 857.0,   3.6,   0.3
41518,  -0.0,  -2.0,  -0.3,-296.2,  31.7,1108.7,   3.8,   0.7
41546,   5.8,  -4.1,  -0.1, 424.7,  96.6,1168.2,   3.6,  -0.0
41570,   4.6,  -2.3,  -0.9, -77.7, 198.9, 992.2,   4.5,   0.5
41594,   1.8,   1.3,  -1.0,   1.6, 152.5, 935.3,   4.7,   0.6
41618,   3.1,  -3.3,   1.4, 155.7,  89.8, 954.6,   4.4,   0.4
41646,   0.1,  -0.9,   1.1, 105.1,-147.0,1048.1,   4.3,   0.3
41670,   1.6,  -7.1,   3.5, -21.3, 167.4, 851.4,   4.4,   0.5
41694,   5.1,   0.4,   2.9,  68.8,  70.5,1186.3,   4.2,   0.4
41718,   0.1,   3.6,   1.9, -98.0,-284.7,1394.8,   4.9,   0.1
41746,   7.3,   4.5,   1.0,-109.7, 190.6, 857.0,   4.8,   0.0
41770,   0.2,   7.4,   0.1,-280.1, 129.1, 890.2,   5.4,  -0.1
41794,  -1.3,  -5.0,   5.0, 189.9, 114.7,1149.0,   5.4,   0.8
41822,  -4.3,   1.0,   0.5,  68.0, -36.7,1081.1,   5.2,   0.8
41846,  -0.7,   4.0,   1.3, -79.4, 291.2, 910.9,   4.8,   0.7
41870,  -2.1,  -1.5,  -0.7, 218.9,  46.3,1103.3,   4.9,   0.4
41894,  -3.9,   1.7,  -2.4,-105.1, 156.0, 704.4,   4.6,   0.6
41918,  -3.2,   2.4,  -1.5, -68.2, 217.2, 877.5,   5.1,   1.2
41946,  -1.0,  20.3,   0.6,-896.1,-196.6, 815.5,   4.9,   1.4
41970,   1.1,   6.6,  -0.5,-106.5, 276.1, 723.7,   4.6,   0.8
41994,   1.7,   9.4,  -1.4, -60.1,  22.9,1256.1,   4.6,   0.5
42018,  -5.8,  -9.8,  -1.6, 382.7,-181.2,1154.8,   5.0,   0.7
42046,  -4.7,  -5.1,   0.1, 171.3,-350.9,1211.2,   4.5,   0.8
42070,  -3.4,   0.5,   0.1,  -2.3,  97.6,1077.4,   4.7,   0.8
42094,  -2.1,  -2.7,   1.0, -84.6,  -1.0, 936.3,   4.3,   1.0
42122,  -1.6,   0.7,  -0.8,  93.7,  28.3, 897.0,   3.7,   0.4
42146,  -3.9,  -3.2,  -3.5, 176.9,  18.3,1485.9,   4.7,   0.3
42170,   3.4,   3.3,   0.4,-113.9, 110.3, 609.9,   3.7,   0.6
42194,  -0.2,  -2.8,   0.1, 426.2, -25.2, 877.7,   4.3,  -0.2
42222,  -1.2,  -1.5,  -0.1,-128.0,  47.6, 897.7,   4.4,   0.8
42246,   0.4,   0.6,   1.8,  76.1,  20.9, 985.6,   4.2,   0.5
42270,   2.5,   3.4,   4.8,-229.1,  41.7, 929.0,   3.8,   0.8
42294,   4.7,   3.5,   4.6,  91.2, 213.8, 940.0,   3.6,   0.5
42322,  -0.0,   2.4,   0.6,-111.2, -30.6, 893.1,   3.4,   0.7
42346,   0.4,   9.7,  -2.5,-112.6, 186.2, 708.0,   4.1,   0.5
42370,   6.4,  -7.3,   5.0, 134.2, -23.2,1471.0,   3.7,   1.5
42394,  -1.8,   1.1,   0.3,-100.4,  44.9, 693.4,   3.6,   0.3
42422,   0.9,  -8.3,   2.0, 429.4, 177.4,1270.8,   3.4,   0.1
42446,  -2.9,   1.3,  -1.2, -36.5,  33.9,1028.4,   4.1,   0.1
42470,   2.0,  -4.8,   1.2,  65.3,  59.8,1045.2,   3.7,   0.5
42494,   3.4,  -1.9,   2.1, 203.3, -17.6, 922.2,   3.2,   0.2
42522,   1.4,  -3.7,   3.0, 150.6,   5.3,1105.0,   3.5,   0.3
42546,   1.7,   4.2,   2.6,  -4.2,  86.6, 869.4,   3.8,   0.3
42570,  -1.0,  14.2,   2.9,-783.8,-111.1,1193.4,   4.5,   0.2
42594,   1.5,  -6.5,   4.5, 582.4, 165.2, 598.2,   4.5,  -0.3
42622,  -0.2,   6.8,   2.3,-504.0, 169.9,1056.2,   4.2,   0.3
42646,  -3.2,   0.5,   4.0,  86.8, -74.5,1002.7,   4.3,   0.1
42670,   0.3,   1.1,   2.0, -36.5,  15.3, 889.9,   3.8,   0.2
42694,   1.4,   0.1,   1.4,  60.5, 239.7, 926.5,   4.0,  -0.2
42722,  -0.2,   0.1,   4.0,  -4.0,  -7.6,1101.8,   3.7,   0.5
42746,  -1.6,  -1.4,   0.2,-102.9, -12.3, 958.5,   3.3,   0.3
42770,  -1.1,   1.5,  -1.6, -73.6, 312.7, 723.2,   4.1,   0.3
42794,   3.3,  -6.7,   7.6,-267.4, 144.5,1081.3,   3.4,   1.5
42822,  -0.8,  12.3,  -0.4,-147.5, -35.0, 901.6,   3.3,   2.0
42846,   0.1,  -8.0,   2.4, 122.2, 161.6,1001.5,   3.3,   2.7
42870,   1.7,   1.9,  -1.0, -71.1,  35.1, 969.3,   3.9,   1.7
42896,   3.4,   0.1,   1.2,  -3.5,  35.8,1065.5,   3.8,   1.9
42920,   3.1,   2.8,   0.9,-312.8,  -7.6, 909.0,   3.4,   1.4
42944,   3.9,   2.9,   1.0, -43.5, 152.5,1250.5,   3.7,   0.8
42972,   3.0,  -1.5,   1.8, 291.2, 332.2, 847.2,   3.9,   0.3
42996,  -2.4, -18.5,  10.3,-269.1,-671.4,1808.4,   3.7,   1.2
43020,   1.8,   0.2,   4.2, 267.3,-183.9,1048.4,   4.1,  -0.9
43044,   5.8,   1.4,   2.6,-537.9,  57.8,1191.9,   3.8,  -0.2
43072,   1.7,   2.9,   0.9, 102.2, -44.7,1045.0,   4.5,  -0.7
43096,   2.5,  -3.4,   2.7,  21.9, -74.0,1000.5,   4.1,   0.1
43120,   3.3,   1.0,   1.2,  58.3, 104.2,1019.6,   3.7,  -0.5
43148,   0.4,  -1.1,   0.6, -89.4,-132.4, 998.8,   3.5,  -0.0
43172,  -0.8,   1.6,  -2.4,  52.7,  22.9, 836.5,   3.4,  -0.7
43196,  -2.2,   7.4,  -3.5,-461.0, -46.9, 906.0,   3.6,  -0.5
43220,   1.2, -13.1,   0.7, 632.7, 252.1, 792.3,   4.2,  -0.3
43248,   1.9,  12.8,  -4.7,-568.2, -13.7, 912.6,   3.2,  -1.4
43272,  -0.2,  -8.3,   2.2, 278.7,  32.7,1307.2,   3.7,  -0.6
43296,  -1.3,  -4.7,   0.1,  -5.2, -62.3, 872.8,   3.5,  -0.5
43324,  -2.3,   2.0,  -1.5,  52.2,-177.5, 968.3,   3.1,  -0.5
43348,   0.3,   3.3,   0.2,-227.1,  17.3, 841.3,   3.4,   0.6
43372,   5.2,   4.7,  -1.4, 131.5, 237.5,1024.9,   3.2,  -0.2
43396,  -1.0,  -4.3,  -2.2, 240.4,-108.7, 908.2,   2.8,  -0.5
43420,  -3.8,   2.4,  -5.4, 388.8, 232.4, 669.5,   4.3,  -1.4
43448,   2.8,   2.5,   4.1, -47.0, 398.4, 555.2,   3.9,  -0.6
43472,  -0.2,  -0.8,   0.6, 438.4, 128.4,1010.8,   4.0,  -1.5
43496,  -3.3,  -4.8,   4.5, 203.3,  54.1,1128.2,   4.1,  -0.5
43520,  -2.3,  -4.5,   1.2, 224.0, -43.0,1104.0,   3.9,  -0.5
43548,  -4.6,  -2.5,  -1.9,  64.4, -16.9, 923.6,   3.7,  -0.5
43572,  -0.8,   4.4,  -1.2,-266.9, 183.1, 889.4,   3.7,  -0.1
43596,   1.9,   9.9,  -2.6,-264.0, 132.5,1052.5,   3.5,   0.1
43620,  -2.3,   1.3,  -2.8, -47.2, -16.2, 814.7,   3.3,   0.1
43648,  -3.2,  -3.7,  -6.7, 367.6, 291.5, 985.6,   4.0,  -0.7
43672,   8.7,   2.9,   1.5,-574.8, 427.7, 569.9,   3.7,   1.0
43696,  -2.5,  -7.9,  -3.5, 873.2, -37.9,1115.5,   3.6,  -1.8
43720,   0.3,  -3.0,  -6.1,-302.6, 196.2,1129.9,   3.6,  -0.1
43748,  -3.0,  -0.4,  -7.1, -82.8, -28.9, 941.0,   4.3,  -0.9
43772,  -3.0,  -6.8,  -4.9,  49.0,-114.8,1333.8,   3.8,  -0.3
43796,  -3.7,  -9.2,  -4.6, 286.3,-185.4,1016.4,   3.3,  -1.0
43824,  -3.7,  -3.6,  -4.5,  54.1, -42.8,1301.8,   3.1,  -1.1
43848,  -1.6,   5.0,  -4.3,-165.1, -18.1, 937.3,   3.4,  -1.1
43872,   0.8,  -4.6,  -3.6, 235.0, -80.1, 909.0,   2.9,  -1.4
43896,  -1.0,  -1.8,  -4.8,  60.5, 383.2, 652.9,   4.3,  -1.3
43920,  -5.4,  -2.8,   0.1, -80.4,-100.4,1069.9,   4.3,  -0.2
43948,  -2.4,   6.5,  -1.9,-224.4,   4.8, 802.0,   3.3,  -1.1
43972,  -4.4,  -9.8,   2.1, 274.8,  20.0,1132.6,   3.3,  -0.6
43996,  -0.6,  -2.0,  -1.0,  -0.3, 183.5, 995.4,   3.2,  -0.8
44020,  -2.3,  -1.0,  -1.6,  32.9,  58.1, 982.0,   3.1,  -0.8
44048,   2.0,  -3.7,  -1.6, 333.2,  99.1,1200.0,   3.0,  -0.9
44072,  -1.5,   4.6,  -4.8,-270.3, 181.1, 781.5,   3.5,  -0.4
44096,  -0.3,  -6.1,  -2.5, 287.5,  16.5,1225.9,   2.9,  -0.7
44120,  -2.8,   1.9,  -1.0,-332.6, 152.3, 869.7,   2.9,   0.1
44148,  -6.0,   0.8,  -4.3, 200.4, 241.6,1037.6,   3.9,  -1.0
44172,  -1.9,  -1.0,  -0.8,  28.5,  13.4,1139.0,   2.7,  -0.5
44196,  -1.4, -10.0,   2.6, 312.4, 152.5,1168.2,   3.3,  -0.4
44224,  -1.4,   4.4,  -0.8, -54.5, -68.4,1082.8,   3.3,   0.0
44248,  -2.7,   1.1,  -0.7,-128.3,  68.1, 940.2,   3.1,   0.0
44272,  -1.0,  -3.1,  -0.4,  40.2, -29.8, 964.9,   2.6,   0.1
44296,  -1.0,   6.6,  -0.5,   9.2,  68.8,1006.6,   2.7,  -0.2
44324,  -2.2,  -4.0,   0.3, 133.5,  25.3, 956.3,   2.6,  -0.5
44348,   2.0,   0.2,   0.6,  25.3, -57.4, 981.0,   2.2,  -0.6
44372,   5.7,  -2.5,   2.0,-211.8,-513.2,2082.1,   1.9,   0.3
44396,   5.1,   2.6,  -2.4, 139.8,-128.2, 795.7,   2.2,  -1.3
44424,   2.7,  -1.8,  -2.5,-399.3, 276.3, 926.8,   3.2,  -0.7
44448,   4.3,   8.0,  -2.0,-140.0, 214.1,1027.1,   3.7,  -0.9
44472,   0.2,  -0.6,  -0.7,-219.1,-211.2, 906.3,   3.2,  -0.3
44496,  -1.1,  -0.5,  -0.3, 215.3,-277.6,1446.8,   3.0,  -0.9
44522,   2.3,   4.8,   0.9,-102.1, -40.1, 895.3,   3.4,  -0.2
44546,   0.3,  -7.3,   1.5, 486.0,-121.6,1318.4,   3.6,  -0.8
44574,   0.3,   9.1,   0.5,-131.9, 196.2, 787.1,   4.1,  -1.0
44598,   4.0,   8.0,   5.2,-579.2,-209.5,1663.9,   4.6,   0.2
44622,   3.6,   4.7,   4.1,-105.6, -27.9, 719.3,   3.6,  -1.1
44646,   5.4,   6.6,   4.3,  -3.5,  67.8,1047.6,   3.7,  -0.9
44674,  -2.5,  -4.8,   2.2, 258.0,-180.5,1287.1,   4.3,  -0.7
44698,   2.1,   3.8,   1.8,-122.2,  97.6, 969.3,   4.6,  -0.1
44722,   2.0,   9.5,   1.4,-531.8,  61.7, 909.5,   4.3,   0.2
44746,  -1.2,  -6.0,   0.5, 379.6,-151.9,1174.1,   3.9,  -0.2
44774,   0.0,  -6.4,  -1.0,  46.1, -63.5,1099.2,   3.7,  -0.0
44798,  -4.1,   1.0,  -1.8,  63.6,-206.6,1649.2,   4.3,  -0.1
44826,   1.7,   3.5,  -1.4, 230.6, -29.6, 879.4,   4.2,  -0.2
44846,   1.7,   8.6,  -7.7,-106.3,-127.7, 915.6,   3.6,  -1.6
44874,  -3.0,  -2.0,  -1.3, 322.4, 179.9, 905.6,   4.6,  -0.7
44898,  -3.6,  -6.1,  -0.8,  56.3,-108.2,1114.5,   4.2,  -0.5
44922,  -0.8,   4.3,   0.7,  41.9, 208.9, 686.3,   4.1,  -0.6
44946,  -1.2,   2.5,   0.6,-322.1,-100.9,1067.7,   3.7,  -0.2
44974,  -1.6,  -3.3,   2.0, 353.7,  34.4,1204.9,   4.0,  -0.3
44998,   0.9,  -2.9,   1.2, 304.6, 109.1, 827.2,   3.8,  -0.7
45022,  -3.9,  -0.7,  -2.6, 110.5, 144.0,1166.8,   4.9,  -0.6
45046,  -3.6,  -1.8,   1.4, 205.2,-226.4, 965.6,   3.9,  -0.6
45074,   1.1,   8.5,   1.1,-289.4, 147.2, 836.7,   3.9,   0.2
45098,   0.3,   5.9,  -1.2,-206.4, 161.3,1290.8,   3.9,  -0.0
45122,   0.9,  -4.6,  -0.5, 161.8,  -5.7, 929.0,   3.8,   0.4
45146,   1.7,   6.8,  -1.8,-188.6,  10.9,1153.1,   3.7,   0.4
45174,  -1.2,  -0.0,  -3.5, -14.2, 158.4, 943.1,   3.4,   0.5
45198,   0.4,   0.3,  -7.1, -49.9,   0.2,1146.5,   3.1,   0.0
45222,  -0.2,  -5.8,  -7.4,-169.8, 229.0, 768.1,   3.6,   0.6
45250,   2.0,  -9.8,  -4.1, 296.8,   3.4, 950.2,   3.2,   0.5
45274,   4.1,  -1.7,  -6.9, 103.9, 235.3, 720.5,   3.3,   0.1
45298,   8.4,   2.3,  -4.6, 182.0, 358.3, 841.1,   3.9,   0.2
45326,   3.3,  -5.9,  -4.1,  95.6,  50.5, 880.9,   4.0,  -0.1
45350,  -0.8,  -7.7,   0.2,  71.0,-168.0,1087.7,   3.9,  -0.1
45374,   1.6,  -3.0,   0.6, 120.0,  60.7, 909.7,   3.7,  -0.6
45398,  -0.8,   6.1,  -1.4, 185.0, 191.8,1096.0,   4.3,  -1.3
45422,  -2.2,  -4.1,   1.7,  71.2,  21.7, 752.7,   4.1,  -0.7
45450,   8.7,  -0.3,   4.4,  13.1, 249.2, 561.8,   4.1,   0.5
45474,   5.2,  -1.4,  -3.7, 214.8, 237.0, 651.9,   3.8,  -1.4
45498,   3.9,  -6.6,  -0.7, 151.5, 279.2, 948.5,   4.4,  -0.5
45522,   2.7,   2.0,  -3.8,  71.7,  96.6,1006.6,   4.5,  -0.5
45550,   5.7,   4.2,  -0.7,-178.3, 368.8, 693.4,   4.4,   0.3
45574,   2.1,  -6.4,  -1.0, 322.4, 314.4,1225.6,   4.1,  -0.2
45598,  -0.8,   2.8,  -2.8,-133.9,-103.8, 974.9,   3.8,  -0.2
45622,   0.3,  -1.6,  -1.5, 107.3, -38.4,1020.5,   3.8,  -0.1
45650,  -0.7,   6.3,  -4.1, -80.6, -82.1,1391.1,   4.7,  -0.3
45674,   0.7,  -7.2,  -3.7, 516.8, -17.6, 845.2,   4.1,  -1.1
45698,   0.8,   4.7,  -3.3,   4.3,  51.7,1125.8,   4.5,  -0.8
45722,  -2.1,   3.4,  -1.8,-278.2, 108.1, 917.5,   4.8,  -0.1
45750,   0.7,  -2.0,  -1.6,-185.1, 313.7, 742.5,   4.8,   0.5
45774,  -0.6,  -2.4,  -4.6, 252.6, -15.9, 973.2,   4.2,  -0.5
45798,   0.6,  -3.4,  -3.8, 227.5,  37.1,1107.9,   4.3,  -0.2
45826,  -0.0,  -4.3,  -4.1, 154.9, -56.2,1155.6,   4.2,  -0.5
45850,  -4.3,  -2.8,  -6.4, -29.6, 165.2, 797.6,   4.8,  -0.6
45874,  -1.0,  -2.5,  -0.7, 524.1, 196.0, 798.9,   4.0,  -1.1
45898,  -1.0,   4.5,  -3.2,  41.2, 261.7, 732.9,   4.6,  -1.3
45922,  -2.3,   5.9,  -2.7,-272.3, 191.6,1012.7,   4.8,  -0.9
45950,  -1.4,  -3.2,  -0.8, 250.9, 178.2,1031.8,   4.6,  -0.6
45974,  -0.3,   2.9,  -1.3,-112.6,   7.5, 929.5,   4.1,  -0.6
45998,  -3.0,   0.3,  -0.2,  18.5, 134.2, 898.0,   3.9,  -0.7
46022,  -2.5,   6.7,  -1.1,-306.5, -28.6, 936.6,   3.7,  -0.5
46050,  -2.1,   0.9,  -2.4, 145.2, 115.7, 814.7,   3.6,  -1.0
46074,  -5.1, -12.0,  -3.8, 839.8, -89.9,1777.9,   4.6,  -1.1
46098,  -3.0,  -9.1,  -0.5, 258.5,-197.1, 971.2,   3.4,  -0.1
46122,  -1.3,  -5.8,   0.5, 593.4,-143.9,1121.9,   3.5,  -0.6
46148,   2.0,   5.1,  -3.0,-201.0, 278.8, 753.5,   3.8,   0.2
46172,  -1.9,  -0.0,  -3.2,  11.4,   1.2,1168.2,   3.8,  -0.0
46200,   0.7,  -7.0,  -2.6, 260.9,  68.1, 913.9,   3.6,   0.2
46224,  -2.8,  -3.3,  -3.3,-364.6,  61.7, 811.8,   3.7,   0.8
46248,  -2.3,  -2.0,  -3.6, 189.9,  47.6,1012.7,   3.5,   0.3
46276,  -2.8,  -6.6,  -3.1,  85.1, 232.4, 806.9,   3.6,   0.8
46300,   6.1,  16.5,  -4.8,-679.3,-108.5,1253.5,   2.7,   0.5
46328,   6.5,  -8.9,  -1.2, 459.9, 335.6, 825.5,   3.2,  -0.2
46348,   2.8,  -4.6,  -4.3,  -1.3, -93.6,1070.8,   3.2,   0.0
46376,   1.1,  -2.1,  -5.0,  29.0, -57.4, 888.0,   3.7,   0.3
46400,   0.7,  -4.8,  -2.0, 184.2, -60.1,1040.8,   3.2,   0.3
46424,   0.3,   0.3,  -2.6,  16.0,  97.1,1103.5,   3.1,  -0.3
46448,  -0.8,   8.8,  -3.2,-224.9, 244.8, 973.9,   3.4,   0.0
46476,   0.4,  -0.5,  -2.4,  53.9,  85.4, 897.5,   3.2,   0.1
46500,  -3.2,  12.4,  -2.7,-729.1, -12.5, 540.8,   3.9,   0.8
46524,   3.1, -11.6,  -1.7, 695.5, 177.7, 855.7,   3.4,   0.5
46548,   3.2,  16.2,  -2.7,-350.7,   6.8, 827.4,   3.7,   0.7
46576,   4.1,   3.9,  -0.7,-116.5, 149.4, 777.9,   4.1,   1.4
46600,   1.1,  -3.6,  -1.2, 233.8, -83.1,1210.5,   3.7,   1.2
46624,   1.9,   2.7,  -1.6, 170.3, -70.9,1034.7,   3.8,   0.9
46648,   2.0,  -4.6,   0.6, -88.9, 131.8,1126.7,   4.0,   1.4
46676,   3.1,  -3.2,   0.4,-210.5,  -3.2, 908.2,   3.9,   1.5
46700,  -1.0,  -2.5,  -1.6, 364.2, 437.9, 815.2,   4.6,   0.8
46724,   0.7,  26.3,  -4.2,-1020.1, -34.5,1326.9,   5.3,  -0.2
46748,  -2.1, -11.7,   4.2, 583.2,-114.6, 975.9,   5.1,  -0.2
46776,   1.4,  14.9,   0.4,-572.1,  88.8, 972.7,   4.9,  -0.3
46800,  -1.7,  -4.8,   1.1, 151.0,  57.8,1007.1,   4.9,   0.1
46828,  -0.4,   0.6,   1.4,   2.8,-226.6,1250.3,   4.7,   0.1
46848,   3.6,   1.9,   1.7, 176.7,  61.5,1198.5,   4.6,  -0.3
46876,   1.7,   6.4,  -0.2,-221.8,  74.2, 816.7,   4.4,   0.1
46900,  -1.6,  -1.0,   2.8,  90.5, 182.1, 804.2,   4.3,   0.1
46924,  -9.1, -12.7,   3.3,  23.6,-1222.0,2562.8,   3.3,   0.0
46948,   3.6,   7.7,   0.3,-518.6, -22.3, 477.6,   4.0,   0.9
46976,   5.5,   0.9,  -2.4, -68.2, 312.7,1257.4,   4.7,   0.1
47000,   2.2,   5.6,  -3.5,-262.5,  75.9, 869.4,   4.6,   0.4
47024,   1.2,  -6.3,  -0.5, -24.5, -31.1,1304.7,   4.0,   0.4
47048,  -2.9,  -4.5,  -0.8, 310.5,-145.6,1154.8,   3.5,  -0.1
47076,   2.0,  -3.1,   0.0, 123.9, -30.6,1135.3,   3.1,  -0.1
47100,  -0.3,  -7.2,   0.7, 186.2, -51.8,1242.0,   3.8,  -0.0
47124,   3.4,  -3.1,  -0.4, 145.2, 139.6, 804.5,   4.5,   0.3
47148,  -6.1,  23.0,  -5.1, 233.6, 121.8, 573.8,   5.8,  -1.6
47176,   8.6,  -5.1,   6.2, 692.5, 485.8, 967.1,   4.6,  -1.1
47200,  -1.1,   9.4,   3.2,  39.2,   5.6, 805.0,   5.0,  -1.4
47224,   4.8,  -0.8,   4.6,-184.7, 145.0,1076.9,   4.5,  -0.3
47248,  -0.9,  -0.1,  -1.5,   8.7,  16.1, 810.6,   4.9,  -1.1
47276,   4.2,   0.7,  -0.2,-129.5, 284.1, 952.7,   4.8,  -0.7
47300,  -1.6,   1.2,  -1.6,  61.9, -79.9,1055.0,   4.5,  -1.2
47328,  -3.2,   7.7,  -1.3,-269.9, 131.3, 787.1,   4.5,  -0.6
47352,  -5.4,  -1.7,  -2.9,-101.4, 211.9, 868.2,   5.0,  -0.2
47376,  -9.1,  -2.6,  -2.2, 137.9,-400.7,1213.7,   4.2,  -1.3
47400,   1.3, -11.1,   2.1, 452.3, 140.3, 735.6,   3.7,  -0.9
47424,   2.5,   6.3,  -3.8,  91.0, 139.4, 948.5,   4.9,  -1.5
47452,  -1.3, -10.9,  -4.2, 328.0,  95.4,1007.6,   5.0,  -0.5
47476,  -1.9,  10.1,  -4.8,-487.1,  10.2, 597.4,   4.6,  -0.3
47500,  -0.6,  -8.8,   0.7, 225.0, 185.7, 885.0,   4.1,  -0.2
47524,  -0.8,   4.1,  -1.9,-169.5,  93.5, 883.3,   3.9,  -0.7
47552,  -1.4,  -3.5,  -1.3,  89.5,  58.5,1141.1,   4.1,  -0.8
47576,   1.3,  -4.8,  -0.1, 194.3,  22.7,1149.7,   4.1,  -0.9
47600,  -4.6,  12.7,  -2.1, 114.9,  46.6, 726.4,   4.6,  -2.3
47624,   6.2,  -4.4,   6.3,-336.3, 341.5, 849.4,   4.3,  -0.5
47652,   1.1,  -0.3,   3.2, 209.4,  -2.5,1100.1,   4.6,  -1.9
47676,  -1.1,  -1.9,   4.5, 223.8,-210.3,1312.0,   4.2,  -1.0
47700,  -0.2,  10.2,   1.8,-315.3, -73.3, 773.2,   4.0,  -0.7
47724,  -1.0,   3.4,   1.6, 157.6,  14.4, 942.9,   3.7,  -0.9
47752,  -1.3,  -5.4,   1.7, 306.6,-162.2,1058.6,   3.8,  -0.8
47774,  -2.1,   5.8,   0.9,-125.1, 165.7, 792.8,   3.8,  -0.5
47802,  -3.5,  -1.3,  -0.5,-118.2, 358.6, 683.4,   4.3,   0.1
47830, -10.4,   7.9,  -5.1,-103.4,-707.3,1947.3,   3.6,   0.4
47850,   1.8, -11.6,   2.8,  71.0, 279.2, 734.9,   3.6,   2.0
47874,  -1.4,  -1.5,   1.8, 397.4,   6.8, 953.2,   3.5,   0.4
47902,  -0.8,  -4.1,  -0.7, 140.1,  59.0,1263.7,   3.3,   0.9
47926,   1.1,   0.5,  -1.9, -40.6, 141.8, 892.6,   3.6,   0.8
47950,  -0.8,  -8.4,   0.4, 209.9, -99.4,1158.7,   3.5,   0.7
47974,   1.8,   3.4,   2.2,  66.3, 165.7, 853.3,   3.7,   0.2
48002,   0.5,   2.4,   5.0,-332.6, 141.1,1003.5,   3.7,   1.0
48026,  -3.4,  -3.9,   4.6, 381.8,  67.3, 783.0,   4.0,   0.1
48050,   9.7,   4.7,   7.8,-607.7, 202.8, 600.4,   3.1,   1.4
48074,   4.1,  -9.8,   4.5, 304.1, 421.8, 937.5,   5.0,   0.7
48102,   1.7,   3.5,   2.9,-481.0,  62.2, 933.1,   4.9,   1.3
48126,   2.0,  -5.1,   0.7,-106.8,   0.4,1097.9,   4.6,   0.9
48150,  -0.7,  -0.8,   1.0, 119.1,  -7.4, 921.7,   4.0,   0.6
48174,   2.3,  -4.1,   0.4, -59.4, 105.9,1131.1,   4.0,   0.7
48202,   1.0,  -3.0,  -1.2, -89.7, 206.0, 799.6,   4.1,   0.7
48226,   4.5,  -0.6,  -3.3, -63.3, 168.6, 872.1,   3.8,   0.5
48250,  -3.2,  -2.9,  -4.8, -84.1, 273.9, 690.5,   5.4,   0.3
48274,   4.8, -11.1,   0.3, 443.5,-166.8,1278.1,   4.1,   0.4
48302,  -0.0,  -1.1,  -1.5,  96.1,-114.1,1074.7,   4.3,   0.2
48330,   1.2,   1.8,  -1.6, -98.7,  52.4,1084.0,   4.3,   0.3
48350,   3.4,   5.8,   0.6,-172.9,  39.5,1040.6,   4.4,   0.4
48374,   2.6,  -8.3,   1.0, 372.0, -50.3,1211.5,   4.3,  -0.1
48402,  -1.4,  -9.9,   3.1,  41.4, 113.7, 857.5,   4.4,   0.7
48426,  -0.7,   7.9,   1.8,   4.8, -60.4,1076.0,   3.7,   0.1
48450,  -3.5,  -1.9,   0.2,-127.3, 143.5, 928.5,   4.2,   0.5
48478,   5.2,  15.7,   0.9,-107.5,-474.7,1361.1,   3.0,   0.3
48502,   4.6,  -6.4,   0.9,-107.7, 306.3, 628.7,   3.7,   1.1
48526,   4.7,   5.9,  -3.3,-373.9, 294.9, 833.3,   4.2,   0.7
48550,   3.2,  -4.9,  -5.1, 338.1,  32.2, 941.9,   4.2,   0.5
48578,  -2.3,  -8.6,  -3.0, -76.5, -40.1,1033.0,   4.1,   1.1
48602,   0.3,  -1.3,  -2.1, 365.2, -46.7,1080.6,   3.6,   0.3
48626,  -0.9,  -3.1,  -1.8,  43.6, 150.3,1068.4,   3.7,   0.6
48650,   0.8,   0.3,  -1.8, -40.9, -11.8, 984.9,   3.6,   0.3
48678,  -0.5,  -5.7,  -3.3, 551.4, 224.1, 891.1,   4.8,  -0.2
48702,  -1.4,   8.2,  -0.5,-481.5,-487.4,1368.4,   4.4,   0.2
48726,   2.2,  -2.0,   4.2,  -7.6, 288.5, 879.4,   4.5,  -0.1
48750,  -3.5,   3.8,  -2.5,-178.1,-200.7,1300.6,   4.1,  -0.7
48778,  -3.0, -10.3,   1.4, 507.7,-135.6,1252.0,   4.2,   0.0
48802,  -1.4,   5.7,  -3.8,-240.8, -93.3, 844.8,   4.1,  -0.3
48830,   0.9,   3.2,  -1.9,-185.4,  66.4, 986.9,   4.1,  -0.0
48850,   0.1,   8.8,  -1.0,-219.8,  61.7, 808.6,   4.2,   0.1
48878,  -0.7,  -5.9,  -0.1,   2.1,  48.3,1068.6,   3.9,   0.5
48902,  -4.4,   4.7,  -2.7,   4.1, 180.9, 874.5,   4.4,   0.1
48926,   1.8,   0.2,   0.1,-375.1, -42.5, 794.2,   3.4,   0.3
48950,   3.3,  -0.6,   4.5, 173.7, 177.4,1016.1,   4.0,  -0.0
48978,  -0.7,  -8.1,   2.0,  61.0,  28.5,1086.0,   3.8,   0.3
49002,  -0.7,  -0.8,  -0.1, 156.2, -75.5,1158.2,   3.6,  -0.1
49026,  -2.1,   1.7,   1.6, -35.0,-143.1,1045.4,   3.3,   0.1
49050,   0.1,   0.0,   0.7,-193.0, 101.8,1006.4,   3.3,   0.1
49078,   1.5,  -2.2,   0.4,  62.7, 124.2, 803.5,   3.2,  -0.0
49102,   2.9,   0.0,   0.6,   4.6,  21.7,1160.9,   2.8,   0.1
49126,   1.4,   1.3,   1.2,-800.1,  55.6,1107.2,   3.4,   1.4
49150,   3.3,   3.5,  -2.4, 143.5,   8.7, 642.1,   2.6,  -0.2
49178,   1.2,   3.2,  -3.6,-102.9,  67.3,1261.8,   3.2,  -0.2
49202,  -4.2,  -4.2,   0.9, 175.2,-257.1,1424.6,   4.0,   0.3
49226,   0.8,  -0.9,   3.9,  71.0,  46.6, 908.5,   4.1,   0.3
49250,   3.6,   3.9,   4.3, -94.1, 214.5, 576.9,   4.3,   0.2
49278,   0.6,   1.3,   4.6,-130.2, 194.0,1073.3,   4.9,   0.7
49302,   0.3,   2.3,   6.2,-314.0,  65.4, 828.4,   4.4,   0.8
49330,   2.6,  -3.6,   4.8, 310.7, 256.3,1017.6,   4.7,   0.4
49350,  -6.0,  -0.4,   2.5, 199.4, -60.1,1496.4,   5.7,   0.9
49378,  -3.5,   7.2,  -1.4, 237.0,-317.2,1167.0,   4.1,   0.1
49400,  -2.5,   4.2,  -0.5,-334.3,  61.7, 839.6,   4.3,   0.8
49428,  -0.5,   4.4,  -0.6, -57.2, 211.6, 832.3,   4.6,   0.8
49452,  -0.4,  -0.6,   0.1, -99.2,  52.2,1152.9,   4.2,   1.0
49476,  -1.9,   6.1,  -0.5, 120.3, -29.3, 980.7,   3.8,   0.5
49504,  -0.7,  -4.5,   2.5, 139.3, 130.8,1114.0,   3.7,   0.8
49528,   0.9,   4.7,   3.2, -53.5, -50.3,1124.8,   3.6,   0.6
49552,  -0.1,   0.3,   1.3,  50.9,  98.8, 679.0,   3.6,  -0.0
49576,  -7.4, -18.1,   4.6, 323.9,-590.4,1864.5,   3.3,   0.6
49604,   2.9,   0.6,   1.5, 137.6, 272.2, 860.4,   3.2,   0.2
49628,  -0.3,   4.9,   3.2,-136.1, 240.2, 826.9,   3.7,   0.5
49652,   1.3,  -2.6,   1.6,  -4.0,   5.1,1243.4,   3.8,   0.5
49676,  -1.9,   1.4,   1.1,-293.8,  10.9, 956.3,   3.5,   0.7
49704,  -1.6,  -0.8,   2.6, -94.3, 128.6, 835.2,   3.2,   0.5
49728,   0.2,   7.9,   2.8,  12.6, 237.5, 981.2,   3.2,   0.3
49752,   1.1,  -3.5,   1.8,  22.1, -62.8,1084.8,   3.1,   0.6
49776,   1.8,   4.6,  -0.4, 174.2, 218.7, 843.1,   3.2,  -0.3
49804,  -1.3,  -3.4,   2.0, -31.3, 259.5,1057.4,   4.5,   0.3
49832,  -0.7,   6.8,   2.2,-446.6,-192.7, 662.6,   4.1,   1.1
49852,   1.8,   0.5,   4.3, -20.8,  88.6, 781.0,   4.1,   0.8
49876,   3.1,   6.3,   3.7,-301.4, 125.4, 889.2,   4.2,   1.1
49904,   2.3,   2.3,   1.4, 215.5,  53.4,1198.0,   4.1,   0.8
49928,   3.6,   3.9,   1.0,  96.1,  25.8,1107.5,   3.9,   0.7
49952,  -0.2,  -1.6,   1.3, 142.7, -70.6,1014.4,   3.9,   0.8
49976,   1.4,   2.1,   0.0, -52.8,  46.1, 901.6,   3.6,   0.9
50004,  -2.1,  -5.1,   1.2, 171.3, 202.3, 769.6,   4.2,   1.2
50028,  -4.3,  -5.2,   2.1, 394.0,-415.8,1429.0,   3.7,  -0.4
50052,   4.2,   9.1,   3.0,-546.5,  45.6,1040.6,   3.7,   0.8
50076,   0.6,  -5.0,   5.0, 326.1, -71.6,1044.2,   4.5,   0.3
50104,  -3.8,   2.1,   1.5,-224.4,-225.2, 905.8,   4.6,   1.3
50128,  -2.2,  -1.9,   1.7,  66.3, 102.5,1096.5,   4.6,   0.8
50152,   1.5,  -3.2,   3.9, 286.8,  93.9,1472.9,   3.9,   0.5
50176,  -2.4,   3.0,   3.2,  -7.4,  26.3, 560.6,   4.2,   0.8
50204,  -1.3,   9.8,   1.0, -65.0, 389.6, 611.9,   4.4,   0.7
50228,   2.7,  -8.3,   8.0,-518.4,-170.5,1616.2,   3.3,   2.1
50252,   3.4,   4.0,   1.3, 176.4, 304.6, 586.5,   4.5,   0.4
50276,   3.2,   5.2,  -4.4,-340.2,  42.2, 997.3,   4.1,  -0.5
50304,   1.1,  -4.2,   3.0, 466.5,-146.3,1334.0,   4.6,   0.3
50332,   3.8,   2.2,   1.8,-305.0,  92.7,1045.4,   4.7,   0.6
50352,   0.0,   1.7,   0.3, -17.9, -37.2,1025.9,   4.4,   0.2
50376,  -0.6,  -4.2,   1.7, 101.5,-201.5,1366.5,   4.2,   0.6
50404,  -1.3,  -6.1,   0.4, 141.8,-112.8,1066.7,   4.2,   0.3
50428,   1.2,  -4.3,   1.7, 184.2, 104.7,1052.5,   4.3,  -0.0
50452,  -5.5,   7.8,  -3.0, -26.2, 266.3, 583.3,   6.0,  -1.0
50476,   3.0,  12.4,   9.4,-979.6,-209.0,1306.4,   6.5,   0.3
50504,   1.6,  -2.2,   4.2, 723.1,-251.5,1282.0,   5.5,  -2.7
50528,   4.4,  12.8,   2.7,-825.3, 216.5, 957.8,   5.2,  -0.8
50552,  -1.5,  -0.8,   0.4, 157.6,   4.1, 909.7,   5.8,  -1.9
50580,   4.2,  -0.1,   1.2,  55.3,-112.4, 944.1,   5.5,  -1.2
50604,  -1.9,  -3.2,   0.6, -35.7,   8.0, 931.7,   5.6,  -0.9
50628,   1.1,   1.9,  -1.0,-160.2,  -3.2, 859.2,   5.2,  -1.3
50652,  -2.4,   1.0,   1.5, -75.5, 134.0, 910.9,   4.9,  -0.9
50680,  -6.1,   4.8,  -0.7,  51.9,-349.4,2028.6,   5.1,  -1.8
50704,  -5.5, -17.1,   4.1, 409.6,-180.2,1114.5,   4.9,  -0.2
50728,  -3.3,   1.9,  -2.0, 575.1,-327.2,1251.5,   5.3,  -2.3
50752,   0.7,   3.1,   0.4,-319.9, 252.4, 843.3,   5.3,  -0.6
50780,  -0.7,  -2.8,  -0.4, -79.9,  88.6, 901.2,   5.3,  -0.9
50804,  -0.2,   3.7,   0.3, 230.9,-115.3,1093.5,   4.6,  -1.0
50832,   1.7,   1.8,   3.4,-134.6,   6.3, 810.1,   4.5,  -0.8
50852,   3.9,   1.7,   4.6,-317.2, 291.9, 747.8,   5.2,  -0.2
50880,   3.7,   4.8,   1.8, 365.6, -60.1,1127.7,   5.0,  -1.1
50904,   4.6,   7.4,   4.4,-1110.2,  -9.1,1017.4,   4.9,   0.3
50928,   1.7, -10.0,   2.1, 467.4, 153.5, 958.0,   5.7,  -1.0
50952,   2.2,   9.3,  -4.0,-124.1, -64.8, 993.9,   4.7,  -1.8
50980,   1.8,  -1.9,   2.5, 238.4,  92.7, 945.8,   5.2,  -1.1
51004,   0.7,   0.5,   2.5,-184.4, 115.2,1091.6,   5.1,  -0.7
51030,  -0.3,   0.6,   4.5, 203.5, 177.9, 866.7,   4.9,  -1.1
51054,   2.0,  -0.5,   3.0, -92.4, 161.3, 763.0,   4.6,  -0.5
51078,   3.1,   2.9,   3.1, -17.7, -60.1,1185.6,   3.8,  -0.2
51102,  -2.5,  -5.0,   0.4, 291.4, 158.6, 803.0,   4.7,  -1.2
51130,  -1.4,   4.3,   4.6,-1116.5,-173.6,1348.7,   4.7,  -0.3
51154,  -1.0,   3.3,   2.4, -46.0, -95.5, 973.7,   4.9,  -1.4
51178,   1.9,  10.8,   2.1,-484.7,  15.3, 763.5,   4.2,  -1.1
51202,   1.5,  -1.9,   2.4, 477.2, 127.6,1241.0,   4.8,  -1.6
51230,   2.3,   2.7,   2.2,  62.2, 151.8, 993.4,   4.6,  -1.0
51254,   2.0,   6.7,   1.0,  12.9,  89.8, 988.1,   4.3,  -1.3
51278,   2.2,   2.7,   2.0,-127.5, 139.8, 898.0,   4.2,  -0.8
51302,  -2.9,  -8.6,   1.5, 267.7,-104.5,1172.6,   4.2,  -0.8
51330,  -0.6,  12.4,   2.2,-488.9,-145.6, 885.3,   3.9,   0.0
51354,   1.0,  -5.5,   2.9, 445.7, 222.6, 905.6,   3.5,  -0.1
51378,  -4.3,  11.8,  -1.5,-121.9,-252.0,1038.9,   3.1,  -2.1
51402,  -0.2,   4.3,   1.6,-476.2, 351.8, 753.9,   4.1,  -0.2
51430,  -1.6,   1.0,   2.7,-139.7,  81.0, 890.4,   4.2,  -0.3
51454,  -2.4,  -4.4,   2.3, 223.3,-110.2,1036.2,   3.3,  -0.1
51478,   1.8,   4.6,   2.1, -14.2,  37.8,1076.9,   2.8,  -0.3
51502,  -1.9,   0.3,   4.2,  -0.8,  49.0, 955.6,   2.9,   0.0
51530,  -0.0,   4.3,  -1.0,  70.7, 197.0, 767.1,   3.2,  -1.0
51554,  -3.5,  -0.3,   2.1,-243.0,-489.8,1886.3,   3.3,  -0.3
51578,  -2.1,   3.9,   1.8,-278.6, -67.4, 740.3,   3.6,   0.1
51606,   4.8,  10.5,  -1.4,-412.9, -16.4, 965.4,   2.6,  -1.1
51630,  -0.5,  -6.7,   1.7, 307.0, -90.6,1166.0,   2.6,  -0.5
51654,  -1.9,  -3.4,   0.0,-142.4,-135.6,1077.4,   2.6,  -0.3
51678,   2.5,  -1.1,  -1.0,  61.7, 270.5, 879.7,   2.9,  -0.6
51706,   2.9,   3.7,  -1.3,-265.5,  79.5, 715.4,   2.7,  -0.2
51730,   3.3,  -1.5,  -2.6, 256.3,  32.2,1241.2,   2.4,  -0.9
51754,  -1.6,  -5.1,  -1.9,  78.5, 227.7, 840.6,   2.8,  -0.5
51778,   2.3,  -0.9,   0.1,-133.9, 154.5, 779.6,   2.5,   0.1
51806,  -0.2,  -2.6,  -2.2, 520.2,-136.3,1080.8,   2.1,  -1.1
51834,   7.6,   5.2,  -3.1,-245.2, 275.3, 958.5,   2.5,  -0.7
51854,   3.6,  -2.5,  -2.2,  63.6, 149.1,1009.1,   3.4,  -0.8
51878,   1.9,  -1.7,  -4.9, 129.3, -21.0,1112.6,   3.0,  -0.9
51906,   1.4,  -5.5,  -3.5, 289.5, 114.0,1073.8,   2.8,  -1.1
51930,   0.2,   2.1,  -3.5, -85.3, -10.1,1017.9,   2.8,  -0.7
51954,   0.4,   3.1,  -3.9,-101.2,  67.1, 952.2,   2.8,  -1.1
51978,   0.1,   5.0,  -4.4,-463.7,  71.0, 975.9,   2.5,  -0.8
52006,   4.3,  -2.6,  -5.1, 102.0, 182.3, 504.7,   2.9,  -1.0
52030,  -0.6,   0.2, -10.2, 345.9, -88.2,1272.5,   2.9,  -2.0
52054,   5.2,   2.2,  -6.5,-135.8, 155.0, 922.4,   2.9,  -1.0
52078,   0.6,  -5.9,  -3.0, 132.0,  64.2, 947.8,   3.3,  -0.6
52106,  -2.4,  -4.8,  -4.7, 162.0,-127.3,1134.1,   2.9,  -0.6
52130,   1.9,  -0.7,  -3.1,  61.0,  41.7,1028.4,   2.5,  -0.6
52154,  -1.0,  -5.6,  -2.2, 191.8,  50.2, 944.6,   2.7,  -0.4
52178,  -0.7,  -2.2,  -4.3, 242.4,-118.5,1326.2,   2.6,  -0.8
52206,  -0.3,  -8.8,  -4.8, 427.7, 262.6, 948.0,   2.9,  -0.9
52230,  -4.9,   1.4,  -3.8,-157.8,-385.8,1374.3,   2.4,  -0.8
52254,  -0.8,  -5.1,  -4.5, 250.9,  80.0, 994.9,   2.3,  -1.0
52278,  -0.8,   9.5,  -6.9,-327.2,   6.1, 893.3,   1.7,  -1.6
52306,  -0.2,  -4.5,  -3.5, 224.8, 196.2, 959.5,   2.2,  -1.2
52334,   0.9,  -0.4,  -5.7, -95.1,  52.7, 993.9,   2.2,  -1.1
52354,   0.0,  -1.6,  -5.5, 126.6,  61.7,1054.5,   1.9,  -1.2
52378,  -1.3,  -0.8,  -5.5, -51.8,-127.3,1149.4,   1.6,  -1.1
52406,   0.4,   1.0,  -4.4,-125.6, 158.6,1013.7,   2.0,  -1.0
52430,   2.8,   0.2,  -5.7, -51.1, 150.6, 903.1,   2.1,  -1.1
52454,  -0.1,  -0.0,  -5.2,  31.2, 148.4, 952.7,   2.4,  -1.4
52478,  -0.3,   0.1,  -4.2,-345.8, 134.7,1137.7,   2.9,  -0.7
52506,  -0.5,   5.0,  -3.7, 125.7, 109.3, 931.7,   2.4,  -1.0
52530,   1.1,   4.6,  -7.5,-105.8,  44.4, 940.7,   2.1,  -1.5
52554,  -0.9,  -0.8,  -5.2,  72.4,  36.8,1143.1,   2.7,  -0.9
52578,   0.1,  -8.0,  -5.6, 217.0, -52.1,1204.1,   2.8,  -0.7
52606,   1.5,   5.2,  -6.2,-199.8,  13.1, 912.6,   2.4,  -0.6
52630,   0.8,  -0.6,  -3.9, -72.3,  86.9, 893.6,   2.4,  -0.4
52656,  -0.5,  -4.0,  -2.7,  61.2,  23.6,1199.5,   2.3,  -0.6
52680,  -0.2,  -2.3,  -4.3, 102.0,  20.0,1100.9,   2.5,  -0.7
52704,  -0.0,   1.8,  -2.9, -84.1,  40.7, 853.8,   2.4,  -0.9
52732,  -2.7,   1.4,  -3.7, -57.5, 288.3, 776.9,   3.2,  -1.0
52756,  -4.7,  10.0,  -0.9,-246.9,-309.9,1352.1,   3.6,  -0.8
52780,   0.8,   4.9,   0.4, -46.5, -61.6, 969.0,   2.4,  -1.1
52804,  -0.9,   6.8,   0.9,-126.1, -47.9,1054.0,   2.7,  -0.8
52832,   1.2,  -2.7,  -1.3,  94.9,  73.4,1128.5,   2.7,  -0.9
52856,   4.2,  -2.6,  -1.0, 110.8, 185.0, 985.9,   2.7,  -0.4
52880,   1.5,   5.0,  -2.7,-111.7,   4.6, 912.6,   2.5,  -0.3
52904,  -0.1,  -2.4,  -2.9,  20.7,  13.4,1062.0,   2.6,  -0.4
52932,   2.2,   1.2,  -3.2, -27.7,  75.9,1028.1,   2.7,  -0.4
52956,  -0.0,  -1.0,  -4.5, 119.1, -51.1,1247.3,   2.8,  -0.7
52980,   2.1,  -2.5,  -2.3, -65.3, 105.7,1006.1,   3.1,  -0.2
53004,  -4.5, -10.2,  -4.4, 533.4, 320.5, 603.1,   5.3,  -1.0
53032,  -1.6,  -0.9,   1.1,-247.4, -19.1, 647.5,   4.1,   0.3
53056,   2.5,  -3.7,   2.5, 482.6, 302.4,1089.6,   4.5,   0.1
53080,  -0.0,  -2.9,   0.4,  26.3, -36.4,1104.5,   4.2,   0.6
53104,   3.7,   0.3,  -1.2,  29.0, 177.7, 993.0,   4.3,   0.3
53132,   1.4,  -2.3,  -0.4,  31.4,  41.2,1008.8,   4.1,   0.3
53156,   0.9,   1.9,  -0.5,   3.1,-105.5, 866.7,   3.9,   0.1
53180,   3.5,   1.1,   0.1, -62.1, 254.3, 787.1,   4.3,   0.4
53204,   2.6,   0.1,  -2.9,  62.2,  -7.4,1030.6,   4.0,   0.2
53232,   0.2,   7.5,  -3.1,-167.1,  60.0, 846.7,   3.8,   0.5
53256,  -0.4,  -3.9,  -1.2, 239.7,-131.9,1430.9,   3.8,   0.7
53280,  -0.1,  10.7,  -6.0,-289.1,  44.6, 691.9,   3.3,   0.1
53304,   1.0,  -0.3,  -5.4,-155.1, 171.1, 975.4,   3.6,   0.3
53332,  -0.1,  -2.3,  -5.8,  50.0, 106.1, 954.9,   3.7,   0.2
53356,  -1.8,   2.0,  -4.4,  15.5,  71.0, 845.5,   3.4,   0.3
53380,   0.3,  -4.2,  -5.1, 162.5,  46.8,1133.8,   2.8,  -0.0
53404,  -2.4,  -3.6,  -5.5,  16.0, -91.4,1105.3,   2.4,   0.2
53432,   1.0,  -1.7,  -5.7, -72.3, 179.4, 841.3,   2.7,   0.3
53456,   0.7,  -0.9,  -6.6,  -5.2, -25.4,1026.6,   2.6,   0.1
53480,   2.8,   4.0,  -7.1,-155.6, -33.7, 994.4,   2.4,  -0.3
53504,  -1.9,  -3.0,  -6.8, -43.3, 253.6, 733.9,   3.2,  -0.3
53532,  -1.6,  -7.2,  -4.9,  37.3,-260.1,1108.9,   2.2,  -0.0
53556,   2.1,  -3.0,  -5.9, 130.8,  73.2, 853.3,   2.2,  -0.6
53580,   1.0,   1.8,  -6.9,  -5.9,  93.0,1129.4,   2.7,  -0.8
53604,   0.8,  -2.6,  -6.8,-160.0, 145.9, 860.6,   3.3,  -0.2
53632,   3.6,   1.1,  -5.8, -51.8, -33.5, 951.9,   3.3,  -0.2
53656,   1.7,  -5.0,  -5.5,  94.4,-125.8,1198.0,   3.0,  -0.2
53680,   0.9,   3.5,  -6.0,-196.1,  -5.2, 956.6,   3.0,  -0.2
53704,   2.3,   2.3,  -8.4,-191.0, 207.5, 960.2,   3.4,  -0.2
53732,  -1.0,  -5.1,  -7.2,  40.2, -70.6,1125.0,   3.4,  -0.3
53756,   1.8,  -9.4,  -6.6, 729.9, 196.5,1081.6,   3.5,  -0.7
53780,  -0.2,   7.6,  -8.4,-345.5,  43.6,1175.8,   3.3,  -0.7
53808,   4.2,  -7.5,  -1.6, 216.2, 234.6, 835.5,   3.2,  -0.2
53836,   1.2,   1.8,  -6.9,  68.8,  91.0,1131.1,   3.2,  -0.2
53856,   0.0,   1.0,  -5.9, -88.2, 189.6, 962.7,   3.6,   0.2
53880,   1.5,  -1.1,  -3.5,-169.0,  94.7, 998.1,   3.5,   0.7
53908,   0.1,  -2.5,  -2.3,  95.4,  65.6,1114.3,   3.1,   0.4
53932,  -2.8,  -5.0,  -4.0, 229.4,  11.9,1087.2,   3.2,   0.2
53956,   0.1,   4.5,  -4.5, -82.1, 141.3, 841.6,   3.5,   0.2
53980,   2.9,   1.0,  -2.0, -49.2, 146.9,1149.2,   3.6,   0.3
54008,   4.8,   1.7,  -0.4,-212.5, 222.8, 771.3,   3.7,   0.9
54032,  -2.3,  -2.8,  -2.7, 174.7,  41.2, 891.9,   3.5,   0.4
54056,  -4.4,  -0.7,  -5.6, 209.4, 118.6, 858.4,   3.6,   0.1
54080,  -1.8,   0.7,  -0.4,-254.7, 103.0, 779.3,   3.3,   1.2
54108,  -4.6,  -4.3,  -3.3, 376.1,  -7.1, 875.5,   3.5,   0.5
54132,  -5.6,  -1.5,  -3.9, -87.7, 101.3,1090.4,   3.6,   0.7
54156,  -6.4,  -5.2,  -1.5, 384.4,-112.6,1093.3,   3.4,   0.4
54180,  -5.0,   4.5,  -3.5,-263.5,  87.8, 971.7,   3.1,   0.3
54208,  -2.4, -12.2,   0.6, 305.1, 112.3,1006.1,   2.7,   0.6
54232,  -2.4,   2.2,  -2.6,   8.0, -40.8,1000.8,   2.8,   0.1
54256,  -2.4,  -4.6,   0.4,  44.6, 145.2, 957.3,   3.2,   0.9
54282,  -4.6, -10.3,  -0.5, 443.5, -94.3,1217.3,   2.8,   0.8
54306,  -4.8,   6.3,  -3.0,-100.9, -40.8, 886.3,   1.9,   0.1
54334,  -5.6,  -6.0,   0.3, 255.0, -77.0,1238.8,   1.7,  -0.3
54358,  -4.4,   0.2,  -0.2,   3.8, 122.5, 858.9,   1.6,  -0.0
54382,  -4.4,   2.3,  -1.5,-228.8, -40.6, 955.1,   1.7,  -0.3
54406,  -5.5,   0.0,  -0.2,   1.1,  45.8, 906.5,   1.9,  -0.3
54430,  -3.5,   2.2,   1.7, -11.8,   8.7,1065.5,   1.7,  -0.3
54458,  -3.9,   3.8,   3.1,  -2.0,  22.2,1168.5,   1.5,  -0.3
54482,  -4.5,  -3.2,   3.2, 129.6, -16.4,1055.2,   1.6,  -0.0
54506,  -5.8,  -0.4,   2.8,   5.3, -46.0, 950.7,   1.6,   0.1
54530,  -3.8,  -1.9,   1.3,  32.4,  90.0, 906.8,   1.2,  -0.1
54558,  -2.8,   1.8,   1.4,-183.2, 114.4,1002.2,   1.1,   0.2
54582,  -3.6,   0.9,   0.4, 111.5, -94.8, 889.0,   0.8,  -0.0
54606,  -0.3,   4.7,  -1.8, -26.9, 143.3, 813.5,   0.7,  -0.6
54630,   5.5,  10.4,   3.7,-399.5,-138.7,1248.1,   0.5,   0.3
54658,   1.4,  -3.7,   1.0, 107.3,  71.7, 951.0,   1.2,  -0.0
54682,   0.1,   2.1,   0.6, -61.1,  78.3, 825.7,   1.2,   0.1
54706,  -0.5,  -0.7,   0.4, 113.7,-149.2,1068.4,   1.1,   0.0
54730,  -2.9,   1.2,   1.5,   5.8,  11.7,1001.3,   1.0,  -0.0
54758,  -3.2,  -1.5,  -0.1,  37.5,   6.1, 999.8,   1.1,   0.3
54782,  -1.3,  -5.5,  -1.4, 327.3, -57.2,1171.4,   0.6,   0.1
54806,  -1.1,  -1.1,  -0.9, 123.7, -12.0, 978.5,   0.5,   0.1
54834,   0.4,   4.0,  -1.3,-115.3, -57.7, 911.2,   0.4,   0.3
54858,  -0.4,  -6.7,  -1.0,  35.3, -24.5,1048.1,   0.7,   0.8
54882,  -1.9,   0.9,  -2.0, -91.6,-143.1, 985.4,   0.7,   0.7
54906,  -2.4, -11.6,  -0.8,  98.6,-299.6,1501.5,  -0.2,   0.6
54934,   1.2,  -7.9,  -2.3, 225.5,  39.7, 915.8,  -0.0,   0.2
54958,   0.7,  -3.7,  -5.3,  28.7, 161.8, 838.4,   0.8,  -0.2
54982,  -1.7,  -3.9,  -4.7,  50.9,  15.1,1085.2,   1.3,  -0.4
55006,   0.1,  -0.6,  -1.2, -72.8,  90.8, 904.8,   1.3,  -0.2
55034,  -1.6,  -2.8,   0.0,  41.4,   0.2,1020.3,   0.9,  -0.3
55058,  -2.7,  -1.9,  -0.8, 136.4, -75.2,1215.9,   0.7,  -0.7
55082,  -2.9,   2.0,   0.7, -48.2,-282.0,1334.3,   0.6,  -0.6
55106,   2.9,   2.9,   1.9,-124.1, -42.8,1010.3,   1.0,  -0.6
55134,   1.7,  -4.2,   2.3, -19.6,  44.6, 979.3,   1.3,  -0.2
55158,   0.4,  -2.4,   2.1, 198.9,-101.1, 900.7,   1.0,  -0.6
55182,  -1.0,   0.5,   0.9, 141.5, 137.9, 916.3,   0.8,  -1.1
55206,  -4.3,   1.6,   0.1,  34.6, -63.5,1325.2,   1.7,  -0.9
55234,  -2.7,  -9.6,   7.5, 192.5,-355.3,1121.4,   0.8,   0.3
55258,  -1.7,   0.3,   4.3, 122.2, -87.2, 793.0,   0.8,  -0.1
55282,   2.5,  -0.6,   2.9, -25.5, 194.0, 961.5,   0.8,   0.2
55306,  -0.5,  -2.6,   4.2, 100.5, -11.0,1058.4,   0.7,   0.0
55334,  -2.1,  -2.5,   2.8, -16.0, -89.9,1136.0,   0.6,  -0.0
55358,  -2.2,   5.8,   1.4,-332.8,   7.8, 758.8,   0.4,   0.4
55382,   0.3,  -0.1,   2.9, -85.0, 130.3,1172.9,   0.4,   0.5
55406,  -2.1,  -4.9,   1.4,  74.1, -55.2, 946.8,   0.3,   0.6
55434,  -2.3,  -3.8,   0.1, -58.4, -78.9, 953.9,  -0.3,   0.5
55458,  -2.9,  -4.7,  -1.1, 131.0, -10.1,1051.1,  -0.0,   0.0
55482,  -1.9,   4.6,  -2.2, -57.2, 128.6, 782.7,  -0.0,  -0.4
55506,  -0.3,   3.5,   0.7,-305.5, -26.9,1141.4,   0.1,   0.1
55534,   0.4,  -0.2,   0.5, -92.1, -22.8, 911.2,   0.1,   0.0
55558,  -0.3,   3.3,  -0.6,-105.1,-154.3,1055.2,  -0.2,  -0.4
55582,   0.2,   1.6,   1.0, -27.9,  28.5, 929.7,  -0.1,  -0.3
55606,  -2.5,  -2.2,   0.9, 125.2, -78.9,1150.7,  -0.0,  -0.6
55634,  -1.9,   0.6,   2.4,  -2.0, -76.5,1053.3,  -0.4,  -0.4
55658,  -3.2,  -4.4,   0.6, 156.2,  75.4, 886.3,  -0.2,  -0.4
55682,  -1.6,   1.6,   0.9, 150.6, -18.6,1057.4,  -0.5,  -0.8
55706,   1.5,  -0.1,   1.5,  91.2, -13.2,1081.3,  -0.6,  -0.7
55734,   1.1,  -0.1,   3.1,   9.2,  35.8,1064.2,  -0.4,  -0.4
55758,   0.1,   3.9,   1.8,-275.0,  27.5, 827.9,  -0.4,   0.1
55782,  -2.5,  -4.7,   1.2, 236.7,   6.5,1004.9,  -0.2,  -0.3
55806,  -0.7,   5.0,   2.3,-434.2,  38.3, 949.5,  -0.6,  -0.2
55834,   0.9,  -3.1,   1.0, 126.1, 179.9, 872.3,  -0.3,  -0.5
55858,   1.2,   0.4,   0.7,-126.8,  -3.2, 892.4,  -0.3,  -0.7
55882,  -0.8,  -1.9,  -0.4, 161.1,  43.4, 970.5,  -0.1,  -0.8
55908,   1.0,   0.2,   1.8, -32.3, -99.4, 946.1,  -0.5,  -0.6
55932,   1.8,   1.1,   1.8, -48.2,  95.4,1001.0,  -0.4,  -0.6
55960,  -1.0,   0.4,   0.3, -22.5, -86.0, 963.2,  -0.7,  -0.6
55984,  -2.5,   0.2,   1.8,  66.1, -45.2,1019.1,  -0.6,  -0.8
56008,  -0.4,   1.6,   3.8, -80.2,  20.7, 925.6,  -0.8,  -0.5
56032,   0.6,  -3.9,   4.4, 162.8,  28.5,1158.2,  -0.5,  -0.6
56060,  -2.5,  -5.9,   4.3, 167.4, -69.9,1208.3,  -0.7,  -0.5
56084,  -0.7,  -0.3,   3.4, -63.6, 101.8, 911.4,  -0.5,  -0.1
56108,  -5.7,   8.0,   0.8,-342.9,-107.0, 912.6,  -0.3,  -0.5
56132,   3.4,   0.2,   4.0, 107.6, -53.8,1041.8,  -1.4,  -0.1
56160,  -0.4,   5.0,  -0.8,  72.4, 105.4, 803.5,  -0.6,  -0.5
56184,   0.0,  -0.1,   0.4, -46.0, -42.5, 914.3,  -0.2,  -0.3
56208,   2.1,  -0.1,   0.3,  88.1,   3.4,1081.3,  -0.3,  -0.3
56232,   3.3,  -0.2,   2.8,  38.2,  83.0,1059.6,  -0.2,  -0.1
56260,   0.0,  -2.0,   2.9,  53.4,  58.8,1004.4,  -0.7,  -0.2
56284,  -2.2,  -3.7,   3.2, 146.4, -18.1,1019.3,  -0.8,  -0.3
56308,   1.1,  -3.0,   0.4,  81.7, -72.3,1153.8,  -0.8,  -0.3
56336,   3.6,  -5.0,   2.0,  63.2, -25.7, 990.3,  -0.7,  -0.5
56360,   1.4,   1.2,   2.2, -22.3, -52.8, 940.0,  -0.8,  -0.6
56384,   0.6,  -1.5,   1.5,  -0.6,-126.3,1089.6,  -1.2,  -0.7
56408,  -2.1,  -4.7,   2.3,  52.7,  21.7,1121.1,  -0.9,  -0.3
56432,  -3.4,   3.9,   0.4, -22.8, -30.6, 878.9,  -0.2,  -0.9
56460,   1.4,   7.1,   4.8,-218.8,-158.0,1403.4,  -1.2,  -0.6
56484,   0.6,  -1.2,   4.8,  84.9,   3.9, 790.8,  -1.2,  -0.6
56508,   2.5,   2.3,   2.5, -68.2,  -1.3, 970.7,  -1.3,  -1.0
56532,   1.9,  -0.3,   1.4,  73.6, -86.5,1179.5,  -1.1,  -0.8
56560,   0.4,   4.2,   2.6,-140.5, -66.2, 912.9,  -1.2,  -0.5
56584,  -0.8,  -1.2,   2.8,  66.3, -94.8,1065.2,  -1.6,  -0.7
56608,  -0.9,   1.2,   3.1,  31.7, -35.9, 933.1,  -1.7,  -0.8
56632,  -0.2,   0.2,   3.9, -56.7,  -3.0, 931.2,  -1.8,  -0.6
56660,   1.8,  -2.5,   2.2,   7.5,-136.3,1024.7,  -2.0,  -0.6
56684,   2.6,  -1.5,   1.8, 143.2,  -8.1,1179.5,  -1.9,  -0.8
56708,   1.4,   2.4,   1.9,-238.6, -87.7,1061.3,  -1.8,  -0.6
56732,   1.2,   1.9,   2.0,-152.4, -77.0, 939.2,  -2.1,  -0.6
56760,  -0.8,  -0.4,   1.5,  18.2, -95.0,1057.9,  -2.4,  -0.7
56784,   1.1,   1.7,   0.2,  85.6,   0.9, 990.5,  -2.5,  -1.0
56808,  -0.8,  -0.1,   1.0,  28.0,  29.2, 904.8,  -2.2,  -1.0
56836,  -2.8,   1.4,   0.0, 152.0,   0.2, 989.0,  -2.3,  -1.1
56860,  -4.3,   8.0,   1.9,-409.5, -49.4,1001.7,  -2.3,  -0.8
56884,  -2.1,  -5.5,   5.4, 208.9,-171.9,1129.2,  -3.2,  -0.6
56908,  -0.3,   2.1,   4.3, 143.2, -88.2, 970.2,  -3.3,  -1.0
56936,   3.2,  -0.0,   4.5,  53.1,   0.4, 973.2,  -3.2,  -0.8
56960,   1.8,   0.2,   1.5,  35.6, -77.2,1019.3,  -3.1,  -0.8
56984,   0.7,   0.7,   2.0,  58.3, -63.3, 983.9,  -3.2,  -0.8
57008,  -0.5,   1.2,   2.3,-108.5, -35.9, 985.1,  -3.4,  -0.7
57036,  -1.6,   0.2,   3.1, -57.5, -58.4, 998.1,  -3.5,  -0.6
57060,  -0.3,  -0.8,   3.0,  61.9, -93.1,1039.6,  -3.6,  -0.8
57084,   0.7,   1.9,   0.6,   5.0, -58.9,1002.7,  -3.6,  -0.9
57108,   0.3,  -0.7,   1.8,  79.3, -55.7,1004.9,  -3.7,  -0.9
57136,   1.2,   0.3,   0.8, -56.5, -87.5, 990.0,  -3.9,  -0.8
57160,  -0.8,  -0.3,   1.0,  36.8, -54.7,1025.7,  -4.0,  -0.8
57184,   0.5,   0.9,   0.3,  33.6, -76.5, 986.6,  -4.1,  -0.9
57208,   1.9,  -0.0,   0.6, -14.0, -69.9,1015.9,  -4.2,  -0.9
57236,   1.8,   0.8,   1.4,  11.6, -31.8, 988.8,  -4.0,  -1.0
57260,  -0.1,   0.3,   0.6, -34.5, -66.9,1001.0,  -4.0,  -0.9
57284,   0.9,   0.8,   0.9,   8.2, -61.8,1014.7,  -4.0,  -1.0
57308,   0.0,   0.4,   0.7,   2.8, -55.7, 996.6,  -4.0,  -1.0
57336,   0.2,  -0.6,   1.0,   9.9, -87.0,1020.8,  -4.1,  -1.0
57360,   0.7,   1.0,   0.4,   2.1, -82.8,1004.4,  -4.2,  -1.0
57384,  -0.4,  -0.3,   1.0,  14.6, -73.8,1011.3,  -4.2,  -1.0
57408,  -0.2,  -0.6,   0.5,  -5.5, -65.5,1007.6,  -4.2,  -0.9
57436,   0.3,  -0.1,   0.9,   5.5, -68.2,1009.6,  -4.2,  -0.8
57460,  -0.1,  -0.2,   0.4,  16.5, -68.9,1009.8,  -4.2,  -0.9
57484,   0.5,   0.2,   1.2,  25.1, -53.5,1010.8,  -4.1,  -0.9
57508,  -0.3,  -1.5,   0.4,   5.0, -51.6,1000.8,  -4.1,  -0.9
57534,  -1.4,   0.6,   0.9,  11.4, -61.8,1002.0,  -4.1,  -0.9
57558,  -0.1,   0.1,   0.8,  17.5, -55.0,1007.6,  -4.1,  -0.9
57586,  -1.0,   0.2,   1.2,  25.3, -59.6,1003.5,  -4.1,  -0.9
57610,   0.2,  -0.2,   0.5,  18.0, -60.4,1002.5,  -4.0,  -0.9
57634,  -0.3,   0.3,   0.1,  26.5, -23.0, 996.9,  -4.0,  -1.0
57658,  -0.4,  -0.0,  -0.6,  12.4, -62.6,1006.4,  -4.0,  -1.0
57686,  -1.6,   0.6,  -0.8,   7.5, -46.7,1004.2,  -3.9,  -0.9
57710,  -1.9,   0.6,  -1.2,  35.1, -45.2,1003.2,  -3.8,  -1.0
57734,  -0.5,   0.5,  -0.5,  32.4, -51.1,1006.4,  -3.8,  -1.0
57758,  -2.2,   0.7,  -1.1,  15.3, -53.0,1008.1,  -3.8,  -1.0
57786,   0.1,  -0.6,  -2.1,  18.0, -54.5,1009.1,  -3.7,  -1.0
57810,  -0.8,   0.4,  -1.6,  14.1, -47.4,1000.5,  -3.7,  -1.0
57838,  -0.2,   0.7,  -0.2,  21.6, -47.9, 993.2,  -3.7,  -1.0
57858,   1.3,   0.6,  -0.7,  22.9, -38.9,1000.8,  -3.5,  -1.0
57886,   0.9,  -0.0,  -0.6,  18.7, -42.5,1002.7,  -3.3,  -1.0
57910,   1.2,  -1.6,  -0.8,  23.4, -27.9,1004.9,  -3.2,  -1.1
57934,   0.9,  -1.0,  -1.6,   1.6, -30.1, 998.1,  -3.1,  -1.0
57958,   0.1,  -0.3,  -0.5,  15.3, -35.2,1005.4,  -3.0,  -1.0
57986,   0.6,  -0.1,  -0.8,  21.2, -62.6,1014.0,  -2.9,  -1.0
58010,   0.7,  -0.2,  -1.5,   4.8, -29.3,1003.2,  -2.9,  -1.0
58034,   1.1,  -0.8,  -1.6,  18.5, -35.0,1003.0,  -2.8,  -1.1
58062,   0.3,  -0.8,  -1.6,  13.1, -39.1,1014.0,  -2.7,  -1.1
58086,   0.0,  -0.9,  -1.9,  12.6, -32.0, 999.8,  -2.5,  -1.1
58110,   0.6,   0.0,  -1.7,  19.4, -45.2,1006.1,  -2.5,  -1.1
58134,   0.3,  -1.3,  -0.6,  19.9, -43.8, 993.4,  -2.5,  -1.1
58162,   0.3,  -0.7,  -1.3,  15.5, -59.9,1004.4,  -2.6,  -1.1
58186,  -0.3,  -1.5,  -0.8,  35.6, -60.6, 997.6,  -2.7,  -1.1
58210,  -0.7,  -0.3,  -2.1,   5.0, -46.0,1010.0,  -2.7,  -1.1
58234,   0.4,  -0.5,  -1.8,  18.5, -37.7, 981.7,  -2.6,  -1.1
58262,  -0.0,  -0.9,  -1.3,  -2.3, -36.9, 994.4,  -2.6,  -1.1
58286,  -0.0,  -0.3,  -1.0,  15.3, -25.2, 995.6,  -2.5,  -1.1
58310,   0.7,   0.6,  -1.3,   8.0, -37.4,1006.6,  -2.4,  -1.2
58338,   0.9,   0.1,  -1.4,   6.8, -28.4, 998.1,  -2.4,  -1.1
58362,   1.5,  -0.1,  -1.7,  31.9, -24.7, 992.2,  -2.4,  -1.2
58386,   0.2,  -1.2,  -1.9,  32.6, -33.0, 994.7,  -2.2,  -1.2
58410,   1.1,  -1.3,  -2.5,  52.7, -17.9,1000.3,  -2.2,  -1.1
58434,   0.6,  -1.3,  -1.9,  77.8, -24.2, 989.0,  -2.1,  -1.3
58462,   0.5,   0.3,  -3.2,  14.6, -41.8, 969.0,  -2.1,  -1.2
58486,   0.8,   0.5,  -3.4,  19.0, -18.1,1004.7,  -2.0,  -1.4
58510,   0.0,  -1.2,  -2.6,  49.5, -14.2, 980.3,  -1.9,  -1.3
58534,  -1.6,   0.4,  -2.4,  57.8, -46.9, 972.4,  -1.9,  -1.4
58562,   1.6,   3.0,  -2.2,-296.5,  13.6,1024.4,  -2.1,  -0.9
58586,   3.9,  -3.0,   2.3,-120.4,  49.5,1090.9,  -1.7,  -0.6
58610,   4.6,  -2.7,   0.1,  65.3,  -8.1,1017.6,  -1.4,  -0.8
58634,   5.1,  -0.9,  -1.2,  57.5,   2.4, 983.4,  -1.1,  -0.7
58662,   2.0,  -0.8,  -1.7,  42.9,   4.1, 970.5,  -0.8,  -0.9
58686,  -1.3,  -1.9,  -1.8,  37.8,   3.4, 956.1,  -0.8,  -1.1
58710,  -1.9,   0.8,  -3.2, -29.9, -20.6, 972.0,  -0.8,  -1.1
58734,  -0.7,  -0.6,  -2.7,  24.1, -18.4, 987.8,  -0.7,  -1.3
58762,   0.8,  -0.9,  -2.8,   4.1, -25.4,1020.1,  -0.7,  -1.4
58786,   0.9,   1.1,  -3.1, -54.3,  -9.6,1021.5,  -0.6,  -1.4
58810,   2.3,   1.0,  -2.0, -47.9,  -8.8, 950.2,  -0.5,  -1.2
58838,   2.7,   0.5,  -2.1,  37.5,  30.0, 963.2,  -0.3,  -1.2
58862,  -0.5,  -3.4,   0.7, 101.0,  10.0, 979.0,  -0.0,  -1.0
58886,   0.2,  -2.5,  -1.8,  91.2, -23.7,1022.7,  -0.0,  -1.2
58910,   0.6,   0.0,  -3.7,  32.4, -21.3, 965.9,  -0.1,  -1.2
58934,   1.1,   0.2,  -3.3,   1.9,  48.8, 966.6,  -0.1,  -1.3
58962,   0.0,   1.0,  -2.7, -18.6, -15.9, 967.6,   0.0,  -1.3
58986,  -0.0,  -0.1,  -2.8,  14.3, -25.0,1002.7,  -0.1,  -1.3
59010,   0.4,  -1.0,  -4.5,  73.2, -14.2, 982.5,  -0.0,  -1.4
59034,  -0.2,  -0.2,  -4.4,  33.6,  -5.2,1002.7,  -0.1,  -1.4
59062,   1.0,  -0.4,  -4.3,  -7.9, -23.7,1028.4,  -0.2,  -1.3
59086,   1.8,  -0.8,  -2.4,   0.9,  60.2,1008.8,   0.1,  -1.1
59110,   1.5,   0.2,  -1.9, -15.2,  23.4,1011.5,   0.5,  -0.9
59138,   1.1,   0.1,   1.1, -37.9,  20.7,1012.7,   0.8,  -0.5
59160,   2.2,   3.0,  -2.1,-149.7, 192.6, 931.4,   1.4,  -0.3
59188,  -0.2,   5.1,  -4.0,-185.9,  69.5, 897.0,   2.0,  -0.2
59212,   0.1,   3.6,  -2.7,-141.9,  30.5, 872.6,   1.7,  -0.3
59236,   0.6,  -1.8,  -3.5, -30.8, 167.2,1033.2,   2.0,  -0.2
59260,  -1.4,  -3.8,  -1.8, 101.7,  95.7, 942.9,   2.4,  -0.2
59288,   1.8,  -0.5,  -2.7, -10.6, 131.8, 982.5,   2.7,  -0.5
59312,  -0.8,   0.1,  -1.1,   4.1,  92.7, 990.0,   3.0,  -0.3
59340,  -0.5,  -0.9,  -0.1,  20.4,  24.6, 971.7,   3.1,  -0.3
59360,   1.2,  -3.4,  -0.6,  52.7,  48.0,1000.0,   3.0,  -0.3
59388,  -0.1,  -0.7,  -1.0,  37.5,  51.7,1047.4,   3.0,  -0.5
59412,   0.7,  -2.1,  -1.1,  57.5,  12.2, 980.0,   2.8,  -0.7
59436,  -0.1,   2.0,  -2.2, -47.9,   0.4, 948.3,   2.5,  -0.8
59460,  -0.2,   0.1,  -2.5, -53.5, -32.5, 938.0,   2.3,  -0.9
59488,  -1.0,  -3.0,  -1.4, 148.6, -56.9,1029.6,   2.0,  -1.0
59512,   0.3,  -0.4,  -2.4,  90.0,   9.5, 977.8,   1.8,  -1.1
59536,   1.8,  -1.2,  -3.7, 128.3,  57.3,1043.5,   1.7,  -1.2
59560,   1.2,   2.2,  -3.0, -21.3,  24.4, 984.9,   1.7,  -1.1
59588,   2.3,   0.2,  -3.3,  93.7, -29.3,1007.6,   1.6,  -1.2
59612,   1.7,  -0.0,  -2.2,  36.1,  47.8, 955.6,   1.6,  -1.2
59636,   0.1,   3.2,  -3.2,-103.1,  52.7, 978.3,   1.7,  -1.1
59660,   0.8,   1.6,  -3.8, -68.0,  20.0, 993.9,   1.7,  -1.1
59688,   2.0,  -3.4,  -1.0,  83.9,  -0.1,1002.5,   1.6,  -1.0
59712,  -0.2,  -1.9,  -2.3,  59.7,   6.5,1060.8,   1.6,  -1.0
59736,  -1.3,  -1.0,  -0.7,  25.8,  -5.7,1027.6,   1.5,  -0.7
59760,   1.1,   5.9,   1.9,-527.4, 466.5, 513.7,   1.6,   0.2
59788,   0.8,   7.8,  -4.4,-297.9,  93.5, 904.1,   1.2,  -0.6
59812,   2.8,   2.4,  -5.9,-161.7,  73.4, 896.8,   1.8,  -0.3
59840,   0.8,  -3.2,  -4.6, 159.1, -80.4,1011.8,   1.7,  -0.6
59860,  -0.5,   1.2,  -3.5, 117.1, -16.7,1007.6,   1.5,  -0.8
59888,  -0.5,  -0.9,  -3.8,  50.2,  45.6, 998.3,   1.7,  -0.6
59912,  -1.4,   0.8,  -4.4,  63.9,  38.8, 985.9,   1.9,  -0.8
59936,   0.6,  -0.9,  -4.2,  92.0,  43.4,1027.6,   1.9,  -0.9
59960,  -0.0,   0.1,  -3.3,  43.4,  88.3, 997.8,   2.1,  -0.8
59988,  -0.7,   0.5,   0.7,  50.0,  39.0, 999.8,   2.3,  -0.7
60012,   0.7,   0.5,   0.5,  38.7,  78.6,1007.8,   2.5,  -0.6
60036,   0.9,  -0.7,   0.5,  42.9,  59.5, 993.9,   2.6,  -0.5
60060,   0.8,   1.0,  -1.0, -46.2,  53.4, 969.5,   2.5,  -0.5
60088,   0.9,  -1.7,   0.6,  79.0,   2.9,1015.2,   2.4,  -0.5
60112,  -0.4,  -1.2,   0.9,  69.5,  -4.2,1026.2,   2.4,  -0.5
60136,   0.3,  -1.2,   0.9, 102.5, -27.6,1055.2,   2.3,  -0.5
60164,   0.0,  -1.4,   0.7,  48.7,   1.7,1023.2,   2.2,  -0.5
60188,   0.6,  -1.8,   0.6,  68.3,  -4.0,1035.7,   2.2,  -0.5
60212,  -1.2,  -1.2,   0.3,   4.8,  -9.8,1036.2,   2.2,  -0.5
60236,   0.6,  -1.4,   0.1,  13.1, -29.3,1039.8,   2.2,  -0.6
60264,   2.0,  -0.1,   0.9, -17.2,  11.9,1020.1,   2.1,  -0.6
60288,   0.9,  -0.6,   0.3, -29.1, -26.4,1020.1,   2.1,  -0.7
60312,   1.4,   2.1,   0.6, -86.5, -37.2,1005.2,   2.1,  -0.9
60340,   0.3,   1.6,  -0.4, -58.7,  -6.2, 993.0,   2.1,  -0.7
60364,   0.7,  -0.0,   0.0, -27.9, -12.7,1016.1,   2.0,  -0.8
60388,  -0.2,   1.7,  -0.4, -30.6, -24.7, 994.4,   1.9,  -1.0
60412,   1.7,   0.6,  -0.4, -13.8,  -2.3, 997.3,   1.9,  -1.0
60436,   1.1,   1.2,  -0.2,   8.0,  -5.7, 997.6,   1.9,  -1.0
60464,   0.9,   0.5,   1.1, -15.5,  -9.3,1004.9,   1.8,  -1.0
60488,   0.9,   0.3,   1.4,  -9.8, -14.0, 991.7,   1.7,  -1.0
60512,  -0.2,   0.3,   0.7,  12.1, -16.4,1009.1,   1.6,  -1.0
60536,   0.3,  -0.2,   1.3,  17.5,  -7.4,1004.9,   1.4,  -0.9
60564,   1.1,  -0.4,   0.9,  21.9,  -5.4, 999.3,   1.2,  -0.9
60588,   0.3,  -1.1,   0.4,  29.7,  -2.5, 997.3,   1.1,  -0.9
60612,   0.7,  -0.4,   1.3,  14.3,   9.0, 998.1,   1.0,  -0.9
60636,   1.8, -11.7,   1.7, 622.7,  87.6,1327.9,   0.9,  -0.8
60664,   0.4,   0.6,   0.7,  -7.4, 112.3,1038.9,   0.8,  -0.4
60688,   2.0,   0.2,   1.2, -69.9, -61.1, 973.7,   0.7,  -0.5
60712,  -0.5,  -0.3,   2.4, -36.9, -44.5, 967.1,   0.5,  -0.5
60736,  -0.4,  -8.3,   1.0, 433.5,  42.7,1212.2,   0.4,  -0.6
60764,   0.4,  -0.3,   1.8, -19.4,  87.8,1012.7,   0.5,  -0.3
60786,   0.2,   1.5,   2.0,   8.0,  59.0,1044.5,   0.5,  -0.4
60814,  -0.6,   0.0,   2.4,  38.0,  43.6,1033.0,   0.5,  -0.4
60842,   0.3,   1.1,   2.8,  41.9,  20.0,1003.0,   0.5,  -0.4
60862,   1.4,   0.5,   2.9,   2.6,  -6.6, 991.5,   0.4,  -0.5
60886,   0.3,   0.2,   2.6,  39.0,   5.6,1010.8,   0.3,  -0.6
60914,  -0.3,  -0.4,   1.0,  15.8,   1.9,1011.3,   0.2,  -0.6
60938,  -0.5,  -0.8,   0.1,  26.0, -19.6, 995.2,   0.1,  -0.7
60962,   0.4,  -1.1,   0.6,  23.8, -10.1,1005.9,  -0.1,  -0.8
60986,   0.3,  -0.0,  -0.1,  16.0,   4.8,1002.7,  -0.1,  -0.8
61014,   0.1,  -0.6,  -0.3,   6.8,  27.3,1002.0,  -0.1,  -0.7
61038,   1.4,  -1.5,   0.4,  33.9,  10.4, 999.8,  -0.0,  -0.8
61062,   0.3,  -0.8,   0.5,  28.0,  -4.9,1001.7,  -0.0,  -0.9
61086,  -0.3,   0.2,   0.3,  27.8,   0.4,1010.5,  -0.1,  -1.0
61114,   1.7,  -1.4,  -0.2,  29.7,  -8.6,1011.3,  -0.1,  -1.1
61138,   0.1,   0.4,  -1.1,  47.8, -24.5,1000.3,  -0.3,  -1.2
61162,   0.9,   0.3,  -1.3,  43.9, -25.7, 997.1,  -0.4,  -1.3
61190,   0.7,   1.3,  -1.0,  -5.0,   3.9, 992.7,  -0.5,  -1.3
61214,  -0.5,   0.5,  -0.7,  -4.2,  24.6,1002.0,  -0.3,  -1.2
61238,   0.5,  -1.1,   0.2,  21.9, -19.8, 964.1,  -0.2,  -1.2
61262,  -1.1,  -0.6,   0.4,  17.7,   8.7, 959.0,  -0.1,  -1.2
61290,   0.9,  -0.3,  -0.5,  47.5, -34.5,1027.4,  -0.2,  -1.2
61314,   1.2,   1.4,  -1.0,  29.9, -41.3,1017.1,  -0.3,  -1.3
61342,   0.4,  -1.0,   0.3,  13.6, -79.9,1026.9,  -0.4,  -1.3
61362,  -1.0,   3.2,   1.4,-118.2, -23.0, 947.1,  -0.7,  -1.2
61390,  -0.6,  -1.7,   1.5, 131.8,   8.0,1029.8,  -0.6,  -1.0
61414,   3.7,  15.5,  -1.3,-726.2, 110.8, 284.7,  -0.1,   0.2
61438,   0.9,  -3.6,  -1.0,  82.4, 254.3,1206.6,   0.7,   0.1
61462,  -0.7,   2.2,  -0.2, 118.6,-108.7, 873.1,   0.3,   0.1
61490,   1.2,   6.4,  -1.8,-274.0,  40.2, 881.1,  -0.1,  -0.2
61514,   0.9,  -3.5,   1.0, 139.3, 107.4,1039.8,   0.5,  -0.1
61538,   1.5,   1.6,   2.2, -10.3, -38.1, 988.3,   0.6,  -0.2
61562,   0.7,  -0.9,   2.9,  87.8, -51.1,1011.8,   0.2,  -0.4
61590,   1.9,  -3.6,   2.9, 415.0,  40.5,1226.8,   0.1,  -0.5
61614,   1.7,  -0.8,   2.5,  42.9,  -4.2,1028.4,   0.1,  -0.3
61638,   0.4,   0.1,  -0.2,  68.8,-123.1,1034.2,  -0.1,  -0.4
61662,   1.9, -11.1,  -0.2, 480.1,  81.2,1101.4,  -0.3,  -0.6
61690,   0.4,   1.2,  -0.3, -85.3,  31.7, 971.0,  -0.2,  -0.3
61714,   0.9,   0.6,  -0.8, -29.6, -19.3,1035.4,  -0.5,  -0.4
61738,  -1.0,   0.7,  -0.8,-110.7, -81.1, 886.3,  -0.6,  -0.3
61762,   0.7,   3.2,  -1.2, -74.1,  46.3, 896.3,  -0.3,  -0.5
61790,  -0.3,  -0.6,  -1.5,  -9.8,   7.8,1027.9,  -0.2,  -0.5
61814,  -0.8,  -0.4,  -0.4,  20.9, -40.3,1012.2,  -0.3,  -0.5
61842,   0.7,   0.0,  -0.2,  -6.9,  49.8, 984.7,  -0.2,  -0.5
61862,   0.5,   1.1,  -0.7,  14.1,  39.0, 999.5,  -0.1,  -0.5
61890,   0.2,  -2.4,  -1.1,  32.4,  43.6,1009.8,   0.0,  -0.5
61914,   0.6,  -1.4,  -0.8,  24.1, -13.5, 995.9,  -0.0,  -0.6
61938,  -0.3,  -0.3,  -0.9,  24.8, -14.5, 999.3,  -0.1,  -0.7
61962,  -0.1,  -0.1,  -1.1,  17.3,  -8.4,1001.3,  -0.1,  -0.7
61990,   0.5,   0.6,  -0.3,  16.8,   1.2,1011.8,  -0.2,  -0.8
62014,  -0.0,  -1.0,  -0.1,  24.1,   3.4,1007.6,  -0.1,  -0.8
62038,   0.2,  -1.1,  -0.8,  51.4,  -7.4,1045.7,  -0.2,  -0.9
62062,  -0.9,   0.5,  -0.5,   1.4,  -0.8, 990.0,  -0.2,  -0.9
62090,   0.6,   0.7,  -1.3,  34.3,   1.7,1000.3,  -0.2,  -0.9
62114,   1.1,  -0.0,   0.3,   9.9,  11.7, 995.9,  -0.1,  -0.9
62138,   0.6,  -0.8,  -0.7,  24.8,   4.8,1003.2,  -0.1,  -0.9
62162,   0.8,  -1.1,  -0.7,   8.2,  10.4, 994.7,  -0.1,  -0.9
62190,   0.3,   0.6,   0.6,   6.3,  14.6, 989.8,   0.0,  -0.8
62214,  -0.9,  -1.9,   0.6,-240.3, -73.3, 924.8,   0.0,  -0.1
62238,   1.7,  -2.6,   0.6,  60.0,  69.3,1030.3,   0.1,  -0.3
62266,   2.5,   1.2,  -0.8,  35.8,  76.1,1027.1,  -0.0,  -0.5
62290,  -1.3,  -0.9,  -0.7,  14.6, -46.9, 973.7,  -0.1,  -0.4
62314,   0.4,  -0.3,   0.1,  15.3,   0.2,1014.2,  -0.2,  -0.4
62342,  -0.7,   0.7,  -1.1,  28.7, -12.0, 994.4,  -0.2,  -0.3
62366,  -0.5,   0.6,   0.1,  17.3,   1.9,1014.4,  -0.3,  -0.4
62390,   0.4,  -0.3,   0.9,   8.0, -40.8, 994.9,  -0.4,  -0.5
62416,  -0.5,   0.3,  -0.4,   9.9, -27.2,1007.4,  -0.5,  -0.5
62440,  -0.9,   0.5,  -1.1,   6.8, -30.6, 993.7,  -0.7,  -0.5
62464,  -0.6,   0.3,  -0.4,  20.7,  -6.9,1002.0,  -0.7,  -0.6
62488,  -0.9,   0.4,   0.0,  15.3, -23.7, 997.8,  -0.8,  -0.6
62516,   0.1,  -0.3,  -0.6,  19.9, -21.8, 998.6,  -0.9,  -0.7
62540,  -0.7,   0.8,  -0.7,   6.3,  -5.9,1005.4,  -1.0,  -0.6
62564,  -0.3,   0.5,   0.3,   2.6, -11.3,1002.5,  -1.0,  -0.6
62588,  -0.5,   0.2,   0.8,  24.1, -13.5,1007.4,  -1.0,  -0.6
62616,   0.1,  -1.4,  -0.5,  16.3,  -2.5,1013.2,  -1.0,  -0.6
62640,  -1.0,   1.6,   0.4, -30.6, -21.3, 996.9,  -1.0,  -0.5
62664,  -0.9,   0.3,   1.4,   8.2, -26.2, 992.2,  -1.0,  -0.4
62688,  -0.8,  -0.1,   0.9,  -0.8, -25.7, 994.7,  -1.1,  -0.4
62716,  -1.2,   0.8,  -0.1,  17.5, -34.5,1009.6,  -1.2,  -0.5
62740,  -1.1,  -0.8,   0.8,  35.8, -16.2, 999.8,  -1.2,  -0.6
62764,  -0.9,  -0.1,   0.8, -24.3, -13.0, 977.3,  -1.3,  -0.5
62788,  -2.0,  -0.3,   0.6,  31.4, -25.2, 999.8,  -1.3,  -0.6
62816,  -2.0,  -0.1,   0.5,  24.6, -22.3, 997.6,  -1.3,  -0.7
62844,   1.2,  -0.7,   1.9,  16.3,   4.1,1001.7,  -1.3,  -0.7
62864,   0.7,  -0.4,   3.0,  26.0, -30.8, 984.9,  -1.2,  -0.8
62888,   1.7,   1.3,   1.6, -71.1,  46.3, 968.3,  -1.1,  -0.7
62916,   0.6,  -0.7,   0.4,  61.9,  46.8,1028.8,  -0.5,  -0.8
62940,   1.4,   0.5,  -0.5,  13.8,  28.0, 983.7,  -0.2,  -0.9
62964,   1.5,  -0.1,  -1.8,  43.9,  32.7,1004.7,   0.1,  -1.1
62988,   1.8,  -0.4,  -2.6,  64.4,  37.5,1004.4,   0.4,  -1.3
63016,   0.3,   0.7,  -3.5,  15.1,  34.1, 984.9,   0.6,  -1.4
63040,   1.2,  -1.2,  -2.7,  43.4,  48.5, 989.5,   0.9,  -1.6
63064,   0.9,  -0.3,  -3.2,  35.3,  51.0, 996.4,   1.2,  -1.6
63088,  -0.3,   1.0,  -1.0,  -4.0,  41.2,1002.7,   1.3,  -1.5
63116,   1.0,   4.6,   0.6,-274.0, -41.6, 895.5,   1.3,  -1.0
63140,  -1.9,   0.2,   0.0,  71.2, -21.0, 998.3,   1.5,  -1.1
63164,   0.7,  -0.3,   0.7, 110.8,  12.4,1028.1,   1.5,  -1.1
63188,   0.3,   1.6,  -0.2, -45.2,   0.2, 987.6,   1.4,  -0.9
63216,   1.7,  -0.9,   0.2, -26.4, -10.3,1007.6,   1.4,  -0.7
63240,   0.3,  -1.5,   0.6,  51.4,  -9.8, 996.6,   1.2,  -0.8
63264,   0.6,  -0.1,   0.9,  10.2,  14.4,1008.1,   1.1,  -0.7
63288,   0.5,  -0.4,   0.9,  -2.5,   0.7,1006.9,   1.0,  -0.6
63316,   0.3,  -1.6,   1.0,  26.5, -48.4, 996.1,   0.8,  -0.6
63344,   0.4,  -0.0,   0.9,  33.9, -28.6,1009.3,   0.8,  -0.7
63364,   0.7,  -0.1,   0.8,  18.0, -25.2, 999.5,   0.5,  -0.7
63392,   1.4,   0.1,   0.3,  18.0, -24.7,1007.6,   0.2,  -0.7
63416,  -0.3,  -0.1,  -0.3,  31.7, -23.2, 999.1,   0.1,  -0.7
63440,   0.6,  -0.1,  -0.4,  28.0, -37.9,1012.0,  -0.1,  -0.8
63464,   0.5,   0.5,  -1.4,  15.5, -27.4, 996.4,  -0.2,  -0.9
63492,   0.9,  -1.4,  -1.8,  24.1,  16.3, 986.6,  -0.2,  -0.9
63516,   0.2,   0.0,  -1.4,  26.5,  36.8, 998.8,  -0.1,  -0.9
63540,   0.7,  -1.2,  -0.6,  36.1,  -9.1, 995.4,   0.1,  -0.9
63564,   0.6,  -1.0,   0.0,  55.3, -10.3,1015.9,   0.0,  -1.0
63592,   0.8,   0.3,  -0.4,  52.7,  27.5,1014.7,   0.1,  -1.0
63616,  -0.3,  -0.3,  -1.5, -17.9,  -5.2,1001.0,   0.2,  -0.9
63640,   0.4,   1.6,  -3.2,   3.1,  -1.0, 998.6,   0.3,  -1.0
63664,   0.6,   1.0,  -2.5,  12.4, -16.9, 996.4,   0.3,  -1.1
63692,   1.1,   1.3,  -1.4,  43.4,   7.8,1008.3,   0.3,  -1.1
63716,  -0.3,  -0.1,  -0.1,  55.1,  -3.7, 998.8,   0.4,  -1.0
63740,   0.1,  -2.0,   0.2,  -6.9, -32.0,1000.8,   0.3,  -0.8
63764,  -0.7,   0.2,   0.0, -24.0, -27.9,1018.1,   0.2,  -0.7
63792,  -1.0,   1.0,   0.1, -53.8, -27.9, 999.1,   0.1,  -0.7
63816,  -0.5,  -0.4,  -1.3, -53.8, -56.7,1033.5,  -0.1,  -0.7
63844,   0.9,   0.2,  -0.2,  27.3, -40.6,1011.8,  -0.1,  -0.7
63864,   0.1,   0.6,  -1.1, -15.7, -49.1,1011.3,  -0.1,  -0.8
63892,   1.2,  -1.2,  -1.2,  38.0, -39.6,1007.8,  -0.2,  -0.8
63916,  -0.1,   0.6,  -0.1,  34.6, -25.4,1000.3,  -0.2,  -0.7
63940,  -1.0,  -0.9,  -0.7,  18.7, -25.4,1011.3,  -0.3,  -0.7
63964,   0.6,  -0.4,  -1.0,  16.8,   5.1,1016.4,  -0.3,  -0.6
63992,   0.8,  -2.0,  -2.6,  39.0, -22.5,1012.7,  -0.2,  -0.6
64016,  -0.2,  -0.1,  -2.6,   1.4, -24.5, 990.0,  -0.3,  -0.7
64042,  -1.3,  -0.3,  -2.2,  34.8,  -9.1,1008.3,  -0.3,  -0.7
64066,   0.6,   0.5,  -1.2, -13.8,  -5.7, 971.5,  -0.3,  -0.6
64090,  -0.3,  -0.9,  -2.6,  -5.0, -37.9,1017.9,  -0.4,  -0.6
64114,  -0.5,  -3.4,  -1.5,  87.3,  26.6,1065.0,  -0.2,  -0.4
64142,  -1.0,  -1.2,  -1.0,  45.3, -14.0,1003.7,  -0.3,  -0.4
64166,  -0.5,  -0.2,  -1.9,  19.4, -18.1,1055.9,  -0.4,  -0.5
64190,  -0.8,  -1.2,  -1.8,   0.7, -13.0, 999.5,  -0.4,  -0.4
64214,  -1.0,   0.2,  -2.1, -18.9,  -0.8, 992.2,  -0.4,  -0.4
64242,  -1.2,  -1.9,  -0.5,  38.7,   8.2,1014.2,  -0.4,  -0.4
64266,  -1.0,   2.0,  -1.3,  -5.5,  40.5,1011.8,  -0.3,  -0.4
64290,  -0.1,   0.7,  -1.4, -12.3,  16.3, 993.0,  -0.3,  -0.4
64314,  -1.3,   0.2,  -0.8,   4.1,   9.5,1009.3,  -0.3,  -0.4
64342,   0.8,   0.2,  -1.2, -41.3,  -0.8, 986.4,  -0.3,  -0.4
64366,   1.5,  -2.5,  -1.5,  64.1,  24.1,1010.8,  -0.2,  -0.5
64390,  -0.0,  -0.6,  -1.5,  39.5,  36.3, 990.3,  -0.0,  -0.6
64418,   0.4,  -0.6,  -1.8,  -8.4,  29.2, 993.7,   0.2,  -0.6
64442,   1.2,  -2.9,  -1.6,  38.0,  13.9, 998.1,   0.2,  -0.7
64466,   1.7,  -0.3,  -1.2,  14.6,  41.2, 988.6,   0.3,  -0.6
64490,  -0.2,   0.0,   0.3,  14.8,  30.5, 983.4,   0.4,  -0.6
64518,   1.2,  -1.9,   0.5,   6.5,  37.1, 994.4,   0.6,  -0.7
64542,   0.3,  -1.3,  -0.7,   4.3,  29.7, 995.6,   0.7,  -0.7
64566,   1.2,   0.2,  -0.4,   2.8,  22.4, 995.2,   0.8,  -0.7
64590,   1.8,  -0.4,   1.8,  68.3, -60.6, 970.7,   0.6,  -0.9
64618,  -0.5,   7.4,   2.4,-209.3, -70.9, 889.4,   0.8,  -0.7
64642,  -0.3,  -7.0,   0.8, 237.0,  53.7,1031.8,   1.2,  -0.2
64666,   0.2,   1.0,  -0.2, -45.7,  11.7, 965.4,   1.2,  -0.2
64690,   0.7,  -1.7,   0.4,  59.0,  38.0,1023.0,   1.2,  -0.4
64718,   0.1,   0.6,   0.3, -22.8,  25.3,1017.6,   1.3,  -0.4
64742,  -1.1,  -0.4,  -0.4,  10.9,  18.3, 976.8,   1.3,  -0.4
64766,  -1.1,  -0.1,  -0.7,  32.1,  39.0, 988.3,   1.4,  -0.5
64790,   0.1,  -0.8,   1.0,  75.6,  36.3,1006.9,   1.4,  -0.6
64818,   0.0,   1.0,   1.5,  23.6,  31.0,1003.5,   1.5,  -0.7
64846,   0.3,  -0.2,   1.7,  32.4,  14.4, 993.2,   1.5,  -0.7
64866,  -0.8,  -0.2,   2.5,  16.5, -12.7, 994.7,   1.3,  -0.7
64890,   0.4,   0.2,   2.9,  21.4, -16.7,1005.9,   1.1,  -0.8
64918,   0.9,   0.3,   2.9, -11.8,  -5.4, 985.1,   0.9,  -0.7
64942,   0.1,  -0.1,   2.6,  -2.0, -15.9,1003.9,   0.7,  -0.7
64966,   0.7,  -1.4,   2.6,   9.7, -10.8,1000.3,   0.6,  -0.6
64990,   0.7,   0.6,   2.0,   3.1, -15.7,1008.1,   0.5,  -0.6
65018,   0.1,  -0.6,   1.8,  20.2, -15.7,1019.8,   0.3,  -0.6
65042,   0.0,  -0.1,   2.1,  10.7, -12.0,1018.8,   0.2,  -0.7
65066,   1.1,  -0.4,   1.5,  20.4,   0.2, 998.3,   0.2,  -0.7
65090,   0.9,  -0.6,   1.5,   9.7,  -3.5,1004.2,   0.1,  -0.7
65118,   0.1,  -0.9,   2.3,  33.6,   6.1, 997.8,   0.1,  -0.8
65142,   1.2,  -1.1,   2.6,  33.1,   8.2,1000.8,   0.2,  -1.0
65166,   1.0,   0.2,   2.9,  19.9,  10.9,1003.2,   0.2,  -1.0
65190,   0.7,  -0.4,   2.7,   1.1,   9.7, 992.5,   0.2,  -1.0
65218,   0.1,   0.4,   3.2,   7.5,   5.3,1004.7,   0.3,  -1.0
65242,   1.7,  -0.0,   3.7,  -9.4,  15.8, 998.3,   0.4,  -0.9
65266,   0.7,   0.4,   3.4,  25.8,   0.9, 994.9,   0.4,  -0.9
65290,   0.6,  -0.6,   4.4,  22.1, -10.1, 981.5,   0.4,  -1.0
65318,   1.8,   0.9,   4.6, -24.0,   6.8, 996.1,   0.3,  -0.8
65346,   0.1,   0.7,   4.1,  87.6, -84.5,1007.6,   0.2,  -0.8
65366,   1.1,   0.4,   1.7,  57.5, -61.8,1011.5,  -0.2,  -1.1
65390,  -0.3,  -0.5,  -1.2,  66.6, -18.6,1013.5,  -0.4,  -1.3
65418,   0.4,  -1.8,  -3.8,  29.7, -13.5, 938.0,  -0.5,  -1.5
65442,  -0.2,  -1.6,  -4.1,  83.7,   7.0, 987.1,  -0.5,  -1.5
65466,  -0.0,  -0.9,  -2.9, 103.2, -14.5,1026.6,  -0.5,  -1.6
65494,  -0.2,  -0.2,  -2.7, -36.5, -44.5,1001.7,  -0.8,  -1.5
65518,   0.0,  -1.3,  -2.7, -18.6, -60.6,1020.8,  -1.1,  -1.4
65542,   0.6,   0.2,  -3.1, -12.0, -26.7, 982.2,  -1.3,  -1.2
65566,   0.9,   0.3,  -2.7,  -5.7,  -5.4,1003.9,  -1.3,  -1.1
65594,   0.8,  -0.9,  -3.2, -45.0,  11.4, 960.7,  -1.0,  -1.0
65618,  -0.5,  -1.7,  -1.2,  18.2, 111.8, 997.6,  -0.4,  -0.8
65642,   0.2,  -2.0,  -0.6,  11.4,  85.9,1029.8,   0.1,  -0.7
65668,   0.0,  -0.4,   1.3,  80.5, -29.3, 995.2,   0.2,  -0.9
65692,  -0.0,   2.4,  -2.2,   2.8, -62.6, 979.0,  -0.1,  -1.3
65716,  -0.2,   0.4,  -3.6,  49.0, -19.3,1007.1,  -0.4,  -1.4
65744,   0.4,  -0.2,  -4.3,  20.4,  51.2, 997.3,  -0.4,  -1.5
65768,   0.4,   0.7,  -2.0, -79.4,  91.3, 982.0,   0.2,  -1.0
65792,   1.7,   0.3,   0.7,  28.5, -29.3,1002.2,   0.3,  -0.9
65816,   0.3,   2.2,   0.8,  25.3, -58.2, 996.6,  -0.0,  -1.0
65844,   1.2,  -0.7,   3.2,  45.3, -48.1, 982.9,  -0.1,  -1.1
65868,   3.3,  17.3,   3.2,-419.3, 251.9, 770.1,   0.2,  -0.7
65892,   1.4,  -3.6,   4.6, 186.2,  53.2,1052.8,   0.0,  -0.6
65916,  -1.9,   0.8,   0.9, -99.7, -97.5, 874.5,  -0.4,  -0.7
65944,   0.3,  -0.7,  -3.5,  -0.3,-109.9, 944.6,  -0.6,  -0.9
65968,  -1.8, -13.8,  -3.7, 206.7, 107.6,1019.3,  -0.3,   0.6
65992,  -3.0,  -5.8,  -3.5, 389.1,-137.3,1421.4,   0.1,   1.2
66016,   1.1,   0.7,  -3.1,-134.1,  46.8, 841.1,  -0.0,   1.1
66044,  -0.2,  -1.8,  -3.6,  92.7, -14.0, 971.5,   0.4,   0.9
66068,  -0.5,   2.5,  -3.0, -77.7,  54.9, 961.0,   0.4,   0.9
66092,   0.4,  -2.3,  -3.0,  23.4,  11.9,1020.8,   0.5,   1.0
66116,   0.3,   0.5,  -1.4,  -7.6, -10.6, 976.1,   0.3,   0.9
66144,  -0.5,  -0.1,  -1.5,  16.8,  -6.9,1001.7,   0.3,   0.7
66168,  -0.9,   0.2,  -0.7, -25.7,  29.0, 991.7,   0.4,   0.7
66192,   1.1,  -0.7,   0.4,  14.1,  15.6, 996.9,   0.4,   0.6
66216,   0.8,  -0.1,   1.0,  24.3,  -8.6, 990.5,   0.4,   0.4
66244,   0.6,  -0.5,   1.7,  20.2, -18.9,1003.5,   0.3,   0.2
66268,  -0.4,   0.3,   1.7,   8.7,  -3.2, 997.1,   0.2,   0.1
66292,   1.1,  -0.8,   1.0,  20.9,  10.9,1008.1,   0.2,   0.0
66316,   0.9,   0.4,   0.7,  19.2,  -4.7,1004.7,   0.2,  -0.1
66344,  -0.2,  -0.1,   0.8,   1.4, -12.7,1008.6,   0.1,  -0.1
66368,  -0.5,  -0.8,   0.5,   6.3, -12.7, 999.1,   0.0,  -0.1
66392,   0.2,  -0.1,  -0.4,  19.4,   8.7,1002.2,   0.0,  -0.2
66416,   0.4,   0.2,   0.7,  18.5,  -7.6,1001.7,  -0.0,  -0.2
66444,   0.4,   0.3,   0.3,  34.8,   3.4, 999.5,  -0.1,  -0.4
66468,   0.7,  -0.8,   0.6,  39.7, -14.7, 997.8,  -0.1,  -0.5
66492,   0.7,  -0.0,   1.0,  -2.5,  29.2,1014.4,  -0.1,  -0.6
66520,   0.9,  -0.5,  -0.2,  31.7,   1.2,1000.0,   0.0,  -0.7
66544,   1.4,  -0.9,   0.4,  22.6,  11.7, 999.5,   0.0,  -0.7
66568,   0.4,   0.8,   0.7,  24.8, -15.4, 992.2,   0.1,  -0.7
66592,  -0.2,   0.6,   1.5,   9.2,   3.1,1001.3,   0.0,  -0.8
66620,   0.9,   0.3,   0.8,  -2.0,  -4.0, 993.7,   0.0,  -0.7
66644,   0.3,  -1.1,  -0.6,  -3.5,  -6.6,1004.9,  -0.0,  -0.7
66668,   1.1,   0.2,  -1.2,  27.0, -10.3, 996.1,  -0.1,  -0.7
66692,   1.0,   0.9,  -1.3,  26.5,   9.0,1008.8,  -0.1,  -0.8
66720,  -0.7,  -0.9,  -0.8,   5.3,  10.4, 998.1,  -0.0,  -0.8
66744,   0.4,  -1.5,  -1.9,   1.4, -13.5,1004.2,  -0.1,  -0.7
66768,   0.3,  -1.3,  -2.6,  19.9,  -9.1, 994.2,  -0.1,  -0.8
66792,   0.2,  -1.1,  -1.2,  37.8,  -2.0,1001.3,  -0.1,  -0.9
66820,   0.1,  -1.0,  -2.1,  15.3,   1.2,1003.9,  -0.1,  -0.9
66848,   1.1,  -0.6,  -1.7,  24.8,   8.7,1001.0,  -0.1,  -1.0
66868,   0.1,  -0.1,  -1.3,  21.2,  27.5, 997.6,   0.0,  -1.0
66892,   0.2,  -0.8,  -0.5,  24.8,  43.6,1002.7,   0.2,  -1.0
66920,  -0.1,   0.6,   0.4,  43.1, -12.3,1009.3,   0.2,  -1.0
66944,  -1.1,   1.4,   0.7,   6.5,  20.0,1011.0,   0.3,  -1.0
66968,   0.9,  -0.3,   1.0,   1.1, -15.7, 993.9,   0.2,  -1.0
66992,   0.4,  -0.7,   1.2,  -4.2, -24.7,1011.8,   0.0,  -0.8
67020,   0.5,  -2.3,  -0.5,   8.7, -29.3,1007.6,  -0.1,  -0.7
67044,   1.2,   1.0,  -0.3, -19.1, -37.4, 982.5,  -0.4,  -0.7
67068,  -1.0,  -1.9,  -0.4,  51.4, -40.6,1015.4,  -0.6,  -0.8
67092,   0.3,  -1.6,  -0.5,  36.5, -29.1,1010.8,  -0.8,  -1.0
67120,   0.2,  -2.2,  -0.7,  47.3, -38.9, 993.7,  -1.0,  -1.0
67144,   1.2,   0.0,  -0.8,  23.6, -29.8,1003.0,  -1.1,  -1.1
67168,  -0.3,  -0.4,  -0.7,  12.9, -38.9,1008.8,  -1.2,  -1.0
67192,  -0.3,  -0.0,  -0.7,   9.2, -47.9, 999.5,  -1.4,  -1.0
67220,  -0.5,  -0.9,  -0.8,  22.6, -35.5,1013.2,  -1.5,  -1.0
67244,  -0.3,  -0.0,  -1.2,  25.6, -50.3,1003.9,  -1.6,  -1.0
67268,  -0.1,  -0.2,  -1.6,  18.7, -41.3,1002.0,  -1.7,  -1.0
67294,   0.1,  -0.2,  -1.7,  -9.8, -49.4,1017.1,  -1.9,  -0.9
67318,  -2.5,  -2.3,  -3.3,  30.9, -72.8, 995.6,  -2.1,  -0.9
67346,   0.4,  -1.4,  -3.5,  31.7, -45.5,1008.3,  -2.2,  -1.0
67370,   0.2,  -0.6,  -2.2,  12.6, -25.4,1025.2,  -2.2,  -1.1
67394,   0.4,  -1.1,  -1.5, -11.1, -55.2, 984.9,  -2.3,  -1.0
67418,   1.1,   0.5,  -0.9, -27.9, -26.4, 996.4,  -2.3,  -1.0
67442,   0.6,   0.6,  -0.1,  25.3, -14.0, 985.9,  -2.2,  -0.9
67470,   0.8,   1.4,   0.9, -25.7, -38.1, 985.1,  -2.2,  -0.8
67494,   0.7,   0.3,   0.3, -33.5, -27.4,1017.1,  -2.2,  -0.6
67518,   0.6,  -0.7,   0.6,  -4.2, -39.1, 995.6,  -2.2,  -0.5
67542,   0.5,  -0.9,   0.6,  27.5, -23.5,1029.1,  -2.2,  -0.5
67570,   0.2,  -1.0,  -0.2,  -5.9, -24.5,1001.3,  -2.2,  -0.4
67594,   0.8,  -0.5,   0.1,  23.6, -23.7,1000.3,  -2.1,  -0.5
67618,  -1.4,  -1.2,   1.5,  55.6, -26.9,1002.5,  -2.1,  -0.7
67646,  -0.5,   0.5,   1.0, -35.0, -52.3,1004.4,  -2.2,  -0.6
67670,   0.6,   0.0,   2.3,  -0.3, -29.3, 988.3,  -2.2,  -0.7
67694,   1.1,  -0.9,   2.8,  10.7, -10.6,1002.2,  -2.1,  -0.6
67718,  -0.4,  -0.1,   2.9,   9.7, -31.1,1004.9,  -2.0,  -0.6
67746,   0.7,  -0.3,   1.7,  23.6, -31.5, 999.5,  -2.0,  -0.7
67770,   0.4,  -0.3,   2.7,  -6.4, -33.0,1015.4,  -1.9,  -0.7
67794,   1.3,   1.7,   1.5,  28.7, -76.5,1011.0,  -2.0,  -0.8
67818,   0.1,   0.6,   0.6,  29.9, -56.4, 981.0,  -2.2,  -0.8
67846,   0.2,  -0.4,   1.0,  54.9, -54.5, 988.1,  -2.3,  -0.8
67870,  -0.9,  -0.7,   0.1,  62.9, -68.4, 970.5,  -2.5,  -0.9
67894,  -2.6,   0.6,   0.4,  29.9,-168.5,1123.6,  -3.0,  -0.9
67918,   1.7,   1.0,  -1.1, -14.7,  18.5,1083.0,  -2.8,  -0.9
67946,   3.9,   2.3,  -4.3,-172.7,  17.3, 914.8,  -2.2,  -1.0
67970,   0.8,  -0.3,  -2.7,  52.2, -58.9,1026.9,  -2.1,  -1.0
67994,  -0.2,   0.8,   0.1,  12.4, -68.4, 989.5,  -2.2,  -1.1
68018,  -0.7,  -0.1,  -0.3,  26.8, -43.0,1024.2,  -2.2,  -1.0
68046,   0.9,   1.1,   0.0,-123.4,  49.3, 933.1,  -2.1,  -0.6
68070,  -0.1,  -1.8,  -0.4, -62.3,  36.8,1028.4,  -1.8,  -0.6
68094,   1.8,  -0.6,  -0.3,  36.1,  10.9, 965.1,  -1.6,  -0.8
68118,   0.6,  -0.2,   0.3,  40.4, -80.9,1115.3,  -1.6,  -0.8
68146,   0.9,   2.5,   0.6, -69.9,-131.6,1107.0,  -1.7,  -0.7
68170,   0.6,   3.4,  -0.7,-118.2, -97.0, 979.3,  -1.9,  -0.6
68194,   1.3,   1.2,  -1.7,-137.5,  -1.3, 996.1,  -1.8,  -0.6
68218,   1.9,  -3.0,  -1.3,  13.8,  30.7,1010.0,  -1.6,  -0.5
68246,   1.2,  -1.8,   0.7, 106.1, -96.5,1037.6,  -1.6,  -0.7
68270,   0.7,   1.1,   0.4, -26.0, -57.2, 986.6,  -1.6,  -0.7
68294,   1.7,   1.1,   2.9, -64.0,  11.7, 991.2,  -1.5,  -0.6
68318,   1.7,   0.1,   4.2,  -9.6,  13.9, 949.7,  -1.3,  -0.4
68346,   1.4,  -0.6,   4.9,  49.5,  33.2, 958.3,  -1.2,  -0.5
68370,   0.9,   0.3,   4.6,  20.2,  13.1,1037.9,  -1.2,  -0.3
68394,  -0.7,   0.2,   2.9, -20.6, -39.6, 959.5,  -1.3,  -0.1
68418,  -1.1,   1.3,   3.0, -15.2, -40.8, 928.3,  -1.3,  -0.2
68446,  -2.2,   6.0,   0.7,-219.1,-216.8, 996.4,  -2.0,  -0.4
68470,   4.8,  -1.3,   0.1, -16.9, 106.9, 956.8,  -1.5,  -0.2
68494,   3.6,   2.0,  -0.5,-147.8, -50.6, 941.9,  -1.0,  -0.4
68518,   1.1,  -2.0,   2.1, -55.5,-106.0,1008.6,  -1.0,  -0.5
68546,   1.4,   0.2,   2.2,  68.3, -16.4,1104.8,  -1.2,  -0.9
68570,  -2.2,  -5.4,   3.1, -86.8,-126.8,1042.5,  -1.3,  -0.4
68594,   1.6,   1.3,   3.7,-144.6,   1.2,1076.0,  -1.1,  -0.4
68618,   0.7,   5.9,   3.1,-155.1, -11.3, 854.0,  -0.7,  -0.4
68646,   2.4,   0.3,   2.9,  11.6,   2.9, 969.3,  -0.6,  -0.4
68670,   2.8,  -1.2,   3.4,  71.2,  69.5,1021.8,  -0.7,  -0.4
68694,   2.6,   1.1,   3.7,  39.7,  35.8, 849.2,  -0.6,  -0.4
68722,   1.1,  -0.0,   0.9,  69.5,  31.0,1061.6,  -0.7,  -0.8
68746,   0.2,  -3.7,   0.1, 157.1, -31.5,1076.5,  -0.8,  -1.0
68770,   2.8,   2.0,  -3.5, -90.7,  85.4, 933.4,  -0.6,  -0.9
68794,   0.7,  -2.3,  -1.5,  79.3,  66.1, 941.7,  -0.3,  -0.8
68822,   2.2,   0.5,  -2.3,  18.7, -85.0,1052.0,  -0.3,  -1.0
68850,   1.3,   1.9,  -0.9,-200.8,  53.2,1011.8,  -0.2,  -0.7
68870,  -1.5,  -0.1,  -0.2, -67.7,   9.7, 931.7,   0.1,  -0.5
68894,  -3.7,  -2.2,   0.4,  74.4,-471.0,1113.3,  -0.6,  -0.6
68920,   4.0,   3.4,  -1.3, -55.3, 189.2, 944.6,  -0.0,  -0.6
68944,   2.0,   1.7,  -0.1,-255.0, -55.5, 854.5,   0.4,  -0.4
68972,   0.9,   1.0,  -0.7,  67.1, -78.2,1067.9,   0.1,  -0.9
68996,  -1.5,  -1.0,  -1.5, 249.7,-209.3,1182.4,  -0.3,  -1.2
69020,   2.2,   4.6,  -1.5, -87.5, -65.5,1010.0,  -0.1,  -0.9
69044,   1.0,   3.5,  -1.2,-129.5, 112.7, 826.9,   0.6,  -0.8
69072,   1.5,   0.8,  -1.6, -70.9, -16.2,1069.1,   0.5,  -0.7
69096,   1.2,   3.6,  -0.8, -85.0, -31.8, 944.4,   0.0,  -0.8
69120,   3.2,  -0.6,  -1.1,-112.4,  40.5, 988.8,  -0.0,  -0.5
69144,   2.0,  -1.7,  -1.6, -11.6,  85.2,1013.5,   0.5,  -0.2
69172,   1.5,  -1.9,  -1.9,  60.0, -65.5,1014.2,   0.4,  -0.4
69196,   3.0,   1.5,  -2.4,-108.2,  76.9, 940.0,   0.5,  -0.3
69220,   1.1,  -0.5,  -3.2, -39.6,  84.7,1059.8,   0.7,  -0.2
69244,   0.4,  -1.1,  -1.0, 120.0,  11.4, 919.7,   0.7,  -0.5
69272,  -0.7,   2.5,  -2.5,-184.2,-126.3,1026.6,   1.0,  -0.4
69296,  -4.2,   2.8,  -0.8,-342.6,-302.8,1110.6,   0.7,  -0.2
69320,   2.0,  -5.0,   4.4, 103.2,  64.2, 886.0,   0.7,   0.1
69348,   4.8,   1.2,  -0.8,-155.8,  95.2, 971.2,   0.9,   0.3
69372,   1.6,  -3.0,   0.3,   6.3, 144.2, 927.8,   1.5,   0.4
69396,   0.0,  -1.8,  -0.2, 147.1,  33.9,1015.7,   1.1,  -0.3
69420,  -1.6,   0.4,   1.4, -65.3,   0.9, 971.5,   0.9,  -0.2
69444,   1.1,   0.9,   0.3, -46.2, 100.0,1019.6,   0.8,  -0.4
69472,   1.4,  -1.7,   1.8, -14.7,  70.0, 996.6,   0.9,  -0.4
69496,   1.7,   1.1,   0.9,  32.6, -56.2, 993.7,   0.8,  -0.7
69520,   0.0,   1.3,   1.4,  65.8,  -2.3,1005.6,   0.9,  -0.7
69544,   1.1,   0.8,   2.3,  35.6,  47.6,1012.5,   1.1,  -0.6
69572,  -0.9,   3.6,   1.2,   2.1,  30.2, 987.6,   1.2,  -0.7
69596,   0.5,  -0.1,   2.5,  29.2,  19.0,1070.1,   1.2,  -0.4
69620,   2.7,   1.1,   3.1, 113.7,  42.7, 922.6,   1.1,  -0.6
69644,   4.0,  -0.6,   1.4, -16.2,  99.3, 982.7,   1.3,  -0.5
69672,   3.4,  -0.9,   2.3,   1.9,  79.3, 968.5,   1.3,  -0.4
69696,  -0.0,  -2.2,   1.8, -42.8,  30.7, 902.9,   1.4,  -0.3
69720,  -1.3,   1.6,  -1.2, 383.7, -19.1, 915.8,   1.0,  -1.6
69748,  -2.2,  12.7,  -3.7,-411.7,-231.0,1067.9,   0.9,  -1.2
69772,   1.6,  -5.9,   4.2, 244.1, 121.0, 947.1,   1.1,  -1.0
69796,   1.5,   5.5,   0.2,-237.9, -58.9, 937.5,   0.9,  -1.1
69820,   1.6,  -3.3,   0.7,  15.3,  91.3,1050.1,   1.1,  -0.9
69848,   1.6,  -0.3,   1.0, -52.1,  -0.8, 956.3,   1.1,  -0.8
69872,   2.5,   0.2,   2.2, -38.9, 113.0, 931.9,   1.1,  -0.8
69896,   0.6,  -1.7,   2.2, -55.3,  36.6, 954.6,   1.1,  -0.5
69920,  -0.6,  -2.2,  -0.5,  92.2, -87.5,1104.0,   1.2,  -0.4
69948,   1.4,   0.2,  -2.3, -57.0, -42.3,1014.2,   1.0,  -0.3
69972,   0.8,   1.0,  -3.3,  11.9,  -3.7,1004.7,   0.8,  -0.5
69996,   0.5,  -1.2,  -3.9,  97.8, -24.7, 989.8,   0.7,  -0.7
70020,   2.2,  -0.5,  -4.6,  30.2,  31.9, 908.2,   0.7,  -0.7
70048,   0.7,   0.3,  -4.4,   3.1,  50.5, 954.9,   1.0,  -0.9
70072,   4.5,  -1.1,  -5.1, 172.3,   4.3,1020.8,   0.9,  -1.3
70096,   2.0,  -0.4,  -4.0,  30.7,  57.1, 938.0,   1.0,  -1.2
70120,   6.7,  -0.9,   0.7,-110.9, 159.6, 962.4,   1.0,  -0.7
70148,   4.3,  -1.9,  -2.7, 148.6,  72.7, 855.5,   1.5,  -1.1
70172,   4.9,  -2.8,  -4.9,  26.8,  72.5,1028.4,   1.9,  -0.7
70196,   2.5,   0.6,  -3.8, -81.1, -90.9, 996.1,   1.8,  -0.5
70220,   3.8,  -0.1,  -4.1, -86.0, -40.3, 981.5,   1.6,  -0.6
70248,   4.8,  -3.3,  -4.0, -23.0,  72.2, 975.4,   1.7,  -0.5
70272,   2.2,  -2.3,  -4.8,  77.3,  31.7, 974.4,   1.6,  -0.9
70296,   6.3,   1.0,  -5.7, -18.9,  29.2,1059.6,   1.6,  -1.1
70320,   2.6,   3.3,  -7.0,-208.1,  73.2,1037.9,   1.6,  -1.1
70348,   5.2,  -3.6,  -5.6,  60.0, 136.9, 938.8,   1.9,  -1.2
70372,   5.1,   0.6,  -5.4, -51.4,  -0.8,1092.3,   1.6,  -1.4
70396,   2.2,  -2.1,  -5.5,  35.3,  61.5, 895.8,   1.9,  -1.2
70420,   4.6,  -0.9,  -4.4,  54.4,  -7.1,1056.9,   1.7,  -1.1
70448,   4.2,   0.5,  -5.6, -11.6,  29.2,1007.1,   2.0,  -0.7
70472,   4.2,  -1.4,  -6.8, -69.7,  57.8, 903.1,   1.8,  -0.7
70496,   0.9,  -2.4,  -6.8,  38.7,  -0.8, 965.9,   1.5,  -0.8
70520,   5.5,  -6.0,  -2.1,  56.8,  31.0,1101.1,   1.2,  -0.3
70546,   5.8,   6.0, -10.0, -83.6,  39.5, 931.4,   1.5,  -1.3
70570,   2.5,   1.9,  -9.6,-159.5, -43.5,1015.7,   1.7,  -0.8
70598,   1.7,   2.6,  -5.9, -57.5, -93.8,1128.0,   1.5,  -0.9
70622,  -0.5,  -0.7,  -5.5,  81.5,  47.8, 848.9,   1.5,  -0.7
70646,   1.9,  -0.3,  -6.0,  67.8, 152.0, 894.3,   1.3,  -0.7
70670,  -2.4,   2.2, -10.3, -87.7,-481.7,1309.1,   1.4,  -1.0
70698,   2.2,  -8.4,  -2.5, 308.3, 102.5,1187.5,   2.3,   0.1
70722,   6.4,   4.4,  -7.1,-232.5,  78.6, 875.8,   1.7,  -0.1
70746,   5.3,  -2.2,  -4.1, -18.9, 204.3, 923.6,   2.4,   0.3
70774,  -0.3,  -0.4,  -6.3, 180.6, 114.0, 903.6,   3.0,  -0.3
70798,  -1.0,  -1.9,  -2.9,-155.8, -56.4,1189.2,   2.6,   0.4
70822,   1.7,  -0.8,  -2.6, -24.3,   3.4, 954.9,   3.3,   0.4
70850,   0.8,   5.0,  -4.6,  78.8,  89.8,1054.2,   3.4,   0.5
70874,  -0.0,  -3.2,  -2.6,  19.4,  58.1,1022.7,   3.6,   1.3
70898,   1.5,  -0.9,  -0.9, -27.7, 158.9, 903.6,   3.6,   1.2
70922,  -0.2,  -2.2,  -1.0,  -0.1,  50.7,1032.3,   3.7,   1.1
70946,   2.1,  -2.8,   1.1,  48.5, 125.4, 948.5,   3.7,   1.3
70974,   0.3,  -2.2,   2.3, 102.2, 137.4, 912.6,   4.2,   1.3
70998,   1.9,   3.9,   3.7,-124.1,  82.2, 868.7,   4.1,   1.3
71022,   0.6,   0.2,   5.3,-219.6,  89.8, 996.6,   4.0,   1.7
71046,   1.9,   0.3,   5.3, -18.1,  45.8, 910.9,   4.3,   1.4
71074,   1.1,  -3.6,   6.0, 123.2, 135.7, 928.0,   4.6,   1.5
71098,  -3.2,  -0.6,   3.9, 169.8,  97.6, 932.9,   4.7,   0.7
71122,   0.9,   1.8,   6.9,-213.9, 125.9,1097.2,   4.1,   1.6
71146,  -3.0,  -2.7,  11.7,  87.8, -91.8, 845.0,   4.4,   1.6
71174,  -1.0,  -8.0,   4.6, 269.9, 105.4,1146.3,   3.9,   0.8
71198,  -3.3,   2.8,   5.3, -26.2,  23.4, 909.9,   4.2,   1.0
71222,  -3.1,   3.5,   4.8,-129.5, -98.2,1014.0,   3.7,   0.8
71246,   0.4,  -1.8,   7.0, 116.1, -24.0,1096.0,   3.3,   0.7
71274,  -2.5,  -2.9,   6.5, 158.4, 116.9,1021.0,   3.4,   0.5
71298,  -1.9,   1.0,   4.2,  93.2,  31.2,1010.0,   3.4,   0.1
71322,  -0.5,  -4.1,   5.5, 255.5,  54.1,1050.1,   3.2,  -0.1
71350,   1.9,   4.8,   4.7,-192.2,  78.8, 988.1,   3.3,   0.2
71374,   0.1,  -1.2,   3.9, -78.7, 133.5, 922.9,   3.5,   0.2
71398,  -2.0,  -2.5,   2.9, 119.3,  78.3, 986.9,   3.4,   0.0
71422,   0.7,   7.8,   4.3,-274.0,-103.6,1130.6,   2.9,  -0.1
71446,   1.6,   6.9,  -0.8,-144.4, 201.4, 942.9,   2.8,  -0.8
71474,   2.0,  -4.8,  -0.9, 263.3, -30.3,1206.6,   2.8,  -0.6
71498,   2.2,   1.1,  -1.6, -68.7,  18.5, 900.7,   2.9,  -0.8
71522,   1.0,  -2.4,  -2.1, 150.8,  17.8, 945.1,   2.9,  -1.0
71546,   3.6,  -1.9,  -1.9, 153.0, 132.5, 986.4,   2.5,  -1.1
71574,   0.1,  -1.4,  -3.8,  64.1, -14.5,1035.9,   2.8,  -1.2
71598,   2.8,  10.9,  -6.3,-375.6, 109.3, 775.2,   3.0,  -0.6
71622,  -1.0,  -6.9,  -5.2, 259.4,-150.7,1214.6,   2.8,  -0.8
71646,   1.7,   0.5,  -6.1,  36.8,  -5.4, 753.5,   2.6,  -0.9
71674,  -0.5,   0.6,  -7.6,-105.8,  28.8,1056.2,   3.0,  -0.4
71698,  -4.0,  -1.1,  -8.9,  59.0, 135.0, 643.8,   3.3,  -0.8
71722,   4.5,   3.0,  -8.0,-234.2, 458.9, 647.0,   3.2,  -0.3
71746,   0.9,  -5.1, -13.3, 625.9,  97.1,1072.5,   3.8,  -1.3
71774,   1.3,   5.3,  -8.0,-328.0,  33.9, 926.1,   3.7,  -0.3
71798,  -2.4,  -0.4,  -6.9,   6.3,-157.5,1023.7,   3.4,  -0.3
71822,  -0.5,  -5.8,  -5.4, 218.9, 208.7, 762.0,   3.5,  -0.2
71850,   1.9,   3.2,  -7.3, -83.6, -21.0, 872.3,   3.5,  -0.0
71874,   2.5,  -2.8,  -5.4, -66.2, 116.2, 982.5,   3.5,   0.3
71898,   2.6,   4.1,  -6.8,-114.8, 120.3, 960.2,   3.4,   0.5
71922,   2.3,  -1.9,  -4.4,  55.3,  21.4, 997.3,   3.4,   0.7
71950,  -1.8,  -5.9,  -5.2, 336.6, 135.7, 855.0,   3.8,   0.3
71974,   1.8,  11.0,  -7.2,-443.4,  89.3,1281.0,   3.4,   0.4
71998,   3.4,  -3.7,  -1.8,   9.2, 181.3, 884.3,   4.2,   0.6
72022,   3.8,   0.5,  -6.8, 213.8,  95.4, 807.9,   3.8,  -0.2
72050,  -3.3,   0.6,  -5.3,   7.7, 126.4,1029.1,   4.4,   0.4
72074,   1.5,  -0.3,  -2.7,  56.3,  30.7,1004.4,   4.0,   0.3
72098,   0.6,   2.8,  -2.5,-198.3,  14.8,1055.2,   4.0,   0.5
72122,   2.0,   1.1,  -2.1,-377.0, 101.8,1054.0,   4.3,   0.6
72150,  -0.0,   0.8,   0.0, 110.8,  28.8,1112.1,   4.5,   0.3
72172,   0.4,   3.4,   1.1,-233.5, -38.9,1080.1,   4.2,   0.6
72200,  -1.1,  -5.3,   1.2, 299.2, 146.9,1129.2,   4.6,   0.4
72224,  -1.0,  -0.1,   1.7, -14.2, 191.8, 897.7,   4.6,   0.7
72248,  -4.4,   1.4,  -0.8,  38.5,  83.7, 794.2,   4.6,   0.1
72272,   3.1,   0.5,   5.0,-504.0, 355.9, 837.4,   4.4,   1.3
72300,   0.1,   2.1,   1.0, -49.9,  74.4, 928.7,   4.6,   0.5
72324,   0.2,   3.9,  -2.0,-104.1,  72.7,1040.3,   4.1,   0.1
72352,  -2.4,  -0.6,  -0.3,  68.3, -91.1,1065.5,   3.9,   0.1
72372,   0.9,   1.3,   0.3, -59.9, -44.5,1181.4,   3.7,  -0.4
72400,   1.2,  -1.1,   2.3, -61.6, 235.8,1027.1,   4.3,   0.0
72424,  -0.3,  -0.9,   3.1,-151.9,-184.1,1058.6,   3.9,   0.3
72448,   1.5,  -1.4,   3.5,  59.2,  39.5,1062.0,   4.1,  -0.2
72472,   1.5,   0.8,   3.2,-117.8,  89.8,1065.5,   4.0,   0.2
72500,   0.9,  -4.5,   4.9, 175.2, -92.1,1120.9,   3.9,  -0.2
72524,   0.4,  -0.7,   3.3,   8.0, 147.2, 868.0,   4.1,  -0.2
72548,  -1.6,  -2.0,   0.1, 175.7, 109.6, 756.1,   4.0,  -0.7
72572,  -0.2,  -5.3,   6.1,  24.3, 123.7,1014.7,   3.6,   0.2
72600,   3.1,   6.8,   0.7,  97.8,-103.3,1166.0,   3.2,  -1.3
72624,   2.8,   1.6,   2.2,-293.5, 160.6, 964.9,   3.8,  -0.2
72648,  -0.3,  -2.0,   4.3, 166.9,  24.6,1105.0,   3.8,  -0.5
72672,  -0.8,   0.8,   5.9, -63.3,  66.8, 956.3,   3.5,  -0.1
72700,   2.7,   1.4,   5.6, -33.8,  83.2,1042.8,   3.0,  -0.3
72724,   2.1,   0.3,   2.8, 123.7,  20.5,1077.9,   3.2,  -0.6
72748,   0.6,  -1.4,   2.6, 121.0,  15.6,1007.6,   3.5,  -0.3
72772,   1.0,   2.7,   1.4,  91.5,-162.2,1076.5,   3.1,  -0.5
72800,   2.0,  -2.0,   3.7,  22.4, 193.1, 928.0,   3.3,  -0.1
72824,  -1.3,   0.5,   2.3, -50.1, -33.7, 993.0,   3.5,  -0.2
72852,   0.6,   3.8,   2.1,-500.1,-148.7,1063.3,   3.3,   0.4
72872,  -0.5,  -7.7,   6.4, 202.8,  45.6,1014.2,   3.8,   0.4
72900,   2.0,  -3.9,   0.1, 198.6,  58.5,1232.5,   3.5,  -1.0
72924,   1.4,   2.2,   0.9,-172.2, 111.8, 820.6,   4.0,  -0.5
72948,  -1.8,  -0.8,   3.2,  43.9, 125.2, 987.3,   4.1,  -0.6
72976,  -1.6,   1.1,   3.1,   3.8,-103.3,1014.2,   3.6,  -0.8
73000,   3.2,   3.3,   2.8,-319.7, 193.6, 968.5,   4.0,  -0.2
73024,  -3.5,  -2.2,   3.1, -46.7, -49.6, 959.0,   4.1,  -0.4
73048,   0.3,  -2.2,   3.9,   4.8,  86.4, 962.7,   3.8,  -0.4
73076,   2.0,   2.7,   4.4,  15.8, 262.9, 944.4,   3.8,  -0.5
73100,  -0.2,  -4.8,   3.6,  95.9, 155.2,1021.0,   3.9,  -0.3
73124,  -2.5,  -1.5,   0.1, 128.3,  12.6, 916.3,   3.7,  -1.0
73148,  -1.4,  -7.9,   4.0,  59.5,-132.9,1238.3,   3.2,  -0.7
73176,   1.1,  -3.9,  -0.7, 281.4, -14.0,1103.3,   3.9,  -1.7
73200,   1.4,   6.4,  -0.1,-270.6,  -1.3,1010.3,   3.8,  -1.1
73224,  -3.5,  -0.3,   0.1,  89.5, -43.0,1182.7,   3.8,  -1.2
73248,  -1.0,   3.2,   0.9,-305.0, -38.9, 868.0,   3.4,  -0.8
73276,   1.7,  -4.4,   1.2, 149.1, 153.5, 986.6,   3.2,  -1.2
73300,   0.0,   1.4,   0.1,-109.7, 227.7, 941.2,   3.4,  -0.9
73324,  -0.3,   0.1,  -1.0, -39.4,  92.5, 909.2,   3.4,  -1.0
73352,  -0.2,  -1.1,   0.0, 116.4, -73.1,1036.2,   3.2,  -1.1
73376,   0.7,   0.7,  -0.8, -46.0, -84.5,1060.8,   2.9,  -1.0
73400,  -1.6,  -3.0,  -1.6, 133.0,  99.1, 925.1,   3.5,  -1.2
73424,  -5.6,   0.3,  -2.7,  35.6, 157.7, 816.4,   3.6,  -1.2
73448,   5.2,   5.5,   2.8,-827.5,-246.6, 849.6,   2.5,   0.2
73476,  -2.6,   3.2,  -3.3, 113.7,-122.1, 689.2,   2.8,  -1.8
73500,  -0.1, -13.1,  -4.6, 902.5, 220.7,1396.8,   2.9,  -2.0
73524,  -0.2,  12.1,  -5.7, -32.3,-144.6,1048.9,   2.8,  -1.7
73548,   2.6,  -3.1,  -2.4,  -0.1, 202.1, 784.9,   2.9,  -0.7
73576,   0.6,  -4.8,  -2.2,-168.3,   2.4,1046.2,   2.9,  -0.3
73600,   0.3,  -2.7,  -2.5,  68.5, 134.2, 867.2,   3.1,  -0.7
73624,   1.8,  -2.3,  -2.4, 147.4, 150.6,1155.3,   3.2,  -0.8
73648,   0.6,  -0.0,  -1.9,  19.0,  78.1, 951.2,   3.3,  -0.7
73676,  -1.3,   2.6,  -3.0, -86.3, -23.5, 958.8,   3.6,  -0.5
73700,  -1.6,   3.0,  -2.7,-195.1, 128.1, 846.2,   3.6,  -0.4
73724,   3.1, -12.2,   6.4,-211.0, 158.4,1214.1,   3.2,   0.4
73748,   3.2,  -1.1,   1.8, 415.7,  72.7, 926.8,   3.5,  -1.4
73776,   2.3,   7.9,  -1.7,-499.1,  64.4, 905.6,   3.7,  -0.3
73798,   1.1,  -4.2,   2.7, 144.4,  76.9, 813.0,   3.7,  -0.2
73826,   1.8,  -0.8,   4.8,   8.7, 229.9, 756.4,   3.4,  -0.3
73854,   1.2,   2.0,   2.0,  32.1,-134.8,1017.1,   3.2,  -0.2
73874,   4.7,   4.4,   2.3,-153.4, 127.9,1006.6,   3.3,  -0.2
73898,   3.9,  -3.3,   4.9, 134.4, 101.5, 868.7,   3.7,   0.1
73926,   1.9,   1.0,   5.4, -61.6,  72.7, 943.1,   3.5,   0.0
73950,   2.6,   1.7,   6.4, -11.1,  26.3,1016.9,   3.5,  -0.0
73974,   4.0,   1.4,   7.1,-180.5, 241.6, 930.0,   3.6,   0.1
74002,  -3.5,  -0.4,   4.4, 113.0, 132.8, 961.2,   4.6,  -0.3
74026,  -0.3, -11.1,  15.6,-135.1,  20.9,1398.7,   3.9,   1.1
74050,  -0.2,  -1.0,   9.0, 101.2,-124.6, 808.1,   4.0,  -0.5
74074,   2.2,   3.3,   5.1, 277.0, 145.0,1165.8,   4.4,  -0.6
74102,   2.0,   5.1,   6.7,-412.7, -12.3, 861.1,   4.4,  -0.0
74126,  -0.2,  -5.9,   7.0, 178.4, 121.5, 883.1,   4.2,  -0.4
74150,   0.5,  -5.6,   8.1, 314.6, 182.6,1014.2,   3.8,  -0.6
74174,  -0.4,  -1.2,   4.9, 100.7,-149.5,1097.2,   3.5,  -1.2
74202,   3.1,  -0.2,   6.0,   0.2, 138.6, 923.4,   4.0,  -0.9
74226,  -0.9,  -5.2,   5.9, 245.0,-156.1,1150.4,   3.7,  -1.4
74250,   1.0,   2.4,   3.6,  -7.4, 143.5, 890.9,   3.6,  -1.6
74274,   2.8,   4.7,   4.7,-247.4, 130.8, 921.4,   3.8,  -1.3
74302,  -3.5,  -2.4,   6.7, 516.3,-104.3,1001.7,   3.6,  -2.2
74326,   6.6,   0.1,   6.7,-200.3, 381.3, 878.2,   3.2,  -1.1
74354,   1.7,  -0.6,   0.9,  15.8,-156.1,1061.1,   3.0,  -1.1
74374,   0.3,   4.7,  -0.2,-290.4,-163.4,1011.5,   2.7,  -1.2
74402,  -1.3,   2.7,  -2.4,  11.9, -37.2,1011.5,   2.9,  -1.3
74426,   0.6,   2.2,  -1.6, -10.3, 201.4, 935.1,   2.8,  -1.4
74450,   1.5,  -1.2,  -2.7,-167.8,  21.7, 978.1,   2.4,  -1.5
74474,   2.5,  -3.4,  -4.9, 106.1, 343.5,1128.7,   2.4,  -2.1
74502,  -1.6,   0.5,  -6.6, -46.2,-254.4, 959.3,   2.4,  -2.1
74526,   0.2,   3.8,  -6.4, -58.4,  69.8, 957.6,   2.1,  -2.5
74550,   1.5,  -4.4,  -5.9,-225.7, 193.8, 855.5,   2.2,  -2.0
74574,   0.2,  -4.2,  -7.7, 117.4, 288.0, 994.9,   2.8,  -1.8
74602,  -8.4,  -0.9, -12.8, 119.5, -98.9, 986.1,   2.1,  -2.1
74626,   8.4,   8.2, -11.1,-638.0, 448.9,1044.7,   1.0,  -1.7
74650,   2.3,  -9.2, -14.1, 494.3, -75.2,1006.9,   1.9,  -2.1
74674,   4.3,   0.2, -16.0, 132.7, -20.1, 970.7,   1.7,  -2.5
74702,   1.4,  -5.5, -14.2, -19.1,  -9.3, 982.7,   1.7,  -1.3
74726,  -0.4,  -4.6, -13.9, 153.0, 160.1, 905.3,   1.8,  -1.5
74750,  -0.3,  -4.6, -14.6, 299.2,  35.1,1103.5,   1.6,  -1.8
74774,   1.8,   2.4, -15.2, -20.6, -54.3,1080.4,   1.5,  -1.6
74802,   3.1,  -1.2, -13.4, -31.8, 135.9,1133.1,   2.3,  -0.7
74826,   0.3,  -3.9, -12.6,  30.9, -52.1,1054.2,   2.5,  -0.3
74854,  -1.3,  -6.7,  -9.9, 275.6,  71.0, 880.6,   2.5,  -0.8
74874,  -0.3,  -5.7, -11.2, 116.6, 299.3, 874.3,   2.9,  -0.6
74902,   2.9,   2.1,  -6.2,-630.2, -29.6,1100.9,   2.6,   0.9
74926,   1.2,  -1.3, -10.7, 665.7,-134.6, 939.5,   3.0,  -0.9
74950,   0.6,   8.2, -14.2,-381.4,  97.1, 986.6,   2.9,   0.1
74974,  -1.0,  -5.7,  -8.4,  14.3,  -2.0, 890.7,   3.3,   0.7
75002,   0.2,  -1.9,  -6.4,  94.2, 187.7, 914.6,   3.1,   0.4
75026,  -4.4,   3.8,  -6.5, -97.5,-299.4,1159.2,   2.5,   0.3
75050,  -1.1,  -5.0,  -2.6,-177.8, 185.2, 815.7,   3.4,   1.1
75078,   0.4,  -2.2,  -2.6,  39.2,   5.1, 961.2,   3.1,   0.5
75102,  -2.9,   1.1,  -1.3, -59.2,  51.2, 922.2,   3.4,   0.7
75126,   2.7,   1.1,  -0.9, -39.9, 311.7, 928.7,   3.7,   0.6
75150,  -5.1,   2.8,  -2.7,-104.1,-703.7,2302.8,   3.5,   0.7
75178,   5.3,   0.3,   7.6,  27.8, 358.1, 811.1,   4.8,   0.9
75202,   1.1,   0.6,   3.9,-403.6, 173.3, 812.3,   4.9,   1.8
75226,   0.6,  10.6,   1.6,-318.4, 189.9,1027.9,   4.7,   0.8
75250,   1.1,  -2.6,   6.5,-133.9, 124.2, 971.7,   4.8,   1.6
75278,  -1.9,   8.8,   5.7,-322.8, -29.1, 784.9,   4.7,   0.7
75302,  -0.0,  -1.7,   9.0, 139.3, 113.2, 980.5,   4.4,   1.0
75326,  -0.3,  -0.5,   7.6,  89.0,  64.4,1137.7,   4.3,   0.6
75354,   4.4,   2.4,  11.1,-554.5, 145.0, 752.7,   4.5,   1.4
75378,   0.3,  -5.0,  10.4, 473.1, 110.5,1026.2,   4.5,   0.2
75402,   3.9,   8.1,  11.7,-380.5, 130.3, 770.3,   4.1,   1.0
75428,   3.3,   3.3,  12.6, -75.0, 157.7,1012.5,   4.2,   0.6
75452,  -3.2,  -3.8,  11.9, 220.1, 189.6, 730.3,   4.6,   0.2
75476, -16.2,   6.4,  13.6,-293.3,-1719.0,2354.0,   3.9,   0.6
75500,   3.7,   6.3,  14.8, -71.4, -81.6, 665.3,   4.0,   0.2
75528,   2.7, -12.3,  15.6, 220.4, 172.3, 891.9,   4.2,   0.5
75552,   0.7, -11.7,  13.1, 851.0,  71.2,1224.4,   4.3,  -0.2
75576,   0.2,  14.0,  10.3,-643.9,  -7.9, 825.0,   4.0,   1.0
75600,  -3.0,   1.5,  13.2,-304.8,  -4.0, 914.3,   3.5,   1.2
75628,   2.2,   6.0,  10.6, -67.7, -23.7,1199.3,   3.0,   0.1
75652,   2.4,   0.4,   8.4,-165.4, 178.7, 902.6,   3.7,   0.5
75676,  -1.1,   2.7,   6.7,-115.6, -66.2, 849.9,   3.1,  -0.3
75700,  -0.2,  -0.1,   6.2,  33.9, -21.3,1115.3,   3.0,  -0.6
75728,  -3.2,  -2.3,   6.9, 369.1,  10.7, 790.1,   3.3,  -1.5
75752,   3.1,  -5.1,   7.3, 257.7, 308.8, 972.4,   3.0,  -0.7
75776,  -3.4,  -4.6,   4.5, 339.3, -44.7, 880.2,   3.5,  -1.7
75800,  -2.5,  -0.6,   4.7, -26.9, -31.3,1138.5,   3.0,  -1.5
75828,  -2.2,  -0.0,   1.8, -10.3, -48.6,1152.4,   2.8,  -1.6
75856,  -1.0,  -3.9,   0.9, 179.9,-105.5, 934.6,   2.6,  -1.9
75876,  -2.5,  -0.5,  -1.0, 250.7, -81.4,1347.9,   2.6,  -2.4
75900,   3.3,   1.1,  -1.5,  -9.1, 164.5, 792.5,   2.9,  -1.7
75928,  -1.9,   0.0,  -2.7, -80.9,-185.1, 753.7,   2.2,  -1.7
75952,   3.6,  -1.2,  -4.4, 136.6, 224.3,1146.0,   2.5,  -2.1
75976,  -2.2,  -4.4,  -4.1,-220.3, 293.4, 707.8,   3.0,  -1.2
76000,  -9.1,  11.5, -12.5, 144.9,-599.9,2190.7,   2.6,  -3.9
76028,  -2.2,  -3.0,  -6.8, 123.9, 217.0,1014.4,   3.4,  -3.2
76052,   1.9,   9.8,  -6.6,-404.4, -14.7,1030.1,   2.9,  -2.9
76076,   0.1,  -9.7,  -5.5, 311.0, 122.7, 975.1,   3.4,  -2.5
76104,   0.1,   0.3,  -4.6,  -6.7,  35.8, 921.2,   2.9,  -2.0
76128,   1.1,   0.3,  -6.0,-246.2, 278.8, 954.4,   2.9,  -1.8
76152,  -1.9,  -3.6,  -6.4,  84.6,-164.6,1174.4,   2.8,  -1.9
76176,  -1.8,  -1.9,  -7.4,  64.4,  41.2,1056.4,   2.7,  -1.9
76204,   3.3,   0.3,  -8.7,  63.2, 126.7, 987.3,   2.8,  -2.0
76228,   0.9,  -0.0,  -6.8,-266.2, -54.7,1554.5,   3.1,  -1.4
76252,   2.0,  -8.4,  -4.6, 580.5, 125.9, 726.4,   3.0,  -2.0
76276,   4.2,   7.9,  -9.3,-360.4, 159.4, 899.2,   3.2,  -2.0
76304,   0.9,  -2.8,  -4.5, 329.8, 295.6, 973.4,   3.8,  -1.7
76328,  -2.3,   4.0,  -5.9,-260.8, -80.4,1103.8,   3.5,  -1.5
76356,   1.6,  -5.4,  -1.6, 182.3, -13.0,1049.1,   3.4,  -1.8
76376,  -0.7,  -1.2,  -5.3, -13.5,  49.5,1011.3,   3.6,  -1.9
76404,   0.5,   1.8,  -4.1, -59.2, -50.6,1064.2,   3.3,  -1.7
76428,   0.0,  -3.0,  -3.4,  -7.9, 241.6, 807.2,   3.5,  -1.5
76452,  -1.9,  -3.3,  -3.7, 172.3,-119.9,1254.9,   3.4,  -1.2
76476,  -1.3,  -1.6,  -4.2, 158.1,  43.2, 769.1,   3.7,  -1.2
76504,   1.9,  -9.5,   0.6, 585.6,  29.0, 714.9,   3.4,  -1.0
76528,   1.7,   6.7,  -8.1,-347.0, 126.4,1046.7,   3.6,  -1.0
76552,   2.4,  -0.1,  -1.5,-100.4, -81.4, 781.3,   3.7,  -0.3
76576,   3.3,  -0.3,  -0.7, -24.5, 174.8,1052.0,   3.5,  -0.5
76604,   2.2,   3.2,  -2.4,-209.3,-196.3, 810.6,   3.3,  -0.4
76628,   3.7,  -5.6,   0.1, 118.8, 332.7, 944.1,   3.9,  -0.2
76652,  -1.3,  -2.6,  -0.2, -21.1,-118.2,1095.0,   3.8,  -0.4
76676,   2.6,  -0.4,   0.9,  -6.2,  31.0, 943.6,   3.6,  -0.2
76704,   0.3,  -2.5,   1.7,-212.5,  22.2,1002.2,   3.9,   0.3
76728,  -2.5,  -4.0,  -0.8, 367.1, 119.8, 715.6,   4.5,  -0.5
76752,   2.5,  -0.8,   9.0,-530.8,  -8.4,1003.9,   3.7,   0.9
76776,   0.7,  -8.5,   2.7, 522.9, -19.3,1314.7,   4.2,  -0.7
76804,   2.9,   6.9,   3.5,-325.3, 236.3, 881.9,   4.5,   0.1
76828,   2.5,  -4.8,   5.7,-121.2, 127.1, 946.8,   4.3,   0.2
76856,   4.8,   8.1,   5.8, -99.2,   1.4, 943.9,   4.4,   0.6
76876,   4.8,   5.1,   6.5,-175.9, 167.4, 946.3,   4.4,   0.7
76904,  -1.6,  -1.4,   6.6, 195.0, 108.3, 847.7,   5.2,   0.5
76928,   2.8,   0.2,   9.4,  -7.2, 130.3,1022.3,   4.5,   0.9
76952,   4.0,  -0.5,   6.7, 127.6,  95.2, 932.9,   4.8,   0.2
76976,  -2.9,  -4.2,   8.1, 295.6, 157.7, 831.1,   5.4,   0.4
77004,   7.7,  -5.7,   9.3, -65.5, 854.4,1121.6,   4.7,   0.1
77028,  -2.5,  -3.1,   7.2, 149.8,-212.2, 826.5,   5.1,  -0.4
77054,  -0.6,   0.5,   6.2,   1.9,-177.8,1030.3,   4.3,  -0.9
77078,  -4.4,  -4.5,   5.7, 268.7, 123.7,1087.7,   4.7,  -0.5
77102,   5.6,  -1.1,   7.6, 115.2,  36.6, 866.5,   4.0,  -0.4
77126,  -1.4,  -1.4,   4.0, 102.7, 123.7, 976.8,   4.1,  -0.8
77154,   2.5,  -6.4,   4.8, 274.8,  -6.4,1201.5,   3.4,  -0.8
77178,   1.1,   9.1,   0.4,-204.2, 152.5, 816.4,   3.6,  -1.1
77202,   1.2,  -0.3,   1.7,  57.5,  29.7,1026.9,   3.4,  -1.0
77230,  -7.8, -10.0,   1.3,1018.5, -24.7,1003.9,   3.8,  -1.9
77254,   1.9,  -6.0,   2.9, 326.1, 419.4, 912.1,   3.6,  -1.2
77278,   0.8,   8.0,  -5.5, 242.6, -20.8, 933.4,   4.0,  -2.2
77302,  -0.3,  10.6,  -3.9,-757.4,  -1.3,1029.3,   3.8,  -1.2
77330,  -2.1,  -1.4,  -4.1, 284.1, -36.2,1034.7,   3.6,  -1.6
77358,  -1.4,   1.2,  -4.1, 206.2,  -6.6, 951.0,   3.4,  -1.8
77378,   0.8,   2.0,  -4.4,  24.6,  63.7,1199.3,   3.4,  -1.7
77402,  -1.7,   4.6,  -5.3,-235.4, 176.9, 777.6,   3.8,  -1.0
77430,  -0.6,  -3.8,  -4.7, 294.1,  50.7, 974.4,   3.4,  -1.3
77454,  -2.2,  -4.8,  -7.4, 280.4, 255.6,1237.3,   3.8,  -1.4
77478,   1.7,  -4.3,   1.8,-740.8, 326.9, 681.2,   3.8,   1.4
77502,  -1.7,  -6.4,  -8.0, 396.4,-148.0, 981.2,   4.1,  -1.1
77530,   0.1,   5.5, -11.0,-465.9,  66.6,1069.9,   4.4,  -0.2
77554,  -2.3,   5.0, -10.1,-256.2, -18.4, 767.9,   4.5,  -0.3
77578,  -2.9,  -7.8,  -5.8, 200.8,-130.9,1114.5,   4.2,  -0.1
77602,   0.6, -10.3,  -6.7, 522.4,  16.1,1025.9,   4.0,  -0.5
77630,   0.8,   1.9,  -8.4,-283.0, 174.8, 860.4,   4.7,   0.1
77654,  -2.1,  -5.1,  -4.9, 198.2, 102.2,1113.6,   4.7,   0.0
77678,   1.4,  -2.0,  -4.4, -63.8, -99.2,1050.8,   4.3,   0.4
77702,  -0.8,  -2.0,  -5.2,-122.6, 129.3, 961.2,   4.9,   0.4
77730,  -2.2,   1.9,  -2.1,-327.2, -73.8, 950.5,   4.5,   0.7
77754,  -0.2,   5.0,  -3.8, -74.5, 119.3,1037.1,   4.9,  -0.1
77778,  -2.1,  -6.1,  -3.0,-150.2, 124.0,1065.0,   5.1,   0.7
77802,  -4.0,  -5.0,  -0.7, 353.7,  58.3, 997.8,   5.0,   0.3
77830,   1.1,   1.6,  -0.1,-196.4,-115.0, 816.9,   4.4,   1.0
77858,  -0.0,   3.0,   0.5,  27.5,-137.0,1091.3,   4.2,   1.0
77878,   2.5,  -1.3,   4.2, -75.8,  71.7,1174.1,   4.3,   1.8
77902,   2.5,   1.9,   2.3,-115.3,  52.9, 818.1,   4.3,   1.4
77930,  -1.5,  -3.6,   3.4, 129.8,-114.8,1015.7,   4.2,   1.3
77954,   4.3,   1.9,   2.3,   8.7, 241.6, 993.4,   4.2,   0.8
77978,  -2.5,   2.2,   0.6,-115.8, 169.9, 840.6,   5.0,   1.0
78002,   5.9,   5.0,   8.6,-917.6,-202.4, 916.5,   4.2,   2.2
78030,  -1.4,   0.7,   6.4, 249.9,-133.1,1091.3,   4.4,  -0.1
78054,   2.4,  -9.4,   5.3, 386.6, 345.4,1156.5,   4.7,   0.2
78078,  -1.1,   8.3,   2.0, 407.4, 151.8, 993.4,   5.0,  -0.9
78102,   0.9,   5.6,   7.5,-443.2,  56.3, 965.9,   4.5,   0.3
78130,   4.1,  -0.2,   9.0, 209.6, 141.3, 994.9,   4.3,  -0.3
78154,   2.2,  -0.8,   8.5, -78.2, 177.2,1039.3,   4.3,  -0.1
78178,   2.8,  -1.1,   6.9,  68.0, 144.2, 895.5,   4.4,  -0.3
78202,   2.8,  -2.2,   7.8,  84.1, 153.3,1116.7,   4.2,  -0.4
78230,   0.1,   0.5,   6.3,  21.4,  67.6,1002.0,   4.4,  -0.4
78254,  -4.1,  -6.6,   5.2, 510.4,  11.9, 921.7,   4.4,  -0.8
78278,   5.9,  -2.2,   3.9,-427.1,  -2.5,1410.2,   3.3,  -0.6
78306,   1.5,  -3.8,   2.6, 182.0, -87.2, 761.0,   4.3,  -1.8
78330,   1.8,   0.3,   1.9,  15.5, 162.3,1133.6,   3.8,  -1.9
78358,  -1.6,   3.2,   1.2, -74.1, -69.4, 891.4,   3.6,  -1.7
78378,   1.7,  -3.6,   3.9,  84.9, 182.1,1062.0,   3.4,  -1.8
78406,   1.4,  -2.2,   2.8, 387.1,-172.9,1032.5,   3.1,  -2.4
78430,   2.5,  -1.7,  -0.3,-112.4, 203.8,1066.2,   3.5,  -1.7
78454,   0.2,  -4.3,   0.3, 174.0, -15.9, 827.4,   3.4,  -1.7
78478,  -0.7,  -4.7,  -0.8, 133.7,  55.6,1068.9,   3.0,  -1.7
78506,   1.6,   3.6,  -3.0,-112.1,  37.1,1055.5,   3.0,  -1.8
78530,  -2.0,  -1.9,  -2.6,-131.4,  86.1, 858.4,   3.2,  -1.2
78554,  -8.1,   1.4,  -9.5, 484.5,-263.2,1604.8,   2.5,  -3.1
78578,   1.5,  -4.2,  -4.1,  90.0, 229.4, 563.5,   2.5,  -1.7
78606,   3.0,   9.8,  -9.4,-301.8,  47.1, 827.7,   2.3,  -2.6
78630,   3.1,  -7.7,  -5.3, 232.6, 122.7,1042.5,   2.3,  -1.9
78654,   4.5,   2.4,  -6.0, -69.2, 226.5, 835.0,   2.2,  -2.0
78680,  -1.0,  -5.1,  -4.4, 109.0,-142.6,1080.6,   1.9,  -1.8
78704,   3.3,   3.9,  -6.6, 241.9,  21.2, 981.0,   1.9,  -2.4
78728,   1.4,  10.7,  -8.7,-186.1,  14.6,1078.2,   1.8,  -2.2
78756,   2.6,  -0.3,  -6.5, -85.5,  77.8,1078.9,   2.0,  -1.5
78780,   4.8,   1.6,  -7.7,  -1.3,  27.8, 862.1,   1.7,  -1.5
78804,  -0.7,  -0.3,  -7.3,  45.1,  53.9,1137.7,   2.1,  -1.4
78828,  -3.4, -32.2,   3.4,1266.8,  13.1,1142.9,   2.5,  -0.9
78856,   4.8,   9.4,  -8.5,-441.5, 140.1, 894.1,   2.7,  -0.2
78880,   0.7,  -5.5,  -5.5,  42.4,  26.1,1100.1,   3.1,   0.6
78904,   0.9,  -1.7,  -5.0,  22.9,  54.1, 858.9,   2.9,  -0.2
78928,   0.9,   0.2,  -6.8, -48.2,-142.4,1224.2,   2.8,  -0.2
78956,   1.3,  -6.1,  -3.6, -86.0, 167.9, 920.2,   3.0,   0.4
78980,   1.9,   2.5,  -3.9,-238.9,  82.5, 874.1,   3.0,   0.1
79004,   2.8,  -4.5,  -0.5, 231.9, 116.2,1076.9,   3.0,   0.1
79028,   0.6,   2.6,  -3.6, -12.0,  86.1,1158.2,   3.0,  -0.2
79056,  -4.9,  -3.3,  -2.4, 201.6,  98.1, 829.1,   3.5,  -0.0
79080,   2.9, -29.4,   8.6,1381.8, 143.3, 879.7,   3.5,   0.2
79104,   9.7,  22.1,  -9.0,-198.8,  73.9, 865.3,   3.4,  -0.8
79128,  -0.3,   1.6,   0.9,-580.6,  25.1, 899.4,   4.4,   1.1
79156,   1.4,  -4.8,   3.2, 177.7, -83.5,1413.4,   3.5,   0.3
79180,  -1.2,  -0.0,   3.4, -19.9,   4.6,1015.9,   3.6,   0.6
79204,   2.3,   4.6,   1.5,  34.3, -84.5, 822.5,   3.1,  -0.3
79228,   3.0,  -1.7,   4.0, 229.4, 389.1, 930.0,   3.8,   0.2
79256,  -1.3,   1.3,   3.6,  25.6,-105.5, 989.3,   3.1,  -0.1
79280,   1.8,   2.8,   2.5, -69.2, 124.9, 847.0,   3.2,  -0.1
79304,  -1.2,  -3.1,   2.0, -54.0, 204.3, 867.0,   3.9,   0.5
79332,  15.6,  30.6,   4.3,-1099.4,  71.0, 774.9,   3.2,   0.4
79360,  -5.0, -14.2,   5.3, 515.5,  91.7,1107.5,   3.0,  -0.4
79380,   3.1, -16.3,   5.4, 845.4, 130.1,1061.1,   2.9,  -0.6
79404,  -2.5, -11.1,   1.8, 904.9, 109.6,1065.5,   3.0,  -0.7
79432,   3.5,   6.9,   2.8,-613.4, 175.7, 785.9,   2.4,   0.5
79456,   0.2, -10.9,   4.7, 235.0, 354.7,1154.8,   2.8,   0.5
79480,  -0.2,   0.5,   1.4, -26.2,-101.4, 904.1,   2.5,  -0.1
79504,  -0.4,  11.8,  -1.0,-156.8,-126.8,1138.2,   2.8,  -0.4
79532,  -7.1,  -6.1,   0.7, 101.2,-277.6,1807.9,   3.5,   0.3
79556,   1.5,   4.4,  -0.1, 479.2, 114.9, 800.3,   3.5,  -0.8
79580,   0.5,  14.2,  -3.8,-805.0, 190.9, 693.6,   3.7,  -0.1
79604,  -6.9, -13.0,   1.5, 511.1,-141.7,1218.8,   3.7,  -0.1
79632,  -0.7,   3.3,  -1.6,-231.3, 170.4, 914.6,   3.8,   0.2
79656,   2.3,   2.1,  -1.3,-171.0, 121.8, 856.5,   3.4,   0.2
79680,   0.7,  -5.3,  -1.7, 161.3, 192.1,1036.9,   3.5,  -0.4
79704,  -1.9,  -3.5,  -1.9, 223.8, -39.8,1166.8,   3.7,  -0.4
79732,   1.9,   3.2,  -2.6,-156.1,  -4.4,1087.9,   3.7,  -0.3
79756,  -2.0,   1.0,  -3.6, -65.5, 196.5, 662.1,   4.3,  -0.4
79780,   4.5,   7.1,  -3.3,-353.4,-154.8,1247.3,   3.3,  -0.4
79804,   0.7,  -3.9,  -2.5, 135.7,  -6.6, 886.5,   4.3,  -0.4
79832,   4.3,   1.9,  -3.6,  47.8, 259.5, 914.6,   4.5,  -0.5
79860,   0.4,  -1.1,  -3.8,  11.6, -24.2,1071.8,   4.4,  -0.5
79880,   1.1,  -4.7,  -2.1,  21.4, 102.0, 918.7,   4.3,  -0.7
79904,  -0.7,   2.0,  -4.1,   5.8,  96.9,1177.5,   4.3,  -1.1
79932,  -3.3,  -3.3,  -3.0,  26.8, -70.9,1105.0,   4.6,  -0.7
79956,   0.6,   2.8,  -5.0,-116.3,  32.7, 977.6,   4.6,  -1.0
79980,   1.4,  -0.5,  -2.9, -33.5, 309.3, 803.3,   5.2,  -0.7
80004,  -4.8,   0.2,  -1.7,-164.4,-355.8,1441.7,   5.0,  -0.6
80032,   3.7,  19.3,  -0.7,   7.7, 305.4, 614.8,   5.1,  -1.2
80056,  -0.0,   1.4,  -1.7,-482.0,  54.9, 983.4,   5.1,  -0.1
80080,   4.0,  -0.7,   1.0, 192.5, 168.2, 968.3,   5.4,  -0.2
80104,  -0.7,  -2.1,   0.2,-135.3,  35.3,1005.6,   5.3,   0.1
80132,   3.1,   1.7,   3.6,-131.7, 122.7, 842.6,   4.9,   0.4
80156,   3.0,   0.5,   2.1,   0.7, 174.3,1096.2,   5.1,   0.4
80180,  -1.8,  -1.4,   2.5,  48.0, -60.4,1148.0,   4.7,   0.2
80204,   3.1,   4.7,   3.1,-319.4, 143.3, 892.4,   4.7,   0.7
80232,   2.8,  -2.9,   4.9,  72.2, 135.0, 910.2,   4.8,   0.5
80256,  -5.5,  -1.8,   3.7, 124.2,-141.4,1302.8,   4.7,   0.4
80280,   2.2,   0.7,   6.7,  81.0,-147.0,1016.9,   4.5,   0.1
80306,   4.6,   9.7,   4.0,-519.4, 164.7, 617.7,   4.9,   0.4
80330,  -0.8,  -6.4,   6.3, 288.2, -25.2,1079.4,   4.8,   0.1
80358,   1.5,   1.4,   9.3,-188.6, 116.9, 957.3,   4.9,   0.4
80382,   1.8,  10.2,   9.6,-307.9,-257.4,1074.7,   4.3,  -0.3
80406,   2.8,   1.9,  10.1, -64.5, 139.4,1155.8,   4.6,  -0.2
80430,   3.7,  -0.9,  11.1,-152.4,  34.1, 710.5,   4.8,   0.1
80458,   1.5,   4.7,  10.4, -94.1, -17.4, 974.4,   4.6,  -0.4
80482,   4.0,   1.9,  11.5, -45.2, 156.7,1008.1,   4.4,  -0.6
80506,  -2.4,  -6.9,  14.5,  78.3,  77.1, 774.4,   5.0,  -0.0
80530,   1.8,  18.0,   8.9,-652.2,-649.5,1332.8,   4.0,  -1.3
80558,  -0.0,  -0.9,  13.2, 440.3,  20.9, 929.0,   5.4,  -1.6
80582,   2.4,  -2.5,  12.5, -38.4, 144.2, 925.8,   4.8,  -1.4
80606,  -1.1,  -3.9,  14.2, 326.1,  45.8,1049.4,   4.8,  -1.5
80630,   1.9,   3.3,  12.9,-181.5, 123.2, 706.6,   4.5,  -0.8
80658,   0.0,   0.8,  12.5,  10.7,  89.5, 797.4,   4.5,  -1.1
80682,   1.8,   1.3,  10.3,  30.7,  68.8,1207.8,   4.2,  -1.4
80706,   1.1,  -3.1,   8.8,  63.4, -72.6, 982.2,   4.0,  -1.1
80730,   1.5,   7.2,   7.8,-423.9, 278.3, 714.6,   4.2,  -0.7
80758,   0.2,  -3.1,   7.0, 361.5, 251.4,1036.4,   3.9,  -2.1
80782,  -4.7,   4.1,   1.8, 213.5,  88.1, 859.2,   4.4,  -2.1
80806,  -3.1,  -1.4,   6.4, 281.9, 188.7,1080.4,   4.4,  -2.2
80830,   1.2,   6.3,   2.6, 100.3, 195.0, 774.2,   4.2,  -2.8
80858,   1.4,  -4.2,   4.5, 124.4, 283.6, 914.3,   4.5,  -3.1
80882,   0.9,   7.9,   2.0,-202.2,-194.9, 898.5,   3.9,  -3.3
80906,  -0.8,  -7.2,   1.9, 429.4, -85.0,1053.7,   3.8,  -3.3
80930,   6.9,   8.5,   0.6,-562.8, 386.7, 761.0,   3.8,  -2.9
80958,   0.1,   2.0,  -2.3,  98.1,   8.7,1019.1,   4.2,  -3.0
80982,  -3.2,  -8.3,   1.3, 514.3, -18.1, 960.2,   3.5,  -2.9
81006,   2.3,  -3.3,  -6.5, 306.1, 226.0, 814.0,   3.8,  -3.2
81030,  -4.5,  -5.6,  -8.7, 485.5, 301.2, 913.9,   4.0,  -3.9
81058,   7.9, -16.1,   2.0, 351.7,1040.0,1034.9,   3.6,  -2.6
81082,  -5.8,  -6.5,  -6.3, 520.9,-315.7, 961.5,   3.5,  -3.7
81106,  -1.0,  -2.2,  -8.7, 206.0,  69.8,1120.4,   3.3,  -3.3
81130,  -1.2,  10.2, -12.8,-366.3, -76.5, 894.3,   3.5,  -2.5
81158,   1.4,  -0.8, -10.9,  65.3, -77.0, 913.4,   3.0,  -2.4
81182,   1.1,  -2.6, -11.8, 219.9,  79.3,1000.0,   2.6,  -2.6
81206,   0.3,  -1.7, -14.7,  86.3, -13.5,1027.9,   2.7,  -2.4
81230,  -1.7,  -2.4, -14.4,  39.7, -86.7, 985.4,   2.6,  -2.3
81258,  -3.2, -11.1, -14.5, 411.5, 116.4, 887.0,   2.7,  -2.2
81282,  -4.9,  11.1, -21.2,-112.4,-508.6,1200.7,   2.0,  -2.6
81306,  -0.8,  -2.4, -14.6, 177.9, 131.3, 903.1,   2.9,  -1.7
81330,   1.4,   3.5, -17.2,-452.7,  -4.2,1009.8,   2.2,  -1.6
81358,   2.6,  -5.8, -14.6,  84.9, 239.7,1020.8,   2.4,  -1.9
81382,   3.5,   5.4, -17.8,-327.2, -33.5, 874.3,   2.2,  -1.8
81406,   3.3,  -4.8, -17.6, -28.4, 269.2,1292.3,   2.7,  -1.2
81434,   1.4,  -9.5, -17.5,  88.3, 124.9, 844.8,   2.8,  -0.5
81458,   3.3,   0.1, -19.0, -42.8, 217.2, 871.6,   2.6,  -0.7
81482,   0.1,  -6.6, -18.3, 224.8, 229.0,1137.0,   3.2,  -0.5
81506,  -6.6,  -0.2, -19.8,  78.8,-181.4, 913.6,   3.0,  -0.5
81534,   2.0, -14.3, -10.9, 259.7,  88.6, 868.0,   2.9,   0.6
81558,   6.8,  13.5, -19.3,-495.9,  77.6, 762.7,   2.6,  -0.5
81582,  -1.9,  -9.6, -14.0, 145.9, -32.5,1241.7,   3.3,   0.5
81606,  -0.4,   0.8, -12.7,  79.3,  10.7,1050.8,   3.3,   0.2
81634,   4.0,   1.4, -11.7, -87.5, 268.5, 828.9,   3.0,   0.7
81658,   2.5,   3.3, -12.2,-198.1, 363.5,1074.5,   3.0,   1.0
81682,   2.4,  -1.9,  -9.3, 317.1, 228.0, 913.4,   3.5,   0.7
81706,   4.4,   2.7,  -9.3,-100.4,  90.8,1209.5,   3.3,   1.1
81734,   1.1,  -3.5,  -8.0,  40.9, 242.1, 843.5,   3.5,   1.4
81758,  -4.8,  -2.5,  -9.3, 312.2, 301.2, 760.5,   4.2,   0.8
81782,   3.6, -10.6,   0.6,  27.8, 709.2,1160.2,   4.3,   1.8
81806,  -5.9,  -9.5,   0.4, 700.6,-473.0,1131.1,   3.8,   0.9
81834,   0.9,   4.7,  -5.2,-290.4, 166.7,1237.3,   3.4,   1.4
81862,   0.5,  -0.8,  -4.8,  40.9,-173.9, 939.7,   3.2,   1.4
81882,   2.0,   1.3,  -1.9,-186.4, -32.0,1298.4,   3.1,   1.8
81906,   2.2,   2.9,  -3.6,-410.7, 180.4, 731.5,   3.2,   1.9
81932,  -1.8,  -6.9,  -1.7, 182.3, -93.8,1011.3,   2.6,   1.6
81956,   0.7,  -3.8,  -3.0, 215.3,  60.0, 929.2,   3.0,   1.2
81984,  -4.0,   1.1,  -4.9,  14.1,  64.9, 821.3,   3.2,   0.9
82008,  -4.4,  -9.5,   4.2, 435.0, 225.0, 899.4,   3.3,   1.2
82032,   0.3,   1.9,  -6.1,  97.3, -10.6,1036.7,   3.4,  -0.1
82056,  -1.0,   7.9,  -2.0,-479.8,  30.5, 880.9,   3.4,   1.0
82084,  -3.9,  -3.6,  -0.1, 139.1,-258.8,1117.5,   3.2,   0.6
82108,  -2.1,  -0.7,   0.7, 142.7, 190.9, 905.1,   3.2,   0.4
82132,  -1.9,  -1.1,   1.3, -55.7, 149.1, 950.7,   3.5,   0.8
82156,  -2.7,  -4.6,   0.4, 210.1, -79.4, 876.7,   2.8,   0.3
82184,  -2.2,   2.2,   0.7,-236.4,-170.7, 818.9,   2.7,   0.7
82208,  -0.2,  -0.9,   0.9, 284.6, 218.5, 794.2,   3.5,   0.1
82232,  -5.2,   0.4,  -3.4, 649.8, -69.1,1609.9,   3.2,  -1.2
82256,   1.4,  -1.5,   2.7, 179.9, 263.1,1013.5,   3.1,  -0.2
82284,   6.9,  10.0,  -2.1,-429.3,  -6.2, 917.3,   2.2,  -0.7
82308,   5.0,  -3.8,   1.8,-583.1, 320.7,1018.1,   2.9,   0.7
82332,   1.8,  -9.3,   1.8, 452.8, -21.0, 999.5,   2.6,  -0.3
82360,   2.8,   6.8,  -1.6,-415.6,   7.3, 894.6,   2.6,   0.4
82384,  -1.3,  -7.0,  -1.3, -15.0,   6.1,1107.0,   3.0,   0.7
82408,   5.9,   0.6,  -0.5,   1.6, 110.8, 835.7,   3.0,   0.3
82432,   1.2,   0.8,  -1.4,  10.4, 307.1,1141.6,   3.2,   0.2
82456,  10.9,  -0.6,  -0.5,-140.2, 194.3,1094.3,   2.9,   0.8
82484,   2.5,  -0.9,  -5.7,  97.1,-174.6, 942.9,   3.3,  -0.3
82508,   2.2,   3.8,  -2.2,-342.6, 198.9, 949.0,   3.3,   0.8
82532,   0.0,  -4.4,  -4.7,  98.3,  32.4,1004.2,   3.1,   0.1
82560,   1.0,  -3.3,  -3.5,  93.4,  60.2, 920.0,   3.4,   0.1
82584,   5.1,  11.4,  -7.3,-559.9,  52.7,1048.1,   2.9,   0.0
82608,   1.1,  -6.4,  -4.5,  -0.6,  38.3, 776.9,   3.4,   0.3
82632,   3.4,   2.7,  -3.3,  47.5,  14.4, 983.7,   3.1,   0.0
82660,   4.3,   2.7,  -4.4, -53.3,  84.4,1068.9,   3.3,   0.2
82684,   1.2,   0.5,  -6.3, 102.9,-231.0,1329.4,   3.3,  -0.2
82708,   3.9,  -5.3,  -3.2,  53.1, 291.9, 803.0,   3.6,   0.4
82732,  -0.8,   2.1,  -6.8, -17.7,-112.8, 986.9,   3.8,  -0.0
82760,  -0.0,  -2.5,  -7.4, 132.0,   1.4,1547.4,   3.7,   0.1
82784,   1.8,  -0.8,  -2.7,  15.3,  20.7, 972.4,   3.8,   0.8
82808,  -1.0,  12.6,  -4.9, -49.4, -93.6,1059.6,   3.5,  -0.2
82832,   2.2,  -6.9,  -0.1,-194.4, 316.8, 701.2,   3.8,   1.1
82860,   0.3,   0.5,  -2.1,  72.4, -31.3,1090.6,   3.6,   1.1
82884,   4.5,  -0.1,  -0.6, -75.5, 120.6, 945.6,   3.8,   1.6
82908,  -3.6,  -1.4,  -4.0, 282.1, 210.2, 752.5,   4.4,   0.8
82932,   5.3,  32.9,  -5.7,-1882.9,-415.6,1633.6,   3.7,   1.3
82960,  -1.4, -21.6,   5.0, 965.3,   8.2,1326.7,   5.9,   1.1
82984,   4.3, -19.2,   6.7,1633.7,  83.2,1268.1,   5.0,   0.5
83008,   5.0,   7.4,  -3.5,-193.2, 226.5, 863.6,   5.2,   1.4
83032,   1.2,   3.3,   3.7,-315.5, -21.8, 882.8,   5.2,   2.4
83060,   1.5, -13.0,   5.0, 401.0,  96.4,1133.6,   5.1,   2.5
83084,   5.4,   6.0,   2.6,-156.8,  73.9,1029.1,   5.0,   2.7
83108,   6.7,  -4.3,   5.8, 139.8, 343.5,1108.9,   5.0,   2.8
83132,  -1.8,   4.6,   0.6,-141.0,  34.9, 834.5,   5.7,   2.3
83160,   0.4,  -9.6,   7.1, 263.1, 261.7, 795.9,   5.5,   2.7
83184,  -3.3,   7.6,   1.9,  99.0,  12.4,1238.3,   5.8,   1.1
83208,  -4.6,  -5.5,   8.9, 185.7, -46.4, 866.5,   5.5,   2.0
83232,   0.9,  -0.4,   7.6, -84.1, 124.2, 864.0,   5.3,   1.7
83260,   1.8,   8.5,   7.7,-169.3,   2.6, 850.6,   4.9,   1.5
83284,  -0.2,  -7.6,   8.4, 321.5, -22.3,1265.2,   4.9,   1.6
83308,   4.3,   4.0,   9.3,-160.2,  52.2, 909.7,   5.0,   1.8
83332,  -0.2,   5.5,   8.5, -76.7,-167.0,1295.7,   4.6,   1.3
83360,  -3.5,  -4.2,   7.1, 339.0,  77.1, 923.1,   4.5,   0.8
83384,  16.4,  -6.2,  16.9, 189.4, 697.9,1029.3,   4.1,   1.9
83408,  -4.0, -12.2,  14.0, 597.6, -60.1,1012.5,   4.6,   1.1
83432,  -0.2,  -1.1,   8.1, 139.8, -68.7,1253.2,   3.7,   0.4
83460,  -0.5,   6.8,   8.8,-374.1,  44.6, 780.8,   4.1,   1.2
83484,  -5.5,   5.2,  10.8, -54.8,-123.8, 883.3,   3.9,   0.3
83508,   0.9,  -1.0,  12.8, 159.1, 275.8,1024.0,   4.0,   0.2
83532,  -5.8,  -0.0,  11.7, 326.6,-126.5,1191.7,   3.7,  -0.0
83558,  -2.3,  -6.4,  14.8, 118.1,  44.6, 901.6,   3.5,   0.3
83586,  -3.5,   3.9,   7.5,-111.2,  46.1, 941.2,   3.9,  -0.5
83610,   1.7, -33.0,  22.7, 427.9, 316.4,1182.2,   3.5,   0.7
83634,  -0.3,  -4.2,   5.0, 646.6,-222.5,1225.6,   3.6,  -1.6
83658,   1.3,   3.8,   6.1, 706.5,  21.4,1231.7,   3.9,  -1.2
83686,  -1.1,  -0.6,   5.0,-186.6,-241.3,1067.7,   3.5,  -0.3
83710,  -0.7,   1.9,   4.0, 363.7,  21.9,1000.3,   4.0,  -0.8
83734,   2.5,   0.2,   4.1, -70.6, 270.9, 832.6,   4.0,  -0.4
83758,   1.9,  -0.4,   2.9,  69.5, 115.7,1101.4,   3.5,  -0.9
83786,  -2.4,  -6.1,   1.3, 266.0,  95.9, 879.2,   4.1,  -1.1
83810,  -6.4,   3.0,  -3.8, -38.9, -85.5, 959.3,   3.9,  -1.9
83834,   9.5,  -4.0,   5.0, 408.9, 692.6, 851.1,   3.1,  -1.8
83862,   0.7,   2.1,  -4.8, -44.8, -24.7, 846.2,   3.0,  -1.7
83886,  -0.8,  -4.5,  -3.5, 208.4,   3.1,1173.9,   2.7,  -1.6
83910,  -1.1,   5.6,  -4.6,-239.1,  71.0, 894.3,   2.9,  -1.2
83934,   3.6,   0.8,  -3.7, -56.7, 206.2, 904.3,   2.2,  -1.2
83958,   1.6,  -6.1,  -6.2, 296.8,  67.3,1404.3,   2.3,  -1.5
83986,   1.3,   0.6,  -8.4,-102.1,  84.2, 944.6,   2.6,  -1.0
84010,   2.2,   4.5, -12.1,-219.8, 235.8, 935.8,   2.8,  -1.1
84034,  -3.5,   5.4,  -9.5,-465.4,-651.4,1105.3,   2.0,  -0.4
84058,   4.1,  -0.8,  -9.9, 840.7, 121.3, 958.5,   2.8,  -1.6
84086,  -1.0,  -0.3, -12.9,-352.6,  81.0,1132.6,   3.0,  -0.3
84110,  -0.3,  -8.6,  -8.2, 312.4,  96.1, 847.7,   3.3,  -0.2
84134,   5.6,   5.6,  -8.8,-221.3, 373.2,1017.6,   3.0,  -0.1
84158,  -1.9,  -3.7,  -7.0,-362.4, 173.5,1013.7,   3.4,   0.8
84186,   2.5,   8.2,  -9.1, -93.3,  45.8, 783.0,   3.2,   0.2
84210,   0.1,  -6.3,  -7.0, 191.1, 153.8,1380.9,   3.6,   0.8
84234,   0.5,   1.7,  -7.3,  51.9, -12.0, 770.3,   4.0,   0.5
84258,   6.0,  12.4,  -7.0,-838.0,  28.8,1369.9,   3.3,   1.1
84286,   0.3,  -8.2,  -4.1,1006.3,  40.2, 729.5,   4.3,  -1.0
84310,   3.4,   0.2,  -8.8,  56.1, 321.2,1310.1,   4.7,  -0.1
84334,  -2.1,   6.7,  -2.4,-436.4,  83.2, 771.3,   5.3,   1.4
84362,   2.5,  -0.1,  -0.1, -41.3, 266.8,1216.6,   5.5,   1.4
84386,   0.7,  -1.9,  -0.5, -13.3, 108.1,1007.8,   5.7,   1.8
84410,   1.2,  -0.9,   0.2, -60.1,   6.5,1098.7,   5.6,   1.6
84434,  -1.4,   0.9,  -1.1, -88.5,-119.2,1127.0,   5.6,   1.5
84458,  -1.6,   5.0,   0.4,-303.3,  40.2, 710.7,   5.7,   1.8
84486,  -7.4,  -0.9,  -2.9, 206.5, 153.8, 875.8,   5.8,   0.8
84510,  -2.9,  -5.8,   8.1,  17.5, 280.5, 733.2,   5.7,   1.7
84534,   0.3,   8.1,  -0.8, 655.7,-238.3,1157.5,   5.2,  -1.1
84558,   1.6,   6.7,   4.5,-866.5,  95.9, 758.6,   5.4,   1.6
84586,   2.5,  -6.6,   8.1, 318.0, 173.5, 891.9,   5.5,   0.6
84610,  -0.5,   6.3,   9.3, 115.4,  18.5,1223.9,   5.2,   0.7
84634,   1.6,  -9.3,  12.2, 121.5,  59.0, 989.5,   4.9,   1.5
84662,   1.2,   1.6,   9.3,  20.7, -99.7, 970.2,   4.9,   0.9
84686,  -0.8,  -4.4,  10.4, 228.4, 139.4,1009.8,   5.0,   0.7
84710,  -0.9,   4.6,  10.9,-138.3,  66.4, 857.0,   4.9,   0.8
84734,  -4.0,  -1.7,  10.6, -86.5,-515.9,1474.2,   4.5,   0.8
84762,   8.0,   0.5,  11.6, 340.0, 144.2, 675.1,   4.4,  -0.3
84786,   5.8,   9.0,   6.5,-314.8, 337.1, 820.1,   4.6,  -0.2
84810,  -1.9, -12.0,  13.9, 457.2,-105.0,1129.4,   4.7,   0.1
84834,   2.2,   3.1,  12.6, -64.8,  57.6, 782.5,   4.3,  -0.1
84862,   3.0,   1.0,  13.2,  25.6, 170.4, 943.4,   4.5,  -0.1
84886,  -1.6,  -0.1,  10.4, 128.6,  42.2, 886.0,   5.4,  -0.4
84910,   0.6,   2.0,  10.2, 135.7, -47.9,1256.4,   5.2,  -0.6
84934,   1.1,  -0.3,  11.2,  45.6, 128.4, 847.4,   5.0,  -0.4
84962,  -2.7,  -7.6,  11.2,  99.8, 111.8, 930.7,   5.4,  -0.3
84986,  -9.0,   2.1,  13.2,-105.3,-677.1,1474.6,   4.8,  -0.2
85010,   0.3,   6.6,  10.1,  53.6, -30.8, 824.7,   5.0,  -0.9
85034,   1.5,   5.8,   6.2,-337.0, 156.7, 785.9,   5.3,  -0.8
85062,  -2.3,  -8.8,   7.0, 375.2,  87.6,1187.8,   5.3,  -1.1
85086,  -2.7,  -1.7,   8.1, 270.2,  64.6, 901.6,   5.1,  -1.4
85110,  -0.9,   7.7,   7.6,-162.7, -58.2,1048.6,   4.3,  -1.6
85134,  -1.9,   4.1,   5.3, -89.7,-175.6, 985.9,   3.8,  -1.9
85162,  -0.0,  -5.0,   5.8,  99.8,  48.3, 941.9,   4.1,  -1.6
85184,   4.2,   1.6,   4.6, -89.4,  47.1, 819.9,   3.4,  -1.8
85212,  -2.9,  -0.3,   2.7,-109.5,  20.5,1066.0,   3.3,  -1.9
85236,  -3.0,  12.2,  -5.3, -98.7, -31.5, 828.6,   3.2,  -3.3
85260,   5.0, -10.9,   5.6, 400.6, 312.2, 909.9,   3.5,  -2.2
85284,   0.1,  -0.4,  -1.6, 342.2,-158.7,1148.7,   3.0,  -3.7
85312,  -2.7,  -3.1,   0.1, -33.3, -49.6,1253.2,   2.8,  -2.1
85336,   1.0,  -0.4,   0.2, -45.7,-116.5, 880.6,   2.6,  -2.1
85364,   2.2,   2.2,  -3.4,-147.3, -55.0,1127.7,   2.5,  -2.0
85384,   3.4,   1.6,  -6.6, -78.7, -50.3, 828.2,   2.2,  -2.1
85412,  -2.1,  -8.9,  -6.1, 148.4,-119.2,1182.7,   2.3,  -1.7
85436,  -0.2,  -4.2,  -8.4, 218.4,-195.1, 899.9,   2.1,  -2.1
85460,  -0.9,  -3.4,  -8.0, 243.8, 154.7,1035.9,   2.3,  -2.4
85484,   8.7,  18.8, -12.6,-1086.3,-394.6,1678.7,   2.2,  -3.1
85512,   0.7,  -8.0,  -5.2, -35.5,  30.5, 907.5,   3.7,  -2.6
85536,   1.7,  -8.8,  -6.9, 553.1, 171.8,1015.4,   3.1,  -3.2
85560,  -0.8,   7.2,  -8.2, 108.3, 106.9,1059.4,   3.3,  -2.4
85584,   0.1,   4.6,  -7.9,-224.4, -10.1, 867.0,   2.9,  -1.8
85612,   0.5,  -4.8,  -8.2, 134.9, 167.7, 846.7,   3.2,  -1.5
85636,   4.2,  -1.9, -11.8, -71.9, -98.7,1067.9,   2.6,  -1.4
85660,  -4.1,  -5.5, -11.8, 286.3, -32.8,1093.3,   2.9,  -1.6
85688,  -1.9,   0.6, -11.8,  -7.9, 268.3, 968.1,   3.4,  -1.2
85712,  -6.4,  -0.9, -15.9,  75.6,  46.1, 850.1,   3.6,  -1.5
85736,  -0.8,  -4.8,  -8.9, 170.1, 242.6, 974.2,   3.3,  -1.2
85760,  -1.9,   5.0, -15.5,-149.0, -29.3, 982.5,   3.7,  -1.6
85788,  -1.0,  -9.4, -11.3, 277.0,  81.0,1081.8,   3.8,  -0.7
85812,  -0.3,   2.6, -11.5,   6.5,-156.3, 916.3,   3.3,  -0.5
85836,   4.8,  -0.1, -10.2, 111.5, -51.1,1309.8,   3.0,  -0.3
85864,  -1.5,  -7.3, -10.1, 196.9, 173.3, 927.8,   3.1,  -0.7
85888,   1.0,   2.8, -10.4,-103.4, -40.8,1156.8,   3.0,  -0.4
85912,   5.3,   3.5, -10.1,-164.9, -26.9, 899.0,   2.8,  -0.3
85936,  -0.8,   6.9,  -9.5,-482.3, 254.1, 681.2,   3.7,   0.2
85960,  -3.4,  14.5, -10.4,-562.3,-834.0,1708.5,   3.3,  -0.5
85988,   4.7,  11.1,  -4.6, 397.9, 423.5, 583.8,   4.3,  -0.9
86012,   2.6,  -3.4,  -6.9, 120.0, 169.1,1295.9,   3.6,  -0.1
86036,   2.7,  -5.3,  -6.8,   6.5, -87.2, 839.6,   4.2,   0.5
86060,   2.6,  -4.7,  -3.3,   1.4,  60.5,1138.2,   3.9,   1.0
86088,   0.2,  -1.9,  -3.1,-250.1, 145.2, 946.6,   4.3,   1.6
86112,   1.4,  -3.1,  -1.3,  41.7, 125.9, 831.3,   4.0,   1.5
86136,   6.1,   3.8,  -3.2,-208.8, 226.3, 967.1,   4.1,   1.4
86160,  -0.0,  -2.8,  -2.9,  72.7, -27.4, 943.1,   4.7,   1.3
86188,   7.0,   3.2,   3.6,-561.6, 401.1, 696.3,   4.2,   2.5
86212,   1.9, -15.3,  -0.1,1207.2,  35.3,1211.2,   4.5,   0.4
86236,   5.6,  11.2,  -4.3,-418.8, 174.8, 895.5,   4.6,   1.9
86260,   0.1,   3.0,   2.6,-243.0,   6.5,1021.0,   5.1,   2.5
86288,  -0.3,  -1.1,   3.9, 414.2, -93.8,1116.7,   4.6,   1.9
86312,   1.9,   6.9,   4.3, -47.9, 117.4, 912.9,   4.6,   2.1
86336,   2.1,   5.1,   4.9,-304.8, 206.0,1017.4,   4.6,   2.1
86364,   2.0,  -0.7,   4.7,  34.8, -74.8, 985.9,   4.5,   2.1
86388,  -1.7,  -4.5,   6.3, 232.6, 138.1,1081.1,   4.5,   2.1
86412,  -5.9,   5.0,   4.4,  -3.0, 200.1, 614.5,   4.9,   1.6
86436,   3.5, -12.4,  17.0, 161.8, 754.3, 749.5,   5.4,   2.7
86460,   5.0,  16.5,  -0.7,  95.6, -15.9, 758.1,   4.5,  -0.8
86488,  -1.0,   2.4,   4.2,-313.6,  28.0, 991.7,   4.9,   1.6
86512,  -4.4,  -4.1,   5.5, 477.7, -74.5, 983.2,   4.2,  -0.1
86536,  -3.2,  -0.0,   5.3, 273.4, 291.7,1197.8,   4.1,   0.1
86560,   1.1,  -0.6,   4.9,-174.9, 120.1, 961.2,   3.9,   1.1
86588,  -3.2,  -2.3,   4.2, 209.6,  36.1,1114.3,   3.6,   0.4
86612,  -2.4,  -3.7,   5.6, -44.3, 127.6,1184.4,   3.7,   1.1
86636,  -3.3,   2.9,   2.2,  42.6,-168.0, 829.4,   3.0,   0.2
86660,  14.7,  15.1,   4.8,-914.4, 262.9,1430.0,   2.3,   0.9
86688,   1.3,  -3.6,  -0.5, 415.4,  56.3, 785.9,   3.5,  -1.4
86712,   2.9,  -2.8,   2.9, 511.9, 536.6, 971.5,   3.8,  -1.1
86736,   1.7,   5.4,   0.7, -52.3,  95.7, 927.0,   3.5,  -0.7
86764,   2.9,  -1.5,   2.7, -79.9, 162.8, 924.8,   2.8,  -0.4
86788,   2.3,  -3.8,   0.2, 196.9, 258.5,1003.7,   3.1,  -0.7
86814,   3.3,   5.7,  -2.6,  32.4, 113.7, 867.2,   3.0,  -0.9
86838,   3.7,   3.0,  -2.1,-183.9, -48.9,1076.7,   2.6,  -0.9
86866,  -2.2,  -8.9,  -4.4, 350.7, 208.2, 904.3,   2.6,  -1.6
86886,  -4.1,  -5.3,  -4.6, 120.8, 357.9, 597.0,   3.2,  -1.4
86914,   1.1,   9.6,  -3.7, 547.3, 133.0,1352.3,   4.0,  -1.1
86938,   0.5,   2.1,  -4.1, 146.6, -37.4,1213.4,   2.8,  -0.1
86962,  -4.3,  16.1,  -4.9,-702.2,-181.9, 566.7,   2.7,   0.7
86986,   0.6,   3.2,  -3.9,-156.3, 140.8,1130.6,   2.3,   0.7
87014,  -5.3,  -8.8,  -3.7, 418.6, -79.9,1243.7,   2.6,   0.4
87038,   4.0,   7.9,  -6.9,-267.2, 153.5, 794.7,   2.3,   0.6
87062,  -3.5,  -3.1,  -8.1, 148.1,   8.2,1187.0,   2.2,   0.1
87086,   3.2,  19.9,  -6.7,-1331.1,  40.0,2112.3,   1.7,   0.8
87114,   0.9,   0.6,  -2.8,  45.1,  -9.1, 580.1,   3.6,  -0.4
87138,   5.3,  -2.0,  -9.3, 311.9, 403.5,1286.4,   2.9,  -1.8
87162,  -1.9,  -4.0,  -5.9,  16.3, 328.3, 962.7,   3.5,   0.0
87186,   2.0, -10.3,  -4.3,  47.5,   0.4, 703.2,   3.1,  -0.2
87214,   0.6,  14.8,  -7.6,-281.1,-100.4, 866.0,   3.1,  -0.1
87238,   0.8,  -4.9,  -5.3,-472.7, 195.7, 842.1,   3.8,   1.3
87262,   2.2,   3.6,  -6.3,-185.9, 176.2, 842.3,   3.7,   0.6
87286,   3.0,  -0.3,  -3.8, 223.6, 237.5,1237.6,   4.3,   0.7
87314,   3.2,  11.3,  -8.0,-390.0, -56.9,1299.4,   3.9,   0.2
87338,  -1.3,  -2.3,  -2.1,-105.3, 245.1, 878.9,   4.7,   1.2
87366,  -2.2,  -6.7,  -5.7, 256.5,  28.3,1184.8,   4.6,   0.8
87386,   1.1, -12.2,  -2.7, 351.0, 234.3,1059.4,   5.1,   1.6
87414,  -3.8,   2.6,  -5.9,  36.5, -74.8,1278.6,   4.5,   0.4
87438,  -0.7,   7.7,  -3.5,-545.7, 242.6,1037.9,   4.6,   1.8
87462,   0.6,  -0.7,  -0.5,-142.7, -42.8, 956.1,   4.4,   1.9
87486,   1.2,  -6.4,   0.6, 342.0, -16.4,1108.2,   4.7,   1.6
87514,  -3.4,  -1.2,  -0.8, -93.1, 207.0, 813.5,   5.2,   1.9
87538,  -0.9,  -5.4,   8.9,-298.9, 129.8,1007.6,   4.6,   3.1
87562,  -0.8,  11.8,  -4.0, 148.4, 122.7, 833.8,   4.5,  -0.1
87586,  -3.5,  13.3,  -3.3,-852.9, 235.3,1114.8,   5.0,   1.5
87614,  -5.2,  -9.2,   6.3, 927.2, -67.4,1172.9,   4.7,   0.7
87638,  -2.1,   9.3,   5.1,-561.6, 253.1, 865.5,   4.6,   2.0
87662,  -2.4,   2.8,   4.6, -41.6,-155.6,1165.8,   4.2,   1.2
87686,   3.9,  -1.7,   7.6, -96.3, 432.6, 751.5,   4.4,   1.7
87714,   1.9,   7.4,   7.3, -83.1,  28.3, 817.9,   4.5,   1.4
87738,  -4.7,   3.6,   5.6, 208.7,-283.0,1550.6,   4.4,   0.7
87762,  -2.5,  -5.8,  12.9, 108.3,-120.2, 894.8,   4.1,   1.7
87786,   4.2,   8.8,   4.0,-227.1,  24.6,1013.7,   3.5,   0.4
87814,   3.0,  -3.3,   9.3,  37.8, 110.1, 886.3,   4.3,   1.3
87838,   0.6,  -0.2,   6.4,-125.1, -71.1, 948.3,   3.5,   0.6
87866,  -0.8,   4.1,   6.9,-500.1, 238.5, 800.3,   3.7,   1.3
87890,   1.7,   7.3,   6.4,-184.9,  51.5, 734.7,   3.5,   0.6
87914,   1.1,  -6.5,   6.2, 203.3, 139.4,1058.6,   3.6,   0.2
87938,  -1.7,  -0.8,   5.2, 175.5, 350.8, 787.1,   4.3,  -0.1
87962,   2.8,   8.6,   6.9,-641.7, 101.0,1754.2,   3.2,   0.4
87990,  -7.1, -29.4,  14.9,1877.4,-131.2, 891.9,   3.2,  -0.8
88014,   4.3,  12.8,   1.8,-626.3, 473.6, 827.7,   2.6,   0.1
88038,  -1.0,  -2.2,   5.1, 154.9, 100.3,1059.1,   3.4,  -0.3
88062,   1.1,  -0.8,   6.0,-375.1,-170.2, 997.6,   2.6,  -0.0
88090,   2.3,   7.1,   7.8,-254.5, 224.1, 744.7,   3.5,   0.3
88114,  -1.9,  -6.6,   8.2, 179.9,-110.6,1107.5,   3.0,   0.1
88138,   2.2,  -1.5,  11.2, 133.5,-151.7, 964.9,   3.2,   0.1
88162,  -2.8,   0.5,   9.4, -10.3, 269.5, 729.8,   4.3,   0.0
88190,  14.2,   4.5,  13.2,-493.0, 763.6, 881.9,   3.7,   0.5
88214,  -1.7,  -3.1,  10.8, 396.6,-129.0, 927.8,   4.5,  -0.6
88238,   0.7,   5.3,  12.0,  48.7,  33.9,1140.4,   4.4,  -0.3
88262,  -4.1,  -0.3,  13.1, -57.5, -77.0,1048.6,   4.4,   0.1
88290,  -2.2,  -4.6,  14.0, 388.6, -35.2,1240.8,   4.1,  -0.2
88314,   4.3,   7.0,  11.5, -14.5,  36.3, 793.0,   3.8,  -0.3
88338,  -0.1,  -6.1,  13.6, 226.5, -75.2,1291.8,   3.9,  -0.2
88366,   4.8,  -4.1,  13.1, 149.3, -86.0,1290.1,   3.9,  -0.4
88390,  -4.4,  -8.7,  16.5, 800.2,-152.2, 868.0,   4.0,  -0.6
88414,  11.4,  26.3,  13.4,-1314.8, 462.8, 909.7,   3.7,  -0.1
88440,  -0.2,  -4.8,  15.1, 256.8,   2.6, 874.1,   5.1,  -1.3
88464,   5.4, -10.9,  14.6, 441.8, 167.7,1036.7,   4.2,  -1.5
88488,   1.1,   2.4,  10.4, 121.7,  -6.4,1022.3,   4.4,  -1.5
88512,   1.4,   8.5,  11.2,-185.1,  36.6,1073.3,   4.2,  -1.1
88540,   3.2, -13.1,  14.0, 270.9, 120.8, 945.8,   4.1,  -1.0
88564,  -0.9,   6.6,  10.1,-165.9,   3.9,1034.0,   4.4,  -1.3
88588,   1.8,  -7.1,  17.0,  88.8, 391.8, 812.3,   4.7,  -0.6
88612,   1.6,   6.1,   9.6, -76.5,  63.7,1060.8,   4.3,  -1.6
88640,   2.4,  25.5,  13.6,-789.4,-451.0,1452.4,   4.0,  -1.2
88664,   2.6,  -2.5,  14.6,  27.0, 144.0, 804.2,   4.8,  -1.4
88688,   2.0,   4.5,  11.7,-340.9, -12.7, 909.5,   3.8,  -1.6
88712,   0.3,  -9.5,  13.4, 630.5, 261.2,1009.1,   4.3,  -1.7
88740,   0.5,  -0.8,  14.5, -56.5, -54.7,1016.1,   3.6,  -1.5
88764,   2.8,   4.9,   9.5, -24.3, -94.0, 785.2,   3.5,  -2.1
88788,   0.8,   2.5,  12.2,-296.5, 301.9, 974.2,   3.9,  -1.1
88812,   1.5,  13.5,   8.4,-568.2, -43.3, 937.3,   3.3,  -2.1
88840,   1.4,  -5.3,  14.0, 295.1,  43.2,1100.6,   3.7,  -2.3
88868,  -4.6,   0.4,   8.3, 300.2, -37.4, 984.2,   3.4,  -2.6
88888,  -0.0, -21.9,  17.8, 649.8, 197.9,1010.5,   3.2,  -1.6
88916,   1.0,   5.5,   8.6, 356.1, -74.0, 992.7,   3.0,  -3.6
88940,  -0.8,   6.9,  10.6,-401.9,  90.8, 941.7,   3.1,  -1.7
88964,   1.2,   8.6,   9.8,-262.5, 168.6, 753.7,   3.2,  -1.8
88988,   0.8,  -6.5,  10.6,  -0.6, 148.1, 937.3,   3.0,  -1.9
89016,   0.1,   3.0,  11.4, 515.1,-138.7,1303.7,   2.3,  -2.4
89040,   2.6,   7.0,   8.2,   0.9, 262.2, 945.3,   2.8,  -2.0
89064,   3.8,  -1.5,   9.2,  67.3, -10.3, 820.6,   2.5,  -1.8
89088,  -0.7,   2.6,   4.6, 255.0, 120.8,1057.9,   2.9,  -2.9
89116,   1.4,  -6.1,   8.2, 349.0, 160.8,1047.6,   3.3,  -2.3
89140,   4.7,   8.2,   0.6,  90.0,-316.9,1101.1,   2.6,  -3.8
89164,  -0.8,   5.9,   2.2,-291.3,   5.3, 920.4,   3.1,  -2.8
89188,  -3.0,  -3.6,   3.6, -55.3,-121.4, 793.7,   3.0,  -2.7
89216,  -3.3,  -8.4,   4.5, 266.3,-423.6,1419.7,   3.0,  -2.6
89240,   1.6,   9.1,  -1.8,-283.0, 274.8, 876.5,   3.2,  -3.1
89264,  -1.1,  -6.7,   3.3, 107.8,  -0.3,1047.9,   4.0,  -2.3
89288,  -4.5,  -0.1,   0.8, 161.8, -91.6,1094.8,   3.6,  -3.5
89316,  -5.6,  -4.0,  -1.6, 362.2, 200.9, 661.4,   4.1,  -3.3
89340,   3.3,  -4.3,   4.2,-151.4, 825.9, 953.4,   3.5,  -2.4
89368,  -2.9,   1.6,  -5.0, 167.4,-250.3,1114.3,   3.1,  -2.5
89388,   4.8,   0.2,  -2.1, -69.4, 484.1, 909.5,   3.7,  -1.2
89416,   2.5,  -1.5,  -7.2,  40.2,-173.1,1158.2,   3.3,  -1.3
89440,  -1.3, -11.2,  -3.6,  70.0, -52.5,1021.8,   3.2,  -0.5
89464,  -0.8,  -0.4,  -9.3, 207.2, -33.3,1259.8,   2.4,  -2.2
89488,  -2.1,   6.4,  -8.9,-290.6, -87.0,1178.3,   2.1,  -1.7
89516,  -1.7,  -3.9,  -8.8, 106.9, 319.5, 856.7,   3.1,  -1.7
89540,  -6.0,  -2.8, -11.2, 381.3,-329.6,1792.3,   3.0,  -2.1
89564,  -0.6,  -1.6, -10.6, 372.7, -38.1, 839.1,   3.3,  -1.9
89588,  -0.8,  10.5, -13.5,-256.7,  19.0, 875.3,   3.3,  -2.4
89616,  -2.2,  -8.3,  -7.8,  84.9,  20.0,1020.8,   3.0,  -1.4
89640,  -0.2,   1.8,  -9.5, 100.5,  -0.3,1090.9,   2.9,  -2.0
89664,  -1.9,  -0.6, -10.6,-148.3, 120.8, 973.4,   3.0,  -1.1
89688,  -1.1,  -5.7,  -8.2, 340.3, -41.6, 889.4,   2.7,  -1.5
89716,   5.0,   8.6, -16.5,-213.7, 294.4, 942.7,   2.0,  -1.7
89740,  -1.5,   0.8, -15.7,  93.2,  -3.0,1025.4,   2.8,  -1.7
89764,  -1.9,  -1.4, -16.3, 178.1,-462.9,1758.8,   2.0,  -1.7
89788,  -0.1, -12.4, -11.6, 591.2, -11.8, 946.1,   2.8,  -1.3
89816,   8.3,  -3.9, -12.1,-208.3, 395.7, 999.3,   2.8,  -0.1
89840,   1.7, -13.4, -11.9, 722.8,  53.4,1117.7,   3.2,  -0.7
89868,  -0.2,   1.2, -15.1,-146.1,  36.8,1110.1,   3.2,  -0.5
89888,  -0.5,   0.2, -13.5, 247.7, 152.5, 970.2,   3.4,  -0.6
89916,   1.5,   3.1, -15.1,-295.0,  76.6, 876.3,   3.1,   0.1
89940,  -4.0, -11.1, -10.9,-360.7, 300.2, 805.2,   3.9,   1.6
89964,  -0.8,  25.9, -19.8,-503.0,-112.8, 545.2,   2.7,   0.5
89992, -11.4,  -6.2, -19.0, 241.4, 219.9, 564.5,   4.3,   0.7
90016,   0.3, -28.8,  -7.7,1420.8, 200.4,1256.9,   5.1,   1.1
90040,   4.8,  30.1, -20.8, -22.3, 104.4,1200.7,   4.5,   0.6
90066,  -2.0, -11.9, -12.4,-137.0,  57.8,1008.3,   4.9,   2.3
90090,  -0.5,  -0.3, -10.8,  40.0, -66.5, 889.9,   4.6,   1.6
90114,  -0.2,  -4.4, -13.4, 314.9, -89.9,1378.5,   4.4,   1.2
90142,   4.5,  -0.8, -13.3, -27.2, 239.0,1037.9,   4.7,   1.7
90166,   4.7,   5.2, -11.6,-378.5, 218.5, 868.2,   4.6,   1.8
90190,  -3.0, -12.2,  -5.1, 835.9, 307.3,1037.1,   4.9,   1.1
90214,  -3.2,   3.2, -13.4, 153.7, 172.1, 624.1,   5.5,   0.6
90242,  -3.6,  -9.6,  -2.1, 274.1, 134.0,1024.9,   5.2,   1.9
90266,  -0.1,   3.9,  -6.1,-188.8, 175.0,1102.3,   4.8,   1.1
90290,  -0.2,   0.8,  -3.7,  28.5,-206.4,1074.7,   4.8,   1.6
90314,  -0.3,   2.2,  -4.0,-109.9,-171.2,1100.4,   4.7,   1.6
90342,   1.4,   3.0,  -3.4, -34.0, 122.3, 885.5,   4.4,   1.4
90370,  -0.1,   0.1,  -2.4,  76.1,  -2.3,1080.8,   4.3,   1.4
90390,   0.7,  -1.9,  -1.0, 172.5,  22.7,1162.6,   4.2,   1.4
90414,   1.4,   2.0,   1.4,-371.2, 156.9,1072.5,   4.1,   2.2
90442,   6.6,   4.7,  -0.5,-372.6,  22.4, 967.1,   3.8,   1.4
90466,  -0.0,  -6.5,   2.6, 355.9, 216.5, 951.7,   4.7,   1.8
90490,  -0.2,   4.0,   3.4,-365.1,-127.3,1092.1,   4.2,   1.6
90514,  -1.4,  -6.8,   4.9, 134.9,-190.5,1067.2,   4.2,   1.7
90542,   1.3,  -2.0,   6.1, 203.5, 259.2, 907.0,   4.4,   1.4
90566,   2.6,   7.4,   2.4, -30.6, 149.1,1143.3,   4.2,   0.6
90590,   2.2,   3.7,   6.1,-197.3, 297.6, 817.9,   4.9,   1.3
90614,  -0.1,  -2.8,   7.5,  29.2,  50.2,1062.8,   4.4,   1.2
90642,  -2.8,  -4.5,  10.1, 392.3, -55.0,1061.3,   4.2,   0.8
90666,   1.8,   7.0,   4.1,-251.8, 175.0, 844.3,   4.0,   0.4
90690,   9.0,  15.1,   9.1,-727.6,  11.9,1211.2,   4.0,   1.4
90714,   0.5,  -8.0,  12.0, 352.7,-130.7, 838.2,   4.4,   0.4
90742,   1.2,   1.7,   9.1,   8.5, 166.0,1085.7,   3.9,   0.1
90766,   1.0,   4.9,  10.1,-187.8,  86.4, 840.4,   3.8,   0.5
90790,  -0.9,  -4.5,  11.1, 441.6,-204.9,1326.0,   3.3,  -0.4
90814,   1.0,   4.3,  10.6, -69.2,  -3.5, 981.7,   3.3,   0.0
90842,  -0.8,   0.0,   9.2, -59.2,   6.8, 998.3,   3.5,   0.1
90870,   2.6,  -0.9,  10.3, 593.9,  12.6, 922.2,   3.5,  -0.6
90890,   3.2,   2.7,   7.2,-142.9,  30.0, 963.4,   3.1,  -0.5
90914,  -1.3,   4.4,   6.4, 117.1, 113.2, 824.5,   4.0,  -1.0
90942,   1.2,   3.8,   9.0,  97.6, 168.2,1008.6,   3.7,  -0.7
90966,  -0.5,  -7.0,   5.2, 665.7,-149.7,1296.4,   3.4,  -1.6
90990,   1.0,  -1.5,   5.8,-331.1,  34.6, 801.5,   3.4,  -0.4
91018,  -0.7,   9.9,   3.2,-201.5,  61.2, 847.2,   3.2,  -0.9
91042,  -2.6,  -0.5,   4.1,  -3.5,-126.3,1084.5,   2.9,  -1.1
91066,   2.5,   1.6,   6.3,  32.1,  10.0,1054.7,   2.6,  -1.1
91090,   5.1,   7.5,   3.9, 166.2,  71.7, 763.7,   2.6,  -1.9
91118,   4.2,   4.0,   1.1,-113.9, 216.5, 874.8,   3.0,  -1.6
91142,  -1.3,   3.0,   2.8, 155.7,-189.8,1440.0,   2.9,  -2.4
91166,   2.6, -11.2,   9.3, 351.5, 224.1, 941.4,   3.6,  -1.5
91190,   0.4,   9.0,   0.9,-209.3, -32.8, 882.8,   3.1,  -2.5
91218,  -3.3,  -8.1,   3.7, 149.3,  30.7, 870.2,   3.2,  -1.5
91242,  -2.6,   6.9,   0.9,-172.2,   6.1, 965.9,   3.0,  -1.7
91266,  -3.0,  -4.7,   1.7,-147.3,-204.4, 788.9,   2.5,  -1.2
91290,   3.6,  -1.2,  -1.7, 256.3,  92.5,1186.1,   2.3,  -1.9
91318,   7.0,  -0.1,  -2.5, 407.4, 231.4,1022.7,   2.6,  -2.1
91342,   2.2,   5.1,  -4.3,-395.6, 187.9, 868.9,   2.6,  -1.5
91370,  -3.7,  -9.0,  -1.6, 341.7,  33.6, 913.4,   2.5,  -2.1
91390,   1.8,  -6.9,   1.0,-335.3,-140.7,1543.5,   1.3,  -1.9
91418,   1.7,  -2.0,  -1.4, 315.1, -45.0, 900.2,   2.3,  -2.8
91442,   1.8,   3.2,  -4.1,-147.3, 326.9,1047.2,   2.7,  -2.4
91466,  -3.8,  -1.7,  -4.6,  78.3,-157.0,1042.5,   2.6,  -2.4
91490,   0.4,  -3.1,  -2.7, 293.9,  68.8, 963.4,   2.6,  -2.2
91518,   5.0,   4.3,  -4.6,  20.4, 236.3,1150.2,   2.3,  -2.3
91542,  -2.1,  -5.3,  -1.1,   4.6, 172.6,1107.9,   2.9,  -1.3
91566,  -0.4,  -1.6,   0.0, 428.4,  -8.1, 857.0,   2.1,  -2.4
91590,   4.2,   4.0,  -7.1,-380.0, 270.5, 936.3,   2.4,  -1.7
91618,  -8.2,  -9.4,  -9.7, 888.6, 223.8, 784.9,   3.7,  -3.2
91642,  -2.2,  -9.4,  -0.8, 531.7, 126.9,1115.0,   3.4,  -2.6
91666,   3.9,  14.5, -10.6,-248.1, -56.7,1048.1,   3.1,  -3.2
91692,   2.2,  -0.4,  -6.3,-299.4,  19.2, 994.4,   3.2,  -1.6
91716,   2.3,  -2.0,  -5.7, 202.1, -99.9,1145.3,   3.3,  -2.5
91740,   3.8,   0.0,  -4.5, -35.2, 179.9, 827.2,   3.4,  -2.0
91768,  -2.2,   1.2,  -6.8,-344.1,-212.5,1106.2,   3.6,  -1.5
91792,   3.0,   4.1,  -6.6, 265.8, -16.9, 889.0,   3.3,  -1.9
91816,  -0.8,  -5.3,  -9.2, 135.4, 341.3, 876.7,   3.6,  -1.5
91840,  -9.3,   2.5, -11.3, -33.8,-948.1,1910.9,   3.5,  -1.6
91868,   4.4,   5.3,  -9.1,-186.1, 334.4, 857.0,   4.0,  -1.2
91892,   0.5, -11.9,  -9.3, -48.7, -17.6,1109.4,   3.2,  -1.0
91916,  -2.1,  -8.0, -11.2, 358.8,   7.3,1181.4,   3.2,  -0.9
91940,  -0.3,   0.5, -11.3,-124.1,   8.0, 812.8,   3.0,  -0.7
91968,  -1.9,  -0.1, -12.6,-114.1,-109.2,1051.5,   2.5,  -0.7
91992,   1.6,  -6.2, -11.3,  96.8,  72.0,1022.0,   2.7,  -0.4
92016,   2.3,   1.3, -11.9,-147.3,-109.7, 931.7,   2.5,  -0.1
92040,   1.0,   2.8, -17.3, -48.9,  28.0, 950.5,   2.9,  -0.9
92068,  -1.4,   0.1, -10.0,-774.0,-159.7, 890.4,   2.6,   0.6
92092,  -1.8,  -3.9, -10.9, 170.8, 102.7, 818.4,   3.7,   0.3
92116,  -1.4,  -6.7, -11.8, 217.9, 169.6,1120.4,   3.5,   0.4
92144,  -2.7,   4.9, -13.1,-313.1,  51.2, 738.8,   3.4,   1.0
92168,  -3.8,  -3.0, -12.7, 125.2,-188.3,1212.9,   3.4,   0.5
92192,  -3.6,  -4.7, -11.9,-105.1,  37.1, 704.6,   3.6,   1.2
92216,  -0.8,   0.0, -13.5,-129.5,  15.8, 930.0,   3.3,   0.9
92244,  -1.1,  -0.4, -12.6,  -5.9, 139.8,1053.5,   3.5,   1.0
92268,  -3.8,  -5.9, -11.2, 576.6,  49.5, 630.9,   3.7,   0.2
92292,   2.9, -16.6, -10.8, 106.4, 371.0,1107.7,   3.1,   0.7
92316,  -0.2,  -0.4, -13.8, 457.2,-220.3, 982.2,   3.8,  -0.3
92344,  -3.0,   1.8, -13.1,-281.1,-173.9,1103.3,   3.6,   0.4
92372,   0.6,  -0.4, -11.8, -57.0,  66.1, 864.0,   3.6,   0.6
92392,   1.1,   5.0, -13.8, 204.8,  35.8, 961.7,   3.4,  -0.3
92416,   4.3,  -0.6, -10.6,  95.6, 246.5, 914.3,   4.0,   0.6
92444,   2.2,  -0.2, -10.9,  66.6, 127.1, 795.4,   3.7,   0.4
92468,  -3.5,   2.6, -12.3,  30.4, 260.7, 999.8,   4.1,   0.6
92492,  -4.2,  -2.1, -11.1,  23.6,-548.1,1314.2,   3.6,   0.7
92516,  -6.9, -15.9,  -3.7, 780.2,-127.7,1014.0,   3.9,   0.9
92544,   3.1,   4.4, -12.1,-486.7, 500.7, 780.8,   4.0,   1.1
92568,  -4.2,  -2.8,  -9.1, 193.0,-146.8, 992.5,   4.2,   1.0
92592,  -1.4,   0.6, -10.1,-104.1,-388.0,1054.2,   3.5,   1.1
92616,   0.2,   1.9,  -8.2,-413.2, 160.3, 884.6,   4.0,   2.1
92644,   1.2,  -1.5,  -7.7, -70.6, -41.6, 916.5,   3.8,   1.6
92668,   0.9,   0.3,  -6.1, 222.3, 146.9,1109.9,   3.8,   1.5
92692,  -2.7,  -2.4,  -5.7,-159.5, 145.2, 683.6,   4.3,   2.0
92716,  -3.3,  -0.8,  -5.2,-232.0, -28.4,1030.3,   3.8,   2.0
92744,   3.2,   0.3,  -5.2, 848.3, -64.8,1131.1,   3.7,   0.8
92768,   0.6,   6.4,  -4.4,-279.1, 295.6,1080.4,   3.7,   2.0
92792,  -0.7,   3.8,  -1.6,-449.5, -28.9, 847.4,   3.8,   2.3
92816,   0.5,  -5.8,   1.8, 190.3,  67.8, 901.9,   3.6,   2.1
92844,   1.7,   3.9,   0.8,  23.4, -97.0,1130.4,   3.0,   1.7
92872,   2.9,  -3.4,   1.5, 213.3,  85.6,1082.1,   3.0,   1.4
92892,   2.9,   3.3,  -1.0,-339.7, 303.7,1058.1,   3.2,   1.5
92916,  -1.9,  -2.8,   0.2, -62.6, -44.2,1101.1,   3.6,   1.6
92944,   1.1,  -1.1,   2.6,-218.1, -95.5,1191.0,   3.5,   2.0
92968,  -4.4, -10.0,   5.2, 275.8,-137.3, 957.8,   4.3,   1.8
92992,   0.7,  -3.3,  -1.9, 210.6, -88.7,1116.5,   3.1,   0.6
93016,   0.1,   4.8,   2.0,-192.7, 260.2, 897.7,   4.1,   1.4
93044,  -0.7,   3.3,   2.2, -75.3, -84.3, 903.6,   3.6,   0.6
93068,  -0.4,  -4.1,   4.6, 292.2, 174.5, 942.4,   3.8,   0.5
93092,  -2.3,   6.0,   0.7,-105.6,   7.0,1030.1,   4.0,   0.3
93116,  -1.6,   5.6,   3.2,-209.8, -25.2, 945.6,   4.1,   0.7
93144,  -2.4,  -4.2,   4.4, 251.9,  32.9,1071.1,   4.0,   0.6
93168,  -3.3,   1.4,   1.0, 308.8,  42.9,1002.7,   3.9,   0.1
93192,  -7.1,  17.9,   3.2,-707.1,-608.5,1100.6,   3.5,   0.8
93220,  -7.9, -10.6,   7.7, 745.8, -50.1, 892.6,   3.9,  -0.0
93244,  -0.8,   0.3,   1.2,  97.3, 139.8,1108.7,   3.0,   0.1
93268,  -7.4,   1.5,   2.3, 120.0,-223.0,1204.1,   3.2,   0.3
93292,  -2.5,   1.7,   4.2,-513.0, -52.3, 852.1,   2.6,   0.7
93318,  -5.2,  -5.6,   2.3, 112.0, -40.6,1157.5,   2.4,   0.4
93342,  -0.2,  -4.8,   3.6, 181.3,  98.6, 910.2,   2.1,   0.3
93370,  -3.2,   7.2,   0.3,-289.4,-116.0, 919.0,   1.8,   0.8
93394,  -2.2,  -0.8,   2.0,-117.8, 121.3, 938.0,   1.5,   0.8
93418,  -3.3,  -1.2,  -0.9, 124.9, 215.3, 805.5,   1.8,   0.1
93442, -11.5,   0.2,  -2.2,  73.4, 374.2, 711.7,   2.6,  -0.3
93470, -12.1,   4.7,   4.3,  23.6,-398.5, 708.3,   1.4,  -0.3
93494,   3.7,  23.2,   2.0,-1294.5, 286.1,1566.2,   0.3,  -0.3
93518,   3.5,  -0.1,   7.3,-105.6, -47.9, 702.7,   2.0,  -0.6
93542,   4.4,   3.2,  -2.1,-735.4,  -7.4, 876.7,   1.3,  -1.5
93570,   1.6,  -3.6,   0.3, 236.2, 117.9, 944.4,   2.0,  -1.3
93594,   3.2,  11.1,   2.3,-617.8,   8.2, 856.2,   1.5,  -1.3
93618,  -1.4,  -4.8,  -0.3, 250.7,  99.1, 999.3,   1.8,  -1.8
93642,   5.6,  19.4,   2.9,-899.3,-185.1,1344.3,   1.7,  -0.9
93670,   0.2,   0.5,  -1.0,  91.7,-124.6, 951.5,   2.4,  -2.1
93694,   0.9,  -4.8,   0.9, 222.1, 102.2, 970.0,   2.6,  -1.9
93718,  -2.3,   3.8,   3.7,  48.5, -47.7, 979.0,   2.6,  -1.5
93742,  -2.1,  -5.3,   5.0, 136.4,  28.3,1070.3,   2.2,  -1.1
93770,   4.4,   1.9,   4.0,-169.3, 167.7, 882.6,   2.1,  -0.6
93794,   0.4,  -5.0,   2.1, 146.2, -17.9,1162.6,   2.5,  -0.9
93818,  -2.5,   0.5,   3.5,-175.1,-187.8, 951.5,   2.0,  -0.6
93842,  -0.2,   3.0,   2.1,-148.3,  76.6, 975.6,   2.0,  -0.9
93870,   2.1,  -4.3,   4.5, 162.5, 158.9,1028.6,   2.1,  -1.2
93894,  -0.2,   1.5,  -0.2,  16.0,  -7.6, 993.4,   2.1,  -2.0
93918,  -7.9,   0.3,   2.1,-105.1,-547.4,1525.7,   1.9,  -1.4
93942,  -2.4,  -6.4,  10.1, 367.8,-128.0, 763.0,   1.7,  -1.5
93970,   3.6,   9.3,   1.1,-480.8, 160.8, 814.2,   1.5,  -1.4
93994,   3.1,  -6.2,   3.4,  23.1, 187.9,1014.0,   1.8,  -1.3
94018,   0.5,  -7.8,   3.2, 169.8, 128.9, 884.1,   1.8,  -1.7
94042,  -1.4,  -0.5,   2.7, 184.7, 156.2, 896.5,   1.7,  -1.9
94070,  -1.6,   6.6,   1.7,  71.7,-284.7,1365.0,   1.2,  -2.1
94094,  -0.4,   1.5,   3.2,-305.3, -19.6,1042.8,   1.6,  -1.3
94118,   2.2,   5.6,   4.0,-300.4, -27.6, 866.2,   1.6,  -1.2
94142,   2.5,  -2.8,   5.5,  65.3, 111.8,1107.9,   1.5,  -1.2
94170,   1.4,   2.0,   2.7, 102.0,  32.4,1017.6,   1.7,  -1.3
94194,  -3.3,   5.5,   0.1,-280.8, 107.9, 748.1,   1.7,  -1.0
94218,   0.0,  -6.6,   5.9,-261.6,  94.9,1001.0,   1.0,  -0.4
94246,  -0.4,  -6.6,   1.7, 468.4,-196.8, 912.6,   1.7,  -1.3
94270,  -0.8,   2.2,  -0.7,   9.2,  -4.0,1056.7,   1.5,  -1.3
94294,   0.7,   5.0,  -0.1,-174.2,   2.9,1095.0,   1.6,  -0.6
94318,  -0.0,   1.0,   1.5,-101.4,-153.1,1020.1,   1.3,  -0.7
94346,  -1.1,  -2.2,   2.4,  81.5, -29.6,1124.5,   1.2,  -0.9
94374,   1.3,  -1.0,   2.3, 150.1, -54.3, 974.6,   1.1,  -1.0
94394,   2.4,   3.0,   1.7, -17.7, 203.6, 968.5,   1.1,  -0.9
94418,   2.3,   0.5,   2.9,  -9.8, -30.6,1011.3,   1.2,  -0.7
94446,   1.0,  -2.1,   3.1,  44.6, -31.1, 952.7,   1.0,  -0.7
94470,   2.5,   1.1,   2.0,  24.6,  14.1, 962.4,   0.9,  -0.9
94494,  -1.7,  -4.3,   1.8, 193.3, -42.8, 985.9,   1.4,  -0.9
94518,  -2.7,   9.0,  -4.1,-182.9,-554.5,1318.9,   0.6,  -1.8
94546,   3.9,  -3.4,   4.5, 202.8, 198.7,1015.4,   1.7,  -1.0
94570,   1.0,  -2.9,   2.7,-210.8,  37.3, 786.4,   1.2,  -1.0
94594,  -2.0,   0.1,   2.3, 262.1,  17.8,1064.2,   1.3,  -1.1
94618,  -0.9,  -0.3,   2.3,  -9.4, -43.5, 988.6,   1.2,  -0.8
94646,   1.5,   0.1,   1.8, 158.1,  94.2,1018.3,   1.3,  -1.1
94670,   1.0,   1.9,  -0.1, -96.8, -11.8,1021.8,   1.2,  -0.8
94694,   0.4,  -0.1,   0.9,  92.9,  27.8, 981.5,   1.2,  -0.9
94718,   2.5,   1.7,   0.5, -16.0, 127.1, 880.2,   1.1,  -0.7
94746,   0.4,   2.1,   0.2,  49.0, -52.8, 933.1,   1.2,  -1.0
94770,   0.4,   4.6,  -2.2,-143.1,  93.5, 993.4,   1.0,  -1.0
94794,   2.9,   0.8,  -0.4, -79.2,   2.6, 965.9,   0.9,  -0.7
94818,  -0.8,  -4.8,   0.2, 157.9, 106.9, 967.6,   1.3,  -0.7
94846,  -3.6,   0.1,  -0.1, 288.7, -63.8, 854.8,   0.9,  -1.4
94874,   7.8,   2.1,   0.6,-307.2, 544.1, 868.9,   1.6,  -1.0
94894,   4.3,  -2.3,  -0.3,  11.9,-115.0, 809.4,   1.8,  -1.6
94918,   2.2,   3.6,  -3.2,  14.6, -38.6,1066.7,   1.6,  -1.9
94944,   0.8,  -1.2,  -2.2,   3.6,  56.3, 955.1,   1.5,  -1.4
94968,   1.4,  -3.1,  -0.1, -64.8, 187.9, 888.7,   1.6,  -1.1
94996,   0.8,  -3.3,  -1.6, 323.9,  54.1, 992.5,   1.5,  -1.5
95020,   1.8,   3.5,  -3.5, -59.7,   2.6, 968.1,   1.4,  -1.3
95044,   0.9,   0.0,  -3.1,  42.9, -39.4,1107.2,   1.5,  -1.2
95068,  -0.2,  -3.0,  -1.8, -59.4, -20.6, 947.1,   1.6,  -0.8
95096,   2.4,  -0.4,  -3.5, -45.7, 111.0, 888.7,   1.5,  -1.0
95120,   2.5,  -2.7,  -1.3,  26.8, 119.3, 961.9,   1.5,  -0.9
95144,   0.3,  -2.0,  -2.4,  62.4, -35.2,1091.3,   1.5,  -1.0
95168,  -1.9,  -0.4,  -1.0,-111.4,  24.4,1051.3,   1.6,  -0.6
95196,  -1.9,  -0.0,  -1.2,  41.9, -33.5, 903.4,   1.3,  -0.8
95220,  -4.4,  11.0,  -7.3,-453.5,-156.3,1114.0,   0.5,  -1.6
95244,   2.4, -10.6,  -0.5, 228.2, 333.2, 943.4,   1.5,  -0.5
95272,   3.7,  -3.0,  -1.6, 244.5,  34.9, 956.6,   1.2,  -1.5
95296,   0.6,  -0.4,  -3.2, -14.2, 138.4, 899.0,   1.2,  -1.0
95320,  -0.7,  -1.4,  -0.4,  35.6, -41.6, 941.0,   1.1,  -0.7
95344,  -0.0,  -3.4,   0.1, 107.1,  68.3,1014.9,   1.2,  -0.8
95372,   2.3,   1.3,  -2.1, -37.7, -52.5, 927.0,   1.2,  -0.7
95396,   1.9,   4.2,  -3.0,-108.2,  89.8, 885.5,   1.4,  -0.7
95420,  -0.4,  -4.1,  -2.8,  37.0, 107.9,1029.1,   1.8,  -0.2
95444,  -1.0,  -3.3,  -1.5, 158.4,-132.9, 991.2,   1.6,  -0.3
95472,   1.1,   0.2,  -2.5, -16.7,  30.5,1034.2,   1.8,  -0.3
95496,   0.0,  -1.2,  -1.2, -29.1,  82.2, 971.2,   2.1,  -0.2
95520,   0.1,  -2.0,  -0.5,  20.4,  50.5,1050.6,   2.3,  -0.0
95544,   0.9,   0.6,  -0.5, -87.7,  72.5, 920.4,   2.6,   0.2
95572,  -1.1,  -1.0,  -0.2,  43.9,  17.8,1004.4,   2.6,  -0.2
95596,  -2.9,   1.4,  -3.6, 117.6,  46.3, 956.8,   2.4,  -0.8
95620,   1.1,   5.6,  -2.2,-400.7, 198.4,1092.6,   2.4,   0.0
95644,   3.9,  -0.9,  -0.4,  10.7,  84.4, 985.9,   2.7,  -0.4
95672,   1.5,  -2.9,   0.3,  93.2,  81.2, 999.8,   2.8,  -0.3
95696,  -2.2,   1.3,  -0.5,  79.8, -91.1,1163.6,   2.8,  -0.5
95720,  -2.2,   2.1,   1.0,-216.1,  52.9, 915.6,   2.7,  -0.0
95744,  -0.9,  -3.0,   1.8, 101.2, 111.3, 971.7,   2.8,  -0.2
95772,   0.2,  -1.6,   0.0, 111.2,  68.8,1008.3,   2.7,  -0.4
95796,   0.6,   0.7,   1.4, -15.7,  94.2, 954.6,   2.8,  -0.2
95820,   0.6,  -2.6,   0.7,  25.6,  35.6,1020.5,   2.7,  -0.3
95844,   1.2,   0.7,   2.7, -47.2, -16.2, 949.3,   2.5,  -0.3
95872,   0.2,   0.3,   2.0,  35.1,  25.6, 976.8,   2.5,  -0.3
95896,  -1.3,  -2.3,   1.6,  84.1,  98.6, 971.5,   2.7,  -0.2
95920,   0.6,  -0.0,   1.2, -15.5,  10.0, 957.6,   2.4,  -0.4
95944,  -0.5,  -1.1,   2.6,  50.0,  31.9,1050.8,   2.3,  -0.4
95972,   0.6,   2.2,   1.5, -22.8, -28.9,1035.4,   2.2,  -0.4
95996,   0.3,  -1.0,   1.3,  29.2,  20.7, 976.4,   2.2,  -0.4
96020,   0.6,  -1.0,   1.7, -57.2,  27.3, 938.8,   2.1,  -0.2
96044,   0.6,  -1.6,   2.0,  97.6,  76.9,1021.3,   2.3,  -0.4
96072,  -1.0,   1.9,   2.3, -27.9,  24.1, 943.6,   2.4,  -0.4
96096,  -3.0,  -2.0,   0.8,   3.8,  59.3, 991.2,   2.4,  -0.4
96120,  -2.5,  -0.8,   2.0, 121.7,  31.4, 999.1,   2.2,  -0.7
96144,  -0.3,  -1.4,   1.2,  -1.8,  42.2,1028.1,   2.2,  -0.5
96172,   1.9,   2.2,   0.4,-112.6,  35.3, 900.4,   2.4,  -0.6
96196,   0.4,  -5.5,   0.1, 128.1,  69.0,1014.0,   2.4,  -0.7
96220,  -0.2,  -0.7,   0.0,  -3.5,  62.2, 960.0,   2.5,  -0.7
96244,  -0.3,  -0.9,  -1.0,  59.0,  77.3, 966.6,   2.6,  -1.0
96272,  -1.0,  -0.1,  -1.4,  26.5,  65.1, 989.0,   2.6,  -1.1
96296,  -0.3,  -0.4,  -1.5,  18.0,  80.5,1013.5,   2.8,  -1.2
96320,   0.2,  -0.8,   0.4,  20.9,  39.3, 997.1,   2.8,  -1.2
96371,   1.5,   0.1,   1.1,  59.7,  55.4, 990.3,   2.9,  -1.3
96375,  -0.7,  -0.5,   0.5,  53.6,  45.6, 986.9,   2.9,  -1.3
96395,   0.6,   1.3,  -0.4, -20.6,  51.7, 984.9,   2.9,  -1.3
96423,  -1.0,  -0.1,  -1.3,  15.1,  25.3,1001.0,   2.8,  -1.2
96447,  -0.7,  -0.0,  -2.1,  26.3,  22.4, 998.3,   2.6,  -1.2
96471,  -1.1,   0.2,  -1.0,  12.6,  49.0,1001.0,   2.5,  -1.1
96495,  -1.6,   1.0,  -0.7, -13.0,  13.1,1005.2,   2.4,  -1.1
96523,   0.9,  -0.9,  -0.8,  20.9,  45.6,1013.2,   2.4,  -1.0
96547,  -0.3,  -0.0,  -0.5,   1.9,  19.0, 990.0,   2.3,  -0.9
96573,   0.5,  -1.2,   0.1,  -0.6,  17.3, 995.9,   2.1,  -0.9
96597,  -0.2,   0.5,  -1.1,  31.7,  26.8,1009.3,   2.0,  -0.9
96621,  -0.1,  -0.7,  -1.0,   8.5,  40.7, 987.1,   2.0,  -0.8
96645,   0.3,  -0.3,  -0.6,  23.6,  10.9,1004.4,   1.9,  -0.9
96673,   1.0,  -0.4,  -0.9,  -2.5,  41.9, 988.1,   1.9,  -0.8
96697,   3.1,  -1.5,  -0.1,  18.0, 115.9,1050.3,   1.9,  -0.8
96721,   2.0,  -1.4,   0.0, -15.5,  57.1,1035.2,   2.0,  -0.8
96745,   1.4,  -0.9,   0.1,  28.7,  41.9,1000.0,   2.1,  -0.8
96773,   0.0,  -0.9,  -1.3,  -4.5,  59.8,1004.7,   2.3,  -0.8
96797,  -0.3,  -1.2,  -1.3,  27.0,  65.4, 997.8,   2.4,  -0.8
96821,   0.3,  -1.2,  -1.6,  10.7,  90.0, 989.0,   2.6,  -0.9
96845,   0.7,  -2.0,  -1.6,  38.2,  99.1, 977.6,   2.9,  -1.0
96873,   0.9,  -0.4,   0.2,  32.6,  93.9, 998.8,   3.0,  -1.0
96897,  -0.3,   0.3,   0.1,  25.3,  57.8, 996.6,   3.2,  -1.0
96921,   0.7,   0.2,   1.0,  20.7,   7.3, 994.9,   3.1,  -1.1
96945,  -1.3,   1.1,   0.2,  29.9,  -3.5, 999.5,   2.8,  -1.2
96973,   0.1,   0.2,   0.1,  11.6, -25.4, 999.8,   2.3,  -1.1
96997,  -0.1,   1.3,  -0.1,   5.0, -32.5,1007.1,   1.8,  -1.1
97021,   0.5,   0.4,  -0.5,  12.4, -41.3, 993.0,   1.4,  -1.0
97045,   0.3,   0.8,  -0.1,  -2.0, -20.6, 991.0,   1.1,  -0.9
97073,   1.5,  -0.9,   0.1,  44.8, -12.7,1011.3,   0.8,  -0.7
97097,   1.1,  -0.3,  -0.7, -12.5,  13.4, 984.9,   0.7,  -0.6
97121,   2.1,  -0.3,  -0.1,  -0.1,  30.7,1018.1,   0.8,  -0.7
97145,   1.6,   3.3,  -1.9, 117.8, 225.0, 998.1,   1.1,  -1.1
97173,  -2.7, -11.3,   0.1, 483.6,  -9.1,1186.6,   1.0,  -0.3
97197,   0.1,  -6.2,   0.1, 412.3, -43.0, 897.5,   0.7,  -1.1
97221,   0.3,   6.3,  -0.4,-104.3,  37.3, 991.2,   0.6,  -0.9
97245,  -0.9,   1.6,  -1.4, -99.9, -41.6, 916.8,   0.4,  -0.4
97273,   0.9,   0.3,   0.2,   7.2, -13.7, 990.8,   0.2,  -0.5
97297,   0.0,   0.0,  -0.5,   0.4,   1.9,1003.9,   0.1,  -0.5
97321,   0.5,  -0.6,  -0.2,  16.8, -13.5,1021.0,   0.0,  -0.4
97345,   0.3,  -0.3,  -0.4,  -5.2,  -4.2, 984.2,  -0.0,  -0.3
97373,  -1.6,   0.1,  -1.0,  32.6,-122.6,1139.9,  -0.3,  -0.3
97397,  -0.7,  -0.4,   0.4, -53.3,  23.9, 870.6,  -0.1,  -0.2
97421,  -0.7,   0.3,   0.8,  99.5,  48.3,1004.2,  -0.0,  -0.4
97449,   1.6,   0.7,  -0.4,  -9.8,  23.4,1010.3,   0.1,  -0.5
97473,   0.3,   1.1,  -0.6, -53.5, -66.5,1091.3,   0.2,  -0.3
97497,   0.0,  -0.3,   0.4, -22.5, -84.3,1023.0,  -0.0,  -0.3
97521,   0.6,   1.0,   0.1,  -0.6,   7.8,1011.0,  -0.1,  -0.4
97549,  -0.1,   0.5,  -1.0,  76.1,  -6.9,1023.7,  -0.1,  -0.4
97573,   1.8,   0.8,  -0.9, -68.2, -12.0, 988.1,  -0.2,  -0.3
97597,   0.1,  -0.6,  -0.4, -12.3, -16.9,1023.5,  -0.4,  -0.2
97621,   0.9,  -1.2,   0.3, -11.6,   9.0, 987.3,  -0.4,  -0.2
97649,   0.8,  -0.2,   0.4,   4.3,  16.1, 995.2,  -0.3,  -0.3
97673,   0.6,  -0.1,  -0.5, -13.8,  21.7, 990.8,  -0.3,  -0.4
97697,  -0.0,  -1.5,   0.3,  72.7,  58.5,1024.0,  -0.1,  -0.5
97721,   0.4,   0.9,  -0.6, -14.2,  16.1,1031.0,  -0.1,  -0.6
97749,   1.1,   0.5,   0.6,   5.5, -27.4, 926.8,  -0.3,  -0.6
97773,   0.7,  -0.1,   0.3,  14.1,   8.5,1014.7,  -0.3,  -0.5
97797,   0.1,  -0.4,  -0.5,  -7.6, -17.4,1001.5,  -0.4,  -0.3
97821,   1.2,  -0.4,  -1.2,  -8.1, -11.0,1007.1,  -0.4,  -0.3
97849,   0.4,  -0.6,  -1.2,   6.8,  32.2,1009.3,  -0.3,  -0.4
97877,  -0.8,   1.0,  -0.4,   8.5,  23.4,1001.0,  -0.3,  -0.3
97897,   0.7,  -0.1,  -0.7,   1.9,   5.6, 998.1,  -0.3,  -0.3
97921,   1.2,  -0.9,  -0.4,   0.7,  29.5, 997.8,  -0.2,  -0.3
97949,  -0.5,   0.3,   1.0, -11.6,  66.8, 977.6,   0.1,  -0.3
97973,   6.9,  -0.4,   0.9, 482.3,-167.5,1190.0,  -0.6,  -1.0
97997,   1.6,   2.0,  -0.7,-367.8, 204.3,1006.4,  -0.9,  -0.2
98021,   1.1,  -2.0,   0.2,   3.6,   4.1,1033.0,  -0.1,  -0.2
98049,   2.7,  -2.6,  -0.3, 114.9,  67.1,1026.9,  -0.3,  -0.4
98073,  -0.3,   0.6,   0.4,  -8.4,  26.3, 994.9,  -0.0,  -0.3
98097,  -0.9,   1.1,  -2.0, -96.8, -37.9, 994.7,  -0.1,  -0.3
98121,   0.4,  -5.0,   3.5, 240.9,  -6.4, 987.8,  -0.3,  -0.1
98149,   1.8,   3.0,  -0.7,-121.7,  66.4, 913.9,  -0.1,  -0.2
98173,   1.1,  -2.6,  -0.1,  55.6, -91.6,1002.7,  -0.2,  -0.5
98199,   1.8,  -0.6,  -0.8,   8.2, -11.0, 982.7,  -0.5,  -0.7
98223,   2.0,  -2.0,  -0.8,  49.5,  34.4,1008.6,  -0.3,  -0.7
98247,   1.3,  -1.3,  -1.4, -12.3,  21.9,1009.8,  -0.1,  -0.7
98271,  -0.7,  -0.3,  -0.7, -35.5,  12.9, 994.2,  -0.0,  -0.5
98299,   0.3,  -1.0,   0.3,   1.1,  -1.5, 990.8,   0.0,  -0.4
98323,   0.4,  -1.3,   0.7,  32.1,  -5.9,1016.4,  -0.0,  -0.4
98347,   0.4,  -0.7,  -0.9,  40.2,  11.4,1013.2,   0.0,  -0.6
98375,   0.9,  -1.0,  -0.6,  22.6,   0.4, 996.9,   0.0,  -0.6
98399,  -0.7,  -0.9,  -0.8,  -3.5,  15.6,1066.0,   0.0,  -0.7
98423,   1.0,  -1.9,  -0.5,  96.1, -17.1,1004.4,   0.0,  -0.7
98447,   1.6,   0.3,   0.1, -20.6,  -5.7, 985.9,  -0.1,  -0.7
98475,   0.5,  -0.8,  -0.1, -27.7,  -0.8, 992.2,  -0.1,  -0.7
98499,   1.5,  -0.4,  -0.1,  -7.6, -12.3, 999.3,  -0.1,  -0.7
98523,   1.2,  -1.0,  -1.1,   8.2,   2.4,1008.3,  -0.2,  -0.7
98547,   1.5,  -1.5,  -0.3,   4.6,   7.0,1003.2,  -0.1,  -0.6
98575,   1.0,  -0.6,  -0.5,  10.9,   9.7, 994.9,  -0.0,  -0.7
98599,   0.7,  -0.6,  -0.4,  36.3,   8.5,1000.8,   0.1,  -0.8
98623,  -0.2,   0.0,  -1.2,  12.6,   8.0,1002.2,   0.1,  -0.8
98647,   0.8,  -0.4,   0.7,  16.8,   9.2, 996.1,   0.2,  -0.8
98675,   0.5,  -0.9,  -0.3,  16.8,   8.0,1001.7,   0.2,  -0.9
98699,   0.9,   0.2,   0.1,   7.5,   1.4, 996.9,   0.2,  -0.8
98723,  -1.0,   0.3,  -0.2,   6.8,   7.0, 999.5,   0.2,  -0.8
98747,   1.4,  -0.4,  -0.4,   2.6,  -1.3, 997.6,   0.2,  -0.7
98775,   1.3,  -0.2,   0.0,   7.0,   0.4, 998.8,   0.1,  -0.7
98799,  -0.4,  -0.7,   0.5,   9.2,  -5.7, 999.3,   0.1,  -0.6
98823,   0.8,   0.2,   0.0,   9.0,  -8.1, 999.3,   0.0,  -0.6
98847,   0.6,  -1.2,   0.9,   4.6,   5.1, 990.0,   0.0,  -0.6
98874,   1.5,  -0.7,  -0.7,  -5.0,   9.5,1013.7,   0.0,  -0.6
98898,   1.1,   0.1,  -0.1, -15.7, -16.7, 993.7,  -0.0,  -0.6
98922,   0.5,  -1.2,  -0.7,  51.2,   2.6, 988.6,  -0.0,  -0.7
98950,   0.7,  -2.7,  -0.4,  90.5,  -3.5,1093.3,   0.1,  -0.7
98974,   1.3,   0.8,   0.6,  27.8, -77.4, 397.5,   0.1,  -1.0
98998,   3.6,   0.9,   0.3, -24.7, 139.1,1079.4,   0.5,  -0.8
99022,  -1.4,  -1.4,  -0.1,  84.6, -77.9, 980.3,   0.3,  -0.8
99050,   0.0,  -2.9,  -0.1,  50.7, -18.6, 968.3,   0.3,  -0.8
99074,   1.4,  -0.3,  -0.4,  83.2,   2.1,1045.4,   0.3,  -0.9
99098,   0.1,   0.3,  -0.8,  -8.9,  -0.1, 982.5,   0.3,  -0.8
99122,   0.4,  -0.3,   0.3,  -3.3,   5.3,1003.0,   0.4,  -0.8
99150,   0.7,  -1.4,  -1.0,  24.8,   5.6, 996.4,   0.3,  -0.8
99174,   0.4,   0.2,  -0.7,  15.8,  -1.8, 998.8,   0.3,  -0.8
99198,   1.5,   0.2,  -0.8,  15.8,  -7.1,1003.9,   0.2,  -0.8
99222,   0.5,  -0.9,   0.0,  17.5,  -0.1,1000.5,   0.2,  -0.8
99250,  -0.2,   0.0,   0.3,   8.7,   0.2, 989.0,   0.1,  -0.8
99274,   1.7,   2.9,  -0.5,-144.1,  11.9, 921.7,   0.1,  -0.6
99298,   0.8,  -1.7,  -0.2,  46.5,  -0.8,1013.7,   0.1,  -0.7
99322,  -0.3,  -1.6,   0.2,  -5.7,  -2.0, 997.1,   0.1,  -0.7
99350,   0.8,  -1.4,   0.1,  -9.4,  -4.4, 996.9,   0.1,  -0.7
99377,   0.7,  -1.5,  -1.6,  52.4,   3.9,1064.2,   0.1,  -0.8
99397,   1.2,  -0.4,  -0.6,  19.2,   8.5,1024.2,   0.1,  -0.7
99425,  -0.0,   2.8,  -0.2, -54.5,   4.8, 973.7,   0.2,  -0.7
99449,   0.6,  -0.9,  -0.2, -19.1,  15.3, 993.7,   0.2,  -0.6
99473,  -0.3,  -2.4,   0.0,  35.1,   0.2,1018.8,   0.2,  -0.7
99497,   0.0,  -0.6,  -0.1,  18.7,   2.6, 999.3,   0.2,  -0.7
99525,   1.4,  -0.2,   0.5, -18.9,  18.7, 993.2,   0.2,  -0.7
99549,   1.8,  -0.7,   0.0,  16.5,  -2.0,1008.1,   0.2,  -0.8
99573,   1.5,  -0.4,   1.3,  19.7,  10.7, 996.6,   0.3,  -0.8
99601,   2.0,  -0.3,  -0.6,  13.8,   0.4,1004.4,   0.3,  -0.8
99625,   2.0,  -0.0,   0.0,  14.1,  13.6, 992.7,   0.4,  -0.8
99649,   2.5,  -1.1,  -0.2,  10.2,   9.7, 996.9,   0.4,  -0.9
99673,   0.7,  -1.2,   0.1,  21.2,  12.6,1011.3,   0.5,  -0.9
99701,   0.9,  -0.3,  -1.8,  10.9,  10.7,1001.3,   0.7,  -1.0
99725,   0.1,  -0.7,  -1.2,  24.3,   8.0,1008.6,   0.7,  -1.0
99749,   1.8,  -0.0,  -0.7,  23.4,  12.9,1010.0,   0.7,  -1.0
99773,  -0.5,  -0.3,  -0.2,  13.6,  15.3, 999.8,   0.7,  -1.0
99801,   0.2,   0.3,  -0.5,  18.0,  10.2,1003.0,   0.7,  -1.0
99823,   1.7,   0.3,  -0.5,  10.7,   0.9,1001.0,   0.7,  -1.0
99851,   3.8,  -0.9,  -0.9,  16.3,  23.1, 996.6,   0.7,  -1.0
99879,   1.6,  -0.1,  -0.3,  15.3,  15.3, 997.8,   0.8,  -1.0
99899,   0.6,   0.8,  -0.8,   9.9,  15.3,1001.0,   0.8,  -0.9
99923,   0.1,   1.9,  -1.0,  17.5,  15.8, 999.8,   0.7,  -0.9
99951,   3.1,   2.1,  -0.5, -10.8,  18.3, 973.2,   0.7,  -0.8
99975,   1.5,   0.6,  -1.5,  14.1,  18.0, 990.5,   0.8,  -0.8
99999,   2.0,   1.4,  -0.8,  11.9,  20.9, 992.2,   0.8,  -0.8
100023,  -0.8,   0.8,  -1.0,   8.7,  29.7, 996.4,   0.9,  -0.8
100051,  -0.2,  -1.1,  -0.7,  14.1,  11.7, 998.3,   0.8,  -0.8
100075,  -0.0,   0.3,  -0.6,  14.3,  16.3,1001.0,   0.8,  -0.8
100099,   0.5,   1.6,  -1.0,   9.9,  16.5, 997.3,   0.8,  -0.8
100123,   1.9,   0.3,  -1.5,   3.3,  15.8, 990.5,   0.9,  -0.7
100151,   0.6,  -0.6,  -0.6,  23.1,  19.2, 999.1,   0.9,  -0.7
100175,   1.9,  -0.1,  -1.0,  14.6,   9.0,1002.5,   0.9,  -0.7
100199,   1.5,  -0.3,  -0.2,  10.4,  17.5, 994.9,   0.9,  -0.7
100223,   1.6,  -0.3,  -0.8,  19.7,   7.5, 980.0,   1.0,  -0.7
100251,   0.7,  -0.1,   0.0,   8.5,  16.8, 991.7,   0.9,  -0.7
100275,   0.6,   1.6,  -1.0,   8.5,  19.2, 991.0,   0.9,  -0.7
100299,   2.2,  -0.3,  -0.8,  11.9,  17.8, 996.4,   0.9,  -0.7
100323,   0.6,   1.4,  -0.6,  -1.8,  19.2, 983.7,   0.9,  -0.6
100351,  -0.5,  -0.1,  -0.7,   9.4,  23.9, 997.3,   1.0,  -0.6
100379,   1.2,  -0.4,  -1.2,   4.1,  21.2, 997.3,   1.0,  -0.6
100399,  -0.3,   0.0,  -0.9,   6.8,  10.4, 994.2,   1.0,  -0.6
100423,   0.4,   0.2,  -0.7,   9.4,  14.6, 990.5,   0.9,  -0.6
100451,   0.9,   0.5,  -0.8,   8.2,  17.8,1000.8,   0.9,  -0.6
100475,  -0.6,   0.6,  -1.4,   7.5,  14.8, 996.9,   0.9,  -0.6
100499,   0.1,  -1.0,  -0.1,  16.0,  24.4,1002.2,   0.9,  -0.5
100523,  -0.0,  -1.7,  -0.6,  49.5,  31.7,1007.8,   1.0,  -0.6
100551,   0.3,  -0.1,  -0.7,  30.7,  11.9, 993.2,   1.0,  -0.6
100575,   0.5,   1.6,  -1.3,  24.8,  17.3, 990.0,   1.0,  -0.6
100599,   0.1,   0.8,  -0.6,  18.7,  22.2, 996.6,   1.0,  -0.5
100627,  -0.1,   0.5,  -1.1,   3.8,  14.6, 995.4,   1.0,  -0.5
100651,  -0.2,   0.3,  -1.2,   5.3,  14.4, 995.9,   1.0,  -0.5
100675,  -0.8,  -1.1,  -0.4,   7.7,  21.7, 997.6,   1.0,  -0.5
100699,  -1.0,  -1.0,  -0.5,   2.6,  17.0,1000.5,   1.0,  -0.5
100727,   0.0,  -2.1,  -1.1,  14.3,  15.6, 999.1,   0.9,  -0.5
100751,  -0.7,  -1.4,  -0.5,   4.8,  19.0, 997.8,   0.9,  -0.5
100775,  -0.3,  -0.8,  -0.5,  -4.5,  19.7,1002.5,   1.0,  -0.5
100799,  -4.9,  -0.8,  -1.1,   7.7,  24.6, 996.6,   0.9,  -0.5
100827, -19.1,  -5.1,  -0.7,  32.4,-286.7,1109.9,   0.5,  -0.6
100851,  -5.5,  -2.1,  -1.2,  16.0,   9.0,1016.1,   0.5,  -0.6
