Time(ms),Gyro X,Gyro Y,Gyro Z,Acc X,Acc Y,Acc Z,Rot X,Rot Y
203753,  -0.5,   0.4,  -0.1,  22.5,   3.4, 990.2,   0.4,  -1.0
203757,  -0.4,   1.0,   1.7,  12.5,  -8.4,1003.7,   0.3,  -0.9
203763,   0.3,   0.5,  -0.7,   9.6,  -5.7, 994.1,   0.3,  -0.9
203767,   0.5,  -0.3,  -0.3,  15.2,  -0.8, 999.5,   0.3,  -0.9
203771,  -0.6,  -0.3,  -0.9,  34.7,   1.4,1008.5,   0.3,  -1.0
203775,  -0.1,   0.8,  -0.5,   4.7,  13.1, 991.5,   0.3,  -0.9
203789,   0.6,   0.8,   0.0,  26.4,   5.8,1017.8,   0.3,  -0.9
203793,   0.1,   0.4,   0.5,   5.2,  -4.0, 985.8,   0.3,  -0.9
203797,   0.9,  -1.2,  -0.9,  28.2,  -0.6,1003.2,   0.3,  -0.9
203801,  -0.4,  -0.6,   0.2,  45.7,   5.6,1005.4,   0.3,  -1.0
203806,   0.0,  -0.6,  -1.0,  13.5,  -0.3, 993.4,   0.3,  -1.0
203810,   1.4,   0.4,  -0.9,  34.7,  -2.3,1005.1,   0.3,  -1.0
203824,   0.3,   0.2,  -0.0,  37.9,  25.8,1020.3,   0.3,  -1.1
203828,  -0.3,   0.2,  -1.0, -13.1,  39.5, 981.0,   0.4,  -1.0
203848,  -1.8,   0.4,  -1.1,  36.5,  36.6,1030.8,   0.3,  -1.1
203876,   0.6,   0.5,   0.2,   7.6,   0.4, 985.8,   0.3,  -1.1
203900,  -0.0,   0.4,   0.2,  31.8,  -3.2,1003.9,   0.2,  -1.0
203924,  -0.9,   0.2,   0.0,  14.2,   4.8, 996.1,   0.2,  -1.0
203949,   0.3,   0.6,   1.1,  10.1,  12.1, 994.1,   0.2,  -1.0
203973,  -0.0,   0.4,  -0.4,   7.6,  11.4, 994.4,   0.3,  -0.9
204001,   0.1,   0.1,  -0.1,  24.5,  11.9,1006.8,   0.3,  -0.9
204025,   0.3,  -1.1,  -0.4,  20.8,  18.7, 999.3,   0.4,  -1.0
204049,   0.1,   0.8,  -0.9,  33.3,  35.8,1029.3,   0.5,  -1.0
204073,  -0.3,  -0.3,  -0.2,   9.8,  40.5,1005.9,   0.6,  -0.9
204101,  -0.5,  -0.7,  -0.2,  23.5,  23.4, 998.3,   0.6,  -0.8
204125,  -0.2,  -0.3,  -0.6,  25.7,  15.1,1009.0,   0.6,  -0.9
204150,  -0.3,   0.4,   0.1,  31.8,   3.1,1001.7,   0.6,  -0.9
204174,  -0.3,   0.7,  -0.3,  14.5,  15.1, 997.8,   0.6,  -1.0
204198,   1.0,   0.1,   0.1,  19.9,  15.6, 990.7,   0.6,  -1.0
204226,  -1.0,   0.9,  -0.4,   9.4,  21.9, 995.4,   0.6,  -1.0
204250,   0.9,  -0.3,  -0.3,  16.2,  10.4,1000.5,   0.7,  -1.0
204274,  -0.3,  -0.5,  -0.3,  12.5,  11.4,1001.0,   0.7,  -1.0
204298,  -0.0,  -0.4,  -0.5,  19.6,  13.9, 998.8,   0.7,  -1.0
204326,  -0.4,  -0.4,  -0.5,  17.7,  11.7,1001.5,   0.7,  -1.0
204351,   0.1,  -0.6,  -1.4,  23.0,  10.9,1006.6,   0.7,  -1.0
204375,   0.5,  -0.1,  -0.4,  14.2,   7.0, 999.5,   0.7,  -1.0
204399,  -0.1,   0.2,  -1.5,  14.2,  13.4, 998.8,   0.7,  -1.0
204427,  -0.9,   0.8,  -0.9,   6.9,   3.8, 996.1,   0.6,  -1.0
204451,  -1.0,   0.1,  -0.0,  25.5,   6.0, 998.8,   0.6,  -1.0
204475,   1.1,   0.3,  -0.1,   9.1,   1.9, 999.3,   0.6,  -1.0
204503,  -0.3,  -0.3,  -0.3,  18.1,  -6.2,1002.2,   0.6,  -1.0
204527,   1.0,  -0.0,  -0.7,  10.8,  -5.7,1001.2,   0.5,  -1.0
204552,  -1.4,  -0.1,  -0.4,  15.5,  -4.5,1001.0,   0.4,  -1.0
204576,   0.3,  -0.5,  -0.7,  14.2,  -2.3, 998.3,   0.4,  -0.9
204600,  -0.6,   0.7,  -0.8,  16.7,  -9.1,1004.1,   0.3,  -0.9
204624,   0.1,  -0.7,  -0.6,  19.4,  -5.4,1003.4,   0.2,  -1.0
204652,  -0.2,   0.6,  -0.1,  22.8,  -7.6,1001.2,   0.1,  -1.0
204676,  -1.3,   0.4,   0.3,  16.7,  -8.6,1002.7,   0.0,  -1.0
204700,  -0.2,  -0.1,  -0.3,  16.2, -10.3, 999.3,  -0.0,  -1.0
204724,   0.0,  -0.8,  -0.6,  16.9,   0.2,1001.0,  -0.0,  -1.0
204749,  -1.4,   0.1,  -0.9,  16.9,   1.2, 999.8,  -0.0,  -1.0
204777,   0.9,  -0.4,   0.1,  14.2,  -1.8, 998.3,  -0.0,  -1.0
204801,   0.1,   0.2,   0.2,  17.4,  -3.2, 997.3,   0.0,  -1.0
204825,  -0.6,  -0.9,  -0.2,  20.8,   7.0, 998.8,   0.0,  -1.0
204849,  -0.3,   0.6,  -0.5,  16.2,   9.7,1000.2,   0.0,  -1.0
204877,   0.4,  -0.3,  -0.6,  18.4,   9.9,1000.2,   0.1,  -1.0
204901,   0.5,  -0.6,  -0.7,  13.7,   5.8,1000.7,   0.1,  -1.0
204925,   0.3,  -0.7,  -0.5,  15.5,  11.2,1002.2,   0.2,  -1.0
204950,  -1.3,  -0.7,  -0.7,  15.2,   9.9, 997.6,   0.2,  -1.0
204974,  -0.2,  -0.1,   1.1,  10.6,  10.9, 999.8,   0.2,  -1.0
205002,   0.6,  -1.4,  -0.4,  20.1,   7.0, 996.3,   0.3,  -1.0
205026,  -1.7,   0.5,  -0.4,  20.6,  14.6, 995.1,   0.3,  -1.0
205050,   1.2,  -1.2,  -1.4,  20.3,   9.5,1002.2,   0.3,  -1.0
205074,   0.4,  -0.7,  -1.4,  17.7,  10.2, 999.0,   0.4,  -1.0
205102,  -0.1,  -0.6,   0.3,  23.3,   7.7,1002.7,   0.4,  -1.0
205126,  -0.2,  -0.1,   0.0,  14.5,   9.2, 998.0,   0.4,  -1.0
205151,   0.9,  -1.0,   0.3,  18.4,   3.6, 996.8,   0.4,  -1.0
205175,  -0.7,  -0.1,  -1.0,  23.5,   8.2, 999.5,   0.4,  -1.1
205199,  -0.9,  -0.9,  -0.6,  17.4,   8.2, 998.8,   0.4,  -1.1
205227,  -0.6,  -1.3,  -0.9,  16.9,   0.9,1004.1,   0.4,  -1.0
205251,  -0.5,  -0.4,  -0.6,  17.9,   8.7, 998.8,   0.4,  -1.0
205275,  -1.1,   0.1,  -0.6,  18.9,  13.9,1004.6,   0.4,  -1.0
205299,   0.6,   0.2,  -0.9,  19.9,  11.4, 999.0,   0.4,  -1.0
205327,   0.0,  -0.6,  -0.8,  15.0,   4.3, 999.5,   0.4,  -1.0
205353,   0.4,  -0.0,  -0.6,  19.6,   4.8,1000.7,   0.4,  -1.0
205377,  -0.0,  -1.4,  -1.2,  16.2,   9.7,1002.7,   0.4,  -1.0
205401,  -0.1,   0.1,  -0.6,  16.7,   0.9,1000.7,   0.4,  -1.0
205425,   0.1,  -0.2,  -0.3,  17.9,   1.9,1000.2,   0.4,  -1.0
205453,   0.8,  -0.6,  -1.1,  23.0,  -0.6, 999.5,   0.3,  -1.0
205477,  -0.0,  -0.8,  -1.0,  21.1,   3.6, 999.8,   0.3,  -1.0
205505,  -0.9,   0.2,  -0.3,  17.4,   5.8,1000.0,   0.3,  -1.0
205525,  -0.7,   0.8,  -1.2,  19.1,  -1.8,1001.2,   0.3,  -1.0
205550,   1.1,   0.1,   0.2,  14.0,   0.2, 996.6,   0.2,  -0.9
205578,  -2.1,  -0.4,   0.1,  20.8,   3.4,1001.0,   0.2,  -0.9
205602,   0.8,   0.1,  -0.6,  14.7,   4.3,1003.4,   0.2,  -0.9
205626,   0.8,  -0.8,   0.2,  10.1,  -0.3, 999.3,   0.2,  -0.9
205650,  -0.7,   0.4,  -0.5,  15.2,   3.8,1002.2,   0.2,  -0.9
205678,   0.8,  -0.7,  -0.0,  18.1,   9.0, 997.1,   0.3,  -1.0
205702,  -0.0,   0.2,  -0.9,  17.9,   3.8, 997.3,   0.3,  -1.0
205726,  -0.7,   0.7,  -1.5,  17.4,   4.3,1002.2,   0.3,  -0.9
205751,   0.3,  -1.4,  -0.3,  14.7,   6.3,1003.9,   0.3,  -0.9
205775,  -0.3,  -0.7,  -1.6,  11.3,   6.5,1004.6,   0.3,  -0.9
205803,   0.2,  -0.4,  -0.0,  15.0,   6.3,1001.7,   0.3,  -0.9
205827,   0.6,  -0.6,   0.1,  16.9,   0.7, 997.8,   0.3,  -0.9
205851,  -0.5,   0.7,   0.5,  14.5,   3.6, 998.3,   0.2,  -0.9
205875,   0.1,  -0.3,  -0.5,  14.7,  10.2, 995.4,   0.3,  -0.9
205903,   1.1,  -1.0,  -0.5,  20.1,  12.6,1002.0,   0.3,  -0.9
205927,  -0.5,  -0.4,  -0.3,  13.0,   5.8, 997.6,   0.3,  -0.9
205952,  -0.4,  -0.6,  -0.5,  18.9,   0.9,1001.0,   0.3,  -0.9
205976,   0.1,  -0.7,  -0.3,  22.3,   6.8, 999.0,   0.3,  -0.9
206004,  -0.1,  -0.2,   0.3,  19.1,   9.9,1002.9,   0.3,  -0.9
206028,   0.9,  -0.8,   0.0,  25.0,  16.3,1007.6,   0.4,  -1.0
206052,   0.3,   0.3,  -0.2,  21.1,  14.6, 998.8,   0.4,  -1.0
206076,   0.8,  -1.0,   0.1,  23.8,   8.2, 999.8,   0.4,  -1.0
206100,  -1.1,   0.1,   0.4,  22.3,   4.1, 997.1,   0.4,  -1.0
206128,   0.0,   0.4,  -0.9,  18.6,   8.7, 997.1,   0.4,  -1.0
206153,   0.9,  -0.6,   0.2,  16.4,   7.0, 996.6,   0.4,  -1.0
206177,  -0.2,   0.5,  -0.1,  17.7,   7.5, 996.3,   0.4,  -1.0
206201,   1.0,  -0.5,   0.7,  22.3,   2.6,1006.1,   0.4,  -1.0
206225,  -0.6,  -0.4,  -1.2,  19.6,  11.4, 997.3,   0.4,  -1.0
206253,  -0.3,  -0.9,  -1.5,  19.4,   8.0,1000.7,   0.4,  -1.0
206277,   0.0,  -0.0,  -0.2,  15.7,   6.5,1000.0,   0.4,  -1.0
206301,   0.5,  -0.3,  -0.2,  16.4,   9.5,1000.2,   0.4,  -1.0
206329,   0.2,  -0.3,  -1.1,  15.7,   9.7,1002.4,   0.5,  -1.0
206354,  -0.7,  -0.4,  -1.0,  18.1,   6.0, 997.8,   0.5,  -1.0
206378,   0.5,   0.6,  -0.8,  16.2,   9.7, 999.3,   0.5,  -1.0
206402,  -0.1,  -0.0,  -1.5,  10.6,  10.7, 996.1,   0.5,  -1.0
206426,  -0.8,   0.7,  -0.8,  12.5,  12.4,1002.4,   0.5,  -1.0
206454,  -0.0,  -0.1,  -1.0,  15.0,   8.5, 998.3,   0.5,  -1.0
206478,  -0.0,   0.1,  -0.3,  12.5,  12.9,1002.0,   0.5,  -1.0
206506,   0.1,   0.1,  -0.6,  18.6,   8.5, 996.3,   0.5,  -1.0
206526,   0.3,   0.1,  -0.3,  15.5,  16.3, 998.5,   0.6,  -1.0
206551,  -0.0,  -0.4,  -1.2,  15.0,  14.3, 991.2,   0.6,  -1.0
206579,   0.0,  -0.2,  -0.1,  17.2,   6.5,1001.7,   0.6,  -1.0
206603,   1.0,  -0.6,  -0.7,  16.9,   9.9,1001.0,   0.6,  -1.0
206627,   0.1,  -0.3,  -0.3,  16.4,   8.2, 997.8,   0.6,  -1.0
206651,   0.8,  -0.7,  -0.3,  15.7,   8.2,1004.1,   0.6,  -1.0
206679,  -0.8,   0.3,  -0.8,  20.3,   9.5,1004.6,   0.6,  -0.9
206703,  -1.0,   0.5,  -1.0,  19.1,   8.5, 999.0,   0.6,  -0.9
206727,   0.9,  -2.0,  -1.1,  19.9,   8.7, 999.5,   0.5,  -1.0
206752,   0.1,  -0.1,  -0.3,  19.9,   6.8,1000.2,   0.5,  -1.0
206776,   0.8,  -0.4,  -0.6,  18.6,   7.0,1003.2,   0.5,  -1.0
206804,   1.0,   0.3,  -0.6,  14.5,  -1.5,1001.0,   0.5,  -1.0
206828,   0.7,  -1.7,  -0.2,  17.4,   5.1, 999.0,   0.4,  -1.0
206852,  -0.8,   0.1,  -1.2,  17.7,  12.6, 998.3,   0.4,  -1.0
206876,  -0.6,  -0.9,  -0.9,  14.7,   4.3,1002.4,   0.4,  -0.9
206904,  -1.4,  -0.1,  -0.8,  15.5,   5.6,1001.5,   0.4,  -1.0
206928,   0.0,   0.1,   0.1,  15.7,  -5.4,1002.2,   0.3,  -0.9
206953,  -0.6,  -0.1,  -0.0,  23.3,  -0.3,1003.2,   0.3,  -1.0
206977,   0.9,   0.7,  -0.0,  17.9,   0.4,1002.0,   0.3,  -1.0
207005,   0.6,   0.4,  -0.8,  16.7,  -2.0,1000.0,   0.3,  -1.0
207029,  -1.4,   0.5,  -1.2,  20.8,  -4.9,1000.7,   0.2,  -1.0
207053,  -0.2,  -0.5,  -1.2,  15.5, -10.3, 999.5,   0.2,  -1.0
207077,   0.7,  -0.0,  -0.2,  19.9,  -7.1,1000.5,   0.1,  -1.0
207101,   0.5,   0.1,  -0.9,  19.1,  -3.2,1001.2,   0.1,  -1.0
207129,  -0.9,   0.4,  -0.4,  20.3,  -1.3, 996.6,   0.0,  -1.0
207154,   0.2,   0.6,  -0.5,  18.1,  -3.5, 999.8,  -0.0,  -1.0
207178,   0.6,   0.7,   0.3,   5.9,  -5.7, 999.3,  -0.0,  -1.0
207202,  -0.9,   0.4,  -0.7,  17.9,  -2.0,1002.7,  -0.1,  -1.0
207226,   0.8,  -0.8,  -0.3,  17.4,  -4.9, 997.6,  -0.1,  -1.0
207254,   0.8,   0.8,  -0.7,  14.2,  -4.2,1002.0,  -0.1,  -1.0
207278,  -1.0,   0.9,  -0.2,  15.9,  -0.1,1000.5,  -0.2,  -0.9
207302,  -1.0,  -0.1,  -0.0,  15.5,  -5.9,1002.0,  -0.2,  -0.9
207330,  -0.0,   0.5,  -0.3,  18.6,  -5.7,1002.4,  -0.2,  -0.9
207355,   0.2,  -0.1,   0.8,  17.9,   0.7,1000.5,  -0.2,  -0.9
207379,   1.4,  -0.7,  -0.4,  17.4,  -5.9, 999.8,  -0.2,  -0.9
207403,  -1.6,   0.7,   0.1,  12.0,  -3.0, 999.5,  -0.2,  -0.9
207427,  -1.3,  -0.5,   1.1,  13.7,   5.6,1002.2,  -0.1,  -0.9
207455,  -0.2,  -0.4,   0.5,  19.4,   5.1, 996.1,  -0.1,  -0.9
207479,   0.0,  -0.4,   0.3,  18.1,   2.9, 997.6,  -0.1,  -0.9
207507,   0.0,   1.0,  -0.3,  23.3,  13.1, 996.3,  -0.1,  -0.9
207527,  -1.3,   0.5,   0.8,  20.6,   6.0, 999.3,  -0.1,  -0.9
207552,  -0.1,  -0.7,   0.3,  16.2,   7.7, 999.3,  -0.0,  -0.9
207580,  -0.5,  -0.1,   0.3,  14.7,   2.6,1000.2,  -0.0,  -0.9
207604,   0.1,  -0.6,  -0.3,  18.9,   1.9, 997.8,   0.0,  -0.9
207628,  -1.0,   1.4,   0.5,  12.5,   9.0,1002.7,   0.0,  -0.9
207652,   0.1,  -1.0,  -0.4,  14.7,   4.6,1002.4,   0.0,  -0.9
207680,   0.5,  -1.5,   1.0,  11.8,   6.8, 998.8,   0.1,  -0.9
207704,   0.6,   0.5,   1.6,  10.1,  10.2,1004.6,   0.1,  -0.9
207728,  -0.3,  -0.6,   1.0,   8.6,  11.7, 996.8,   0.2,  -0.9
207753,   0.9,  -0.7,   1.6,  14.7,  15.1, 997.1,   0.3,  -0.9
207777,   0.2,  -0.6,   1.1,  21.1,  12.9,1003.7,   0.3,  -0.9
207805,  -0.3,  -0.5,   0.6,  16.7,  22.2,1003.4,   0.4,  -0.9
207829,  -0.3,  -0.1,   1.6,  22.8,  21.9,1009.8,   0.5,  -0.9
207853,  -0.8,   0.5,   1.4,  21.1,  20.4,1002.9,   0.5,  -0.9
207877,  -1.4,   0.2,   1.0,  24.5,  15.3, 999.5,   0.6,  -1.0
207905,  -0.6,  -0.0,  -0.8,  23.0,  13.1,1000.0,   0.6,  -1.0
207929,   0.8,   0.3,  -1.1,  26.4,  20.2, 995.1,   0.7,  -1.1
207954,   0.6,  -0.7,  -0.9,  21.1,  15.6, 997.6,   0.7,  -1.1
207978,  -1.6,   1.1,  -1.5,  17.2,  17.5, 999.0,   0.7,  -1.1
208006,   1.1,  -0.2,  -1.0,  19.4,  12.6, 998.8,   0.8,  -1.1
208030,  -0.8,  -0.4,  -0.4,  16.2,  11.2,1001.5,   0.8,  -1.1
208054,   0.3,  -0.3,  -1.1,  15.7,  15.8,1000.7,   0.8,  -1.1
208078,  -0.3,   0.1,  -1.2,  15.0,  17.5,1002.7,   0.8,  -1.1
208102,  -0.2,   0.8,  -1.7,  20.8,  11.9, 999.8,   0.8,  -1.1
208130,  -0.1,   0.2,  -1.3,  16.7,  14.1,1003.2,   0.8,  -1.1
208155,  -1.1,   0.3,  -1.3,  17.4,   9.7,1001.0,   0.8,  -1.1
208179,  -1.3,  -0.8,  -1.4,   8.6,   5.1,1003.7,   0.8,  -1.0
208203,  -1.5,  -0.4,  -1.1,  18.1,   3.6,1004.9,   0.7,  -1.0
208227,   0.2,  -0.3,  -0.1,  19.4,   7.0,1002.9,   0.7,  -1.0
208255,  -0.5,   0.3,  -0.6,  19.1,   7.3,1000.5,   0.6,  -1.0
208279,  -0.8,  -0.7,  -0.1,  19.6,   5.3, 999.3,   0.6,  -1.0
208303,   0.5,  -1.1,  -0.5,  18.1,  -3.5,1001.7,   0.5,  -1.0
208331,   0.0,   0.8,  -1.1,  17.2,  -0.3,1004.1,   0.5,  -1.0
208356,   1.1,   0.4,  -0.8,  15.2,   7.3,1001.7,   0.5,  -1.0
208380,  -0.2,   0.1,  -1.3,  12.0,   2.9,1002.0,   0.5,  -1.0
208404,   0.8,   0.7,  -0.6,  21.1,   9.0,1004.6,   0.5,  -1.0
208428,   1.5,  -0.7,  -0.7,  16.2,   4.1,1001.2,   0.5,  -1.0
208456,  -0.2,  -0.8,  -0.9,  17.9,   8.2,1002.4,   0.5,  -1.0
208480,  -0.2,  -0.6,  -1.0,  14.2,   8.0, 999.0,   0.6,  -1.0
208508,   0.9,  -1.5,  -0.9,  16.2,  12.6, 996.3,   0.6,  -1.0
208528,   0.6,   0.2,  -1.4,  12.8,  16.3, 999.8,   0.6,  -1.0
208553,   0.8,   0.1,  -1.4,  18.1,  21.9,1000.2,   0.7,  -1.0
208581,   0.3,  -0.7,  -1.1,  14.7,  25.6,1002.2,   0.8,  -1.0
208605,  -0.2,   0.8,  -0.9,  20.3,  26.3, 997.8,   0.9,  -1.0
208629,   0.2,  -1.1,  -0.4,  18.6,  22.9, 994.1,   1.0,  -1.0
208653,   0.3,  -0.6,  -0.4,  11.8,  24.1,1003.2,   1.0,  -1.0
208681,   0.5,  -0.2,  -1.5,  18.6,  22.4,1002.7,   1.1,  -1.0
208705,  -0.3,  -0.5,  -1.0,  15.9,  23.4, 991.5,   1.2,  -1.0
208729,   0.0,  -1.0,  -0.9,  24.7,  37.3, 989.5,   1.2,  -1.0
208754,   0.3,  -0.7,  -0.1,  24.5,  31.7, 994.1,   1.3,  -1.0
208778,   0.0,  -0.4,  -1.3,  16.9,  33.1,1001.0,   1.4,  -1.0
208806,  -0.7,   0.2,  -0.8,  27.9,  39.5,1003.4,   1.4,  -1.1
208830,  -0.2,   0.4,  -0.6,  20.6,  25.3, 999.5,   1.5,  -1.1
208854,  -0.8,   0.3,  -0.2,  15.0,  21.9,1001.5,   1.5,  -1.0
208878,   0.8,   0.7,   0.8,   2.8,  33.1, 997.1,   1.5,  -1.0
208906,  -0.6,  -0.4,   1.2,  12.8,  15.6, 991.2,   1.5,  -1.0
208930,   0.9,  -1.4,  -0.3,   7.4,  29.2,1001.7,   1.5,  -1.0
208955,  -0.0,  -0.0,   1.9,  17.2,  14.6, 993.2,   1.5,  -0.9
208979,   0.6,   0.7,   0.0,  23.5,  25.6,1001.0,   1.5,  -0.9
209007,   0.8,  -0.8,   2.0,  26.2,  33.9,1013.7,   1.5,  -0.9
209031,  -0.9,   0.5,   2.4,   2.8,  23.9, 992.9,   1.5,  -0.9
209055,   1.2,   0.8,   3.2,  13.7,  19.5,1014.2,   1.5,  -0.9
209079,   0.0,   1.8,   2.6,   8.9,   8.7, 993.9,   1.4,  -0.8
209103,  -0.8,   0.3,   1.8,   1.1,  16.3, 991.0,   1.4,  -0.7
209131,  -1.1,   1.3,   2.1,  25.5,  -0.3,1009.5,   1.3,  -0.7
209156,  -1.3,   1.0,   1.4, -23.1,  -0.8, 985.3,   1.2,  -0.7
209180,   0.0,  -1.4,   1.6,  19.1,   9.5,1020.3,   1.1,  -0.7
209204,  -0.2,   0.6,   1.3, -31.9,  13.9, 960.0,   1.1,  -0.7
209232,  -1.9,  -0.5,   3.5,  53.3, -22.3,1012.9,   1.0,  -0.9
209256,  -0.5,   1.8,   2.7,  -8.5, -22.0, 988.0,   0.8,  -0.9
209280,  -1.9,   0.8,   2.7,  30.8, -19.6,1001.7,   0.5,  -1.0
209304,  -0.3,   0.4,   1.7,  46.5, -20.1,1005.6,   0.3,  -1.0
209332,   0.9,  -0.2,   2.2,  26.9, -33.8,1003.4,   0.1,  -1.0
209357,  -1.1,  -0.1,   1.3,  18.6, -36.9, 995.1,  -0.1,  -1.0
209381,  -0.2,   0.4,   2.1,  40.6, -33.5,1010.5,  -0.4,  -1.0
209405,   1.4,   2.1,  -0.7,   3.0,  -2.5, 990.5,  -0.5,  -1.1
209429,   0.4,  -1.4,  -1.4,  25.2, -60.4, 997.8,  -0.7,  -1.1
209457,  -0.6,  -0.1,  -1.7,  38.9, -48.6, 999.5,  -0.8,  -1.1
209481,  -0.3,   1.1,  -1.4,  13.5, -24.5, 994.6,  -0.9,  -1.1
209509,   0.8,   0.2,  -0.8, -17.3, -27.2, 999.3,  -0.9,  -1.1
209529,   0.1,   0.7,   1.0, -39.7, -42.5, 993.6,  -1.0,  -0.9
209554,  -0.9,  -0.9,   1.8,  36.2, -54.0, 970.7,  -1.2,  -0.8
209582,   0.4,  -2.0,  -2.8,  15.2, -23.7,1018.8,  -1.3,  -0.8
209606,   1.0,  -0.3,  -5.3,  81.9, -42.3,1016.1,  -1.4,  -1.1
209630,  -0.0,   0.1,  -5.0,  58.2, -38.9,1005.9,  -1.5,  -1.4
209654,  -0.3,  -0.1,  -5.6, -20.7,  20.2,1008.3,  -1.4,  -1.4
209682,  -0.7,  -0.5,  -6.5,  20.6,  32.4,1007.1,  -1.2,  -1.2
209706,  -0.0,   0.2,  -5.2,   0.1,  22.4, 955.1,  -1.0,  -1.2
209730,  -1.3,   2.1,  -4.8, -43.1,  44.1, 949.7,  -0.6,  -1.0
209755,   0.9,  -0.6,  -1.9,   7.9,   6.0, 999.0,  -0.4,  -1.0
209779,   0.5,  -0.4,  -2.9, -32.2,  -0.6, 997.8,  -0.4,  -0.9
209807,  -0.5,  -0.6,  -3.3, 103.3,  -7.6,1026.6,  -0.5,  -1.2
209831,  -0.6,  -0.1,  -5.8,  39.4, -34.2, 996.8,  -0.6,  -1.3
209855,  -0.9,  -0.3,  -7.4,  56.2, -37.2, 979.2,  -0.8,  -1.4
209879,   0.2,  -0.1,  -6.7,   9.4, 142.8, 911.4,  -0.4,  -1.4
209907,  -0.8,  -1.5,  -2.1, 100.2, 104.7, 968.5,   0.8,  -1.2
209931,  -0.7,  -0.0,   1.0, -71.2, -24.0, 927.7,   0.8,  -0.9
209956,   1.1,  -1.8,   1.9,  50.6, 117.9,1057.4,   0.9,  -0.6
209980,  -0.3,  -0.2,   2.9,  18.6,  54.4, 994.1,   1.0,  -0.6
210008,   1.0,  -0.3,   1.3,  10.1,  80.3, 994.9,   1.1,  -0.5
210032,  -0.2,  -0.7,  -1.2,  28.9,  -8.1, 992.9,   1.2,  -0.7
210056,  -0.3,   0.5,  -3.7,  -3.6,   9.5, 999.5,   1.2,  -1.0
210080,  -0.4,  -2.3,  -4.0,  -5.5,  42.7,1000.0,   1.3,  -0.9
210104,   1.0,  -0.9,  -3.7,  -2.4,  32.4, 997.3,   1.3,  -0.8
210132,  -0.7,  -1.5,  -4.2,  41.3,  42.2, 989.7,   1.4,  -0.9
210154,  -1.0,   0.1,  -3.1,  89.7,  84.4, 998.0,   1.6,  -1.0
210182,  -1.0,   0.8,  -3.9,  41.1,  26.5, 983.6,   1.7,  -1.1
210206,   0.8,   0.7,  -3.4, -52.9,  77.1, 990.5,   1.8,  -1.0
210230,  -0.2,  -1.5,  -3.1,  47.2,  30.5,1003.4,   1.8,  -1.0
210258,   0.5,  -1.6,  -1.7,  48.4,  38.5, 998.8,   1.9,  -0.8
210282,  -0.3,  -0.6,  -1.8,  55.7,  28.0,1015.1,   1.9,  -1.0
210306,   0.3,  -1.4,  -2.5,  46.5,  18.2, 999.3,   1.8,  -1.1
210330,  -0.6,  -0.2,  -3.7,  15.0,  25.1, 993.2,   1.8,  -1.1
210355,  -1.4,  -0.3,  -3.5,  10.6,  26.3,1021.7,   1.8,  -1.0
210383,  -0.8,  -0.9,  -3.0,  34.0,  41.4,1007.8,   1.8,  -0.9
210407,  -0.4,  -1.1,  -2.3,   8.6,  19.2, 996.3,   1.8,  -0.9
210431,  -1.6,   1.0,  -0.8,   4.0,  15.1,1022.7,   1.7,  -0.9
210455,   0.1,   1.1,   1.8, -30.9,  19.5, 985.3,   1.7,  -0.8
210483,   0.2,   2.1,   4.4, -16.8,  25.6, 999.0,   1.6,  -0.6
210511,   0.1,  -0.1,   4.0,  22.8,  22.9,1012.9,   1.6,  -0.6
210531,   0.6,   0.5,   4.1, -31.2, -25.9, 995.4,   1.5,  -0.5
210556,  -0.0,   0.2,   4.0,  34.5,  -1.8,1020.0,   1.3,  -0.5
210580,  -2.8,   1.3,   3.8,  20.1,  14.6,1011.5,   1.2,  -0.6
210608,  -0.0,   0.5,   4.1,  -6.0,  13.1,1005.6,   1.2,  -0.4
210632,  -1.0,   1.8,   7.2,   1.3,   8.2, 983.4,   1.2,  -0.2
210656,  -0.9,   2.5,  10.6, -54.1,  13.9,1024.2,   1.0,  -0.0
210680,  -0.9,   3.2,  14.4,-121.5,  -4.0, 966.1,   0.9,   0.6
210708,   0.9,   1.5,  11.6,  56.5, -29.8, 959.2,   0.6,   0.7
210732,   1.1,  -2.8,   7.1,  16.2, -24.0, 994.6,   0.5,   0.7
210757,   0.3,  -0.1,   4.3,  66.0, -42.8,1008.8,   0.2,   0.0
210781,  -0.5,  -2.8,   3.6, 199.5, 144.7,1084.7,   0.2,  -0.5
210805,  -0.5,   2.2,   4.2, -90.0, 105.2, 909.7,   0.4,  -0.4
210833,  -0.1,   0.4,   5.7,  -7.2,  46.6, 999.8,   0.7,  -0.3
210857,   0.9,   1.2,   7.0,   9.4,  47.8,1025.6,   0.9,  -0.3
210881,   0.7,   0.4,   8.1,  36.5,  16.5,1012.2,   0.9,  -0.4
210905,   0.7,  -1.5,   8.0,  91.9, -36.7, 991.2,   0.8,  -0.6
210933,   0.0,   1.8,   4.4,   0.8, -34.5,1002.0,   0.5,  -0.8
210958,   0.6,   2.0,   3.7,  29.1, -33.5,1003.2,   0.4,  -0.9
210982,   0.6,  -1.7,   0.5,  46.0, -39.1,1012.9,   0.1,  -1.1
211010,   0.8,  -0.1,   0.2,  66.0, -18.9,1002.4,   0.1,  -1.1
211030,   0.4,  -0.7,  -1.1,  31.1,  25.6,1001.2,   0.1,  -1.2
211058,   0.6,   0.3,   1.4,  25.7,  84.9,1031.7,   0.4,  -1.3
211082,   0.8,   0.5,   3.5, -27.5,  30.7, 991.9,   0.8,  -1.0
211106,  -1.0,   2.4,   4.3, -20.2,  18.2, 994.9,   0.8,  -1.0
211130,  -0.1,   1.8,   4.3,  62.8,   5.3, 995.4,   0.7,  -0.9
211159,  -0.3,   1.6,   3.9, -12.6,  38.0,1013.4,   0.9,  -0.9
211183,  -0.8,   1.2,   4.6,  -6.0, -44.3, 988.0,   0.8,  -0.9
211207,  -0.6,   0.8,   3.9,  -3.6, -18.1,1018.6,   0.7,  -0.7
211231,   0.6,   1.5,   4.1, -40.9,  -4.7, 988.5,   0.6,  -0.5
211259,   0.8,   0.1,   5.2,  -4.6, -12.8,1016.8,   0.5,  -0.3
211283,   0.4,   0.4,   3.5,  38.9, -36.7, 993.9,   0.3,  -0.3
211307,  -0.5,   0.8,   2.4,   6.2, -29.8,1012.4,   0.1,  -0.4
211331,   0.6,   7.3,   1.2,-257.0,  96.4,1081.8,   0.2,  -0.3
211356,  -1.8,  -1.4,   2.7,  -5.8,  65.9, 973.1,   0.4,  -0.4
211384,  -0.2,   2.3,   3.9,  57.9,  91.7, 943.8,   0.7,  -0.3
211408,  -6.2,   2.0,   3.8,  71.9,-254.9, 890.4,   0.7,  -0.2
211432,  -1.9,   5.6,   7.4, -84.2, -24.2,1134.8,   0.6,  -0.0
211456,   1.9,  -7.0,  11.0, 142.7,  24.1,1160.4,  -0.0,   0.3
211484,   2.3,  -0.8,   5.9,  86.0,  19.5,1139.6,  -0.8,  -0.0
211512,   2.4,  -0.7,   4.1, 168.0, -37.9,1028.1,  -0.8,  -0.2
211532,  -0.5,   0.2,   2.7,  28.2, -66.0,1002.7,  -1.3,  -0.3
211557,   3.0,  -2.2,  -3.4,  37.2,  24.3, 997.3,  -1.4,  -0.4
211581,   3.0,  -3.6,  -1.4,   2.8, 134.0,1003.2,  -0.5,  -0.4
211609,   1.0,   0.9,   1.5,  67.9,   6.0, 974.9,  -0.1,  -1.3
211633,   0.8,  -0.1,   2.4, -36.8,  67.6, 988.8,   0.3,  -0.9
211657,  -0.4,   1.0,   3.9,  21.8,  39.2,1015.9,   0.5,  -0.9
211681,   0.5,   0.7,   3.8,  52.8,  39.7, 971.7,   0.8,  -1.1
211709,   1.5,   1.4,   2.1,  21.1,   8.0, 978.5,   1.0,  -1.3
211733,  -2.4,   0.2,   1.8,  48.2, 207.0,1098.9,   1.1,  -1.1
211758,   0.3,  -0.7,   1.1, -24.3,  19.7, 996.6,   1.0,  -1.2
211782,  -1.6,   1.3,  -0.1,  39.6, -49.6, 935.5,   1.1,  -1.1
211806,   2.2,  -1.4,   0.4,   2.5, 155.9, 988.0,   1.3,  -0.9
211834,   0.3,   0.8,  -1.4,  38.6,  64.4, 976.8,   1.5,  -1.0
211858,  -0.3,  -2.4,  -0.4,  61.4, 111.5,1038.6,   1.6,  -1.0
211882,   0.3,   1.1,  -0.3, -31.2,  61.9, 995.6,   1.7,  -0.9
211906,  -1.4,  -1.5,  -0.3,  59.4,  26.1,1008.3,   1.9,  -1.1
211934,  -0.3,  -1.1,   1.8,  48.4,  21.4, 995.6,   2.0,  -1.1
211959,  -1.4,  -0.8,   0.0,  37.9,  64.6, 992.4,   2.0,  -1.2
211983,  -1.1,   0.8,   0.3,   4.2,  10.9, 971.9,   1.9,  -1.2
212011,  -2.3,   1.0,   0.2, -68.5,  14.3,1007.8,   1.9,  -1.1
212031,  -2.1,   0.8,   1.4,  59.9,   6.3,1009.8,   1.8,  -1.3
212059,   0.1,  -1.8,   0.5,  40.8,  61.9, 999.0,   1.6,  -1.1
212083,  -0.6,   0.4,   1.4,  -3.1,  18.2, 922.4,   1.4,  -1.0
212107,  -1.3,   1.2,   1.3,  61.4,  12.1, 943.4,   1.4,  -1.0
212135,   1.9,   1.1,   3.6, -90.0,  47.8, 983.4,   1.4,  -0.8
212160,   1.7,  -0.0,   1.9,  31.8,  13.9,1005.6,   1.3,  -1.0
212184,  -0.9,   0.5,   2.1,  47.2,  14.6,1021.7,   1.3,  -1.0
212208,  -3.0,   1.0,   1.4, -49.0,  54.6, 978.0,   1.4,  -0.9
212232,  -2.5,   0.4,   1.2,  37.2,   9.0, 983.4,   1.3,  -0.9
212260,  -2.1,   1.6,   4.1,  59.2, -36.2,1085.7,   1.1,  -1.0
212284,  -1.7,   2.2,   2.7,-126.6,-161.9,1054.9,   0.6,  -0.7
212308,   1.5,  -1.5,   1.2, 110.4,  15.3,1014.9,   0.2,  -0.6
212332,   0.9,   1.4,  -2.5,  83.3,  -0.8,1054.9,   0.0,  -0.9
212357,   0.6,  -3.9,  -1.3,  54.5, -67.4,1033.7,  -0.3,  -0.5
212385,  -0.8,  -0.2,   1.3,  22.8,  14.1,1022.5,  -0.9,  -0.9
212409,  -0.8,   0.5,   4.1, 112.4, -29.6, 982.4,  -1.0,  -1.1
212433,   5.2,   1.1,   2.0, -46.6,  44.6, 945.1,  -0.8,  -0.8
212457,   2.5,  -3.2,  -0.3, 178.1,  -2.5,1056.1,  -0.5,  -0.7
212485,   1.2,   2.9,  -0.7, -15.8,   6.0, 898.7,  -0.6,  -1.2
212513,  -1.7,  -1.4,  -0.2, -12.1,  51.9, 983.6,  -0.7,  -1.2
212533,  -2.0,   1.5,   0.7,  -1.1,  40.5, 989.7,  -0.4,  -1.2
212558,  -2.9,   1.3,   0.2, -35.3,  21.7,1010.0,  -0.2,  -1.0
212582,  -2.1,   1.6,  -1.1,  12.3, -44.5,1058.3,  -0.2,  -1.2
212610,  -0.5,  -0.3,  -1.3,  32.1,  22.6, 986.1,   0.2,  -1.1
212634,  -1.0,  -0.1,  -3.1,   1.5,  29.0, 979.5,   0.2,  -1.2
212658,  -1.7,  -0.2,  -2.0,  61.8, -50.4,1035.2,   0.2,  -1.2
212682,  -0.1,  -0.0,  -3.6,  15.5,  12.6, 996.8,   0.1,  -1.2
212710,  -0.5,   0.3,  -5.1, 176.3,  31.4, 967.3,   0.2,  -1.6
212734,   0.1,   2.9,  -5.1, -66.3, 124.4,1064.7,   0.5,  -1.4
212759,   0.5,  -0.2,  -5.1,  -1.4,  38.5, 977.3,   0.7,  -1.3
212783,  -0.3,   0.1,  -2.9,  -9.2,  50.0, 980.0,   0.8,  -1.3
212807,  -2.2,   0.3,  -0.8,  53.1,  21.7, 994.6,   0.8,  -1.2
212835,  -3.3,  -0.6,   0.4,  59.2,   7.7,1030.0,   0.8,  -1.0
212859,  -2.0,   3.5,   1.9,   9.4, -44.5, 997.1,   0.5,  -1.1
212883,  -0.5,   1.6,   2.1,  10.3, -28.9,1005.6,   0.4,  -0.9
212907,   0.6,   2.4,  -0.3, -57.3,  51.4,1004.4,   0.3,  -0.8
212935,  -0.7,   2.4,  -2.5,-128.8, -79.2, 968.7,   0.1,  -0.6
212960,   1.6,  -3.7,  -2.9, -82.4,-135.8,1092.0,  -0.7,  -0.4
212984,   1.6,  -1.8,  -6.1,  40.4, -52.6, 996.8,  -0.9,  -0.7
213012,   1.3,  -2.6,  -6.1, -31.7,  21.9,1001.5,  -0.8,  -0.7
213032,   1.5,  -5.9,  -5.9, 215.2,  11.4, 980.2,  -0.5,  -1.0
213060,   0.7,   0.1,  -2.7, 115.6, -67.0, 994.6,  -0.8,  -1.2
213084,  -0.4,   3.0,  -1.6, -91.2,  15.1, 999.5,  -0.8,  -1.0
213108,   2.2,  -0.7,   0.6,  36.9, -72.1,1017.6,  -1.0,  -0.8
213136,  -0.8,  -0.1,   1.3,-101.2, -67.0, 969.5,  -1.2,  -0.7
213161,   0.1,  -0.7,   4.3,  40.8, -40.6, 997.6,  -1.4,  -0.6
213185,   0.8,  -2.0,   4.1,  58.7,  37.0,1001.2,  -1.2,  -0.3
213209,   2.0,   1.3,   0.3,-100.5,   9.2,1077.6,  -1.1,  -0.4
213233,   0.9,  -1.9,  -2.9, 101.4, -56.9,1008.8,  -1.0,  -0.3
213261,   0.0,  -0.2,  -3.4,  67.9,  65.6,1028.6,  -0.9,  -0.9
213285,  -0.6,  -0.9,  -2.7,  55.3,  51.9, 984.9,  -0.4,  -0.9
213309,  -0.2,   0.2,  -2.6, -84.4,  68.5,1016.6,  -0.1,  -0.7
213333,   1.1,  -2.1,  -2.8,  37.7,  48.5, 984.1,   0.4,  -0.7
213358,   0.3,  -0.4,  -4.2,  -9.2,  48.0, 973.9,   0.8,  -0.6
213386,  -0.0,  -0.7,  -4.0,  51.6,  55.4,1010.7,   1.2,  -0.8
213410,   0.6,  -0.3,  -2.9,  27.9,  22.9, 943.1,   1.4,  -0.9
213434,  -0.4,  -0.9,  -4.0, -37.0, 144.5, 941.9,   1.8,  -0.9
213458,  -1.3,   1.3,  -5.2, -96.4,  15.6, 962.9,   1.8,  -0.8
213486,   1.2,  -1.8,  -3.7,  68.2,  -2.5, 959.2,   1.9,  -0.9
213514,  -0.2,   1.7,  -4.8, -95.4,  48.0,1033.7,   1.9,  -0.7
213534,  -0.7,  -2.0,  -5.0,  70.9,  63.9,1059.6,   1.8,  -1.0
213559,  -1.0,   1.4,  -3.9,  72.1,  39.2, 931.9,   1.7,  -1.1
213583,  -2.4,  -0.2,  -2.8,  18.4,  26.5,1014.2,   1.6,  -0.9
213611,  -1.4,   2.0,  -2.2, -40.2,  73.4,1005.6,   1.7,  -0.9
213635,  -1.8,  -0.9,  -1.9, 123.1,  51.2, 925.8,   2.1,  -0.7
213659,  -3.0,   3.4,  -2.6,-120.5, 107.4,1073.2,   2.2,  -0.6
213683,   0.6,  -7.8,  -0.8, 133.9, -17.4, 975.8,   1.7,  -0.3
213711,  -1.4,   3.7,  -1.4, -38.0, -20.6,1009.5,   1.0,  -0.8
213735,   2.5,   0.7,   0.5,  67.7, -23.3, 985.6,   0.8,  -0.9
213760,   2.3,   2.1,  -1.7,-232.6,  38.5, 901.6,   1.5,  -0.2
213784,   2.9,  -3.1,  -0.9,  90.2,   4.6,1036.6,   1.4,  -0.2
213808,   0.0,  -0.8,  -0.5,  25.2, -93.6,1000.0,   0.9,  -0.2
213836,  -3.1,   0.2,  -0.6,  13.0, -64.0,1017.3,   0.4,  -0.3
213860,  -1.1,   0.7,   1.2,  25.0,  -3.7, 973.6,   0.1,  -0.4
213884,   0.6,  -0.4,  -0.8,  41.6, -54.0,1109.9,   0.0,  -0.3
213908,   0.6,   2.7,  -0.6,-160.3,-155.6, 959.0,  -0.9,  -0.1
213936,   0.7,  -0.5,  -2.6, -11.9,  47.3,1022.0,  -0.8,  -0.2
213961,   3.3,  -3.7,  -2.4,  52.1,  89.8, 941.9,   0.0,  -0.1
213985,   2.5,  -1.3,  -1.4, 117.0,   1.6,1053.2,   0.0,  -0.5
214013,  -1.7,   0.1,  -0.6,  27.2,  49.5, 968.0,   0.0,  -0.5
214033,  -2.4,  -1.1,   0.3,  57.0,   9.9,1016.6,   0.1,  -0.5
214061,   0.0,   1.3,  -0.4,  46.5, 147.4,1024.2,   0.7,  -0.6
214085,  -1.1,   0.8,  -0.9, -21.4,  20.2,1008.8,   1.2,  -0.5
214109,   1.1,  -0.4,  -0.6, -49.2,  10.4,1030.5,   1.2,  -0.3
214137,  -0.3,  -1.8,  -2.0, 141.2,  53.4,1036.1,   1.2,  -0.4
214162,  -1.0,   0.9,  -2.9, -33.4,  45.3, 950.4,   1.5,  -0.4
214186,  -1.9,   1.1,  -3.1,  19.9,  63.9, 950.9,   1.6,  -0.5
214210,  -1.1,  -0.4,  -2.5, -32.4,  76.6,1054.4,   1.8,  -0.5
214234,  -2.1,  -1.5,  -3.6,  61.1,  36.1, 992.9,   1.9,  -0.7
214262,  -3.1,  -1.3,  -1.8,  14.2,  -4.7,1008.5,   1.7,  -0.5
214286,  -0.2,   0.7,  -2.0, -95.6, -46.0, 943.8,   1.0,  -0.3
214310,  -1.7,   0.6,  -3.0,   9.4,  -8.9,1012.4,   0.9,  -0.7
214334,  -1.1,   1.5,  -2.0,  18.1,  12.1, 957.3,   1.1,  -1.0
214359,   0.1,   1.4,  -3.3,  12.0, 118.8,1093.5,   1.6,  -0.9
214387,   2.2,  -2.4,  -3.6, -38.3, -39.9, 993.2,   1.6,  -0.3
214411,  -1.3,  -2.6,  -3.9, 111.9, -76.5, 968.0,   1.3,  -0.7
214435,  -1.6,   2.1,  -4.7,  -2.1,  -3.7, 947.3,   1.1,  -0.7
214459,   1.4,  -2.8,  -3.9,   5.0,  41.2,1039.8,   1.0,  -0.6
214487,   1.2,  -0.2,  -4.5,  63.3, -11.8,1030.0,   0.5,  -0.8
214515,   1.9,  -4.2,  -3.3, 159.0, -64.0, 970.7,   0.4,  -1.1
214535,   1.4,   1.5,  -2.9, -19.0, -78.7, 969.7,   0.1,  -1.1
214560,  -0.5,  -1.1,  -1.1,  93.6,-120.7,1014.9,  -0.3,  -1.0
214584,   1.1,   1.1,  -0.8,-126.1, -52.1,1074.9,  -1.1,  -0.7
214612,   2.5,  -1.4,  -1.5, 259.8,  49.5,1072.0,  -1.3,  -0.8
214636,   4.6,  -4.0,  -3.1, -92.7, 164.5, 982.2,  -0.3,  -0.3
214660,   4.4,  -3.6,  -3.7,  42.1, -22.0,1001.0,  -0.2,  -0.5
214684,   2.2,  -1.7,  -2.1,  82.6,  42.2, 946.0,  -0.2,  -0.8
214712,  -0.2,  -2.1,  -1.4,  77.2,  41.7, 967.5,   0.2,  -1.0
214736,  -1.3,   1.8,  -2.3, -32.9, 142.0,1019.5,   0.6,  -1.1
214761,  -1.5,  -1.0,  -2.0, -33.6,  62.4, 928.7,   1.3,  -0.8
214785,  -1.1,   0.2,  -3.5, -30.2, 112.2, 951.2,   1.6,  -0.9
214809,  -3.1,   3.8,  -2.8, -61.9,  36.6,1029.0,   2.0,  -0.8
214837,  -0.5,  -1.7,  -1.8,  38.6, -33.3,1022.7,   1.2,  -0.8
214861,   1.7,   1.0,  -2.9, 120.9,  45.8,1008.1,   1.5,  -1.1
214885,   1.9,  -1.7,  -3.7, -12.4,  93.7, 978.0,   1.9,  -0.7
214909,   3.0,  -2.0,  -2.5,  99.2,  59.0, 969.7,   2.0,  -0.8
214937,  -0.3,  -1.5,  -3.7, -39.7, -23.0,1026.1,   2.0,  -0.9
214959,   1.0,  -2.7,  -2.8,  80.4, -36.0, 971.4,   1.7,  -1.0
214987,  -1.2,  -2.2,  -2.3,  67.2,  70.5,1013.9,   1.6,  -1.1
215015,  -1.7,   3.9,  -1.7,-185.5,  17.5, 962.9,   1.6,  -0.8
215035,  -3.6,   1.0,  -0.4, -18.5, -12.8, 977.3,   1.6,  -0.4
215063,   0.2,   4.6,  -0.9,-149.6,  77.1, 955.3,   1.5,  -0.3
215087,   0.5,  -0.7,  -1.4,   7.4, -45.0, 998.5,   1.8,  -0.4
215111,   0.6,  -0.7,  -1.6,  69.9, 125.7,1109.9,   1.8,  -0.6
215135,   0.4,   0.1,  -3.5,  40.1,  58.0, 923.1,   1.7,  -0.4
215160,   0.6,  -6.2,  -3.4, 160.5,  31.2, 957.5,   1.4,  -0.4
215188,   0.4,   0.4,  -2.4,  37.7, -48.6,1017.1,   1.2,  -0.6
215212,   2.2,  -1.9,  -3.0, -21.9,  19.7, 891.8,   1.1,  -0.4
215236,   1.4,  -0.3,  -2.5, -91.5,   7.7,1054.4,   1.1,  -0.3
215260,  -3.6,  -2.6,  -3.6,  72.8,-120.2,1039.8,   0.9,  -0.4
215288,  -4.0,  -1.2,   1.4,   1.5,-261.3,1154.3,  -0.0,  -0.4
215312,  -1.2,   1.0,   2.0,  12.0,-161.7,1011.5,  -1.3,  -0.5
215336,   3.3,   0.1,  -1.2, -43.4, -47.4,1003.7,  -1.7,  -0.4
215361,   5.2,  -1.9,  -3.8, -14.6, 167.4, 884.3,  -0.9,  -0.0
215385,   2.8,  -5.1,  -3.3, 103.3,  84.9, 997.8,   0.3,   0.1
215413,   0.2,  -1.8,  -3.3,  -3.6,-126.3,1112.1,   0.3,  -0.3
215437,  -3.0,  -0.4,  -0.8,  37.7,  51.7, 987.3,   0.0,  -0.5
215461,  -3.5,   1.7,  -2.3,  -9.7,  49.0,1052.2,   0.2,  -0.9
215485,  -1.4,  -1.3,  -0.7, -27.5, 173.5, 971.7,   0.8,  -0.6
215513,  -1.4,  -1.5,  -1.4,  75.0, 167.2,1001.0,   0.9,  -0.7
215537,   1.5,  -1.8,  -1.7,  17.9,  -5.2, 957.3,   1.0,  -0.6
215562,  -0.3,   1.1,  -0.9,  68.9,  69.5, 962.4,   1.2,  -0.7
215586,  -3.1,  -1.5,  -1.3, -67.3,  88.1, 977.8,   1.3,  -0.6
215610,  -1.9,  -2.0,  -0.4, 165.8,   7.5, 984.4,   1.5,  -0.8
215638,  -0.3,   1.2,  -0.4,-104.9, 101.7,1042.5,   2.0,  -0.6
215662,   0.4,   0.4,  -1.2, -46.1,  41.9, 971.4,   2.2,  -0.6
215686,   0.3,  -1.8,  -0.1,  54.0,   2.6,1026.1,   2.1,  -0.5
215710,  -0.8,   2.1,   0.2,  16.9, -59.9, 952.4,   2.0,  -0.8
215738,  -1.2,  -3.2,   2.2,  67.2,   4.3, 999.3,   1.7,  -0.6
215763,  -3.5,   2.4,  -1.7,-119.8, -25.5, 939.2,   1.6,  -0.6
215787,  -5.8,   3.1,  -0.9,  35.0, -57.4, 945.1,   1.5,  -0.9
215811,  -4.0,   4.9,   2.8, -55.1,-179.3,1260.5,   1.1,  -1.0
215835,  -3.5,   2.0,   2.9, 307.4, 103.9,1042.7,   1.2,  -0.9
215863,   0.7,   1.9,   2.3,  19.4,  46.6,1004.6,   1.6,  -0.1
215887,  -0.8,   1.7,   2.0,  34.3,  35.1,1094.5,   1.6,   0.0
215911,  -4.4,  -1.0,   1.0,  98.2,-142.9, 993.4,   1.2,   0.1
215935,  -3.7,   3.8,   0.6,-117.8,  30.7, 969.5,   0.8,   0.2
215964,  -2.3,   0.1,  -2.4, 112.1, 107.4,1001.2,   0.7,   0.0
215988,  -0.2,  -5.5,  -2.0,   6.7, 112.7,1004.1,   0.7,   0.4
216016,  -2.4,  -8.4,  -3.7, 409.7,  96.4, 900.4,   0.7,  -0.3
216036,  -8.3,   9.8,  -2.6, 213.7,-299.9,1034.2,   0.2,  -1.5
216064,   0.3,  -8.1,   7.5, -29.5,-146.8, 984.9,  -1.1,  -0.1
216088,   6.2,   6.0,   3.0, 114.3,  11.7,1105.0,  -1.5,  -0.4
216112,   8.4,   1.3,   1.9,-119.1, -23.7, 951.9,  -1.4,   0.4
216136,   6.7,  -0.8,   1.9,  47.9,-156.8,1080.8,  -1.6,  -0.1
216161,   3.6,   0.1,   3.9, -33.9,-317.4, 971.4,  -2.5,   0.1
216189,   1.7,   0.4,  -0.3,-238.5, -65.0, 947.8,  -2.8,   0.5
216213,   2.2,  -2.6,  -1.4,  33.5,  43.6,1000.2,  -2.3,   0.4
216237,   4.0,  -0.9,  -1.7, -49.7, 107.1,1006.1,  -1.5,   0.5
216261,   4.5,  -2.5,  -1.9,  58.7,  -4.5, 982.7,  -1.0,   0.3
216289,   3.0,  -1.5,  -1.0, 130.7,  71.2,1025.9,  -0.9,  -0.0
216313,   0.8,   0.1,   0.2,  45.2,  44.1, 990.2,  -0.6,  -0.2
216337,   1.6,   0.4,   1.3,   1.3,  81.7,1017.8,  -0.0,  -0.1
216362,   0.3,   0.8,  -0.9,  67.0,  73.2,1019.8,   0.5,  -0.2
216386,   2.7,  -0.7,   1.4,   8.1,  56.8,1027.6,   0.8,  -0.2
216414,   1.9,  -0.2,   1.0,  13.5,  61.0,1017.3,   1.1,  -0.4
216438,   1.9,  -0.7,   0.2,  21.6,  73.9,1029.8,   1.3,  -0.2
216462,   0.9,  -0.1,  -0.2, -69.7, -20.3,1022.9,   1.5,  -0.2
216486,   1.1,  -3.3,   1.5,  55.0, -10.1,1040.0,   1.8,  -0.2
216514,   2.1,   3.1,  -0.3, -93.9,  44.1,1028.8,   1.9,   0.0
216538,   2.8,  -0.6,   1.8,  38.9,  10.4, 973.9,   1.8,   0.0
216563,   1.3,   0.5,   0.8, -12.9, -26.2, 961.2,   1.7,  -0.1
216587,   2.3,   1.2,   1.6,  73.6, -24.0,1017.3,   1.6,  -0.3
216611,   0.5,   1.9,   1.9,-146.7,  27.3, 977.3,   1.6,  -0.0
216639,  -0.5,  -0.0,   0.3,  80.9,  69.0, 865.7,   1.6,  -0.1
216663,   0.1,   0.1,   2.7, -70.5, -97.7,1070.8,   1.8,   0.1
216687,   4.0,   4.7,   4.1, -13.1, -28.1,1030.0,   1.2,  -0.2
216711,   5.2,   0.5,   2.2,-129.8,  14.8,1025.9,   1.3,   0.1
216739,   5.8,   1.1,   0.4, -44.6, 143.2, 913.6,   2.0,   0.3
216764,   3.4,  -0.9,   3.9, -38.0, -27.4, 878.7,   1.9,   0.5
216788,   2.0,  -1.7,   3.3,  37.4,  22.4, 977.0,   1.6,   0.3
216812,   0.6,   0.2,   3.2,  68.4, -67.0,1050.8,   1.2,   0.1
216836,   4.5,   1.3,   2.2,  44.3,  18.5, 935.8,   1.0,  -0.0
216864,   7.8,   2.0,   0.3,-155.2, -92.6, 963.4,   0.9,   0.0
216888,   4.8,  -0.9,   0.3, -61.0, -22.0,1056.9,   1.2,   0.3
216912,   0.6,   1.3,  -0.9,  42.1,-262.5,1022.2,   0.3,  -0.1
216940,   0.4,  -2.9,   3.9, 224.9,  72.0, 972.4,  -0.2,  -0.3
216965,   2.7,  -0.9,   4.0, -12.9, 264.8,1006.1,   0.8,  -0.1
216989,   4.4,  -3.2,   2.8,  66.2,  -4.0,1075.2,   1.0,   0.0
217017,   2.2,  -5.4,  -0.9,  53.3,   4.1,1022.9,   1.1,  -0.2
217037,  -1.4,   0.1,   0.6, 167.6,  25.6, 925.0,   1.0,  -1.0
217065,  -3.5,   2.4,   1.4,-104.9,  56.6,1005.6,   1.3,  -1.0
217089,  -1.9,   0.1,   2.2, -97.1, 100.3, 965.1,   1.7,  -0.6
217113,  -0.3,  -1.5,   0.5, 114.1,  71.5, 978.3,   1.8,  -0.7
217137,   2.1,   1.0,  -0.3,  -6.8, 117.9, 980.7,   2.1,  -0.8
217162,  -1.5,  -0.5,  -0.5,  90.7, 125.9, 924.6,   2.6,  -0.9
217190,  -4.1,   1.6,   0.5,-215.0,  17.3, 992.4,   3.0,  -0.5
217214,  -1.6,  -7.2,   1.8,  24.2,  15.6, 986.8,   2.7,  -0.1
217238,  -2.0,   0.3,  -1.7,  59.6, -45.5, 990.7,   2.5,  -0.8
217262,   0.5,   0.5,  -3.1,  51.1,  35.8, 976.3,   2.6,  -1.4
217290,   1.5,   2.9,  -3.4,-137.9, 118.8, 932.6,   3.3,  -1.2
217314,   0.3,  -1.5,  -2.1,  28.9,  86.4,1010.3,   3.5,  -1.1
217338,  -3.0,  -1.0,  -0.9, 127.5,   0.9, 969.7,   3.2,  -1.1
217363,  -3.5,   3.0,  -1.2, -72.9, -10.3, 929.4,   2.7,  -1.1
217387,  -2.8,  -1.2,   0.7, 203.0, -34.0, 993.9,   2.0,  -1.3
217415,  -1.3,   2.2,   0.4, -64.4,  36.8, 973.1,   2.0,  -0.9
217439,   0.1,   1.9,   0.5, -44.1, 127.1,1070.6,   2.3,  -0.8
217463,  -0.3,   0.1,   0.4,  -8.5, -16.7,1018.3,   2.4,  -0.6
217487,   0.3,   3.7,   0.0,-102.5,  13.6,1084.2,   2.2,  -0.6
217515,  -1.1,   0.9,   0.7, 107.7, -64.8, 992.9,   2.1,  -0.7
217539,  -0.3,   1.0,   1.2,-135.7,  15.3,1045.9,   2.0,  -0.3
217564,  -0.0,   1.0,  -0.8, -53.9, -70.1,1015.9,   2.0,  -0.3
217588,   1.0,  -1.2,  -1.2, -75.1,   6.8, 965.8,   1.7,  -0.1
217612,   0.6,  -1.1,  -1.6,  80.4, -42.8,1062.7,   1.3,  -0.5
217640,  -0.2,  -1.5,  -0.3, 112.1, -58.7, 973.1,   1.0,  -0.4
217664,  -2.9,   2.1,  -1.2, -89.5, -45.0, 966.5,   0.6,  -0.3
217688,  -1.6,  -2.1,  -1.5,  75.3, -94.8, 981.7,   0.1,  -0.4
217712,  -3.6,  -0.2,  -0.3,  -5.1, -19.6, 977.5,  -0.6,  -0.3
217740,   1.8,  -0.6,  -1.5,-119.8, 203.5,1013.9,   0.1,  -0.2
217765,   3.9,   0.8,  -2.0, -70.0, -99.9,1171.1,   0.7,  -0.5
217789,   3.2,  -1.3,  -2.2, -26.0,  60.7, 969.5,   0.6,  -0.4
217813,   1.7,  -0.9,  -1.6, 107.0, 118.3, 999.5,   1.0,  -0.9
217837,  -0.5,   0.8,  -0.9,   6.7, 126.9, 946.8,   1.7,  -0.8
217865,  -2.2,  -2.1,   0.2,  12.8, 141.5,1065.2,   2.5,  -0.4
217889,  -1.3,  -0.5,  -1.4, -70.7,  30.9, 953.6,   2.8,  -0.4
217913,   0.5,  -1.8,  -1.1,   2.3,  92.0,1014.9,   2.9,  -0.6
217941,  -2.0,  -2.6,  -2.6,  72.1, 102.5,1027.1,   3.4,  -0.8
217966,  -1.1,  -0.2,  -1.5, -16.0, 132.7, 966.8,   3.6,  -0.8
217990,  -0.5,  -0.6,  -2.8, -19.7, 169.1, 983.6,   3.9,  -0.6
218018,  -0.5,  -3.7,  -3.1,  30.3,  62.9,1038.6,   3.9,  -0.7
218038,  -1.4,  -3.2,  -3.1,  16.7,  42.4,1004.6,   3.7,  -0.8
218066,  -1.5,  -0.8,  -3.7,  10.6, -34.2,1063.7,   3.6,  -1.1
218090,  -1.9,   3.3,  -3.3, -83.7, -23.0, 924.8,   3.3,  -1.1
218114,  -3.5,   1.0,  -2.0,  21.1, -11.8,1023.9,   3.2,  -1.2
218138,  -2.4,   1.1,  -3.1,  48.9,   5.3, 977.8,   2.8,  -1.3
218163,  -0.7,   1.0,  -1.5,   2.8, 101.3, 960.4,   2.5,  -1.1
218191,   2.9,  -0.1,   0.4,   8.9,  79.5, 984.6,   2.3,  -1.0
218215,   0.4,   2.7,  -2.3,-120.8, -10.3, 992.7,   2.5,  -0.9
218239,  -0.0,  -0.1,  -2.0, -72.4, 126.2, 951.9,   3.0,  -0.5
218263,  -4.2,  -0.9,  -1.7,  59.2,  80.5, 918.5,   3.1,  -0.6
218291,  -5.3,   2.5,   2.4, 100.7, -46.7,1052.2,   2.2,  -1.0
218315,  -1.0,  -6.9,   4.1, 176.6,  21.7, 998.5,   1.3,  -0.5
218339,   4.7,   0.4,   1.4,  95.3,  40.0,1084.0,   1.2,  -0.5
218364,   4.2,   1.3,  -0.9,-148.4,-119.4, 890.9,   1.4,  -0.0
218388,   2.3,   0.3,  -0.4,-153.7, -88.0,1011.0,   1.2,   0.0
218416,  -1.2,  -0.4,   2.2,  24.7,-133.4,1070.3,   0.3,  -0.4
218440,  -3.1,   2.4,   1.3, -19.2,-128.7, 992.4,  -0.6,  -0.3
218464,  -1.9,  -1.5,   1.4,  97.0, -35.0,1038.8,  -1.1,  -0.3
218488,   3.0,  -1.2,  -0.1, -11.2,  16.8, 983.9,  -1.0,  -0.1
218516,   8.5,  -1.4,  -2.0, -81.2, 240.7, 934.8,  -0.5,  -0.0
218540,   6.4,  -5.1,  -1.4,  37.4,  -5.7,1021.2,  -0.2,  -0.3
218565,   1.5,   0.6,  -0.3,  55.3,  27.0,1017.1,  -0.1,  -0.6
218589,  -1.7,   0.4,   0.5, -10.9,  31.7, 982.4,   0.2,  -0.3
218613,  -0.0,  -0.1,  -1.1,  92.6, 146.2, 999.5,   0.7,  -0.8
218641,   1.6,  -1.0,  -1.6,  19.9,  76.1, 953.9,   1.4,  -0.9
218665,   3.5,  -0.3,  -2.0,  15.2, 189.1, 990.7,   2.0,  -0.9
218689,   0.1,  -0.7,  -2.4, 100.7,  54.1, 968.7,   2.5,  -0.9
218713,   0.4,   1.3,  -1.7, -89.5, 160.3, 951.9,   2.8,  -0.6
218741,  -0.2,  -1.8,  -0.8, 102.9, 153.3, 982.4,   3.2,  -0.9
218766,   0.1,  -1.2,  -1.2, -19.5, 118.3, 938.2,   3.7,  -0.8
218790,   0.1,  -3.9,  -1.2, 127.3,  98.1,1031.5,   4.0,  -0.8
218814,  -3.7,   0.5,  -3.3,-103.9, 115.4, 917.0,   4.4,  -0.6
218838,  -2.3,  -0.7,  -0.4, -68.5, -70.6,1036.4,   4.1,  -0.9
218866,  -1.4,  -0.9,   0.8,  81.1,  61.0, 993.6,   3.3,  -0.9
218890,  -0.5,   3.6,  -1.0, -24.1,  27.3, 986.3,   2.8,  -1.1
218914,  -2.3,   0.2,  -1.1, -64.9,  50.0,1041.5,   2.9,  -0.4
218942,  -2.7,  -1.8,  -0.1, 152.4,  76.8,1032.7,   2.8,  -0.5
218967,  -0.0,   2.3,   1.0,  51.6, 116.4, 916.3,   2.7,  -0.5
218991,  -1.1,  -0.4,   0.7,  68.2,  66.1,1018.3,   2.8,  -0.5
219019,  -0.5,   3.3,  -0.9, -98.6, -19.6, 946.0,   2.8,  -0.3
219039,  -1.0,   1.9,  -0.3,  19.1,  -0.1,1013.2,   2.7,  -0.2
219067,   0.1,   0.2,   2.1, -67.6,  14.6, 971.7,   2.3,   0.0
219091,  -1.1,   1.0,   0.8, -33.6, -56.7, 991.0,   1.7,   0.1
219115,   0.8,  -1.1,   1.0,  38.6, -25.0,1002.2,   1.1,   0.1
219139,   0.7,  -1.9,   0.8, 110.7, -23.5, 960.9,   0.7,  -0.0
219164,   1.9,  -0.4,   0.5,  -9.2,  40.5, 979.5,   0.4,   0.0
219192,   0.1,  -0.7,   0.1,   6.7,-120.2,1014.4,   0.1,  -0.0
219216,  -1.1,   1.9,   0.3, -52.4,-109.2, 954.3,  -0.7,  -0.0
219240,   0.9,   0.2,  -1.1,  12.3,  90.3,1026.4,  -0.5,  -0.0
219264,   2.8,  -2.5,  -1.4,  42.3, 101.0, 981.7,   0.3,  -0.0
219292,   3.2,  -0.4,  -1.1, -60.0,  49.5, 986.6,   0.8,  -0.0
219316,   0.6,  -2.4,   0.6,  95.0,  42.2, 986.3,   0.7,  -0.3
219340,  -1.6,  -1.5,  -0.9,  15.5, 129.1, 996.6,   1.2,  -0.4
219365,  -3.6,  -0.6,  -1.1,  48.2, 109.6, 963.9,   1.7,  -0.4
219389,  -1.7,  -2.2,   1.2, 167.1, 102.0,1076.7,   1.7,  -0.5
219417,   2.6,  -2.6,  -0.2,  24.2, 134.2,1037.8,   1.3,  -0.4
219441,   4.0,  -1.4,  -1.7,  97.5, 109.6, 960.7,   1.7,  -0.6
219465,   1.9,  -0.6,  -2.3,-146.4, 105.2, 916.0,   2.6,  -0.3
219489,   0.1,  -2.6,  -1.5, -10.9,  74.9, 970.9,   2.8,  -0.3
219517,  -1.4,  -3.0,  -2.6,  58.2,  49.5, 997.8,   2.8,  -0.5
219541,  -2.1,   1.2,  -4.0, -58.0,  60.5,1033.2,   2.7,  -0.6
219566,  -0.7,  -0.4,  -3.2,  35.0,  72.9, 955.1,   2.9,  -0.9
219590,  -0.9,   1.6,  -2.7, -21.4,  79.5, 964.4,   3.1,  -1.0
219614,  -0.6,  -0.2,  -1.8,   0.8,  51.9,1020.3,   3.2,  -1.0
219642,  -0.4,  -1.0,  -1.9,  62.1,  61.2,1016.6,   3.0,  -0.9
219666,  -1.5,   0.4,  -0.7, 108.2,  19.5,1021.2,   2.5,  -1.0
219690,  -3.8,   2.2,  -1.1, -24.8,-112.6,1054.9,   2.0,  -1.0
219714,  -3.5,   0.5,   0.1, -11.2,  18.2, 982.9,   1.7,  -1.0
219742,   0.1,   2.5,  -0.0, -26.3,  19.0,1020.0,   1.7,  -0.8
219764,   2.0,   1.0,   0.5, -82.2,  49.7, 911.1,   2.0,  -0.7
219792,   1.9,   0.2,   0.5,   2.3,  75.9, 999.3,   2.3,  -0.8
219816,   0.2,  -1.0,  -0.1,  50.4, -25.2, 944.8,   2.1,  -0.7
219840,  -1.2,  -0.5,   0.9,  37.9,  -1.3, 985.3,   1.7,  -0.7
219868,   0.8,  -0.1,   0.0,   7.4,   1.2, 984.6,   1.5,  -0.6
219892,   2.3,  -3.5,  -1.5,  49.1, 100.3, 981.7,   1.7,  -0.4
219916,   0.6,  -2.2,  -2.2,  67.0,  33.6,1037.4,   1.7,  -0.7
219940,  -3.4,   3.2,   0.4, -34.3,-135.3,1038.1,   1.2,  -1.0
219965,  -0.3,  -1.0,   2.3,  64.0,-129.9,1123.8,   0.3,  -0.9
220017,   3.8,  -4.8,   1.8, 100.2,  43.9, 944.8,  -0.6,  -0.9
220021,   2.6,  -1.2,   1.4, 213.9,  15.8, 988.5,  -0.6,  -1.1
220041,   5.5,  -1.4,   1.2, -79.0, 160.8, 975.1,   0.1,  -0.6
220065,   7.8,  -5.4,  -0.2,  86.7,  81.7, 976.3,   1.4,  -0.5
220093,   4.0,  -2.5,  -1.3,  44.8,  37.3, 988.3,   1.5,  -0.7
220117,   0.1,   1.9,   0.8,   4.2, 105.2, 984.1,   1.8,  -1.0
220141,  -4.1,   1.0,  -0.1,  20.3,  94.9, 962.2,   2.0,  -1.0
220166,  -2.2,  -1.7,  -0.4,  27.9, 195.0,1024.7,   2.6,  -0.9
220190,   0.6,  -1.2,  -1.4, 110.2, 111.8, 967.3,   3.1,  -1.1
220218,   1.4,  -2.3,  -1.1,  72.1, 167.7, 963.4,   3.6,  -1.0
220242,  -0.0,   0.5,  -1.2,  24.5,  66.8, 971.4,   3.8,  -1.2
220266,  -2.0,  -0.2,  -0.4,  20.8, 113.7, 925.5,   4.0,  -1.2
220290,  -1.3,  -1.4,   0.2,  -2.9, 115.2,1061.8,   4.1,  -1.1
220318,   0.8,  -0.3,  -0.6,  43.3,  84.4, 995.1,   4.3,  -1.1
220342,  -0.0,  -0.0,  -0.4,  32.1,  75.4, 997.3,   4.4,  -1.1
220367,   1.3,  -0.7,  -0.8, 120.7, 116.6, 991.2,   4.5,  -1.2
220391,   1.1,   1.8,   0.7,  -7.0, 110.5,1027.6,   4.6,  -1.2
220415,  -3.1,   3.3,   1.8, -99.5, 139.1, 932.6,   4.6,  -1.0
220443,  -0.3,   0.6,   0.7, 107.5,  95.4,1024.7,   4.7,  -1.1
220467,  -1.6,   1.1,   0.0,   1.5,  12.1,1017.8,   4.5,  -1.0
220491,  -2.7,   2.6,   1.2, -61.4,  41.7, 962.9,   4.4,  -0.9
220519,  -2.5,   3.2,   1.1, -48.5,   4.6, 984.6,   4.3,  -0.7
220543,  -4.0,   2.2,   1.6, -91.5,   1.9, 939.2,   4.1,  -0.4
220568,  -3.8,  -3.6,   0.5, 249.1,  12.4, 990.7,   4.0,  -0.6
220592,  -3.6,   2.0,   4.1,-153.2, -76.0,1099.6,   3.3,  -0.4
220616,  -2.9,   0.8,   4.0, 112.4,-190.2,1239.3,   2.2,  -0.5
220640,   3.9,   0.2,   4.1,-118.8, 140.1,1041.0,   2.1,  -0.1
220668,   2.4,   1.1,  -0.2, -75.9, 134.9, 973.6,   3.1,   0.0
220692,   0.3,  -4.3,   1.7, 144.4,  46.6,1054.9,   3.2,   0.3
220716,  -3.5,  -0.7,   2.0,  40.1, -56.9,1028.8,   2.5,   0.1
220740,  -3.6,   0.1,   1.5, -15.5, -50.8,1051.8,   1.9,  -0.2
220765,  -2.4,  -0.8,  -0.0,  39.6,  75.9,1027.8,   1.7,  -0.3
220793,  -2.0,   2.6,   0.2,-206.2,   2.1, 998.5,   1.7,  -0.1
220817,   0.6,  -1.6,   0.5,  84.8, -11.8,1027.6,   1.5,  -0.2
220841,  -1.3,  -4.1,   1.1,  87.7,  11.4, 980.0,   1.0,  -0.1
220869,  -2.5,   1.3,   0.5,  18.9,  34.8, 969.0,   0.4,  -0.5
220893,  -0.8,  -1.9,   0.8,  46.5, -22.3, 980.7,   0.2,  -0.4
220917,  -1.5,   0.5,  -1.0, -17.3, -84.8,1000.7,  -0.3,  -0.5
220941,  -0.0,  -0.6,   0.7,  43.5, -90.4,1029.5,  -0.7,  -0.5
220966,   1.7,  -0.6,   0.2,  10.8, -49.1, 990.7,  -1.1,  -0.5
221018,  -0.2,  -2.3,   0.0,  58.9, -83.8,1020.5,  -1.6,  -0.7
221022,  -1.1,   0.4,  -0.1,  15.0, -88.0, 969.7,  -1.7,  -0.7
221042,   0.8,  -1.7,  -2.2, -52.2,  17.5,1008.5,  -1.8,  -0.6
221066,   2.5,  -4.2,  -4.7,  53.5,  67.6,1019.3,  -1.2,  -0.6
221094,   1.9,   0.2,  -2.2, -40.2,  34.1, 985.6,  -0.9,  -1.1
221118,  -0.6,  -1.5,  -1.0,  -2.4,  11.4,1000.0,  -0.6,  -1.0
221142,  -1.3,  -0.4,  -0.3,   7.9,  38.3, 991.0,  -0.4,  -1.0
221167,  -0.0,   1.5,  -1.1,  -7.2,  62.4, 993.6,  -0.1,  -1.0
221191,   1.6,  -1.2,  -0.6,  36.7,  92.0, 996.8,   0.3,  -1.0
221219,   1.8,  -2.1,  -0.7,   8.4,  72.9, 997.6,   0.7,  -1.1
221243,   0.1,  -0.3,  -1.1,  41.6,  63.9, 980.2,   0.9,  -1.2
221267,  -0.8,  -0.1,  -1.9,   7.6,  83.7, 974.1,   1.3,  -1.2
221291,   0.1,  -1.4,  -0.8,   8.9,  90.8, 996.6,   1.6,  -1.0
221319,  -0.3,  -1.7,  -1.4,  13.7,  95.2,1016.8,   2.0,  -1.0
221343,   0.3,  -0.4,  -1.9,  18.9, 111.0, 994.6,   2.4,  -0.9
221368,  -1.5,  -1.2,  -2.6,  29.4, 154.2, 966.8,   3.0,  -0.9
221392,  -3.7,  -2.4,  -2.6,  41.8, 107.1, 966.8,   3.4,  -1.1
221416,  -3.7,  -0.7,  -2.4, -15.1, 125.7, 979.7,   3.8,  -1.2
221444,  -1.5,  -0.8,  -0.3,   5.9,  96.6,1020.3,   3.7,  -1.0
221468,   0.5,  -0.1,  -1.6,  69.4,  47.5, 991.0,   3.7,  -1.4
221492,   3.5,   0.8,  -1.0,  -0.9, 134.0, 979.0,   3.9,  -1.4
221520,   2.8,  -1.0,   1.2, -38.0,  92.0, 936.8,   4.1,  -1.3
221544,   2.1,  -1.7,   0.1, 111.6, 134.9, 979.0,   4.6,  -1.3
221569,  -1.1,   0.6,  -1.7,   9.1,  80.5,1007.3,   4.8,  -1.4
221593,  -1.4,   1.9,  -0.3,-111.5, 129.3, 964.1,   4.9,  -1.4
221617,  -0.8,  -0.6,   1.9, -86.6,  76.8,1014.6,   5.0,  -1.4
221641,   0.3,   0.5,   1.3,  82.1, 108.3,1059.3,   5.3,  -1.6
221669,   1.4,  -1.2,   2.2, 122.1, 103.9, 959.2,   5.6,  -1.4
221693,   1.6,   1.5,   3.9,  -2.4, 144.5,1025.6,   5.7,  -1.4
221717,  -0.8,   0.5,   4.2, -41.7,  20.0, 971.2,   5.6,  -1.2
221741,   1.2,  -2.2,   4.1, 138.5,  38.5, 993.9,   5.5,  -1.0
221770,   0.0,   1.3,   4.0, -42.4, 159.6,1004.4,   5.6,  -0.8
221794,   2.1,   2.6,   4.1, -68.5, 157.7, 905.0,   5.8,  -0.9
221818,  -0.2,   1.8,   6.0,  -5.5,  59.8, 952.9,   6.0,  -0.7
221842,   1.7,   3.2,   6.3, 123.6, 103.0,1036.4,   5.8,  -1.1
221870,  -0.8,   1.9,   6.8, -63.9,  77.1, 944.1,   5.7,  -0.6
221894,  -1.6,   2.4,   7.1,  43.5, 108.1, 988.3,   5.6,  -0.5
221918,  -2.2,   6.6,   7.7,-307.8,  60.2,1047.6,   5.6,  -0.2
221942,  -1.0,  -2.8,   8.6,  39.9,-100.9,1017.1,   4.4,  -0.2
221967,   0.8,   2.6,   7.4, 194.4, -38.9,1048.1,   3.6,  -0.9
222018,  -0.1,   1.3,   6.6,  33.8,  25.8, 948.2,   3.9,  -0.4
222022,   2.3,   2.5,   5.3,-202.6, 137.6, 996.6,   4.0,  -0.1
222042,  -1.1,   2.4,   6.6,  44.3,   5.3, 859.9,   3.7,  -0.1
222070,  -2.8,  -0.3,   7.2,  88.9, -68.7,1055.9,   2.9,  -0.3
222094,  -1.9,   2.7,   7.4, -19.0,  60.7,1041.3,   2.7,  -0.4
222118,   1.5,   3.6,   6.5, -65.6,  66.8, 925.0,   2.5,  -0.1
222142,   2.6,  -0.6,   4.4, -38.0,  18.5,1055.2,   2.2,   0.1
222167,   1.6,   0.8,   4.8, -79.8, -95.5, 957.0,   1.7,   0.0
222195,   0.6,  -4.5,   3.9, 165.4, -71.1, 997.6,   1.4,  -0.0
222219,   0.6,  -3.7,   2.4,  40.8, -34.2, 992.7,   1.1,  -0.0
222243,   2.1,   0.4,   2.0, -47.5, -65.5, 970.0,   0.6,  -0.3
222267,   2.8,  -3.0,   2.2,  20.8, -51.3,1099.1,   0.3,  -0.5
222295,   1.4,  -2.8,  -0.1,  67.9,  35.3,1020.0,   0.4,  -0.6
222319,  -0.5,   0.1,   1.8,  30.3, -39.1,1003.7,   0.2,  -0.9
222343,  -2.3,   1.9,   4.0,  67.2,  18.5, 952.9,   0.1,  -1.1
222368,  -1.1,   2.5,   3.9, 124.8,  70.2, 981.9,   0.1,  -1.3
222392,  -0.5,   2.8,   6.0,-248.2,  56.3, 996.8,   0.1,  -0.7
222420,   0.3,  -0.8,   4.4, -12.6,-207.8, 950.7,  -0.8,  -0.4
222444,   1.1,  -1.7,   3.4, 117.3, -25.2, 993.6,  -1.1,  -0.7
222468,  -1.3,   0.1,   1.6, 114.8, -40.3,1028.3,  -1.5,  -1.1
222492,  -0.6,  -0.3,  -0.3, -30.9,-167.8, 986.8,  -1.6,  -0.9
222520,  -2.7,  -0.1,   3.8, -90.0, -63.8,1002.4,  -1.9,  -0.8
222544,  -1.3,   0.8,   4.1,  13.0, -22.5,1016.6,  -1.9,  -0.9
222569,   3.4,   0.6,   2.5,  65.3,  25.6,1039.8,  -1.7,  -1.1
222593,   3.2,  -2.1,   2.0,  15.0,  41.0, 974.9,  -1.3,  -0.9
222617,   2.1,  -0.6,   2.0, 109.7,  48.3, 998.3,  -1.0,  -1.3
222645,  -0.3,   0.5,   4.1,  22.8,  57.3, 981.0,  -0.6,  -1.5
222669,  -1.3,   1.5,   4.0, -13.6, 103.0,1027.3,  -0.2,  -1.2
222693,   1.4,  -2.0,   4.1,  47.2,  90.0, 985.1,   0.3,  -1.2
222717,   0.2,   1.0,   4.6, -34.1, 108.8, 996.6,   0.8,  -1.2
222745,   0.9,  -0.8,   4.3,  14.7,  44.4, 998.8,   1.3,  -1.0
222770,  -0.3,   0.5,   4.2,   0.3,  60.5, 992.9,   1.6,  -1.2
222794,  -0.0,  -0.7,   4.0,  74.8, 109.3, 988.8,   1.9,  -1.2
222818,   0.3,  -1.3,   3.7,  41.1,  78.8, 997.1,   2.3,  -1.2
222846,   1.2,  -1.7,   1.9,  59.2, 113.7,1009.5,   2.6,  -1.3
222870,   0.4,  -0.9,   1.7,  39.4,  97.8, 970.7,   2.9,  -1.3
222894,   0.3,   0.2,   2.4, -26.3, 111.5, 978.8,   3.3,  -1.4
222918,   0.1,  -0.1,   3.2,  26.0,  87.6,1042.7,   3.6,  -1.4
222946,  -1.1,  -0.3,   4.0,  39.6,  74.9,1007.3,   3.8,  -1.3
222971,  -0.3,   1.6,   2.4,  16.9,  83.2, 972.4,   4.1,  -1.5
222995,  -2.0,  -0.0,   4.1,  75.5, 105.2, 968.7,   4.3,  -1.4
223023,   0.4,   1.3,   3.8,  43.8, 105.2,1033.4,   4.4,  -1.4
223043,   0.6,   0.5,   2.8, -12.6,  41.9, 992.7,   4.4,  -1.3
223071,   0.9,   1.6,   1.0,  24.5,   3.1,1089.8,   4.5,  -1.6
223095,  -0.8,   1.9,   1.4, -62.9,  72.4, 976.3,   4.7,  -1.5
223119,   0.3,   0.2,   1.3, 163.4, 155.7, 953.6,   4.9,  -1.8
223143,  -3.7,   3.1,   0.9,  14.0,  83.4, 942.1,   5.1,  -1.6
223168,  -3.6,   1.6,   2.1, 148.5, 162.8, 955.1,   5.2,  -1.8
223196,   1.0,  -5.1,   5.9, 222.5, 132.7,1074.2,   4.7,  -1.3
223220,   2.5,   3.0,   3.8,  50.1, -13.0, 945.1,   4.4,  -1.6
223244,   1.7,   1.0,   1.0,-129.3, 138.4, 989.7,   4.8,  -1.1
223268,   0.5,  -0.1,  -1.4, -19.7, 100.5, 982.4,   5.1,  -1.2
223296,  -3.2,  -7.5,  -0.1, 422.2,  63.2,1107.4,   5.1,  -1.1
223320,  -3.6,   5.1,  -0.9, -52.2, -15.0,1015.4,   4.6,  -1.7
223344,  -1.4,   0.5,  -1.1, -60.7,  71.7, 921.6,   4.4,  -1.4
223369,   0.5,   0.8,  -1.5, -70.0,  44.6,1080.8,   4.4,  -1.4
223393,   0.7,   2.2,  -0.6, -56.8,   9.2, 939.0,   4.7,  -1.2
223421,   0.0,   1.9,   1.5, -50.7,  -8.1,1001.5,   4.6,  -1.3
223445,  -0.8,   1.6,   1.6,  87.5, -15.7, 974.9,   4.2,  -1.6
223469,   0.6,   0.5,   3.4,  33.5,  75.1,1181.1,   3.7,  -1.6
223493,  -1.5,  -2.3,   4.3,  37.4, -90.6,1017.8,   3.5,  -1.2
223521,   0.1,  -0.7,   2.8,  44.0,   1.9, 936.0,   3.5,  -1.2
223545,   1.0,   4.3,   2.1,  68.9,  -7.4, 931.1,   3.2,  -1.3
223570,   4.1,   0.5,   0.3, -49.7, 126.2, 950.7,   3.2,  -1.1
223594,  -0.3,  -3.2,   1.9, 159.7,  46.1, 987.8,   3.1,  -1.0
223618,  -3.9,   0.7,   0.5,   3.7, -13.2, 981.0,   3.2,  -0.9
223646,  -3.7,   4.0,   4.5,  12.3,  36.6, 902.1,   2.9,  -1.2
223670,  -2.8,  -1.5,   4.1, -40.0,-240.5,1204.6,   2.7,  -0.5
223694,  -2.5,   2.4,   5.6, 201.2,-159.2,1078.1,   1.9,  -0.8
223722,   2.4,  -3.2,   4.3,  47.2, -14.0, 984.6,   1.8,  -0.6
223746,   0.6,  -0.0,   4.1,  12.5,  45.6,1014.2,   1.8,  -0.7
223771,  -1.0,   2.2,   4.3, -62.7, -89.2,1002.9,   1.3,  -0.4
223795,  -3.8,   2.1,   4.1,  35.0,-111.6, 986.6,   0.7,  -0.9
223819,   0.0,   1.1,   3.8,  78.9,  28.0,1016.6,   0.3,  -0.8
223847,   1.1,   3.7,   4.1,-118.6, -36.2, 983.2,   0.3,  -0.3
223871,   0.6,  -0.9,   4.1,  42.1, -50.1, 985.1,   0.1,  -0.3
223895,  -1.0,  -1.1,   6.0,  57.0, -86.5,1049.1,  -0.3,  -0.4
223919,  -3.4,   2.2,   6.5, -28.5, -68.4,1010.7,  -0.7,  -0.3
223947,  -0.8,  -1.0,   4.2,  57.9, -48.9,1029.8,  -1.2,  -0.2
223972,   0.9,  -0.4,  -0.9,  40.8, -18.4,1013.4,  -1.3,  -0.5
223996,   1.3,  -2.3,  -4.3,  89.4, -71.8, 999.3,  -1.6,  -0.7
224024,   0.1,  -1.7,  -5.1, 138.3,  47.3,1005.4,  -1.6,  -0.9
224044,  -0.5,  -1.4,  -2.9,  37.9, 144.0, 981.4,  -1.0,  -0.9
224072,   1.9,  -0.6,  -1.2, -16.8,  94.7, 996.1,   0.1,  -0.8
224096,  -0.5,  -1.7,  -0.8, -26.8,  38.3,1013.9,   0.6,  -0.5
224120,  -0.5,  -0.3,  -0.1,  40.8,  75.9,1014.4,   0.8,  -0.6
224144,  -0.2,   0.1,  -0.4,  51.6,  63.2, 981.2,   1.1,  -0.9
224169,  -0.6,  -1.7,  -1.9,  68.2,  73.9, 995.1,   1.3,  -1.2
224197,  -1.5,  -0.6,  -4.2,   4.2,  44.4, 999.0,   1.6,  -1.3
224221,   1.0,  -2.0,  -5.3,  19.9,  79.8, 978.0,   1.8,  -1.3
224245,  -0.6,  -1.5,  -5.6,  23.3,  60.5,1003.4,   2.1,  -1.5
224269,  -0.6,  -1.4,  -5.9,  15.5,  30.9,1062.0,   2.3,  -1.5
224297,   1.3,   1.3,  -7.3,   6.7,  82.7, 989.7,   2.5,  -1.7
224321,   0.3,  -2.1,  -6.8,  -7.0,  78.3,1032.7,   2.9,  -1.6
224345,   0.1,  -0.7,  -6.9,  33.5, 131.8, 951.7,   3.3,  -1.6
224370,  -1.1,   2.1,  -6.1,-146.9,  64.1,1020.3,   3.4,  -1.6
224394,  -0.5,  -6.1,  -5.8, 225.4, 113.0,1007.1,   3.4,  -1.5
224422,   1.4,   1.3,  -9.7,-149.8, 112.2, 931.9,   3.6,  -1.6
224446,   0.5,  -2.5,  -8.0,  76.7, 115.9, 965.8,   3.9,  -1.6
224470,  -0.5,  -1.7,  -6.7, -84.4, 124.4, 952.9,   4.3,  -1.4
224494,  -0.3,  -5.1,  -6.9,  31.1, 103.0, 969.0,   4.5,  -1.3
224522,  -3.9,  -7.3,  -7.0, 319.4,  26.3,1008.3,   4.4,  -1.8
224546,  -3.0,   0.5,  -4.4,  96.5, 214.0,1032.7,   4.1,  -2.0
224572,  -0.2,   4.1,  -4.2,-100.3,  72.2, 960.4,   4.0,  -1.7
224596,  -1.7,   2.4,  -3.8,-100.5,  55.6, 979.2,   4.2,  -1.3
224620,  -2.8,   3.4,  -3.3,-116.4,  -1.8,1007.8,   4.1,  -1.3
224644,  -1.4,  -1.2,  -0.7,  54.3,  -1.3,1009.5,   3.7,  -1.2
224672,  -1.9,   0.4,   0.2, 115.8, -54.0, 983.2,   2.8,  -1.2
224696,  -0.1,   0.5,   0.5, -95.9,  -0.1, 958.0,   2.3,  -0.8
224720,  -1.1,  -0.8,  -1.4, 101.9, -40.8,1022.2,   2.0,  -0.9
224748,   1.1,   3.0,  -0.8,-139.8,  45.3, 940.2,   1.9,  -0.8
224773,   1.7,  -3.3,  -1.1, 168.0,  -1.3,1028.3,   2.0,  -0.9
224797,   1.7,   0.9,  -0.1,  24.7,  67.8, 997.6,   1.8,  -0.7
224821,  -0.0,   3.5,   1.1, -39.7,  34.6, 956.8,   1.9,  -0.6
224845,   1.7,   0.3,   3.3, -59.0,  53.9, 949.0,   2.0,  -0.4
224873,   0.8,   3.8,   4.2,  27.4, -43.5,1007.6,   1.8,  -0.7
224897,   0.3,   0.1,   4.3, -70.0,  72.7, 968.7,   2.0,  -0.2
224921,   0.6,   0.8,   3.9,  30.1,  32.7,1039.8,   1.9,  -0.3
224945,  -2.0,   1.8,   3.9,-138.8,-217.3, 976.8,   1.1,   0.2
224970,   3.5,  -6.4,   4.1, 194.9,  25.1, 974.4,   0.3,  -0.1
224998,   5.4,   1.0,  -0.9,-121.3,   0.7, 912.4,   0.3,  -0.2
225026,   5.0,  -2.6,  -0.1,  47.0,  36.1, 947.5,   0.4,  -0.3
225046,   2.3,  -4.1,   1.3,  62.8,  24.1, 997.6,   0.5,  -0.3
225070,  -0.3,  -1.6,   2.8,  20.1, -78.7, 988.5,   0.2,  -0.6
225098,  -3.0,  -1.0,   3.9,   2.0, -21.1,1032.7,  -0.1,  -0.6
225122,  -2.5,  -0.7,   4.2,  44.3, -72.3,1010.3,  -0.3,  -0.8
225146,  -0.0,  -0.6,   4.1,  66.5,-133.6,1014.9,  -0.9,  -1.0
225171,   0.9,   2.2,   0.5,   4.0,-104.3, 984.9,  -1.5,  -1.1
225195,   3.2,  -2.0,  -5.6,  17.7,  47.8,1017.8,  -1.2,  -0.9
225223,   7.0,  -1.6,  -4.0,  24.7, 150.3, 976.3,  -0.3,  -1.1
225247,   3.7,  -2.2,  -2.5,   1.1,  44.6, 996.1,   0.3,  -1.5
225271,  -0.7,  -1.9,  -0.4,  -1.1,  48.5,1018.1,   0.4,  -1.1
225295,  -1.1,  -1.0,  -2.9,  97.7,  88.6, 976.6,   0.8,  -1.2
225323,   0.9,  -1.0,  -3.3,  30.1, 158.1, 973.9,   1.5,  -1.5
225347,   0.1,   0.1,  -3.7, -14.6, 111.5,1012.0,   2.1,  -1.5
225372,   1.3,  -0.7,  -4.7,   5.0, 101.3, 984.4,   2.6,  -1.6
225396,   1.0,  -2.1,  -5.6,  69.7, 135.7, 983.2,   2.9,  -1.6
225420,  -0.5,  -1.0,  -5.1,  41.8, 106.4, 966.3,   3.3,  -1.7
225448,  -1.0,  -0.8,  -4.2,  49.4, 142.0, 933.3,   3.7,  -1.7
225472,   0.4,  -0.5,  -3.9,  49.4, 120.8,1001.0,   4.0,  -1.6
225496,   1.2,  -0.7,  -3.4,  44.8,  85.1, 998.8,   4.4,  -1.6
225524,   0.8,   1.9,  -4.7, -80.0, 112.2, 976.3,   4.5,  -1.4
225548,   0.8,  -1.5,  -4.0,  49.6, 154.7, 958.0,   5.0,  -1.5
225573,  -0.2,  -2.2,  -4.2,  -9.4,  98.8, 988.5,   5.0,  -1.3
225597,   1.2,  -2.5,  -3.8, 146.8,  74.6, 954.1,   5.0,  -1.5
225621,  -1.6,   0.5,  -5.2,  18.6, 101.5, 999.0,   5.2,  -1.5
225649,  -2.6,  -0.3,  -4.1,  72.1,  65.6, 983.6,   5.2,  -1.6
225673,  -3.9,   2.2,  -4.6, -79.3,  78.1, 922.6,   5.2,  -1.3
225697,  -3.7,  -0.7,  -4.0, 125.3,  90.0, 950.2,   5.1,  -1.4
225721,  -1.5,   2.6,  -3.7,-133.0, -20.8,1141.1,   4.9,  -1.3
225749,  -0.0,  -1.4,  -1.6,   3.0,  11.9,1055.7,   4.1,  -0.6
225774,   1.2,  -0.9,  -3.4, -31.7,  20.2, 999.5,   3.9,  -0.8
225798,   1.2,  -0.5,  -3.9,  89.4,  52.9, 935.5,   4.1,  -0.8
225822,  -0.0,  -1.0,  -0.9,  94.3,  20.2,1018.1,   3.6,  -1.2
225846,   0.8,   0.7,  -1.4,   7.2, 117.9, 974.9,   3.5,  -0.8
225874,   0.5,  -0.7,   0.0,  16.9,  59.5, 987.5,   3.3,  -0.6
225898,  -0.2,   0.2,   0.3,   7.4,  20.0, 954.3,   3.2,  -0.5
225922,   0.2,  -0.0,   0.3,  23.3,  14.1, 993.9,   2.9,  -0.5
225946,  -0.8,  -2.2,   0.9,  55.5, -11.8,1029.0,   2.4,  -0.6
225971,  -0.8,   0.5,  -1.2,  70.4, -12.8,1032.7,   2.1,  -0.5
225999,   2.6,  -0.9,  -1.4,  54.0,  -0.8, 967.3,   1.8,  -0.3
226027,   0.3,  -1.7,  -1.0,  51.8,   5.3, 933.6,   1.8,  -0.4
226047,   0.5,  -1.5,   0.3,  87.7, -23.0, 946.3,   2.0,  -0.4
226071,  -1.4,  -1.2,  -0.3,  60.9,  -3.7,1029.5,   1.7,  -0.2
226099,  -2.0,  -2.1,  -1.7,  46.2,  26.3, 981.9,   1.4,  -0.2
226123,  -0.8,  -2.3,  -1.7,   4.7, -13.2,1009.8,   1.1,  -0.3
226147,   0.0,  -1.2,  -2.6, -13.6, -34.7, 982.2,   0.7,  -0.4
226172,   1.9,  -1.4,  -3.1,  29.1, -48.2,1010.5,   0.5,  -0.6
226196,   0.8,  -1.2,  -1.9, -48.3,  -7.9, 975.3,   0.3,  -0.5
226224,  -0.6,  -1.4,  -2.2,   2.0, -20.6,1008.5,   0.2,  -0.6
226248,  -2.0,  -0.7,  -0.5,  11.8, -45.5, 979.2,  -0.2,  -0.7
226272,  -3.8,  -0.1,  -0.3,  22.3, -39.1,1007.8,  -0.6,  -0.6
226296,  -1.0,  -0.6,  -1.0,  43.8, -52.6, 998.0,  -0.9,  -0.8
226324,   0.2,   0.7,  -0.0, -37.8,-102.1,1001.5,  -1.5,  -0.6
226348,  -1.1,  -0.2,  -0.0,  65.7,-126.3, 997.6,  -2.0,  -0.7
226373,   0.6,   0.6,  -1.7, 103.1,  12.6, 992.7,  -2.1,  -0.8
226397,   5.7,  -5.2,  -5.2, -95.4, 200.6,1041.5,  -1.3,  -0.4
226421,   3.6,  -1.7,  -3.3, 101.1,  31.7, 968.5,  -0.3,  -1.0
226449,   1.0,  -2.1,  -1.3,  27.2,  46.1,1020.5,  -0.2,  -1.0
226473,  -2.1,   0.7,  -0.9, -18.7,  68.8,1005.9,   0.2,  -0.9
226497,   0.8,  -1.1,  -0.8,  -1.6, 131.8,1001.7,   0.6,  -0.8
226525,   2.0,  -0.8,  -0.9,  14.7,  96.9, 997.1,   0.7,  -0.8
226549,   3.3,  -2.5,  -1.2,  28.6, 102.0, 983.9,   1.3,  -0.9
226574,   3.3,  -1.8,  -2.6,   8.9, 112.0, 963.9,   1.9,  -1.0
226598,  -1.0,  -2.6,  -2.5,  28.2, 125.4, 969.7,   2.4,  -1.0
226622,  -2.2,  -1.5,  -2.5,  22.3, 138.9, 973.9,   3.0,  -1.1
226650,  -3.5,  -2.7,  -0.7,  31.1,  86.4, 998.3,   3.4,  -1.2
226674,  -1.9,  -0.4,  -0.4, 117.5,  77.6,1007.8,   3.6,  -1.6
226698,   0.8,   0.8,  -0.9,  42.3, 121.0,1002.0,   3.8,  -1.7
226722,   1.7,   0.7,   0.0,  29.9, 123.5, 974.1,   4.2,  -1.5
226750,  -0.3,  -0.5,  -0.5,  36.2,  97.3, 976.8,   4.5,  -1.5
226775,  -0.6,  -0.4,   0.7,  47.7,  80.7, 981.7,   4.7,  -1.4
226799,  -1.1,   0.7,  -0.5,  42.1,  64.6,1023.9,   4.7,  -1.4
226823,   0.4,   1.6,   0.6, -64.9, 110.8, 978.5,   4.8,  -1.3
226847,  -0.5,   0.6,  -0.4,  79.9,  93.9, 988.3,   5.0,  -1.5
226875,   0.6,  -1.6,  -0.0,  93.1, 176.4, 966.5,   5.3,  -1.2
226899,   1.2,   2.7,  -0.1,-102.0,  74.6, 975.6,   5.3,  -1.1
226923,  -0.0,  -1.3,   0.3,  16.9,  67.8, 978.3,   5.5,  -1.0
226947,  -0.6,  -0.3,  -0.4, 101.9, 115.2, 970.0,   5.7,  -1.3
226972,   0.1,   1.9,   0.6,  67.9, 131.0, 959.2,   5.7,  -1.2
227000,   0.1,  -0.3,   0.8,  -4.8,  52.4,1008.5,   5.6,  -1.1
227028,   1.4,   0.1,  -0.3, 100.4, 132.7,1004.4,   5.7,  -1.1
227048,   2.1,   2.1,  -0.3,  54.0,  92.5, 945.8,   5.7,  -1.1
227072,   1.4,   1.0,  -0.2, -11.9,  68.1,1025.9,   5.7,  -1.0
227100,  -0.3,  -1.4,   1.2,  54.5,  44.9, 991.9,   5.7,  -0.9
227124,   0.7,   1.8,   0.8, -10.4,  88.3, 941.6,   5.6,  -1.1
227148,  -1.9,   0.7,   0.4,  49.4, 103.2, 934.8,   5.8,  -1.1
227173,  -2.5,  -3.7,   2.9,  34.0, -62.3,1140.9,   5.6,  -0.7
227197,   3.3,  -4.5,   3.9, 197.8, 185.7, 926.0,   5.0,  -0.7
227225,   2.0,  -0.3,   0.2,-104.4, 100.0, 905.3,   4.7,  -0.7
227249,  -3.3,  -2.0,   2.1, 121.7, -82.3, 938.5,   4.4,  -0.9
227273,  -0.6,   2.1,   4.2,  42.3,  28.0, 993.2,   3.9,  -1.2
227297,   1.7,   2.7,   1.0, 109.0, 102.2,1008.5,   3.7,  -1.2
227325,   3.2,   0.7,   0.0,-129.1,  79.0, 995.6,   3.8,  -0.4
227349,   1.5,  -0.6,   2.4,  34.3,  62.4, 971.9,   3.8,  -0.6
227374,  -0.8,  -0.1,   3.8, 116.3,   0.2, 924.3,   3.2,  -0.7
227398,  -1.1,   0.2,   4.1, 118.5,  32.2, 979.7,   2.8,  -0.6
227422,  -0.5,   1.2,   1.3,  65.7,  51.0, 954.8,   2.6,  -0.4
227450,  -0.6,  -3.2,   1.8, 104.8, -15.0, 951.2,   2.3,  -0.3
227474,   1.4,   0.2,   2.2,  23.5, -54.5,1079.6,   1.9,  -0.6
227498,  -0.3,  -0.1,   2.5,  20.1, -36.7, 994.1,   1.7,  -0.6
227526,  -0.0,   1.0,   4.0,-131.5, -22.3,1012.0,   1.5,  -0.4
227550,   0.3,  -3.0,   3.7,  34.7, -74.0,1016.6,   1.2,  -0.4
227575,  -0.5,   0.1,   2.9,  10.3, -12.8,1002.7,   0.8,  -0.4
227599,   1.3,  -1.8,   4.0,  33.5, -13.2, 980.7,   0.4,  -0.5
227623,  -1.3,   0.4,   4.2,  31.3, -32.5,1032.5,   0.0,  -0.5
227651,  -2.0,  -0.1,   4.4, -14.8, -67.2, 977.3,  -0.5,  -0.3
227675,  -1.1,   0.2,   4.1,  12.5, -64.8,1007.1,  -0.9,  -0.4
227699,  -0.3,  -1.7,  -1.0,  73.3,-133.4,1040.8,  -1.5,  -0.6
227723,  -0.0,  -3.2,  -8.9,  10.6, -27.9,1001.5,  -2.1,  -0.9
227751,   2.3,  -3.2,  -7.1,  10.8, 149.8, 975.8,  -1.3,  -1.3
227776,   1.6,   1.0,  -3.6, -99.3, -16.4, 979.5,  -0.5,  -1.6
227800,   0.6,  -0.5,  -3.1,-120.8,  62.2,1013.7,  -0.3,  -1.0
227824,  -0.8,  -0.3,  -3.9,  94.1,  56.3, 980.0,   0.0,  -1.2
227848,  -0.9,   0.7,  -2.7,  80.9, 132.5, 986.3,   0.5,  -1.5
227876,  -1.1,  -0.7,  -2.8,  52.6,  73.9, 981.7,   1.0,  -1.6
227900,  -0.6,  -1.0,  -4.4,  47.2,  64.1, 985.1,   1.2,  -1.6
227924,  -1.6,  -0.6,  -6.9,  54.0,  80.3, 985.1,   1.4,  -1.7
227948,  -0.0,  -2.1,  -6.4,  35.2,  62.2,1002.7,   1.6,  -1.5
227973,  -0.6,  -3.0,  -6.3,  32.1,  91.7,1012.2,   1.7,  -1.5
228001,   0.8,  -1.9,  -7.7, -27.0, 111.0, 992.7,   2.2,  -1.6
228029,  -0.9,  -2.3,  -6.5, 109.5, 151.3, 984.1,   2.3,  -1.8
228049,  -0.3,   0.1,  -5.7,  46.7, 120.3, 976.3,   2.8,  -1.9
228073,  -0.6,   0.3,  -3.4,  45.5, 100.3, 998.0,   3.2,  -1.9
228101,   0.5,   2.6,  -1.2, -27.3, 139.6,1013.9,   3.7,  -1.9
228125,   1.1,   0.7,   0.2, -21.9, 168.9, 963.1,   4.3,  -1.5
228149,  -2.3,   0.2,  -0.8, -19.2,  38.3,1003.4,   4.7,  -1.3
228174,  -1.6,  -0.3,   0.4,  29.9, 138.4, 934.6,   5.0,  -1.3
228198,  -0.3,  -1.7,  -0.4,  87.0, 144.5,1019.0,   5.2,  -1.3
228226,  -1.1,  -1.2,   1.9,  39.4, 173.5, 984.9,   5.5,  -1.3
228250,   0.9,  -1.2,  -0.0,  48.2, 103.0, 961.2,   5.9,  -1.3
228274,  -2.2,   0.2,  -0.5, -39.2,  84.7,1067.4,   6.2,  -1.2
228298,  -0.2,   0.9,  -0.0, -26.3, 122.5, 999.0,   6.2,  -1.1
228326,  -1.6,  -0.0,  -0.3,  73.1,  80.3, 997.1,   6.3,  -1.4
228350,  -0.4,   1.3,  -0.8,   6.7,  83.9, 958.7,   6.4,  -1.3
228375,  -3.8,  -1.4,   0.3,  83.6,  95.2,1007.3,   6.3,  -1.2
228399,  -3.3,  -0.3,   1.8, 121.7,  87.1, 990.2,   6.0,  -1.2
228423,  -4.1,   1.1,   1.3,  -7.0,   5.6, 981.9,   5.6,  -1.1
228451,  -1.8,  -0.7,   1.9,  62.8, -93.6,1029.8,   4.8,  -1.2
228475,   0.8,  -1.0,   0.2,  10.6, -40.1,1008.8,   4.1,  -1.1
228499,  -1.6,   0.7,  -0.6,  29.1, -15.0,1009.0,   3.6,  -1.2
228527,  -2.1,   2.5,   0.5, -45.1,   1.6, 757.8,   3.5,  -1.0
228551,  -1.0,   0.5,   2.1, -35.1, 140.3, 993.6,   3.7,  -1.1
228576,  -4.0,   3.0,   4.1,  44.5,  51.9,1099.1,   3.9,  -1.2
228600,  -4.1,  -2.5,   4.7,  39.4,-130.2,1121.3,   3.2,  -0.6
228624,  -1.9,   1.8,   3.9, -27.0, -88.0, 966.1,   2.5,  -0.7
228652,   0.1,  -0.3,  -0.5, -38.3, -15.7, 923.6,   2.4,  -0.7
228676,  -2.0,  -0.7,   0.7,  85.5,-129.7,1045.7,   2.1,  -1.1
228700,   1.8,   2.4,   2.2,-132.0,  -4.9, 998.0,   1.7,  -0.8
228724,   2.6,  -0.0,   2.8, -29.7,  12.4,1018.3,   1.4,  -0.6
228752,   1.2,  -1.4,   3.9,  26.4, -29.1, 999.3,   1.3,  -0.5
228777,   0.6,   1.2,   4.1, -55.6,   1.9,1006.8,   1.2,  -0.5
228801,   0.2,  -0.0,   4.2,  13.5, -46.0, 990.2,   0.9,  -0.7
228825,  -0.5,   2.5,   4.4, -85.1, -10.1, 968.5,   0.7,  -0.4
228849,   0.1,  -0.7,   4.3,  74.5, -19.8,1024.7,   0.3,  -0.5
228877,  -0.5,   1.6,   4.0,   7.6, -59.1,1006.1,  -0.0,  -0.6
228901,   1.4,  -0.4,   4.1,  26.4, -61.8, 999.5,  -0.4,  -0.5
228925,   0.2,  -0.1,   3.9,  60.6, -62.3,1026.6,  -0.9,  -0.6
228949,   0.5,   0.1,   4.0,  38.2,-126.5,1000.2,  -1.5,  -0.5
228974,   2.0,   1.6,  -1.4,-102.7,   4.8, 977.0,  -1.6,  -0.6
229002,   3.5,  -6.1,  -2.3, 182.2,  89.5, 933.1,  -0.9,  -0.6
229030,   3.4,   0.4,   1.4, -35.6, 156.7,1000.7,  -0.8,  -0.5
229050,  -0.2,  -0.9,   2.4, -54.4,  -4.0, 998.0,  -0.3,  -0.2
229074,  -1.7,  -0.1,   2.2,  -4.6,  85.1, 988.8,  -0.0,  -0.2
229102,   0.1,   0.8,  -0.0,  57.9,  95.9, 994.9,   0.4,  -0.7
229126,   0.7,  -0.1,  -0.3,  17.4,  72.4, 980.2,   0.9,  -0.9
229150,   2.2,  -1.8,  -1.4,  46.2,  99.5, 994.1,   1.2,  -1.1
229175,   1.0,  -2.1,  -1.5,  40.6,  95.9, 980.5,   1.7,  -1.1
229199,   0.7,  -0.9,  -2.1,  32.5, 105.6, 963.1,   2.1,  -1.2
229227,   0.2,   0.4,  -2.2,   5.9, 123.7, 962.6,   2.6,  -1.2
229251,  -1.5,  -1.1,  -1.5,  43.0,  91.7,1021.5,   3.0,  -1.3
229275,  -0.1,   1.3,  -2.7,  28.4, 115.7, 992.9,   3.3,  -1.4
229299,  -0.9,   0.2,  -2.3,   8.1, 104.4, 998.3,   3.6,  -1.4
229327,   0.8,  -0.7,  -1.7,  67.5, 126.6, 969.7,   4.1,  -1.4
229351,  -0.3,   1.6,  -2.0,   5.0, 129.3, 957.0,   4.4,  -1.4
229377,  -2.7,   0.5,  -2.3,  -3.6, 126.6, 949.7,   4.8,  -1.4
229401,  -3.4,   0.4,  -2.9,  39.9, 108.6, 956.8,   5.1,  -1.5
229425,  -3.3,   1.5,  -1.7,  86.7, 153.0, 978.3,   5.4,  -1.7
229449,  -1.4,   1.5,   0.2, -70.5,  27.3,1079.3,   5.0,  -1.2
229477,   0.7,  -0.6,  -1.4,  78.4, 109.6, 981.0,   5.2,  -1.2
229501,   0.8,  -0.9,  -2.5,  22.5, 194.5, 936.5,   5.7,  -1.1
229529,  -2.9,   3.7,  -3.4, 111.6, 100.0, 987.3,   5.7,  -1.1
229553,  -3.5,   3.5,  -1.5, -57.1,  83.9, 989.3,   5.6,  -1.2
229578,  -3.3,   1.0,  -1.1, 157.1, 152.0, 977.0,   5.6,  -1.3
229602,  -0.1,   1.3,  -0.3, -41.4, 161.6,1002.7,   5.7,  -0.9
229626,   1.1,  -3.8,  -0.6,  73.6, 129.6, 955.6,   6.0,  -0.7
229650,  -2.7,  -1.4,  -2.2, 104.6,  67.1,1009.8,   6.3,  -0.9
229678,  -3.3,  -3.2,  -2.2,-100.8, -35.5, 988.8,   5.9,  -0.6
229702,  -3.6,  -2.5,  -1.9, 159.5,  32.2, 936.8,   5.8,  -1.0
229726,  -1.1,   3.8,  -3.1, -64.9, 155.2,1078.9,   5.7,  -1.2
229750,  -3.0,   4.8,  -1.7, -56.1,  84.7, 958.5,   6.0,  -1.2
229775,  -3.8,   1.8,  -0.0, -18.0, 101.3,1044.7,   6.0,  -1.1
229803,  -1.6,   3.5,   0.2,-117.4,   7.7, 995.6,   5.5,  -0.8
229827,  -1.4,   2.0,   1.1,  -2.4, -34.0, 946.5,   4.6,  -0.7
229851,   0.6,   1.3,   0.2,  -0.2,  28.5, 994.1,   4.1,  -0.8
229875,   0.2,   0.1,  -2.5,   7.9,  51.2, 945.8,   3.8,  -1.0
229903,  -0.2,  -1.0,  -5.6,  41.1, 178.4,1007.8,   4.1,  -0.8
229927,  -1.7,  -3.5,  -1.5, 218.8, -53.5,1101.1,   3.2,  -0.6
229951,   0.3,  -0.8,  -4.8,-105.6, 116.4, 886.0,   2.8,  -0.3
229976,  -0.3,  -6.9,  -6.1, -64.1, 191.6, 921.6,   3.2,  -0.1
230000,  -3.6,  -4.0,  -4.8, 111.9, -48.2, 992.2,   2.9,  -0.7
230028,  -2.2,   1.3,  -1.8, -81.0, -73.6,1114.7,   2.7,  -0.5
230052,   0.9,   3.4,  -1.3, -65.6, -74.5,1064.0,   2.3,  -0.5
230076,   2.5,  -2.2,  -1.2,  50.9, -39.4, 945.8,   2.4,  -0.2
230100,   2.5,  -0.3,   1.0, -25.8,  30.0,1008.1,   2.1,  -0.2
230128,   0.3,  -1.3,   3.8, 158.0,-109.2,1043.7,   1.3,  -0.6
230152,  -0.2,   1.2,   3.8, -34.8,   9.5, 970.2,   0.9,  -0.5
230177,  -0.8,   1.4,   4.3, -51.2,  -7.1, 992.9,   0.6,  -0.4
230201,  -0.8,   0.2,   4.3,  21.1, -88.9,1021.0,   0.2,  -0.2
230225,   1.5,   1.3,   3.9, -12.6, -53.3,1011.7,  -0.2,  -0.2
230253,   0.0,   0.2,   4.0,  -2.9, -80.4, 981.2,  -0.7,  -0.1
230277,   1.8,  -0.9,   3.8,  -2.6, -32.3,1036.6,  -0.9,   0.0
230301,   1.1,  -0.4,  -1.4,  39.1,-105.0, 999.0,  -1.3,  -0.3
230325,   0.3,  -3.0,  -6.3,  -9.0, -22.8, 990.2,  -1.6,  -0.6
230353,   2.9,  -2.6,  -3.6,  33.3,  78.8, 992.9,  -1.2,  -1.0
230378,   2.2,  -0.7,  -1.1, -12.1,  51.4,1010.0,  -0.6,  -1.1
230402,   0.8,  -1.0,  -1.1, -71.5,  24.1, 988.8,  -0.3,  -0.8
230426,   2.7,  -1.2,  -1.2,  36.7,  50.0, 996.1,  -0.1,  -0.9
230450,  -0.3,   0.3,  -0.9,  60.6,  67.3, 998.5,   0.1,  -1.1
230478,   2.0,  -1.2,   0.3,  53.1,  68.3, 983.9,   0.6,  -1.3
230502,   1.7,  -1.5,  -0.8,  11.1,  95.9, 981.0,   1.0,  -1.3
230530,   0.8,  -0.6,  -1.1,  39.1, 120.8, 979.0,   1.1,  -1.3
230554,   0.5,  -0.4,  -1.4,  60.6, 145.4, 971.2,   1.7,  -1.4
230579,  -1.6,   0.2,  -0.5,  62.3, 157.9, 979.0,   2.4,  -1.5
230603,  -2.8,   2.1,  -0.7,  47.7, 100.8,1085.9,   2.9,  -1.5
230627,   0.3,   3.2,   1.2,-244.1,  85.1, 988.0,   3.1,  -0.8
230651,   1.0,  -2.3,   0.3, 111.6,  83.9,1046.6,   3.4,  -1.1
230679,   0.6,  -1.6,  -1.6,  37.7, 174.0, 978.5,   4.0,  -1.0
230703,   1.3,   1.5,  -3.7,  89.7, 148.9, 966.3,   4.4,  -1.6
230727,   0.5,   0.7,  -1.7, -53.9, 119.3, 974.6,   4.8,  -1.2
230751,   0.9,   0.8,  -1.2,  15.7,  60.0,1054.9,   5.0,  -1.4
230776,  -0.5,  -1.0,  -1.3,  -2.1, 123.5,1012.2,   5.6,  -1.2
230804,  -0.3,   1.2,  -1.4, -81.5,  90.3, 941.2,   5.8,  -1.1
230828,   0.3,  -1.4,  -1.3,  42.6,  99.3,1017.6,   5.9,  -1.2
230852,   0.6,  -0.4,  -1.4,   5.9,  53.4,1005.9,   5.8,  -1.4
230876,  -0.4,  -0.9,  -3.0,  50.6, 146.4, 951.4,   5.9,  -1.3
230904,  -1.0,  -0.4,  -3.1, 147.3, 194.3, 993.9,   6.0,  -1.5
230928,   0.8,  -0.0,  -1.9, 122.9, 107.1, 950.7,   5.8,  -1.5
230952,   0.8,   3.6,  -3.4,-156.7,  51.9, 949.2,   5.8,  -1.2
230977,   0.6,  -6.5,  -2.3, 134.6, 103.5,1021.0,   5.8,  -1.1
231001,  -0.6,   2.6,  -4.7, -15.3,  18.2,1012.4,   5.8,  -1.2
231029,  -0.9,   2.2,  -6.2, -64.6,  10.7, 984.4,   5.7,  -1.0
231053,  -2.7,   0.4,  -5.6,  62.3,  50.2, 923.6,   5.6,  -1.1
231077,  -3.4,   3.0,  -4.8, -81.7, 117.6,1008.1,   5.3,  -1.1
231101,  -3.3,   5.1,  -5.3,-332.9, -38.6,1082.5,   5.2,  -0.8
231129,  -0.5,  -5.4,  -1.5,  21.1, -37.9,1041.3,   3.9,  -0.3
231153,  -0.4,  -3.7,  -4.5, 158.5,   1.6, 918.7,   3.8,  -1.0
231178,   3.0,   3.0,  -2.9, 198.6, 136.7, 919.7,   3.6,  -1.7
231202,   0.6,   3.0,  -3.3, -21.4, 143.2, 951.9,   3.7,  -1.0
231226,  -1.2,   0.8,  -1.1, -15.1,  -1.3, 955.8,   3.4,  -0.7
231254,  -1.7,  -1.1,  -1.5,  93.3, -25.9,1013.2,   2.8,  -0.7
231278,  -3.5,   0.1,  -1.3,  44.5,   5.3,1040.5,   2.4,  -0.6
231302,   0.5,   0.7,  -2.3,  -6.5, -16.2,1040.8,   2.0,  -0.7
231326,   0.5,  -1.2,  -3.3, -15.3,  33.6,1012.0,   1.9,  -0.4
231354,  -0.2,   0.6,  -2.4,-110.3, -59.4,1020.0,   1.6,  -0.4
231379,  -1.1,  -0.7,  -1.0, -11.4, -53.8, 958.2,   1.3,  -0.6
231403,  -1.1,  -2.0,  -0.9,  37.7,  21.4,1002.2,   1.1,  -0.5
231427,   0.6,  -0.4,  -0.4,  16.2,  31.2,1028.8,   1.0,  -0.6
231455,   1.3,   0.1,  -0.2,  46.2, -78.2, 963.4,   0.7,  -0.6
231479,   0.1,   0.4,   1.0, -94.2, -41.3, 961.7,   0.5,  -0.4
231503,   0.4,   0.2,   2.9,  14.2, -14.5,1015.4,   0.1,  -0.6
231531,  -0.2,  -0.2,   2.1,  49.4, -29.6,1005.1,   0.0,  -0.7
231555,   0.9,  -0.5,   1.3,  -0.2, -17.4,1009.0,  -0.4,  -0.6
231580,  -0.0,   1.0,   2.7, -20.7, -50.4,1002.9,  -0.7,  -0.5
231604,  -0.3,  -0.9,   4.3,  -8.0, -45.7,1006.3,  -1.0,  -0.4
231628,  -1.3,   1.3,   2.4,   9.6, -91.1, 998.0,  -1.4,  -0.6
231652,   0.2,  -0.3,  -2.6, -34.8,  20.2,1010.3,  -1.7,  -0.5
231680,   1.8,  -1.5,  -3.3,  19.1, 130.6, 987.5,  -1.1,  -0.8
231704,   1.1,  -1.5,  -0.9,  23.3,  71.0, 978.0,  -0.2,  -1.0
231728,  -1.7,  -0.6,   0.1, -73.9,  83.9, 979.5,   0.1,  -0.8
231752,  -0.8,  -1.0,   0.2, -32.2,  65.4,1018.1,   0.4,  -0.5
231777,  -1.8,  -2.1,  -1.1,  69.4,  52.2,1012.0,   0.6,  -0.8
231805,   0.4,  -3.2,  -2.0,  -6.5,  81.5,1002.9,   0.8,  -0.9
231829,   0.7,  -1.5,  -3.1,  60.6,  64.1, 979.5,   1.1,  -1.2
231853,  -1.4,  -0.4,  -3.4,  81.4,  86.1,1000.0,   1.6,  -1.4
231877,   0.1,   0.2,  -4.6,  52.1,  81.7,1013.2,   1.8,  -1.5
231905,  -0.1,  -1.0,  -3.6, -14.1, 111.0, 975.3,   2.4,  -1.3
231929,   0.7,  -1.0,  -2.3,  50.1, 134.0,1026.9,   2.8,  -1.3
231953,   0.5,  -1.4,  -2.7, -13.4, 125.2, 973.1,   3.3,  -1.2
231978,  -0.3,  -0.1,  -2.9,  22.3, 104.7, 964.1,   3.6,  -1.3
232002,   0.3,  -1.4,  -4.8,  23.8, 124.7, 972.9,   4.0,  -1.3
232030,  -0.4,  -1.2,  -3.6,  47.0, 118.8,1001.5,   4.1,  -1.4
232054,  -1.6,   1.0,  -4.9, -18.5, 179.9, 981.0,   4.6,  -1.3
232078,  -1.8,  -0.1,  -6.8,  58.2,  68.5, 956.1,   4.9,  -1.5
232102,   0.9,  -0.1,  -5.6, -47.3, 184.3,1042.7,   5.2,  -1.4
232130,  -0.2,   1.8,  -5.7, -65.8, 169.4,1023.7,   5.6,  -1.4
232154,  -1.1,  -0.3,  -4.0,  41.8, 110.3, 930.7,   5.8,  -1.4
232179,   0.6,  -2.7,  -4.4, 137.0, 198.4, 963.9,   6.2,  -1.4
232203,  -0.6,  -3.4,  -2.5, 206.1, 117.6,1074.5,   6.5,  -1.5
232227,  -1.1,  -2.5,  -3.5,-112.0, 166.9, 929.7,   6.9,  -1.0
232255,  -0.3,   0.2,  -2.6,  55.5,  82.0, 937.5,   6.8,  -1.5
232279,  -1.9,   1.0,  -1.4, -47.5,  80.3, 945.1,   6.9,  -1.4
232303,   0.2,   2.1,  -0.8,-111.7, 111.3,1003.7,   6.8,  -1.4
232327,  -3.6,   1.3,  -1.3, 144.9,  66.1,1032.7,   6.8,  -1.6
232355,  -3.6,   0.1,  -0.8,   0.6, -18.1, 909.9,   6.5,  -1.3
232380,  -3.6,   5.3,   3.8,  19.9, -69.9,1037.8,   5.0,  -1.5
232404,   0.9,   1.2,   4.1,  70.1,  66.8, 974.1,   4.5,  -1.0
232428,   2.3,   3.0,   2.4,   4.0, -40.3, 920.2,   4.1,  -0.6
232456,   2.3,  -1.5,   1.0,-159.8,  48.3, 931.6,   4.1,  -0.0
232480,  -3.2,  -2.9,   0.8,   3.7, -41.6, 952.1,   3.7,  -0.1
232504,  -2.8,  -2.1,  -1.2, 203.9, -48.9,1029.5,   2.9,  -0.4
232532,  -0.6,   1.0,  -1.4, -76.3,  15.8, 978.5,   2.9,  -0.3
232556,  -0.5,  -1.5,  -2.7,  10.3,  80.3,1010.5,   2.9,  -0.3
232581,   0.5,  -0.8,  -1.6, -92.9,  -6.4, 934.8,   2.7,  -0.1
232605,   2.0,  -1.2,  -1.1,  44.0, -41.3,1016.8,   2.2,  -0.3
232629,   0.3,  -1.8,  -0.6,  62.1,  -4.2, 945.6,   1.9,  -0.4
232653,  -0.3,   1.6,   0.2,-143.5,  35.6, 950.4,   1.7,  -0.5
232681,   2.0,  -2.1,   1.1,  89.9, -33.5, 974.1,   1.5,  -0.7
232705,   3.6,   1.1,   1.6,  11.1, -16.2, 991.0,   1.1,  -0.6
232729,   0.9,   2.2,   0.8,-134.9,   3.6, 969.5,   1.1,  -0.5
232753,   1.0,  -2.1,   3.8,  12.5, -18.1, 966.1,   1.0,  -0.5
232778,   0.6,   1.9,   1.7, -70.5, -58.7,1010.5,   0.5,  -0.6
232806,   0.7,   0.8,   2.3, -12.4, -56.9, 998.0,   0.3,  -0.5
232830,   1.5,  -1.4,   2.4,  41.1, -41.3,1007.1,   0.1,  -0.6
232854,   0.8,   0.2,   2.4,  26.7, -45.7,1011.5,  -0.1,  -0.6
232878,   0.1,   0.5,   2.0,   2.8, -18.4, 997.3,  -0.3,  -0.5
232906,  -1.4,   0.4,   2.6,  40.4, -60.6, 976.6,  -0.7,  -0.6
232930,  -2.0,  -0.4,   0.5, 129.0, -61.6,1013.4,  -1.1,  -0.8
232954,   0.9,   0.7,  -3.6,  -7.7,  33.4, 989.0,  -1.3,  -0.9
232979,   1.2,  -4.0,  -5.6,  98.0, 137.1, 998.5,  -0.8,  -1.1
233003,   0.0,  -1.1,  -1.0,  20.1,  89.8,1004.6,   0.0,  -1.3
233031,  -3.5,  -1.1,   3.0, -61.4,  -6.2,1036.6,  -0.1,  -1.3
233055,  -2.0,  -0.8,   1.9,  84.1,   0.7,1036.1,  -0.3,  -1.2
233079,   1.9,   0.7,  -0.0,  50.1,  56.3, 983.4,  -0.2,  -1.5
233103,   2.5,  -0.4,   0.7,  18.1,  62.2, 984.6,   0.2,  -1.6
233131,   2.5,  -0.8,  -1.5,   7.9,  77.3, 976.6,   0.7,  -1.4
233155,   1.1,  -1.0,  -1.3,   2.5,  98.8, 993.9,   1.2,  -1.3
233180,   0.5,  -1.5,  -0.1,  21.1, 114.4, 986.1,   1.7,  -1.3
233204,  -1.8,   0.2,   1.6,   8.9, 111.3,1001.7,   2.1,  -1.3
233228,  -0.2,   0.1,   1.4,  21.1, 103.7, 980.0,   2.6,  -1.3
233256,   0.9,  -1.6,   0.3,  -0.4, 149.6, 996.1,   3.2,  -1.2
233280,  -0.4,   0.3,  -1.0,   3.7, 161.6, 974.6,   3.8,  -1.2
233304,   0.3,  -0.3,  -0.1,  27.7, 153.0, 997.1,   4.4,  -1.3
233328,   0.3,   1.1,   0.3,  33.8, 145.9, 985.8,   4.9,  -1.4
233356,  -3.3,   1.5,   0.7,  22.8, 129.6,1005.4,   5.3,  -1.4
233381,  -0.6,   3.6,   0.9, -30.0, 139.1, 964.1,   5.6,  -1.4
233405,  -0.3,  -2.0,   1.9, 163.9, 184.0,1027.8,   5.9,  -1.4
233429,   1.0,  -0.3,  -0.7,  23.8, 137.6, 936.8,   6.2,  -1.3
233457,   0.8,  -1.4,  -1.4, 141.4, 118.1,1018.1,   6.8,  -1.4
233481,  -1.0,   3.0,  -0.3,-115.6, 127.1, 960.7,   7.0,  -1.1
233505,  -1.6,   1.9,   0.6,   3.7, 103.9,1005.9,   7.1,  -1.3
233533,  -0.8,   2.3,   2.9, -68.3, 142.3, 991.9,   7.2,  -1.1
233557,  -1.0,   1.4,   2.4,  18.6,  56.3, 955.6,   7.0,  -1.1
233582,  -2.0,   1.5,   1.9, -63.9,  48.5,1045.2,   6.9,  -1.1
233606,  -1.0,   0.5,   2.7, 103.6,  29.2, 989.0,   6.5,  -1.2
233630,  -0.6,   2.0,   0.7,  49.9,  89.0,1028.8,   6.1,  -1.3
233654,  -1.0,   2.9,  -2.3,-137.6, 105.4, 936.0,   6.2,  -0.9
233682,  -3.6,   2.5,   0.6,-160.1, -17.4,1018.1,   6.1,  -0.7
233706,  -3.3,  -7.5,   2.4, 121.4,  -7.1, 969.2,   5.4,  -0.1
233730,  -2.3,  -0.1,  -1.7, 287.7, -13.0,1093.7,   4.7,  -1.3
233754,  -0.5,   0.7,  -1.2,  67.2,  65.4, 919.4,   4.2,  -1.3
233779,   1.7,   2.2,  -0.4, -90.5,  88.6, 917.7,   4.5,  -1.0
233807,  -0.8,   0.3,  -0.2, -64.9,  14.6, 971.2,   4.6,  -0.7
233831,  -0.8,  -1.0,   3.8,  12.0,  91.0,1009.8,   4.1,  -0.5
233855,  -1.3,  -1.4,   4.4, 166.6, 115.7, 912.1,   3.8,  -0.8
233879,  -0.3,   0.4,   1.3,  -6.8,  -3.5,1040.3,   3.5,  -1.0
233907,  -1.3,   2.5,   0.0, -62.2, -64.3, 938.7,   3.2,  -0.5
233931,  -0.2,  -3.0,  -0.9,  52.6,  64.4, 968.3,   3.0,  -0.5
233955,  -0.2,   0.1,  -2.9,  85.5,  13.6,1002.4,   2.7,  -0.8
233980,   0.1,  -0.7,  -2.6,  36.7, -33.3, 954.3,   2.3,  -0.7
234004,   1.7,   0.1,  -0.8, -43.9, -42.5,1093.5,   1.9,  -0.7
234032,   0.6,   0.4,  -0.3, -30.4, -73.3, 955.6,   1.8,  -0.6
234056,   2.1,  -3.2,   0.9,  75.8,  46.6, 997.8,   1.7,  -0.6
234080,   1.2,   0.7,   3.8, 101.9,  27.8, 962.4,   1.3,  -0.8
234104,  -0.3,  -0.7,   4.1,  21.8,  -9.6, 997.1,   1.2,  -0.7
234132,   0.5,   0.1,   2.5,  23.5,  14.8, 972.4,   1.0,  -0.6
234156,  -1.9,   0.5,   3.2,-139.3, -16.4,1107.4,   0.6,  -0.4
234182,  -1.2,  -4.3,   3.9, 164.6,-154.1,1187.0,  -0.3,  -0.5
234206,   0.5,   1.3,   0.3,  -1.6, -64.5, 975.8,  -0.9,  -0.6
234230,  -1.2,   1.6,  -0.4, -44.8, -47.2, 967.0,  -1.2,  -0.8
234254,   0.2,  -1.0,   3.1,  91.4, -52.1, 999.5,  -1.5,  -0.9
234282,   0.8,  -1.4,   4.2, -48.3,  30.9,1009.3,  -1.9,  -0.5
234306,   2.8,  -0.8,   2.1,  12.0,  92.5, 981.2,  -1.5,  -0.6
234330,   2.3,  -1.8,   1.8, -17.5,  -3.7,1031.5,  -0.9,  -0.5
234358,  -0.3,   0.7,   4.2,  -0.2, -26.7,1032.5,  -0.9,  -0.8
234383,  -1.7,   0.2,   1.0,  55.7,  31.7,1010.0,  -0.6,  -1.0
234407,   0.4,   0.4,  -0.3, -25.6,  70.0,1008.1,  -0.2,  -0.9
234431,   0.5,  -1.7,  -1.2,  60.6,  87.6, 980.2,   0.2,  -1.0
234455,   0.4,  -1.2,  -1.7,  16.9,  83.4, 995.6,   0.7,  -1.1
234483,  -1.3,  -1.5,  -1.6,  70.4,  68.3,1041.3,   1.1,  -1.2
234507,   0.3,   0.5,  -1.7, -28.5, 114.9, 950.4,   1.4,  -1.2
234535,  -0.1,  -3.8,  -1.3, 115.8, 117.4,1016.1,   1.5,  -1.4
234555,   0.2,   0.1,  -2.4,  51.8, 134.9, 992.2,   2.1,  -1.4
234580,  -0.1,  -1.5,  -0.8,   4.5, 176.0,1019.0,   2.9,  -1.2
234608,   0.5,  -1.6,  -1.5,  82.8, 170.1, 960.2,   3.7,  -1.5
234632,  -0.1,   2.2,   0.3,-103.9, 114.7,1079.8,   4.2,  -1.4
234656,  -2.8,   1.4,   0.5,  63.6, 131.5, 930.4,   4.7,  -1.6
234680,  -1.3,   0.3,  -0.0, 119.7, 192.6, 978.3,   5.2,  -1.7
234708,  -1.2,   2.9,   0.2,  36.9, 187.7, 927.7,   5.7,  -1.7
234732,  -1.6,   1.2,  -0.2, -31.4, 234.8,1014.2,   6.1,  -1.5
234756,  -2.8,   1.3,  -0.2,  48.4, 108.8,1066.4,   6.2,  -1.5
234781,   0.9,   0.2,  -1.4,  46.2, 172.3, 957.5,   6.3,  -1.4
234805,   0.2,   3.2,  -1.7,-160.3, 146.9, 952.6,   6.4,  -1.4
234833,  -1.3,   1.8,  -0.2,  53.1,  68.8, 989.3,   6.4,  -1.4
234857,  -2.2,   4.5,  -2.1, -82.9, 115.4, 920.2,   6.7,  -1.6
234881,  -4.5,  -0.7,  -1.5, 100.7, 156.9, 943.4,   7.0,  -1.4
234905,  -6.0,   0.7,  -1.2, 101.4, 198.4, 885.0,   7.0,  -1.4
234933,  -3.2,  -7.3,   2.2, 272.8,  82.2,1023.9,   6.1,  -1.0
234957,  -5.7,   3.7,   0.8, 234.7,-286.4,1083.0,   4.9,  -1.8
234982,   1.4,   4.1,   1.1, -30.7,  38.0,1007.3,   4.2,  -1.4
235006,   2.3,   4.2,  -1.1,-162.0, 111.3, 938.2,   4.5,  -0.9
235034,  -2.4,   2.2,   0.3, -93.7, -77.2, 948.5,   4.3,  -0.8
235058,  -3.6,   0.1,   4.1,  -4.6,-133.1,1099.6,   3.5,  -0.7
235082,  -3.1,   3.8,   2.4, -19.5, -52.3,1076.2,   2.7,  -0.8
235106,  -0.4,   0.1,   3.1,  73.1,  33.1,1072.3,   2.7,  -0.6
235130,   2.5,   2.4,   1.7, -19.9,  20.4,1014.2,   2.6,  -0.5
235158,   2.5,  -1.0,   4.0, 199.0, -26.9,1006.3,   2.3,  -0.5
235183,   3.3,   1.2,   2.0,-107.1,  56.1,1055.9,   2.2,  -0.3
235207,  -0.3,   1.0,   2.2,   0.3, -59.1, 966.5,   2.1,  -0.2
235231,   0.3,  -0.9,   0.4, -77.3,  39.5,1022.9,   1.7,  -0.0
235255,   0.3,  -1.2,  -0.3,  30.6, -28.1,1004.4,   1.5,  -0.3
235283,   2.3,  -2.9,   0.8, 153.4,  15.1,1006.8,   1.3,  -0.5
235307,   2.3,   0.2,  -0.1,-127.9,  34.4, 929.7,   1.4,  -0.2
235331,  -1.3,  -6.3,   0.5, 158.8,  -2.3, 969.5,   1.4,  -0.1
235359,  -1.0,   0.2,   1.5,  33.8,  80.0, 922.8,   1.5,  -0.4
235384,  -3.6,   3.3,   1.9, -29.7, -33.8,1327.1,   1.7,  -0.7
235408,  -1.9,  -2.8,   3.6,-187.4,-376.3,1086.9,   0.7,  -0.0
235432,  -1.9,  -0.3,   2.8, 118.0,-113.1,1011.5,  -0.1,  -0.7
235456,   1.1,   5.8,   4.1,  20.8, -10.1, 993.6,  -0.7,  -1.2
235484,   4.4,  -2.3,   3.8, -34.1, 106.9,1007.6,  -0.2,  -0.3
235508,   4.2,   0.4,   4.1, -10.9,  17.0,1001.2,  -0.1,   0.0
235536,   0.2,  -4.6,   4.1,  42.1, -89.4,1002.9,  -0.3,  -0.1
235556,  -1.2,  -0.5,   3.8,  30.6,-157.5, 989.7,  -1.0,  -0.4
235581,  -1.7,   0.8,   3.8, 173.7,-183.4,1040.3,  -1.7,  -0.9
235609,   0.9,  -0.0,  -2.0, -83.4,  61.7,1046.9,  -2.0,  -0.8
235633,   4.1,  -4.2,  -6.1,  35.2, 104.2, 989.7,  -1.4,  -0.8
235657,   3.1,  -2.3,  -3.8,  17.9,  80.5,1008.3,  -0.5,  -0.9
235681,  -0.3,  -2.1,  -0.9,   4.2,  38.3, 977.8,  -0.3,  -1.1
235709,  -1.4,  -2.8,  -1.9,  53.5,  81.0, 983.2,  -0.0,  -1.0
235733,  -3.4,  -0.1,  -1.1,  63.3,  89.5, 990.7,   0.3,  -1.3
235757,  -1.2,  -0.1,  -0.5,  49.1,  81.7, 992.9,   0.7,  -1.5
235782,   1.2,   0.6,  -1.1,   9.6,  72.7,1022.9,   1.1,  -1.5
235806,   0.6,  -0.2,  -2.0, -18.5,  70.0, 963.9,   1.4,  -1.4
235834,  -0.5,   0.7,  -2.0, -41.9,  51.4, 973.1,   1.6,  -1.3
235858,  -0.1,  -0.2,  -1.3,  15.2,  81.2, 987.5,   2.0,  -1.3
235882,   0.5,   0.2,  -1.9,  12.0, 103.5,1012.7,   2.3,  -1.3
235906,   1.1,  -1.6,  -2.8,  15.5, 128.8, 969.2,   2.7,  -1.3
235934,   1.7,  -1.0,  -1.1,  45.5, 140.8, 984.4,   3.2,  -1.2
235958,   0.8,  -0.5,  -1.2,  45.7, 116.4, 973.6,   3.6,  -1.2
235983,  -0.1,  -0.2,  -1.1,  14.0, 135.9, 989.3,   4.1,  -1.1
236007,  -0.3,  -0.6,  -1.1,   1.5,  99.8,1016.6,   4.4,  -1.1
236035,   0.4,  -2.1,  -0.8,  31.1,  90.3,1007.1,   4.5,  -1.1
236059,  -0.2,  -0.2,  -2.2,   4.5, 106.4,1023.2,   4.7,  -1.2
236083,   0.3,   0.4,  -2.2,  31.3, 127.4,1014.4,   5.0,  -1.3
236107,  -0.3,  -0.4,  -2.1, -39.2, 143.2, 922.8,   5.3,  -1.3
236131,  -0.0,  -2.3,  -2.5, 117.0,  74.6, 991.0,   5.3,  -1.6
236159,  -2.8,  -0.5,  -0.9,  27.2,  89.3, 984.4,   5.5,  -1.3
236184,  -2.1,   1.5,  -1.2,   5.0, 104.7, 963.6,   5.7,  -1.3
236208,  -3.8,   0.8,  -0.4,  66.2, 126.4, 926.8,   5.7,  -1.3
236232,  -1.8,   0.5,   0.5,-296.6,  69.5,1047.4,   5.8,  -0.7
236260,  -3.1,   0.2,  -1.0,  32.3,  11.7, 931.9,   5.5,  -0.8
236284,  -1.9,   0.7,  -3.0,  33.8,  92.5,1011.2,   5.7,  -1.4
236308,  -2.2,  -1.1,  -1.5,  83.1, 155.2, 968.0,   5.6,  -1.4
236332,  -2.0,   0.8,  -1.7,  99.2, 135.7, 945.1,   5.5,  -1.2
236360,  -3.7,   1.3,  -2.8,-102.0,  21.4, 912.1,   5.4,  -0.9
236385,  -1.9,  -0.5,  -1.2, 129.2, 143.7, 981.4,   5.5,  -1.2
236409,  -3.4,   0.5,   0.3,   6.9,  27.3,1005.1,   5.4,  -1.1
236433,  -3.6,   1.8,  -0.6,   4.0, -64.3,1051.0,   4.7,  -1.2
236457,  -3.9,   1.1,   0.5,-167.2, -55.5, 989.7,   3.9,  -0.9
236485,  -1.6,   5.1,   0.2, -50.7,  10.7, 996.1,   3.4,  -0.9
236509,   1.1,  -1.5,   0.6, -64.9,  14.6,1013.2,   3.2,  -0.6
236537,   1.9,   0.4,  -1.1, -19.5, 145.9,1011.7,   3.4,  -0.6
236557,   0.6,  -0.1,   1.8, 112.6,-123.1, 914.3,   2.9,  -0.8
236582,  -0.3,  -0.3,  -0.0,  30.1,  36.3,1017.8,   2.7,  -0.7
236610,  -0.2,   1.6,   1.2,  12.8, -12.5, 941.4,   2.3,  -0.7
236634,  -1.0,  -2.7,  -0.2,  66.7,  33.9,1049.8,   2.2,  -0.6
236658,   0.0,   0.5,  -1.6,  21.1,  -6.2, 983.9,   1.9,  -0.7
236682,  -1.1,  -0.4,  -1.0,  11.5, 118.3, 929.0,   2.1,  -0.7
236710,  -3.9,   0.5,   0.1, -58.8,  63.7, 977.8,   2.3,  -0.8
236734,  -3.6,  -0.3,   0.8,  81.6,-142.2,1119.4,   1.6,  -0.4
236758,  -0.8,  -3.1,   0.3, 108.2, -72.3,1062.5,   0.6,  -0.7
236783,   2.9,   2.8,   1.9,  42.8, -38.6, 941.4,  -0.1,  -1.1
236807,   2.4,   1.3,   0.4,-132.7,  80.0, 951.7,   0.6,  -0.3
236835,   2.1,  -3.1,  -0.0,-191.6, -28.6, 969.0,   0.7,   0.0
236859,   0.7,  -2.9,   0.1,  91.9, -69.9, 974.9,   0.4,  -0.2
236883,  -3.7,  -2.6,   2.0,  38.4, -46.9,1022.0,  -0.1,  -0.3
236907,  -2.2,  -0.6,   1.7, -54.6, -48.6, 984.9,  -0.4,  -0.5
236935,   0.6,  -1.3,   0.5,  13.0, -53.8,1001.0,  -0.6,  -0.4
236959,   0.2,   1.0,  -0.3, -89.3, -77.5, 991.5,  -0.8,  -0.4
236984,  -1.3,   0.5,   1.8,  18.6,-132.4,1011.7,  -1.3,  -0.6
237008,  -2.3,   0.6,  -0.0, -44.4, -37.2,1003.2,  -1.9,  -0.6
237036,   2.5,  -1.1,  -4.5,  64.8,  52.7,1019.8,  -1.8,  -0.7
237060,   1.5,  -2.5,  -2.9,  32.1,  38.8, 996.6,  -1.1,  -0.7
237084,   1.8,  -0.5,  -0.8,  -9.7, -15.4, 974.6,  -1.3,  -1.0
237108,   0.1,  -2.3,  -1.4,  -3.1,  45.8,1011.7,  -0.9,  -0.7
237132,  -2.4,  -0.5,  -1.4, 109.7,  72.9, 987.1,  -0.6,  -1.0
237160,   1.5,  -1.2,   0.2,  72.3,  90.5,1004.9,  -0.0,  -1.2
237185,   2.5,  -0.9,   0.1,  12.3, 103.5,1009.3,   0.5,  -1.1
237209,   1.7,  -1.6,  -0.7,  51.8, 108.1,1023.4,   0.9,  -1.2
237233,   0.3,   0.2,   0.2, -21.7,  58.0,1012.0,   1.3,  -1.0
237261,  -0.3,  -0.9,  -0.1,  11.3,  84.4, 973.4,   1.6,  -1.1
237285,  -1.3,   0.1,   0.0,  21.8,  84.7, 993.2,   1.9,  -1.0
237309,  -1.4,   0.3,  -0.0,   9.4,  99.8, 980.0,   2.2,  -0.9
237333,   1.1,  -1.7,  -0.1, -26.0,  91.5, 970.2,   2.6,  -0.9
237361,   0.5,  -0.4,   0.7,  87.0, 112.0, 997.1,   2.9,  -1.0
237386,  -0.2,   0.7,   0.8, -15.8, 106.9, 981.9,   3.3,  -1.1
237410,  -0.5,   0.7,   2.2, -15.8, 111.8, 959.5,   3.7,  -1.1
237434,  -1.4,   1.3,   2.1,  25.7, 145.0, 980.7,   4.1,  -1.1
237458,  -3.0,   1.1,   2.3,  31.3, 142.3, 966.5,   4.5,  -1.1
237486,  -0.5,  -0.4,   4.2,   7.9,  82.5,1053.0,   4.4,  -0.8
237510,   3.0,  -1.8,   3.9, 100.2, 120.5, 969.2,   4.0,  -0.7
237538,   2.7,   1.5,   0.2,  28.6, 195.7, 970.7,   4.3,  -0.6
237558,   3.4,   4.4,  -1.5, -57.5,  80.5, 907.0,   4.5,  -1.1
237583,   2.3,   1.2,   0.4,  -0.4, 135.4, 966.5,   5.2,  -1.0
237611,   2.5,   0.3,   0.3, -63.9, 194.3, 980.0,   5.7,  -0.7
237635,  -0.3,  -4.1,   4.1, 187.6, 137.4,1007.8,   5.8,  -0.7
237659,  -2.2,  -0.0,   2.0,  32.5,   1.9,1008.8,   5.9,  -0.8
237683,  -0.3,  -1.0,   0.2,  74.3,  67.6,1060.1,   6.2,  -1.1
237711,  -0.3,  -1.9,  -0.3, -61.7, 113.5,1016.1,   6.2,  -0.8
237735,  -1.3,   0.8,  -1.3, 145.8, 102.7,1056.1,   6.2,  -1.2
237759,  -0.1,   1.1,  -0.5, -28.7,  85.6, 944.1,   6.0,  -1.2
237784,  -1.3,  -2.1,   3.6, 219.1,  66.1,1101.6,   5.8,  -1.4
237808,  -2.7,   4.0,   2.4,-110.8,  30.5,1017.3,   5.6,  -1.1
237836,  -0.0,  -2.5,   4.0,  77.7, -67.7,1031.0,   4.9,  -0.9
237860,  -0.2,   6.0,   1.2,-263.4, -31.1, 836.9,   4.3,  -0.6
237884,  -1.0,   4.0,   3.5, -48.5,  19.2, 961.7,   3.9,  -0.8
237908,  -0.2,   2.4,   3.2, -52.9, 148.9,1013.2,   4.0,  -0.8
237936,   0.2,   3.1,   4.1,-255.1,  20.4,1044.9,   3.8,  -0.2
237960,   1.5,  -7.7,   4.1,  62.3,-175.4,1079.6,   2.5,   0.1
237985,   1.1,  -0.9,  -0.9, 149.0,  18.0, 986.6,   2.5,  -0.3
238009,   0.9,  -2.5,  -1.3, 163.2, 109.6, 880.6,   2.6,  -0.5
238037,   0.1,   0.9,  -0.9, -72.2,  37.8,1006.1,   2.6,  -0.4
238061,  -1.5,  -1.0,   0.1,  54.8, -89.2,1021.7,   2.5,  -0.3
238085,  -0.6,  -0.1,   0.7, -76.6,  23.9, 998.5,   2.0,  -0.1
238109,   0.8,  -0.3,   2.3,  72.1,  79.8, 997.1,   1.9,  -0.4
238133,   1.1,  -2.8,   3.9,  86.7, -12.3,1022.0,   1.8,  -0.5
238161,   0.3,  -2.1,   3.9, -18.5,   9.7,1023.7,   1.6,  -0.4
238186,   0.5,   0.1,   2.7,  66.0, -84.0,1020.0,   1.1,  -0.5
238210,  -0.8,   2.5,   0.9,-187.4, -17.6, 975.8,   0.9,  -0.4
238234,  -1.1,  -1.0,   2.9,  36.2, -20.3,1019.5,   0.7,  -0.6
238262,   0.3,  -1.9,   4.3,  28.2,  33.6,1019.5,   0.4,  -0.5
238286,   0.9,  -2.7,   4.0,  26.0, -49.9,1045.9,  -0.0,  -0.4
238310,  -0.3,   0.1,   3.1,  48.4, -87.0, 955.6,  -0.7,  -0.6
238334,   0.0,  -1.7,   1.5, -18.0, -55.7, 997.3,  -1.1,  -0.7
238362,  -0.3,  -1.7,  -0.4,   5.0,   1.9, 985.6,  -1.2,  -0.8
238387,   2.1,  -1.7,  -1.5, -24.3,  24.6,1010.7,  -0.9,  -0.7
238411,   2.5,  -2.9,  -0.9,  60.6, -30.8, 971.9,  -0.9,  -0.8
238435,  -0.6,  -1.4,  -1.5,  46.2,  20.9, 999.3,  -1.0,  -1.1
238459,  -0.8,   0.2,  -2.4,  22.0,  10.7, 980.2,  -0.8,  -1.4
238487,  -0.0,   0.6,  -1.2,  16.9,  23.6,1007.8,  -0.6,  -1.5
238511,   0.3,  -0.1,  -1.2, -10.7,  14.6,1008.3,  -0.5,  -1.5
238539,   1.1,   0.7,  -1.4,  -6.0,  65.4, 998.8,  -0.5,  -1.4
238559,   0.8,  -0.7,  -0.4,   5.2,  84.2, 977.0,  -0.1,  -1.4
238584,   0.1,  -2.1,  -0.3,  47.2,  57.3, 961.9,   0.3,  -1.5
238612,  -2.0,  -1.7,   0.2,   9.4,  69.8, 965.8,   0.7,  -1.5
238636,  -1.9,  -1.8,  -1.2,  46.5,  81.5, 966.3,   1.0,  -1.6
238660,  -2.1,  -0.1,  -1.2,  48.2, 102.5, 985.3,   1.4,  -1.7
238684,   0.5,  -2.5,   0.2,  53.5,  51.4,1092.8,   1.5,  -1.4
238712,   2.8,  -0.1,  -0.4,  -4.8,  88.3,1002.4,   2.0,  -1.5
238736,   1.3,  -0.9,   0.3,  21.1, 147.6, 978.5,   2.7,  -1.5
238760,   0.9,  -0.9,   0.2,  45.7, 182.6, 951.4,   3.4,  -1.4
238785,  -2.1,  -2.0,  -1.1,   3.5, 134.7, 956.1,   3.9,  -1.3
238809,  -3.7,  -1.4,  -1.3,  91.9, 102.5, 976.3,   4.3,  -1.6
238837,  -1.4,   2.4,  -1.4, -11.9,  72.7, 986.3,   4.6,  -1.8
238861,  -0.3,   2.2,  -0.8, -70.2, 160.6, 994.4,   4.9,  -1.7
238885,   2.5,  -0.4,   0.1,  23.5, 153.5, 926.3,   5.4,  -1.5
238909,   1.9,  -0.6,  -0.3,  24.2, 200.6, 965.3,   6.0,  -1.6
238937,   1.0,  -0.3,   0.3,  64.3, 169.6,1042.2,   6.5,  -1.6
238961,  -1.3,  -2.6,   1.4, 129.7,  84.7, 923.8,   6.6,  -1.7
238987,  -1.1,   0.9,  -1.4,  15.7, 126.4, 977.8,   6.9,  -1.7
239011,  -1.0,   2.6,  -1.2, -22.1,  66.6, 919.2,   6.9,  -1.8
239039,  -0.5,   0.1,  -2.2,   0.3,  81.7,1010.7,   7.0,  -1.7
239059,  -0.1,   2.1,  -1.1,  58.4, 117.1, 998.3,   6.9,  -1.9
239087,   0.5,   1.9,  -1.2, -92.0, 109.6, 939.5,   6.7,  -1.7
239111,   0.3,   4.7,  -0.3,-135.4,  41.4, 983.6,   6.4,  -1.5
239135,  -1.3,   3.2,   1.8,  10.3,  47.1,1042.7,   6.0,  -1.5
239163,  -3.3,   1.1,   2.3,  21.6, 117.1,1056.1,   5.8,  -1.2
239188,  -1.9,  -0.0,   4.0, 126.1,  46.6, 892.1,   5.6,  -1.3
239212,  -3.6,   2.0,   3.9, -46.8, -89.7,1024.4,   4.8,  -0.8
239236,   2.0,  -3.6,   4.0, 199.0, -20.6,1032.5,   3.7,  -0.7
239260,   0.7,   0.6,  -2.2,  85.0, 132.0, 983.9,   4.0,  -1.0
239288,  -0.5,   1.9,  -0.4,  26.0,  26.5,1016.4,   3.5,  -1.0
239312,  -0.7,  -2.7,  -0.4,  84.1,  -0.8,1015.1,   3.0,  -0.8
239336,  -1.2,   1.0,  -2.6,  -4.6, -61.8, 939.2,   2.7,  -0.6
239360,  -1.4,  -1.0,  -1.9, -52.2, -43.5,1036.9,   2.4,  -0.4
239385,  -1.8,  -0.1,  -1.9, -35.1, -12.8, 982.2,   2.3,  -0.6
239413,  -0.8,  -2.7,  -1.2,  64.5,  12.1, 983.2,   1.8,  -0.7
239437,   0.1,   0.1,  -1.4, -31.2,  93.4, 958.0,   1.8,  -0.6
239461,   0.1,  -0.6,  -1.1,  42.3, -48.9,1022.5,   1.6,  -0.7
239485,  -1.5,   1.3,   0.8, -54.9, -35.5, 991.7,   1.4,  -0.8
239513,   0.3,   0.2,   4.4,   3.2,  58.8,1004.9,   1.2,  -0.7
239541,  -0.8,   1.1,   4.1, -92.5, -65.5, 958.5,   1.0,  -0.5
239561,   0.3,  -0.7,   4.2, -36.1, -43.0, 985.3,   0.6,  -0.5
239586,  -1.6,  -0.2,   3.5,  44.3,-105.5,1008.3,  -0.1,  -0.6
239610,   0.3,  -0.4,   1.5, -39.7,-105.5,1002.9,  -0.7,  -0.5
239638,  -0.5,  -3.0,  -1.8,  49.9, -99.9, 985.1,  -1.4,  -0.5
239662,   1.6,  -2.6,  -8.3,  66.7,  24.1,1010.3,  -1.6,  -0.8
239686,   1.3,  -6.3,  -8.6, 131.7,  37.8, 972.7,  -1.3,  -1.3
239710,   0.5,  -1.5,  -3.7,  73.3,  58.3, 965.3,  -0.9,  -1.9
239738,  -1.4,  -0.7,  -1.0,  -2.1,  38.0, 990.7,  -0.8,  -1.6
239762,  -3.2,  -0.2,  -1.1,  45.5,  50.0,1004.4,  -0.6,  -1.4
239787,  -1.6,   0.7,  -2.3,  95.8,  24.1, 978.5,  -0.5,  -1.8
239811,  -1.7,   0.4,  -0.9,  28.4,  33.4, 978.8,  -0.3,  -1.9
239835,  -3.7,   2.0,  -1.2, -13.1,  28.3,1023.2,  -0.2,  -1.7
239863,  -1.1,   0.3,  -2.0,   3.7,  42.4,1009.0,   0.0,  -1.5
239887,  -0.5,  -2.0,  -0.6,  35.7,  30.7,1012.2,   0.1,  -1.2
239911,  -1.4,  -0.7,  -1.4,   5.4,  52.7, 984.9,   0.4,  -1.2
239935,  -1.0,  -1.0,  -2.8,   2.3, 114.9, 972.9,   0.9,  -1.1
239963,  -1.4,  -1.4,  -2.5,  44.3,  96.9, 994.4,   1.5,  -1.2
239988,  -2.4,  -0.1,  -0.7,  38.4,  63.4, 985.1,   1.8,  -1.2
240012,  -0.1,   1.5,   0.8, -40.0, 122.5, 982.9,   2.2,  -1.3
240040,   1.7,   0.2,   2.1,  48.7, 144.7, 970.2,   2.4,  -1.3
240060,   1.4,   0.6,   2.7,  30.1, 171.3, 983.2,   3.1,  -1.3
240088,  -1.0,   1.5,   3.3, -13.4, 131.3, 940.7,   3.8,  -1.2
240112,  -1.7,   0.2,   3.9,  50.6, 115.9,1018.8,   4.1,  -1.3
240136,  -2.7,   2.6,   0.9,  15.0,  77.8, 995.1,   4.4,  -1.4
240164,  -1.7,   1.5,   2.5,  15.9, 109.8, 983.4,   4.8,  -1.2
240189,  -1.7,   0.7,   0.6,  -5.1, 133.2,1007.8,   5.1,  -1.3
240213,  -3.0,   0.6,   0.0,  79.2,  80.0, 956.5,   5.4,  -1.4
240237,  -1.6,  -0.3,   0.8,  10.6, 147.9, 988.8,   5.5,  -1.3
240261,  -2.5,  -1.8,   0.7, 264.5,  93.4,1026.1,   5.5,  -1.5
240289,  -1.1,   0.5,  -0.6, -90.0,  47.8,1027.1,   5.7,  -1.0
240313,  -0.3,  -1.2,  -2.0,   8.9,  36.8, 993.6,   5.4,  -1.3
240337,  -1.7,  -0.1,  -2.8,  -4.1,  46.3, 982.7,   5.4,  -1.2
240361,   0.9,   0.3,  -4.3, -25.8,  99.1, 968.7,   5.2,  -1.3
240386,  -2.7,   1.4,  -4.7,   0.6,  13.9,1007.1,   5.1,  -1.4
240414,  -2.5,  -0.6,  -4.0,  81.6,  81.7,1084.5,   4.8,  -1.4
240438,  -3.7,   1.6,  -5.7,  15.5,  26.1, 898.2,   4.4,  -1.3
240462,  -3.8,   5.0,  -5.7, -56.1,  50.5,1157.7,   4.2,  -1.6
240486,  -3.9,   0.1,  -2.3,-182.3, -88.0, 917.5,   3.9,  -0.7
240514,  -4.0,  -5.3,  -1.7, 157.5, -55.0,1058.1,   3.3,  -1.3
240542,   0.8,   5.1,   1.6,  85.5, -45.0, 935.5,   3.3,  -1.3
240562,  -0.2,   4.0,   0.3,-119.8, 180.6,1049.3,   3.8,  -0.6
240587,   0.7,  -1.5,  -0.3, -96.8, -20.6, 906.5,   3.5,   0.3
240611,   1.6,  -3.4,  -1.1, 131.9, -15.9,1012.7,   3.0,   0.1
240639,  -1.2,   1.5,  -1.2,-103.9,  41.2, 975.6,   2.7,  -0.2
240663,  -0.8,  -1.7,  -0.9, 110.2, -53.0,1019.0,   2.0,  -0.3
240687,  -0.5,  -0.6,  -3.3, -69.0,  -2.7, 961.4,   1.6,  -0.1
240711,   1.1,   0.9,  -2.2, -68.0, -29.4, 991.5,   1.4,  -0.2
240739,   0.6,  -2.2,  -0.4,  33.0,-116.5,1037.4,   1.1,  -0.2
240763,  -0.3,   1.6,   0.7, -80.2, -27.2,1085.9,   1.0,  -0.3
240788,  -3.0,   1.1,   0.3,  28.2, -85.0, 968.3,   0.9,  -0.4
240812,  -1.8,   0.8,   1.2,  30.6,  41.2, 994.1,   0.7,  -0.3
240836,  -1.3,   2.1,   0.2,  62.1,  -3.5,1003.7,   0.2,  -0.5
240864,  -1.2,  -1.0,   1.5, 102.6,  25.6,1005.4,   0.0,  -0.4
240888,   0.9,   0.1,   1.6,  39.6,   9.2,1011.2,  -0.1,  -0.5
240912,  -1.1,   1.6,   2.0,  25.5,  -2.7, 972.2,  -0.4,  -0.3
240936,   0.1,  -0.3,   2.4,  64.8,  -7.1,1009.3,  -0.7,  -0.4
240964,  -0.5,   1.4,   2.4, -21.9, -80.6, 979.2,  -1.1,  -0.3
240989,  -0.6,  -0.3,   4.1, -64.4,-116.0,1028.8,  -1.5,  -0.2
241013,  -0.8,  -1.2,   0.1,  99.9,-115.3,1057.9,  -2.4,  -0.2
241041,   2.2,  -2.4,  -4.1, -52.4, -16.9,1022.9,  -2.4,  -0.2
241061,   4.0,  -4.5,  -4.2,  -3.1,  17.0, 993.9,  -2.1,  -0.4
241089,   1.4,  -1.7,  -3.6, -26.0, -18.4, 977.0,  -1.8,  -0.7
241113,  -0.5,  -1.7,  -3.6,  24.7,  43.1, 978.0,  -1.6,  -0.7
241137,  -0.2,  -2.0,  -2.6,  32.3,  39.5,1002.0,  -1.3,  -0.9
241165,  -1.3,  -0.8,  -2.3,  43.3,  36.8,1000.7,  -1.0,  -1.2
241190,   0.7,   0.4,   0.3,   3.0,  41.9, 991.0,  -0.6,  -1.2
241214,   1.2,   0.1,   0.1,  45.7,  63.2,1005.6,  -0.3,  -1.3
241238,   1.6,  -0.0,   0.5,   7.9,  82.7, 991.0,   0.1,  -1.2
241262,   1.4,   0.1,   0.8,   7.9,  87.8, 994.1,   0.5,  -1.1
241290,   0.3,  -1.0,  -0.2,  19.4, 100.0, 996.3,   1.0,  -1.0
241314,  -0.5,  -0.9,  -0.8,   7.6,  90.0, 984.6,   1.4,  -1.0
241338,   0.8,  -1.0,  -0.7,  35.0, 104.9, 999.0,   1.9,  -1.0
241362,  -0.2,  -0.3,  -1.3,   1.8, 134.0, 999.3,   2.3,  -0.9
241387,   0.8,  -0.9,  -1.8,  37.2, 116.1,1007.3,   2.9,  -1.1
241415,   0.1,  -0.6,  -1.1,   2.8, 142.0, 988.3,   3.6,  -1.1
241439,  -0.3,  -0.0,   0.5,  27.7, 120.1,1004.6,   4.1,  -1.3
241463,   0.0,   0.1,  -0.3,  46.2, 161.6, 987.8,   4.6,  -1.3
241487,  -0.1,   1.9,  -0.1,  11.5, 150.8,1000.7,   5.0,  -1.3
241515,   1.5,  -2.6,   0.1, 114.1, 198.9, 989.5,   5.7,  -1.3
241543,   1.7,   1.1,   0.3, -64.9, 180.8, 960.2,   5.9,  -1.2
241563,   0.6,   0.5,  -0.0, -10.4, 117.4, 975.3,   6.3,  -1.2
241588,   1.6,  -0.5,   0.5,   9.6, 167.7,1079.8,   7.0,  -1.3
241612,   2.6,   2.5,   1.8,-145.9, 203.3, 960.2,   7.6,  -1.1
241640,   0.5,   5.0,  -2.2,-124.4,  56.1,1009.0,   8.1,  -1.2
241664,   1.9,  -0.0,  -1.9, -89.3, 201.8, 984.6,   8.3,  -1.3
241688,  -1.4,  -2.3,  -1.1, 297.7,  96.9, 960.2,   8.2,  -1.6
241712,  -3.7,   2.2,  -4.2, -10.9, 170.8, 930.9,   8.1,  -1.9
241740,  -3.6,   1.9,  -1.4,  48.4,  -3.2, 902.6,   7.6,  -1.9
241764,  -2.2,  -5.9,   4.1, -63.6,  -9.3,1243.2,   7.1,  -1.2
241789,   1.2,   4.3,   4.1, 156.8,  -5.9, 852.0,   6.3,  -1.6
241813,   6.4,   6.2,   4.2, -44.4, 130.1, 991.5,   6.0,  -1.7
241837,   3.4,   4.4,   4.1,-206.0,  -0.6, 954.1,   6.0,  -1.1
241865,  -0.4,  -0.9,   4.3, -20.4,-198.3, 942.1,   5.5,  -0.4
241889,  -2.4,   6.3,  -1.2,-115.2,-133.9,1024.7,   4.4,  -0.8
241913,  -3.5,   0.2,  -0.8,  86.3, -28.1, 966.3,   3.8,  -0.6
241937,   0.6,  -1.1,  -1.7,  45.0, -29.4,1067.1,   2.9,  -0.6
241965,   3.1,  -1.0,  -3.3,  73.3,  14.3,1068.4,   2.6,  -0.7
241990,   3.3,  -3.7,  -3.3, 166.3,   8.2,1086.7,   2.5,  -0.7
242014,   1.8,   1.0,  -1.7, -43.1,  30.9,1020.5,   2.5,  -0.7
242042,  -1.9,   0.4,  -0.9,  40.6, -74.5, 972.7,   2.3,  -0.7
242066,  -1.5,  -1.2,  -0.4,   0.6,  41.4, 927.7,   1.9,  -0.5
242090,  -0.7,  -1.4,   0.4,  75.8,  36.6,1010.5,   1.8,  -0.9
242114,  -0.9,  -1.8,   0.5, 159.3, -35.2, 935.3,   1.4,  -0.9
242138,  -0.2,  -1.2,  -0.7, -58.3,  61.2, 984.6,   1.3,  -0.6
242166,  -2.2,   1.3,   0.4,  64.3,  39.2, 979.2,   1.1,  -0.9
242191,  -2.2,   1.5,   1.0,-119.8, -54.3,1026.9,   0.8,  -0.5
242215,  -0.6,  -1.7,   1.0, -12.4,-105.5,1147.2,   0.0,  -0.3
242239,  -0.1,  -0.4,  -0.5,  71.4, -59.9, 971.2,  -0.5,  -0.6
242263,   0.4,  -0.8,  -1.8, -28.2,  -4.5, 944.3,  -0.5,  -0.6
242291,  -1.6,  -1.0,  -3.1,  55.7,-115.5, 980.7,  -1.0,  -1.0
242315,   0.8,  -1.0,  -4.8,  67.2,  15.8,1017.3,  -1.3,  -1.2
242339,   2.3,  -4.6,  -4.8, -61.4, 109.8, 989.0,  -1.0,  -1.2
242363,   1.7,  -0.4,  -0.4,  34.7,  78.3,1005.4,  -0.3,  -1.4
242388,   1.2,  -1.2,   0.7,-107.8,   6.8, 976.3,  -0.1,  -0.9
242416,  -2.1,  -1.1,   0.1,  40.8,  26.1,1024.2,  -0.1,  -1.0
242440,  -1.9,  -0.7,  -0.4,  79.7,  -2.7, 979.2,  -0.1,  -1.4
242464,  -0.2,  -0.3,  -1.9, -13.1,  38.3,1015.9,  -0.0,  -1.5
242488,   0.2,  -1.7,  -2.9,   7.4,  38.8, 998.5,   0.2,  -1.4
242516,   0.7,  -1.1,  -2.7,  35.7,  71.2, 991.7,   0.4,  -1.3
242544,   0.5,  -0.2,  -2.3, -65.8,  48.5, 986.8,   0.5,  -1.2
242564,  -1.4,  -0.1,  -1.2, -13.4,  62.9, 964.4,   0.7,  -1.1
242589,  -0.6,  -1.2,  -0.8,  32.8,  90.5, 991.5,   1.0,  -1.2
242613,  -0.2,  -2.1,   0.3,  61.6, 111.5,1034.7,   1.4,  -1.2
242641,   0.5,  -2.9,  -1.7,  85.3, 134.5,1014.6,   1.9,  -1.2
242665,   1.0,  -0.7,  -0.7,  26.2, 108.1,1002.9,   2.2,  -1.3
242689,   0.5,  -1.2,  -1.1,  68.9, 109.8, 985.3,   2.7,  -1.3
242713,   0.8,  -0.6,  -1.4,   5.4, 144.2, 990.0,   3.2,  -1.2
242741,   0.8,   0.6,  -1.4,  47.4, 160.6,1029.8,   3.9,  -1.4
242765,   0.5,   0.3,  -0.9, -72.7, 130.6, 969.7,   4.6,  -1.1
242790,  -0.2,  -0.7,  -0.4, 119.9, 203.8, 969.0,   5.2,  -1.4
242814,  -1.0,  -0.7,   0.3, 126.5, 148.4, 975.8,   5.5,  -1.5
242838,  -2.1,   0.4,   0.5,   1.1, 120.3, 965.8,   5.9,  -1.4
242866,   1.2,   0.8,  -0.4,  39.9, 150.8, 965.3,   6.3,  -1.4
242890,  -0.7,   0.1,  -1.2,  -2.9, 272.4, 908.2,   7.0,  -1.4
242914,  -3.8,  -0.1,  -0.5,  41.8, 214.0,1137.2,   7.5,  -1.3
242938,  -1.0,  -4.5,   2.2,-157.9, 200.6, 818.6,   7.3,  -0.3
242966,  -1.3,   4.4,  -1.7, 311.4,  55.8, 954.6,   6.7,  -2.4
242991,   2.4,   0.8,  -0.9,  30.1, 177.2,1048.6,   7.1,  -2.0
243015,   0.5,   4.7,  -0.0,-124.4, 145.7, 915.5,   7.8,  -1.8
243043,  -3.7,   0.4,   1.0,  -5.1,-109.9,1008.5,   7.6,  -1.8
243067,  -1.1,   2.0,   2.3, -42.4,   7.3, 934.1,   6.6,  -1.3
243091,   0.0,   0.6,   3.8, 135.1,-124.6,1153.6,   5.8,  -1.7
243115,   0.3,   6.5,   2.6, -97.8, -26.2, 944.3,   5.6,  -1.5
243139,   2.1,   2.9,   0.8, -36.5,  50.7, 934.8,   5.4,  -1.2
243167,   2.7,   0.9,   0.5,  57.9,  13.9,1041.5,   5.0,  -1.0
243192,   5.5,   1.9,   1.3,-184.0, 123.7, 962.9,   4.7,  -0.6
243216,  -0.1,  -3.8,   1.4,   3.5,-117.0, 952.9,   4.2,  -0.4
243240,   0.4,   1.9,  -1.0,-111.5, -20.6,1051.0,   3.8,  -0.6
243264,   1.1,  -7.2,  -0.1, 277.2,  59.3,1030.0,   3.5,  -0.8
243292,   0.0,   0.1,  -1.4,  81.4, 101.5,1016.1,   3.7,  -1.0
243316,  -2.1,  -1.3,   0.1,  49.4, 117.4, 887.2,   3.8,  -1.0
243340,  -3.5,   4.9,   4.3,-403.7, -33.0,1078.1,   3.6,  -0.6
243364,  -3.3,  -6.5,   4.3,  98.2,-108.5,1061.0,   2.3,  -0.5
243389,   1.1,   1.3,   4.1,  86.7,  19.2,1074.9,   1.6,  -1.1
243417,   4.1,   3.9,   4.1, -38.5, 168.9, 950.4,   1.6,  -1.2
243441,   1.1,  -0.3,   4.1, -40.0,   1.4, 952.4,   1.9,  -0.3
243465,   0.3,  -2.6,   4.1, 137.8,-172.2,1092.8,   0.9,  -0.5
243489,  -3.7,   1.3,   3.9,  27.2,-162.7, 960.0,  -0.2,  -0.5
243517,  -1.6,  -1.8,   0.6,  48.2,  33.4,1004.9,  -0.9,  -0.7
243545,   3.3,  -3.0,  -4.1, -80.5, 129.6,1026.9,  -0.8,  -0.6
243565,   2.6,  -6.0,  -4.1, 107.3,  43.4,1004.9,  -0.0,  -0.9
243590,   2.2,  -0.6,  -0.9,-102.2,   4.1,1058.1,  -0.0,  -1.2
243614,   0.1,  -1.3,  -0.2,  11.8,  35.8,1009.8,   0.0,  -1.1
243642,  -1.7,  -2.5,   1.1, 133.9,  73.9,1012.2,   0.3,  -1.3
243666,   0.8,   0.5,  -0.2,  46.2,  79.0, 976.8,   0.7,  -1.6
243690,   1.4,   1.5,  -0.8, -50.5, 116.9,1007.3,   1.2,  -1.4
243714,   1.5,  -0.0,  -0.3,  22.0, 100.0, 964.8,   1.7,  -1.4
243742,   2.2,  -1.8,  -3.1,  92.8, 126.6, 968.7,   2.2,  -1.6
243766,   0.2,  -2.5,  -2.7,  45.7, 111.3, 990.0,   2.6,  -1.6
243792,  -0.6,   0.6,  -3.2,  31.3, 117.4, 966.5,   3.1,  -1.8
243816,  -2.6,  -0.1,  -5.4, 107.0, 107.1, 981.2,   3.6,  -2.1
243840,  -1.9,   1.4,  -4.3,  15.5, 188.7,1009.3,   4.1,  -2.2
243864,  -0.8,  -1.8,  -4.8, 126.8, 203.3, 988.5,   4.6,  -2.2
243892,  -1.9,  -0.7,  -7.3,  95.0, 159.6,1002.4,   5.3,  -2.4
243916,  -3.0,  -1.7,  -6.9,  43.3, 191.1, 965.3,   5.9,  -2.1
243940,  -3.8,  -0.5,  -7.3, -99.0, 175.2, 944.6,   6.2,  -1.9
243968,  -3.6,   1.8,  -8.8,  28.9,  96.1, 998.8,   6.6,  -1.9
243993,  -3.8,   5.2,  -7.4,-119.8,  37.0, 982.9,   6.4,  -2.2
244017,  -3.7,  -1.9,  -6.6, 150.7, 146.2, 924.1,   6.6,  -2.2
244045,  -3.9,  -0.8,  -8.0,  23.5,  52.9,1229.2,   6.6,  -2.2
244065,  -2.5,  -2.4,  -6.7, 205.6, 214.3,1032.7,   6.6,  -2.2
244093,  -3.7,   0.5,  -7.2, -32.6, 122.7,1090.6,   6.4,  -2.0
244117,  -3.3,  -1.7,  -3.7, 234.0, -72.6,1003.9,   5.8,  -2.1
244141,  -3.9,   4.6,  -5.6, -14.1,  87.8,1010.3,   5.4,  -2.1
244165,  -3.2,   2.2,  -4.4,   6.4,  38.3, 992.7,   5.1,  -1.8
244190,  -3.4,   2.9,  -3.3, -70.2,  -9.3, 989.3,   4.5,  -1.5
244218,  -3.1,   0.4,  -2.4, 124.6, -49.6,1010.3,   3.9,  -1.5
244242,  -2.3,   0.7,  -3.1,  -9.4,  58.3,1015.4,   3.4,  -1.3
244266,   0.9,   3.1,   0.4, -33.6,  79.8, 924.8,   3.2,  -1.2
244290,  -0.8,   0.1,   0.7,  13.0, -18.6,1223.6,   2.8,  -1.2
244318,  -0.6,   1.1,  -1.9,  -2.4, 151.5, 998.8,   2.7,  -1.0
244342,  -3.6,  -3.0,  -2.6,  61.6, 119.6, 841.8,   3.1,  -0.6
244366, -10.3,  -2.0,  -2.3, -18.2,-628.7,1459.2,   2.2,  -0.3
244391,  -4.1,  10.5,   1.7,  56.0,-466.6, 910.2,   0.1,  -1.1
244415,   5.3,   9.2,  -1.4,-338.5, 178.2,1013.4,   0.2,  -0.6
244443,   8.0,  -4.0,  -1.7, -45.1, 242.9, 970.2,   1.8,   0.3
244467,   2.8,  -6.2,   0.7, 119.0,  42.4,1039.5,   2.4,   0.4
244491,  -2.1,   1.1,   0.2, -14.6,-230.8,1021.5,   1.4,   0.0
244515,  -3.7,   0.5,   1.1,  65.7,   5.6,1076.9,   0.6,  -0.1
244543,  -2.8,   0.7,   0.2,  19.6,  24.6,1028.3,   0.4,  -0.1
244567,   1.6,  -2.5,  -1.2, -12.4,  33.4,1093.5,   0.9,   0.1
244592,   2.2,  -1.9,  -1.4, -68.5, -51.6,1037.6,   0.8,  -0.0
244616,  -0.7,  -1.3,  -1.4, -22.9,-126.5,1028.3,   0.5,  -0.1
244640,  -1.6,   0.5,  -0.0, -34.6, -27.9,1028.6,   0.2,  -0.2
244668,  -3.8,  -1.2,   1.3,  18.6,   2.6,1020.0,  -0.1,  -0.2
244692,   0.6,  -1.0,   4.1,  87.2, -16.2,1054.0,  -0.3,  -0.2
244716,   2.3,   1.1,   1.4, -27.0, -33.8, 954.6,  -0.5,  -0.2
244740,   2.6,   0.5,   2.2, -29.2,   6.3,1031.2,  -0.6,  -0.1
244768,   0.9,  -0.6,   4.4,  55.3, -21.3, 966.5,  -0.9,   0.1
244793,   0.0,   3.0,   4.1,  -7.2, -95.3, 939.5,  -1.4,  -0.2
244817,  -0.2,  -1.5,  -0.5, 147.5, -99.4,1042.5,  -2.0,  -0.3
244841,   2.2,  -3.4,  -5.6, -55.8,  45.6, 999.0,  -1.9,  -0.1
244865,   4.3,  -5.7,  -5.9, 105.5, 124.4,1014.9,  -1.2,  -0.4
244893,   2.8,  -2.0,  -2.6, -40.5,  22.4,1002.0,  -0.4,  -0.8
244917,   2.8,  -2.6,  -0.6, -74.6, 105.4, 986.1,   0.1,  -0.5
244941,   0.8,  -2.3,   1.1,  43.5, 104.7, 997.6,   0.6,  -0.4
244969,   0.6,   0.2,  -0.1,  27.2, 103.2, 978.5,   1.2,  -0.8
244994,   1.2,  -1.8,  -0.2,  80.6, 143.7, 982.9,   1.9,  -0.9
245018,   1.8,  -1.6,  -0.7, -25.6, 147.4, 960.0,   2.5,  -0.9
245046,  -0.2,   2.2,  -0.6, -17.0,  23.1,1085.4,   2.5,  -0.8
245066,  -1.0,   1.8,   0.5,-105.4, -90.4,1071.3,   2.2,  -0.6
245094,   3.3,   1.5,  -1.2,  -2.1, 106.4, 993.4,   2.3,  -1.0
245118,   4.8,  -0.3,  -1.7, -65.1, 165.5, 993.4,   3.0,  -0.7
245142,   3.1,  -3.6,  -1.4, 127.5, 157.4, 978.0,   4.0,  -0.8
245166,   0.9,  -2.2,  -1.5,  24.5, 188.4, 935.3,   4.7,  -0.7
245191,  -2.8,  -1.8,  -0.1,  75.5, 100.0,1004.1,   4.9,  -0.9
245219,  -2.1,   1.3,   2.1, -75.1, 118.1,1021.7,   5.1,  -0.8
245243,  -1.6,   3.3,   2.3, -99.5,  92.0, 999.8,   5.3,  -0.9
245267,  -0.3,  -1.8,   1.0,  64.5, 206.0, 985.8,   5.9,  -0.8
245291,   0.0,  -0.3,   0.8, 110.2, 176.7, 935.3,   6.0,  -1.0
245319,  -1.8,   0.2,   2.6,  56.5, 172.1, 923.1,   6.3,  -0.7
245343,  -1.9,   1.0,   3.2, -49.7,  85.4, 970.9,   6.2,  -0.7
245367,  -2.6,   2.2,   2.2,  -3.8,  48.5, 963.9,   6.3,  -0.8
245392,  -3.5,   0.7,   0.8, -29.2, 138.1,1057.6,   6.5,  -0.8
245416,  -1.2,   0.9,   1.1, -72.4, 121.3, 995.4,   6.7,  -0.7
245444,  -4.1,  -2.6,   0.7,  -7.2,  58.5, 916.7,   6.9,  -0.6
245468,  -3.8,  -1.5,   2.1,  38.6, -24.5,1054.4,   6.6,  -0.8
245492,  -2.8,   3.3,   1.1, -70.2,  29.0, 919.7,   6.4,  -0.8
245516,  -4.0,  -0.5,   1.4,  91.9, 232.1,1060.3,   6.5,  -0.9
245544,  -3.7,   1.0,   1.1,  56.7, 109.6, 876.0,   6.6,  -0.9
245568,  -3.8,  -0.4,   4.1,-199.6,-134.6,1100.6,   6.1,  -0.2
245593,  -1.7,  -4.3,   4.0, 409.7,  10.2, 837.4,   4.7,  -0.5
245617,   2.6,   1.0,   0.4, 158.8,  62.9,1070.3,   3.7,  -1.2
245641,   1.9,   4.2,   0.7, -72.9,  14.6, 917.0,   4.1,  -0.8
245669,   2.2,  -7.2,   0.8, 220.3, 122.0,1087.9,   4.6,  -0.4
245693,  -2.5,   3.3,   0.6,-109.5, -38.9, 950.7,   4.0,  -0.6
245717,  -2.4,  -7.8,   2.6, 196.1, -60.4,1057.1,   3.4,  -0.5
245741,  -3.8,   1.5,   2.2,  53.8,  92.2, 987.1,   3.0,  -0.6
245769,  -0.5,   0.4,   1.0,  -1.1, -41.8, 986.8,   2.7,  -0.5
245794,   1.3,   0.6,  -0.2,  76.5,-100.2,1025.9,   2.4,  -0.6
245818,  -0.6,  -1.2,  -1.4, -61.7,  49.0,1016.8,   2.2,  -0.5
245842,  -3.8,   0.6,  -0.5, -34.6, -83.6, 870.6,   1.7,  -0.5
245866,  -3.0,  -2.8,   0.1,  69.2, -79.9,1048.8,   1.1,  -0.6
245894,  -1.3,  -0.4,   0.2,-120.0, -67.4, 977.5,   0.6,  -0.7
245918,   2.0,  -2.5,   1.8,  82.8,  52.4, 995.4,   0.4,  -0.7
245942,   0.8,  -4.0,   1.4,  61.6,   6.3, 976.6,   0.3,  -0.6
245970,  -0.8,  -0.7,   1.2, -16.8,  21.4, 937.5,   0.3,  -0.7
245995,  -2.8,   2.2,   3.9,  -6.8, -19.8,1044.9,   0.2,  -0.9
246019,  -4.1,   5.8,   4.0,-279.5,-201.2, 950.2,  -0.4,  -0.7
246047,   2.6,  -1.4,   4.0, 194.4, -30.1,1011.5,  -0.4,  -0.9
246067,   3.3,   1.9,   3.9, 173.9,  16.0,1032.2,  -0.6,  -1.1
246095,   3.4,   2.6,   4.3, -42.6, -22.3, 982.7,  -0.3,  -0.6
246119,   0.5,  -2.1,   2.5, -39.7, -66.0, 956.1,  -0.6,  -0.3
246143,  -2.4,  -1.3,   4.1,  89.2, -67.4, 971.4,  -1.1,  -0.4
246167,   0.2,  -0.2,   4.0, -29.0,  40.2,1004.6,  -1.1,  -0.4
246192,   1.3,  -0.3,   1.8, -33.4,   3.1,1049.3,  -0.6,  -0.5
246220,   2.2,  -1.8,   1.6,  58.7, -21.1, 979.7,  -0.6,  -0.7
246244,   0.5,  -0.1,   1.9,  40.1,  67.1, 995.8,  -0.4,  -0.9
246268,  -0.0,   0.4,   0.7,  35.0,  36.1, 977.8,  -0.1,  -0.9
246292,  -0.9,  -0.3,   1.0,  31.1,  61.0, 982.4,   0.2,  -0.9
246320,   0.0,  -0.3,   1.6,   2.0,  68.5,1001.2,   0.5,  -1.0
246344,   0.1,  -1.0,   3.3,  51.3,  88.1, 989.7,   0.8,  -1.0
246368,   2.1,  -0.3,   2.2,  10.1,  57.1,1033.7,   1.1,  -1.0
246393,   1.2,  -0.1,   3.8,  -9.9,  72.7, 994.6,   1.4,  -0.9
246417,   1.5,   0.1,   1.5,   0.3,  83.2, 983.6,   1.8,  -1.0
246445,   0.3,   1.6,   1.5, -15.3,  67.8, 971.2,   2.3,  -1.1
246469,   1.1,  -0.8,   3.3,  22.0,  68.1, 987.1,   2.7,  -1.1
246493,  -0.6,   0.7,   1.3,  28.2, 119.1,1052.0,   3.1,  -1.2
246517,   1.8,   0.6,   2.5, -20.4, 129.8, 975.1,   3.5,  -1.1
246545,  -0.9,   0.1,   0.5,   3.2, 165.0, 994.4,   3.7,  -1.1
246569,  -0.5,   1.3,   0.5,  64.3,  79.3,1107.7,   4.1,  -1.4
246594,  -0.7,   1.7,   2.1,   9.6, 146.4,1035.6,   4.3,  -1.2
246618,   0.6,  -0.5,   1.7, 188.1, 110.3, 939.7,   4.6,  -1.5
246642,   0.9,   0.1,   1.3,  20.3, 230.9,1045.2,   5.0,  -1.3
246670,  -1.6,  -2.6,   3.5,  18.4, 152.5, 953.1,   5.6,  -1.1
246694,   0.2,  -4.3,   4.0,  88.5,-129.7,1194.3,   4.9,  -0.8
246718,   2.3,   1.9,   1.6,  21.1,  39.2,1043.2,   5.0,  -1.3
246742,   2.2,   4.8,   0.6, -52.4, 187.9, 927.0,   5.4,  -1.7
246770,   0.5,   2.6,   4.4, -29.5, 161.1, 931.6,   6.2,  -1.3
246795,  -0.2,   1.7,   4.0, -70.7,  83.2, 982.7,   6.3,  -0.8
246819,  -3.4,  -1.0,   4.1, 163.6,  60.5,1059.1,   6.1,  -1.0
246843,  -4.2,   2.4,   4.2, -61.7, 120.8,1022.0,   6.1,  -0.7
246871,  -3.5,   0.5,   4.3, 163.9, 131.5,1061.8,   5.8,  -1.0
246895,  -1.1,   2.4,   4.1,  23.3,   8.2, 944.6,   5.6,  -0.9
246919,  -2.1,   1.6,   4.1, -70.0,  -4.0, 940.4,   5.3,  -0.6
246943,  -0.8,  -1.7,   4.2, -19.2, -16.4, 986.8,   4.8,  -0.6
246971,  -3.3,   0.7,   4.4,  18.1, -60.6,1091.5,   4.2,  -0.7
246996,  -1.2,  -1.6,   3.9,  69.9, -34.0, 988.5,   3.8,  -0.5
247020,   0.3,  -0.3,   3.9,   7.9, -20.1,1017.8,   3.6,  -0.6
247048,   1.6,   3.4,   1.0, -82.7,  73.7, 931.4,   3.7,  -0.4
247068,  -0.6,   2.7,  -0.3,-124.9,  63.2, 940.2,   4.1,  -0.4
247096,  -3.5,  -0.7,   4.0, 192.9,  71.7, 953.4,   4.2,  -1.0
247120,  -3.6,  -0.3,   4.3,-119.8, -43.3,1112.8,   3.6,  -0.3
247144,   0.1,  -1.8,   4.4, 126.1,  28.7, 961.7,   2.6,  -0.3
247168,   1.1,  -0.2,   4.4, 268.9,   7.7,1009.8,   2.5,  -1.0
247193,   2.9,  10.1,   4.4,-359.8,  51.7, 951.2,   2.0,  -1.2
247221,   1.4,  -6.5,   4.3, 200.5, -57.9,1058.8,   2.1,  -0.4
247245,  -2.4,   2.4,   4.1, -43.6,-104.3, 966.5,   1.5,  -0.5
247269,  -4.4,   1.6,   4.3,   2.3, -12.8, 980.0,   1.0,  -0.3
247293,  -4.0,   0.2,   4.2,  22.3, -89.9,1103.8,   0.6,  -0.6
247321,  -1.5,   0.7,   4.3,  27.7, -65.7,1110.3,   0.1,  -0.6
247345,  -0.5,  -0.3,   4.2,  14.2, -80.9, 949.2,  -0.3,  -0.4
247369,  -0.6,   1.5,   4.4,  27.2, -85.0,1042.5,  -0.6,  -0.6
247394,  -1.0,   0.5,   4.6, -10.4, -77.7, 989.7,  -1.0,  -0.4
247418,  -3.6,   0.2,   3.7,  23.3, -45.2,1002.2,  -1.4,  -0.5
247446,   2.8,  -2.1,   0.3, -64.6,  74.2,1040.8,  -1.2,  -0.6
247470,   1.6,   0.4,   2.0, -22.4,  41.0, 949.9,  -0.8,  -1.1
247494,   1.4,  -3.2,   4.3,  47.2, -16.9,1029.8,  -0.7,  -1.1
247518,   0.3,   0.3,   2.2,  11.3,  52.4, 991.0,  -0.6,  -1.2
247546,  -1.4,  -2.3,   2.4, 143.6,  71.2, 977.5,  -0.6,  -1.4
247570,  -0.6,   1.1,   1.9,  23.5,  84.9, 995.6,  -0.2,  -1.5
247595,   1.6,  -1.7,   4.0,  95.3, 102.2, 950.4,   0.1,  -1.5
247619,  -0.5,  -1.2,   0.3,  22.8,  95.2,1000.2,   0.4,  -1.4
247643,  -1.1,   0.3,   2.1,  43.0,  36.1, 989.0,   0.6,  -1.5
247671,   0.6,   0.1,   1.4,   4.5, 111.5, 964.8,   1.0,  -1.4
247695,  -2.6,   1.5,   0.5,   8.6, 108.3, 949.5,   1.5,  -1.4
247719,   1.1,  -0.4,   0.8,   9.1,  76.4,1038.3,   1.7,  -1.3
247743,   1.2,   0.4,   1.9,  13.3, 122.5, 944.8,   2.0,  -1.3
247771,   1.6,   0.8,   0.3,  61.8, 146.9, 969.0,   2.7,  -1.5
247796,   0.9,  -1.0,   0.8,  15.0, 149.6, 941.4,   3.4,  -1.2
247820,  -0.9,  -0.6,   1.6,  37.4,  97.8, 929.4,   3.8,  -1.3
247844,  -3.6,   0.4,   0.0,   0.3, 101.0, 982.2,   4.2,  -1.5
247872,  -1.1,   2.3,   3.2, 123.9,  58.8,1020.5,   4.2,  -2.3
247896,  -1.3,   4.0,   2.1, -76.1, 130.6, 992.2,   4.5,  -1.9
247920,   1.4,   1.5,   1.5,-135.4, 103.7, 978.0,   4.8,  -1.4
247944,  -1.3,   2.6,  -0.4,-150.8,  54.4, 878.7,   5.2,  -1.3
247972,  -1.1,  -2.1,   0.4, 142.4, 129.8,1061.8,   5.4,  -1.9
247997,  -1.3,   2.9,  -1.4,  43.8,  84.7, 908.2,   5.4,  -2.2
248021,  -1.1,   2.9,  -1.3,  44.3, 193.1, 979.0,   5.4,  -2.2
248049,  -3.6,  -1.2,  -1.8,  99.0, 141.3, 918.7,   5.5,  -2.3
248069,  -3.8,  -1.1,  -0.8,  30.8,  85.4,1126.2,   5.4,  -2.1
248097,  -2.5,  -1.2,   0.3, 181.5,  23.1,1085.2,   5.0,  -2.3
248121,  -2.4,   4.0,  -0.0, -97.3, -33.3,1016.4,   4.4,  -2.0
248145,  -4.1,   1.8,  -0.1, -25.8, -11.3, 972.2,   4.4,  -2.0
248169,  -3.9,  -2.6,   2.8, 167.1,  33.6, 957.5,   4.0,  -1.9
248194,  -0.1,   0.5,   4.3,  43.5,-131.7,1170.2,   3.1,  -1.6
248222,   3.9,  -1.0,   4.2, 161.0, 124.2,1022.2,   2.8,  -1.6
248246,   0.9,   0.1,   1.6,  -9.7,  31.9, 969.7,   2.7,  -1.5
248270,  -1.1,   8.5,  -0.1,-180.3, -32.0, 900.9,   2.5,  -1.2
248294,  -3.3,   4.3,   2.1,  72.3, -70.6,1020.7,   1.6,  -1.7
248322,  -1.4,  -1.0,   1.7,  97.5,  17.8,1054.0,   1.3,  -1.4
248346,   1.7,   2.8,  -0.9, -71.0, 115.9, 997.8,   1.3,  -0.8
248370,   2.0,  -3.4,  -0.1,  71.1,  -3.7, 922.8,   1.0,  -0.8
248395,  -0.6,  -0.3,   0.7, 120.9,  -5.9,1010.5,   0.7,  -0.9
248419,  -0.7,   1.5,   3.0,   3.5, -15.4, 964.8,   0.6,  -0.8
248447,  -1.1,   1.8,   2.1, -22.9,  75.9,1072.0,   0.5,  -0.7
248471,   0.6,  -0.9,   4.3, -63.2,  17.5, 970.7,   0.5,  -0.6
248495,  -1.4,  -1.6,   4.3,  40.4, -33.0,1022.0,   0.3,  -0.8
248519,  -0.3,   1.0,   3.9,  12.5, -10.3, 985.1,   0.1,  -0.9
248547,  -0.5,   2.8,   6.5,-116.9, -97.0,1046.4,  -0.1,  -0.7
248571,  -0.3,   1.2,   7.2,   4.5,-160.2,1021.7,  -0.7,  -0.9
248597,   2.6,   0.8,  -0.1, -90.0, -55.2, 982.9,  -0.9,  -0.8
248621,   2.5,  -3.2,  -3.3, 138.7,-100.7, 983.4,  -0.9,  -1.1
248645,   1.2,  -0.0,  -4.7,  95.8, -34.5, 961.9,  -1.2,  -2.0
248669,  -1.3,  -1.5,  -5.8,  88.2, -61.1, 995.4,  -1.5,  -2.3
248697,  -1.5,  -0.9,  -3.8,  40.6, 118.8, 979.7,  -1.0,  -2.0
248721,   0.3,   0.5,  -0.4,  34.3, 176.2, 947.0,  -0.1,  -2.1
248745,  -1.6,   1.8,   1.4,-149.1,  22.4,1020.5,   0.2,  -1.7
248769,   2.0,  -2.6,   0.4,  45.2, -40.6,1122.1,   0.2,  -1.5
248798,   0.9,   0.6,  -0.5, 119.2,  28.0,1007.3,   0.3,  -1.9
248822,  -0.3,   0.5,  -2.0,  46.7,  74.2,1014.4,   0.6,  -2.2
248846,   1.3,   0.9,  -3.4,  56.0,  92.0, 973.6,   1.0,  -2.1
248870,   0.9,  -1.7,  -5.2,  19.1,  88.6,1014.2,   1.5,  -2.0
248898,  -1.1,  -2.3,  -5.7,  16.7, 109.8, 993.9,   2.0,  -1.9
248922,  -0.8,  -4.2,  -3.5,  92.6, 125.9,1005.9,   2.3,  -1.8
248946,  -0.8,  -0.9,  -5.6,  65.3,  42.7,1044.9,   2.5,  -2.1
248970,  -1.0,   2.8,  -4.0, -42.4,  86.1, 957.5,   2.7,  -2.3
248995,   0.7,   1.5,  -3.7, -73.4,  74.9, 995.4,   3.2,  -2.2
249046,   1.3,  -0.3,  -5.3,  78.2, 103.9,1048.1,   4.0,  -2.0
249050,  -0.1,   1.9,  -5.9, -39.5,  95.6, 982.2,   4.0,  -1.9
249070,  -2.0,  -0.2,  -4.6,  93.1,  59.5, 943.8,   4.2,  -2.2
249098,  -1.8,   1.3,  -6.1,   6.2, 151.8, 969.5,   4.5,  -2.1
249122,   1.2,   1.1,  -5.8,  56.2, 147.6, 987.1,   4.6,  -2.2
249146,  -1.0,   0.6,  -7.0, -26.8, 125.2, 994.9,   5.1,  -1.9
249170,   2.3,  -0.6,  -6.7, -30.9, 171.6,1007.3,   5.5,  -1.8
249195,  -1.3,  -1.4,  -6.7,  61.4, 147.9, 903.6,   6.1,  -1.8
249223,  -1.4,  -3.7,  -7.0,  38.9, 134.2,1022.7,   6.2,  -1.8
249247,  -3.3,  -0.2,  -6.5,   0.6,  60.2, 974.1,   6.2,  -1.8
249271,  -3.8,  -1.9,  -7.4,  86.3, 123.5, 990.5,   6.3,  -2.3
249295,  -3.7,   1.5,  -5.6,  22.3,  90.8, 886.5,   6.4,  -2.4
249323,  -5.7,   1.6,  -2.7, -71.2,-325.3,1252.0,   5.6,  -1.9
249347,  -1.1,  -0.0,  -1.4,  74.3,-192.7, 898.9,   3.9,  -1.5
249371,   5.8,   0.3,  -5.0,  51.1, 212.1, 942.9,   4.0,  -1.8
249396,   0.7,  -6.1,  -3.7, 327.7,  76.1,1034.7,   5.0,  -2.0
249420,   0.5,   4.9,  -3.2,-131.8,  70.7,1101.1,   4.4,  -2.1
249448,   0.1,   4.0,  -1.7,-167.4,-124.3, 943.1,   3.9,  -1.3
249472,  -1.6,  -1.2,  -2.8,-109.3,-125.3,1029.3,   3.4,  -1.0
249496,  -1.5,   4.5,  -3.1,-176.7,   5.1, 909.9,   3.0,  -1.1
249520,  -0.5,  -3.2,  -2.9,  41.1,  37.3,1039.1,   2.6,  -1.0
249548,  -0.6,  -0.9,  -4.7,  25.7, -13.5, 991.9,   2.5,  -1.0
249572,   0.3,  -0.9,  -4.8, 119.2,  -5.7,1021.2,   2.1,  -1.1
249597,  -0.8,   1.8,  -1.8, -25.6, -17.9, 970.2,   1.7,  -0.9
249621,  -1.1,  -0.7,   0.3,  94.6, -15.4,1021.0,   1.4,  -0.9
249645,   0.5,  -0.7,   0.2,  66.0,  -8.1,1098.4,   0.9,  -0.8
249673,   0.3,  -1.5,  -0.1, -17.3,  51.4,1052.5,   0.9,  -0.5
249697,  -0.2,   1.3,   1.8, -35.3, -54.8, 993.2,   0.4,  -0.5
249721,  -0.8,  -0.3,   0.6,  23.8, -76.0, 988.3,  -0.0,  -0.4
249749,  -0.2,   0.4,   2.2, -10.4, -71.1,1015.9,  -0.5,  -0.4
249773,  -0.2,   0.5,  -1.6,  35.0, -66.2,1002.4,  -1.0,  -0.7
249798,   2.2,  -3.9,  -5.6,  35.5,  30.2,1024.2,  -0.9,  -0.7
249822,   2.7,  -3.5,  -4.5,  69.9,  90.0, 992.2,  -0.4,  -0.9
249846,   1.7,  -0.7,   0.3,  26.2,  32.2, 983.4,  -0.1,  -1.3
249874,  -2.5,   0.1,  -1.0, -28.5,  64.1,1014.9,   0.2,  -0.8
249898,  -3.1,  -0.4,  -1.5,  72.3,  76.4, 988.0,   0.6,  -0.9
249922,  -3.1,   0.8,  -0.1,  58.4, 128.1, 970.0,   1.1,  -1.2
249946,   0.1,   1.2,   0.4, -15.1,  64.9,1069.1,   1.3,  -1.1
249974,   3.3,  -1.7,   0.2,  88.0,  88.3, 979.7,   1.5,  -1.0
249999,   1.2,   1.7,  -1.3, -73.2, 152.5, 960.9,   2.0,  -1.0
250023,  -0.8,  -4.3,  -1.9,  57.4, 166.7, 986.8,   2.7,  -1.0
250051,  -3.0,  -0.9,  -2.8,  96.5, 109.1, 975.3,   2.7,  -1.1
250071,  -3.2,   0.4,  -2.6, 103.1, 165.5,1035.4,   2.9,  -1.5
250099,  -0.4,   0.9,  -3.7,  -8.2, 171.3, 967.8,   3.5,  -1.4
250123,   0.3,   0.5,  -2.9, -33.9, 105.4, 994.1,   4.0,  -1.4
250147,  -1.1,  -2.2,  -2.6,  30.3, 114.4, 993.4,   4.6,  -1.5
250171,  -0.2,  -0.3,  -2.4, 199.3, 180.8, 951.2,   5.0,  -1.8
250196,  -1.1,   0.7,  -2.1,  23.0, 211.1, 926.8,   5.4,  -1.7
250224,  -1.9,   0.8,  -1.4,  43.0, 134.7, 962.2,   5.5,  -1.7
250248,  -1.6,  -1.3,  -1.1,  98.7, 138.1,1043.9,   5.7,  -1.5
250272,  -0.5,   1.9,  -3.0,  -7.0,  96.9, 981.0,   5.8,  -1.5
250296,  -2.1,  -0.7,  -1.8,  26.7,  16.8,1112.1,   6.0,  -1.4
250324,  -1.7,   0.1,  -2.7,-156.9,  20.2, 965.8,   6.1,  -1.1
250348,  -3.3,   0.9,  -4.8, -65.1,  -8.4,1048.6,   6.0,  -1.3
250372,  -3.3,   0.8,  -5.5,  43.3,  19.5,1122.1,   6.0,  -1.7
250397,  -3.1,   2.9,  -2.9, -37.3, 112.0,1047.4,   6.0,  -1.7
250421,  -3.5,  -2.6,  -4.7,  88.0,  13.1,1071.3,   6.3,  -1.5
250449,  -3.6,   1.1,  -4.2,  78.4,  98.6, 951.2,   6.2,  -1.9
250473,  -3.8,   6.8,  -1.3,-134.7,  51.9,1051.0,   6.0,  -1.8
250497,  -3.6,  -7.4,   2.9,  73.3,-106.8,1117.2,   4.7,  -1.1
250521,  -0.2,   1.1,   2.1, 122.9, -40.8, 973.9,   4.0,  -1.5
250549,   2.2,  -5.2,   3.8, 346.8, 184.5, 910.6,   4.2,  -2.0
250573,  -0.1,   0.1,   3.5,  26.9,  -1.5,1044.7,   4.0,  -1.5
250598,  -1.6,  -1.8,   2.1, 128.7, -44.5, 873.0,   3.4,  -1.7
250622,  -2.8,  -4.1,   0.3,  76.0,-107.2,1026.6,   2.7,  -1.6
250646,  -4.0,   2.6,  -0.8,  44.0,-106.5,1001.5,   2.3,  -1.7
250674,  -1.4,   0.7,  -2.3, -57.1,   0.2,1018.1,   2.1,  -1.5
250698,   0.4,   0.2,  -2.3, -28.5,  13.4, 991.7,   1.9,  -1.5
250722,  -0.6,   1.7,  -1.0, -30.0,  40.7, 958.7,   1.5,  -1.3
250750,   0.3,   1.7,  -0.0, -18.2,  -8.9,1034.4,   1.3,  -1.2
250774,  -1.7,  -1.4,   1.0,  35.7, -28.4, 972.7,   1.2,  -0.9
250799,  -0.8,  -1.1,   1.9, -46.6,  32.9, 951.9,   1.0,  -0.8
250823,   0.3,  -2.9,   3.3, 240.8, -46.2, 996.1,   0.6,  -1.3
250847,   0.8,  -1.5,   1.9,  42.3,  42.7, 946.8,   0.6,  -1.1
250875,  -2.3,   0.7,   1.0, -48.0,  10.9, 978.0,   0.7,  -0.9
250899,  -3.8,  -1.4,   2.4,  14.5,-180.7,1311.0,   0.4,  -0.8
250923,  -3.0,   4.1,   4.2,-236.7,-202.0,1032.7,  -0.7,  -0.4
250947,  -0.0,  -2.2,   3.7, 219.3, -73.3,1032.0,  -1.2,  -0.9
250975,   1.7,   4.3,   0.3, -86.8,  36.1, 996.8,  -1.3,  -0.9
251000,   3.0,   0.5,   4.4,  43.8, -40.8, 957.3,  -1.3,  -0.8
251024,   0.5,  -3.5,   4.1,  76.0, -43.5,1012.9,  -1.4,  -0.6
251052,  -0.8,   1.6,   4.0, -35.6, -75.5, 959.5,  -1.6,  -0.5
251072,  -0.6,   0.5,   4.1, -60.5, -36.4, 968.7,  -1.8,  -0.5
251100,   1.2,  -0.1,   3.6,  49.4, -73.6,1021.2,  -1.9,  -1.0
251124,   0.3,  -1.0,  -1.2,  55.7, -40.6,1047.4,  -2.3,  -1.0
251148,   0.4,  -0.1,  -3.3, -28.2,  36.3, 986.1,  -1.9,  -0.8
251172,  -0.3,  -0.4,  -3.6,  54.3,  41.0, 993.9,  -1.5,  -1.3
251197,  -0.8,  -1.7,  -1.2,  -0.4,  13.6,1011.7,  -1.3,  -1.2
251225,  -0.0,  -1.7,  -1.5,  51.6,  20.2, 993.9,  -1.0,  -1.2
251249,   0.9,  -0.1,  -1.3,  -8.5,  49.3, 991.9,  -0.7,  -1.3
251273,   1.4,  -0.6,  -0.8,  27.4,  63.9, 997.6,  -0.3,  -1.4
251297,   1.3,   0.7,  -1.1,  56.2,  36.8, 982.4,  -0.1,  -1.4
251325,   1.1,  -0.9,  -1.6,   3.5,  39.0, 994.4,   0.2,  -1.6
251349,  -0.3,   0.7,  -1.4,   0.8,  29.0,1002.7,   0.4,  -1.6
251373,  -1.1,  -0.1,  -1.9, -12.6,  40.2,1012.9,   0.6,  -1.6
251398,  -0.3,  -0.6,  -1.9,  39.9,  71.5, 992.4,   0.8,  -1.5
251422,   1.9,  -1.5,  -2.5,   2.0,  55.4, 991.5,   1.0,  -1.4
251450,   1.1,  -0.0,  -3.3,  13.5,  99.5, 977.8,   1.5,  -1.4
251474,  -1.4,  -2.0,  -3.0,  78.9, 113.0, 988.8,   1.9,  -1.4
251498,  -1.0,   0.7,  -3.8,  19.6,  97.8,1005.6,   2.3,  -1.6
251522,  -2.5,   1.0,  -3.1,  34.3, 104.7, 981.4,   2.7,  -1.6
251550,  -2.6,  -1.4,  -1.7,  65.3, 110.5, 972.9,   2.7,  -1.7
251574,   0.5,   1.0,  -2.3,  13.3, 124.7, 977.3,   3.1,  -1.7
251599,   1.2,   0.5,  -2.6, -29.5, 127.1, 973.4,   3.7,  -1.6
251623,   1.5,   0.4,  -1.2,  50.6,  99.5, 997.3,   4.1,  -1.6
251647,   2.4,  -0.7,  -2.3,   1.8, 115.7,1036.9,   4.4,  -1.6
251675,   2.9,  -0.7,  -3.2,   9.4, 132.0, 983.6,   4.8,  -1.5
251699,   2.7,  -0.6,  -4.5, -37.8, 147.4, 987.5,   5.3,  -1.5
251723,   0.7,  -0.4,  -3.7,  64.0,  97.3, 992.4,   5.5,  -1.6
251751,   0.5,  -0.6,  -3.6,  61.6, 135.9, 999.5,   5.9,  -1.6
251775,   1.2,   2.2,  -4.0, -64.6, 139.6, 929.0,   6.2,  -1.6
251800,  -1.2,   1.7,  -3.7,  -6.0, 144.2, 980.2,   6.6,  -1.6
251824,  -1.4,  -1.4,  -1.4,-159.6, 155.9,1061.0,   6.8,  -1.1
251848,  -3.1,  -6.2,  -1.5, 112.4,-109.7, 996.3,   6.0,  -0.8
251876,   0.6,   5.5,  -6.2,-132.0, 101.7, 873.8,   5.8,  -1.7
251900,   4.2,  -3.4,  -3.9, 135.6, 207.5, 951.9,   6.3,  -1.5
251924,   3.1,  -1.4,  -3.6, -68.0, 191.1,1069.3,   6.6,  -1.1
251948,   1.2,  -1.2,  -2.8,  48.7, -54.5, 977.5,   6.7,  -1.3
251976,  -1.5,  -0.4,  -2.4, -83.2, 168.9, 967.0,   6.7,  -1.1
252001,  -1.4,   0.6,  -2.4,  77.7, 198.9, 946.0,   6.6,  -1.5
252025,  -1.3,  -3.4,  -0.9, 224.7, 135.7,1014.2,   6.9,  -1.5
252053,  -0.4,  -1.8,  -2.1, 175.9, 180.8, 993.6,   7.0,  -1.7
252073,   0.8,   2.2,  -1.0,   4.2,  26.8, 937.5,   6.7,  -1.6
252101,   0.9,  -5.6,  -0.6, -78.0, 188.2,1007.1,   7.0,  -1.0
252125,  -1.6,  -2.6,  -1.2, 259.4,  40.0,1014.4,   6.7,  -1.6
252149,  -1.3,  -0.0,  -1.2, -45.1,  84.7, 911.4,   6.3,  -1.3
252173,  -0.7,   3.0,  -0.8,-152.5, 121.5, 964.4,   6.0,  -1.4
252198,  -3.8,  -3.7,  -2.0,  15.2, 134.9, 938.0,   6.4,  -1.2
252226,  -1.7,   4.4,   0.5,-534.8,  91.2, 961.4,   6.2,  -0.8
252250,  -4.4,  -6.8,   4.0, 727.9, -72.3,1061.8,   4.9,  -1.5
252274,   0.1,   4.4,   3.8,  91.9, 155.5, 943.4,   4.7,  -1.8
252298,   0.3,   0.2,   4.1, -17.5, 153.0, 877.2,   5.1,  -1.1
252326,  -3.1,   1.6,   4.1,-173.0,  26.3, 842.8,   4.7,  -0.6
252350,  -2.9,  -0.4,   3.9, 215.4,  33.6,1086.7,   3.9,  -1.0
252374,  -3.5,   0.4,   1.4,  78.4,   8.0,1043.2,   3.4,  -0.8
252399,  -2.1,   1.2,   1.4,  27.2, 112.2,1009.3,   3.1,  -0.9
252423,  -2.7,  -0.7,   2.2,  15.2,  45.3,1059.8,   3.1,  -0.7
252451,   0.9,   0.8,   4.1,  13.3,  16.0, 956.5,   2.8,  -0.6
252475,  -0.5,  -0.6,   4.2,  21.6, -55.2,1064.7,   2.5,  -0.6
252499,  -0.0,   2.0,   3.9,  -0.9, -44.7, 954.6,   2.4,  -0.6
252523,   0.8,   3.6,   3.9, -63.9, 115.7,1169.2,   2.5,  -0.6
252551,  -0.1,   2.1,   4.1,  90.2,-121.2,1032.7,   2.3,  -0.6
252575,  -0.0,   0.8,   4.2,-134.2,  -6.2,1016.4,   2.2,  -0.4
252600,  -0.8,  -3.2,   4.1, 174.4,  46.3,1036.4,   1.8,  -0.7
252624,  -2.7,  -1.5,   4.0, 165.4,  38.5,1043.0,   1.5,  -0.8
252652,  -2.8,   1.8,   4.2,-123.0, -44.7,1036.4,   1.6,  -0.6
252676,   1.6,  -5.6,   4.0, -37.5, -91.9,1088.1,   0.7,  -0.1
252700,  -1.1,  -4.0,   4.4,  43.0,-131.7,1003.4,   0.2,  -0.2
252724,   0.0,  -0.4,   1.3,  45.7,  -3.2,1051.8,   0.3,  -0.7
252752,  -1.1,  -1.5,   4.2, 129.5,-111.9,1059.3,  -0.3,  -1.1
252776,  -2.2,   2.9,   4.2, -25.1,-164.9,1026.1,  -0.9,  -1.0
252801,   0.3,   0.2,   4.2, -14.6,-148.7,1039.1,  -1.7,  -0.7
252825,   1.2,  -1.6,   4.1,  85.3, -16.2, 972.7,  -1.8,  -0.7
252849,   2.5,  -1.0,   3.9,  90.4,  20.9,1017.6,  -1.7,  -0.9
252877,   2.6,  -2.6,   0.7,  32.1, -75.3, 988.5,  -1.7,  -0.9
252901,   2.7,  -0.7,   0.3,  32.1,  80.7,1004.1,  -1.8,  -1.3
252925,  -2.2,  -0.6,   0.0,  84.3,   7.0, 993.4,  -1.4,  -1.5
252949,  -0.6,   0.7,   2.1,  41.1,  24.6,1006.1,  -1.2,  -1.7
252977,  -1.1,   1.0,   3.4,  13.7,  41.2, 999.5,  -0.9,  -1.7
253002,   0.4,  -0.6,   4.1,  40.6,  47.3,1020.3,  -0.6,  -1.6
253026,   0.5,   0.2,   4.5,   8.9,  51.2, 991.7,  -0.2,  -1.5
253054,  -0.2,  -0.4,   3.2,  27.9,  31.7,1008.5,  -0.2,  -1.5
253074,   0.9,  -0.3,   3.0,   5.9,  12.9, 999.3,  -0.1,  -1.5
253102,   0.8,  -0.3,   1.4,  17.9,  33.9, 995.4,   0.0,  -1.4
253126,  -0.1,   0.6,  -0.5,  -1.1,  53.4, 991.0,   0.3,  -1.4
253150,   1.1,  -1.4,  -1.2,  29.1,  92.7, 992.9,   0.8,  -1.5
253174,   1.8,   0.3,  -0.8,  62.3,  80.7, 989.3,   1.2,  -1.6
253199,  -0.6,  -0.9,  -0.6,  17.9, 111.8, 981.9,   1.7,  -1.5
253227,   0.1,   0.7,   0.0,  -9.4,  99.3, 982.4,   2.1,  -1.6
253251,  -1.3,  -1.0,  -1.1,  77.0,  96.1, 999.0,   2.4,  -1.7
253275,  -0.5,   1.5,  -1.2,  12.5, 110.5,1041.7,   2.7,  -1.7
253299,   1.4,   1.0,  -1.5, -28.7,  73.7, 971.2,   2.9,  -1.6
253327,   0.9,  -0.3,  -0.6,  25.0,  93.7, 988.8,   3.2,  -1.7
253351,   0.5,   1.8,  -1.1, -42.6, 148.1, 937.5,   3.6,  -1.6
253375,   0.3,  -0.6,   0.5,  21.1, 100.8, 967.8,   3.9,  -1.7
253401,   0.8,  -0.7,   0.5, 115.3, 146.9, 982.9,   4.1,  -1.8
253425,   0.9,   0.8,  -1.2,  45.7, 100.5, 958.5,   4.4,  -1.9
253449,  -0.5,  -0.4,  -1.1,  -5.5, 157.2, 954.1,   4.7,  -1.7
253477,   1.2,   1.5,  -1.8,  35.7, 138.4, 985.3,   5.1,  -1.8
253501,   0.7,   0.4,  -2.5,  34.0, 159.4, 975.6,   5.5,  -1.8
253525,  -0.5,   2.4,  -1.2,  31.8, 138.4, 947.0,   5.8,  -1.8
253553,  -3.5,   0.4,  -1.2,  50.4, 286.1, 819.8,   6.1,  -1.8
253577,  -2.4,   4.4,  -1.1, -14.1, 307.6,1023.7,   6.2,  -1.6
253602,  -4.1,   2.8,  -0.9,-361.5,  -3.5,1210.0,   6.0,  -1.2
253626,  -3.4,  -5.6,  -2.1, 215.2,  76.6, 989.3,   6.2,  -1.4
253650,   1.9,   8.4,  -3.9, 120.4, 181.3, 988.3,   5.8,  -2.3
253678,   2.6,  -1.0,  -1.1, 171.7, 147.4, 937.0,   6.2,  -1.9
253702,  -0.6,   2.0,  -2.8, 104.8, 213.8,1021.5,   6.8,  -1.7
253726,  -1.0,  -1.2,  -1.5,  80.4,  73.9, 942.6,   6.8,  -1.5
253750,  -2.5,   1.9,  -2.5, -94.9, 109.3, 967.3,   6.7,  -1.4
253778,  -3.8,   1.5,  -1.7, 126.1,  48.8,1065.2,   6.5,  -1.7
253803,  -3.5,   1.3,  -3.6, -48.8,  64.9, 996.1,   6.3,  -1.7
253827,  -1.0,  -1.4,  -2.8,  85.0,  94.4,1065.2,   6.2,  -1.6
253851,  -2.8,   0.9,  -3.7,-169.1,  91.0,1062.3,   6.1,  -1.3
253875,  -3.2,  -3.6,  -6.1,  85.8, -17.9,1040.5,   5.9,  -1.5
253903,  -3.9,   0.7,  -5.4, -55.6,  22.2, 988.3,   5.7,  -1.6
253927,  -4.0,   0.9,  -4.5,   2.8,  41.4,1030.3,   5.4,  -1.9
253951,  -3.7,   1.9,  -6.6,   0.1, 108.8,1082.0,   5.2,  -1.7
253975,  -3.7,   2.9,  -6.6,  -4.8, 107.6, 938.7,   5.1,  -1.7
254000,  -3.8,   0.7,  -6.6,  -0.7, 159.8, 963.9,   5.1,  -1.8
254028,  -4.3,   0.2,  -4.7,-294.4, -15.4,1006.1,   4.9,  -1.4
254056,  -1.8,   3.0,  -2.3, 267.7,-190.5, 953.9,   4.6,  -1.6
254076,  -3.2,   2.8,  -5.3,  52.6, 131.8, 926.8,   4.5,  -1.6
254100,  -1.8,   2.2,  -3.7,-125.2,  86.4, 953.1,   4.7,  -0.9
254128,  -4.5,  -7.3,  -1.7, -49.0, -46.5, 987.8,   4.7,  -0.5
254152,  -3.0,  -0.7,  -2.0,  99.4,   8.7, 938.5,   4.2,  -1.0
254176,  -3.7,  -0.0,   0.3, 129.0, -31.8,1128.9,   3.7,  -1.1
254201,  -3.4,   2.3,  -2.5,  28.9,  23.4,1144.3,   3.5,  -0.9
254225,  -3.2,  -0.3,  -3.6,  -7.7, -10.6, 964.1,   3.0,  -0.6
254253,  -1.7,   0.5,  -5.0,  13.3, -38.9, 918.9,   2.4,  -0.9
254277,  -1.7,   1.5,  -5.3,-113.0, -56.2, 965.8,   2.0,  -0.5
254301,  -1.2,  -2.1,  -3.3,  52.3,  10.7, 995.1,   1.7,  -0.4
254325,   3.5,  -0.8,  -5.4, 223.5,  71.2,1133.8,   1.5,  -0.9
254353,   0.9,  -8.3,  -3.4, 143.9, -49.9, 996.8,   1.8,  -0.3
254377,   1.6,   1.9,  -3.8, -19.0,  49.0,1044.7,   1.3,  -0.6
254402,  -0.3,  -2.7,  -0.4, 127.3, -10.8, 968.3,   1.0,  -0.7
254426,  -1.7,   0.4,  -2.4,-108.6, 108.1,1029.0,   1.3,  -0.5
254450,  -3.0,  -2.1,  -1.3, -77.1, -16.7, 969.0,   1.1,  -0.1
254478,   1.0,  -3.5,  -0.2, 251.1, -88.7, 960.7,  -0.6,  -0.7
254502,   2.8,   1.0,  -1.7, 102.9, -60.4,1065.9,  -1.1,  -1.2
254526,   3.7,   2.5,  -0.8,-103.0,  39.5, 892.8,  -0.6,  -1.0
254554,   0.8,   0.4,   0.4,-115.2, -67.4, 974.1,  -0.8,  -0.8
254578,  -0.0,  -1.2,   0.9, 206.1,-188.3,1091.1,  -1.5,  -1.0
254603,  -3.8,   4.7,  -1.3,-288.3, -39.4, 927.2,  -1.8,  -0.6
254627,   0.9,  -2.0,   4.2, 118.0, -27.4,1020.5,  -2.3,  -0.9
254651,   1.7,  -1.8,   2.4,  51.1, -14.7,1011.2,  -2.2,  -0.6
254679,   5.9,  -0.5,  -4.2,-193.8, 168.9, 966.8,  -1.7,  -0.3
254703,   3.3,  -5.7,  -4.8, 154.6,   1.4, 989.7,  -1.5,  -0.6
254727,   1.6,  -5.1,  -2.4, 183.9,   1.6,1040.8,  -1.4,  -1.5
254751,  -1.9,   1.8,  -0.9, -41.4,  68.3, 977.3,  -1.0,  -1.5
254779,  -1.5,   1.3,   1.6,   1.8,  66.3,1004.4,  -0.6,  -1.3
254804,   1.1,   0.1,   0.4,  17.4,  71.5,1029.3,  -0.1,  -1.2
254828,   0.7,   1.5,   2.1,   9.4,  -0.6, 986.1,   0.1,  -1.1
254852,   1.9,  -0.9,   0.2, -20.2,  47.8, 986.6,   0.3,  -1.1
254876,   0.3,  -0.6,   0.4,  38.2,  37.0,1023.4,   0.4,  -1.1
254904,   1.5,  -1.7,  -0.3,  62.3,  61.7,1004.9,   0.7,  -1.1
254928,   0.9,  -2.4,  -0.8,  71.6, 121.0,1008.3,   1.0,  -1.3
254952,   0.6,   0.2,  -1.4,  68.9,  93.7,1019.5,   1.4,  -1.2
254976,   0.1,   1.1,  -1.4, -19.5,  80.3,1001.5,   1.8,  -1.1
255001,  -0.3,  -1.2,  -0.6,  34.7,  79.3,1006.8,   2.3,  -1.1
255029,  -1.4,   1.1,  -1.7,  35.2,  93.0, 976.8,   2.6,  -1.2
255057,  -0.6,  -0.3,   0.3,  10.1,  70.5, 993.9,   2.6,  -1.2
255077,  -0.9,   0.3,  -2.0,  -1.1,  34.8,1005.6,   2.7,  -1.3
255101,   0.1,   2.1,  -1.6, -83.7,  50.0,1008.5,   2.9,  -1.1
255129,   1.2,  -0.7,  -2.0,  26.9,  67.6, 981.0,   3.2,  -1.2
255153,   0.6,  -1.0,  -2.6,  36.7, 141.8, 979.2,   3.6,  -1.2
255177,   0.3,  -1.4,  -2.3,  17.7, 107.6, 965.8,   4.1,  -1.2
255202,  -1.1,  -0.6,  -2.3,  43.0, 134.2,1006.6,   4.6,  -1.2
255226,  -3.9,   0.1,  -1.9, 106.5, 106.9, 965.1,   5.0,  -1.6
255254,  -3.5,   4.0,   1.1,-141.0, -20.6,1115.7,   4.5,  -1.4
255278,   1.0,   2.1,   1.3,  27.4, 119.3, 982.7,   4.8,  -1.4
255302,   4.4,  -0.9,   0.2,  -5.1, 203.3, 998.0,   5.3,  -1.1
255326,   1.2,  -1.4,  -1.4,  17.9, 135.2, 986.8,   5.9,  -1.1
255354,  -2.4,   0.9,   0.5, -34.8,  47.5, 971.9,   6.3,  -1.1
255378,  -2.5,   0.2,  -0.3,  79.9, 144.2,1047.4,   6.3,  -1.3
255403,  -1.4,   3.2,  -0.0,  -8.5, 166.4, 951.4,   6.1,  -1.4
255427,  -0.5,  -2.4,   0.4, 193.2, 185.5,1103.8,   6.4,  -1.2
255451,   0.0,   5.4,  -1.5,-124.7,  97.3, 978.0,   6.6,  -1.2
255479,  -1.0,   2.0,  -1.3, -97.3,  46.3, 963.6,   6.7,  -0.8
255503,  -0.0,   1.8,  -0.5,  52.3,  53.4,1013.4,   6.6,  -1.1
255527,   0.8,   2.9,  -0.6,-152.5, 222.1, 986.8,   6.8,  -0.7
255555,  -0.6,  -0.9,  -1.1,  -8.0,   3.8, 990.0,   6.8,  -0.7
255579,  -2.9,  -4.1,  -1.8, 155.1, 103.9,1051.0,   6.6,  -1.0
255604,  -1.0,  -1.4,  -2.1,  78.2, 155.9,1023.2,   6.5,  -1.0
255628,  -3.3,  -5.1,  -0.6,  15.2, 202.6, 898.2,   6.6,  -0.5
255652,  -3.9,  -5.1,  -0.8, 506.9,   9.7, 939.2,   6.5,  -1.4
255680,  -3.6,   6.4,  -0.6,-439.6, -59.9, 892.6,   4.8,  -0.5
255704,   2.3,  -3.9,   1.3, 216.4,  42.7, 952.6,   4.5,  -1.1
255728,  -0.5,   0.6,   1.1,  59.9, 143.7, 952.4,   5.0,  -1.4
255752,   0.5,   0.8,   4.0, -67.3, 107.1, 981.9,   5.0,  -0.8
255780,  -1.3,  -0.8,   2.4,  13.0,-121.6, 973.4,   4.2,  -0.6
255805,  -1.6,   1.5,   2.6,   1.3,  -8.6,1112.3,   3.4,  -0.7
255829,  -2.6,   0.8,   0.1,  70.6, -89.4,1064.2,   3.1,  -0.7
255853,   0.3,   0.7,  -1.0,-171.6,   3.6, 897.7,   2.8,  -0.4
255877,  -0.8,  -1.4,  -2.2,  73.1, -78.7,1130.4,   2.3,  -0.7
255905,  -0.2,   2.3,  -2.6,-152.8, -14.0, 988.5,   2.0,  -0.4
255929,  -0.4,  -1.5,   0.0,  83.3,  35.1, 955.6,   1.9,  -0.6
255953,  -0.4,  -1.4,   2.1,  88.7,  46.8, 962.4,   1.9,  -0.7
255977,   0.7,   0.3,   3.8,   4.0, -33.3, 997.1,   1.6,  -0.7
256002,   2.3,   0.8,   2.8,  98.5,  -4.2,1097.4,   1.4,  -0.7
256030,   1.3,  -1.8,   1.1, 176.1,  41.9,1007.3,   1.6,  -0.9
256058,  -3.9,  -0.6,   3.9, 120.4,  17.5,1020.0,   1.4,  -1.0
256078,  -4.1,   4.0,   4.3,-151.5, -65.7,1097.9,   1.0,  -0.9
256102,   1.4,   1.3,   3.9,  30.3, -90.4,1092.3,   0.0,  -0.5
256130,   3.6,   0.1,   3.2,  83.1,  48.5, 988.3,   0.1,  -0.6
256154,   2.4,  -0.1,   3.9,  90.4,  19.5, 970.2,   0.5,  -0.7
256178,  -1.7,   1.3,   4.3,   8.9, -67.9, 982.2,   0.3,  -0.3
256203,  -3.4,   5.6,   7.5, -86.6,-177.8, 927.0,  -0.6,  -0.2
256227,  -3.6,  -0.6,   4.3,   7.4,-116.8,1050.8,  -1.2,  -0.0
256255,   1.0,  -0.3,   3.8,  47.9,-111.1,1016.4,  -1.4,  -0.1
256279,   3.7,  -0.2,   4.3,-126.6,  13.9,1024.4,  -1.7,  -0.2
256303,   2.4,  -2.9,   2.0,  21.1,  12.9, 987.3,  -1.2,   0.0
256327,   2.4,  -2.9,   0.8,  20.1,  62.4,1013.7,  -0.9,  -0.1
256355,  -1.3,   0.1,   3.5,  23.3,  36.8,1021.5,  -0.6,  -0.7
256379,  -2.2,  -1.4,   4.0,  83.3,  63.9,1025.6,  -0.3,  -0.8
256404,  -1.1,   0.2,   1.4,   5.7, -36.9,1009.3,  -0.3,  -1.0
256428,  -0.2,  -0.1,   0.5,  81.9,  16.5,1001.7,  -0.2,  -1.3
256452,   0.4,   1.9,   0.0,  33.5,  43.4, 993.9,   0.2,  -1.4
256480,  -0.4,   0.6,  -1.5,  57.0,  77.1, 976.8,   0.5,  -1.6
256504,   0.9,  -2.1,  -1.1,  27.2,  63.9,1003.9,   0.8,  -1.5
256528,  -0.1,   0.7,  -1.9,  28.9,  34.4, 976.6,   0.9,  -1.7
256556,  -1.6,  -1.7,  -2.8,  39.6,  66.3,1015.4,   0.9,  -1.8
256580,  -1.6,  -0.5,  -4.2,  14.5,  64.6, 980.2,   1.2,  -1.9
256605,  -1.3,  -0.6,  -4.8,  60.6,  92.0, 986.8,   1.6,  -1.9
256629,   0.8,  -1.4,  -3.9,   0.1,  89.3, 994.9,   1.9,  -1.8
256653,  -0.8,   0.8,  -4.1,  57.9,  64.4,1011.7,   2.1,  -1.9
256681,  -0.5,   0.5,  -3.2,  44.3, 103.2, 982.2,   2.3,  -1.9
256705,  -0.7,  -0.0,  -4.2,  46.0, 119.1, 994.4,   2.7,  -1.9
256729,  -1.9,   0.5,  -4.9,   7.9, 140.3, 963.4,   3.0,  -1.7
256753,  -3.9,   1.8,  -5.8,   0.6, 133.0, 981.9,   3.5,  -1.8
256781,  -1.0,   0.7,  -2.7,  47.4, -33.0,1165.0,   3.2,  -1.7
256806,   1.4,   0.8,  -3.3,  27.9, 102.5, 995.4,   3.3,  -1.6
256830,   5.5,  -0.7,  -3.9, -24.6, 186.9, 943.4,   3.9,  -1.4
256854,   2.3,  -0.8,  -3.6, -60.5, 177.2, 916.5,   4.9,  -1.2
256878,  -0.3,  -2.1,  -3.1,   0.1, 128.4, 914.8,   5.5,  -1.4
256906,  -3.4,  -0.2,  -2.5, -57.3,  91.5,1006.6,   5.6,  -1.6
256930,  -3.4,  -2.0,  -1.5,  88.7,  69.8,1077.1,   5.5,  -1.5
256954,  -2.7,   0.4,  -2.2, -29.2,  75.1, 987.1,   5.6,  -1.5
256978,   0.6,   1.6,  -2.0,-107.6, 149.1, 973.1,   6.0,  -1.5
257003,  -0.6,   0.9,  -0.3, -26.8, 143.2, 970.0,   6.4,  -1.4
257031,   0.1,   1.3,  -1.8,-165.0, -13.7,1052.2,   6.3,  -0.9
257059,  -0.9,   1.3,  -1.0,  -7.2,  12.6, 983.9,   6.3,  -0.9
257079,  -1.1,   1.9,  -1.2, -94.4, 127.9, 942.6,   6.5,  -0.8
257103,  -0.8,  -0.4,   0.7, 102.6,  95.4, 978.3,   6.5,  -0.8
257131,  -2.6,   1.9,   0.0,  21.6, 116.1,1024.2,   6.8,  -0.9
257155,  -0.4,   4.5,   0.4, -80.0,  79.0,1007.6,   6.9,  -0.8
257179,   0.5,  -5.7,   3.8,  62.3, 267.8, 963.6,   6.7,  -0.3
257204,  -1.2,  -1.5,   2.8, 174.4, 176.4, 929.2,   6.8,  -0.8
257228,  -3.6,  -0.4,   4.2, -51.7, 235.5, 884.0,   7.5,  -0.5
257256,  -4.3,   6.1,   8.3,-125.9,-460.3,1159.4,   6.0,  -0.8
257280,  -2.8,   3.3,   6.9,-235.3,  18.0, 987.5,   5.2,  -0.9
257304,   2.6,  -2.8,   4.2, 166.1,  94.2,1007.1,   5.0,  -0.7
257328,   1.6,  -1.1,   3.1, 109.5, -17.2,1064.2,   5.1,  -0.7
257356,  -1.4,   0.2,   0.2,-198.9,  17.5, 924.6,   4.7,  -0.3
257380,  -3.6,  -5.4,   0.5,  35.0,-104.8, 990.7,   4.0,  -0.2
257405,  -3.6,   4.1,  -1.0, -19.7,  95.2, 887.0,   3.9,  -0.3
257429,  -1.4,  -0.5,   3.8,  53.5, 183.5, 960.7,   4.1,  -0.3
257453,   1.1,   0.8,   4.1,  15.2,  -5.7,1099.1,   3.9,  -0.2
257481,   1.5,  -2.7,   3.9, 125.3,  67.1,1005.9,   3.8,   0.3
257505,  -2.8,   6.6,   4.1, -60.5, -64.3, 894.5,   3.3,  -0.2
257529,  -3.9,   0.9,   4.1, -13.4,   4.6,1006.8,   2.7,  -0.2
257557,  -1.9,   1.2,   4.2,  10.6, -63.8,1010.0,   2.5,  -0.2
257581,  -0.8,  -1.4,   2.3, 104.6,  27.0, 961.9,   2.4,  -0.2
257606,  -2.2,   2.9,   2.8,-145.7,  70.7,1010.5,   2.1,  -0.1
257630,  -0.5,  -0.9,   4.3, -97.3,-251.8,1140.6,   1.6,   0.6
257654,  -2.1,  -1.2,   4.4,  19.4,-298.9, 954.1,   0.3,   0.3
257682,   1.9,   1.9,   4.3,  77.0,-171.9, 941.6,  -0.7,  -0.5
257706,   4.3,   1.9,   4.1, -51.0,  60.7,1015.9,  -0.2,  -0.2
257730,   2.8,  -1.0,   4.0, -13.8, -15.0, 919.7,  -0.1,   0.2
257754,   0.8,   0.5,   4.1,  31.1,-139.0,1020.5,  -0.5,  -0.1
257782,  -1.1,  -0.7,  -1.2,-141.3,   6.8, 974.1,  -1.3,  -0.2
257807,   0.9,  -2.5,   0.4, 121.4,  49.7,1032.7,  -1.0,  -0.7
257831,  -0.3,  -0.0,   0.3, -90.3,   7.3,1019.0,  -0.5,  -1.1
257855,   0.3,   2.1,   2.1, -38.7,  40.5,1006.1,  -0.5,  -0.9
257879,  -1.3,  -2.6,   4.1,  55.7, 104.9, 971.9,  -0.2,  -0.6
257907,  -1.8,   0.6,   3.9,  30.3,  77.6, 988.5,  -0.0,  -1.1
257931,   0.6,  -2.9,   3.9,  67.5,   5.8, 993.6,   0.0,  -1.2
257955,  -0.1,   0.8,   1.4, -10.2,  20.2,1007.6,   0.2,  -1.2
257979,   0.3,  -0.6,   1.5, -25.3,  46.6, 983.4,   0.4,  -1.3
258004,   0.4,  -0.6,   0.4, -17.5,  69.5, 989.0,   0.7,  -1.3
258032,  -0.0,  -1.5,   0.1,  61.6,  54.1, 993.2,   1.0,  -1.3
258060,  -1.1,   0.3,   0.7, -13.6,  61.7, 985.6,   1.0,  -1.2
258080,   1.6,   1.8,   1.3, -30.7,  50.5, 974.9,   1.2,  -1.3
258104,   0.5,  -0.6,   1.5,  17.2,  98.3,1038.8,   1.7,  -1.2
258132,   0.1,   0.5,   0.4, -23.6,  90.5, 976.8,   2.2,  -1.1
258156,  -0.0,  -0.6,   1.3, -22.6,  77.8,1002.7,   2.5,  -1.2
258180,  -1.1,  -0.1,   0.2,  60.6, 117.4,1010.5,   2.7,  -1.2
258206,   0.1,   1.8,   1.0,  17.7, 116.1, 971.4,   3.0,  -1.4
258230,  -3.0,   0.2,   1.9,  64.8,  79.0, 975.8,   3.2,  -1.5
258254,  -1.1,   1.5,   1.8,  54.3,  68.8,1012.4,   3.6,  -1.4
258282,  -0.5,   0.5,   2.2,  -4.6,  30.5,1016.4,   3.7,  -1.4
258306,   0.3,   3.2,   1.9,  39.4, 137.1, 926.0,   4.1,  -1.5
258330,  -1.1,   1.9,   2.5,  49.1, 109.1,1135.7,   4.4,  -1.5
258354,   0.8,   0.7,   4.3,-221.4,  94.4, 973.1,   4.2,  -0.8
258382,   0.9,  -4.2,   2.1, 321.6, 140.6,1004.1,   4.4,  -1.3
258407,  -0.3,   6.1,   1.9,  96.5, 162.3, 979.2,   4.8,  -1.5
258431,  -1.5,   3.1,   2.7,-111.3, 151.5,1004.1,   5.2,  -1.3
258455,   0.2,   2.2,   4.3,-183.5, 102.0, 931.1,   5.4,  -0.8
258483,  -1.8,   1.5,   4.0,  58.7,  60.0,1020.7,   5.5,  -1.0
258507,  -4.1,   1.3,   4.3,-108.6,  10.4, 994.9,   5.5,  -0.8
258531,  -2.0,   1.3,   4.3,  85.0,  27.8,1027.6,   5.7,  -0.9
258559,  -2.5,   1.9,   3.9, -95.9,  22.2, 948.5,   5.6,  -0.8
258583,   1.1,  -0.0,   4.0,   6.2, 229.2, 996.6,   5.7,  -0.7
258608,  -0.5,   2.1,   2.4, -52.9, 228.5,1013.4,   5.8,  -0.7
258632,  -1.8,  -0.7,   4.6,  30.6,  20.9,1054.7,   5.6,  -0.7
258656,  -4.4,   1.8,   2.2,  87.0, -76.0,1049.8,   5.6,  -0.8
258680,  -3.7,   1.3,   1.3, -28.7,  81.5,1000.0,   5.4,  -0.6
258708,  -2.5,   4.1,   2.2,  28.4,  93.4, 960.7,   5.4,  -0.8
258732,  -4.1,  -3.2,   1.8, 152.2,  90.0,1074.2,   5.4,  -0.9
258756,  -6.4,  -1.5,   3.0,  82.4,   9.7, 902.6,   5.4,  -0.7
258780,  -3.5,   1.1,   4.0, 164.9, -28.9,1006.1,   4.8,  -1.1
258805,  -4.2,   3.6,   4.3,  21.1,  34.1,1210.7,   4.9,  -1.2
258833,  -0.6,  -5.9,   4.2, -33.9, -15.7,1031.2,   4.1,  -0.1
258857,   1.5,  -3.2,   1.8, 170.0,  72.2, 971.2,   4.1,  -0.6
258881,  -2.2,   4.7,   1.9,  70.1,-118.2,1024.9,   3.6,  -1.2
258905,  -1.3,   2.5,   2.4,-167.4,   4.6,1000.2,   3.2,  -1.0
258933,   0.0,  -2.9,   1.4, 194.7,  69.3,1159.9,   3.1,  -0.8
258957,  -3.5,  -0.1,   0.7, -25.1,-132.1, 931.9,   2.9,  -0.6
258981,  -0.5,   2.7,   0.2, -61.2,   6.3, 980.5,   2.4,  -0.7
259006,  -2.7,  -1.7,   1.8,  36.5, -42.8, 992.4,   2.1,  -0.8
259030,  -0.5,  -0.4,   0.4,  17.4,  12.1,1039.1,   1.8,  -0.8
259058,  -0.2,  -0.7,   1.1, -10.2,  72.7,1010.7,   1.9,  -0.8
259082,  -1.0,   1.1,   3.0, -46.6, -38.4, 897.5,   1.5,  -0.6
259106,  -1.1,  -0.6,   3.9,  38.2,   1.2, 987.1,   0.9,  -0.7
259130,   0.8,  -0.6,   4.1, 122.1,   6.5, 928.7,   0.5,  -0.7
259158,   0.3,   0.9,   4.0, -30.7,  13.1, 963.9,   0.1,  -0.7
259182,  -0.8,   0.2,   3.9,  93.8, -13.2, 935.1,  -0.2,  -0.8
259207,  -3.8,   3.8,   3.9,-181.3,  -9.6, 936.3,  -0.6,  -0.5
259231,  -3.6,   0.5,   4.2, 112.9,-108.0,1014.9,  -1.1,  -0.5
259255,  -1.7,  -0.1,   4.1, -61.0,-133.9,1053.2,  -1.6,  -0.4
259283,   2.6,   0.4,  -2.2,   9.4,-135.3,1052.0,  -2.5,  -0.6
259307,   3.1,  -0.4,  -3.6,   7.9,  96.9,1077.4,  -2.0,  -1.2
259331,   2.1,  -0.1,  -2.5,  13.5,  49.0, 944.1,  -1.6,  -1.7
259355,  -0.0,  -1.5,  -1.4, -76.3,  78.3, 969.2,  -1.2,  -1.1
259383,  -3.8,   0.5,  -1.1,  81.9,   8.2, 975.6,  -1.1,  -1.6
259408,  -0.8,   0.7,   1.6, 135.1,  25.1,1002.0,  -1.1,  -1.9
259432,  -0.8,   5.7,   4.0, -52.4,  52.2, 999.8,  -0.8,  -1.8
259456,   0.9,   3.0,   1.8, -48.0,  58.5, 988.0,  -0.4,  -1.5
259484,   2.3,   1.9,  -0.1, -31.4,   0.4, 981.9,  -0.1,  -1.3
259508,   0.1,  -1.0,  -2.2,  66.7,  45.8, 995.4,   0.0,  -1.3
259532,   1.4,  -0.8,  -2.8,  72.3,  15.3, 997.3,   0.1,  -1.5
259560,  -1.7,  -1.3,  -4.2,  90.2,  73.7,1001.5,   0.1,  -1.6
259584,  -1.4,  -0.7,  -6.4, -51.4,  84.4, 985.8,   0.5,  -1.6
259609,  -1.0,  -0.9,  -6.2,   7.4, 113.2, 986.8,   1.1,  -1.6
259633,  -0.1,  -1.7,  -6.3,  27.7,  95.9,1012.4,   1.7,  -1.8
259657,  -0.4,  -1.8,  -5.0,  80.2, 113.0,1046.4,   2.3,  -1.9
259681,  -0.6,   0.3,  -5.6,  -3.3, 125.9, 979.2,   2.7,  -1.9
259709,   0.7,   0.8,  -4.5,  23.3, 131.0, 970.0,   3.1,  -1.9
259733,  -1.2,  -1.1,  -4.6,  70.9,  75.6,1030.0,   3.5,  -1.9
259757,   0.7,   1.3,  -4.4,  -3.1, 117.9, 988.5,   4.0,  -1.9
259781,   1.1,  -1.1,  -4.7,  44.5,  92.5, 991.0,   4.3,  -2.0
259806,  -0.2,  -1.5,  -4.0,  30.6, 133.0,1003.7,   4.7,  -1.8
259834,   2.2,   1.8,  -5.8,  -5.1, 203.8,1021.2,   4.9,  -1.9
259858,   0.3,   3.5,  -6.4, -64.6, 115.9, 985.3,   5.4,  -1.9
259882,  -1.1,  -3.2,  -4.0, 123.9, 109.6,1051.3,   5.6,  -1.9
259906,  -1.7,   2.2,  -5.0,  83.6,  82.5, 910.9,   5.8,  -2.3
259934,  -3.9,   3.7,  -4.7,-425.5,  85.6,1001.2,   6.2,  -1.4
259958,  -1.7, -11.5,  -1.5, 482.3, 305.6,1018.1,   5.6,  -1.3
259982,   3.6,  -2.1,  -4.2, -48.3, 120.3, 916.3,   5.7,  -1.2
260007,  -1.6,  -3.0,  -4.0, 285.5,  21.4, 972.9,   5.6,  -1.9
260031,   0.4,  -0.3,  -5.9, -50.5, 128.1, 973.9,   5.6,  -1.7
260059,  -0.0,   3.0,  -5.8, -39.5,  29.5, 904.3,   5.6,  -1.6
260083,  -1.7,  -2.1,  -3.6,  58.9, 181.8, 976.1,   5.6,  -1.3
260107,   1.1,  -0.3,  -1.5, -48.8, 120.3, 973.9,   5.3,  -1.1
260131,  -2.6,  -0.4,  -2.9,  76.0, -32.3,1151.9,   5.1,  -1.4
260159,  -3.4,  -2.3,  -1.4, 159.0,  52.9,1207.0,   4.8,  -1.5
260183,  -2.3,   1.0,  -1.2,  60.1,  76.4, 943.1,   4.7,  -1.4
260208,  -1.8,   3.6,   0.3,  85.8, -25.2, 951.2,   4.4,  -1.4
260232,  -0.9,   4.8,   0.3,-179.6, 103.7,1037.4,   4.1,  -1.1
260256,  -1.4,  -3.6,   0.7, 144.9,   6.5,1037.4,   3.9,  -0.9
260284,  -1.3,  -1.5,  -0.3,  96.0, -17.2,1084.0,   3.5,  -1.3
260308,  -0.6,   1.1,  -0.5,-104.2, 180.8,1013.2,   3.7,  -0.7
260332,   0.7,  -0.8,  -0.9,  75.8,   8.2, 887.4,   3.7,  -1.0
260360,  -4.2,  -3.7,  -0.6,   8.4, -58.7,1199.0,   4.1,  -0.9
260384,  -3.0,   6.9,   1.6,-124.9,-193.4, 945.3,   3.1,  -1.1
260409,   0.8,   7.1,   2.2,-376.9, -53.0, 934.1,   2.6,  -1.0
260433,   4.2,   3.5,   3.3,-140.1, 100.5, 930.9,   2.8,  -0.7
260457,   2.7,  -3.2,   2.0, -63.2,  89.3, 958.2,   3.4,  -0.2
260485,   0.1,   3.8,   0.6,-235.0, -64.0, 885.3,   2.5,  -0.2
260509,  -2.0,  -5.0,   3.0, 137.0, -27.2,1018.6,   2.1,  -0.0
260533,  -1.1,  -2.7,   2.5, 157.8,  -7.6,1006.3,   1.6,  -0.5
260561,  -0.3,  -0.1,   3.0,  44.8,  -8.1, 981.9,   1.5,  -0.5
260585,   0.9,  -0.9,   2.1, -16.8,   8.0, 939.9,   1.2,  -0.4
260610,  -1.6,  -1.0,   3.9, 286.5,  -9.6, 977.0,   0.8,  -0.6
260634,  -0.9,   0.2,   4.1, -18.7,  -1.3, 959.2,   0.4,  -0.4
260658,   1.4,  -0.9,   5.4,  -7.7,  -1.3, 965.6,   0.0,  -0.3
260682,  -1.9,   1.2,   8.0,  40.6, -69.9, 965.8,  -0.3,  -0.3
260710,   0.8,   0.9,   6.0,  15.9, -70.6, 979.5,  -0.8,  -0.1
260734,   1.1,  -1.4,   2.1,  30.8,-101.9,1009.3,  -1.3,  -0.3
260758,   0.8,  -4.3,  -5.0,  32.3,  21.4,1049.1,  -1.7,  -0.5
260782,   1.6,  -1.7,  -5.0,  25.0,  79.5, 949.9,  -1.0,  -1.1
260807,   1.4,   4.9,   0.0,-110.5, 105.4,1021.5,  -0.5,  -1.7
260835,  -1.3,  -0.4,   0.2, -59.5,  35.3, 967.0,   0.2,  -1.0
260859,  -2.2,  -0.9,  -0.4, 116.0, 101.0, 996.3,   0.6,  -1.3
260883,  -3.2,   2.7,   0.3,  99.2, 117.1,1004.6,   1.0,  -1.8
260907,  -3.0,   0.4,   1.2,  47.2,  69.3, 981.4,   1.4,  -1.8
260935,  -2.4,  -0.8,   1.3,  96.3,  51.9,1051.3,   1.4,  -1.8
260959,   0.5,   0.4,  -0.8, -17.5,  -0.3,1049.3,   1.2,  -1.5
260983,   0.3,  -0.9,  -2.7,   0.1,  76.1, 969.0,   1.5,  -1.5
261008,   1.1,   1.1,  -3.3, -46.8,  98.3, 956.1,   2.0,  -1.6
261032,   0.0,  -0.3,  -2.0, 154.9,  35.1,1014.9,   2.4,  -2.0
261060,  -1.3,   2.0,  -2.6, -46.3,  96.6,1003.7,   2.4,  -1.9
261084,   0.6,   1.5,  -2.0,  36.7, 128.6, 980.0,   2.8,  -1.7
261108,  -1.4,   1.1,  -2.9,  32.5,  99.8, 985.3,   3.3,  -1.7
261132,  -1.1,  -1.5,  -2.3,  40.8, 104.7, 980.0,   3.5,  -1.6
261160,  -3.8,   0.1,  -2.2,  34.3,  90.8, 970.9,   3.8,  -1.7
261184,  -2.4,  -2.1,  -2.2, 100.7, 100.0,1035.4,   4.0,  -1.7
261209,  -0.6,  -0.6,  -2.8, -33.6, 115.2,1043.5,   4.2,  -1.5
261233,  -1.2,   0.8,  -3.3, -20.9,  29.5, 979.0,   4.5,  -1.6
261257,  -3.8,   1.4,  -1.9, -89.3,  92.5,1048.3,   4.9,  -1.6
261285,  -1.6,   1.7,  -1.9, -15.8,  57.1, 948.2,   5.3,  -1.8
261309,  -2.8,  -0.5,  -1.7,  46.7, 114.4,1027.1,   5.5,  -1.9
261333,  -2.1,   3.1,  -1.5, -79.0, 206.0, 962.9,   5.7,  -1.7
261361,  -2.0,  -0.5,  -1.7, 259.1,  51.4,1064.9,   5.7,  -1.7
261385,  -1.6,   0.1,  -0.8,  79.2, 108.8,1008.5,   5.7,  -1.5
261410,  -1.9,   1.1,  -1.7,  48.2, 146.2, 913.6,   5.9,  -1.7
261434,  -3.1,   0.8,  -1.1,  12.3,  49.7,1092.5,   5.7,  -1.6
261458,  -3.3,  -0.7,  -0.9, -88.1, 117.9,1026.1,   5.8,  -1.4
261486,  -3.8,  -0.0,  -3.3, 214.9, 146.4, 955.3,   6.0,  -1.8
261510,  -4.7,   1.3,  -2.0,  57.2, 189.4, 866.7,   6.5,  -1.7
261534,   2.4,  -7.7,   3.6, 359.7, 432.8, 994.1,   6.0,  -0.9
261562,   0.3,  -7.3,   1.0, 630.7, 189.9,1052.7,   6.2,  -1.7
261586,   0.6,   1.1,   0.6,  -1.1, 151.5, 876.7,   5.5,  -2.1
261611,  -0.6,   2.3,   0.2,-204.3,  84.9, 979.5,   6.3,  -1.6
261635,  -4.1,   1.3,   0.1, -96.6, -58.2, 864.3,   6.1,  -1.2
261659,  -3.6,   0.5,   1.9, 146.1,  -5.2,1034.7,   5.1,  -1.4
261683,  -3.4,   3.2,   1.8, 148.8,  76.4, 863.3,   4.5,  -1.4
261711,  -2.4,   4.5,   1.9,  11.8,  90.0, 958.0,   4.3,  -1.4
261735,   1.3,  -1.2,   2.8, 286.7, 119.3,1132.1,   4.3,  -1.4
261759,  -0.2,   1.1,   3.3,-333.7, 196.2, 830.1,   4.5,  -0.5
261783,  -4.1,   0.4,   1.9, 222.7,-190.0,1012.7,   3.7,  -1.0
261808,  -2.4,   3.2,   4.0, -15.5, -63.8,1057.6,   3.0,  -1.0
261836,  -3.3,   4.4,   3.9, 112.6,  17.8,1052.2,   2.7,  -1.4
261860,   1.0,   0.2,   4.1, -33.1,  41.0, 994.4,   2.4,  -0.8
261884,  -0.3,   2.3,   4.2,-133.7,  -0.1, 883.1,   2.2,  -0.3
261908,  -2.2,   2.1,   3.9,  76.2, -86.0, 945.3,   1.9,  -0.7
261936,  -3.7,   8.5,   4.4,-469.7, -82.1,1047.6,   1.6,  -0.1
261960,   1.6,  -9.4,   5.4, 438.6,  77.6,1291.3,   0.7,   0.0
261984,   3.0,   0.1,  -0.3,  74.5,  33.1, 966.3,   0.2,  -0.2
262009,   1.9,  -0.9,   2.9, 118.7,  52.7, 890.4,   0.3,  -0.5
262033,   1.9,   4.9,   4.1,-186.2,  46.6, 955.1,   0.1,  -0.5
262061,  -1.1,   1.0,   3.9,  -9.9, -95.3,1040.5,  -0.1,  -0.4
262085,  -0.2,   0.4,   4.1, -44.4,  -6.4, 992.9,  -0.6,   0.0
262109,  -1.4,   1.5,   5.9,  64.5, -41.6,1009.5,  -1.0,  -0.3
262133,  -1.9,  -0.1,   3.9,  81.6, -90.6, 993.9,  -1.5,  -0.7
262161,  -0.3,  -0.5,   0.2, -72.4,  28.7,1035.4,  -1.6,  -0.6
262185,   0.7,  -2.0,   1.0,  70.4,  12.6,1027.1,  -1.2,  -0.8
262210,   0.3,   0.4,   3.2, -10.2,  16.0,1003.2,  -1.3,  -0.8
262234,  -3.2,  -1.3,   1.4,  -1.9,  -8.9,1000.5,  -1.1,  -0.7
262258,  -3.5,   0.2,   3.1,  87.2,  25.1,1006.3,  -1.0,  -1.1
262286,  -0.5,   3.2,   3.5, -85.1,  20.7, 980.5,  -0.8,  -1.1
262310,   0.9,  -1.2,   2.2,   1.5,  33.1, 984.1,  -0.7,  -1.0
262334,   0.0,   2.2,   2.0,  88.2,  20.7, 980.2,  -0.4,  -1.3
262362,   0.1,  -0.8,   4.2, -38.0,  81.7, 967.0,   0.0,  -1.0
262386,  -1.2,  -0.3,   4.0, -10.7,  66.3, 993.2,   0.3,  -1.0
262411,  -0.4,   0.3,   2.7,  29.6,  40.0,1005.6,   0.4,  -0.9
262435,  -0.5,  -1.1,   1.3,  65.5,  57.8,1021.7,   0.7,  -1.1
262459,   0.4,   0.6,   1.0, -14.3,  90.8,1008.5,   0.9,  -1.1
262487,   1.9,  -0.7,   1.3,  -5.8,  81.7, 990.7,   1.4,  -1.1
262511,   0.1,   1.0,   1.0,   9.4,  88.8, 999.8,   1.8,  -1.2
262535,   0.8,   0.4,   4.1,  43.8, 113.7, 970.0,   2.2,  -1.2
262563,  -1.2,   1.5,   1.1,  58.9, 127.6, 983.4,   2.3,  -1.2
262587,  -0.2,  -0.8,   1.1, 115.1, 174.0, 969.2,   2.9,  -1.3
262612,  -1.9,   2.1,   2.1, -23.1, 119.1, 920.4,   3.4,  -1.2
262636,  -4.1,   1.5,   2.9, 120.2, 145.4, 982.2,   3.8,  -1.5
262660,  -1.2,   3.8,   4.4,-239.4,   7.0,1067.4,   3.9,  -0.9
262684,   1.4,  -5.0,   4.1, 231.8,  53.2, 956.5,   3.8,  -1.2
262712,   2.1,   3.5,   2.2,-144.2, 169.4, 926.0,   4.2,  -1.1
262736,   1.6,  -3.9,   2.1, 125.1, 175.5, 997.8,   5.0,  -1.2
262760,  -2.3,  -1.9,   2.0, -83.9, 124.2, 963.1,   5.3,  -0.9
262784,  -1.9,   2.2,   1.1,  33.0,  49.0, 960.2,   5.2,  -1.1
262809,  -3.5,  -0.8,   3.3, 186.4,  82.0,1103.5,   5.1,  -1.6
262837,   0.1,   2.9,   3.2, -13.4, 132.5, 992.2,   5.1,  -1.4
262861,   2.0,  -1.0,   2.4,  13.3, 109.3,1065.2,   5.4,  -1.3
262885,   0.3,   0.7,   0.4,  31.1,  64.6, 964.4,   5.6,  -1.2
262909,  -0.5,  -6.2,   0.1, 297.7, 170.3,1001.0,   5.6,  -1.4
262937,  -2.1,   0.2,  -0.0,  84.3,  86.1, 940.4,   5.7,  -1.6
262961,  -3.0,  -1.3,   2.5, 110.2, 178.4,1048.6,   5.6,  -1.6
262985,  -3.1,  -3.3,   4.1,  47.0,  51.4,1064.5,   5.4,  -1.4
263011,  -3.1,   5.9,   4.3,-164.7,-129.5, 904.8,   5.0,  -1.2
263035,  -1.1,   3.0,   4.0,-137.4, -79.4,1034.4,   4.4,  -1.0
263063,   2.1,   2.1,   3.7,  55.7, 184.8,1063.0,   4.6,  -1.0
263087,  -1.8,   4.4,  -0.0, -33.9, -76.5, 913.1,   4.7,  -1.1
263111,  -1.1,   5.4,   1.6,-277.3, -29.1,1116.9,   4.5,  -1.0
263135,  -2.1,  -5.1,   2.1, -78.0,-234.9,1085.7,   3.4,  -0.4
263159,   0.2,   1.5,  -2.9,  89.2, -49.1,1078.1,   2.5,  -0.7
263187,   3.7,  -1.5,  -4.6,-144.2, 178.2, 875.7,   3.2,  -0.6
263212,   0.8,  -7.0,  -3.2, -56.8,  62.2, 959.0,   3.2,  -0.2
263236,  -3.7,  -6.5,  -2.5, 297.0,-102.1, 990.7,   2.6,  -0.8
263260,  -3.4,   2.5,   0.6, -29.2, -37.4,1016.8,   1.7,  -1.1
263288,   0.1,   0.2,   1.9, 156.6,  20.9,1035.2,   1.6,  -1.1
263312,   0.3,  -2.0,   4.0,  81.9,  35.8, 981.0,   1.5,  -0.7
263336,   1.6,   1.1,   2.7,   4.0, -21.8, 947.8,   1.0,  -0.8
263360,   0.2,   0.5,   4.1,  20.1, -26.7, 991.2,   0.7,  -0.8
263388,  -1.3,   2.9,   4.2, -88.5, -93.8,1008.5,  -0.1,  -0.8
263413,  -0.8,   1.4,   4.4, -77.1, -98.9,1015.4,  -0.6,  -0.6
263437,  -0.3,   0.3,   4.0,  57.2, -68.4,1029.5,  -1.1,  -0.7
263461,  -0.7,  -1.5,   0.5,  57.7,-137.8,1062.5,  -1.3,  -0.7
263485,   2.3,  -1.6,  -3.5, -63.6, -12.3, 999.3,  -1.4,  -0.6
263513,  -0.6,  -1.8,  -2.9, 181.2,   8.7,1003.9,  -1.5,  -1.5
263537,  -2.6,   1.8,  -2.2,  84.5,  25.6,1002.0,  -1.4,  -1.7
263565,  -2.4,  -1.3,  -1.5,   1.3,  52.4,1011.0,  -1.5,  -1.7
263585,   0.0,  -0.4,  -3.3,  63.1,  30.7, 965.1,  -1.2,  -1.9
263610,   0.7,   0.9,  -2.9,   4.0,  45.6,1001.2,  -0.8,  -1.8
263638,   0.1,   1.0,  -1.1, -45.3,  58.5, 995.8,  -0.4,  -1.8
263662,  -0.4,  -0.4,  -2.5,  75.3,   7.5,1002.7,  -0.2,  -1.9
263686,  -0.9,  -0.3,  -4.0,  17.2,  73.4, 985.1,   0.1,  -1.9
263710,  -1.3,  -1.8,  -6.3,  97.5,  85.4,1012.4,   0.5,  -2.1
263738,  -1.6,  -0.4,  -7.7, -20.9, 108.6, 987.3,   1.1,  -2.0
263762,  -2.6,  -1.7,  -7.6,  77.2,  69.5,1046.9,   1.5,  -2.1
263786,  -1.7,   0.2,  -8.0, -67.6,  28.3,1032.7,   1.6,  -2.0
263811,   2.2,  -1.5,  -7.9,  19.1,  53.4,1002.4,   1.7,  -1.9
263835,   0.3,  -1.6,  -9.3,  23.8, 108.6, 987.3,   2.1,  -2.1
263863,   1.4,  -3.6, -10.6,  14.2, 130.3, 957.0,   2.8,  -2.0
263887,  -0.7,  -3.6, -11.3, 103.3,  80.3, 968.5,   3.2,  -2.2
263911,  -1.7,   0.2, -10.8, 115.3,  89.0,1001.7,   3.4,  -2.6
263935,   0.4,   0.5,  -8.8,  40.1, 133.0,1017.6,   3.7,  -2.7
263963,   0.4,   1.1,  -9.5, -19.5,  65.1, 994.6,   4.0,  -2.4
263987,  -0.0,  -2.3,  -9.5,  75.3, 162.8, 955.6,   4.6,  -2.3
264012,  -1.6,   1.3, -10.4, -34.8, 135.2, 962.9,   4.9,  -2.3
264036,  -1.6,  -2.6,  -6.8, 152.9,  62.9, 998.0,   5.0,  -2.4
264064,  -2.5,  -0.0,  -7.4,  10.1, 133.7,1060.8,   5.0,  -2.4
264088,  -3.5,  -0.3,  -9.4, -41.7, 137.6, 980.2,   5.6,  -2.0
264112,   0.4,   1.1,  -8.4, -62.7, 160.1, 991.2,   5.9,  -1.8
264136,  -0.4,  -3.0,  -7.8, 104.8, 113.2, 960.2,   6.1,  -1.7
264160,  -0.5,  -2.7,  -7.5,  21.6,  97.1, 944.3,   6.0,  -1.5
264188,  -1.1,   0.4,  -6.8,  98.7,  86.1, 934.1,   6.2,  -1.6
264213,   0.5,  -0.6,  -6.7,-114.9, 155.7,1003.9,   6.5,  -1.1
264237,   1.2,  -3.3,  -5.6,  77.0, 117.6, 942.9,   6.5,  -1.1
264261,  -1.8,   2.0,  -5.6, -56.3,  72.0, 959.7,   6.7,  -1.4
264289,  -0.7,  -1.2,  -2.6,  54.5,  53.2, 960.4,   6.7,  -1.6
264313,  -4.0,   0.8,  -3.8,-131.5, 120.5, 942.4,   7.0,  -1.3
264337,  -4.0,  -2.9,  -3.4,  30.6,-213.4,1120.1,   6.1,  -1.0
264361,  -1.4,   1.5,  -4.2, 386.5,  59.0,1104.0,   5.3,  -1.7
264389,   0.3,  -0.4,  -4.6,  26.9, 207.5, 932.6,   5.1,  -1.7
264414,   0.6,  -3.5,  -3.0, 192.9, 122.3,1089.8,   5.3,  -1.4
264438,   0.6,  -2.1,  -4.0,  96.0, -27.4,1033.9,   4.9,  -1.4
264462,  -1.3,   2.1,  -2.1,-155.9,   9.2, 949.7,   4.4,  -1.0
264486,  -3.9,  -1.4,  -0.9,   8.9,  30.9, 964.6,   3.9,  -1.1
264514,  -2.4,  -2.2,  -0.0,  -5.5,  35.6,1021.5,   3.6,  -1.1
264538,   0.5,  -1.2,  -0.8,  14.2, -15.9,1025.4,   2.9,  -1.0
264566,  -0.5,  -3.1,  -1.1, 220.0,  19.5,1010.7,   2.8,  -1.3
264586,  -1.5,  -0.8,  -0.2,  97.5, -61.3,1052.0,   2.6,  -1.2
264611,  -3.2,   0.5,  -1.5,   4.2,  -7.9, 981.2,   2.5,  -1.1
264639,  -3.7,  -2.9,   3.2,  94.6,  -8.4,1039.3,   1.7,  -0.8
264663,  -3.6,   2.9,   2.1, -93.4, -78.9,1013.4,   0.9,  -0.9
264687,  -2.4,  -0.2,   0.5,   0.8, -43.0, 980.7,   0.6,  -0.8
264711,   0.8,   2.1,   2.3, -85.4,  15.3, 993.4,   0.5,  -0.8
264739,  -3.5,   0.2,   4.1,  -0.2, -46.9,1008.1,   0.2,  -0.7
264763,  -3.8,   1.5,   4.4,  52.6, -49.4,1045.4,  -0.1,  -0.5
264787,  -3.5,   0.4,   4.0,  99.2, -45.7, 990.0,  -0.7,  -0.7
264812,  -1.7,  -0.7,  -4.4, 123.9, -83.6,1101.3,  -1.3,  -0.9
264836,  -1.0,  -0.1,  -3.1, 172.4,-100.9, 992.7,  -1.8,  -1.4
264864,   4.7,  -1.6,   3.4, 117.8, 251.4, 985.1,  -1.0,  -1.3
264888,   4.9,  -2.1,   1.7,  -2.4,  54.9, 982.9,  -0.7,  -0.7
264912,   1.8,  -0.7,  -1.3, -44.4,  49.5, 953.6,  -0.0,  -0.3
264936,   0.4,  -1.4,  -1.3,  61.6,  39.7, 989.0,   0.3,  -0.7
264964,  -1.3,  -0.2,  -0.0,   7.4,  34.8,1001.0,   0.6,  -1.2
264988,  -1.9,   1.0,   0.1,   4.5,  35.6,1017.1,   0.8,  -1.3
265013,   0.3,  -0.3,  -2.5,  14.7, 123.0, 989.5,   1.2,  -1.2
265037,   0.3,  -0.6,  -3.3,   0.6,  69.8,1060.5,   1.7,  -1.3
265065,   0.2,  -0.2,  -3.3,  55.3, 132.0, 956.3,   1.8,  -1.3
265089,  -0.8,  -1.0,  -2.9,  68.9, 110.8,1034.9,   2.1,  -1.4
265113,  -3.3,   2.1,  -2.9,   5.9,  81.0, 955.6,   2.4,  -1.4
265137,  -2.4,   1.4,  -3.1, -25.6,  96.6,1035.2,   2.7,  -1.2
265161,  -1.6,   0.4,  -1.2,  24.0, 127.4, 973.4,   3.1,  -1.1
265189,   0.5,   0.4,  -1.9,  57.0, 123.0, 962.9,   3.3,  -1.3
265214,   0.7,  -2.5,  -1.9,  24.2, 140.6, 980.2,   3.7,  -1.2
265238,  -1.7,   1.4,  -2.1,  43.3,  61.0, 944.8,   3.9,  -1.4
265262,   0.3,  -2.0,  -0.9,  65.5, 122.0, 989.3,   4.3,  -1.4
265290,   0.4,  -1.5,  -1.4, -72.9, 163.0, 991.9,   4.7,  -1.2
265314,   0.2,   0.9,  -0.0,  13.5,  41.0, 971.4,   4.9,  -1.3
265338,  -1.3,  -0.2,  -0.0,  22.5,  70.2,1001.7,   5.3,  -1.2
265362,  -1.7,   3.2,  -0.6, -26.5, 137.1, 925.5,   5.5,  -1.3
265390,  -2.0,   4.7,   0.0,-101.7,  95.4, 981.7,   5.8,  -1.4
265415,  -0.8,   0.2,  -0.4, -88.3, 183.3,1031.0,   6.3,  -1.0
265439,  -3.8,   0.1,  -0.6,  10.3, -87.7,1312.0,   6.4,  -0.9
265463,   0.3,  -0.9,   1.8, 288.4, 104.4, 991.7,   5.5,  -1.5
265487,   2.1,   4.9,  -2.4,  94.6, 243.1, 876.0,   5.6,  -1.8
265515,   0.1,  -0.7,  -2.2, 259.6, 156.7,1066.9,   6.3,  -1.5
265539,  -3.5,   4.3,  -1.4,-219.7,  11.9, 957.3,   6.1,  -1.0
265567,  -3.8,   1.9,   0.5,  91.6,-105.5,1012.9,   5.8,  -1.0
265587,  -3.1,   2.4,   2.8, -48.5,  60.0, 983.4,   5.2,  -0.7
265612,  -1.4,  -1.4,   4.2,  36.9,  39.0,1102.0,   5.1,  -0.6
265640,   2.7,   1.8,   3.3, -80.2, 134.2, 954.3,   5.1,  -0.4
265664,   1.6,   0.9,   2.8, -98.3, -65.5, 976.6,   4.8,  -0.3
265688,  -0.8,   1.1,   0.7,  57.0,  -6.7,1010.7,   4.3,  -0.7
265712,  -3.4,   1.6,   0.3,  -7.0, 112.0, 990.0,   4.0,  -0.7
265740,  -3.2,  -0.9,  -3.0, -46.3,-108.2,1081.8,   3.7,  -0.5
265764,   0.3,   1.5,  -2.9,  16.7, -20.6, 992.4,   3.2,  -0.7
265788,  -1.7,   0.4,  -2.6,  73.3, -19.6,1026.9,   2.9,  -0.7
265813,  -0.2,  -0.0,  -1.4,   3.0,  54.4, 991.0,   2.7,  -0.7
265837,  -3.5,   0.5,  -0.5, -87.1,  26.3, 912.6,   2.5,  -0.6
265865,  -5.0,  -1.2,  -1.6, 203.0, -90.6,1172.8,   2.4,  -0.8
265889,  -3.8,   5.1,   1.0,-263.6,-258.1, 971.7,   1.4,  -0.4
265913,   0.6,  -2.1,   2.7, 199.5, -29.8,1042.7,   0.4,  -0.6
265937,   2.6,   2.6,   0.2,  54.3,  79.8, 986.8,   0.4,  -0.6
265965,   3.1,  -4.3,   2.0,  43.5,  47.3,1006.6,   0.6,  -0.3
265989,  -1.2,  -3.2,   0.6,   1.8,-110.4,1014.9,   0.2,  -0.2
266014,  -2.6,  -0.0,   4.1,  27.7,-164.4,1012.7,  -0.6,  -0.5
266038,  -3.7,   2.6,   2.9, -40.5,-116.8,1016.4,  -1.1,  -0.6
266066,   0.8,   0.1,   3.3,  12.5,-115.1, 986.8,  -1.3,  -0.6
266090,   3.1,  -0.7,  -0.5,-103.2, 111.0,1018.3,  -1.2,  -0.4
266114,   4.1,  -5.4,  -2.5,  59.6, 120.8,1033.7,  -0.5,  -0.5
266138,   2.3,  -2.5,  -0.7,  79.4,   4.1,1006.3,  -0.2,  -0.8
266166,  -2.8,   1.6,   0.2,  35.7,  13.9, 985.8,  -0.4,  -1.1
266190,  -3.3,  -1.5,   0.6,  -2.1,  67.1,1015.1,  -0.0,  -1.0
266215,  -1.9,   0.4,   0.0,  50.6,  80.3, 982.7,   0.4,  -1.1
266239,  -0.5,  -0.3,  -1.1,  29.9,  85.1, 983.2,   0.9,  -1.1
266263,   0.7,  -0.7,  -0.9,  25.5, 114.7, 993.4,   1.3,  -1.0
266291,   0.5,  -0.7,  -1.3,  76.0,  72.2, 976.8,   1.7,  -1.3
266315,  -0.2,  -1.0,  -1.1,  57.0, 101.5, 991.7,   2.0,  -1.4
266339,  -0.2,  -0.0,  -1.3,  36.5, 135.9, 998.5,   2.4,  -1.4
266363,   0.8,  -0.3,  -1.2,  22.0, 178.2, 989.7,   2.8,  -1.3
266391,   1.7,   0.9,  -2.1,  -6.5, 200.1, 973.9,   3.6,  -1.3
266416,  -1.2,  -2.5,  -0.8, 102.4, 122.7, 997.1,   4.2,  -1.3
266440,  -4.3,   1.3,  -1.5, -12.9,  89.3, 974.6,   4.6,  -1.4
266464,  -3.7,  -0.9,  -0.7,  -4.6, 161.3, 998.5,   4.9,  -1.4
266488,  -2.8,   0.5,  -1.7,  73.6, 151.8, 957.5,   5.2,  -1.7
266516,  -3.8,  -0.1,  -0.9,  56.5, 171.3,1043.5,   5.6,  -1.5
266540,  -1.3,  -0.1,  -1.9, -48.5, 165.2, 969.0,   5.8,  -1.4
266568,  -2.2,  -0.1,  -1.9,  97.0, 181.8, 948.2,   5.9,  -1.5
266588,   1.7,   4.1,  -0.3,  76.0, -31.3,1103.8,   5.3,  -1.8
266613,   5.0,   1.3,  -0.0, -21.9, 177.9, 959.5,   5.8,  -1.1
266641,   4.9,   0.7,  -0.9, -25.1, 320.5, 925.0,   6.9,  -1.0
266665,   0.8,  -1.8,  -0.1, 103.1,  92.5, 954.3,   7.7,  -0.7
266689,  -2.3,  -0.4,   0.4,-108.6,  66.8, 911.6,   7.6,  -0.7
266713,  -3.8,   0.4,   2.0, 171.0, -14.5, 955.3,   7.5,  -1.1
266741,  -4.1,   2.4,   1.7, -65.6,  91.2, 966.5,   7.5,  -0.9
266765,   0.1,   1.4,   1.3, -12.1, 292.7,1043.9,   7.8,  -0.8
266789,  -1.3,  -3.7,   3.7, 325.8, 125.9, 930.9,   7.7,  -1.0
266814,  -2.0,   0.8,   3.1,  79.9,   3.1, 954.8,   7.8,  -0.7
266838,  -2.8,  -0.6,   3.9, -23.4,  53.2, 895.3,   7.3,  -0.7
266866,  -0.8,   4.0,   4.2,-181.3,  17.8, 973.4,   6.3,  -0.7
266890,  -1.7,   1.3,   4.1, -54.9, -33.5, 932.1,   6.0,  -0.5
266914,   3.5,   1.1,   3.9,  83.3, 169.1, 999.0,   5.5,  -0.6
266938,  -0.5,   3.5,   0.7,  -4.3, 154.0, 835.4,   6.2,  -0.4
266966,  -4.4,  -6.1,   3.3,-224.5,-150.5,1177.5,   6.0,   0.6
266990,  -3.5,  -0.0,   2.1, 476.9,-319.2, 991.7,   3.9,  -0.7
267015,  -0.5,   5.7,  -1.1,-325.1, 109.3, 889.6,   3.6,  -0.3
267039,   3.1,  -3.4,  -0.3,  91.9, 154.2,1079.3,   3.7,  -0.2
267067,   3.3,  -2.4,  -1.5, 147.3,  76.4, 991.9,   3.8,  -0.4
267091,   0.8,  -1.5,   0.7, -85.6,  48.3,1018.1,   3.1,  -0.3
267115,  -0.8,   0.1,   2.8,  53.5,   7.7, 970.0,   2.4,  -0.5
267139,  -1.1,   0.9,   1.8, -33.4,  71.2, 993.4,   2.2,  -0.6
267167,  -0.0,  -0.4,   3.8, -43.6,  19.7,1051.0,   1.7,  -0.7
267191,   0.5,  -1.0,   4.1,  79.2, -52.6,1023.9,   1.4,  -0.9
267216,   1.0,  -0.2,   1.4, -64.6,  78.1,1024.9,   1.4,  -0.8
267240,  -2.0,  -0.0,   4.2,  -0.4,-127.5, 955.1,   1.1,  -0.8
267264,  -3.8,   1.6,   4.0, -62.4, -50.6,1004.4,   0.5,  -0.9
267292,  -3.9,   0.6,   3.8, 116.3, -42.3, 986.1,   0.1,  -1.0
267316,   0.0,   1.5,   3.8, -52.9, -25.9,1013.9,  -0.4,  -0.8
267340,  -0.0,   0.4,   3.9,  30.3,  -6.2, 959.2,  -0.6,  -0.8
267364,  -1.9,   0.3,   4.0,  72.1, -53.0, 963.4,  -1.1,  -1.0
267392,  -1.8,   3.2,   3.9, -35.6, -35.0, 960.7,  -1.5,  -1.1
267417,   1.8,   1.0,   2.2,-135.4, 152.0, 970.2,  -1.1,  -0.9
267441,   0.3,  -7.5,   2.2, 175.4,   0.2,1193.4,  -0.4,  -0.7
267465,   3.2,  -1.8,   4.1,  41.1,-177.6,1057.4,  -0.9,  -0.8
267489,   0.5,   4.4,   2.2, -56.1,  15.8, 959.0,  -0.8,  -1.2
267517,   0.6,   0.5,   4.0,  79.4,  59.5, 993.9,  -0.4,  -1.5
267541,   0.4,  -0.4,   2.2, -15.1, 122.0, 991.5,   0.4,  -1.4
267569,   1.4,  -0.0,   2.4,  23.5, 133.2, 959.0,   0.5,  -1.4
267589,   1.1,   0.7,   4.3, -37.3, 111.8, 972.2,   1.0,  -1.3
267614,   0.9,   0.2,   4.0,  83.3, 117.9, 974.1,   1.7,  -1.4
267642,  -1.9,   0.5,   4.0,  36.0, 112.0, 983.9,   2.1,  -1.3
267666,  -3.9,   2.2,   4.2, -39.7, 111.0, 998.8,   2.5,  -1.3
267690,  -4.2,   0.2,   4.1,  23.5, 159.8, 950.9,   3.1,  -1.2
267714,  -2.2,  -1.2,   4.1,  67.7, 151.8,1001.5,   3.5,  -1.2
267742,  -1.7,  -0.7,   3.7,  86.0,  64.9, 998.3,   4.0,  -1.3
267766,  -3.9,  -0.1,   4.0, -12.6, 104.9, 943.1,   4.4,  -1.2
267790,  -2.7,   2.7,   4.3, -87.8,  57.1, 970.2,   4.8,  -1.3
267816,  -3.6,  -2.6,   3.9,  49.9, 118.6,1007.6,   5.2,  -1.4
267840,  -2.7,   2.4,   2.3, 179.5, 107.8, 994.1,   5.4,  -1.8
267864,  -2.1,   3.0,   4.0,-140.3, 266.8, 991.7,   5.9,  -1.4
267892,  -3.5,   0.6,   3.9, 168.5,  61.2, 953.9,   5.7,  -1.5
267916,  -1.9,  -1.5,   2.2, 239.6, 184.5, 987.5,   5.6,  -1.6
267940,  -3.9,   6.0,   0.5,  -8.0,  98.6, 897.7,   5.7,  -1.8
267964,  -3.5,  -0.7,  -0.7, 211.5, 136.2,1172.6,   5.7,  -1.8
267992,  -4.5,  -2.5,  -2.2, 110.4,  60.0, 994.1,   5.9,  -1.5
268017,  -3.3,   3.7,  -5.1,-295.8,-104.3, 834.7,   5.7,  -1.4
268041,  -1.7, -12.3,  -1.0, 222.0, 306.1,1122.8,   5.7,  -0.8
268069,  -3.9,  -1.5,  -1.5, 434.6,  90.3,1055.7,   5.7,  -1.2
268093,  -2.7,   4.4,  -1.2,  -9.9, 125.7, 982.2,   5.1,  -1.3
268117,  -0.8,   1.3,   0.5,-218.9, -48.9,1012.9,   5.0,  -0.6
268141,   0.2,   1.6,   3.3, -39.2, -50.8, 990.2,   4.8,  -0.6
268165,   0.5,   0.9,  -1.2, -29.0,  78.1,1008.5,   4.7,  -0.6
268193,  -0.8,   1.8,  -2.6,  66.2,-118.7,1007.3,   3.9,  -0.7
268218,  -4.0,  -1.5,  -3.8, 112.1, -64.0,1045.2,   3.4,  -1.0
268242,   1.1,   5.0,  -5.6, -64.6,  22.6,1086.4,   2.7,  -1.0
268266,  -0.1,   0.9,  -6.3,-105.4, 129.8, 915.3,   3.0,  -0.4
268290,   1.0,  -4.5,  -5.9,  93.6, -75.5,1095.9,   2.2,  -0.5
268318,  -0.5,  -1.1,  -4.8,  -8.2, -43.5, 946.5,   1.9,  -0.7
268342,  -1.4,  -3.4,  -0.5, 114.8, -26.4,1127.7,   1.3,  -0.8
268366,  -4.4,   2.8,  -1.5,-103.9,  -9.3, 945.1,   1.3,  -0.7
268390,  -2.0,   1.4,  -0.9,  23.0, -44.3, 981.2,   1.0,  -1.0
268415,  -3.8,  -3.6,   3.4,-119.3,-281.1,1284.4,   0.7,  -0.2
268443,   0.9,   1.5,   0.0,-149.8,-124.3, 933.8,  -0.1,  -0.3
268467,  -0.3,   0.7,  -2.0,-165.0, -35.0,1001.7,  -0.2,  -0.4
268491,  -2.6,  -2.1,   0.9, 116.5, -41.3, 992.2,  -0.4,  -0.9
268515,  -0.6,   0.1,   2.3,  31.8, -29.6,1031.5,  -0.7,  -1.0
268543,   1.0,   0.5,   2.0, -52.9, -60.6, 968.5,  -0.8,  -0.6
268571,   2.2,  -1.1,   2.2, 112.6, -11.5, 969.5,  -0.8,  -0.8
268591,  -1.0,  -0.3,   4.1,  42.6, -14.0,1004.6,  -0.8,  -0.8
268616,  -0.1,   0.5,   3.9, -24.6,  22.4, 988.3,  -0.9,  -0.7
268640,   2.2,  -0.4,   4.1,  43.3,  -4.0,1018.6,  -0.6,  -0.7
268668,   4.9,  -1.8,   0.1,   6.7, 148.9, 996.8,  -0.1,  -0.5
268692,   0.8,   0.4,   1.8,  50.1,  -7.9, 963.9,  -0.0,  -0.9
268716,  -0.3,   0.8,   2.1,  24.0,  99.1, 990.7,   0.4,  -1.2
268740,   0.2,   1.5,   3.3, -79.8,  73.4, 974.4,   0.8,  -1.1
268768,   0.3,  -0.6,   0.1,  -6.8,  96.6, 985.3,   1.3,  -1.1
268792,   1.3,  -0.7,   3.3,  97.0,  86.4,1031.7,   1.7,  -1.2
268817,   1.2,   1.2,   1.5, -62.2, 115.9, 951.7,   2.2,  -1.1
268841,   2.3,   1.1,   2.0,  19.6, 188.9,1048.3,   2.9,  -1.2
268865,   0.6,  -1.0,   2.1, -51.9, 108.3, 956.1,   3.6,  -1.0
268893,  -1.3,  -1.8,   1.3, 139.7, 182.8,1003.7,   4.0,  -1.2
268917,  -3.4,   0.6,   2.4,  75.8, 159.6, 973.4,   4.5,  -1.5
268941,  -2.4,   0.2,   4.4,  86.0, 198.9, 996.1,   4.9,  -1.6
268965,  -3.1,   2.6,   3.7,  37.4, 172.1, 925.5,   5.3,  -1.6
268993,  -2.5,   0.4,   2.1,  46.7, 162.3, 967.3,   5.8,  -1.6
269018,  -0.3,  -2.9,   4.3,-109.5,  -8.6,1107.4,   5.6,  -1.0
269042,   2.3,  -1.1,   2.7, -18.2,  67.6, 891.8,   5.8,  -1.0
269070,  -1.2,   7.3,  -0.3,  90.9,  83.4, 891.1,   5.8,  -0.9
269094,   0.6,   2.6,  -1.0, -78.0, 227.0, 982.7,   6.9,  -0.4
269118,  -0.6,  -1.7,   2.1,  40.1, 130.6, 949.7,   7.3,  -0.1
269142,  -2.5,  -2.3,  -0.2, 203.4, 205.0, 969.7,   7.3,  -0.4
269166,  -3.1,   5.6,  -1.1,  49.9,  44.9, 987.8,   7.1,  -0.8
269194,  -3.6,  -4.8,   0.8, 187.3,  -1.5,1187.0,   6.7,  -0.8
269219,  -3.5,   5.2,   0.6, -19.2,  37.5,1156.2,   6.2,  -1.0
269243,  -3.4,   3.5,   4.1, -26.8, -88.9,1172.1,   5.7,  -0.9
269267,   1.1,   5.7,   4.1,-113.2,  -8.1, 950.7,   5.4,  -0.8
269291,  -0.6,  -1.2,   3.9, 195.1,  77.8, 999.0,   5.6,  -0.5
269319,   2.4,   3.1,   4.1, -13.6,  45.6, 980.0,   4.8,  -0.4
269343,  -0.8,   2.1,   0.5, 158.8, 106.1,1091.5,   4.5,  -0.9
269367,  -3.5,   2.2,  -1.8,  20.1,  -0.3, 952.4,   4.4,  -0.9
269391,  -1.8,  -1.0,   2.5,  -0.9, -64.8,1179.7,   3.4,  -0.3
269416,   1.2,   1.9,  -4.2, -66.1, -67.0, 870.4,   2.7,  -0.2
269444,  -1.3,  -2.5,  -5.0, 241.0,  20.0, 966.5,   2.9,  -0.8
269468,   0.8,   2.4,  -2.7,-152.5,  81.7, 999.3,   2.5,  -0.9
269492,  -1.6,   0.9,  -2.5, -61.7, -81.9, 959.0,   2.5,  -0.4
269516,   0.2,  -1.2,  -1.4,  21.6,  39.7, 902.3,   2.1,  -0.5
269544,  -3.7,   2.2,  -3.1, 161.5,  44.6, 907.0,   2.0,  -1.4
269572,  -3.6,  -0.8,   2.1, -67.6, -57.2,1053.2,   1.8,  -1.3
269592,  -3.4,   2.4,  -1.3,-204.0,-112.6,1012.0,   1.3,  -1.1
269617,  -1.4,  -5.3,  -5.2, -33.1,  20.9, 959.7,   1.3,  -0.8
269641,  -3.8,  -0.9,  -3.7, 125.8, -65.0,1028.1,   0.9,  -1.7
269669,  -3.6,   2.1,  -1.7,-139.6,  -5.4,1002.0,   0.7,  -1.6
269693,  -3.8,  -0.1,   0.5,  -2.6, -95.8,1040.5,   0.2,  -1.5
269717,  -3.9,   0.8,   0.3, 153.2,  49.3, 996.3,   0.0,  -1.5
269741,  -0.4,   0.8,   4.0,  88.7,  -2.0, 985.3,  -0.2,  -1.6
269769,  -4.0,   0.1,   4.4, 107.5, -48.4, 966.3,  -0.7,  -1.4
269793,  -0.9,   0.7,  -2.4, -30.0,   9.9,1058.6,  -0.9,  -1.5
269818,   1.0,  -4.8,  -2.8,  -4.8,-100.4,1112.3,  -1.1,  -1.1
269842,   0.9,  -1.0,  -2.0, 162.2,  71.7,1002.4,  -1.1,  -1.7
269866,  -0.2,  -1.1,  -2.1,-170.3, 142.5,1009.8,  -0.3,  -1.3
269894,  -4.4,  -1.6,  -1.7,  48.4,  78.5, 934.8,   0.5,  -1.0
269918,  -3.7,  -3.0,  -1.7, 219.8,  -0.1,1047.8,   0.4,  -1.5
269942,  -3.9,   2.2,  -0.7,  48.2,  74.9,1009.5,   0.5,  -1.8
269966,  -3.3,   0.9,  -0.5,  35.7,  44.6,1035.2,   0.8,  -1.7
269994,  -0.8,  -3.7,  -0.9,  73.3,  49.0, 960.2,   1.3,  -1.6
270019,  -3.9,  -1.1,  -0.8,  29.6, 135.2, 957.0,   1.8,  -1.6
270043,  -4.2,   0.4,  -1.3,   8.6, 102.7, 963.6,   2.1,  -1.7
270071,  -3.3,   2.5,   0.0, -35.8,  65.9,1029.3,   2.0,  -1.6
270095,  -3.8,   0.1,  -1.1,-106.9, 113.2, 971.9,   2.2,  -1.4
270119,  -3.9,  -1.8,  -1.5,  64.0,  15.3,1027.6,   2.4,  -1.6
270143,  -3.5,  -1.3,  -2.2,  98.7,  50.2, 956.8,   2.5,  -1.5
270167,  -3.6,  -1.2,  -4.0,  59.4,   8.5, 957.0,   2.3,  -1.8
270195,  -3.8,   1.5,  -2.5,  69.2,  35.6, 995.8,   2.2,  -1.9
270220,  -4.1,   3.9,  -3.5,-107.8,  41.2, 949.2,   2.2,  -1.8
270244,  -3.8,   0.8,  -2.5,  57.4,  32.2, 929.4,   1.9,  -1.7
270268,  -1.6,   1.7,  -1.6,  50.1, 107.6, 971.2,   2.0,  -1.8
270292,  -2.7,   1.1,   0.4,  79.4,  32.7,1015.6,   2.1,  -1.9
270320,  -3.5,   1.7,   2.1, 111.6, 117.6, 979.0,   2.4,  -1.8
270344,  -3.2,   7.1,   4.3,-153.2,  70.7,1037.4,   2.7,  -1.7
270368,  -3.9,   0.2,   4.2,-113.9, -93.1,1098.9,   2.4,  -0.9
270392,  -3.6,   1.9,   4.1,  64.5,  25.1,1061.3,   1.7,  -1.1
270417,  -0.7,   7.3,   0.2,  20.6,  10.4, 935.8,   1.4,  -1.8
270445,  -1.9,   1.1,   0.3,-151.0,  28.7, 992.2,   2.0,  -0.8
270469,  -1.1,   0.2,  -2.2, -51.7,  20.4,1012.2,   1.8,  -0.5
270493,  -3.8,  -2.7,  -5.9,-101.0,  -4.0, 947.3,   1.4,  -0.4
270517,  -4.2,  -3.9,  -6.6,  20.8,  30.7,1016.6,   1.2,  -0.5
270545,  -2.7,  -1.0,  -6.1,   3.0,  60.7, 982.2,   0.9,  -1.0
270573,  -2.4,  -3.6,  -7.1, 170.0, -56.0,1039.8,   0.7,  -1.3
270593,  -1.7,  -1.7,  -6.2,  19.1, -33.8,1002.0,   0.8,  -1.2
270618,  -1.4,  -2.5,  -3.4,  58.9,   0.4, 987.8,   0.5,  -1.3
270642,  -3.5,  -4.9,  -1.5, 156.3, -71.4,1044.9,   0.3,  -1.2
270670,  -2.7,   1.6,  -2.3,-101.2, -71.1,1018.6,  -0.6,  -1.3
270694,  -1.9,   2.5,  -3.7,  13.7,-106.0, 963.6,  -1.2,  -1.6
270718,  -3.5,   1.3,   0.3, -67.3, -26.9,1009.8,  -1.3,  -1.2
270742,   0.5,  -0.3,   3.9,-155.2,  43.4, 987.1,  -1.1,  -0.8
270770,   1.9,  -5.0,  -0.0,  64.8,  64.1, 984.1,  -0.5,  -0.6
270794,  -3.5,  -4.5,  -3.6, 235.2,-113.8,1279.0,  -0.2,  -0.8
270819,  -3.7,   2.7,  -1.2,-281.4,-218.6,1034.2,  -0.7,  -0.3
270843,  -3.3,   1.2,  -0.5, 175.4, -35.0,1038.1,  -0.8,  -1.5
270867,  -2.7,   3.2,   1.2, -21.2,  64.6,1094.7,  -0.8,  -1.6
270895,  -3.3,  -0.8,   0.7,  23.8,  14.1,1045.2,  -0.1,  -0.9
270919,  -1.7,  -0.6,   1.6,   5.2,  41.7, 919.7,   0.0,  -0.6
270943,  -3.6,   0.4,   4.3,  -9.2,   6.3, 961.9,  -0.3,  -0.6
270971,  -3.9,   2.2,   4.1,   9.8, -29.6, 982.2,  -0.5,  -0.7
270995,  -1.7,   1.5,   3.9,-133.5,  99.3,1002.0,  -0.5,  -0.5
271020,  -2.2,  -2.3,   2.7, 234.2,  12.6,1052.7,  -0.4,  -0.9
271044,  -1.2,  -0.7,   1.6, 163.2,   3.4, 965.1,  -0.4,  -0.9
271072,  -2.1,  -1.7,   1.6, 132.2,   5.1,1042.2,  -0.4,  -1.1
271096,  -3.8,   4.3,   2.5, -12.4,  -0.6,1019.8,  -0.3,  -1.2
271120,  -0.8,   1.2,   4.1, -39.7,  97.1, 955.6,  -0.1,  -0.9
271144,  -1.6,   0.1,   4.1, -44.1, -48.9, 980.0,   0.0,  -0.6
271168,   0.0,  -0.3,   4.1,  12.3,  30.0, 980.7,   0.1,  -0.5
271196,  -0.6,  -0.3,   3.9,  67.5, -36.4,1041.3,  -0.2,  -0.6
271221,  -0.5,   1.5,   4.2, -35.3, -57.4,1107.9,  -0.1,  -0.6
271245,  -1.9,   1.5,   4.3,  23.3, -14.2, 976.1,   0.4,  -0.5
271269,   0.2,   7.9,   7.0,-616.1,  80.7,1075.2,   0.5,  -0.1
271293,  -0.6,  -7.9,  11.8,  43.0,-175.6,1061.8,  -0.6,   0.2
271321,   0.6,  -1.4,   6.1,  30.8,   2.4, 860.3,  -0.7,  -0.1
271345,   1.5,   1.3,   4.1, 167.1,  20.7, 963.4,  -0.6,  -0.7
271369,   0.4,   3.7,   1.4,-147.6,-112.4,1067.1,  -0.7,  -0.7
271393,   1.7,  -2.3,  -2.2, 130.0, -24.7,1039.1,  -0.6,  -0.9
271418,  -0.6,  -3.9,  -0.0, 256.2,  13.1,1031.5,  -0.9,  -1.3
271446,  -1.7,   2.0,  -1.7, -24.8, 100.8, 949.9,  -0.9,  -1.5
271470,  -2.6,  -1.1,  -2.5,  99.0,  26.3,1006.1,  -0.8,  -1.7
271494,   0.5,   0.5,  -3.7,   5.4,  30.7, 932.6,  -0.8,  -1.9
271518,   1.1,  -2.1,  -4.5,  50.6,  51.2, 969.2,  -0.6,  -1.9
271546,  -1.9,   0.4,  -4.4, 158.3, -18.1,1009.8,  -0.8,  -2.3
271574,  -1.9,  -0.4,  -4.9,  43.8, -36.7,1004.9,  -0.9,  -2.4
271594,  -1.7,   0.4,  -5.9,  51.6, -20.1,1121.6,  -0.6,  -2.4
271619,  -0.4,   2.7,  -5.7, -85.4,  44.4, 958.0,  -0.5,  -2.2
271643,  -0.8,   0.1,  -6.0,-136.2, -36.2,1003.7,  -0.5,  -2.0
271671,  -1.9,  -1.3,  -3.7,  98.2, -89.2,1012.0,  -0.6,  -2.1
271695,  -0.0,   0.1,  -3.4, 102.9,  87.6, 887.9,  -0.4,  -2.2
271719,  -3.6,  -2.2,  -3.5, 296.7,  95.2, 947.3,  -0.0,  -2.3
271743,  -3.9,   3.2,  -3.4,-189.6, -18.1, 999.0,  -0.0,  -1.7
271771,  -2.4,  -0.4,  -7.0, -75.4,-274.7,1103.8,  -1.5,  -1.5
271795,  -3.8,  -2.3,  -9.9,  -3.6, -94.1, 933.8,  -1.8,  -1.5
271820,  -3.1,  -1.3,  -3.9, 117.3, -35.2,1000.2,  -2.0,  -1.8
271844,  -1.9,   2.2,   3.3, -61.0,-218.8, 933.1,  -2.9,  -1.5
271868,  -0.1,   2.6,  -4.6,-135.9, -11.1,1036.9,  -2.8,  -1.0
271896,   0.6,  -0.0,  -4.0, 313.3,-243.0,1055.2,  -3.8,  -1.5
271920,  -4.1,   1.2,  -5.2,   2.5,-117.3, 987.5,  -4.3,  -2.0
271944,  -3.6,  -0.8,  -4.9,   9.1, -24.2,1000.5,  -4.3,  -1.8
271972,  -0.0,   1.9,  -3.7,-105.6, -23.3, 967.8,  -4.3,  -1.4
271996,   0.9,  -2.4,  -4.2,  40.1, -54.5, 998.5,  -4.3,  -1.1
272021,   0.5,  -0.6,  -8.1,  66.5, -99.9,1016.6,  -4.3,  -1.1
272045,   1.1,  -2.6, -11.6, 125.1,-170.0,1011.5,  -4.7,  -1.5
272073,   1.1,  -4.7, -15.2, 204.4, -76.5,1134.8,  -4.7,  -1.8
272097,  -0.3,   0.1, -20.6,  10.8,-152.4, 981.4,  -5.1,  -2.1
272121,  -0.8,  -6.6, -25.2,  91.9,-108.5,1080.8,  -5.5,  -2.3
272145,  -0.3,  -5.2, -23.5,  65.3,  -8.9, 934.1,  -4.9,  -2.4
272169,   0.1,  -2.1, -21.3, -42.6, -22.0, 998.5,  -4.5,  -2.7
272197,  -1.4,  -3.1, -17.6,  47.9, -66.7,1008.8,  -4.2,  -2.5
272222,  -0.8,  -0.4, -18.8,  70.1, -48.4,1004.6,  -4.2,  -2.8
272246,  -1.4,  -0.7, -19.0,  57.0, -55.5,1008.8,  -4.1,  -2.9
272270,  -1.7,  -1.1, -21.6,  68.7, -30.1,1018.1,  -3.9,  -3.0
272294,  -0.2,  -1.4, -23.0,  10.3, -74.3, 994.4,  -4.1,  -3.0
272322,   0.1,  -2.3, -26.3,  21.1, -12.3,1033.4,  -3.9,  -2.8
272346,  -0.3,  -2.0, -27.1,  52.1, -28.4, 994.4,  -3.6,  -2.8
272370,   0.1,  -3.4, -27.4,  17.9, -20.6,1006.6,  -3.4,  -2.8
272394,   0.1,  -1.7, -28.5,  20.3, -30.1, 995.6,  -3.3,  -2.7
272419,   0.1,  -4.6, -29.7,  46.2, -36.7, 993.6,  -3.0,  -2.5
272447,  -0.9,  -0.7, -31.2,  82.8, -63.8, 999.8,  -3.0,  -2.8
272471,  -0.8,  -3.8, -31.5,  73.8, -30.6, 987.3,  -2.9,  -3.0
272495,  -2.5,  -2.2, -31.3,  48.7, -51.3, 996.6,  -2.9,  -3.0
272519,  -3.0,  -3.0, -32.3,  74.5, -68.7, 996.6,  -3.1,  -3.0
272547,  -2.4,  -2.7, -34.3,  15.9, -56.0, 998.8,  -3.3,  -3.1
272575,  -4.1,  -3.9, -36.6,  71.9, -80.4,1007.1,  -3.4,  -3.2
272595,  -3.8,  -1.3, -41.0,-112.0,-127.0, 984.6,  -3.6,  -2.9
272621,  -1.0,  -6.3, -40.5,  31.1, -15.2,1094.0,  -3.7,  -2.1
272645,   1.4,  -2.3, -37.9,-110.8, -42.5, 994.6,  -3.6,  -1.8
272669,   0.8,  -2.1, -36.7,  66.5,  35.8, 995.6,  -3.1,  -2.3
272697,   0.1,  -2.9, -37.9,   1.1, -15.9, 973.1,  -2.9,  -2.2
272721,  -0.4,  -2.9, -38.3,  98.5,-102.4,1016.4,  -3.0,  -2.3
272745,  -2.5,  -1.7, -38.5, -76.3, -16.7, 993.6,  -3.0,  -2.3
272769,  -0.8,  -3.1, -36.6,  -4.3, -34.5, 978.0,  -3.0,  -2.1
272797,  -1.9,  -4.4, -34.5,  -9.9, -66.7, 982.4,  -2.9,  -1.7
272822,  -1.9,  -0.1, -34.0,-105.1, -20.1,1062.0,  -2.7,  -1.5
272846,  -2.8,  -2.2, -29.6, -61.2, -56.0, 977.5,  -2.7,  -0.8
272870,   0.4,  -1.9, -28.6, -27.5, -82.1,1018.1,  -2.7,  -0.7
272898,   1.9,  -1.4, -35.9,-122.2, 131.0, 989.7,  -2.1,  -0.6
272922,  -0.0,  -6.4, -34.6, 131.9, -80.4,1033.7,  -2.2,  -1.0
272946,  -3.9,  -1.0, -34.2,-122.0, -82.3, 990.7,  -2.2,  -1.3
272970,  -3.0,  -3.4, -34.2,-178.6,  30.7,1008.5,  -1.6,  -0.9
272998,  -1.7,  -3.7, -34.0,  80.2,  44.1, 967.8,  -1.0,  -0.7
273023,  -0.2,  -4.2, -32.8, -12.9,  -5.2, 989.5,  -0.6,  -0.5
273047,  -3.9,  -2.7, -32.0,  -0.7,  72.0,1005.4,   0.0,  -0.6
273075,  -2.3,  -3.0, -32.7,   3.5,  13.6, 993.6,   0.1,  -0.6
273095,   0.0,  -4.4, -31.5, -89.0, 109.3,1021.7,   0.3,  -0.2
273123,  -1.8,  -3.8, -29.6,  15.7, 108.1,1008.8,   1.2,  -0.1
273147,  -0.0,  -3.2, -23.5, -13.4, 139.6, 965.6,   1.9,  -0.1
273171,  -2.3,  -1.7, -19.3, -65.1, 111.5, 964.6,   2.6,   0.2
273195,  -2.0,  -2.6, -15.3, -79.5, 127.6,1005.6,   3.2,   0.7
273220,  -0.5,  -2.0, -13.9, -14.6,  68.5, 996.1,   3.5,   1.1
273248,  -1.6,   1.4,  -9.6, -25.8, 109.1, 995.8,   3.8,   1.1
273272,  -1.3,   2.0,  -5.4, -28.0,  78.5, 991.0,   4.0,   1.4
273296,  -1.8,   1.8,  -2.5, -39.7,  53.9,1001.7,   4.1,   1.5
273320,  -0.8,   1.8,   0.3,  -5.5,  28.5, 997.6,   4.1,   1.6
273348,  -1.4,   1.3,  -0.3, -26.3,  19.7,1006.3,   3.9,   1.7
273372,  -0.8,   0.7,  -0.1,  -3.3,  -4.0,1001.0,   3.7,   1.6
273396,  -3.1,   0.9,  -0.3,   8.6,  -0.3, 988.8,   3.4,   1.5
273421,  -1.1,  -0.6,  -1.4,  24.7,  17.5,1015.4,   3.3,   1.2
273445,  -1.0,   0.3,  -2.5,   2.5,   8.2,1008.1,   3.1,   1.1
273473,   0.1,  -1.6,  -3.2,  27.9,  -9.8, 996.1,   2.9,   1.0
273497,  -0.5,   0.6,  -5.4,  84.5, -31.6, 999.0,   2.5,   0.5
273521,  -2.8,  -0.2,  -8.2,  83.6, -42.5,1013.4,   2.2,   0.2
273545,  -0.6,  -3.2, -12.7, 134.4, -20.8, 966.3,   1.6,  -0.3
273573,  -1.3,  -2.4, -14.9,  83.6, -10.3, 975.3,   1.6,  -0.4
273597,  -0.8,  -4.0, -22.0, 117.3,  18.5,1018.1,   1.4,  -1.1
273622,  -1.7,  -0.3, -26.8,  26.0, -19.4, 992.7,   1.2,  -1.7
273646,  -0.9,  -3.8, -29.6,  75.5,  14.6,1008.3,   1.2,  -2.2
273670,  -4.0,  -4.6, -34.6,  91.4,  17.0, 996.8,   1.0,  -2.6
273698,  -3.6,  -6.2, -37.1, 122.1, -16.9,1058.6,   0.9,  -2.9
273722,  -3.3,  -6.1, -39.6, 247.1,   2.9,1022.9,   0.7,  -3.4
273746,  -1.9,   0.7, -40.7,-167.6, -38.2,1016.4,   0.9,  -2.6
273770,   1.3,  -7.1, -39.3, 165.1, -17.4, 967.3,   1.0,  -2.8
273798,   0.7,  -5.4, -43.4,  94.6,  66.1, 987.3,   1.2,  -3.4
273823,  -3.0,  -2.5, -44.2,  36.7, -40.3, 976.8,   0.9,  -4.0
273847,  -3.4,  -4.0, -48.0,  60.4, -30.6, 970.2,   0.7,  -4.2
273871,  -3.7,  -4.8, -50.8, 111.2, -43.5,1005.6,   0.3,  -4.5
273899,  -3.8,  -2.2, -53.0,  45.0,-122.4,1074.7,   0.1,  -4.5
273923,  -3.3,  -3.4, -53.4,  -0.2,  28.0, 990.7,  -0.0,  -4.2
273947,  -3.7,  -5.9, -53.7,  11.3, -26.4,1067.1,  -0.1,  -4.1
273971,  -3.7,   5.1, -51.9,-276.0, -45.7, 928.0,  -0.5,  -3.6
273999,   0.4,  -6.4, -47.0,  -8.2,  -8.6, 995.8,  -0.6,  -2.5
274024,  -1.6,   0.4, -45.1,   4.0,  10.4, 936.0,  -0.4,  -2.3
274048,  -1.2,  -5.2, -44.3,  53.1,  31.4,1031.7,  -0.2,  -2.0
274076,  -1.4,  -5.9, -45.4,  69.7, -25.5,1072.3,  -0.2,  -2.1
274096,  -2.8,  -3.4, -46.6, -19.7, -70.9,1084.2,  -0.3,  -2.0
274124,  -0.4,  -6.8, -45.6, -24.6,   9.7,1000.5,  -0.5,  -1.6
274148,  -1.0,  -1.9, -45.9, -60.0,  39.0,1008.1,  -0.3,  -1.5
274172,  -1.2,  -1.0, -45.6, -38.5, 145.0,1044.2,  -0.1,  -1.4
274196,  -1.3,  -4.6, -45.3, -14.1, -13.0,1030.0,  -0.2,  -1.0
274221,  -1.6,  -5.5, -41.5, -50.0,  27.3, 970.2,   0.0,  -0.6
274249,  -1.1,  -0.1, -40.1,-178.9,  -6.7, 990.5,  -0.0,  -0.4
274273,  -1.0,  -7.0, -38.6,  27.9, -58.2, 993.4,   0.1,  -0.3
274297,  -1.6,  -2.7, -37.7, -87.6,  57.3,1022.2,   0.2,  -0.5
274321,  -0.6,  -4.0, -34.6, -30.0,  48.5, 980.5,   0.3,  -0.1
274349,  -1.9,  -2.7, -32.0, -30.9,  44.4,1032.7,   0.3,   0.1
274373,  -2.9,  -5.5, -28.3,  18.4,  39.7, 970.9,   0.5,   0.4
274397,  -1.5,  -0.9, -24.0, -70.0,  30.2, 989.7,   0.6,   0.8
274422,  -0.2,  -2.3, -23.7,  41.6,  50.0, 986.8,   0.8,   1.1
274446,  -0.4,  -4.8, -28.4,-147.4,  46.6, 993.6,   1.3,   1.8
274474,  -1.4,  -5.1, -31.3, 219.3,-137.5,1045.7,   0.7,   0.6
274498,  -3.3,  -3.2, -31.6,  46.2, -27.9,1004.6,   0.5,   0.1
274522,  -3.7,  -3.5, -33.7,  30.8,  25.3, 969.5,   0.4,  -0.0
274546,  -3.4,  -1.4, -34.4,  16.7,  34.4, 963.9,   0.4,  -0.3
274574,  -3.6,  -1.8, -35.0,  71.1, -93.6,1029.5,   0.2,  -0.3
274598,  -2.8,  -2.3, -34.4,  69.2, -50.6,1056.1,  -0.1,  -0.4
274623,  -0.7,  -4.2, -33.1,  42.1, -14.7, 994.1,  -0.4,  -0.2
274647,  -0.6,  -0.9, -34.6, 108.2, -30.8, 971.9,  -0.5,  -0.7
274671,  -3.1,  -4.4, -37.3,  -1.4, -42.5,1050.0,  -0.4,  -0.6
274699,  -1.1,  -2.5, -39.3,   1.5, -45.0, 997.8,  -0.7,  -0.7
274723,  -1.6,  -3.8, -41.8,  96.0, -72.8,1026.1,  -0.8,  -0.9
274747,  -1.3,  -4.6, -45.2,  68.2,  -4.2,1057.9,  -0.9,  -1.1
274771,  -2.0,  -3.0, -45.6,  61.6, -28.1, 988.8,  -1.0,  -1.2
274799,  -3.8,  -0.6, -49.2, -45.1, -47.7,1025.1,  -1.3,  -1.1
274824,  -3.0,  -3.7, -51.5,   7.4, -26.4, 986.1,  -1.3,  -1.2
274848,  -1.6,  -4.0, -51.5, -16.3, -37.9,1042.2,  -1.5,  -1.1
274872,  -0.2,  -4.6, -52.9, -86.8, -45.2,1002.2,  -1.5,  -1.0
274900,  -2.4,  -5.7, -54.3,  55.5, -18.9, 945.6,  -1.5,  -0.9
274924,  -3.4,  -3.2, -55.9,  -3.3, -67.7, 984.9,  -1.5,  -1.0
274948,  -3.1,  -5.3, -57.1,  10.8,   3.1, 953.9,  -1.4,  -1.0
274972,  -2.3,  -7.8, -56.7, 170.2, -19.8,1060.3,  -1.5,  -1.1
275000,  -4.1,  -3.8, -60.0, -70.0,  12.6, 856.4,  -1.6,  -1.0
275025,  -2.4,  -4.4, -59.6,  64.0, -59.9,1019.0,  -1.7,  -1.3
275049,  -1.7,  -2.0, -60.3,-164.2,  73.7, 924.8,  -1.7,  -1.1
275077,  -3.9,   2.6, -58.1,-114.7, -55.2, 891.6,  -1.8,  -0.8
275097,  -4.3,  -3.3, -56.1,  47.7, -33.0,1122.1,  -1.8,  -0.5
275125,   2.5,  -8.2, -54.5,-184.3,  -1.8,1240.5,  -2.4,   0.4
275149,   0.1,  -7.3, -55.3,   9.6,-124.3, 856.2,  -2.1,   0.6
275173,  -4.1,  -5.1, -58.5, 260.8,   3.1,1071.5,  -2.0,   0.0
275197,  -1.9,  -2.9, -56.4, -79.8,  56.3, 955.1,  -1.8,   0.5
275222,  -2.1,  -2.5, -57.3,  56.5, -51.3,1012.7,  -1.8,   0.4
275250,  -2.9,  -8.2, -57.9,-198.9, -27.9, 960.4,  -1.8,   1.0
275274,  -0.6,  -3.0, -56.9,-242.6,  41.0, 978.8,  -1.7,   1.2
275298,  -3.6,  -8.1, -55.9,  53.8,   3.1, 996.6,  -1.5,   1.2
275322,  -1.0,  -2.5, -55.5,-119.3,  59.3,1006.1,  -1.3,   1.4
275350,  -1.6,  -2.6, -53.6, -77.6,  15.3, 942.6,  -1.1,   1.6
275374,  -1.7,  -6.5, -52.7, -90.7,  66.3,1010.5,  -1.0,   2.0
275398,  -3.5,  -7.6, -50.7, 310.4, -34.5,1045.7,  -0.8,   1.8
275423,  -2.5,  -3.9, -51.3,  37.4,  16.3,1023.9,  -0.7,   2.0
275447,  -1.6,  -3.2, -50.6, -51.7, -79.9,1024.2,  -1.0,   2.0
275475,  -3.6,  -4.2, -50.4, -63.6,-118.0, 989.0,  -1.0,   2.2
275499,  -1.7,  -3.0, -48.5,-148.4, -44.0, 995.6,  -1.0,   2.1
275523,  -2.8,  -4.4, -47.0, -44.1, -19.6, 975.3,  -0.9,   2.2
275547,  -1.2,  -3.4, -45.6,-116.9,  23.4,1012.0,  -0.8,   2.4
275575,  -2.4,  -2.7, -45.5,-110.8,  25.3, 948.2,  -0.8,   2.6
275599,  -2.1,  -6.2, -47.9,  27.7, -15.2,1040.0,  -0.8,   2.7
275624,  -1.9,  -3.2, -50.3,  39.4,  28.3,1018.6,  -0.6,   2.4
275648,  -4.2,  -5.6, -47.1,  52.3,  42.9, 972.4,  -0.4,   2.3
275672,  -4.2,   3.3, -46.5,-228.9,-119.4, 988.0,  -0.5,   2.2
275700,   0.3,  -6.8, -41.1,-365.6, -22.0, 958.7,  -0.1,   3.6
275724,   0.9,  -6.0, -40.4, 263.7,  95.4,1022.9,   0.5,   2.8
275748,  -0.3,  -2.4, -42.6,-105.1,  33.1, 985.1,   0.9,   3.0
275772,  -1.6,  -5.7, -42.1,  61.1,   3.1, 989.3,   0.7,   2.4
275800,  -3.1,  -4.2, -44.6,  75.8,  -5.9,1001.2,   0.3,   2.3
275825,  -3.0,  -1.9, -45.7,  -2.4, -17.6, 973.4,   0.1,   2.0
275849,   1.2,  -7.0, -46.0,  15.0,  47.3,1041.3,  -0.1,   1.9
275873,   0.1,  -2.6, -45.9, -87.1,  64.4,1018.3,   0.1,   2.0
275901,   1.7,  -4.1, -44.1,  10.6,  79.3, 977.8,   0.1,   2.0
275925,  -1.9,  -3.5, -44.5,-117.6,  37.0, 941.2,   0.2,   2.1
275949,  -1.9,  -5.1, -44.1,  38.6,   5.6, 975.3,   0.4,   1.9
275973,  -1.5,  -4.2, -44.0, -17.5,  -1.3,1025.4,   0.3,   1.8
276001,  -1.1,  -4.6, -44.0,-119.8,  49.3, 997.3,   0.3,   1.9
276026,  -1.4,  -5.4, -44.3,  62.8,  15.3,1010.5,   0.4,   1.8
276050,  -2.0,  -8.1, -43.5, -21.4,  22.6, 992.7,   0.4,   2.0
276078,  -3.5,  -5.6, -44.1, -26.0, -53.8,1009.8,   0.3,   1.9
276098,  -1.8,  -4.8, -44.6, 150.0, -72.1,1014.2,   0.0,   1.6
276126,  -0.9,  -2.6, -42.9,-228.9,  61.7, 950.7,   0.1,   1.9
276150,  -1.9,  -3.4, -40.1,   5.7,  13.4,1043.7,   0.3,   2.0
276174,  -0.8,  -4.5, -38.7, -14.8,  15.6, 983.9,   0.3,   2.1
276198,  -1.3,  -0.7, -35.2,-119.1, -16.2, 994.9,   0.2,   2.1
276223,  -0.6,  -3.6, -32.3,  -5.1, -13.7,1036.9,   0.1,   2.4
276251,  -0.8,  -2.7, -29.9, -68.0,  29.2,1023.7,   0.2,   2.8
276275,   0.2,  -4.1, -26.5, -58.3,  -3.2, 991.2,   0.3,   3.0
276299,  -0.2,  -3.4, -24.7, -77.1,  15.1,1018.3,   0.4,   3.1
276323,  -2.5,  -2.7, -22.1, -23.1,  17.8,1010.7,   0.5,   3.2
276351,  -1.1,  -2.1, -19.6, -85.6,  22.4, 992.7,   0.6,   3.6
276375,  -0.2,  -2.5, -18.7, -81.0,  64.6,1018.1,   0.9,   3.8
276399,  -2.7,  -2.3, -17.2,  -7.0,  64.1, 995.8,   1.3,   3.8
276424,  -1.0,  -2.2, -15.0, -47.0,  27.0, 985.6,   1.4,   3.7
276448,  -1.6,  -1.4, -15.0,-106.4,  65.1, 999.0,   1.8,   3.8
276476,  -1.0,  -1.4, -11.5, -20.7,  42.4,1002.2,   2.0,   3.7
276500,  -2.0,  -1.1, -10.5,  10.3,  56.3,1014.6,   2.1,   3.6
276524,  -1.8,   0.8,  -9.4,  -3.1,   5.6, 993.4,   2.1,   3.3
276548,  -0.3,  -1.0,  -9.7, -10.4, -10.6, 997.8,   2.0,   3.1
276576,  -2.4,   0.2,  -9.7, -48.0, -19.4,1011.0,   2.0,   3.3
276600,  -0.3,  -0.6,  -9.9, -20.7,  -0.8,1010.0,   1.8,   3.2
276625,  -0.2,  -0.4,  -9.2, -63.6,  13.6,1002.9,   1.7,   3.2
276649,  -1.5,  -1.5,  -6.9, -41.4,  29.2, 999.8,   1.7,   3.3
276673,  -1.7,  -1.7,  -1.3,   9.8,  13.4, 996.1,   1.6,   3.4
276701,  -0.6,  -0.6,  -1.5,-125.4,  46.3, 970.2,   1.4,   3.7
276725,   1.8,  -4.2,  -6.7,  -8.2,  60.5,1031.2,   1.6,   3.6
276749,   0.9,  -3.8,  -8.8,  67.7,  43.1, 976.8,   1.6,   2.9
276777,  -1.3,  -0.7,  -8.3,   5.7,  38.8, 994.4,   1.6,   1.9
276801,  -1.3,  -0.3,  -8.1, -76.8, 102.2, 980.0,   1.9,   1.9
276826,  -0.8,  -2.0,  -7.4, -57.8, 126.4, 987.8,   2.5,   2.1
276850,  -0.5,  -1.7,  -5.5,  -1.9,  94.7, 993.9,   2.9,   2.0
276874,  -2.1,  -1.4,  -5.3,  -7.2,  78.3,1003.9,   3.2,   1.9
276902,   0.1,  -1.7,  -5.9, -26.3,  73.7, 990.2,   3.3,   1.9
276926,  -2.2,  -0.1,  -6.3,  49.6,  53.4,1011.7,   3.3,   1.5
276950,  -0.7,   0.4,  -6.7,   0.3,  44.4, 975.1,   3.3,   1.3
276974,  -3.3,  -0.5,  -9.3,  12.0,  37.5,1021.5,   3.3,   1.0
277002,  -2.0,  -0.2, -10.3,   0.3,  25.3, 974.4,   3.2,   0.8
277027,  -1.3,  -1.8, -10.0,  12.3,  65.4, 997.1,   3.2,   0.8
277051,  -2.0,  -0.9, -10.9,  -9.2,  32.4,1000.5,   3.0,   0.6
277079,  -3.5,  -2.3,  -9.3,  71.1,  32.4,1009.0,   3.0,   0.5
277099,  -3.8,  -0.5,  -7.6, 150.5, -42.5,1064.5,   2.7,   0.4
277127,  -1.8,   3.1,  -5.9, -58.5,  21.7,1023.4,   2.3,   0.7
277151,  -2.5,   2.7,  -6.2, -56.6, -46.2, 930.9,   2.0,   0.8
277175,  -3.2,   2.9,  -6.3,-115.6,   0.2, 982.4,   1.7,   1.1
277199,  -3.6,   0.9,  -2.8,  15.7,-141.4,1034.9,   1.0,   1.1
277224,  -2.1,  -0.1,  -7.7, -12.6, -53.3, 959.0,   0.4,   1.3
277252,  -1.4,  -0.8, -10.5,  46.7, -71.6, 999.5,  -0.2,   1.1
277276,  -3.8,  -0.8, -15.3,  -2.4, -31.6, 997.1,  -0.5,   0.9
277300,  -3.1,   0.2, -11.4, -42.6, -25.7,1023.7,  -0.7,   0.9
277324,  -3.9,   0.1,  -6.4, -72.2, -42.3, 984.9,  -0.9,   1.1
277352,  -1.6,   3.1,  -2.3,-139.8, -32.8, 981.0,  -1.4,   1.4
277376,  -0.8,  -0.9,  -4.4, -61.9, -96.0,1025.9,  -1.6,   1.7
277400,   1.0,  -3.0,  -5.1, 112.6, -94.1, 995.1,  -2.0,   1.2
277426,   0.2,   0.2,  -6.6,  26.4,-106.3,1008.5,  -2.5,   0.8
277450,  -1.9,   0.7,  -7.9, -42.4, -56.7,1017.8,  -2.7,   1.0
277474,  -3.8,   0.5,  -9.2, -62.2, -54.3,1016.1,  -2.9,   1.3
277502,   0.2,  -1.2,  -8.9, -12.1, -33.3,1032.5,  -2.9,   1.5
277526,  -1.0,  -0.3,  -7.0, -29.0,  21.2, 959.2,  -2.7,   1.6
277550,  -0.1,  -0.2,  -6.6, -27.0, -17.4, 907.0,  -2.6,   1.6
277578,  -0.8,  -1.2,  -8.8, -25.6,   3.4,1009.3,  -2.7,   1.6
277602,  -1.2,  -1.8,  -8.1,  15.5,   7.5,1007.8,  -2.2,   1.3
277627,   0.3,   0.1,  -8.8, -30.0,  -7.6, 972.2,  -2.0,   1.1
277651,   0.3,  -1.9,  -9.5, -32.9,  11.7,1014.9,  -1.8,   1.2
277675,   0.5,  -2.5, -10.0,   9.4,  18.0,1004.4,  -1.6,   1.1
277699,   0.4,  -2.6, -10.2,  12.0,  -5.2, 979.5,  -1.3,   1.0
277727,  -1.7,  -2.4, -10.6,   2.0, -29.8,1010.7,  -1.3,   0.9
277751,  -0.5,  -2.1, -11.3,   0.3, -61.3,1004.1,  -1.5,   0.8
277775,  -3.6,  -2.6, -10.6,   6.2, -48.9, 996.6,  -1.7,   0.5
277803,  -1.3,   1.9,  -4.6,-146.4, 114.9, 974.1,  -1.2,   0.7
277828,   1.3,   0.2,   1.4,-130.3, 118.8, 981.2,  -0.3,   1.1
277852,  -0.9,   0.5,   0.5,-139.6,  33.1,1012.2,   0.3,   1.5
277876,   0.5,  -1.5,  -2.5,  41.1, -23.5,1032.7,   0.1,   1.6
277900,  -1.7,  -1.0,  -4.9, 102.4,  -1.5,1011.5,   0.2,   1.0
277928,  -3.7,   2.1,  -5.0, -61.7,  18.7,1025.1,   0.1,   0.7
277952,  -1.0,  -0.1,  -5.4, -88.5,  51.0,1006.1,   0.3,   1.1
277976,   0.9,  -1.6,  -5.8, -62.7,  59.3, 989.5,   0.7,   1.2
278000,   1.3,  -2.4,  -4.8,  -2.9,  78.1, 983.6,   1.1,   1.2
278025,  -1.4,  -1.4,  -3.8, -18.0,  64.6, 974.6,   1.4,   1.2
278053,  -2.2,  -0.1,  -2.6,  10.1,  22.6, 974.6,   1.6,   1.1
278081,  -3.8,  -0.8,  -1.5,  10.3,  46.6,1004.9,   1.6,   1.0
278101,  -3.5,  -0.5,  -2.5,  35.5,  51.0, 986.8,   1.7,   0.7
278125,  -3.0,  -0.7,  -3.3,   5.9,  41.0, 993.2,   1.8,   0.7
278153,  -3.1,   0.5,  -4.2,  32.8,   9.0,1034.4,   1.7,   0.3
278177,  -3.4,   3.8,  -2.9,  38.4, -82.8, 995.6,   1.3,   0.2
278201,  -3.7,   1.3,  -2.9, -67.8,  -5.9,1009.8,   1.1,   0.5
278226,  -1.5,   1.8,  -3.3, -64.1, -13.2,1028.6,   1.0,   0.5
278250,  -2.7,  -0.1,  -2.8,  -6.3, -30.1,1037.8,   1.0,   0.7
278278,  -1.5,   0.2,  -4.6, -24.1,   5.1,1008.5,   0.8,   0.6
278302,  -3.9,   0.5,  -5.5,  47.0,   5.6,1048.6,   0.8,   0.6
278326,  -3.3,  -0.4,  -7.2, -15.8, -15.0,1095.2,   0.9,   0.5
278350,  -3.6,   1.9,  -5.2,-138.4, -57.4,1010.7,   0.6,   0.7
278378,  -3.8,   1.5,   0.5, -55.6,-104.6, 998.3,  -0.2,   1.0
278402,  -0.9,   2.7,   1.2,-102.5, -50.1, 965.8,  -0.4,   1.1
278427,   1.5,  -1.9,  -3.9,  -5.1, 110.3, 947.3,  -0.0,   1.5
278451,  -0.0,  -3.1,  -3.8, 130.2,-127.3, 959.7,  -0.1,   0.7
278475,  -4.2,  -2.4,  -4.7, 142.4,-112.4,1046.9,  -0.8,   0.3
278503,  -2.2,   2.8,  -6.3,-100.8,  68.1, 988.3,  -1.2,   0.5
278527,  -1.0,  -1.0,  -5.8,  29.9,  61.0, 961.2,  -1.0,   0.6
278551,  -1.7,   0.9,  -8.2,  18.4,  -7.9,1015.4,  -0.9,   0.4
278579,  -1.6,  -2.2,  -6.7,  80.9, -63.8,1025.4,  -1.0,   0.2
278603,  -4.2,   2.7,  -5.1,  13.0, -55.0, 968.0,  -1.1,   0.1
278628,  -3.7,   3.7,  -6.2, -73.2,  12.9, 977.3,  -1.0,   0.2
278652,  -2.8,   0.8,  -3.9, -84.2, -95.3,1063.7,  -1.2,   0.4
278676,  -1.3,  -1.5,  -4.4, -96.8,-105.0,1064.5,  -1.7,   0.8
278704,   0.1,  -1.7,  -8.3,  38.6, -28.1,1020.3,  -1.9,   0.5
278728,  -1.3,  -3.9,  -8.5,   3.2,  20.9, 971.2,  -1.6,   0.7
278752,  -3.8,  -0.3,  -8.3, -23.4,  23.1, 969.0,  -1.4,   0.5
278776,  -3.6,  -0.6,  -4.1,  50.6,  -5.4,1005.1,  -1.5,   0.5
278804,  -4.0,   1.1,  -2.0, -68.5,  14.6,1018.8,  -1.3,   0.8
278829,  -0.3,  -0.5,  -0.6, -13.6,  45.1,1019.5,  -1.2,   0.9
278853,  -1.7,   0.4,  -0.4, -16.5, -42.8, 970.2,  -1.2,   1.0
278877,  -3.9,  -1.2,  -0.9,  -5.5, -38.2,1012.4,  -1.3,   1.0
278901,  -4.1,  -0.4,  -1.2,  41.6, -13.5, 991.7,  -1.5,   0.9
278929,  -3.5,   0.4,  -1.8, -62.2,   3.4,1007.1,  -1.5,   1.0
278953,  -3.5,   0.5,  -2.9,-113.9,  10.4, 996.3,  -1.4,   1.3
278977,  -2.4,  -2.5,  -4.4,  75.8, -55.2,1027.3,  -1.4,   1.1
279001,  -2.5,  -1.6,  -7.6,  54.8, -42.3, 987.3,  -1.4,   0.9
279026,  -2.5,  -0.7,  -9.1,  -3.3, -44.3, 972.9,  -1.5,   0.6
279054,  -3.8,  -0.1,  -8.4, -25.3,-141.9,1007.3,  -2.0,   0.4
279082,  -3.9,   0.7, -10.3,-102.7, -96.0,1022.9,  -2.2,   0.5
279102,  -3.6,   0.8,   1.7, -95.9, -28.1, 913.3,  -2.3,   0.9
279126,   0.9,  -1.2,   2.0, -14.1, 214.0, 939.7,  -1.2,   1.0
279154,   1.7,  -0.6,   4.2, -58.3, -50.8, 954.1,  -1.1,   1.7
279178,  -0.2,   1.4,   4.3,  -7.0, -36.0,1019.0,  -1.5,   1.3
279202,  -3.8,  -1.5,   4.0,  22.8, -57.7,1037.1,  -1.6,   1.4
279227,  -3.6,   2.4,   3.9,  -2.9, -18.6,1034.9,  -1.8,   1.3
279251,  -4.2,   1.0,   4.0, -59.7, -91.6,1004.9,  -2.0,   1.6
279279,  -3.9,   1.9,   4.4, -96.8, -67.4, 982.4,  -2.3,   1.9
279303,  -3.1,   1.8,   4.1, -49.0, -61.1, 990.2,  -2.5,   2.1
279327,  -3.2,  -0.4,   3.8,  -5.5, -33.5,1006.8,  -2.6,   2.2
279351,  -3.5,   2.2,   5.4, -19.0, -26.7,1020.7,  -2.5,   2.1
279379,  -3.1,  -0.3,   4.9, -44.6,  40.5, 979.7,  -2.3,   2.0
279403,  -3.9,  -3.6,   3.8,  58.2,-118.7,1094.0,  -2.2,   1.8
279428,  -1.5,  -1.0,   0.3, -32.6, -18.6,1121.3,  -2.5,   1.4
279452,  -2.5,  -2.5,  -1.4,  25.2,   4.3, 996.1,  -2.3,   1.4
279476,  -2.4,   0.8,   0.8,  -7.5,  66.8,1005.6,  -1.9,   1.0
279504,  -0.3,   0.9,   4.1,  34.3,  57.6, 989.0,  -1.4,   0.9
279528,  -0.2,   1.1,   4.3,-125.9, -41.6,1019.3,  -1.0,   1.3
279552,  -0.2,   1.2,   4.1, -18.2, -47.9,1007.1,  -0.8,   1.3
279580,  -2.5,  -1.8,   4.1,  99.4,-135.6,1038.6,  -0.9,   1.1
279604,  -3.8,   1.0,   4.2,  33.5, -55.5,1061.8,  -1.2,   0.6
279629,  -3.3,  -0.3,   4.3,  35.5,  -1.3,1004.4,  -1.4,   0.4
279653,  -3.9,   2.3,   3.5, -50.5, -28.1, 991.5,  -1.5,   0.7
279677,  -1.7,  -0.0,   4.1,  -8.2,  -1.8,1094.5,  -1.6,   1.0
279705,  -2.5,  -4.2,   4.4,  29.4, -12.5, 995.4,  -1.8,   1.4
279729,  -2.8,   1.2,   7.8,  40.6, -67.7,1039.3,  -2.2,   1.2
279753,  -3.9,   2.9,   3.9, -35.8, -90.4, 980.5,  -2.7,   1.3
279777,  -3.7,  -1.2,   4.2, -54.9,-174.1,1047.8,  -3.4,   1.5
279805,  -1.2,  -0.6,   4.1,   7.2, -35.2,1000.0,  -3.6,   1.3
279830,  -1.0,   0.5,   4.1, -50.7,-111.4,1019.8,  -3.7,   1.6
279854,  -3.0,   1.2,   4.1, -27.0,-140.4, 983.2,  -4.1,   1.6
279878,   0.1,   2.2,   3.9,  31.1,-100.7,1012.4,  -4.5,   1.3
279902,  -0.8,   0.7,   4.1,  81.4, -63.3, 998.8,  -4.6,   1.0
279930,  -1.4,   1.0,  -0.1,  -2.4, -75.0, 998.8,  -4.7,   0.7
279954,  -3.5,   1.0,  -2.3,  -0.7,  17.8, 936.5,  -4.2,   0.6
279978,  -2.2,   4.7,  -0.3,-166.4,  69.0,1027.3,  -3.6,   0.5
280002,  -3.3,   0.6,   4.3, -61.7, -18.1,1055.9,  -3.5,   1.1
280027,   1.4,  -2.2,   4.1, 164.1,   9.5,1004.1,  -3.6,   1.2
280055,   2.2,  -1.4,   2.8, -91.7,  45.8, 942.6,  -3.1,   1.5
280083,  -1.0,  -5.1,   1.7, 164.6,  31.9,1003.7,  -3.0,   1.2
280103,  -1.6,   0.1,   3.7, 137.5,-194.4,1012.2,  -3.3,   0.6
280127,   1.0,   0.8,   2.4,-101.5, -85.3,1027.8,  -3.8,   0.5
280155,   0.7,  -0.4,   1.3,  16.7, -98.9,1044.7,  -3.7,   0.7
280179,   1.6,  -0.3,  -1.4, -44.6, -46.9, 876.2,  -3.5,   0.7
280203,  -0.9,   2.3,  -2.8, -84.6, -86.0, 988.8,  -3.4,   0.7
280228,  -2.0,  -3.6,  -2.9,   6.7, -85.3, 948.7,  -3.3,   0.6
280252,  -2.4,  -1.0,  -5.1,  37.2,-165.8,1107.9,  -3.7,   0.6
280280,  -1.7,  -4.3,  -6.2, 183.4, -37.7,1075.4,  -3.6,   0.4
280304,  -0.5,   0.2,  -6.1, -18.0, -25.5, 924.1,  -3.4,   0.5
280328,   2.2,   1.8,  -5.4, -29.2,  11.9,1006.3,  -3.2,   0.2
280352,   0.6,   1.1,  -2.9,-125.2,  63.9,1049.1,  -2.7,   0.5
280380,  -1.2,   0.2,  -0.9,   2.5,-108.7,1062.0,  -2.7,   0.4
280404,   1.7,   0.6,  -0.4,  93.6, -84.5, 956.1,  -2.8,   0.2
280429,   1.1,   1.5,  -1.2, 125.6,  29.2, 943.6,  -2.4,  -0.0
280453,  -0.5,   3.4,  -3.3, -38.0, -81.4, 905.0,  -2.4,  -0.1
280477,  -4.0,   0.4,  -3.6,  17.2,   3.8,1004.1,  -1.9,   0.2
280505,  -2.8,  -2.5,  -1.1,-310.2,-367.3,1163.6,  -2.8,   0.8
280529,   2.5,  -0.4,  -3.1, -69.5, -20.1, 906.2,  -2.9,   0.8
280553,   1.7,  -3.6,  -3.3, 135.6, 114.7, 995.8,  -2.2,   0.4
280581,   3.6,   6.0,  -3.2,-139.1, -36.7, 990.5,  -2.1,   0.7
280605,   2.5,   2.2,  -1.5,-141.5,  -9.8, 981.7,  -1.8,   1.5
280630,   2.5,  -0.1,  -2.5, -11.6, -48.6,1016.6,  -2.0,   1.4
280654,  -2.1,  -1.3,  -4.2, -17.7, -11.1, 981.9,  -2.0,   1.4
280678,  -2.1,  -0.4,  -1.7, -33.1, -74.5,1074.0,  -2.2,   1.2
280706,  -0.3,   0.1,  -2.7,  27.2,  -1.3, 954.6,  -2.2,   1.0
280730,   0.4,  -1.0,  -3.2, -19.9,  -2.0, 924.6,  -2.1,   1.2
280754,   0.3,   2.8,   0.2, -36.5,   9.7, 976.6,  -2.1,   1.1
280778,  -1.8,  -1.3,   2.0, -59.5,-104.3,1074.9,  -2.3,   1.4
280806,  -1.1,   3.4,   1.0,-161.5, -44.0, 955.8,  -2.3,   1.6
280831,   0.0,   0.8,   4.0, -69.5,-107.7,1030.3,  -2.5,   1.5
280855,   3.0,   0.3,  -3.7,-137.1, -25.0,1045.4,  -2.4,   1.5
280879,   1.9,  -2.6,  -4.2,  81.9, -79.4,1056.4,  -2.2,   1.2
280903,  -1.5,   3.9,  -6.3, -55.3, 106.1, 935.1,  -2.1,   0.9
280931,  -2.8,  -4.0,  -6.7,  92.1,  18.5, 998.3,  -1.7,   0.9
280955,  -3.7,   1.6,  -0.8,-412.0,-300.4,1139.2,  -1.8,   1.7
280979,   0.5,  -1.4,  -3.1,-134.7, -81.1, 923.3,  -1.7,   1.6
281003,   1.2,  -2.5,  -3.4,  67.9,  74.9,1093.0,  -1.5,   1.0
281028,  -1.6,   0.4,   0.0, 196.4,  28.7,1027.3,  -1.5,   0.2
281056,  -1.0,   0.1,   0.3,-151.8,-119.0, 961.2,  -1.1,   1.1
281084,  -2.3,  -0.0,   0.2,  52.3,-122.9,1028.6,  -1.2,   1.0
281104,  -0.5,  -3.4,   0.0, 178.8,  69.5, 995.6,  -1.2,   1.0
281128,  -3.9,  -1.8,   1.1,  -8.2, -74.3, 968.7,  -1.3,   1.3
281156,  -0.4,   1.0,   0.5,  41.8,  51.4, 930.7,  -1.3,   0.9
281180,  -1.7,   1.5,   1.4, -35.3,  41.2,1002.9,  -0.9,   1.1
281204,  -1.7,  -1.4,   3.7,  26.4, -84.0, 938.0,  -1.0,   1.4
281229,  -4.0,  -3.4,   1.6,  28.2,-173.4,1089.1,  -1.3,   1.5
281253,  -4.2,   4.8,   1.4,-100.8,-229.6,1081.1,  -1.7,   1.4
281281,  -3.5,   1.1,  -0.2, -23.6, -60.4, 950.4,  -1.7,   1.3
281305,  -3.5,   1.7,  -0.7, -39.0, -40.8, 948.7,  -1.4,   1.1
281329,  -3.6,   2.1,  -0.1, -11.4, -30.6, 964.1,  -1.3,   0.9
281353,  -7.8,   1.0,   3.6,-427.4,-358.0,1282.7,  -1.7,   1.7
281381,  -2.6,  -0.0,   0.7,-219.2,-208.3, 889.4,  -2.4,   1.5
281405,   0.5,   3.0,  -0.0, -88.5,-143.6, 994.6,  -2.8,   0.8
281430,   2.6,   3.7,  -0.3,-187.4,  75.1,1098.6,  -2.0,   1.2
281454,   1.2,  -2.9,  -0.1,  77.5,-138.2,1025.9,  -1.6,   1.6
281478,  -4.0,  -1.7,   0.7, 179.0, -89.7,1050.3,  -2.0,   1.1
281506,  -3.6,  -5.3,  -0.0, 206.4, -37.9,1016.4,  -2.2,   1.3
281530,  -4.0,  -5.4,   0.2, 249.3,  17.0, 942.4,  -2.6,   0.9
281554,   1.2,  -0.1,  -2.2, -25.3, -38.9,1049.3,  -2.6,   0.8
281582,  -3.6,  -3.4,  -3.6,  62.1,  -3.5, 970.2,  -2.7,   0.6
281606,  -2.6,   0.1,  -2.6,-103.2, -97.0, 943.1,  -3.3,   0.4
281631,  -3.8,  -1.7,  -2.2,  74.0,-136.5, 955.8,  -3.2,   0.3
281655,  -3.6,   3.7,  -0.1,  14.0, -17.6, 973.1,  -3.6,   0.1
281679,  -3.9,  -2.3,  -0.3, 181.7,-165.8,1329.8,  -3.4,   0.2
281707,   4.2,  -3.5,   4.5, -40.0,-220.0, 922.1,  -4.4,   1.4
281731,   1.5,  -8.8,  -1.1, 534.3, -35.7,1092.5,  -4.5,   0.6
281755,  -3.8,   2.6,  -1.7, 103.1,-282.8,1101.8,  -4.8,  -0.0
281779,  -1.9,   7.0,  -2.1,-305.8,-171.5, 966.5,  -5.9,   0.7
281807,  -2.8,  -3.7,  -2.3,  49.1,-251.3,1137.0,  -6.7,   0.9
281832,   0.3,   0.9,  -4.5, -76.3, -86.2,1040.5,  -6.9,   0.9
281856,   2.3,  -3.4,  -6.2, -56.3,-314.5, 943.4,  -7.3,   1.0
281880,   0.3,  -1.2,  -5.5,   8.9,-166.1,1187.5,  -7.8,   0.8
281904,  -3.5,  -0.3,  -5.4, 134.1, -10.6,1112.8,  -7.6,   0.7
281932,  -1.4,   3.0,  -6.5, -98.8, -39.9, 994.9,  -7.2,   0.7
281956,   0.3,  -1.4,  -3.9,  84.3, -93.3,1015.4,  -6.7,   0.5
281980,   2.9,   2.2,  -2.0, -15.3, -41.6, 913.8,  -6.6,   0.3
282004,   0.8,   1.2,   2.2,  31.6, -46.2,1044.2,  -6.3,   0.7
282029,   4.2,   1.6,   3.8,-108.1,  38.8, 998.5,  -5.8,   0.9
282057,   0.7,  -2.5,   1.9, 111.9,-141.7,1085.7,  -5.4,   0.9
282085,   0.1,   0.1,  -1.5, -29.2, -46.2, 966.8,  -5.3,   0.9
282105,  -0.6,   1.1,  -4.2,-120.0, -85.8, 932.1,  -5.5,   0.9
282129,  -1.9,  -0.5,  -4.7, -60.0,   6.8, 986.1,  -5.0,   0.8
282157,  -3.9,  -1.8,  -4.4,  91.1,  17.8, 978.0,  -4.4,   0.6
282181,  -3.3,  -2.7,  -6.9,-229.4,-308.4,1093.3,  -4.8,   1.3
282205,  -3.9,  -8.4,  -7.9, 240.1,  39.0,1105.7,  -5.5,   1.4
282231,  -1.6,  -1.1,  -9.8,  34.7,-110.4, 943.8,  -5.9,   0.2
282255,   2.5,   1.3,  -6.4,   0.1,  92.7,1205.6,  -5.4,   0.3
282279,   1.4,   0.5,  -4.3, -29.5, -61.8,1346.4,  -4.7,   0.3
282307,  -0.3,  -0.5,   0.2,-108.1, -45.5,1015.6,  -4.4,   0.5
282331,  -0.8,   1.6,   3.9, -63.2,-104.6, 955.6,  -4.7,   0.5
282355,  -3.6,   1.9,   4.1, 118.0,-161.2, 982.9,  -4.8,   0.4
282379,   1.4,   5.5,   3.8,  24.0,   4.8,1022.5,  -4.7,   0.4
282407,   1.1,   3.0,   0.1, -86.1, -80.4, 998.5,  -4.5,   0.7
282432,   2.0,   4.0,  -2.9,-109.3, -53.5, 884.8,  -4.5,   0.9
282456,   1.0,   3.0,  -4.2,-165.0, -54.3, 899.4,  -4.6,   1.1
282480,  -2.0,  -0.1,  -4.0,-131.0, -13.7, 994.4,  -4.7,   1.1
282504,   0.9,  -6.2,  -4.6,  37.4, -97.7,1130.1,  -4.4,   1.2
282532,   2.4,  -0.2,  -2.4, -64.6, 135.9, 971.4,  -3.9,   1.4
282556,   2.9,  -1.6,  -3.7,  79.2,  50.2, 952.4,  -3.8,   1.1
282584,  -0.2,   0.4,  -1.9,   8.6, -26.7, 976.8,  -3.7,   1.1
282608,  -1.6,  -0.2,  -1.1,-112.2, -93.6, 981.2,  -3.8,   1.0
282633,   0.1,  -0.9,  -0.0,   6.2,  35.1, 921.6,  -3.4,   1.0
282657,   0.6,   1.2,  -0.5, -55.8, -64.5, 909.4,  -2.9,   0.8
282681,  -2.5,   1.3,  -0.4,  53.5,  20.7, 932.1,  -2.4,   0.5
282705,  -3.3,   9.1,   4.5,-284.1, -22.5,1006.8,  -2.1,   0.7
282733,  -1.7,   5.6,   5.5, -76.6,-233.2,1072.5,  -3.4,   1.1
282757,   6.2,   1.9,   4.1, -34.1,  27.0,1073.2,  -3.3,   1.4
282781,   5.5,  -0.5,   0.2, -64.9,  44.9, 960.4,  -2.7,   1.6
282805,   1.1,  -0.4,   0.2, -82.7, -87.2, 971.4,  -2.1,   1.6
282830,  -1.9,  -2.3,   1.8, -20.4,-111.4,1004.6,  -2.3,   1.8
282858,  -3.4,   2.0,  -0.2, -85.9, -70.9,1068.1,  -2.7,   1.4
282882,  -0.8,  -1.9,   0.7, 127.8,   7.5, 984.1,  -2.5,   1.3
282906,  -1.4,  -1.4,  -0.1, -54.4,  18.5,1023.7,  -2.0,   1.5
282930,   1.1,  -1.3,   0.8,  15.2,-126.5,1012.7,  -2.2,   1.5
282958,  -0.8,   0.6,   0.7,  -9.4,-153.9, 964.6,  -2.4,   1.3
282982,  -1.2,   1.2,   1.0,-104.2,  31.4, 959.2,  -2.3,   1.1
283006,   0.3,  -1.7,   4.2,  11.1, -30.1, 971.2,  -2.3,   1.1
283031,   2.8,   1.2,   4.7, -73.2,  63.9, 987.1,  -2.1,   1.0
283055,   2.0,  -0.1,   3.1, -99.3,  53.2, 977.3,  -1.8,   1.0
283083,   1.3,  -3.1,   4.3,  40.6, -71.1, 895.5,  -1.8,   0.8
283107,  -0.0,  -5.2,   4.0, 356.3,  52.7,1152.8,  -1.4,   0.8
283131,  -2.5,  -3.6,   4.1,  42.8, -26.2,1264.9,  -1.3,   1.3
283155,  -2.5,  -1.9,   3.6,-243.3,-171.7,1090.3,  -2.0,   2.0
283183,  -1.7,  -1.2,  -4.1,  21.6, -92.3, 873.8,  -2.4,   1.2
283207,  -1.6,   1.0,  -1.9, 170.0,  56.3, 990.5,  -2.4,   0.5
283232,   1.7,  -0.1,  -1.1,  26.0, 133.7,1116.0,  -1.9,   0.8
283256,   1.7,  -0.4,  -0.3,-139.1, -99.2, 923.3,  -1.8,   1.3
283280,  -3.2,  -3.7,   1.3,  60.1,-114.1,1013.4,  -2.2,   1.3
283308,  -3.6,  -3.8,   1.3, 189.8,  -2.5,1067.6,  -2.4,   0.7
283332,  -0.0,  -0.6,   3.8, 101.1,-116.8,1098.6,  -2.4,   0.5
283356,  -0.4,   5.3,   2.1,-214.8, -75.7, 956.3,  -2.1,   0.6
283380,  -0.9,   1.0,   4.1, -84.9,  17.5, 965.6,  -1.9,   1.0
283408,   0.6,   0.3,   5.4,  20.3,-244.2,1105.2,  -2.3,   0.8
283433,  -2.1,   1.6,   3.9, -22.9,  39.2,1114.3,  -2.1,   1.0
283457,   1.8,   1.6,   3.9,-137.4,-286.4,1218.7,  -2.4,   1.2
283481,   2.0,  -0.4,   3.1,-105.9, -19.1, 912.1,  -2.3,   1.6
283509,   0.6,   1.7,   0.5, -39.7,  44.9, 931.1,  -1.9,   1.0
283533,  -4.1,  -3.2,  -0.5,  98.0,  49.5, 943.6,  -1.1,   1.2
283557,  -6.6,   1.1,   2.4,-359.1,-426.8,1330.3,  -1.3,   2.1
283585,  -3.6,  -2.0,   0.4,  77.7,-212.0,1003.9,  -1.6,   1.9
283609,  -1.6,   6.0,  -1.0, -22.9,-129.7, 936.8,  -2.2,   0.8
283634,   1.6,   5.6,   0.2,-148.1,  26.8, 971.9,  -1.9,   0.9
283658,   2.0,  -1.5,   3.2,  94.8, -60.4,1158.2,  -1.3,   1.3
283682,   1.2,   1.6,   3.9, -50.0, -99.2, 915.0,  -1.4,   1.4
283706,  -2.8,   0.8,   4.0,  98.0,  -4.5,1064.0,  -1.9,   1.2
283734,  -1.9,  -3.2,   4.2, 109.9,-138.5,1057.1,  -2.2,   1.2
283758,  -2.1,   2.4,   2.5, -75.9,-109.2,1145.5,  -2.2,   1.2
283782,   1.9,  -2.5,   2.4,  17.4, -87.2,1056.6,  -2.0,   1.4
283806,   0.7,  -0.9,  -0.9, -16.8, -85.5,1007.6,  -2.4,   1.4
283831,  -3.5,   0.1,  -2.4,  45.0,-287.2,1058.3,  -2.8,   1.2
283859,   0.1,   1.1,  -4.0, -93.7,   1.9, 932.1,  -3.2,   1.2
283883,  -3.3,  -4.7,  -5.7,  65.3,  -1.5, 975.3,  -2.6,   1.1
283907,  -2.9,  -1.9,  -4.9,   8.1,-238.8,1320.1,  -3.0,   0.7
283931,  -3.6,  -3.7,  -2.8,-176.0,-213.0,1098.1,  -3.6,   1.5
283959,  -0.4,   1.0,  -4.8,  35.5, -92.3, 864.3,  -3.6,   0.5
283983,  -0.1,   4.8,  -4.2,  36.0, -12.5, 934.8,  -3.3,  -0.0
284007,  -0.0,  -3.6,  -0.4,  -7.5,  10.7,1074.2,  -2.7,   0.5
284032,  -0.7,   1.2,  -1.0, 116.5,-149.7,1072.5,  -3.0,   0.4
284056,  -3.6,   0.1,  -2.2,   8.4, -70.6, 980.0,  -3.3,   0.4
284084,  -3.4,  -0.1,   0.5, -17.0, -80.6, 984.1,  -3.5,   0.4
284108,  -3.3,   4.6,  -2.0,-219.9, -40.3, 986.3,  -3.6,   0.5
284132,   0.1,   1.5,  -1.6, -80.0, -81.9, 972.4,  -3.6,   0.8
284156,   1.7,   1.0,  -1.2,  20.6,  -4.9, 979.7,  -4.0,   0.8
284184,   1.6,   1.6,  -0.6, -65.1,-104.6, 844.0,  -4.0,   0.8
284208,   0.5,  -2.8,  -1.1, -63.2,-124.6,1093.0,  -3.9,   1.1
284233,  -0.4,   0.1,  -2.3,  15.7,-196.6, 904.0,  -4.2,   1.2
284257,   2.6,   5.1,  -2.2,  88.2,  64.4, 780.3,  -3.8,   0.8
284281,  -1.0,   6.8,  -3.3, -44.6,-139.7, 912.4,  -3.6,   0.8
284309,  -2.1,   9.9,  -1.9,-286.8,  37.3,1029.5,  -2.8,   1.3
284333,   0.8,  -2.1,   1.0,-278.5,-159.7, 965.1,  -3.6,   2.0
284357,   0.2,   0.8,  -0.5, 222.7,-181.2, 947.3,  -3.9,   0.7
284381,   1.1,   1.8,  -3.8, -40.5,  81.5, 988.8,  -3.2,   0.8
284409,   0.6,   1.5,  -3.4,-109.8,  22.9,1011.7,  -2.7,   1.3
284434,  -3.8,  -0.1,  -3.6, -65.6,-162.4, 931.6,  -3.0,   1.0
284458,  -3.5,  -2.8,  -2.6,  62.8,  -3.2,1038.6,  -3.3,   0.9
284482,  -0.5,  -2.7,  -1.7,  57.0,  48.5, 957.8,  -3.5,   0.7
284510,   2.3,  -3.2,  -1.4,  62.3, 160.8, 995.8,  -3.2,   0.6
284534,  -0.3,   1.6,  -3.1,  69.4, -60.6, 955.1,  -3.1,   0.6
284558,   0.5,  -1.6,  -2.9,  54.0,  -4.0, 985.6,  -3.1,   0.6
284586,  -1.4,  -2.9,  -2.8,  25.2, -37.2, 994.4,  -3.1,   0.5
284610,  -1.6,   0.3,  -3.0, 136.3,  28.3, 996.3,  -3.2,   0.1
284635,  -3.3,   0.7,  -3.6, -38.7,-130.9, 977.5,  -3.3,   0.2
284659,  -0.2,   2.2,  -2.9,-182.8,  -0.1, 977.5,  -3.3,   0.5
284683,  -1.2,   1.0,  -1.7, -41.4, -33.8, 918.9,  -3.2,   0.6
284707,  -3.6,  -0.9,  -2.5, 166.3,  32.4, 962.9,  -2.8,   0.4
284735,  -1.0,  -2.8,   0.0, -90.0,-201.2,1221.7,  -3.2,   1.2
284759,  -0.9,  -0.9,  -3.6, 158.0, -79.9,1094.0,  -4.0,   0.5
284783,   0.6,   2.2,  -5.6, -50.0, -83.6, 913.3,  -4.1,   0.1
284807,   1.7,   3.4,  -7.4,-218.7, -21.3,1050.5,  -3.3,   0.4
284832,   0.3,  -2.4,  -4.5,  78.7,-133.1,1182.9,  -2.8,   0.4
284860,  -0.5,  -2.1,  -3.1,-100.0,-126.8,1038.1,  -3.1,   0.5
284884,  -2.8,  -3.4,  -2.5,  28.9,-126.3,1041.3,  -3.1,   0.6
284908,  -0.8,   2.0,  -2.6,  47.7, -19.1,1017.6,  -3.2,   0.1
284932,   1.8,  -0.2,  -2.4,  19.9,   4.8,1147.5,  -2.9,   0.3
284960,   2.2,  -1.4,  -0.1,  49.9, -66.7,1081.8,  -3.1,   0.4
284984,   1.4,   1.0,   0.6, 125.3, -18.6,1021.2,  -2.9,   0.3
285008,  -1.6,   0.2,   0.8, -71.7, -28.6, 870.6,  -2.6,   0.7
285033,  -3.1,   0.9,   2.2,  24.2,-141.2,1109.9,  -2.8,   0.7
285057,  -1.6,  -3.2,   1.2, 145.3, -90.2, 962.4,  -2.9,   0.8
285085,  -3.5,   4.3,  -1.5,-258.0,-175.8,1573.0,  -3.1,   1.0
285109,  -1.6,   4.5,  -0.0,-206.2,-506.4,1002.7,  -4.5,   1.2
285133,   2.0,   4.5,  -3.8,-109.8, -99.2, 920.2,  -4.9,   0.7
285157,   3.9,   3.7,  -4.0,-364.4, -77.7, 729.2,  -3.8,   1.3
285185,   0.9,   3.2,  -1.5,-166.7, 106.1, 922.1,  -2.4,   1.4
285209,  -3.4,  -5.6,   3.8, -33.4,-141.9, 956.8,  -2.5,   1.6
285234,  -0.9,   3.5,   5.1, -41.4,  18.0,1031.7,  -2.8,   1.5
285258,   0.3,   1.8,   6.8,  26.7,  80.5,1054.0,  -2.4,   1.4
285282,  -0.2,   1.1,   8.9,-194.0, -44.0, 906.7,  -1.9,   1.9
285310,   0.6,   1.5,   7.5, -13.4,-186.1,1047.4,  -2.0,   1.8
285334,   0.3,   3.0,   7.1,-108.1,-118.7, 893.8,  -2.4,   2.1
285358,  -1.6,  -1.8,   8.1, -90.7, -29.1, 959.5,  -2.3,   2.4
285382,   0.7,  -3.8,   4.0,  93.1,  10.7,1020.5,  -2.8,   2.3
285410,   0.6,  -0.4,   2.4,-152.3,-148.0, 940.7,  -2.9,   2.5
285435,   1.5,  -7.0,   0.1,  82.6,-110.7,1052.2,  -2.5,   2.0
285459,  -4.2,  -0.3,  -0.1, -40.9,  64.6, 785.6,  -1.9,   1.8
285483,  -8.6,   3.2,   0.2, -58.8, -81.4,1235.8,  -1.5,   1.3
285511,  -4.9,  -5.3,   5.6, 331.4,-400.0, 892.8,  -2.9,   1.2
285535,   3.7,  14.9,   3.8,-442.6, -77.5, 978.0,  -3.7,   0.4
285559,   5.3,  -0.3,   4.3, -81.2, 110.5, 945.3,  -2.8,   1.1
285587,   2.5,  -2.3,   3.9, -65.4,-104.8, 969.7,  -2.8,   1.1
285611,  -1.0,  -3.3,   2.1, 370.2, -44.7,1034.7,  -3.2,   0.1
285636,  -3.8,  -1.4,   4.3,  -8.2, -96.0,1102.0,  -3.6,   0.4
285660,  -2.1,   5.5,   3.3,-139.3,   9.7, 961.7,  -3.7,   0.3
285684,   1.7,   3.6,   4.1,-196.7, 115.7,1015.1,  -3.1,   0.7
285708,   1.5,  -0.0,   4.1,-252.4, 103.5,1112.1,  -2.3,   1.2
285736,   0.3,  -6.2,   4.1, 157.1,-168.5,1128.2,  -2.7,   1.2
285760,  -2.5,   3.8,   4.4, -39.0,   7.5, 984.4,  -2.6,   0.7
285784,  -3.7,   1.1,   4.0, -12.9, -11.3,1071.0,  -3.1,   0.8
285808,  -3.3,   2.5,   3.8, -69.5,  26.5,1011.2,  -2.9,   0.9
285833,  -3.7,   0.8,   4.0, 256.9, -32.5,1106.2,  -2.8,   0.3
285861,  -1.7,   4.0,   4.4,-262.4,-212.0,1051.3,  -3.1,   1.5
285885,  -0.3,  -1.5,   3.9,  36.5, -14.0,1006.3,  -3.4,   1.3
285909,  -0.8,   3.0,   1.9, -92.5,  34.4, 891.1,  -3.4,   1.1
285933,  -1.3,   3.2,   4.2, 123.9, -51.3,1005.1,  -3.6,   0.6
285961,   1.1,  -2.1,   3.9, -50.5,  92.2, 946.8,  -3.1,   1.2
285985,  -2.1,  -1.3,   4.3, 226.4, -58.7,1012.7,  -3.2,   1.0
286009,  -1.0,  -0.7,   3.3,-130.3, -13.2,1009.8,  -3.5,   1.4
286034,  -3.7,  -8.3,   3.8, 366.8,-305.5,1156.5,  -3.7,   1.3
286058,  -3.1,   8.2,   2.1,-133.7,  11.4,1002.9,  -4.1,   1.0
286086,   0.7,  -2.3,  -0.1, 168.5, -93.6,1114.5,  -4.1,   0.7
286110,   0.1,  -0.1,   1.1, -20.9, -63.8,1265.4,  -3.7,   1.0
286134,  -3.8,  -1.7,  -1.1,-162.0,-220.3,1152.6,  -3.3,   1.2
286158,  -2.9,   1.2,  -0.1,-111.0,-175.8,1000.0,  -3.4,   1.2
286186,  -1.0,   3.3,   0.0,-154.0,-104.3, 864.5,  -3.6,   1.0
286210,  -0.3,   0.2,   0.1,  12.3, 108.8, 889.2,  -3.3,   1.1
286235,  -3.3,   0.7,  -1.2,  76.0,  49.7, 973.9,  -3.4,   0.8
286259,  -3.8,   0.3,  -0.6,-262.4,-275.7,1017.8,  -3.6,   1.5
286283,  -1.2,  -2.6,   1.6,  66.2, -88.9, 927.5,  -3.8,   1.2
286311,  -2.4,  -0.1,  -1.8,  95.3, -69.6, 901.1,  -3.4,   1.0
286335,  -1.6,  -1.2,   0.3,  57.4,  20.2,1113.3,  -3.6,   0.7
286359,   1.2,  -1.4,  -0.8,  87.2,  18.5, 963.6,  -3.2,   0.8
286383,   0.5,  -3.1,   0.1,  99.4,  11.9,1015.9,  -3.1,   1.0
286411,  -2.2,   3.5,   0.8,-149.8, -65.0, 998.8,  -2.9,   1.2
286436,  -3.7,  -1.8,   2.0,  64.8,-118.7,1064.0,  -3.1,   1.1
286460,  -1.1,  -1.0,   2.1,  80.2,-154.4,1114.7,  -3.4,   0.7
286484,   0.9,   2.9,   0.3,  57.2,  -0.6,1116.7,  -3.4,   0.8
286512,  -0.3,  -1.4,   2.2,  26.0,-112.1, 961.2,  -3.3,   1.3
286536,  -0.1,  -2.8,  -0.1, 120.9,-150.0, 969.7,  -3.6,   1.1
286560,  -0.0,  -1.5,  -2.8,   4.2, -45.2, 955.3,  -3.6,   1.0
286588,  -0.6,  -0.9,  -5.2, -19.5,  20.4, 945.8,  -3.5,   1.0
286612,  -3.1,   2.5,  -5.1,-151.8,-147.3,1059.1,  -3.5,   0.6
286637,   1.7,  -4.6,  -2.6,-293.6, -45.2,1073.2,  -4.0,   1.6
286661,   3.5,  -3.5,  -4.4, 216.4, -27.9, 842.5,  -3.6,   0.7
286685,   0.0,   0.7,  -4.8, 297.9,  29.5, 865.2,  -3.6,  -0.3
286709,   0.6,   1.7,  -3.7,-116.9,  90.0, 944.8,  -3.1,   0.2
286737,  -0.5,  -1.2,  -2.7, -50.5,-180.5, 990.0,  -3.3,   0.8
286761,  -0.5,   1.3,  -2.5,  68.2, -89.4,1013.7,  -3.4,   0.4
286785,  -1.2,   1.0,  -2.6, -70.2, -32.8,1039.3,  -3.3,   0.6
286809,   0.1,  -0.6,  -4.2, -12.6, -68.2, 907.5,  -3.4,   0.4
286834,   0.6,   1.1,  -2.7, -74.6,-136.1,1096.7,  -3.5,   0.4
286862,   2.0,  -1.8,  -3.7,-107.3,-125.8,1002.2,  -3.4,   0.9
286886,   0.8,   2.1,  -4.9, -88.8, -40.3,1052.0,  -3.4,   0.6
286910,   0.3,   0.4,  -5.1, -56.6,-148.7,1092.0,  -3.4,   0.6
286934,  -1.2,  -1.0,  -5.7,  26.9,-124.8, 953.4,  -3.4,   0.5
286962,  -3.9,  -0.1,  -5.4,  66.2,  -6.9, 879.9,  -2.8,   0.3
286986,  -0.2,  -1.6,   2.6,-206.5, -15.7,1127.9,  -3.2,   1.2
287010,   0.3,  -6.1,   2.6, 505.2,-129.5,1035.4,  -4.1,   0.3
287036,   3.1,   1.2,  -0.8,-150.8,-111.1,1059.3,  -4.3,   0.7
287060,   4.2,   2.4,  -3.9,-268.7, 111.8, 943.8,  -3.4,   1.2
287088,  -1.2,  -2.0,  -3.0, 109.7,-188.1,1069.1,  -3.6,   1.0
287112,  -1.8,   0.5,  -3.7,  58.2, -76.7,1067.4,  -3.9,   0.6
287136,  -1.8,   1.9,  -3.5,  -4.6, -16.7,1063.0,  -4.2,   0.7
287160,   0.2,   2.6,  -3.3,-167.4,  -5.4, 967.8,  -4.1,   0.8
287184,   1.6,  -0.2,  -3.6, -73.4, -45.0,1001.0,  -3.8,   1.0
287212,   0.6,  -0.3,  -3.7,   8.1, -92.8, 996.3,  -3.8,   0.9
287237,  -1.3,   1.8,  -5.2,-122.0,-158.5,1066.4,  -3.8,   0.8
287261,  -1.7,   1.0,  -0.9, -41.7,  -4.0,1318.1,  -4.0,   0.9
287285,   2.5,   3.7,  -0.0, -26.0,-185.4, 878.2,  -4.4,   0.7
287309,  -3.1,  -5.3,   1.1, -77.1,-201.5, 612.8,  -4.6,   0.9
287337,   5.1,  -7.9,   3.9, 391.9, 352.5,1301.8,  -3.6,   1.1
287361,   0.5,  -1.5,   0.8,  33.3, -85.5, 644.5,  -5.3,   1.3
287385,  -0.1,   3.9,  -3.3,-108.3, -29.6, 880.9,  -5.4,   1.1
287413,   0.9,   2.9,   1.0, -97.1,-150.0, 932.9,  -5.9,   1.0
287438,   0.3,   0.2,   0.2, -91.5,-190.0, 924.1,  -6.2,   1.4
287462,  -0.1,  -2.1,  -1.9, 133.1, -33.5,1213.6,  -6.2,   1.6
287486,  -5.5,   1.1,  -5.6,-144.5,-108.2, 813.7,  -5.6,   1.5
287510,   1.0,   4.8,  -5.0,-183.8, 118.3,1025.9,  -4.5,   1.2
287538,   1.0,  -3.4,  -3.7, -25.3, -37.9, 955.3,  -3.8,   1.1
287562,  -3.5,   1.5,  -1.1, -72.7, -34.0, 950.7,  -3.5,   1.2
287590,  -2.6,   1.1,  -0.9,   2.5, -97.7, 913.6,  -3.6,   1.2
287610,  -1.6,  -1.5,  -2.1,  -2.4,  15.6,1004.9,  -3.0,   1.1
287635,   1.0,   0.1,  -2.1, -18.2, -52.8,1085.2,  -2.8,   0.8
287663,   3.3,  -3.2,  -2.2,  34.0,  21.4,1003.7,  -2.7,   0.9
287687,   1.1,  -5.9,  -4.4,  79.2,   3.4,1004.9,  -1.9,   0.9
287711,  -1.4,  -2.0,  -2.8,  99.7, -23.7, 979.0,  -2.1,   0.5
287735,  -1.1,  -1.1,  -2.5, -62.9,  11.7, 955.8,  -2.0,   0.9
287763,  -0.1,  -4.0,  -2.6,  43.3,  22.4,1024.9,  -2.0,   1.0
287787,  -1.3,  -3.9,  -4.4, -32.4, -22.8,1001.0,  -1.6,   1.1
287811,  -1.7,   1.7,  -2.6, 252.5,-234.2,1120.8,  -2.3,   0.2
287836,   0.5,   3.2,  -3.1,-132.7, -11.3, 963.1,  -2.4,   0.7
287860,   0.1,   2.9,  -3.3, -92.2, -28.1, 972.9,  -2.0,   0.6
287888,  -1.6,  -0.7,  -2.9, -61.4,-214.7, 961.2,  -1.9,   0.9
287912,  -4.8,  -2.2,  -4.2,  52.3,-348.0,1100.8,  -2.2,   0.8
287936,  -6.0,   4.4,  -1.7, -33.6,-127.5,1032.7,  -3.2,   0.4
287960,  -4.1,   2.8,   0.0, -30.2, -98.7, 988.8,  -3.4,   0.6
287988,  -3.5,   1.1,  -3.2,-154.0,-129.7, 993.2,  -3.7,   1.2
288012,  -3.6,   0.6,  -1.1, 179.3,-182.9, 963.1,  -4.4,   0.9
288037,  -3.7,   1.5,  -0.6,   2.5,-211.7,1003.7,  -5.2,   0.9
288061,  -3.6,   3.5,  -0.6, -74.6,-285.7,1026.4,  -6.2,   0.9
288089,  -3.8,   0.8,  -4.1,  17.2,-171.2,1033.7,  -6.4,   0.9
288113,  -2.1,  -0.1,  -5.6, -21.9,-198.6,1006.8,  -6.8,   0.8
288137,   0.9,  -0.1,  -5.1,  11.3,-130.4,1004.4,  -7.1,   0.8
288161,  -0.8,  -0.1,  -3.7, -14.6,-133.6, 975.3,  -7.3,   1.0
288185,  -3.3,  -0.1,  -1.7, -18.7, -59.6,1051.0,  -7.2,   1.3
288213,  -0.6,   0.4,  -0.3,  -4.3,  -8.1,1076.2,  -6.9,   1.4
288238,   2.6,  -0.9,  -0.3,  27.4,-115.1, 857.2,  -6.6,   1.3
288262,   4.7,  -6.5,  -2.8,  40.4,  80.5,1145.0,  -5.4,   1.4
288286,   3.2,  -1.9,  -7.5,-127.1, -72.6, 919.7,  -4.5,   1.3
288310,   0.0,  -2.6,  -7.6, -44.1,  -5.4, 983.2,  -4.2,   1.2
288338,  -3.8,  -0.5,  -8.0,  78.2, -38.6, 967.8,  -3.9,   0.5
288362,  -4.3,   0.5,  -4.2,  91.1,  55.6,1108.9,  -3.7,   0.3
288386,  -2.3,   2.8,  -2.9,-174.0, -10.1,1030.5,  -3.3,   0.9
288414,   5.3,  -3.4,  -4.7,  51.6,  28.3, 934.6,  -2.7,   1.1
288439,   2.2,  -0.4,  -6.3,   5.2,  24.1, 958.7,  -2.3,   0.7
288463,  -2.2,  -0.3,  -5.5, -12.4,-110.7,1012.2,  -2.3,   0.4
288487,  -3.8,  -2.3,  -6.9,  -3.1, -76.0,1007.1,  -2.7,   0.3
288511,  -2.4,   0.2,  -8.1,-117.1, -28.9,1046.6,  -2.7,   0.3
288539,  -1.9,   0.4,  -8.8, -61.9,  19.5,1019.8,  -2.3,   0.3
288563,  -0.2,  -0.8,  -8.3, -82.0,  -8.6, 981.4,  -2.0,   0.5
288591,  -2.0,   0.1,  -7.5, -94.9, -47.2,1054.4,  -2.0,   0.6
288611,  -3.7,  -1.0,  -7.6,  -8.0, -48.6, 950.9,  -2.2,   0.5
288636,  -3.5,  -2.9,  -7.5,  47.2, -41.6,1019.3,  -2.4,   0.3
288664,  -2.9,   0.7,  -9.2,  84.8, -30.3,1020.3,  -2.1,  -0.1
288688,  -1.3,  -2.1,  -6.9,  66.7, -18.1, 957.3,  -1.9,   0.1
288712,  -1.8,   0.2,  -6.9, -67.8, -41.6,1010.7,  -2.0,   0.1
288736,  -3.9,   0.5,  -7.8, -50.0, -73.3,1024.7,  -2.2,  -0.1
288764,  -3.7,  -0.3,  -6.1,  57.9,-116.3, 998.0,  -2.6,  -0.3
288788,  -2.1,   1.0,  -1.1,-103.9, -30.1, 996.6,  -2.9,   0.1
288812,  -0.8,  -0.5,   0.7, -36.5, -21.5, 976.8,  -2.8,   0.4
288837,  -1.4,  -2.0,   0.4, -51.0,-141.4, 986.6,  -3.3,   0.7
288861,  -4.0,   0.5,  -0.6, -15.3,-166.6, 992.9,  -3.7,   0.7
288889,  -4.4,   1.0,   1.6, 114.6,-192.4, 981.7,  -4.5,   0.4
288913,  -3.8,   3.9,  -3.3,-118.6,-102.1,1018.1,  -4.9,   0.3
288937,  -3.3,   1.3,  -6.2,  15.9,-239.1,1092.8,  -5.5,   0.4
288961,  -0.2,   3.0,  -7.4,-166.7,-140.0, 978.0,  -6.1,   0.7
288989,  -0.6,  -2.3,  -3.6,  13.7, 164.7,1148.9,  -5.6,   0.8
289013,   2.6,   1.1,   4.3,-103.0,  98.3, 910.2,  -4.9,   1.4
289038,   1.0,   2.4,  10.7, -80.7,  68.3, 989.7,  -4.0,   1.8
289062,   2.3,   3.7,  11.7,-127.6, -33.0,1065.9,  -3.7,   2.2
289090,   1.9,  -1.2,  12.7, 129.5, -79.7, 968.5,  -3.6,   2.0
289114,  -0.6,   1.8,  11.6,   6.2,-111.6,1016.8,  -3.7,   1.3
289138,  -1.0,  -1.6,  10.9, -38.0, -32.8,1066.4,  -3.8,   1.6
289162,  -2.1,   1.5,   9.7, -52.2, -74.3,1027.1,  -4.0,   1.7
289186,  -0.9,   1.8,  11.0,-145.2, -79.7,1019.5,  -3.8,   2.2
289214,   0.4,  -0.3,  13.3, -31.7, -62.6, 985.1,  -3.7,   2.5
289239,   0.3,   2.1,  14.6, -79.5, -66.7, 979.2,  -3.9,   2.4
289263,  -1.4,  -1.3,  14.6,  81.4,-123.4,1028.1,  -4.2,   2.4
289287,  -0.2,   2.0,  14.6, -33.1,-139.5,1018.3,  -4.6,   2.2
289315,   1.5,   0.5,  14.7,  76.7, -95.5, 987.8,  -4.7,   1.8
289339,   1.4,   2.2,  12.1, -99.5, -72.6, 979.2,  -4.7,   2.0
289363,   2.4,  -1.0,   8.0, 156.3, -56.7,1164.8,  -4.3,   1.9
289387,   1.1,   1.3,   5.8, -23.9, 122.5, 966.5,  -3.3,   2.0
289415,   0.5,  -2.6,   6.2, 188.6, -44.0,1045.4,  -3.4,   1.3
289440,  -0.6,   1.3,   7.0, -44.8, -13.2,1054.2,  -3.1,   1.0
289464,   0.1,   2.4,   7.9, -85.1,   3.6,1013.7,  -2.7,   1.0
289488,   0.9,  -0.2,  10.2,  24.7,  29.0,1058.1,  -2.2,   1.1
289512,   3.1,  -2.0,  11.4,  53.8, -24.2,1079.8,  -2.2,   1.5
289540,   4.4,  -0.7,   8.9,  85.8,  10.2, 914.1,  -2.5,   1.2
289564,   3.1,  -0.5,   5.2,  52.8,  52.4, 954.3,  -2.1,   1.0
289592,  -1.0,   1.1,   6.1, -48.0, -82.6, 938.2,  -2.2,   1.0
289612,   0.5,   1.6,   7.3,-105.9,  33.1, 939.7,  -2.2,   1.2
289637,  -3.0,   1.3,   7.4,  11.5, -11.1, 985.1,  -2.3,   1.3
289665,  -1.7,  -0.4,   8.1, -69.7,  -7.4, 944.6,  -2.1,   1.6
289689,  -1.8,   1.1,   6.1,  33.0, -86.0,1034.7,  -2.4,   1.5
289713,  -4.2,   1.2,   3.9, 134.4, -82.8, 936.8,  -3.0,   1.2
289737,  -2.1,   3.4,   3.8, -78.8,  -2.7,1023.9,  -3.1,   1.0
289765,  -0.6,   0.3,   3.0, -67.8, -52.8,1025.1,  -3.1,   1.0
289789,  -1.7,  -0.4,   0.4, -16.0, -50.6,1023.4,  -3.1,   0.8
289813,   0.3,  -2.1,   1.6,  36.9,  43.9, 979.2,  -3.0,   0.6
289838,  -1.1,   0.3,   2.4,  52.8,   7.5,1029.0,  -2.7,   0.3
289862,  -2.3,   1.7,   4.1, -47.0,  54.6, 965.6,  -2.0,   0.7
289890,   0.5,   1.0,   4.1, -24.1, -74.8, 939.9,  -1.8,   0.8
289914,  -1.3,  -1.6,   3.9,  96.5, -87.5,1037.4,  -1.6,   0.9
289938,   0.1,   0.8,   1.2, -29.7, -16.9, 957.3,  -1.7,   1.0
289962,   1.1,  -1.0,  -3.1,  -0.2, -25.9, 940.4,  -1.9,   0.9
289990,  -3.9,  -0.8,  -6.1, 101.4,   9.5, 948.5,  -1.3,   0.6
290014,  -1.2,   8.2,  -7.2,-276.5,-158.8,1074.0,  -1.5,   0.2
290039,  -1.6, -13.6,  -2.6, 339.7, -17.2,1217.3,  -2.2,   0.6
290063,   3.1,   0.8,  -6.9,  23.5,  59.5, 959.5,  -2.2,   0.1
290091,  -3.5,  -3.2,  -9.4,   9.6,  -4.7, 851.8,  -2.3,  -0.0
290115,  -1.7,   0.5,  -7.6,  27.7,  -6.2,1070.8,  -2.5,  -0.8
290139,  -3.9,  -1.0,  -6.7, 167.8,-151.7,1053.2,  -2.9,  -0.9
290163,  -1.1,   0.8,  -5.3, -82.7, -34.0,1002.7,  -3.1,  -0.6
290187,  -3.9,   1.5,   0.3,   3.5,-105.8, 874.8,  -3.6,  -0.6
290215,  -5.2,  -0.7,  -2.2, -77.3,-206.6,1081.8,  -4.1,   0.2
290240,  -0.4,   1.5,  -2.0, -19.9,-160.5, 953.6,  -4.8,   0.2
290264,  -0.4,   3.7,  -1.1,-119.1,-194.4,1044.2,  -5.1,   0.3
290288,  -1.9,   9.3,   0.9,-429.6,-215.2, 776.6,  -5.1,   0.7
290316,   0.8,   2.1,   3.9, -53.6, -39.6, 994.1,  -4.5,   0.9
290340,   0.0,  -1.8,  -1.4, -49.2, -10.8,1019.8,  -4.0,   1.3
290364,   0.5,  -1.9,  -5.3, 135.8,  85.9,1041.3,  -3.7,   1.0
290388,  -2.0,   0.1,  -8.3,  58.9,   6.5, 979.7,  -3.4,   0.5
290416,  -1.3,  -0.8,  -8.3, 114.3, -29.8, 858.2,  -3.5,   0.2
290441,  -1.7,  -0.9,  -8.0,  -9.9, 139.8, 926.8,  -2.8,   0.3
290465,  -2.8,   1.0,  -5.3,-334.6,-137.3,1083.5,  -2.4,   0.9
290489,   2.5,  -8.7,   2.1, 582.1,-196.6,1067.4,  -3.3,   0.5
290513,   6.2,   5.1,  -0.8,-128.3, 140.8, 934.1,  -3.6,   0.3
290541,   7.7,   1.0,  -0.1,-129.6, 103.7,1098.1,  -2.2,   0.5
290565,   0.8,  -1.9,  -0.9, -97.8, -39.6,1063.0,  -1.4,   0.9
290593,  -2.9,  -0.7,  -1.3,-103.4,-143.9,1077.1,  -1.5,   1.0
290613,  -3.4,  -2.4,  -3.4, 179.5,  -1.5,1019.5,  -1.7,   0.6
290638,   0.3,   0.4,  -1.4,  61.4,  92.2,1030.3,  -1.8,   0.5
290666,  -0.2,   3.2,  -2.3,-245.8, 114.7, 989.3,  -1.3,   1.0
290690,   3.3,  -0.3,  -1.7,  96.0,  23.9, 993.6,  -1.4,   1.1
290714,   0.4,  -0.8,  -3.1,  21.1, -14.0, 904.8,  -1.7,   0.9
290738,  -1.7,  -1.0,  -2.0,  72.3,  24.6, 992.9,  -1.6,   1.0
290766,   1.0,  -4.5,  -4.2, 139.2,   4.6,1033.4,  -1.5,   0.9
290790,   2.5,   4.4,  -5.8,  -4.3, -29.8,1022.2,  -1.2,   0.7
290814,   0.5,  -0.2,  -6.6,-165.7,  12.6, 919.7,  -0.7,   0.9
290839,  -3.9,  -8.1,  -3.7, 151.0,-262.8,1182.1,  -0.7,   1.2
290863,  -1.6,   6.8,  -3.2,   2.8,-115.1, 785.6,  -1.7,   0.2
290891,   1.4,   1.3,  -4.5,-144.5, 109.1, 918.2,  -1.0,   0.8
290915,  -0.5,  -1.3,  -5.5, -80.2,  11.2,1040.5,  -0.3,   0.9
290939,  -3.8,  -0.4,  -4.7,   7.6,-148.7, 942.9,  -0.6,   1.0
290963,  -3.6,  -1.4,  -3.7,  56.5, -66.2,1088.4,  -1.2,   0.7
290991,  -2.8,   1.5,  -6.7,  16.7,  37.8, 851.1,  -1.7,   0.5
291015,  -1.8,  -3.2,  -7.0, 141.2, -14.0,1049.8,  -1.9,   0.3
291040,  -3.6,   0.4,  -9.8, -72.7,-125.3, 941.9,  -2.1,   0.6
291064,  -5.1,  -0.3,  -3.0, -20.9,-318.4,1051.8,  -3.4,   0.6
291092,  -4.2,   5.6,  -3.1,-113.9,-180.5,1098.1,  -3.7,   0.9
291116,  -4.2,   3.9,  -3.8,-164.7,-257.4, 960.0,  -4.5,   1.2
291140,  -3.6,   1.5,  -5.5,  56.5,-232.0,1025.4,  -5.3,   0.8
291164,  -3.8,  -1.0, -13.0,  23.3,-137.3,1148.2,  -6.2,   0.7
291188,  -4.5,  -1.5, -15.0, -30.0,-151.2, 986.1,  -6.5,   0.7
291216,  -8.3,  -3.2, -13.0, 290.1,-213.2, 991.9,  -7.0,   0.1
291241,  -3.6,   8.4, -11.4,-196.5, -22.5,1022.7,  -7.4,   0.2
291265,   2.5,   2.2, -13.2,-174.5,-170.5,1085.0,  -7.4,   1.0
291289,   6.1,   2.2,  -4.1,   5.0, 382.7, 907.7,  -6.5,   1.3
291317,   4.7,   2.2,   6.2,  48.7, 138.6, 886.0,  -4.8,   0.9
291341,  -0.0,  -7.9,   4.2,  24.2,   4.3,1209.5,  -3.3,   2.0
291365,   2.6,   5.2,   0.0,-309.3,-333.3,1007.8,  -4.2,   1.7
291389,  -0.8,  -2.6,  -3.1,  -8.2,-176.3, 996.1,  -4.6,   1.1
291417,  -0.7,   2.6,  -5.6,-117.6,  21.9, 942.4,  -4.6,   0.9
291442,   2.2,  -0.1,  -7.2, -98.1,  83.7,1012.7,  -4.1,   1.2
291466,   1.4,  -1.2,  -8.4, -91.0, -31.1,1002.2,  -3.6,   1.5
291490,   0.5,  -6.1,  -8.9, 214.4, -98.0,1073.2,  -3.5,   1.3
291514,   0.8,  -0.4,  -9.6,-103.0, -42.5, 953.1,  -3.1,   1.2
291542,   2.5,  -0.9,  -5.4,-103.2,  95.6, 930.9,  -2.6,   1.2
291566,  -1.3,  -1.3,  -5.3,   1.3, -32.5,1044.9,  -2.4,   1.1
291594,  -0.6,  -0.8,  -7.3, -62.7, -96.3, 954.1,  -2.5,   1.2
291614,   0.6,  -2.8,  -7.1, 132.6, -40.1, 988.8,  -2.5,   0.6
291639,   1.6,   4.7,  -7.6, -59.7, -16.4, 991.5,  -2.6,  -0.1
291667,   1.2,  -7.2,  -5.6, 166.6,-257.6,1279.8,  -2.5,   0.8
291691,   1.9,   1.4, -12.5, -16.3,-197.1, 845.7,  -3.4,   0.6
291715,   1.4,  -0.9, -12.4,  47.0, 130.1, 929.9,  -2.7,   0.1
291739,   0.8,  -1.5, -12.1,  35.7,  -0.3, 998.0,  -2.4,  -0.0
291767,  -0.1,  -0.1,  -9.1, -23.1, -66.5,1084.5,  -2.5,   0.1
291791,  -4.1,   0.4,  -1.1,  12.0,-349.4, 984.6,  -3.2,   0.2
291815,  -3.4,   1.3,  -3.7, -37.8, -71.6,1026.6,  -3.8,   0.4
291841,  -2.4,   2.7,  -4.2, -12.1,-274.5,1022.9,  -4.7,   0.4
291865,  -0.6,   0.8,  -6.0, -11.9,-326.2,1016.1,  -5.6,   0.0
291889,  -1.1,   2.9,  -7.1,-155.7,-208.1, 993.6,  -6.6,   0.1
291917,  -1.6,  -4.0,  -9.7, 100.2, -87.0,1010.0,  -6.8,   0.3
291941,  -1.8,  -0.6,  -8.6,  71.6, -70.1, 961.9,  -6.9,   0.0
291965,   0.1,   2.2,  -6.7,  -6.8, -36.9,1054.7,  -7.0,   0.1
291989,  -0.6,  -3.8,  -5.5, 127.3, -99.2, 940.4,  -6.9,   0.4
292017,   0.0,   6.4,  -7.5,-238.9,-134.8, 974.9,  -6.9,   0.4
292042,   0.1,  -0.9,  -4.6, -67.1,-251.8,1013.2,  -7.1,   0.5
292066,   0.6,  -0.1,  -3.6, -37.3,-154.1, 999.5,  -7.4,   0.7
292094,   1.5,  -2.5,  -7.4, -78.0, -35.2,1040.5,  -7.3,   0.7
292114,   0.5,  -0.7,  -7.6,-134.4,-192.0, 962.4,  -7.1,   0.7
292142,   0.3,  -0.1,  -3.9,  34.5,-162.7,1082.3,  -7.7,   0.2
292166,  -1.4,   1.6,   0.5, -37.0,-114.3,1029.8,  -7.7,   0.4
292190,  -3.7,   0.8,  -0.3,   9.6, -96.5,1018.1,  -7.7,   0.7
292218,  -0.5,   0.7,  -0.1,   2.8,-165.6,1030.0,  -7.7,   0.7
292243,   1.4,   1.3,  -0.0, -11.6,-189.8, 930.2,  -8.0,   0.6
292267,  -0.8,   0.8,  -1.7, -14.3,-152.9, 989.0,  -8.3,   0.7
292291,  -2.7,  -0.5,  -0.1, -15.3, -78.2,1011.0,  -8.2,   0.7
292315,   0.2,   0.9,  -1.2, -31.4,-111.9,1012.4,  -8.0,   0.8
292343,  -0.8,   1.5,   1.0, -44.1, -81.6,1009.0,  -7.8,   1.0
292367,   0.1,  -0.4,   0.2, -33.6, -91.4, 994.1,  -7.5,   1.0
292391,  -1.3,   0.8,   0.2, -41.9, -90.2,1023.2,  -7.3,   1.0
292415,  -2.3,  -0.3,   0.1, -25.3,-104.6,1012.4,  -7.1,   1.1
292440,  -1.7,  -0.4,   0.2,   8.9, -91.4,1012.2,  -7.1,   1.0
292468,  -0.2,  -0.7,  -0.4,  -4.8, -71.6,1005.1,  -6.8,   0.9
292492,  -1.0,   0.8,  -0.1, -28.7, -71.6,1006.1,  -6.6,   0.9
292516,  -0.7,  -0.9,   0.8, -26.3, -69.9, 995.1,  -6.3,   1.0
292540,   0.2,   0.7,   0.3, -10.4, -57.2,1017.3,  -6.0,   0.9
292568,   1.1,  -0.1,   0.5, -34.8, -46.0, 933.6,  -5.7,   0.9
292596,   0.2,  -1.1,   0.1, -31.2, -34.2, 987.3,  -5.6,   0.9
292616,  -0.6,   0.3,   0.0, -54.6, -38.6,1012.7,  -5.2,   0.9
292641,  -0.8,  -0.4,   0.8, -28.7, -20.8,1012.2,  -4.6,   0.8
292665,  -2.1,  -1.5,   1.0,  12.8, -54.8,1011.7,  -4.2,   0.8
292693,  -2.4,  -0.1,   3.0, -44.1, -52.1, 985.8,  -4.0,   0.8
292717,  -1.0,  -0.3,   3.4,  32.5,  -0.8,1039.1,  -3.7,   0.7
292741,  -0.2,   0.1,   1.3,  -6.8, -49.9, 996.1,  -3.4,   0.6
292765,   0.3,  -0.3,   1.8,  27.2, -36.9,1008.8,  -3.2,   0.5
292793,   0.1,  -0.3,  -0.6,   4.7, -31.3, 993.2,  -3.0,   0.3
292817,  -1.0,   0.1,  -2.8,  28.9,  -8.9,1013.4,  -2.8,   0.1
292842,  -0.1,  -0.7,  -1.9, -18.7, -23.0,1007.8,  -2.5,   0.2
292866,  -1.7,   1.1,  -2.8, -21.7, -32.5, 995.6,  -2.4,   0.2
292890,  -2.0,   1.3,   0.4, -35.6, -48.4,1000.7,  -2.3,   0.3
292918,  -1.3,   1.4,   1.8, -47.3, -33.8,1005.1,  -2.2,   0.5
292942,  -0.8,   1.8,   4.1, -13.8, -63.8,1003.2,  -2.2,   0.7
292966,  -0.2,  -0.0,   3.8, -50.5, -35.7, 992.9,  -2.2,   0.8
292990,   0.8,  -0.9,  -0.1,  20.1, -77.0,1013.2,  -2.3,   0.8
293018,   0.8,   1.0,  -0.0,  12.3, -36.4,1007.6,  -2.4,   0.5
293043,  -1.8,  -0.1,   0.5,   6.7, -28.6, 996.3,  -2.3,   0.4
293067,  -2.7,  -0.5,   1.1,  15.9, -16.7, 998.5,  -2.2,   0.4
293095,  -1.1,   1.3,   2.9,  -8.5, -39.4,1004.1,  -2.1,   0.4
293115,  -0.2,   0.9,   2.3, -16.5, -39.4,1009.3,  -2.1,   0.5
293143,   0.5,   0.5,   3.9, -23.1, -23.7,1004.9,  -2.0,   0.7
293167,   0.1,   0.4,   4.3, -15.1, -23.3,1004.1,  -1.8,   0.8
293191,   0.8,   1.0,   4.2, -27.8, -41.3,1009.3,  -1.8,   0.9
293219,   0.9,   0.2,   4.3, -10.9,  -6.7,1021.0,  -1.7,   1.0
293244,   1.9,  -0.6,   4.1, -35.6,  19.2, 992.7,  -1.3,   1.0
293268,  -0.7,   1.2,   4.2, -25.3,   7.7,1007.1,  -1.0,   1.1
293292,   0.7,   0.4,   3.9, -40.0,   4.1,1004.1,  -0.8,   1.2
293316,  -0.3,   0.3,   5.9, -26.8,   2.4, 986.3,  -0.6,   1.3
293344,   0.8,   0.2,   8.1, -39.2,  19.0, 992.7,  -0.3,   1.4
293368,  -0.8,   0.7,   9.8, -11.6,  25.8, 987.1,  -0.1,   1.4
293392,  -0.6,   1.5,  11.2, -43.1,  31.7, 972.7,   0.2,   1.5
293416,  -1.3,   1.6,  12.7, -33.4,  33.4, 998.3,   0.4,   1.7
293441,  -3.6,   2.8,  13.3, -55.6,  49.3, 985.6,   0.7,   1.8
293469,  -1.4,   4.7,  16.6,-274.1,  66.6, 951.2,   1.1,   2.1
293493,  -3.1,  -1.4,  16.3, 104.6, -99.4,1104.5,   0.7,   1.9
293517,   1.4,   2.5,  11.7, -55.8,-108.5,1005.1,  -0.2,   1.8
293541,   2.6,  -0.2,   9.8, 106.5, -26.2, 946.8,  -0.6,   1.5
293569,   2.7,  -0.7,   3.9,   5.9,  27.5, 971.7,  -0.3,   1.1
293597,  -3.6,   2.7,   2.7, -97.3, -64.0, 968.0,  -0.4,   1.2
293617,  -0.2,  -1.0,   3.9, -64.4, -35.0, 955.3,  -0.3,   1.1
293642,  -1.6,  -0.9,   4.3,  15.0,  53.6,1045.2,   0.1,   0.9
293666,   0.1,   1.5,   7.7,   0.3,  83.2, 972.9,   0.7,   0.9
293694,  -0.7,   1.6,  11.3,  23.0,  14.1,1021.0,   1.0,   1.0
293718,  -2.2,   0.1,  12.9,  60.1, -47.7,1037.1,   0.8,   1.2
293742,  -1.1,   2.7,  12.4, -91.2, -70.6, 999.0,   0.4,   1.3
293766,  -3.4,   4.0,  10.4, -25.8,-203.4,1015.1,  -0.4,   1.1
293794,  -3.8,  -0.0,   4.4, 135.8,-252.3, 989.5,  -1.5,   0.7
293818,  -0.9,   1.1,  -0.3,  -2.9, -19.1, 958.2,  -2.2,   0.6
293843,   0.6,  -3.2,  -6.2,  21.1,  72.4, 960.9,  -1.8,   0.4
293867,   2.9,  -2.9,  -2.2, -37.5, 253.6,1001.0,  -0.6,   0.3
293891,   0.0,  -4.2,   1.9,  17.7, -80.6,1076.7,  -0.3,   0.0
293919,  -3.1,   0.6,   3.7, -76.6,  68.5,1012.0,   0.0,   0.5
293943,  -3.7,   0.5,   4.1, -76.1,  72.2, 973.1,   0.4,   0.6
293967,  -4.4,  -0.6,   4.3,  87.5, -21.1, 968.0,   0.7,   0.4
293991,  -3.6,   0.7,   4.0,   8.4, -73.8, 987.3,   0.4,   0.3
294019,  -4.2,  -0.0,   0.4, 130.4,-146.8,1006.6,  -0.2,  -0.1
294044,  -1.1,   2.6,  -0.1, -41.9, -40.1, 979.7,  -0.5,   0.0
294068,  -1.1,  -0.3,  -2.0,  10.6,  82.9, 900.9,  -0.3,   0.1
294096,  -1.8,   0.5,  -1.8, -60.0,  -2.5,1019.8,  -0.2,   0.1
294116,  -2.3,   2.1,  -1.9, -36.3,  87.6, 960.4,  -0.2,  -0.1
294144,  -3.8,  -0.0,  -0.3,  38.6,  79.8, 963.9,   0.2,   0.2
294168,  -3.6,  -5.2,   0.7, 194.7,  30.5,1198.7,   0.3,   0.4
294192,  -2.2,  -2.9,   0.8, 132.9,-133.4, 999.8,  -0.8,   0.4
294220,   2.3,  -0.8,  -2.9,  46.7, 136.4, 978.0,  -0.8,   0.3
294245,  -0.8,  -0.9,  -4.4, -63.9,  -1.8, 772.7,  -0.4,   0.4
294269,  -2.1,  -0.5,  -2.5,-167.2, -41.6, 894.0,  -0.5,   0.6
294293,  -2.3,  -7.6,  -1.9, 214.7,-171.0,1059.6,  -1.5,   0.3
294317,  -3.8,  -0.3,   1.0,  27.7,-133.9, 995.6,  -2.2,   0.4
294345,  -1.1,   3.1,  -1.1,-230.9, -35.5, 938.2,  -2.1,   0.6
294369,  -2.7,   0.5,   0.9, -56.8,-316.7, 926.8,  -2.9,   0.7
294393,  -3.8,   1.7,   0.3,  37.9,-182.7,1015.1,  -4.0,   0.6
294417,  -3.9,   1.8,  -0.1,  75.5,-231.5,1045.4,  -5.0,   0.5
294442,  -2.0,   2.7,  -3.6,  10.3,-188.1, 957.3,  -5.8,   0.2
294470,  -3.1,   1.3, -10.3,  -2.6,-143.6,1029.0,  -6.4,   0.5
294494,  -3.0,   1.8, -11.2,   1.8,-206.9,1029.5,  -7.0,   0.3
294518,  -1.0,  -1.5,  -7.1,  20.6,-119.0, 989.0,  -7.3,   0.1
294542,  -1.8,   0.9,  -5.5,   8.9, -72.8,1069.6,  -7.2,   0.1
294570,  -0.7,   1.0,  -1.0, -28.2, -52.6, 988.5,  -7.0,   0.3
294598,   1.4,   4.3,  -4.6, -40.5,  14.3,1024.2,  -6.9,   0.5
294618,   2.3,   4.0,  -5.3,-260.4,  61.7, 984.9,  -5.9,   1.1
294643,   1.9,  -2.1,  -5.6,   2.8,  52.9, 993.6,  -4.9,   0.6
294667,  -1.3,  -3.2,  -4.8,  70.6,  22.6,1054.7,  -4.2,   0.4
294695,  -3.8,   2.4,  -3.6, -99.3,-101.9,1004.1,  -4.2,   0.4
294719,   1.0,  -1.8,  -2.5,-203.0, -99.9,1014.2,  -4.9,   0.9
294743,   2.0,  -2.2,  -4.7,  13.7,  71.0, 949.0,  -4.0,   1.0
294767,   3.3,  -0.8,  -6.0, -57.3, 129.8, 895.3,  -2.6,   0.8
294795,   1.8,   2.4,  -7.3,-134.0, -44.5, 919.9,  -2.1,   0.5
294819,   0.8,  -6.6,  -6.5, 149.2, -76.7,1072.0,  -2.3,   0.5
294844,   0.5,  -1.3,  -7.6,  32.5, -14.5,1044.2,  -2.6,   0.3
294868,  -0.5,  -2.1,  -8.7, 120.4,  19.5, 919.4,  -2.5,   0.2
294892,   0.5,  -1.1,  -8.1, -19.9,   0.7,1014.9,  -2.1,   0.1
294920,  -1.0,   2.4,  -8.9,  30.6,-137.5,1055.4,  -2.2,  -0.2
294944,  -0.6,  -2.0,  -9.6, -99.0, -66.5,1029.3,  -2.1,  -0.0
294968,  -1.9,  -1.0, -10.7,-112.2,-116.3, 960.0,  -2.6,  -0.0
294992,   0.0,  -1.8,  -9.1, 126.3,  32.9, 955.8,  -2.4,  -0.3
295020,   2.3,  -1.8,  -3.2, -40.2,  13.6,1003.4,  -1.5,  -0.1
295045,   0.5,  -0.9,  -3.4,-168.6,-132.9,1020.3,  -1.4,   0.5
295069,  -1.0,  -0.8,  -4.2, -40.2,  -0.3, 990.5,  -1.4,   0.6
295097,  -3.5,   1.8,  -5.8, -17.3,-150.7, 993.2,  -1.5,   0.7
295121,  -1.4,   5.1,  -7.1,  45.5, -75.0,1060.5,  -2.4,  -0.3
295145,  -0.6,   1.3,  -9.4,  -3.3,  68.1, 869.9,  -1.8,   0.0
295169,  -4.0,  -0.3,  -8.5,  75.0, 267.3,1147.7,  -0.2,   0.3
295193,  -4.0,  -0.6,  -1.7,-198.2, -12.5, 899.2,  -0.4,   1.2
295221,  -0.8,  -1.2,   0.3, 308.2, -33.5, 934.8,  -1.0,   0.1
295246,  -1.1,   0.9,  -0.6,  13.7,  61.7,1004.9,  -0.5,   0.5
295270,   0.4,   4.0,   0.9,-233.3, 134.5, 980.2,  -0.0,   1.1
295294,   0.6,  -5.9,   4.3, 101.4, -75.5,1007.6,  -0.1,   1.5
295318,  -1.5,  -1.2,   0.9, 183.9,-143.9, 929.4,  -0.8,   1.0
295346,  -3.4,   0.2,  -1.5, -63.2,-127.7, 913.6,  -1.3,   0.8
295370,  -2.6,   1.6,  -1.5, 189.8,-138.5, 911.4,  -2.1,   0.4
295394,  -0.9,   1.5,   1.4, -44.1, 198.9, 931.1,  -2.0,   0.9
295418,  -0.2,   0.3,   4.2,  26.0, -82.6,1063.0,  -1.7,   1.2
295443,  -3.2,  -4.0,   2.8, 233.5,-135.1, 983.6,  -2.2,   1.5
295471,  -3.8,  11.3,   4.3, -38.0,-202.5, 920.9,  -4.0,   0.7
295495,  -3.6,   2.7,   4.0,  66.0,-135.3, 989.0,  -4.6,   0.7
295519,  -2.7,   9.2,   0.0,-290.9,-161.0,1002.0,  -5.2,   0.9
295543,  -1.1,  -1.5,  -5.0,  60.9,-289.9,1018.3,  -6.1,   0.8
295571,   1.6,   0.4,  -7.3, -40.2,-153.1, 926.5,  -6.6,   0.4
295599,  -0.7,   3.0,  -3.2, -27.8,-144.6, 953.9,  -6.8,   0.5
295619,  -0.9,   1.8,   0.4,-176.4, -52.6, 918.7,  -6.7,   1.2
295644,  -2.3,  -0.9,   3.0,  21.1,-133.4,1098.1,  -6.8,   1.7
295668,  -0.4,  -0.7,   1.0,   7.4,-234.9,1149.7,  -7.2,   1.8
295696,   0.5,  -0.9,  -6.6,  29.1,-253.2,1113.5,  -7.8,   1.8
295720,  -1.5,  -2.0,  -9.3, 131.4,-130.7, 986.6,  -8.3,   1.3
295744,  -0.2,   0.7,  -7.0, -80.5, -99.2, 990.2,  -8.2,   1.2
295768,  -0.5,   0.5,  -5.0, -18.0,-199.0,1015.1,  -8.5,   1.1
295796,  -0.6,  -1.0,  -5.1, -26.5,-107.5,1014.6,  -8.6,   1.5
295820,  -0.2,  -1.2,  -4.8, 117.0, -79.7,1048.1,  -8.6,   1.1
295845,  -2.7,   1.9,  -3.6, -40.2, -72.3, 986.3,  -8.3,   1.0
295869,   1.9,   3.3,  -1.4, -34.8,  87.3,1027.8,  -7.4,   1.0
295893,   0.1,  -0.7,  -2.5,  55.7, -15.4,1038.3,  -6.6,   1.1
295921,   1.9,  -0.0,  -5.9, -41.7, -30.1, 978.5,  -6.0,   1.1
295945,   0.2,  -2.1, -10.5,  -9.7, -61.8, 962.6,  -5.8,   1.1
295969,  -0.3,  -3.6, -12.4,  51.6, -33.3,1015.1,  -5.6,   1.0
295993,   1.7,  -3.7, -15.3, -85.9,   9.9, 984.1,  -5.2,   1.0
296021,  -0.5,  -6.1, -12.7,  66.2, -56.9,1043.0,  -4.6,   0.8
296046,   0.8,  -0.9,  -8.3, -71.2, -58.7,1005.9,  -4.4,   0.7
296070,   1.6,   0.3,  -5.9,-116.4, -19.4,1026.4,  -4.0,   0.7
296098,   2.1,  -2.5,  -3.5, -20.9,  55.8, 944.6,  -3.7,   0.6
296122,   1.6,  -3.7,  -2.7,  21.8, -40.1, 981.7,  -3.5,   0.5
296146,  -3.8,  -3.7,  -2.9,  63.8,  -8.4, 962.6,  -3.2,   0.4
296170,  -3.8,   2.1,  -2.2,  66.7,-105.3,1148.9,  -3.4,  -0.2
296194,  -3.9,   2.7,   2.3, -82.0,-302.1,1028.1,  -3.9,   0.4
296222,  -2.8,   0.1,  -3.7,-179.1, -61.8, 905.0,  -4.8,   1.0
296247,   1.1,  -3.8,  -2.7, 417.3, -28.6,1050.3,  -4.7,   0.3
296271,   1.1,   2.9,   0.6,-146.7,  31.7, 907.7,  -4.1,   0.3
296295,  -0.1,  -1.8,   4.6, -71.2, -77.9, 991.9,  -3.9,   0.8
296319,  -3.0,   1.4,   6.6, -42.4, -95.3, 998.5,  -4.0,   1.1
296347,  -3.8,   2.6,   7.0, -32.2, -91.4,1006.3,  -4.2,   1.2
296371,  -1.7,   2.1,   6.2,   9.6,-111.4, 998.8,  -4.4,   1.0
296395,  -0.1,   2.2,   4.0, -18.7, -88.4,1015.4,  -4.6,   1.0
296419,   0.5,   1.0,   5.5, -52.4, -99.4, 983.9,  -4.8,   1.3
296444,   0.2,   1.0,   6.9, -74.6, -78.7, 991.7,  -4.8,   1.6
296472,  -0.2,   0.8,   7.7, -19.2, -58.4,1028.6,  -4.7,   1.9
296496,  -0.2,  -0.7,   8.5, -20.4, -26.7, 995.8,  -4.5,   2.1
296520,  -1.6,  -0.1,  10.2, -15.5, -42.1, 984.4,  -4.2,   2.2
296544,  -0.3,   0.5,  11.1, -34.3, -34.2, 980.7,  -4.1,   2.1
296572,  -0.5,   1.3,  12.9, -19.9, -69.4, 991.7,  -3.9,   2.0
296600,   1.2,   0.1,   9.7, -86.6,  -1.8,1000.2,  -3.7,   2.0
296620,  -0.8,  -0.9,   8.2,  14.2, -74.5,1037.4,  -3.5,   1.6
296646,   0.3,  -0.2,   6.6,  15.5, -14.0, 944.3,  -3.2,   1.3
296670,   0.6,   0.4,   4.1, -81.0,  14.6,1042.2,  -2.9,   1.1
296694,   2.3,  -0.7,   6.8, -30.2, -12.3, 998.3,  -2.5,   0.9
296722,   2.0,   0.5,  11.1, -34.3,  26.1,1064.9,  -2.1,   0.9
296746,   0.5,   1.5,  13.5, -39.7,  10.7, 970.2,  -1.8,   1.1
296770,   0.1,  -0.6,  12.4, -35.1, -98.7,1033.4,  -1.6,   1.3
296794,   0.5,  -0.3,  11.4,  13.7, -34.0, 994.6,  -1.7,   1.2
296822,   0.1,  -0.3,  10.2, 145.6,   7.5,1003.7,  -1.8,   0.9
296847,   1.1,   1.6,   9.9,  76.2,   4.6, 999.0,  -1.7,   0.6
296871,  -1.7,   6.5,   9.9, -80.0,   4.8, 932.4,  -1.5,   0.6
296895,  -1.0,   7.7,  14.0,-401.0,  15.8, 977.8,  -1.4,   1.3
296919,   0.1,  -1.3,  11.7,  96.5,-175.1,1244.1,  -2.0,   1.4
296947,   2.3,   1.9,   7.3,-105.1, -75.0, 989.5,  -2.5,   1.6
296971,   2.0,  -0.1,   4.0,   0.6,  63.7,1009.3,  -2.4,   1.0
296995,  -1.0,  -1.7,   4.3,  36.7,  24.1, 985.6,  -1.9,   1.2
297023,  -0.3,  -0.2,   4.1,  15.2,   5.3,1065.7,  -2.0,   0.9
297048,  -2.1,   0.9,   4.1, -10.2,   2.4, 973.9,  -1.9,   0.8
297072,  -0.4,  -0.6,   4.1,  -2.9,  13.9, 964.6,  -1.6,   0.6
297100,  -1.3,   1.1,   3.9,  47.4,  -4.2, 931.9,  -1.5,   0.6
297120,  -0.5,   1.6,   4.4, -14.1,  55.8, 962.9,  -1.4,   0.5
297148,  -1.6,   1.5,   4.1,  33.5, -47.2,1032.5,  -1.4,   0.4
297172,  -0.9,  -2.3,   4.1,  65.5, -55.5,1058.6,  -1.5,   0.5
297196,  -0.5,   2.1,   3.3,-128.1,   3.8, 945.8,  -1.5,   0.6
297220,  -1.0,   1.3,   0.8,  11.5, -33.8, 945.3,  -1.5,   0.5
297245,   1.4,   1.0,   2.2, -63.9, -44.3,1021.2,  -1.4,   0.7
297273,   0.5,  -0.7,   4.3, -75.6, -39.4,1064.9,  -1.3,   0.7
297297,  -3.6,   1.1,   7.7,  -3.1, -27.7, 956.3,  -1.2,   0.9
297321,  -2.4,   2.6,   7.5,-110.0, -35.5, 989.3,  -1.4,   1.3
297345,  -2.2,  -1.0,   8.7,  64.8,-118.5,1055.4,  -1.6,   1.3
297373,  -2.0,   4.6,   9.4,-177.4,-115.8, 919.2,  -2.1,   1.4
297397,  -3.9,  -1.6,  10.2,  49.9, -39.6, 965.1,  -2.3,   1.6
297421,  -3.9,   1.5,   9.0,  52.3, -27.2, 973.1,  -2.5,   1.9
297446,  -3.6,  -0.4,  10.5,-114.2, -84.5,1085.7,  -2.6,   2.4
297470,  -3.0,  -0.9,  10.7, -82.0,-234.2,1047.1,  -3.4,   2.5
297498,  -0.8,  -2.6,   8.2,  84.3, -23.0, 982.9,  -3.5,   2.2
297522,  -2.4,   2.3,   5.7, -30.4, -40.1, 966.1,  -3.2,   1.6
297546,  -1.1,   1.9,   3.9, -23.6,  22.4,1043.5,  -2.8,   1.4
297570,   0.4,  -0.0,   4.1,  -4.6, -36.7,1061.3,  -2.7,   1.2
297598,  -3.6,   1.6,   2.0,  -8.7, -24.2,1033.2,  -2.7,   1.2
297622,  -2.4,  -0.3,   4.2,  -1.6,  -4.5, 972.7,  -2.6,   1.3
297647,  -2.3,  -0.7,   4.1,  -4.8, -85.8,1052.2,  -2.6,   1.5
297671,   0.4,   0.5,   4.2,-138.4, -28.1, 986.6,  -2.5,   1.6
297695,   1.1,   1.2,   4.4, -19.2, -56.7,1032.2,  -2.1,   1.5
297723,   2.2,   1.0,   7.2, -66.1,-102.4, 924.8,  -2.1,   1.5
297747,   1.1,   1.9,   5.8, -54.9, -40.3,1039.3,  -2.1,   1.3
297771,  -0.6,  -2.1,   4.1,  99.7, -82.1,1040.0,  -2.3,   1.2
297795,   0.0,   0.8,   2.1, -29.2, -35.2, 898.4,  -2.3,   1.0
297823,  -1.2,  -0.1,   2.5, -30.4,-102.4,1036.6,  -2.1,   0.8
297848,  -0.2,  -1.0,   4.1, -93.7,  79.0, 966.1,  -2.1,   1.0
297872,  -4.1,  -0.6,   6.2, -38.5, -44.5, 947.8,  -1.8,   1.2
297896,  -3.5,   5.0,   8.5,-322.9,  25.1,1038.8,  -1.7,   1.7
297920,  -1.8,  -3.9,   8.2,  29.6,-298.6,1305.7,  -2.3,   2.0
297948,   1.8,  -0.2,   6.8,   1.5,  46.8,1012.0,  -2.7,   1.6
297972,   0.3,  -4.6,   4.7,  76.2,-126.3,1114.7,  -2.4,   1.4
297996,  -2.8,   3.9,   4.2,   1.3,-109.9, 990.0,  -2.5,   1.1
298024,  -0.6,  -0.9,   4.1, -72.2,  30.5,1042.7,  -2.3,   1.4
298049,   1.7,  -0.4,   0.8,  29.4, 219.7, 877.7,  -2.1,   1.3
298073,  -3.5,  -3.9,  -2.3, 136.1,-128.0, 999.3,  -1.9,   1.1
298101,  -3.8,  -4.3,  -2.0,  20.3, -78.4, 978.8,  -2.1,   0.9
298121,  -1.5,   2.9,  -1.2,  46.2, -13.7,1180.4,  -2.4,   0.7
298149,   1.9,   0.1,   0.5,  59.2,  70.7,1000.7,  -2.3,   0.8
298173,   0.6,   1.7,   0.3, -41.7,  34.6,1043.2,  -1.7,   0.5
298197,   1.7,  -1.7,   4.7,  -6.3, -73.6, 978.3,  -1.3,   0.7
298221,  -1.6,   2.8,   4.2,  58.2,  -9.6,1012.2,  -1.6,   0.6
298246,  -2.2,   0.2,   3.9, 105.5, -18.1, 940.9,  -1.7,   0.5
298274,  -3.4,   0.4,   5.8, 124.6,  84.9, 924.3,  -1.4,   0.6
298298,  -2.9,  -2.4,   9.2, -85.1,-201.2,1198.7,  -1.8,   1.2
298322,   1.1,  -3.3,   6.1, 200.8, -21.3, 866.0,  -2.2,   1.2
298346,   0.3,   3.4,   6.0,  36.2, 151.1, 964.8,  -2.1,   0.9
298374,  -3.3,   7.4,   8.8,-377.6, -56.9, 867.7,  -1.9,   1.8
298398,  -4.4,   1.9,  10.9, 123.9,-241.5,1014.2,  -3.0,   1.3
298422,  -1.9,   4.6,   4.3,-128.8,-151.9,1032.0,  -4.1,   1.6
298447,   0.1,  -0.9,   1.8,  11.5, -51.8, 959.5,  -4.6,   1.8
298471,   1.1,   1.6,  -3.4, 175.4,  41.0, 974.1,  -4.4,   1.3
298499,  -0.4,  -8.1,  -4.4,  67.7, -83.3, 977.0,  -3.6,   1.6
298523,   3.4,  -2.7,  -0.4,   6.9, -57.2,1076.7,  -3.5,   1.0
298547,   2.2,   3.3,   2.9,-122.5,  92.0,1031.0,  -2.9,   0.8
298571,  -1.7,   1.6,   4.7,-176.9,  16.3, 954.3,  -2.0,   1.1
298599,   1.1,   2.6,   9.3, -89.0,-108.5, 909.2,  -2.0,   1.3
298623,  -0.2,   3.5,   8.0, -12.6,-122.4,1023.4,  -2.1,   1.3
298648,   0.2,   6.0,   4.0,  81.9,  29.5, 783.9,  -1.2,   0.8
298672,   0.5,   1.7,   6.9,-156.4, -83.8, 973.9,  -1.6,   1.7
298696,   3.3,  -3.2,   4.0, 311.4,  18.2,1070.1,  -2.6,   1.2
298724,   1.5,  -0.4,   2.8,-201.8, 193.3,1050.0,  -2.1,   1.8
298748,  -2.7,  -0.5,   4.2,-192.3, -20.1,1051.5,  -1.9,   2.5
298772,  -3.8,   4.7,   6.1, -36.8,-200.3,1001.5,  -2.5,   2.0
298796,  -4.0,  -1.7,   4.1,  10.3,-110.2,1173.6,  -3.4,   1.8
298824,   0.1,   0.2,   4.1,  67.2,-152.2,1156.7,  -3.5,   2.4
298849,   1.1,   5.1,   1.9,-102.7, -64.8, 897.7,  -3.1,   2.3
298873,  -1.5,  -7.2,   1.2,-148.1,   0.2, 998.3,  -2.6,   2.5
298897,   0.6,  -6.6,   0.7, 203.4,-192.7,1076.7,  -3.3,   2.0
298921,   0.3,  -1.6,  -2.4, -52.2, -38.2,1014.9,  -3.7,   1.8
298949,   4.4,  -0.7,  -4.9,  85.3, 167.4, 923.3,  -3.1,   1.5
298973,   3.5,  -3.9,  -4.7,-122.5, 176.4,1006.1,  -2.4,   1.8
298997,   0.2,  -5.0,  -4.8, 149.7, -74.8, 811.3,  -2.2,   0.9
299025,  -3.6,  13.1,  -3.9,-619.1, -42.8,1113.8,  -1.7,   0.4
299050,  -3.1,  -6.7,   1.4, 297.2,-178.8,1097.4,  -2.3,   0.3
299074,   2.7,   3.2,  -2.4,  38.6, 109.3,1084.7,  -2.6,  -0.2
299102,  -0.8,  -6.2,  -3.9, 215.2,  -6.4,1010.5,  -2.6,  -0.7
299122,  -4.1,   2.1,  -2.5, 356.5,-360.2,1201.9,  -3.1,  -1.3
299150,   0.4,  -3.4,  -2.4,-100.5, -15.9,1056.9,  -3.5,  -0.4
299174,  -3.8,  -0.4,  -1.5,   9.8,-119.4,1008.5,  -3.3,   0.0
299198,  -3.5,   1.6,  -2.8,-175.0,-181.2,1056.9,  -3.5,   0.2
299222,  -2.0,  -1.5,  -0.4,-245.5, -79.9, 924.3,  -3.3,   0.6
299247,  -1.3,   6.6,  -1.5, -90.7,-102.8,1008.8,  -3.7,   0.4
299275,  -3.0,   2.9,  -3.0, -49.2,-133.1, 857.2,  -4.2,   0.3
299299,   3.3,  -2.1,  -5.7,  68.4, 204.0,1056.1,  -3.8,   0.4
299323,  -3.6,   0.7,  -8.4, -25.3, -26.9, 852.8,  -4.0,   0.2
299347,  -3.2,  -1.4,  -8.2,   3.7,  11.9, 929.4,  -3.7,   0.3
299375,  -3.5,  -0.3,  -6.5,  49.6,-156.6,1150.6,  -3.9,   0.2
299399,   1.6,  -1.4,  -6.2, 202.0,  17.3,1038.3,  -4.4,  -0.0
299423,   1.4,   2.3,  -6.7,-150.1, -25.9, 972.4,  -3.8,   0.1
299448,   0.1,  -1.8,  -6.5,-118.1, 135.7,1047.6,  -3.0,   0.4
299472,  -3.8,  -2.5,  -3.9, 300.4,-294.7,1036.4,  -3.2,  -0.2
299500,  -3.1,  -1.7,  -3.9, -72.7, -78.2,1066.9,  -3.8,   0.1
299524,  -3.0,   2.8,  -5.0,-142.0, -55.7, 998.3,  -3.7,   0.1
299548,  -1.1,  -2.9,  -2.4,  -4.3, -88.4, 932.6,  -3.6,   0.4
299572,  -3.3,  -0.1,   0.3, -23.6,-183.4,1123.5,  -3.6,   0.7
299600,  -3.7,   3.5,  -0.8,-188.6,-190.2, 952.4,  -3.9,   0.9
299624,  -3.6,  -6.0,  -2.3, 170.2,-152.9,1019.8,  -4.4,   1.0
299649,   1.9,  -1.0,  -6.9,-136.6,  22.6, 934.8,  -4.5,   0.9
299673,   1.7,   0.4,  -9.1,  19.4, -62.6,1001.0,  -4.6,   0.9
299697,  -4.2,  -3.7,  -8.6,  20.1,   1.6, 922.8,  -4.2,   1.0
299725,  -3.8,   5.3,  -7.6,  52.1,   0.4, 976.1,  -4.4,   0.1
299749,  -3.8,  -1.7,  -2.1,-238.2,-198.3,1136.0,  -3.9,   1.1
299773,  -0.8,  -4.8,   0.2,  15.0,-189.8,1027.1,  -4.7,   1.3
299797,   5.0,  -3.7,  -3.6,  60.6, -47.4, 975.3,  -4.9,   1.0
299825,   0.8,  -4.0,  -5.1,-202.8, 139.3, 915.3,  -3.6,   1.3
299850,  -3.8,   1.6,  -3.6,  53.5,-263.5, 997.6,  -4.1,   0.4
299874,   1.2,  -1.3,  -3.9,  49.1, -39.9,1038.1,  -4.2,   0.6
299898,   1.9,   5.2,  -4.3,-254.3,  21.2, 930.7,  -4.0,   1.0
299926,   0.5,  -0.4,  -4.5, -68.5,  -9.3,1001.7,  -3.4,   1.2
299950,  -0.8,  -0.3,  -4.0, -80.7, -62.6, 964.8,  -3.3,   1.0
299974,  -0.3,   0.5,  -5.7,  57.7, -45.2,1054.0,  -3.4,   0.7
299998,   0.8,   0.5,  -3.3, -82.0,  42.9, 934.6,  -3.4,   0.9
300026,  -2.8,   1.3,  -4.2,-103.0,-109.7,1059.8,  -3.1,   1.0
300051,  -0.5,  -1.0,  -3.6,  47.2,-167.5,1078.6,  -3.2,   0.8
300075,   2.3,   1.4,  -0.8,-115.6, -49.4, 924.1,  -3.2,   1.1
300103,   0.1,   1.0,  -1.5,  60.6,  99.5, 993.9,  -3.0,   1.0
300123,  -1.7,   0.8,  -0.9,-189.1,   5.6, 821.5,  -2.3,   1.4
300151,   0.6,  -2.4,   3.5, -49.7,-220.0,1047.4,  -2.9,   1.8
300175,   2.6,  -0.7,   0.3,  24.2, -25.5, 961.2,  -3.7,   1.7
300199,   1.7,   0.1,  -2.3, -64.4, 107.6, 892.6,  -3.1,   1.4
300223,  -0.1,   2.5,  -4.1,  69.7, -63.1,1039.1,  -2.5,   0.9
300248,  -1.4,  -3.5,  -0.0, -57.3,-106.3,1052.7,  -2.7,   1.3
300276,  -0.0,   2.1,   0.9,-211.8, -79.4, 959.0,  -2.6,   1.6
300300,  -1.2,  -1.6,   4.4,  31.8,-103.1,1047.4,  -2.5,   1.5
300324,  -0.5,   2.2,   4.4,-238.0,-155.1, 951.9,  -2.4,   1.9
300348,  -1.8,  -1.5,   4.2, 146.6, -86.7,1129.9,  -2.7,   1.3
300376,   0.4,   2.6,   4.3,  11.1, -62.3, 951.4,  -2.9,   1.3
300400,   3.4,  -0.3,   4.1,-121.8, 147.4, 953.1,  -2.6,   1.7
300424,   1.2,  -0.7,   5.8, 155.1, -20.3, 949.0,  -2.4,   1.7
300449,   2.3,   2.1,   3.9,-105.6,-220.8,1106.0,  -2.8,   1.8
300473,  -0.5,   0.5,   2.0,-150.3, -89.2,1163.8,  -2.6,   2.1
300501,  -0.1,  -2.9,   2.3, 258.4, 116.1,1015.4,  -2.1,   1.6
300525,  -0.0,  10.5,   2.4,-537.8, 172.1, 924.8,  -1.6,   2.1
300549,   1.9,  -8.8,   7.5, 250.8,   1.2, 954.1,  -2.2,   2.2
300573,   1.8,   2.8,   5.4, -48.3,  99.3, 864.5,  -2.0,   1.8
300601,  -1.0,  -1.2,   4.3,  10.1,   9.0, 972.2,  -1.9,   1.7
300625,  -1.5,   0.4,   5.5, -91.7,  89.3, 935.5,  -1.6,   2.0
300650,  -3.5,   3.5,   6.5,  83.1,-142.4,1067.4,  -2.4,   1.0
300674,  -2.5,   4.0,   4.4,-124.2, -89.7,1042.5,  -2.6,   1.2
300698,   0.6,   3.2,   4.3,-104.7,   5.6, 968.7,  -2.2,   1.2
300726,  -0.3,   0.5,   4.4, 101.9,-115.3, 951.7,  -1.8,   1.4
300750,  -0.6,  -0.0,   4.1,   5.9, -67.7, 987.3,  -2.1,   1.4
300774,  -3.5,   1.5,   4.2, -21.4, -50.8, 997.6,  -2.2,   1.4
300798,  -2.3,  -0.7,   4.0,  66.7, -99.9, 926.5,  -2.6,   1.2
300826,  -1.6,  -0.4,   4.1,-132.2, -85.8, 979.2,  -2.5,   1.8
300851,  -1.1,   0.4,   4.1,-223.3, -38.4,1009.8,  -2.6,   1.8
300875,  -3.9,  -1.3,   1.8,  67.9, -93.6, 940.9,  -2.5,   1.4
300899,  -7.1,   3.2,   2.4,  13.7,  15.6, 922.6,  -2.2,   0.9
300927,  -4.1,   2.4,   4.0,-491.1,-329.2,1040.8,  -3.2,   2.0
300951,   0.2,  -2.8,   1.1, 295.2,-286.0,1113.5,  -4.0,   0.6
300975,   3.3,  -0.1,  -2.2,  40.4, 238.2, 935.1,  -3.0,   0.6
300999,  -0.5,   1.3,  -4.2,-260.4, 137.6, 995.1,  -1.9,   1.2
301027,  -9.4,  -7.8,  -2.7, 506.7,-274.5,1097.2,  -2.2,   0.8
301052,  -4.7,   5.2,  -2.6,-184.7, -46.5,1179.7,  -3.6,   0.5
301076,   0.4,   7.1,   0.2, -74.1,   8.0, 944.6,  -3.8,   0.4
301104,  -0.9,  -2.3,  -2.3, -21.9,  49.0, 942.4,  -3.7,   0.3
301124,  -0.3,  -2.0,  -0.1,  70.6, -36.0, 956.5,  -3.7,   0.5
301152,  -2.9,  -0.6,  -0.1, 114.6,-138.7,1118.9,  -3.8,   0.4
301176,  -1.7,   4.1,  -0.4,-104.2,-140.9,1040.8,  -4.6,   0.4
301200,  -2.1,  -2.6,  -0.8,  51.1,-208.1, 988.5,  -4.9,   0.3
301224,  -0.0,   1.5,  -3.8,-216.5, 143.2, 916.5,  -4.2,   0.6
301249,  -0.5,   2.5,  -4.4,-138.1,-141.7,1011.0,  -4.1,   0.8
301277,   3.0,  -2.6,  -4.4, 146.6, -24.7, 937.5,  -4.3,   0.5
301301,  -3.6,   2.1,  -6.0,  41.1, -62.6,1085.4,  -3.9,   0.2
301325,  -1.1,   3.6,  -4.5,-274.1,-240.3, 998.3,  -4.3,   1.0
301349,   0.3,  -0.9,  -2.9, 143.6,-141.2,1041.3,  -4.6,   0.5
301377,   0.1,   0.4,  -6.3,-165.9, 142.3,1040.5,  -3.8,   0.6
301401,  -0.9,  -2.8,  -4.7, -37.5, -26.4, 928.7,  -3.2,   1.0
301425,  -3.5,  -4.3,  -2.6, 325.3,-150.0,1103.8,  -3.5,   0.3
301451,  -2.3,   2.1,  -1.4,-148.6,  69.8,1013.4,  -3.8,   0.7
301475,  -0.4,  -1.2,  -0.4, -17.5,  20.7,1029.0,  -3.6,   0.8
301499,  -1.3,   1.3,  -1.2,-101.0, -28.4, 969.7,  -3.3,   0.9
301527,  -1.7,  -0.3,  -2.3,  58.2, -79.2, 987.5,  -3.3,   0.8
301551,  -0.2,   2.0,  -2.0, -29.0, -60.9, 919.9,  -3.7,   0.6
301575,  -0.6,  -0.4,  -1.7, -53.4,  30.9, 909.2,  -3.5,   1.0
301603,  -1.3,   0.9,  -2.2,  -4.8, -98.5,1050.5,  -3.5,   1.0
301627,   0.0,  -0.4,  -2.9, -12.4,-122.9,1005.9,  -3.5,   1.2
301652,  -2.1,  -1.4,  -5.3, -73.2,-113.1,1124.0,  -3.8,   1.2
301676,  -1.2,  -2.9,  -6.2,  64.8, -84.0, 943.4,  -3.7,   0.9
301700,   1.2,  -0.3,  -5.4,-206.2,-156.6,1046.4,  -3.9,   1.2
301724,   2.0,  -6.7,  -2.9, 374.1, -54.5, 927.0,  -4.4,   0.7
301752,   2.0,   2.6,  -4.3,-259.0, 155.2, 895.5,  -3.8,   0.9
301776,  -0.3,  -2.9,  -2.3, -12.6,  67.8, 917.0,  -3.0,   1.0
301800,  -3.9,  -1.9,   0.8,   3.5,  64.4, 921.4,  -2.8,   1.3
301824,  -4.2,   5.8,   3.6,-161.1,-114.8, 882.1,  -3.3,   0.9
301853,  -0.6,   8.6,   4.3,-154.2, 107.1, 914.8,  -3.3,   1.1
301877,  -2.0,  -6.5,   2.1,  83.6,  -7.1,1087.2,  -3.0,   1.4
301901,  -2.7,   1.5,   1.0,-146.7,  27.8, 882.6,  -2.8,   1.6
301925,  -1.6,   4.3,  -0.4, -40.9,-247.4,1004.1,  -3.1,   1.5
301953,  -3.5,  -0.1,  -2.1, -27.8,-168.8,1081.1,  -3.4,   1.4
301977,  -2.7,   2.2,  -2.9, -83.2, -20.3, 948.2,  -3.3,   1.5
302001,  -3.9,  -1.5,  -1.7, -50.0, -90.2,1005.1,  -3.1,   1.7
302025,  -1.3,   0.7,  -0.4,-124.2, -74.3, 989.5,  -3.2,   1.6
302050,  -3.7,  -4.0,   0.5, 192.7, -34.5,1047.4,  -3.3,   1.2
302101,  -3.9,   0.2,  -0.9,  43.8, -58.9, 958.2,  -3.1,   1.2
302105,  -3.8,   1.6,  -0.3, -56.1, -30.3, 947.5,  -3.1,   1.2
302125,  -4.2,   4.6,   0.5, -74.4, 117.6, 858.2,  -2.7,   1.0
302153,  -3.4,  -3.6,   3.9, 196.6,-146.5,1213.4,  -2.8,   1.4
302177,  -2.2,  -0.2,   1.3,  41.3,-191.0, 896.2,  -3.5,   1.3
302201,   1.3,   1.1,  -3.1, -43.4,  66.1, 953.4,  -3.2,   1.0
302225,  -3.0,   0.6,  -2.3,  33.0,-120.7, 983.6,  -2.8,   0.8
302250,  -0.5,  -2.4,  -0.0, -85.9,  11.4,1071.0,  -3.0,   1.1
302278,  -0.8,   0.1,   1.4,-129.3, -39.1, 973.1,  -3.0,   1.1
302302,  -2.2,  -0.9,  -0.1,  51.8,-122.4,1085.4,  -3.0,   1.1
302326,  -4.0,   2.6,   1.8, -89.5,-174.6,1035.6,  -2.9,   1.2
302350,  -3.8,   1.0,   0.4,  24.2,-103.3,1116.5,  -3.2,   0.8
302378,  -2.1,  -1.0,  -1.9,  31.1, -84.0,1024.9,  -3.2,   0.9
302402,  -1.8,  -0.8,  -2.3,  78.4,  -0.3,1015.9,  -3.2,   0.7
302426,  -3.0,  -0.8,  -2.3,  65.3, -14.2,1100.6,  -3.2,   0.8
302451,  -3.5,   0.2,  -1.5,-149.6,-101.1, 982.2,  -3.5,   1.0
302475,  -3.5,  -4.4,  -2.3, 103.8,  35.1, 895.0,  -3.2,   0.8
302503,  -2.8,   1.7,  -1.5,  -6.0, -47.7, 962.2,  -3.2,   0.5
302527,  -0.3,  -1.5,   2.0, -84.9,-160.7,1236.8,  -3.5,   1.1
302551,   3.8,   0.8,  -0.9,  21.1, -56.0, 971.2,  -4.0,   0.6
302575,   2.8,   6.2,  -2.6,-193.8,  31.7,1121.6,  -3.5,   0.3
302603,   2.2,   1.7,   4.4,-190.4, -43.8, 975.6,  -3.4,   0.5
302627,   2.6,   1.1,   4.0,-113.7,-151.9,1085.0,  -2.8,   1.2
302652,   1.0,  -4.3,   2.2, 157.1, -28.4, 970.2,  -2.4,   1.5
302676,  -1.3,   4.0,   1.1,-137.6,-119.9, 931.4,  -2.7,   1.2
302700,  -0.9,   0.4,   0.2,  98.7, -59.6, 870.8,  -2.8,   1.0
302728,   1.2,   0.7,  -2.2,-163.3, -49.9, 913.3,  -2.7,   1.2
302752,   3.9,  -1.0,  -1.5, 175.9, -49.9,1186.5,  -2.7,   1.2
302776,   2.8,  -1.7,  -0.3,-184.5, -67.9, 951.2,  -2.2,   1.7
302804,   4.0,  -1.8,   0.3,  43.3,   9.5,1027.8,  -2.2,   1.5
302828,   2.8,   1.8,  -1.5,  48.2, 146.9, 851.1,  -2.0,   1.1
302853,  -4.2,   1.0,  -0.8, 162.9, 130.8, 727.3,  -1.0,   0.7
302877,  -2.9,  -0.1,   3.8,-191.3,-182.4,1185.1,  -1.4,   1.5
302901,   0.0,   1.5,   2.5,  91.1, -15.7, 940.7,  -1.9,   1.1
302929,  -4.2,  -3.0,   0.5,  73.3, -28.1,1079.6,  -1.4,   1.1
302953,  -1.3,  -1.0,   2.1,  23.8, -31.1,1100.8,  -1.9,   0.9
302977,  -0.1,   2.6,   0.1,   8.6, -47.4, 935.8,  -1.9,   0.9
303001,  -1.7,   1.5,   1.8, -37.0, -61.1,1083.2,  -1.6,   1.1
303029,  -0.3,  -1.4,   4.2,-100.3,-143.9,1073.0,  -2.0,   1.3
303054,  -0.3,   3.0,   3.9,-108.6, -35.7, 996.3,  -1.9,   1.4
303078,  -3.7,  -0.5,   0.3,  57.9,-187.1,1040.5,  -2.1,   1.1
303106,  -2.4,  -0.1,  -1.0, -33.1,-186.8,1112.5,  -2.3,   1.1
303126,  -0.5,  -1.7,  -0.4, 133.1, -14.2,1172.6,  -2.4,   0.7
303154,  -3.9,  -2.1,  -0.9,  68.4, -80.6, 961.2,  -2.1,   1.0
303178,  -3.5,  -5.4,   4.1,  20.1,-283.8,1235.8,  -2.7,   1.2
303202,  -1.4,   1.3,  -0.3, 227.1,-167.1, 924.6,  -3.0,   0.7
303226,  -0.8,  -3.6,  -3.1,-120.0, -10.1,1059.8,  -2.9,   1.0
303251,  -1.2,  12.4,  -0.2,  20.1,-226.6, 987.1,  -3.3,  -0.3
303279,   1.7,  -2.5,   0.1, -75.6, -64.5,1159.7,  -3.2,   0.8
303303,   2.3,   2.2,   1.0,-394.5,  39.7, 947.5,  -2.6,   1.5
303327,  -1.9,  -4.5,   2.3, 284.5,-119.4,1053.7,  -2.8,   1.0
303351,  -1.2,   0.7,  -0.1, -95.1,-114.1, 957.0,  -3.3,   0.9
303379,  -0.6,  -2.1,   2.2, 234.9,-102.8,1174.3,  -3.7,   0.4
303403,  -0.9,  -1.5,  -0.2,-197.2,-170.7, 874.5,  -3.2,   1.3
303427,   1.2,  -7.7,   1.8, 136.1, -97.0,1102.8,  -2.6,   1.5
303452,   1.2,   3.1,   2.4,-130.3,  23.1, 763.7,  -2.7,   1.5
303476,  -3.4,   3.8,  -0.4, -71.0, 139.3, 914.5,  -2.5,   1.2
303504,   0.9,   2.4,   2.7,-217.7, -37.7, 895.3,  -3.1,   2.0
303528,   5.4,   3.1,  -1.1, -65.1, -25.2, 850.6,  -3.4,   1.4
303552,   1.7,  -6.5,  -3.9,  99.4, 230.9,1081.1,  -2.3,   1.3
303576,   4.7,  13.2,  -1.5,-341.7,-239.6, 878.9,  -3.0,   0.8
303604,   2.8,   0.8,   2.5,-191.8,-167.8,1081.1,  -3.0,   1.0
303628,   0.8,  -2.2,   1.0, -88.1, -69.2,1075.9,  -2.9,   1.1
303653,   1.1,  -2.0,   0.2, 152.7,   7.0,1011.2,  -2.8,   1.0
303677,   1.3,  -4.6,  -0.8, 202.7, -29.6,1004.4,  -2.9,   0.7
303701,  -1.0,  -2.1,  -2.2, 159.5, -59.1,1218.3,  -2.6,   0.6
303729,   0.7,  -4.8,  -3.8, 176.1,  62.9, 962.9,  -2.8,   1.0
303753,   2.2,  -7.3,  -5.3, 235.4, -68.7,1046.1,  -3.1,   0.6
303777,  -0.7,  -2.7,  -6.1, 291.1,  29.5, 830.8,  -2.5,   0.4
303805,  -3.8,   3.9,  -4.8, -99.8,-110.9,1356.7,  -2.6,  -0.2
303829,   0.3,  -4.2,  -0.1,  63.1, -33.0, 888.7,  -3.1,   0.7
303854,   2.6,   0.1,  -4.5, 132.6,  43.9, 903.1,  -3.2,  -0.1
303878,   1.4,  -4.5,  -5.6,   4.0,  60.5, 905.0,  -2.6,   0.5
303902,  -2.6,   3.9,  -5.3,-154.7,-137.5, 972.9,  -3.3,   0.0
303930,  -0.2,   6.6,  -6.0,-112.7, -65.7, 929.7,  -3.5,  -0.2
303954,  -2.6,  -0.6,  -5.8,  -9.2,  58.3, 982.4,  -3.3,   0.3
303978,   2.5,   1.4,  -5.0, -38.3,  -3.7, 948.0,  -3.1,   0.3
304002,   1.2,   3.4,  -5.1,-174.2,  13.6,1008.8,  -3.2,   0.6
304030,  -3.4,   0.2,  -5.6,  57.7,-216.6,1185.8,  -3.1,   0.6
304055,  -1.3,   2.9,  -6.9,-214.0, -99.4,1019.3,  -3.6,   0.5
304079,  -3.8,   0.1,  -7.3,   0.6,  47.1,1124.8,  -3.0,   0.4
304107,  -3.6,  -0.7,  -5.9, 107.3, -74.5,1009.0,  -3.1,   0.2
304127,  -3.5,   2.1,  -6.3, -80.0,  58.8, 850.8,  -2.5,   0.3
304155,  -5.2,   6.1,  -5.7,-172.3,-140.2,1349.9,  -2.2,  -0.0
304179,  -5.6,  -1.4,  -0.5,-290.5,-315.5, 923.8,  -2.9,   1.6
304203,  -2.1,   4.2,  -3.7, -30.0, -51.3, 949.9,  -3.5,   0.3
304227,  -2.4,  -0.6,  -3.4,-148.1, -54.5, 965.6,  -3.3,   0.3
304252,   1.5,  -8.3,  -1.3,  97.5, 161.1,1093.5,  -2.8,   1.0
304280,  -3.2,  -3.7,  -2.0, -24.3,-159.5,1034.2,  -3.0,   1.0
304304,  -2.9,  -0.9,  -6.3,  15.0, -56.0,1125.2,  -3.1,   1.0
304328,  -3.9,  -2.1,  -7.6, -54.4,-108.2,1069.3,  -3.2,   0.7
304352,  -1.9,   1.9,  -6.9, -13.4,  41.2, 998.5,  -2.9,   0.3
304380,  -3.0,  -3.3,  -5.2,  75.0, -29.6,1157.2,  -2.7,   1.0
304404,  -2.6,   3.3,  -6.1,-191.8,-138.5, 934.1,  -3.2,   1.2
304428,  -2.3,  -3.4,  -4.9, 181.0, -14.7,1050.5,  -3.1,   0.7
304453,  -3.6,  -2.7,  -4.7,  83.1,  -0.3, 836.4,  -2.9,   0.7
304477,  -4.9,  -4.3,   0.7,-318.8,-370.9,1249.5,  -3.2,   1.1
304505,   1.4,   1.1,  -0.0,  42.8,-283.3, 874.5,  -4.0,   0.8
304529,   0.5,   2.3,   0.4, -67.3, 127.4,1092.8,  -3.8,   0.3
304553,   3.1,  -3.1,  -0.1,  64.3,-118.7,1051.3,  -3.4,   0.7
304577,  -2.5,   9.6,   0.8,-284.1, 150.8, 724.1,  -3.0,   1.3
304605,  -3.2,   3.4,  -2.2,-244.8,-191.5, 985.8,  -3.2,   1.6
304629,  -4.6,  -3.2,  -1.5,  13.3, 104.7, 988.3,  -3.3,   1.7
304654,  -4.4,  -2.0,  -3.4, 137.3,-211.2, 930.4,  -4.0,   1.4
304678,   0.5,  -1.5,  -2.3,  30.8,  12.1, 875.0,  -3.7,   1.6
304702,   3.3,  -5.0,  -3.5,  25.7,  18.5, 962.9,  -3.9,   1.5
304730,   5.9,   3.4,   0.2, -75.4, 183.8, 905.8,  -3.4,   1.4
304754,   2.9,  -8.0,   1.2, 219.8,-126.8,1156.0,  -3.5,   1.2
304778,   1.7,   3.7,   1.8, -23.9, -10.8, 852.8,  -2.9,   0.9
304806,  -2.2,   7.7,   3.3,-446.0, -86.2,1202.1,  -1.8,   1.1
304830,   0.1,  -4.6,   4.3,  52.3,-399.0,1167.7,  -2.5,   1.6
304855,   1.1,  10.7,   4.2, -92.2,-105.8, 951.9,  -2.8,   0.5
304879,  -1.0,   0.7,   4.3,-135.4,  28.0,1132.6,  -2.4,   1.2
304903,  -4.1,  -3.2,   3.9, 116.8,-159.0,1092.0,  -2.5,   1.5
304931,   0.5,  -2.4,   2.0, 207.6, -35.2,1032.5,  -2.8,   1.3
304955,  -0.7,   2.4,   0.1,-114.2, -78.2,1012.4,  -3.2,   1.6
304979,  -0.9,  -2.1,  -1.5, 133.6,-113.1,1050.8,  -3.5,   1.2
305003,  -3.6,   4.4,   0.7,-160.8,-102.6, 908.9,  -3.4,   1.3
305031,   0.3,   0.7,   0.7,-106.1,-103.1, 919.4,  -3.2,   1.4
305056,   0.3,   1.2,   3.4, -22.6, -32.0,1005.4,  -3.6,   1.3
305080,  -1.6,   1.9,   2.7, -74.4, -81.9,1027.1,  -3.6,   1.2
305108,  -1.9,   1.4,   4.2, -41.4,   5.3, 941.6,  -3.6,   1.2
305128,  -6.6,   5.5,   4.2,-109.3,-310.6,1477.3,  -3.4,   1.0
305156,  -0.8, -11.6,   5.8, 595.8,   5.6,1142.1,  -4.3,   1.5
305180,   2.5,   6.4,   4.3, 251.8, -11.5, 986.1,  -5.0,   0.6
305204,  -1.4,   6.1,   4.0,-205.5, -85.3,1156.0,  -4.7,   1.2
305228,   1.4,  -3.4,   4.3,-223.8,-109.9, 708.0,  -4.2,   2.5
305253,  -2.7,  -2.3,  -1.4,  78.4, -93.3,1079.8,  -4.2,   2.1
305281,  -4.0,   1.4,  -3.2,-117.1,-187.1, 977.5,  -5.2,   2.1
305305,  -3.9,  -5.4,  -3.9, 138.3,-152.2,1046.1,  -5.5,   1.8
305329,  -0.6,  -4.3,  -4.5, 132.6, -32.0,1127.9,  -5.1,   1.4
305353,   4.1,   3.0,  -2.1,-328.0,  36.3, 874.3,  -4.4,   2.2
305381,   2.2,   9.9,  -0.7,-217.0, -68.2, 910.4,  -4.0,   1.8
305405,  -0.8,  -7.2,   3.6, 129.7,-197.6,1103.8,  -3.9,   1.9
305429,   0.5,   4.3,   3.9,-171.3, -86.5, 901.1,  -4.1,   1.9
305454,   1.4,   1.5,   1.3,  -2.1, -17.6, 877.7,  -4.0,   1.6
305478,   1.9,  -4.3,  -0.4, 100.9, 142.0,1007.3,  -3.3,   1.4
305506,   1.9,   0.3,   0.6,-210.9,-109.4, 951.9,  -3.1,   1.7
305530,  -1.5,  -8.4,  -0.2, 237.4, -47.7, 961.7,  -3.0,   1.8
305554,  -1.4,  -1.0,  -2.5, -80.2, -23.0, 980.0,  -3.2,   1.4
305578,   2.3,   0.5,  -0.7,-138.8, -39.1,1049.8,  -3.5,   1.3
305606,   5.2,  -0.1,   0.5, -89.8, 100.5, 957.3,  -3.2,   1.4
305630,   0.4,  -4.3,  -0.4,  89.9,  28.3, 883.8,  -2.6,   1.5
305655,  -1.5,  -2.3,  -0.1, -28.0,-171.5,1001.0,  -3.0,   1.5
305679,  -3.3,  -0.2,   0.2,  73.1, -47.7, 998.0,  -3.2,   1.1
305707,  -0.8,  -1.5,  -1.5, -10.7,-223.7,1137.2,  -3.4,   0.9
305731,   1.2,   4.0,  -2.3,-243.6,  40.0, 916.7,  -2.8,   1.2
305755,  -0.9,  -0.6,  -2.8, -49.5,-233.2,1100.8,  -2.6,   1.0
305779,  -0.4,  -0.9,  -0.5,  -5.3,-131.4, 979.7,  -2.7,   1.1
305807,  -3.8,   0.7,   0.8, -76.6, -44.7,1035.9,  -2.7,   0.9
305831,  -2.0,  -0.5,   0.2,  52.3, -40.3, 960.7,  -2.7,   0.9
305856,   2.0,   0.4,  -0.1,-135.7,-190.5, 980.2,  -3.3,   1.2
305880,   2.5,  -4.3,  -1.6, 217.6,  -2.3, 884.3,  -2.9,   0.8
305904,   0.1,   6.0,  -1.4, 251.8,  -0.1, 990.2,  -3.0,  -0.0
305932,  -1.1,  -0.3,  -0.0,  23.0,  38.8,1014.2,  -2.6,   0.8
305956,  -0.5,  -0.3,   0.0,-241.9, -66.5, 998.5,  -2.4,   1.3
305980,  -5.3,  -1.3,  -0.1, -21.9,-184.6, 981.9,  -2.4,   1.1
306004,  -3.7,   1.9,   0.1,  14.0,-146.1,1103.0,  -2.7,   1.0
306032,  -0.2,  -1.5,   0.2, -40.5, -11.1,1018.1,  -2.7,   0.9
306057,  -0.9,  -0.2,  -1.3,  30.8,   0.9,1016.4,  -2.7,   0.9
306081,   0.3,   0.5,  -1.4,  16.7, -10.6,1063.5,  -2.5,   0.8
306109,   0.4,  -4.3,   1.8, 218.8, -18.9,1048.3,  -2.4,   0.4
306129,  -0.3,   0.4,  -1.6,  52.8, -28.1,1047.8,  -2.8,   0.3
306157,   0.8,  -2.3,  -1.9,  42.8, -70.1, 968.7,  -2.9,   0.5
306181,  -2.1,  -1.0,  -1.4,  30.8,   8.7, 950.7,  -2.5,   0.5
306205,  -2.1,   2.5,  -1.4, 166.8,  75.9, 853.5,  -2.3,  -0.1
306229,  -0.2,   2.0,   2.0,-441.8, -28.9, 910.2,  -2.8,   1.3
306255,  -0.4,  -8.4,  -0.8, 248.9, -94.5, 966.8,  -3.2,   0.6
306279,  -3.3,   9.5,  -2.2, 211.5,-150.5, 993.2,  -2.7,  -0.7
306307,  -0.3,  -1.7,   3.6, -26.8, -50.1,1109.9,  -2.6,   0.4
306331,  -1.0,   3.5,   1.7, -80.5, -84.8, 885.3,  -2.2,   0.4
306355,  -1.6,  -0.0,   2.4,  13.7,  -2.5,1005.9,  -2.3,   0.6
306379,  -2.2,   1.8,   2.1,-142.7, -36.0, 867.7,  -2.4,   0.9
306407,  -2.3,   5.7,   0.8,-127.4, -39.6,1079.3,  -2.8,   0.4
306431,  -3.7,  -2.8,   0.5,   3.7, -70.9,1003.4,  -2.7,   0.8
306456,  -2.5,  -0.7,  -0.2,  73.3,   5.3,1066.4,  -3.0,   0.7
306480,  -4.0,   1.3,   0.2,  38.9, -36.2, 962.2,  -3.1,   0.6
306504,  -4.4,  -1.3,   1.1,  39.4,  15.3,1002.4,  -3.2,   0.7
306532,  -3.8,   1.7,   1.6, -32.4,-110.4, 977.8,  -3.5,   0.6
306556,  -3.8,   1.8,   1.9,  44.8, -34.2, 895.5,  -3.1,   0.4
306580,  -1.0,   3.2,   4.1,-143.7,-256.4,1175.8,  -3.5,   0.9
306608,   3.0,  -7.2,   3.8, 270.1, -87.2,1182.1,  -3.4,   0.5
306632,   4.1,   3.7,   4.3, 239.1, -26.4,1022.5,  -3.2,  -0.4
306657,   6.4,   5.4,   4.8,-311.2,  99.5,1002.0,  -2.6,   0.5
306681,   3.1,   1.6,   6.6,-245.5,   6.3,1000.2,  -1.8,   1.4
306705,  -1.1,  -2.9,   6.5,  54.3,-138.5,1080.1,  -2.2,   1.4
306733,  -3.3,  -1.0,   7.4,  62.8,-159.0,1070.6,  -2.7,   1.3
306757,   1.2,   1.4,   4.0,  49.1,-109.4,1062.0,  -2.8,   0.8
306781,   3.7,  -0.0,   3.9, -50.5,  55.4, 881.1,  -2.6,   1.1
306805,   4.2,   0.5,   4.1,-125.2, 127.4,1078.4,  -2.3,   1.5
306833,   1.6,  -1.9,   1.3, 160.0,-184.9,1117.7,  -2.5,   1.1
306858,   1.9,   0.4,   2.5,-193.5,  80.3, 949.2,  -2.4,   1.4
306882,  -3.5,  -8.2,   0.0, 170.2,   3.8, 956.8,  -1.8,   1.1
306906,  -1.1,   3.8,   3.3, 173.9, 104.2, 941.6,  -1.6,   0.1
306930,  -0.3,  -2.6,   4.2, 159.0,-285.2,1335.0,  -1.4,   0.8
306958,   0.1,   0.4,   4.1, 203.4,  -7.6,1088.9,  -1.6,   0.5
306982,  -2.0,   2.5,   3.7,-479.2, -32.0,1066.4,  -1.2,   1.1
307006,  -2.6,   8.1,   4.1,  -5.8,-209.5,1011.5,  -1.5,   0.4
307030,  -2.0,  -8.9,   3.9, 218.1,  14.6,1080.8,  -1.6,   1.0
307055,   1.0,   1.5,   4.3, -38.7, -10.8, 913.8,  -1.7,   1.0
307083,  -1.3,  -1.3,   3.3, 123.9, -76.0, 928.5,  -1.6,   1.1
307111,  -3.0,  -1.2,   4.0,-219.7, -18.9,1073.0,  -1.7,   1.3
307131,  -3.5,  -0.1,  -0.0, 161.2,-206.6,1225.1,  -1.9,   0.9
307155,  -1.6,   6.8,  -1.7,-302.4, -95.0,1063.5,  -2.5,   1.1
307183,  -3.3,  -4.0,  -2.3,  58.4, -75.3,1058.8,  -2.4,   1.2
307207,  -3.6,   1.2,  -3.4, 113.1, -12.8, 932.4,  -2.3,   0.9
307231,  -3.3,   2.2,  -1.8,-160.6,   2.4,1106.0,  -2.7,   0.9
307256,  -1.8,  -8.5,   3.9, 403.4,   0.9, 974.9,  -3.6,   0.9
307280,   2.6,   1.1,  -2.5,  20.1, 139.3, 826.7,  -3.4,   0.6
307308,  -3.7,  -3.5,  -2.7,  38.6,   7.0, 911.4,  -2.4,   1.0
307332,  -4.0,  -0.4,  -2.0,  99.9,-139.5,1139.9,  -2.8,   0.7
307356,  -3.0,  -1.7,  -3.6,  34.0,-160.7, 964.4,  -3.4,   0.5
307380,  -1.7,  -0.2,  -4.4, -25.8, -25.7,1128.2,  -3.3,   0.4
307408,  -1.0,   0.4,  -4.2, -51.7,  34.8, 973.1,  -3.0,   0.5
307432,  -2.1,   1.3,  -3.2,  60.1, -43.8,1160.4,  -2.8,   0.3
307457,  -1.4,   5.2,  -2.6,-285.6,-174.1,1011.2,  -3.0,   0.4
307481,  -3.3,   0.1,  -1.7, -87.3,-142.9,1087.4,  -3.0,   0.4
307505,   0.1,   1.5,  -1.7, -81.7, -56.2, 950.7,  -3.1,   0.4
307533,   0.1,   0.5,  -2.4,-115.6,-140.4, 959.5,  -3.1,   0.6
307557,   0.5,   8.7,  -4.2,-205.2,-103.1,1518.8,  -2.3,   0.1
307581,   1.6,  -6.4,   3.3,-154.5,-313.8, 789.1,  -3.1,   1.4
307609,   2.0,   4.1,  -4.1,  22.8, 115.7, 957.8,  -2.8,   1.4
307633,  -1.4,  -4.6,  -0.4,  85.8,-130.4, 897.2,  -2.5,   1.9
307658,  -2.0,  -0.7,   0.0,-143.2,  45.8,1038.1,  -2.3,   2.0
307682,   2.0,   4.4,  -0.7,-135.9, -33.5, 871.3,  -2.2,   1.6
307706,  -1.8,   1.3,   0.0,   9.6,   7.0, 948.5,  -1.9,   1.6
307734,  -4.3,   1.1,   3.8,-200.6,-311.6,1143.3,  -2.1,   1.8
307758,  -2.0,   3.7,   0.3,-131.0, -30.6, 989.7,  -2.2,   1.5
307782,  -0.7,  -6.3,   0.4, 284.0, -32.5,1130.1,  -2.3,   1.4
307806,  -0.9,  -4.8,  -0.0,  69.7,-199.3,1092.5,  -2.7,   1.5
307834,  -4.2,  -5.4,  -1.5,  97.5,  33.9, 982.9,  -2.1,   1.6
307859,  -4.5,   2.0,   3.2,-238.9,-344.3,1384.5,  -2.3,   1.9
307883,  -2.7,  -6.2,   2.0, 135.6, -46.0, 856.4,  -3.3,   2.0
307907,  -0.3,  -6.7,  -3.4, 419.8, 146.4,1008.8,  -3.1,   0.5
307931,   2.2,   6.3,  -3.6,-251.1,-127.3, 960.0,  -3.3,   0.4
307959,   2.3,  -1.6,  -0.2,  53.3, -58.4,1041.5,  -2.3,   1.0
307983,  -2.8,  -2.5,   1.6,-105.9,-250.6,1167.5,  -2.6,   1.4
308007,  -2.4,   5.6,   1.1,-212.6,-247.6, 982.9,  -3.0,   1.3
308031,  -1.3,  -0.7,   2.3, -69.3,-114.3, 948.0,  -3.1,   1.2
308056,   1.0,  -2.8,   3.3, 134.6,  46.6,1119.1,  -2.9,   1.2
308084,   1.6,   1.8,   1.4,-115.6,  -4.2, 861.1,  -2.9,   1.5
308112,  -3.3,  -0.7,  -0.6, -68.8, 163.8, 939.2,  -2.7,   1.5
308132,  -2.9,   0.4,  -2.1,   2.5, -59.9, 897.0,  -2.8,   0.9
308156,  -6.9,  -4.3,  -0.4,  53.5,-290.1,1396.2,  -2.8,   1.1
308184,  -2.5,   1.5,  -3.7,  24.0, -55.0, 966.8,  -3.1,   0.6
308208,   0.3,   3.1,  -0.9,-220.1,  51.9, 844.2,  -2.6,   0.9
308232,   1.3,  -0.3,  -0.5,  16.4, -90.9,1184.6,  -3.3,   0.6
308257,   4.3,  -2.4,  -0.1, 110.9,  14.8, 918.5,  -2.8,   0.9
308281,   1.6,  -3.9,   1.5,  63.1,  28.5,1009.3,  -2.8,   1.1
308309,   1.9,  -0.6,  -0.8, 104.1, -25.9, 952.6,  -3.2,   0.7
308333,   0.7,  -0.4,  -0.7,-119.8,  38.5,1018.8,  -2.9,   1.0
308357,  -0.9,   3.1,  -0.9,-151.8,-115.5,1007.1,  -3.0,   0.8
308381,   1.3,   2.6,   0.3,-151.3,-118.2,1172.8,  -3.0,   0.9
308409,   0.2,  -1.4,   1.4,  83.3,  99.8,1028.1,  -2.5,   0.8
308433,  -3.8,  -3.3,   2.7,-193.3,-498.8,1257.6,  -3.1,   1.2
308458,  -2.7,   9.1,   1.5,-355.9,-131.4, 950.4,  -2.9,   1.0
308482,  -1.4,  -1.4,   2.2,-110.0, 186.9, 806.6,  -2.8,   1.7
308506,  -2.1,  -5.2,   1.2, 406.3,-323.6,1205.8,  -3.3,   0.3
308534,   0.3,  -4.3,  -0.3,  12.8, -92.3, 994.6,  -3.4,   1.0
308558,  -0.4,   3.0,  -1.5,-165.7,  19.7, 981.4,  -3.3,   1.1
308582,  -1.9,   2.1,  -0.4,-123.0,-143.1, 794.4,  -3.4,   0.8
308610,  -1.0,   2.5,   3.9,-113.5, -52.6, 909.7,  -3.4,   1.0
308634,  -3.6,  -2.2,   4.1, 121.2, -42.1, 988.0,  -3.4,   0.6
308659,  -1.9,   5.4,   3.7, -62.7, -70.9, 858.9,  -3.7,   0.6
308683,  -4.1,   6.0,   2.2,-149.1,   4.8,1063.7,  -3.4,   0.6
308707,  -2.7,  10.9,   4.4,-385.9,-194.4, 982.4,  -3.7,   0.6
308735,   1.8,  -6.3,   6.2, 406.6, -69.9, 839.1,  -4.4,   0.9
308759,   1.3,   5.9,   3.2,-108.8, 215.3, 899.2,  -4.3,   0.5
308783,  -3.1,   2.6,   4.1, 296.0,-155.8, 884.3,  -4.0,   0.3
308807,   0.3,   1.0,   3.9,-215.7, -68.7,1092.8,  -4.6,   1.2
308835,  -0.7,   3.0,   4.3, -73.9,-109.2, 968.0,  -4.4,   1.3
308860,  -3.6,  -2.1,   4.4, -86.8, -30.8, 930.7,  -4.4,   1.9
308884,   0.2,  -6.1,   2.2, 224.9,   6.5,1101.3,  -4.7,   1.5
308908,   1.0,  -0.3,   1.0, 191.7,   8.2,1099.1,  -4.8,   1.1
308932,  -0.3,   1.6,  -3.4,-155.9,-200.5, 947.3,  -4.6,   1.4
308960,  -0.5,   2.4,  -2.6,-250.4, -12.3,1050.0,  -4.3,   1.6
308984,  -1.0,  -1.3,   0.3, -48.8,-119.0,1091.3,  -4.2,   1.3
309008,  -2.5,  -0.4,   3.6, 201.7, -47.2, 851.6,  -3.9,   0.6
309032,  -3.5,  -6.2,   4.1, 180.7,-293.3,1450.4,  -4.0,   0.8
309057,   2.0,   4.4,   0.5,  13.3,-193.4, 984.6,  -4.6,   0.8
309085,   5.0,  -0.6,  -2.2,  -6.3,  44.6, 875.7,  -4.3,   0.8
309113,   0.6,  -4.2,  -1.8,  39.1, -69.6,1018.3,  -4.3,   0.6
309133,  -3.3,  -2.8,   0.2, -18.5, -92.6,1021.2,  -4.8,   0.1
309157,   0.5,   1.5,  -0.6, -19.9,   0.7,1007.1,  -5.0,   0.2
309185,   1.0,   0.3,  -0.8, -98.8,  64.9, 920.2,  -4.6,   0.5
309209,   0.9,  -2.3,  -0.1, 183.4,  -2.5, 903.8,  -4.7,   0.1
309233,  -2.4,   1.6,  -1.1,-122.2,-117.0, 969.7,  -4.6,   0.5
309258,  -1.6,   1.0,  -2.6,-216.5,-230.3,1013.2,  -5.3,   0.3
309282,  -3.5,   0.7,  -0.6,  -0.4,-127.5,1057.9,  -5.1,   0.3
309310,  -4.2,  -0.1,  -0.0, -57.5,-169.3, 875.5,  -5.0,   0.5
309334,  -3.8,   1.6,   1.6,-155.7, -15.0, 941.6,  -4.8,   0.2
309358,   0.1,  10.7,   4.5,-270.2, -47.4, 972.4,  -4.7,   0.1
309382,   3.1,  -1.0,   5.9, -97.1,-101.1,1158.2,  -5.1,   0.9
309410,   5.2,   1.0,   1.7, 137.3, 120.3, 962.9,  -5.0,   0.2
309434,   1.3,   0.2,  -0.8,-133.2,  10.2, 873.8,  -4.0,   0.9
309459,  -4.2,   5.0,  -0.7, 159.5,-193.9,1000.7,  -4.5,   0.3
309483,   0.2,  -1.5,  -1.4, 137.5, -26.9,1056.6,  -4.8,   0.3
309507,   1.7,   3.0,  -2.2,-188.6, -14.7,1023.2,  -4.4,   0.7
309535,   1.1,  -5.4,   0.7, 128.5, -20.8,1021.0,  -3.9,   1.0
309559,  -0.6,   3.0,  -2.2,   6.7,-127.0, 945.1,  -3.8,   0.5
309583,   1.5,   2.9,   1.8, -71.0, -18.1, 954.8,  -3.8,   0.6
309611,  -2.1,  -2.0,   1.0, 114.8,  15.1,1036.6,  -3.8,   0.4
309635,   1.0,  -2.5,   1.5,  28.2, -81.9, 903.6,  -3.8,   0.8
309660,  -1.2,  -2.9,  -0.6, 264.7, -41.8, 995.1,  -3.9,   0.3
309684,  -0.5,  -2.1,  -2.0,  96.0, -49.9, 911.9,  -3.6,   0.4
309708,  -0.5,   4.7,  -4.1,-265.1,-144.8, 984.4,  -3.9,   0.5
309736,   2.0,  -3.8,  -2.3, 203.0, -96.0, 882.8,  -4.6,   0.6
309760,   3.0,   2.0,  -6.6, -75.6,  39.5, 939.5,  -4.3,   0.0
309784,  -0.1,  -5.4,  -7.9, 150.2, 134.7, 992.9,  -3.3,   0.1
309808,  -3.8,   4.9,  -4.2, -48.8,-216.6,1019.3,  -3.7,  -0.4
309836,  -0.8,   7.5,  -3.4,-189.4, -31.8,1062.5,  -4.1,  -0.2
309861,  -0.2,  -1.2,  -2.2, -29.2,  16.8, 945.1,  -3.5,   0.3
309885,  -1.3,   2.3,  -1.7,-123.9,  71.2, 971.4,  -3.4,   0.2
309909,  -2.8,  -1.3,  -0.8, 276.2,-159.5,1199.5,  -3.5,  -0.1
309933,  -2.1,   4.8,  -2.5,-290.7,-119.0, 993.2,  -3.8,   0.2
309961,  -2.5,   4.1,  -3.2, -41.7, -85.5,1096.9,  -3.6,   0.1
309985,  -1.7,  -0.5,  -1.5,-145.2,-194.9,1023.4,  -3.7,   0.5
310009,  -0.6,  -0.2,  -2.0, -74.9, -86.7,1025.1,  -3.8,   0.5
310033,   1.2,  -0.5,  -4.8,  -1.9,-169.3,1110.1,  -4.0,   0.3
310058,   0.8,   1.7,  -5.1,-239.4,  63.7, 853.5,  -3.5,   0.9
310086,  -3.3,   1.3,  -4.7, 243.2,  39.2, 905.5,  -3.3,   0.2
310114,  -3.5,   1.7,  -0.8,-418.6,-269.6, 997.1,  -3.6,   0.6
310134,   2.3,   0.4,  -4.7, -39.2, -77.0, 960.2,  -3.7,  -0.1
310158,   3.4,  -1.5,  -6.0,-136.4, 104.9, 910.4,  -3.3,   0.2
310186,  -2.8,  -5.6,  -3.7,   7.4, -23.0, 986.8,  -2.5,   0.3
310210,  -4.0,   0.1,  -3.9, -58.5,-196.1,1050.8,  -3.3,  -0.3
310234,  -2.1,  -0.7,  -2.5,   7.9,-170.2,1238.3,  -3.2,  -0.3
310259,   0.1,   0.4,  -1.4,  -4.6, -51.6, 934.3,  -2.9,   0.1
310283,   0.8,  -2.9,  -2.5,-108.8, -18.1, 960.7,  -2.4,   0.3
310311,  -1.1,  -0.7,  -2.9, 199.8,-109.2,1010.0,  -2.9,  -0.3
310335,  -1.4,   1.2,  -5.5, 103.1, -82.8,1060.8,  -2.9,  -0.2
310359,  -3.9,  -1.7,  -5.0, -98.3, -98.7,1086.4,  -2.6,   0.3
310383,   0.6,  -1.0,  -3.1,-107.6, -59.6, 936.8,  -2.8,   0.4
310411,   0.8,  -0.7,  -3.9,  36.0, -82.1, 917.5,  -3.0,   0.2
310435,   0.4,  -2.5,  -4.5,  -2.1,  66.6, 945.3,  -2.7,   0.3
310460,  -1.9,   1.4,  -2.9,  59.6,  20.2, 880.6,  -2.2,  -0.1
310484,  -3.5,   1.9,  -1.2,-268.2, -35.0, 917.7,  -2.1,   0.3
310512,  -1.0,  -7.9,   0.6, 168.3, -34.0,1124.8,  -2.6,   0.8
310536,  -2.1,  -2.8,  -3.4, 300.1, -37.7, 964.4,  -2.7,   0.1
310560,  -1.9,   7.6,  -3.3,-155.0,-111.4, 905.5,  -2.6,   0.1
310584,   0.5,  -0.3,  -3.1,  -5.8, 114.2, 986.3,  -2.4,   0.4
310612,  -2.7,   0.8,  -1.1,-267.5,-231.5,1085.7,  -2.6,   0.7
310636,  -2.5,  -0.7,  -1.4,  -4.1,-196.1,1118.2,  -2.8,   0.4
310661,  -3.5,  -1.7,  -1.6,  29.4,-105.0,1067.4,  -2.7,   0.5
310685,  -1.5,   3.3,  -2.0, -29.5,-122.4,1029.3,  -3.0,   0.3
310709,  -1.4,   0.8,  -1.6, -72.2,-128.2,1077.6,  -2.8,   0.5
310737,  -3.7,  -5.1,  -1.9, -74.9,-100.2, 950.7,  -2.5,   1.1
310761,  -2.9,  -2.9,  -2.1, 152.9, -48.6,1019.5,  -3.0,   0.7
310785,  -1.1,   0.2,  -5.0, 128.5,-141.9,1076.4,  -3.2,   0.4
310809,  -1.2,  -2.0,  -5.4, -32.9,-136.3, 970.7,  -2.6,   0.6
310837,  -3.8,  -0.4,  -5.5,  73.8, 103.5, 917.5,  -1.9,  -0.0
310862,  -3.9,   1.8,  -1.4,-563.4,-137.0,1029.0,  -2.2,   1.4
310886,  -3.9,  -5.6,  -0.8, 344.8,-302.3,1095.7,  -2.8,   0.6
310910,  -1.3,  -2.0,  -2.6, 118.0, -37.7,1126.2,  -3.2,   0.0
310934,   2.3,   2.6,  -3.7, -68.8, 119.6, 901.4,  -2.7,   0.2
310962,  -0.6,  -1.7,  -1.4, -17.7, -38.6,1083.0,  -2.1,   0.5
310986,  -3.0,   1.2,  -1.6, -81.5,-159.2, 975.8,  -2.5,   0.7
311010,  -2.8,   0.4,  -1.3, -64.1,  -6.9, 985.1,  -2.8,   0.5
311034,  -1.7,  -1.2,  -2.8,  80.9, -98.0, 924.6,  -3.0,   0.4
311060,  -1.7,   0.4,  -1.1,-222.8, -87.7,1009.5,  -2.8,   0.7
311084,   0.1,  -1.8,  -3.1,  37.4,-141.2,1099.1,  -2.6,   0.6
311112,   2.1,  -0.4,  -1.8, -70.7, -69.4,1050.0,  -2.6,   0.6
311136,  -0.6,  -0.1,  -0.3, -17.0, -84.8, 999.3,  -2.3,   0.4
311160,  -4.2,  -2.1,   0.6,-323.4,-111.4,1007.3,  -2.0,   1.1
311184,  -2.2,  -6.4,   3.8, 698.6,-160.7,1053.0,  -2.7,   0.4
311212,   6.9,   4.7,  -0.5,-184.0,  30.5,1062.0,  -3.3,   0.1
311236,   6.3,  -3.0,   2.4, -69.7,  88.3, 980.2,  -2.0,   1.2
311261,   0.6,  -4.0,   3.7, 108.7,-101.4, 803.5,  -1.4,   1.4
311285,  -2.4,  -3.8,   1.8, 276.9,  25.1,1151.1,  -1.7,   1.1
311309,  -3.7,   6.0,   1.0, 109.0, -51.1,1032.5,  -2.4,   0.5
311337,  -1.1,   2.4,   3.4,-170.3, -87.2, 934.1,  -3.0,   1.1
311361,   1.3,  -1.1,   4.0, 112.1, -20.1,1057.4,  -2.4,   0.9
311385,   5.2,  -1.8,   3.2, -23.9, 155.5, 911.1,  -1.6,   1.2
311409,   3.7,   1.7,   3.7, 106.5,-112.6,1010.5,  -1.7,   1.1
311437,  -0.8,   5.1,   3.8,-144.2, -42.8, 872.1,  -2.0,   1.1
311462,  -6.1,   3.4,   2.1,  86.3, -66.7,1379.1,  -1.2,   0.8
311486,  -3.6,  -3.3,   5.8,-290.7,-226.9, 726.6,  -1.5,   2.2
311510,   2.5,   1.4,   1.6, 710.3, 127.1,1045.9,  -1.6,   0.8
311538,  -1.2,   3.5,   0.0,-241.1, -14.2,1108.6,  -1.6,   1.1
311562,   3.4,  -1.8,   4.2, -90.0, 128.4, 913.6,  -1.3,   1.9
311586,  -1.6,  -5.3,   4.3,  64.0,-174.6,1046.4,  -1.3,   1.8
311614,  -1.9,  -0.7,   4.0,  42.6,-103.1,1132.3,  -1.4,   1.7
311638,  -4.1,   0.5,   2.2, -37.8, -88.4, 942.1,  -1.2,   1.6
311663,  -1.3,   0.5,   1.0, -65.8, -86.2,1019.5,  -2.0,   1.4
311687,   0.2,   2.8,  -1.4,-240.6, -14.7, 999.5,  -2.1,   1.5
311711,  -3.5,  -0.8,  -1.2, -68.3,-131.7, 883.8,  -2.0,   1.4
311735,  -0.7,   2.6,   0.5,  59.9, -58.2,1024.7,  -2.5,   0.7
311763,  -3.0,   6.5,   3.0,-387.9, -26.9,1081.1,  -2.2,   0.9
311787,  -2.4,  -5.9,   3.6, 500.1,-159.5,1128.9,  -2.9,   1.2
311811,   2.2,  10.2,  -1.1, -33.6,  93.4, 856.9,  -2.9,   0.6
311835,   1.2,   6.6,   0.3,-164.2, 113.7, 824.2,  -2.8,   0.3
311860,   0.8,   1.3,   3.0,-204.0, -32.8, 847.4,  -2.7,   1.1
311888,  -0.3,   1.1,   4.1,-200.4,   0.4, 936.0,  -2.8,   1.2
311912,   0.8,  -1.4,   4.3,  38.9,   6.5,1084.5,  -3.0,   1.1
311936,   0.1,  -4.4,   3.9, 177.1,-187.3,1165.5,  -3.1,   1.0
311960,   2.2,  -0.2,   3.0,-246.0,  49.0, 849.1,  -2.9,   1.2
311988,   0.9,   1.5,   3.2,-164.0,-348.7,1140.1,  -3.4,   1.3
312012,   1.1,   1.2,   0.9,-319.0, 110.5, 851.8,  -3.1,   1.6
312036,  -0.2,   3.1,  -0.1, 124.3, -54.5,1025.4,  -2.8,   0.4
312061,   1.5,  -3.0,   4.3, -61.0,-119.4,1162.1,  -3.1,   1.4
312085,   3.0,   3.0,   3.2, -74.4,   9.5, 944.3,  -3.5,   0.8
312113,   0.5,   1.5,   4.6,-225.8, 100.3, 658.7,  -3.2,   1.2
312137,  -1.7,  -3.4,   7.3, 370.2,-169.3,1146.2,  -3.2,   1.0
312161,  -1.3,   1.7,   4.1, -94.7,-100.4, 949.7,  -3.5,   1.1
312185,   0.3,   1.5,   3.8, -47.0, -62.1,1154.5,  -3.6,   0.9
312213,   0.2,  -3.4,   4.5,  70.6, -90.4, 999.3,  -3.3,   1.0
312237,  -1.8,   1.7,   4.1, -49.2,-172.7,1211.9,  -3.2,   0.9
312262,   1.8,   1.3,   4.2, 103.1, -67.4,1110.8,  -3.4,   0.7
312286,   0.3,  -0.9,   4.1, -40.2,-157.0,1008.3,  -3.3,   0.9
312310,   0.4,  -0.3,   3.3, 112.6, -41.8,1010.5,  -3.6,   0.8
312338,  -2.7,  -0.2,   4.0,  -9.0, -19.4, 981.9,  -3.1,   0.9
312362,  -3.9,  -1.2,   4.0, 136.5,  42.7, 837.9,  -2.9,   0.5
312386,  -5.2,  -4.6,   8.7,   3.5,-440.0,1487.1,  -3.1,   0.8
312410,  -2.1,  -0.9,   4.6, 288.6,-215.2, 862.8,  -3.7,   0.6
312438,  -0.6,   1.3,   2.7,-326.6,   4.6,1025.9,  -3.3,   0.7
312463,  -2.7,  -3.4,   2.4, -29.2, -60.4, 902.1,  -3.0,   0.9
312487,  -3.5,   1.9,   2.1,  22.0, -98.9,1058.1,  -3.5,   0.2
312511,   0.3,   0.1,   1.1,  59.2, -50.6, 917.2,  -4.1,   0.3
312539,  -0.2,   1.2,  -1.3, -86.6,  69.8, 855.0,  -3.7,   0.4
312563,  -2.7,  -1.0,   0.3, -42.6, -43.8, 925.3,  -3.5,   0.5
312587,  -4.1,  -0.4,   0.1, 125.3,-146.1,1058.6,  -3.4,   0.4
312615,  -0.9,   1.4,   0.9, -50.5,-103.8, 977.3,  -3.4,   0.5
312639,   0.2,   2.2,   0.4,-138.8, -62.3,1029.0,  -3.7,   0.4
312664,  -1.3,  -1.0,  -0.5,-172.8, -96.3, 935.1,  -3.3,   0.9
312688,  -3.5,  -1.6,  -0.9, 152.7, -59.9, 998.0,  -3.3,   0.3
312712,  -3.6,   0.9,  -2.2, 262.5, -38.2,1246.8,  -2.8,  -0.3
312736,  -3.0,   7.1,  -0.8,-641.5,-366.3, 858.9,  -3.7,   1.0
312764,   3.2,   1.3,   0.2,  77.0,  15.1, 867.7,  -3.9,   0.3
312788,   0.3,  -2.1,  -0.9,  50.4,  53.9,1103.8,  -3.2,   0.6
312812,  -0.3,  -4.1,  -3.9,-134.7, -11.3,1064.9,  -2.8,   1.0
312836,  -3.9,   1.0,   0.3, -71.9,-275.5,1055.4,  -3.3,   0.2
312861,  -1.6,   1.8,   0.3, -69.0, -35.5, 982.4,  -3.6,   0.4
312889,   1.2,   0.2,   0.5, -43.4, -36.9, 881.6,  -3.2,   0.8
312913,  -0.2,  -5.3,  -0.3, 195.9, -22.0, 973.9,  -3.0,   0.4
312937,  -0.6,   1.8,  -0.2, 105.3, -67.7, 879.4,  -2.9,   0.3
312961,   1.6,  -1.1,   0.6,  92.1, 155.2,1088.6,  -3.2,   0.3
312989,  -0.0,   0.6,   0.2,  62.8, -93.3, 952.1,  -3.4,   0.5
313013,  -1.5,  -2.0,  -0.3, 175.6,  68.5, 894.3,  -3.2,   0.5
313037,   0.0,  -0.1,  -0.4,  96.8, -55.2,1024.2,  -3.2,   0.2
313062,  -0.5,  -0.7,  -1.4,  -0.2,  57.3, 984.4,  -2.8,   0.3
313086,  -3.5,   2.6,  -2.7, -76.6,-286.7,1036.4,  -2.7,  -0.1
313114,  -0.5,  -5.2,   1.5, -39.5,-218.3,1124.5,  -2.8,  -0.2
313138,  -0.2,   1.1,  -0.5,  42.8, -35.7, 974.1,  -2.8,  -0.9
313162,  -1.6,  -1.7,  -1.7,  42.3,  89.8, 964.8,  -2.0,  -0.5
313186,  -3.8,  -1.0,   1.6, 319.9,-167.8,1064.9,  -2.4,  -0.9
313214,  -0.2,   2.9,  -0.4, -30.4,-125.3,1023.7,  -3.2,  -0.6
313238,   0.3,   3.4,   0.5,-166.9,  29.7, 997.8,  -2.8,   0.0
313263,  -1.0,  -2.1,  -0.2, 114.8, -73.8, 967.0,  -2.9,  -0.0
313287,  -3.5,  -4.4,  -1.2,  55.7, -39.6,1028.3,  -2.8,   0.1
313311,  -1.7,   4.4,  -1.2,-103.9,-119.4, 999.5,  -3.4,   0.0
313339,  -0.1,  -2.1,  -2.3, -53.6,  21.4,1081.8,  -3.2,   0.3
313363,  -0.3,  -2.8,  -2.1,  90.4, -85.0,1067.4,  -3.0,   0.2
313387,   0.1,   0.4,  -1.8,-148.9, -77.5, 974.9,  -3.1,   0.3
313415,  -1.1,  -0.1,  -2.0,  67.9,-129.9, 969.2,  -3.1,   0.1
313439,  -3.6,   1.6,  -2.6, -14.8,  78.1, 923.1,  -2.7,   0.1
313464,  -4.9,  -0.5,   0.5,-288.7,-292.3,1184.6,  -2.8,   0.5
313488,   0.0,  -5.1,   0.2, 251.5,-180.5, 956.8,  -3.5,   0.4
313512,   1.8,  -2.0,  -1.7, 172.2,  29.7, 947.5,  -3.5,  -0.1
313540,   1.1,   0.8,  -5.0,-232.6, 134.2, 924.1,  -2.8,   0.3
313564,  -3.9,  -7.0,  -3.7, 430.0,-181.2,1063.2,  -2.7,  -0.2
313588,  -1.7,  -0.2,  -2.3,  86.3, -33.0,1028.6,  -3.2,  -0.1
313616,   1.7,   2.9,  -3.6,-152.8, -25.9,1031.5,  -3.1,   0.1
313640,   0.7,  -0.0,  -3.3, -20.2, -64.0, 882.3,  -3.0,   0.2
313665,   1.0,  -2.1,  -2.7, -52.2, -31.3,1058.1,  -2.9,   0.2
313689,   0.9,  -3.3,  -2.0, 104.1,-120.9, 990.0,  -3.1,   0.1
313713,   0.7,  -2.7,  -4.0, 174.6,  49.7, 996.8,  -3.0,  -0.0
313737,  -0.6,  -0.6,  -3.6,  54.3, -74.3, 993.4,  -2.7,   0.1
313765,  -0.6,   4.5,  -3.6,-213.8,  -7.4, 938.2,  -2.7,   0.3
313789,   0.8,  -2.7,  -2.5,  55.7,-145.1,1126.0,  -2.8,   0.2
313813,   0.1,   4.6,  -3.7,-195.7,  18.0, 929.0,  -2.4,   0.2
313837,  -3.0,   0.8,  -3.3,  48.7, -99.9, 887.0,  -2.1,  -0.2
313862,  -3.5,  -0.9,  -0.3,-209.6,-154.4, 999.0,  -2.4,   0.5
313890,   0.6,   1.0,  -3.6,  99.0,-143.4,1000.7,  -3.2,   0.1
313914,   2.5,   1.9,  -5.5,-121.3,  83.7, 970.9,  -2.7,  -0.1
313938,   2.8,   3.9,  -3.6,-264.1, -56.0, 960.9,  -2.6,  -0.2
313962,   2.5,  -3.6,  -2.4,  30.8, -12.0, 955.8,  -2.3,   0.3
313990,   0.6,  -4.3,  -1.9, 150.7,  45.6, 932.4,  -2.1,   0.1
314014,  -1.3,  -2.1,  -2.0, 118.5,  71.7,1053.5,  -2.2,   0.1
314038,  -1.1,  -3.6,  -1.5, 149.0, -85.3,1106.2,  -2.5,  -0.0
314063,   1.3,   1.4,  -3.9,  22.5,-143.1,1052.0,  -2.5,  -0.2
314087,   0.9,   2.2,  -4.0,-192.6,  64.9, 998.8,  -2.1,   0.1
314115,   0.2,  -0.7,  -4.1,  69.9,-100.7, 997.1,  -2.1,   0.0
314139,   0.3,  -0.7,  -4.0,  14.7,  -9.1,1016.8,  -2.2,   0.1
314163,  -0.3,   0.4,  -2.1, -97.1,  12.4, 993.2,  -2.2,   0.1
314187,  -0.7,  -1.7,  -5.1,  53.8,  51.7,1043.5,  -1.9,  -0.0
314215,  -2.7,  -0.9,  -3.2, 142.7,   1.2, 901.9,  -1.4,  -0.4
314239,  -0.1,  -3.2,   0.0, -19.0, -77.0,1080.1,  -1.7,  -0.1
314264,   1.1,   1.3,  -2.3, 215.9, -54.8, 934.3,  -2.1,  -0.6
314288,  -1.7,   7.7,  -2.3, -29.0,  59.5, 882.6,  -1.7,  -0.8
314312,   0.5,   3.7,  -0.2,-173.3,  78.8,1125.5,  -1.6,  -0.1
314340,  -2.8,   0.8,  -0.1, -15.8,  53.6,1056.9,  -1.4,   0.4
314364,  -2.8,  -4.8,   0.0,  92.4, -63.1, 934.3,  -1.9,   0.4
314388,  -1.7,   2.1,  -1.6,  -0.9,  -9.3, 944.3,  -2.1,   0.1
314416,  -1.6,  -1.6,  -1.9, 155.3, -10.8,1033.4,  -2.1,   0.0
314440,  -0.3,   1.1,  -3.6, -59.5, -34.0, 990.7,  -2.0,   0.3
314465,  -0.9,  -0.6,  -1.2,  -9.4,  10.9,1049.6,  -1.9,   0.4
314489,  -2.1,  -2.4,  -1.5,  15.9, -42.5, 915.3,  -2.0,   0.3
314513,  -3.7,  -0.6,  -1.4,  95.3, -68.2,1139.6,  -2.1,   0.3
314541,  -1.1,  -4.6,  -0.8,  58.4, -73.3, 993.9,  -2.3,   0.5
314565,  -3.6,   1.8,  -3.6,  62.1,  20.9, 990.0,  -2.1,   0.2
314589,  -5.3,   5.3,  -4.0,  25.7, -34.0, 870.4,  -1.8,  -0.2
314617,  -3.8,  -0.9,   1.1, -39.0,-142.2, 854.0,  -2.0,  -0.2
314641,   0.1,  -1.4,  -1.7, -41.4,  84.2, 910.9,  -2.3,  -0.4
314666,  -3.3,  -0.3,  -2.6, 257.6,-132.4,1021.5,  -2.3,  -0.9
314690,   0.3,  -1.6,  -2.2, -63.2, -69.6,1096.2,  -2.6,  -0.7
314714,  -1.1,   5.8,  -3.4,-169.8, -27.7, 945.3,  -2.5,  -0.7
314738,  -0.7,  -2.5,  -2.5, -60.5,   4.8, 941.9,  -2.2,  -0.2
314766,  -2.2,   1.8,  -1.5,-173.0, -94.8, 958.5,  -2.5,  -0.1
314790,  -0.8,   1.1,  -1.9,  10.8, -23.0, 959.5,  -2.6,  -0.4
314814,  -0.1,  -3.1,  -1.8, 129.0,   1.9,1037.8,  -2.7,  -0.4
314838,   1.0,  -3.7,  -1.5,  64.3,  40.7,1003.7,  -2.6,  -0.2
314863,  -0.1,   1.3,  -3.8, 213.9, -81.1, 966.8,  -2.4,  -0.3
314891,  -1.3,  -1.8,  -1.9,  -1.4,-115.1,1008.1,  -2.3,  -0.2
314915,  -1.5,   1.6,  -0.5, -64.6,  43.6, 968.0,  -2.1,  -0.2
314939,  -0.8,   4.8,   0.7,-489.4, -60.6, 816.4,  -1.7,   0.4
314963,   2.5, -13.7,   2.5, 331.9, -11.3,1204.1,  -2.7,   0.6
314991,   4.3,   6.3,  -3.3, -14.6,  75.6, 770.0,  -2.7,  -0.7
315015,   2.6,   4.8,  -5.0,-114.4,  89.8, 896.0,  -2.0,  -0.8
315039,   2.0,   3.1,   1.0,-245.5, 151.1, 783.7,  -1.4,   0.2
315064,  -2.6,  -2.7,   0.9,  33.0,-167.1, 965.6,  -1.4,   0.2
315088,  -4.1,   1.7,   2.1, 115.8,-125.1,1110.6,  -1.7,  -0.0
315116,  -1.1,   0.2,   0.4,  17.4,  11.7,1140.1,  -1.7,  -0.0
315140,   0.5,  -1.8,   0.2,  66.0,-149.7,1013.7,  -1.7,  -0.1
315164,   2.1,   3.0,  -1.1, -60.0, -39.9, 961.7,  -1.7,  -0.0
315188,   0.8,   1.5,   0.3,-383.5,   5.1, 959.2,  -1.4,   0.8
315216,  -1.3,   0.1,   0.3, 156.1,-163.2, 981.2,  -2.1,   0.3
315240,  -3.0,  -1.1,  -0.8,  44.0,-102.1, 967.3,  -2.2,   0.1
315265,  -3.8,   1.1,  -2.7,  46.5, -90.4,1155.8,  -1.6,   0.1
315289,  -0.3,  -1.8,  -0.6,-568.5,-272.0, 900.6,  -2.5,   1.5
315313,   2.3,  -5.4,  -2.7, 187.1,  -5.7, 901.6,  -2.3,   0.5
315341,  -1.9,   7.8,  -3.2,-250.2, -58.4, 951.4,  -2.1,   0.1
315365,  -1.6,  -6.9,   0.2, 159.5,  23.1,1122.6,  -1.9,   0.6
315389,  -2.2,  -0.9,   0.7,  -7.0, -39.9,1037.4,  -1.9,   0.7
315417,  -1.9,  -2.9,   0.7, 172.7,  25.6, 914.1,  -2.2,   0.6
315441,  -0.0,  -0.1,  -0.1, 124.1,  34.4, 930.9,  -2.5,   0.3
315466,  -2.5,  -0.4,  -1.5,  73.6,-153.6,1129.1,  -2.4,   0.1
315490,   0.8,  -0.0,  -2.5, -75.1, -13.5,1108.4,  -2.1,   0.6
315514,  -0.5,  -2.5,  -2.5,  31.8,-141.2, 958.7,  -2.5,   0.5
315542,   0.3,  -0.1,  -3.4,  -2.9,  14.8,1128.2,  -2.6,   0.2
315566,   0.6,   0.5,  -2.4,-164.2,  -0.1, 850.3,  -2.3,   0.4
315590,  -0.2,   0.4,  -1.3, -17.5,  44.1, 882.1,  -2.1,   0.1
315618,   1.6,   5.2,   0.2,-433.8,-170.2, 928.5,  -2.2,   0.7
315642,   1.5,  -0.7,   0.5, 406.8,-186.3,1100.8,  -2.8,  -0.7
315667,   4.6,   0.1,   0.4, -12.6, 138.6, 960.9,  -2.6,  -0.4
315691,   5.3,   0.4,   0.8,-180.3, 171.8, 837.6,  -1.6,   0.4
315715,   0.9,  -6.7,   0.3, 186.1,-135.8, 977.8,  -1.5,   0.7
315739,  -2.5,  -4.6,   0.3,  98.2,-212.2,1189.9,  -1.9,   0.4
315767,  -3.0,   2.3,   0.2,-105.6,-146.8, 995.8,  -2.4,   0.2
315791,  -0.6,   0.5,  -2.6, -55.3, -84.5,1003.4,  -2.2,   0.1
315815,   0.1,  -2.1,  -1.2,  86.0,  70.0,1225.6,  -1.6,   0.2
315839,   1.5,   0.4,  -3.5, -43.4,-120.7, 936.8,  -2.2,   0.4
315866,   0.1,   2.6,  -3.5,-135.2,-118.7, 911.4,  -2.5,   0.3
315890,  -2.8,  -3.2,  -5.0,  50.1, -18.1, 900.6,  -2.1,   0.2
315914,  -4.0,  -2.0,  -2.3, -38.0, -59.6,1069.3,  -1.9,   0.2
315942,   1.2,  -7.7,   0.8, 440.7,-109.0,1120.4,  -2.7,   0.3
315966,   0.6,   4.3,  -2.0,  49.6, -47.4, 909.4,  -3.2,  -0.9
315990,   1.1,  -0.2,  -1.9,-101.2,  58.0, 940.4,  -2.3,   0.1
316014,  -1.7,  -1.5,   1.3,  43.8, -42.5, 887.9,  -1.8,   0.5
316042,  -3.8,  -0.3,   0.1,   3.0, -89.4, 924.6,  -2.4,   0.1
316066,  -3.4,  -4.2,  -1.1, 226.1,-259.8,1194.1,  -2.9,   0.0
316090,   0.0,   4.4,  -2.1,-104.2, -23.5, 996.3,  -2.9,  -0.1
316118,   2.8,   0.1,  -1.8,-109.8, -10.8,1007.1,  -2.8,   0.0
316142,  -1.3,   1.5,  -1.8, -10.7, -12.0,1041.0,  -2.4,   0.2
316166,  -3.7,   2.6,  -2.8,-118.6,-149.0, 959.2,  -2.6,   0.3
316190,  -3.4,   3.1,  -1.0, -54.6,-116.8, 919.4,  -3.0,   0.2
316214,  -0.0,  -0.7,  -2.2, 157.8, 106.1,1098.6,  -3.1,  -0.1
316242,  -3.8,   3.3,  -2.8,  -2.1,-124.1,1204.6,  -2.4,   0.0
316267,  -0.4,  -8.4,  -0.8,-337.1, -96.3, 827.4,  -3.1,   1.6
316291,  -2.4,  -2.7,  -4.8, 463.0,-161.0,1011.2,  -3.2,  -0.1
316315,  -2.1,   2.4,  -6.1,-124.2, -56.0, 966.5,  -3.4,   0.0
316343,   0.1,   6.3,  -5.7,-202.6,  62.9, 949.9,  -3.0,   0.2
316367,   0.9,  -1.4,  -3.4, 100.9, -27.4,1062.0,  -3.0,   0.1
316391,  -3.6,  -5.9,  -2.7, 102.6, -83.6,1064.9,  -2.9,   0.4
316415,  -1.7,  -4.6,  -2.0, 215.9, -86.0, 940.9,  -3.2,   0.1
316443,  -2.2,   0.8,  -3.7, -37.8,   3.4,1006.8,  -3.3,  -0.1
316468,   0.5,   6.2,  -3.9,-216.5,  26.8,1002.7,  -3.2,   0.2
316492,  -1.8,  -4.8,  -2.9,  16.7, -48.4,1118.2,  -3.0,   0.4
316516,  -3.0,  -2.8,  -2.3,  42.1,-117.7,1070.1,  -3.6,   0.1
316540,  -0.8,   1.9,  -0.6, -76.3, -77.7, 969.2,  -3.8,   0.1
316568,  -4.2,   3.2,  -3.8,-165.9, -64.8, 954.6,  -3.4,   0.3
316592,  -3.8,  -1.0,  -5.0, 140.0,  -6.4, 892.1,  -3.2,   0.1
316620,  -3.6,   6.4,  -2.7,-201.8,-291.8,1177.0,  -3.5,   0.5
316640,  -2.4,   4.7,  -7.0,-100.0,  81.0, 935.1,  -3.4,   0.3
316665,  -3.9,   0.7,  -5.7,-229.2,   4.1,1039.5,  -2.8,   0.8
316693,  -8.1, -13.1,  -0.9, 185.6,-563.8,1487.5,  -3.1,   1.4
316717,  -1.1,   4.5,  -0.3, 546.2,-484.0, 921.4,  -4.7,   0.7
316741,  11.7,  11.5,  -6.5,-311.2, 407.4,1010.3,  -4.6,   0.0
316765,   8.6,  -2.0,  -3.4, -76.3, 172.5, 970.9,  -2.6,   1.1
316793,   4.5,  -5.6,   2.7,-144.0,-123.8, 970.7,  -2.3,   1.5
316817,  -1.9,  -6.0,   1.8, 162.4,-369.0,1041.5,  -3.1,   0.9
316841,   1.3,   3.0,   0.0,   4.5,-130.4, 947.8,  -3.6,   0.5
316866,   0.8,  -0.3,  -4.9, 129.2,  78.1,1039.1,  -2.9,  -0.0
316890,  -2.9,   6.8,  -3.9,-164.0,-472.0,1135.5,  -3.7,  -0.2
316918,   1.4,   2.7,  -4.7,-131.3,-109.4, 997.6,  -5.4,   0.5
316942,   3.4,  -2.0,  -4.5, -28.0,   2.1,1139.9,  -5.4,   0.5
316966,   0.2,  -3.1,  -4.3, -76.1,-202.5, 935.5,  -5.4,   0.6
316990,  -2.8,  -3.7,  -2.6,  59.2,-322.8,1080.8,  -6.2,   0.7
317018,   0.1,  -0.4,  -1.4,  99.9,-226.9,1041.5,  -7.2,   0.2
317042,  -0.3,   0.6,  -1.2,  23.0,-192.7,1074.7,  -7.5,   0.1
317067,   5.0,   2.4,   2.8, 111.2, 168.6,1124.5,  -7.0,   0.5
317091,   4.2,  -6.2,  -1.0,  40.6,-141.4,1054.2,  -6.1,   0.6
317119,   6.3,  -3.8,  -4.0,  30.3, -99.9,1073.2,  -6.0,   0.5
317143,   2.9,   1.6,  -4.8, -64.6, -57.4,1048.8,  -5.6,   0.2
317167,   0.8,  -2.9,  -5.2,  11.5,   1.4, 977.3,  -5.3,   0.3
317191,  -1.2,   1.0,  -6.5, -36.1,  14.6, 977.5,  -4.9,   0.1
317215,   1.0,  -2.6,  -5.1,  20.8,  21.2, 999.3,  -4.1,   0.4
317243,   4.1,  -3.6,  -3.6, -38.5,  56.1,1041.3,  -3.3,   0.5
317268,   3.3,  -0.9,  -3.7,  22.0,  29.5,1014.9,  -2.9,   0.2
317292,   2.8,  -2.4,  -3.0, -18.7, -26.9,1042.2,  -2.5,   0.2
317316,   2.2,   0.9,  -2.3, -23.1,   8.5,1000.7,  -2.3,   0.1
317344,   4.2,  -1.6,  -2.6, 100.4,  68.1, 982.4,  -2.0,  -0.3
317368,   0.9,  -2.0,  -3.6, 110.2,  30.5, 976.6,  -1.8,  -0.4
317392,   0.8,  -0.8,  -2.6, 151.4,   2.1, 966.1,  -1.6,  -0.7
317416,   0.6,   3.8,  -3.5,  30.6, -44.3, 973.1,  -1.5,  -0.9
317444,   0.1,   1.9,  -2.2,-190.8,   5.6,1034.2,  -1.3,  -0.2
317469,   2.2,  -1.3,  -0.1,-110.5, -10.1,1004.6,  -1.8,   0.1
317493,   5.0,  -0.4,  -0.4,  64.5,  17.5, 993.9,  -1.6,  -0.2
317517,   6.1,  -0.6,  -0.5,  18.1, 186.2,1013.4,  -0.7,  -0.1
317541,   3.3,   0.4,  -2.5,-181.1,  12.1, 860.3,   0.1,   0.5
317569,  -0.5,  -3.4,  -2.6, 146.1, -27.2, 960.2,  -0.1,   0.2
317593,  -3.3,  -1.4,  -2.3, 106.0, -51.8,1039.5,  -0.1,  -0.3
317621,  -3.5,   1.1,  -2.9,  83.6,  46.3, 957.0,  -0.1,  -0.3
317641,  -3.5,   2.4,  -2.7, -89.5,  96.9,1052.0,   0.0,  -0.2
317666,  -2.4,  -0.5,  -2.0, 121.2, -58.2,1010.7,   0.2,  -0.2
317694,  -1.7,   2.3,  -0.6, -25.6,  43.9, 921.4,   0.4,  -0.0
317718,  -3.1,   2.2,  -0.3,   2.8, -61.8,1018.1,   0.2,  -0.1
317742,  -3.7,   2.6,   0.5,  14.5, -78.9, 984.9,  -0.2,   0.0
317766,  -3.2,   3.2,   0.4, -22.4,   7.0, 904.3,  -0.3,  -0.0
317794,  -3.8,   1.8,  -1.1,-123.2,  22.6, 934.1,   0.0,   0.2
317818,  -1.4,  -1.4,  -2.4,  86.5, -52.6,1088.4,  -0.3,  -0.0
317842,  -3.4,   2.2,  -2.4, -84.2,-123.4,1086.2,  -0.7,  -0.0
317867,  -3.9,   1.2,  -3.4, -34.6, -98.9,1000.7,  -1.0,  -0.1
317891,  -3.6,  -2.2,  -5.0,  45.0, -67.2, 930.2,  -1.9,  -0.2
317919,  -4.2,  -3.4,  -2.5,  -0.4, 102.2, 995.4,  -1.2,   0.1
317943,  -3.3,  -1.3,  -2.5,  57.7, -77.2,1030.8,  -1.3,  -0.1
317967,  -1.1,  -1.5,  -3.2,  34.0,-137.5,1110.8,  -1.9,  -0.1
317991,   0.6,  -1.7,  -4.3,  14.0,-111.4,1124.3,  -2.2,  -0.0
318019,   0.1,  -1.4,  -3.9, -14.3, -46.9,1017.3,  -1.6,  -0.3
318043,  -1.7,  -0.1,  -5.2,-133.7, -47.4,1002.2,  -1.1,  -0.1
318068,  -3.7,   0.1,  -2.8,  74.5, -91.6, 988.5,  -0.7,  -0.4
318092,  -2.2,   2.7,  -0.2,  52.3,  -0.1,1148.7,  -0.6,  -0.6
318120,  -3.0,   1.3,   0.7, -28.7, -20.8,1039.5,  -0.6,  -0.6
318144,  -2.7,  -1.2,  -1.4, 147.0,  27.0,1057.6,  -0.5,  -0.7
318168,  -2.2,   2.7,  -2.3, -24.1,   7.5, 955.6,  -0.5,  -0.6
318192,  -1.5,  -2.3,  -3.6,  81.4, -53.3, 976.8,  -0.4,  -0.4
318216,  -0.5,   0.5,  -3.8,  10.8, -34.0,1033.9,  -0.7,  -0.6
318244,  -2.1,  -2.2,  -5.5, 158.0, -17.9,1034.9,  -0.7,  -0.6
318269,  -0.5,  -0.1,  -6.7, -32.6, -24.5,1021.0,  -0.9,  -0.6
318293,  -0.2,  -0.1,  -4.5, -54.6, -27.9, 962.9,  -1.0,  -0.6
318317,  -0.9,   0.2,  -3.9,  21.8, -75.0,1040.8,  -1.2,  -0.5
318345,  -0.2,   0.6,  -2.4, -85.6, -32.3,1047.6,  -1.6,  -0.2
318369,  -1.2,  -0.7,  -0.1, -45.8,   9.9, 977.8,  -1.3,  -0.0
318393,   0.6,  -0.4,  -1.2, -65.4,  26.8, 956.3,  -1.0,   0.2
318417,   2.3,  -3.6,  -3.9, -38.7,  20.4,1007.1,  -0.8,   0.5
318445,  -3.4,   1.9,  -6.3, 157.3, -47.4, 947.0,  -1.2,  -0.7
318470,  -3.1,   1.1,  -4.2,  34.0,  85.4,1025.6,  -1.1,  -0.8
318494,  -1.2,   3.9,  -3.5, -94.9,  88.6,1167.0,  -0.5,  -0.5
318518,  -1.2,  -0.1,   0.3,-213.8,-176.3,1045.4,  -0.5,   0.4
318542,   2.8,  -0.2,  -1.7,  41.1, -93.6,1024.2,  -0.6,  -0.0
318570,   1.0,  -0.6,  -1.5,   9.4,   3.4,1018.8,  -0.3,  -0.0
318594,   0.9,   0.1,  -2.5,  35.5,  27.5, 968.0,  -0.1,  -0.1
318622,  -1.7,   0.4,  -2.8,  34.0, -56.9,1030.3,  -0.1,  -0.1
318642,  -0.6,   1.8,  -2.2, -70.2, -77.9,1016.4,  -0.5,   0.0
318667,  -0.2,   0.2,  -2.2,  35.2, -96.7, 986.3,  -0.8,  -0.1
318695,   2.8,  -1.2,  -4.4,   1.3,  94.7,1002.0,  -0.3,  -0.1
318719,   1.3,  -2.3,  -3.4,  36.2, -93.1,1051.5,  -0.1,   0.1
318743,  -0.1,  -1.3,  -2.8,  33.5, -26.2, 899.9,  -0.0,   0.1
318767,  -3.0,   0.3,  -2.5,  21.8, -51.1, 995.4,  -0.4,  -0.2
318795,  -2.0,  -0.7,  -1.9,  46.7, -98.5,1033.2,  -0.7,  -0.0
318819,  -1.8,   4.8,  -3.4,-249.9,-134.1, 975.1,  -1.1,   0.3
318843,  -3.9,  -1.6,  -4.4,   3.0,-160.7,1027.8,  -1.5,   0.1
318868,   1.2,  -4.2,  -5.2, 100.2,  16.0, 968.3,  -1.6,   0.2
318892,  -1.7,  -1.0,  -4.2, 133.1,-114.1,1086.2,  -1.9,  -0.3
318920,   3.1,   1.6,  -6.4, -26.5,  56.3,1016.6,  -1.9,  -0.4
318944,  -1.7,   1.3,  -4.4,-160.3,  91.0, 967.0,  -1.5,  -0.1
318968,  -3.6,  -0.7,  -2.7,  86.5, -36.2, 954.8,  -1.3,  -0.5
318992,  -1.9,   3.0,   2.2,   3.7, 172.1,1075.4,  -1.0,   0.0
319020,   1.8,  -2.3,   1.4, 204.2,  74.9,1062.0,  -1.7,   0.0
319044,   3.0,   2.4,  -2.2,  49.9, 116.4, 913.8,  -1.3,  -0.1
319069,  -0.8,   0.7,  -3.7, -62.7,  11.9, 987.1,  -0.6,   0.2
319093,  -3.1,   2.2,  -4.0, -80.5,-108.7, 951.2,  -0.6,   0.3
319121,  -1.4,   3.2,  -3.6,-112.0, -71.6,1001.0,  -0.7,   0.5
319145,   1.5,  -2.0,  -4.0,  27.2,  55.1, 991.0,  -0.5,   0.5
319169,   2.3,  -3.3,  -2.0,  85.5, 107.1, 989.0,  -0.1,   0.8
319193,   0.2,  -0.7,  -2.5,  59.2, -85.8,1022.5,  -0.1,   0.6
319221,   0.7,  -1.4,  -1.5,  44.8,  -5.2, 951.7,  -0.2,   0.5
319245,  -1.4,   1.5,  -0.2, -62.9,  30.7, 979.2,  -0.3,   0.3
319270,   0.0,   1.9,   0.3,   6.2, -56.0,1029.5,  -0.4,   0.3
319294,   1.9,   1.1,  -0.5,   2.0,  34.6, 903.1,  -0.2,   0.4
319318,  -0.7,  -1.7,  -2.2,  44.0,   8.2,1016.4,  -0.1,   0.4
319346,  -3.6,  -4.3,  -3.6,  45.7,-103.3,1034.9,  -0.6,   0.6
319370,  -3.1,   2.4,  -3.4,  33.5,-148.7, 989.0,  -1.1,  -0.1
319394,  -3.0,  -0.9,  -2.5,  12.0, -25.5,1044.2,  -1.4,   0.1
319418,  -0.6,   2.7,  -3.4, -86.8,  83.4, 964.4,  -1.1,   0.3
319446,  -2.8,   1.1,   0.3,  47.7, -33.0, 913.6,  -0.7,   0.5
319471,  -4.1,   1.9,   2.1, -29.0,  17.8, 996.8,  -0.9,   0.5
319495,  -3.6,   1.0,   1.6, 103.6,-175.6,1084.2,  -1.8,   0.7
319519,  -3.7,  -1.2,   1.7, -52.9,-220.5,1042.0,  -2.9,   0.8
319543,   0.3,   0.5,  -0.3,  52.3, -70.9, 992.9,  -3.5,   0.5
319571,  -1.9,   1.9,  -1.0,-191.6, -35.0, 951.9,  -3.7,   1.0
319595,  -3.6,   0.2,   0.3, -30.7,-149.5,1012.9,  -4.0,   1.1
319623,  -2.2,   1.5,   0.3, -53.1,-194.4,1001.0,  -4.2,   1.2
319643,  -1.3,   2.3,   1.3, -31.2,-131.9,1014.2,  -4.6,   1.1
319668,  -1.4,   1.0,   0.3,  12.5, -99.7,1050.0,  -5.0,   1.0
319696,  -2.1,   3.0,   2.1, -83.9,-102.1, 914.8,  -5.3,   1.2
319720,  -1.1,  -1.7,  -0.0,  50.6,-119.4, 955.1,  -5.5,   1.1
319744,  -0.1,  -0.3,  -0.9, -27.5, -69.6,1011.0,  -5.3,   1.2
319768,   0.3,  -2.5,  -1.5, -23.9,   1.2,1053.7,  -4.7,   1.3
319796,   0.6,  -1.1,  -2.3,  34.3, -30.3,1025.4,  -4.0,   1.1
319820,  -0.5,  -0.7,  -1.4,  -5.1, -22.8, 971.2,  -3.6,   1.0
319844,  -1.8,   0.6,   0.1,  -4.3,  12.9,1000.5,  -3.4,   0.8
319869,  -1.5,   1.3,  -0.2, -25.1,  -3.5, 981.0,  -3.1,   0.8
319893,  -0.8,   1.1,   0.6, -17.5,   5.8,1018.1,  -2.7,   0.9
319921,   0.0,  -0.4,   0.1,  10.6, -22.3,1008.1,  -2.4,   0.7
319945,   0.8,  -0.4,   0.7, -20.4, -28.1,1011.0,  -2.3,   0.6
319969,  -0.9,   0.4,  -0.0,   9.4, -62.3,1017.8,  -2.4,   0.5
319993,  -1.4,   0.6,  -0.7, -11.6, -34.0,1008.3,  -2.4,   0.5
320021,  -0.8,  -0.7,  -2.3,  26.4, -70.1,1021.0,  -2.4,   0.5
320045,  -2.2,   0.8,  -1.4, -91.2,-129.7, 966.1,  -2.7,   0.6
320070,   0.3,  -0.0,  -0.4, -40.2, -33.5,1020.7,  -2.9,   0.6
320094,   3.0,  -1.1,   0.7, -72.2, 223.6, 938.2,  -1.9,   1.1
320122,   2.8,  -3.5,   1.1,  21.1,  21.7, 966.8,  -1.7,   0.9
320146,   0.8,  -4.0,  -0.5,  54.5,  45.8,1022.2,  -1.2,   1.0
320170,  -2.4,  -0.6,  -1.0,  53.5,  32.4, 986.1,  -0.8,   0.7
320194,  -3.1,  -0.7,  -1.9,  15.2,  50.5, 986.1,  -0.5,   0.5
320222,  -3.5,  -0.2,  -4.5,  -5.1,  48.5, 973.9,   0.0,   0.4
320246,   0.3,   0.5,  -3.9,  19.4,  44.4,1019.3,   0.4,   0.1
320271,   1.1,   2.0,  -2.3,  20.6,  27.0, 986.8,   0.6,  -0.1
320295,   1.7,   0.2,  -2.1, -35.6,  38.8,1003.7,   0.7,   0.2
320319,   0.1,   0.7,  -1.2, -26.0,  33.9, 934.8,   0.8,   0.3
320347,  -2.2,  -1.2,  -1.5,  86.3, -20.3, 953.6,   0.8,   0.1
320371,  -3.5,   3.2,  -2.6,   9.4,  -5.2, 965.1,   0.6,  -0.1
320395,  -3.7,   1.8,  -2.4, -24.8,  70.0,1016.4,   0.6,  -0.0
320419,  -3.9,   1.4,  -0.6,  79.9,  64.4, 937.7,   1.0,  -0.1
320447,  -4.1,  -2.7,   0.8, -38.5, -81.9,1098.9,   1.4,   0.4
320472,   0.0,   3.3,   1.1,   8.4, -16.9, 959.0,   0.9,   0.4
320496,  -2.7,   2.2,   1.3,  54.8, -47.2,1018.3,   0.7,   0.3
320520,  -0.7,   1.1,  -1.4,  32.8,  50.0, 990.2,   0.9,   0.3
320544,  -0.3,   0.9,  -1.4, -61.9, -22.8, 960.9,   1.0,   0.7
320572,  -0.3,   2.2,  -2.8, -54.6,-107.0,1008.5,   0.7,   0.5
320596,  -1.4,   1.8,  -0.7,   1.8,-115.5,1076.4,   0.3,   0.5
320624,  -2.4,   1.1,  -3.5, -67.6, -90.4, 977.3,   0.2,   0.6
320644,  -0.5,  -3.3,  -1.4, -50.7, 109.1,1034.9,   0.3,   1.0
320670,   0.7,   1.9,   4.0, -35.1, -33.3, 982.4,   0.6,   1.1
320694,   2.5,  -0.0,   4.2,-199.1, -23.0,1048.1,   0.8,   1.8
320722,   1.5,  -1.0,   4.2,  99.4, -56.5, 997.1,   0.5,   1.7
320746,  -3.9,   1.0,   4.2,  44.5, -23.7,1033.2,   0.3,   1.2
320770,  -2.1,   2.7,   4.1, -27.5, -55.0, 977.3,   0.1,   1.1
320794,  -3.2,   1.5,   4.0, -22.4,  14.6,1006.3,  -0.0,   1.3
320822,  -0.8,   2.1,   4.3, -61.7, -60.6,1043.5,  -0.3,   1.4
320846,   2.2,   1.5,   4.3, -71.9, -21.1, 986.3,  -0.4,   1.8
320871,  -1.2,  -0.0,   4.1, -16.5, -18.6,1009.3,  -0.4,   1.7
320895,  -0.2,  -0.7,   4.0,  54.8, -41.6, 990.0,  -0.6,   1.4
320919,  -2.1,   0.6,   4.3, -24.3, -10.8,1046.6,  -0.7,   1.2
320947,   0.6,   5.2,   4.0, -40.9,  11.2, 989.3,  -0.9,   0.6
320971,   2.5,   0.9,   4.0, -94.7, 133.2, 968.7,  -0.4,   0.8
320995,   3.4,   1.0,   2.7,  34.7, 113.9, 904.8,   0.0,   0.6
321019,   0.5,   0.5,   4.3,   5.4,  89.3, 964.6,   0.7,   0.8
321047,  -3.9,   3.2,   4.4, -60.7,  40.0, 994.1,   0.9,   0.8
321072,  -3.5,   1.4,   4.2, 104.1,   2.9, 943.1,   0.9,   0.7
321096,  -3.3,  -5.3,   8.0,  57.4, -93.6,1206.1,   0.7,   1.2
321124,  -2.0,   4.4,   4.2,-181.8,-159.0, 912.1,   0.5,   1.5
321148,   2.6,   0.7,   4.1,  11.8, -32.3, 988.5,   0.2,   1.2
321172,  -1.3,   2.5,   4.0,-126.9, -43.8,1007.1,   0.1,   1.3
321196,  -1.4,  -1.7,   3.8, -47.8,-101.1,1024.4,  -0.1,   1.2
321220,  -3.3,   2.3,   1.0,-156.2,-122.4, 926.3,  -0.8,   1.1
321248,  -2.2,   1.5,   0.7, -63.4, -42.1, 942.1,  -1.2,   1.1
321273,  -1.3,  -0.7,   3.9, -26.5,  18.0,1021.5,  -0.9,   1.3
321297,   1.4,  -1.6,   0.6,  -1.1, -68.4, 988.0,  -1.0,   1.4
321321,   0.3,  -3.2,   0.3,   4.7,  10.2, 975.1,  -0.9,   1.4
321345,  -2.5,  -1.4,  -1.5,  55.0,  -6.2, 966.5,  -0.9,   0.9
321373,  -2.5,   0.5,  -1.6,  21.1, -29.6, 972.7,  -1.1,   0.5
321397,  -3.3,   0.4,  -2.6, -91.0, -40.3,1036.4,  -1.3,   0.5
321421,  -1.7,  -0.4,  -1.1,  10.8,   1.6, 932.1,  -1.1,   0.4
321445,  -1.5,   0.2,   0.3,  25.5,   8.5,1074.7,  -0.9,   0.4
321470,  -1.7,  -0.5,   0.6,  14.0,  75.6, 938.2,  -0.5,   0.6
321498,  -0.8,   1.0,  -0.9, -11.9,  16.3,1008.1,  -0.4,   0.5
321522,  -1.8,  -2.6,  -1.2,   1.3, -31.1, 991.2,  -0.5,   0.8
321546,  -1.1,  -0.7,  -1.5,  83.6, -98.9,1022.9,  -0.8,   0.4
321570,  -4.2,   0.2,  -1.0, 101.4,-213.9,1026.9,  -1.4,   0.2
321598,   0.5,   1.5,   5.7,-106.6, -99.2,1005.9,  -3.1,   0.5
321626,   0.6,   1.5,   1.4, -73.7, -53.3, 998.0,  -3.1,   0.6
321646,  -0.4,   1.6,   2.6, -17.0,-199.5,1026.6,  -3.6,   1.0
321671,  -1.4,   2.6,   1.2,-144.5,-175.1,1007.8,  -4.3,   0.8
321695,  -3.6,  -0.6,   1.0,  45.7,-166.1,1050.3,  -5.0,   0.7
321723,  -3.6,   1.3,   0.4, -27.0,-118.5,1013.4,  -5.6,   0.8
321747,  -1.4,  -0.8,  -2.1,  70.9,-118.0,1018.8,  -6.1,   0.8
321771,   0.5,   0.7,  -0.8, -37.5, -98.0, 976.1,  -6.3,   0.9
321795,   0.0,   1.3,   2.8, -31.4, -81.9,1011.2,  -6.3,   0.9
321823,  -0.5,  -0.6,   2.1, -67.3, -80.6,1017.1,  -6.2,   1.2
321847,   1.5,  -0.4,   0.0,   3.7, -79.2,1012.2,  -6.1,   1.2
321872,   1.9,  -1.2,  -0.3,  -2.9, -53.5,1006.8,  -5.9,   0.9
321896,   1.1,  -1.3,  -1.5, -21.4, -34.0, 997.8,  -5.6,   0.9
321920,   0.1,  -0.4,  -1.4, -50.0, -37.7, 995.6,  -5.3,   0.9
321948,  -1.1,  -0.6,  -1.2,   1.3, -29.1,1009.5,  -4.9,   0.8
321972,   0.9,  -0.3,  -1.2, -22.9, 133.2,1031.0,  -4.5,   0.7
321996,  -0.2,  -0.0,  -2.0, -51.0,  42.4, 984.1,  -4.0,   0.6
322020,   0.1,  -0.5,  -1.5, -43.4,   5.1,1027.1,  -3.5,   0.7
322048,   0.5,  -0.0,  -2.1, -19.5,  31.4,1004.1,  -3.2,   0.6
322073,   1.3,  -0.4,  -2.3,  25.0, -22.0, 992.9,  -3.0,   0.6
322097,  -1.8,  -0.8,  -1.5,  31.1,  12.4,1018.8,  -2.8,   0.6
322125,  -0.5,  -0.6,  -2.4,  -2.1, -33.5,1013.9,  -2.8,   0.6
322149,   1.6,  -1.0,  -2.0,  15.2, -75.3,1020.5,  -2.8,   0.6
322173,  -1.4,  -0.5,  -0.9,  13.0, -84.0,1029.3,  -3.0,   0.6
322197,  -1.0,   1.5,  -0.4, -96.6, -27.7, 989.0,  -3.1,   0.7
322221,   0.6,  -2.8,  -0.8, -67.1,  28.0,1023.7,  -2.4,   1.2
322249,   2.4,  -1.6,   0.3, -20.2, -52.1, 999.3,  -2.4,   0.9
322274,  -1.4,  -1.2,  -0.3,   8.4,   1.6, 993.4,  -2.2,   0.9
322298,  -1.9,   0.7,  -0.4, -39.2,   8.5,1000.7,  -2.0,   0.8
322322,  -0.3,  -0.3,   0.5, -18.7,  -9.8,1001.7,  -1.8,   1.0
322346,   0.4,  -1.0,  -0.8, -15.3,  -2.0,1002.0,  -1.6,   1.0
322374,   0.5,  -0.8,  -1.5,  13.5,  17.0, 988.8,  -1.3,   0.8
322398,   1.3,  -0.8,  -0.6,  -4.6,  15.8,1003.7,  -1.0,   0.7
322422,   0.3,   0.1,  -0.3, -26.0,  17.0,1009.0,  -0.8,   0.7
322446,   0.5,  -1.0,  -1.1,  -7.7,   7.3, 987.1,  -0.6,   0.8
322471,   0.1,  -0.6,  -0.3, -11.2,  26.1,1000.0,  -0.4,   0.7
322499,  -0.8,   0.1,  -0.1,  -4.1,  -2.5,1004.1,  -0.2,   0.6
322523,  -0.5,  -1.2,  -1.2, -14.6, -26.9, 995.1,  -0.2,   0.6
322547,  -0.2,   1.0,  -0.5,  -8.5, -29.8,1006.6,  -0.4,   0.5
322571,  -2.4,  -0.1,  -0.8,   4.5, -34.5,1009.3,  -0.5,   0.5
322599,  -3.3,   1.0,   0.3,  -9.0, -67.2,1012.2,  -0.8,   0.4
322627,  -3.6,   1.1,   0.9, -21.7, -80.4,1017.1,  -0.9,   0.4
322647,  -3.1,   2.1,   1.1, -43.4, -56.5, 990.5,  -1.2,   0.6
322672,  -0.4,   0.2,  -0.9, -33.9, -60.4,1006.3,  -1.4,   0.8
322696,   2.0,  -1.0,  -0.2,  -0.2, -58.2,1005.9,  -1.6,   0.7
322724,  -1.5,   0.9,  -0.1, -10.9, -68.4,1006.8,  -1.8,   0.7
322748,  -2.6,   0.6,   0.3, -19.7, -47.2,1008.5,  -1.9,   0.8
322772,   0.5,  -0.3,   0.2,  -7.5, -26.4,1006.3,  -1.9,   0.8
322796,  -0.2,  -0.0,   0.5, -17.3, -25.7,1003.2,  -1.8,   0.8
322824,  -1.0,   0.7,  -0.4,   1.1, -28.6,1003.7,  -1.8,   0.8
322848,   0.8,   1.2,   0.1,  -0.2, -22.3,1023.7,  -1.8,   0.7
322873,   0.3,  -0.4,  -1.0, -53.6, -19.4, 895.5,  -1.8,   0.8
322897,  -1.5,  -0.6,  -3.1,  46.0, -69.2, 994.9,  -1.9,   0.6
322921,   0.0,  -1.5,  -3.8,  43.5, -36.4,1029.8,  -1.9,   0.5
322949,   0.1,  -1.0,  -3.6,   9.8, -37.2,1011.2,  -1.8,   0.6
322973,  -0.9,  -0.7,  -2.3,  10.3,  -5.7,1006.8,  -1.7,   0.5
322997,   0.2,   0.1,  -3.1, -24.1, -28.4, 999.8,  -1.6,   0.5
323021,  -0.8,  -0.7,  -2.7, -17.5, -30.6, 999.5,  -1.6,   0.5
323049,   0.0,   0.2,  -1.9,   0.3, -36.0,1008.1,  -1.7,   0.4
323074,  -0.6,  -0.4,  -2.6, -57.5, -25.5, 998.5,  -1.7,   0.5
323098,  -0.4,   0.3,  -1.4, -31.9, -28.9,1007.1,  -1.6,   0.6
323126,  -0.0,  -0.4,   0.3, -67.6, -14.0, 999.5,  -1.6,   0.6
323150,  -0.6,  -0.3,  -0.1, -30.4,  -8.4,1007.1,  -1.5,   0.8
323174,  -0.2,   0.1,   2.4, -30.2, 221.6,1099.9,  -1.1,   0.8
323198,  -0.3,   8.0,   4.4,-345.4, -51.6,1050.0,  -0.6,   1.5
323222,  -0.3,  -6.8,   6.9, 437.6, -41.8,1116.2,  -0.7,   0.9
323250,   0.3,   4.6,   4.1,-229.4, -33.5, 895.0,  -0.9,   1.4
323275,  -1.3,  -4.3,   3.9, 243.2, -68.9,1072.8,  -1.0,   1.2
323299,   0.1,   3.3,  -0.3, -32.9, -36.9,1005.1,  -1.1,   1.0
323323,   0.1,  -1.0,  -0.0, -63.6, -60.1,1008.5,  -1.2,   1.1
323347,   0.4,  -1.0,  -0.6,  81.4, -54.8,1015.6,  -1.4,   0.9
323375,  -1.0,   0.8,  -1.7, -17.0, -19.1,1001.0,  -1.4,   0.7
323399,  -1.9,  -0.4,  -1.4,  26.7, -24.0,1002.4,  -1.4,   0.6
323423,   0.6,  -0.4,  -2.3,  10.6, -22.0,1007.3,  -1.4,   0.5
323447,  -1.4,   0.8,  -0.9,  82.8,  -6.9, 991.7,  -1.4,   0.6
323472,  -0.5,   0.5,  -1.6,-134.4, -41.1, 973.9,  -1.4,   0.7
323500,  -1.4,   2.3,  -2.9, -68.3, -27.9, 990.5,  -1.3,   0.6
323524,  -0.7,  -0.3,  -1.7, -59.7, -25.9, 978.3,  -1.3,   0.7
323548,   0.9,  -0.7,  -3.3,  64.5,  11.9,1048.3,  -1.1,   0.5
323572,  -0.3,   0.9,  -1.7,-114.7,  13.6,1013.9,  -1.0,   0.7
323600,  -0.9,  -5.5,   0.6,  91.9,  30.2,1194.1,  -0.7,   1.0
323628,  -0.6,   2.3,  -1.5, -67.3, -32.0,1018.8,  -0.7,   1.1
323648,  -2.1,   3.7,  -0.9,-123.7, -24.5, 964.4,  -0.9,   1.3
323673,  -2.7,  -1.7,  -3.2,  48.9, -77.5, 991.2,  -1.2,   1.1
323697,  -0.3,   0.2,  -4.3,  57.7, -56.9,1019.0,  -1.5,   0.9
323725,  -1.0,  -0.4,  -4.1, -35.8, -33.5, 997.8,  -1.7,   1.0
323749,  -1.1,  -0.5,  -3.1,  15.7,  -5.9,1012.0,  -1.7,   1.0
323773,   0.5,  -1.8,  -0.4, -13.4,  82.5,1048.1,  -1.3,   1.0
323797,   1.1,  10.9,   2.8,-304.9, -97.2, 658.9,  -1.5,   1.2
323825,  -3.6,   7.3,   0.2,-340.0,  -3.7, 613.0,  -1.8,   1.8
323849,   0.3,   0.2,  -0.6, -94.9, -55.0, 913.3,  -1.5,   1.7
323874,   0.7,   1.6,  -0.6,-114.2,  91.2, 986.8,  -1.2,   1.8
323898,   0.6,  -5.2,   0.8,  98.2, -74.5,1084.7,  -1.4,   1.8
323922,   0.3,   2.4,   0.6,-212.3, -75.0, 911.6,  -1.4,   1.8
323950,  -1.6,   1.4,   1.9, -72.4,  -4.7, 933.3,  -1.0,   1.5
323974,  -3.1,   2.1,   1.6, -40.9, -29.1,1010.3,  -0.9,   1.3
323998,  -0.9,   1.6,   1.9, -45.6, -36.9,1011.7,  -1.0,   1.3
324026,  -0.8,   0.8,   1.1,  28.4, -20.3,1035.4,  -1.2,   1.3
324050,  -1.1,  -0.2,   0.6, -25.6, -19.4, 997.6,  -1.2,   1.3
324075,   0.3,   0.2,   0.5, -46.6, -42.5, 986.6,  -1.3,   1.3
324099,  -0.5,  -0.7,   1.6,  -5.1, -33.0,1000.7,  -1.3,   1.3
324127,  -0.3,  -0.2,   0.7,   3.0, -12.8,1001.7,  -1.3,   1.3
324151,  -0.2,  -2.3,  -0.2, 137.8, -16.2,1047.1,  -1.2,   1.1
324175,  -0.7,   0.1,  -0.0, -96.4, -21.3, 967.3,  -1.2,   1.1
324199,   0.4,  -0.1,   0.1,  29.4,  -6.4,1013.4,  -1.1,   0.9
324223,  -1.0,  -1.4,  -0.1,  17.2,  -7.1,1021.0,  -1.1,   0.9
324251,  -0.6,   0.9,  -0.0,   8.1,   1.9,1005.1,  -1.0,   0.8
324276,   0.2,   0.2,  -0.1, -21.9, -13.2,1009.0,  -1.0,   0.8
324300,   0.3,   1.0,  -0.3, -25.1, -19.8,1007.6,  -1.0,   0.8
324324,   0.8,  -1.7,  -1.4,  -2.4, -15.2,1000.7,  -0.9,   0.8
324348,  -1.8,   0.9,  -0.6,   7.6, -19.4,1002.9,  -0.9,   0.7
324376,  -0.3,  -1.0,  -0.9,  -6.5, -46.0,1009.0,  -1.1,   0.6
324400,  -1.4,  -1.2,  -1.4,  -4.3, -32.8, 998.5,  -1.2,   0.6
324424,   0.3,   1.0,  -0.8, -23.4, -22.3, 982.2,  -1.2,   0.5
324448,   0.3,  -0.6,  -0.7, -16.0, -10.3, 991.2,  -1.1,   0.5
324473,  -0.3,   0.5,   0.5, -45.8, -16.2, 994.1,  -1.1,   0.6
324501,  -1.8,   0.7,   1.7,  11.5, -13.7,1015.6,  -1.1,   0.6
324525,  -1.6,   0.9,   1.1, -46.3, -20.1, 999.0,  -1.0,   0.7
324549,   0.2,   0.3,   1.3,  16.7, -18.9,1035.6,  -1.1,   0.7
324573,  -1.1,   0.2,  -0.1, -30.7,  -5.4,1011.2,  -1.0,   0.8
324601,   0.2,   0.6,   0.7, -15.8,  -8.1, 998.3,  -1.0,   0.8
324629,  -1.7,  -1.4,   0.6,  -8.2, -13.7,1008.8,  -1.0,   0.7
324649,  -1.4,  -0.7,   1.0,  41.1, -24.7,1006.6,  -1.0,   0.8
324674,  -0.5,   1.6,   1.3, -78.8, -18.4, 980.2,  -1.0,   0.9
324698,  -1.2,  -1.5,   0.7,  79.9, -27.4,1020.5,  -1.1,   0.7
324726,  -2.3,   1.3,   0.6, -73.4, -51.1, 986.8,  -1.1,   0.7
324750,  -2.0,   0.1,  -0.0,  18.1, -47.9,1010.3,  -1.3,   0.6
324774,   0.3,   1.8,   0.1,   1.8, -19.4,1011.7,  -1.3,   0.5
324798,  -0.4,  -1.2,   0.2, -21.2, -26.9, 998.8,  -1.3,   0.6
324826,  -0.8,  -0.3,  -0.6, -19.2, -29.8, 998.0,  -1.3,   0.6
324850,   0.6,  -0.4,  -0.0,  -8.7, -14.2,1004.4,  -1.3,   0.6
324875,  -0.8,   1.3,   1.6, -20.2, -18.6,1012.2,  -1.3,   0.6
324899,  -0.2,   0.7,  -0.1, -21.7, -25.7,1001.7,  -1.3,   0.7
324923,  -0.4,  -0.2,   1.9,  -3.6, -15.2, 999.5,  -1.2,   0.7
324951,  -1.1,   1.1,   0.8,  -0.7, -15.7,1006.8,  -1.2,   0.7
324975,  -1.0,   0.8,   0.6, -12.1, -24.5,1003.9,  -1.2,   0.7
324999,  -3.1,   0.8,  -0.3,  -4.8, -15.7,1011.2,  -1.2,   0.7
325027,  -1.4,   0.4,   0.3,  -2.6, -15.4,1000.7,  -1.2,   0.7
325051,  -0.6,   2.3,  -2.1,-154.5, -81.6, 875.7,  -1.3,   0.7
325076,  -0.4,  -0.9,   0.0,  27.7,   0.9, 942.1,  -1.2,   0.8
325100,  -1.1,   2.6,   1.7, -75.6, -41.6,1030.3,  -1.2,   0.7
325128,  -0.6,  -2.6,   1.1,  89.2,  33.6,1017.1,  -1.1,   0.5
325152,   0.5,  -1.0,   0.0,  60.4, -52.8,1031.0,  -1.4,   0.3
325176,   1.0,   0.2,  -0.2, -99.3, -28.4, 947.5,  -1.4,   0.3
325200,  -1.0,  -2.0,  -0.1,  56.2,  12.1,1016.1,  -1.2,   0.1
325224,  -0.8,   0.9,  -1.1, -43.9, -12.8,1010.0,  -1.0,   0.2
325252,  -1.9,   0.5,   1.1, -57.3,  15.8, 992.2,  -0.9,   0.4
325277,  -3.3,   0.4,  -0.1, -15.1, -43.3, 999.5,  -0.9,   0.4
325301,  -1.4,  -0.0,   0.3, -16.0, -43.3,1011.7,  -1.1,   0.4
325325,  -2.0,  -0.1,   0.2,  13.7, -50.8,1018.3,  -1.2,   0.3
325349,  -0.5,   1.3,  -0.0, -29.5, -31.3, 998.5,  -1.3,   0.4
325377,  -0.2,   0.6,   0.7, -50.2, -27.4, 998.5,  -1.3,   0.5
325401,  -0.6,  -0.7,  -0.5, -16.3, -29.1,1010.0,  -1.4,   0.6
325425,   0.5,  -0.3,  -1.1, -14.3, -32.0,1002.7,  -1.4,   0.6
325449,   0.8,  -0.4,   0.3,   4.5, -12.3, 999.5,  -1.4,   0.6
325475,  -0.0,   0.2,  -0.6, -26.3, -16.2,1000.5,  -1.4,   0.6
325499,  -0.7,  -0.7,  -0.1,   0.1,  -9.8, 998.8,  -1.3,   0.6
325527,  -2.0,   1.0,  -0.4,  -7.7, -20.1,1004.6,  -1.2,   0.6
325551,   2.0,  -0.9,  -0.3, -21.7,  -7.9,1011.0,  -1.2,   0.6
325575,   0.9,  -1.0,  -0.4,   3.0,  -3.0,1007.6,  -1.1,   0.6
325599,  -0.0,  -0.7,  -1.1, -30.7,   9.0,1046.4,  -1.0,   0.6
325627,  -2.0,   0.4,   0.6, -16.3, -17.9, 987.3,  -1.1,   0.6
325651,   1.4,  -1.3,   0.0, -32.4, -12.8, 981.7,  -1.0,   0.5
325676,  -0.1,   0.1,   0.9, -14.1, -37.9, 993.2,  -1.0,   0.5
325700,   0.4,  -0.7,  -0.8, -40.0,   3.1, 993.6,  -0.9,   0.7
325724,  -1.5,  -0.6,  -0.8, -21.4, -30.1, 996.8,  -0.9,   0.6
325752,   0.5,  -0.7,   0.0,  -2.4,  -1.5, 998.5,  -0.9,   0.6
325776,   8.2, -22.4,   2.8, -44.6, 436.7,1231.7,  -0.9,   0.4
325800,   0.8,  -3.4,  -0.7, -65.1,  11.7, 994.9,  -0.8,   0.5
325824,  -2.5, -10.2,  -4.7,   4.0, -77.9,1020.5,  -0.8,   0.2
325852,   0.3,  -2.1,   0.2,  21.8, -18.6,1005.9,  -0.9,  -0.0
325877,   2.0,   2.4,  -0.9,   3.5,   9.9, 995.8,  -0.8,  -0.1
325901,   0.3,  -0.7,  -1.2, -10.2, -16.9, 995.6,  -0.8,  -0.0
325925,   1.1,  -3.4,   0.1,  -5.8, -30.1,1012.0,  -0.8,  -0.0
325953,   3.3,  -1.8,  -0.3,  14.2,  -4.9,1004.1,  -0.7,  -0.2
325977,   1.3,   0.6,  -0.3,   7.2, -17.6,1005.6,  -0.6,  -0.3
326001,  -0.6,  -1.4,  -1.1,  -4.3,  -1.8, 999.8,  -0.6,  -0.2
326025,  -2.1,  -3.2,  -0.6,   2.8,  -8.6,1003.9,  -0.6,  -0.2
326053,   1.3,   2.0,  -0.9, -51.7,  14.8, 972.4,  -0.5,  -0.3
326078,   0.4,   0.2,  -0.8,   2.0,  -6.4, 994.1,  -0.5,  -0.3
326102,   0.8,  -1.4,   0.1,  10.1, -32.5, 993.9,  -0.5,  -0.2
326130,   0.5,  -0.3,  -0.1,  19.9,  -7.4,1006.1,  -0.4,  -0.3
326150,  -1.0,   0.3,  -0.8,   1.1,  -3.7,1001.7,  -0.4,  -0.3
326178,  -1.3,  -0.8,  -0.8,   2.3, -13.5,1000.5,  -0.4,  -0.3
326202,   6.6,  -0.7,  -0.1,   1.3,  -9.1, 983.6,  -0.3,  -0.4
326226,   0.6,  -2.7,   0.2,  35.0,   1.2,1052.0,  -0.2,  -0.4
326250,  -0.3,   0.3,  -1.1,  14.2,  -2.0,1005.9,  -0.2,  -0.5
326275,  -3.3,   1.0,  -0.7,  -0.4,  -4.7,1001.2,  -0.2,  -0.4
326303,  -3.2,   1.3,  -0.6,  11.8, -10.3,1009.8,  -0.3,  -0.5
326327,   0.0,   0.4,   0.3,   3.7,  -7.9,1002.4,  -0.4,  -0.4
326351,   0.6,   1.5,  -0.6,   8.6,   5.3, 995.6,  -0.4,  -0.4
326375,  -6.1,   1.8,  -0.1,  10.1,  14.3, 997.8,  -0.3,  -0.3
326403,  -8.3,   7.0,  -0.4, -13.1, -59.1,1073.7,  -0.5,  -0.3
