Time(ms),Gyro X,Gyro Y,Gyro Z,Acc X,Acc Y,Acc Z,Rot X,Rot Y
112265,  -1.0,   1.1,  -0.5, -11.8,  -3.6,1001.6,   0.2,  -0.0
112269,  -0.9,   0.9,   0.3,   2.1,   1.6, 985.3,   0.2,  -0.1
112273,   0.0,   0.5,  -0.4,  -4.9,   1.8,1012.1,   0.2,  -0.0
112277,  -0.6,   1.8,   0.0,  -0.0,   2.3, 999.2,   0.2,  -0.0
112281,  -1.4,   1.0,  -0.0,   2.4,  -0.4,1012.6,   0.2,  -0.0
112295,  -0.4,   0.2,   0.4,  -9.8,  -8.7,1005.0,   0.1,  -0.0
112299,  -0.5,   1.0,  -0.5, -13.5,   5.7,1005.5,   0.1,   0.0
112303,  -0.1,  -0.7,   0.3,   8.3,   2.8, 985.5,   0.1,  -0.0
112307,  -0.1,   2.6,  -0.7,  21.4,   7.4,1016.8,   0.2,  -0.0
112311,  -0.7,   2.0,  -0.7,  -8.3,  13.0,1002.6,   0.2,  -0.0
112325,  -0.5,   0.7,  -0.1,  -5.4,   4.5,1011.6,   0.2,  -0.0
112329,  -0.5,   2.5,  -0.0, -17.4,   4.7,1007.7,   0.2,   0.0
112333,  -1.0,   1.5,  -0.5,  -8.3,   0.6, 996.7,   0.2,   0.0
112357,  -0.7,   2.4,  -0.3,  -1.0,  -9.7, 995.8,   0.2,   0.0
112385,  -0.6,   0.1,  -0.2,   5.3,  -2.6, 998.7,   0.1,  -0.0
112409,  -0.7,   2.7,  -0.0,   9.7,  -2.6, 998.2,   0.1,   0.0
112433,  -0.3,   0.4,  -0.1,  -2.5,  -6.0,1004.3,   0.0,   0.0
112457,  -0.9,   0.6,  -0.1, -12.0,  -4.8, 999.2,   0.0,   0.1
112485,  -0.3,   0.5,   0.1,  -9.8,  -9.7,1013.3,   0.1,   0.1
112509,   0.3,   0.8,   0.3,  -8.6, -12.3,1005.0,  -0.0,   0.1
112533,   0.1,  -0.0,   0.2,   7.0,   3.5,1008.0,   0.0,   0.1
112557,  -1.1,   1.1,   0.1,  -3.0,  -4.0,1005.8,  -0.0,   0.1
112585,  -0.1,   1.4,  -0.3, -16.4,  -4.8, 991.9,  -0.0,   0.1
112609,  -0.4,   1.6,  -0.2,   1.2,   8.2, 998.4,  -0.0,   0.1
112633,   0.5,   1.0,  -0.3,  -2.5,  -0.1,1013.3,  -0.0,   0.1
112657,  -0.7,   0.6,   0.3,  12.2,  -6.0,1004.3,   0.0,   0.1
112685,  -0.4,   0.4,  -0.2,  -4.7,   9.1,1008.2,   0.0,   0.1
112709,  -0.1,   0.6,  -0.2,   6.5,   8.9, 982.3,   0.0,   0.1
112733,  -0.5,   0.3,  -0.0,  18.8,   6.2, 997.7,   0.0,   0.1
112757,  -0.4,   1.6,  -0.3,   1.7,   9.9, 993.3,  -0.0,   0.1
112785,  -0.5,   2.1,  -0.3,   4.1,  -3.8,1006.7,  -0.0,   0.1
112809,  -1.2,   0.3,  -0.3,  -4.9,  -2.3, 984.5,  -0.1,   0.1
112833,  -0.5,   1.0,  -0.2,   1.2, -19.4, 984.3,  -0.1,   0.1
112857,  -1.0,   0.9,  -0.3,   9.5,  -0.9, 989.7,  -0.1,   0.1
112885,  -0.1,   0.8,  -0.2,  -4.4,  -1.6, 994.1,  -0.1,   0.1
112909,   0.0,   0.8,  -0.3,  -1.8,   8.4, 993.1,  -0.0,   0.1
112933,  -0.4,  -0.4,   0.1, -11.0,  -1.4,1010.2,  -0.1,   0.1
112957,  -0.5,  -0.7,  -0.4, -10.8, -11.1,1002.1,  -0.1,   0.1
112985,  -0.4,   0.4,  -0.1,  -2.2,  -5.3,1003.3,  -0.1,   0.1
113009,  -0.8,   0.5,  -0.3,  -0.5,   3.8,1013.3,  -0.1,   0.1
113033,  -0.9,   0.5,   0.0,   4.3,  -6.5,1006.7,  -0.1,   0.1
113057,  -0.5,   1.0,  -0.2, -10.8,  -0.9,1006.5,  -0.1,   0.1
113085,  -0.5,   1.7,  -0.7,  -2.5,  -2.8, 991.6,  -0.1,   0.2
113109,  -0.4,   1.3,  -0.3,  -2.7, -15.3, 998.0,  -0.1,   0.1
113133,  -0.3,   0.3,  -0.7,  -3.0,   2.3,1010.7,  -0.1,   0.1
113157,  -0.5,   0.3,   0.2,   0.7,  -2.6, 987.5,  -0.1,   0.1
113185,  -0.2,   0.8,   0.6, -12.7,  -1.4,1010.2,  -0.1,   0.1
113209,  -0.4,   0.3,   0.1,   1.2,  -0.6, 992.6,  -0.1,   0.1
113233,  -0.1,  -0.2,   0.3,   5.6,  18.2,1004.8,  -0.1,   0.1
113257,  -0.3,  -0.1,  -0.5,  15.1,  -0.6, 989.4,  -0.1,   0.1
113285,  -0.3,  -0.3,  -0.2, -10.5,   5.0,1006.7,  -0.0,   0.1
113309,  -0.7,   1.3,  -0.1,  -8.6, -12.3,1003.1,  -0.1,   0.1
113333,  -0.1,  -0.2,   0.4,  -7.9, -10.4,1000.6,  -0.1,   0.1
113357,  -0.7,   1.0,   0.0,  -0.3,   0.8, 995.0,  -0.1,   0.1
113385,  -0.5,   0.3,  -0.1,   1.2,  -4.5,1008.5,  -0.1,   0.1
113409,  -0.4,   1.3,  -0.6,  -7.6,  -0.1,1000.4,  -0.1,   0.1
113433,   0.3,  -0.1,  -0.7,  -5.4,   7.9, 983.8,  -0.1,   0.1
113461,  -0.4,   2.0,   0.3,   3.6,  15.2,1006.7,  -0.0,   0.2
113485,   0.1,   0.5,   0.1,  -7.1,  -7.5, 995.5,  -0.1,   0.2
113509,  -0.7,   1.0,  -0.2,  -3.0,   1.6,1006.3,  -0.1,   0.2
113533,  -0.2,  -1.0,  -0.1,  -6.4,   0.6, 997.2,  -0.1,   0.2
113561,  -0.1,  -0.1,   0.3,  11.9,   5.7, 996.0,  -0.1,   0.1
113585,   0.6,  -1.3,  -0.2,  13.4,   8.2,1000.2,  -0.1,   0.1
113609,  -0.7,   1.9,  -0.1,  -1.8,   4.7, 985.0,  -0.0,   0.1
113636,  -0.6,  -0.3,   0.2,  -2.5,  -3.1,1008.2,  -0.0,   0.1
113660,   0.3,   1.0,   0.3,  11.9,  -1.4, 990.4,  -0.0,   0.1
113684,  -0.7,   2.1,  -0.1, -22.3,   4.0, 984.5,  -0.1,   0.1
113708,  -1.0,   1.0,   0.1,  -4.7,   2.8,1007.0,  -0.0,   0.1
113736,   0.1,   0.1,   0.1,  -8.1,  -0.9,1012.9,  -0.1,   0.1
113760,  -0.2,   0.3,  -0.5,  -5.7,   8.4, 995.0,  -0.0,   0.1
113784,   0.1,   2.2,  -0.1,  -4.0,  -0.6, 981.1,  -0.0,   0.1
113808,  -0.8,   0.9,  -0.5,  -3.2,   2.5,1007.5,  -0.0,   0.1
113836,  -0.6,   0.6,   0.4,  -4.9, -13.6, 991.6,  -0.1,   0.1
113860,  -0.4,   0.9,  -0.4,  -1.3,   9.6,1000.4,  -0.1,   0.1
113888,   0.2,   0.8,  -0.7,   2.1,   0.6, 982.3,  -0.0,   0.1
113908,  -0.3,   1.6,  -0.0,  -0.5,  -3.6, 981.1,  -0.0,   0.1
113936,  -0.7,   1.0,   0.6,  -9.6,  -2.1, 994.8,  -0.1,   0.1
113960,  -0.2,   0.1,  -0.3,   9.7,  -2.3, 988.2,  -0.1,   0.1
113984,  -0.4,   1.3,   0.1,   6.5,   1.1,1011.6,  -0.0,   0.1
114008,  -0.3,   0.1,   0.3,  -6.4,   4.5, 995.5,  -0.1,   0.1
114036,  -0.2,   0.3,   0.0,  -7.1,  12.6, 986.2,  -0.0,   0.1
114060,  -0.5,   1.9,  -0.4,   0.4,  12.1,1009.9,  -0.1,   0.2
114084,  -0.2,   0.3,   0.6, -15.4,  -8.0, 989.9,  -0.0,   0.2
114108,  -0.3,   0.8,  -0.3,  21.2,   6.5, 983.6,  -0.1,   0.1
114136,   0.0,  -0.2,  -0.0,  -6.4,   4.7, 999.9,  -0.0,   0.1
114160,  -0.2,   0.1,  -0.0,   6.3,  -0.1,1008.7,  -0.0,   0.1
114184,  -0.1,  -0.1,   0.1,   1.2,   6.7, 976.0,  -0.0,   0.2
114208,   0.2,   1.3,   0.4, -10.8,  -7.7, 984.0,  -0.1,   0.2
114236,  -0.1,   0.7,  -0.2,  -1.5,   3.3, 984.8,  -0.0,   0.2
114260,  -0.3,   0.4,   0.1, -15.4,   1.1,1014.8,  -0.0,   0.2
114284,  -0.1,   0.2,  -0.1,  -2.5,  -2.3, 995.5,  -0.0,   0.1
114308,  -0.9,  -0.1,   0.3,  -2.0,   1.1, 997.5,   0.0,   0.2
114336,  -0.1,  -0.0,   0.2, -25.4,  -1.4,1005.3,   0.0,   0.2
114360,  -0.4,   1.2,   0.3,  -2.5,   3.3, 994.8,   0.0,   0.2
114388,  -0.1,  -0.0,  -0.3,  -9.8,   5.0, 986.7,   0.0,   0.2
114408,  -0.1,   0.5,  -0.7, -15.4,   3.5, 998.0,   0.0,   0.2
114436,  -0.7,   2.9,  -0.4,   7.3,  -1.4, 993.3,   0.0,   0.2
114460,  -0.2,   0.2,   0.3,   6.3,  -4.8,1022.9,   0.0,   0.2
114484,  -1.0,   0.8,  -0.1, -12.7,   2.8, 989.7,   0.0,   0.2
114512,  -1.2,   2.2,  -0.1,   2.6, -11.6, 985.3,  -0.0,   0.2
114536,  -0.9,   0.9,  -0.1,  -1.8,  -1.9, 992.3,  -0.0,   0.2
114560,  -0.3,  -0.1,  -0.3,   0.2,  -7.7, 988.9,  -0.1,   0.3
114584,   0.4,   0.5,   0.1,  -6.4,  10.6,1009.2,  -0.0,   0.3
114612,  -0.2,   0.1,   0.9,  -6.4,   0.3,1008.9,  -0.0,   0.2
114636,  -0.8,   0.3,  -0.1,  -4.9,  -2.8, 989.9,  -0.0,   0.2
114660,  -0.2,   0.7,  -0.2, -10.3,  -1.9,1003.8,  -0.0,   0.2
114684,  -1.1,   1.6,  -0.5,  -9.1,   4.5, 985.8,  -0.0,   0.2
114712,  -0.9,   1.8,  -0.2,  -0.0,  -3.8, 990.6,  -0.0,   0.2
114736,  -0.4,   0.5,   0.1,  -3.5,  -9.2, 991.9,  -0.0,   0.2
114760,   0.0,  -0.1,  -0.1,  -9.1,   5.5,1001.4,  -0.1,   0.2
114784,  -0.6,   1.3,  -0.8,   5.1, -11.6,1012.4,  -0.1,   0.2
114812,   0.2,  -0.1,  -0.5,  -4.2,   2.8,1002.1,  -0.1,   0.2
114836,  -0.3,   1.8,  -0.3,  -3.0,  -5.5, 990.9,  -0.2,   0.2
114860,  -0.6,   1.0,   0.3,   4.1,   5.7, 996.7,  -0.2,   0.2
114888,  -0.1,   0.8,  -0.2, -12.7, -12.1, 986.2,  -0.2,   0.2
114912,  -0.4,   1.0,   0.1,  -1.8,  -0.6,1020.7,  -0.2,   0.2
114936,  -0.4,   0.2,  -0.3,   2.4, -18.0,1001.4,  -0.1,   0.2
114960,  -0.3,   1.5,  -0.2,  -6.6,   1.1, 999.9,  -0.1,   0.2
114984,  -0.9,   1.5,  -0.0,   1.4,  -0.9, 994.1,  -0.1,   0.2
115012,  -0.7,   0.7,  -0.1,   4.3,  -5.3, 988.4,  -0.2,   0.2
115036,  -0.6,   0.7,  -0.0, -14.9,  12.3, 997.7,  -0.1,   0.2
115060,   0.5,  -0.3,   0.3,   2.4,  -6.7,1000.4,  -0.1,   0.2
115084,  -0.5,   1.3,  -0.3,  -6.2,   3.5, 997.7,  -0.1,   0.2
115112,   0.7,   0.6,   0.0,  -3.2,  -1.6,1010.4,  -0.1,   0.2
115136,  -0.4,   0.5,   0.1,  -6.9,  -0.6, 990.9,  -0.1,   0.2
115160,  -0.1,   2.0,  -0.2,   1.9,  -6.5, 988.7,  -0.1,   0.2
115184,  -0.4,   0.1,  -0.1,  -1.8,   4.7, 994.5,  -0.1,   0.2
115212,  -0.5,   0.7,   0.4,  -2.0, -10.9,1007.2,  -0.1,   0.2
115234,   0.4,   0.3,  -0.0,   5.8,  -2.3, 996.2,  -0.1,   0.2
115262,  -0.4,   0.1,   0.1,  -9.6, -10.6,1019.7,  -0.1,   0.2
115286,  -1.0,   0.9,  -0.5,  -7.1,  -4.3,1008.0,  -0.1,   0.2
115310,  -0.8,   1.3,  -0.2,   4.1,   7.7, 982.6,  -0.1,   0.2
115334,  -0.9,   1.0,   0.2,  -1.5,  -9.9,1008.9,  -0.1,   0.2
115362,  -0.8,   2.3,   0.1,   5.8,  11.1,1009.7,  -0.1,   0.2
115390,  -0.9,  -0.4,   0.1,  12.9, -16.0, 983.1,  -0.2,   0.1
115410,  -0.1,   2.0,  -0.1,   4.3,  -2.1,1009.4,  -0.2,   0.2
115434,  -0.1,  -0.3,  -0.1,  16.1,   8.9, 997.2,  -0.1,   0.1
115462,   0.3,   1.3,   0.1,  -4.2,  -0.6,1007.0,  -0.1,   0.2
115486,   0.3,  -0.2,   0.3,  -1.0,   2.5,1018.0,  -0.1,   0.2
115510,  -0.5,   1.8,  -0.8,   1.7,  -4.8,1022.9,  -0.1,   0.2
115538,   0.4,   0.7,   0.3,   8.5,  -5.0, 995.0,  -0.1,   0.2
115562,  -0.1,  -0.4,   0.1,  -9.1,   5.2, 995.5,  -0.1,   0.2
115586,   0.6,   0.3,   0.1,   7.0,   0.6, 988.4,  -0.1,   0.2
115610,  -0.2,  -0.7,  -0.6, -14.0,  -2.3, 987.5,  -0.0,   0.2
115638,  -0.4,   1.5,  -0.5,  -5.9, -17.5,1008.2,  -0.0,   0.2
115662,   0.6,  -0.5,  -0.4,  -1.3,  -8.4,1016.0,  -0.0,   0.2
115686,  -0.1,   0.4,  -0.2,  -4.2, -14.8,1005.5,  -0.0,   0.2
115710,   0.3,  -1.7,  -0.0,  -2.5,  -1.9, 984.0,   0.0,   0.2
115738,  -1.2,   1.3,  -0.0,   2.6,  -7.5, 991.4,   0.0,   0.2
115762,   0.2,   1.4,  -0.0,   4.1, -12.6, 995.8,   0.0,   0.2
115786,   0.2,  -0.6,   0.0,  -5.2,  -5.3,1002.4,   0.0,   0.2
115810,  -0.5,   0.8,   0.1,  -4.7,   8.9, 996.7,   0.0,   0.2
115838,   0.6,   0.4,  -0.3, -11.0,   6.7,1010.9,   0.1,   0.2
115862,  -0.2,   0.3,  -0.5,   5.3,   1.6, 997.5,   0.1,   0.2
115890,   0.1,   1.9,  -0.3,  -3.7,  -1.4,1005.8,   0.1,   0.2
115910,  -0.1,   0.4,   0.1,   1.7,   4.5,1009.4,   0.1,   0.2
115938,  -0.9,   2.9,  -0.6,  -9.8,  16.5,1000.2,   0.1,   0.2
115962,  -0.1,  -0.7,   0.3,  -1.0,  -4.5, 997.5,   0.0,   0.2
115986,  -0.2,   0.2,   0.4,  -3.0,   6.5, 978.4,   0.1,   0.2
116010,  -0.3,   1.1,  -0.2,  -4.7,  -4.5,1008.5,   0.1,   0.2
116038,  -0.5,   0.8,   0.1,  11.7,  15.2,1001.9,   0.1,   0.2
116062,  -0.8,   1.1,   0.0,   2.9,  -4.3,1008.2,   0.0,   0.2
116086,   0.2,   1.0,  -0.4, -10.8,  -0.6,1000.9,   0.0,   0.3
116110,  -0.4,   0.8,   0.0, -15.2,   9.1, 998.0,   0.1,   0.3
116138,   0.1,  -0.3,   0.3,  -3.5, -16.5,1004.5,   0.0,   0.3
116162,  -0.2,   1.3,  -0.3,   0.9,  -5.3, 989.9,   0.0,   0.3
116186,  -0.7,   0.5,  -0.5,  -8.3, -19.9,1000.4,  -0.0,   0.2
116210,  -0.8,   0.6,  -0.4,  -5.2,  -5.5, 999.7,  -0.0,   0.3
116238,  -0.1,   0.5,   0.3,  -7.4,   3.0,1010.9,  -0.0,   0.2
116262,   0.2,  -0.1,   0.4, -24.0,  -8.9,1016.8,  -0.0,   0.3
116286,   0.2,  -0.7,  -0.3,  -1.0,  -4.3,1004.1,  -0.0,   0.3
116310,  -0.3,   1.9,  -0.5, -22.0,  10.8,1011.1,  -0.0,   0.2
116338,   0.4,   0.3,   0.4,   3.4,  18.7,1013.1,  -0.0,   0.2
116362,   0.1,  -0.4,  -0.0,   4.8,  -3.6, 987.0,  -0.0,   0.2
116390,  -0.5,   0.7,   0.1,   7.8,  -3.3,1003.3,  -0.0,   0.2
116410,   0.1,   1.2,  -0.5,  -2.5,   8.4, 998.2,  -0.0,   0.2
116438,  -1.0,   0.5,  -0.5,  -4.7,  -4.8,1001.1,   0.0,   0.1
116462,  -0.2,   0.2,   0.2,  -9.1,  -3.3,1006.3,   0.0,   0.2
116486,  -0.3,  -0.9,  -0.3, -14.2,   2.1,1001.1,  -0.0,   0.2
116514,   0.4,  -0.6,   0.6,   1.9,   1.3,1003.1,  -0.0,   0.2
116538,  -0.2,   2.0,  -0.8,  -5.9,  -8.7, 982.8,  -0.1,   0.2
116562,  -1.1,   2.2,  -0.2,   1.7,   4.3,1000.9,  -0.1,   0.2
116586,  -0.2,   1.1,  -0.6,  -5.2,  -2.3,1012.1,  -0.0,   0.2
116614,  -0.7,  -0.1,  -0.5,  16.3,   5.7,1008.0,  -0.0,   0.2
116638,   0.2,   0.7,   0.1,  -0.0,   8.4,1005.5,   0.0,   0.1
116662,  -0.1,  -0.4,  -0.4, -20.1,  14.5,1006.7,   0.1,   0.2
116686,  -0.1,   1.8,  -0.5, -15.7,  -0.4,1001.6,   0.1,   0.2
116714,   0.1,   0.6,   0.1, -19.3,   6.9,1005.3,   0.1,   0.3
116738,   0.2,  -1.4,  -0.2, -24.0, -15.8,1007.2,   0.1,   0.3
116762,  -0.5,   0.5,  -0.3,  -7.6, -16.0,1011.6,   0.1,   0.3
116786,  -0.4,   0.1,   0.1, -16.2,  -3.8,1005.3,   0.0,   0.3
116814,  -0.2,   0.4,   0.1,   0.4, -12.1, 995.3,  -0.0,   0.3
116836,  -0.5,   0.1,   0.6,  11.7,  20.6, 978.2,  -0.0,   0.2
116864,  -0.2,   0.9,   0.3,   3.9,   3.5,1020.7,  -0.1,   0.1
116892,   0.5,  -1.2,  -0.3,   2.6,  -3.1,1008.5,  -0.1,   0.1
116912,   0.1,  -0.6,  -0.3,   9.2,  -9.4,1008.9,  -0.1,   0.0
116936,  -0.7,   1.3,  -0.1,   1.9, -13.3, 997.0,  -0.1,   0.0
116964,   0.9,  -0.4,   0.2,  -8.3,  -5.5, 998.7,  -0.1,   0.0
116988,  -0.1,   0.7,   0.1, -14.9,  15.0,1010.4,  -0.0,   0.1
117012,   0.4,  -0.6,  -0.5,   3.9,  -2.1,1000.4,  -0.0,   0.1
117036,  -0.5,  -0.9,  -0.6,  -2.0,  12.3, 995.5,   0.0,   0.1
117064,  -0.4,   0.1,  -0.4,  -1.0,  -3.3,1011.4,  -0.0,   0.1
117088,  -0.9,   0.8,  -0.2,  -4.0,  11.8, 994.5,   0.0,   0.1
117112,  -0.2,   1.2,   0.4,   6.1,   6.7, 982.6,   0.0,   0.1
117136,   0.5,  -0.0,   0.4,   8.5,  -3.3,1006.0,  -0.0,   0.1
117164,  -1.0,  -0.6,   0.3,  19.5, -43.1, 991.9,  -0.1,   0.0
117188,   0.4,   0.2,  -0.0,   9.5,  43.6, 987.7,  -0.0,   0.1
117212,  -0.4,   1.5,  -0.6, -61.1, -31.9, 961.8,  -0.1,   0.2
117236,  -0.7,   2.6,  -0.2,-189.3, -17.0, 879.3,  -0.2,   0.4
117264,  -0.3,  -0.4,   1.1, 199.2,  11.6,1034.3,  -0.1,   0.3
117288,  -0.9,   3.9,  -0.6,-102.1, -54.6, 992.6,  -0.1,   0.4
117312,  -1.2,   2.6,  -0.1,   1.9, -20.9,1051.9,  -0.1,   0.4
117336,   0.3,  -3.1,   0.8, 234.6,  -3.6,1049.0,  -0.0,   0.2
117364,  -0.9,   3.0,  -0.6,-198.0,  16.5, 987.9,  -0.0,   0.3
117392,  -0.3,   0.3,   0.2,  86.6, -17.5,1017.5,  -0.0,   0.2
117412,  -0.4,   1.0,   0.4,  19.2, -40.4, 992.3,  -0.1,   0.3
117436,   0.1,   0.8,   0.1, -74.0, -21.9, 988.4,  -0.1,   0.5
117464,   0.1,  -0.4,  -0.6,  -6.6, -15.0,1004.5,  -0.1,   0.5
117488,  -0.1,   3.5,  -0.5,  -9.8, -18.0,1025.1,  -0.1,   0.4
117512,  -1.3,   2.7,   0.1, -99.9, -22.4, 995.8,  -0.2,   0.5
117540,   0.0,   1.1,  -0.6, -50.6,  16.0,1039.5,  -0.1,   0.4
117564,  -0.2,  -0.4,   0.4, -35.9,  25.0,1008.2,   0.0,   0.5
117588,  -0.6,   0.7,  -0.1,  -6.6,   0.8,1014.1,   0.1,   0.5
117612,  -0.7,   0.5,   0.6, -11.5,   0.6, 999.7,  -0.0,   0.5
117640,  -0.8,   0.8,   0.2, -20.6,  -9.2, 991.4,  -0.0,   0.4
117664,  -0.5,   1.9,  -0.0,  -9.3, -15.0, 998.7,  -0.1,   0.4
117688,  -0.1,   0.6,   1.4,   9.2, -45.3,1011.9,  -0.3,   0.4
117712,   0.0,   0.2,   0.9, -28.4, -25.5,1004.1,  -0.5,   0.5
117740,   0.7,  -0.7,  -0.0,  23.6, -10.6,1012.4,  -0.6,   0.5
117764,  -0.6,  -2.1,  -2.3, 309.0, -93.9,1114.4,  -0.4,   0.3
117788,   3.1,   2.1,   2.8, 273.1,  51.6,1026.5,  -0.8,  -0.2
117812,  -2.1,   0.8,   0.4, 574.7, 345.8, 605.1,   1.4,  -0.5
117840,  -2.4,  15.3,  -9.7,-503.5,  55.0, 814.4,  -1.0,   1.0
117864,  -6.0,  -1.7,  -3.5, 532.7,  45.0,1634.7,   1.6,   1.0
117892,   0.4,   8.9,   3.3,-344.8, 146.8, 920.6,   1.8,   1.6
117912,   0.5,   5.2,   6.7,-196.8,  91.7, 949.4,   2.3,   2.2
117940,  -0.7,  -0.6,   7.6, 386.2, -88.0, 953.8,   1.8,   2.3
117964,   0.1,   5.2,   4.0,-225.1,  -8.2, 878.8,   1.2,   2.4
117988,   0.1,  -0.3,   3.0,  -4.4, -58.0,1176.2,   0.7,   2.1
118012,   1.1,  -3.1,   1.8,  10.2, -47.3,1064.1,   0.3,   1.7
118040,   0.7,   0.8,  -1.4, -50.6,  19.9, 972.8,   0.1,   1.4
118064,   1.1,   3.4,  -1.1,-285.0,  49.7, 832.4,  -0.1,   1.5
118088,  -0.4,   0.2,  -1.0, 162.1, -64.4,1047.5,  -0.2,   1.0
118112,  -1.2,   3.3,  -1.4, -74.8, -52.6, 964.8,  -0.1,   1.0
118140,  -0.5,   0.2,  -0.5, 227.5, -11.6,1008.7,  -0.2,   0.7
118164,   0.2,   1.3,  -0.7,  21.7,   4.7, 947.4,  -0.2,   0.7
118188,   0.1,  -0.0,  -0.9,  82.5, -49.2,1023.1,  -0.3,   0.6
118212,  -0.4,   1.0,  -0.7, -35.0, -30.2, 996.5,  -0.4,   0.6
118240,   0.2,   0.4,  -1.9,   5.6, -29.2, 997.7,  -0.4,   0.6
118264,  -0.1,   0.9,  -1.9, -14.0, -14.3,1009.9,  -0.5,   0.6
118288,  -0.5,  -0.4,  -1.1,   7.3,  -6.5,1020.2,  -0.5,   0.6
118312,  -0.7,   1.8,  -1.0,  15.8,   9.1, 994.5,  -0.6,   0.6
118340,  -0.5,   0.1,  -1.1,  19.7,  -5.8,1019.0,  -0.6,   0.6
118364,  -0.9,  -0.7,  -0.3,  18.5, -10.9,1013.8,  -0.7,   0.5
118392,  -0.1,  -0.4,  -1.1,   0.7,  -4.5, 999.2,  -0.7,   0.5
118412,  -0.4,   0.5,  -0.8,  -0.8, -17.7,1007.5,  -0.8,   0.5
118438,  -0.2,   0.3,   0.1,   4.3, -16.7,1003.8,  -0.8,   0.4
118462,  -0.4,  -0.2,   0.1,   4.3,  -8.2, 991.4,  -0.8,   0.4
118490,  -0.6,   1.2,  -0.2, -15.4, -20.6, 999.4,  -0.9,   0.5
118514,   0.1,  -2.5,   0.1,   0.2, -13.8,1010.9,  -0.9,   0.6
118538,  -0.3,  -0.5,   0.6,   4.1,  -0.1, 980.4,  -0.9,   0.5
118566,  -1.4,  -0.1,   0.2,  25.6, -18.9,1001.6,  -0.9,   0.3
118590,  -0.4,   0.2,  -0.1,  30.0, -15.3, 991.6,  -0.8,   0.2
118614,  -1.0,   1.8,   0.1,   7.8,  10.1,1005.3,  -0.8,   0.2
118638,  -0.5,   1.1,   0.2,   5.6,  11.3, 992.1,  -0.7,   0.1
118666,  -0.7,   1.5,   0.4, -24.2,  17.9, 998.0,  -0.5,   0.2
118690,  -0.1,   1.6,   1.0,  -1.3,   6.2,1019.2,  -0.4,   0.2
118714,   0.6,  -0.9,   0.8,  -1.0,  12.6,1021.2,  -0.3,   0.2
118738,  -0.7,   1.4,   0.2, -21.0,   0.6, 996.2,  -0.3,   0.2
118766,  -0.2,   0.8,   0.7,  -2.2, -13.1,1009.7,  -0.3,   0.2
118790,  -0.4,  -1.5,   0.7,   0.2, -33.1,1000.4,  -0.5,   0.2
118814,   0.1,  -0.9,   0.3, -11.8, -21.9,1002.4,  -0.6,   0.2
118838,   0.3,   0.4,   1.0,  -2.7,  12.1,1007.5,  -0.5,   0.2
118866,   0.9,   0.3,   1.4, -25.9,  24.0, 993.6,  -0.3,   0.3
118894,  -1.0,  -0.6,   1.1,  33.2, -87.1, 997.5,  -0.4,   0.3
118914,   0.4,   0.2,   1.2,  34.4, -27.5,1027.7,  -0.6,   0.1
118938,  -1.0,  -0.0,  -0.0,  34.1,  30.4, 996.5,  -0.4,  -0.1
118966,   0.1,   1.0,  -0.3,   5.1,  28.9,1006.5,  -0.0,  -0.1
118990,  -0.6,  -0.1,  -0.8,  -0.0,  35.7, 997.2,   0.3,  -0.1
119014,  -0.2,   0.5,  -1.1,   9.5,  52.8,1006.3,   0.5,  -0.1
119038,  -0.1,   0.7,  -0.9,  12.9,  46.7, 998.0,   0.8,  -0.1
119066,  -0.1,   1.2,  -1.3, -13.0,  64.8, 977.4,   1.0,  -0.1
119090,   0.2,  -1.7,  -0.7, -14.5,  73.3,1010.7,   1.4,  -0.1
119114,   2.2,   0.4,  -0.4, -37.9,  46.0, 896.6,   1.8,  -0.2
119138,  -0.4,  -1.5,  -0.8, -12.7,  53.1, 993.1,   2.1,  -0.2
119166,  -0.1,  -0.9,  -0.8,  -1.8,  54.8, 998.2,   2.4,  -0.1
119190,  -0.2,   1.5,  -0.3,  -8.1,  56.3, 995.8,   2.6,  -0.2
119214,  -0.4,   2.2,  -1.1,   0.9,  64.8, 980.6,   2.7,  -0.2
119238,  -0.7,   1.3,  -0.8,  -1.3,  66.8,1002.6,   2.9,  -0.2
119266,   0.1,   1.1,  -1.0, -11.0,  58.9, 993.6,   3.0,  -0.1
119290,  -0.9,   0.1,  -0.8, -19.1,  49.4,1007.7,   3.1,  -0.1
119314,  -1.1,   1.4,  -1.4,  -2.7,  56.3, 973.5,   3.2,  -0.1
119338,  -0.3,   0.2,  -1.0,   2.4,  57.0, 968.7,   3.3,  -0.1
119366,  -0.7,   2.7,  -0.7,  27.1,  54.5, 996.0,   3.2,  -0.1
119394,  -0.4,   1.7,  -0.8,  -8.6,  36.7, 989.7,   3.3,  -0.1
119414,  -0.1,   2.4,  -0.7,   4.8,  35.3, 975.3,   3.2,  -0.1
119438,  -1.0,   1.5,  -1.3,  14.6,  19.4,1026.5,   3.2,   0.0
119466,  -1.0,   1.6,  -0.8, -23.7,  28.9,1015.8,   3.0,   0.1
119490,  -0.2,   1.0,  -1.9,  -2.2,  16.2, 999.9,   2.9,   0.1
119514,   0.4,  -0.3,  -1.4,  -3.7,  28.4,1009.2,   2.7,   0.2
119538,  -1.2,   1.3,  -1.7,  32.2,  20.1, 973.8,   2.6,   0.2
119566,  -0.2,   0.7,  -1.4,   5.1,  46.2, 968.2,   2.5,   0.2
119590,   0.4,  -0.1,  -1.6, -17.1,  -1.9, 990.6,   2.3,   0.2
119614,  -0.1,   0.5,  -1.6, -43.3,  72.1, 995.5,   2.3,   0.2
119642,   0.4,  -1.7,  -1.6, -19.6,  24.3, 999.4,   2.3,   0.2
119666,  -0.2,  -0.5,  -0.5,  65.6,  34.5,1022.9,   2.1,   0.3
119690,  -1.6,   0.6,  -1.4, -24.0,  38.2,1005.5,   2.2,   0.2
119714,  -0.9,  -1.8,  -0.6,  -8.8,  28.2, 996.5,   2.2,   0.3
119742,  -0.2,   0.3,   0.1, -58.4,  53.8, 973.3,   2.1,   0.3
119766,  -1.0,   0.3,   0.2, -55.0,  31.8, 967.7,   2.2,   0.4
119790,  -0.9,   1.4,   0.1,   5.3,  35.3, 972.6,   2.4,   0.2
119814,  -0.5,   0.4,   1.9,   1.2,  60.4, 987.7,   2.3,  -0.1
119842,  -1.4,   2.8,   2.5, -85.5,  94.1,1006.5,   2.5,   0.2
119866,   2.0,  -2.0,   5.0, 148.9,  19.9,1185.7,   2.1,   0.5
119894,   1.2,   0.7,   2.4, -76.7, 100.7, 931.6,   2.2,   0.6
119914,   0.0,   3.4,   4.0,-138.5, -29.2, 930.3,   2.0,   0.8
119942,   0.4,   1.5,   7.3, -90.6,  46.2,1082.2,   1.8,   1.2
119966,  -1.3,   2.7,   8.9,  47.1,  10.1,1004.8,   2.0,   0.9
119990,   0.9,  -0.8,  10.0,   6.3, -12.3,1030.2,   1.7,   1.0
120014,   0.8,   1.7,   9.4,   3.6,  31.4,1003.8,   1.9,   1.2
120040,   0.3,   1.3,   9.4, 120.6, -12.1, 966.2,   2.1,   0.9
120064,   0.0,   4.8,   8.6,-139.5, -51.4, 996.0,   1.7,   0.7
120092,  -1.0,   1.8,  10.4,  53.2,  -5.0,1017.7,   1.8,   0.9
120116,  -2.4,   3.2,  11.0, -56.9, -46.3, 960.6,   1.5,   0.9
120140,  -0.9,   4.4,  13.1, -41.8,  57.5, 993.3,   1.3,   1.1
120164,  -1.0,   2.9,  13.7, -13.2,  10.4, 993.6,   1.1,   1.0
120192,  -0.3,   0.3,  14.2,  10.9, -23.8, 978.4,   0.8,   1.2
120216,   0.9,   2.1,  13.9, -73.5,  43.6,1076.1,   0.5,   1.3
120240,  -0.1,   4.1,  12.5,  85.6,  -1.9,1070.7,   0.4,   1.1
120264,  -0.5,   1.2,  13.6,   3.6,  17.4, 991.6,   0.4,   1.4
120292,  -0.9,   5.8,  12.7,-113.6, -16.0,1005.0,   0.1,   1.1
120316,  -2.4,   4.3,  11.8,-134.1, -49.7,1038.0,   0.2,   1.3
120340,   0.6,   1.9,  12.6, -26.7,  17.4,1006.7,  -0.1,   1.2
120364,   0.0,   3.3,  11.4, -48.4, -71.4,1022.9,  -0.4,   1.2
120392,   0.9,   2.4,   9.2,  41.7,  20.1,1059.7,  -0.4,   1.2
120416,   1.2,  -0.7,   8.3,  40.2,  -7.7, 952.5,  -0.6,   1.0
120440,   0.3,   0.3,   8.4,  35.8, -88.0,1006.0,  -0.9,   0.9
120464,   2.0,   1.3,   8.0,-101.4, -37.7,1007.5,  -1.0,   1.0
120492,   2.9,   3.6,   9.9, -53.0,  26.2,1099.5,  -1.0,   1.1
120516,   0.8,   5.0,  13.1,-207.1, -69.5, 982.8,  -1.0,   1.7
120540,   0.7,   1.1,  13.6, 150.3,-225.2,1099.3,  -2.0,   1.5
120568,   0.1,  -2.0,   8.4, 207.7,-143.5,1036.0,  -3.5,   1.2
120592,   0.0,   1.5,   2.5, 193.1, -51.2,1006.5,  -3.7,   0.3
120616,   2.0,  -1.5,  -1.8, -64.0, 173.2,1024.6,  -3.2,   0.1
120640,  -2.7,  -4.0,  -2.7, 504.6,-128.3,1154.7,  -2.1,  -0.5
120668,   1.5,   4.1,  -4.0,-295.5, 134.6,1140.8,  -3.1,  -0.8
120692,  -1.8,  -1.8,  -4.9, 195.5, -87.1, 917.4,  -2.5,  -0.6
120716,  -1.4,   2.6,  -4.1, -33.0, 182.0,1000.9,  -2.1,  -0.9
120740,  -1.6,  -0.9,  -3.9,  56.1,  51.9, 974.8,  -1.3,  -0.7
120768,  -0.5,  -0.4,  -3.1,  -3.0,  74.3, 983.6,  -1.0,  -0.5
120792,  -1.2,   2.7,  -3.6, -54.5, -30.2,1104.2,  -0.8,  -0.3
120816,   1.2,  -0.1,  -2.4, -70.6, -50.7,1046.3,  -1.2,   0.1
120840,   0.6,   0.3,  -3.5,  55.9,  78.7, 956.9,  -0.8,  -0.2
120868,   0.2,   0.7,  -5.3,   7.8,  94.3, 970.4,  -0.3,  -0.0
120896,  -1.2,  -1.2,  -5.3,  18.3,  83.4,1015.5,  -0.2,  -0.1
120916,  -0.1,   0.4,  -4.7, -83.1, -38.0, 895.4,  -0.0,   0.2
120940,  -2.9,  -3.9,  -4.7, -21.0, -29.2, 965.2,   0.2,   0.2
120968,  -1.4,   3.4,  -6.2,  91.5,   0.3, 990.9,   0.3,  -1.0
120992,  -0.2,  -0.3,  -5.7, -98.4, 166.4, 968.2,   0.9,  -0.2
121016,   0.4,  -0.1,  -5.0, -28.1,  -9.7,1098.8,   1.3,  -0.5
121040,   0.6,  -0.1,  -4.2, -33.7, 117.3,1009.7,   1.8,  -0.6
121068,   0.1,  -0.3,  -2.9,  31.4, 106.8,1037.0,   2.2,  -0.6
121092,  -0.2,  -0.5,  -0.8,  15.8,  79.7, 966.0,   2.3,  -0.3
121116,  -0.4,   2.6,  -0.5,  35.4,  46.5,1026.0,   2.4,  -0.4
121140,  -0.1,   0.9,   1.4, -67.9,  51.4, 949.9,   2.6,  -0.2
121168,   0.3,   0.8,   2.3, -31.5,  25.5,1067.3,   2.6,  -0.1
121192,  -0.7,   3.5,   1.1,  -3.0,-107.8, 987.9,   2.4,  -0.0
121216,   0.7,   1.5,   1.2,-150.9,  -8.4, 968.2,   2.1,   0.2
121240,   1.0,  -0.4,   1.2, 133.3, -69.2,1037.0,   1.7,   0.2
121268,   0.1,   0.9,  -0.8,  35.1, 135.8,1009.7,   2.0,  -0.0
121292,  -0.8,   1.5,  -1.7,   3.6,  -8.9, 948.2,   1.9,  -0.0
121316,  -1.0,   2.1,  -1.8,  46.1, -74.6,1301.7,   1.8,  -0.5
121340,  -0.2,   0.9,   0.1,-222.2,-219.4, 982.8,   0.9,   0.3
121368,   1.9,   0.4,  -2.1,  24.4, 168.8, 990.9,   1.4,  -0.2
121396,   1.0,   0.2,   0.4, 333.2, -90.2,1088.0,   1.3,  -0.5
121416,   4.1,   4.8,   0.1,-208.3,  87.7,1038.5,   1.0,  -0.1
121440,   0.9,  -1.3,   1.5, -65.7, -97.3,1031.9,   1.7,   0.7
121468,  -0.1,   5.1,   1.8,-248.3,  47.2, 961.8,   1.8,   0.7
121492,   0.4,   1.8,   3.5, -85.5,  18.4,1040.7,   1.7,   0.8
121516,   1.3,   0.7,   3.9,  61.2, 111.9, 948.6,   1.5,   0.7
121540,   1.5,  -1.3,   3.4,  94.2,  14.8, 997.5,   1.2,   0.5
121568,   2.0,   3.2,   3.3, -84.8,  62.1, 995.0,   1.0,   0.5
121592,   1.2,  -1.3,   1.7,  -7.9, -25.8, 930.8,   0.9,   0.8
121616,   0.4,   2.5,   0.9,-100.1, -57.3, 968.7,   0.4,   0.6
121642,  -1.6,   4.1,   0.4, -83.1,-151.5, 975.0,   0.0,   0.3
121666,  -0.9,   1.9,   0.5, -26.7,  28.9,1018.7,  -0.4,   0.3
121694,  -4.1,   3.7,  -0.2, 127.9, -47.3, 937.4,  -0.2,  -0.1
121718,  -3.2,   2.6,   2.7, -52.3, -49.0, 954.7,  -0.6,  -0.1
121742,   1.1,   0.4,   5.7, -15.4,-192.8,1013.8,  -1.6,   0.3
121766,   1.8,   6.6,   2.2,-327.9,   9.6,1019.0,  -1.7,   0.3
121794,   0.0,   0.8,   2.2,  95.7, -34.6, 963.5,  -1.7,   0.3
121818,  -1.6,  -1.7,  -2.1,  34.6,  45.5,1021.6,  -1.6,   0.1
121842,  -0.9,  -0.0,  -2.5,  79.3,  -0.4, 912.3,  -1.6,  -0.1
121866,  -0.2,   0.4,  -0.7,  21.7, -55.1,1055.3,  -1.6,  -0.4
121894,  -0.9,   4.3,  -1.7,-217.6,  41.1,1025.3,  -1.6,  -0.1
121918,  -0.7,  -2.5,  -0.5,  34.9, -16.5, 982.6,  -1.1,   0.5
121942,  -0.5,  -1.2,  -1.2,  71.2,  39.7,1047.3,  -1.2,  -0.2
121966,  -1.1,  -0.4,  -1.5, -15.7,  28.2, 961.8,  -0.7,  -0.3
121994,  -1.7,  -0.1,  -0.4,  52.0,   6.2, 965.5,  -0.4,  -0.3
122018,  -0.3,   0.4,  -1.1, -19.3,  -5.0, 967.2,  -0.3,  -0.4
122042,  -0.2,   0.7,  -1.0,  29.5,  15.2,1005.0,   0.1,  -0.2
122066,   1.2,  -1.0,   0.9, -40.6,  73.8, 995.3,   0.4,  -0.1
122094,   1.9,   0.4,   0.8, -11.8,  26.0, 964.5,   0.6,  -0.0
122118,   1.5,  -0.6,   0.3, -20.6, 115.8, 966.2,   1.2,   0.1
122142,  -1.5,   2.4,   0.8,  62.5,  96.3, 942.8,   1.7,  -0.2
122166,  -1.3,   0.7,   1.1,  42.9, 120.7, 991.9,   2.3,  -0.4
122194,  -2.9,   1.6,   1.8, -59.6, 149.0,1039.9,   2.7,  -0.2
122218,  -2.1,   2.7,   2.9,  39.3,  37.5, 990.4,   2.6,  -0.3
122242,  -1.0,   1.8,   3.4,  41.7, 145.6,1068.3,   2.7,  -0.0
122266,  -0.8,   2.0,   3.6, -88.2,  57.5, 916.7,   2.9,   0.4
122294,  -5.4,   4.0,   2.3, -88.4,  29.9, 892.0,   3.3,   0.2
122318,  -4.6,   7.4,   5.1,-222.2,  65.5,1187.4,   2.8,   0.1
122342,  -3.4,   4.5,   5.3,  18.3,   6.9, 805.6,   2.6,   0.1
122366,  -2.7,   3.3,   5.2,  19.0,-127.1,1031.9,   2.2,   0.5
122394,  -4.3,   1.9,   1.6, -79.1, 128.3, 836.1,   2.3,   0.6
122418,  -4.6, -13.8,   8.4, 174.3,-825.6,1613.4,   1.3,   1.1
122442,   4.4,  -2.3,   3.0, 433.8,  99.7,1040.4,   1.0,   0.8
122466,   1.0,   6.4,  -4.6,-554.5,  45.3, 793.4,   1.3,   1.0
122494,  -4.8,   5.1,  -4.4, 218.2,-314.1,1119.5,   1.7,   0.8
122518,   6.2,   0.2,  -1.3, -34.0,  60.2, 882.7,  -0.0,   0.6
122542,   0.4,  -0.7,   0.8, 223.8, 162.2,1035.1,   1.7,   0.3
122566,   4.7,   1.5,   2.5,  14.1,   6.9,1026.3,   1.0,   0.9
122594,   4.5,   1.9,   2.3, 167.4,  -4.0, 960.4,   1.0,   0.3
122618,   3.8,   1.8,   4.9,-144.8, 288.9, 918.6,   1.5,   1.0
122642,   5.1,   0.1,   5.5, -29.6, -69.5, 914.9,   1.1,   1.1
122670,   4.4,   1.3,   3.7,-205.1, 166.6, 980.6,   1.2,   1.3
122694,   3.6,   1.0,   4.6, -13.0,  56.5,1065.8,   0.9,   1.0
122718,   3.8,   0.9,   3.4,  25.8, -73.6,1164.9,   0.6,   0.7
122742,   2.1,   0.7,   2.6, -57.4, -72.7, 956.5,   0.5,   1.2
122770,   3.6,   0.5,   2.8, 249.5, -58.5, 957.4,  -0.0,   0.3
122794,   1.8,   3.2,   2.5,-241.0,  39.9, 967.4,   0.2,   0.9
122818,  -0.9,   2.9,   3.6, 124.5,-113.9, 939.4,   0.4,   0.6
122842,   4.0,   1.9,   6.2,  -9.8,-180.1, 954.0,  -0.9,   0.8
122870,   4.0,   0.3,   3.6, 127.1,  59.9,1078.5,  -0.9,   0.7
122898,   5.6,  -0.3,   4.0,  31.2, -27.0,1037.0,  -0.9,   0.7
122918,   2.3,  -1.2,   0.3, -88.4,  74.3,1017.2,  -0.4,   0.8
122942,   2.6,  -0.5,  -2.1,  30.0, -61.2, 959.9,  -0.7,   0.5
122970,   4.7,   1.6,   0.6,  73.2, 184.7,1076.8,  -0.6,  -0.3
122994,   5.8,   2.9,   1.5, -52.5, -20.2,1080.0,  -0.2,  -0.1
123018,  -0.2,  -1.8,  -0.3,-220.8, -42.6, 919.8,   0.7,   0.8
123042,   1.9,  -0.9,  -1.3,  40.5,  48.0,1073.4,   0.4,   0.6
123070,   1.7,  -0.0,  -3.8,  22.7, 122.2,1000.6,   0.6,   0.2
123094,  -0.5,  -3.4,  -4.4, -69.1,  74.6, 976.5,   1.0,   0.4
123118,   1.1,  -4.9,  -6.8,  54.4, -38.0, 982.8,   0.9,   0.1
123142,  -1.0,  -2.6,  -8.5,  28.0,  74.1, 923.3,   1.4,  -0.1
123170,   0.3,  -1.8,  -7.0,   9.0, -77.3,1042.1,   1.5,  -0.6
123194,   0.0,  -0.4,  -6.1,  24.6,  53.1,1010.7,   2.1,  -0.7
123218,  -3.1,   2.2,  -6.1, -29.8, 179.5, 977.9,   3.1,  -0.8
123244,  -0.5,  -4.1,  -0.4, 329.5, 153.2,1011.9,   2.6,  -0.9
123268,  -1.3,   4.4,  -0.9,-251.5, 115.8,1029.7,   3.0,  -0.8
123292,  -3.0,   0.1,   1.1, -17.9,  37.5,1051.9,   3.3,  -0.2
123320,  -4.5,  -1.4,   3.0, -54.5,  64.1,1065.8,   3.6,   0.1
123344,  -3.5,   4.7,   4.5,  80.8,-193.7, 922.0,   2.6,  -0.7
123368,  -1.6,   2.6,   4.8,-145.6, 100.2,1112.0,   2.7,  -0.1
123396,  -1.0,   3.1,   3.7,  25.1,-124.2, 931.8,   2.5,  -0.0
123420,  -0.9,   2.8,   0.8,-277.4, -33.1, 950.1,   2.4,   0.6
123444,   0.2,   2.1,   1.0,  44.4,  -4.8, 987.7,   2.0,   0.4
123468,  -0.7,   2.9,  -0.2, -36.9, 104.6, 842.7,   1.8,   0.3
123492,  -2.9,  -0.0,  -0.5, 175.7, 101.4, 934.5,   2.2,   0.5
123520,  -1.1,   1.8,   0.4,-111.4,  48.4,1036.8,   1.6,   0.5
123544,  -1.5,  -0.1,   0.3,  63.4,  86.5,1074.1,   1.7,   0.5
123568,  -0.6,   1.0,   0.9,  -2.5, 114.4, 899.1,   2.1,   0.6
123592,  -5.8,   0.1,   3.8,-349.7,-405.4,1266.3,   2.1,   1.3
123620,  -0.2,  -0.0,   3.8,  95.7,  50.6, 893.7,   1.1,   0.6
123644,  -0.3,  -2.1,   1.9, -90.9,  72.9, 829.3,   1.3,   0.8
123668,   0.1,  -0.7,   2.5,  27.3, -58.7, 948.4,   1.4,   0.7
123696,   0.2,   3.8,   2.4,  67.3,-105.6, 918.1,   0.7,  -0.1
123720,   0.8,   1.5,   3.5,-112.8, 206.2,1012.1,   0.7,   0.4
123744,  -1.5,   0.2,   3.3, -47.9,-147.4,1083.7,   0.4,   0.3
123768,  -3.7,  -1.0,   3.6, -35.2,-141.7, 924.5,   0.0,   0.6
123796,  -1.8,   4.0,   5.0, -22.8,   1.6,1066.8,  -0.7,  -0.2
123820,  -2.6,   4.3,   4.9,-191.2,-119.3,1012.6,  -1.1,   0.3
123844,   1.3,   1.1,   5.6,  96.1,-163.2,1002.6,  -1.7,   0.3
123868,   1.5,   3.2,   2.0, -35.0, -62.4, 943.5,  -1.7,   0.2
123896,   2.0,  -1.7,  -1.0, 158.2,-100.0,1088.3,  -1.8,   0.0
123920,   2.8,  -2.1,   0.1, 124.2, 209.8,1217.9,  -0.8,  -0.3
123944,  -0.5,  -1.2,  -0.8,  86.6,-155.2, 971.3,  -0.9,  -0.5
123968,  -1.1,   1.6,  -0.5, -98.2, 155.4, 983.6,  -1.0,   0.0
123996,  -2.2,   1.3,  -0.5,  51.0, -18.9,1040.2,  -0.5,  -0.3
124020,  -0.4,   1.9,  -0.6,  -5.7, 119.5, 999.2,   0.1,  -0.3
124044,   2.0,   0.9,   1.1,-357.5, -27.0,1202.5,   0.4,   0.0
124068,   3.5,   0.4,   1.5, 141.3, 134.4, 889.3,   0.6,  -0.2
124096,   1.7,   0.1,  -0.2, -43.7, 160.0, 954.3,   1.5,  -0.5
124120,   1.5,   0.8,   1.5,-121.4,  53.3,1064.9,   1.6,   0.1
124144,   0.9,   2.6,   0.6,-183.9, 169.8,1006.7,   2.4,   0.1
124168,  -0.1,  -2.3,   0.9, -63.0, 162.5, 957.7,   3.0,   0.3
124196,   1.8,   4.9,   1.3,  25.8, 104.8,1010.9,   2.9,  -0.8
124220,   2.4,   0.5,   3.7, -12.3, 188.1,1109.0,   3.5,  -0.1
124244,   3.3,   1.3,   4.0,  68.6, 162.0, 972.1,   3.9,   0.0
124268,   1.7,   1.6,   5.2,  62.9,  -0.6,1077.5,   4.1,  -0.1
124296,  -0.1,   0.7,   8.3,  38.0, 194.0, 855.9,   4.4,   0.3
124320,   0.3,   1.9,  10.1, 128.6,  66.3,1050.7,   4.1,  -0.1
124344,  -0.5,   2.2,   7.7,-158.3, -47.0,1031.9,   3.8,   0.4
124368,   1.0,   0.7,   6.4, 215.0,   3.8,1065.6,   3.1,   0.1
124396,  -2.1,   3.8,  -0.3, -82.3, 127.5, 973.5,   3.2,   0.2
124420,  -2.5,  -0.9,   1.2, 120.8, -28.2,1332.4,   2.8,   0.3
124444,  -0.5,  -0.4,  -0.3, 199.2,  86.8, 902.3,   2.5,  -0.1
124468,  -1.8,   6.0,   0.6,-160.9,  60.4, 839.8,   2.5,  -0.0
124496,  -1.5,   1.3,   3.3,  51.5,  28.9, 943.5,   2.4,   0.4
124520,  -3.5,  -0.3,   5.4,  47.1,  49.9, 940.3,   2.8,   0.7
124544,  -0.9,   2.1,   6.1,-311.3,  -9.9,1033.8,   2.4,   1.4
124568,   0.6,  -4.5,   7.8, 349.1, -87.1, 981.8,   1.5,   0.7
124596,   3.5,   1.5,   7.6,-165.1, 198.1,1056.3,   1.4,   0.6
124620,   3.5,  -0.9,   8.0, 109.3,   6.5, 983.8,   1.6,   0.8
124644,   3.3,   2.4,   8.3,  -4.9,  37.2, 992.8,   1.3,   0.7
124672,  -0.7,  -0.4,   9.7, -23.5,-108.8,1044.1,   1.1,   1.3
124696,   1.2,  -0.3,  11.9, -27.9, -73.4,1013.1,   0.3,   1.0
124720,   0.2,  -1.7,  13.0, -68.7,-106.1,1022.4,  -0.1,   1.1
124744,   0.7,  -0.6,   8.8,  12.2, -53.1, 935.5,  -0.3,   0.9
124772,  -2.0,   1.2,   2.5,  28.5, -19.9, 851.2,  -0.1,   0.5
124796,  -5.1,  -3.4,   3.7,  19.0,-394.7,1113.7,  -0.7,   0.3
124820,  -1.0,  -3.1,   1.2, 297.6,-138.3, 895.4,  -1.8,  -0.4
124846,   0.6,  -3.5,  -5.3,  25.6,-113.7, 963.5,  -2.1,  -0.5
124870,  -0.5,  -2.1,  -9.7, 104.4,   0.1,1007.7,  -1.9,  -0.8
124898,  -0.6,   0.1, -11.1,  49.3, -51.9, 951.6,  -2.1,  -0.9
124922,  -0.8,  -1.3, -10.3, -12.5, -33.1,1012.9,  -2.1,  -1.1
124946,   0.1,  -2.5, -11.7,  52.7,  -6.2,1004.1,  -1.9,  -1.3
124970,  -0.2,  -1.7, -13.3,  -8.1,  64.3, 974.5,  -1.6,  -1.4
124994,  -1.5,  -3.1, -14.6, 127.4,  79.2, 969.6,  -1.0,  -1.9
125022,  -2.1,   0.8, -14.6,  40.5, -12.1, 962.6,  -1.0,  -2.2
125046,  -1.3,  -2.1, -14.3,  29.2,  16.7, 981.8,  -0.6,  -2.0
125070,  -2.0,  -0.1, -14.6,  55.1,  15.0, 975.0,  -0.7,  -2.2
125094,  -2.7,  -0.1, -14.4, -79.9,  45.5,1006.3,  -0.4,  -2.0
125122,  -1.3,   0.2, -10.9,  42.7,  47.0,1014.3,  -0.3,  -2.3
125146,  -0.9,  -1.2,  -9.2, -38.6,  37.9,1012.6,   0.0,  -1.7
125170,  -1.4,   0.9,  -9.4,  -4.9, -29.7, 959.4,   0.0,  -1.7
125194,  -1.2,  -1.4,  -9.3,  81.3, -34.3, 990.4,  -0.2,  -1.5
125222,  -1.4,   0.9, -12.0, -71.8, -34.1,1056.6,  -0.2,  -1.5
125246,  -0.4,  -2.9, -14.5, 154.5,  28.7,1013.8,  -0.3,  -1.6
125270,  -2.4,  -1.2, -16.6,-134.3, -22.6, 957.4,  -0.4,  -1.4
125294,  -2.0,  -1.8, -17.1,  91.3, -32.9,1016.8,  -0.6,  -1.7
125322,  -3.4,  -0.4, -18.2, -27.1,  -4.5, 939.1,  -0.4,  -1.7
125346,  -3.5,   0.4, -18.5, 127.6, -59.7,1090.0,  -0.5,  -2.2
125370,  -0.4,   0.5, -16.5,-267.6,-134.9,1019.2,  -1.3,  -1.6
125399,   1.0,  -0.3, -13.7, -37.2,  59.4, 982.3,  -1.2,  -1.6
125419,   1.0,   4.3, -11.8,-258.1, 100.0, 930.6,  -0.3,  -1.4
125447,   1.2,   0.1,  -3.9, 222.6, -22.4,1048.0,  -0.2,  -1.5
125471,  -0.4,   1.6,   0.7,-183.2,  64.6,1018.7,   0.2,  -0.4
125495,   0.1,   3.0,   5.2,  35.1,  17.2, 995.5,  -0.0,  -0.2
125519,   1.3,   2.4,  -0.7,-119.4,  88.2, 998.2,   0.3,   0.5
125547,   1.3,  -1.4,  -2.7,  96.1, 134.1, 900.3,   0.9,   0.1
125571,   1.5,  -0.9,  -1.1,  30.0,  30.4,1031.2,   0.8,  -0.3
125595,  -0.4,  -0.4,  -0.8,   9.5,  23.5,1047.5,   1.2,  -0.3
125619,   0.7,   2.5,  -1.1, -44.5,  89.9, 999.2,   1.5,  -0.1
125647,  -0.2,  -0.4,  -2.3,  20.0, 101.9, 992.8,   2.3,   0.2
125671,   2.1,  -0.9,  -1.7,  48.5, 138.8, 980.4,   2.9,   0.4
125695,   1.3,  -0.3,   0.1,  -0.5,  83.4,1036.8,   3.5,   0.3
125723,  -2.0,  -0.7,   0.6,  40.2,  45.0, 898.8,   4.2,   0.3
125747,  -0.4,   0.8,   0.3,  -7.1, 107.3,1047.0,   4.3,   0.1
125771,   0.6,   0.6,  -0.2,  77.6, 153.4, 988.7,   4.5,  -0.3
125795,   0.0,   3.7,  -1.0,-125.5, 121.0,1013.3,   4.9,  -0.6
125823,  -1.1,  -1.5,  -1.4, 153.8,  69.9, 668.9,   5.3,  -0.7
125847,  -2.8,   7.4,  -2.1,-357.0,-112.4,1373.4,   5.3,  -0.7
125871,   2.3,   0.2,  -0.7, -16.6, 136.6, 730.1,   5.0,  -0.5
125899,  -1.2,   2.5,  -3.9,-190.7, 113.4,1026.5,   5.1,  -0.3
125923,  -3.4,   0.7,  -2.7, 289.0,-164.4, 891.3,   4.5,  -0.9
125947,  -2.7,   2.6,  -3.3,-251.3, 125.3, 998.2,   4.2,  -0.6
125971,  -1.3,  -0.2,  -0.4,  70.0,  59.9, 925.0,   4.0,  -0.4
125995,  -0.3,   2.9,  -0.5,-213.9, 152.9, 938.4,   4.1,   0.0
126023,  -0.2,  -0.1,  -0.8,  25.3, -53.9, 937.7,   3.9,   0.0
126047,  -0.7,   1.1,  -1.6, 121.3,  -8.4, 936.2,   3.8,  -0.5
126071,  -0.9,  -0.2,  -0.4,  78.1, 188.1, 976.5,   3.4,  -0.5
126095,  -0.9,   3.3,  -1.1, 140.8,-179.8,1102.9,   2.9,  -0.9
126123,   1.7,   0.8,  -1.3,-269.3, 179.3,1081.0,   3.1,  -0.4
126147,   1.2,  -2.1,  -1.9,  85.6,-141.0,1052.9,   3.1,  -0.2
126171,  -0.4,   3.0,  -2.2,  -3.7,-154.0, 893.7,   2.6,  -0.4
126195,  -0.6,  -0.1,  -1.3, -11.8,   5.7, 816.1,   2.7,  -0.3
126223,  -3.2,   0.1,   0.4,  25.1,  41.9, 886.9,   2.8,  -0.2
126247,  -1.7,   6.8,   2.6,-516.4,-299.7,1434.2,   2.3,   0.1
126271,   2.0,   0.2,   1.5, 136.7,  62.4, 995.0,   1.3,  -0.5
126295,   2.9,   3.8,  -1.7, 229.9, 155.4, 962.1,   0.9,  -1.5
126323,   1.1,   0.5,   1.5,  50.2,  72.9,1004.5,   0.8,  -0.6
126347,   0.9,   4.9,   1.4,  84.9, -82.4, 946.4,   0.1,  -0.8
126371,  -1.9,   6.5,   1.4,-335.7, -52.6, 904.2,  -0.4,  -0.5
126399,  -0.5,  -1.8,   3.7, 300.2, -28.2,1089.0,  -0.5,  -0.8
126423,  -0.1,   0.8,   0.3,  -4.7, -33.6, 988.4,  -0.4,  -0.7
126445,   3.2,   1.2,   0.1,   7.5,  37.2,1007.2,  -0.1,  -0.8
126473,   0.4,  -3.1,   0.6,  27.3, -91.2, 974.8,   0.4,  -0.4
126497,   0.1,   2.5,   2.6, 137.4,  24.3,1030.7,   0.1,  -1.0
126521,  -0.1,   2.4,   3.4,  80.3, 104.4, 996.5,   0.6,  -0.8
126545,   0.2,  -0.7,   2.6,  82.5, 142.2,1008.0,   1.0,  -0.7
126573,   1.7,  -1.7,   1.4,  16.1,  14.8,1008.5,   1.0,  -0.5
126597,   0.5,  -1.8,   0.1, 162.8,  79.7,1023.6,   1.4,  -0.7
126621,   1.6,  -0.6,  -0.2,  24.9, 145.1, 933.3,   1.7,  -0.8
126645,   1.4,  -1.6,   0.3, 134.7,  20.9, 941.8,   2.0,  -0.9
126673,   0.1,  -0.1,   0.1, -53.5, 100.2, 985.3,   2.8,  -0.8
126697,   1.9,   1.1,   0.9,  67.6, 154.4,1012.6,   3.2,  -1.0
126721,   0.6,  -0.4,   2.2, -25.9, 171.7, 993.8,   3.9,  -0.5
126749,   0.1,  -0.3,   2.6, -63.0, 269.6, 909.6,   4.9,  -0.2
126773,  -4.3,  -0.1,   3.8,  59.3, 204.0, 857.3,   5.7,  -0.1
126797,  -7.5,   7.1,   2.6,-102.6,-132.5, 873.4,   5.7,  -0.9
126821,  -4.9,   1.9,   5.7,-223.4,  90.2,1244.1,   5.9,  -0.3
126849,  -1.0,   2.7,   5.3, -61.1,  82.6,1084.6,   5.6,  -0.5
126873,  -0.9,   4.7,   3.3,-126.3, -60.9, 927.2,   6.0,  -0.0
126901,  -0.4,   2.2,   5.1,  51.7, 141.9, 867.1,   6.2,  -0.0
126921,  -1.7,   1.3,  10.0, 154.0, -67.8,1133.2,   6.3,   0.1
126949,  -0.1,   6.9,  10.6,-243.5, 110.7,1062.4,   5.5,   0.2
126973,  -1.0,   4.3,   8.3, -59.9,-154.7,1081.5,   4.9,   0.4
126997,   2.7,  -5.0,   6.6, 314.9,  11.3,1141.8,   3.7,   0.4
127021,  -2.1,   5.0,  -1.0, -97.7, 314.8, 919.6,   4.8,   0.3
127049,  -5.1,  -3.4,   3.1,   7.5,-717.4,1555.8,   4.2,   0.6
127073,   4.0,  -3.2,   2.5, 117.1, -60.4, 958.4,   3.3,   0.1
127097,  -1.7,   2.9,  -0.3,-181.4,  34.0, 793.1,   3.9,   0.6
127121,  -0.5,   1.2,   1.9, 308.5,  54.3,1116.9,   3.3,  -0.1
127149,   0.3,   2.8,   4.2,  77.3, 344.3,1030.9,   3.1,   0.2
127173,  -0.6,   4.0,   3.1,-171.7,  21.6,1000.9,   3.4,   0.7
127197,   1.0,   0.7,   3.3,  15.1,  26.5, 989.9,   2.7,   0.8
127221,   3.5,  -0.8,   5.6, 109.6,  85.1, 974.0,   2.1,   0.4
127249,   2.6,   3.0,   6.4, -67.2,  78.0,1038.5,   2.2,   0.8
127273,   0.8,   1.1,   7.2,  55.6,-158.3,1105.9,   1.7,   0.4
127297,   1.4,   3.3,   8.5, -98.4,  -0.4, 966.0,   1.5,   0.8
127321,   0.4,   7.4,   8.0,-115.5,  51.6, 978.9,   1.1,   0.6
127349,   1.5,  -4.3,  12.6,-259.3, -51.2,1242.3,   0.7,   1.4
127373,   6.7,   0.8,   8.9, 361.5, 173.7, 765.5,  -0.3,   0.6
127401,   1.2,  -0.2,   5.3, -35.9, -80.7, 956.0,  -0.5,   0.6
127421,   3.1,  -1.2,   6.5, 192.8, 105.3,1050.2,  -0.7,   0.7
127449,  -1.0,  -0.9,   0.6, -14.9, -92.7,1023.1,  -0.8,   0.8
127473,  -0.7,   0.1,  -3.1, 184.8,-120.5,1069.5,  -1.5,  -0.2
127497,   1.3,   3.8,  -4.1, 110.3, -50.9, 946.9,  -2.1,  -1.5
127521,   0.8,  -2.1,  -3.6, 154.2, 170.0, 982.3,  -0.9,  -1.1
127549,   1.5,  -1.7,  -5.5,  99.6,  -6.5, 981.1,  -0.9,  -1.2
127573,  -1.3,   0.7,  -7.7,  89.1,   9.9, 918.6,  -0.7,  -1.4
127597,  -1.7,   0.8,  -8.3, 151.3, 118.8,1023.3,  -0.4,  -1.9
127621,  -1.9,   1.1,  -7.3, -13.2,  35.5, 997.2,   0.0,  -1.9
127649,  -0.1,  -0.3,  -7.5,  97.9, 117.3,1050.9,   0.3,  -1.9
127673,   0.4,  -0.7,  -9.6,  78.6,  28.4,1039.5,   0.5,  -1.9
127697,  -0.7,   0.7, -12.1, -30.1,  18.2,1046.5,   0.9,  -1.6
127725,  -0.7,  -1.0, -12.5, 180.9,  16.2,1076.6,   1.2,  -2.2
127749,  -1.8,  -3.2, -13.8,   0.4, 206.9,1062.2,   1.6,  -1.8
127773,  -5.0,  -0.4, -16.2, 305.6, -44.6, 901.8,   1.8,  -2.8
127797,  -6.3,   1.8, -16.1, -67.2, 163.7, 975.7,   2.1,  -2.7
127825,  -2.1,  -1.7, -13.3, 105.2, -29.0, 757.0,   1.3,  -2.3
127849,  -4.7,  -1.4, -16.2, 328.8, 152.2,1075.6,   1.7,  -2.9
127873,  -3.7,   3.7, -14.0,  53.9,  85.3, 866.9,   1.2,  -3.2
127901,  -4.1,   1.0, -13.3,  51.2,  51.6,1054.1,   1.1,  -3.3
127925,  -1.0,   0.7, -15.7,-118.0,  77.5,1071.9,   0.4,  -2.8
127949,  -4.5,   1.2, -20.3,-128.2, -76.8,1050.4,   0.6,  -2.5
127973,  -3.0,   0.1, -19.9,  12.2,  23.1, 997.0,   0.5,  -2.7
127997,  -3.4,   0.8, -18.2, -19.3,  46.5, 882.2,   0.5,  -2.5
128025,  -4.6,   1.6, -17.6, 143.3, -54.3, 946.9,   0.3,  -2.6
128047,  -3.7,   0.2, -16.6,  61.2, 142.4, 995.0,   0.6,  -2.1
128075,  -3.5,  -2.6, -15.2,-102.1, -13.1,1070.7,   0.6,  -1.4
128099,  -3.3,  -3.2, -13.6, 315.9,-114.9,1018.5,   0.1,  -1.5
128123,  -1.6,  -0.1, -13.3, -20.6, -53.4, 948.6,  -0.6,  -1.4
128147,   0.1,  -0.7, -11.5, -53.5, -40.7,1004.3,  -0.8,  -1.3
128175,  -2.4,  -0.4, -10.4,-146.5, -22.4,1004.5,  -0.7,  -0.9
128199,  -2.8,  -3.5,  -9.8, -65.5, -51.7,1005.0,  -1.0,  -0.5
128223,  -3.9,  -2.8,  -9.9, 157.4,-164.7,1020.2,  -1.5,  -1.2
128247,  -2.1,   5.1,  -5.6,-126.3, -99.8, 990.6,  -2.1,  -1.4
128275,   0.4,  -2.0,  -4.6, -11.3,-115.6,1140.3,  -2.1,  -0.3
128299,   6.4,   1.6,  -6.3,-281.5, 175.9, 975.5,  -1.8,   0.6
128323,   4.2,  -6.0,  -7.9, 208.9, -44.1, 893.7,  -1.3,   0.5
128347,   1.8,  -2.6,  -8.8, -49.6,  15.7, 939.6,  -1.2,  -0.0
128375,  -2.3,   1.4,  -6.4,  38.0,  14.5,1050.0,  -0.7,  -0.5
128403,  -0.7,   1.5,  -6.5,-101.9,  62.6,1043.4,  -0.7,  -0.4
128423,   0.0,  -0.1,  -7.9, -41.1, 109.0, 975.7,  -0.2,  -0.2
128447,  -0.2,  -0.9,  -6.4,  27.5,  85.6,1011.9,   0.3,  -0.1
128475,  -0.5,  -1.9,  -6.8,  93.9,  49.4, 958.7,   0.9,  -0.2
128499,  -0.1,   2.0,  -7.1, -33.5,  16.5,1043.1,   1.0,  -0.4
128523,  -0.7,  -1.7,  -6.3, -34.2, 117.8, 940.1,   1.6,   0.0
128547,   1.2,   0.2,  -5.5,  27.1, 148.3, 945.7,   2.1,  -0.1
128575,  -0.1,   0.2,  -3.3,  25.3, 133.2, 997.7,   2.9,  -0.0
128599,   2.1,  -0.4,  -1.6,  84.4, 202.5,1076.6,   3.4,  -0.1
128623,   1.0,   1.2,  -2.8,  68.3, 161.2, 989.2,   4.0,   0.1
128647,   1.7,   1.5,  -1.6,-138.5, 169.0, 979.2,   4.6,   0.4
128675,  -2.0,   1.0,  -1.5,-125.8, 199.8, 829.3,   5.3,   0.8
128699,  -4.1,  -2.3,  -1.0, 356.9,-121.0,1505.0,   5.4,   0.3
128723,   1.8,   8.5,  -0.7,-307.2, 227.4, 844.6,   5.0,   0.1
128751,  -3.5,   2.2,   0.3, 293.4, 119.5, 770.9,   6.1,   0.4
128775,  -1.2,  11.5,   2.0,-650.7,-408.6,1433.7,   5.5,   0.9
128799,   1.1,   0.5,   3.6, -18.1,-148.1, 915.2,   5.0,   1.5
128823,  -2.9,   1.7,   1.8, 107.4,-147.8, 917.4,   5.0,   1.0
128851,  -0.7,   3.7,   1.9, -38.4,  -4.5, 933.7,   4.6,   1.3
128875,  -0.7,   7.1,  -0.7,-187.3,-150.3, 670.6,   4.2,   1.2
128903,   0.6,  -0.9,   0.1,  89.6, -66.3, 840.2,   4.1,   1.1
128923,   3.4,   4.5,   0.1,-137.5, 246.0,1018.5,   4.1,   1.0
128951,   0.1,   0.6,   0.2, 117.6,-217.2,1027.3,   3.6,   0.8
128975,  -0.2,   4.7,   1.6, -37.4, -52.4,1108.3,   3.6,   0.9
128999,   0.1,  -1.0,   3.4, 100.8, 183.2,1060.7,   3.8,   1.3
129023,   0.5,  -2.3,   3.1,  65.1, -75.8, 855.1,   3.2,   1.5
129051,   1.9,  -4.0,   2.8, 136.4, 153.2,1100.7,   3.0,   1.8
129075,  -0.2,   2.3,   1.9,  58.1,-100.0, 879.8,   2.5,   1.0
129099,   0.4,   1.6,   2.4, -38.6,  93.6, 853.4,   2.5,   0.8
129123,  -5.9,   3.8,   2.5, 175.0,  -8.0, 867.8,   2.7,   0.4
129151,  -0.4,  -5.1,   9.5, 249.5,-288.0,1197.2,   1.4,   0.8
129175,   1.7,   8.0,   5.3,-202.4, -54.8, 963.3,   0.9,   0.7
129199,   1.0,   0.2,   3.5, -50.3, -84.1, 955.5,   0.6,   1.0
129223,   0.9,   2.6,   1.2, -32.3, -22.1, 953.0,   0.3,   0.9
129251,   0.2,   1.1,   2.5, -26.7,-220.6,1042.6,  -0.7,   0.9
129275,   0.4,   1.5,   2.2, -28.6,-144.2,1068.3,  -1.4,   0.9
129299,   1.0,   0.7,   0.8, -15.7, -51.7, 994.1,  -1.8,   1.1
129323,   1.3,  -2.5,  -0.7,  32.9,  22.3,1062.4,  -1.6,   1.3
129351,   1.2,  -1.3,  -1.4, 145.5,  35.7, 963.0,  -1.2,   0.9
129375,   1.7,  -0.0,  -0.2,  20.7, 141.2,1040.2,  -0.9,   0.5
129403,   1.7,   1.0,   2.4,  77.3,  11.6, 919.6,  -0.9,   0.4
129423,   0.9,   5.0,   2.5,-158.3, 102.2, 996.2,  -0.6,   0.4
129451,   0.8,   0.2,   3.1,  -8.8,  18.9, 977.2,   0.1,   1.0
129475,   0.0,   1.3,   2.3, -62.5,  71.1, 986.7,   0.5,   1.1
129499,   0.6,   2.1,   2.5,-148.0,  67.7,1060.0,   0.8,   1.1
129523,  -0.3,  -1.1,   1.1, -57.9,  79.0, 945.2,   1.3,   1.0
129551,  -1.3,   3.5,   0.8, 186.5, 181.0, 883.2,   1.8,   0.1
129575,   2.0,   2.9,   1.3,-256.4, 258.6,1108.6,   2.1,   0.6
129599,   6.9,  -0.6,   1.7,-121.6, 251.8, 788.0,   2.0,   0.9
129623,   4.8,  -0.1,  -0.8,  -8.6, 154.6, 852.4,   2.9,   0.4
129649,   1.0,  -1.0,   0.6,  56.3, 156.4,1162.5,   3.9,   0.5
129673,  -1.3,   3.0,   1.0, -87.0,  94.1, 875.2,   4.2,   0.5
129701,  -0.3,  -1.0,   2.8,  71.2, 210.6, 966.7,   4.4,   0.4
129725,  -0.9,   3.5,   2.3,-110.9,  98.0, 929.1,   4.6,   0.5
129749,  -0.9,   2.5,   2.8, -37.9, 125.1, 915.9,   5.0,   0.7
129777,   0.4,   2.7,   2.9,-136.8,  42.6,1102.2,   5.0,   0.7
129801,   2.0,   2.4,   5.0, -39.6, 141.2, 985.8,   5.0,   0.7
129825,   0.5,   2.7,   6.3,  11.2, -31.1, 958.7,   4.7,   0.5
129849,  -0.2,   3.8,   6.4,-119.4, -19.9,1010.7,   4.3,   0.6
129877,   1.0,  -0.1,   3.7, 210.9,-102.7,1223.8,   3.5,   0.5
129905,   1.9,  -0.4,  -0.7, -27.4,  10.6, 997.0,   3.6,   0.5
129925,  -0.5,  -0.9,  -1.6,  24.1,  72.4, 908.6,   3.8,   0.5
129949,  -4.8,   4.4,  -3.1,  -8.1,  50.6, 907.4,   3.8,  -0.1
129977,  -0.7,   5.4,   0.2,-207.6,-258.2,1236.0,   2.2,  -0.1
130001,   1.5,   0.8,   1.2,-166.8,  62.8, 889.8,   2.7,   0.4
130025,   2.7,   1.1,  -0.2, -93.6, 269.6, 950.1,   3.5,   0.3
130049,   1.0,   0.2,   1.0, -55.5,  79.2, 940.8,   3.7,   0.6
130077,  -1.5,   2.7,   2.8,-217.8, -73.6,1096.3,   3.5,   0.9
130101,  -0.3,   2.1,   4.6, -17.6,  -6.2,1030.9,   2.5,   0.6
130125,  -0.3,  -0.3,   3.1, -62.5,   4.0, 975.0,   2.5,   0.5
130149,   0.1,  -0.2,   2.9,  83.2, -68.0, 984.3,   2.3,   0.5
130177,   1.7,   1.7,   2.2, -50.1,  -1.4, 862.5,   1.8,   0.2
130201,   0.5,   1.1,   1.8,  46.6,  12.6, 994.5,   1.4,   0.2
130225,  -1.5,  -2.0,   3.7,  -4.7, -41.9, 977.7,   1.0,   0.5
130249,  -1.5,  -0.6,   4.1, 176.5,-130.5,1001.4,  -0.1,   0.0
130277,  -1.1,   0.4,   2.3,  -4.9, -60.9, 969.6,  -0.6,   0.2
130301,  -0.5,   3.8,   2.9,-108.0, -74.4,1035.3,  -1.0,   0.2
130325,  -0.5,  -0.1,   3.4,  65.6,-166.2,1043.6,  -1.7,   0.3
130349,   0.0,   1.0,  -0.7,  30.2,  -3.1,1028.7,  -2.1,   0.1
130377,  -0.7,  -2.1,  -2.6,  15.6,  61.1, 953.5,  -1.8,   0.1
130405,  -0.8,   3.6,  -0.7,  39.0,  54.5,1025.3,  -1.9,   0.1
130425,  -3.3,   1.8,   0.9, -85.3,  58.5, 921.5,  -1.4,   0.7
130449,  -1.2,   2.9,   2.5,-171.2,  34.8,1073.4,  -1.5,   0.7
130477,   2.1,   0.4,   2.1, 151.8,  96.0,1014.1,  -1.5,   0.4
130501,   1.9,   1.0,   0.5, -22.5, 211.5, 936.7,  -0.3,   0.3
130525,   1.8,  -2.1,   1.3,  13.4, 115.6,1077.1,   0.4,   0.5
130549,   1.1,  -0.3,   1.9,  29.0,  88.5, 941.3,   0.8,   0.4
130577,  -0.9,  -0.6,   2.3,  15.6,  56.0, 994.5,   1.1,   0.2
130601,  -1.0,   1.2,   2.6,  44.4,  94.6,1034.1,   1.4,   0.2
130625,  -0.1,   1.8,   1.6, -39.6, 170.0,1001.1,   2.1,   0.2
130649,   0.1,   1.4,   1.5,   3.1, 147.8,1045.8,   2.7,   0.3
130677,  -0.9,   0.5,   1.5, -14.7, 112.7, 913.0,   3.4,   0.4
130701,  -0.4,  -0.3,   3.3,  53.2, 196.1, 923.5,   3.7,   0.3
130725,  -0.2,   0.7,   3.1, -40.3, 107.3,1051.9,   4.0,   0.5
130753,  -0.4,  -1.8,   1.3, 162.3, 102.9, 936.9,   4.6,   0.3
130777,  -1.5,   3.2,   0.9,-166.6, 128.5,1152.5,   5.0,   0.4
130801,  -0.2,  -0.9,   0.1,-126.8,  36.0, 944.5,   5.4,   0.5
130825,   0.1,  -0.8,   1.0,  39.0, 173.7,1021.4,   5.7,   0.4
130853,  -1.3,   0.5,   1.2,   9.0, 118.0, 915.4,   6.0,   0.0
130877,   0.4,  -0.9,   3.0, 100.5, 180.0, 998.9,   6.0,   0.1
130905,  -4.6,   1.5,   1.5, -71.1, 196.1, 902.5,   6.1,   0.2
130925,  -6.8,   2.3,   2.6, 134.5,  71.4, 880.0,   6.3,  -0.3
130953,  -0.2,   2.4,   7.8,  88.8, 206.2,1025.8,   5.3,  -0.4
130977,  -0.9,   7.3,   8.4,-246.6,-110.0, 841.5,   4.8,  -0.1
131001,  -1.5,   3.0,   8.1,-257.4, -55.8,1013.3,   4.8,   0.5
131025,   0.2,   0.9,   6.8,  50.5, -22.4, 924.2,   4.0,   0.6
131053,  -1.3,   0.7,   3.7,-128.2, -72.4, 834.6,   3.5,   0.5
131077,  -0.6,   0.8,   4.0,  78.1,-144.9, 995.0,   3.3,   0.4
131101,  -1.6,   5.9,   4.2, 113.2, -45.8, 999.2,   3.1,  -0.2
131125,  -0.7,   4.9,   4.8,-220.3,-119.5,1200.4,   3.1,   0.3
131153,   0.9,   0.4,   7.1, -14.2,  16.0,1119.3,   2.9,   0.6
131177,   0.2,  -0.3,   6.8, -14.5, -58.2,1029.5,   3.0,   0.9
131201,   2.4,   0.5,   8.2, -69.1, -66.5,1019.4,   2.7,   1.0
131225,   1.8,   1.0,   6.7,  36.1, 196.4, 949.4,   2.9,   0.8
131251,  -2.6,   2.9,   6.3,-127.0,-148.6,1242.1,   2.9,   0.7
131275,   1.3,  -5.0,   8.6, 243.6,  32.6, 924.0,   1.7,   1.0
131303,   3.4,   6.8,   4.8, -48.9,  67.5,1006.5,   1.2,   0.0
131327,   2.9,  -0.9,   5.2,  30.0, 124.4,1168.6,   1.5,   0.6
131351,   0.6,   3.6,   3.0,-108.2, -46.0, 924.2,   1.3,   0.6
131375,  -0.1,  -1.0,   3.2,  18.8, -32.4, 969.6,   0.9,   0.4
131403,  -3.1,   2.6,   4.2,-153.1,-137.3, 982.8,   0.6,   0.6
131427,  -1.7,  -0.0,   5.0,  74.4,  14.5,1104.4,  -0.0,   0.5
131451,  -0.8,  -0.1,   4.0,  -5.9,-112.0,1032.6,  -0.4,   0.3
131475,   0.1,  -1.7,   5.2,  84.4, -32.6,1008.0,  -0.8,   0.5
131503,  -0.7,   2.1,   5.9, 102.0,-106.8,1010.7,  -1.3,   0.1
131527,  -0.4,   3.3,   5.8,  10.9,  12.8, 978.4,  -1.6,   0.1
131551,  -0.2,   1.7,   3.1, -93.6, -39.2, 959.1,  -1.9,   0.0
131575,   1.1,  -0.4,   1.9, 148.4,  87.7, 955.5,  -1.3,  -0.3
131603,  -0.1,  -0.3,   2.5,-225.9,  46.0, 943.0,  -0.4,  -0.1
131627,   1.2,   2.1,   2.8, -57.7,  -6.0,1050.2,  -0.7,  -0.1
131651,  -1.9,   3.3,   2.7,  78.3, -12.6, 995.5,  -0.4,  -0.3
131675,   0.2,   1.3,   2.9,  41.9, 125.3, 949.6,   0.0,  -0.5
131703,  -1.8,   0.7,   2.6, -27.4, 101.7,1070.0,   0.6,  -0.3
131727,   0.0,  -0.4,   3.1, 114.5, 113.4,1066.8,   0.7,  -0.2
131751,   1.1,  -0.2,   2.1,   5.8,  92.9,1070.7,   0.9,  -0.2
131779,   2.7,  -1.5,   2.7,  -7.9, 109.2, 989.2,   1.5,   0.0
131803,   1.7,  -0.4,   3.1, -25.0, 251.6, 896.4,   2.3,   0.1
131827,  -1.2,   1.8,   2.0,  97.9,  47.7, 953.3,   3.0,  -0.5
131851,   0.4,   2.9,   3.1, -94.3, 171.2,1026.0,   3.1,  -0.7
131903,   0.4,   3.0,   3.3, -47.7,  87.7, 974.5,   3.8,  -0.4
131907,   0.3,   1.3,   3.4,  17.5, 157.8,1029.0,   3.9,  -0.4
131927,   1.2,   1.2,   3.7,  -6.4, 157.1, 935.5,   4.3,  -0.4
131951,   0.8,  -0.5,   3.6,  77.1, 147.8, 964.8,   4.9,  -0.4
131979,  -1.8,   4.9,   3.7,  10.2, 188.1, 931.8,   5.5,  -0.7
132003,  -2.9,   6.2,   6.1,-391.6, -71.9,1123.2,   5.6,  -0.2
132027,   2.2,   3.4,   7.0, 176.2, 260.8, 894.2,   5.7,  -0.9
132051,   0.9,   1.1,   8.9,  87.1, 178.3,1018.7,   5.7,  -0.2
132079,   2.2,   5.1,   8.2,  30.2, 140.2,1133.5,   5.2,  -0.2
132103,  -2.4,   2.5,   5.3,  66.8,  85.6, 928.9,   6.2,  -0.0
132127,  -6.6,   8.6,   6.7,  83.0,-102.7,1285.1,   5.8,  -0.6
132151,   0.5,   0.8,  10.5,-166.3, -41.6, 724.0,   4.5,   0.4
132179,   0.1,   5.8,   5.7, 224.8,  58.0,1024.3,   4.1,  -0.4
132203,  -1.8,   0.4,   2.8,-294.2, -18.2,1039.9,   4.7,   0.8
132227,   0.0,   2.4,   3.2,  52.7, -99.3, 918.4,   3.7,  -0.1
132251,  -0.4,   0.8,   3.1,  86.4, 207.1,1135.4,   4.0,   0.1
132279,  -1.3,  -1.1,   4.3, 104.4,  -2.3, 956.9,   3.5,   0.6
132303,  -0.6,  -1.5,   3.4, 173.8, 171.0,1024.3,   3.0,   0.4
132327,   1.3,   0.8,   2.3,  17.8, 176.6,1136.1,   2.7,   0.2
132351,  -1.0,  -0.4,   2.0, -59.1, -19.2, 898.1,   3.0,   0.4
132379,  -0.1,  -0.5,   2.2,  41.5, -25.5,1015.8,   2.6,   0.3
132407,  -1.5,  -1.9,   3.0, 100.3, -37.5,1063.9,   2.4,   0.1
132427,  -1.6,   1.2,   4.0,   6.3, -99.0, 999.7,   2.0,   0.0
132451,  -0.9,   0.8,   4.5,  71.7,  19.1, 976.0,   1.5,  -0.1
132479,   1.3,  -0.9,   6.2,  44.4,  -4.3,1043.6,   0.8,   0.4
132503,   2.6,  -0.2,   7.6, 129.1,   5.2,1042.4,   0.4,   0.1
132527,   0.8,   2.9,  10.2, -95.3, -14.8, 997.0,   0.0,   0.5
132551,   0.2,   0.9,  11.7,  93.9,  42.6, 965.0,  -0.4,   0.8
132579,  -1.0,  -0.7,   6.2,-125.3,  37.7, 926.2,  -0.7,   1.1
132603,   1.1,  -5.0,   3.0, 313.9, -24.8,1006.5,  -1.4,   0.6
132627,  -0.4,  -2.5,   0.1, 316.1,-131.0, 991.4,  -1.8,  -0.7
132651,   0.1,   4.3,  -2.0, -72.8, -15.3, 991.6,  -2.3,  -1.2
132679,  -1.4,  -0.6,  -5.4,  76.4, -97.1, 945.2,  -2.1,  -1.1
132703,  -0.8,  -0.7,  -8.3,  93.2,  12.8, 967.9,  -1.9,  -1.6
132727,  -0.5,   0.2, -10.7, 131.8,   0.8,1050.0,  -1.8,  -2.1
132751,  -0.1,   0.7,  -9.9, -97.2,  13.3, 969.9,  -1.9,  -2.0
132779,   0.2,  -1.1, -10.9, 173.8,  48.4, 993.6,  -1.6,  -2.4
132803,  -0.2,   0.1, -11.0,  -8.1, 108.3, 987.2,  -1.1,  -2.2
132827,  -0.9,   1.2, -11.0, -80.6,  49.9, 956.9,  -0.8,  -2.1
132853,  -1.4,  -0.2, -11.4,  30.2,  68.2, 965.5,  -0.5,  -2.1
132877,   0.1,   1.6, -11.3, -25.4, -25.5, 971.1,  -0.4,  -2.0
132905,   0.0,   1.1, -12.6,  38.0,  19.6,1006.3,  -0.4,  -2.0
132929,  -0.4,  -0.1, -14.6,  83.0,  68.2, 966.7,  -0.0,  -2.3
132953,  -2.1,  -0.7, -17.3, -14.9,  60.2, 913.2,   0.4,  -2.2
132977,  -3.4,   0.8, -19.3,  39.3,  -7.2, 965.7,   0.3,  -2.6
133005,  -3.8,   0.5, -21.8, 150.6,  64.3, 923.0,   0.4,  -3.1
133029,  -3.5,   0.2, -22.8, -20.3,-106.1,1137.6,   0.1,  -2.7
133053,  -0.5,  -2.6, -25.4, -87.9,  15.5, 905.7,  -0.2,  -2.4
133077,  -2.0,  -1.8, -28.7,-132.6, 113.9, 909.1,   0.3,  -2.4
133105,  -1.5,   2.6, -27.6, 114.0,-189.1, 883.5,  -0.3,  -3.4
133129,  -3.2,   1.8, -26.4,-295.2,  82.1, 935.7,   0.7,  -2.4
133153,  -2.4,  -1.2, -24.9, 105.9, -18.2,1027.5,   0.4,  -2.8
133177,  -2.3,   0.3, -25.7,-210.0,  21.8,1062.4,   0.4,  -2.1
133205,  -1.0,  -2.5, -25.4,  11.7,  -1.1,1075.4,   0.3,  -2.0
133229,  -1.4,  -1.8, -24.9,   6.5,  73.3, 966.2,   0.5,  -1.8
133253,  -0.2,  -2.8, -24.4,  87.4,  75.8,1017.0,   0.5,  -1.8
133277,  -2.9,  -1.3, -23.0, -29.3, -28.7, 935.5,   0.4,  -1.7
133305,  -1.8,  -0.3, -22.8,  82.7,  22.3,1010.9,   0.3,  -1.7
133329,  -1.5,   0.7, -22.4, -82.3, -19.7, 999.9,   0.2,  -1.5
133353,  -2.1,  -0.5, -22.9,   0.9, -60.7,1007.0,  -0.1,  -1.5
133377,  -0.3,  -1.2, -22.9,-187.3,  40.4, 991.6,  -0.2,  -1.0
133405,  -0.4,  -3.6, -19.4,  39.5, 164.7,1068.8,  -0.0,  -1.1
133429,   0.9,  -1.8, -14.8,-154.1,   4.7, 942.8,   0.5,  -0.6
133453,   0.5,  -3.7, -11.6, -59.1,  81.2, 995.5,   0.7,   0.0
133477,  -0.4,   0.7,  -8.0,-101.4,  41.4, 986.7,   1.1,   0.3
133505,   0.0,   0.2,  -3.5,  22.9,  75.5,1029.7,   1.4,   0.5
133529,   0.1,   0.4,   1.2, -91.1, 105.6, 972.8,   2.0,   0.9
133553,   1.4,   3.5,   4.6, -76.2, 141.7, 984.5,   2.3,   1.0
133577,   1.1,   1.1,   6.9, -35.2,  79.7, 977.2,   2.8,   1.5
133605,  -0.2,   3.4,   8.6,-108.9,  87.7,1025.8,   3.1,   1.9
133629,   0.8,   2.9,  12.1,  -0.5,  90.7, 998.4,   3.2,   2.1
133653,  -0.6,   3.5,  14.6,-120.7, 116.1, 976.0,   3.6,   2.5
133677,   0.4,   2.7,  18.0, -55.2, 184.7,1009.4,   4.3,   3.0
133705,  -0.9,   2.5,  21.0,-101.9, 121.4, 895.9,   5.1,   3.6
133729,   3.2,  -1.1,  26.1,  74.4, -11.9,1197.9,   4.5,   4.1
133753,   3.0,   3.4,  27.9,-143.1, 176.1, 968.7,   4.9,   4.2
133777,   1.9,   1.0,  26.9,-170.2, 205.2, 942.3,   5.5,   4.4
133805,   1.4,   5.1,  26.8, -88.7, 124.6,1011.6,   5.7,   4.0
133829,   0.7,   0.7,  27.3, 136.2,  50.6,1000.9,   5.8,   3.6
133853,   1.8,   5.4,  26.6, -83.3,  75.8, 917.9,   5.7,   3.4
133905,   0.0,   0.9,  22.8,  31.2,  19.4,1000.4,   6.0,   3.2
133909,   0.4,   1.3,  23.0,  77.1,  48.2, 998.7,   5.9,   3.1
133929,   0.7,   0.9,  19.2, 212.8, -30.4,1025.3,   5.5,   2.4
133953,  -0.4,   1.8,  16.0,  82.0, -17.2,1146.4,   5.1,   1.9
133981,   0.5,   1.9,  13.1,  66.4,  44.3, 977.9,   4.5,   1.3
134005,   2.9,   1.7,  11.1,  72.9, 397.8,1113.7,   4.8,   0.9
134029,   1.1,   1.1,  10.0, -37.6,  21.6, 885.2,   4.9,   1.3
134053,   0.9,   2.2,   7.3,   3.6, 101.4,1023.1,   5.0,   1.1
134081,  -0.3,   0.5,   4.4, -18.8,  59.7, 900.8,   4.7,   0.8
134105,  -2.7,  -0.9,   1.9, 162.1, 159.0, 973.8,   4.8,   0.0
134129,  -4.8,   0.8,   1.6,  75.6,   9.4, 961.8,   4.7,  -0.2
134153,  -0.2,  -4.5,  -0.0, 236.3, -36.0,1010.2,   3.6,  -0.2
134181,  -2.2,  -2.9,  -6.9, 242.1,  12.8, 936.7,   3.6,  -1.1
134205,   0.1,   2.3,  -8.1, -15.2,  22.1, 973.5,   3.1,  -1.8
134229,  -2.6,  -2.7,  -9.4,  69.3, -23.1,1056.6,   3.4,  -1.6
134253,  -2.0,  -2.0, -11.0,  75.1, -68.0,1032.6,   2.7,  -1.9
134281,  -3.0,   1.3, -12.6,  59.5,-132.5, 944.0,   2.1,  -2.3
134305,  -2.1,   3.5, -10.8, -95.3,  41.1, 972.1,   1.7,  -2.3
134329,  -2.1,   1.6,  -9.4,  -0.5, -41.4, 986.5,   1.4,  -2.2
134353,  -1.0,   0.2, -10.9,-122.4,  63.3, 997.0,   1.2,  -1.8
134381,  -1.3,  -1.0, -13.3, -79.6,   3.8, 979.4,   1.0,  -1.2
134409,  -0.2,   0.3, -14.5,  75.6, -91.2, 936.2,   0.8,  -1.4
134429,  -0.7,   3.5, -14.9,  -5.7, -54.3, 969.6,   0.4,  -1.8
134455,  -1.8,   2.7, -14.5,-103.1,-104.4,1042.6,  -0.2,  -1.9
134479,   0.3,   0.6, -12.6,-218.3, 222.8, 980.4,   0.4,  -1.1
134503,  -0.1,  -2.3,  -8.3, 158.9, 113.1, 940.3,   1.5,  -0.7
134531,   1.0,   2.4,  -4.4,-298.9, 105.1, 939.9,   1.5,   0.2
134555,  -0.2,  -1.5,  -0.4, 112.7,  80.7, 977.4,   1.8,   0.4
134579,   0.0,  -0.3,   2.8,  16.1,  71.1, 962.6,   1.8,   0.6
134603,  -2.3,  -1.9,   5.5,  -8.8, 130.7, 995.5,   2.5,   0.9
134631,  -2.8,   1.8,  10.1,  63.9, -79.5,1144.2,   2.2,   0.7
134655,   3.5,   3.0,  11.5,-166.3, 101.2, 894.4,   2.0,   1.2
134679,   3.4,   2.3,  12.7,-151.4,  80.2, 970.4,   2.7,   1.6
134703,   2.4,   1.9,  15.6,  19.5, 145.9,1131.3,   3.3,   1.8
134731,   2.8,   3.2,  21.1,-144.6, 208.4, 901.3,   3.7,   2.5
134755,   0.1,   1.5,  24.4, -43.3,  70.4, 979.9,   4.0,   2.8
134779,   0.8,   3.6,  27.7, -81.1,  86.8,1055.6,   4.1,   3.3
134803,   1.0,   2.4,  28.2, -30.6, 142.7, 953.0,   4.3,   3.3
134831,   0.7,   3.0,  27.2, -17.9,   4.7, 993.8,   4.3,   3.2
134855,   2.0,   2.5,  27.4,  13.4,  68.2, 974.5,   4.5,   3.2
134879,  -0.3,   1.6,  27.7, 156.7, -94.1,1030.9,   4.3,   2.9
134907,  -1.0,   8.0,  25.0,-149.5,  77.0, 993.6,   4.3,   3.3
134931,  -4.0,   4.5,  23.7, -67.2, -61.4, 993.6,   4.0,   3.2
134955,   1.2,  -0.1,  23.0, 205.3,-143.7,1011.9,   2.8,   2.8
134979,   4.0,   0.4,  18.9, 104.7, -47.0,1014.3,   2.3,   2.1
135007,   2.7,   2.6,  12.3, -75.2, 144.4, 952.1,   2.6,   1.6
135031,   0.3,   0.2,  11.2,  98.6,  -3.6,1502.4,   2.8,   1.2
135055,   3.0,  -5.1,  11.9,  15.3, -45.6, 882.5,   2.4,   1.5
135079,   1.2,  -2.0,   8.3, 298.3,  13.3, 928.9,   2.7,   0.4
135107,  -0.2,   1.0,   5.9,-189.0,  35.0, 994.3,   2.9,   0.6
135131,  -1.7,   0.8,   4.5,  31.4,  44.5, 918.9,   3.1,   0.2
135155,  -1.2,  -0.1,   2.2, 216.0, 112.2, 952.5,   3.0,  -0.4
135179,  -2.1,   3.2,   0.6, 138.1,  52.3,1029.7,   3.0,  -1.0
135207,   0.2,   1.9,   1.7,  82.0, -34.3,1019.2,   2.2,  -1.6
135231,  -0.4,   1.0,  -2.2, 166.7,  47.0,1051.9,   2.6,  -1.3
135255,   0.4,   2.1,  -6.2,  55.1, -48.0, 927.2,   2.2,  -1.4
135279,  -1.1,  -0.3,  -9.2, -42.3,  20.9, 960.6,   1.9,  -1.6
135307,  -3.8,   2.9, -11.5,  96.4, -26.8, 988.7,   1.8,  -2.4
135331,  -4.9,  -1.0, -12.2, 137.6,  -6.7, 971.3,   1.6,  -2.5
135355,  -6.0,  -1.3, -14.2, 232.4, -39.2, 954.0,   1.2,  -2.7
135379,  -3.8,   5.3, -14.8,-185.6,   7.4,1029.5,   0.7,  -2.8
135407,  -3.8,   1.5, -14.3, -32.3, -69.5, 979.6,   0.4,  -2.9
135431,  -2.0,   0.5, -14.0, -28.1,  45.8, 952.3,   0.1,  -2.6
135455,  -2.7,   0.1, -15.8, -24.5, -17.7,1018.5,   0.1,  -2.4
135479,  -4.0,  -1.5, -17.8, 122.0,  67.0, 899.8,   0.2,  -2.5
135507,  -2.8,  -2.4, -18.8,   1.7, 277.2, 958.9,   0.7,  -2.4
135531,  -7.3,  -2.4, -18.6, -45.5,-236.7,1200.1,   1.0,  -2.2
135555,   0.7,   2.2, -12.9,-138.2, 112.9, 859.3,   0.2,  -1.6
135579,  -0.7,  -3.8, -10.5, 102.2, 130.0, 977.4,   1.1,  -1.3
135607,  -3.0,  -0.3,  -9.7,-108.9, 141.0, 979.2,   2.1,  -0.6
135631,   0.4,   2.8,  -2.3,-126.3, -46.3,1046.1,   1.7,  -0.8
135655,   1.5,   0.5,   2.9,-205.6, 237.9, 958.7,   2.6,  -0.1
135679,   1.6,  -2.3,   6.0,  85.6,  98.5,1027.0,   2.9,   0.4
135707,   0.6,   0.2,  10.1, -27.1,  58.2,1059.0,   3.3,   0.7
135731,  -0.3,   4.8,  14.9, -60.1,  11.1, 858.8,   3.3,   0.8
135755,   1.0,   8.4,  16.3,-152.1,  72.4, 913.7,   3.7,   0.8
135779,   1.5,  -0.1,  22.3,-113.3,  48.4,1062.4,   3.7,   1.9
135807,   1.3,   5.5,  22.7, -70.4, -44.3,1122.0,   3.9,   2.1
135831,   2.7,   4.6,  25.5,-102.8, 104.8,1051.2,   3.7,   2.5
135855,   1.8,   3.5,  26.9,-199.0, -17.5, 793.9,   3.2,   2.8
135907,   0.6,   4.5,  26.8,  36.6, -25.8, 909.8,   3.0,   3.3
135911,   0.9,   4.0,  26.7,  74.9,  71.9, 880.0,   3.1,   3.1
135931,  -1.0,   7.1,  23.7,  79.3, 185.6, 847.6,   3.5,   2.5
135955,   5.6, -11.2,  29.0, 585.9,  -2.3,1403.5,   2.6,   2.9
135983,   2.7,   8.2,  25.5,-263.2, 184.2,1065.8,   2.3,   1.6
136007,   0.6,  -0.4,  24.7,  58.5,  44.0,1121.5,   2.8,   2.2
136031,   2.9,   1.9,  20.7,  57.8, -25.8,1084.6,   2.1,   2.1
136057,   3.7,   2.6,  18.1, -92.6, -37.0, 970.4,   1.5,   1.8
136081,   2.6,   5.4,  13.4,-299.1, -35.1, 957.2,   1.7,   1.3
136105,   1.8,  -1.5,  13.4, 108.6, -61.4, 951.3,   1.4,   1.0
136133,  -0.1,   2.9,   7.7,-121.6, -33.3, 954.5,   1.0,   0.6
136157,  -1.0,  -0.9,   5.5,  85.4,-142.7,1025.1,   0.4,   0.4
136181,  -0.9,  -2.0,   2.8, 321.7, -36.5,1083.2,   0.1,  -0.7
136205,   2.5,   6.9,  -0.9, -70.1, -57.3,1026.3,  -0.4,  -1.4
136233,   0.4,  -1.8,  -3.8, -39.8, -21.1, 918.4,   0.5,  -1.0
136257,   0.2,  -0.4,  -6.9,  79.5, -57.0, 937.2,  -0.0,  -1.5
136281,  -0.2,  -1.6, -11.1,   7.8,   3.5,1006.0,  -0.3,  -1.7
136305,   0.2,   1.0,  -9.1,   5.3, 150.5,1014.6,   0.3,  -2.5
136333,  -1.5,  -0.1,  -9.1, -56.9, -18.9, 982.8,   1.0,  -2.2
136357,   0.2,   0.2,  -9.1, -89.2, 157.3,1009.4,   1.2,  -1.9
136381,   0.4,  -1.5,  -9.6,  83.9,  94.1, 940.3,   2.0,  -2.1
136409,  -3.1,   4.4,  -7.4, -47.9, 196.1, 916.4,   2.1,  -2.0
136433,  -4.5,   3.7,  -3.8, -37.6, 110.7, 945.2,   2.6,  -1.6
136457,  -3.3,   1.0,  -1.1,-178.3,  29.6,1116.9,   2.4,  -0.8
136481,  -1.6,   1.0,   0.6, 237.0, 152.0,1066.8,   2.5,  -0.8
136505,  -3.7,   7.3,   1.1,-198.0,  58.5,1043.9,   3.3,  -0.5
136533,  -1.5,   4.6,   3.5, -15.2,  66.5, 918.4,   3.0,  -0.1
136557,  -2.4,   3.3,   2.1, -76.5, -22.1, 905.7,   2.4,   0.1
136581,  -4.0,   1.6,  -0.6, -17.9,-109.3,1089.8,   1.9,   0.2
136605,  -3.7,   1.4,  -4.6,-121.4,-100.2, 970.9,   1.2,   0.1
136633,  -2.4,  -9.3,  -7.2, 485.5,  44.8,1030.9,   1.3,  -0.5
136657,  -2.2,   7.9,  -5.9, 168.9,  83.1,1207.9,   0.6,  -1.8
136681,  -0.3,   2.4,  -2.1,-184.9, 174.4,1104.4,   0.8,  -0.7
136705,   1.3,   1.3,  -0.4,  50.2, -48.2, 884.9,   0.7,  -0.5
136733,  -1.3,   2.8,  -0.5, -96.5, -93.4,1075.1,   1.2,  -0.2
136757,   0.0,   4.1,   3.5,-123.3,  15.7, 975.3,   1.0,   0.2
136781,  -1.5,   3.7,   4.8, -92.3, -41.4, 943.8,   0.9,   0.0
136805,  -3.0,   2.6,   7.7,  61.0,  16.0, 970.6,   1.0,  -0.0
136833,  -2.9,   5.4,   9.5, -71.6,-116.1,1092.7,   0.7,   0.3
136857,   2.9,  -3.0,  13.9, 144.5,-115.4,1066.8,  -0.3,   0.9
136881,   3.2,  -1.5,  13.3, 242.6,  16.9, 978.7,  -0.3,   0.6
136909,   2.7,   4.8,  10.4,-115.3, -35.8,1139.6,  -0.3,   0.9
136933,   2.1,  -0.7,   5.8, -49.4,  -7.0,1019.2,  -0.4,   1.3
136957,   0.3,  -1.0,   2.0,  48.8, -86.1, 981.1,  -0.5,   0.6
136981,  -0.6,   0.1,  -0.1, 108.4,-136.4, 987.2,  -1.0,  -0.4
137009,  -1.2,   1.6,  -1.9,  61.0, -23.6, 909.6,  -1.1,  -1.0
137033,  -1.7,   0.1,  -3.8,  59.0, -46.0, 961.8,  -1.2,  -1.3
137057,  -1.8,   1.8,  -6.4,   5.1,   2.3, 995.0,  -1.2,  -1.2
137081,  -2.3,  -0.4,  -8.1, -78.9,  37.7,1001.1,  -1.1,  -1.2
137109,  -2.6,  -2.8, -10.3,  77.8,   6.9,1012.6,  -1.0,  -1.3
137133,  -2.7,   0.5, -13.2,  44.4,   5.7, 996.2,  -0.8,  -1.8
137157,  -0.1,   1.1, -12.1,  53.7,   0.6, 981.4,  -1.0,  -2.4
137181,  -0.1,  -0.0, -12.7,  29.5, 186.4, 971.1,  -0.2,  -2.2
137209,   0.2,  -2.0, -14.3, 165.7, -20.9,1017.0,  -0.1,  -2.4
137233,  -2.3,  -0.5, -17.0, -16.4,  53.8, 946.4,   0.3,  -2.5
137257,  -1.7,  -2.5, -17.7, 114.2,  55.8,1054.1,   0.4,  -2.5
137281,  -2.7,  -0.9, -18.5, 113.7,  53.6, 966.0,   0.7,  -2.9
137309,  -1.8,   3.0, -19.9, -45.2,  62.1, 982.8,   0.8,  -3.1
137333,  -1.0,   1.0, -19.2, -99.2,  15.7,1008.0,   0.8,  -2.8
137357,  -2.8,  -1.1, -19.3,  66.4,  35.0, 956.0,   0.9,  -2.9
137381,  -3.5,   0.4, -19.1,  39.5,  34.0, 928.9,   0.7,  -3.0
137409,  -3.7,   1.5, -21.8,  -4.9,-359.3,1217.7,   0.3,  -3.0
137433,   0.3,  -1.0, -22.7, -65.7,-138.8, 965.0,  -0.6,  -2.2
137457,   2.9,   0.5, -25.9,  36.6, 104.8, 979.4,  -0.3,  -2.8
137481,   1.4,   0.2, -25.4,-214.9, 179.3, 970.4,   0.6,  -2.5
137509,  -2.5,  -3.4, -23.9, -20.1, 109.2, 993.6,   1.2,  -1.8
137533,  -5.0,  -2.3, -24.5, 439.9,  11.8,1009.4,   1.0,  -2.3
137557,   0.2,   2.6, -20.5,-282.3, 150.5,1008.5,   0.0,  -2.0
137581,  -2.1,  -0.7, -17.3,  28.0,  72.4, 876.4,   1.3,  -1.5
137609,   1.5,   1.8, -15.4,-128.5, 183.7, 989.9,   1.2,  -1.3
137633,  -1.5,  -4.1, -15.2, 113.7,-121.2,1016.3,   1.2,  -0.9
137659,  -1.1,   1.4, -12.1,  -5.2,  18.4,1065.6,   0.6,  -1.2
137683,  -2.0,   0.7,  -9.3,  33.4,-101.7,1080.7,   0.4,  -1.2
137707,  -0.9,   4.1,  -7.5, -68.7,  -7.5,1087.6,  -0.0,  -0.8
137731,   0.4,   2.9,  -6.4,-287.6, -69.2, 940.8,  -0.3,  -0.1
137759,   1.4,   0.1,  -6.0, 122.0, -63.6,1014.8,  -0.7,  -0.3
137783,   2.2,   2.1,  -7.5, -37.9, -41.2,1008.0,  -1.0,  -0.2
137807,   2.8,  -2.3, -11.5,  -4.0, 130.7, 966.2,  -0.7,   0.1
137831,   2.3,  -2.6, -11.2,  75.4, -14.8,1000.9,   0.0,   0.1
137859,   1.7,  -2.0, -10.2,  12.4,  33.5,1007.5,   0.2,   0.2
137883,   0.4,   0.3,  -9.7,  29.2,  -3.6, 991.4,   0.0,  -0.0
137911,   0.2,   0.4, -11.0,  89.6,  52.6, 950.6,   0.1,  -0.1
137935,   1.5,   0.4, -12.6, -32.3, 131.2, 947.7,   0.7,  -0.2
137959,   1.6,  -1.4, -13.1, -50.6, 116.3, 995.3,   1.3,  -0.0
137983,   0.7,  -1.5, -15.7, -31.1,  48.2,1007.5,   1.8,  -0.2
138007,  -2.3,  -2.8, -16.5, -22.3, 100.4, 953.0,   2.4,  -0.2
138035,   0.2,   3.8, -16.0,  26.3, -58.5,1094.4,   1.8,  -1.0
138059,   2.6,  -0.8, -15.4,  62.0, 222.5, 923.7,   3.0,  -0.7
138083,   2.1,  -0.7, -15.7,-151.4, 173.0, 966.5,   3.7,  -0.7
138107,   0.6,  -2.0, -15.1,-105.8, 137.8, 934.2,   4.7,  -0.4
138135,   0.7,   1.0, -14.9, -31.5, 157.1, 921.1,   5.1,  -0.7
138159,  -2.8,  -1.1, -13.7,  93.7, 105.3,1051.7,   5.9,  -0.6
138183,  -2.0,   1.1, -12.4,  -1.8, 125.3, 941.1,   5.8,  -0.7
138207,  -2.1,  -1.0, -10.8,-118.7, 179.8, 982.3,   6.4,  -0.2
138235,  -1.8,   0.9,  -8.0, -41.1, 149.0, 861.7,   6.6,   0.1
138259,  -0.4,   0.7,  -5.7, -26.2,  97.8,1039.9,   6.6,   0.3
138283,  -1.6,   2.2,  -2.7,-164.6,  85.8,1019.9,   6.8,   0.7
138307,  -2.4,  -0.4,  -1.7, 109.8, -18.0, 969.1,   6.7,   0.7
138335,  -1.6,   2.2,  -2.2,  47.6,  93.1,1029.9,   6.1,   0.7
138359,  -1.9,   1.3,  -2.8,-330.1, -12.6, 953.5,   5.6,   1.3
138383,  -4.5,  -3.8,  -5.5,  73.9,-117.1,1083.9,   5.5,   1.4
138411,  -3.0,  -1.2,  -6.6,  31.0, -80.2, 937.9,   5.3,   1.3
138435,  -1.5,   1.9,  -5.1, 176.5, 246.7,1102.2,   4.6,   0.3
138459,  -4.0,   1.6,  -2.4,  43.7, 208.6, 820.2,   5.7,   0.5
138483,  -4.3,   7.0,   0.3, -84.0, 200.3, 933.0,   5.6,   0.6
138507,  -1.4,  -2.4,   7.1, 100.0,-237.9,1282.4,   4.6,   1.7
138535,   2.8,   3.9,   4.4, -65.5, 176.6,1112.9,   3.7,   1.7
138559,   1.2,  -0.6,   2.8,  83.7,  91.7,1086.3,   3.6,   1.7
138583,   0.4,   0.4,   0.9,  10.9, -95.4, 963.3,   3.3,   1.7
138607,   0.7,   2.8,   0.7,-242.7,-179.6, 922.5,   2.5,   1.6
138635,  -0.9,  -0.2,   1.1,   0.9,-168.1,1007.5,   1.8,   1.4
138659,   1.0,   1.6,   0.2,-174.4,-104.1,1036.3,   1.1,   1.3
138683,  -0.9,  -0.2,  -0.6,  91.0,   1.3, 989.9,   1.0,   1.2
138707,  -0.9,  -2.1,  -1.3,  88.8, -12.6,1004.3,   0.6,   1.0
138735,  -1.0,  -1.5,  -0.9,   5.6, -18.2,1038.7,  -0.1,   1.0
138759,   0.2,   1.9,   1.1,  -3.0, -97.1,1005.3,  -0.9,   0.9
138783,   0.7,   0.3,   0.9,  74.2, -72.9,1002.6,  -1.3,   0.8
138807,  -0.2,  -0.1,  -0.3, -61.6, -10.2,1029.7,  -1.6,   1.1
138835,   1.1,  -1.7,  -0.7, -80.4,  48.7,1024.3,  -0.9,   1.2
138859,   0.9,  -7.2,  -3.2,  87.4,  39.7, 961.8,  -0.4,   1.3
138883,   0.6,   1.0,  -1.3,  67.1, -64.8, 967.9,  -0.5,   0.6
138911,   0.6,   2.6,   0.3,   3.1,  43.1,1059.2,  -0.5,   0.7
138935,   2.4,  -0.5,   1.3,-106.7, 113.1,1028.7,   0.2,   0.9
138959,   1.3,   1.1,   0.5, -62.3, 122.7,1004.3,   1.0,   1.1
138983,   4.0,  -3.2,   1.6, -51.3, 216.2,1080.2,   1.7,   1.4
139011,   2.4,  -2.1,   1.5,   3.9, 139.3, 910.1,   2.2,   1.1
139035,   1.2,  -1.2,   1.7, -13.7, 186.4, 927.2,   3.3,   0.8
139059,   1.3,  -0.2,   4.1, -56.9, 188.1, 985.8,   3.9,   0.8
139083,  -0.9,   0.9,   3.9, 101.0,  90.9, 995.5,   4.7,   0.6
139111,  -0.6,   5.4,   4.4,-165.1, 212.0, 989.7,   5.4,   0.7
139135,  -0.7,   0.4,   4.7, 124.7, 257.4,1014.8,   6.1,   0.5
139159,   1.0,   1.9,   5.3,   5.1, 158.1,1014.3,   6.4,   0.6
139183,  -0.1,  -2.0,   7.7,  20.9,  83.8, 977.0,   6.8,   1.0
139211,  -2.1,   5.8,   5.8, -97.7,  88.2,1032.6,   7.4,   0.7
139235,  -1.1,  -1.5,   7.0, 280.2,  65.0, 982.8,   7.4,   0.5
139261,  -0.5,   6.1,   7.1, -25.9, 162.0, 912.8,   7.4,   0.4
139285,  -3.2,   4.5,   9.5, -97.7,   2.8,1137.1,   7.3,   1.0
139309,  -4.5,   4.1,   9.4, -71.6,-143.5, 930.6,   7.0,   1.4
139333,  -3.2,   3.4,   8.0,   1.9, -53.4,1069.5,   5.9,   1.4
139361,  -2.7,   1.8,   6.1,  22.4, 228.9,1074.1,   5.5,   1.2
139385,  -1.2,  -1.8,   5.0,-148.0,-260.9,1002.4,   4.7,   2.0
139413,  -0.5,   2.6,  -1.6, 124.0, 214.7, 858.1,   5.0,   1.9
139433,  -3.7,   1.3,   0.1,-331.8, 102.4,1067.8,   5.1,   2.1
139461,  -4.5,   2.6,   3.0, 210.2,-128.8,1094.6,   3.8,   1.1
139485,  -4.3,   1.1,   2.4,-155.6, -62.4,1120.3,   3.3,   1.4
139509,  -2.4,   2.1,   1.9,-145.8,-158.8,1080.2,   2.6,   1.3
139533,  -0.1,  -1.7,   0.1, -55.7,-104.6,1017.0,   2.6,   1.5
139561,   1.8,  -3.6,   0.2, 151.8,-108.3, 951.1,   2.1,   1.2
139585,   0.4,   3.2,  -1.2,-140.4,  -4.3, 935.2,   2.2,   1.1
139609,   0.9,   1.5,   2.6, -28.9,-206.4,1107.1,   1.1,   1.2
139633,   0.0,   0.7,   2.0,  38.8,  35.7,1089.3,   0.9,   0.7
139661,  -2.3,  -0.8,   3.0,-111.6, 104.4,1012.6,   0.7,   1.1
139685,  -5.3,   1.6,   0.1,  41.7,-106.1, 946.4,   0.6,   0.5
139709,  -3.8,   2.6,   3.1, 231.9,  21.8,1041.7,  -0.2,  -0.6
139733,  -0.1,   2.4,   7.6,-195.6,-143.9, 975.5,  -0.8,   0.5
139761,   1.0,   1.3,   5.9, 115.7, -28.2, 975.7,  -1.3,   0.2
139785,   0.1,   2.6,   5.0,  67.1, -16.7,1069.0,  -1.2,   0.3
139809,  -1.4,   0.1,   4.7,  80.5, -56.8,1073.2,  -1.5,   0.4
139833,  -1.3,   6.6,   5.3,-293.3,-106.3,1004.1,  -2.0,   0.6
139861,   0.2,  -0.3,   5.3, 130.1, -43.4,1096.8,  -2.6,   0.4
139885,   0.2,  -0.6,  -1.4,  -8.3, -12.8, 987.0,  -2.8,   0.3
139913,   2.3,  -2.7,  -0.7, -53.8,  -5.5,1036.5,  -2.8,   0.3
139933,   2.6,  -2.7,  -1.5, -73.8,  79.4, 975.5,  -2.6,  -0.0
139961,   1.8,  -1.8,   1.3, -17.9,  73.6,1038.5,  -2.1,   0.2
139985,   0.9,   0.7,   1.2,  90.0,  77.3,1005.0,  -1.5,  -0.4
140009,   2.4,  -0.1,   2.3,  12.4,  71.9, 991.4,  -0.8,  -0.2
140037,   1.5,   1.0,   2.2,  15.3,  97.3,1113.9,   0.2,  -0.2
140061,   0.5,   1.7,   3.9, -34.5, -90.5, 859.3,   0.5,   0.0
140085,   2.7,   0.5,   4.4, -22.5, 113.1, 977.9,   1.1,  -0.0
140109,   0.9,   0.8,   4.7,  19.2, 168.3, 897.1,   2.1,  -0.1
140137,  -2.1,   2.9,   5.1, -20.8, 153.9, 835.1,   3.3,  -0.0
140161,  -3.6,   4.2,   4.5, 176.2,  98.0,1019.2,   4.2,  -0.6
140185,   0.9,  -0.8,   7.2,-166.3, 258.4,1087.8,   4.3,   0.1
140209,   2.6,   1.0,   8.0,  72.9,  47.5, 948.9,   4.7,   0.1
140237,   3.2,   1.0,   6.6, -61.1, 266.9,1086.8,   5.6,   0.5
140261,   1.5,  -1.5,   5.5,  22.7, 201.0, 891.5,   6.3,   0.7
140285,   0.6,   1.4,   4.3,-200.0,  46.2, 817.0,   6.9,   0.6
140309,  -2.5,   3.0,   3.3,  77.3,  20.1, 983.3,   7.3,  -0.0
140337,   0.4,   0.9,   2.4, 141.6, 148.3,1119.5,   7.3,  -0.1
140361,   4.8,   9.1,   1.7,-451.7,-108.1,1140.5,   7.0,   0.1
140385,  -0.2,  -4.5,   1.4, 238.2,  99.2, 925.4,   8.0,   0.3
140413,   1.0,   2.5,   2.0,  34.1, 158.5, 655.4,   8.3,   0.2
140437,  -2.7,   4.5,   4.1,-642.4, -37.5,1790.7,   8.7,   0.9
140461,   2.6,   1.5,   6.1, 425.5,  90.7, 886.6,   7.0,  -1.2
140485,   3.8,   4.5,   0.1,-156.5, 314.3, 895.7,   6.8,  -1.5
140509,  -2.5,   3.0,  -0.2,-152.9,-119.3, 753.8,   8.1,  -0.4
140537,  -0.2,   1.0,   1.5,  84.4, 276.0, 932.3,   7.9,  -0.3
140561,  -1.2,  -0.9,   3.9, 196.0,  19.6, 836.1,   6.9,  -0.3
140585,  -2.1,   5.5,   4.7, -23.0, -39.4,1052.2,   5.9,  -0.6
140609,   1.3,   6.0,   5.6,-113.6, 294.5,1145.4,   5.5,  -0.4
140637,  -0.7,   0.7,   4.0,  -6.9, 179.3,1052.4,   5.8,   0.3
140661,  -1.4,  -2.1,   1.4, 217.7, 124.9, 851.7,   5.7,   0.3
140685,  -2.3,   7.9,   0.6,-323.5,-191.3,1346.3,   5.4,  -0.0
140709,  -0.2,  -2.8,   3.7,  14.8,-205.0, 659.3,   3.8,   0.4
140737,   3.8,   1.8,  -1.3, 205.3, 340.7,1209.4,   3.1,  -1.2
140761,  -0.5,   0.8,   0.9, -89.4,-175.4, 821.2,   3.2,  -0.2
140785,   2.1,   3.5,   3.7,-278.6, 216.4,1144.9,   3.0,  -0.3
140809,  -0.5,  -3.5,   4.1, 299.8, 116.6,1096.3,   2.2,  -0.3
140837,   0.7,   1.1,   5.1, -62.3,  56.3,1027.7,   1.2,  -0.5
140859,  -0.5,   1.1,   5.1,  84.2, -68.0,1113.9,   0.9,  -0.6
140887,   0.7,  -5.0,   7.0, 140.1, -68.5, 899.1,   0.6,  -0.2
140915,   3.0,   3.8,   3.6, -92.3,  79.2,1010.9,   0.7,   0.0
140935,  -1.3,  -3.8,   5.0, 279.5, -21.1, 778.0,   0.7,  -0.0
140963,   4.2,   4.9,   8.2,-410.4,-111.2, 891.8,  -0.6,   0.1
140987,   4.4,  10.5,   6.0,-372.9,  15.0,1024.3,  -0.8,  -0.4
141011,   4.4,  -2.0,   6.1, 257.3,  80.9,1034.8,  -0.7,  -0.6
141035,   3.4,  -1.9,   5.0, 234.3,-158.1, 964.8,  -0.5,  -0.3
141063,   2.6,   0.2,   1.4,-338.4, -55.8,1013.3,  -1.3,   0.7
141087,   0.2,  -4.5,   1.8, 153.3, -32.9, 947.2,  -1.1,  -0.1
141111,   0.9,   2.7,   2.8, 196.7, -96.8, 988.7,  -1.1,  -0.7
141135,   2.6,   3.0,   3.6,-213.9, 244.0, 960.1,  -0.7,  -0.1
141163,   1.6,   2.9,   3.3,  55.9, -11.6,1041.2,  -0.4,  -0.3
141187,   3.5,   1.2,   5.0, -99.2, 164.9,1076.8,  -0.1,  -0.2
141211,   3.2,  -1.5,   6.4, 108.1, 145.9,1017.2,   0.8,  -0.1
141235,   3.6,   1.9,   7.0,  67.8,  15.7,1044.1,   0.7,  -0.2
141263,   3.2,   0.2,   3.7,  -6.9, 194.2, 969.9,   1.2,  -0.0
141287,  -0.2,  -0.6,   3.3, 161.8, 271.1, 902.7,   2.0,  -0.4
141311,  -3.2,   2.6,   3.1,  63.4,  99.7,1005.0,   2.6,  -0.7
141335,  -0.4,   4.3,   5.3,-630.2,-225.5,1221.3,   2.6,  -0.4
141363,   0.5,  -2.2,   4.8, 171.3,  89.0, 850.5,   2.8,  -0.3
141387,   1.2,  -0.0,   2.3, -24.2, 316.5, 930.6,   3.3,  -0.2
141415,   0.4,   7.3,   2.0, -24.7, 239.1, 922.5,   3.5,   0.1
141435,  -3.3,   1.3,   3.7,-126.3,  16.2,1018.2,   4.3,   0.9
141463,  -3.8,   5.5,   1.7, -65.0,  83.1, 947.2,   4.4,   0.2
141487,  -2.6,  -1.4,   4.1, 210.9, 149.8, 974.8,   4.3,   0.3
141511,  -2.6,   4.3,   2.3,-149.7,  29.4,1275.1,   4.1,   0.2
141535,  -4.1,  -1.8,   3.4, -15.9,-137.8, 996.7,   4.2,   0.5
141563,  -2.2,   2.9,   2.8, -38.6, 122.4, 937.2,   3.6,   0.1
141587,  -3.7,   3.1,   2.2, -24.2,  31.8,1096.6,   3.2,   0.3
141611,  -3.7,   1.9,   0.9,  15.1,  82.1, 943.8,   3.2,   0.1
141635,  -5.6,   1.3,  -0.5,  55.1,  86.8, 914.9,   3.0,  -0.2
141663,   0.6,  -4.9,   3.1,  95.4,-135.2, 883.5,   1.7,   0.3
141687,  -1.9,   1.9,  -0.1, 223.8,  10.1,1028.5,   2.3,  -0.8
141711,  -3.5,   0.1,   0.6,-124.1, 107.8, 988.4,   2.9,   0.1
141735,  -4.5,   4.9,   3.0, 358.4,-202.0, 857.1,   1.9,  -0.9
141763,  -0.9,  -1.8,   3.7,-135.8, 167.8,1019.9,   1.9,   0.0
141787,  -3.8,  -0.1,   1.2, -41.6,-163.5,1216.2,   1.9,   0.2
141811,  -1.1,  -3.2,   1.1,  44.1, -38.7, 959.6,   1.2,   0.2
141835,   0.7,  -2.0,   1.6, 253.4, -42.4, 973.1,   0.6,  -0.4
141863,   0.8,   2.8,   3.3,  36.3,  48.9,1079.3,   0.5,  -0.4
141887,   1.8,   4.2,   4.7, -64.7,  46.2, 961.1,   0.3,  -0.4
141915,   0.7,   0.5,   6.6,  26.3, -91.7, 997.2,   0.1,  -0.4
141935,  -0.5,   2.7,   9.5,-131.9, -97.6,1030.4,  -0.3,  -0.2
141963,   0.2,   3.7,  11.4,  29.7,  -9.9, 968.4,  -0.7,  -0.1
141987,  -0.3,   1.6,  13.0, -26.7,   1.8, 863.2,  -0.8,   0.4
142011,  -1.8,   3.7,   9.4, -17.9, -90.0, 882.7,  -1.1,   0.2
142039,   0.3,  -7.6,   7.2, 168.4,-415.4,1427.9,  -1.8,   0.7
142063,   5.6,  -1.2,  -0.8,  97.1,  35.7, 997.7,  -1.9,  -0.8
142087,   2.0,  -0.8,  -3.8,  39.0,-113.4, 882.5,  -1.8,  -1.4
142111,   0.6,  -4.8,  -3.9, 104.4, -35.5,1011.9,  -1.8,  -1.6
142139,  -2.9,   1.3,  -8.9,-144.8, -51.7, 983.1,  -1.7,  -1.7
142163,  -2.9,  -1.7,  -9.7,  95.9,   9.4,1054.1,  -1.4,  -2.0
142187,  -1.1,   3.5,  -7.5, 203.1, -89.5,1048.0,  -1.8,  -3.1
142211,   2.0,   5.5,  -7.1,-160.0, 265.0,1088.0,  -1.4,  -2.4
142239,   2.9,  -4.3,  -6.9,  98.3,   2.5, 915.9,  -1.2,  -2.1
142263,   2.6,  -0.0,  -9.8,-162.6,  62.1,1012.1,  -1.0,  -1.8
142287,  -0.6,  -1.9, -12.8, 163.3, -74.6, 903.0,  -0.6,  -2.4
142311,  -3.3,   0.1, -14.8, 121.5, 100.9, 951.8,  -0.3,  -3.0
142339,  -2.6,   0.1, -15.4,  99.6,  84.8, 935.7,  -0.2,  -3.2
142363,  -1.6,  -1.5, -16.9, -18.6, -18.2,1020.9,  -0.4,  -3.1
142387,  -1.4,  -0.7, -19.5, -41.3, -18.2,1025.3,   0.1,  -3.0
142415,   0.3,  -3.5, -19.8,  67.6,  47.5,1081.5,   0.1,  -3.2
142439,  -0.8,   0.2, -21.1, 135.4,  53.1, 980.9,   0.3,  -3.2
142461,  -2.9,  -1.2, -22.7,  86.4, -31.6,1019.7,   0.3,  -3.5
142489,  -1.7,   0.8, -24.0,  27.3,  97.0, 986.5,   0.3,  -3.5
142513,  -1.6,   1.6, -25.7,-125.0, -20.4,1043.9,   0.4,  -3.3
142537,  -1.5,  -2.9, -26.3, 144.5,  52.3,1032.4,   0.6,  -3.4
142561,  -3.0,   0.8, -26.0,  17.3,  35.7, 933.5,   0.9,  -3.3
142589,  -4.4,   1.0, -25.2, -97.0,   8.9,1002.4,   1.0,  -3.2
142613,  -5.4,  -4.8, -22.4, 319.8,  25.5, 991.1,   1.1,  -3.0
142637,  -3.5,   5.4, -20.4, -82.8,-110.5, 943.5,   0.2,  -3.0
142661,  -0.8,  -4.3, -19.0, -84.3, 130.2, 994.8,   0.4,  -1.7
142689,  -0.5,   0.1, -23.2,-139.5, -82.9,1092.0,   0.5,  -1.8
142713,  -1.5,  -2.5, -25.4, 110.1,   5.0, 979.6,   0.7,  -2.0
142737,  -2.9,   2.9, -26.7,-121.6,-125.6, 959.9,  -0.1,  -2.2
142761,  -3.0,   0.1, -24.2, -49.1,  97.0, 995.0,  -0.0,  -1.9
142789,  -0.6,  -2.0, -18.8, 126.7, 138.8, 976.2,   1.1,  -1.7
142813,  -1.0,  -2.5, -16.2,  24.9, 119.2, 991.6,   1.8,  -0.8
142837,  -1.0,  -0.7, -13.0,-130.7,  36.5,1010.4,   2.0,  -0.2
142861,  -1.5,  -1.5,  -7.8, -18.4, 201.5, 961.6,   2.4,   0.2
142889,  -2.5,   1.4,  -1.1, -56.7,  97.3, 977.9,   2.6,   0.4
142917,  -2.7,   1.5,   3.3,-126.5,  47.0,1042.9,   2.6,   0.6
142937,  -1.9,   3.6,   5.1, -93.8,  30.4, 963.3,   2.7,   1.0
142961,  -0.9,   1.5,   7.2, -81.8,  11.6,1030.9,   2.7,   1.7
142989,   0.2,   0.3,   9.8,-107.0,  50.4,1003.8,   3.0,   2.0
143013,  -0.8,   5.2,  12.5, -63.5,  91.7, 962.3,   3.1,   1.9
143037,  -3.1,   5.2,  15.3,-146.3, 105.8, 926.2,   3.5,   2.4
143065,  -2.3,  -0.2,  19.1,  30.2, -35.1,1071.0,   3.4,   3.0
143089,  -0.8,   5.0,  19.9,-108.4, 109.7, 981.6,   3.4,   3.1
143113,   0.2,   0.9,  20.6, -54.7,  20.9,1019.0,   3.3,   3.3
143137,   0.8,   2.9,  18.0,  11.4,  75.1, 992.1,   3.3,   2.9
143165,  -0.6,   4.5,  19.4,-108.0,  46.0, 972.8,   3.4,   3.0
143189,   1.6,  -4.0,  22.4,-112.6,-440.1,1509.9,   3.0,   3.6
143213,   5.9,  -2.6,  20.4, 220.9, 177.1, 886.1,   3.0,   3.0
143237,   3.1,  -0.0,  16.0, -70.6, 136.3, 877.1,   3.7,   3.1
143265,   1.5,  -0.1,  16.4,  49.8,  62.4, 956.9,   3.9,   2.7
143289,  -1.6,  -0.9,  15.6,  60.0,  -8.9,1077.8,   3.9,   2.2
143313,  -0.9,  -1.9,  15.3, 178.4, -57.0, 944.7,   3.4,   1.8
143337,  -0.1,   0.8,  12.2,  32.7,   0.1, 987.5,   2.9,   1.5
143365,   0.7,   1.0,   7.5,   5.8,  43.3, 934.2,   2.7,   1.1
143389,  -0.5,  -3.1,   5.6,  62.7, -61.7,1008.9,   2.6,   0.8
143417,  -0.2,   3.1,   4.3, -94.0,  94.8, 989.7,   2.7,   0.9
143437,  -1.3,   3.4,   3.1,   8.3, -12.6, 971.6,   2.7,   0.6
143465,  -1.4,   5.8,   3.4,-116.7,   2.8,1022.6,   2.7,   0.5
143489,   2.7,   0.2,   3.0, -80.6,  45.5, 977.4,   2.3,   0.4
143513,   0.7,   1.8,  -1.5,  76.6, 101.2, 984.5,   2.7,   0.1
143537,   1.8,   1.3,  -3.4,  -2.5, 100.7,1009.9,   2.4,  -0.2
143565,   1.1,  -0.2,  -5.1, 169.4, -27.5,1004.8,   2.2,  -0.8
143589,   1.5,  -2.6,  -7.1, 278.3, 101.4, 988.7,   2.1,  -1.3
143613,  -1.5,   3.5, -10.2, -92.3, 163.4, 906.6,   2.3,  -1.0
143637,  -4.6,  -9.2, -12.0,  10.4,-368.3,1321.4,   2.1,  -0.6
143665,   1.4,   8.8, -15.3,  80.0,-164.2, 868.1,   0.8,  -2.2
143689,   0.7,   2.0, -16.7, -75.0, 197.6, 891.0,   1.6,  -2.0
143713,   0.9,  -1.5, -15.5, 112.5,-112.7, 925.9,   1.6,  -2.1
143737,  -1.8,  -0.2, -15.4, -13.2, -90.7,1148.1,   1.6,  -1.9
143765,  -2.9,   3.1, -14.4, 145.9,-147.6,1047.3,   0.7,  -1.9
143789,  -2.4,   4.6, -15.8, -39.6, 152.0, 923.7,   0.8,  -1.5
143813,  -0.2,  -2.3, -15.1,  72.9, 101.9, 982.3,   0.8,  -1.2
143837,  -0.1,  -0.3, -16.3,  73.9, -59.0, 993.8,   0.9,  -1.4
143865,   0.2,  -1.0, -15.7, 101.3,  33.3, 994.5,   0.8,  -1.3
143889,   0.1,  -0.2, -14.8,  79.8,  75.5, 941.8,   0.7,  -1.5
143917,  -1.4,  -0.0, -13.6, -80.6, -51.7,1027.3,   0.5,  -1.4
143937,  -1.2,   3.5, -11.2, -49.6,  30.4, 981.6,   0.4,  -1.0
143965,  -1.7,   0.4, -12.1,-205.1,   4.0,1067.3,   0.5,  -0.6
143989,  -1.5,  -3.2, -12.0, -30.1,-103.2,1012.6,   0.1,  -0.3
144013,  -2.4,  -0.5, -12.1, 122.3, -19.9, 975.7,  -0.4,  -0.5
144041,  -1.8,   3.3, -10.2, -87.9,  18.4, 989.2,  -0.5,  -0.6
144063,   0.9,   1.9,  -6.0,-106.5, -46.8,1008.5,  -0.7,  -0.6
144091,  -0.5,   3.3,  -5.0,-283.3,  62.6, 992.6,  -0.2,   0.2
144115,   0.1,  -4.7,  -2.4,  70.3, -21.9,1004.1,  -0.3,   0.7
144139,  -1.8,   1.4,  -0.2, -12.0,   7.4, 971.8,  -0.2,   0.9
144163,  -2.3,   1.6,  -0.0,  39.5,  21.3,1008.0,  -0.3,   0.9
144191,   0.6,  -2.6,  -2.6, -29.1, -34.6,1115.4,  -0.2,   1.4
144215,   3.4,  -3.6,  -2.6, 116.9,  31.8, 992.3,  -0.4,   1.0
144239,   2.6,   0.4,  -2.1, -14.2, 139.5, 976.2,   0.1,   0.6
144263,   0.9,   0.2,  -1.9, -62.8,  94.1, 988.7,   0.8,   0.7
144291,  -0.2,  -1.3,  -1.2,  -8.6, 108.7, 975.3,   1.5,   0.8
144315,  -1.2,  -2.4,  -1.1,  -8.6,  82.1, 966.0,   1.9,   0.9
144339,  -0.9,  -0.3,  -0.5,  33.4, 147.8, 977.0,   2.4,   0.8
144363,  -0.4,   1.9,   2.1, -51.8, 136.8, 982.1,   2.7,   0.8
144391,   0.9,  -1.0,   2.4,   8.0,  86.3,1044.6,   3.2,   0.7
144419,   1.2,  -1.0,   2.9, -14.2, 113.1,1068.8,   3.4,   0.7
144439,   1.1,   0.1,   2.9,  68.3,  89.9, 945.0,   4.0,   0.6
144463,   0.2,   1.5,   3.5, -53.0, 136.6, 905.2,   4.4,   0.4
144491,  -0.3,   1.4,   4.5,  13.4,  73.8,1033.6,   4.8,   0.5
144515,  -0.2,   5.2,   3.7,  35.8, 181.0, 946.0,   5.4,   0.2
144539,   0.3,   4.5,   3.8,-103.3, 184.7, 996.7,   5.7,   0.7
144563,   1.0,   2.8,   4.4, -11.5, 162.2,1032.4,   6.1,   0.9
144591,  -1.1,  -0.0,   5.6,  -6.2,  -0.6, 903.0,   6.5,   1.3
144615,   1.8,   0.8,   5.9, 314.4, -20.6,1015.8,   5.9,   0.1
144639,  -0.1,  -0.6,   3.9,-146.5, 154.9, 794.6,   7.1,   1.2
144663,  -2.3,   5.4,   2.5,-214.9, 263.5, 960.1,   7.8,   0.9
144691,  -1.2,  -1.9,   5.6, 135.9, -51.7, 977.2,   7.4,   1.1
144715,  -2.5,   8.4,   2.8, -29.6, -59.0, 954.5,   7.5,   0.3
144739,  -2.9,   3.7,   5.0,-275.0, -10.4, 991.4,   7.3,   0.9
144763,  -3.7,   2.2,   5.3, 203.1,  48.9, 835.4,   6.7,   0.4
144791,  -3.7,   3.8,   6.0,-199.0, -93.4,1083.2,   5.9,   0.7
144815,  -1.8,   2.2,   5.4,-220.8, -58.2,1006.3,   5.3,   1.0
144839,   0.9,   2.6,   3.9, -21.0,  87.7,1042.4,   5.3,   0.7
144863,   1.2,   0.6,   2.5, 197.7,  88.2, 952.8,   5.3,   0.5
144891,  -2.9,   2.8,   2.6,-279.6, -81.7, 874.4,   5.0,   1.0
144919,  -2.6,   4.8,   0.8,-116.0, -28.5, 977.9,   4.9,   1.2
144939,  -0.7,  -1.7,   2.7,  47.1,   9.6, 890.8,   4.0,   1.0
144963,  -0.1,   3.5,  -0.5, -60.8,  64.8, 993.6,   3.5,   0.6
144991,   2.4,   0.5,   2.2,-182.4,-138.6,1023.6,   3.2,   1.4
145015,   3.7,  -1.4,  -0.3, -60.1, 121.0,1067.3,   3.5,   1.2
145039,  -0.3,  -5.5,  -1.0, 171.3, -74.1, 975.0,   3.3,   1.1
145067,  -0.7,   4.6,   0.1,-227.6,  16.7, 885.9,   2.3,   0.8
145091,  -1.2,  -3.1,   2.6, 136.2,   7.2,1066.1,   2.0,   0.6
145115,  -1.5,   2.7,   1.7,-109.2,-103.2,1013.8,   1.7,   0.4
145139,  -1.7,   2.9,   1.2,  48.5,-148.1,1028.7,   1.2,   0.5
145167,  -0.6,   1.4,   0.9,  36.1, -66.8, 995.8,   1.0,   0.3
145191,  -0.2,   2.0,   2.8,   3.6, -75.1,1037.3,   0.2,   0.1
145215,  -2.0,   3.8,   3.7, -76.5, -86.1, 976.5,  -0.1,   0.3
145239,  -1.8,   1.7,   4.4, -59.1,  -8.4, 951.3,  -0.2,   0.6
145267,  -0.1,   1.9,   5.1,  17.3,-123.7,1096.3,  -1.1,   0.7
145291,  -0.5,  -1.5,   4.7, -23.2,  12.8,1059.5,  -1.3,   1.0
145315,  -0.6,   2.5,   6.1, 165.7, -89.0,1000.6,  -1.9,   0.2
145339,   0.1,   4.0,   3.4, -72.6,  56.7,1025.3,  -2.4,   0.2
145367,   1.1,  -2.1,   1.4, -17.4,  49.4,1143.0,  -1.8,   0.5
145391,   3.2,   0.2,   3.4, -56.9,  16.9, 958.4,  -1.8,   0.7
145419,   2.6,   2.2,   2.3,  23.4,  67.0, 927.9,  -1.7,   0.7
145439,   1.7,  -0.1,   3.9,  74.7, 111.2,1026.8,  -1.1,   0.6
145467,   0.4,  -0.4,   4.4,  50.2, 117.3, 877.1,  -0.3,   0.5
145491,  -0.7,  -2.0,   5.6,  14.6, -37.3,1001.6,   0.0,   0.7
145515,   0.9,  -0.9,   5.2,  67.1,  28.4, 974.0,   0.2,   0.5
145539,   0.9,   1.5,   3.9, -46.2, 102.6, 945.7,   0.8,   0.4
145567,  -0.4,   1.6,   3.9,  80.5,  66.0,1033.4,   1.2,   0.4
145591,   1.1,   1.7,   5.0, -13.5, 134.9, 985.3,   1.8,   0.3
145615,   1.3,   1.3,   5.1, -51.8,  17.2,1124.9,   2.2,   0.1
145639,   0.6,   4.4,   4.9,-135.8,  11.6, 929.1,   2.7,   0.3
145665,   2.0,   2.2,   5.9,   7.3, 142.4,1001.4,   3.0,   0.4
145689,   0.7,  -1.4,   5.0,   8.5, 156.8,1003.8,   3.7,   0.5
145717,   1.3,  -0.9,   4.8,  21.2,   2.3, 821.9,   3.6,   0.3
145741,   1.2,  -0.1,   3.9, -35.2, 116.6, 930.6,   3.8,   0.2
145765,   0.4,   0.2,   3.0,  26.6,  89.9, 897.1,   4.2,   0.3
145789,  -2.1,  -2.9,   0.9, 158.4, 131.7, 956.5,   5.0,  -0.2
145817,   3.7,   6.9,   5.0,-556.4, 330.4,1253.1,   4.1,   0.1
145841,   3.8,  -3.4,   5.3, 313.4, 120.7, 826.1,   4.5,  -0.3
145865,   2.6,   6.7,   2.5, -26.4, 202.3, 974.5,   4.8,  -0.6
145889,  -0.1,   4.5,   3.6,  40.7,  84.3, 869.3,   4.6,  -0.3
145917,  -0.7,   3.0,   4.2,  65.1,  36.7,1075.6,   4.6,  -0.3
145941,  -2.0,   1.3,   5.6,-139.0,  -2.6,1020.4,   4.2,   0.0
145965,  -1.2,   2.4,   6.4,  96.4, -79.7,1006.7,   3.5,  -0.2
145989,   1.5,   1.1,   5.5, 132.8, 135.6,1108.6,   3.2,  -0.1
146017,   2.7,   1.1,   4.7, -52.5, 241.3,1001.1,   3.4,  -0.1
146041,   0.3,  -2.5,   4.8,  47.3, 116.1,1114.9,   3.6,   0.2
146065,  -0.9,  -0.2,   6.7,  -1.8, -39.2, 925.9,   3.0,   0.3
146093,  -1.5,   1.7,   6.2, 110.8,  34.0, 852.9,   2.6,   0.1
146117,  -4.6,   4.9,   4.8,  13.6, 129.7, 970.6,   3.1,   0.3
146141,   1.8,  -1.4,   6.9, -80.9,-456.4,1077.3,   1.4,   1.1
146165,   5.8,   3.3,   4.0, 349.3, 182.7, 954.7,   1.0,  -0.4
146193,   2.4,  -0.3,   1.8,-213.7, 198.8,1020.9,   2.4,   0.3
146217,  -0.4,  -4.6,   3.0,  35.8,-155.7, 865.9,   2.1,   0.7
146241,  -1.2,   0.1,   3.4,  87.4, -85.3,1164.2,   1.4,   0.1
146265,  -1.9,  -1.0,   4.7,  91.0,-119.3,1127.1,   0.9,   0.1
146293,  -0.1,   1.1,   5.0, -67.7,   4.7,1010.2,   0.7,   0.1
146317,   0.3,  -1.2,   5.5, 108.1, -29.2,1055.8,   0.7,   0.0
146341,  -0.1,   3.0,   4.2,-186.6,-124.9, 956.0,   0.3,  -0.1
146365,  -0.9,   2.0,   5.1, -88.2,-158.8,1000.6,  -0.1,  -0.1
146393,  -1.2,   2.3,   6.6,  38.0, -99.5, 964.8,  -0.6,  -0.1
146421,  -0.9,  -0.1,   5.6,  53.2, -78.0,1036.3,  -0.8,  -0.2
146441,  -0.5,   0.8,   5.5,-150.4, -79.2,1059.0,  -1.3,   0.2
146465,   0.6,   1.5,   4.9, -87.7,-168.4, 998.7,  -2.1,   0.2
146493,  -0.2,   3.5,   1.5,  35.6, -60.7, 988.4,  -2.5,  -0.4
146517,   2.4,  -0.1,  -0.8, -46.7, 107.3, 965.5,  -2.1,  -0.2
146541,   1.4,   2.0,   1.8,  31.2,  41.9, 925.9,  -1.3,  -0.5
146565,  -0.7,  -3.2,   2.9,  57.1,   4.0, 988.9,  -0.9,  -0.2
146593,  -4.0,   3.1,   3.9,  80.0,  35.7, 983.1,  -0.8,  -0.5
146617,  -0.1,   0.9,   5.7, 172.3,  19.9,1147.6,  -1.2,  -0.4
146641,   2.1,   0.7,   3.1,-161.2, 133.4,1004.1,  -0.6,  -0.3
146665,   0.7,  -0.9,   1.9, -69.9,  98.2, 936.9,   0.3,   0.1
146693,   0.3,  -1.1,   3.3, -37.4,  59.2, 922.3,   0.7,   0.1
146717,   1.0,   1.8,   3.3, 113.0,  77.0,1048.7,   0.8,  -0.5
146741,  -0.3,  -0.0,   4.4, -82.1, 116.3, 997.7,   1.3,  -0.3
146765,   0.0,  -0.9,   3.6,  39.5,  85.1, 985.5,   1.7,  -0.2
146793,   0.7,   3.7,   2.8, -34.0, 223.7, 975.3,   2.3,  -0.1
146817,   0.8,  -2.6,   3.3,  -3.0, 152.9, 997.7,   3.0,  -0.0
146841,  -0.4,   2.4,   3.3, -55.2,  87.3, 968.7,   3.4,  -0.1
146865,  -2.9,  -0.4,   3.6,  64.6, 141.7,1012.1,   3.7,  -0.1
146893,  -1.6,   3.1,   3.0, -16.2, 137.3,1012.6,   4.0,  -0.5
146921,  -1.3,   2.1,   3.9, -61.1, 137.1, 978.9,   4.1,  -0.4
146941,  -2.9,   1.9,   1.9,  77.3,  -8.4,1111.0,   4.3,  -0.6
146965,  -0.2,   3.7,   1.8, -43.3,  67.7,1031.9,   4.2,  -0.5
146993,  -0.5,   0.4,   1.1, 124.2,  93.9,1069.2,   4.5,  -0.7
147017,  -0.5,  -1.2,   2.2, 214.1, 202.0, 974.5,   4.7,  -1.0
147041,  -2.5,   0.5,   1.7, 119.6,  87.7, 841.0,   5.0,  -1.1
147069,  -4.5,   3.4,   0.9, -89.9, 143.7, 927.4,   5.4,  -1.2
147093,  -2.8,   5.3,   4.7,-332.6, -28.7,1179.8,   5.0,  -0.8
147117,   0.2,   1.9,   4.5,  60.7, 170.0, 854.4,   4.8,  -0.8
147141,  -2.0,   4.3,   1.7,  30.7, 197.1, 917.6,   5.3,  -0.8
147169,  -3.0,   3.8,   4.7, 273.1, -28.5,1012.6,   4.8,  -0.9
147193,  -2.5,   6.7,   5.0,-285.2,  35.0, 933.3,   4.6,  -0.4
147217,  -2.4,  -0.6,   5.6,  72.0, -54.1,1012.1,   4.1,  -0.5
147241,  -2.2,   3.7,   4.5,-192.9,-122.0, 974.3,   3.5,  -0.1
147267,  -0.8,   2.1,   3.4,  -4.9, -99.8,1005.8,   3.1,  -0.4
147291,  -0.2,  -0.4,   3.3, -14.7,  58.5, 918.9,   3.0,  -0.1
147319,   1.3,   3.6,  -0.6,-165.1,  86.8, 915.9,   2.8,  -0.2
147343,   0.6,   1.9,   1.4, -89.9, 101.2,1077.8,   2.7,  -0.2
147367,   1.0,  -1.8,   2.4,  98.6,  56.0, 953.0,   2.1,  -0.2
147391,  -2.1,   0.7,   0.2,  97.1, 215.4,1019.9,   2.5,  -0.6
147419,  -0.2,   3.6,   2.6,-285.7,-380.8,1411.5,   2.2,  -0.3
147443,   4.2,  -1.2,   1.7, 129.8,  32.3, 805.1,   1.4,  -0.5
147467,   3.4,   2.9,  -2.5, -82.6, 289.9, 842.0,   2.3,  -0.9
147491,  -0.7,  -0.5,   0.6, -74.8,-204.0,1087.3,   2.5,  -0.0
147519,  -0.2,  -0.9,   5.3, 402.8, -87.3, 989.2,   1.4,  -0.9
147543,   0.4,   5.3,   4.5,-182.9,  52.3,1021.9,   1.1,  -0.8
147567,   0.3,   2.8,   6.7,-261.5,-128.1, 958.7,   1.1,   0.3
147591,   0.9,   2.7,   6.9, -39.4, -30.7,1068.3,   0.9,   0.2
147619,   2.6,  -1.0,   7.3,  88.6, -12.8, 939.6,   0.4,   0.1
147643,   2.3,  -0.3,   7.9, -30.1, -41.4,1015.0,   0.0,   0.2
147667,   0.6,   0.5,   8.3, 184.3, -54.1, 952.1,  -0.2,   0.2
147691,   2.0,   3.1,  10.2, -44.5,  15.5, 983.3,  -0.4,   0.2
147719,   2.0,   2.8,  10.0,  46.1,-125.1,1070.2,  -0.4,   0.5
147743,   1.8,   2.1,  10.6,  37.8, -45.3, 907.9,  -0.9,   0.5
147767,   2.8,   2.5,  10.0, -33.0, -37.5, 995.0,  -1.3,   0.3
147791,   1.5,   1.4,   6.8,  29.0, -40.2,1042.9,  -1.6,   0.2
147819,  -0.9,   0.3,   1.9, 106.9, -26.3, 955.2,  -1.6,  -0.2
147843,  -2.1,   4.0,   0.2, 119.6,  -2.8, 958.7,  -1.9,  -0.7
147867,  -0.9,   0.9,   1.9, -35.2,  79.2,1006.3,  -1.4,  -0.8
147891,   1.3,   0.2,   3.1,-121.4,  -4.3,1132.5,  -1.3,  -0.3
147919,   3.7,  -3.0,   3.1,   9.7,  56.3,1022.1,  -1.2,  -0.5
147943,   2.8,   0.5,   2.6,  31.0,  61.6, 973.1,  -0.5,  -0.7
147967,   2.5,   0.1,   4.1, -23.0, 146.6,1014.6,   0.0,  -0.8
147991,   1.8,  -1.0,   3.9,  -3.2,  53.3,1011.9,   0.5,  -0.6
148019,   0.7,  -0.7,   2.3,  24.1,   9.9,1022.9,   0.6,  -0.7
148043,  -0.5,   1.5,   0.6, -95.0,  83.8, 950.6,   1.1,  -0.6
148067,   0.2,  -1.7,   0.6,  73.2,  83.4, 969.1,   1.3,  -0.7
148091,  -0.4,  -1.4,   0.6,  34.6,  35.5,1011.1,   1.5,  -0.7
148119,   0.2,   4.4,  -2.1,  70.0,  69.2, 988.7,   1.8,  -1.7
148143,   0.3,   4.0,  -1.9, -31.1, 152.4,1027.0,   2.5,  -1.4
148167,   0.7,   1.8,  -2.3, -42.5,  64.6, 901.3,   2.8,  -1.5
148195,   0.5,   2.0,  -1.6,  67.1,  29.2,1042.4,   3.0,  -1.6
148219,  -1.6,   3.2,  -3.6,-109.7,  15.5, 919.1,   3.3,  -1.2
148243,  -1.1,   1.8,  -3.7,  24.9,  62.1, 997.2,   3.4,  -1.4
148267,  -0.8,  -0.6,  -4.2, 109.3, 119.0,1029.7,   3.5,  -1.4
148295,  -2.1,   1.3,  -4.8,-142.4,  44.8,1001.4,   3.6,  -1.3
148319,  -0.3,  -3.3,  -4.6,  14.1, 132.4, 963.8,   3.7,  -1.2
148343,  -0.9,  -0.1,  -5.6,  63.2,  89.5, 963.8,   3.8,  -1.3
148367,  -1.4,   0.2,  -6.8,  -1.0,  21.8, 908.1,   4.2,  -1.5
148395,  -2.6,  -1.4,  -5.9, 120.3, 171.0,1093.7,   4.7,  -1.6
148423,   2.1,  -3.6,  -3.9,  -1.3, 135.1, 998.4,   4.9,  -1.7
148443,   0.4,   1.0,  -4.6,  46.1,  21.3,1005.0,   4.7,  -2.0
148467,  -1.2,  -1.2,  -6.0, -49.6, 124.6,1011.4,   5.4,  -1.8
148495,  -2.1,   1.5,  -4.0,  -9.8,  11.1,1021.6,   5.1,  -1.7
148519,  -2.7,   0.7,  -2.9, -39.6,  30.4,1032.4,   4.7,  -1.7
148543,  -2.0,   3.0,  -1.6,  13.4, -98.5, 975.5,   3.9,  -2.1
148567,  -3.4,   5.2,  -3.4, -86.0,  86.5, 874.2,   4.0,  -1.7
148595,  -0.7,   0.1,  -5.0,  71.7, 130.0, 982.3,   3.6,  -1.5
148619,  -1.8,   1.8,  -7.4,  72.7,  62.8,1068.3,   3.1,  -1.6
148643,  -0.3,  -1.5,  -6.5,  -1.8, -61.7, 973.1,   2.2,  -1.6
148667,  -2.3,   1.3,  -7.9,  61.0,  37.7,1046.3,   2.1,  -1.8
148695,  -3.0,   3.8,  -8.0,-111.4, -26.8,1063.4,   2.1,  -1.4
148719,  -1.7,  -0.7,  -8.6,  -6.9, -58.5,1002.4,   1.7,  -1.3
148743,  -1.2,  -1.4,  -6.6, 101.3,-106.6, 930.6,   1.5,  -1.1
148767,  -1.6,   1.3,  -5.5, -40.1, -15.8,1039.0,   1.4,  -0.8
148795,  -2.9,  -0.0,  -3.7,  84.2, -20.4, 939.4,   1.6,  -1.0
148819,  -2.1,  -1.6,   0.8, -59.1,-368.1,1212.8,   1.1,  -0.5
148843,   3.3,  -0.7,   4.8, 119.6, -21.9, 839.8,   0.2,  -0.5
148869,   2.8,   2.1,   5.3,-131.2,  74.3, 935.5,   0.5,  -0.1
148893,   3.0,  -0.6,   7.6, -31.5, -12.8,1038.7,   0.7,   0.2
148921,   1.9,  -2.3,   2.2,  21.2,  -8.9,1142.0,   0.7,   0.1
148945,   2.3,  -2.2,  -1.5, 365.9, -83.6, 973.1,   0.1,  -0.8
148969,   3.4,  -2.0,  -1.7, -55.5,  83.4, 979.2,  -0.4,  -0.9
148993,   1.0,   0.6,  -1.2, 187.7, -95.6, 984.3,  -0.4,  -1.3
149017,  -1.0,   2.3,  -4.9, -62.8,  36.2,1029.9,  -0.2,  -1.1
149045,  -1.4,  -0.7,  -6.8,  34.9,  -6.7,1003.3,  -0.0,  -1.1
149069,  -0.2,  -0.3,  -7.7, 191.6,  19.1, 987.7,  -0.2,  -1.5
149093,  -0.4,   1.8,  -8.3, -25.2,  51.9,1003.8,  -0.1,  -1.6
149117,  -0.2,  -1.5,  -9.9,  87.4,   8.4,1010.9,  -0.0,  -1.8
149145,  -1.3,   3.1, -11.3,  19.5,  31.4,1062.4,   0.1,  -1.8
149169,   0.4,  -3.7, -11.9,  27.1,  33.1,1029.5,  -0.1,  -1.8
149193,  -0.2,  -3.4, -15.2,  94.9,  42.8, 923.5,   0.1,  -2.0
149221,  -1.3,   0.2, -19.6,  31.7, -54.3,1009.9,  -0.1,  -2.4
149245,  -1.5,  -1.9, -19.9, 131.1,   6.7, 954.7,   0.0,  -2.5
149269,  -2.0,  -0.9, -22.3, 105.2,  22.3,1026.8,  -0.2,  -2.9
149293,  -2.1,   0.4, -24.9,  32.4,  -0.1,1003.8,  -0.1,  -2.9
149321,  -1.8,  -0.5, -26.3, 257.5, -53.9,1006.0,  -0.3,  -3.2
149345,  -0.4,   1.5, -29.0, -73.5,  46.0,1001.4,  -0.3,  -3.0
149369,  -1.8,  -0.8, -30.9,  95.4, -24.1, 998.4,   0.0,  -3.1
149393,  -0.9,  -1.3, -30.9, 153.8, 128.3,1039.2,   0.2,  -3.1
149421,  -4.3,  -1.5, -33.1,-114.3,  57.2, 876.1,   0.1,  -3.0
149445,  -6.8,  -5.1, -34.2, -55.2,  14.3, 988.7,   0.1,  -2.8
149469,  -4.7,  -1.2, -30.3, 330.0, -80.7, 999.9,  -0.2,  -3.9
149493,  -4.1,   1.0, -29.2, -46.4, 254.0,1024.6,   0.9,  -3.2
149521,  -5.9,   2.1, -27.1,-102.1, 126.3, 974.5,   1.5,  -2.5
149545,  -6.0,   1.8, -22.3,-159.7,-143.5,1299.7,   1.6,  -1.7
149569,  -0.5,   3.0, -19.1,  77.8, 123.9, 964.8,   1.3,  -1.3
149593,   0.9,  -3.9, -19.2, -29.6, 112.7, 989.9,   1.8,  -0.7
149621,   1.0,  -5.1, -17.5,   9.0, 126.3,1044.3,   2.5,  -0.3
149645,  -0.4,  -3.2, -16.6,   9.5,  36.7, 965.5,   2.8,  -0.2
149669,   0.6,  -1.1, -14.3,   3.6, 113.1, 985.5,   2.8,   0.0
149693,  -0.7,  -0.4, -11.4,  32.7,  71.4, 972.8,   3.3,   0.3
149721,  -0.7,   0.5,  -8.1,-142.4, 100.9,1039.7,   3.7,   0.5
149745,  -0.7,  -1.2,  -2.8,  17.8, 140.7, 970.9,   4.0,   0.9
149769,   0.1,  -0.1,   0.6, -65.0, 130.7, 991.1,   4.3,   1.2
149793,  -0.9,   3.8,   3.5, -89.2,  84.1,1042.6,   4.3,   1.8
149821,  -1.8,   2.1,   7.3,-104.1,  65.5,1005.0,   4.6,   2.2
149845,  -0.9,   2.9,  10.8, -11.8, 133.9,1068.5,   4.6,   2.4
149869,  -0.9,   2.8,  13.9,-112.1, 120.5, 946.7,   4.6,   2.8
149893,   0.1,   3.5,  16.9, -95.5,  41.6, 965.5,   4.4,   3.0
149921,   1.9,   3.0,  20.0, -57.4, 107.3, 986.0,   4.6,   3.2
149945,  -0.4,   3.8,  22.5,-258.8,  71.4, 890.5,   5.1,   3.9
149969,   1.5,   4.8,  26.0,-111.4, 172.2, 952.8,   4.8,   3.9
149993,   0.7,   1.6,  28.3,  92.2, 127.1,1116.4,   4.9,   4.0
150021,   0.6,   5.5,  29.3,  59.5,   1.1,1046.8,   4.3,   3.6
150045,   0.7,   0.5,  24.1, -55.5, 132.9, 888.8,   4.8,   4.0
150069,  -3.2,   7.4,  23.5, -63.0, -80.0, 792.6,   4.4,   3.7
150093,  -2.6,   4.5,  25.7,-537.4,-151.3,1309.5,   3.8,   3.9
150121,   1.1,   1.8,  24.1, 156.0,   5.7, 936.7,   2.7,   3.1
150145,  -1.0,   3.9,  16.5,  57.3, 108.7, 869.1,   2.8,   2.7
150169,  -0.7,   2.6,  13.4, 174.3, 158.3,1066.8,   2.6,   2.2
150197,  -0.9,  -0.6,  13.8,  37.5, -41.9, 967.0,   2.3,   1.8
150221,  -1.9,   2.4,  10.5,  15.3, -26.0,1065.6,   2.0,   1.2
150245,  -2.0,  -0.8,   8.7,  13.4, -36.3,1027.7,   1.6,   1.1
150269,  -2.4,   3.5,   4.5,  -4.4, -24.6,1030.2,   1.3,   0.6
150297,  -3.1,   1.8,   2.3,  27.8, -93.2,1044.8,   1.2,   0.3
150321,  -2.3,   1.3,  -0.6,  46.8, -15.3,1000.6,   0.9,  -0.3
150345,  -1.8,   3.0,  -3.6,  -4.7,  23.1, 919.3,   0.8,  -0.5
150369,  -1.0,   3.5,  -4.6,  25.8,   9.6, 991.4,   0.7,  -0.5
150397,  -0.5,   1.9,  -6.0,  41.9, -14.3,1009.7,   0.6,  -1.0
150425,   0.9,   0.2,  -8.0, 104.0,  58.5, 963.0,   0.6,  -1.2
150445,  -0.5,   4.6, -10.8,-107.5, 103.1,1049.0,   1.0,  -1.4
150471,  -0.1,  -3.7, -11.1,  -8.8,-125.9,1042.4,   0.7,  -1.1
150495,  -1.7,   1.3, -13.7,  73.7, -44.8, 938.9,   0.1,  -2.0
150519,  -1.2,  -1.9, -15.6, 143.0, -30.9,1058.3,   0.1,  -2.1
150547,  -2.0,  -0.0, -17.3, -83.8,  32.6, 953.3,   0.2,  -1.7
150571,  -5.4,   1.3, -19.1,  58.1, -31.9,1062.2,   0.1,  -2.0
150595,  -3.2,  -0.4, -14.6,  -1.3,-164.7,1258.9,  -0.7,  -2.0
150619,   0.1,  -3.6, -12.4, -26.4, -83.9,1035.8,  -1.1,  -1.1
150647,   2.9,  -1.8, -15.5,  76.1,  30.1, 975.5,  -0.6,  -1.2
150671,   2.3,  -1.0, -14.4,  47.6,  82.9, 989.9,   0.1,  -1.0
150695,  -1.0,  -0.3, -14.2, -14.7,   9.4, 932.0,   0.2,  -1.3
150719,  -2.1,  -0.9, -11.9,  96.1, -81.9,1034.3,  -0.4,  -1.3
150747,  -3.2,   2.2, -12.2, -48.9, -66.8,1026.0,  -0.7,  -1.1
150771,  -1.5,  -1.2, -14.1,  71.2,  31.4, 993.3,  -0.8,  -1.1
150795,   0.8,  -0.0, -13.8, -76.7,  48.9,1006.7,  -0.7,  -0.9
150819,   0.5,  -0.4, -12.9, -77.4, -42.1, 948.2,  -0.8,  -0.6
150847,  -0.4,  -2.7, -10.8,  51.5,  37.7,1006.5,  -0.4,  -0.3
150871,  -1.0,   1.4,  -9.0, -28.6, -48.0, 999.9,  -0.6,  -0.2
150895,   0.0,  -0.4,  -6.4, -11.5,  26.5, 979.6,  -0.5,  -0.1
150923,  -0.8,   1.0,  -3.2,  24.9,  16.5, 985.8,  -0.5,  -0.1
150947,   0.2,   2.3,  -0.3, -75.2,  21.3,1004.8,  -0.4,   0.2
150971,  -0.1,   1.8,   2.2,  20.5,  10.8, 986.2,  -0.3,   0.5
150995,   0.9,   1.3,   2.2,-115.0,  42.6,1007.2,  -0.1,   0.7
151019,   0.4,   0.2,   0.8,  15.6, -50.2,1027.3,  -0.1,   1.1
151047,  -0.2,   2.6,   0.1, -79.9,  49.4, 991.1,   0.1,   1.0
151071,   0.1,   0.6,   1.1,  23.9,  58.5, 972.8,   0.3,   0.8
151095,   1.0,  -0.7,   0.6, -33.7,  51.9,1016.0,   0.8,   0.9
151119,   0.2,   0.5,   1.1,  -4.4,  48.0,1012.1,   1.3,   0.9
151147,   0.4,   0.1,   1.8, -20.6, 130.2, 966.0,   2.0,   1.1
151171,  -0.2,   0.4,   2.2, -35.2, 100.4,1001.6,   2.4,   1.0
151195,   0.2,  -2.3,   2.9,  42.7,  79.0, 988.7,   2.9,   0.9
151223,   0.1,   3.8,   2.2, -11.0, 110.2,1022.1,   3.1,   0.2
151247,   2.0,   1.6,   3.6, -57.4, 159.0,1014.6,   3.6,   0.4
151271,   3.0,   1.0,   3.1,  36.3, 109.2, 929.6,   4.0,   0.4
151295,   1.0,   2.9,   1.9, -74.8, 161.0, 940.8,   4.7,   0.6
151323,  -0.9,   0.3,   2.8, -54.2, 143.7, 999.2,   5.3,   0.8
151347,  -1.8,   1.4,   2.8, 139.8, 150.5, 974.5,   5.7,   0.5
151371,  -2.6,   3.2,   3.8, -47.9,  59.7,1035.8,   6.0,   0.6
151395,   1.2,   0.4,   4.9,  86.1, 170.5, 953.8,   6.1,   0.4
151423,  -0.4,   1.4,   3.9,  60.5, 159.3, 977.0,   6.3,   0.4
151447,   0.4,   4.4,   4.0, -85.7,  29.2, 977.7,   6.4,   0.4
151471,  -0.8,   3.3,   4.5, -50.3,  29.9,1045.1,   6.7,   0.6
151495,  -0.1,   1.1,   4.5,  29.2, 105.1, 946.7,   6.7,   0.5
151523,  -0.5,   3.2,   3.1, 145.5, 206.2,1045.6,   6.8,   0.4
151547,   0.4,   1.9,   4.4,  19.7, 196.9,1013.1,   6.7,   0.7
151571,  -1.3,   4.6,   2.6,  74.7,  67.7,1061.2,   6.6,   0.1
151595,  -0.1,   7.3,   4.0,-471.7, 217.6, 884.9,   6.5,   0.9
151623,  -1.2,  -1.8,   5.8, 356.9,  86.8, 987.5,   5.8,   0.6
151647,  -2.1,   4.6,   4.6,  48.5,-102.9, 992.3,   5.0,   0.5
151671,   0.8,   1.6,   4.4,  54.6, 175.2, 956.2,   4.3,   0.2
151695,  -7.6,   5.4,   2.0,-300.6, -61.4, 826.6,   4.9,   1.0
151723,   0.5,   0.4,   5.6, -67.4, -23.3,1249.9,   4.2,   1.2
151747,  -0.9,   5.6,   2.1,-250.3, -71.7, 929.1,   3.6,   0.9
151771,  -2.1,   1.8,   2.3, -25.4,-143.0, 961.3,   3.1,   0.7
151795,  -1.5,  -0.9,   1.9,  78.6,  44.5, 857.3,   3.0,   0.6
151823,  -1.6,   3.8,   0.7, -34.5,   1.3, 973.8,   2.6,   0.4
151847,  -0.6,   0.3,   0.7,-241.5, -33.8,1030.4,   2.3,   0.9
151871,  -0.4,  -3.2,  -0.6, 251.4, -32.4,1016.5,   1.8,   0.5
151895,  -0.9,   2.1,  -2.5,-140.4, -57.0, 987.2,   1.7,   0.5
151923,  -0.6,  -2.2,  -1.2,  13.4,  -8.4, 947.4,   1.6,   0.4
151947,   0.2,   3.7,   0.1, 113.5, -12.1,1001.6,   1.0,  -0.1
151971,   0.0,   1.0,   1.1,-264.7, -10.2,1037.3,   0.9,   0.3
151995,  -1.2,  -1.3,   1.6,  28.3, -47.7,1011.4,   0.9,   0.3
152023,   0.2,   2.8,   2.2,-152.9,-116.8,1002.1,   0.4,   0.3
152047,   0.6,   5.8,   3.7, 215.8,-132.2,1092.2,  -0.2,  -0.5
152073,   1.2,   4.3,   2.7,-173.6,  64.1,1000.6,  -0.2,   0.3
152097,   2.9,   0.7,   2.0,-115.3,-200.3,1230.1,  -0.9,   0.7
152121,   3.7,  -3.2,   1.8, 167.7,   3.5, 892.7,  -1.1,   0.8
152145,   0.2,   2.3,  -0.2, 204.5, -16.5, 951.1,  -1.2,   0.1
152173,   0.0,   1.1,   1.7, -78.4, -53.1,1026.8,  -1.4,   0.5
152197,  -0.3,  -0.7,   2.9, -24.0,-102.4,1010.7,  -1.8,   0.4
152221,   0.7,   1.6,   2.3,  84.2, -86.1,1019.0,  -2.2,   0.2
152249,   2.3,  -1.6,  -0.5, -75.0,  45.8,1014.3,  -1.8,   0.6
152273,   2.0,   0.5,   1.5,  53.7,  -8.7,1029.5,  -1.3,   0.3
152297,   0.7,   1.5,   1.9, -55.5, -11.1,1024.8,  -1.2,   0.2
152321,   0.7,  -0.7,   2.2, -14.5,  48.0, 959.9,  -1.1,   0.2
152349,   0.8,   0.2,   1.2,  63.2,  92.9, 978.2,  -0.6,  -0.0
152373,   1.3,   0.4,   0.5, -56.0,  90.4, 931.8,  -0.2,   0.0
152397,   1.7,  -0.9,   0.0,  55.1,  39.7, 985.5,   0.2,   0.1
152425,   1.5,  -2.6,   0.6,  23.1, 120.2,1020.2,   0.4,  -0.1
152449,   0.7,  -3.2,   1.1,  65.9,   2.5, 995.8,   0.6,  -0.1
152473,   0.3,   1.5,   0.1, -33.3, 129.7, 965.0,   1.1,  -0.3
152497,  -0.4,   1.0,   0.9,  44.9,  92.9,1015.8,   1.9,  -0.4
152521,   0.6,   1.6,   1.9,  25.8, 182.7, 978.7,   2.4,  -0.3
152549,   1.2,   2.2,   2.4, -23.2,  91.9, 979.6,   2.9,  -0.0
152573,   1.8,  -0.3,   2.1, 107.1, 175.9, 969.1,   3.5,  -0.0
152597,   0.7,  -1.1,   2.7, -40.1, 119.0, 998.2,   4.0,   0.1
152621,  -1.3,   2.9,   3.6, -57.9,  82.6,1066.1,   4.3,   0.1
152649,   0.5,   0.8,   2.3,  84.7,  16.2, 973.3,   4.5,  -0.4
152673,   0.7,  -1.5,   1.5,  29.7, 314.8,1002.1,   5.2,  -0.4
152697,   2.4,   1.7,   3.7, -18.1,   3.3,1123.0,   5.1,   0.3
152721,   2.1,   0.7,   1.5,  74.4, 142.2, 960.6,   5.7,   0.0
152749,  -2.3,   0.8,   0.9,  44.9,  87.3,1017.5,   6.2,   0.1
152773,  -2.8,   4.2,   1.3,-140.2, 170.3, 991.6,   6.5,  -0.0
152797,  -0.8,   0.4,   3.3,  -0.5, 177.6,1038.0,   6.5,   0.2
152821,  -1.4,   2.1,   2.6,  14.6,  68.2, 969.4,   6.5,  -0.0
152849,  -1.9,   3.3,   2.6, -46.4, 119.2,1013.3,   6.7,   0.4
152873,  -0.1,   1.1,   3.1,  79.8,  77.7,1104.9,   6.6,   0.0
152897,  -1.5,   4.2,   2.8, -33.0, -71.7, 928.6,   6.4,   0.1
152925,  -2.6,   2.8,   3.1,-115.5,  48.4, 889.3,   6.4,   0.3
152949,  -0.4,  -2.0,   4.6,  -3.2,-141.5, 890.5,   5.3,   0.6
152973,  -1.3,  -2.0,   4.1, 329.5, -76.3,1023.8,   4.7,   0.2
152997,  -1.4,   0.1,  -0.2, -39.8, 220.3, 992.8,   4.9,   0.6
153021,  -6.5,  -3.0,  -2.7, 449.4, -28.2, 868.8,   5.0,   0.1
153049,  -0.5,   5.6,   1.0, -82.8,-262.3,1359.0,   3.1,  -0.6
153073,   1.7,   0.2,   2.6, 156.9, 188.1,1051.4,   3.6,  -0.2
153097,   1.5,   2.7,   1.3, -57.7,  72.4, 885.7,   3.4,  -0.1
153121,  -0.3,   1.6,   1.5,-183.6, -46.8, 936.7,   3.6,   0.4
153149,  -1.2,  -0.1,   2.7,  58.3,-210.6, 919.6,   3.2,   0.2
153173,  -4.6,   2.6,   3.3, -42.8, -29.2,1078.8,   3.1,   0.1
153197,  -4.0,   0.7,   5.6,  73.4,-151.0,1085.6,   2.6,   0.3
153225,   0.2,   3.0,   4.9, 180.9, -27.2,1092.0,   2.0,   0.0
153249,  -0.7,   3.0,   6.4, -40.6, -39.7, 967.9,   1.9,   0.3
153273,  -0.4,  -0.0,   6.9,  66.8,  -4.5, 882.7,   1.5,   0.4
153297,  -1.8,   2.6,   6.7,  45.4,-126.9,1025.8,   1.0,   0.5
153325,  -1.5,   1.9,   7.8, -35.7, -66.1, 997.2,   0.3,   0.4
153349,  -1.3,   0.3,   7.5, -60.6, -34.1, 924.0,  -0.1,   0.5
153373,  -2.8,  -2.9,   5.7, 161.8,  -3.8,1055.8,   0.1,   0.6
153397,  -0.5,   4.4,   4.5,-186.1, -76.6,1176.2,  -0.6,   0.9
153425,   3.5,   0.9,   6.5, 370.8,-222.8, 994.3,  -0.8,   0.6
153449,   4.8,   5.1,   2.5,-225.1, 129.0,1021.6,  -0.4,   0.6
153473,   3.2,  -1.1,   2.9, -78.9, -17.7, 942.3,   0.1,   1.2
153497,   1.7,  -0.4,   3.3, -87.9,  -4.3, 883.2,   0.1,   1.3
153525,  -1.5,   4.3,   4.2, -52.8,-174.0,1003.8,  -0.9,   0.7
153549,  -2.1,   1.7,   7.3,  31.9, -28.0,1040.4,  -1.1,   0.8
153573,  -0.9,   2.0,   7.8, 105.9, -54.1,1019.0,  -1.6,   0.4
153597,   0.0,   2.6,   3.6, -32.3,  18.9,1022.1,  -1.7,   0.6
153625,   2.3,   1.6,   1.7,-139.5, 105.1, 998.2,  -1.3,   0.7
153649,   0.4,   2.1,   2.4, -55.0,  -4.5,1019.0,  -0.8,   0.7
153675,  -0.3,   0.2,   2.8,  98.8, -16.3, 970.1,  -0.8,   0.3
153699,  -0.9,  -0.1,   3.6,  57.8, -11.9, 989.7,  -0.8,   0.1
153723,  -0.5,  -0.3,   3.0,  -4.4,  48.2,1048.5,  -0.5,   0.1
153747,   1.1,  -1.2,   1.9, -56.2,  54.1, 970.6,  -0.2,   0.2
153775,   1.1,  -2.1,   1.9,  35.8,  57.7, 958.2,   0.3,   0.1
153799,   0.6,   2.1,   2.2,  14.4,  60.2,1021.2,   0.7,  -0.0
153823,   0.7,   1.8,   2.2, -19.3, 100.2, 980.6,   1.1,   0.1
153847,   1.9,  -1.0,   2.6, -18.1,  55.5,1043.4,   1.4,  -0.0
153875,   0.2,   1.9,   2.4, -35.9, 107.8, 973.1,   2.1,  -0.1
153899,   0.6,  -2.8,   3.9, -27.1, 101.9,1002.4,   2.5,  -0.0
153927,   0.9,   1.3,   3.4,  79.3, 114.8, 980.1,   2.7,  -0.1
153947,   1.0,  -0.1,   4.5, -15.4, 137.8,1030.9,   3.0,  -0.0
153975,   1.3,   1.9,   4.6,  63.9,  93.6, 959.9,   3.5,  -0.4
153999,   0.4,   2.6,   4.4, -11.5, 128.5, 899.8,   4.0,  -0.3
154023,  -1.8,   5.2,   4.0, -54.2, 152.9,1040.7,   4.5,  -0.3
154047,   1.0,   1.9,   6.4, 120.1, 239.1, 975.5,   4.3,  -0.1
154075,   1.6,  -0.3,   4.2,  48.3, 115.1,1016.3,   4.9,  -0.1
154099,   0.2,   2.9,   6.0, 238.7,  61.9, 960.4,   5.2,  -0.6
154123,   1.2,   4.6,   4.8,-170.5, 203.7,1025.1,   5.6,  -0.1
154147,  -0.4,   2.4,   6.0, -30.1,  74.3, 893.7,   5.8,  -0.0
154175,  -2.7,  -2.3,   8.0, 218.9,  68.2,1004.1,   5.8,  -0.0
154199,   0.2,   3.7,   7.3,-144.3, 105.6, 935.9,   5.8,   0.1
154223,  -1.5,   1.4,   5.5,  85.4, 232.3, 954.3,   6.1,   0.1
154251,  -1.0,   4.1,   3.6,-159.2,  37.0, 883.2,   5.9,   0.1
154275,  -2.1,   0.6,   3.3,-103.3, 228.1,1007.7,   6.1,   0.2
154299,  -4.3,   2.7,   2.7, -73.0, -59.5, 982.8,   6.0,   0.0
154323,  -3.0,  -1.5,   4.2, 220.4, 147.3,1014.3,   5.5,  -0.2
154351,  -2.7,   6.1,   4.2,-191.5,  73.1, 997.7,   4.7,  -0.2
154375,  -4.3,   1.8,   3.1,  90.0, 148.1, 894.9,   4.5,  -0.3
154399,  -1.4,   1.9,   4.0, -13.0, 121.2, 749.4,   4.2,  -0.3
154427,  -6.9,   4.6,   2.6,  98.6, 101.2, 700.1,   4.1,  -0.3
154451,  -1.1,  -2.5,   7.6, 112.3,-147.4,1148.3,   3.2,   0.2
154475,  -1.7,   6.3,   4.2,-132.1,  18.2,1029.2,   3.1,  -0.2
154499,  -2.1,  -2.6,   4.1, -95.8,  27.0,1091.0,   3.1,   0.4
154523,  -1.3,   0.3,   3.1, -23.2,-148.8, 874.7,   2.1,   0.0
154551,  -0.8,   4.4,   0.8,-128.5, -26.0,1016.5,   1.7,  -0.4
154575,   0.2,   0.9,   2.1,   6.8, -21.4,1063.1,   1.9,   0.0
154599,  -0.8,  -0.2,   1.7, 118.6, -70.9, 915.2,   1.6,   0.1
154623,  -0.2,  -0.6,   1.5,  39.5, -43.8, 908.6,   1.3,   0.1
154651,   0.2,  -0.3,   2.2,  31.7, -49.7,1023.6,   0.9,   0.2
154675,  -0.4,   1.6,   3.7, -94.3, -83.6, 941.6,   0.6,   0.0
154699,  -0.4,   3.3,   4.3, -71.3,  -3.3,1051.7,   0.5,   0.2
154723,   0.3,   1.9,   5.1, -38.9,-143.9, 971.3,  -0.0,   0.1
154751,   0.4,  -0.4,   6.1, 134.7,  47.2, 945.0,  -0.0,  -0.3
154775,  -1.5,   2.8,   6.5,-125.3,  -0.6, 865.9,   0.0,  -0.1
154799,  -3.3,   3.4,   8.7, 143.5, -50.2, 994.3,  -0.3,  -0.2
154823,   0.1,   3.6,  10.5, -85.0,-281.6,1112.9,  -1.4,   0.3
154851,   1.2,   1.7,   8.8,  73.9, -78.5,1009.7,  -2.0,   0.0
154875,   1.6,   1.5,   7.6, -31.1,  14.5,1011.1,  -2.0,   0.1
154899,  -0.1,   2.2,   7.0, -22.0, -18.2,1018.0,  -2.0,   0.1
154927,  -0.2,   2.2,   4.5,  34.1, -62.4, 989.9,  -2.1,   0.1
154951,  -0.2,  -0.3,   1.5,  48.5,  34.5, 973.3,  -2.1,  -0.0
154975,   1.3,   0.2,   4.4, 159.1,   1.8,1038.7,  -1.6,  -0.5
154999,  -0.2,   2.6,   3.8,  45.9, -44.6,1008.2,  -1.5,  -0.6
155023,   1.0,   3.5,   2.8,-150.7, 101.2,1012.6,  -1.3,  -0.3
155051,   0.8,   0.1,   3.3,  -2.2, -29.0,1033.4,  -1.0,  -0.4
155075,   1.4,   0.3,   2.6,  -4.7,  85.6, 957.4,  -0.6,  -0.3
155099,   0.6,  -0.8,   2.6,  20.9,  31.1, 995.0,  -0.2,  -0.3
155123,   0.5,  -0.3,   1.5, -10.1,  27.4, 966.2,   0.2,  -0.4
155151,  -0.1,   0.1,   1.6,   1.2,  25.0,1021.6,   0.5,  -0.5
155175,   0.7,  -1.1,   1.8,  79.5,  84.6, 989.7,   0.6,  -0.7
155199,   0.4,   1.4,   0.9,  53.4,  80.2,1001.6,   1.1,  -0.9
155227,   0.6,   1.4,   0.5,-106.2, 189.6, 995.8,   2.0,  -0.7
155251,   0.1,   1.5,   1.6,  11.4,  60.2,1024.6,   2.4,  -0.6
155277,  -0.3,   2.1,   0.7, -49.1,  99.2,1028.7,   2.7,  -0.7
155301,   0.7,  -0.2,   0.8, -12.3, 119.2, 996.5,   3.0,  -0.7
155325,   1.7,   3.3,   0.1,  24.6, 202.3, 937.7,   3.5,  -0.9
155349,   0.1,   0.4,  -0.6, 116.9, 229.6, 941.6,   4.2,  -1.2
155377,  -0.1,   4.8,  -0.3,-269.6,  98.0,1138.8,   4.4,  -0.5
155401,   2.4,  -1.1,  -0.5, 192.3, 266.0, 891.0,   4.6,  -0.7
155429,   2.0,   0.8,  -3.0,  85.2, 185.9, 883.2,   4.9,  -0.9
155449,   0.2,   0.1,  -2.5,  37.3,  73.8, 913.2,   5.1,  -0.6
155477,  -1.2,  -0.3,  -3.0, -24.5,  96.3, 963.3,   5.4,  -0.6
155501,  -1.0,  -4.3,  -2.3, -13.0, 159.3, 961.8,   5.7,  -0.1
155525,  -3.0,   1.3,  -2.8, 270.2, -99.3,1044.6,   5.4,  -1.0
155549,   1.6,   2.2,  -2.5,-313.3, 239.4,1032.6,   5.1,  -0.8
155577,  -0.4,   1.1,  -1.3, 154.2, -78.3,1029.7,   5.3,  -1.0
155601,   0.6,   3.8,   0.3, -44.2,  33.8,1021.9,   5.0,  -1.0
155625,  -0.6,   0.1,   1.7, -40.8,  77.5, 975.7,   5.4,  -0.7
155649,   0.2,   1.5,   2.6,-142.9,  39.9,1070.7,   4.8,  -0.6
155677,   0.4,  -0.0,   1.8, 127.9, -86.6, 945.5,   4.1,  -0.6
155701,  -1.5,  -1.0,  -1.5, 117.6, 169.0, 900.1,   4.1,  -0.5
155725,  -2.2,   2.8,  -2.9, -92.8,  15.0, 971.1,   3.3,  -0.6
155749,  -3.9,   2.4,  -0.5, -59.1,-254.5,1123.2,   3.2,  -0.7
155777,   2.0,   0.6,   1.4, -19.8, -43.8, 963.5,   2.3,  -0.8
155801,  -0.7,   4.0,   0.6, -68.2,  18.7, 892.0,   2.6,  -0.8
155825,  -0.1,   4.7,   2.2,-171.9,  78.0,1009.9,   3.0,  -0.4
155849,   0.5,   0.9,   3.9,-102.6,   2.5, 947.2,   3.1,   0.2
155877,  -1.3,  -1.1,   4.7,  32.4,-200.6, 856.4,   2.6,   0.5
155901,   1.5,   2.6,   6.1, -19.3,  44.8,1092.2,   1.8,  -0.2
155929,   0.9,   3.1,   7.7,  40.5, -59.0, 882.2,   1.7,  -0.2
155949,   2.2,   1.7,   6.9,  96.9, 108.7,1005.3,   1.9,  -0.5
155977,   2.9,   3.3,   5.8, -96.2,  85.8,1102.0,   1.7,  -0.4
156001,   1.0,   3.4,   7.1,-113.1,  75.5, 967.2,   1.7,   0.1
156025,   1.3,   4.9,   8.6,-140.9,-104.6,1050.0,   0.8,   0.0
156049,   1.0,   0.1,   8.3, 122.5, -43.8,1052.4,   0.5,  -0.1
156077,  -1.6,   1.8,   7.1,   2.4,   8.4, 943.0,   0.8,  -0.2
156101,  -2.6,   3.5,   7.2,  77.3, -57.8, 949.9,   0.5,  -0.2
156125,  -0.2,   3.6,   8.9,-227.8,  30.4,1054.1,   0.3,   0.4
156149,   3.2,  -0.9,   9.5, 152.5, -65.1, 994.8,  -0.9,   0.2
156177,   1.2,   4.2,   7.0,-204.9,  48.7, 928.6,  -0.9,   0.0
156201,   1.0,  -0.4,   7.5,  67.3, -16.0,1133.0,  -0.9,   0.1
156225,   0.7,   1.9,   6.9,  49.5, -11.6, 988.9,  -1.0,   0.2
156253,   0.1,   2.9,   3.0, 156.4, -39.9,1069.0,  -1.6,  -0.2
156277,  -0.4,  -0.7,   1.7,  59.5,   3.5, 942.5,  -1.6,  -0.4
156301,   0.3,  -1.0,   4.7, 138.1, -29.2,1015.8,  -1.3,  -0.8
156325,  -1.2,  -1.8,   3.3, -26.7, 114.8, 958.9,  -0.7,  -0.5
156353,  -1.1,   0.5,   2.8,  30.2,  19.1, 980.4,  -0.9,  -0.7
156377,  -2.4,   0.9,   2.7,  40.5,  10.8, 996.2,  -0.6,  -0.9
156401,  -2.0,   2.6,   2.6,  47.3,   6.9, 980.4,  -0.6,  -1.4
156429,  -1.0,   5.1,   3.3,-116.3, -34.1,1038.2,  -0.7,  -1.2
156453,   0.4,   3.2,   2.5, -37.6,  40.6,1021.4,  -0.6,  -0.9
156477,   1.5,   1.8,  -1.0,   9.2,  60.6, 989.2,  -0.3,  -0.8
156501,  -1.1,   0.4,  -1.4, -18.4,  41.1, 955.7,   0.2,  -0.7
156525,  -0.7,   0.2,  -1.6, 128.6,  -8.4,1014.3,   0.2,  -1.1
156553,  -1.6,  -0.1,  -2.3,  33.4,  41.4, 966.7,   0.3,  -1.2
156577,  -0.9,  -0.0,  -3.8,  37.3,  41.6,1016.8,   0.4,  -1.5
156601,  -2.2,   0.1,  -5.5,  -4.2,  84.3, 987.0,   0.8,  -1.4
156625,  -1.6,  -0.4,  -6.1,  56.6,  69.2, 981.6,   0.9,  -1.4
156653,  -1.2,  -0.0,  -7.6,  36.3,  63.3, 961.3,   1.1,  -1.4
156677,  -1.3,   0.6,  -8.0,  -7.6,  66.0,1015.0,   1.3,  -1.6
156701,  -1.7,   0.5,  -7.7,  13.4, -24.1,1041.9,   1.3,  -1.8
156725,  -1.6,   1.5,  -9.3,  80.0,  81.2, 924.7,   1.6,  -2.0
156753,  -2.8,   1.8, -11.0, -42.5, 123.6, 930.6,   2.1,  -1.9
156777,  -4.5,   1.5, -12.2,  48.3, 157.3, 969.4,   2.5,  -2.1
156801,  -2.3,  -1.0, -10.7,-195.1,-213.0,1051.7,   2.0,  -1.6
156825,   4.0,  -1.1, -12.8, 186.0, 174.2, 915.7,   2.1,  -2.1
156853,   0.1,  -1.4, -15.3, -96.0, 107.0, 889.8,   2.8,  -2.2
156875,  -0.5,  -0.6, -14.5, -97.5, 155.4,1016.8,   3.4,  -2.0
156903,  -1.7,  -1.8, -13.3, 254.3,  -4.5,1064.9,   3.4,  -2.4
156931,  -3.8,   0.4, -13.2,-174.4,  90.7, 974.5,   3.4,  -2.2
156951,  -5.4,  -0.7, -13.5,-179.7,  75.5,1045.3,   3.7,  -1.9
156975,  -4.0,  -2.1, -11.3, 295.9,-152.2, 963.3,   3.1,  -2.5
157003,   0.1,   5.1, -10.8,-219.8, 304.5,1001.1,   3.4,  -2.5
157027,  -0.6,   1.3,  -6.8, -33.5,  54.3,1011.4,   3.6,  -1.7
157051,   0.2,   3.5,  -4.2, -35.9,  84.8, 994.5,   3.7,  -1.5
157075,  -1.5,   2.1,  -1.8,  40.7,   8.9,1073.6,   4.1,  -1.1
157103,  -2.6,   0.5,   0.5, -45.7,-127.3,1127.6,   3.9,  -0.5
157127,  -1.1,   2.3,   0.6, -56.7, -58.5, 950.4,   3.5,  -0.4
157151,  -0.9,  -0.2,   0.6,  96.4,  32.1, 989.9,   3.4,  -0.4
157175,  -0.1,   1.5,  -0.3,  28.8, 105.1,1031.9,   3.1,  -0.2
157203,  -1.3,   0.8,   0.3,  22.9, -80.2, 968.4,   2.9,   0.2
157227,   0.7,   2.4,   0.2, 142.3,  35.0, 952.1,   2.6,  -0.4
157251,  -1.9,   1.9,   1.3, -87.2, 162.0, 976.7,   3.0,  -0.2
157275,  -5.6,   2.3,   2.4, 107.9, -56.3, 922.0,   2.9,  -0.4
157303,  -0.7,  -0.1,   4.8, -34.2,-219.1, 864.9,   1.6,   0.2
157327,   2.3,  -0.9,   4.0, 118.4, 139.5,1069.7,   1.6,   0.0
157351,   0.7,   3.3,   1.7,  54.6,  96.8,1014.3,   2.1,  -0.2
157379,  -0.5,   0.6,   5.1,  40.7, -21.4,1022.9,   2.1,   0.1
157403,  -1.4,   2.5,   7.3,  62.9,-116.4,1055.8,   1.4,   0.0
157431,   0.6,   4.4,   9.4, -21.3,  91.2,1006.0,   1.4,   0.2
157451,   0.0,   2.2,   8.9,-151.2,   6.2,1000.9,   1.7,   1.0
157479,   0.6,   1.9,  11.8,  44.9,   6.5, 926.4,   1.4,   1.2
157503,  -0.7,   0.1,  12.7,-128.5, -59.5,1000.4,   1.4,   1.3
157527,  -0.2,  -2.5,  12.0,   6.1, -51.9,1113.4,   1.0,   1.4
157551,   0.6,  -0.5,   6.7, 227.5,  -6.5, 981.6,   0.4,   0.6
157579,  -1.0,  -2.5,   4.0, 114.5, -63.9, 957.9,   0.7,   0.1
157603,  -0.7,   2.1,   3.3,  80.3,  29.2, 997.5,  -0.0,  -0.7
157627,  -1.9,   1.2,   0.2,  90.8,-127.3,1007.2,  -0.1,  -0.8
157651,  -0.4,   0.7,  -1.3, -29.6,  23.1, 996.0,  -0.2,  -0.9
157679,  -0.5,   0.5,  -3.3, 142.5, -36.3,1106.1,  -0.2,  -1.0
157703,  -1.1,  -0.7,  -6.1,  31.9, -22.6, 939.4,  -0.2,  -1.1
157727,  -1.8,  -0.2,  -6.3,  35.1, -28.5,1000.9,  -0.5,  -1.3
157751,  -2.1,   0.4,  -8.3, -24.0, -24.8,1013.8,  -0.5,  -1.5
157779,  -1.8,  -1.1, -11.0,  12.2,  22.1,1009.2,  -0.6,  -1.6
157803,  -1.3,  -3.9, -14.3, 111.5,  -2.1,1011.1,  -0.5,  -1.8
157827,  -1.6,  -0.9, -15.4, 141.8,  29.4, 967.9,  -0.4,  -2.2
157851,  -2.9,  -0.4, -17.4,  87.6,  20.9, 966.2,  -0.1,  -2.7
157879,  -3.3,   1.0, -18.1,  23.6,-111.7,1136.1,  -0.2,  -2.9
157903,  -0.5,  -0.2, -17.0,   0.4,  74.1, 961.6,  -0.2,  -2.5
157931,  -0.6,   3.8, -19.7,   3.4,  45.3, 926.4,  -0.2,  -2.4
157951,  -0.8,  -2.6, -19.1, -33.7,  78.0, 994.1,   0.4,  -2.0
157979,  -2.5,  -0.4, -21.0,  52.2,  27.4, 972.3,   0.5,  -2.1
158003,  -2.7,   1.1, -20.3, 341.3, -19.7,1004.8,   0.5,  -2.9
158027,   0.1,   4.6, -20.1,-136.0, 145.4,1057.8,   0.5,  -2.7
158051,  -1.0,   1.1, -20.8, -38.4, -71.7, 956.9,   0.6,  -2.2
158079,  -1.0,   0.4, -23.6, -43.7,   8.6,1003.6,   0.6,  -1.9
158103,  -2.9,   0.1, -26.2, 154.0, -64.6,1014.1,   0.2,  -2.3
158127,  -2.4,   0.3, -26.0, -20.1,  -1.1, 991.6,  -0.0,  -2.1
158151,  -2.1,  -0.4, -22.5, -53.8, 110.7,1008.9,   0.6,  -1.9
158179,  -0.9,  -0.6, -19.1,-106.7,  27.4,1101.0,   1.0,  -1.3
158203,  -2.6,   0.6, -16.9, -56.4, -12.1, 944.0,   1.1,  -0.8
158227,  -1.5,   2.8, -14.3,  12.4,  55.5, 980.1,   1.2,  -0.8
158251,  -1.3,   2.5, -12.7, -11.8,  64.8, 964.5,   1.3,  -0.4
158279,  -1.2,   0.9, -11.1,-117.7,  21.8,1019.7,   1.4,   0.0
158303,  -0.7,  -0.0, -10.5,  16.1,  13.3,1008.5,   1.5,   0.2
158327,   0.4,   1.4,  -9.9, -42.8,  38.2,1014.6,   1.5,   0.4
158355,   0.9,   0.2,  -8.8, -42.5,  32.6,1039.0,   1.7,   0.6
158379,   0.5,  -0.3,  -7.5, -27.9, 155.6, 981.8,   2.2,   0.8
158403,  -1.0,  -2.0,  -5.4, -35.2, 137.1,1087.6,   2.5,   1.0
158431,   0.7,   1.6,  -0.5, -71.1, 109.0,1039.0,   2.6,   1.1
158455,  -0.1,   0.9,   1.7,  21.2,  25.7, 936.4,   2.9,   1.1
158477,   1.2,   1.0,   3.7,-136.8,  96.5,1069.0,   3.1,   1.6
158505,  -0.5,  -0.4,   5.6, -45.2, -58.0,1012.6,   3.2,   2.0
158529,  -0.1,  -0.1,   7.8,-128.2,  95.8, 943.8,   3.5,   2.3
158553,  -1.8,   1.9,  10.7,  15.1,  66.5, 974.8,   3.8,   2.3
158577,  -2.2,   4.2,  15.0, -32.3, -76.6,1268.0,   3.4,   2.2
158605,   2.8,   2.1,  19.0, -17.1,  -6.2,1045.3,   2.8,   2.5
158629,   3.8,   1.5,  17.0,  53.9, 119.2,1028.5,   3.2,   2.8
158653,   3.9,   2.1,  13.0, -19.3, 156.8, 901.0,   3.9,   2.6
158677,   1.5,  -0.3,  16.6,  84.9,  44.0, 992.3,   4.3,   2.6
158705,  -1.0,   5.5,  17.7, -35.9,  73.8,1024.6,   4.6,   2.0
158729,  -2.0,   5.9,  19.2,-235.6,  41.1, 941.1,   4.4,   2.3
158753,   0.6,   2.2,  18.8, -49.9,  79.4,1025.3,   4.5,   2.4
158777,   0.1,   2.5,  17.2, 114.7, 136.3, 974.3,   4.9,   2.2
158805,   1.2,   4.8,  16.3, -48.1, 114.4, 988.4,   5.1,   1.9
158829,   0.6,   1.2,  16.0, -20.3,  -1.1,1002.8,   5.0,   1.9
158853,   1.4,   0.8,  13.8,  93.9,  38.2, 960.1,   4.8,   1.4
158877,   1.3,   2.1,  12.2,  50.5,  36.7, 985.0,   4.4,   1.2
158905,   0.1,   0.4,   8.0, -22.5,  86.3, 879.5,   4.8,   1.1
158933,   1.6,   1.5,   5.9, 124.7,  28.4, 959.9,   4.9,   1.0
158953,   0.3,   1.0,   3.4, 102.0,  80.4,1020.2,   4.9,   0.6
158977,  -0.2,   2.0,   1.9, -49.6,  44.8,1014.8,   4.6,   0.4
159005,  -2.7,   3.7,   0.4, 123.0, 116.3, 923.0,   4.6,  -0.3
159029,  -4.4,   3.7,  -0.5,  13.4,  13.8,1293.6,   4.8,  -0.5
159053,  -0.4,  -0.9,   1.9, -25.7,-280.7, 902.5,   3.6,   0.1
159077,   0.6,  -3.1,  -2.2, 214.3,  92.6, 960.4,   3.9,  -0.3
159105,  -1.2,   1.3,  -2.8,  73.2, -60.9, 942.8,   4.2,  -0.3
159129,   0.4,   6.2,  -4.4, 107.6,-118.5, 996.5,   3.2,  -1.5
159153,  -1.0,   0.1,  -5.3,  32.2, 109.7, 942.0,   3.5,  -0.9
159177,   0.0,   1.3,  -7.0,  79.8, -60.7, 977.4,   2.6,  -1.2
159205,  -1.1,  -1.3,  -9.6,  15.8,   3.3,1065.6,   2.3,  -1.2
159229,  -2.4,   3.0,  -9.4, -63.5, -29.4,1012.6,   1.9,  -1.4
159253,  -3.2,   1.1,  -7.7,-140.7,-111.5, 995.3,   1.7,  -1.3
159277,  -1.6,   1.6,  -7.7, -24.0,   2.8, 988.9,   1.5,  -1.1
159305,  -1.7,   1.1,  -8.1,  29.0, -15.3, 952.1,   1.4,  -0.8
159329,  -0.9,  -0.4,  -6.6,  33.4,  -5.3, 987.7,   1.1,  -0.8
159353,  -0.5,  -0.9,  -5.6,  -6.6,  34.5,1008.7,   1.0,  -0.5
159381,  -1.8,   0.5,  -4.7, -17.6,-111.5, 971.8,   0.5,  -0.6
159405,   0.1,   0.1,  -4.3,  38.0,  34.3, 996.0,   0.3,  -0.3
159433,   1.0,   0.5,  -3.5,  23.9,  -9.4,1006.5,   0.2,  -0.4
159453,   1.8,   0.2,  -3.4,  38.5,   3.5, 980.9,   0.3,  -0.5
159481,  -0.5,   0.5,  -3.5,  31.0,   5.5, 974.0,   0.4,  -0.4
159505,  -0.5,   2.4,  -4.0, -14.7,  27.4, 935.9,   0.1,  -0.5
159529,  -3.3,  -2.1,  -0.8,  -2.5,-164.2,1150.3,  -0.1,  -0.1
159553,   0.6,   0.4,  -1.1, 117.4, -82.2, 953.3,  -1.0,  -0.3
159581,   0.7,   0.7,  -4.4,-129.7, -23.1, 969.4,  -1.0,  -0.3
159605,   1.7,  -2.9,  -1.7, 258.7, -59.0,1045.8,  -1.4,  -0.6
159629,  -0.7,   4.9,  -1.7,  13.9, -19.9, 988.2,  -1.2,  -0.7
159653,  -0.2,   0.7,  -0.2, -20.8,   6.2, 975.3,  -1.4,  -0.3
159681,  -0.2,   0.8,   1.1,  76.1,  -2.6,1008.5,  -1.7,  -0.2
159705,  -0.4,   2.6,   2.2,   9.5,   9.9,1005.0,  -1.7,  -0.1
159729,   1.4,   0.8,   3.0,-105.5,  69.7,1030.4,  -1.4,   0.2
159753,   0.9,  -0.4,   1.5,  -0.5,   0.1, 972.8,  -1.0,   0.4
159781,   0.3,  -0.6,   0.2, -24.5,  75.8, 983.6,  -0.7,   0.3
159805,   0.2,   1.5,   1.4,  24.6,  14.5, 987.2,  -0.5,  -0.0
159829,   0.4,  -0.3,  -0.0, -32.3,  40.1,1009.2,  -0.2,  -0.0
159853,   0.1,  -0.0,   0.1,  70.3,  75.1,1008.7,   0.1,  -0.1
159881,   0.7,  -0.5,  -0.6,   5.3, 121.7, 983.1,   0.6,  -0.2
159905,   0.5,   0.1,   0.2,  28.3, 160.0, 962.6,   1.3,  -0.2
159933,  -0.2,   0.7,   1.5, -33.7, 127.5,1011.9,   1.5,  -0.1
159953,   0.1,   0.5,   1.5,   3.1, 132.9, 974.8,   2.1,  -0.2
159981,  -0.2,   0.6,   2.6,  50.7, 146.1,1018.0,   3.0,  -0.1
160005,  -0.4,   2.2,   2.6,  27.1, 139.0, 989.4,   3.5,  -0.2
160029,  -0.9,   2.4,   3.1,   7.0, 198.6, 951.3,   4.4,  -0.2
160053,  -0.9,   2.6,   3.3,   3.1, 140.0, 956.0,   4.9,  -0.3
160079,  -1.7,   1.7,   3.6, -34.2, 166.4,1009.9,   5.6,  -0.0
160103,  -0.3,  -1.4,   3.1,  45.1, 157.8, 994.3,   5.8,   0.0
160131,  -0.6,   2.1,   1.5, -67.4, 166.6, 940.3,   6.4,  -0.3
160155,  -1.2,   3.7,   3.5,   5.1, 192.7,1006.3,   6.6,  -0.4
160179,  -0.7,   2.4,   2.4, -43.5, 215.9, 933.3,   7.1,  -0.2
160203,  -2.3,   1.6,   3.1,   4.1, 266.0, 887.4,   7.8,  -0.2
160231,  -3.7,   3.5,   2.8, -30.1, 246.7, 990.4,   8.3,  -0.4
160255,  -1.6,  -0.4,   7.5,-383.3, 144.4, 872.0,   8.1,   0.5
160279,   0.8,  -2.2,   5.8, 265.1, 246.0, 927.4,   8.4,   0.1
160303,  -0.4,  10.5,   1.7,-135.1,  48.0, 930.1,   8.4,  -0.6
160331,  -1.5,   2.4,   4.2, 121.3, 165.6,1062.7,   8.7,   0.2
160355,  -2.4,   3.5,   5.0,-145.3,  85.8, 981.6,   8.9,   0.1
160379,  -2.9,  -1.4,   6.1,  37.8, 127.5,1013.1,   8.6,   0.3
160431,  -1.6,   3.7,   5.6, -79.1,  34.3,1041.4,   7.9,   0.2
160435,  -2.1,   3.8,   6.4,-181.9,  88.2, 839.5,   7.8,   0.5
160455,  -1.0,   4.3,   5.5,-201.2, 126.6, 984.8,   7.2,   0.6
160479,   1.4,   3.0,   3.1, 131.3,  76.0,1077.8,   6.1,   0.3
160507,  -2.5,   1.5,  -0.5,  79.3, 257.9, 953.0,   6.8,   0.4
160531,  -2.4,   3.0,   0.9, 212.1,-142.0,1769.9,   6.3,   0.2
160555,   0.2,  -7.3,   5.3, 224.3,-259.2, 886.6,   4.7,   1.0
160579,  -1.8,   4.8,   3.6, 358.6,-141.5,1032.1,   4.8,  -0.1
160607,   3.9,   6.0,   8.0, -62.8,  93.6,1052.4,   4.1,  -0.4
160631,  -1.3,  -1.2,   7.8,-155.6, -74.6, 862.7,   5.3,   1.3
160655,   0.3,  -0.8,   6.1, 199.4,-324.8,1280.7,   3.9,   0.8
160679,  -0.5,  -0.4,   4.3,-152.9, 118.5, 916.2,   3.7,   1.4
160707,   1.0,   5.1,   5.9,  -0.5,  19.1, 922.5,   2.8,   0.4
160731,   1.8,   4.5,   8.3, -43.0, 114.4,1303.1,   2.6,   0.5
160755,   0.8,   4.8,   8.3,-187.5, -81.0,1198.2,   2.4,   0.7
160779,   0.3,   1.5,   8.3, -54.0,-139.8,1041.9,   1.7,   1.0
160807,  -0.7,   4.0,   9.1,-127.2,  64.3, 709.9,   1.2,   0.8
160831,  -3.6,   7.9,   9.2,-523.7,-335.8,1102.7,   0.9,   1.0
160855,   1.7,   3.3,  10.2, 224.3,-103.7, 964.3,  -0.7,   0.5
160879,   2.0,   6.2,   4.2,-151.7,-137.1, 957.7,  -1.6,   0.3
160907,   2.9,  -1.5,   1.8, 116.7, 197.1, 950.4,  -1.5,   0.8
160935,   3.5,  -2.0,   2.2, 184.5, 141.2,1021.6,  -1.4,   0.5
160955,   4.7,   2.9,   2.5,   2.9,-200.3, 929.8,  -1.9,  -0.5
160979,   2.7,  -4.6,   5.9, -99.4, 223.2,1087.8,  -0.8,   0.5
161007,   3.5,   4.3,   3.0,  13.4,  76.8, 995.5,  -0.7,  -0.0
161031,   0.8,   0.6,   2.3,-297.9, -43.6,1092.7,   0.2,   0.3
161055,   4.2,   8.4,   4.0,-336.5, 193.0, 844.4,   1.1,  -0.1
161079,   2.6,  -3.2,   4.9,  59.5, 180.3,1111.5,   2.1,   0.1
161107,   1.8,   1.5,   2.0,  19.2,  95.6, 949.6,   2.7,  -0.1
161131,   0.1,  -0.8,   3.1,  92.7, 201.0, 886.4,   3.6,  -0.3
161155,  -2.9,  -0.3,   5.1, 188.9, 225.7, 884.2,   4.2,  -0.9
161179,  -3.0,   1.0,   4.9, 140.1, 239.6, 868.6,   5.0,  -0.8
161207,  -0.4,  12.5,   4.3,-837.2, 235.7,1257.2,   5.2,  -0.2
161231,   3.4,  -1.6,   6.4, 332.7, 246.9, 970.1,   5.3,  -0.4
161255,   1.5,   6.0,   2.3, 113.0,  50.4, 759.9,   5.2,  -1.5
161279,  -1.6,   4.7,   6.4,-340.1, -27.2, 961.3,   5.0,  -0.3
161307,  -5.3,   3.6,   5.1,   2.4,-207.4, 975.0,   4.8,  -0.3
161331,  -2.1,  10.2,   3.2,-207.1,  -9.2,1069.2,   3.4,  -0.7
161355,  -0.3,   0.8,   4.3,-150.7,  31.8, 808.3,   3.9,  -0.0
161383,   1.8,   4.7,   3.1, -61.1, 276.7,1007.5,   4.5,  -0.2
161407,  -2.1,   0.4,   2.2,-150.2,-257.7,1104.9,   4.1,   0.5
161435,  -3.5,   3.4,   2.5,  -8.1,   5.0,1011.1,   4.0,   0.6
161455,  -7.6,   6.9,   1.7,  53.9,-124.4, 881.5,   3.7,  -0.2
161483,   2.0,  -5.3,   7.8, 130.3, -86.3,1091.2,   2.3,   0.5
161507,   1.9,   7.4,   1.4, -71.6, 149.8, 973.8,   2.9,  -0.2
161531,  -0.5,  -1.9,   2.2,  -7.6, 126.6,1117.6,   3.6,   0.2
161555,  -1.6,  -1.4,   3.8,  37.1,-213.0, 977.2,   3.0,   0.2
161583,  -2.5,   8.0,   5.9,-172.9,-143.7,1052.4,   2.4,  -0.2
161607,   5.6,   8.4,   9.8,-198.3,  22.8, 946.9,   0.9,  -0.7
161631,   0.1,   3.4,  10.2, -92.8, -66.1, 980.1,   2.2,   0.3
161655,   2.4,   3.1,  10.1,  51.5,  33.8,1022.4,   1.7,   0.5
161681,   1.7,   3.8,  11.4,  11.4, -15.3,1040.9,   1.2,   0.5
161705,   1.3,   1.3,  13.8,-132.4,-118.3,1168.1,   0.4,   0.7
161733,   1.3,   2.5,  17.5, -98.7, -20.9,1069.2,  -0.4,   1.0
161757,  -0.1,   1.7,  14.6,  -3.7, 155.6,1032.6,   0.0,   0.9
161781,  -3.4,   2.6,   4.5,-136.0,-200.3,1269.2,   0.4,   1.2
161805,   0.5,  -5.3,   5.0, 148.9,-314.4, 934.2,  -0.9,   1.1
161833,   1.1,   3.0,   1.1,  21.9, -87.3,1073.9,  -1.9,  -0.6
161857,  -1.4,   1.6,  -2.0,  57.1, -79.5, 943.8,  -2.0,  -1.1
161881,  -0.5,  -2.8,  -6.1,  64.2, 109.0, 909.3,  -1.6,  -1.1
161905,  -2.0,  -3.8,  -9.4, 174.0,  75.5, 901.0,  -1.3,  -1.6
161933,  -1.6,   1.8,  -8.2,-100.9,  27.7,1027.3,  -1.4,  -1.5
161957,  -0.3,  -0.3,  -7.4,  90.8,  30.1, 984.0,  -1.0,  -1.8
161981,  -1.0,  -2.4,  -8.6, -74.5, 173.4, 951.3,  -0.2,  -1.4
162005,  -3.2,   0.8,  -9.0,  29.5,  38.7, 971.8,   0.4,  -1.7
162033,  -0.1,   3.2,  -8.0,   7.0, 223.0,1222.3,   0.6,  -2.6
162057,  -2.3,  -0.7,  -5.5, 231.4,  75.8, 915.9,   1.6,  -2.4
162081,   0.1,   3.2,  -5.9,  -8.8,  52.6, 999.7,   1.6,  -2.3
162105,  -0.1,  -0.9,  -5.5,  -2.7, 120.5, 890.5,   2.3,  -1.7
162133,  -2.0,   3.8,  -4.1,-176.8, 226.2, 983.1,   3.2,  -1.8
162157,  -3.7,   1.6,  -0.4, -25.2,   1.1, 910.1,   3.5,  -1.5
162181,  -6.5,   7.1,  -1.6,  58.8, 242.8, 803.6,   4.4,  -1.9
162205,  -7.4,   2.6,   3.6, -36.7,-132.2,1616.1,   4.2,  -1.3
162233,  -0.4,   3.8,   6.7, -46.2,  76.0, 759.7,   3.2,  -1.0
162257,  -1.3,   3.5,   2.5,   2.1,  16.7,1015.3,   3.2,  -1.2
162281,  -1.3,   1.5,   2.0,  35.6, -38.2, 967.4,   2.8,  -0.4
162305,  -1.7,   4.9,  -0.6,  43.4, -29.0, 972.1,   2.2,  -1.0
162333,   0.2,  -3.6,  -1.4, 138.9, 124.4,1081.0,   2.0,  -0.6
162357,  -2.7,   1.5,  -1.9, 309.5,-150.3,1047.3,   1.4,  -1.4
162381,   2.3,   6.5,  -1.6,-150.9, 107.5,1066.6,   0.8,  -1.7
162433,  -0.6,   0.4,  -0.4,  67.1,   9.1,1068.5,   1.8,  -0.8
162437,  -0.1,   1.7,  -1.3,-118.0,  18.4,1043.4,   1.8,  -0.7
162457,  -2.0,   0.7,   1.2, -28.4, -72.2, 968.4,   1.5,  -0.6
162481,   1.2,   2.7,   2.3, -94.8, 107.0, 892.7,   1.1,  -0.7
162509,  -1.0,   0.2,   6.5, 136.7,  24.3, 958.2,   1.3,  -0.8
162533,  -1.5,   2.1,   8.0, 130.1,  89.9,1014.8,   1.3,  -0.9
162557,  -4.3,   5.9,   8.3, -35.9, -86.3,1311.7,   1.5,  -0.8
162581,   3.7,   2.0,  13.1,-139.0, -49.5, 656.4,   0.4,  -0.0
162609,   2.4,  -2.1,  14.7, 467.2,  31.4,1112.9,   0.3,  -0.5
162633,   0.7,   6.9,  15.0,-295.2,  24.5,1156.9,   0.3,   0.5
162657,   1.0,   2.2,   9.8,  86.6, -61.4, 921.8,  -0.6,   0.3
162681,   0.4,  -3.2,   4.4,  73.9,-125.4, 947.9,  -1.0,   0.1
162709,   1.2,   4.0,   0.3, -94.8, -18.2,1015.5,  -2.2,  -0.7
162733,   1.7,   0.2,   3.3, -43.0,  65.5,1110.0,  -1.4,  -0.6
162757,   0.9,  -3.1,   1.1,  86.6,  30.1, 900.1,  -0.9,  -0.5
162781,  -0.5,  -1.5,  -2.1,  72.5, -36.0,1039.2,  -1.0,  -0.6
162809,   0.7,   4.4,  -0.9, 103.2, -19.9, 984.0,  -1.1,  -1.6
162833,   0.9,   3.0,   0.1,-103.1,  84.8, 929.8,  -0.3,  -1.2
162857,   0.1,   2.2,  -0.8,  -1.8, 102.2,1030.4,   0.3,  -0.9
162881,  -1.0,  -0.1,  -0.7,  85.9, 129.3, 973.8,   0.7,  -0.7
162909,   0.2,   1.1,  -0.8, 113.2,  81.9,1014.3,   0.9,  -1.1
162937,   0.5,   2.2,  -1.1,  92.5,  44.0,1029.9,   0.9,  -1.1
162957,   0.1,   1.0,  -3.3,  96.6, 127.5, 923.7,   1.7,  -1.0
162981,  -2.6,   1.5,  -4.2, -53.5, 115.3, 920.3,   2.0,  -1.2
163009,   1.5,  -3.7,  -0.3, 178.2,-141.5,1203.0,   1.5,  -0.8
163033,   2.9,   0.7,  -3.0, 179.6,  27.7, 979.4,   1.6,  -1.5
163057,  -0.2,   1.9,  -6.6, -95.0,  99.2, 954.7,   2.1,  -1.2
163081,  -1.2,   1.8,  -7.2,  24.6,  92.6, 963.3,   2.4,  -1.4
163109,  -2.3,   0.8,  -5.7,  51.2,-137.3,1045.8,   2.2,  -1.6
163133,  -1.2,   3.3,  -4.9, -74.0,  56.5, 977.9,   1.8,  -1.6
163157,  -1.2,   0.7,  -3.9,  -2.5, -17.7,1054.8,   1.6,  -1.4
163181,  -1.2,   1.9,  -5.2, -48.4,  36.2, 954.5,   1.7,  -1.1
163209,  -3.0,   3.5,  -7.1, -34.7, -52.9,1017.5,   1.5,  -1.1
163233,   1.0,   2.1,  -4.3, 156.2,   5.7, 960.1,   0.6,  -1.8
163257,   0.7,   2.7,  -4.3,-111.4, 114.6, 936.7,   1.0,  -1.3
163283,   0.9,  -0.3,  -5.5,   4.3,  -4.5,1081.7,   0.9,  -1.2
163307,  -0.1,  -2.2,  -5.8,  28.8,  20.9,1057.5,   1.1,  -1.0
163331,   0.1,   0.7,  -5.4, -34.2, -24.1,1011.9,   0.8,  -1.1
163359,  -1.0,  -0.2,  -6.0,  69.8,  27.9,1114.9,   1.0,  -1.1
163383,  -0.6,   4.6,  -5.5, -49.4,  11.6, 986.5,   1.0,  -0.9
163407,  -0.7,  -1.4,  -4.5, -26.9,  88.5, 896.6,   1.2,  -0.6
163435,  -1.8,   3.3,  -2.3,  70.0, -54.1, 964.3,   1.0,  -0.6
163459,  -3.1,   5.7,   0.3,-121.1,  27.0, 957.2,   1.1,  -0.5
163483,  -1.0,  -0.7,   4.9, -15.4,-147.6,1164.7,   0.5,   0.1
163507,   1.1,   2.9,   6.7,  22.2,  13.3, 972.1,  -0.3,   0.1
163535,   0.5,   1.3,   8.8,  40.2,  51.4, 979.2,   0.0,   0.3
163559,   1.7,   3.2,   6.8,-104.8,  20.9, 988.2,   0.1,   0.7
163583,  -0.7,  -0.4,   0.4, -48.6, -17.7, 981.1,   0.4,   1.0
163607,   1.5,   0.2,  -0.2, 193.8,-173.2, 985.3,  -0.7,  -0.3
163635,  -1.9,   1.3,  -0.9,  69.3, -54.6,1024.3,  -0.6,  -0.6
163659,  -1.5,   4.0,  -3.2, -26.7,  55.8, 983.8,  -0.9,  -0.7
163683,  -2.4,  -0.4,  -6.8,  64.2,  46.2, 981.4,  -0.5,  -0.5
163707,  -2.9,  -1.0,  -9.8,  92.2,  44.0, 930.1,  -0.3,  -1.0
163735,  -5.9,   1.9, -10.9,  82.0,  -3.8, 985.3,  -0.2,  -1.6
163759,  -4.3,   2.3,  -9.9,  42.4,-173.5,1196.2,  -0.8,  -2.0
163783,  -1.2,   0.4, -12.1,  45.6,  72.1, 990.6,  -0.6,  -1.8
163807,  -0.4,   0.8, -14.3,  -9.3,  42.3,1005.3,  -0.2,  -1.8
163835,  -1.5,  -2.4, -16.5, 110.1,  78.0,1024.8,   0.3,  -1.7
163859,  -3.0,  -1.8, -18.7, 150.3,  15.0,1046.3,   0.4,  -2.0
163883,  -4.5,   0.7, -20.6, -23.5,   8.4, 970.6,   0.2,  -2.2
163907,  -3.5,   0.1, -21.5, -11.8,  28.2,1006.3,   0.2,  -2.3
163935,  -3.0,  -3.6, -23.4, -29.3,  63.8, 992.3,   0.2,  -2.4
163959,  -3.1,   3.5, -25.2, 116.2, -63.9, 927.2,   0.1,  -3.3
163983,  -2.3,  -0.9, -26.1,-100.9, 201.3, 991.4,   0.8,  -2.6
164007,  -1.8,  -2.3, -27.7, 222.1, -14.1, 979.4,   0.7,  -3.0
164035,  -4.1,  -0.3, -31.5, -70.4, 143.2, 979.9,   0.9,  -3.1
164059,  -7.7,   0.7, -33.7,  61.7,-102.9, 954.5,   0.8,  -3.7
164083,  -7.7,   2.3, -33.6,  -1.8, 114.4,1022.4,   0.8,  -3.8
164107,  -5.3,  -3.9, -30.7,-138.0, -33.6,1104.6,   0.3,  -2.8
164135,  -4.5,   2.9, -33.1, -56.9,-102.9, 904.2,   0.1,  -2.8
164159,  -2.4,   2.9, -31.3,-100.6, 132.7, 988.2,   0.0,  -2.9
164183,  -2.6,  -0.5, -27.9, -24.2,  72.4, 967.0,   0.7,  -2.5
164207,  -2.6,  -1.3, -28.1, -51.3, -72.7,1003.3,   0.5,  -2.0
164235,  -3.2,  -1.8, -29.5,  -2.5,  25.2,1028.5,   0.4,  -1.7
164259,  -4.6,  -0.6, -28.6,   4.6, -41.4, 943.5,   0.2,  -1.7
164283,  -4.8,   2.2, -28.6, -16.9,  53.6, 998.9,   0.2,  -1.8
164307,  -3.7,   1.3, -27.5,-110.6, -32.4,1014.6,   0.1,  -1.4
164335,  -4.3,  -1.2, -26.2, -25.7,  33.3, 998.0,   0.1,  -1.1
164359,  -4.5,   3.2, -26.8,-143.4,-113.4,1032.6,  -0.2,  -1.2
164383,  -3.1,  -1.0, -24.9,   6.8,  54.3,1057.3,  -0.2,  -0.9
164435,  -2.9,  -1.2, -21.0, -54.2, -19.4,1035.3,  -0.4,  -0.6
164439,  -2.9,  -1.0, -21.3,   8.5,  34.0,1022.6,  -0.4,  -0.6
164459,  -3.2,  -1.0, -19.3, 106.2, -75.8, 966.5,  -0.5,  -0.5
164483,  -2.3,   0.1, -17.3, -27.9, -25.8, 999.2,  -0.6,  -0.2
164511,  -2.4,   2.2, -14.3, -43.3,   8.9, 982.8,  -0.7,   0.0
164535,  -3.8,  -0.9, -12.9, -10.3,  38.2, 958.7,  -0.3,   0.5
164559,  -2.2,   0.1,  -8.5, -84.8, -32.4,1013.1,  -0.4,   0.9
164583,  -3.4,  -1.8, -10.4,-142.1, -10.4,1008.9,  -0.5,   1.6
164611,  -2.7,  -0.4, -11.7,  68.3,  27.0, 980.9,  -0.4,   1.2
164635,  -0.7,   0.1, -10.5, -49.6,  65.8,1020.7,  -0.4,   0.9
164659,  -1.4,   0.2,  -8.5,  53.2,  14.0, 980.9,  -0.1,   0.7
164683,  -1.8,  -1.6,  -7.6, -80.4, 106.3,1014.6,   0.3,   0.9
164711,  -1.5,   0.2,  -6.8, -62.3,  79.2, 948.2,   0.7,   1.3
164735,  -2.6,  -1.4,  -6.5,  10.2,  62.8,1023.8,   1.2,   1.3
164759,  -2.2,  -0.1,  -3.5, -79.4,  55.8, 983.6,   1.5,   1.3
164783,  -2.2,  -2.0,  -1.9,   5.8,  71.1, 978.2,   1.7,   1.3
164811,  -1.8,  -0.2,  -0.8,  -5.7,  84.3, 980.4,   1.9,   1.3
164835,  -1.5,   1.1,   1.0,   4.8, 123.4, 988.4,   2.3,   1.5
164859,  -3.0,   1.3,   1.4,  -8.6,  93.4, 962.8,   2.7,   1.3
164885,  -4.3,   1.5,   3.3, -64.3, 161.7, 945.2,   3.1,   1.6
164909,  -4.0,   1.5,   6.1, -24.7, -92.4,1096.1,   2.8,   1.9
164937,   0.6,   3.0,   5.2, -74.8, 175.9, 923.0,   3.1,   2.1
164961,  -0.4,   1.0,   4.5,   0.4, 120.5, 906.4,   3.7,   1.9
164985,  -1.1,  -0.8,   6.6,  15.8, 138.8,1010.4,   4.1,   2.0
165009,  -1.6,   2.3,   7.3, -30.1,   8.6, 934.7,   4.1,   1.8
165033,  -3.6,   1.0,   8.8, -80.9,   7.2, 974.3,   4.1,   2.0
165061,  -3.4,   0.1,   9.1,  30.2,  15.2, 980.4,   3.7,   1.9
165085,  -2.9,   4.5,   9.8,  19.2,  15.5,1034.1,   3.4,   1.8
165109,  -3.6,   0.8,   9.4,   2.9, -75.1,1026.8,   3.3,   2.0
165133,  -0.8,   0.5,   7.8,  76.6,  89.0,1152.7,   2.7,   1.7
165161,  -1.8,  -0.0,   6.6, -40.6,  21.1, 917.1,   2.5,   2.2
165185,  -1.5,   1.8,   5.9,-209.8,   5.7, 960.6,   2.2,   2.0
165209,  -1.2,  -1.0,   7.3, 203.8,-150.0,1062.4,   1.6,   1.4
165233,  -0.3,   5.4,   6.4,-114.6,  68.2,1049.5,   1.5,   1.0
165261,   0.4,   2.3,   6.5,  -5.4, -52.4, 977.0,   1.6,   1.4
165285,   0.9,   2.4,   5.6,  31.4,  39.2, 895.4,   1.4,   1.2
165309,  -2.2,   2.6,   4.6,-118.0,  37.0, 968.9,   1.6,   1.2
165333,  -4.7,   2.1,   5.8,  35.8,  58.9, 894.4,   1.7,   1.1
165361,  -3.2,   0.2,   8.0,-123.8,-308.0,1200.6,   0.5,   1.4
165385,   1.0,   1.3,   6.9,   9.0,  16.5,1021.9,   0.0,   1.2
165409,   1.0,   1.3,   4.8,  10.7,  66.5, 979.4,   0.4,   0.9
165437,   0.7,   1.4,   5.8,  -2.7, -27.7, 998.4,   0.4,   1.0
165461,  -0.8,   3.2,   6.7,-129.0,-100.7,1029.7,   0.2,   1.2
165485,  -1.3,   0.9,   7.2,  54.6,-104.9,1041.4,  -0.6,   1.1
165509,  -1.6,   1.0,   6.2,  -3.0, -82.4, 975.5,  -0.8,   1.0
165537,  -1.1,   4.6,   5.8, -48.9, -55.1,1062.7,  -1.1,   0.4
165561,  -0.7,   1.8,   5.8,  40.0,-117.8,1024.6,  -1.2,   0.5
165585,  -0.5,  -0.2,   5.5, 102.5,-122.5,1003.1,  -1.6,   0.5
165609,  -0.4,   2.6,   4.5,  89.3, -84.1,1065.1,  -2.0,   0.5
165637,  -1.3,   1.8,   5.8,-164.6, -15.0,1002.8,  -2.2,   0.9
165661,  -1.2,  -1.8,   5.3,  94.9,  64.1,1022.4,  -2.0,   0.9
165685,  -0.3,  -0.4,   4.2, 168.2,  -4.3,1066.3,  -1.7,   0.7
165709,   0.5,   3.2,   3.5,  70.5,   7.9,1013.3,  -1.9,  -0.0
165737,   1.1,   0.7,   4.0,  41.9, 152.2, 970.9,  -1.6,   0.2
165761,  -1.0,   3.0,   3.6, -22.5,  61.1, 945.5,  -1.2,   0.2
165785,  -3.0,   2.4,   4.0,  41.5,  68.0, 936.4,  -0.8,   0.2
165809,  -2.0,   4.5,   5.6,-204.1, -37.0,1243.8,  -0.7,   0.3
165837,   2.1,  -0.9,   6.6, 182.6,  -7.0, 966.0,  -1.4,   0.3
165861,   0.7,   4.0,   3.3, -35.2,  84.3, 869.3,  -0.8,   0.2
165885,   0.3,   3.3,   4.4,   6.3, -12.6, 967.0,  -0.6,   0.1
165909,  -0.8,   2.1,   5.9,  35.6,  13.0, 989.4,  -0.3,   0.1
165937,  -1.6,   1.8,   7.3,  15.6, -45.1, 959.6,  -0.4,   0.1
165961,  -0.4,   0.2,   8.7,  45.4,   6.7, 954.5,  -0.7,   0.1
165985,  -0.9,   1.6,   7.6,  62.7, -92.2, 997.0,  -0.9,   0.1
166009,   1.0,   0.2,   5.1, -50.6, -35.1, 934.5,  -1.2,   0.2
166037,  -0.5,   0.7,   3.0, 137.9, -47.5, 920.3,  -1.0,  -0.0
166061,   0.5,   4.0,   2.6, -49.4, -11.9,1001.6,  -1.2,  -0.1
166085,  -0.4,   1.8,   2.6,  31.7, -30.2,1029.0,  -1.1,  -0.3
166109,  -0.2,   1.1,   2.7, -67.9, 109.2, 985.8,  -0.8,  -0.1
166137,  -1.0,   1.6,   3.9, -46.9, -61.9,1022.9,  -1.1,   0.1
166161,   0.2,   0.2,   2.1,-217.8, -17.7, 930.3,  -1.2,   0.5
166185,  -0.6,   0.2,   2.2, 111.5, -55.8, 917.4,  -1.0,  -0.0
166209,  -0.5,   2.4,   3.1, 147.7,  -9.9, 914.7,  -1.2,  -0.7
166237,  -0.5,   3.0,   4.0,-184.1,  17.7,1097.3,  -0.8,  -0.4
166261,   2.6,  -4.3,   5.6, 181.3, -57.3, 939.1,  -1.5,  -0.0
166285,   0.9,   3.8,   2.7, -61.8,   8.2, 977.9,  -1.0,  -0.5
166309,  -1.0,   2.4,   5.1, -43.7,-126.9,1071.2,  -1.0,  -0.2
166337,   1.2,   4.6,   5.8, -48.9,  29.6, 985.8,  -1.2,  -0.4
166361,  -0.9,   1.9,   5.6, -15.7, -70.2, 987.5,  -1.2,  -0.3
166385,   0.2,   0.1,   6.0,  14.6, -29.9,1038.2,  -1.3,  -0.1
166409,  -1.6,   2.7,   5.9, -25.7,-122.9,1038.2,  -1.3,  -0.3
166437,  -0.7,   3.6,   6.4, -30.8,  39.4,1020.4,  -1.2,  -0.2
166461,   0.2,   3.2,   6.5, -36.4, -73.4, 958.4,  -1.5,  -0.0
166487,   0.1,   2.4,   5.3, -76.7, -32.6,1013.6,  -1.4,   0.1
166511,   1.0,   1.5,   5.1,  39.5, -50.9,1055.1,  -1.7,   0.2
166535,   0.1,   3.0,   4.9,  50.0,  -3.8, 981.8,  -1.5,  -0.1
166563,  -1.6,   1.9,   5.5,  67.8, -19.9,1011.6,  -1.3,  -0.1
166587,  -1.4,   1.9,   6.1, -97.0, -76.8, 920.3,  -1.7,   0.3
166611,  -1.2,   3.0,   7.0, -24.5, -28.2, 986.0,  -1.8,   0.1
166635,  -2.3,   0.5,   6.2,  26.3, -32.9,1030.4,  -1.7,   0.2
166663,  -2.4,   3.1,   5.4,-129.9, -40.9, 978.4,  -1.8,   0.2
166687,  -3.8,   4.9,   7.8,  23.4, -24.3, 942.0,  -2.1,  -0.3
166711,  -1.9,   4.3,   9.8,   1.2,-125.4,1174.5,  -2.5,  -0.2
166735,   0.7,   4.8,   8.4, -81.6, -76.3, 983.8,  -3.1,   0.3
166763,  -0.1,   1.9,   7.5,  30.2,-110.0, 963.5,  -3.4,   0.3
166787,  -0.6,   3.2,   8.2, -78.7,-232.3, 976.5,  -4.0,   0.6
166811,  -0.9,   1.0,   7.6,  62.2,-148.3, 941.3,  -4.5,   0.5
166835,  -0.8,   1.9,   8.0,  -3.5,-172.7,1008.2,  -5.0,   0.4
166863,  -0.6,   2.9,   7.5,   3.4,-194.7, 945.5,  -5.6,   0.2
166887,  -0.1,   1.9,   7.3,   1.2,-194.0,1032.1,  -6.2,   0.0
166911,  -1.1,   2.1,   4.7,  13.1,-193.3,1008.5,  -6.9,   0.0
166939,  -0.9,   2.6,   4.7,  15.6,-172.7, 990.6,  -7.1,   0.0
166963,  -0.7,   2.2,   3.5,  25.1,-141.5,1022.1,  -7.4,  -0.2
166987,  -0.6,   1.6,   2.3,   3.6,-161.8,1015.8,  -7.7,  -0.2
167011,   0.0,   1.6,   1.4,  14.1,-155.4,1021.6,  -8.0,  -0.3
167035,  -0.1,  -0.7,   0.4,  26.8,-134.7,1003.1,  -8.0,  -0.4
167063,  -0.7,   2.9,  -1.4,  34.4,-100.2,1003.8,  -8.0,  -0.6
167087,   0.7,   0.4,  -1.3,  23.6, -72.7, 994.1,  -7.8,  -0.7
167111,   0.1,   1.3,  -3.0, -44.0, -70.5, 981.4,  -7.3,  -0.7
167135,   0.7,   0.2,  -4.1,   6.3, -43.1,1017.7,  -6.9,  -0.7
167163,   1.0,   1.6,  -4.3, -50.6, -94.1, 918.4,  -6.5,  -0.6
167187,   0.1,   1.1,  -3.9, -34.7, -22.8,1015.8,  -6.1,  -0.6
167211,   0.5,  -0.4,  -3.9,  46.6, -35.8,1020.4,  -5.8,  -0.6
167235,  -0.2,  -0.4,  -3.0,   5.1, -70.2, 985.3,  -5.5,  -0.6
167263,  -0.5,   1.1,  -1.6,  14.6, -16.5,1035.8,  -5.1,  -0.6
167287,  -0.1,   0.7,  -1.9,  21.4,  -8.9, 992.3,  -4.7,  -0.6
167311,  -0.4,   1.0,  -2.5,  27.3, -18.7,1002.6,  -4.4,  -0.5
167335,  -0.8,   1.0,  -2.2,  14.1, -43.4,1003.1,  -4.2,  -0.5
167363,  -0.6,   0.4,  -1.9,   1.4, -50.9,1024.1,  -4.1,  -0.5
167387,  -0.6,   1.4,  -2.2,   6.3, -44.6,1025.1,  -3.9,  -0.5
167411,  -1.6,   1.3,  -1.8,  17.3, -40.9, 993.6,  -3.7,  -0.5
167439,  -0.5,   1.5,  -2.0, -18.8, -38.5,1017.5,  -3.7,  -0.5
167463,  -1.8,   2.1,  -2.5,   1.2, -69.7,1017.5,  -3.6,  -0.5
167487,   0.3,   0.3,  -1.3,  19.5, -13.8,1004.1,  -3.5,  -0.4
167511,   0.4,   2.2,  -1.9, -30.6,  63.1,1017.5,  -3.0,  -0.3
167539,   0.5,  -0.1,  -4.6,  -7.9,   4.5, 961.6,  -2.2,  -0.1
167563,  -0.1,  -2.0,  -5.6,  68.1, -64.4,1018.0,  -2.2,  -0.3
167587,  -1.0,   2.6,  -5.2,  40.5,   9.1, 965.5,  -2.0,  -0.6
167611,  -1.2,   0.7,  -4.9,  52.2,  33.3,1006.3,  -1.6,  -0.8
167639,  -0.4,   1.0,  -5.7, -37.2,  39.4,1006.3,  -1.1,  -0.6
167663,  -0.7,  -0.0,  -6.0, -14.9,  41.9, 980.1,  -0.7,  -0.4
167687,   0.1,   0.7,  -5.2, -38.1,  96.0, 941.8,  -0.3,  -0.3
167711,  -1.2,   0.1,  -5.1,  40.5,  -7.0,1019.0,  -0.0,  -0.4
167739,  -0.3,   0.7,  -4.8,   7.8,  32.1, 987.7,   0.3,  -0.5
167763,  -0.7,   0.7,  -5.7,  14.6,  44.8, 983.1,   0.5,  -0.6
167787,  -1.0,  -0.7,  -6.3,  16.8,  48.2,1009.2,   0.8,  -0.6
167811,  -0.1,   0.9,  -5.7,  16.6,  62.8,1002.4,   1.1,  -0.7
167839,  -0.7,   1.1,  -5.6,  10.0,  34.3, 992.6,   1.4,  -0.7
167863,  -1.2,   1.0,  -7.2,  13.9,  22.3, 981.1,   1.6,  -0.7
167887,  -1.0,   2.0,  -6.9,   4.6,  39.2, 986.0,   1.7,  -0.7
167911,  -1.5,   0.8,  -6.7, -13.0,  13.0, 990.9,   1.7,  -0.7
167939,  -1.3,   0.4,  -7.2,   3.4,  27.2, 998.0,   1.8,  -0.7
167963,  -1.5,   0.7,  -8.6,  21.4,  11.3,1004.8,   1.9,  -0.7
167987,  -1.2,   1.1,  -9.1,  51.7,  16.9, 999.7,   1.8,  -0.8
168011,  -1.2,   0.4,  -9.7,  15.3,  -0.4,1019.2,   1.7,  -0.9
168039,  -1.8,  -0.2,  -9.7,  16.1,  -0.1,1009.2,   1.7,  -0.8
168063,  -1.7,   0.4, -10.3,  -1.3,  43.6,1016.3,   1.6,  -0.8
168089,  -1.3,   0.4, -10.4,  60.5, -27.2,1009.9,   1.6,  -0.8
168113,  -1.2,   0.1, -10.0, -24.0, -11.6, 984.0,   1.4,  -0.9
168137,  -1.3,   1.1, -11.0,  15.3, -14.3,1006.0,   1.3,  -0.8
168161,  -1.8,   2.7, -11.3,  28.8, -13.1,1013.8,   1.2,  -0.8
168189,  -1.4,   1.0,  -9.8,   2.9,  -8.4,1019.0,   1.0,  -0.7
168213,  -0.6,   0.1,  -8.8,  28.0, -49.5,1014.1,   0.7,  -0.7
168237,  -0.7,   0.8,  -8.2, -65.2,  -3.3, 990.6,   0.6,  -0.5
168261,  -1.0,   0.7,  -8.3,  -4.9, -66.5, 985.8,   0.4,  -0.4
168289,   0.9,  -0.6,  -8.3,  10.2,   5.2, 999.9,   0.3,  -0.3
168313,  -0.5,   0.9,  -9.9,  29.0, -75.8, 994.3,   0.0,  -0.5
168337,  -0.6,   0.1, -10.7,  16.6, -45.3, 995.5,  -0.2,  -0.5
168361,  -0.9,   1.1, -12.4,  46.3, -25.5,1016.8,  -0.4,  -0.7
168389,  -1.2,  -0.4, -12.9,  47.8, -13.1,1001.6,  -0.5,  -0.8
168413,  -1.0,   0.4, -13.0, -13.2,  -8.4, 993.3,  -0.5,  -0.8
168441,  -0.6,  -1.0, -11.9,  -4.9, -17.5,1000.4,  -0.5,  -0.9
168461,  -0.2,  -1.5, -10.8,   8.7,  34.0, 977.0,  -0.4,  -0.7
168489,  -1.8,   0.5, -10.5, -63.5,   0.6,1024.1,  -0.3,  -0.5
168513,  -1.8,  -2.6, -10.1,  28.8, -48.5, 997.5,  -0.3,  -0.5
168537,  -1.8,  -0.3,  -8.6, -30.8, -51.4,1031.4,  -0.5,  -0.6
168565,  -2.3,   1.6,  -4.4,  65.9, -46.3,1019.4,  -0.8,  -0.5
168589,  -1.4,   2.9,  -1.2,-110.4, -20.6, 967.0,  -0.9,  -0.2
168613,   0.0,  -1.2,  -1.3, -22.5, -36.3,1006.5,  -0.8,   0.1
168637,   0.6,   0.4,  -4.6,  35.8, -12.1,1023.1,  -0.9,   0.2
168665,  -0.6,   0.2,  -5.6,  32.4, -72.7, 959.4,  -1.1,  -0.2
168689,  -1.6,   0.5,  -4.1,  55.6, -76.3,1015.3,  -1.4,  -0.5
168713,  -2.9,   2.1,  -5.1,  99.8,-128.8,1022.6,  -1.9,  -0.7
168737,  -1.7,   2.3,  -5.6, -38.6, -29.7, 996.2,  -2.2,  -0.6
168765,  -1.5,   0.8,  -3.8, -40.3, -42.4,1028.7,  -2.2,  -0.2
168789,  -0.6,   0.9,  -2.5, -28.6, -95.6,1023.1,  -2.5,   0.1
168813,  -2.0,   3.2,  -1.8,   3.9,-123.4, 998.2,  -3.0,   0.1
168837,  -1.7,   3.2,  -0.5,  20.0,-121.7, 993.6,  -3.4,   0.0
168865,  -0.5,   2.2,   1.1,   3.6, -76.3,1007.5,  -3.7,   0.0
168889,  -0.3,   2.1,   2.0, -20.6, -92.4,1015.0,  -3.9,   0.1
168913,  -0.2,   0.7,   1.6,  -3.7,-102.2,1017.2,  -4.1,   0.2
168941,  -0.6,   1.9,   1.0,  -4.7,-103.2,1009.4,  -4.2,   0.2
168965,  -1.0,   1.8,   1.6,  -6.4, -62.6,1016.0,  -4.3,   0.2
168989,   0.2,   1.9,   1.2,   1.2, -58.0,1003.8,  -4.3,   0.2
169013,   0.8,   1.0,   1.4,  -9.1, -38.2,1018.7,  -4.2,   0.3
169037,   0.7,   0.8,   1.2,   5.1, -37.7,1016.0,  -4.0,   0.3
169065,   0.6,   1.0,   1.2,   5.3, -34.3,1013.3,  -3.8,   0.2
169089,   0.2,  -0.9,   0.8,  -4.0, -43.8, 979.9,  -3.7,   0.2
169113,   0.7,   1.2,   1.9,   4.1, -10.6, 980.9,  -3.5,   0.1
169137,   0.6,  -0.6,   0.5,   5.1, -24.6, 995.0,  -3.2,   0.1
169165,   0.4,   0.4,  -1.0,  22.2, -22.1,1005.3,  -3.1,  -0.1
169189,   0.2,   0.5,  -1.7,  53.9, -14.1, 987.7,  -2.9,  -0.4
169213,   0.0,   1.3,  -1.7,  32.2, -33.3, 993.8,  -2.7,  -0.6
169237,  -0.4,   0.4,  -2.7,  19.7,  -5.0,1011.4,  -2.4,  -0.7
169265,  -0.2,   2.1,  -4.9,  30.2,   5.0, 995.8,  -2.2,  -0.8
169289,  -0.8,  -0.3,  -4.9,  24.1,  10.6, 998.7,  -1.9,  -0.9
169313,   0.1,   0.4,  -5.5,  32.2,  19.1, 987.0,  -1.6,  -1.0
169337,   0.1,   0.1,  -6.5,  11.2,   9.9,1001.9,  -1.3,  -1.0
169365,  -0.4,  -0.4,  -7.4,  43.7,  19.1,1000.6,  -1.0,  -1.1
169389,  -0.6,  -0.7,  -7.6,  34.1,  31.6, 995.0,  -0.7,  -1.1
169413,  -0.7,   2.4,  -8.3,  11.2,  27.2, 972.3,  -0.4,  -1.2
169441,  -0.9,   1.8,  -9.0,  32.9,  61.6,1010.7,  -0.3,  -1.2
169465,  -0.9,  -0.2,  -9.4,  39.0,  32.6, 993.1,  -0.0,  -1.3
169489,  -1.3,   2.1,  -9.4,   1.4,  44.8,1023.3,   0.1,  -1.2
169513,  -0.7,   1.4,  -9.3,   9.7,  10.8,1004.5,   0.3,  -1.3
169541,  -0.5,   1.3, -10.4,  89.3,  16.2, 976.5,   0.4,  -1.5
169565,  -0.9,   2.4, -12.6, -20.8,  31.6,1009.7,   0.4,  -1.4
169589,  -0.5,   1.0, -12.3,  24.1,  15.0,1000.4,   0.7,  -1.3
169613,  -1.2,  -0.5, -13.0,  36.3,  22.6,1023.3,   0.7,  -1.3
169641,  -0.3,   0.4, -12.6,  -6.4,  40.6, 993.1,   0.9,  -1.3
169665,  -1.5,   0.1, -13.6,  33.4,  37.0, 987.9,   1.1,  -1.4
169691,  -2.0,   1.2, -14.3,  20.7,  20.9,1008.2,   1.2,  -1.3
169715,  -1.0,   0.2, -15.5,   9.5,   3.5, 999.4,   1.3,  -1.2
169739,  -2.1,  -0.2, -16.3,   3.6,   7.2,1010.9,   1.2,  -1.3
169763,  -2.1,  -0.6, -17.9,  28.0,  -5.8,1019.0,   1.2,  -1.3
169791,  -2.0,   0.2, -18.2,  28.5, -20.4, 967.7,   1.0,  -1.3
169815,  -1.7,   0.8, -18.7,  10.7,  -2.8,1014.3,   0.9,  -1.3
169839,  -2.0,   2.2, -19.6, -27.1,  36.5, 981.4,   1.0,  -1.3
169863,  -1.8,  -0.7, -19.6,  96.9,  24.5, 989.9,   1.0,  -1.4
169891,  -4.1,   0.8, -20.4, -22.5, -19.7, 988.7,   0.9,  -1.5
169915,  -3.3,   0.7, -19.9, -22.3, -22.1,1035.8,   0.6,  -1.5
169943,  -3.5,   1.2, -20.7,  40.0,   4.0, 991.9,   0.5,  -1.6
169963,  -3.6,   0.2, -19.9, -40.8,  54.3,1026.0,   0.5,  -1.3
169991,  -2.6,   1.6, -20.2,   9.0, -91.5,1049.5,   0.3,  -1.3
170015,  -2.1,   0.9, -19.5, -27.9, -39.2,1008.7,   0.1,  -1.0
170039,  -1.9,  -0.9, -18.4,  -9.8, -20.4, 987.5,   0.0,  -1.1
170063,  -2.0,   0.7, -17.6,  -3.5,  21.8, 960.4,   0.1,  -0.9
170091,  -1.1,  -0.3, -15.5,  23.9, -11.4,1000.2,  -0.1,  -0.9
170115,  -1.5,   0.3, -15.6, -49.9,  25.7,1036.5,   0.0,  -0.6
170139,  -0.7,  -0.3, -15.4, -27.6,  14.3, 978.7,   0.0,  -0.4
170163,  -1.4,  -0.9, -17.3,  -3.7,  20.4, 968.9,   0.2,  -0.5
170191,  -1.5,  -3.6, -18.4, 227.2,  17.7, 983.8,   0.1,  -0.8
170215,  -2.9,   2.2, -18.6, -62.8, -13.3, 974.0,   0.1,  -0.9
170239,  -1.2,   0.8, -15.1,  12.6,  23.5,1012.6,  -0.1,  -0.9
170263,  -0.9,   1.1, -14.0, -16.4, -34.8, 986.5,   0.2,  -0.5
170291,  -0.5,  -0.1, -12.7,   8.3, -15.0, 980.4,   0.2,  -0.3
170315,  -0.6,   1.6, -13.2, -82.3, -31.6, 951.3,   0.2,  -0.2
170339,  -2.1,  -1.7,  -9.9, -17.1, -63.1, 998.0,  -0.0,  -0.1
170363,  -1.8,   0.2,  -8.3, -84.3, -63.4, 999.7,  -0.3,   0.2
170391,  -1.5,   1.1,  -3.5, -47.4, -51.9,1008.7,  -0.7,   0.4
170415,  -0.7,   3.2,  -3.3,  -0.0, -49.5,1008.9,  -1.0,   0.5
170443,  -0.3,   0.3,  -7.7, -38.1, -51.2, 984.3,  -1.0,   0.6
170463,   1.0,  -1.8, -13.5, -56.0, -67.3,1000.2,  -1.3,   0.4
170491,  -0.3,  -3.1, -14.6, 192.3, -72.9, 977.2,  -1.6,  -0.6
170515,  -1.0,   1.5, -14.9,  73.7, -46.3, 986.2,  -2.0,  -1.2
170539,  -2.6,   1.5, -16.0, -55.0, -81.2, 999.9,  -2.0,  -1.1
170567,  -2.2,  -0.2, -19.6,  39.7, -44.3, 985.8,  -2.3,  -1.1
170591,  -0.9,   0.3, -21.3,  33.9, -18.9, 992.8,  -2.2,  -1.1
170615,  -1.6,  -0.8, -22.4,  70.5, -72.9, 979.2,  -2.2,  -1.6
170639,  -2.3,  -1.0, -23.7,   0.9, -57.0,1036.5,  -2.4,  -1.7
170667,  -1.9,   0.3, -24.9,   4.6, -64.6, 996.7,  -2.7,  -1.7
170691,  -2.1,   0.6, -26.2,  39.3, -34.8,1011.1,  -2.7,  -1.9
170715,  -2.0,  -1.0, -27.9,  24.6, -37.0,1012.1,  -2.8,  -1.9
170739,  -1.9,  -0.7, -29.7,  23.6, -45.3, 977.0,  -2.8,  -2.0
170767,  -2.7,  -0.3, -31.5, -12.0, -49.7,1027.0,  -2.9,  -2.1
170791,  -2.9,  -0.3, -32.7,  19.2, -15.3,1010.4,  -2.9,  -2.3
170815,  -2.5,  -1.7, -33.1,  47.1, -28.2, 998.2,  -2.9,  -2.4
170839,  -2.4,  -0.1, -33.4,   5.8, -45.6,1024.8,  -3.0,  -2.2
170867,  -2.1,  -1.6, -32.8,   1.4, -20.2, 984.0,  -3.0,  -1.9
170891,  -2.3,  -2.5, -33.2, -44.7,-100.5, 999.7,  -2.9,  -1.6
170915,  -2.1,  -1.2, -35.1,  34.9,-134.2, 965.0,  -3.1,  -1.8
170943,  -1.4,   0.1, -32.9, -46.4, -21.1,1028.7,  -3.2,  -1.7
170967,  -2.4,  -0.3, -32.0, -15.4, -33.1, 928.4,  -3.0,  -1.3
170991,  -2.1,  -2.0, -33.7,  87.4, -62.9,1002.6,  -3.2,  -1.4
171015,  -3.4,  -1.5, -37.2,  78.1, -31.9, 996.5,  -3.1,  -1.6
171039,  -4.1,  -0.6, -39.7,  46.1,-109.3, 971.8,  -3.5,  -1.9
171067,  -5.4,  -0.4, -41.7, 114.7,-153.0,1075.1,  -3.8,  -2.3
171091,  -3.2,  -0.5, -41.4, -42.0, -89.0,1067.8,  -4.3,  -2.1
171115,  -1.1,  -4.5, -40.3,  12.4, -52.9,1000.2,  -4.4,  -1.2
171139,  -0.6,  -1.4, -40.6, -32.3, -17.0, 966.7,  -4.5,  -1.4
171167,  -2.1,  -4.2, -39.5,  62.2,-115.9, 992.3,  -4.3,  -1.1
171191,  -2.3,  -0.4, -37.5, -73.0, -88.8,1028.7,  -4.5,  -0.9
171215,  -1.6,  -3.6, -36.6, -25.9, -95.6, 998.9,  -4.7,  -0.7
171239,  -1.8,  -1.4, -38.1, -39.4, -24.1, 995.0,  -4.6,  -0.6
171267,  -0.9,  -2.3, -40.5, -52.3, -72.2,1019.7,  -4.5,  -0.5
171289,  -1.9,  -1.7, -43.9,  66.1, -48.2, 971.3,  -4.5,  -0.7
171317,  -2.4,  -5.0, -44.2,  30.2, -94.9, 978.2,  -4.5,  -0.9
171341,  -4.3,  -2.1, -46.7, -61.3, -73.4, 952.3,  -4.6,  -1.1
171365,  -5.3,  -3.6, -48.7,  58.8,  -2.8, 964.0,  -4.4,  -1.0
171389,  -2.0,  -2.3, -48.9,-103.8, -33.6,1146.4,  -4.7,  -0.6
171417,  -1.3,  -5.5, -50.6,   8.5, -51.4, 962.8,  -4.4,  -0.4
171445,  -2.4,  -9.9, -50.5, 451.4,  61.4,1030.9,  -4.4,  -1.1
171465,  -3.7,  -1.4, -52.6, 124.0,-135.4, 909.3,  -4.5,  -1.6
171489,  -2.8,  -2.6, -52.3,-139.2, -12.6, 951.6,  -4.0,  -1.0
171517,  -3.4,  -1.7, -54.4, 105.7,-186.2,1041.7,  -4.1,  -1.5
171541,  -3.1,  -2.8, -56.7,  35.1,  65.5, 984.8,  -3.8,  -1.4
171565,  -3.7,  -6.7, -57.5,  49.8,  24.8, 930.3,  -3.6,  -1.1
171593,  -3.8,  -4.6, -58.9,  66.6, -10.6,1023.6,  -3.7,  -1.1
171617,  -4.9,  -2.6, -59.7,-118.9, -77.5,1067.8,  -3.6,  -0.8
171641,  -3.4,  -4.2, -58.0,-144.6, -16.0, 936.2,  -3.5,  -0.4
171665,  -3.2,  -4.1, -57.4,  86.9,  25.2, 997.7,  -3.0,  -0.5
171693,  -4.6,  -2.3, -56.6,-177.8, -34.3, 934.7,  -3.0,  -0.1
171717,  -3.2,  -4.2, -56.2, -54.2,   8.2, 937.2,  -2.7,   0.2
171741,  -3.3,  -2.2, -57.3, -59.4,-105.6,1041.7,  -2.7,   0.1
171765,  -5.2,  -2.2, -59.2, -93.3,  -4.0,1044.8,  -2.3,   0.2
171793,  -6.2,  -3.4, -62.4, 216.5,-326.3,1142.7,  -2.8,  -0.3
171817,  -0.9,  -1.8, -59.4,-250.5,  99.0, 860.8,  -2.8,   0.8
171841,  -1.0,  -8.4, -60.3,  62.5,   1.6, 930.8,  -2.4,   0.6
171865,  -4.8,  -5.2, -61.8, -54.0, -28.7,1003.6,  -1.9,   0.5
171893,  -3.5,  -1.4, -61.5,-153.9,  56.5,1012.1,  -2.2,   0.5
171917,  -4.5,  -5.6, -60.5, -44.5, -31.1, 988.7,  -2.3,   0.6
171945,  -1.6,  -6.5, -58.9, -31.3,  84.1,1042.4,  -2.1,   0.5
171965,  -4.5,  -4.2, -59.9, 126.2,-155.2,1071.0,  -2.2,   0.4
171993,  -2.9,  -1.4, -58.0,-114.8, -23.6,1044.6,  -2.1,   0.9
172017,  -3.5,  -0.8, -54.6,-195.1, -63.6, 988.9,  -2.0,   1.2
172041,  -3.8,  -4.9, -51.8,  20.2, -53.9, 931.8,  -2.0,   1.5
172065,  -3.2,  -2.1, -52.2, -63.5, -97.6,1075.8,  -2.0,   1.7
172093,  -3.4,  -6.1, -55.8, -46.4,  -6.0,1045.8,  -1.7,   2.1
172117,  -3.5,  -6.4, -57.7, 215.0,-151.3,1040.2,  -1.9,   1.4
172141,  -3.8,  -2.9, -57.6,  46.1,  26.7,1008.9,  -1.8,   1.2
172165,  -2.9,  -3.7, -58.6, -11.0,  21.6, 975.7,  -1.8,   1.3
172193,  -3.8,  -4.5, -59.9, -34.2,  24.5, 988.2,  -1.6,   1.6
172217,  -4.3,  -6.0, -60.8, -48.6,  41.1, 871.2,  -1.4,   1.8
172241,  -5.8,  -5.1, -60.6, -62.1,  50.9, 976.7,  -1.2,   1.7
172265,  -5.8,  -3.9, -61.2,  78.8,-138.3,1261.1,  -1.2,   1.6
172293,  -2.0, -10.1, -58.5, 162.1, 120.0, 859.5,  -1.1,   2.2
172317,  -3.6,  -2.1, -61.5,   0.4,  84.6,1032.9,  -0.7,   1.6
172341,  -7.5,  -5.3, -60.3,-127.7, -91.7, 930.1,  -0.4,   1.9
172365, -12.1,  -1.5, -63.6, 281.2,  13.5, 892.7,  -0.4,   0.9
172393,   0.1,  -9.3, -56.6,-204.1, 380.7, 882.5,  -1.0,   2.0
172417,  -3.2,  -0.9, -61.1, 156.0, -75.3, 938.4,  -0.1,   1.1
172445,  -3.8,  -3.2, -61.3,-353.1, -84.1,1043.6,  -0.2,   1.4
172465,  -4.5,   3.3, -63.0,-178.0, -27.0, 958.4,  -0.2,   1.2
172493,  -4.6,  -5.9, -61.1, 242.9,  73.1, 987.9,  -0.4,   1.3
172517,  -5.7,  -6.2, -62.5, 144.2, -28.2,1060.7,  -0.4,   1.1
172541,  -4.6,  -1.9, -64.4,-223.7,  23.5, 960.4,  -0.4,   1.5
172569,  -3.8,  -2.6, -63.2,-147.0,  -8.2,1001.4,  -0.3,   1.6
172593,  -5.6,   0.9, -62.9,-253.0, -49.2, 945.2,  -0.1,   1.9
172617,  -4.3,  -2.8, -59.9,  45.9,  99.5, 992.6,   0.2,   2.0
172641,  -3.5,  -0.8, -58.0,-236.4, 135.1, 915.7,   0.1,   2.5
172669,  -6.3,  -3.1, -55.8,  50.7, -65.1,1030.7,   0.5,   2.5
172693,  -3.8,  -3.7, -53.6,-117.5,  65.0,1066.3,   0.3,   2.8
172717,  -4.7,  -2.1, -54.4,  -8.8, -81.0, 990.6,   0.3,   2.7
172741,  -4.6,   2.6, -53.6, -27.6,-112.4, 990.4,  -0.1,   2.4
172769,  -3.7,  -1.5, -52.3, -59.4,  47.7, 974.3,   0.1,   3.1
172793,  -4.8,  -0.8, -54.7, -76.5,-124.2,1048.5,  -0.3,   2.9
172817,  -4.1,  -3.4, -58.0,  71.0, -50.2,1021.4,  -0.4,   2.7
172841,  -2.7,  -0.7, -57.8,  -6.9,  21.8,1051.9,  -0.5,   2.6
172869,  -3.3,  -3.9, -56.4, -63.3,   2.1,1063.6,  -0.4,   2.9
172891,  -3.6,  -5.6, -53.8, 114.0,  20.9,1022.9,  -0.4,   3.1
172919,  -4.5,  -3.4, -52.9,  26.3, -87.1,1095.4,  -0.6,   3.1
172947,  -4.5,  -2.3, -52.4,-152.1,  -4.5, 974.8,  -0.6,   3.3
172967,  -4.5,  -3.3, -52.3, -57.2, -57.3,1029.7,  -0.5,   3.2
172991,  -4.8,  -0.7, -50.3, -45.7, -16.5, 917.6,  -0.7,   3.1
173019,  -6.5,  -1.6, -48.7, -16.9, -13.1, 897.9,  -0.7,   3.2
173043,  -1.5,  -0.4, -45.8,-218.3,-322.7,1325.1,  -1.5,   3.3
173067,  -2.0,  -1.9, -46.0, 126.2, -44.6, 961.6,  -0.6,   3.4
173091,  -1.2,   1.9, -43.4,-286.7, 111.7, 962.1,  -0.6,   3.7
173119,  -1.3,  -6.9, -39.7, 239.7,  21.6, 905.7,  -0.7,   3.9
173143,  -3.2,  -1.9, -40.6,-115.5, -88.5, 982.6,  -0.8,   4.0
173167,  -3.2,  -3.8, -41.6, -40.6, -51.7, 987.5,  -0.9,   3.9
173191,  -4.1,  -2.5, -44.4, -92.1,-107.6,1071.0,  -1.0,   3.8
173219,  -2.1,  -1.3, -43.6,  56.8, -11.1,1062.2,  -1.1,   3.3
173243,  -2.1,  -2.1, -41.7, -63.0,  36.0, 948.4,  -0.9,   3.7
173267,  -1.5,  -3.1, -41.4,  33.4, -21.6,1041.7,  -0.9,   3.5
173291,  -3.7,  -2.1, -41.8,-122.1, -50.4,1027.7,  -0.9,   3.8
173319,  -3.5,  -4.3, -42.8, -49.6,  20.4, 967.7,  -1.0,   3.6
173343,  -4.3,  -2.5, -42.9,  76.6, -37.7, 995.8,  -0.9,   3.3
173367,  -3.3,  -2.5, -42.9,-118.5,   0.6,1018.7,  -1.1,   3.3
173391,  -2.9,  -3.7, -42.0, -47.9, -27.7,1041.7,  -1.0,   3.4
173419,  -2.2,  -2.6, -42.2, -30.1, -17.5,1019.0,  -0.9,   3.2
173447,  -3.0,  -5.4, -39.7, -31.5, -29.7,1008.2,  -0.9,   3.1
173467,  -3.1,  -2.3, -39.0, -55.5, -38.5,1022.9,  -1.0,   3.0
173491,  -3.4,  -1.7, -36.9, -96.5, -19.2,1018.5,  -1.0,   3.2
173519,  -2.3,  -4.4, -33.2, -71.6,   9.4, 956.2,  -1.1,   3.6
173543,  -2.4,   0.3, -29.9,-125.5,  23.5,1046.8,  -0.9,   3.9
173567,  -1.5,  -1.0, -25.5,-147.8,  12.8, 975.3,  -0.5,   4.5
173591,  -1.6,  -1.9, -20.7, -92.8,  24.0,1024.8,  -0.2,   4.7
173619,  -1.3,   0.5, -17.3, -25.0, -27.5,1007.5,  -0.3,   4.7
173643,  -1.8,   1.4, -15.3, -60.4,  -0.4, 987.7,  -0.3,   4.8
173667,  -1.8,   0.9, -13.3, -77.4,   7.2,1022.6,  -0.2,   4.8
173695,  -2.3,   1.3, -11.1, -89.2, -26.0,1005.8,  -0.1,   4.8
173719,  -1.4,  -0.1,  -8.6, -71.3,   6.9,1010.4,  -0.1,   4.9
173743,  -1.0,   0.7,  -6.2, -69.6,   4.5,1019.0,  -0.0,   5.0
173767,  -1.1,   0.9,  -4.4, -80.6,  17.7,1001.6,   0.1,   5.2
173795,  -0.7,   0.8,  -2.8, -82.3,  16.0,1000.6,   0.1,   5.3
173819,   0.0,  -1.4,  -1.2, -57.7,  20.9,1003.1,   0.2,   5.4
173843,   0.4,   1.0,  -0.3, -52.8, -42.1,1015.8,   0.4,   5.3
173867,  -0.1,   1.6,   1.1, -49.1,  28.4, 994.5,   0.6,   5.2
173895,  -0.2,   1.5,   2.3, -36.4,   3.3,1025.5,   0.7,   4.9
173919,  -0.4,   1.5,   3.0, -26.9,  -4.0,1014.3,   0.8,   4.8
173947,  -0.2,   2.2,   3.7, -32.5,  16.5, 996.0,   0.9,   4.9
173967,   0.1,   1.9,   3.9, -37.4,  10.4, 996.5,   0.9,   4.7
173995,  -0.4,   1.1,   4.2, -35.2,   9.6, 997.0,   1.0,   4.5
174019,  -0.1,   1.7,   4.4, -31.3,  -8.0,1005.3,   1.0,   4.3
174043,   0.5,   2.8,   5.3, -58.6, -11.1,1021.9,   0.9,   4.2
174067,   0.5,   1.6,   5.0, -30.6,  10.6,1007.0,   0.9,   4.1
174095,   0.2,   1.3,   5.9, -32.8,  17.4, 989.7,   0.9,   3.9
174119,  -0.4,   1.8,   6.2, -30.8,  -7.0,1003.1,   1.0,   3.7
174143,   0.1,   2.1,   6.4, -38.4,  12.1,1001.1,   1.0,   3.6
174167,   0.1,   1.5,   6.6, -33.3,  14.0, 991.6,   1.0,   3.5
174195,   0.7,   0.2,   6.6, -26.7,   9.9,1005.3,   1.0,   3.3
174219,  -0.7,   1.4,   6.8, -33.0,   7.4,1002.8,   1.0,   3.2
174243,  -0.4,   1.5,   6.7,   6.5,   6.9, 999.4,   1.0,   3.0
174267,  -0.5,   2.4,   6.7, -23.5,   6.5, 991.1,   1.0,   2.9
174295,   0.7,   1.7,   6.1, -17.4, -10.9, 980.1,   0.9,   2.7
174319,   0.3,   1.4,   5.4, -14.7,  -7.5, 997.5,   0.9,   2.5
174343,  -0.4,   1.9,   3.7, -10.1,  -9.9, 997.7,   0.8,   2.3
174367,  -1.0,   1.3,   3.8, -11.0, -10.6, 984.3,   0.7,   2.2
174395,  -0.9,   3.6,   2.4, -24.2, -10.6,1007.5,   0.6,   2.0
174419,  -0.3,   2.2,   1.9, -19.6, -17.7,1000.2,   0.5,   2.0
174447,  -0.6,   1.5,   0.9,  -8.3, -11.6, 977.0,   0.6,   2.0
174467,  -0.2,   1.4,   0.5, -16.2, -15.3,1003.3,   0.5,   1.9
174493,  -0.5,   1.6,  -0.0, -32.3, -29.4,1008.5,   0.3,   1.8
174517,   0.2,   0.7,  -0.7, -44.7, -17.2,1001.9,   0.2,   1.8
174545,  -0.1,   1.6,  -1.0, -19.3, -17.2, 978.9,   0.1,   1.7
174569,  -1.2,   2.6,  -1.9, -31.5, -36.3,1001.4,  -0.0,   1.6
174593,  -0.5,   1.2,  -2.2, -22.3,  -7.0,1006.3,  -0.1,   1.6
174617,  -1.5,   3.0,  -1.1, -35.0,  -4.8, 999.4,  -0.2,   1.6
174645,   0.2,   0.8,  -1.0, -49.6, -10.4, 993.6,  -0.3,   1.6
174669,  -0.9,   2.4,   0.0, -33.5,  -3.3, 999.9,  -0.3,   1.7
174693,   0.3,   0.5,   0.9, -34.5,   3.0,1006.5,  -0.3,   1.7
174721,  -0.5,   1.5,   0.6, -56.0, -22.1,1014.1,  -0.3,   1.9
174745,   0.1,   1.6,   1.5, -59.4, -27.2,1012.1,  -0.4,   1.9
174769,  -0.1,  -0.1,   1.4, -11.8, -28.5,1007.7,  -0.5,   1.9
174793,  -0.8,   1.0,   1.1, -29.6, -59.7, 986.7,  -0.6,   1.8
174821,   0.2,   1.5,   0.5, -28.9, -19.2,1003.8,  -0.7,   1.7
174845,  -1.0,   2.4,   0.3, -42.3, -21.9,1014.8,  -0.7,   1.7
174869,  -0.5,   0.7,  -0.3, -19.6,   0.8, 999.9,  -0.7,   1.7
174893,  -0.1,   1.4,  -0.2, -40.3, -21.4,1004.8,  -0.7,   1.7
174921,  -0.5,   1.9,   0.4, -30.3, -13.8, 995.8,  -0.6,   1.7
174949,   0.1,   0.5,  -0.0, -37.2,  -0.4, 995.3,  -0.6,   1.7
174969,  -0.4,  -0.2,   0.9, -38.4,  -6.5,1003.6,  -0.6,   1.7
174993,  -0.4,   0.4,   0.8, -12.5,  -6.7,1010.7,  -0.5,   1.6
175021,  -0.5,   2.7,   1.1, -29.3, -10.4,1001.1,  -0.5,   1.6
175045,   0.1,   2.0,   0.6, -37.2, -15.5,1011.1,  -0.5,   1.5
175069,  -0.5,   2.7,   1.3, -25.9,  -0.6, 991.9,  -0.5,   1.6
175093,   0.2,   1.5,   1.2, -44.0, -17.2,1017.2,  -0.5,   1.6
175121,   0.2,   2.4,   1.5, -48.4,   2.1, 993.3,  -0.4,   1.7
175145,  -0.3,   1.1,   2.0, -56.2,   2.5,1004.5,  -0.4,   1.9
175169,   0.1,   1.1,   2.0, -25.0, -10.6,1008.7,  -0.3,   1.9
175193,   0.3,   2.7,   2.5, -24.2, -23.6,1006.3,  -0.4,   1.9
175221,  -1.2,   2.4,   2.6, -30.6,  -5.8,1005.8,  -0.4,   1.8
175245,  -0.4,   2.1,   2.5, -42.8, -10.6, 995.3,  -0.4,   1.8
175269,  -0.5,   3.0,   3.0, -32.3,   2.5, 996.7,  -0.4,   1.8
175293,  -0.2,   1.5,   3.3, -39.6,  -9.7,1017.5,  -0.3,   1.9
175321,  -0.4,   3.2,   4.1, -30.8,   9.1, 985.8,  -0.3,   1.9
175345,   0.0,   1.2,   5.0, -37.6,   8.4,1008.7,  -0.3,   2.0
175369,   0.1,   2.1,   6.2, -56.9,   0.6,1004.8,  -0.2,   2.0
175393,   0.3,   1.0,   7.2, -37.9,  -4.3, 992.8,  -0.1,   2.1
175421,   0.4,   2.1,   8.4, -45.7,  10.8, 999.4,  -0.0,   2.2
175449,   0.8,   2.7,   9.1, -49.9,  16.2,1010.7,   0.1,   2.2
175469,   0.5,   1.3,  10.3, -55.2,   6.5,1014.3,   0.1,   2.3
175493,   0.7,   2.1,  11.4, -63.0,  22.3, 993.1,   0.2,   2.4
175521,  -0.5,   3.8,  12.5, -42.5,  14.3, 969.1,   0.4,   2.5
175545,   0.4,   3.0,  14.5, -68.9,   9.1,1004.8,   0.4,   2.7
175569,  -0.1,   3.5,  14.5, -67.7,  26.0, 994.1,   0.5,   2.8
175593,   0.1,   3.7,  15.9, -54.0,   4.0,1012.9,   0.7,   2.8
175621,   1.2,   1.5,  16.5, -27.4,  37.2,1005.0,   0.8,   3.0
175645,  -0.1,   2.1,  16.9,  -5.9, -15.3,1001.4,   0.8,   2.8
175669,   0.7,   1.5,  15.8, -36.2,  -9.4,1014.1,   0.7,   2.7
175697,   0.1,   1.8,  14.5,  12.6,   0.8, 998.4,   0.7,   2.4
175721,   0.2,   2.8,  13.5, -37.6,  18.9,1024.6,   0.7,   2.3
175745,   0.4,   2.6,  13.0, -36.4,  21.8, 981.8,   0.7,   2.2
175769,  -0.4,   3.0,  12.2,  -4.7,  22.3, 997.2,   0.8,   2.1
175797,  -0.4,   2.4,  10.3,  -6.6,  14.0, 991.9,   0.7,   1.9
175821,  -0.3,   3.7,   9.2,  -4.0,   9.9,1012.4,   0.6,   1.8
175845,  -0.8,   1.9,   8.0,  15.3, -16.7,1011.6,   0.5,   1.6
175869,  -1.2,   1.3,   6.1,   7.0, -15.3, 995.5,   0.4,   1.4
175897,  -0.1,   2.9,   4.8,   3.6, -15.8, 993.6,   0.3,   1.3
175921,  -0.2,   2.4,   3.7, -23.0,  -5.0,1020.2,   0.3,   1.2
175949,  -0.4,   1.7,   3.1, -16.9, -28.5,1007.7,   0.2,   1.1
175969,  -0.3,   3.0,   2.0,  -8.6, -38.0,1012.9,  -0.0,   1.1
175997,   0.1,   0.8,   1.4,  20.7, -26.5,1024.1,  -0.3,   1.0
176021,  -0.1,   2.1,   0.1, -33.0, -11.1,1011.4,  -0.3,   0.9
176045,   0.1,   1.6,  -1.2, -33.5, -35.5, 989.7,  -0.4,   0.9
176069,  -0.4,   2.3,  -1.8, -24.5,  -1.4,1012.9,  -0.4,   0.9
176095,   0.3,   1.1,  -2.4, -23.2, -15.0, 998.0,  -0.5,   0.9
176119,  -0.1,   2.1,  -2.0, -22.0, -10.9,1003.1,  -0.5,   0.9
176147,   0.4,  -0.6,  -2.5, -16.9, -16.7,1019.9,  -0.5,   0.9
176171,  -0.9,   2.2,  -3.2, -25.7, -10.2,1000.9,  -0.5,   0.9
176195,  -0.4,   0.7,  -3.6, -29.3,  -0.6, 993.8,  -0.4,   0.9
176219,  -0.9,   0.8,  -3.0, -23.5,   4.0, 997.7,  -0.3,   1.0
176247,  -0.9,   0.7,  -3.5, -33.7,  16.5,1016.5,  -0.2,   1.0
176271,  -0.5,   2.4,  -2.7, -40.8,   5.5,1016.8,  -0.1,   1.1
176295,  -0.7,   1.0,  -2.8, -24.0,  14.0,1017.5,  -0.1,   1.2
176319,  -0.7,  -0.4,  -3.3,  -9.3,  -1.9, 992.8,  -0.1,   1.2
176347,  -0.6,   1.6,  -3.8, -40.6, -20.9,1005.0,  -0.1,   1.1
176371,  -1.0,   1.9,  -3.6, -37.9,  -0.1, 994.1,  -0.1,   1.2
176395,  -2.0,   1.3,  -4.0, -30.1,   1.8, 996.0,  -0.1,   1.2
176419,  -1.3,   1.8,  -4.5, -29.3,  22.1, 984.8,  -0.1,   1.2
176447,  -0.6,   0.1,  -4.7, -41.3, -10.6,1006.3,  -0.1,   1.2
176471,  -1.0,   2.1,  -4.4, -18.8,   5.7, 996.7,  -0.0,   1.2
176495,  -0.5,   0.9,  -4.3, -41.1,   5.7,1003.8,  -0.0,   1.3
176519,  -0.8,   1.4,  -4.2, -33.7,  11.6, 997.0,  -0.0,   1.4
176547,  -0.1,  -0.2,  -3.8, -30.6, -19.9,1006.0,  -0.1,   1.4
176571,  -1.2,   0.5,  -4.2, -34.2,   6.2,1021.2,  -0.1,   1.4
176595,  -0.2,   0.4,  -3.3, -24.0, -12.6, 997.5,  -0.2,   1.4
176619,  -1.7,   1.6,  -4.3,  -6.6, -10.6, 997.7,  -0.3,   1.4
176647,  -1.4,   0.8,  -4.9,  -3.0, -26.8, 989.4,  -0.4,   1.3
176671,  -1.8,   1.6,  -6.0,  20.0, -46.5, 991.6,  -0.6,   1.2
176695,  -1.0,   0.2,  -6.3, -21.5,  -5.0,1012.6,  -0.7,   1.2
176723,  -2.0,  -0.4,  -7.5,   2.4,  13.5,1015.5,  -0.8,   1.2
176747,  -2.3,  -0.8,  -8.3,  -5.7, -20.6,1005.3,  -0.8,   1.2
176771,  -1.9,  -0.6,  -8.6, -56.0, -15.8, 991.9,  -0.9,   1.1
176795,  -1.5,  -0.6,  -8.6, -35.0, -21.9, 978.9,  -0.9,   1.2
176823,  -1.0,  -0.9,  -9.0, -41.8, -12.3,1026.3,  -1.0,   1.2
176847,  -1.8,  -1.2,  -9.7, -24.5, -26.3,1008.5,  -1.0,   1.2
176871,  -0.7,   0.1,  -9.0, -26.2, -32.6, 995.0,  -1.1,   1.1
176895,  -1.6,  -0.6,  -8.6, -21.0, -30.9,1032.1,  -1.3,   1.1
176923,  -1.6,  -0.4,  -8.6, -65.5,   0.3,1008.9,  -1.2,   1.2
176951,  -1.3,  -0.0,  -8.6, -28.4,  -8.0,1015.5,  -1.3,   1.2
176971,  -3.3,   2.8,  -7.9, -29.6,  14.0, 996.7,  -1.2,   1.2
176995,  -1.8,   0.8,  -7.1, -18.8, -46.3,1004.5,  -1.3,   1.2
177023,  -1.5,   1.4,  -6.4,   3.1, -37.0,1001.6,  -1.4,   1.1
177047,  -1.3,   3.3,  -5.7, -36.7, -29.2,1004.5,  -1.5,   1.2
177071,  -1.4,   3.5,  -4.5, -97.2,  -4.5,1010.4,  -1.4,   1.4
177095,  -0.6,   1.1,  -3.2, -79.6, -46.3,1004.5,  -1.5,   1.8
177123,   0.4,   1.1,  -3.5, -55.7,  -3.8,1022.4,  -1.5,   2.0
177147,   0.2,  -0.2,  -3.6, -24.5,  -5.8,1008.7,  -1.3,   1.9
177171,  -0.4,   1.0,  -4.3,  -5.9, -20.6,1015.8,  -1.3,   1.7
177195,  -1.6,   1.5,  -4.2, -38.9, -23.8,1021.4,  -1.3,   1.7
177223,  -1.6,   0.5,  -4.9, -25.4, -36.5, 998.7,  -1.4,   1.7
177247,  -1.8,   1.6,  -5.5, -61.6, -45.3, 999.2,  -1.4,   1.9
177271,  -0.9,  -0.9,  -5.2, -29.8, -45.6, 999.7,  -1.5,   1.8
177295,  -0.2,  -1.0,  -5.0, -26.9, -40.2,1005.5,  -1.6,   1.8
177323,  -0.9,   3.5,  -5.2, -31.1,  -3.3, 971.8,  -1.6,   1.8
177347,  -0.3,  -0.6,  -5.2, -14.7, -24.1,1017.7,  -1.5,   1.7
177371,  -1.0,   0.9,  -5.3, -17.1, -14.8,1005.0,  -1.5,   1.7
177395,  -2.0,   2.7,  -5.7, -17.4, -39.7,1005.3,  -1.6,   1.6
177423,  -0.7,   0.7,  -5.0, -78.7, -40.2,1021.2,  -1.7,   1.6
177451,  -0.8,   1.1,  -5.3, -21.3,   3.8,1016.0,  -1.7,   1.6
177471,  -1.0,   1.1,  -5.0, -41.3,  -4.5,1019.2,  -1.7,   1.7
177495,  -0.9,  -0.3,  -4.7, -67.4, -24.1, 995.0,  -1.5,   1.8
177523,  -1.8,  -0.3,  -4.8,   6.8,  -5.5, 979.2,  -1.5,   1.7
177547,  -1.4,   1.3,  -4.1, -35.9, -21.4, 999.2,  -1.4,   1.7
177571,  -1.8,   2.6,  -5.0, -35.0, -16.5,1019.7,  -1.3,   1.7
177595,  -0.4,   1.0,  -5.0, -57.2, -14.5,1008.2,  -1.3,   1.7
177623,  -0.8,   1.8,  -5.3, -25.4, -24.1,1011.6,  -1.3,   1.7
177647,  -1.1,   0.5,  -5.9, -59.6, -20.9,1004.5,  -1.4,   1.7
177671,  -0.7,   1.3,  -6.6,   7.0, -49.0, 998.7,  -1.4,   1.6
177697,  -2.0,   0.4,  -6.6, -33.0, -27.0,1002.8,  -1.4,   1.6
177721,  -1.0,  -1.4,  -6.3,  -7.9, -25.0,1000.2,  -1.6,   1.6
177749,  -1.6,   2.7,  -6.5,-110.6,-116.4,1015.3,  -1.8,   1.7
177773,  -1.6,   1.7,  -6.3, -14.5, -66.1,1014.6,  -2.1,   1.7
177797,  -1.5,   3.0,  -6.0, -50.6, -27.5,1007.7,  -2.1,   1.7
177821,  -0.9,   0.8,  -4.1, -79.1, -56.0, 995.5,  -2.1,   1.8
177849,  -0.1,   0.3,  -2.1,   7.0,  17.9, 988.7,  -1.8,   2.1
177873,   1.2,   3.2,  -2.0, -31.3, -14.5, 976.5,  -1.6,   2.1
177897,   0.1,   0.8,  -1.4,-165.8,  75.3,1030.4,  -1.2,   2.4
177921,  -0.7,  -0.6,  -1.7, 112.0, -94.6, 996.2,  -1.4,   1.9
177949,  -1.9,   3.5,  -2.4, -73.5,   1.3,1010.4,  -1.4,   2.0
177973,  -0.2,   1.6,  -2.1, -66.2,  20.9, 994.1,  -1.2,   2.1
177997,  -0.3,   0.7,  -2.2, -63.3,  -4.8, 988.4,  -0.9,   2.3
178021,  -0.9,   2.0,  -3.0, -59.9, -39.0, 991.4,  -0.9,   2.4
178049,  -0.7,   1.3,  -2.6, -38.4, -38.7,1012.6,  -0.9,   2.4
178073,  -1.5,   2.1,  -2.7, -23.7, -13.8,1015.3,  -0.9,   2.3
178097,  -0.9,   1.6,  -2.8, -29.3, -12.1,1004.3,  -0.9,   2.3
178121,  -0.8,   1.8,  -4.0, -20.8,  -4.3, 994.5,  -0.8,   2.3
178149,  -1.1,   0.5,  -3.9,  -1.3,   4.5, 994.3,  -0.7,   2.2
178173,  -0.8,   0.1,  -4.0, -11.5, -25.8,1007.7,  -0.7,   2.0
178197,  -0.3,  -0.7,  -4.7, -44.2, -15.5,1013.1,  -0.7,   2.0
178221,  -1.2,   0.1,  -4.1,  -6.9, -14.8,1008.0,  -0.6,   1.9
178249,  -1.5,   0.9,  -3.9, -31.3,  -2.3, 987.5,  -0.6,   1.9
178273,  -0.5,   3.0,  -4.0, -21.3, -10.2,1009.4,  -0.6,   1.9
178297,  -0.8,   2.7,  -4.1, -40.1,   7.7,1001.1,  -0.6,   2.0
178321,   0.2,   0.6,  -3.0, -42.0, -10.4,1014.3,  -0.5,   2.0
178349,  -0.5,   1.6,  -3.3, -51.3, -19.2,1002.8,  -0.5,   2.1
178373,   0.1,   1.5,  -3.2, -27.6,  -4.0, 988.4,  -0.5,   2.1
178397,  -0.5,   0.4,  -3.2, -25.2, -10.9, 997.0,  -0.5,   2.1
178421,   0.4,  -0.4,  -3.1, -28.9, -18.5, 986.7,  -0.5,   2.0
178449,  -0.7,   0.6,  -3.8, -29.6,  -1.4,1003.3,  -0.5,   2.0
178473,  -0.3,   1.4,  -2.4, -54.2, -21.1,1019.0,  -0.6,   2.0
178497,  -0.8,   1.3,  -3.0, -38.9, -12.3,1006.0,  -0.5,   2.2
178521,  -0.2,   1.0,  -1.1, -41.6, -13.3, 996.2,  -0.5,   2.2
178549,  -0.4,  -0.1,  -0.4, -47.9, -29.0,1020.7,  -0.6,   2.3
178573,  -0.4,  -0.2,   0.4, -55.2, -39.9,1013.3,  -0.7,   2.3
178597,  -1.2,   2.6,   1.5, -32.5, -36.8,1008.0,  -0.8,   2.4
178621,  -0.7,   1.3,   2.5, -35.7, -48.0, 987.7,  -1.0,   2.4
178649,  -0.7,   1.8,   3.0, -28.9, -40.4,1002.4,  -1.2,   2.4
178673,  -1.2,   2.6,   3.9, -80.1, -33.6,1005.0,  -1.4,   2.4
178697,  -1.2,   1.3,   4.3, -36.7, -63.9,1018.0,  -1.6,   2.5
178725,  -1.0,   2.0,   5.5, -31.3, -63.1,1011.6,  -1.8,   2.5
178749,   0.4,   0.4,   5.5, -41.6, -28.5,1003.1,  -1.9,   2.5
178773,   0.3,   2.0,   7.0, -54.5, -48.7,1003.8,  -1.9,   2.6
178797,  -0.1,  -0.1,   6.9, -66.2, -56.8, 994.8,  -2.0,   2.7
178825,   0.5,   2.3,   8.4, -71.8, -38.0,1012.6,  -2.0,   2.7
178849,   0.8,   1.0,   8.2, -37.9, -22.4,1013.1,  -2.0,   2.7
178873,   0.4,   1.9,   8.8, -17.1, -21.9,1018.7,  -2.0,   2.7
178897,   0.2,   0.8,   9.1, -35.2, -29.2,1017.5,  -1.9,   2.6
178925,   0.3,   3.3,   8.5, -16.6, -11.6,1004.5,  -1.8,   2.5
178953,   0.6,   2.2,   8.2, -27.9, -28.5, 995.8,  -1.8,   2.5
178973,   0.7,   1.1,   8.5, -32.3, -13.3,1006.5,  -1.7,   2.5
178997,   0.1,   1.1,   8.2,  -6.4, -20.4,1018.0,  -1.6,   2.4
179025,   0.7,  -0.4,   8.0, -30.8,  -7.0,1002.4,  -1.5,   2.3
179049,   1.2,   0.2,   6.3, -14.9,  11.3, 999.9,  -1.3,   2.3
179073,   0.4,   0.3,   6.4,  -3.7,   5.2, 989.9,  -1.2,   2.2
179097,   1.0,   1.6,   5.6,  -0.8,  -3.8,1003.1,  -1.1,   2.0
179125,   0.3,   2.1,   4.8,  -6.4,   7.7, 992.3,  -0.9,   1.9
179149,  -0.4,   1.6,   4.9, -21.5, -11.9,1008.2,  -0.8,   1.8
179173,  -0.2,   1.8,   3.9, -27.9,   3.0,1007.0,  -0.7,   1.7
179197,  -0.8,   0.7,   2.6,   3.6,  22.1, 984.3,  -0.6,   1.6
179225,  -0.9,   1.9,   2.0, -31.5,   8.4,1015.8,  -0.4,   1.6
179249,  -0.4,   1.0,   2.2, -29.6,  -9.7, 998.4,  -0.3,   1.6
179273,  -0.9,   0.2,   2.0, -22.3,  24.3, 998.2,  -0.2,   1.6
179299,  -0.9,   1.8,   2.1, -36.4,  26.5, 998.2,  -0.0,   1.6
179323,  -0.7,   1.8,   2.8, -29.8,  22.1,1001.9,   0.2,   1.7
179347,  -0.4,   0.5,   3.1, -24.0,  32.3, 993.3,   0.3,   1.7
179375,  -1.3,   1.5,   3.3, -21.8,  37.2, 991.1,   0.4,   1.7
179399,  -1.2,   1.9,   4.4, -34.7,  14.3,1003.8,   0.5,   1.7
179423,  -1.8,   3.0,   4.9, -44.2,  -6.7,1038.7,   0.5,   1.7
179451,  -0.9,   1.5,   5.3,  -8.1, -45.1,1006.0,   0.5,   1.6
179475,  -0.6,   2.1,   5.0,  -9.1, -47.3,1033.8,   0.1,   1.6
179499,   0.2,   2.1,   4.5, -21.5, -46.0,1015.8,  -0.1,   1.6
179523,   0.7,   1.1,   2.6, -32.3, -25.5, 992.6,  -0.2,   1.6
179547,   0.2,   1.6,   2.2, -52.8, -18.2, 998.2,  -0.2,   1.7
179575,  -0.1,   1.1,   2.9, -55.0,  -9.4, 996.2,  -0.2,   1.8
179599,   0.5,   1.1,   2.9, -36.7, -28.7, 983.6,  -0.3,   1.8
179623,  -0.3,   1.3,   2.3, -16.6, -13.8,1008.0,  -0.3,   1.7
179647,  -0.1,   0.2,   1.9, -23.0, -16.5, 989.9,  -0.4,   1.7
179675,  -0.2,  -2.8,   0.8, -15.9, -29.4, 996.7,  -0.5,   1.6
179699,  -0.2,   0.5,  -0.1,   9.2, -26.8, 999.7,  -0.6,   1.5
179723,   0.9,  -1.8,  -2.4, -72.3,  15.2, 951.6,  -0.7,   1.5
179751,  -0.5,  -0.0,  -2.2,  19.0,   9.6, 948.4,  -0.6,   1.3
179775,  -0.9,  -2.3,  -2.8,  57.3,  31.8,1029.2,  -0.4,   1.2
179799,  -0.4,   1.6,  -1.9,-114.8, -23.3,1002.8,  -0.5,   1.1
179823,  -1.0,   1.7,  -1.2,   6.5,  -7.5,1035.8,  -0.4,   1.1
179851,  -1.4,   0.6,   0.9,  16.3,  -9.4,1028.5,  -0.3,   1.2
179875,  -2.0,   3.8,   1.7, -81.1, -28.0,1030.7,  -0.5,   1.5
179899,  -1.0,   2.1,   1.6,  13.6, -96.3,1008.5,  -0.8,   1.6
179923,   0.6,   1.5,   1.5, -75.0, -85.3, 962.3,  -1.1,   1.7
179951,  -0.1,   2.4,  -1.4,   1.7, -90.5,1014.6,  -1.2,   1.7
179975,   1.7,  -3.1,  -5.9,   3.6, -41.6,1022.1,  -1.5,   1.6
179999,   1.1,   0.9,  -7.9,  -6.9,   0.6,1005.5,  -1.4,   1.4
180023,   0.8,  -0.3,  -5.6,  20.9,  90.4, 999.7,  -0.8,   1.4
180051,   1.2,   1.8,  -4.4,-232.7, 101.4,1033.8,  -0.6,   1.1
180075,  -0.8,  -0.7,  -3.5,  15.1, -45.3, 993.3,  -0.4,   1.3
180099,  -1.8,   1.7,  -4.5, -47.4, -14.5, 888.1,  -0.1,   1.2
180123,   0.9,  -2.4,  -3.2,  58.5,  48.4,1023.6,   0.1,   0.9
180151,  -0.4,   2.1,  -4.1,  30.7,  15.0,1019.4,   0.3,   0.9
180175,   0.1,   1.1,  -4.4,  -1.0, -25.8, 981.6,   0.2,   0.9
180199,  -0.6,   0.8,  -4.6, -41.3,  17.9,1010.2,   0.1,   1.1
180223,  -1.3,   1.0,  -5.2, -46.7,  35.7,1002.8,   0.3,   1.3
180251,   0.2,  -1.9,  -5.3, -35.9,  54.3,1009.7,   0.7,   1.5
180275,  -0.2,  -2.0,  -4.8, -57.2,  32.6,1012.4,   0.7,   1.5
180299,   0.2,  -2.3,  -4.3,  56.8,  39.9,1001.4,   0.8,   1.3
180323,   0.2,  -1.4,  -3.9, -20.3,  30.4,1000.2,   0.9,   1.3
180351,  -1.2,   2.1,  -4.0, -32.5,   4.5, 993.1,   0.9,   1.2
180375,  -1.3,   1.8,  -3.5,  14.1, -24.1,1036.8,   0.9,   1.3
180399,  -0.6,  -2.3,  -3.6,  -7.9,   7.9, 998.0,   1.0,   1.3
180423,  -0.7,   3.3,  -3.6, -15.2,  12.1, 980.1,   0.9,   1.4
180451,  -0.5,   0.7,  -2.1, -48.4,   2.8,1022.1,   0.9,   1.5
180475,   0.7,  -2.7,  -1.6, -40.1,   8.2,1079.0,   0.9,   1.5
180499,   0.7,   2.7,  -1.6, -87.0, -49.5, 995.8,   0.6,   1.6
180523,   0.7,  -0.4,  -1.1, -27.9, -46.0, 989.2,   0.6,   1.7
180551,   0.1,  -0.3,  -0.5, -17.4,  11.3, 960.8,   0.6,   1.6
180575,  -1.8,  -0.3,  -0.5, -10.8,  15.5, 992.3,   0.5,   1.5
180599,  -2.1,   1.3,  -1.2, -46.9,  -1.6,1024.6,   0.3,   1.6
180623,  -1.0,  -2.9,  -1.4,   4.1, -18.0,1010.4,   0.3,   1.4
180651,  -1.8,   2.4,  -1.1,  28.3, -30.4, 973.5,  -0.0,   1.1
180675,  -2.1,   3.7,  -0.3,-205.6, -10.4,1034.3,   0.1,   1.5
180699,  -1.1,  -1.5,  -1.1, -28.6,-104.1,1031.4,  -0.2,   1.6
180727,   0.9,  -1.4,  -3.1,  -7.1,  28.2, 979.2,  -0.7,   1.5
180751,   0.5,   0.8,  -5.7, -25.7,  40.6, 994.3,  -0.4,   1.2
180775,  -0.1,  -0.0,  -4.4,  -1.0, 101.7,1003.3,  -0.2,   1.2
180799,  -1.1,  -1.8,  -4.4,  14.4,  43.3, 997.0,   0.0,   1.0
180827,  -2.4,   1.1,  -3.2, -84.5, -32.6,1016.0,  -0.1,   1.1
180851,  -1.0,  -2.1,  -2.6,   9.5, -19.4,1022.9,  -0.2,   1.2
180875,  -0.5,  -2.5,  -2.3, -38.6, -40.9,1027.7,  -0.3,   1.2
180901,  -0.4,   0.6,  -3.2, -54.7,  -0.1,1018.0,  -0.3,   1.2
180925,  -0.5,  -0.0,  -3.3, -39.6, -14.1, 987.5,  -0.5,   1.3
180953,  -0.7,  -1.8,  -4.3, -39.1, -70.9,1026.0,  -0.5,   1.3
180977,  -1.5,  -0.9,  -4.2, -35.7, -59.7, 997.2,  -0.9,   1.3
181001,  -1.3,   0.5,  -4.4, -22.8, -80.0,1014.1,  -1.3,   1.2
181025,  -1.5,  -1.8,  -4.7,  55.1, -70.7,1019.2,  -1.7,   1.2
181049,  -1.0,   0.7,  -4.5, -85.0, -31.4, 985.5,  -1.8,   1.2
181077,   0.7,  -0.3,  -6.2, -32.3,  33.8,1043.9,  -1.4,   1.5
181101,   0.4,  -2.0,  -5.1,  18.8, -19.9,1014.1,  -1.2,   1.4
181125,  -1.2,  -0.8,  -3.2, -59.4,  -8.4, 976.2,  -1.2,   1.4
181149,  -1.5,   0.8,  -1.6, -44.7, -76.8,1061.2,  -1.3,   1.3
181177,  -0.6,  -1.8,  -0.7, -38.6,  17.4,1019.9,  -1.2,   1.5
181201,  -0.3,   1.1,  -0.5, -50.6,  -7.7,1009.9,  -1.1,   1.5
181225,   0.9,  -1.0,   0.1, -47.9, -10.2, 989.9,  -1.1,   1.6
181249,   0.0,   1.2,   0.4,  -5.7, -20.2,1023.8,  -1.0,   1.6
181277,   0.0,   2.6,   1.7, -33.7, -31.1, 994.3,  -1.2,   1.8
181301,  -0.1,  -1.8,   2.2, -90.4, -19.2,1000.9,  -1.2,   1.8
181325,  -0.9,  -0.3,   2.5, -23.7,  10.1,1006.3,  -1.2,   2.0
181349,  -0.9,   0.5,   3.1, -79.1, -46.8, 996.2,  -1.1,   2.3
181377,  -0.4,  -0.9,   3.4,  -6.9,   3.3, 988.9,  -1.2,   2.2
181401,  -0.5,   2.1,   5.0, -91.1, -13.1,1002.6,  -1.2,   2.1
181425,  -0.9,   0.5,   5.9,   1.2, -34.3,1016.8,  -1.3,   2.1
181453,  -1.0,   1.8,   5.5,  21.2, -39.2, 991.1,  -1.3,   2.1
181477,  -0.5,  -2.2,   6.9, -15.4, -50.4,1060.0,  -1.4,   2.2
181501,  -0.2,   1.2,   6.4, -92.1,-147.6,1065.1,  -2.0,   2.0
181525,   0.4,  -0.9,   6.2, -51.6, -41.2, 973.5,  -1.9,   2.1
181549,   0.9,   0.4,   4.1, -30.6,  36.2,1003.6,  -1.7,   1.9
181577,   0.9,  -0.3,   4.5,  10.4, -56.3, 973.8,  -1.6,   1.9
181601,  -0.1,   1.8,   5.1, -61.1,  -4.5,1002.1,  -1.6,   1.9
181625,  -0.7,  -1.5,   5.3, -22.5, -17.0,1017.5,  -1.6,   1.8
181649,   0.2,  -2.1,   5.6, -47.9, -10.6, 997.2,  -1.6,   1.9
181677,  -0.2,  -2.9,   3.8,  35.6, -27.5,1003.6,  -1.7,   1.7
181701,  -1.2,   1.4,   3.0, -64.7, -26.5,1038.0,  -1.6,   1.7
181725,  -1.5,  -1.4,   2.4, -25.0, -26.8,1022.4,  -1.8,   1.6
181753,  -2.0,   0.2,   2.0, -21.3, -47.3, 979.9,  -2.0,   1.4
181777,  -2.6,   3.5,   0.9,  26.3, -33.3, 975.5,  -2.0,   1.3
181801,  -1.8,  -1.0,  -0.1,-121.9,   7.7,1037.5,  -1.9,   1.3
181825,  -1.0,  -1.4,  -0.2, -52.5, -10.9, 992.8,  -1.9,   1.2
181853,  -2.6,   0.2,   1.2,  70.5, -92.4, 969.4,  -1.9,   0.9
181877,  -0.1,   1.9,   0.6, -67.9,   5.7,1037.3,  -2.0,   0.8
181901,  -0.1,  -0.2,   0.0, -89.6,-128.8,1087.6,  -2.3,   1.3
181925,   1.4,  -0.9,  -0.4,   1.2,  38.9, 956.2,  -2.4,   1.2
181953,   0.7,  -0.6,  -1.7, -35.9, -16.7, 951.1,  -2.3,   1.2
181977,  -0.2,  -0.1,  -0.4, -38.4, -58.7, 988.2,  -2.3,   1.2
182001,   0.4,  -0.3,  -0.1,  12.6, -25.0, 993.1,  -2.3,   1.1
182025,  -1.0,  -0.4,   0.5, -30.6, -26.3, 991.9,  -2.1,   1.2
182053,   0.1,  -2.1,  -0.3, -22.3, -28.5,1012.9,  -2.1,   1.2
182077,  -1.2,  -2.1,  -0.6,  17.0, -71.7,1016.0,  -2.1,   1.2
182101,  -0.6,  -1.0,  -1.0, -14.9, -37.0,1032.4,  -2.1,   1.1
182125,  -2.4,   0.2,  -2.3, -35.2, -54.3,1000.6,  -2.1,   1.2
182153,  -2.6,   1.2,  -2.3,  -0.3,  -7.0, 995.8,  -2.0,   1.0
182177,  -3.0,   2.6,  -1.3,   0.4, -30.7, 987.7,  -2.1,   0.8
182201,  -1.2,  -0.3,   0.0,  16.1,  30.1,1083.9,  -2.0,   0.8
182225,  -2.2,  -0.2,  -1.3, -57.9,-147.8,1020.9,  -2.1,   1.2
182253,  -1.6,  -0.7,  -1.3,  15.3, -46.8,1015.0,  -2.7,   1.3
182277,  -0.1,   0.8,  -0.9,   7.3, -35.5,1012.9,  -2.6,   1.1
182301,   1.3,  -3.0,  -0.8, -98.4,   0.3, 974.5,  -2.3,   1.4
182325,   0.0,  -2.0,  -1.1,  14.4,  -8.7, 995.3,  -2.1,   1.4
182353,  -1.8,   1.1,  -0.5,  22.2, -23.6, 969.6,  -2.1,   1.2
182377,  -1.7,   1.3,   0.6, -31.8, -23.6,1013.6,  -2.2,   1.1
182401,  -2.7,   2.6,  -0.2, -21.3, -42.1,1032.1,  -2.2,   1.2
182425,  -2.4,   2.4,   0.2, -48.9, -56.3,1019.0,  -2.2,   1.3
182453,  -1.6,  -0.8,  -1.1,  13.9, -51.2, 968.7,  -2.3,   1.2
182477,  -2.9,   0.7,  -1.3, -34.5, -31.6, 994.5,  -2.4,   1.2
182503,  -2.7,   1.8,  -0.3, -35.9, -93.6, 919.6,  -2.5,   1.3
182527,  -2.4,   2.6,   0.3, -39.8, -11.4,1019.4,  -2.4,   1.3
182551,  -1.2,   0.5,  -0.0, -43.5, -25.0, 963.3,  -2.2,   1.4
182575,  -2.1,  -2.3,  -0.2, -12.0, -61.4,1013.1,  -2.2,   1.5
182603,  -0.7,  -0.9,   0.7, -30.1,  -0.1, 978.9,  -2.1,   1.5
182627,  -2.5,   1.9,   0.3, -26.9, -62.2,1040.2,  -2.2,   1.4
182651,  -2.6,   0.7,  -0.2, -44.7,-103.7, 995.3,  -2.4,   1.4
182675,  -2.2,   1.5,  -0.5, -35.9, -70.0, 995.0,  -2.6,   1.3
182703,  -2.9,   2.2,  -1.3, -38.6, -33.1, 979.2,  -2.9,   1.2
182727,  -2.4,  -0.6,  -0.0, -60.4,-133.9,1031.2,  -2.9,   1.4
182751,  -1.9,   0.4,   1.2, -72.3, -75.3,1024.6,  -3.1,   1.5
182779,  -3.3,   4.9,  -0.0, -21.5,-104.1,1014.3,  -3.4,   1.5
182803,  -3.3,   3.7,   0.6, -49.4, -66.3,1005.5,  -3.6,   1.5
182827,  -2.7,   2.0,   0.9, -65.7,-116.6,1004.8,  -3.8,   1.4
182851,  -2.4,   3.0,   0.9, -32.5,-134.7,1008.9,  -4.2,   1.5
182879,  -2.7,   0.8,  -0.6,  22.4,-123.9,1029.9,  -4.6,   1.3
182903,  -2.1,   0.2,   0.1, -25.9,-152.2,1002.8,  -5.0,   1.4
182927,  -2.3,   0.6,  -0.2, -59.1,-126.9,1014.8,  -5.4,   1.5
182955,  -1.1,  -1.2,   0.4, -28.1, -81.7, 988.7,  -5.5,   1.4
182979,  -1.1,  -1.0,  -0.5,  14.6, -78.5,1002.8,  -5.5,   1.4
183003,  -0.5,   1.2,  -0.7, -26.2, -32.9,1016.8,  -5.4,   1.3
183027,  -0.4,   0.6,  -1.4, -57.2, -19.4,1011.1,  -5.0,   1.3
183051,  -0.1,  -2.6,  -1.3, -33.5,  70.4,1050.4,  -4.4,   1.4
183079,  -0.6,  -2.5,  -1.4, -41.6, -40.2,1032.1,  -3.9,   1.4
183103,  -1.2,  -1.7,  -1.7,   0.2, -40.9, 988.4,  -3.8,   1.2
183127,  -3.2,   1.6,  -1.2,   8.5, -66.5, 980.9,  -3.9,   1.1
183151,  -3.9,   1.0,  -1.0, -43.7,   8.9, 987.5,  -3.8,   1.1
183179,  -3.5,  -0.7,  -1.1, -50.6, -42.4, 963.5,  -3.7,   1.1
183203,  -4.1,  -0.7,  -1.1,-134.8,-226.0,1062.9,  -3.7,   1.2
183227,   0.1,  -2.5,  -0.8,  -4.7, -99.8,1034.8,  -4.2,   1.2
183251,  -0.4,  -0.3,  -1.9,  84.7, -85.6,1008.7,  -4.3,   0.9
183279,  -0.9,   0.4,  -1.9, -46.7, -36.5,1004.3,  -4.1,   1.0
183303,  -1.6,   1.3,  -2.4, -16.4, -21.4, 980.9,  -4.0,   1.0
183327,  -1.9,   1.0,  -2.9, -26.4, -21.9,1002.6,  -3.8,   1.2
183351,  -2.0,   0.7,  -2.5, -36.7, -28.2,1002.8,  -3.7,   1.3
183379,  -1.0,  -1.0,  -1.9, -17.9, -43.1,1005.5,  -3.6,   1.4
183403,  -0.6,  -3.3,  -3.3, -48.9, -45.1,1007.5,  -3.4,   1.4
183427,  -0.6,  -1.1,  -2.7,  41.5, -99.3, 997.5,  -3.5,   1.4
183455,  -1.8,  -0.3,  -2.0, -73.8, -61.7,1046.5,  -3.5,   1.4
183479,  -2.3,   0.1,  -2.1,   1.4, -90.0,1006.3,  -3.5,   1.3
183503,  -1.8,   0.3,  -1.4,   2.4,-101.5,1008.2,  -3.6,   1.3
183527,  -0.8,  -1.0,  -1.7,  37.1, -84.9,1012.9,  -3.9,   1.2
183551,  -1.8,   0.4,  -2.7, -81.6, -70.5,1004.3,  -3.9,   1.3
183579,  -2.3,   0.9,  -2.6,  -7.4, -38.5,1018.2,  -4.1,   1.3
183603,  -1.5,  -0.7,  -1.6, -44.2, -76.1, 985.5,  -4.1,   1.4
183627,  -0.7,  -0.9,  -0.5, -94.3,-103.2,1014.3,  -4.2,   1.4
183651,  -0.9,  -0.9,  -0.3, -23.7,-114.4,1010.7,  -4.3,   1.4
183679,  -2.0,   1.8,   0.8, -34.2, -87.5,1003.8,  -4.5,   1.5
183703,  -1.3,   1.4,   2.0, -19.1,-100.2,1022.1,  -4.5,   1.5
183727,  -1.6,   2.2,   2.7, -58.2,-104.1,1025.8,  -4.6,   1.6
183751,  -1.3,   2.2,   4.5, -40.1,-119.3,1002.4,  -4.8,   1.8
183779,   0.2,   0.6,   5.5, -52.3,-100.5, 990.6,  -4.9,   1.8
183803,  -0.2,   1.9,   7.5, -60.6,-121.7,1034.6,  -5.1,   2.0
183827,   0.2,   0.2,  10.2, -79.4, -83.1,1002.8,  -5.2,   2.2
183855,   0.7,   0.5,  10.6, -38.4,-103.2,1056.8,  -5.3,   2.4
183879,   0.4,   3.1,  11.4, -67.2,-106.6, 952.8,  -5.2,   2.7
183903,   0.8,   2.8,  12.9, -96.7,-120.0, 982.6,  -5.4,   2.8
183927,   0.6,   1.1,  13.6, -62.8, -80.0,1011.4,  -5.4,   2.9
183955,   1.4,   0.2,  15.4, -55.2, -68.0,1023.1,  -5.3,   3.0
183979,   1.1,   0.1,  17.2, -55.0, -44.8,1019.4,  -5.0,   3.2
184003,   0.5,   0.9,  16.8, -45.7,-103.9,1020.7,  -5.0,   3.1
184027,   0.6,   2.2,  16.7, -60.4, -74.4, 972.1,  -5.0,   3.1
184055,   1.4,  -0.1,  16.8, -57.7,-113.9,1061.7,  -4.9,   3.1
184079,   1.3,  -0.2,  16.9, -42.8,-149.6,1052.2,  -4.9,   3.0
184105,   3.4,  -2.5,  14.5,  64.4, -40.7,1002.6,  -5.0,   2.7
184129,   3.2,  -1.0,  12.2,   2.1, -25.0,1001.4,  -4.6,   2.4
184153,   2.0,   0.2,  10.2, -15.2,  -5.0, 995.0,  -4.2,   2.1
184177,   0.6,  -1.7,  10.4,  -5.2,  -7.7, 978.2,  -3.9,   1.8
184205,   0.9,  -2.5,  10.6,   4.6, -13.1,1021.4,  -3.6,   1.5
184229,  -1.5,   3.9,  11.7,  69.8, -68.5,1023.1,  -3.6,   1.2
184253,   0.2,   0.2,  11.6,   1.9, -28.2,1004.1,  -3.5,   1.1
184277,   0.4,   2.8,   9.2, -21.5, -38.7,1012.6,  -3.4,   1.2
184305,   0.2,   2.2,   8.3, -30.3, -70.5,1035.8,  -3.3,   1.4
184329,   0.6,  -1.6,   6.9,  93.7, -53.1,1000.4,  -3.4,   1.2
184353,  -0.1,   1.8,   5.4,  37.3,-133.4, 995.0,  -3.7,   1.0
184377,   0.3,  -1.4,   3.6, -41.8, -50.2,1005.5,  -3.8,   1.0
184405,  -0.5,   0.3,   2.7, -26.2, -81.9,1017.0,  -3.7,   1.1
184429,   0.6,  -1.3,   1.1, -30.1, -21.4, 998.4,  -3.5,   1.1
184457,   0.3,  -0.6,   1.4, -10.3, -65.8, 974.0,  -3.5,   1.0
184477,  -1.6,   2.9,   1.9,   0.2, -69.2,1059.5,  -3.4,   0.9
184505,  -0.4,   1.3,   1.9, -28.4, -66.5,1049.5,  -3.4,   1.1
184529,  -0.2,  -0.5,   2.0, -17.6, -58.2,1013.8,  -3.2,   1.0
184553,   0.8,   1.5,   2.5,  37.5, -38.5,1003.3,  -3.2,   0.9
184577,   0.4,   3.0,   3.2, -75.0, -54.6, 984.5,  -3.0,   1.1
184605,   0.0,   1.5,   4.0,  46.6, -83.1,1038.7,  -2.9,   1.2
184629,   1.8,   1.3,   4.0, -14.9,   4.7, 999.7,  -2.7,   1.3
184653,   2.5,   0.1,   4.9,-116.3, -92.4, 987.0,  -2.5,   1.6
184677,   3.5,  -1.5,   5.6, -20.1,  31.4,1049.2,  -2.2,   1.7
184705,   0.7,   0.3,   5.5, -91.6,-117.8,1000.4,  -2.0,   1.9
184729,   0.9,   2.3,   5.6,  -9.1,-142.0,1050.9,  -2.2,   1.8
184753,  -0.1,   2.6,   6.6, -14.7, -43.8, 993.1,  -2.3,   1.7
184777,  -0.4,   1.2,   8.6, -20.8,  48.7, 944.0,  -1.9,   2.0
184805,  -5.1,   4.0,   9.1,-141.2, -42.1, 978.4,  -1.7,   2.3
184829,  -3.5,   1.7,  13.3, -68.9,-122.9,1037.0,  -2.2,   2.8
184853,  -0.5,   2.0,  14.9,  46.1, -99.3, 992.8,  -3.2,   2.8
184881,   0.5,   4.6,  15.3,-101.9,-109.0,1015.5,  -3.4,   2.9
184905,   1.4,   3.3,  17.1,-195.6,-111.0,1013.1,  -3.6,   3.4
184929,   2.7,   0.3,  18.6,-176.6,-117.1,1059.7,  -4.0,   3.8
184957,   1.5,   2.7,  18.6, -68.4, -65.1,1005.5,  -4.0,   3.9
184981,   1.7,   0.6,  17.7, -50.6, -73.1, 982.8,  -4.1,   4.2
185005,   1.7,   3.5,  14.4,-126.3,-119.8,1080.7,  -4.3,   4.1
185029,   2.1,  -3.0,  11.2, -31.5, -82.4, 974.8,  -4.3,   4.0
185053,   0.7,  -0.4,   8.1,  40.5,-108.3, 972.6,  -4.3,   3.0
185081,   2.3,  -0.9,   8.3, 268.5, -32.6,1007.0,  -4.3,   1.9
185105,   1.8,   2.9,   6.6, -79.6,   8.6, 989.9,  -3.9,   1.9
185129,   2.0,   1.5,   6.9,-102.6, -36.0, 971.6,  -3.6,   2.0
185153,  -0.5,   1.1,   7.8,-124.6,   7.9,1016.3,  -3.3,   2.3
185181,   0.0,   2.7,   8.3,  -5.7, -69.5,1040.4,  -3.2,   2.2
185205,  -0.4,   1.1,   6.7, -78.7,-202.5, 989.9,  -3.6,   2.1
185229,  -0.2,   0.4,   5.3,  62.7,-116.4,1015.5,  -4.1,   1.8
185253,   0.4,   0.5,   2.4, -18.6, -79.7,1028.5,  -4.1,   1.5
185281,  -0.2,   1.9,   1.7,  36.1,-176.2,1030.2,  -4.5,   1.2
185305,   0.0,   1.2,  -1.6, -43.7,-147.6,1048.5,  -4.7,   1.2
185329,  -0.2,   1.6,  -3.1, -19.1,-116.6, 978.4,  -4.9,   1.1
185353,  -0.2,   2.6,  -4.6,  52.0, -49.7, 994.3,  -5.1,   0.9
185381,  -1.0,   1.3,  -6.1, -33.7, -81.0, 907.1,  -5.2,   0.9
185405,  -2.3,   1.8,  -7.8, -42.8,-161.0, 995.3,  -5.4,   0.8
185429,  -2.3,   0.4, -10.9,  23.4, -90.5, 989.9,  -5.7,   0.6
185457,  -2.4,   1.0, -13.0,  28.3,-125.6,1077.1,  -5.8,   0.5
185481,  -1.5,   1.4, -15.1,-114.1,-243.5,1053.1,  -6.6,   0.7
185505,   0.5,  -3.2, -16.2,  65.9,-135.4,1029.2,  -7.2,   0.9
185529,  -1.0,   0.6, -21.5,  18.3,-191.5,1031.2,  -7.2,   0.3
185553,   0.4,  -4.7, -23.9,  63.7,-131.0, 991.9,  -7.3,   0.2
185581,  -2.3,  -0.3, -26.7, -24.0,-130.8,1015.3,  -7.4,  -0.3
185605,  -1.8,  -1.0, -26.5,  -8.8,-151.0, 988.9,  -7.7,  -0.3
185629,  -1.8,  -1.3, -29.0, -65.2,-117.3, 998.7,  -7.8,  -0.3
185653,  -1.6,  -2.5, -30.8,   1.7, -59.0,1010.4,  -7.6,  -0.3
185681,  -2.6,  -3.2, -32.3, -26.4, -83.9,1016.3,  -7.4,  -0.3
185703,  -1.8,  -5.0, -33.2,  24.9,-138.8, 936.9,  -7.3,  -0.5
185731,  -0.5,   1.0, -29.2,-155.8, -17.0, 990.9,  -6.7,  -0.4
185755,   0.1,  -3.8, -27.1,-133.3,   6.7, 954.7,  -5.7,   0.2
185779,  -0.9,  -1.1, -26.5,-154.6,  27.9,1012.1,  -5.0,   0.7
185807,  -2.6,  -3.6, -26.2,  84.4, -80.2, 955.2,  -4.7,   0.7
185831,  -2.1,  -0.6, -23.5, -96.7, -22.4, 994.5,  -4.6,   0.7
185855,  -1.7,  -0.3, -19.8, -14.5, -23.1,1058.0,  -4.4,   0.5
185879,  -0.5,  -0.3, -15.8, -40.3,   8.2, 969.4,  -3.9,   0.8
185907,  -0.2,  -1.6, -14.5,-169.7, -25.3,1025.8,  -3.5,   1.3
185931,  -2.6,   3.0, -11.9,-106.0, -75.1,1030.7,  -3.5,   1.6
185959,  -1.7,   1.2,  -9.0,-102.3,-100.5, 976.7,  -3.5,   1.8
185979,  -2.1,  -0.5,  -7.7, -37.4,-113.7,1045.1,  -3.7,   2.0
186007,  -2.0,   0.5,  -6.9, -50.6,-108.1,1015.3,  -4.1,   2.5
186031,  -2.1,   2.9,  -5.4, -78.4, -86.3,1007.7,  -4.3,   2.5
186055,  -2.4,  -0.0,  -2.8,  12.6,-110.0, 984.0,  -4.3,   2.6
186079,  -0.6,   0.5,  -1.1,-102.6, -87.5,1029.2,  -4.6,   2.8
186107,  -1.0,   2.4,   1.5, -49.4, -86.1, 985.3,  -4.4,   2.8
186131,  -0.6,  -0.3,   5.6, -70.4, -43.8,1008.0,  -4.2,   3.2
186155,   0.9,   3.1,   8.3,-159.5, -84.4,1036.8,  -4.3,   3.2
186179,  -0.5,   0.7,  10.4, -24.2, -42.4,1041.4,  -3.9,   3.6
186207,   0.9,   0.8,  11.1, -84.8, -70.7,1045.8,  -4.0,   3.8
186231,   0.2,   1.0,  10.5, -19.8, -94.1, 996.2,  -4.2,   3.8
186255,   1.4,   1.9,   8.8, -29.8, -80.0,1029.5,  -4.2,   3.6
186279,   1.1,   0.5,   7.6, -35.4, -93.4, 979.4,  -4.2,   3.4
186307,   1.7,  -0.7,   7.1,  -0.0, -13.3,1009.2,  -4.0,   3.3
186331,   1.8,  -0.9,   4.8, -21.8, -21.1, 984.5,  -3.6,   3.0
186355,   0.9,   0.2,   3.4,  21.4, -27.5,1009.2,  -3.4,   2.6
186379,  -0.2,   0.1,   3.6, -15.7, -59.5, 993.6,  -3.1,   2.3
186407,  -1.9,   2.3,   4.6,-105.0, -41.6,1041.7,  -3.0,   2.2
186431,  -0.7,  -0.2,   2.8, -10.5,-130.3,1069.7,  -3.3,   2.3
186459,   0.8,  -0.8,   2.6,  20.9, -60.0, 984.3,  -3.3,   2.2
186479,   1.6,   1.6,   2.7,  56.3, -35.1,1004.3,  -3.2,   1.7
186507,   1.8,   2.0,   2.2,-108.2,  20.9, 986.7,  -2.6,   2.0
186531,   0.9,   3.2,   2.4, -17.4, -83.4,1032.1,  -2.5,   1.9
186555,  -1.3,  -0.3,   1.5, -30.8, -95.8, 991.4,  -2.4,   2.0
186579,  -1.3,   1.2,   2.2,  15.8, -44.6,1042.6,  -2.6,   1.7
186607,  -2.0,   2.1,   1.0, -19.3, -51.9, 997.7,  -2.6,   1.7
186631,  -0.7,  -1.8,   0.9, -51.6,   3.0,1021.6,  -2.6,   1.8
186655,   0.2,   0.8,   0.6,  36.6, -74.4,1050.7,  -2.5,   1.7
186679,   0.1,   0.8,   0.3,-104.5, -22.1, 969.4,  -2.3,   1.8
186707,  -1.4,  -1.7,   1.2,  27.8, -16.7, 973.5,  -2.1,   1.9
186731,  -1.2,   2.1,   2.2,   0.4, -60.0,1041.2,  -2.1,   1.9
186755,  -1.8,   2.1,   0.7, -94.3, -62.6,1013.8,  -2.1,   1.8
186779,   0.4,  -0.4,   0.6, -53.5, -71.7, 973.5,  -2.1,   1.8
186807,  -1.6,   2.2,  -0.0,-119.9,  -5.3,1045.3,  -1.8,   1.7
186831,  -0.5,  -0.7,   0.7,  31.7,-136.4,1014.3,  -2.1,   1.8
186855,  -1.0,  -0.1,  -1.3, -50.6,-108.1, 998.4,  -2.3,   1.9
186883,  -1.2,   2.1,  -4.1,   0.7, -58.7,1016.3,  -2.5,   1.5
186907,  -1.5,  -1.2,  -4.7,  51.7, -24.6, 978.7,  -2.3,   1.4
186931,  -1.3,  -0.9,  -5.0, -37.6, -33.3,1006.5,  -2.3,   1.5
186959,  -1.0,   0.8,  -4.8, -54.2, -40.2, 971.6,  -2.3,   1.5
186983,  -2.8,   1.9,  -4.7,-131.6, -22.8, 975.5,  -2.0,   1.6
187007,  -4.1,   0.8,  -4.7, -36.7,  37.9, 948.9,  -1.5,   1.5
187031,  -5.9,   0.7,  -4.3,-344.8,-116.4,1161.5,  -1.4,   1.8
187055,  -1.2,  -0.2,  -1.9, 240.9,-139.5, 929.4,  -2.8,   1.1
187083,   2.1,   2.9,  -5.7, -84.3, 153.7, 934.0,  -2.3,   0.9
187107,   0.9,  -1.9,  -6.0,   0.9, -50.4,1057.3,  -1.8,   1.4
187131,   1.3,  -0.8,  -5.5,  -6.4,  28.2, 932.8,  -1.8,   1.4
187155,  -1.0,  -1.1,  -5.6, -71.1,-171.0, 907.1,  -2.1,   1.4
187183,  -2.7,  -0.9,  -6.2,  -7.4,-150.3,1025.5,  -2.2,   1.3
187207,  -1.8,   0.8,  -4.9,-103.1,-148.3,1037.8,  -2.3,   1.3
187231,  -1.2,  -1.7,  -2.8, -49.4,-128.6,1015.0,  -2.3,   1.4
187255,  -0.4,   0.2,  -1.1, 140.6,-169.8,1009.9,  -2.8,   1.3
187283,   0.6,   4.6,  -3.0,-165.3,-227.2, 989.7,  -3.6,   1.5
187305,  -0.4,  -3.6,  -2.7, -16.4, -72.4,1026.8,  -3.6,   1.8
187333,  -1.8,   1.0,  -2.7,-115.5,-263.3,1081.5,  -4.6,   1.5
187357,  -2.6,  -0.4,  -3.5, -15.9,-193.5, 995.0,  -5.1,   1.4
187381,  -1.0,   3.5,  -4.4,  45.4, -70.2, 945.5,  -5.4,   1.0
187405,  -2.4,  -0.1,  -7.1,-148.7,  19.4, 983.8,  -4.5,   1.3
187433,  -3.0,  -0.8,  -3.9, 279.0,-123.7, 875.4,  -4.4,   0.6
187461,   2.4,   6.1,   0.3,-503.2,-147.8,1005.0,  -4.4,   1.2
187481,   3.4,   2.2,  -0.3,-286.2,  33.1, 908.1,  -3.7,   1.9
187505,   1.9,   1.9,  -2.9, -83.1,  83.8, 973.8,  -2.8,   1.9
187533,  -1.1,   1.8,  -2.7,-115.8,  -9.2,1007.7,  -2.1,   1.9
187557,   1.8,  -1.0,  -0.2, -77.2, -44.6,1062.7,  -2.2,   1.9
187581,   0.5,   2.9,  -1.1, -34.0,-123.2, 989.9,  -2.2,   1.4
187605,   0.4,   1.0,  -1.1,  36.6, -35.1,1181.3,  -2.0,   1.4
187633,   0.0,   1.0,  -2.9,  -6.2, -18.9,1071.7,  -1.7,   1.5
187657,   1.0,  -2.3,  -3.5,  33.4, -83.6, 922.0,  -1.8,   1.5
187681,   1.5,   0.2,  -3.9,  43.7,-148.1, 988.2,  -1.9,   1.4
187705,   1.8,   2.7,  -4.6,  83.4, 151.7,1116.1,  -1.8,   0.9
187733,   2.1,  -1.5,  -3.2, -62.8,-177.6, 891.8,  -2.1,   1.3
187757,  -0.4,  -7.3,  -4.6, 257.3, -22.8, 987.7,  -2.0,   1.5
187781,  -3.9,   4.6,  -9.8, -52.1, -72.9, 938.4,  -2.4,   0.8
187805,  -7.0,   3.7,  -6.3,  80.5,  11.3, 958.9,  -2.9,   0.1
187833,   0.1,  -0.4,   0.4, -89.4,-139.5, 843.9,  -3.7,   1.1
187857,   2.8,  -4.0,  -1.7,-149.5, 155.9,1022.1,  -3.0,   1.4
187881,   3.5,  -1.4,  -3.6, -17.4,  43.8, 965.5,  -2.7,   1.6
187909,  -2.1,  -2.1,  -2.7,  16.6,-210.3, 863.9,  -3.1,   1.3
187933,  -2.4,  -2.1,   0.9,   7.5,  44.0, 938.1,  -3.2,   1.0
187961,  -4.8,   2.0,   1.7,  -2.0,-406.6,1128.1,  -3.6,   1.1
187981,  -2.1,   0.3,  -0.3, -23.2, -41.4,1082.2,  -3.8,   1.4
188009,   0.4,   2.4,  -3.6,   8.5,-185.2,1158.1,  -4.8,   1.5
188033,  -0.1,  -0.6,  -3.8,  -0.3,-241.8,1077.1,  -5.6,   1.5
188057,   0.7,   1.5,  -3.3,  13.9,-271.6,1084.4,  -6.9,   1.3
188081,   0.1,  -0.5,  -3.6,  67.1,-313.4,1020.2,  -7.9,   1.5
188109,  -0.5,  -1.5,  -5.5, 163.5, -37.3,1070.2,  -8.2,   1.0
188133,  -0.9,   1.8,  -3.4,  22.7,-146.6,1027.5,  -8.3,   0.6
188157,  -0.2,   6.1,  -5.8,-221.0,-128.8,1038.2,  -8.3,   0.7
188181,  -0.2,   2.9,  -8.0, -30.1,-193.7,1073.2,  -8.5,   1.1
188209,  -0.7,   1.1, -12.3, -66.0,-318.0,1084.9,  -9.7,   1.2
188233,   2.5,  -3.6,  -9.7,  72.2, -46.0,1035.1,  -9.7,   1.2
188257,   2.6,  -1.2,  -2.7,  17.8, -61.7, 969.6,  -9.1,   0.9
188281,   4.6,   2.4,  -0.4,-119.2, 182.5,1202.8,  -8.1,   1.1
188309,   2.0,   0.1,  -1.7, -36.2,  10.4, 937.4,  -6.8,   1.4
188333,   0.9,   0.7,  -0.5, -63.0,-239.6,1010.2,  -7.0,   1.5
188357,   0.0,   0.2,   0.5,  17.0,-148.6,1012.4,  -7.3,   1.3
188381,  -0.1,  -0.1,   3.4, -53.3,-118.3,1025.1,  -7.4,   1.4
188409,  -1.0,   2.7,   3.9, -68.2,-115.6,1000.4,  -7.5,   1.6
188433,  -1.4,   0.2,   3.3, -54.0, -67.5,1066.3,  -7.1,   1.9
188461,  -0.6,   3.5,   2.9, -18.6,-166.6,1034.6,  -7.2,   2.0
188481,  -0.9,  -1.0,  -0.6, -23.0,-263.1,1046.5,  -7.7,   1.9
188509,  -0.4,  -0.2,  -3.2, -34.2,-113.9,1057.3,  -8.6,   1.8
188533,  -0.5,   0.2,  -2.4,  32.7,-113.7,1036.0,  -8.2,   1.5
188557,   0.8,   0.5,  -1.4, -73.0, -65.6,1022.4,  -8.0,   1.7
188581,   0.4,   1.2,  -1.4, -46.7, -85.6,1007.0,  -7.8,   1.8
188609,   0.5,   0.3,  -1.8,  31.2, -64.8, 989.2,  -7.4,   1.5
188633,   1.5,   2.2,  -3.1,  -5.2, 142.4,1061.7,  -6.7,   1.3
188657,   1.4,  -0.7,  -2.2,  48.5,  18.4, 989.7,  -5.7,   1.2
188681,   0.2,   0.6,  -2.2,  38.8, -49.7,1014.8,  -5.1,   1.0
188709,  -0.9,   0.1,  -0.7,-216.8,  80.9,1055.3,  -4.9,   1.2
188733,   0.9,   0.1,   1.1,  41.9, -44.8,1069.2,  -4.7,   1.3
188757,   0.9,  -1.3,   0.6, -42.3, -28.7, 991.9,  -4.3,   1.5
188781,   1.2,  -1.3,   1.3,   3.6, -53.6,1005.8,  -3.7,   1.6
188809,   2.0,   0.4,   2.0, -13.0,  -9.9,1050.4,  -3.3,   1.6
188833,  -0.4,   0.4,   2.2,  -5.7,-116.4,1037.8,  -3.0,   1.6
188857,   0.1,   0.2,   1.5, -47.7, -68.5,1019.4,  -3.2,   1.5
188885,  -1.5,  -0.8,   0.4,  -4.0, -56.0,1005.5,  -3.1,   1.5
188907,  -0.8,  -0.6,   0.3, -34.0, -29.7, 998.9,  -3.0,   1.6
188959,  -0.7,   2.1,  -1.3,  28.0, -68.7, 964.3,  -3.0,   1.5
188963,   0.0,   1.3,  -1.5, -17.9, -39.9, 981.6,  -3.0,   1.5
188983,  -0.7,   1.4,  -0.8, -77.2,  18.9,1006.7,  -2.7,   1.6
189007,  -2.4,  -0.3,  -1.1, -30.3, -65.6, 974.0,  -2.5,   1.6
189035,  -4.1,   0.4,  -1.3,-120.4,-155.2,1146.6,  -2.5,   1.6
189059,  -0.2,  -0.9,  -2.2, -50.6,-216.9,1077.5,  -3.2,   1.5
189083,   0.3,  -1.1,  -2.7,  25.1,  78.5,1016.5,  -2.9,   1.4
189107,   0.4,  -1.1,  -1.6, -34.5,  29.6, 947.2,  -2.6,   1.4
189135,  -0.9,  -0.6,  -0.6, -48.9, -74.4, 959.9,  -2.2,   1.6
189159,  -1.5,   0.4,  -0.2,-104.3, -33.1,1002.1,  -2.1,   1.6
189183,  -2.1,   0.5,   1.7,  92.7, -49.2, 982.1,  -2.3,   1.4
189207,  -2.3,   1.5,   1.8,  -5.9, -63.9,1033.1,  -2.4,   1.3
189235,  -1.3,   4.0,   1.8,-111.6,-102.7,1046.8,  -2.7,   1.5
189259,  -0.1,  -0.4,   2.8, -11.8, -76.3,1016.8,  -2.9,   1.7
189283,  -0.3,   0.6,   3.1,  11.7,-173.0, 935.9,  -3.2,   1.6
189307,  -0.7,   3.3,   3.5, -65.7, -95.8,1011.9,  -3.5,   1.7
189335,  -2.7,   1.6,   3.7,  17.5,-165.2,1010.4,  -3.7,   1.6
189359,  -0.9,   1.6,   4.7, -47.7,-202.5,1021.6,  -4.3,   1.6
189383,  -0.8,   0.4,   4.0,   6.1,-145.9,1010.9,  -4.7,   1.7
189407,  -0.6,   1.9,   3.1, -30.1,-118.8,1004.5,  -4.9,   1.8
189435,   0.6,   2.1,   2.7, -56.7, -99.8,1005.8,  -5.1,   1.8
189463,   0.2,  -0.7,   3.4,   4.8,-104.4, 997.0,  -5.1,   1.8
189483,  -1.0,  -0.2,   3.4, -30.3,-106.8,1006.7,  -5.1,   1.8
189507,  -0.8,   2.1,   2.3,  20.0,-110.7, 982.1,  -5.1,   1.7
189535,  -0.6,  -0.8,   1.5,  -4.0, -51.7,1025.3,  -5.1,   1.5
189559,  -0.1,   0.5,  -0.2,  14.6,-129.5,1049.0,  -5.1,   1.3
189583,   1.3,   0.5,  -1.1, -22.5, -54.1, 962.1,  -5.0,   1.2
189607,   1.5,   0.2,  -1.8, -10.8,  59.2,1049.5,  -4.4,   1.1
189635,  -0.1,  -0.1,  -0.7,  20.7,   5.5,1032.4,  -4.1,   0.9
189659,  -0.3,   2.1,   1.9, -80.4,  49.4, 991.6,  -3.4,   0.9
189683,  -1.8,   1.0,   3.0, -73.8,  49.9, 959.1,  -2.7,   1.3
189707,  -2.7,   2.5,   3.1,  99.1,  -8.9,1079.0,  -2.4,   1.2
189735,  -0.9,  -0.8,   4.3,  19.7,-280.4,1149.3,  -3.0,   1.6
189759,   0.3,   0.2,   2.6, -15.9, -19.7, 959.9,  -3.3,   1.6
189783,   0.7,  -0.3,   2.5,  75.9, -44.8, 920.6,  -3.1,   1.5
189807,  -0.1,  -0.3,   3.2, -24.7, -80.5, 989.4,  -2.9,   1.6
189835,  -1.2,   0.7,   6.7,-103.1,-133.2, 960.8,  -2.9,   1.7
189859,  -0.7,   1.6,   6.7,-103.8, -89.0,1000.2,  -3.1,   1.7
189883,  -0.9,  -0.4,   5.3,  47.6,-131.5,1040.4,  -3.2,   1.7
189911,  -0.7,   1.6,   5.5, -89.4, -68.3,1020.2,  -3.6,   1.8
189935,  -0.9,  -0.5,   4.5,  36.3,-129.5,1033.1,  -3.8,   1.7
189963,  -1.4,   0.7,   3.2, -30.6, -93.6, 984.3,  -3.8,   1.7
189983,  -0.8,   0.1,   2.3, -16.2, -48.2, 999.2,  -3.8,   1.8
190011,  -0.2,  -0.1,   4.5, -75.7, -14.8,1013.3,  -3.5,   1.9
190035,  -0.5,  -0.3,   6.3,  -0.8, -37.5, 981.8,  -3.3,   2.1
190059,  -0.1,   3.2,   6.7, -37.2,-114.9,1022.1,  -3.6,   2.0
190083,  -0.1,   3.1,   6.3,   6.8,  -7.0, 968.2,  -3.3,   1.8
190111,   1.2,   2.3,   6.3, -12.0, -58.5, 967.7,  -3.2,   1.5
190135,   1.5,   0.5,   4.1, -66.9,  10.8,1057.0,  -2.9,   1.7
190159,   1.2,  -2.1,   2.3,  31.0,-139.1,1056.1,  -3.0,   1.7
190183,   0.7,  -0.6,   0.3,  70.8, -41.4, 949.1,  -3.1,   1.2
190211,  -1.0,   1.4,   0.6,  -9.1, -46.0, 961.6,  -2.8,   0.9
190235,  -2.1,   2.3,   0.1,-102.6,  33.3, 976.0,  -2.6,   1.0
190259,  -3.4,   3.7,   1.2,  45.6, -87.3, 954.0,  -2.5,   0.9
190283,  -0.1,   5.4,   2.7,-196.3,-174.9,1077.1,  -3.1,   1.1
190311,   1.8,  -0.4,  -0.2,  95.9, -62.6, 936.9,  -3.6,   1.4
190335,   1.0,   0.4,  -4.4, -20.1, -13.8,1016.5,  -3.5,   1.3
190359,  -1.0,  -0.9,  -4.7,  86.1,-142.2, 995.8,  -3.6,   1.1
190383,  -4.7,   2.4,   1.7, -43.3,-251.6,1028.5,  -4.2,   1.0
190411,  -2.2,   2.2,   0.3, -38.1,-174.7,1114.2,  -5.4,   0.8
190435,  -1.6,  -2.8,  -6.9,  40.7, -92.9,1081.5,  -5.6,   1.2
190463,  -0.1,   1.0, -11.0, 104.2,-135.9,1068.3,  -5.6,   1.1
190483,  -0.8,  -1.5, -12.9,  -5.4,-302.9,1041.4,  -6.3,   0.9
190509,  -1.8,   0.6, -13.9, -83.3,-180.3,1014.6,  -7.1,   0.9
190533,  -2.1,  -1.7, -15.0,   8.5,-142.0,1098.5,  -7.4,   1.0
190561,  -0.7,   0.4, -11.5,  -0.0, -46.0, 901.3,  -7.4,   1.0
190585,   0.6,   0.4,  -3.9,  -9.8, 151.0,1008.2,  -5.9,   1.0
190609,   0.2,   1.6,   1.4,-145.6, -34.8, 944.2,  -4.8,   1.6
190633,   1.3,   0.2,   4.5,-164.4, -45.1,1020.4,  -4.4,   2.6
190661,   0.7,   1.1,   4.6,  -0.5,-163.2,1009.2,  -4.8,   2.9
190685,   0.6,  -0.2,   5.1,  10.4, -77.0,1016.3,  -4.9,   3.1
190709,   0.1,  -1.5,   5.8, -18.8,-100.0, 996.0,  -4.7,   3.3
190733,   0.5,  -1.9,   6.5, -14.9, -67.5,1022.6,  -4.7,   3.2
190761,   2.0,   0.1,   7.7, -27.9,-178.6,1008.9,  -5.0,   3.0
190785,   1.2,  -2.6,   8.0, -84.5,-199.6,1035.3,  -5.4,   3.2
190809,   1.1,   1.0,   6.7,  -2.5,-177.4, 984.8,  -5.9,   3.1
190833,   0.1,   0.2,   4.8,   3.9,-144.7, 998.9,  -6.2,   2.8
190861,   0.3,   0.4,   3.4, 125.9,-165.4,1142.5,  -6.7,   2.2
190885,  -1.0,  -0.5,   1.9,-204.1, -71.2,1018.5,  -6.9,   2.3
190909,  -0.5,  -2.3,   3.3,   4.3,  57.7, 974.5,  -6.3,   2.2
190961,   0.7,  -0.5,   8.3, -49.4,   3.8, 989.4,  -5.3,   2.1
190965,   0.4,   1.1,   9.5, -22.8,  62.1, 976.0,  -5.2,   2.1
190985,  -0.9,   1.7,  10.5,  51.0,  49.2, 984.5,  -4.5,   2.0
191009,  -1.4,   3.3,  13.2,   3.9, -42.1,1008.9,  -4.0,   1.8
191037,  -2.1,  -0.4,  13.4,  86.4, -69.2,1005.3,  -3.7,   1.4
191061,  -1.3,   2.2,  14.2,  34.9,-141.3,1090.5,  -3.9,   1.6
191085,   2.9,   1.7,  12.8,  91.5, -98.3, 984.8,  -4.3,   1.4
191109,   3.0,   5.4,   8.3,-161.7, -11.4,1016.8,  -4.2,   1.7
191137,   2.9,   0.5,   6.2, -67.7, -56.3,1009.9,  -3.9,   1.9
191161,   1.3,   1.0,   6.3,  66.6, -73.9,1004.5,  -3.5,   1.9
191185,   0.9,   2.1,   7.3,  -5.4, -11.1, 973.8,  -3.3,   1.7
191209,   0.4,   2.2,   7.7,  21.9, -42.6,1036.5,  -3.1,   1.6
191237,   1.0,   2.0,   6.9,-132.6, -71.4,1093.9,  -2.9,   1.8
191261,   1.5,   1.0,   6.7,-104.8,  24.0, 999.4,  -2.7,   1.9
191285,   0.8,  -0.3,   6.6, -59.1, -53.1, 960.1,  -2.5,   1.8
191309,   1.2,   0.4,   5.6,  36.6, -74.6, 989.9,  -2.5,   1.6
191337,   0.2,   2.1,   4.8, -27.9, -66.8, 987.2,  -2.3,   1.6
191361,   0.0,   1.7,   4.4, -17.1, -25.8, 975.5,  -2.3,   1.5
191385,   0.2,   1.4,   3.7, -39.4, -61.7,1017.5,  -2.4,   1.5
191409,   0.9,   1.0,   3.0, -31.5, -46.5,1019.4,  -2.2,   1.4
191437,   1.5,   0.4,   4.2,   9.0,  79.0,1028.2,  -2.1,   1.4
191465,  -1.1,   3.5,   5.1,-108.9,-144.9, 999.2,  -2.1,   1.6
191485,   0.6,   0.7,   6.4,-125.3, -62.2, 976.0,  -2.3,   1.8
191509,  -0.4,   1.0,   8.4,  40.2, -46.8, 960.1,  -2.4,   1.9
191537,  -0.1,   3.8,   5.8,-129.9, -62.6,1002.1,  -2.7,   2.1
191561,  -0.7,   2.1,   4.6,  -9.8, -43.1,1021.2,  -3.0,   2.0
191585,  -1.3,   1.9,   4.0, -20.3,-305.3,1081.7,  -3.7,   2.0
191609,   1.4,  -1.5,   2.3,  20.5,-357.3,1049.5,  -5.4,   1.8
191637,   2.5,   4.2,  -2.9,-104.5, -47.5,1011.4,  -5.8,   1.4
191661,   1.3,  -1.1,  -3.5,-203.9,-160.1, 893.2,  -5.7,   1.7
191685,  -0.7,  -2.1,  -4.1,  26.3,-189.4, 989.9,  -6.0,   1.5
191709,  -1.0,  -1.7,  -3.8, -42.8,-167.1, 975.0,  -6.3,   1.3
191737,  -1.3,   0.7,  -1.3,  81.3,-212.1, 977.2,  -6.9,   0.9
191761,  -1.1,   3.8,  -1.3, -66.9,-177.6,1040.7,  -7.2,   0.8
191785,   0.4,   1.5,  -2.2, -90.4, -87.3,1050.9,  -7.2,   1.0
191809,   0.6,   1.0,  -2.4,   4.6,-114.9,1029.7,  -7.4,   1.2
191837,  -0.2,   1.7,  -3.3,  19.7, -26.5,1018.7,  -7.3,   1.1
191861,   0.4,   1.6,  -2.1, -21.8,  -5.0,1004.5,  -6.9,   1.2
191885,   1.8,   2.5,   0.9, -70.8,  66.0,1065.1,  -6.2,   1.4
191909,   1.5,   2.6,   1.8,-102.8,  13.8,1040.2,  -5.3,   1.7
191937,   1.0,  -0.8,   4.0, -60.6,  16.9,1027.7,  -4.5,   2.1
191965,   0.3,  -0.9,   2.8,  15.6, -85.1,1001.9,  -4.5,   2.0
191985,  -1.0,   0.2,   1.2,  -4.4, -78.8,1031.9,  -4.5,   1.9
192013,   0.0,  -1.5,   1.4,   4.1,  14.5,1047.5,  -4.1,   1.9
192037,   0.6,  -1.7,   0.0, -33.0, -84.1,1021.6,  -4.0,   1.8
192061,  -0.2,  -0.1,   0.6, -76.2, -65.3, 990.6,  -3.9,   1.8
192085,  -0.9,  -1.4,   1.1,  37.8, -79.2,1004.3,  -3.8,   1.8
192111,  -1.0,   0.5,   1.4,  -1.8, -80.7,1001.9,  -3.8,   1.8
192135,  -1.3,   0.8,   1.2,  14.6,-114.9,1021.6,  -3.9,   1.7
192163,  -0.7,   2.1,   1.2, -11.8, -83.6,1029.9,  -4.0,   1.6
192187,  -0.5,   0.3,   1.2,  18.3, -42.9, 987.5,  -4.0,   1.5
192211,   0.1,   2.7,   1.2, -25.7, -79.5,1011.1,  -4.0,   1.5
192235,   0.2,   2.1,   0.6, -41.8, -44.3,1007.5,  -3.9,   1.4
192263,  -0.7,   0.8,   1.3, -68.2, -94.1,1020.9,  -3.6,   1.7
192287,  -1.0,   2.4,  -0.6, -54.0, -67.0,1003.6,  -3.7,   1.6
192311,  -0.5,   0.6,  -1.6,  12.9, -21.9, 992.8,  -3.6,   1.5
192335,  -0.2,   0.4,  -2.7,  19.2,  17.7, 999.9,  -3.3,   1.4
192363,   0.2,   0.1,  -4.6, -11.3, -29.0,1025.8,  -2.9,   1.4
192387,  -0.4,   0.4,  -3.9, -40.3,  30.6, 968.2,  -2.6,   1.5
192411,  -1.5,   0.4,  -3.9,  -5.7, -65.8,1013.1,  -2.4,   1.3
192435,  -2.8,   0.5,  -3.0,  -2.2,  48.9,1019.0,  -2.1,   1.3
192463,  -3.6,   1.8,  -2.8, -66.5,  72.1, 955.5,  -2.0,   1.3
192487,  -2.9,   0.1,  -0.5,-149.7,-189.4,1235.5,  -2.1,   1.6
192511,   3.4,   1.0,  -1.1,  59.8,  29.4, 941.3,  -2.9,   1.7
192535,   1.0,   0.8,  -5.5,-106.5,  18.9, 977.7,  -2.4,   1.6
192563,  -1.5,  -3.6,  -5.4, -45.5,   6.7, 990.6,  -2.0,   2.2
192587,  -4.4,   3.3,  -6.4, 156.0, -73.4,1047.8,  -1.9,   1.2
192611,  -0.7,   2.4,  -3.0,-110.6, -51.2,1046.8,  -2.6,   1.0
192635,  -1.5,   2.9,  -2.7, -40.6,  34.5,1071.7,  -2.0,   1.4
192663,  -0.4,   1.6,  -4.0,  72.2,  43.1, 981.6,  -1.7,   1.5
192687,  -0.7,  -1.0,  -4.8, -18.1, -36.0,1024.6,  -1.9,   1.5
192711,  -1.7,   1.2,  -2.8, -84.0,-101.7,1011.1,  -2.0,   1.6
192735,  -2.1,   1.3,  -1.1,  28.5,-112.4,1077.5,  -2.1,   1.5
192763,   0.0,   0.8,  -1.8,  23.9, -95.6,1045.1,  -2.3,   1.5
192787,  -1.1,   3.1,  -1.9, -89.4, -16.7,1040.4,  -2.1,   1.7
192811,  -2.3,   0.5,  -3.4,  54.2,-155.9,1029.7,  -2.4,   1.7
192835,  -2.4,   1.3,  -3.5, -44.0, -80.5,1001.1,  -2.8,   1.7
192863,  -1.0,  -0.3,  -2.3,  73.9, -51.4,1010.4,  -3.3,   1.6
192887,  -0.9,  -0.9,  -5.7, -53.3,-109.8,1019.9,  -3.4,   1.7
192911,  -1.0,  -0.9,  -5.0,  67.6,  19.4,1090.5,  -3.5,   1.7
192935,  -2.2,  -0.5,  -3.9, -26.4,-117.3, 979.9,  -3.7,   1.6
192963,  -0.9,   1.2,  -4.3, -41.8,  52.8,1049.7,  -3.6,   1.6
192987,  -0.6,   2.1,  -0.1, -12.7,  15.0, 923.7,  -3.0,   1.7
193011,  -1.2,   1.8,   1.3,-110.4,  44.0, 993.1,  -2.6,   2.2
193039,  -4.3,  -1.1,   4.5,-143.8,-383.4,1427.4,  -2.7,   2.9
193063,   1.3,  -0.9,   4.2, -76.2, -99.3, 859.3,  -2.8,   2.9
193087,   0.6,  -2.2,   3.7,  60.5,-126.9, 951.1,  -2.6,   2.5
193111,   2.1,   5.7,   5.5, -27.4, -74.8,1144.2,  -2.7,   1.7
193139,   1.7,   1.0,   6.9,  38.3, -39.2, 957.9,  -2.2,   2.3
193163,   1.8,   3.3,   6.6,-170.7,  70.4,1087.8,  -2.3,   2.4
193187,  -1.2,  -1.1,   7.3, 139.4,-149.3,1090.5,  -2.5,   2.5
193211,  -1.2,   3.5,   7.0, -63.8,-106.1,1086.6,  -2.9,   2.4
193239,  -1.0,   3.0,   8.1, -11.8, -57.3,1093.9,  -3.0,   2.1
193263,  -0.2,   3.7,   8.4, -47.4, -54.1, 944.2,  -3.2,   2.1
193287,   1.5,   2.0,   8.9,-129.9,-180.6, 874.9,  -3.5,   2.4
193311,  -0.8,   1.6,   7.2,  18.8,-163.2, 923.3,  -3.7,   2.5
193339,  -0.9,   1.6,   7.3,-135.3, -25.3,1050.7,  -3.8,   2.6
193363,   1.7,   3.2,   9.3,-197.3, -91.9,1133.2,  -3.8,   2.8
193387,   1.5,   0.4,   8.8, -87.5,  32.6,1043.6,  -3.5,   2.9
193411,  -0.5,   1.4,   9.1, -36.7, -57.3, 889.1,  -3.9,   2.9
193439,  -2.3,   2.0,   9.1,  67.3,  -3.6,1051.7,  -3.7,   2.4
193467,   1.8,   2.8,  10.4,-239.1,-216.7,1028.5,  -3.8,   2.7
193487,   3.9,   4.1,   6.4,-162.6, -22.6, 943.8,  -4.1,   2.2
193511,   1.3,  -2.6,   1.7,  -4.2,  47.7, 875.4,  -3.5,   2.3
193539,  -1.9,   0.2,  -2.8,  -2.7, -48.2, 969.9,  -3.3,   1.6
193563,  -2.4,  -1.6,  -1.9, -32.3, -56.3, 922.5,  -3.5,   1.6
193587,  -3.0,  -0.6,  -1.7, 255.6,-114.6, 901.3,  -3.7,   0.7
193611,  -0.1,   3.0,  -2.1,-146.0, -83.9, 979.9,  -4.0,   0.8
193639,   0.2,  -3.4,  -6.7, 108.8,-198.1, 995.8,  -3.7,   1.2
193663,   0.2,  -0.9,  -8.6, -71.3,-113.4,1097.1,  -3.9,   0.9
193687,  -2.1,  -0.5, -10.8,  21.4,-182.8,1051.4,  -4.0,   0.6
193713,  -2.7,   0.5, -11.4,  97.9,   0.3,1029.2,  -4.1,  -0.1
193737,  -2.2,   3.0, -10.1,-107.0, -38.2, 986.2,  -4.4,  -0.3
193761,  -2.9,   1.6, -10.3,  22.7,-123.7,1012.9,  -4.4,  -0.2
193789,  -1.6,   2.5, -11.0,-203.7,-137.3,1006.0,  -4.8,   0.2
193813,  -1.6,  -0.5,  -9.3,  13.6,-154.9,1075.1,  -5.1,   0.4
193837,  -1.7,   4.0,  -8.9, -32.3, -93.6,1051.4,  -5.2,   0.5
193861,  -2.6,   0.2,  -6.1, -19.8,-113.7, 917.4,  -5.2,   0.9
193889,  -3.2,   2.3, -10.6, -77.4, -75.3,1021.4,  -5.4,   0.8
193913,  -3.0,  -3.0, -13.6,  75.1,-215.7,1070.2,  -5.8,   0.9
193937,  -2.8,   0.4, -16.8,  51.0,-220.8,1035.6,  -6.6,   0.7
193965,  -3.2,  -1.5, -18.8, 227.0,-185.9, 942.0,  -6.9,   0.3
193989,  -3.4,   3.7, -19.0,-105.3,-133.0,1011.9,  -7.1,   0.0
194013,  -1.5,  -1.5, -18.0,  87.1,  63.8,1067.3,  -6.8,   0.2
194037,  -1.8,   0.2, -18.4,-138.5, -87.8,1031.4,  -6.7,   0.4
194065,  -1.5,   0.9, -15.1, -62.3, -54.8,1030.4,  -6.6,   0.5
194089,  -0.7,  -1.8, -10.2,  11.7,  55.0,1227.0,  -6.1,   1.0
194113,   2.0,  -1.7,  -7.7,  14.1, -29.2,1000.4,  -5.5,   1.1
194137,   2.1,  -0.7,  -4.9,-138.5, -44.3,1004.8,  -5.1,   1.8
194165,   1.3,  -0.0,  -3.9, -79.9, -23.1,1041.4,  -4.8,   2.0
194189,   0.2,  -0.6,  -3.5, -43.5,-108.8,1013.3,  -4.6,   2.2
194213,  -0.1,  -0.2,  -2.7, -39.8,-143.7, 955.5,  -4.7,   2.1
194237,   1.9,   0.5,  -2.2, -74.3,-155.4,1078.0,  -4.9,   2.0
194265,   1.3,  -0.3,  -1.7,   3.6,-103.2,1023.1,  -4.5,   2.2
194289,   2.4,   3.1,  -1.9,-139.7,  78.0, 978.4,  -4.3,   2.3
194313,  -0.9,  -1.2,  -0.9, -25.9,-212.5,1117.8,  -4.1,   2.5
194337,   1.6,  -0.4,   1.1,  -4.9, -32.6,1046.5,  -4.3,   2.5
194365,   0.7,   2.0,   0.9,  15.8, -83.4,1031.2,  -4.4,   2.2
194389,  -0.7,  -0.3,   1.5, -35.9,   4.0, 997.5,  -4.0,   2.5
194413,  -2.2,   0.7,   1.9,-298.9,-179.8,1008.7,  -4.1,   2.7
194437,  -0.4,  -2.3,   1.9,  58.8,-457.4,1052.4,  -5.4,   2.5
194465,   3.5,   4.2,  -1.0,  16.1,  11.3, 987.2,  -5.2,   2.6
194489,   3.1,  -0.7,   0.3, -95.8,  88.2,1003.8,  -4.3,   3.0
194513,   2.7,   1.2,   2.2,  16.6, -18.5, 982.6,  -3.7,   3.1
194537,  -0.1,   0.4,   4.6, -20.6, -85.3, 998.2,  -3.4,   3.3
194565,  -0.2,  -1.4,   7.2,  36.6, -58.0,1037.3,  -3.5,   3.2
194589,   0.1,   3.7,   7.8,  57.6, -84.6,1008.5,  -3.8,   2.5
194613,   2.2,   1.5,   5.3, -19.1,  37.0,1004.3,  -3.5,   2.5
194637,   1.7,   2.7,   1.6, -47.7, -52.4,1046.5,  -3.3,   2.3
194665,   1.0,   0.1,  -1.7,  12.4,  -0.4, 998.4,  -2.9,   2.2
194689,  -0.3,   2.7,  -1.2,  13.6, -29.9, 996.7,  -3.1,   1.7
194713,  -0.9,  -0.1,  -0.9,  44.9, -52.9,1064.4,  -3.1,   1.4
194737,  -0.2,   1.2,  -2.4, -57.4, -42.1,1027.7,  -3.0,   1.6
194765,   2.4,   1.6,  -3.7, -24.7,  -0.9, 989.2,  -2.8,   1.4
194789,   3.1,   0.2,  -5.4, -54.0,  41.1, 925.9,  -2.4,   1.5
194813,   1.1,   0.1,  -4.9, -14.9, -13.1, 984.5,  -2.2,   1.3
194837,   1.5,   0.4,  -3.4,  -5.7, -34.6,1020.7,  -2.3,   1.0
194865,  -1.1,   3.2,  -4.4, -61.8,-138.6,1089.5,  -2.3,   1.0
194889,  -2.0,   0.4,  -5.1,-106.2,  44.5, 930.3,  -1.9,   1.2
194913,  -5.1,   1.6,  -3.6, 179.6,-106.8, 877.8,  -1.6,   0.6
194937,  -1.8,   8.5,  -3.5,-283.7, -64.6,1149.8,  -1.8,   0.3
194965,   2.6,  -3.6,   0.0, 103.0, -13.6, 925.2,  -1.7,  -0.0
194989,   0.7,   4.8,  -4.6, -37.2, -33.6,1003.8,  -1.6,  -0.4
195013,  -1.4,   0.5,  -2.6,-135.5, -68.7,1002.1,  -1.5,   0.3
195041,  -2.3,  -1.2,  -1.7, -10.8,  -2.6, 987.9,  -1.6,   0.4
195065,  -1.3,  -1.2,  -2.0,  -1.5, -37.0,1039.5,  -2.1,   0.5
195089,  -1.7,  -0.8,  -1.6,  30.7,-146.4, 982.1,  -2.2,   0.7
195113,  -1.8,   3.2,  -0.5,  75.9, -83.4, 975.7,  -2.5,   0.3
195141,  -1.1,   2.1,  -2.1,-191.9,-180.8,1061.9,  -2.9,   0.9
195165,  -0.7,  -1.4,  -3.1,  24.9,-238.9,1090.5,  -3.2,   0.8
195189,  -0.5,  -1.0,  -4.3,  77.1,-120.5, 953.5,  -3.5,   0.4
195213,   0.2,   0.2,  -5.0, -39.1,  28.4, 968.9,  -3.7,   0.5
195241,  -1.8,   1.1,  -5.6, -63.5,-165.9,1024.3,  -4.1,   0.6
195265,  -2.6,   1.9,  -5.7, -80.6,-143.5,1129.3,  -4.5,   0.5
195289,  -0.9,   2.4,  -5.3, -48.9,-109.5,1056.1,  -5.0,   0.5
195315,  -0.5,  -0.1,  -4.9, -40.1, -47.5,1007.7,  -4.9,   0.7
195339,  -1.3,  -1.1,  -3.6, -12.5,  -4.8, 904.9,  -4.6,   0.6
195363,  -0.5,   3.2,   0.8,   3.4,  88.0, 976.7,  -3.9,   0.2
195391,  -4.6,   6.0,   3.4,-209.8, 148.5, 964.0,  -2.8,   1.0
195415,  -1.6,   0.4,   8.6, -31.8,-352.7,1268.7,  -3.5,   1.8
195439,   0.4,   3.8,   7.1,-100.4, -36.0,1068.8,  -4.0,   1.8
195467,   1.4,   1.5,   7.1,  10.9, -39.0,1023.8,  -3.9,   1.8
195491,   0.7,   4.0,   9.0,-122.4, -28.7, 976.5,  -3.5,   2.1
195515,  -0.1,  -0.7,   9.2, -13.2,-120.5, 993.1,  -3.3,   2.3
195539,   0.2,   4.0,  10.3,-118.7, -73.1,1022.9,  -3.5,   2.4
195563,   0.3,   1.6,  10.8, -90.9,  -4.0,1043.6,  -3.7,   2.4
195591,  -0.6,   1.1,   9.5, -12.0,   8.6, 902.5,  -3.6,   2.4
195615,   0.2,   0.7,  10.2, -42.8,-132.0,1036.5,  -3.9,   2.4
195639,  -0.6,  -1.2,   9.1,  57.8,-144.2, 989.9,  -4.1,   2.4
195663,   0.6,   1.3,   7.2,  83.2, -64.8, 952.5,  -4.3,   2.0
195691,   0.4,   1.0,   7.2,  38.5, -59.5, 885.4,  -4.3,   1.8
195715,  -1.0,  -1.4,   6.3, -27.6,-165.9, 961.8,  -4.1,   1.9
195739,   0.7,  -0.5,   5.6, 111.0,-156.4,1051.2,  -4.5,   1.7
195763,  -0.7,   7.8,   3.9,-468.3, -58.5, 922.5,  -4.5,   1.6
195791,  -0.1,  -2.3,   9.0, 430.1, -40.4,1101.2,  -4.1,   1.2
195815,  -2.9,   5.4,   8.4,-171.2,  69.7, 902.0,  -3.4,   1.7
195839,   0.6,   2.4,  11.6,-124.1, -66.1,1038.0,  -3.8,   2.1
195863,   0.3,   3.3,   9.8,-154.1, -57.8, 967.0,  -4.0,   2.1
195891,  -1.5,   6.1,   8.4,-131.9,  46.0, 908.6,  -3.6,   1.6
195915,  -0.8,   3.3,   6.6, -87.9,  75.5,1030.2,  -3.6,   1.9
195939,  -1.3,   0.8,   3.1,  34.1,-116.1,1009.2,  -3.4,   2.1
195967,  -0.8,   2.6,   0.3,  -3.5, -11.6,1029.0,  -3.3,   2.1
195991,  -1.5,   1.3,   1.7,  44.9, -19.4, 946.0,  -3.3,   1.7
196015,  -2.6,   0.2,   1.2, -56.9, -13.1, 956.5,  -3.0,   1.7
196039,  -1.6,   0.7,   2.5,  -6.4, -48.5,1000.4,  -3.0,   1.6
196067,  -2.1,   3.0,   0.8, -28.6, -26.0, 985.3,  -2.6,   1.5
196091,   0.1,   1.8,   2.7, -66.0,  41.9, 949.4,  -2.6,   1.5
196115,   1.5,   0.8,   4.4,  49.5,  39.4, 969.6,  -2.5,   1.3
196139,   0.3,   6.0,   5.0,-282.3,  14.5,1105.6,  -2.1,   1.5
196167,   1.8,   0.7,   5.0, 119.1,-189.8,1024.8,  -2.4,   1.7
196191,  -0.2,   2.4,   0.8, -20.6, -49.9, 940.8,  -2.3,   1.5
196215,  -2.2,   4.3,  -0.3,  -5.9, -73.9, 873.2,  -2.0,   1.1
196239,  -6.5,   1.1,  -0.8, -45.9, 160.3, 883.5,  -1.2,   1.3
196267,  -2.0,   2.2,   1.1,-159.7, -21.1, 860.5,  -2.4,   1.8
196291,  -2.9,  -3.8,  -2.2, -57.2,-109.0,1032.9,  -2.6,   1.8
196315,  -0.4,   2.0,  -2.7, 150.3,-201.6,1101.7,  -3.4,   0.9
196339,  -0.2,   1.6,  -3.8, -54.7, 100.9, 940.8,  -3.2,   1.1
196367,  -1.0,   2.5,  -0.8, -40.1,-134.4,1031.4,  -3.8,   1.1
196391,  -2.5,   1.0,   1.5,  32.2,-260.2,1250.9,  -4.7,   1.3
196415,  -2.6,   2.5,  -1.4,-102.6,-149.1,1036.8,  -5.6,   1.6
196439,  -0.1,   1.5,  -3.3,  -3.5,-240.9, 966.2,  -6.7,   1.5
196467,   0.1,   1.1,  -5.2,  91.7,-219.9, 969.4,  -6.9,   1.4
196491,  -1.3,   3.3,  -6.9,-110.9,-315.8, 979.2,  -7.8,   1.3
196515,  -1.8,   2.4,  -6.9,   5.3,-164.2, 973.8,  -8.2,   1.2
196539,  -0.1,   1.4,  -5.8,   2.6, -79.2, 998.0,  -8.2,   1.2
196567,   2.0,   3.8,  -4.2, -71.1,-112.0, 908.1,  -7.6,   1.3
196591,   0.7,  -0.6,   1.7, -45.5,  85.8, 929.4,  -6.0,   2.0
196615,   0.9,   2.0,   4.4,-178.3, -72.9,1032.4,  -5.7,   2.5
196639,   0.9,  -0.1,   3.5,-125.0, -22.8, 978.7,  -5.4,   3.0
196667,   2.0,  -0.2,   3.7,-116.5,  44.8, 940.3,  -5.0,   2.9
196691,   1.8,  -1.4,   4.8,  -5.4, -82.4,1088.3,  -5.2,   2.5
196715,   2.1,   2.0,   3.2,   9.7,   4.7, 976.5,  -5.1,   2.2
196739,   1.7,   4.6,   5.0,  -6.4,-117.3, 991.6,  -5.1,   1.9
196767,   1.8,   1.3,   5.6,-148.0, 141.9, 944.7,  -4.3,   2.7
196791,   1.6,   1.6,   7.8, -80.1,   7.4, 970.4,  -4.3,   2.9
196815,  -0.4,  -1.0,   8.9, -31.3, -25.0,1009.2,  -4.2,   3.0
196839,  -1.5,   1.6,   9.0,  58.5, -35.5,1006.3,  -4.3,   2.7
196867,  -1.6,   2.3,  10.9, -94.3, -37.3, 965.7,  -4.3,   2.7
196891,  -0.7,   2.1,  10.5,   2.9, -94.1, 979.4,  -4.4,   2.6
196917,   1.2,   1.4,   9.7,-180.7, -86.1,1021.9,  -4.7,   2.9
196941,   1.5,   0.8,  10.5, -17.6, -26.3,1082.9,  -4.8,   2.9
196969,   1.5,   2.8,   9.9,-124.8,-126.9,1028.7,  -4.8,   3.0
196989,   0.7,  -0.4,   8.7,   5.1,-100.7, 993.6,  -4.9,   2.8
197017,  -0.1,   2.8,   5.7, -72.8, -73.9, 885.2,  -5.0,   2.4
197041,   0.7,   0.7,   2.0, -67.4, -20.2,1097.3,  -5.1,   2.2
197065,   0.2,  -1.4,  -1.2, -13.2,-110.7,1036.3,  -4.9,   2.1
197093,   0.9,  -0.9,  -1.5,  81.3,   6.9,1004.1,  -4.7,   1.6
197117,  -0.9,  -0.3,  -1.9,   2.6,  15.2,1013.8,  -4.5,   1.6
197141,  -2.3,   0.4,  -3.5, -28.9, -75.8, 972.8,  -4.1,   1.5
197165,  -2.0,   1.3,  -4.4,-102.6,  -9.2, 946.4,  -3.8,   1.5
197193,  -3.8,   1.7,  -6.0,  84.2,   5.0, 900.1,  -3.3,   0.7
197217,  -0.7,  -1.1,  -3.8,-113.1,-256.2,1045.8,  -3.9,   1.1
197241,   0.7,  -0.4,  -6.6,  57.8,  -7.7, 946.9,  -4.2,   0.7
197265,  -0.5,  -1.2, -10.8, -40.3, -49.0, 983.1,  -4.3,   0.5
197293,  -3.2,  -0.6, -15.5,  61.0,-158.3,1051.4,  -4.2,   0.3
197317,  -2.1,   2.7, -12.0, -88.7,-154.0,1009.9,  -5.1,  -0.4
197341,  -2.1,   1.3, -11.9,  29.5, -73.1,1013.8,  -5.0,  -0.3
197365,  -1.2,   0.9, -15.1,  32.9,-142.5,1024.1,  -5.4,  -0.2
197393,  -2.5,  -1.4, -13.8,  31.2,-124.4,1002.4,  -5.6,   0.1
197417,  -2.9,   2.3, -10.7,  26.8,-163.2,1018.5,  -6.0,  -0.3
197441,  -2.3,  -0.0, -10.8, -44.2,-205.0,1032.9,  -6.4,   0.1
197469,  -2.2,  -0.9, -14.2,  15.3,-267.5, 991.1,  -6.6,   0.0
197493,  -1.8,   0.8, -15.4,  50.0,-272.4,1036.0,  -7.6,  -0.3
197517,  -2.8,   1.3, -16.3,   7.0,-250.9,1043.6,  -8.5,  -0.4
197541,  -1.9,   1.0, -18.1,  -3.2,-185.2,1010.2,  -9.4,  -0.3
197565,  -2.4,  -0.6, -22.7,   7.5,-244.3,1046.8,  -9.9,  -0.1
197593,  -2.6,  -0.4, -28.2,  -5.4,-184.0,1008.9, -10.4,  -0.3
197617,  -1.5,  -0.5, -27.5,  -9.3, -64.8,1012.4, -10.4,  -0.3
197641,  -1.5,   0.3, -24.1, -39.6,-102.7,1013.8,  -9.9,  -0.2
197665,  -1.7,   0.4, -24.2,-189.3, -79.0,1028.5,  -9.5,   0.7
197693,   0.6,  -1.5, -21.9,  31.2,-142.0,1010.9,  -9.5,   0.8
197717,   0.0,  -0.8, -20.1, -18.8,-145.4,1009.7,  -9.6,   0.8
197741,   2.0,   1.4, -16.4, -12.0,  -6.7,1009.2,  -9.0,   0.1
197765,   1.3,  -1.2, -14.3,  24.1,-104.9, 997.0,  -8.3,   0.1
197793,   1.3,  -0.2, -15.5, -21.0,-181.0,1002.4,  -8.6,   0.1
197817,   0.1,   0.7, -15.5,-123.6,-128.1,1008.5,  -8.6,   0.6
197841,  -0.4,  -0.1, -15.4, -10.8, -81.7,1010.2,  -8.3,   0.8
197865,   0.0,  -0.4, -15.0, -73.8, -72.9,1014.8,  -8.0,   0.9
197893,   1.3,  -1.3, -14.7, -32.3, -15.3,1028.0,  -7.5,   1.1
197917,  -0.5,  -0.7, -14.4,  27.8, -64.8,1033.4,  -7.3,   1.1
197941,  -1.0,  -0.9, -14.3,  20.9, -94.6, 993.1,  -7.0,   0.9
197969,  -0.2,  -0.4, -13.5, -18.8, -43.6,1009.2,  -6.9,   0.9
197993,  -0.5,  -0.1, -14.0,  -7.4, -41.9,1002.1,  -6.4,   0.8
198017,  -1.2,  -2.8, -13.8,  16.1, -18.9, 972.1,  -6.0,   0.8
198041,  -1.9,  -0.4, -13.6, -41.1, -54.1, 987.7,  -5.7,   0.8
198069,  -1.1,   0.8, -12.4, -31.8, -56.0,1007.5,  -5.3,   0.8
198093,  -1.8,   1.8, -11.5,  -9.1, -83.6, 992.8,  -5.1,   0.9
198117,  -1.0,  -0.6, -11.3, -32.3, -79.2,1005.3,  -5.1,   0.9
198141,  -1.3,   0.2, -12.5,   1.4,-103.9,1019.2,  -5.1,   0.8
198169,  -1.0,  -0.6, -13.3,  34.1,-124.7,1018.5,  -5.2,   0.6
198193,  -1.8,   1.1, -14.6,  16.1,-156.9,1011.6,  -5.4,   0.4
198217,  -0.9,   0.7, -16.8,   9.0,-143.5,1005.8,  -5.7,   0.2
198241,  -1.6,   0.4, -19.4,  45.1,-145.6, 989.9,  -5.9,   0.0
198269,  -1.2,  -0.3, -21.0,  52.9,-170.6,1008.9,  -6.2,  -0.3
198293,  -1.4,   0.1, -23.3,  30.7,-151.3,1024.3,  -6.5,  -0.5
198317,  -1.8,  -1.7, -24.6,  66.4,-162.3,1009.2,  -6.7,  -0.6
198341,  -1.2,  -3.5, -25.9, -58.6,-191.5, 994.3,  -7.1,  -0.7
198369,  -1.7,   0.2, -25.2, -37.4, -75.3, 996.0,  -7.0,  -0.6
198393,  -1.5,   0.7, -24.2, -51.3,-179.6,1019.9,  -7.0,  -0.4
198417,  -0.4,   0.9, -25.4, -14.7,-150.3,1004.1,  -7.3,  -0.4
198441,  -0.8,  -2.6, -24.9, -19.1, -27.5,1002.6,  -6.8,  -0.3
198469,  -0.9,   0.4, -24.7, -46.7, -79.7, 998.2,  -6.8,  -0.2
198493,  -0.4,  -1.1, -25.1, -71.3, -81.4,1015.3,  -6.4,   0.2
198519,  -0.4,  -2.6, -25.4, -50.1, -47.5, 997.2,  -6.2,   0.5
198543,  -0.6,  -3.6, -24.3,  11.2, -63.4,1008.2,  -5.9,   0.6
198567,  -1.6,  -0.6, -23.4, -36.9, -17.5, 996.2,  -5.5,   0.6
198591,  -1.9,  -1.2, -20.7, -62.3, -47.3, 997.5,  -5.0,   0.8
198619,  -2.1,   0.5, -18.3, -24.0,   5.7, 997.7,  -4.6,   0.8
198643,  -1.8,  -1.9, -15.0,-102.3, -26.8,1007.0,  -4.1,   1.2
198667,  -1.4,   0.1, -12.7, -79.1,   5.0,1007.5,  -3.7,   1.5
198691,  -1.5,  -1.1, -10.3, -34.2,  14.8,1008.9,  -3.2,   1.7
198719,  -0.9,   0.5,  -7.4, -20.3, -43.1, 969.9,  -2.8,   1.8
198743,  -0.8,   1.5,  -4.1,-111.1,  75.3,1024.6,  -2.1,   2.1
198767,   0.0,   0.1,  -0.0, -20.3,  12.3,1033.8,  -1.7,   2.2
198791,  -0.2,   1.4,   3.1, -77.2,  41.1,1004.8,  -1.3,   2.7
198819,   0.3,   1.4,   6.9, -57.2,  44.0,1023.3,  -0.8,   3.0
198843,   0.4,   0.4,   9.0, -68.2,  14.8,1008.7,  -0.5,   3.1
198867,   0.6,   2.6,  12.5, -51.8,  10.6,1015.8,  -0.1,   3.2
198891,   0.0,   1.8,  14.9, -45.5,  13.3,1002.4,   0.1,   3.2
198919,   0.7,   4.2,  16.9, -49.4,  10.1, 989.9,   0.4,   3.3
198943,   0.9,   3.3,  18.3, -59.4,  20.9, 987.7,   0.6,   3.3
198971,   0.7,   2.4,  20.2, -42.0,   5.7, 989.7,   0.8,   3.4
198991,   0.2,   3.0,  21.6, -39.8,  -2.3,1022.4,   0.9,   3.3
199019,   0.9,  -0.0,  24.0, -48.4,  24.3, 980.6,   1.1,   3.3
199043,  -0.6,   5.9,  25.8, -36.9,  13.3,1007.2,   1.2,   3.4
199067,  -0.7,   4.8,  27.2,  -0.3, -20.4, 957.7,   1.2,   3.4
199095,  -0.5,   5.4,  28.8,  10.7, -22.4,1030.9,   1.0,   3.3
199119,   0.8,   1.3,  30.0,  -8.1, -42.9,1003.1,   0.8,   3.1
199143,   0.3,   6.1,  29.9, -45.9, -31.1,1006.7,   0.6,   3.2
199167,  -0.3,   2.2,  30.5,  30.2, -68.0,1042.1,   0.4,   3.1
199195,  -1.2,   2.7,  28.8, -33.5, -80.5, 966.7,   0.1,   3.1
199219,  -0.8,   2.9,  27.2, -44.0, -94.4,1026.8,  -0.4,   2.8
199243,   0.0,   3.4,  25.7,  32.2,-108.1, 993.8,  -0.9,   2.7
199267,   0.6,   3.7,  23.5,  41.2,-111.2,1007.0,  -1.4,   2.4
199295,   0.6,   5.6,  21.3, -15.4, -35.1,1030.4,  -1.7,   2.3
199319,   1.0,   1.8,  21.9,  22.7, -18.7, 989.9,  -1.8,   2.3
199343,   0.4,   1.6,  21.0, -96.5, -34.3, 926.7,  -1.5,   2.3
199367,  -0.4,   2.6,  23.2, -60.6,  17.7,1000.6,  -1.2,   2.4
199395,  -1.9,   6.0,  22.7, -47.7, -10.9,1000.2,  -1.0,   2.4
199419,  -0.7,   2.7,  25.8,  91.0,-153.0,1189.6,  -1.5,   2.6
199443,   4.9,   4.9,  21.9, -83.5,   1.3, 987.0,  -1.9,   2.2
199471,   3.7,  -1.8,  17.8,  73.4,   5.0, 966.2,  -1.7,   2.0
199495,   2.6,  -1.4,  16.6, -41.6, -39.4,1063.1,  -1.5,   2.0
199519,   1.3,   2.4,  14.9, -62.5, -47.0,1009.7,  -1.5,   1.6
199543,   0.5,   1.2,  15.0,  50.5, -33.1, 973.1,  -1.6,   1.4
199567,   1.0,   0.8,  13.9, 109.6, -19.2, 955.0,  -1.7,   1.1
199595,   0.7,   1.0,  11.9, -24.2, -20.6,1055.3,  -1.5,   1.2
199619,   1.8,   1.2,  10.2, -50.3, -70.0, 989.9,  -1.7,   1.1
199643,  -0.5,   2.4,   8.6,   7.8, -55.3,1028.7,  -1.7,   1.0
199667,  -2.5,   3.7,   7.8,  58.3,-150.0,1004.5,  -2.0,   0.6
199695,   0.6,  -2.3,   5.6,  62.9,-118.1,1040.2,  -2.5,   0.4
199719,  -0.9,   4.2,   1.7,  89.8, -79.7, 972.6,  -2.8,   0.1
199743,   2.4,   2.4,   2.6,  26.3, 113.9, 940.3,  -2.5,   0.2
199767,   1.8,  -1.9,   6.2,-243.5,  93.6, 927.4,  -1.6,   0.9
199795,   0.5,   1.8,   8.8, 239.7, -39.4,1026.0,  -1.8,   0.6
199819,  -1.8,   4.3,  12.8,  12.9,-189.8, 971.1,  -2.1,   0.6
199843,  -1.6,   3.3,  12.1, -78.7, 155.4,1045.3,  -1.7,   0.4
199867,   0.2,   1.9,  13.9, -74.3,-323.6,1289.5,  -2.0,   1.1
199895,   2.4,   3.8,  11.3, -99.2, 113.4, 959.6,  -2.3,   1.1
199919,   0.2,   3.0,  12.0, -27.6,  29.6,1009.4,  -2.4,   1.3
199943,  -2.6,   6.1,  11.4,-100.6, -41.6,1050.7,  -2.6,   1.6
199971,  -2.9,   3.5,  12.7,-142.6, -99.0,1073.4,  -2.7,   1.7
199995,  -0.5,   3.1,  13.1, -31.5,-104.1, 949.1,  -3.3,   1.6
200019,  -0.2,   0.4,  11.4, -35.2, -85.3, 889.3,  -3.4,   1.6
200043,  -0.9,   0.8,  14.7, -66.0,-108.1,1043.1,  -3.5,   2.0
200067,  -1.4,   2.2,  16.0,  24.1,-257.5,1071.7,  -4.1,   1.9
200095,  -1.2,   5.2,  17.2,-126.3,-165.4, 963.3,  -4.3,   2.2
200121,   0.7,   0.5,  19.5,-143.8,-152.2, 997.2,  -4.8,   2.4
200145,   1.5,   0.6,  21.6,-115.3, -75.6,1007.7,  -5.1,   2.7
200169,   1.6,  -0.9,  24.1,  86.9,-156.1,1115.4,  -5.3,   2.5
200193,   0.5,   6.8,  23.7,-106.5, -84.4,1080.7,  -5.5,   2.9
200221,   2.6,   3.4,  22.0,-118.7,-126.1,1027.5,  -5.7,   3.4
200245,   3.2,  -0.3,  19.4, -65.2,  11.3,1060.5,  -5.8,   3.5
200269,  -0.4,   0.7,  17.8, -24.0,-105.1,1018.7,  -5.6,   3.2
200293,  -0.5,   1.1,  16.3,  31.7,   3.8,1062.7,  -5.2,   2.9
200321,  -0.2,  -0.4,  19.1, 156.0,-242.3,1149.3,  -5.1,   2.9
200345,   3.1,   2.7,  16.1, 129.6,  -9.2, 926.4,  -5.3,   2.4
200369,   1.2,   2.2,  13.8,-141.6,  56.5, 997.7,  -4.4,   2.2
200393,   1.0,   2.6,  15.8,-145.6, -11.9, 937.2,  -3.7,   2.4
200421,  -3.0,   1.5,  17.2, -30.8,   5.5, 930.6,  -2.9,   2.5
200445,  -1.8,   3.0,  18.2,   8.5,  -7.5, 961.3,  -3.0,   2.6
200473,   0.4,  -1.5,  17.4,-121.6, -60.7, 986.2,  -3.0,   2.6
200493,   0.4,  -4.1,  15.2,  45.1,-140.8,1035.8,  -3.1,   2.3
200521,   3.1,   4.3,  14.2, 155.0, -97.8,1010.2,  -3.5,   1.2
200545,   2.1,   1.9,  12.8,-110.2, -10.2,1056.6,  -3.1,   1.4
200569,   2.4,   1.8,  11.0, -39.1,-106.8, 950.1,  -3.2,   1.3
200593,   1.8,   2.6,  12.2,-126.0, -55.3, 952.3,  -3.2,   1.6
200621,   0.7,  -1.2,  14.3,  15.8,-101.0,1052.9,  -3.5,   1.7
200645,   0.2,   2.0,  11.3,  24.1,-171.8,1025.1,  -3.7,   1.8
200669,   3.3,  -0.5,   8.6,-121.9,-118.5,1043.6,  -4.0,   1.9
200693,   1.5,   0.7,   6.2, -38.4,-139.5,1077.3,  -4.1,   1.7
200721,  -0.6,  -0.1,   2.9, -26.4, -94.9, 945.0,  -4.4,   1.3
200745,  -0.9,   2.4,   3.5, 114.7,  13.8, 986.0,  -4.4,   0.8
200769,  -0.5,   4.6,   2.6,  13.1,  18.7, 919.1,  -4.0,   0.5
200793,  -3.5,   6.8,   2.8,-165.6,-140.3,1168.9,  -3.5,   0.8
200821,   1.2,  -0.0,   5.8, -53.3,-180.3, 992.3,  -4.3,   1.6
200845,   1.9,   2.1,   1.7, 239.0,   5.7,1031.6,  -4.2,   0.9
200869,   1.3,   0.9,   0.8, -33.3, -12.8, 914.5,  -3.6,   1.1
200893,   0.1,   3.0,   1.5,-102.3,-115.6, 975.5,  -3.4,   1.4
200921,   0.6,  -0.1,   2.8,  10.2,-120.3,1029.0,  -3.2,   1.2
200945,   1.5,   1.6,   2.2,-246.4,  74.3,1004.5,  -2.9,   1.5
200973,  -1.0,  -1.0,  -0.2,  64.2, 108.0, 883.9,  -2.7,   1.3
200993,   0.1,  -3.3,  -1.5, 240.4, -45.6,1021.9,  -2.8,   1.2
201021,   2.3,   5.5,  -1.0, -23.0, -59.0, 952.3,  -3.3,   0.4
201045,   3.1,   3.1,  -1.2,-144.3, 187.1,1146.4,  -2.6,   0.9
201069,   2.0,   0.2,  -3.2,-107.5, -85.3, 915.9,  -2.0,   1.5
201093,   2.1,   1.1,  -3.8,-224.9, -82.4, 988.4,  -2.3,   1.5
201121,   0.8,   0.4,  -3.2, 111.3,  10.1, 890.3,  -2.0,   1.1
201145,  -0.5,  -0.3,  -3.2,-171.9, 249.4,1068.3,  -2.0,   1.2
201169,  -1.5,  -0.3,  -2.7, 231.6, -36.0, 974.8,  -1.7,   0.7
201197,   0.6,   2.3,  -2.2,-453.4,-490.9,1426.2,  -2.1,   1.4
201221,   7.0,  -3.8,  -2.8, 114.0, 121.4, 814.4,  -2.9,   1.0
201245,   2.0,   2.9,  -9.7, -53.8,  60.4, 903.5,  -2.5,   0.3
201269,  -0.9,  -0.3,  -7.9, -56.2, 103.4, 966.2,  -2.4,   0.6
201297,  -2.5,   0.8,  -4.0,-109.9,   2.3,1028.0,  -2.2,   0.6
201321,  -2.1,  -4.2,  -4.9, -84.8, -91.7, 884.9,  -2.3,   1.0
201345,  -3.5,  -3.8,  -6.0, 426.7,  26.0,1058.3,  -2.6,   0.7
201369,  -5.2,  14.0,  -4.0,  79.5,-139.5,1024.3,  -3.5,  -0.8
201397,  -0.3,   1.6,   0.9,-134.1,  95.6,1076.3,  -3.4,   0.8
201421,  -2.1,   2.8,  -3.0,  13.6,-255.5, 869.1,  -3.7,   1.3
201445,  -2.8,  -0.2,  -3.4,-132.1, -38.0, 968.4,  -4.1,   2.0
201473,  -2.5,  -0.3,  -2.9,   1.9,-222.6, 924.7,  -4.3,   1.9
201497,  -2.7,  -2.2,  -2.2,  35.6,-110.0,1063.6,  -4.9,   1.8
201521,  -2.0,  -3.5,  -2.7, 183.8,-212.5,1065.6,  -5.4,   1.5
201545,  -3.8,   1.3,  -5.6,-105.0,-120.7,1055.8,  -5.3,   1.8
201569,  -2.3,   0.9,  -4.4, -87.7,-156.1,1031.6,  -5.9,   1.8
201597,  -3.5,   0.5,  -4.3,  41.2, -85.1, 963.0,  -6.1,   1.6
201621,  -3.4,   2.5,  -5.8,  37.8, -86.6, 988.4,  -6.3,   1.5
201645,  -2.9,  -0.3,  -5.0, -85.7,-220.4,1072.4,  -6.6,   1.9
201669,   1.5,  -4.2,  -6.9,-126.3,  19.4, 891.3,  -6.7,   2.2
201697,   0.1,  -1.6,  -8.1,  92.0, -50.9, 902.0,  -6.1,   1.6
201719,   0.5,  -3.0,  -7.9, -17.6, -42.4,1059.7,  -5.9,   1.6
201747,  -1.8,   1.3,  -8.2,-112.6,-121.7, 970.6,  -5.8,   1.6
201771,  -2.1,  -1.8,  -8.5,  26.6,  -6.7,1019.2,  -5.6,   1.3
201795,  -2.4,  -3.8, -10.1, -35.7, -36.8, 950.4,  -5.2,   1.5
201819,  -2.4,  -1.8, -11.3, -61.3, -58.7, 987.9,  -5.2,   1.2
201847,  -1.8,  -1.6,  -9.7, 102.0,   0.6,1112.2,  -4.9,   0.6
201871,  -0.2,  -0.3,  -8.8,-100.4,   0.8,1025.1,  -4.1,   0.8
201895,   0.9,   1.9,  -7.9, -33.7, -25.8, 983.6,  -3.9,   0.9
201919,  -1.3,   1.9,  -8.8,-187.8,  47.2, 992.3,  -3.0,   1.3
201947,  -2.9,  -0.6,  -8.3,  35.1, -86.1, 946.2,  -3.2,   1.2
201975,  -1.8,  -1.2,  -8.6,  66.1, -36.8, 949.6,  -3.2,   1.0
201995,  -1.5,  -2.4,  -9.5,   1.9, -78.3,1044.3,  -3.2,   0.9
202019,   0.2,  -0.3, -11.4,-110.4,  28.4,1141.0,  -3.0,   1.1
202047,   0.7,   2.4, -10.4, -46.9,  23.8, 890.8,  -2.9,   0.7
202071,  -2.3,   1.0,  -8.7, -70.4,  50.2, 944.7,  -2.4,   0.5
202095,  -5.6,   5.4,  -5.7,  54.4,-159.3, 935.7,  -2.8,   0.4
202119,   0.1,   3.2,  -1.7,-151.2, -65.1, 810.2,  -3.6,   1.1
202147,   0.2,   1.1,  -3.6, 198.9,-270.6, 944.5,  -4.3,   0.9
202171,   2.6,  -0.9,  -5.9,   0.7, 169.3,1039.0,  -3.6,   1.4
202195,   2.6,  -0.4,  -6.0, -12.5,  -1.1,1047.0,  -3.3,   1.4
202223,   1.3,  -1.9,  -5.3, 104.7,   3.0, 908.6,  -3.7,   1.5
202247,  -2.1,   1.9,  -4.7,-105.0,  14.8,1018.5,  -4.0,   1.5
202271,  -2.4,  -0.9,  -3.9,-109.7,-107.8,1019.2,  -4.2,   1.6
202295,  -2.4,   2.9,  -5.4,-173.9,-121.0,1030.9,  -4.3,   1.4
202323,  -2.0,   1.1,  -4.6, -18.4,-202.0, 966.0,  -4.9,   1.5
202347,   0.1,   2.3,  -4.3,   6.5,-150.0, 935.5,  -5.5,   1.5
202371,  -0.1,   1.6,  -2.6, -74.3,-183.5, 981.4,  -5.8,   1.4
202395,   0.4,  -1.0,  -1.0,-158.7,-172.0,1089.5,  -6.1,   1.7
202423,   0.2,  -0.1,  -3.3, -52.3,-271.9,1146.2,  -6.7,   1.7
202447,   0.5,  -0.9,  -3.5,  41.9,-198.1,1020.9,  -7.0,   1.7
202475,   0.7,  -0.1,  -4.1,  -4.0, -35.8,1048.5,  -7.0,   1.7
202495,  -1.1,  -1.4,  -4.3,  63.9,-122.5, 946.9,  -6.7,   1.7
202523,  -0.7,   3.0,  -3.0,-125.8,-123.4,1119.1,  -7.1,   1.6
202547,  -0.4,  -0.5,  -2.1,-108.7,-228.9,1083.2,  -7.3,   2.0
202571,   2.8,  -0.0,  -2.2,  38.5,   0.3,1007.2,  -7.4,   1.8
202595,   1.7,  -2.6,  -4.3,   4.1,-133.2, 982.8,  -7.0,   1.8
202623,   0.6,  -1.2,  -5.0,  -1.8,  -1.6, 991.6,  -6.3,   1.8
202647,  -0.9,   0.9,  -5.0,-100.9,-171.5, 947.7,  -6.3,   1.6
202671,   0.3,  -1.9,  -5.3, 122.3,  17.4,1099.0,  -6.3,   1.1
202695,  -1.0,   1.6,  -7.1,-101.4, -90.0,1029.7,  -5.8,   1.2
202723,  -0.9,  -1.4,  -7.9,  36.6,  74.1, 988.7,  -4.9,   1.2
202747,  -1.3,   1.3,  -7.8, -78.7,  11.3, 995.3,  -4.6,   1.2
202771,  -2.0,  -0.2,  -6.9,  23.6, -42.6, 950.4,  -4.4,   1.2
202795,  -2.4,   0.4,  -6.6,  22.4, -72.2,1058.0,  -4.0,   1.1
202823,  -1.3,   1.4,  -5.4,  55.9, -33.8,1011.6,  -3.8,   1.0
202847,  -1.3,   2.2,  -6.2,  12.2, -39.0, 974.0,  -3.5,   1.0
202871,  -0.5,   1.2,  -6.6, -88.9, -92.7,1026.5,  -3.3,   1.2
202895,   0.6,  -1.5,  -5.5,   6.3, -28.7,1019.2,  -3.2,   1.2
202923,   1.5,   1.5,  -5.0,-113.3, -27.7, 943.8,  -3.2,   1.2
202947,   1.1,  -4.0,  -4.3,  89.8, -51.2,1070.7,  -3.0,   1.4
202975,  -0.1,   1.6,  -5.2, -84.0, -52.6, 952.1,  -3.0,   1.5
202995,   0.1,   0.4,  -2.9,-136.8,-133.4,1017.5,  -3.2,   1.5
203023,   0.3,  -1.5,  -3.6, 184.8, -98.5,1059.0,  -4.1,   1.4
203047,  -2.3,  -1.8,  -7.4,-177.3,   4.3, 961.8,  -3.5,   2.1
203071,  -2.0,   1.3,  -6.9,-196.3,-147.6, 967.4,  -3.8,   1.8
203095,  -1.8,  -4.6,  -4.9,-201.0,-225.0,1116.4,  -4.5,   2.0
203123,  -1.0,   5.5,  -6.3,  88.8, -96.6, 999.4,  -5.3,   0.5
203147,   1.4,   4.7,  -4.5,-138.0,  77.0,1037.0,  -5.0,   0.9
203171,  -0.4,   1.1,  -3.8,  11.7, -97.3,1010.4,  -4.5,   1.0
203199,   0.6,   1.8,  -4.1, -78.9, -15.0, 985.0,  -4.9,   1.2
203223,  -2.3,   0.9,  -3.3, -54.2,-187.4,1008.2,  -5.0,   1.3
203247,  -1.3,   0.7,  -2.5, -47.9,-249.7,1019.4,  -5.5,   1.3
203271,   0.2,   2.5,  -2.8,-155.8, -92.2,1041.9,  -5.7,   1.4
203299,  -0.4,   2.4,  -3.8, 100.5,-199.4,1055.8,  -5.6,   1.2
203321,   1.2,   0.6,  -3.0,-103.3, -37.5,1059.2,  -5.5,   1.4
203349,   0.2,   0.5,  -2.2,   7.3,-174.9,1034.3,  -5.7,   1.4
203373,   0.4,   0.7,  -2.6, -34.5,-117.3,1016.0,  -5.9,   1.4
203397,   0.8,   2.4,  -3.5, -36.9, -33.8,1040.2,  -5.9,   1.3
203421,   0.6,  -0.4,  -4.0, -52.8, -98.5,1009.7,  -5.9,   1.4
203449,   1.2,   1.1,  -4.3, -23.0, -92.7,1040.7,  -6.0,   1.3
203477,   0.7,   0.8,  -3.2,  21.4,-104.6,1040.4,  -6.0,   1.3
203497,   0.7,   0.3,  -2.8, -77.7, -47.7,1024.3,  -5.8,   1.5
203521,  -0.6,   1.9,  -2.5, -43.0,-112.7,1007.7,  -5.9,   1.5
203549,  -0.9,   1.4,  -2.4, -20.3, -86.1,1007.5,  -5.8,   1.6
203573,  -0.2,  -0.2,  -2.2,   2.1,-120.7, 998.9,  -5.8,   1.5
203597,  -0.5,  -0.1,  -2.3, -70.1, -73.4,1033.4,  -5.7,   1.6
203621,  -0.4,   1.2,  -2.8,  31.7, -82.9,1013.6,  -5.6,   1.5
203649,   0.1,  -0.3,  -5.7, -14.7, -55.8, 982.6,  -5.4,   1.5
203673,  -0.9,  -1.5,  -8.6,  17.3,   6.9, 994.8,  -4.9,   1.4
203697,  -1.1,   1.2,  -7.4,  65.1, -95.8, 931.1,  -4.6,   0.9
203721,  -0.5,   1.9,  -4.8, -85.5, -79.7,1019.7,  -4.5,   0.8
203749,   1.7,  -0.1,  -3.8, -49.4, -82.7,1013.6,  -4.3,   1.3
203773,   3.1,  -0.8,  -5.3,  -9.8,  25.7, 922.5,  -4.0,   1.4
203797,   1.5,  -1.7,  -6.3, -34.2,  -8.2, 980.4,  -3.3,   1.3
203821,   0.1,  -1.0,  -5.2, -37.4,  10.6, 993.1,  -2.8,   1.1
203849,  -2.7,   1.2,  -4.3,  11.7, -83.4,1030.9,  -2.6,   1.0
203873,  -1.2,   1.8,  -4.5,  16.6, -25.3,1052.2,  -2.5,   0.9
203897,  -1.1,   0.4,  -5.7,   9.2, -37.7,1029.5,  -2.1,   0.9
203921,  -1.0,   0.1,  -4.5,   9.5,  -1.6, 984.0,  -1.9,   1.0
203949,   0.1,  -0.3,  -4.6, -44.0, -37.7, 998.2,  -2.0,   1.0
203977,  -0.9,   1.0,  -4.5,-118.5,-127.1, 953.8,  -2.0,   1.1
203997,  -0.8,   1.0,  -4.6, -43.0, -20.4,1061.7,  -2.0,   1.1
204021,  -1.1,  -0.4,  -2.5, -60.1,-130.5, 940.1,  -2.4,   1.3
204049,  -0.9,   3.8,  -4.6, -58.9, -78.0, 974.8,  -3.7,   1.0
204073,   2.4,  -1.8,  -5.4, -28.1,   7.2, 998.0,  -3.2,   1.4
204097,   1.2,  -4.5,  -5.9, 113.2, -61.9, 904.9,  -2.9,   1.3
204121,   0.7,  -1.8,  -4.1,  92.7,-115.6, 947.4,  -3.5,   1.2
204149,  -2.9,   0.3,  -1.3,  92.2, -70.0,1027.3,  -3.5,   0.9
204173,  -1.7,   0.2,  -1.4,  -5.9, -95.1,1000.2,  -3.7,   1.0
204197,  -3.0,   1.3,  -2.8, -21.0, -95.8,1030.7,  -3.9,   1.1
204225,  -1.0,   0.5,  -3.1, -47.7,-190.8, 991.6,  -4.5,   1.2
204249,  -1.6,   1.1,  -3.9, -63.0,-175.7,1031.9,  -5.0,   1.1
204273,  -0.4,  -0.3,  -3.9,  11.4, -84.1,1055.8,  -5.3,   0.8
204297,   0.5,  -0.1,  -3.5,  -7.4, -40.9, 994.3,  -5.2,   1.0
204325,  -0.2,   0.4,  -3.3, -41.8, -42.1, 979.4,  -5.0,   1.1
204349,  -1.3,  -1.1,  -2.2,  27.1,-160.3,1063.1,  -5.3,   1.4
204373,  -2.0,  -2.0,  -0.9,  50.0,-228.9,1032.1,  -6.0,   1.3
204397,  -0.3,   1.8,  -0.8,  52.7,-129.0, 998.0,  -6.4,   1.1
204425,  -0.9,   1.4,  -0.8, -46.9,-167.4,1038.2,  -6.5,   1.1
204449,  -0.2,   0.5,  -0.2, -46.9,-111.2,1012.9,  -6.7,   1.2
204477,  -0.1,  -0.2,   0.6, -15.7,-143.7,1010.7,  -6.8,   1.2
204497,  -1.3,   0.1,   0.0,  -5.7,-136.9,1035.6,  -7.0,   1.3
204525,  -0.4,  -0.3,  -0.3, -22.3,-121.0,1032.1,  -7.2,   1.3
204549,   0.4,   0.5,  -0.7,   8.7, -99.5,1023.6,  -7.2,   1.2
204573,   0.6,  -2.2,  -0.8, -12.0, -55.3,1068.8,  -6.9,   1.2
204597,   0.8,   0.7,  -0.9, -77.2, -24.3,1022.1,  -6.5,   1.4
204625,   1.3,   0.2,  -1.1, -10.3, 147.8,1096.3,  -5.9,   1.5
204649,   0.3,  -1.0,  -0.6, -23.2,  38.2, 960.8,  -5.2,   1.5
204673,   0.0,  -0.1,  -1.3,  17.3, -18.2,1007.7,  -4.7,   1.3
204697,  -0.2,   0.3,  -1.6,   9.5, -60.9, 998.4,  -4.6,   1.1
204725,   0.1,  -0.3,  -0.8,  -1.5, -42.9,1011.4,  -4.4,   1.0
204749,   0.2,   0.2,  -1.0, -46.9,  36.0,1008.7,  -4.0,   1.1
204773,   0.1,   0.5,  -1.9, -38.6, -94.9,1000.9,  -3.8,   1.2
204797,   0.4,  -1.1,  -1.3,   1.2,-138.3, 957.4,  -3.8,   1.2
204825,  -0.8,  -0.5,  -1.1,  51.5,-101.0,1012.4,  -3.8,   1.0
204849,  -1.0,   2.7,  -2.1,-103.8, -45.6,1039.7,  -3.7,   0.9
204873,  -0.5,   1.5,  -1.5,  47.1, -84.6,1011.6,  -3.6,   0.9
204897,  -0.9,   2.6,  -0.8,  -4.2, -44.1,1004.8,  -3.5,   0.8
204923,  -1.8,   1.4,  -1.3, -32.5,-135.6,1002.6,  -3.6,   1.0
204947,  -1.6,   0.4,  -0.5, -23.2,  -7.0, 985.5,  -3.5,   1.1
204975,   0.7,   1.7,  -0.7,-113.1,  -1.1,1060.7,  -3.4,   1.3
204999,   0.1,  -1.3,  -0.0,  -4.0, -78.3, 982.8,  -3.3,   1.4
205023,  -0.1,   1.3,   0.2, -23.2, -46.5,1033.6,  -3.3,   1.3
205047,   0.0,   0.4,   1.6, -26.4,   0.1,1001.6,  -3.0,   1.4
205075,  -1.8,   0.6,   2.3, -12.3, -45.3,1029.0,  -2.7,   1.4
205099,  -1.5,   0.2,   3.3,   7.3, -55.3,1001.9,  -2.6,   1.4
205123,  -0.4,  -0.3,   2.5, -38.6, -58.5,1033.1,  -2.7,   1.4
205147,  -0.9,  -1.1,   3.2, -29.1, -68.0,1008.9,  -2.8,   1.5
205175,  -0.3,   1.3,   3.8,  24.1, -94.6,1015.3,  -3.0,   1.4
205199,  -0.8,   2.6,   5.9, -20.6,-132.0,1034.3,  -3.1,   1.3
205223,   2.1,   2.9,   5.8, -69.4,   2.5, 999.4,  -3.2,   1.5
205251,   1.8,   2.0,   5.8, -92.6, -76.6,1010.9,  -2.9,   1.9
205275,  -0.7,   2.2,   5.7,-102.8, -32.4, 942.8,  -2.6,   2.1
205299,  -1.3,   1.2,   6.6,  33.9, -25.3, 969.9,  -2.6,   1.9
205323,  -3.7,   0.8,   6.5, -15.2, -38.7, 990.6,  -2.6,   1.9
205351,  -1.2,   0.6,   8.3, -64.5,-260.6,1033.6,  -3.2,   2.0
205375,   0.9,   3.2,   6.7, -73.3, -29.9, 973.3,  -3.4,   1.9
205399,   1.3,   1.1,   6.2,  12.6,  24.8, 993.6,  -3.2,   1.9
205423,   1.7,   1.7,   6.8, -83.5,  32.6,1005.5,  -2.8,   2.2
205451,  -1.3,   0.7,   8.3,  27.1,-131.7,1007.7,  -2.9,   2.4
205479,  -0.2,   1.1,   7.5, -24.5, -86.6,1017.0,  -2.9,   2.4
205499,  -0.9,   2.6,   6.7, -25.0, -74.1, 966.0,  -2.9,   2.2
205523,   0.9,   0.7,   6.5, -77.4,  17.2, 985.0,  -2.7,   2.3
205551,   0.1,   0.9,   7.1, -17.4, -43.4, 977.0,  -2.6,   2.2
205575,   0.6,  -0.0,   7.5,  74.2, -49.2,1019.4,  -2.6,   2.0
205599,  -0.6,  -0.1,   6.1,  56.1, -18.5,1036.0,  -2.3,   1.9
205623,  -0.4,   0.8,   4.2,-108.9, -35.1,1028.7,  -2.3,   1.7
205651,  -0.2,  -0.5,   4.2, -63.8, -61.7,1033.8,  -2.3,   1.7
205675,  -1.2,   1.9,   2.2,  12.2,-159.8,1082.4,  -2.4,   1.3
205699,   0.6,   2.2,   1.6, -44.7,  57.7, 967.0,  -2.2,   1.3
205723,   0.3,   3.3,   1.5, -29.8, -25.8,1050.0,  -2.0,   1.6
205751,   0.5,   1.3,   1.1, -13.5,  -9.9,1038.5,  -2.0,   1.4
205775,   0.0,   0.7,   1.5, -14.7, -88.8,1117.1,  -2.1,   1.2
205799,   0.2,   0.2,   4.5, -25.7, -95.1, 948.6,  -2.5,   1.4
205823,   0.2,  -0.3,   6.7, 126.7, -78.3,1030.4,  -2.7,   1.5
205851,  -0.7,  -3.6,   2.2,-202.4, 121.4, 934.7,  -2.3,   2.2
205875,  -1.9,  -3.3,   2.7,  17.3,-353.2,1225.7,  -2.5,   2.1
205899,   2.4,  -1.8,   3.9, 104.7,-132.2, 836.1,  -3.3,   1.2
205923,   0.0,   4.3,   3.5,-108.9, -75.8, 968.9,  -3.2,   1.2
205951,  -1.0,   2.6,   4.5, -29.3, -43.1, 949.4,  -2.8,   1.4
205979,  -1.7,   1.9,   4.6, -36.4,-142.7, 962.6,  -3.0,   1.5
205999,  -2.7,   3.9,   4.7, -43.3,-160.8,1050.2,  -3.5,   1.5
206023,  -2.2,   1.0,   6.0,  19.7,-182.5,1027.0,  -4.2,   1.6
206051,  -0.5,   3.0,   5.9, -35.4, -44.8,1036.0,  -4.7,   1.5
206075,   0.2,   1.0,   5.4,  29.0,-126.1,1000.4,  -5.1,   1.4
206099,   0.7,   3.7,   4.8,-173.6,-171.0, 989.9,  -5.3,   1.7
206123,   1.5,   1.7,   5.8, -97.5,-170.3, 963.3,  -5.7,   1.7
206151,  -0.1,   0.1,   6.6, -78.7,-119.8,1018.5,  -5.9,   1.9
206175,   0.0,   0.7,   5.0,  62.9,-126.6, 955.2,  -6.2,   1.7
206199,  -0.6,   0.8,   4.4,  19.2,-129.5,1029.9,  -6.6,   1.6
206223,  -0.7,   0.4,   3.1, -12.5,-220.8, 994.1,  -6.9,   1.6
206251,   0.9,  -0.2,   3.0,   6.1,-133.2,1078.0,  -6.9,   1.6
206275,   3.2,  -0.1,   0.8,-110.2, -22.4, 987.5,  -6.8,   1.6
206299,   0.9,  -0.1,   0.0, -37.6, -51.7, 958.2,  -6.1,   1.6
206327,   3.4,  -1.4,   1.9,  19.5,  66.0,1106.1,  -5.6,   1.6
206351,   1.2,  -2.1,   0.9,  38.5, -35.1,1097.6,  -5.0,   1.5
206375,   0.3,  -0.6,   1.7, -22.5, -64.4,1063.4,  -4.8,   1.4
206399,   0.4,   0.1,   1.9, -27.4, -27.2, 979.4,  -4.6,   1.3
206427,   0.6,   1.6,   1.7,-109.4,  -9.2,1004.8,  -4.4,   1.4
206451,   0.1,   1.4,  -0.1,-138.2,  42.1, 998.2,  -4.0,   1.5
206479,  -1.2,  -0.9,   0.0, -26.9,-162.0, 938.4,  -4.1,   1.4
206499,  -2.7,   2.4,   1.1,  46.8, -50.4, 974.8,  -4.1,   1.2
206525,  -3.0,   1.9,   2.8,  44.1, -58.5,1107.8,  -4.1,   1.4
206549,  -0.9,   3.1,   1.3,-105.3,-154.2,1039.9,  -4.9,   1.3
206577,   2.1,   3.5,  -0.9,  12.6,   9.1,1051.4,  -4.5,   0.9
206601,   1.8,   2.2,  -1.5, -57.9,  50.2, 940.3,  -3.6,   1.2
206625,   1.5,   1.0,  -0.2,-118.5,  -9.4, 988.9,  -3.4,   1.6
206649,  -0.7,  -1.2,  -0.3, -52.1, -97.1, 995.3,  -3.5,   1.7
206677,  -0.7,  -0.6,  -0.5,   1.9, -33.8,1005.0,  -3.3,   1.5
206701,  -0.9,   0.8,  -0.0, -38.4, -33.6,1009.4,  -3.2,   1.4
206725,  -0.4,  -0.1,  -1.7, -38.4, -52.4,1007.7,  -3.1,   1.4
206749,   1.0,   1.1,  -2.7,-199.8, -48.2,1035.3,  -3.0,   1.5
206777,  -0.2,  -0.6,  -3.3,  59.3,-150.5,1000.2,  -2.9,   1.3
206801,  -0.9,   1.8,  -4.0, -24.7, -38.5,1035.6,  -3.2,   1.0
206825,  -1.7,   0.9,  -4.9, -85.5, -58.0, 966.7,  -3.0,   1.1
206849,  -0.7,  -0.1,  -4.3, -22.0, -70.2,1039.0,  -3.1,   1.0
206877,  -0.2,   2.0,  -4.7,  16.6,  20.6,1064.6,  -2.8,   0.9
206901,   0.3,  -1.7,  -4.1, -15.7, -39.9, 959.9,  -2.5,   1.3
206925,  -0.5,   0.7,   1.2, -67.2,  20.4,1000.6,  -2.6,   1.4
206949,  -0.5,   2.1,   2.5,  -5.4, -60.9, 999.7,  -2.7,   1.4
206977,  -0.3,  -0.1,   0.6, -24.7,-173.5, 988.4,  -2.8,   1.3
207001,  -2.3,   2.7,  -1.8, -45.5,-104.6,1055.8,  -3.6,   1.1
207025,  -2.8,  -0.0,  -2.4,  33.2, -63.1, 925.0,  -3.6,   1.0
207049,  -2.0,   0.2,  -1.4,-196.6,-104.4,1031.6,  -4.0,   1.4
207077,  -0.9,  -0.4,  -2.2, -36.9,-288.2,1061.7,  -5.2,   1.6
207101,  -1.3,   0.7,  -3.0, 109.6,-110.2,1037.8,  -5.2,   0.9
207125,   1.6,   1.9,  -0.8,   1.4,  98.0,1008.7,  -5.0,   0.9
207149,   0.1,   0.6,  -1.4,  -7.4,  -9.7,1145.7,  -4.3,   1.4
207177,   0.0,  -1.0,  -0.2,  43.2,  28.9,1044.3,  -3.8,   1.6
207201,  -0.3,  -4.3,  -0.6,  57.1,   0.3, 922.5,  -3.6,   1.7
207225,   0.4,  -0.5,  -1.3,  -2.2, -99.5, 978.2,  -3.4,   1.3
207253,  -0.1,  -0.2,  -3.1,-102.1, -75.3,1004.8,  -3.2,   1.2
207277,  -0.2,   2.1,  -3.5,-133.6,-107.3,1126.9,  -3.2,   1.0
207301,  -0.4,   2.6,  -3.3,-171.9, -52.9,1017.2,  -3.1,   0.9
207325,  -0.5,   0.6,  -2.6, -81.6,  42.3,1032.4,  -2.9,   1.0
207353,  -0.4,   1.3,  -1.7,  21.4, -76.6, 985.8,  -2.9,   0.9
207377,   0.5,   1.5,  -1.4,   6.1,-124.2, 959.1,  -3.1,   0.9
207401,   0.9,   2.4,  -0.9, -58.2, -85.3,1011.6,  -3.0,   0.7
207425,  -0.8,   0.3,  -1.4, -39.8, -81.9,1018.7,  -2.8,   1.1
207453,   0.2,   2.4,  -1.7, -12.7, -36.3,1015.3,  -2.9,   1.0
207481,  -0.4,   2.4,  -1.0, -73.8, -35.3, 953.8,  -2.9,   1.1
207501,  -2.1,   3.9,   0.2,-139.5,-122.5,1008.5,  -3.0,   1.2
207525,  -4.4,   2.9,   1.1,  -4.0, -12.6,1043.4,  -3.1,   1.4
207553,  -5.3,  -1.0,  -2.4, -65.5,  60.6, 944.2,  -2.6,   1.9
207577,  -1.1,  -2.0,   1.9, 325.4,-251.4,1210.1,  -3.6,   1.7
207601,   1.0,   7.0,  -0.3,-240.0, -20.2, 991.9,  -4.4,   1.4
207625,  -0.5,   0.8,  -0.0, -81.6,-159.1,1046.1,  -4.3,   1.6
207653,  -0.3,   1.5,  -0.2, -52.8, -62.2, 938.4,  -4.3,   1.8
207677,  -1.9,   0.5,   0.9, -20.8,-173.0, 955.0,  -4.8,   2.0
207701,  -1.7,   1.1,  -0.3, -49.9,-182.8, 952.8,  -5.2,   2.0
207725,  -2.1,   0.2,  -1.5,  22.7,-177.1, 978.7,  -5.6,   1.8
207753,  -0.9,   1.0,  -2.4, -54.7,-182.0,1036.8,  -5.8,   1.6
207777,  -0.5,   0.3,  -1.1, -26.2,-168.1, 963.5,  -5.8,   1.6
207801,   0.2,  -1.6,  -0.5,  -6.6, -66.3,1008.5,  -6.0,   1.6
207825,  -0.1,   2.7,  -1.4, -63.8, -33.3,1027.0,  -5.9,   1.9
207853,   1.0,   0.3,  -0.3,   2.6, -45.6,1007.5,  -5.6,   1.8
207877,   2.3,   0.2,   1.1, -78.7, -42.4,1062.4,  -5.2,   1.9
207901,   1.8,  -0.2,   0.4, -72.6,  -9.4, 962.8,  -4.9,   1.9
207925,   1.5,  -2.5,  -2.4, -51.1, -12.3, 920.8,  -4.2,   1.9
207953,   0.9,  -1.5,  -3.6, -94.0, -80.2, 963.3,  -3.9,   1.8
207981,   0.1,  -2.5,  -3.6,  -8.1, -11.6, 938.1,  -3.8,   1.7
208001,  -0.4,   0.6,  -4.3, -47.9, -70.2, 966.7,  -3.5,   1.4
208025,  -1.2,  -0.6,  -5.2, -61.8, 122.2,1022.9,  -2.7,   1.7
208053,  -2.1,  -4.0,  -4.0,-188.0,-161.3,1345.9,  -2.6,   2.2
208077,   3.7,  -3.4,  -1.7, 281.0, -60.4, 930.1,  -3.6,   1.5
208101,   3.2,   6.2,  -6.3,-222.7,  48.2, 922.5,  -3.2,   1.0
208127,   3.7,  -2.6,  -4.4, -70.1,  52.3, 947.9,  -2.4,   1.6
208151,  -1.2,  -0.9,  -3.8, 123.0, -89.5,1054.6,  -2.2,   1.1
208175,  -2.1,   0.9,  -3.3,  -3.7,-110.2, 902.5,  -2.6,   1.1
208203,  -2.4,   1.9,  -3.8, 121.8, -83.1, 972.1,  -2.9,   0.7
208227,  -0.9,   1.3,  -4.5, -23.5,-116.1,1003.3,  -3.3,   0.8
208251,  -1.8,   1.8,  -6.4,  31.4, -95.6,1093.4,  -3.2,   0.5
208279,   0.2,   4.3,  -6.3,-205.9,  20.6, 983.8,  -3.0,   0.9
208303,  -0.4,   0.1,  -4.0, -36.9, -53.9,1065.6,  -3.1,   0.9
208327,  -0.8,  -0.0,  -2.1,  37.3, -23.3, 975.7,  -2.9,   1.1
208351,   0.5,  -1.0,  -1.3, 117.9, -59.2,1049.7,  -3.0,   1.1
208379,  -0.3,  -0.9,  -1.5, -21.3,   1.1, 952.5,  -2.6,   1.4
208403,   0.3,   1.0,   0.3, -32.3, -13.6, 972.3,  -2.7,   1.2
208427,   1.2,  -0.3,  -0.4, -77.2,-110.2,1059.0,  -3.1,   1.5
208451,  -0.4,  -0.3,  -1.7,  -5.9, -83.9, 928.6,  -3.1,   1.6
208479,  -3.2,  -3.4,  -2.7, 131.3,  52.8, 958.2,  -3.0,   1.4
208503,  -4.3,   4.9,  -2.4,-232.7,-184.0, 998.9,  -3.5,   1.3
208527,  -1.8,   1.6,   0.1,-297.9,-315.1,1180.8,  -4.7,   1.7
208551,   1.1,   1.6,  -1.1, 227.5, -58.2, 922.8,  -5.3,   0.9
208579,  -1.5,  -0.8,  -2.8,  49.8,-152.5,1124.4,  -5.1,   0.9
208603,  -1.0,  -0.8,  -1.1, -38.6,-134.2, 966.7,  -5.6,   1.1
208627,  -2.1,  -1.2,  -0.6, 112.7,-135.2,1017.5,  -6.2,   1.1
208651,  -1.0,   1.8,  -0.2,-102.6,-233.3, 996.5,  -6.9,   1.1
208679,  -0.2,   2.1,   1.9, -50.1,-153.2,1007.0,  -7.2,   1.1
208703,  -0.3,  -0.4,   0.8,  -5.7,-198.4, 987.0,  -7.4,   1.1
208727,   0.2,   0.9,  -0.0, -38.6,-146.1,1025.5,  -7.6,   1.2
208751,   0.2,   0.5,   0.6, -53.0, -53.4,1006.3,  -7.4,   1.3
208779,   1.5,  -0.0,   0.6,  -4.7, -22.6,1059.0,  -7.3,   1.4
208803,   2.0,   0.9,   2.2, -27.4,  38.4,1082.2,  -6.4,   1.6
208827,   2.2,  -0.7,   0.4, -36.7,  14.5,1059.2,  -5.3,   1.9
208851,   1.8,  -3.3,  -2.4, -41.3,  58.0,1003.8,  -4.6,   2.1
208879,   1.2,  -0.4,  -2.2,  35.1,-112.9,1082.4,  -4.4,   1.5
208903,  -0.1,   0.5,  -0.3, -37.4,  39.9,1030.4,  -4.1,   1.3
208927,  -0.5,   2.0,  -1.1,-144.1, -52.9,1047.0,  -4.1,   1.3
208951,  -0.7,  -0.0,  -2.1, -68.2, -50.4,1030.4,  -3.6,   1.4
208979,   1.6,  -0.2,  -1.8, -10.5, -22.1,1022.4,  -3.5,   1.3
209003,  -0.3,  -2.2,  -2.4,-100.1,  25.2, 910.3,  -2.8,   1.3
209027,  -2.7,   2.2,  -2.2,  81.3, -87.5,1004.3,  -2.8,   0.8
209051,  -2.4,   1.3,   0.1,  36.1,  41.4, 929.4,  -2.8,   0.6
209079,  -6.0,   4.0,  -0.7,-106.7,-180.1,1189.9,  -2.2,   0.7
209103,  -0.6,  -0.1,   1.6,-102.1,-335.6, 979.9,  -3.4,   1.5
209127,   1.9,  -1.0,  -0.6,  38.5, -85.8,1039.2,  -3.7,   1.1
209151,   1.4,   2.4,  -3.4, -90.1, -57.3,1005.0,  -3.7,   0.9
209179,   0.9,  -0.7,  -3.0,-137.5,  -5.8,1003.8,  -3.8,   1.3
209203,  -1.6,   0.4,   0.2,  32.9,-272.6,1021.4,  -3.8,   1.1
209227,  -0.2,   2.6,  -0.2, -54.5, -11.9, 991.6,  -3.6,   1.4
209251,   0.2,  -1.0,  -0.4,  52.0, -49.7, 954.7,  -3.7,   1.3
209279,   0.1,   1.0,   1.1,  -1.3, -98.8,1055.1,  -3.8,   1.0
209303,  -1.7,   1.9,   0.9,  28.8,-116.1,1041.2,  -3.6,   1.1
209327,  -1.5,   3.8,   3.0, -37.6, -95.1, 987.7,  -3.8,   1.1
209355,  -0.2,   2.4,   2.2, -51.6,-176.7,1050.4,  -4.1,   1.4
209379,   1.0,   1.0,   0.8,-154.6,-125.4, 976.0,  -4.4,   1.7
209403,   1.0,  -0.1,   1.2,  69.3, -64.4, 995.3,  -4.4,   1.6
209427,   1.0,   1.8,   1.1, -26.9, -40.7, 948.4,  -4.3,   1.5
209455,   2.4,   0.8,   2.5, -20.6,  35.3, 945.7,  -4.1,   1.7
209483,   0.9,   1.3,   3.4, -81.3, -60.7, 964.3,  -4.0,   1.8
209503,   0.5,   0.8,   3.9, -35.4, -34.8,1019.9,  -3.9,   1.7
209527,  -0.9,   2.3,   2.8, -84.3,-113.7,1015.3,  -3.9,   1.9
209555,  -0.3,  -0.7,   3.5,  31.9, -70.2, 872.2,  -3.7,   1.8
209579,  -1.0,   5.5,   5.1,  -6.6, -53.9, 969.9,  -3.4,   1.3
209603,   0.6,   1.7,   3.9,-151.9,-137.3,1060.2,  -3.4,   1.9
209627,   4.8,  -1.4,   1.1, -63.0,  41.4, 950.1,  -3.4,   2.0
209655,   0.3,  -1.3,  -1.4,  76.4, -16.7, 964.5,  -2.3,   1.5
209679,  -0.8,   0.7,  -1.3,-129.0,   6.7, 981.8,  -2.1,   1.5
209703,  -1.4,   0.5,  -0.2,-146.3, -75.1,1098.1,  -2.0,   1.4
209729,   0.1,   0.4,   0.6,  55.9, -38.7,1108.8,  -2.0,   1.2
209753,  -1.2,   0.7,  -0.7, -10.1,  17.7, 974.3,  -1.5,   1.4
209777,   0.5,  -0.8,   0.3,  90.0,  14.5, 988.2,  -1.4,   1.3
209805,   0.5,   0.8,   1.5,-106.2, -49.5, 918.1,  -1.4,   1.6
209829,   0.6,  -0.1,   1.3, 114.0, -33.8, 901.8,  -1.5,   1.3
209853,  -0.1,   0.5,   1.2, -29.6,  -8.2,1006.7,  -1.5,   1.3
209877,   1.2,   1.0,  -0.3, -76.0, -21.4,1098.8,  -1.6,   1.3
209905,  -0.2,  -1.4,  -1.3,  89.1, -36.8,1058.5,  -1.5,   1.2
209929,   0.6,   0.2,  -1.3, -71.1, -18.2,1045.6,  -1.7,   1.2
209953,  -0.2,  -0.7,  -0.3,  85.2,   9.6,1034.8,  -1.8,   1.3
209981,  -4.5,  -0.1,  -0.8, -87.0,   5.2, 932.0,  -1.9,   1.3
210005,  -7.6,  -2.6,  -0.2,  65.1,-149.3, 928.6,  -1.8,   1.3
210029,  -7.4,   6.2,   3.8, 204.1,-184.5, 778.5,  -2.6,  -0.3
210053,  -6.0,   5.8,   6.8,-403.4,-429.8,1535.6,  -2.8,   0.8
210077,   2.9,   3.5,   4.5, -69.4,-111.5, 993.3,  -3.3,   0.9
210105,  -0.7,   0.1,   2.3,  31.7,  26.2, 857.3,  -2.7,   1.0
210129,  -2.9,   4.4,   5.0,-289.1, -56.0, 896.9,  -2.8,   1.5
210153,  -4.1,  -0.1,   7.9,  -9.6,-181.3,1015.0,  -3.0,   1.7
210177,  -3.5,  -0.5,   7.9,  41.7,-140.8, 972.3,  -3.7,   1.7
210205,  -2.3,   2.4,   6.2,  11.2,-123.9, 944.7,  -4.2,   1.9
210229,  -0.9,   0.4,   7.5,   4.8, -88.8,1043.4,  -4.4,   2.0
210253,  -0.9,   2.7,   9.1, -63.3,-209.4,1130.8,  -4.6,   2.3
210277,  -1.2,   2.4,  10.4, -46.4,-133.9, 942.0,  -5.1,   2.4
210305,  -0.7,   2.7,  12.2,-146.8, -21.6,1086.3,  -5.1,   2.7
210329,  -2.1,   1.5,  13.4,-162.9,-200.3, 964.8,  -5.4,   2.8
210353,   0.7,   0.7,  13.4,   2.9,-181.8,1019.9,  -5.7,   2.7
210381,   1.8,   1.2,  12.4, -12.3, -43.4, 961.8,  -5.8,   2.7
210405,   2.0,   1.0,  12.7, -25.4,  31.6,1095.6,  -5.5,   2.8
210429,   0.4,   1.9,  13.4,-283.7, -55.6, 956.7,  -5.1,   3.4
210453,   0.7,  -0.9,   9.9,  80.3,  29.4, 878.6,  -4.6,   2.9
210481,  -2.0,   4.0,   6.4, -94.8,-114.6,1428.9,  -4.6,   3.0
210505,   1.4,  -5.2,   8.7,  -9.1,-338.3, 975.3,  -5.6,   3.1
210529,  -1.0,  -2.5,   5.8, 275.3,  46.0,1021.9,  -4.9,   1.9
210553,  -1.2,   3.1,   8.4, 138.9,   7.9, 976.0,  -4.6,   1.8
210581,   0.0,   2.9,   7.0,-211.2,  91.9,1017.7,  -4.2,   2.2
210605,  -0.1,   1.0,   5.9,  30.0,-106.8,1063.9,  -4.0,   2.6
210629,  -0.9,  -0.7,   4.8, -40.1, -49.9,1001.9,  -3.9,   2.5
210653,  -0.7,   1.8,   5.1, -82.6, -74.4,1011.9,  -4.2,   1.9
210681,  -2.6,  -0.7,   6.2,  93.9,-111.5,1036.3,  -4.1,   1.6
210705,  -0.9,   2.4,   5.0, -32.8, -97.1,1038.2,  -4.1,   1.3
210729,  -1.1,   0.1,   5.1,  38.3, -54.3,1008.5,  -3.9,   1.4
210753,   1.3,   1.3,   6.1,  15.8,  46.0, 966.0,  -3.6,   1.6
210781,  -1.2,  -0.8,   5.8,  21.7, -21.1, 986.2,  -3.3,   1.9
210805,   0.1,   3.8,   5.5,-179.2, -45.6, 988.7,  -3.4,   2.0
210829,  -0.1,   1.4,   5.5, -65.2,-140.8, 975.5,  -3.3,   1.9
210853,  -0.3,  -1.1,   4.3,  71.5,  70.4, 967.4,  -2.9,   1.9
210881,   0.6,   8.6,   4.5,-518.6,-105.1,1345.9,  -2.9,   1.9
210905,   4.8,  -2.6,   5.0,  21.9, 136.3, 801.9,  -3.2,   1.8
210929,   1.3,   8.4,   2.3,-117.0,  59.7, 828.3,  -2.6,   1.0
210953,  -1.7,   2.2,   6.0,  57.3, -58.2,1071.4,  -2.2,   1.7
210981,  -0.7,   6.4,   7.6,  -2.0,-127.1,1010.2,  -2.2,   1.8
211005,  -1.4,   3.3,   6.7, -40.8, -19.4, 996.0,  -1.9,   2.5
211029,  -2.7,   2.4,   6.3, -35.9,-244.8,1030.2,  -2.6,   2.6
211053,  -2.3,   2.1,   2.6,  33.4,-220.8,1052.9,  -3.3,   2.4
211081,  -2.0,  -1.2,   4.4, -56.4, -53.6,1009.2,  -3.6,   2.6
211105,  -0.1,   2.0,   3.9, -43.5, -37.3,1044.8,  -3.6,   2.4
211129,  -0.4,   0.5,   5.2,-111.9,-107.1,1098.5,  -3.7,   2.9
211153,  -1.1,  -0.9,   5.3, 172.6, -59.0,1021.9,  -3.6,   2.8
211181,  -1.2,   0.2,   4.7, -24.0,  60.4, 995.0,  -3.8,   2.7
211205,   1.0,   3.0,   5.8,  34.9,  24.8,1086.6,  -3.6,   2.7
211229,   0.4,   1.8,   3.9,-238.1,  39.2, 989.9,  -3.2,   3.0
211253,  -1.7,   1.0,   1.2, 108.4, 147.6, 948.4,  -2.5,   2.6
211281,   1.4,  -0.3,   1.4, -88.2,-108.1, 817.3,  -3.2,   2.5
211305,   1.8,  -0.5,  -1.0,  39.3, -80.7, 955.5,  -3.2,   2.1
211331,  -0.5,   0.4,  -4.2,-164.6,  57.2,1000.4,  -2.5,   2.4
211355,  -0.5,  -2.2,  -4.1,-138.7,-185.2, 794.8,  -2.7,   3.2
211379,  -2.7,  -0.8,  -3.4, 284.1,-218.6, 961.8,  -3.0,   1.8
211407,  -1.6,  -0.1,  -3.7,-202.2,  66.5, 975.5,  -2.6,   2.2
211431,   0.1,   3.1,  -3.9,-250.8,-103.7,1017.0,  -2.9,   2.2
211455,  -0.7,   0.6,  -3.8, -51.1, 101.4,1045.3,  -2.3,   2.0
211483,  -3.4,   2.3,  -3.0, -59.9,-149.3,1132.5,  -2.4,   2.0
211507,  -3.7,   2.3,   3.4, -75.7,-194.2,1065.3,  -3.1,   1.9
211531,  -2.1,   3.1,   5.3, 158.4,-126.9,1044.1,  -3.5,   1.7
211555,  -3.4,  -1.9,  -0.5,   5.6,-258.9, 950.6,  -4.3,   2.1
211579,  -3.4,   4.4,  -3.0,  37.3, -64.6, 948.4,  -5.1,   1.5
211607,   0.6,  -1.7,   2.2,-200.2,-703.0,1179.4,  -6.7,   2.1
211631,   2.9,   1.3,   0.4,  74.4,  88.2, 903.5,  -7.2,   1.4
211655,  -0.8,   1.0,  -1.0,-101.9,-217.2, 976.0,  -7.3,   1.8
211679,  -1.8,   1.5,  -2.0,-210.0, -97.6,1026.8,  -7.6,   1.9
211707,  -2.4,   3.8,  -1.2,  49.3,-264.8,1058.5,  -8.1,   1.6
211731,  -0.5,   2.6,  -0.7, -50.6,-281.6,1039.0,  -8.7,   1.7
211755,   2.7,   3.7,   0.1,-109.4, -31.6,1069.7,  -9.0,   1.5
211779,   1.2,  -1.1,  -0.4, -48.1,-124.9, 933.5,  -8.7,   1.9
211807,   0.2,  -2.6,  -1.0, -67.7,-123.9,1022.6,  -8.9,   2.1
211831,  -0.2,   0.4,  -0.6, -43.3,-144.4, 965.5,  -9.0,   2.1
211855,   0.2,   1.2,  -0.2, -74.8, -37.7, 955.5,  -8.8,   2.2
211879,   0.0,   1.3,   1.3,  -2.2, -78.5, 996.2,  -8.3,   2.1
211907,   2.6,   3.3,   2.2,-104.8,  41.1, 973.8,  -7.5,   2.1
211931,   3.9,   0.8,   0.0, -57.4,   8.2, 962.3,  -6.5,   2.4
211955,   2.9,  -2.2,  -3.1, -20.3,  70.9,1038.7,  -5.4,   2.7
211983,   0.9,  -2.3,  -4.3, 106.9,-211.8,1046.1,  -5.5,   2.5
212007,   1.2,  -0.7,  -3.7,  16.3,-177.9, 988.4,  -5.8,   1.9
212031,   0.7,  -0.9,  -2.6, -31.8, -76.3,1033.1,  -5.8,   1.8
212055,   1.4,  -1.0,  -3.6,  22.9,  10.8,1002.6,  -5.1,   2.0
212079,   2.4,  -1.4,  -6.0,-111.6, 256.2, 980.4,  -3.9,   2.2
212107,   0.3,   0.1,  -5.4,  80.0,  -2.3, 950.8,  -3.3,   1.7
212131,   1.0,  -2.6,  -2.1,-102.6,-296.5,1045.3,  -3.8,   1.9
212155,   2.1,   1.0,  -2.7,  -1.8, -12.3,1100.7,  -3.9,   1.2
212179,   1.2,  -1.1,  -2.5, -36.7,  12.3, 957.7,  -3.5,   1.3
212207,   1.1,   0.6,  -5.1, -77.7, 160.7, 892.5,  -2.9,   1.4
212231,  -2.1,  -2.1,  -4.9,-247.9,-155.7, 972.6,  -2.9,   1.8
212255,  -2.7,  -3.1,  -4.7, 195.8,-182.5,1041.4,  -3.3,   1.2
212279,  -1.6,   2.7,  -6.3, -27.9,  27.0, 962.6,  -3.4,   1.0
212307,   0.9,  -2.1,  -6.7, -52.1, -83.4,1042.1,  -3.5,   1.2
212331,  -0.5,   0.2,  -8.0,-155.1,-112.2, 975.7,  -3.5,   1.3
212355,   0.4,  -0.4,  -7.8, -64.3,   0.1,1153.5,  -3.2,   1.5
212383,  -0.2,  -0.3,  -4.3,-150.9,-132.2,1031.9,  -2.8,   1.4
212407,   0.4,  -0.6,  -3.8, -26.7, -21.6,1151.5,  -2.7,   1.3
212431,  -0.9,   1.6,  -4.8,-118.5, -41.2, 992.3,  -2.7,   1.4
212455,  -1.0,   0.3,  -4.4,   2.9, -40.7, 985.0,  -2.9,   1.2
212483,  -2.0,   2.9,  -4.0,  75.4, -80.0, 967.2,  -2.9,   1.1
212507,  -1.9,   3.7,  -3.3,-179.7,   7.9,1013.3,  -3.0,   1.5
212531,  -3.4,  -0.5,  -3.3, -32.8,-167.4, 995.8,  -3.3,   1.5
212555,  -2.2,   0.4,  -2.1, -85.5, -36.5, 933.3,  -3.4,   1.5
212583,  -3.5,   1.1,  -0.7,  74.4,-148.1,1156.9,  -3.4,   1.4
212607,  -3.2,   1.6,  -0.6,-214.4,-339.5,1204.3,  -3.9,   2.0
212631,   1.9,   0.1,  -0.5, -36.7,-102.9, 971.1,  -4.6,   1.9
212655,   0.1,  -0.3,   0.1,  86.6, -58.5, 927.4,  -4.4,   1.5
212683,   0.4,   6.5,   0.8,-137.3,-133.4, 938.4,  -4.6,   1.2
212707,  -0.5,  -1.0,   1.9, -53.3,  -3.8,1045.1,  -4.3,   1.8
212731,  -0.5,   3.1,   2.7, -37.6,-119.8, 972.1,  -5.1,   1.8
212755,   0.1,  -1.1,   3.0, -34.0,-157.6,1051.9,  -5.4,   2.0
212783,  -0.5,   1.0,   3.6, -49.6, -93.9,1032.1,  -5.5,   2.0
212807,  -0.2,   0.3,   3.2,  11.2,-201.3,1040.7,  -5.9,   2.1
212831,  -0.2,   0.2,   2.3,-110.9,-163.7,1038.7,  -6.2,   2.2
212855,   0.2,   0.5,   1.9,  28.8, -60.7, 968.4,  -6.3,   2.1
212883,   1.4,   3.0,   0.6, -43.0, -40.7, 940.1,  -5.9,   2.0
212907,   1.8,  -0.9,   0.9,  38.3,  15.5,1021.4,  -5.5,   2.0
212933,   1.8,   0.5,   0.8,-103.8,  26.0,1130.3,  -4.9,   2.1
212957,  -0.2,  -1.0,  -1.6, -18.8, -78.5,1060.7,  -4.1,   1.9
212985,  -0.3,   3.7,   0.4,   3.9, -21.1,1050.0,  -4.0,   2.0
213005,   0.1,   3.0,   0.7,-102.8, -82.9,1037.3,  -3.8,   2.2
213033,   1.7,  -2.2,  -0.3,  61.2,   0.3,1020.9,  -3.6,   2.3
213057,  -0.1,   0.1,  -2.8, -64.5,  71.4, 998.7,  -2.5,   2.4
213081,  -1.9,  -1.5,  -2.4,  17.8, -75.8,1073.9,  -2.2,   2.2
213105,   1.2,  -1.1,  -0.7, -37.2,-429.3,1237.2,  -3.0,   2.2
213133,   2.4,  -0.9,  -3.4,  62.0,   5.5,1067.5,  -3.1,   1.8
213157,   0.9,   0.2,  -6.2, -68.2,  99.0, 973.3,  -2.5,   1.7
213181,   0.5,  -1.1,  -5.2, 214.3, -94.4,1056.1,  -2.5,   0.7
213205,   0.9,   0.8,  -5.5,-151.4,  -8.2,1110.5,  -2.6,   1.0
213233,  -0.2,  -0.2,  -4.7,  45.9,-100.0,1029.0,  -3.0,   0.9
213257,  -0.7,   0.7,  -5.2,  33.9, -73.6,1023.1,  -3.2,   0.9
213281,  -2.3,   0.5,  -4.7, -49.4,-104.9, 988.7,  -3.4,   1.2
213305,  -0.4,   0.5,  -2.5, 114.2,  49.9,1016.5,  -3.0,   1.3
213333,  -0.1,  -1.2,  -1.6,-137.5, -41.6,1065.3,  -2.9,   1.8
213357,  -0.5,   0.2,  -3.0, 201.9, -20.2,1030.2,  -3.2,   1.5
213381,  -1.3,   0.2,  -3.3,-101.4,-103.2, 946.9,  -3.6,   1.4
213409,   0.2,   4.5,  -3.3, -67.2, -20.2,1049.7,  -3.5,   1.2
213433,  -1.6,   1.4,  -2.6,-146.0,-116.4, 959.9,  -3.3,   1.6
213457,   1.4,   0.6,  -1.5, 177.7,  19.9,1062.4,  -3.4,   1.5
213485,   2.1,  -0.7,  -3.5,-101.6, -82.7,1027.7,  -3.4,   1.5
213509,   0.3,  -1.8,  -2.7, -23.7, -28.5, 936.4,  -3.2,   1.3
213533,   0.1,   1.6,  -2.2,  -1.0,  35.3, 997.0,  -3.1,   1.1
213557,  -3.7,   2.7,  -1.0,  40.2,   4.0, 893.2,  -2.7,   1.1
213581,  -1.5,   0.4,   2.7,  11.4,-165.2,1232.8,  -3.3,   1.5
213609,   1.0,   0.8,   0.2, -45.0, -48.5,1022.9,  -4.0,   1.7
213633,  -0.7,   1.9,  -0.1,  56.3,-117.8,1047.0,  -4.3,   1.2
213657,   1.2,   3.6,   1.7,-128.2,-117.8, 987.5,  -4.8,   1.2
213681,  -0.4,  -1.0,   1.2, -54.7,-161.5, 986.7,  -4.5,   1.7
213709,   0.1,   1.0,   0.8, -85.7,-145.4, 999.2,  -5.0,   1.8
213733,  -0.1,  -0.5,   1.3,  40.2,-109.0, 972.6,  -5.1,   1.8
213757,  -0.4,   0.1,   1.9,  -8.1, -99.3, 982.6,  -5.3,   1.7
213781,  -1.1,   2.8,   1.2, -43.7,-103.7,1031.4,  -5.3,   1.8
213809,  -0.4,   0.4,   1.2, -73.0,-110.5,1019.7,  -5.3,   1.8
213833,  -0.6,   1.2,   0.5, -87.9, -55.8,1001.6,  -5.2,   1.9
213857,   0.7,  -1.0,   1.1, -77.4, -29.0, 994.8,  -4.9,   2.0
213881,   1.5,  -2.2,  -0.1,  -1.3,   4.7, 937.2,  -4.5,   1.9
213909,   0.4,  -0.3,  -2.3, -99.2, 113.6, 996.5,  -3.8,   2.0
213933,  -1.5,   0.7,  -3.4,  54.2, -97.1, 989.9,  -3.5,   1.6
213957,  -2.3,  -1.4,  -2.0,-109.4,-112.0, 999.7,  -3.7,   1.4
213985,  -1.3,  -0.5,  -3.5, -19.6,  30.6, 989.4,  -3.6,   1.4
214009,  -0.1,   1.3,  -3.6,-142.6,  37.5,1033.4,  -3.2,   1.5
214033,  -2.2,  -0.7,  -4.1, -28.6, -65.6, 983.8,  -3.0,   1.5
214057,  -1.8,  -1.7,  -4.4,  53.7, -67.5,1010.4,  -3.1,   1.3
214081,  -2.4,   0.6,  -4.6,  -3.5,-133.2, 969.6,  -3.4,   1.3
214109,  -2.9,   1.5,  -3.6, -33.5, -55.3, 944.2,  -3.5,   1.0
214133,  -3.6,   1.5,  -3.6,  66.6,  -7.2, 996.5,  -3.1,   1.0
214157,  -2.7,  -0.9,  -2.1,-162.4,-356.6,1202.5,  -3.4,   1.5
214181,   1.5,  -3.6,  -3.5, 200.4, -19.2, 966.0,  -3.6,   1.3
214209,  -0.2,  -1.1,  -8.3,-189.3, -46.3, 953.0,  -3.2,   1.4
214233,  -2.1,  -1.2,  -5.9, 319.3, -56.8, 937.9,  -2.9,   0.7
214257,  -1.6,   2.3,  -5.4,-184.6,  41.1, 943.8,  -2.9,   0.7
214281,  -1.9,   1.3,  -5.3, -61.6, -17.0, 982.8,  -2.3,   1.1
214309,  -2.2,  -2.9,  -3.9, 165.2, -33.6,1113.4,  -2.3,   1.1
214333,  -1.6,   0.1,  -5.6,-257.1,  -4.3, 988.7,  -2.3,   1.2
214357,  -1.6,  -1.5,  -4.1,  99.6, -70.0,1070.2,  -2.5,   1.0
214381,  -2.9,  -0.8,  -5.6, -24.7, -57.0, 946.0,  -2.4,   1.0
214409,  -2.2,  -1.2,  -5.8, -37.9, -74.1, 962.8,  -2.5,   0.8
214433,  -2.4,   1.5,  -5.7,-112.1, -11.4,1002.6,  -2.5,   0.8
214457,  -2.0,   1.1,  -5.2,  18.0,-107.1,1055.3,  -2.5,   0.9
214485,  -1.2,   1.3,  -5.1,  53.7, -24.3,1091.7,  -2.5,   0.8
214509,  -2.4,  -0.6,  -3.2, -30.6, -52.1,1047.3,  -2.1,   1.1
214535,  -2.3,   0.6,   0.6,  -0.3,-205.5,1117.1,  -2.4,   1.1
214559,  -1.5,   3.0,   1.1,-109.9, -66.3,1052.4,  -2.5,   1.2
214583,  -1.4,   1.1,   0.7, -83.1,  -8.7, 937.2,  -2.2,   1.7
214607,  -2.1,   1.3,   1.7,  -4.9,  -4.5, 933.3,  -2.1,   1.8
214635,  -3.8,   2.2,   4.0, -35.2,-137.8,1116.9,  -2.1,   1.8
214659,   1.7,   3.7,   4.9,  22.9,-259.4,1120.8,  -3.6,   1.6
214683,   3.3,   4.1,   4.6,  86.6, 269.9,1106.4,  -3.4,   1.7
214707,   2.6,   4.6,   4.3,-152.1, -77.8,1005.3,  -2.8,   2.1
214735,   1.0,   0.4,   5.0, -51.6, -26.0,1080.0,  -2.5,   2.6
214759,  -0.6,  -0.9,   5.3, -49.6,-132.0,1024.1,  -2.9,   2.9
214783,  -0.1,   5.1,   7.3,-209.0, -90.0,1069.0,  -3.3,   2.7
214807,  -0.4,  -0.7,   7.6, -24.2,-196.2,1116.9,  -3.2,   2.6
214835,   1.3,   4.6,   8.1,-219.0,  20.4, 973.1,  -2.9,   2.7
214859,   1.8,   4.1,  10.3,-130.7,  43.6, 949.9,  -2.7,   2.9
214883,   1.0,  -1.0,  13.4,  10.9,  48.7, 887.4,  -2.7,   3.0
214907,  -1.4,   3.2,  13.9,-134.1,-214.0, 953.8,  -3.0,   3.3
214935,   0.1,   0.1,  15.6, 100.8, -29.4, 942.0,  -3.3,   3.3
214959,   1.4,   2.4,  15.9, -53.0, -57.0, 916.2,  -3.7,   3.4
214987,   0.9,   1.0,  14.4,   1.9, -20.4, 894.9,  -3.6,   3.4
215007,  -0.9,   4.1,  14.1, -19.8, -62.2,1019.2,  -3.3,   3.2
215035,   1.0,   3.3,  17.6,-170.5,-215.2, 988.9,  -4.1,   3.9
215059,   3.7,   3.7,  15.3, -80.9, -42.6, 894.9,  -4.2,   3.3
215083,   1.2,   0.7,  11.3,-208.8, 101.9, 970.9,  -3.4,   3.3
215107,  -0.5,  -3.4,   6.5, 255.1, -91.2,1114.9,  -3.2,   3.2
215135,  -0.3,   5.2,   3.3,   2.6,-210.6, 894.2,  -3.9,   1.8
215159,  -1.0,   0.2,   2.8,-181.2,  85.6, 948.6,  -3.3,   1.7
215183,   0.5,   1.0,   2.5, 112.5, -62.4, 977.7,  -3.4,   1.5
215207,   0.4,   3.3,   1.8,-204.6,  82.9,1061.2,  -3.1,   1.7
215235,   0.3,  -0.7,   1.9,  60.0,  16.5,1018.7,  -2.9,   1.8
215259,   0.6,   0.5,   1.4,  63.4,  -5.8, 999.9,  -2.8,   1.5
215283,   0.2,  -0.4,   2.6,  90.3,  26.7,1121.0,  -2.5,   1.5
215307,   1.2,   0.8,   2.6, -32.3, -33.8, 992.3,  -2.8,   1.4
215335,  -0.7,   2.1,  -0.2, -18.1, -70.0, 961.3,  -2.6,   1.3
215359,  -2.3,   3.7,  -2.4,-237.6,   5.7, 865.6,  -2.5,   1.3
215383,  -8.5,   2.1,  -2.4, -35.4,-499.7,1537.3,  -2.1,   0.5
215411,   3.2,   4.9,   1.5,-178.3, 292.1, 829.5,  -2.9,   0.9
215435,   0.4,   0.4,  -4.3, 155.2,   3.3, 920.8,  -2.8,   0.0
215459,  -1.2,  -0.8,  -3.8,-204.1,-112.4, 971.8,  -2.6,   1.2
215487,  -1.3,   1.8,  -2.4, 286.3,-169.1, 935.7,  -2.7,   0.9
215511,  -0.5,   0.4,  -4.5,-224.4,  81.9, 962.3,  -3.3,   1.3
215535,  -2.9,  -1.5,  -6.9, 142.5,-228.4,1040.9,  -4.2,   1.3
215559,  -1.2,   2.2,  -7.2,-222.9,-189.8, 963.0,  -5.3,   1.4
215583,  -1.1,   1.0, -11.2,  19.7, -95.4,1036.3,  -6.0,   1.0
215611,  -1.6,   0.5, -11.6,  47.1,-174.5, 918.6,  -6.3,   0.6
215635,   1.2,   2.7,  -8.3, -25.7, -15.3, 998.2,  -6.9,   0.3
215659,   0.7,   3.7,  -5.7,-105.3, 100.2,1107.6,  -6.2,   0.5
215683,  -0.3,   3.6,  -1.2,  99.8,-138.3, 961.6,  -5.8,   0.8
215711,   1.9,   0.6,   1.5, -61.8,  16.9,1096.6,  -4.8,   1.6
215735,   1.6,   1.3,   2.8,-310.6, -42.9, 981.8,  -4.6,   2.4
215759,   0.0,   1.1,   2.2, -48.9, -72.2, 878.1,  -4.4,   2.4
215783,   0.6,   0.6,   3.9,  44.1,-123.2,1218.9,  -4.1,   1.8
215811,   3.1,  -2.2,   4.5,-186.1,-246.2,1147.6,  -4.7,   2.6
215835,   4.2,  -1.7,   3.1,  97.1, 133.4,1025.8,  -4.4,   2.3
215859,   0.9,  -3.2,   2.4,  54.4, -96.6,1074.4,  -3.8,   2.5
215883,   0.7,   2.9,   1.8,  -5.7,-143.2, 949.9,  -4.3,   1.8
215911,   0.6,   0.5,   6.5, -65.5,  22.3,1017.0,  -3.8,   2.4
215935,   2.6,   0.4,   8.0, -20.6, -33.8,1039.0,  -4.2,   2.3
215959,   1.2,   2.7,   7.0, -37.4, -53.1, 977.9,  -4.2,   2.3
215987,   2.2,   2.2,   6.3,-148.0, -87.5, 957.7,  -4.2,   2.5
216011,   1.6,  -0.5,   7.6,  92.7, -65.3, 936.4,  -4.2,   2.5
216035,   2.3,   1.8,   6.9,  90.5,  10.6, 991.9,  -4.3,   2.3
216059,   0.9,  -0.3,   5.0,-125.5,-149.6,1118.3,  -4.2,   2.3
216083,   0.6,  -2.7,   2.5, -42.5,-196.2, 967.0,  -4.4,   2.1
216111,   1.5,   0.1,  -2.8,  91.7,  24.8, 940.6,  -4.3,   1.1
216133,   0.8,  -0.5,  -4.3, -30.3, -29.9, 965.5,  -4.0,   0.8
216161,   0.2,  -0.3,  -3.3, -21.8, -50.2, 886.9,  -3.9,   0.7
216185,  -1.7,  -0.7,  -3.8,  37.8,  75.3, 952.5,  -2.9,   0.5
216209,  -3.2,   5.1,  -1.5,-219.8, -53.6,1162.5,  -2.3,   0.7
216233,   1.8,  -1.9,   2.9,  57.8,-155.9, 963.5,  -3.3,   1.1
216261,   0.6,   3.2,  -2.2, -84.5,  11.3, 982.3,  -2.6,   0.8
216285,  -0.8,   0.2,  -2.7, -87.9,  89.2,1014.8,  -2.0,   1.3
216309,  -2.1,  -0.7,  -1.7, -61.6,-226.0,1144.0,  -2.2,   1.3
216333,  -0.1,   1.1,  -1.4, -10.3, -86.8, 995.0,  -2.9,   0.5
216361,   0.0,   1.5,  -2.5,  32.4,   0.8,1001.4,  -2.4,   0.8
216385,   0.8,   1.1,  -3.6,  13.6,  49.7, 998.2,  -2.3,   0.8
216409,  -0.5,  -1.4,  -4.1, -93.1, -87.8,1030.4,  -2.1,   1.1
216437,  -2.0,   0.6,  -2.6, -33.5,  27.4,1070.5,  -2.0,   0.7
216461,  -2.0,   2.6,  -1.3,-148.7, -27.5, 964.0,  -1.9,   1.0
216489,  -1.7,   3.3,  -1.1,-120.7, -65.1,1070.2,  -1.9,   1.1
216509,   0.1,   1.3,  -0.9,-276.9, -97.8,1024.3,  -1.9,   1.4
216537,   0.0,   0.5,  -2.4,  34.9, -94.6, 942.5,  -2.0,   1.3
216561,  -1.0,   4.3,  -3.4, -88.4,  22.1, 923.5,  -1.5,   1.1
216585,  -4.0,   0.9,  -3.2,  62.9,-123.2, 917.6,  -1.1,   1.0
216609,  -3.1,   9.4,   0.4,-648.2,-219.9,1437.7,  -1.3,   1.3
216637,   1.4,  -1.5,  -0.3, 240.7, 105.6, 854.9,  -1.7,   0.9
216661,  -3.5,   6.3,  -7.4,-729.3,  74.1, 774.6,  -0.9,   1.6
216685,  -2.4,  -0.2,  -1.6, 635.4,-311.9,1008.7,  -1.6,   0.1
216709,  -1.6,   7.6,  -3.3,-453.4, 312.4,1089.8,  -1.2,   1.2
216737,  -5.7,   0.6,   1.1,  94.2,-241.4,1192.8,  -2.3,   1.2
216761,  -4.5,   0.8,  -1.7, -61.3,  25.2,1037.5,  -2.8,   1.5
216785,  -1.5,  -0.5,  -3.8, -58.2,-129.3,1033.4,  -2.7,   1.5
216809,  -0.8,   1.8,  -4.0,-117.5, -80.7, 877.4,  -2.4,   1.8
216837,  -3.3,   1.9,  -3.9, 144.7,-168.4, 879.5,  -2.9,   1.5
216861,  -2.2,  -0.3,  -1.3,-142.4,  76.0,1025.5,  -3.1,   1.6
216885,  -2.8,  -0.0,  -1.2,  76.9, 123.1, 987.0,  -2.9,   1.6
216909,  -5.1,   0.7,  -2.4, 266.8,   8.9, 963.0,  -2.7,   1.4
216937,  -4.0,   1.9,  -3.0,  71.7,  19.9,1283.4,  -2.9,   1.3
216961,   3.8,  -6.4,  -0.8, 176.2,-215.2, 949.6,  -4.0,   1.9
216989,   0.3,  -3.4,  -5.4, 248.0, -36.5,1048.7,  -4.0,   1.5
217009,   1.6,   3.0,  -1.4, 588.8,-151.3,1062.4,  -4.1,   0.1
217037,   4.2,  -1.6,  -3.5,-322.3, 156.4, 862.5,  -3.3,   1.5
217061,   2.4,  -7.9,  -4.7, 142.8,-164.0,1004.5,  -2.6,   1.4
217085,   1.3,  -1.8,  -5.3,  80.5, -47.5,1225.3,  -2.3,   1.0
217109,   0.1,   2.5,  -4.6,  -9.1, -80.5, 965.0,  -2.1,   0.9
217137,  -0.1,   3.4,  -3.7, -21.5, 101.2,1179.4,  -1.5,   0.6
217161,   2.5,  -0.1,  -3.5, -52.1, -42.4, 824.9,  -1.5,   1.0
217185,   2.7,  -0.5,  -3.8, 189.6, 179.1,1127.8,  -1.5,   0.7
217209,   0.2,   1.4,  -5.7, -83.3,  53.8, 899.3,  -0.8,   1.3
217237,  -4.0,   7.8,  -4.7,  62.2, 317.7, 629.8,  -0.2,  -0.2
217261,  -7.3, -11.4,   2.9, 297.3,-577.3,1439.1,  -0.7,   0.8
217285,  -1.3,   1.4,  -0.5, 499.7,-213.5,1003.3,  -1.0,  -0.6
217309,  -1.7,   7.7,  -6.9,-774.0, -65.3,1001.4,  -1.0,   0.4
217337,  -0.2,  -1.9,  -4.2, 468.7,-191.8, 985.3,  -1.4,  -0.3
217361,  -2.8,   0.8,  -3.3,-101.4,-212.1,1006.5,  -1.4,   0.3
217385,  -3.0,   2.8,   0.4,-118.2,-149.3, 830.2,  -2.8,   0.2
217413,  -3.5,  -4.6,  -0.1,  81.3,-151.3, 873.9,  -2.8,   1.2
217437,  -0.9,  -4.4,  -4.2, 275.3, -18.5, 932.5,  -3.3,   1.0
217461,  -3.5,   0.8,  -5.4, 107.4,  46.2,1020.7,  -3.5,   0.6
217489,  -2.4,  -0.4,   0.2,-301.8, -68.0,1405.9,  -3.6,   0.8
217513,   0.2,  -1.1,  -0.6, -66.0, 247.9, 822.7,  -3.8,   1.1
217537,  -1.4,   2.7,  -3.8, 301.7,  -1.1, 826.6,  -3.5,  -0.6
217561,  -2.2,   9.5,  -2.4,-511.5, 119.0, 920.6,  -3.4,   0.7
217585,  -4.6,  -1.5,  -1.3,  44.4,-309.0, 999.7,  -3.5,   1.3
217613,  -2.1,   1.1,  -3.0,  -2.5, -68.5,1054.4,  -4.2,   1.2
217637,  -0.7,   0.8,  -5.5,-294.2,  48.2, 939.6,  -3.8,   1.6
217661,   1.3,  -2.7,  -4.0,  23.9,  18.7, 987.2,  -3.8,   1.3
217685,   1.8,   1.8,  -4.4, 347.9, -16.0,1120.3,  -3.3,   0.9
217713,   1.3,  -4.2,  -4.2, 226.5, -51.9, 861.2,  -2.8,   1.2
217735,   0.9,   5.8,  -4.6, -77.0,  50.2,1010.2,  -2.7,   1.2
217763,  -2.0,   1.0,  -3.2, -71.6,  22.3,1346.8,  -1.7,   1.4
217787,   2.3,   1.3,  -2.8,  33.6,-183.5, 546.8,  -2.4,   1.1
217811,   6.2,   0.3,  -6.0,-159.7, 378.3,1033.8,  -2.3,   0.3
217835,   1.4,  -2.2,  -3.0, 120.8,-101.0,1071.9,  -1.6,   1.0
217863,   1.5,   0.2,  -3.1,-112.8,  49.7,1116.1,  -2.0,   0.9
217887,   0.2,  -1.8,  -4.3,   5.1,-189.1,1029.5,  -1.7,   1.2
217911,   4.5,  -3.9,  -2.5, 371.0,  71.6,1056.8,  -2.2,   0.7
217935,  -0.5,   3.0,  -4.7,-219.3, -72.7,1091.2,  -1.5,   1.1
217963,  -0.2,  -2.6,   4.5, 490.7, 305.8,1091.7,  -2.3,   0.8
217991, -10.6,   9.3,  -1.3,-373.1,-231.6, 587.6,  -3.0,   1.5
218011,  -4.4,   5.2,   5.1,-515.4,-548.5,1407.4,  -4.0,   2.5
218035,   1.1,   2.2,   0.2, 222.1,-207.7, 744.1,  -4.7,   1.1
218063,  -1.6,   0.2,   0.9,-227.1,-176.4, 905.7,  -4.9,   2.1
218087,  -1.9,   3.3,   0.8,   8.7,-537.3, 902.7,  -6.6,   1.5
218111,  -3.2,  -2.1,   1.2, 137.2,-136.9, 961.8,  -7.0,   1.9
218135,  -2.6,   4.1,  -2.7, -31.3,-302.9, 932.3,  -8.5,   1.1
218163,  -4.3,  -0.9,  -9.6,  -5.4,-431.0,1051.9,  -9.0,   1.0
218187,  -1.3,   0.2, -11.7, 198.9,  45.8, 950.1,  -8.7,   0.5
218211,  -0.7,   3.9, -11.6,-293.5,-132.0, 997.2,  -8.9,   0.8
218235,  -0.9,  -6.1, -13.0, 189.4,-193.7,1074.6,  -9.0,   1.2
218263,  -2.0,  -4.0, -13.3,-187.3, -14.1, 980.9,  -8.7,   1.7
218287,  -4.3,   2.2,  -7.9, 125.9, -85.1, 922.0,  -8.4,   1.5
218311,  -1.0,   4.3,  -3.1, -51.3,-531.9,1122.7,  -9.5,   1.2
218335,   6.0,  -0.8,  -5.7,  87.4,  75.5, 992.1,  -9.9,   1.7
218363,   2.4,  -5.6,  -9.5, 300.0,-267.2, 777.0, -10.3,   1.1
218387,  -1.5,  -2.3,  -9.8,  96.9,-320.5, 975.3, -11.1,   0.5
218411,  -3.7,   3.0, -10.5,-116.3,-217.4,1025.3, -11.7,   0.3
218435,  -3.4,  -0.2, -11.1,  45.9,-212.1,1034.6, -12.5,   0.3
218463,  -0.9,   1.6, -11.1,  42.4,-117.3,1064.6, -12.3,   0.2
218491,   0.1,   3.7,  -9.3,  51.5,-216.0,1016.8, -12.5,   0.2
218511,  -0.1,   1.1,  -8.3, -42.8,-122.2,1094.4, -12.3,   0.7
218539,  -1.8,  -0.3,  -8.3, -56.9,-104.6, 993.6, -12.1,   0.8
218563,  -0.3,  -0.9,  -6.3,  65.6,-129.5,1027.5, -11.9,   0.7
218587,  -0.5,   0.3,  -7.4, -74.3,-216.2, 907.9, -11.8,   0.8
218611,   1.1,   3.1,  -7.8, -97.7,-192.5,1006.0, -12.0,   1.0
218639,   0.4,  -2.3,  -8.8, -62.8,-195.0, 955.2, -12.2,   1.2
218663,  -1.3,   3.3,  -8.5, -53.8,-164.7, 977.0, -12.3,   1.2
218687,  -0.5,   3.0,  -5.5, -88.4, -89.5, 991.9, -11.8,   1.4
218711,   0.9,  -0.9,  -2.6, -25.2,-147.6,1029.9, -11.4,   1.5
218739,   0.7,  -0.3,  -0.7, -80.6,-108.3,1017.5, -11.0,   1.7
218763,  -0.2,  -0.3,   0.3, -17.9, -86.3,1006.7, -10.6,   1.8
218787,   0.4,   0.8,   0.9,  -8.6, -52.9,1008.5, -10.2,   1.7
218811,   0.8,  -0.8,   1.3, -24.0, -67.8, 988.2,  -9.6,   1.7
218839,   1.8,  -0.0,   1.7, -27.4, -43.4,1002.1,  -9.0,   1.6
218863,   1.0,  -0.1,   1.2, -26.2, -67.0, 990.9,  -8.5,   1.7
218887,   0.8,   0.4,   0.6, -20.1, -67.5,1001.4,  -8.0,   1.7
218911,   0.1,   0.4,   0.8, -25.9, -72.2,1001.9,  -7.5,   1.7
218939,   0.5,  -0.4,   0.9, -25.2, -42.1,1009.9,  -7.0,   1.7
218963,   2.0,  -2.3,  -1.5, -15.2, -97.8, 987.0,  -6.6,   1.6
218991,  -0.6,   2.9,  -2.2, -24.5, -71.7, 997.2,  -6.6,   1.7
219011,   0.1,  -1.5,  -1.7,  20.5, -47.0,1060.2,  -6.2,   1.4
219039,  -0.1,  -2.6,  -2.3,  55.4,   6.9,1066.8,  -5.6,   1.2
219063,   0.1,  -0.7,  -2.7, -11.8, -26.3, 970.1,  -5.2,   1.2
219087,  -0.3,  -0.9,  -2.5,  11.2, -44.1,1014.1,  -4.8,   1.1
219111,  -0.8,  -1.8,  -2.6, -31.8, -17.5, 988.2,  -4.4,   1.1
219139,  -0.5,  -1.8,  -1.9, -28.6, -22.8, 996.7,  -4.0,   1.1
219163,  -1.2,   1.3,  -2.6, -36.2, -30.2, 996.2,  -3.7,   1.0
219187,  -0.7,   1.2,  -2.5, -16.9, -28.7,1010.2,  -3.4,   1.1
219211,  -0.8,   1.0,  -2.4, -27.1, -22.1, 989.9,  -3.1,   1.0
219239,  -0.5,   1.0,  -1.9, -32.5, -21.4,1003.6,  -2.7,   1.1
219263,   0.1,  -0.0,  -1.9, -35.2, -35.1, 999.2,  -2.5,   1.2
219287,   0.2,  -0.9,  -1.4, -22.5, -46.5,1002.4,  -2.3,   1.2
219311,  -0.6,   2.5,  -2.2, -17.6, -27.0,1014.8,  -2.2,   1.3
219337,  -0.7,  -1.0,  -1.9, -24.5, -19.9, 994.8,  -2.0,   1.3
219361,   0.2,  -2.6,  -1.6, -29.3, -51.4,1004.5,  -1.9,   1.3
219389,   0.6,  -1.2,  -1.4, -12.0, -38.2,1013.3,  -1.9,   1.3
219413,  -0.7,   0.3,  -2.8, -68.7, -66.1,1029.7,  -1.8,   1.3
219437,   0.2,  -1.5,  -2.5,  29.7, -51.4,1026.8,  -1.8,   1.3
219489,  -1.3,  -0.7,  -5.5, -67.7, -59.7, 989.4,  -1.9,   1.2
219493,  -0.6,  -0.6,  -5.2,  61.2, -24.8,1016.0,  -1.9,   1.1
219513,   0.3,  -0.6,  -3.2,  51.0,-105.4,1047.0,  -2.1,   0.9
219537,   2.1,   1.0,  -2.2,-125.5,  86.3, 975.7,  -1.6,   0.9
219565,   1.5,  -1.3,  -2.2, -35.0, -15.5, 961.6,  -1.0,   1.2
219589,   0.4,   0.9,  -2.1, -70.8,  31.1,1011.6,  -0.7,   1.3
219613,  -0.4,   0.2,  -0.7, -34.7,  43.1, 965.2,  -0.4,   1.3
219637,  -1.4,   0.3,   0.6, -28.9, -50.7,1115.4,  -0.1,   1.2
219665,   1.3,   1.3,   2.1, -99.7,-102.9,1077.1,  -0.8,   1.6
219689,   3.2,  -3.2,   0.4,  32.2, 113.9,1006.5,  -0.6,   1.5
219713,   2.3,   1.6,  -1.8,  10.4,  30.6, 908.4,  -0.2,   1.3
219737,   1.2,   2.2,  -1.0,   9.2,  47.0,1091.2,   0.3,   1.2
219765,  -1.0,   1.0,   1.1, -32.5,  16.5,1036.0,   0.6,   1.4
219789,   0.7,  -0.4,   2.6,  68.8,  15.7, 953.8,   0.4,   1.4
219813,  -1.0,   2.9,   3.1, -70.6,   9.9,1043.4,   0.5,   1.4
219837,   0.1,   0.8,   2.8, -41.3, -35.5, 916.2,   0.5,   1.4
219865,   0.4,  -1.8,   3.1,  25.3, -31.4,1004.8,   0.5,   1.3
219889,   0.1,  -0.7,   2.7, -89.4, -43.6,1067.3,   0.5,   1.5
219913,  -1.1,   3.0,   3.2, 176.2,  20.6,1012.6,   0.3,   1.2
219937,  -0.3,   0.9,   3.9,-194.6, -46.8, 958.9,   0.2,   1.3
219965,  -1.3,  -1.1,   4.7, -66.2, -41.6,1026.3,   0.2,   1.5
219993,  -1.6,   1.5,   5.5,-139.7,-184.7,1017.7,   0.0,   1.6
220013,  -0.9,  -2.3,   7.3,-196.3, -25.3,1110.3,  -0.1,   2.1
220037,  -2.9,  -1.2,   9.8, -78.2,-136.9,1004.1,  -0.2,   2.2
220065,   0.0,   2.6,  10.9,-136.0, -68.3, 943.3,  -0.6,   2.0
220089,  -2.1,   2.5,  13.9,   1.9,  48.2, 974.8,   0.1,   2.0
220113,   3.1,   2.1,  17.9,-415.6,-179.3, 977.7,  -0.8,   3.1
220137,   3.5,   0.2,  17.0, -20.1, 103.9,1087.8,  -1.1,   2.9
220165,   1.0,   6.5,  15.5,-327.7,   3.5, 943.8,  -0.7,   3.0
220189,   0.1,   1.6,  16.1,-248.3, -41.9,1023.3,  -0.9,   3.3
220213,  -0.1,   0.8,  18.4, -92.6, -15.8,1127.1,  -1.3,   3.4
220237,   1.0,  -3.1,  20.0,  83.7, -93.9,1024.8,  -1.9,   3.4
220265,   1.8,   1.0,  18.9,-197.1,  42.1,1059.5,  -1.9,   3.6
220289,   2.1,  -2.3,  20.6, 129.8,  68.7,1089.5,  -1.8,   3.4
220313,   2.9,  -0.0,  19.4, 133.7,-137.3, 998.0,  -2.2,   2.9
220337,   0.4,  -2.3,  17.2, 129.3,-115.1,1047.5,  -2.0,   2.9
220365,   1.0,   4.1,  13.1, -36.2,-108.5, 885.4,  -2.7,   2.3
220389,  -0.7,   3.9,  11.0, 111.0,   3.5,1042.1,  -2.6,   1.7
220413,  -0.7,  -0.1,   9.8,  55.1,  14.3, 942.8,  -2.6,   1.7
220437,  -2.7,   0.3,   8.1,  68.6, -25.0, 854.2,  -2.8,   1.1
220465,  -0.7,  -1.5,  11.8,-386.3,-359.8,1255.8,  -3.3,   2.0
220494,   2.6,  -3.7,   9.1, 124.7,  -2.1, 988.7,  -3.2,   1.7
220514,   1.1,   8.0,   5.3,-232.0,-115.1, 924.7,  -3.6,   0.9
220538,   3.3,   0.1,   7.3,  34.9,  68.2, 971.8,  -3.7,   1.4
220566,   0.7,   3.3,   3.6,-181.7, -22.6, 949.4,  -3.5,   1.0
220590,   0.6,   1.3,   3.5, -69.4,-104.4, 960.1,  -4.0,   1.1
220614,  -0.7,  -0.6,   2.2, -32.8,-165.9,1000.4,  -4.2,   0.9
220638,  -0.8,   1.5,  -0.5, -40.8,-162.0, 959.6,  -4.4,   0.6
220666,   1.4,  -1.5,  -1.4, -24.7, -96.6,1045.1,  -4.8,   0.5
220690,  -0.5,   1.2,  -4.7,-126.3, -56.8,1025.1,  -4.4,   0.7
220714,   1.3,  -2.8,  -3.3, -78.2,-180.8, 985.0,  -4.9,   0.7
220738,  -0.2,  -0.8,  -5.4,  50.2,  51.4,1041.2,  -4.7,   0.7
220766,  -1.6,  -3.3,  -4.2,  76.9,-104.6, 933.0,  -4.6,   0.5
220790,  -2.2,   0.8,  -4.4, -96.0,   1.8, 958.7,  -4.1,   0.4
220814,   0.9,  -2.2,  -1.8, -16.2, -91.0,1158.4,  -4.2,   0.9
220838,   2.0,  -1.0,  -3.7, -99.4,  76.5, 839.3,  -4.2,   1.0
220866,  -2.0,   2.9,   1.2, 136.4, -98.3, 979.2,  -3.6,   0.4
220890,   0.4,   3.0,   3.1, -34.7, -37.0,1172.3,  -3.6,   0.6
220914,  -0.6,   0.7,   4.5,-191.2,-119.3,1028.2,  -2.8,   1.7
220940,  -0.2,  -2.5,   7.5,  74.4, -86.8, 950.1,  -2.8,   1.5
220964,  -0.2,  -1.2,  10.6, 175.7, -13.1,1012.9,  -3.0,   1.4
220992,  -0.7,   2.7,  12.2,-242.2,-151.5, 939.6,  -3.1,   1.7
221016,   0.1,  -1.0,  14.5, 120.6,-226.9,1136.6,  -3.5,   1.8
221040,   2.3,   5.1,  14.2,-299.9, -55.8, 928.6,  -3.9,   2.5
221064,  -2.9,   0.3,  10.6, -46.4,-513.1, 957.4,  -4.8,   2.8
221088,   0.7,   5.6,   7.2,   0.9,-159.8,1239.4,  -6.9,   2.3
221116,  -2.9,  -5.3,   5.3, 269.5,-104.9, 992.3,  -6.0,   2.3
221140,   0.7,   3.7,   5.1, -65.7,  62.4, 948.4,  -6.6,   2.2
221164,  -3.4,  -2.1,  11.6,  -2.2,-236.7,1259.2,  -6.6,   2.7
221188,   2.9,   4.1,  15.0,  17.0, -66.3, 800.9,  -7.3,   1.8
221216,   0.4,   2.1,  13.9, -82.3,  49.7,1008.5,  -6.2,   2.2
221240,  -1.1,  -0.9,  13.1, -13.2,-145.4, 956.5,  -5.9,   2.6
221264,   1.2,  -3.9,  12.3, 184.8,  39.2,1053.6,  -6.2,   2.5
221288,  -1.0,   5.0,   9.7,   6.1,-271.6,1169.1,  -6.8,   2.1
221316,   5.6,   2.0,   8.9,-161.2,  47.5,1075.8,  -6.9,   2.1
221340,   4.5,   1.8,   4.5,-204.4,  75.5, 954.3,  -5.7,   2.6
221364,   2.9,  -3.3,   3.3,  24.6,  87.3, 942.3,  -5.0,   2.8
221388,   1.7,  -1.4,   4.9,  86.1,-120.5, 925.0,  -4.7,   2.4
221416,   0.7,  -0.0,   6.8, -98.2,  19.6,1038.2,  -4.4,   2.2
221440,   0.9,  -2.1,   7.5, -11.8,   4.3,1048.5,  -4.3,   2.2
221464,   0.8,  -0.1,   5.6, -40.3, -29.7, 987.5,  -4.3,   2.1
221492,   0.9,  -1.1,   3.9, -53.8, -74.4,1000.4,  -4.3,   2.1
221516,   1.0,  -2.5,   3.6,  18.8, -35.1, 965.7,  -4.3,   2.0
221540,   0.0,  -0.2,   2.6,  90.8, -41.6, 953.8,  -4.2,   1.3
221564,  -1.0,  -1.2,   1.7,  -4.0,  65.3, 900.5,  -3.8,   1.4
221592,   2.1,  -2.9,   4.3, -95.3,-205.5,1120.5,  -4.2,   1.7
221616,   2.9,   0.3,   1.9,-132.1,  32.6,1055.3,  -3.8,   1.5
221640,   1.0,  -1.8,  -0.3,  34.6, -63.6,1066.6,  -3.5,   1.2
221664,   1.0,   0.5,  -0.2, -27.4,  -6.2,1017.7,  -3.2,   1.2
221692,  -1.2,   1.7,   1.4,-180.2, -11.6, 946.7,  -2.8,   1.3
221716,   0.1,  -0.4,   2.6,  23.6, -33.8,1012.4,  -2.9,   1.4
221740,   0.9,   0.3,   1.0,   2.9,-116.1, 931.3,  -2.9,   1.0
221764,  -0.4,   3.0,  -0.6, -31.8, -82.9,1002.6,  -2.5,   0.9
221792,   0.6,  -0.9,  -0.5,   1.9, -26.0,1032.9,  -2.7,   1.1
221816,  -0.9,   1.2,  -1.9, -82.8, -10.6, 879.5,  -2.5,   1.2
221840,  -1.2,  -1.5,  -1.6,  32.9,-144.9,1121.2,  -3.0,   1.1
221864,  -1.8,   1.8,  -2.0,-128.5,-193.3,1019.4,  -3.7,   1.2
221892,  -0.5,  -1.3,  -1.3,  -9.8, 112.2,1008.9,  -2.9,   1.2
221916,  -0.4,  -0.7,  -1.8, -21.5, -59.5, 931.8,  -3.0,   1.2
221940,  -1.5,  -0.7,  -0.8,-120.4,-261.9,1233.6,  -3.1,   1.6
221964,   0.9,  -1.2,  -0.8,  97.9, 154.4, 710.1,  -3.0,   1.5
221992,   0.0,   4.3,  -2.4,-228.1, -94.4, 909.3,  -3.1,   1.8
222016,  -1.3,  -0.9,  -1.0, -32.8,-154.2,1096.3,  -2.7,   2.2
222040,  -1.7,  -1.4,  -0.9, -60.6, -20.6,1001.4,  -2.5,   2.2
222064,  -2.1,  -0.9,  -1.9,  92.7,-144.4,1009.4,  -2.8,   2.0
222092,   1.5,  -2.1,  -2.1,  19.7,  69.2,1104.2,  -3.5,   1.7
222116,  -0.2,   1.5,  -2.5, -61.8, -87.8, 910.8,  -3.0,   1.9
222140,  -1.1,  -3.8,  -2.4,  21.4,-161.3,1004.8,  -2.9,   2.0
222164,   0.3,   0.5,  -3.6, -36.2, -27.0, 932.3,  -3.4,   1.8
222192,  -1.3,  -4.5,  -1.4, 102.7,-189.8,1088.0,  -3.7,   1.7
222216,   0.3,   0.1,  -3.0,-215.9,  -9.7,1032.9,  -3.9,   1.8
222240,  -2.7,  -0.7,  -3.9,  20.7, -44.3, 936.7,  -3.6,   1.6
222264,  -2.4,   0.8,  -4.4, -42.3,  24.8, 896.4,  -3.7,   1.3
222292,  -2.7,   1.2,  -3.8,-297.2,-268.0,1083.9,  -4.2,   1.9
222316,   0.3,   1.0,  -5.8, -77.2, -98.5,1066.1,  -4.5,   1.3
222340,   2.2,  -3.9,  -6.6, -36.9,   7.7,1103.9,  -3.8,   1.4
222364,   0.0,  -4.6,  -9.1, -74.5,  79.4, 927.9,  -3.0,   1.6
222392,  -4.1,  -6.2,  -9.2, 265.6,-269.9, 980.9,  -2.7,   1.5
222416,  -0.2,   2.2,  -7.8,-100.9,  77.3,1148.3,  -3.4,   0.7
222440,  -1.4,  -5.1,  -5.3, 260.4,-135.6,1060.5,  -2.6,   1.0
222464,   0.5,   2.1,  -5.7, -23.7, -42.1,1026.5,  -2.6,   0.9
222492,  -0.5,  -1.0,  -6.4,  25.1,  -6.5, 969.4,  -2.5,   0.8
222516,   0.0,  -1.4,  -4.3, -95.0, -58.0,1021.9,  -2.9,   1.0
222542,  -1.8,   0.8,  -6.3, -83.1,  28.4, 915.7,  -3.0,   0.9
222566,  -0.6,  -4.0,  -6.8,  12.4,-140.5, 933.7,  -3.0,   0.9
222590,   2.1,   2.6,  -7.2,-386.0,-275.0, 983.1,  -3.6,   1.0
222618,   0.8,  -5.4,  -8.2,  36.1, 100.7,1082.4,  -2.3,   0.9
222642,   0.6,   5.7,  -6.6, 125.4,-280.9, 880.3,  -2.9,  -0.1
222666,   3.4,  -2.1,  -8.9, -49.1, 249.6,1206.2,  -2.7,   0.5
222690,  -0.1,  -0.5,  -8.6,  21.9,-179.1,1022.1,  -2.4,   0.7
222718,  -1.5,   3.9,  -8.6,-344.8,-202.3,1199.9,  -3.1,   0.8
222742,  -4.6,  -2.3,  -7.7, 245.8,-363.2,1032.4,  -4.3,   0.4
222766,   0.2,  -1.0,  -2.3, 310.0, -88.0, 954.7,  -4.6,   0.1
222790,  -1.2,   0.5,  -6.0,-152.4, -84.9,1003.1,  -4.2,   0.7
222818,   3.4,  -2.3,  -6.1,  92.7, -20.6,1028.5,  -4.9,   1.0
222842,  -1.2,  -2.7,  -6.1, 145.2,   4.7, 904.5,  -4.5,   0.8
222866,  -3.2,   9.0,  -4.5,-773.2,   1.1,1209.1,  -4.5,   0.8
222890,   2.5,  -5.6,  -1.9, -53.3, 112.2, 737.2,  -5.3,   1.1
222918,  -3.2,  -1.7,  -6.3, 477.0,-286.5, 913.0,  -5.6,  -0.2
222942,   2.9,   4.8,  -7.4,-264.0,   3.8,1136.9,  -6.2,   0.2
222966,   0.4,  -3.1,  -4.7, -37.6, -64.1,1019.7,  -5.5,   1.1
222994,   0.1,   0.2,  -6.4, 150.3,-152.5,1053.9,  -5.6,   0.9
223018,  -0.7,  -4.2,  -4.8, -29.3,  -6.0, 943.3,  -5.3,   1.7
223042,   0.6,  -1.1,  -3.2, 156.9,-144.2, 926.2,  -6.2,   1.1
223066,  -0.6,  -0.0,  -3.8,-174.1, -27.5,1065.3,  -6.0,   1.1
223090,   0.4,  -1.4,  -1.7, -29.3,-299.9,1065.1,  -6.3,   1.4
223118,  -0.3,   0.9,  -2.7,   3.4,-194.2,1030.4,  -7.1,   1.0
223142,  -2.3,  -0.8,  -2.2, -29.8,-121.0,1036.8,  -7.4,   1.1
223166,  -3.8,  -1.5,  -1.7,  12.6,-186.9, 974.3,  -7.6,   1.1
223190,  -1.5,   1.6,  -1.0,  30.0,-119.3,1019.2,  -8.1,   0.9
223218,  -0.3,   1.0,  -1.9, -51.3, -33.3, 860.5,  -7.7,   0.9
223242,   1.3,  -1.8,  -2.9, -79.6,   7.4,1206.9,  -6.6,   1.4
223266,   4.3,  -7.6,  -6.0, -25.0, -93.2, 994.8,  -6.8,   2.1
223290,   2.4,  -1.2,  -8.8, 139.6,  25.0, 983.8,  -5.9,   0.8
223318,   3.6,   0.9,  -3.7, -23.5, 163.9,1046.3,  -5.6,   0.1
223342,  -0.4,   0.8,  -3.5,-242.7, -37.3, 998.4,  -4.3,   0.9
223366,   1.3,  -1.7,  -2.2,-165.1, -40.7, 958.4,  -4.2,   1.5
223390,   2.9,  -4.2,  -3.0, 222.9,   8.9,1085.8,  -3.7,   1.2
223418,   1.0,   1.9,  -3.0,-251.8, -75.3, 987.7,  -3.3,   1.3
223442,   2.0,  -3.2,  -1.7,  66.8, -78.5,1053.4,  -3.4,   1.1
223466,   1.2,   0.2,  -1.5,  87.4, -90.2, 999.9,  -3.2,   0.7
223494,   2.6,  -1.7,  -1.2, -46.4,  16.9,1240.9,  -3.1,   0.7
223518,   1.0,   0.1,  -2.7,  77.6,-292.1, 958.7,  -2.9,   0.6
223542,   1.2,  -0.3,  -3.7,  47.8,-181.8, 972.8,  -3.0,   0.3
223566,   0.2,  -1.0,  -3.1,-136.3,  37.9, 966.7,  -2.6,   0.7
223594,  -4.0,   0.7,  -4.1,  -0.5,-179.8, 859.8,  -2.3,   0.6
223618,  -2.1,   6.8,  -3.5,-469.8,-101.7,1255.8,  -2.5,   0.9
223642,   1.9,   1.3,  -1.5,  15.6,  18.7, 748.9,  -3.5,   0.4
223666,   1.2,  -1.0,  -4.3, 319.8,  39.4,1253.8,  -3.0,   0.4
223694,   1.0,  -2.7,  -2.8,  61.2, -37.7, 877.6,  -3.4,   1.0
223718,  -1.0,   0.3,   1.9,-152.9, -71.4,1082.9,  -3.3,   1.0
223742,   0.3,   1.0,   1.9, -83.5, -90.2, 971.6,  -3.7,   1.1
223766,  -1.6,  -3.9,   2.2, -25.2,-136.1, 996.0,  -3.8,   1.5
223794,  -0.9,   1.4,   0.6,  36.1,-155.4,1024.1,  -4.4,   1.1
223818,  -1.5,   1.8,   0.8, -71.1,   8.2,1004.8,  -4.4,   1.1
223842,  -1.4,   2.4,   1.2,-180.0, -79.2,1015.5,  -4.5,   1.3
223866,  -1.1,   0.3,   2.2,  36.3,-170.6,1050.7,  -4.9,   1.3
223894,   0.2,   0.2,  -0.3,-100.9, -76.6,1005.8,  -5.4,   1.6
223918,  -0.2,  -0.7,   0.1,-105.5,-159.8, 956.7,  -5.6,   1.7
223942,  -1.0,   1.5,   0.7,-117.0, -72.2, 987.7,  -5.8,   1.6
223966,  -2.1,  -0.4,  -0.1,  12.9,-111.7, 939.1,  -5.8,   1.5
223994,  -1.5,  -1.8,   0.0,-216.1, -93.4,1078.8,  -5.8,   1.7
224018,  -0.9,  -6.8,  -1.0,  95.7,-212.3,1083.7,  -6.3,   1.7
224042,  -2.1,  -1.8,  -0.2, 166.0,-170.1,1008.7,  -6.5,   0.8
224066,  -0.2,   3.9,  -0.3,-177.5, -97.1, 998.7,  -6.7,   0.8
224094,  -0.1,  -1.5,  -0.5, 129.1, -98.3, 981.6,  -6.4,   1.1
224118,   0.0,   0.1,  -1.1,-103.6, -95.4, 935.0,  -6.4,   1.3
224144,  -1.0,  -2.6,  -0.5,  10.2,  52.3,1099.0,  -6.2,   1.4
224168,   0.3,  -0.1,  -1.0,  18.5,-148.6,1108.6,  -6.3,   1.4
224192,   0.5,   1.1,  -0.5,-123.6,-171.3, 892.0,  -6.4,   1.4
224216,  -1.3,   0.2,  -1.2,-101.6, -76.6, 920.6,  -6.1,   1.5
224244,  -2.5,  -0.8,  -2.4, -38.1,-190.3,1055.3,  -5.8,   1.5
224268,  -0.9,   1.0,  -1.9,  83.2, -43.4,1023.3,  -5.8,   1.2
224292,  -0.1,  -0.9,  -3.2,  63.7,  -8.4, 986.5,  -5.7,   1.1
224316,   0.7,  -1.7,  -4.3, -16.9,  -3.1,1065.3,  -5.4,   1.1
224344,   0.6,  -2.5,  -3.8,  49.0,  58.9,1034.6,  -4.7,   1.1
224368,  -0.2,  -1.7,  -4.6, -20.3, -21.6,1015.8,  -4.3,   1.2
224392,   0.4,  -2.3,  -2.6,  16.8,  41.6, 994.1,  -4.0,   1.2
224416,   1.0,  -0.8,  -1.7,  14.1,  26.5, 978.9,  -3.6,   1.3
224444,  -1.3,  -1.8,  -2.4, -31.1,  53.3, 953.8,  -3.0,   1.5
224468,  -1.6,  -4.5,  -2.6, -67.2,-148.3,1067.5,  -2.8,   1.8
224496,   2.2,   2.7,  -1.7, -71.6, -93.4, 884.4,  -2.7,   1.9
224516,   1.8,  -0.4,  -3.3,-164.8, 257.4, 991.9,  -1.6,   2.2
224544,   2.0,   1.0,  -2.5, -56.0,-225.7, 996.0,  -1.5,   2.3
224568,  -1.1,  -2.1,  -4.2,-107.2, -74.1, 903.7,  -1.2,   2.5
224592,  -1.3,   0.4,  -2.8,-140.9, -16.0, 989.7,  -1.5,   2.4
224620,  -1.5,   1.2,  -2.2, -20.8,   1.8,1009.2,  -1.5,   1.9
224644,  -0.5,  -1.2,  -2.6, -86.7,  35.0,1048.5,  -1.5,   2.2
224668,  -1.0,  -0.6,  -2.6,  15.1, -52.6,1072.4,  -1.7,   2.0
224692,   0.7,  -2.5,  -2.4,  83.2,  41.4, 880.3,  -2.2,   2.0
224720,   1.5,  -1.3,  -3.7,  47.1, -27.2,1001.4,  -2.6,   1.9
224744,   0.5,  -6.1,  -3.9,  80.8,-137.1,1019.7,  -2.6,   2.2
224768,  -0.1,  -1.2,  -3.3,   7.8,-117.8,1138.6,  -3.1,   1.8
224792,   1.5,  -0.7,  -3.0,  33.4, -32.6, 974.0,  -3.7,   1.9
224820,   0.2,  -0.9,  -2.2,-363.3, 113.1, 980.4,  -2.8,   2.6
224844,   1.7,  -5.9,   2.6,-187.3,-476.0,1236.2,  -3.8,   2.5
224868,   6.4,   1.8,   0.5, -84.3, -24.8,1022.6,  -4.8,   1.9
224892,   1.1,   0.4,  -0.3, -20.6,  14.0, 919.1,  -3.8,   1.8
224920,  -0.4,  -0.4,   2.0, -16.9, -16.7, 944.2,  -3.7,   2.0
224944,  -3.2,   0.2,   3.6,  26.1,-103.2, 961.1,  -3.9,   1.9
224968,  -1.1,   1.5,   4.8,-130.2,-236.2,1008.0,  -4.7,   2.1
224996,   0.5,  -0.1,   4.8,  -3.0, -93.2,1041.4,  -4.8,   2.1
225020,   1.2,   1.5,   5.0,-188.5,-110.0,1050.7,  -4.9,   2.4
225044,   0.6,  -0.4,   5.9, -49.1,-138.8, 984.3,  -4.9,   2.6
225068,   0.9,  -0.4,   6.8,  32.2, -64.6, 907.1,  -5.1,   2.5
225092,   1.7,   1.8,   8.2, -34.0, -35.8,1033.8,  -5.3,   2.5
225120,   1.8,   2.4,   8.7, -67.2,-134.7,1066.8,  -5.6,   2.4
225144,   3.1,   1.1,   8.0,-213.7,  19.4, 986.7,  -5.5,   2.7
225168,   1.2,  -0.5,   7.3, -93.8, -58.5,1000.6,  -5.3,   2.7
225192,   1.6,  -1.5,   8.0,   2.1, -90.5,1047.0,  -5.7,   2.7
225220,   0.3,  -2.5,   6.6,  31.2,-138.1,1016.8,  -5.9,   2.5
225244,   0.7,  -2.9,   5.9, 110.1, -78.0,1002.8,  -6.0,   2.2
225268,   0.4,  -0.1,   3.6, -68.4,-104.1, 923.3,  -5.9,   2.2
225292,   1.1,   0.4,   1.0, -93.6, -65.1, 876.4,  -5.8,   2.1
225320,  -2.1,   0.3,  -1.4,-221.5,  33.3,1032.4,  -4.7,   2.1
225344,  -0.2,  -5.4,  -1.3, 108.6,-295.1,1192.3,  -4.9,   2.0
225368,   1.2,  -0.1,   0.2, 136.4,-195.7, 964.5,  -5.3,   0.9
225392,   3.6,   1.1,   2.0, -10.5, 172.2, 962.1,  -4.9,   0.8
225420,   1.8,   0.3,   1.4,   2.1, 128.3, 922.8,  -3.3,   1.7
225444,   1.5,   0.6,   1.7,-281.3, -16.7, 974.0,  -2.7,   2.3
225468,  -0.5,  -2.6,   2.5, -51.3,-110.5,1059.5,  -2.6,   2.3
225496,   0.0,   0.4,   2.3, -16.9,-120.5,1028.7,  -2.6,   2.3
225520,  -0.6,  -1.3,   2.7, -13.2, -14.3, 983.1,  -2.3,   2.2
225544,   0.7,  -0.4,   1.5,  85.4, -15.8,1040.7,  -2.1,   1.8
225568,   0.4,  -0.7,   1.4,  20.7, -68.0, 966.0,  -1.7,   2.0
225596,  -0.2,  -2.1,   1.3,  -8.6,  62.4,1050.2,  -1.6,   2.1
225620,  -2.6,  -3.3,   1.9,  -9.6,-158.1,1040.9,  -1.9,   2.2
225644,  -1.3,   2.1,   1.4,  49.5,-126.6,1043.6,  -2.4,   1.9
225668,  -1.1,  -1.2,  -1.0,-108.7, -76.1,1015.5,  -2.4,   2.0
225696,  -0.4,   0.2,  -2.6,  58.5, -87.3,1052.4,  -2.5,   1.7
225720,  -1.3,  -2.9,  -2.2, -18.1, -69.2,1000.2,  -2.6,   1.7
225746,  -2.2,  -1.4,  -2.8,  26.6, -22.8, 896.2,  -2.6,   1.4
225770,  -3.8,  -1.5,  -2.8, 127.1, -49.2,1025.1,  -2.7,   1.1
225794,  -1.0,  -0.7,  -3.2,-205.9,-225.5,1183.0,  -3.1,   1.5
225818,   1.0,  -4.1,  -5.7,  38.0,  -1.9, 961.8,  -3.4,   1.5
225846,  -1.8,  -1.0, -10.1, 166.9,-142.5, 929.6,  -3.3,   0.4
225870,   1.5,   1.0,  -9.0,-275.0,  47.5, 963.0,  -3.6,   0.8
225894,  -1.2,  -5.3,  -6.4,  20.7, -61.4,1004.8,  -2.7,   1.1
225918,   0.6,   1.5,  -4.1,-210.3,  -1.9,1110.5,  -2.5,   1.2
225946,  -1.2,  -1.0,   0.5,  94.4,-114.2, 935.2,  -2.6,   1.3
225970,  -1.2,   1.6,  -0.2,-111.4, -63.6, 948.9,  -2.8,   1.4
225998,  -0.6,   1.9,  -0.3,  57.6, -81.2, 954.0,  -2.8,   1.4
226018,   0.6,   2.0,   0.1,-135.5, -29.7,1070.0,  -2.8,   1.1
226046,  -0.5,   2.2,   1.5,-103.8,-187.2,1108.8,  -3.1,   1.4
226070,  -1.3,  -0.7,   1.4, -11.5,-124.9, 980.9,  -3.0,   1.8
226094,  -0.9,   0.7,  -0.1, 108.8,-104.6,1074.9,  -3.2,   1.7
226118,  -2.1,   0.6,   0.9,  -5.2,-218.4, 945.5,  -3.4,   2.0
226146,   0.3,   0.5,   3.5,  84.2,  35.5, 964.0,  -3.6,   1.7
226170,  -1.8,   1.6,   4.9, -49.4,   6.9, 938.6,  -3.2,   1.9
226194,  -3.0,   2.1,   5.6, -85.3, -42.1, 939.9,  -3.2,   2.1
226218,  -5.0,  -1.4,   9.1, -97.0,-264.3,1203.8,  -3.4,   2.5
226246,   3.4,   5.7,  11.3,  -5.9,-140.5,1032.1,  -4.8,   1.9
226270,   3.3,  -0.9,   9.2, -98.7,  29.6, 926.7,  -4.4,   2.7
226294,   4.2,  -0.2,   9.1, -93.3,-216.0, 986.2,  -4.5,   3.1
226318,   1.1,   0.3,   8.6,-134.6, -91.5,1040.2,  -4.2,   3.3
226346,   1.8,  -0.7,  11.6, -28.9,-193.3,1125.4,  -4.4,   3.3
226370,   2.1,   0.1,  12.2,-142.4, -30.2,1067.5,  -4.5,   3.4
226394,   2.1,  -1.0,  11.4, -49.6, -14.5, 947.9,  -4.4,   3.4
226418,   4.3,  -0.9,  11.7, -50.3, -81.9,1134.7,  -4.4,   3.3
226446,   2.4,   1.3,  13.1,-245.4,-160.5,1082.2,  -4.2,   3.6
226470,   3.5,  -0.8,  11.6,-128.0,  27.0,1035.1,  -4.1,   3.6
226498,   1.8,  -1.1,   9.7, -43.3,  39.9,1022.1,  -4.0,   3.6
226518,   1.2,   1.1,   8.0,-111.1, -39.4, 965.5,  -3.9,   3.1
226546,   0.4,  -0.0,   5.9,  54.9,   8.9,1006.7,  -3.6,   2.8
226570,  -0.3,  -1.6,   4.4, -27.9,  30.1, 909.1,  -3.1,   2.5
226594,  -2.0,  -0.7,   4.2, -22.8,  78.2, 958.2,  -2.3,   2.2
226622,  -3.7,  -5.7,   8.5, -20.1,-309.5,1274.3,  -2.1,   2.4
226646,   1.2,  -4.0,   6.6, 127.9, -45.1, 951.3,  -2.3,   2.3
226670,   3.6,   0.4,   2.5, -97.9,  84.8, 887.6,  -2.5,   2.1
226694,   1.7,  -3.9,   3.2,   7.0, 176.1, 991.6,  -1.6,   2.0
226722,   0.4,  -0.7,   4.1, 328.6,-195.0,1091.0,  -2.0,   1.4
226746,   3.3,   4.3,   1.1,-244.4, 126.6, 982.8,  -2.4,   1.4
226770,   2.3,  -2.7,   1.1, -23.0, -65.1,1037.5,  -2.2,   1.5
226794,   3.2,   0.5,   0.4,  52.9,  10.6, 969.9,  -2.3,   1.3
226822,   1.8,  -0.7,  -1.3,  27.5,  -9.4, 860.5,  -2.4,   1.1
226846,   2.6,  -0.2,  -0.3,  18.8,  -6.2,1087.3,  -2.6,   1.1
226870,  -0.5,  -1.8,   0.2, 144.7, -54.6, 999.7,  -2.2,   1.2
226894,   1.0,   0.5,   0.6, -75.7, -15.5, 983.6,  -2.6,   1.2
226922,   0.2,  -1.0,   0.1, 110.1, -98.0,1011.6,  -2.6,   1.2
226946,   0.1,  -1.0,  -2.2,  55.1,   9.6, 914.2,  -2.4,   1.2
226970,  -2.1,   0.1,  -1.6, 100.3,-197.4,1535.1,  -2.4,   1.0
226998,   2.7,  -5.3,   3.5, -17.6,   5.7,1088.5,  -2.2,   0.8
227022,   0.4,  -0.2,   2.0, 219.9, -13.6,1013.8,  -1.6,  -0.0
227046,  -0.2,   1.1,   2.0,-309.1, -92.4, 996.7,  -1.6,   1.2
227070,  -0.5,  -5.3,   2.3, 177.7,-145.6, 948.2,  -1.8,   1.1
227094,   0.2,   4.2,   0.8, -29.3,-141.3,1074.4,  -2.4,   0.2
227122,  -0.9,  -2.1,   2.2, -38.9,-150.5, 971.1,  -1.9,   1.1
227146,  -0.4,  -2.2,   0.8, -71.6,-133.9,1041.4,  -2.3,   1.3
227170,  -1.9,  -6.1,  -0.1, 148.4,  -4.3, 998.2,  -2.3,   1.5
227194,   0.7,  -0.3,  -0.7,-156.1,-141.5,1087.6,  -2.6,   1.4
227222,  -0.5,  -2.9,   1.1, 109.6,  -7.2,1069.5,  -2.4,   1.2
227246,  -0.7,  -1.6,   1.4,  -0.0,-103.9,1037.5,  -2.5,   1.2
227270,  -0.7,   1.3,   1.3,-141.9,-156.6,1002.8,  -3.0,   1.3
227294,  -0.9,  -3.4,   1.5, -73.8, -18.9,1039.9,  -2.8,   1.5
227322,  -2.2,  -0.1,   1.7,  54.2,  54.3, 873.4,  -2.6,   1.4
227344,  -3.2,   1.9,   2.1,-308.9,  21.6,1105.6,  -2.4,   1.7
227372,  -0.2,  -5.9,   3.4, 282.2, -45.3, 788.2,  -3.4,   1.4
227396,  -0.9,   3.6,  -0.1, -77.4, -74.8,1019.9,  -3.6,   0.9
227420,  -0.7,  -0.6,  -0.5, -57.7, -22.8,1064.1,  -3.5,   1.3
227444,  -2.4,   0.4,  -2.1,-101.9, -70.2,1168.9,  -3.2,   1.4
227472,   1.2,  -0.3,  -1.6,  81.3, -22.1,1121.2,  -4.0,   0.6
227500,  -0.3,  -1.9,  -3.5,-172.7,  64.6, 943.3,  -3.9,   0.8
227520,   0.9,  -1.5,  -1.9,  64.9,  13.3, 942.8,  -3.9,   0.5
227544,  -0.9,   0.6,  -2.3, -41.1,-115.9,1055.1,  -3.9,   0.5
227572,  -0.7,   1.2,  -0.7,-168.5, -73.6,1127.8,  -3.3,   0.8
227596,   0.1,  -1.0,  -0.3, -77.4,-150.5, 925.7,  -3.2,   1.1
227620,   1.9,  -2.3,  -1.0, 139.8,  38.2,1005.5,  -2.8,   0.7
227648,   1.0,  -1.0,  -1.6,-171.4, -28.0, 833.9,  -2.7,   1.2
227672,   1.7,   0.7,  -2.3, -23.2,  11.1, 881.3,  -2.6,   0.8
227696,  -2.3,  -3.9,  -3.5, 329.8, -32.4,1305.8,  -1.6,   0.1
227720,  -0.6,  -1.4,   0.3,-236.1,-322.4, 938.1,  -2.5,   1.0
227748,   1.3,  -4.8,  -2.2,  77.1, 102.4, 996.2,  -2.1,   0.8
227772,  -0.7,  -9.5,  -4.1, 246.0,-183.7,1183.7,  -1.9,   1.0
227796,   3.3,   1.9,  -4.7,-148.0,-115.9, 869.3,  -2.8,   0.6
227820,  -0.5,  -6.1,  -3.9,-301.8,   5.7,1031.2,  -1.6,   1.4
227848,   3.4,   3.5,  -5.8,  51.7,  -5.3, 782.9,  -2.3,   0.6
227872,   2.4,  -2.7,  -4.9,-368.5, 182.7,1021.9,  -2.0,   1.1
227896,  -1.0,  -0.5,  -5.4, -27.6,-110.7, 931.1,  -1.8,   0.9
227920,  -1.4,  -3.4,  -5.6,  29.7,-182.8,1000.9,  -2.1,   0.6
227948,  -1.0,   2.9,  -6.0,-349.7,  47.5,1009.9,  -2.1,   0.6
227972,  -3.2,  -3.8,  -6.5, 380.3,  24.8, 922.5,  -2.1,   0.1
228000,   6.7,  -3.6,  -5.3, 130.6,  96.5, 581.0,  -1.7,  -0.2
228020,   0.4,  -0.1,  -9.1,-104.3,  49.9,1005.8,  -1.2,  -0.4
228048,  -1.3,  -6.8,  -3.5, 258.7,  54.5,1134.2,  -0.7,   0.2
228072,  -0.1,   3.0,  -1.1, -42.3, -56.3, 967.7,  -1.6,  -0.5
228096,  -2.5,  -4.7,  -1.3, -36.9, -76.6, 944.5,  -1.2,   0.5
228120,   0.6,  -0.4,  -1.4,-110.2,-116.6, 805.6,  -1.9,   0.2
228148,  -2.0,   0.6,  -0.2, -69.4,-143.0, 925.4,  -1.8,   0.5
228172,  -1.9,   1.7,   1.4,-180.5,-213.5, 893.5,  -2.0,   0.5
228196,  -0.7,   3.8,   1.9,-286.7, -19.9,1071.7,  -2.3,   0.9
228220,  -0.8,   0.1,   0.3,-148.0,-154.0,1124.4,  -2.6,   1.2
228248,   2.1,   0.5,   1.2,  19.7,-122.0,1110.5,  -3.3,   1.2
228272,  -0.9,  -0.3,  -0.3, -43.5,  58.9, 897.6,  -3.0,   1.4
228296,  -3.0,   3.0,  -0.0,-193.4,-189.1,1316.6,  -3.1,   0.9
228320,  -0.7,  -2.5,   3.4,-212.7,-363.4, 919.6,  -4.0,   1.7
228348,   0.6,  -0.7,   3.1,  15.8, 139.0,1036.0,  -3.9,   1.1
228372,  -1.3,  -3.1,   4.4, 387.9,-166.4, 843.2,  -3.8,   1.1
228396,   0.4,   3.3,   2.3, -24.5,-182.0,1009.7,  -4.5,   0.8
228420,   1.0,  -2.3,   3.7,-161.9,  42.1, 952.1,  -4.0,   1.6
228448,   0.1,  -1.9,   1.1,  83.9, -63.9, 923.3,  -3.9,   1.5
228472,  -0.1,  -3.4,   0.4, -73.5, -43.8,1041.4,  -3.9,   1.6
228500,   2.0,  -0.7,   0.1, -25.9, -48.7, 914.2,  -3.8,   1.7
228520,   1.0,  -2.5,  -0.2,-121.9, 146.6,1095.6,  -3.1,   1.7
228548,  -0.1,  -0.6,  -0.6, -94.8,-101.9,1119.8,  -3.0,   1.6
228572,  -1.0,   1.4,  -2.0,  18.5,  77.3,1032.4,  -2.2,   1.6
228596,  -4.0,  -2.9,  -0.7,  -8.1,  13.0,1016.8,  -1.7,   1.6
228620,  -3.7,  -0.3,   1.7, 205.0, 113.6, 907.1,  -1.6,   1.0
228648,   1.6,  -4.8,   4.2,  22.4,-263.8, 899.6,  -2.6,   1.6
228672,  -0.2,   1.7,  -0.8, -74.3, 109.0, 943.8,  -1.5,   1.1
228696,  -4.3,   2.2,  -1.1, -91.1,-175.4,1095.6,  -1.0,   1.5
228724,   5.6,  -8.9,   0.1, -55.7,-444.7,1074.1,  -2.9,   2.0
228748,   0.4,  -0.9,  -7.2, -78.7,-160.1, 984.8,  -1.1,   0.9
228772,   2.1,   2.1,  -7.5,  12.4,-103.9, 989.4,  -1.5,   0.3
228796,   8.6,  -2.6,  -7.9,-145.3, 414.9, 975.3,  -1.7,   0.6
228824,   5.3,  -0.5,  -7.2,-160.2,-135.6, 949.9,  -1.4,   0.4
228848,   2.8,   1.9,  -7.0,-122.9, 248.1, 939.4,  -0.3,   0.3
228872,   5.4,  -4.3,  -1.5, -88.2,-228.2,1051.2,  -1.2,   1.2
228896,   3.6,  -5.5,  -3.1, 143.3, 299.9,1014.3,  -0.4,   0.9
228924,   2.2,   6.5,  -1.9, -95.5,-329.7, 890.0,  -1.3,  -0.3
228946,   3.9,  -0.2,  -2.5,-350.9, 182.5, 863.7,  -0.5,   0.6
228974,   2.1,   0.1,  -1.8,-119.9,-252.8, 995.3,  -0.8,   0.5
229002,   3.3,  -1.1,  -1.3, -97.7, -69.2, 963.5,  -0.8,   0.6
229022,   3.2,   1.1,   0.3, -13.0, -22.1,1027.5,  -0.8,   0.6
229046,   3.8,   1.0,   0.2,  17.0, -77.0,1060.9,  -1.8,   0.8
229074,   4.4,   0.8,  -1.1, 145.5, -13.3,1159.8,  -1.0,   0.9
229098,   6.0,   0.3,   0.3, -52.3,-126.1, 968.2,  -1.5,   1.1
229122,   0.2,  -1.4,  -0.2, 131.8,   1.8, 720.1,  -0.5,   1.1
229146,  -1.3,   9.4,   0.4,-128.5,-469.4,1923.3,  -0.5,   0.3
229174,   5.2,  -3.4,   3.6,-179.7, 298.2, 818.5,  -0.6,   1.7
229198,  -2.5,   0.1,  -2.5, 323.4,-167.4,1114.7,  -0.2,   1.1
229222,   3.5,   3.0,  -1.1,-301.8,  17.2,1089.0,  -1.6,   1.1
229246,  -2.0,  -3.4,  -0.8,-200.5,  90.4,1010.2,  -0.6,   2.0
229274,  -1.5,  -0.1,  -0.5, 162.3,-100.0, 932.3,  -1.6,   1.0
229298,  -2.1,  -4.0,   0.6,  53.7,-102.4,1020.4,  -1.9,   1.3
229322,  -3.5,  -2.1,   0.1,  72.9,-239.4, 993.8,  -2.3,   0.8
229346,  -3.0,  -2.3,  -0.3, -13.5,-107.3, 947.9,  -2.4,   1.2
229374,  -2.1,  -0.4,  -1.0, -97.0,-115.1, 989.2,  -2.5,   1.2
229398,   0.1,  -2.7,  -0.9, 109.6, -45.1,1096.8,  -2.6,   1.0
229422,  -1.2,  -1.0,  -3.0, -99.9,  94.3, 926.9,  -2.1,   1.2
229446,  -4.0,  -3.9,  -2.1, 377.9, -37.0,1014.1,  -2.2,   0.7
229474,  -4.0,   5.3,  -2.8,-700.5,-243.5,1328.3,  -2.0,   1.3
229502,  -0.1,  -1.1,  -2.2, 284.6, 179.3,1014.1,  -1.7,   0.9
229522,  -2.1,   3.9,  -0.9,  63.7,-147.1, 957.7,  -2.0,   0.6
229546,   2.6,   0.9,   0.0,-122.6, 219.3,1042.1,  -1.5,   1.4
229574,  -0.9,  -2.4,  -0.8, -12.5,-132.2,1040.4,  -1.0,   2.1
229598,  -1.3,   0.5,  -0.6,  15.8,-138.1,1286.5,  -1.6,   1.7
229622,  -3.0,  -3.1,  -0.9, -23.2,-126.9, 961.1,  -1.5,   1.7
229646,   0.6,   3.0,  -0.4, -54.7,  23.3,1113.4,  -1.8,   1.1
229674,   1.0,  -1.6,   0.1,-122.4,-101.0,1355.1,  -1.3,   1.5
229698,   2.1,   0.1,  -0.5,  89.8,-146.6,1047.5,  -1.4,   1.4
229722,   3.2,  -0.1,  -0.7,  25.8,  45.8,1030.4,  -1.4,   1.4
229750,  -1.3,   7.1,   1.5,-460.3,-251.9,1085.4,  -0.8,   1.6
229774,   4.8,  -0.5,   1.1, -72.8, 227.4, 790.9,  -1.4,   1.6
229798,  -1.3,  -2.8,  -3.1, 358.8,-242.6,1140.0,  -1.2,   0.9
229822,   4.0,   3.0,  -0.9,-122.1,-175.4,1167.4,  -2.1,   0.9
229850,   2.4,  -3.4,  -0.3,  90.5,-136.9,1098.5,  -1.4,   1.3
229874,  -0.3,   0.3,  -1.3, 349.1,-144.4, 965.5,  -1.9,   0.7
229898,  -1.3,  -5.6,  -1.6,  30.2,-354.9,1069.2,  -2.6,   1.3
229922,  -0.5,  -2.8,  -0.7, 115.9,-174.2,1240.9,  -3.0,   0.8
229950,   4.8,   1.5,   1.4,-200.7, -47.7,1054.6,  -2.6,   1.2
229974,   4.0,  -3.9,   1.4, 368.1, -69.2, 985.5,  -2.3,   1.0
230002,   2.8,   7.1,  -0.9,-313.3,  46.2, 937.2,  -2.2,   1.5
230022,   0.6,   4.1,  -1.2,-101.6,  12.3, 945.0,  -2.1,   0.8
230050,  -0.8,   6.0,   2.7,-271.3, -16.0,1081.9,  -1.8,   1.1
230074,   1.8,  -5.9,   2.9, 257.5,  -7.7, 961.6,  -2.4,   1.5
230098,   0.2,  -2.8,  -3.5, 243.1,   3.3,1100.3,  -2.6,   1.3
230122,   0.7,   6.5,  -3.9,-262.0,-200.1, 951.1,  -3.4,   1.2
230150,  -0.3,  -4.8,  -3.5, 165.2,  10.1,1072.7,  -2.6,   1.3
230174,   0.4,   0.7,  -2.5, 104.7, -76.8, 991.9,  -2.7,   0.8
230198,  -1.2,  -1.0,  -3.5,-222.7, -11.6, 934.0,  -2.6,   1.4
230222,   0.2,  -2.2,  -2.7,  -6.6, -17.0,1057.8,  -2.8,   1.3
230250,   1.1,  -0.9,  -2.7,  90.8,  35.3,1191.8,  -2.9,   0.9
230274,   0.7,   1.6,  -2.4,-150.7, -24.1,1085.4,  -2.8,   1.1
230298,   0.0,  -4.6,  -3.7,  86.4, -93.9,1124.7,  -2.6,   1.1
230322,   0.8,   0.1,  -4.2,-100.1, -15.0,1010.7,  -2.6,   1.2
230350,  -0.4,   1.4,  -6.5, -25.2, -20.9,1064.9,  -2.7,   0.8
230374,  -0.6,  -1.4,  -7.4,-152.1, -21.9, 846.3,  -2.5,   0.9
230398,  -2.1,  -1.5,  -7.6, 222.9,  42.8,1267.7,  -1.9,   0.3
230422,  -1.0,  -4.5,  -5.9,-209.3,-117.1, 957.4,  -2.1,   1.3
230450,  -2.7,  -3.2,  -8.4, 410.8, 115.8, 939.6,  -1.7,   0.4
230474,  -2.1,   2.4,  -6.6,-127.2,  66.3,1122.5,  -1.8,   0.0
230502,  -3.9,   1.0,  -5.9, -90.6, -42.6, 936.9,  -1.9,   0.2
230522,  -0.9,  -0.9,  -4.3, 170.9, -99.5,1225.7,  -2.1,   0.1
230548,  -0.5,   2.6,  -5.8,-353.1,-109.0,1095.9,  -2.0,   0.6
230572,  -1.5,  -3.8,  -5.7, 169.6, -11.6, 939.6,  -1.7,   0.4
230600,  -0.9,   2.3,  -4.5,-304.7,-115.4,1034.3,  -1.8,   0.5
230624,  -1.9,  -0.1,  -3.2, -23.7, -18.0,1148.6,  -1.4,   0.5
230648,  -0.5,  -0.3,  -2.8, -10.8,-121.2,1078.5,  -1.7,   0.8
230672,  -0.1,  -1.7,  -5.3, 104.7, -87.3,1087.3,  -1.8,   0.6
230700,  -1.2,  -1.2,  -4.3, -44.0,  92.4,1013.8,  -1.4,   0.9
230724,  -4.6,  -0.2,  -4.4, -58.6, -46.3, 860.8,  -1.4,   0.9
230748,  -3.8,  -7.6,  -1.6,-142.6,-430.1,1377.1,  -2.1,   1.6
230776,   2.8,   5.2,  -3.7, -23.2, -83.6, 916.2,  -3.1,   0.1
230800,   1.0,  -1.4,  -5.5,-132.6,  -6.2,1071.2,  -2.4,   0.8
230824,   1.6,  -1.0,  -6.7,  34.4, -75.3, 905.9,  -2.6,   0.9
230848,  -2.9,  -0.1,  -6.8,-171.9,-226.0,1073.2,  -2.7,   0.8
230876,  -2.0,  -1.9,  -5.7, -36.9,-106.6, 985.5,  -3.5,   0.8
230900,  -1.7,  -1.7,  -5.8,  36.6, -58.7,1073.4,  -3.4,   0.6
230924,  -1.5,  -0.6,  -4.7, -30.6,-182.3,1139.8,  -3.1,   0.5
230948,   0.0,   2.1,  -3.5, -32.3,-100.2,1036.3,  -3.1,   0.6
230976,   2.4,  -1.5,  -4.1,-102.3, -41.9,1091.5,  -2.9,   1.2
231004,   1.9,  -0.8,  -3.4,  88.3,  57.2, 903.7,  -2.7,   1.1
231024,   1.6,  -1.6,  -3.5, -18.6, -55.1, 943.3,  -2.9,   1.1
231048,   2.0,  -1.1,  -3.6, -27.1,  16.9, 999.9,  -2.6,   1.2
231076,  -1.8,  -4.2,  -4.6, 114.0,  30.1, 981.8,  -1.7,   1.3
231100,  -3.8,   7.1,  -4.7,-160.2,-257.0,1275.3,  -1.8,   0.6
231124,   3.1,  -1.2,  -2.1,-230.5, 155.9, 843.4,  -1.9,   1.6
231148,  -0.2,  -1.0,  -4.7, 219.2, -97.1,1088.5,  -1.4,   0.7
231176,  -0.9,   0.4,  -2.8, -44.2,   1.1,1016.0,  -1.2,   1.3
231200,  -1.5,   5.0,  -2.4, -89.9,  43.6,1078.3,  -1.0,   0.9
231224,  -0.9,   0.7,   0.1, -28.9, -19.7,1033.1,  -1.2,   1.1
231248,  -1.3,   1.7,  -0.7,   9.2, -23.3,1022.9,  -1.2,   1.0
231276,  -0.2,   3.0,  -1.7,-124.3,  14.5, 925.7,  -1.2,   1.1
231300,   1.3,  -0.2,  -2.7, 114.7,  -9.2,1106.4,  -1.4,   1.2
231324,   0.7,   0.9,  -2.1, 147.2,-145.6,1095.1,  -1.3,   0.9
231348,   0.7,  -0.3,  -2.7,   8.5,  10.4, 976.0,  -1.1,   1.3
231376,  -0.6,   0.7,  -2.5, -91.1,-304.1, 984.5,  -1.5,   1.6
231400,  -2.3,  -2.9,  -3.5,   6.5,   4.5, 945.5,  -0.8,   1.6
231424,  -7.4,  -2.0,  -3.5, 179.9,-201.3, 929.6,  -0.6,   1.4
231448,   1.0,  -1.4,  -2.2,-121.4,-226.5,1090.0,  -1.9,   1.5
231476,   1.2,  -1.6,  -6.1, 222.9,  56.3, 968.7,  -0.9,   1.3
231504,   1.3,  -2.6,  -5.9, -96.0,  -0.6,1050.2,  -0.8,   1.3
231524,   0.2,  -0.2,  -5.0,-110.2, -21.6, 995.8,  -0.6,   1.5
231548,   0.3,  -2.1,  -5.3, -24.5, -19.9, 881.3,  -0.8,   1.3
231576,  -1.5,   0.8,  -5.9, -67.2, 120.0,1007.2,  -0.6,   1.2
231600,   0.3,  -1.3,  -5.5, -36.7,-134.4,1140.5,  -1.0,   1.2
231624,   1.8,   1.3,  -7.2,-164.4,  53.6, 978.7,  -0.8,   1.0
231648,   1.9,  -3.2,  -6.2, 238.0, -28.5, 974.8,  -0.6,   0.8
231676,  -1.5,  -1.0,  -5.9,-292.8, -94.6, 942.3,  -0.4,   1.5
231700,  -2.2,  -5.4,  -3.1, 116.7,-111.0,1010.4,  -0.8,   1.2
231724,  -1.8,   0.1,  -1.8, 462.8,-115.1, 940.1,  -1.1,  -0.0
231752,   0.4,   2.4,  -2.1,-608.9, -60.9,1337.8,  -1.0,   1.4
231776,   5.4,  -4.3,  -3.2, 265.6, -32.6, 768.2,  -1.7,   0.7
231800,   0.0,   2.5,  -9.6,-233.2,-113.7,1084.4,  -1.2,   0.2
231824,  -0.4,   1.5,  -4.7, -77.7,-130.5,1037.8,  -1.4,   0.6
231852,  -0.4,  -0.7,  -3.8, 283.2,  91.7,1089.8,  -1.7,  -0.1
231876,  -1.2,   0.1,  -4.8, -62.3,  87.0, 974.8,  -1.8,   0.4
231900,   1.7,  -2.5,  -3.6,  37.8,  72.9, 985.0,  -2.2,   0.4
231924,   1.4,  -4.5,  -6.2, 146.7, -37.7,1044.1,  -2.1,   0.6
231952,   0.3,  -2.7,  -7.3, 142.3, -11.9, 957.7,  -1.8,   0.4
231976,   0.3,   0.4,  -3.9,-146.3,  -1.4, 899.3,  -2.0,   0.5
232004,  -1.8,  -0.9,  -3.9,-164.8, -87.8, 927.4,  -2.1,   0.7
232024,  -0.1,  -2.5,  -4.9,  46.6, -26.5, 997.5,  -2.2,   0.4
232052,   3.1,   1.9,  -5.2,   9.7, 128.0, 978.7,  -2.7,  -0.1
232076,  -1.5,  -2.3,  -5.3,  81.3, 150.2, 851.7,  -1.4,   0.4
232100,  -4.1,  -2.5,  -3.6, 131.3,-374.4,1288.0,  -2.0,   0.6
232124,  -1.6,  -2.8,  -3.9,   4.1,  24.8, 907.6,  -2.1,   0.9
232150,  -3.4,  -3.7,  -3.9,-210.7,-188.4,1029.9,  -2.0,   0.9
232174,  -1.0,  -0.9,  -2.8,  67.6,-166.9,1037.5,  -2.3,   0.8
232202,  -0.9,  -0.9,  -3.6,-123.8,-122.2, 985.5,  -2.2,   1.0
232226,   1.0,  -2.1,  -3.3,  92.0,-119.3,1052.4,  -2.5,   1.0
232250,  -1.1,  -2.6,  -4.7,  62.7,  33.8,1035.1,  -2.2,   1.0
232274,  -1.6,  -3.3,  -2.4,  89.3,-117.6,1022.4,  -2.5,   0.9
232302,  -1.5,  -0.5,   0.6,  46.6, -60.9,1009.2,  -3.2,   0.9
232326,  -1.2,   1.2,   0.0, -69.1, -82.7,1015.3,  -3.4,   1.1
232350,   0.3,   0.5,  -0.8,-212.7, -46.3, 912.3,  -3.5,   1.8
232374,   0.2,  -5.8,  -0.8, 205.0,-189.1,1032.1,  -3.8,   1.7
232402,   0.9,   2.4,  -0.7, -88.4,-225.0,1031.9,  -4.9,   1.2
232426,   0.2,  -0.3,   1.0, -97.2,  41.1,1033.1,  -4.5,   1.6
232450,  -0.4,  -1.0,  -0.7, -53.8, -68.0, 997.0,  -4.8,   1.8
232474,  -2.0,  -0.9,  -1.4,  74.9, -71.2, 897.4,  -4.9,   1.6
232502,  -0.4,  -2.0,  -1.6, -64.7,-137.3,1081.9,  -5.0,   1.6
232526,   3.7,  -5.6,  -4.3, 143.3,  27.7, 951.6,  -4.9,   1.4
232550,   3.6,  -0.2,  -5.4, -58.4, 128.8, 888.3,  -3.8,   1.1
232574,   0.5,  -1.8,  -4.1, -82.1,  27.2, 943.0,  -2.8,   1.2
232602,  -0.1,  -0.9,  -1.7,-152.4,  41.6, 991.9,  -2.6,   1.6
232626,  -0.4,  -3.0,  -0.8,  40.2,  15.2, 993.3,  -2.4,   1.5
232650,   0.4,  -2.1,  -2.0,   3.9,  38.9,1053.1,  -2.0,   1.4
232674,   1.1,   0.3,  -1.9,-137.5,   8.9, 966.5,  -1.6,   1.4
232702,   0.7,  -2.6,  -2.3, 147.2,  22.8, 948.9,  -1.4,   1.4
232726,   1.7,  -1.8,  -2.8,  75.1,  29.6,1104.4,  -1.5,   1.1
232750,  -0.1,   0.1,  -2.6,-158.3,-128.1, 946.4,  -1.6,   1.1
232778,   0.6,  -0.6,  -1.9,  29.5,  42.3, 973.3,  -1.7,   0.9
232802,  -0.3,  -2.0,  -2.7, -87.5, 137.8,1018.7,  -1.4,   1.3
232826,  -2.6,  -6.0,  -4.0,  -0.3,-203.8,1032.9,  -1.9,   1.5
232850,  -2.1,   2.9,  -4.6,  32.7,-221.6, 913.0,  -2.7,   0.2
232878,  -0.1,  -3.1,  -3.8, 111.3,  98.7,1012.1,  -2.4,   0.7
232902,   0.1,  -1.0,  -5.0,-130.4, -28.2, 924.7,  -2.7,   0.8
232926,  -0.7,  -0.9,  -6.8, -30.8,-111.5, 972.8,  -2.5,   0.7
232950,  -1.0,   1.8,  -5.6,-227.3,   4.5,1011.9,  -2.7,   0.9
232978,   0.6,  -3.5,  -5.0,  19.2,-157.1,1025.8,  -3.7,   0.9
233006,   1.7,  -0.3,  -6.1, -33.5, -83.4, 952.5,  -3.7,   0.9
233026,   2.3,   1.4,  -5.2, -44.7,  42.1,1098.5,  -2.9,   0.8
233050,   1.3,  -0.6,  -3.9,  66.1,  31.4, 966.2,  -2.6,   0.9
233078,   0.8,   0.1,  -2.3, -21.8, -59.7,1009.7,  -3.0,   0.7
233102,  -0.9,  -1.7,  -1.7,  78.3, -13.6,1021.6,  -2.7,   0.9
233126,  -0.5,   1.8,  -1.5,   5.6, -58.7,1009.4,  -2.8,   0.9
233150,  -0.9,   1.1,  -2.2,-115.0,-136.9, 975.7,  -2.9,   1.1
233178,  -0.3,  -0.9,  -2.1, -10.1,-130.5,1045.6,  -3.1,   1.2
233202,   0.1,   1.6,  -3.1, -55.7, -95.1,1015.0,  -3.3,   1.3
233226,   0.4,  -2.3,  -2.8, -29.1, -53.6,1005.8,  -3.3,   1.4
233250,   0.7,  -1.5,  -2.7, -44.0, -43.1, 983.1,  -3.4,   1.4
233278,  -0.7,  -0.1,  -2.4, -73.0, -63.6,1004.5,  -3.4,   1.4
233302,  -0.2,  -1.1,  -1.9, -59.9,  -9.7,1027.3,  -3.4,   1.6
233326,  -0.3,  -1.5,  -2.5,  83.2, -67.8,1036.8,  -3.3,   1.4
233350,  -0.5,   2.0,   0.2,   7.3, -72.4, 998.2,  -3.5,   1.2
233378,   1.2,   2.9,   0.6, -76.7, -30.9,1011.4,  -3.5,   1.1
233402,   0.7,   2.1,   1.2, -84.5,   5.7,1004.5,  -3.3,   1.4
233426,   0.7,  -0.3,   0.5, -21.0, -96.8,1012.9,  -3.1,   1.7
233450,   0.2,   0.1,   0.1, -34.5, -64.4,1015.3,  -3.2,   1.8
233478,   0.1,  -2.5,   1.1,  35.8, -78.8, 964.0,  -3.3,   1.7
233506,   0.2,  -0.2,   0.4, -30.1, -43.4,1005.5,  -3.3,   1.7
233526,   0.5,  -1.2,   0.1, -33.3, -26.3,1022.9,  -3.2,   1.7
233550,   0.8,  -0.1,   0.0,  -3.2, -22.4, 980.4,  -3.0,   1.6
233578,  -0.2,  -0.4,   0.4, -28.4, -36.5,1007.7,  -2.8,   1.6
233602,  -1.5,   0.2,   0.5, -35.2, -46.5,1008.5,  -2.8,   1.7
233626,  -1.3,  -0.4,   0.4, -28.4, -54.6,1037.5,  -2.7,   1.6
233650,  -1.0,  -0.1,   0.6, -31.3, -85.6, 999.9,  -2.8,   1.7
233678,   0.9,  -0.9,   0.5, -52.5,-113.7,1014.8,  -3.0,   1.6
233702,   1.0,   1.0,  -0.2, -26.7, -14.3, 995.0,  -2.9,   1.6
233726,   0.4,  -0.9,   0.3, -10.3, -22.8, 971.6,  -2.8,   1.6
233752,   0.8,  -0.8,   0.6, -20.6, -43.6, 999.9,  -2.7,   1.6
233776,   0.1,  -0.0,   0.7, -24.2,   2.1,1003.8,  -2.6,   1.6
233804,  -0.2,   0.2,   0.5, -26.4, -29.2,1029.5,  -2.5,   1.6
233828,   0.1,  -0.2,   0.3, -84.8,  20.9,1022.6,  -2.3,   1.6
233852,   0.7,  -0.4,   1.4,  47.1,  13.5,1084.6,  -2.2,   1.5
233876,   0.2,  -1.7,   0.9, -48.4,  -7.5,1052.2,  -2.1,   1.5
233904,   0.3,   0.2,   1.6,   8.3, -69.5,1003.6,  -2.3,   1.5
233928,   0.2,  -1.0,   0.9, -40.1, -38.5,1021.4,  -2.3,   1.5
233952,  -0.4,   0.6,   1.1, -49.6, -71.2,1018.5,  -2.4,   1.5
233976,  -1.0,   0.8,   1.5, -18.1,-103.2,1003.3,  -2.6,   1.5
234004,  -0.8,   0.2,   0.6, -38.1, -99.8,1005.0,  -2.6,   1.6
234028,  -1.0,  -0.0,   1.1, -43.0,-113.9,1003.1,  -3.0,   1.6
234052,  -0.5,   1.6,   1.5,  -7.1,-101.5,1014.8,  -3.4,   1.5
234076,  -0.8,  -0.1,   0.2, -20.6,-118.1, 993.3,  -3.6,   1.5
234104,   0.1,  -0.0,  -0.5, -30.6, -85.6, 996.0,  -3.8,   1.5
234128,   0.2,   0.1,  -0.6, -24.7, -53.4,1006.7,  -3.8,   1.5
234152,   0.2,  -0.6,  -0.4, -27.4, -60.0,1022.6,  -3.9,   1.5
234176,  -0.2,  -0.5,  -0.7, -59.6, -52.4,1004.1,  -3.8,   1.6
234204,   0.6,  -0.6,  -0.7, -94.3, -61.4, 934.5,  -3.6,   1.6
234228,   0.1,   0.3,  -0.8, -40.1,  21.6, 987.7,  -3.0,   1.6
234252,   2.3,  -1.0,  -1.1,  15.6,  10.4,1020.9,  -2.9,   1.5
234276,  -0.3,  -2.2,  -1.6, 102.0, -25.8,1027.0,  -2.6,   1.4
234304,  -0.2,  -1.5,  -1.8, -60.8, -18.0,1023.1,  -2.6,   1.2
234328,  -1.2,  -1.2,  -0.3, -39.4,  -7.0, 986.5,  -2.5,   1.3
234352,  -0.4,  -0.9,  -0.4, -30.8, -14.5,1011.6,  -2.4,   1.3
234376,  -0.3,  -1.1,  -1.3,-107.5, -47.5,1001.9,  -2.4,   1.3
234404,   0.8,  -1.6,  -1.3,  13.4, -39.7,1020.2,  -2.3,   1.2
234428,   0.0,   1.1,  -1.9, -37.2, -42.4,1008.2,  -2.4,   1.1
234452,  -0.1,  -0.5,  -1.9,  -9.1, -43.1,1002.6,  -2.4,   1.1
234476,  -1.0,   2.1,  -1.7,  20.9, -44.6,1017.0,  -2.4,   1.0
234504,  -1.5,   1.7,  -1.7,-216.8,-139.5, 674.0,  -2.6,   1.3
234528,   0.4,   3.0,  -0.2, 123.2, -39.7,1013.6,  -1.9,   1.4
234552,   0.1,   2.5,   0.8,-408.5, -30.7, 917.1,  -1.6,   2.1
234576,  -0.7,  -3.7,   2.8,  88.6, -64.6,1000.2,  -1.5,   2.0
234604,  -0.2,   1.5,   0.8, -88.4, -42.6,1011.1,  -1.5,   1.7
234628,  -0.2,  -1.9,  -0.5, -32.5, -70.0, 976.5,  -1.6,   1.6
234652,   0.0,  -2.5,  -2.4, 124.0, -14.5,1029.5,  -1.6,   1.3
234676,  -0.6,   1.8,  -3.7,-155.6, -39.7,1012.4,  -1.6,   1.4
234704,  -0.1,  -2.1,  -2.2,  73.7, -17.5,1031.2,  -1.5,   1.4
234728,  -0.5,   0.2,  -1.6, -72.8, -18.7,1053.4,  -1.5,   1.5
234752,  -0.4,   2.4,   0.3,  -2.5, 164.7, 938.9,  -1.1,   1.8
234780,  -0.9,   2.4,  -0.3,-177.5, -20.2, 952.1,  -1.1,   1.5
234804,   0.2,   0.4,   0.6, -50.3, -36.8, 972.1,  -1.0,   1.7
234828,  -0.7,  -1.7,   0.9,  86.9, -39.0,1019.4,  -1.0,   1.4
234852,  -0.7,   0.8,   0.1, -96.0, -36.8,1005.8,  -1.1,   1.5
234880,  -0.2,  -1.2,  -1.0,   3.6, -32.6,1043.4,  -1.2,   1.6
234904,   0.6,   0.7,  -1.7, -88.2,   9.9,1047.5,  -1.1,   1.8
234928,  -0.2,  -1.7,  -0.2, -68.7, -12.1, 982.6,  -1.1,   1.8
234952,  -0.5,   0.3,   0.9,   8.0, -21.9, 982.8,  -1.0,   1.7
234980,  -0.6,   1.2,   3.4, -72.6,  17.7, 998.2,  -0.9,   1.7
235008,  -1.6,   0.7,   3.7,-132.4,-205.7,1039.5,  -1.1,   1.8
235028,   2.6,   4.8,   4.6,-206.1, 471.3, 251.1,  -0.0,   2.3
235052,  -0.5,   4.4,  -1.9,  -7.4,-235.0,1103.2,  -1.4,   1.7
235080,   0.0,  -3.8,  -2.0,  41.5, -85.3, 987.5,  -2.0,   1.9
235104,   0.9,  -0.7,  -1.7, 118.4,  55.8,1014.3,  -1.7,   1.6
235128,   0.4,  -0.7,   0.1,-230.5, -22.1, 980.4,  -1.5,   2.2
235152,   0.2,  -1.3,   1.6, -74.3,   1.6, 979.4,  -1.3,   2.5
235180,  -0.2,  -1.5,   1.5,   1.7, 162.0,1059.5,  -0.5,   2.2
235204,   1.6,  -8.9,   3.1, 880.1,-184.2, 528.7,  -1.7,   1.7
235228,   3.1,  -2.5,  -2.7,  94.4,-168.8, 923.0,  -1.9,   1.4
235252,  -0.8,  12.7,  -1.9,-991.3, 125.1, 821.4,  -0.8,   2.9
235280,  -0.4,  -7.9,   0.7, 191.4,-129.0,1146.2,  -0.5,   2.8
235304,   0.8,   1.5,  -2.4,-240.5,-128.1,1006.0,  -1.3,   2.8
235328,   0.1,  -3.1,   0.1,  92.2,  53.1,1032.1,  -1.3,   2.1
235354,  -0.2,  -0.1,   0.4,  21.7,  89.2,1003.8,  -0.8,   1.9
235378,  -1.0,   1.1,   0.3, -49.6,   8.2, 990.4,  -0.7,   2.0
235402,  -0.9,  -0.6,   0.6,  24.6, -39.0,1007.7,  -0.8,   2.0
235430,  -0.5,   0.7,   0.6, -25.4, -25.8, 984.5,  -0.8,   1.9
235454,  -0.5,  -1.4,   0.3, -37.9, -82.2,1008.0,  -0.9,   1.9
235478,   0.4,  -1.0,  -0.3, -47.9, -49.5, 971.8,  -1.1,   2.0
235506,  -0.2,  -0.8,  -0.8, -35.7, -42.6, 993.1,  -1.1,   2.0
235530,   0.4,  -2.0,  -0.0, -22.8, -39.4,1004.8,  -1.2,   2.0
235554,   0.5,  -0.4,  -0.4, -36.4, -33.8,1022.9,  -1.4,   2.0
235578,   1.0,  -0.6,   0.1,  -4.4, -34.3,1004.5,  -1.5,   1.9
235602,   0.7,  -1.2,  -0.4, -13.7, -36.5,1005.0,  -1.5,   1.9
235630,   0.6,  -1.0,  -0.7, -89.9,   5.5,1022.9,  -1.5,   1.7
235654,  -0.2,  -1.5,   0.4,  19.0, -59.0, 996.7,  -1.5,   1.7
235678,   0.4,  -1.0,  -0.7, -85.5,  -8.4,1026.5,  -1.3,   1.7
235702,   0.7,  -1.8,  -0.5,  -0.0,  -9.7,1008.9,  -1.3,   1.7
235730,   0.6,  -0.3,  -0.5, -87.0,  11.8, 999.9,  -1.2,   1.6
235754,   0.1,  -0.7,  -1.1, -16.2,  -1.1, 975.7,  -1.1,   1.5
235778,   0.1,  -0.9,  -0.4,  13.6,  -9.7,1028.5,  -1.0,   1.3
235806,  -0.3,   1.1,   0.3,  -6.2, -16.3, 986.5,  -0.9,   1.1
235830,  -1.2,   2.2,   0.3, -57.4, -20.6, 997.2,  -0.8,   1.2
235854,  -0.6,   1.3,   0.5,  -5.4,  -8.9,1015.8,  -0.9,   1.2
235878,  -0.2,   1.1,   0.7, -81.6, -19.9, 987.0,  -0.9,   1.3
235906,  -0.9,  -0.3,   0.0,  15.1, -41.2,1005.5,  -1.0,   1.3
235930,  -0.7,   1.1,  -0.3, -72.1, -19.2,1005.3,  -1.0,   1.4
235954,   1.1,  -1.5,  -0.0,  36.6,  -7.7,1039.7,  -1.1,   1.5
235978,  -1.2,  -0.4,   0.0, -21.8, -62.9,1033.4,  -1.2,   1.5
236006,   0.0,   0.4,   0.2, -22.8, -49.5,1007.2,  -1.2,   1.5
236030,  -0.7,  -0.1,  -0.2,  21.2, -17.7,1101.0,  -1.2,   1.4
236054,  -0.1,  -0.6,   0.2, -63.3,  -3.1, 994.8,  -1.3,   1.5
236078,   0.1,  -1.0,  -0.5, -29.6, -11.6, 997.5,  -1.3,   1.5
236106,   0.9,  -1.5,   0.1, -14.0, -31.4, 986.5,  -1.3,   1.4
236130,   2.0,  -2.0,  -0.0,  33.2, 137.6,1087.8,  -1.3,   1.4
236154,   0.1,  -0.3,  -0.2,  11.4, -29.0,1009.9,  -1.3,   1.3
236178,   0.7,  -0.5,  -0.3, -57.7,  43.8,1027.3,  -1.3,   1.4
236206,   0.4,  -1.8,   0.8,   2.6,   9.9,1035.3,  -1.2,   1.3
236230,  -0.2,  -0.4,   0.1, -10.1, -19.7,1008.0,  -1.1,   1.3
236254,  -0.2,   0.8,   0.4,   4.6,  82.9,1069.2,  -1.1,   1.3
236278,  -0.9,  -1.1,  -0.2,  12.4, -18.0,1042.9,  -1.1,   1.3
236306,  -0.4,  -0.9,   0.4, -24.7, -35.3, 996.5,  -1.1,   1.3
236330,  -0.1,  -0.3,  -0.2, -19.8, -26.0,1014.8,  -1.1,   1.3
236354,  -0.1,  -0.6,  -0.8, -62.1, -19.9,1037.0,  -1.1,   1.4
236378,  -0.2,  -1.8,  -0.7,  -2.2, -12.1, 999.7,  -1.1,   1.3
236406,  -0.8,   0.1,  -0.1, -35.0, -43.4, 994.1,  -1.2,   1.4
236430,  -0.2,   1.6,   0.1, -37.9, -29.2,1019.2,  -1.2,   1.4
236454,  -0.1,   0.4,  -0.2, -39.4, -39.0,1001.4,  -1.3,   1.4
236478,   0.3,  -0.3,   0.0, -32.3, -21.6,1000.9,  -1.3,   1.4
236506,  -0.7,  -0.5,  -0.2, -17.4, -12.8,1000.2,  -1.3,   1.4
236530,   0.0,  -0.6,   0.3, -19.8, -15.5, 998.2,  -1.3,   1.4
236554,   0.4,  -0.3,   0.2, -26.4, -21.4, 988.7,  -1.3,   1.4
236578,  -0.5,   0.2,   0.3, -35.2,  -9.2, 991.1,  -1.2,   1.5
236606,  -0.4,  -1.2,  -0.4, -31.3, -24.3,1014.6,  -1.2,   1.5
236630,   0.1,   1.0,   0.2, -29.1, -20.9, 994.8,  -1.2,   1.5
236654,  -0.3,  -0.7,  -0.2, -35.2, -15.5,1013.1,  -1.2,   1.5
236678,   0.0,  -1.5,  -0.5, -22.0,  -9.4,1012.4,  -1.2,   1.5
236706,  -0.4,  -1.1,  -0.1, -18.8, -23.1,1009.9,  -1.2,   1.5
236730,   1.0,  -1.2,  -0.0, -34.5, -28.7,1005.3,  -1.2,   1.5
236754,   1.2,  -0.5,  -0.1, -39.4, -13.3, 998.9,  -1.2,   1.5
236778,   1.3,  -1.2,  -0.4, -27.9, -35.8,1001.4,  -1.2,   1.5
236806,   0.9,  -1.2,  -0.0, -34.5, -27.2,1010.2,  -1.2,   1.5
236830,   0.6,   0.3,  -0.5, -36.9, -15.0,1012.1,  -1.1,   1.5
236854,   2.3,  -2.9,  -0.4, -27.4, -33.8, 996.7,  -1.1,   1.5
236882,   1.9,  -1.7,  -0.2, -33.0, -13.1,1006.7,  -1.1,   1.4
236906,   1.4,  -2.1,  -0.2, -40.8, 157.8,1131.5,  -0.9,   1.4
236930,   0.4,  -1.2,  -0.1, -34.0, -32.4,1010.4,  -0.8,   1.3
236956,   3.4,  -1.0,  -0.2, -32.3,   3.8,1007.5,  -0.8,   1.3
236980,   1.5,  -2.4,  -0.5, -30.1,  -4.8,1001.9,  -0.7,   1.4
237008,  -0.4,   0.5,  -0.5, -19.3, -18.0, 998.2,  -0.7,   1.4
237032,  -1.2,  -0.1,  -0.7, -27.1,  -7.0, 992.1,  -0.7,   1.4
237056,   0.2,  -1.5,  -0.6, -23.0, -24.6,1012.4,  -0.7,   1.4
237080,   0.6,  -0.5,  -0.3, -35.4, -26.8,1010.2,  -0.7,   1.4
237104,   0.9,   1.1,  -0.0, -21.3, -12.6,1000.9,  -0.7,   1.3
237132,  -0.3,  -0.4,  -0.3, -33.3, -20.4,1014.8,  -0.7,   1.4
237156,   1.3,  -2.3,   0.1, -20.8,  -7.2,1002.6,  -0.7,   1.4
237180,   1.4,  -2.0,  -0.0,  -8.6,  -7.0,1004.1,  -0.7,   1.3
237204,   0.4,  -1.9,  -0.8, -30.8, -12.3, 997.0,  -0.7,   1.3
237232,  -1.1,   0.2,  -0.2, -19.6, -15.3,1006.0,  -0.7,   1.3
237256,   0.4,  -0.5,  -1.3, -27.1, -20.6,1015.3,  -0.7,   1.3
237280,   0.5,  -0.9,  -0.2, -29.3, -25.8,1014.6,  -0.7,   1.3
237304,   0.5,  -0.3,  -0.3, -12.0, -15.0,1018.7,  -0.7,   1.2
237332,   0.2,  -0.9,  -0.1, -27.6, -10.2, 999.7,  -0.7,   1.2
237356,  -0.7,   0.8,   0.3, -19.1,  -3.8,1001.9,  -0.7,   1.3
237380,  -0.3,  -0.8,  -0.2, -26.7, -20.6,1010.2,  -0.7,   1.3
237404,  -0.2,  -1.5,  -0.3, -17.9,   4.0, 986.2,  -0.6,   1.3
237432,  -0.4,  -1.0,  -0.6,   5.8,  -5.0,1000.6,  -0.7,   1.2
237456,  -0.2,   0.8,  -0.3, -24.5, -10.9,1010.2,  -0.7,   1.2
237480,  -0.1,  -0.5,   0.3, -37.2, -24.3,1008.9,  -0.7,   1.2
237508,  -0.4,   1.8,  -0.7, -27.1, -19.7, 997.0,  -0.7,   1.3
237532,  -0.3,   1.1,  -0.3, -27.1,  -0.6, 995.3,  -0.7,   1.3
237556,  -0.2,   1.0,  -0.2, -11.8, -19.4,1021.4,  -0.8,   1.3
237580,  -2.0,   0.3,  -0.2, -28.1,  -9.2, 996.2,  -0.8,   1.3
237604,  -4.5,  -0.3,  -0.3, -10.3,  17.4,1023.6,  -0.7,   1.3
237632,  -5.0,   2.7,  -0.1, -38.1, -11.6,1013.6,  -0.9,   1.3
